Tags,Ticket,Open Date,Close Date,Symbol,Action,Units/Lots,SL,TP,Open Price,Close Price,Commission,Swap,Pips,Profit,Gain,Comment,Magic Number,Duration (DD:HH:MM:SS),Profitable(%),Profitable(time duration),Drawdown,Risk:Reward,Max(pips),Max(USD),Min(pips),Min(USD),Entry Accuracy(%),Exit Accuracy(%),ProfitMissed(pips),ProfitMissed(USD)
,67198253,06/02/2019 11:21,,,Withdrawal,0.010,0.00000,0.00000,0.00000,0.00000,0.0000,0.0000,0.0,-0.98,0,"Transfer to 20080682 #5590381",0,00:00:00:00,,,,,,,,,,,,
,65839296,05/01/2019 10:46,,,Withdrawal,0.010,0.00000,0.00000,0.00000,0.00000,0.0000,0.0000,0.0,-138.00,0,"Transfer to 20077135 #5434301",0,00:00:00:00,,,,,,,,,,,,
,65828899,05/01/2019 03:38,,,Deposit,0.010,0.00000,0.00000,0.00000,0.00000,0.0000,0.0000,0.0,136.04,0,"Rebate",0,00:00:00:00,,,,,,,,,,,,
,65825888,05/01/2019 01:44,,,Deposit,0.010,0.00000,0.00000,0.00000,0.00000,0.0000,0.0000,0.0,1.61,0,"IR #46",0,00:00:00:00,,,,,,,,,,,,
,65825133,05/01/2019 01:42,,,Deposit,0.010,0.00000,0.00000,0.00000,0.00000,0.0000,0.0000,0.0,0.42,0,"IR #46 VIP",0,00:00:00:00,,,,,,,,,,,,
,65036422,04/12/2019 14:17,,,Withdrawal,0.010,0.00000,0.00000,0.00000,0.00000,0.0000,0.0000,0.0,-31.00,0,"Transfer to 20074737 #5361783",0,00:00:00:00,,,,,,,,,,,,
,64624095,04/08/2019 11:25,04/08/2019 13:41,EURUSD,Sell,0.500,0.00000,0.00000,1.12303,1.12436,0.0000,0.0000,-13.3,-66.50,-67.57,"[stopout]",0,00:02:16:13,0.0,0s,16.6,16.61,0.0,0.0,-16.6,-83.0,0.0,19.9,-13.30,-66.50
,64623678,04/08/2019 11:19,04/08/2019 13:41,EURUSD,Sell,1.000,0.00000,0.00000,1.12266,1.12436,0.0000,0.0000,-17.0,-170.00,-63.34,"[stopout]",0,00:02:22:19,0.0,0s,20.8,20.83,0.0,0.0,-20.8,-208.0,0.0,18.3,-17.00,-170.00
,64594694,04/08/2019 00:12,,,Deposit,0.010,0.00000,0.00000,0.00000,0.00000,0.0000,0.0000,0.0,163.00,0,"Transfer from 36278 #5338667",0,00:00:00:00,,,,,,,,,,,,
,64550862,04/05/2019 15:17,04/05/2019 15:30,EURUSD,Sell,2.000,0.00000,0.00000,1.12308,1.12446,0.0000,0.0000,-13.8,-276.00,-72.36,"[stopout]",0,00:00:12:39,0.0,0s,13.8,13.81,0.0,0.0,-13.8,-276.0,0.0,0.0,-13.80,-276.00
,64550203,04/05/2019 15:08,04/05/2019 15:30,EURUSD,Sell,2.000,0.00000,0.00000,1.12286,1.12446,0.0000,0.0000,-16.0,-320.00,-45.62,"[stopout]",0,00:00:21:22,0.0,0s,16.0,16.00,0.0,0.0,-16.0,-320.0,0.0,0.0,-16.00,-320.00
,64539913,04/05/2019 11:46,04/05/2019 15:30,EURUSD,Sell,2.000,0.00000,1.12100,1.12252,1.12446,0.0000,0.0000,-19.4,-388.00,-35.62,"[stopout]",0,00:03:43:14,12.2,27m,22.9,5.54,3.5,70.0,-19.4,-388.0,15.3,0.0,-22.90,-458.00
,64538435,04/05/2019 11:23,04/05/2019 15:00,EURUSD,Sell,1.000,0.00000,0.00000,1.12254,1.12261,0.0000,0.0000,-0.7,-7.00,-0.64,"",0,00:03:37:30,0.0,0s,0.7,0.70,0.0,0.0,-0.7,-7.0,0.0,0.0,-0.70,-7.00
,64548614,04/05/2019 11:26,04/05/2019 15:00,EURUSD,Sell,1.000,0.00000,1.12140,1.12273,1.12262,0.0000,0.0000,1.1,11.00,1.01,"from #64538786",0,00:03:33:37,0.5,1m,0.0,0.91,1.1,11.0,0.0,0.0,100.0,100.0,0.00,0.00
,64538786,04/05/2019 11:26,04/05/2019 14:41,EURUSD,Sell,2.000,0.00000,1.12140,1.12273,1.12273,0.0000,0.0000,0.0,0.00,0.00,"to #64548614",0,00:03:14:35,0.0,0s,0.0,1.00,0.0,0.0,0.0,0.0,0,0,0.00,0.00
,64540028,04/05/2019 11:51,04/05/2019 14:41,EURUSD,Sell,1.000,0.00000,0.00000,1.12283,1.12274,0.0000,0.0000,0.9,9.00,0.84,"",0,00:02:50:07,0.6,1m,0.0,1.11,0.9,9.0,0.0,0.0,100.0,100.0,0.00,0.00
,64514749,04/04/2019 23:00,04/04/2019 23:09,EURUSD,Buy,0.500,0.00000,0.00000,1.12252,1.12250,0.0000,0.0000,-0.2,-1.00,-0.09,"",0,00:00:08:54,0.0,0s,0.2,0.20,0.0,0.0,-0.2,-1.0,0.0,0.0,-0.20,-1.00
,64514131,04/04/2019 22:54,04/04/2019 23:09,EURUSD,Buy,2.000,0.00000,0.00000,1.12239,1.12250,0.0000,0.0000,1.1,22.00,2.08,"",0,00:00:14:27,6.7,58s,0.0,0.91,1.1,22.0,0.0,0.0,100.0,100.0,0.00,0.00
,64514745,04/04/2019 23:00,04/04/2019 23:08,EURUSD,Buy,0.500,0.00000,0.00000,1.12250,1.12263,0.0000,0.0000,1.3,6.50,0.62,"",0,00:00:08:00,12.5,1m,0.0,0.77,1.3,6.5,0.0,0.0,100.0,100.0,0.00,0.00
,64514124,04/04/2019 22:54,04/04/2019 23:08,EURUSD,Buy,5.000,0.00000,1.12350,1.12241,1.12262,0.0000,0.0000,2.1,105.00,11.12,"",0,00:00:13:40,7.2,59s,0.0,0.48,2.1,105.0,0.0,0.0,100.0,100.0,0.00,0.00
,64514074,04/04/2019 22:52,,,Deposit,0.010,0.00000,0.00000,0.00000,0.00000,0.0000,0.0000,0.0,79.40,0,"Transfer from 20050759 #5328731",0,00:00:00:00,,,,,,,,,,,,
,64514046,04/04/2019 22:51,,,Deposit,0.010,0.00000,0.00000,0.00000,0.00000,0.0000,0.0000,0.0,123.21,0,"Transfer from 20071059 #5328727",0,00:00:00:00,,,,,,,,,,,,
,64514036,04/04/2019 22:50,,,Deposit,0.010,0.00000,0.00000,0.00000,0.00000,0.0000,0.0000,0.0,734.00,0,"Transfer from 36278 #5328725",0,00:00:00:00,,,,,,,,,,,,
,64514021,04/04/2019 22:49,,,Deposit,0.010,0.00000,0.00000,0.00000,0.00000,0.0000,0.0000,0.0,6.41,0,"Transfer from 2981948 #5328721",0,00:00:00:00,,,,,,,,,,,,
,64327266,04/02/2019 23:38,,,Withdrawal,0.010,0.00000,0.00000,0.00000,0.00000,0.0000,0.0000,0.0,-1952.00,0,"Withdraw CC-REFUND USD #5318208",0,00:00:00:00,,,,,,,,,,,,
,64313200,04/02/2019 20:17,04/02/2019 23:35,EURUSD,Buy,1.000,0.00000,0.00000,1.12027,1.12006,0.0000,0.0000,-2.1,-21.00,-1.06,"",0,00:03:18:01,6.1,12m,3.1,2.10,1.0,10.0,-2.1,-21.0,32.3,0.0,-3.10,-31.00
,64307923,04/02/2019 19:46,04/02/2019 23:35,EURUSD,Buy,0.500,0.00000,0.00000,1.11974,1.12006,0.0000,0.0000,3.2,16.00,0.82,"",0,00:03:48:50,100.0,3h 48m,4.6,0.14,7.4,37.0,0.0,0.0,100.0,43.2,-4.20,-21.00
,64307785,04/02/2019 19:45,04/02/2019 23:35,EURUSD,Buy,0.500,0.00000,0.00000,1.11965,1.12006,0.0000,0.0000,4.1,20.50,1.06,"",0,00:03:50:07,100.0,3h 50m,4.6,0.12,8.3,41.5,0.0,0.0,100.0,49.4,-4.20,-21.00
,64307764,04/02/2019 19:45,04/02/2019 23:35,EURUSD,Buy,0.500,0.00000,0.00000,1.11964,1.12006,0.0000,0.0000,4.2,21.00,1.10,"",0,00:03:50:06,100.0,3h 50m,4.6,0.12,8.4,42.0,0.0,0.0,100.0,50.0,-4.20,-21.00
,64307748,04/02/2019 19:45,04/02/2019 23:35,EURUSD,Buy,0.500,0.00000,0.00000,1.11952,1.12005,0.0000,0.0000,5.3,26.50,1.40,"",0,00:03:50:06,100.0,3h 50m,4.6,0.10,9.6,48.0,0.0,0.0,100.0,55.2,-4.30,-21.50
,64307361,04/02/2019 19:45,04/02/2019 23:35,EURUSD,Buy,1.000,0.00000,0.00000,1.11948,1.12006,0.0000,0.0000,5.8,58.00,3.17,"",0,00:03:50:30,100.0,3h 50m,4.6,0.10,10.0,100.0,0.0,0.0,100.0,58.0,-4.20,-42.00
,64305274,04/02/2019 19:19,04/02/2019 23:35,EURUSD,Buy,0.500,0.00000,0.00000,1.11934,1.12006,0.0000,0.0000,7.2,36.00,2.00,"",0,00:04:15:39,100.0,4h 15m,4.6,0.09,11.4,57.0,0.0,0.0,100.0,63.2,-4.20,-21.00
,64305271,04/02/2019 19:19,04/02/2019 23:35,EURUSD,Buy,0.500,0.00000,0.00000,1.11938,1.12006,0.0000,0.0000,6.8,34.00,1.93,"",0,00:04:15:38,100.0,4h 15m,4.6,0.09,11.0,55.0,0.0,0.0,100.0,61.8,-4.20,-21.00
,64296745,04/02/2019 18:10,04/02/2019 23:35,EURUSD,Buy,1.000,0.00000,0.00000,1.11911,1.12006,0.0000,0.0000,9.5,95.00,5.70,"",0,00:05:24:47,100.0,5h 24m,4.6,0.07,13.7,137.0,0.0,0.0,100.0,69.3,-4.20,-42.00
,64296736,04/02/2019 18:10,04/02/2019 23:35,EURUSD,Buy,2.000,0.00000,0.00000,1.11912,1.12006,0.0000,0.0000,9.4,188.00,12.71,"",0,00:05:24:51,100.0,5h 24m,4.6,0.07,13.6,272.0,0.0,0.0,100.0,69.1,-4.20,-84.00
,64296732,04/02/2019 18:10,04/02/2019 23:35,EURUSD,Buy,5.000,0.00000,0.00000,1.11913,1.12006,0.0000,0.0000,9.3,465.00,45.86,"",0,00:05:24:54,100.0,5h 24m,4.6,0.07,13.5,675.0,0.0,0.0,100.0,68.9,-4.20,-210.00
,64289743,04/02/2019 17:37,,,Withdrawal,0.010,0.00000,0.00000,0.00000,0.00000,0.0000,0.0000,0.0,-496.00,0,"Cancellation of #64260236",0,00:00:00:00,,,,,,,,,,,,
,64263466,04/02/2019 12:22,04/02/2019 17:31,EURUSD,Buy,15.000,0.00000,0.00000,1.12029,1.11885,0.0000,0.0000,-14.4,-2160.00,-58.86,"[stopout]",0,00:05:09:05,7.2,22m,19.5,4.91,3.3,495.0,-16.2,-2430.0,16.9,9.2,-17.70,-2655.00
,64260409,04/02/2019 11:51,04/02/2019 17:31,EURUSD,Buy,15.000,0.00000,0.00000,1.11965,1.11885,0.0000,0.0000,-8.0,-1200.00,-24.64,"[stopout]",0,00:05:39:40,24.8,1h 24m,20.9,0.88,11.1,1665.0,-9.8,-1470.0,53.1,8.6,-19.10,-2865.00
,64260378,04/02/2019 11:51,04/02/2019 17:31,EURUSD,Buy,20.000,0.00000,1.13000,1.11961,1.11885,0.0000,0.0000,-7.6,-1520.00,-23.79,"[stopout]",0,00:05:40:04,24.8,1h 24m,20.9,0.82,11.5,2300.0,-9.4,-1880.0,55.0,8.6,-19.10,-3820.00
,64260337,04/02/2019 11:50,04/02/2019 17:31,EURUSD,Buy,20.000,0.00000,1.12780,1.11946,1.11885,0.0000,0.0000,-6.1,-1220.00,-16.03,"[stopout]",0,00:05:40:46,25.0,1h 25m,20.9,0.61,13.0,2600.0,-7.9,-1580.0,62.2,8.6,-19.10,-3820.00
,64260236,04/02/2019 11:50,,,Deposit,0.010,0.00000,0.00000,0.00000,0.00000,0.0000,0.0000,0.0,2500.00,0,"Share Bonus 50% - #64260235",0,00:00:00:00,,,,,,,,,,,,
,64260235,04/02/2019 11:50,,,Deposit,0.010,0.00000,0.00000,0.00000,0.00000,0.0000,0.0000,0.0,5000.00,0,"Deposit CARDPAY USD #5313979",0,00:00:00:00,,,,,,,,,,,,
,64257435,04/02/2019 11:15,04/02/2019 11:49,EURUSD,Buy,1.000,0.00000,0.00000,1.12049,1.11937,0.0000,0.0000,-11.2,-112.00,-50.48,"[stopout]",0,00:00:34:00,0.0,0s,11.2,11.21,0.0,0.0,-11.2,-112.0,0.0,0.0,-11.20,-112.00
,64256974,04/02/2019 11:11,04/02/2019 11:49,EURUSD,Buy,1.000,0.00000,0.00000,1.12024,1.11937,0.0000,0.0000,-8.7,-87.00,-28.17,"[stopout]",0,00:00:37:58,0.0,0s,8.7,8.70,0.0,0.0,-8.7,-87.0,0.0,0.0,-8.70,-87.00
,64250902,04/02/2019 10:22,04/02/2019 11:49,EURUSD,Buy,3.000,0.00000,0.00000,1.11974,1.11937,0.0000,0.0000,-3.7,-111.00,-26.44,"[stopout]",0,00:01:27:35,0.0,0s,3.7,3.70,0.0,0.0,-3.7,-111.0,0.0,0.0,-3.70,-111.00
,64203659,04/01/2019 19:34,04/02/2019 10:09,EURUSD,Buy,10.000,0.00000,0.00000,1.12074,1.11924,0.0000,-140.0000,-15.0,-1640.00,-79.62,"[stopout]",0,00:14:35:11,10.5,1h 31m,21.9,3.21,5.2,520.0,-16.7,-1670.0,23.7,7.8,-20.20,-2020.00
,64181818,04/01/2019 17:06,04/02/2019 10:09,EURUSD,Buy,8.000,0.00000,0.00000,1.12239,1.11924,0.0000,-112.0000,-31.5,-2632.00,-56.10,"[stopout]",0,00:17:03:17,0.0,0s,33.2,33.22,0.0,0.0,-33.2,-2656.0,0.0,5.1,-31.50,-2520.00
,64180922,04/01/2019 17:03,04/02/2019 10:09,EURUSD,Buy,8.000,0.00000,0.00000,1.12307,1.11924,0.0000,-112.0000,-38.3,-3176.00,-40.37,"[stopout]",0,00:17:06:56,0.0,0s,40.0,40.00,0.0,0.0,-40.0,-3200.0,0.0,4.3,-38.30,-3064.00
,64164292,04/01/2019 14:22,04/02/2019 10:09,EURUSD,Buy,5.000,0.00000,0.00000,1.12381,1.11924,0.0000,-70.0000,-45.7,-2355.00,-23.04,"[stopout]",0,00:19:47:51,0.0,0s,45.7,45.87,0.0,0.0,-45.7,-2285.0,0.0,0.0,-45.70,-2285.00
,64172108,04/01/2019 15:50,04/01/2019 16:57,EURUSD,Buy,5.000,0.00000,0.00000,1.12374,1.12385,0.0000,0.0000,1.1,55.00,0.54,"",0,00:01:07:00,1.5,1m,0.0,0.91,1.1,55.00000000000001,0.0,0.0,100.0,100.0,0.00,0.00
,64164301,04/01/2019 14:22,04/01/2019 16:57,EURUSD,Buy,5.000,0.00000,0.00000,1.12382,1.12387,0.0000,0.0000,0.5,25.00,0.25,"",0,00:02:35:19,0.7,1m,0.0,2.00,0.5,25.0,0.0,0.0,100.0,100.0,0.00,0.00
,64165859,04/01/2019 14:53,04/01/2019 15:42,EURUSD,Buy,5.000,0.00000,0.00000,1.12336,1.12379,0.0000,0.0000,4.3,215.00,2.17,"",0,00:00:48:46,2.1,1m,0.0,0.23,4.3,215.0,0.0,0.0,100.0,100.0,0.00,0.00
,64132652,04/01/2019 09:14,04/01/2019 11:53,EURUSD,Buy,5.000,0.00000,0.00000,1.12370,1.12416,0.0000,0.0000,4.6,230.00,2.37,"",0,00:02:38:26,0.7,1m,0.0,0.22,4.6,229.99999999999997,0.0,0.0,100.0,100.0,0.00,0.00
,64132324,04/01/2019 09:08,04/01/2019 11:52,EURUSD,Buy,10.000,0.00000,0.00000,1.12376,1.12416,0.0000,0.0000,4.0,400.00,4.30,"",0,00:02:44:10,0.7,1m,0.0,0.25,4.0,400.0,0.0,0.0,100.0,100.0,0.00,0.00
,64132842,04/01/2019 09:16,04/01/2019 11:52,EURUSD,Buy,3.000,0.00000,0.00000,1.12364,1.12416,0.0000,0.0000,5.2,156.00,1.71,"",0,00:02:36:29,0.7,1m,0.0,0.19,5.2,156.0,0.0,0.0,100.0,100.0,0.00,0.00
,64113248,04/01/2019 04:54,,,Deposit,0.010,0.00000,0.00000,0.00000,0.00000,0.0000,0.0000,0.0,1981.94,0,"VIP Rebate",0,00:00:00:00,,,,,,,,,,,,
,64113247,04/01/2019 04:54,,,Deposit,0.010,0.00000,0.00000,0.00000,0.00000,0.0000,0.0000,0.0,6716.33,0,"Rebate",0,00:00:00:00,,,,,,,,,,,,
,64104665,04/01/2019 01:36,,,Deposit,0.010,0.00000,0.00000,0.00000,0.00000,0.0000,0.0000,0.0,325.73,0,"IR #45",0,00:00:00:00,,,,,,,,,,,,
,64104004,04/01/2019 01:35,,,Deposit,0.010,0.00000,0.00000,0.00000,0.00000,0.0000,0.0000,0.0,97.72,0,"IR #45 VIP",0,00:00:00:00,,,,,,,,,,,,
,64035268,03/29/2019 11:24,03/29/2019 11:35,EURUSD,Buy,1.000,0.00000,0.00000,1.12310,1.12197,0.0000,0.0000,-11.3,-113.00,-84.85,"[stopout]",0,00:00:10:52,0.0,0s,11.3,11.31,0.0,0.0,-11.3,-113.0,0.0,0.0,-11.30,-113.00
,64002513,03/28/2019 20:00,03/28/2019 21:18,EURUSD,Buy,2.000,0.00000,0.00000,1.12360,1.12218,0.0000,0.0000,-14.2,-284.00,-68.08,"[stopout]",0,00:01:17:37,0.0,0s,14.2,14.20,0.0,0.0,-14.2,-284.0,0.0,0.0,-14.20,-284.00
,63992408,03/28/2019 18:19,03/28/2019 21:18,EURUSD,Buy,1.000,0.00000,0.00000,1.12254,1.12218,0.0000,0.0000,-3.6,-36.00,-7.94,"[stopout]",0,00:02:59:27,0.0,0s,4.8,4.80,0.0,0.0,-4.8,-48.0,0.0,25.0,-3.60,-36.00
,63992391,03/28/2019 18:18,03/28/2019 21:18,EURUSD,Buy,3.000,0.00000,0.00000,1.12247,1.12218,0.0000,0.0000,-2.9,-87.00,-16.11,"[stopout]",0,00:02:59:40,0.6,1m,4.1,41.15,0.1,3.0,-4.1,-122.99999999999999,2.4,28.6,-3.00,-90.00
,63977345,03/28/2019 16:23,03/28/2019 18:18,EURUSD,Buy,3.000,0.00000,0.00000,1.12304,1.12189,0.0000,0.0000,-11.5,-345.00,-38.98,"[stopout]",0,00:01:54:28,0.0,0s,11.5,11.51,0.0,0.0,-11.5,-345.0,0.0,0.0,-11.50,-345.00
,63976865,03/28/2019 16:17,03/28/2019 18:18,EURUSD,Buy,3.000,0.00000,0.00000,1.12288,1.12189,0.0000,0.0000,-9.9,-297.00,-25.12,"[stopout]",0,00:02:00:47,0.0,0s,9.9,9.90,0.0,0.0,-9.9,-297.0,0.0,0.0,-9.90,-297.00
,63976030,03/28/2019 16:05,03/28/2019 18:18,EURUSD,Buy,3.000,0.00000,0.00000,1.12266,1.12189,0.0000,0.0000,-7.7,-231.00,-16.35,"[stopout]",0,00:02:12:07,0.0,0s,7.7,7.70,0.0,0.0,-7.7,-231.0,0.0,0.0,-7.70,-231.00
,63975775,03/28/2019 16:04,03/28/2019 18:18,EURUSD,Buy,3.000,0.00000,0.00000,1.12251,1.12189,0.0000,0.0000,-6.2,-186.00,-11.63,"[stopout]",0,00:02:13:43,0.0,0s,6.2,6.20,0.0,0.0,-6.2,-186.0,0.0,0.0,-6.20,-186.00
,63974703,03/28/2019 16:00,03/28/2019 18:18,EURUSD,Buy,2.000,0.00000,0.00000,1.12223,1.12189,0.0000,0.0000,-3.4,-68.00,-4.08,"[stopout]",0,00:02:17:36,0.0,0s,3.4,3.40,0.0,0.0,-3.4,-68.0,0.0,0.0,-3.40,-68.00
,63972966,03/28/2019 15:52,03/28/2019 18:18,EURUSD,Buy,3.000,0.00000,0.00000,1.12209,1.12189,0.0000,0.0000,-2.0,-60.00,-3.47,"[stopout]",0,00:02:25:02,0.0,0s,2.0,2.00,0.0,0.0,-2.0,-60.0,0.0,0.0,-2.00,-60.00
,63972423,03/28/2019 15:48,03/28/2019 18:18,EURUSD,Buy,1.000,0.00000,0.00000,1.12180,1.12189,0.0000,0.0000,0.9,9.00,0.52,"[stopout]",0,00:02:29:23,0.7,1m,0.0,1.11,0.9,9.0,0.0,0.0,100.0,100.0,0.00,0.00
,63970972,03/28/2019 15:42,03/28/2019 18:18,EURUSD,Buy,3.000,0.00000,0.00000,1.12184,1.12189,0.0000,0.0000,0.5,15.00,0.88,"[stopout]",0,00:02:35:05,0.7,1m,0.0,2.00,0.5,15.0,0.0,0.0,100.0,100.0,0.00,0.00
,63970940,03/28/2019 15:42,03/28/2019 18:18,EURUSD,Buy,8.000,0.00000,0.00000,1.12180,1.12189,0.0000,0.0000,0.9,72.00,4.41,"[stopout]",0,00:02:35:13,0.7,1m,0.0,1.11,0.9,72.0,0.0,0.0,100.0,100.0,0.00,0.00
,63951065,03/28/2019 13:38,03/28/2019 15:42,EURUSD,Buy,8.000,0.00000,0.00000,1.12305,1.12146,0.0000,0.0000,-15.9,-1272.00,-43.81,"[stopout]",0,00:02:04:07,0.0,0s,15.9,15.92,0.0,0.0,-15.9,-1272.0,0.0,0.0,-15.90,-1272.00
,63935643,03/28/2019 05:53,03/28/2019 15:42,EURUSD,Buy,5.000,0.00000,0.00000,1.12558,1.12146,0.0000,0.0000,-41.2,-2060.00,-41.51,"from #63905873",0,00:09:49:07,8.5,50m,45.2,10.31,4.0,200.0,-41.2,-2060.0,8.8,0.0,-45.20,-2260.00
,63844720,03/27/2019 15:14,03/28/2019 15:42,EURUSD,Buy,5.000,0.00000,1.12950,1.12637,1.12146,0.0000,-90.0000,-49.1,-2545.00,-33.90,"[stopout]",0,01:00:28:18,1.1,16m,50.4,37.88,1.3,65.0,-49.1,-2455.0,2.6,0.0,-50.40,-2520.00
,63772426,03/26/2019 20:51,03/28/2019 15:42,EURUSD,Buy,5.000,0.00000,1.12950,1.12785,1.12146,0.0000,-120.0000,-63.9,-3315.00,-30.63,"[stopout]",0,01:18:51:19,3.4,1h 27m,69.8,10.83,5.9,295.0,-63.9,-3195.0,8.5,0.0,-69.80,-3490.00
,63767677,03/26/2019 19:27,03/28/2019 15:42,EURUSD,Buy,5.000,0.00000,1.13100,1.12827,1.12146,0.0000,-120.0000,-68.1,-3525.00,-24.57,"[stopout]",0,01:20:15:17,0.6,15m,69.8,40.16,1.7,85.0,-68.1,-3404.9999999999995,2.4,0.0,-69.80,-3490.00
,63738394,03/26/2019 14:49,03/28/2019 15:42,EURUSD,Buy,10.000,0.00000,1.12950,1.12935,1.12146,0.0000,-240.0000,-78.9,-8130.00,-36.17,"[stopout]",0,02:00:52:44,0.2,5m,79.3,200.00,0.4,40.0,-78.9,-7890.000000000001,0.5,0.0,-79.30,-7930.00
,63737697,03/26/2019 14:40,03/28/2019 15:42,EURUSD,Buy,15.000,0.00000,1.12980,1.12968,1.12146,0.0000,-360.0000,-82.2,-12690.00,-36.08,"[stopout]",0,02:01:01:40,0.0,0s,82.2,82.64,0.0,0.0,-82.2,-12330.0,0.0,0.0,-82.20,-12330.00
,63736170,03/26/2019 14:30,03/28/2019 15:42,EURUSD,Buy,5.000,0.00000,1.13100,1.13023,1.12146,0.0000,-120.0000,-87.7,-4505.00,-11.36,"[stopout]",0,02:01:11:50,0.0,0s,87.7,87.72,0.0,0.0,-87.7,-4385.0,0.0,0.0,-87.70,-4385.00
,63733014,03/26/2019 14:11,03/28/2019 15:42,EURUSD,Buy,10.000,0.00000,1.13100,1.13096,1.12146,0.0000,-240.0000,-95.0,-9740.00,-19.71,"[stopout]",0,02:01:30:45,0.0,0s,95.0,95.24,0.0,0.0,-95.0,-9500.0,0.0,0.0,-95.00,-9500.00
,63732285,03/26/2019 14:04,03/28/2019 15:42,EURUSD,Buy,3.000,0.00000,0.00000,1.13113,1.12146,0.0000,-72.0000,-96.7,-2973.00,-5.68,"[stopout]",0,02:01:37:50,0.0,0s,96.7,97.09,0.0,0.0,-96.7,-2901.0,0.0,0.0,-96.70,-2901.00
,63732213,03/26/2019 14:03,03/28/2019 15:42,EURUSD,Buy,3.000,0.00000,1.13150,1.13122,1.12146,0.0000,-72.0000,-97.6,-3000.00,-5.42,"[stopout]",0,02:01:39:18,0.0,0s,97.6,98.04,0.0,0.0,-97.6,-2928.0,0.0,0.0,-97.60,-2928.00
,63732174,03/26/2019 14:02,03/28/2019 15:42,EURUSD,Buy,3.000,0.00000,1.13250,1.13115,1.12146,0.0000,-72.0000,-96.9,-2979.00,-5.10,"[stopout]",0,02:01:39:38,0.0,0s,96.9,97.09,0.0,0.0,-96.9,-2907.0,0.0,0.0,-96.90,-2907.00
,63905873,03/28/2019 05:53,03/28/2019 11:26,EURUSD,Buy,5.000,0.00000,0.00000,1.12558,1.12562,0.0000,0.0000,0.4,20.00,0.03,"to #63935643",0,00:05:33:06,15.1,50m,24.9,5.23,4.0,200.0,-20.9,-1045.0,16.1,85.5,-3.60,-180.00
,63921424,03/28/2019 10:00,03/28/2019 10:59,EURUSD,Buy,10.000,0.00000,0.00000,1.12408,1.12516,0.0000,0.0000,10.8,1080.00,1.89,"",0,00:00:59:20,1.7,1m,0.0,0.09,10.8,1080.0,0.0,0.0,100.0,100.0,0.00,0.00
,63921399,03/28/2019 10:00,03/28/2019 10:36,EURUSD,Buy,10.000,0.00000,0.00000,1.12397,1.12434,0.0000,0.0000,3.7,370.00,0.65,"",0,00:00:36:21,2.8,1m,0.0,0.27,3.7,370.0,0.0,0.0,100.0,100.0,0.00,0.00
,63924196,03/28/2019 10:12,,,Deposit,0.010,0.00000,0.00000,0.00000,0.00000,0.0000,0.0000,0.0,3000.00,0,"Transfer from 20063993 #5289500",0,00:00:00:00,,,,,,,,,,,,
,63920149,03/28/2019 09:59,,,Deposit,0.010,0.00000,0.00000,0.00000,0.00000,0.0000,0.0000,0.0,6000.00,0,"Transfer from 20063993 #5289410",0,00:00:00:00,,,,,,,,,,,,
,63868438,03/27/2019 18:33,03/27/2019 21:01,EURUSD,Buy,5.000,0.00000,1.13100,1.12553,1.12621,0.0000,0.0000,6.8,340.00,0.71,"",0,00:02:27:53,0.7,1m,0.0,0.15,6.8,340.0,0.0,0.0,100.0,100.0,0.00,0.00
,63868418,03/27/2019 18:32,03/27/2019 19:02,EURUSD,Buy,5.000,0.00000,0.00000,1.12558,1.12629,0.0000,0.0000,7.1,355.00,0.75,"",0,00:00:29:10,3.4,59s,0.0,0.14,7.1,355.0,0.0,0.0,100.0,100.0,0.00,0.00
,63859140,03/27/2019 17:11,03/27/2019 17:20,EURUSD,Buy,10.000,0.00000,0.00000,1.12469,1.12493,0.0000,0.0000,2.4,240.00,0.51,"",0,00:00:08:58,11.2,1m,0.0,0.42,2.4,240.0,0.0,0.0,100.0,100.0,0.00,0.00
,63858158,03/27/2019 17:03,,,Deposit,0.010,0.00000,0.00000,0.00000,0.00000,0.0000,0.0000,0.0,6000.00,0,"Transfer from 20063993 #5286008",0,00:00:00:00,,,,,,,,,,,,
,63771659,03/26/2019 20:30,03/27/2019 11:45,EURUSD,Buy,5.000,0.00000,1.12950,1.12782,1.12818,0.0000,-30.0000,3.6,150.00,0.37,"",0,00:15:14:13,20.3,3h 5m,31.0,4.43,7.0,350.0,-31.0,-1550.0,18.4,91.1,-3.40,-170.00
,63771640,03/26/2019 20:30,03/27/2019 11:44,EURUSD,Buy,5.000,0.00000,0.00000,1.12778,1.12824,0.0000,-30.0000,4.6,200.00,0.49,"",0,00:15:13:57,20.3,3h 5m,30.6,4.14,7.4,370.0,-30.6,-1530.0,19.5,92.6,-2.80,-140.00
,63762795,03/26/2019 18:03,03/26/2019 18:50,EURUSD,Buy,15.000,0.00000,0.00000,1.12819,1.12886,0.0000,0.0000,6.7,1005.00,2.54,"",0,00:00:47:31,2.2,1m,0.0,0.15,6.7,1005.0,0.0,0.0,100.0,100.0,0.00,0.00
,63746570,03/26/2019 15:48,03/26/2019 16:06,EURUSD,Buy,15.000,0.00000,0.00000,1.12847,1.12896,0.0000,0.0000,4.9,735.00,1.89,"",0,00:00:18:34,5.6,1m,0.0,0.20,4.9,735.0,0.0,0.0,100.0,100.0,0.00,0.00
,63732936,03/26/2019 14:10,03/26/2019 14:11,EURUSD,Sell,5.000,0.00000,0.00000,1.13073,1.13098,0.0000,0.0000,-2.5,-125.00,-0.32,"",0,00:00:01:01,,,,,,,,,,,,
,63727067,03/26/2019 13:15,03/26/2019 13:32,EURUSD,Sell,5.000,0.00000,0.00000,1.13205,1.13176,0.0000,0.0000,2.9,145.00,0.37,"",0,00:00:16:33,5.9,58s,0.0,0.34,2.9,145.0,0.0,0.0,100.0,100.0,0.00,0.00
,63727279,03/26/2019 13:19,03/26/2019 13:29,EURUSD,Sell,5.000,0.00000,0.00000,1.13216,1.13178,0.0000,0.0000,3.8,190.00,0.49,"",0,00:00:09:58,10.0,59s,0.0,0.26,3.8,190.0,0.0,0.0,100.0,100.0,0.00,0.00
,63711865,03/26/2019 11:19,03/26/2019 11:25,EURUSD,Buy,5.000,0.00000,0.00000,1.13121,1.13122,0.0000,0.0000,0.1,5.00,0.01,"",0,00:00:05:25,16.7,54s,0.0,9.99,0.1,5.0,0.0,0.0,100.0,100.0,0.00,0.00
,63708175,03/26/2019 10:25,03/26/2019 11:25,EURUSD,Buy,5.000,0.00000,0.00000,1.13108,1.13117,0.0000,0.0000,0.9,45.00,0.12,"",0,00:00:59:36,1.7,1m,0.0,1.11,0.9,45.0,0.0,0.0,100.0,100.0,0.00,0.00
,63708200,03/26/2019 10:25,03/26/2019 11:14,EURUSD,Buy,5.000,0.00000,0.00000,1.13103,1.13105,0.0000,0.0000,0.2,10.00,0.03,"",0,00:00:48:34,2.1,1m,0.0,5.00,0.2,10.0,0.0,0.0,100.0,100.0,0.00,0.00
,63709334,03/26/2019 10:40,03/26/2019 11:14,EURUSD,Buy,5.000,0.00000,0.00000,1.13071,1.13105,0.0000,0.0000,3.4,170.00,0.44,"",0,00:00:33:21,3.0,1m,0.0,0.29,3.4,170.0,0.0,0.0,100.0,100.0,0.00,0.00
,63702334,03/26/2019 09:03,03/26/2019 09:41,EURUSD,Buy,10.000,0.00000,0.00000,1.13127,1.13149,0.0000,0.0000,2.2,220.00,0.58,"from #63700379",0,00:00:37:56,100.0,37m,5.2,0.14,7.4,740.0,0.0,0.0,100.0,29.7,-5.20,-520.00
,63700379,03/26/2019 09:03,03/26/2019 09:37,EURUSD,Buy,5.000,0.00000,0.00000,1.13127,1.13129,0.0000,0.0000,0.2,10.00,0.03,"to #63702334",0,00:00:34:00,100.0,34m,7.2,0.14,7.4,370.0,0.0,0.0,100.0,2.7,-7.20,-360.00
,63701562,03/26/2019 09:26,03/26/2019 09:37,EURUSD,Buy,5.000,0.00000,0.00000,1.13116,1.13131,0.0000,0.0000,1.5,75.00,0.20,"",0,00:00:11:40,100.0,11m,6.9,0.12,8.4,420.0,0.0,0.0,100.0,17.9,-6.90,-345.00
,63700352,03/26/2019 09:03,03/26/2019 09:37,EURUSD,Buy,0.500,0.00000,0.00000,1.13123,1.13129,0.0000,0.0000,0.6,3.00,0.01,"",0,00:00:33:31,100.0,33m,7.2,0.13,7.8,39.0,0.0,0.0,100.0,7.7,-7.20,-36.00
,63662504,03/25/2019 17:47,03/25/2019 17:58,EURUSD,Sell,0.500,0.00000,0.00000,1.13271,1.13240,0.0000,0.0000,3.1,15.50,0.04,"",0,00:00:10:56,9.1,59s,0.0,0.32,3.1,15.5,0.0,0.0,100.0,100.0,0.00,0.00
,63662277,03/25/2019 17:44,03/25/2019 17:58,EURUSD,Sell,0.500,0.00000,0.00000,1.13263,1.13250,0.0000,0.0000,1.3,6.50,0.02,"",0,00:00:13:45,7.2,59s,0.0,0.77,1.3,6.5,0.0,0.0,100.0,100.0,0.00,0.00
,63662648,03/25/2019 17:49,03/25/2019 17:58,EURUSD,Sell,0.500,0.00000,0.00000,1.13280,1.13247,0.0000,0.0000,3.3,16.50,0.04,"",0,00:00:08:37,11.2,57s,0.0,0.30,3.3,16.5,0.0,0.0,100.0,100.0,0.00,0.00
,63662213,03/25/2019 17:43,03/25/2019 17:57,EURUSD,Sell,0.500,0.00000,0.00000,1.13263,1.13251,0.0000,0.0000,1.2,6.00,0.02,"",0,00:00:14:22,100.0,14m,3.6,0.21,4.8,24.0,0.0,0.0,100.0,25.0,-3.60,-18.00
,63662485,03/25/2019 17:47,03/25/2019 17:52,EURUSD,Sell,0.500,0.00000,0.00000,1.13283,1.13276,0.0000,0.0000,0.7,3.50,0.01,"",0,00:00:05:31,20.0,1m,0.0,1.43,0.7,3.5,0.0,0.0,100.0,100.0,0.00,0.00
,63657886,03/25/2019 17:06,03/25/2019 17:07,EURUSD,Buy,0.500,0.00000,0.00000,1.13249,1.13269,0.0000,0.0000,2.0,10.00,0.03,"",0,00:00:00:59,,,,,,,,,,,,
,63651749,03/25/2019 16:07,03/25/2019 16:35,EURUSD,Buy,3.000,0.00000,0.00000,1.13175,1.13207,0.0000,0.0000,3.2,96.00,0.25,"",0,00:00:27:38,3.6,59s,0.0,0.31,3.2,96.0,0.0,0.0,100.0,100.0,0.00,0.00
,63652057,03/25/2019 16:10,03/25/2019 16:35,EURUSD,Buy,3.000,0.00000,0.00000,1.13174,1.13205,0.0000,0.0000,3.1,93.00,0.25,"",0,00:00:25:09,4.0,1m,0.0,0.32,3.1,93.0,0.0,0.0,100.0,100.0,0.00,0.00
,63651694,03/25/2019 16:07,03/25/2019 16:35,EURUSD,Buy,5.000,0.00000,0.00000,1.13180,1.13205,0.0000,0.0000,2.5,125.00,0.33,"",0,00:00:28:02,3.6,1m,0.0,0.40,2.5,125.0,0.0,0.0,100.0,100.0,0.00,0.00
,63652327,03/25/2019 16:12,03/25/2019 16:33,EURUSD,Buy,3.000,0.00000,0.00000,1.13166,1.13169,0.0000,0.0000,0.3,9.00,0.02,"",0,00:00:21:08,4.8,1m,0.0,3.33,0.3,9.0,0.0,0.0,100.0,100.0,0.00,0.00
,63652508,03/25/2019 16:14,03/25/2019 16:32,EURUSD,Buy,3.000,0.00000,0.00000,1.13151,1.13179,0.0000,0.0000,2.8,84.00,0.22,"",0,00:00:17:58,5.6,1m,0.0,0.36,2.8,84.0,0.0,0.0,100.0,100.0,0.00,0.00
,63647659,03/25/2019 15:20,03/25/2019 15:33,EURUSD,Sell,2.000,0.00000,0.00000,1.13193,1.13151,0.0000,0.0000,4.2,84.00,0.22,"",0,00:00:13:11,7.7,1m,0.0,0.24,4.2,84.0,0.0,0.0,100.0,100.0,0.00,0.00
,63647777,03/25/2019 15:22,03/25/2019 15:33,EURUSD,Sell,5.000,0.00000,0.00000,1.13189,1.13149,0.0000,0.0000,4.0,200.00,0.54,"",0,00:00:11:37,9.1,1m,0.0,0.25,4.0,200.0,0.0,0.0,100.0,100.0,0.00,0.00
,63647678,03/25/2019 15:20,03/25/2019 15:31,EURUSD,Sell,5.000,0.00000,0.00000,1.13200,1.13173,0.0000,0.0000,2.7,135.00,0.36,"",0,00:00:10:48,9.1,58s,0.0,0.37,2.7,135.0,0.0,0.0,100.0,100.0,0.00,0.00
,63605521,03/25/2019 10:03,03/25/2019 10:16,EURUSD,Sell,1.000,0.00000,0.00000,1.13052,1.13007,0.0000,0.0000,4.5,45.00,0.12,"from #63602818",0,00:00:13:02,7.7,1m,0.0,0.22,4.5,45.0,0.0,0.0,100.0,100.0,0.00,0.00
,63602818,03/25/2019 10:03,03/25/2019 10:16,EURUSD,Sell,2.000,0.00000,0.00000,1.13052,1.12999,0.0000,0.0000,5.3,106.00,0.29,"to #63605521",0,00:00:12:55,7.7,59s,0.0,0.19,5.3,106.0,0.0,0.0,100.0,100.0,0.00,0.00
,63602796,03/25/2019 10:03,03/25/2019 10:14,EURUSD,Sell,0.400,0.00000,0.00000,1.13055,1.13014,0.0000,0.0000,4.1,16.40,0.04,"",0,00:00:11:14,9.1,1m,0.0,0.24,4.1,16.4,0.0,0.0,100.0,100.0,0.00,0.00
,63562452,03/22/2019 19:49,03/22/2019 19:59,EURUSD,Buy,0.500,0.00000,0.00000,1.12945,1.12958,0.0000,0.0000,1.3,6.50,0.02,"",0,00:00:10:47,100.0,10m,5.1,0.16,6.4,32.0,0.0,0.0,100.0,20.3,-5.10,-25.50
,63554159,03/22/2019 17:43,03/22/2019 17:53,EURUSD,Buy,5.000,0.00000,1.12980,1.12805,1.12826,0.0000,0.0000,2.1,105.00,0.28,"",0,00:00:10:19,10.0,1m,0.0,0.48,2.1,105.0,0.0,0.0,100.0,100.0,0.00,0.00
,63553653,03/22/2019 17:34,03/22/2019 17:53,EURUSD,Buy,5.000,0.00000,0.00000,1.12816,1.12826,0.0000,0.0000,1.0,50.00,0.14,"",0,00:00:18:58,5.3,1m,0.0,1.00,1.0,50.0,0.0,0.0,100.0,100.0,0.00,0.00
,63553687,03/22/2019 17:34,03/22/2019 17:53,EURUSD,Buy,5.000,0.00000,1.12980,1.12811,1.12832,0.0000,0.0000,2.1,105.00,0.29,"",0,00:00:18:21,5.3,58s,0.0,0.48,2.1,105.0,0.0,0.0,100.0,100.0,0.00,0.00
,63554573,03/22/2019 17:48,03/22/2019 17:52,EURUSD,Buy,5.000,0.00000,1.12980,1.12785,1.12811,0.0000,0.0000,2.6,130.00,0.35,"",0,00:00:03:52,,,,,,,,,,,,
,63508613,03/22/2019 11:19,03/22/2019 11:54,EURUSD,Buy,5.000,0.00000,1.13250,1.13006,1.13037,0.0000,0.0000,3.1,155.00,0.42,"",0,00:00:35:29,2.9,1m,0.0,0.32,3.1,155.0,0.0,0.0,100.0,100.0,0.00,0.00
,63508421,03/22/2019 11:17,03/22/2019 11:54,EURUSD,Buy,5.000,0.00000,1.13180,1.13037,1.13044,0.0000,0.0000,0.7,35.00,0.10,"",0,00:00:37:23,2.8,1m,0.0,1.43,0.7,35.0,0.0,0.0,100.0,100.0,0.00,0.00
,63510193,03/22/2019 11:26,03/22/2019 11:29,EURUSD,Buy,5.000,0.00000,1.13280,1.12967,1.13019,0.0000,0.0000,5.2,260.00,0.72,"",0,00:00:03:11,,,,,,,,,,,,
,63505283,03/22/2019 11:00,03/22/2019 11:11,EURUSD,Buy,5.000,0.00000,0.00000,1.13063,1.13068,0.0000,0.0000,0.5,25.00,0.07,"",0,00:00:10:35,9.1,57s,0.0,2.00,0.5,25.0,0.0,0.0,100.0,100.0,0.00,0.00
,63467336,03/21/2019 22:34,,,Withdrawal,0.010,0.00000,0.00000,0.00000,0.00000,0.0000,0.0000,0.0,-30000.00,0,"Transfer to 20050759 #5259993",0,00:00:00:00,,,,,,,,,,,,
,63467327,03/21/2019 22:34,,,Withdrawal,0.010,0.00000,0.00000,0.00000,0.00000,0.0000,0.0000,0.0,-20000.00,0,"Transfer to 20063993 #5259991",0,00:00:00:00,,,,,,,,,,,,
,63430155,03/21/2019 16:32,03/21/2019 21:52,EURUSD,Buy,5.000,0.00000,1.13880,1.13819,1.13652,0.0000,0.0000,-16.7,-835.00,-0.96,"",0,00:05:20:35,0.0,0s,36.4,36.50,0.0,0.0,-36.4,-1820.0,0.0,54.1,-16.70,-835.00
,63464626,03/21/2019 17:33,03/21/2019 21:52,EURUSD,Buy,5.000,0.00000,1.13880,1.13652,1.13652,0.0000,0.0000,0.0,0.00,0.00,"from #63464373",0,00:04:19:19,68.8,2h 58m,12.9,2.63,4.9,0.0,-12.9,-0.0,27.5,72.5,-4.90,0.00
,63464373,03/21/2019 17:33,03/21/2019 21:50,EURUSD,Buy,5.000,0.00000,1.13750,1.13652,1.13640,0.0000,0.0000,-1.2,-60.00,-0.07,"to #63464626",0,00:04:17:11,68.5,2h 56m,12.9,2.63,4.9,245.00000000000003,-12.9,-645.0,27.5,65.7,-6.10,-305.00
,63464336,03/21/2019 17:33,03/21/2019 21:48,EURUSD,Buy,5.000,0.00000,1.13750,1.13652,1.13636,0.0000,0.0000,-1.6,-80.00,-0.09,"to #63464373",0,00:04:15:08,68.3,2h 54m,12.9,2.63,4.9,245.00000000000003,-12.9,-645.0,27.5,63.5,-6.50,-325.00
,63464245,03/21/2019 17:33,03/21/2019 21:48,EURUSD,Buy,5.000,0.00000,1.13750,1.13652,1.13633,0.0000,0.0000,-1.9,-95.00,-0.11,"to #63464336",0,00:04:14:46,68.3,2h 54m,12.9,2.63,4.9,245.00000000000003,-12.9,-645.0,27.5,61.8,-6.80,-340.00
,63463711,03/21/2019 17:33,03/21/2019 21:46,EURUSD,Buy,10.000,0.00000,1.13750,1.13652,1.13623,0.0000,0.0000,-2.9,-290.00,-0.33,"to #63464245",0,00:04:13:13,68.0,2h 52m,12.9,2.63,4.9,490.00000000000006,-12.9,-1290.0,27.5,56.2,-7.80,-780.00
,63430174,03/21/2019 16:32,03/21/2019 21:41,EURUSD,Buy,5.000,0.00000,1.13750,1.13821,1.13606,0.0000,0.0000,-21.5,-1075.00,-1.21,"",0,00:05:09:07,0.0,0s,36.6,36.63,0.0,0.0,-36.6,-1830.0,0.0,41.3,-21.50,-1075.00
,63440493,03/21/2019 17:33,03/21/2019 21:31,EURUSD,Buy,20.000,0.00000,1.13680,1.13652,1.13601,0.0000,0.0000,-5.1,-1020.00,-1.14,"to #63463711",0,00:03:58:17,66.0,2h 37m,12.9,2.63,4.9,980.0000000000001,-12.9,-2580.0,27.5,43.8,-10.00,-2000.00
,63430086,03/21/2019 16:31,03/21/2019 21:29,EURUSD,Buy,5.000,0.00000,1.13680,1.13815,1.13579,0.0000,0.0000,-23.6,-1180.00,-1.30,"",0,00:04:57:39,0.0,0s,36.0,36.10,0.0,0.0,-36.0,-1800.0,0.0,34.4,-23.60,-1180.00
,63430883,03/21/2019 16:38,03/21/2019 21:20,EURUSD,Buy,5.000,0.00000,1.13680,1.13812,1.13578,0.0000,0.0000,-23.4,-1170.00,-1.27,"",0,00:04:42:51,0.0,0s,35.7,35.71,0.0,0.0,-35.7,-1785.0000000000002,0.0,34.5,-23.40,-1170.00
,63462579,03/21/2019 20:58,03/21/2019 21:11,EURUSD,Buy,10.000,0.00000,1.13680,1.13551,1.13559,0.0000,0.0000,0.8,80.00,0.09,"",0,00:00:12:43,7.7,58s,0.0,1.25,0.8,80.0,0.0,0.0,100.0,100.0,0.00,0.00
,63462549,03/21/2019 20:58,03/21/2019 21:07,EURUSD,Buy,10.000,0.00000,0.00000,1.13550,1.13551,0.0000,0.0000,0.1,10.00,0.01,"",0,00:00:09:34,11.2,1m,0.0,9.99,0.1,10.0,0.0,0.0,100.0,100.0,0.00,0.00
,63430106,03/21/2019 16:31,03/21/2019 20:49,EURUSD,Buy,5.000,0.00000,0.00000,1.13814,1.13594,0.0000,0.0000,-22.0,-1100.00,-1.18,"",0,00:04:17:52,0.0,0s,35.9,35.97,0.0,0.0,-35.9,-1795.0,0.0,38.7,-22.00,-1100.00
,63430735,03/21/2019 16:37,03/21/2019 20:49,EURUSD,Buy,5.000,0.00000,0.00000,1.13796,1.13595,0.0000,0.0000,-20.1,-1005.00,-1.07,"",0,00:04:12:18,0.0,0s,34.1,34.13,0.0,0.0,-34.1,-1705.0,0.0,41.1,-20.10,-1005.00
,63431664,03/21/2019 16:45,03/21/2019 20:35,EURUSD,Buy,10.000,0.00000,1.13780,1.13759,1.13589,0.0000,0.0000,-17.0,-1700.00,-1.78,"",0,00:03:50:28,0.0,0s,30.4,30.49,0.0,0.0,-30.4,-3040.0,0.0,44.1,-17.00,-1700.00
,63433193,03/21/2019 16:56,03/21/2019 20:30,EURUSD,Buy,20.000,0.00000,1.13880,1.13682,1.13594,0.0000,0.0000,-8.8,-1760.00,-1.81,"",0,00:03:34:14,0.0,0s,21.5,21.51,0.0,0.0,-21.5,-4300.0,0.0,59.1,-8.80,-1760.00
,63433298,03/21/2019 16:57,03/21/2019 20:28,EURUSD,Buy,20.000,0.00000,1.13680,1.13683,1.13611,0.0000,0.0000,-7.2,-1440.00,-1.46,"",0,00:03:31:40,0.0,0s,21.6,21.65,0.0,0.0,-21.6,-4320.0,0.0,66.7,-7.20,-1440.00
,63450858,03/21/2019 18:29,03/21/2019 20:28,EURUSD,Buy,50.000,0.00000,1.13680,1.13463,1.13606,0.0000,0.0000,14.3,7150.00,7.79,"",0,00:01:58:29,0.9,1m,0.0,0.07,14.3,7150.0,0.0,0.0,100.0,100.0,0.00,0.00
,63448689,03/21/2019 18:21,03/21/2019 20:26,EURUSD,Buy,20.000,0.00000,1.13620,1.13504,1.13588,0.0000,0.0000,8.4,1680.00,1.86,"",0,00:02:05:09,0.9,1m,0.0,0.12,8.4,1680.0,0.0,0.0,100.0,100.0,0.00,0.00
,63447555,03/21/2019 18:16,03/21/2019 20:24,EURUSD,Buy,50.000,0.00000,1.13620,1.13537,1.13552,0.0000,0.0000,1.5,750.00,0.84,"",0,00:02:07:30,0.8,1m,0.0,0.67,1.5,750.0,0.0,0.0,100.0,100.0,0.00,0.00
,63442201,03/21/2019 17:36,03/21/2019 17:43,EURUSD,Buy,50.000,0.00000,0.00000,1.13579,1.13617,0.0000,0.0000,3.8,1900.00,2.17,"",0,00:00:06:18,14.3,54s,0.0,0.26,3.8,1900.0,0.0,0.0,100.0,100.0,0.00,0.00
,63423468,03/21/2019 15:46,03/21/2019 16:03,EURUSD,Sell,1.000,0.00000,0.00000,1.13870,1.13864,0.0000,0.0000,0.6,6.00,0.01,"",0,00:00:17:12,5.9,1m,0.0,1.67,0.6,6.0,0.0,0.0,100.0,100.0,0.00,0.00
,63423894,03/21/2019 15:48,03/21/2019 16:03,EURUSD,Sell,1.000,0.00000,0.00000,1.13887,1.13874,0.0000,0.0000,1.3,13.00,0.01,"",0,00:00:15:14,6.7,1m,0.0,0.77,1.3,13.0,0.0,0.0,100.0,100.0,0.00,0.00
,63424349,03/21/2019 15:53,03/21/2019 16:03,EURUSD,Sell,2.000,0.00000,0.00000,1.13911,1.13871,0.0000,0.0000,4.0,80.00,0.09,"",0,00:00:09:59,10.0,59s,0.0,0.25,4.0,80.0,0.0,0.0,100.0,100.0,0.00,0.00
,63426294,03/21/2019 16:00,03/21/2019 16:03,EURUSD,Sell,2.000,0.00000,0.00000,1.13887,1.13864,0.0000,0.0000,2.3,46.00,0.05,"",0,00:00:02:42,,,,,,,,,,,,
,63423344,03/21/2019 15:45,03/21/2019 16:03,EURUSD,Sell,1.000,0.00000,0.00000,1.13865,1.13864,0.0000,0.0000,0.1,1.00,0.00,"",0,00:00:18:23,5.6,1m,0.0,9.99,0.1,1.0,0.0,0.0,100.0,100.0,0.00,0.00
,63424941,03/21/2019 15:57,03/21/2019 16:03,EURUSD,Sell,2.000,0.00000,0.00000,1.13927,1.13861,0.0000,0.0000,6.6,132.00,0.15,"",0,00:00:05:34,16.7,55s,0.0,0.15,6.6,132.0,0.0,0.0,100.0,100.0,0.00,0.00
,63384658,03/21/2019 09:42,03/21/2019 09:53,EURUSD,Sell,5.000,0.00000,0.00000,1.14231,1.14162,0.0000,0.0000,6.9,345.00,0.40,"",0,00:00:10:43,9.1,58s,0.0,0.14,6.9,345.0,0.0,0.0,100.0,100.0,0.00,0.00
,63383799,03/21/2019 09:33,03/21/2019 09:51,EURUSD,Sell,5.000,0.00000,0.00000,1.14262,1.14183,0.0000,0.0000,7.9,395.00,0.46,"",0,00:00:18:17,5.6,1m,0.0,0.13,7.9,395.0,0.0,0.0,100.0,100.0,0.00,0.00
,63382537,03/21/2019 09:06,03/21/2019 09:51,EURUSD,Sell,5.000,0.00000,0.00000,1.14241,1.14183,0.0000,0.0000,5.8,290.00,0.34,"",0,00:00:44:58,2.3,1m,0.0,0.17,5.8,290.0,0.0,0.0,100.0,100.0,0.00,0.00
,63350982,03/20/2019 22:03,,,Withdrawal,0.010,0.00000,0.00000,0.00000,0.00000,0.0000,0.0000,0.0,-1587.00,0,"Transfer to 20050759 #5253882",0,00:00:00:00,,,,,,,,,,,,
,63328446,03/20/2019 20:13,03/20/2019 21:31,EURUSD,Sell,5.000,0.00000,0.00000,1.14079,1.14207,0.0000,0.0000,-12.8,-640.00,-0.72,"",0,00:01:17:38,0.0,0s,12.8,12.80,0.0,0.0,-12.8,-640.0,0.0,0.0,-12.80,-640.00
,63330600,03/20/2019 20:20,03/20/2019 21:30,EURUSD,Sell,10.000,0.00000,0.00000,1.14164,1.14217,0.0000,0.0000,-5.3,-530.00,-0.60,"",0,00:01:10:13,0.0,0s,5.3,5.30,0.0,0.0,-5.3,-530.0,0.0,0.0,-5.30,-530.00
,63328232,03/20/2019 20:12,03/20/2019 21:30,EURUSD,Sell,5.000,0.00000,0.00000,1.14023,1.14193,0.0000,0.0000,-17.0,-850.00,-0.95,"",0,00:01:18:19,0.0,0s,17.0,17.01,0.0,0.0,-17.0,-850.0,0.0,0.0,-17.00,-850.00
,63330238,03/20/2019 20:19,03/20/2019 21:30,EURUSD,Sell,10.000,0.00000,0.00000,1.14134,1.14192,0.0000,0.0000,-5.8,-580.00,-0.64,"",0,00:01:10:43,0.0,0s,5.8,5.80,0.0,0.0,-5.8,-580.0,0.0,0.0,-5.80,-580.00
,63329499,03/20/2019 20:16,03/20/2019 21:30,EURUSD,Sell,10.000,0.00000,0.00000,1.14093,1.14193,0.0000,0.0000,-10.0,-1000.00,-1.10,"",0,00:01:13:57,0.0,0s,10.0,10.00,0.0,0.0,-10.0,-1000.0,0.0,0.0,-10.00,-1000.00
,63329472,03/20/2019 20:16,03/20/2019 21:30,EURUSD,Sell,10.000,0.00000,0.00000,1.14085,1.14204,0.0000,0.0000,-11.9,-1190.00,-1.29,"",0,00:01:13:53,0.0,0s,11.9,11.90,0.0,0.0,-11.9,-1190.0,0.0,0.0,-11.90,-1190.00
,63333731,03/20/2019 20:33,03/20/2019 21:24,EURUSD,Sell,50.000,0.00000,0.00000,1.14326,1.14275,0.0000,0.0000,5.1,2550.00,2.83,"",0,00:00:50:38,2.0,1m,0.0,0.20,5.1,2550.0,0.0,0.0,100.0,100.0,0.00,0.00
,63332266,03/20/2019 20:27,03/20/2019 21:21,EURUSD,Sell,10.000,0.00000,0.00000,1.14219,1.14305,0.0000,0.0000,-8.6,-860.00,-0.95,"",0,00:00:54:03,0.0,0s,8.6,8.61,0.0,0.0,-8.6,-860.0,0.0,0.0,-8.60,-860.00
,63339963,03/20/2019 21:00,03/20/2019 21:21,EURUSD,Sell,20.000,0.00000,0.00000,1.14419,1.14305,0.0000,0.0000,11.4,2280.00,2.58,"",0,00:00:21:25,4.8,1m,0.0,0.09,11.4,2280.0,0.0,0.0,100.0,100.0,0.00,0.00
,63341546,03/20/2019 21:04,03/20/2019 21:16,EURUSD,Sell,20.000,0.00000,0.00000,1.14453,1.14366,0.0000,0.0000,8.7,1740.00,2.00,"",0,00:00:12:36,8.4,1m,0.0,0.12,8.7,1739.9999999999998,0.0,0.0,100.0,100.0,0.00,0.00
,63337670,03/20/2019 20:52,03/20/2019 20:57,EURUSD,Sell,20.000,0.00000,0.00000,1.14426,1.14330,0.0000,0.0000,9.6,1920.00,2.26,"",0,00:00:05:24,16.7,54s,0.0,0.10,9.6,1920.0,0.0,0.0,100.0,100.0,0.00,0.00
,63335229,03/20/2019 20:36,03/20/2019 20:45,EURUSD,Sell,50.000,0.00000,0.00000,1.14382,1.14351,0.0000,0.0000,3.1,1550.00,1.86,"",0,00:00:08:28,11.2,56s,0.0,0.32,3.1,1550.0,0.0,0.0,100.0,100.0,0.00,0.00
,63333007,03/20/2019 20:30,03/20/2019 20:32,EURUSD,Sell,50.000,0.00000,0.00000,1.14248,1.14237,0.0000,0.0000,1.1,550.00,0.66,"",0,00:00:01:30,,,,,,,,,,,,
,63329759,03/20/2019 20:17,03/20/2019 20:17,EURUSD,Sell,10.000,0.00000,0.00000,1.14128,1.14112,0.0000,0.0000,1.6,160.00,0.19,"",0,00:00:00:17,,,,,,,,,,,,
,63328745,03/20/2019 20:14,03/20/2019 20:15,EURUSD,Sell,20.000,0.00000,0.00000,1.14086,1.14094,0.0000,0.0000,-0.8,-160.00,-0.19,"",0,00:00:00:57,,,,,,,,,,,,
,63329226,03/20/2019 20:15,03/20/2019 20:15,EURUSD,Sell,20.000,0.00000,0.00000,1.14095,1.14085,0.0000,0.0000,1.0,200.00,0.24,"",0,00:00:00:10,,,,,,,,,,,,
,63309428,03/20/2019 17:16,03/20/2019 20:00,EURUSD,Buy,3.000,0.00000,1.13850,1.13597,1.13761,0.0000,0.0000,16.4,492.00,0.60,"",0,00:02:44:19,99.4,2h 43m,70.4,0.01,86.8,2604.0,0.0,0.0,100.0,18.9,-70.40,-2112.00
,63310867,03/20/2019 17:38,03/20/2019 20:00,EURUSD,Buy,5.000,0.00000,0.00000,1.13585,1.13761,0.0000,0.0000,17.6,880.00,1.08,"",0,00:02:21:39,100.0,2h 21m,70.4,0.01,88.0,4400.0,0.0,0.0,100.0,20.0,-70.40,-3520.00
,63307845,03/20/2019 17:06,03/20/2019 20:00,EURUSD,Buy,3.000,0.00000,0.00000,1.13594,1.13780,0.0000,0.0000,18.6,558.00,0.69,"",0,00:02:53:43,99.5,2h 52m,68.5,0.01,87.1,2613.0,0.0,0.0,100.0,21.4,-68.50,-2055.00
,63307809,03/20/2019 17:06,03/20/2019 20:00,EURUSD,Buy,3.000,0.00000,1.13750,1.13599,1.13751,0.0000,0.0000,15.2,456.00,0.57,"[tp]",0,00:02:53:51,99.5,2h 52m,71.4,0.01,86.6,2598.0,0.0,0.0,100.0,17.6,-71.40,-2142.00
,63309809,03/20/2019 17:21,03/20/2019 19:58,EURUSD,Buy,5.000,0.00000,1.13750,1.13584,1.13566,0.0000,0.0000,-1.8,-90.00,-0.11,"",0,00:02:37:00,99.4,2h 36m,89.9,0.02,88.1,4405.0,-1.8,-90.0,98.0,0.0,-89.90,-4495.00
,63319776,03/20/2019 17:45,03/20/2019 19:56,EURUSD,Buy,5.000,0.00000,1.13750,1.13544,1.13555,0.0000,0.0000,1.1,55.00,0.07,"from #63311341",0,00:02:10:48,100.0,2h 10m,91.0,0.01,92.1,4605.0,0.0,0.0,100.0,1.2,-91.00,-4550.00
,63311341,03/20/2019 17:45,03/20/2019 19:54,EURUSD,Buy,5.000,0.00000,1.13750,1.13544,1.13536,0.0000,0.0000,-0.8,-40.00,-0.05,"to #63319776",0,00:02:09:11,99.3,2h 8m,92.9,0.01,92.1,4605.0,-0.8,-40.0,99.1,0.0,-92.90,-4645.00
,63319469,03/20/2019 19:47,03/20/2019 19:53,EURUSD,Buy,5.000,0.00000,1.13680,1.13502,1.13520,0.0000,0.0000,1.8,90.00,0.11,"",0,00:00:06:26,16.7,1m,0.0,0.56,1.8,90.0,0.0,0.0,100.0,100.0,0.00,0.00
,63316672,03/20/2019 18:39,03/20/2019 19:36,EURUSD,Buy,10.000,0.00000,1.13680,1.13511,1.13520,0.0000,0.0000,0.9,90.00,0.11,"from #63315886",0,00:00:57:14,100.0,57m,85.6,0.01,86.5,8650.0,0.0,0.0,100.0,1.0,-85.60,-8560.00
,63317928,03/20/2019 19:12,03/20/2019 19:27,EURUSD,Buy,5.000,0.00000,0.00000,1.13504,1.13511,0.0000,0.0000,0.7,35.00,0.04,"",0,00:00:15:14,6.7,1m,0.0,1.43,0.7,35.0,0.0,0.0,100.0,100.0,0.00,0.00
,63315886,03/20/2019 18:39,03/20/2019 18:51,EURUSD,Buy,5.000,0.00000,0.00000,1.13511,1.13537,0.0000,0.0000,2.6,130.00,0.16,"to #63316672",0,00:00:12:04,8.4,1m,0.0,0.38,2.6,130.0,0.0,0.0,100.0,100.0,0.00,0.00
,63311776,03/20/2019 17:48,03/20/2019 18:31,EURUSD,Buy,10.000,0.00000,0.00000,1.13487,1.13536,0.0000,0.0000,4.9,490.00,0.62,"",0,00:00:43:24,2.4,1m,0.0,0.20,4.9,490.00000000000006,0.0,0.0,100.0,100.0,0.00,0.00
,63311885,03/20/2019 17:49,03/20/2019 18:21,EURUSD,Buy,10.000,0.00000,0.00000,1.13496,1.13545,0.0000,0.0000,4.9,490.00,0.62,"",0,00:00:31:45,3.2,1m,0.0,0.20,4.9,490.00000000000006,0.0,0.0,100.0,100.0,0.00,0.00
,63313769,03/20/2019 18:10,03/20/2019 18:12,EURUSD,Buy,10.000,0.00000,0.00000,1.13521,1.13530,0.0000,0.0000,0.9,90.00,0.11,"",0,00:00:02:18,,,,,,,,,,,,
,63285842,03/20/2019 14:15,03/20/2019 14:50,EURUSD,Sell,2.000,0.00000,0.00000,1.13596,1.13604,0.0000,0.0000,-0.8,-16.00,-0.02,"",0,00:00:35:22,0.0,0s,0.8,0.80,0.0,0.0,-0.8,-16.0,0.0,0.0,-0.80,-16.00
,63285855,03/20/2019 14:15,03/20/2019 14:50,EURUSD,Sell,5.000,0.00000,0.00000,1.13597,1.13604,0.0000,0.0000,-0.7,-35.00,-0.04,"",0,00:00:35:12,0.0,0s,0.7,0.70,0.0,0.0,-0.7,-35.0,0.0,0.0,-0.70,-35.00
,63285825,03/20/2019 14:15,03/20/2019 14:50,EURUSD,Sell,1.000,0.00000,0.00000,1.13595,1.13601,0.0000,0.0000,-0.6,-6.00,-0.01,"",0,00:00:35:15,0.0,0s,0.6,0.60,0.0,0.0,-0.6,-6.0,0.0,0.0,-0.60,-6.00
,63286506,03/20/2019 14:23,03/20/2019 14:50,EURUSD,Sell,5.000,0.00000,0.00000,1.13620,1.13599,0.0000,0.0000,2.1,105.00,0.13,"",0,00:00:26:46,3.8,1m,0.0,0.48,2.1,105.0,0.0,0.0,100.0,100.0,0.00,0.00
,63286193,03/20/2019 14:22,03/20/2019 14:49,EURUSD,Sell,3.000,0.00000,0.00000,1.13599,1.13599,0.0000,0.0000,0.0,0.00,0.00,"",0,00:00:27:20,0.0,0s,0.0,1.00,0.0,0.0,0.0,0.0,0,0,0.00,0.00
,63288619,03/20/2019 14:39,03/20/2019 14:49,EURUSD,Sell,10.000,0.00000,0.00000,1.13620,1.13591,0.0000,0.0000,2.9,290.00,0.37,"",0,00:00:09:45,10.0,58s,0.0,0.34,2.9,290.0,0.0,0.0,100.0,100.0,0.00,0.00
,63287058,03/20/2019 14:25,03/20/2019 14:48,EURUSD,Sell,5.000,0.00000,0.00000,1.13625,1.13615,0.0000,0.0000,1.0,50.00,0.06,"",0,00:00:22:32,4.4,59s,0.0,1.00,1.0,50.0,0.0,0.0,100.0,100.0,0.00,0.00
,63288945,03/20/2019 14:45,03/20/2019 14:48,EURUSD,Sell,5.000,0.00000,0.00000,1.13635,1.13609,0.0000,0.0000,2.6,130.00,0.17,"",0,00:00:02:27,,,,,,,,,,,,
,63284095,03/20/2019 13:28,03/20/2019 14:03,EURUSD,Sell,1.000,0.00000,0.00000,1.13506,1.13635,0.0000,0.0000,-12.9,-129.00,-0.16,"from #63284018",0,00:00:35:29,0.0,0s,13.7,13.72,0.0,0.0,-13.7,-137.0,0.0,5.8,-12.90,-129.00
,63284018,03/20/2019 13:28,03/20/2019 14:03,EURUSD,Sell,1.000,0.00000,0.00000,1.13506,1.13625,0.0000,0.0000,-11.9,-119.00,-0.15,"to #63284095",0,00:00:35:19,0.0,0s,13.7,13.72,0.0,0.0,-13.7,-137.0,0.0,13.1,-11.90,-119.00
,63280111,03/20/2019 13:28,03/20/2019 14:03,EURUSD,Sell,3.000,0.00000,0.00000,1.13506,1.13621,0.0000,0.0000,-11.5,-345.00,-0.44,"to #63284018",0,00:00:34:43,0.0,0s,13.7,13.72,0.0,0.0,-13.7,-411.0,0.0,16.1,-11.50,-345.00
,63281779,03/20/2019 13:52,03/20/2019 14:03,EURUSD,Buy,15.000,0.00000,0.00000,1.13555,1.13605,0.0000,0.0000,5.0,750.00,0.96,"",0,00:00:10:22,9.1,56s,0.0,0.20,5.0,750.0,0.0,0.0,100.0,100.0,0.00,0.00
,63280737,03/20/2019 13:43,03/20/2019 14:01,EURUSD,Sell,5.000,0.00000,0.00000,1.13527,1.13594,0.0000,0.0000,-6.7,-335.00,-0.43,"",0,00:00:18:03,0.0,0s,6.7,6.70,0.0,0.0,-6.7,-335.0,0.0,0.0,-6.70,-335.00
,63281757,03/20/2019 13:52,03/20/2019 14:01,EURUSD,Buy,15.000,0.00000,0.00000,1.13552,1.13580,0.0000,0.0000,2.8,420.00,0.54,"",0,00:00:09:16,11.2,1m,0.0,0.36,2.8,420.0,0.0,0.0,100.0,100.0,0.00,0.00
,63272564,03/20/2019 11:48,03/20/2019 12:20,EURUSD,Buy,5.000,0.00000,0.00000,1.13503,1.13536,0.0000,0.0000,3.3,165.00,0.21,"",0,00:00:32:08,100.0,32m,6.1,0.11,9.0,450.0,0.0,0.0,100.0,36.7,-5.70,-285.00
,63272548,03/20/2019 11:48,03/20/2019 12:20,EURUSD,Buy,5.000,0.00000,0.00000,1.13507,1.13536,0.0000,0.0000,2.9,145.00,0.19,"",0,00:00:32:12,100.0,32m,6.1,0.12,8.6,430.0,0.0,0.0,100.0,33.7,-5.70,-285.00
,63272489,03/20/2019 11:47,03/20/2019 12:20,EURUSD,Buy,5.000,0.00000,0.00000,1.13495,1.13533,0.0000,0.0000,3.8,190.00,0.24,"",0,00:00:32:36,100.0,32m,6.1,0.10,9.8,490.00000000000006,0.0,0.0,100.0,38.8,-6.00,-300.00
,63268066,03/20/2019 10:52,03/20/2019 11:00,EURUSD,Buy,5.000,0.00000,0.00000,1.13406,1.13431,0.0000,0.0000,2.5,125.00,0.16,"",0,00:00:08:45,100.0,8m,16.0,0.05,18.5,925.0,0.0,0.0,100.0,13.5,-16.00,-800.00
,63268018,03/20/2019 10:51,03/20/2019 11:00,EURUSD,Buy,5.000,0.00000,0.00000,1.13407,1.13426,0.0000,0.0000,1.9,95.00,0.12,"",0,00:00:08:56,100.0,8m,16.5,0.05,18.4,919.9999999999999,0.0,0.0,100.0,10.3,-16.50,-825.00
,63260112,03/20/2019 09:51,03/20/2019 09:52,EURUSD,Buy,5.000,0.00000,0.00000,1.13445,1.13456,0.0000,0.0000,1.1,55.00,0.07,"",0,00:00:01:27,,,,,,,,,,,,
,63260132,03/20/2019 09:51,03/20/2019 09:52,EURUSD,Buy,5.000,0.00000,0.00000,1.13446,1.13456,0.0000,0.0000,1.0,50.00,0.06,"",0,00:00:01:15,,,,,,,,,,,,
,63234512,03/19/2019 17:42,03/20/2019 09:21,EURUSD,Buy,0.200,1.13370,1.13720,1.13602,1.13520,0.0000,-1.2000,-8.2,-17.60,-0.02,"from #63234497",0,00:15:38:45,0.0,0s,19.4,19.42,0.0,0.0,-19.4,-38.8,0.0,57.7,-8.20,-16.40
,63253011,03/20/2019 08:39,03/20/2019 09:21,EURUSD,Buy,5.000,0.00000,0.00000,1.13476,1.13520,0.0000,0.0000,4.4,220.00,0.29,"",0,00:00:42:03,2.4,1m,0.0,0.23,4.4,220.00000000000003,0.0,0.0,100.0,100.0,0.00,0.00
,63247954,03/20/2019 06:27,03/20/2019 09:20,EURUSD,Buy,20.000,1.13340,0.00000,1.13487,1.13509,0.0000,0.0000,2.2,440.00,0.57,"",0,00:02:53:10,3.5,6m,7.9,3.59,2.2,440.00000000000006,-7.9,-1580.0,21.8,100.0,0.00,0.00
,63250597,03/20/2019 08:29,03/20/2019 09:19,EURUSD,Buy,5.000,0.00000,0.00000,1.13479,1.13503,0.0000,0.0000,2.4,120.00,0.16,"",0,00:00:50:03,2.0,1m,0.0,0.42,2.4,120.0,0.0,0.0,100.0,100.0,0.00,0.00
,63247892,03/20/2019 06:23,03/20/2019 08:50,EURUSD,Buy,2.000,0.00000,0.00000,1.13481,1.13486,0.0000,0.0000,0.5,10.00,0.01,"",0,00:02:27:05,0.7,1m,0.0,2.00,0.5,10.0,0.0,0.0,100.0,100.0,0.00,0.00
,63248261,03/20/2019 06:37,03/20/2019 07:48,EURUSD,Buy,20.000,0.00000,0.00000,1.13469,1.13471,0.0000,0.0000,0.2,40.00,0.05,"",0,00:01:11:48,1.5,1m,0.0,5.00,0.2,40.0,0.0,0.0,100.0,100.0,0.00,0.00
,63234497,03/19/2019 17:42,03/19/2019 21:59,EURUSD,Buy,0.100,1.13390,1.13720,1.13602,1.13581,0.0000,0.0000,-2.1,-2.10,0.00,"to #63234512",0,00:04:16:25,0.0,0s,11.2,11.21,0.0,0.0,-11.2,-11.2,0.0,81.2,-2.10,-2.10
,63234415,03/19/2019 17:42,03/19/2019 21:59,EURUSD,Buy,0.200,1.13390,1.13720,1.13602,1.13580,0.0000,0.0000,-2.2,-4.40,-0.01,"to #63234497",0,00:04:16:07,0.0,0s,11.2,11.21,0.0,0.0,-11.2,-22.4,0.0,80.4,-2.20,-4.40
,63234396,03/19/2019 17:42,03/19/2019 21:55,EURUSD,Buy,0.500,1.13390,1.13720,1.13602,1.13579,0.0000,0.0000,-2.3,-11.50,-0.02,"to #63234415",0,00:04:12:37,0.0,0s,11.2,11.21,0.0,0.0,-11.2,-56.0,0.0,79.5,-2.30,-11.50
,63234261,03/19/2019 17:42,03/19/2019 21:55,EURUSD,Buy,2.000,1.13390,1.13720,1.13602,1.13584,0.0000,0.0000,-1.8,-36.00,-0.05,"to #63234396",0,00:04:12:20,0.0,0s,11.2,11.21,0.0,0.0,-11.2,-224.0,0.0,83.9,-1.80,-36.00
,63234247,03/19/2019 20:55,03/19/2019 21:55,EURUSD,Buy,1.000,1.13390,1.13680,1.13541,1.13585,0.0000,0.0000,4.4,44.00,0.06,"from #63233833",0,00:00:59:13,1.7,1m,0.0,0.23,4.4,44.0,0.0,0.0,100.0,100.0,0.00,0.00
,63228996,03/19/2019 17:42,03/19/2019 21:54,EURUSD,Buy,2.000,1.13390,1.13720,1.13602,1.13577,0.0000,0.0000,-2.5,-50.00,-0.07,"from #63228936",0,00:04:11:49,0.0,0s,11.2,11.21,0.0,0.0,-11.2,-224.0,0.0,77.7,-2.50,-50.00
,63233833,03/19/2019 20:55,03/19/2019 21:54,EURUSD,Buy,1.000,1.13390,1.13680,1.13541,1.13578,0.0000,0.0000,3.7,37.00,0.05,"to #63234247",0,00:00:58:42,1.7,59s,0.0,0.27,3.7,37.0,0.0,0.0,100.0,100.0,0.00,0.00
,63233196,03/19/2019 20:55,03/19/2019 21:54,EURUSD,Buy,3.000,1.13390,1.13680,1.13541,1.13566,0.0000,0.0000,2.5,75.00,0.10,"from #63232256",0,00:00:58:02,1.8,1m,0.0,0.40,2.5,75.0,0.0,0.0,100.0,100.0,0.00,0.00
,63230404,03/19/2019 19:58,03/19/2019 21:52,EURUSD,Buy,1.000,0.00000,0.00000,1.13564,1.13561,0.0000,0.0000,-0.3,-3.00,0.00,"",0,00:01:54:20,0.0,0s,0.3,0.30,0.0,0.0,-0.3,-3.0,0.0,0.0,-0.30,-3.00
,63232161,03/19/2019 20:49,03/19/2019 21:52,EURUSD,Buy,5.000,1.13390,1.13720,1.13552,1.13556,0.0000,0.0000,0.4,20.00,0.03,"",0,00:01:02:38,1.6,1m,0.0,2.50,0.4,20.0,0.0,0.0,100.0,100.0,0.00,0.00
,63230443,03/19/2019 19:59,03/19/2019 21:52,EURUSD,Buy,1.000,0.00000,1.13680,1.13556,1.13556,0.0000,0.0000,0.0,0.00,0.00,"",0,00:01:52:26,0.0,0s,0.0,1.00,0.0,0.0,0.0,0.0,0,0,0.00,0.00
,63231109,03/19/2019 20:00,03/19/2019 21:51,EURUSD,Buy,1.000,0.00000,0.00000,1.13550,1.13557,0.0000,0.0000,0.7,7.00,0.01,"",0,00:01:51:18,1.0,1m,0.0,1.43,0.7,7.0,0.0,0.0,100.0,100.0,0.00,0.00
,63232184,03/19/2019 20:50,03/19/2019 21:51,EURUSD,Buy,5.000,1.13390,1.13680,1.13550,1.13550,0.0000,0.0000,0.0,0.00,0.00,"",0,00:01:01:06,0.0,0s,0.0,1.00,0.0,0.0,0.0,0.0,0,0,0.00,0.00
,63231699,03/19/2019 20:27,03/19/2019 21:51,EURUSD,Buy,1.000,0.00000,0.00000,1.13540,1.13552,0.0000,0.0000,1.2,12.00,0.02,"",0,00:01:23:29,1.2,1m,0.0,0.83,1.2,12.0,0.0,0.0,100.0,100.0,0.00,0.00
,63231318,03/19/2019 20:09,03/19/2019 21:45,EURUSD,Buy,1.000,0.00000,0.00000,1.13537,1.13539,0.0000,0.0000,0.2,2.00,0.00,"",0,00:01:36:32,1.1,1m,0.0,5.00,0.2,2.0,0.0,0.0,100.0,100.0,0.00,0.00
,63232677,03/19/2019 21:02,03/19/2019 21:29,EURUSD,Buy,8.000,1.13390,0.00000,1.13523,1.13539,0.0000,0.0000,1.6,128.00,0.17,"",0,00:00:26:31,3.8,1m,0.0,0.63,1.6,128.0,0.0,0.0,100.0,100.0,0.00,0.00
,63232256,03/19/2019 20:55,03/19/2019 21:28,EURUSD,Buy,10.000,1.13390,0.00000,1.13541,1.13540,0.0000,0.0000,-0.1,-10.00,-0.01,"to #63233196",0,00:00:32:53,0.0,0s,0.1,0.10,0.0,0.0,-0.1,-10.0,0.0,0.0,-0.10,-10.00
,63232712,03/19/2019 21:04,03/19/2019 21:10,EURUSD,Buy,8.000,1.13390,0.00000,1.13518,1.13521,0.0000,0.0000,0.3,24.00,0.03,"",0,00:00:05:59,16.7,59s,0.0,3.33,0.3,24.0,0.0,0.0,100.0,100.0,0.00,0.00
,63232646,03/19/2019 21:01,03/19/2019 21:08,EURUSD,Buy,8.000,1.13390,0.00000,1.13518,1.13521,0.0000,0.0000,0.3,24.00,0.03,"",0,00:00:07:03,14.3,1m,0.0,3.33,0.3,24.0,0.0,0.0,100.0,100.0,0.00,0.00
,63231847,03/19/2019 20:35,03/19/2019 20:38,EURUSD,Buy,20.000,1.13430,0.00000,1.13542,1.13545,0.0000,0.0000,0.3,60.00,0.08,"",0,00:00:03:14,,,,,,,,,,,,
,63228936,03/19/2019 17:42,03/19/2019 19:36,EURUSD,Buy,2.000,1.13310,0.00000,1.13602,1.13581,0.0000,0.0000,-2.1,-42.00,-0.06,"to #63228996",0,00:01:53:42,0.0,0s,2.1,2.10,0.0,0.0,-2.1,-42.0,0.0,0.0,-2.10,-42.00
,63217102,03/19/2019 17:42,03/19/2019 19:36,EURUSD,Buy,3.000,1.13310,0.00000,1.13602,1.13574,0.0000,0.0000,-2.8,-84.00,-0.11,"to #63228936",0,00:01:53:12,0.0,0s,2.8,2.80,0.0,0.0,-2.8,-84.0,0.0,0.0,-2.80,-84.00
,63217114,03/19/2019 17:43,03/19/2019 19:34,EURUSD,Buy,10.000,0.00000,0.00000,1.13602,1.13553,0.0000,0.0000,-4.9,-490.00,-0.64,"",0,00:01:51:06,0.0,0s,4.9,4.90,0.0,0.0,-4.9,-490.00000000000006,0.0,0.0,-4.90,-490.00
,63224418,03/19/2019 18:52,03/19/2019 19:34,EURUSD,Buy,10.000,0.00000,0.00000,1.13488,1.13550,0.0000,0.0000,6.2,620.00,0.81,"",0,00:00:41:39,2.5,1m,0.0,0.16,6.2,620.0,0.0,0.0,100.0,100.0,0.00,0.00
,63224507,03/19/2019 18:54,03/19/2019 19:33,EURUSD,Buy,5.000,0.00000,0.00000,1.13489,1.13554,0.0000,0.0000,6.5,325.00,0.43,"",0,00:00:39:24,2.6,1m,0.0,0.15,6.5,325.0,0.0,0.0,100.0,100.0,0.00,0.00
,63217170,03/19/2019 17:43,03/19/2019 19:33,EURUSD,Buy,5.000,1.13340,0.00000,1.13605,1.13549,0.0000,0.0000,-5.6,-280.00,-0.37,"",0,00:01:49:51,0.0,0s,5.6,5.60,0.0,0.0,-5.6,-280.0,0.0,0.0,-5.60,-280.00
,63218396,03/19/2019 17:56,03/19/2019 18:46,EURUSD,Buy,15.000,1.13280,0.00000,1.13504,1.13529,0.0000,0.0000,2.5,375.00,0.50,"",0,00:00:50:56,2.0,1m,0.0,0.40,2.5,375.0,0.0,0.0,100.0,100.0,0.00,0.00
,63220804,03/19/2019 18:16,03/19/2019 18:19,EURUSD,Buy,5.000,0.00000,0.00000,1.13464,1.13487,0.0000,0.0000,2.3,115.00,0.15,"",0,00:00:02:59,,,,,,,,,,,,
,63218650,03/19/2019 17:59,03/19/2019 18:03,EURUSD,Buy,10.000,1.13280,0.00000,1.13466,1.13493,0.0000,0.0000,2.7,270.00,0.36,"",0,00:00:03:50,,,,,,,,,,,,
,63216825,03/19/2019 17:36,03/19/2019 17:52,EURUSD,Sell,10.000,0.00000,0.00000,1.13554,1.13547,0.0000,0.0000,0.7,70.00,0.09,"",0,00:00:16:21,6.3,1m,0.0,1.43,0.7,70.0,0.0,0.0,100.0,100.0,0.00,0.00
,63209910,03/19/2019 16:34,03/19/2019 16:38,EURUSD,Sell,2.000,0.00000,0.00000,1.13423,1.13409,0.0000,0.0000,1.4,28.00,0.04,"",0,00:00:03:58,,,,,,,,,,,,
,63174965,03/19/2019 09:11,03/19/2019 15:49,EURUSD,Sell,5.000,0.00000,0.00000,1.13458,1.13472,0.0000,0.0000,-1.4,-70.00,-0.09,"",0,00:06:37:52,0.6,2m,15.3,12.76,1.2,60.0,-15.3,-765.0,7.3,84.2,-2.60,-130.00
,63176313,03/19/2019 09:29,03/19/2019 15:48,EURUSD,Sell,5.000,0.00000,0.00000,1.13468,1.13474,0.0000,0.0000,-0.6,-30.00,-0.04,"",0,00:06:19:22,3.0,11m,14.3,6.50,2.2,110.00000000000001,-14.3,-715.0,13.3,83.0,-2.80,-140.00
,63175012,03/19/2019 09:12,03/19/2019 15:48,EURUSD,Sell,5.000,0.00000,0.00000,1.13463,1.13473,0.0000,0.0000,-1.0,-50.00,-0.07,"",0,00:06:35:27,2.1,8m,14.8,8.71,1.7,85.0,-14.8,-740.0,10.3,83.6,-2.70,-135.00
,63177520,03/19/2019 09:41,03/19/2019 15:47,EURUSD,Sell,5.000,0.00000,0.00000,1.13477,1.13475,0.0000,0.0000,0.2,10.00,0.01,"",0,00:06:06:39,4.7,17m,13.8,4.32,3.1,155.0,-13.4,-670.0,18.8,82.4,-2.90,-145.00
,63174938,03/19/2019 09:11,03/19/2019 15:44,EURUSD,Sell,5.000,0.00000,0.00000,1.13460,1.13502,0.0000,0.0000,-4.2,-210.00,-0.28,"",0,00:06:32:56,0.8,3m,15.1,10.79,1.4,70.0,-15.1,-755.0,8.5,66.1,-5.60,-280.00
,63202687,03/19/2019 15:13,03/19/2019 15:44,EURUSD,Sell,5.000,0.00000,0.00000,1.13574,1.13498,0.0000,0.0000,7.6,380.00,0.51,"",0,00:00:30:10,3.3,59s,0.0,0.13,7.6,380.0,0.0,0.0,100.0,100.0,0.00,0.00
,63174893,03/19/2019 09:10,03/19/2019 15:43,EURUSD,Sell,5.000,0.00000,0.00000,1.13465,1.13492,0.0000,0.0000,-2.7,-135.00,-0.18,"",0,00:06:32:58,2.3,9m,14.6,7.69,1.9,95.0,-14.6,-730.0,11.5,72.1,-4.60,-230.00
,63178733,03/19/2019 09:53,03/19/2019 15:43,EURUSD,Sell,5.000,0.00000,0.00000,1.13501,1.13485,0.0000,0.0000,1.6,80.00,0.11,"",0,00:05:50:14,10.3,36m,13.8,2.00,5.5,275.0,-11.0,-550.0,33.3,76.4,-3.90,-195.00
,63180363,03/19/2019 10:07,03/19/2019 15:34,EURUSD,Sell,15.000,0.00000,0.00000,1.13516,1.13505,0.0000,0.0000,1.1,165.00,0.22,"",0,00:05:27:27,61.2,3h 20m,13.8,1.36,7.0,1050.0,-9.5,-1425.0,42.4,64.2,-5.90,-885.00
,63202136,03/19/2019 15:09,03/19/2019 15:25,EURUSD,Sell,5.000,0.00000,0.00000,1.13578,1.13526,0.0000,0.0000,5.2,260.00,0.35,"",0,00:00:15:21,6.3,58s,0.0,0.19,5.2,260.0,0.0,0.0,100.0,100.0,0.00,0.00
,63174904,03/19/2019 09:10,03/19/2019 14:46,EURUSD,Sell,5.000,0.00000,0.00000,1.13466,1.13506,0.0000,0.0000,-4.0,-200.00,-0.27,"",0,00:05:35:59,0.0,0s,14.4,14.41,0.0,0.0,-14.4,-720.0,0.0,72.2,-4.00,-200.00
,63189401,03/19/2019 12:48,03/19/2019 14:46,EURUSD,Sell,15.000,0.00000,0.00000,1.13533,1.13504,0.0000,0.0000,2.9,435.00,0.58,"",0,00:01:58:26,0.9,1m,0.0,0.34,2.9,435.0,0.0,0.0,100.0,100.0,0.00,0.00
,63197037,03/19/2019 14:26,03/19/2019 14:36,EURUSD,Sell,20.000,1.13630,0.00000,1.13588,1.13536,0.0000,0.0000,5.2,1040.00,1.41,"",0,00:00:10:52,10.0,1m,0.0,0.19,5.2,1040.0,0.0,0.0,100.0,100.0,0.00,0.00
,63192329,03/19/2019 13:10,03/19/2019 13:34,EURUSD,Sell,20.000,1.13730,0.00000,1.13584,1.13552,0.0000,0.0000,3.2,640.00,0.88,"",0,00:00:24:25,4.2,1m,0.0,0.31,3.2,640.0,0.0,0.0,100.0,100.0,0.00,0.00
,63182031,03/19/2019 10:28,03/19/2019 11:46,EURUSD,Sell,15.000,0.00000,0.00000,1.13552,1.13504,0.0000,0.0000,4.8,720.00,1.00,"",0,00:01:17:49,1.3,1m,0.0,0.21,4.8,720.0,0.0,0.0,100.0,100.0,0.00,0.00
,63170650,03/19/2019 08:10,03/19/2019 08:40,EURUSD,Buy,5.000,0.00000,0.00000,1.13477,1.13487,0.0000,0.0000,1.0,50.00,0.07,"",0,00:00:30:41,3.4,1m,0.0,1.00,1.0,50.0,0.0,0.0,100.0,100.0,0.00,0.00
,63170822,03/19/2019 08:16,03/19/2019 08:40,EURUSD,Buy,5.000,0.00000,0.00000,1.13468,1.13488,0.0000,0.0000,2.0,100.00,0.14,"",0,00:00:24:29,4.2,1m,0.0,0.50,2.0,100.0,0.0,0.0,100.0,100.0,0.00,0.00
,63147405,03/18/2019 19:58,03/18/2019 20:42,EURUSD,Buy,5.000,0.00000,0.00000,1.13315,1.13325,0.0000,0.0000,1.0,50.00,0.07,"",0,00:00:43:54,2.3,1m,0.0,1.00,1.0,50.0,0.0,0.0,100.0,100.0,0.00,0.00
,63147809,03/18/2019 20:00,03/18/2019 20:42,EURUSD,Buy,5.000,0.00000,0.00000,1.13290,1.13325,0.0000,0.0000,3.5,175.00,0.24,"",0,00:00:41:34,2.4,59s,0.0,0.29,3.5,175.0,0.0,0.0,100.0,100.0,0.00,0.00
,63141155,03/18/2019 18:14,03/18/2019 18:25,EURUSD,Sell,5.000,0.00000,0.00000,1.13370,1.13359,0.0000,0.0000,1.1,55.00,0.08,"",0,00:00:10:40,9.1,58s,0.0,0.91,1.1,55.00000000000001,0.0,0.0,100.0,100.0,0.00,0.00
,63139663,03/18/2019 18:02,03/18/2019 18:06,EURUSD,Buy,0.100,0.00000,0.00000,1.13389,1.13406,0.0000,0.0000,1.7,1.70,0.00,"",0,00:00:04:26,25.0,1m,0.0,0.59,1.7,1.7,0.0,0.0,100.0,100.0,0.00,0.00
,63089464,03/18/2019 08:16,03/18/2019 17:22,EURUSD,Sell,5.000,0.00000,0.00000,1.13356,1.13403,0.0000,0.0000,-4.7,-235.00,-0.33,"",0,00:09:06:32,30.8,2h 48m,22.8,12.00,1.9,95.0,-22.8,-1140.0,7.7,73.3,-6.60,-330.00
,63089605,03/18/2019 08:21,03/18/2019 17:22,EURUSD,Sell,5.000,0.00000,1.13200,1.13361,1.13409,0.0000,0.0000,-4.8,-240.00,-0.33,"",0,00:09:01:22,31.1,2h 48m,22.3,9.29,2.4,120.0,-22.3,-1115.0,9.7,70.9,-7.20,-360.00
,63111642,03/18/2019 12:10,03/18/2019 17:22,EURUSD,Sell,10.000,0.00000,0.00000,1.13486,1.13410,0.0000,0.0000,7.6,760.00,1.06,"",0,00:05:11:41,99.4,5h 9m,7.3,0.01,14.9,1490.0,-0.2,-20.0,98.7,51.7,-7.30,-730.00
,63094515,03/18/2019 09:03,03/18/2019 17:22,EURUSD,Sell,15.000,0.00000,1.13200,1.13394,1.13403,0.0000,0.0000,-0.9,-135.00,-0.19,"",0,00:08:19:18,36.3,3h 1m,19.0,3.33,5.7,855.0,-19.0,-2850.0,23.1,73.3,-6.60,-990.00
,63096525,03/18/2019 09:41,03/18/2019 17:22,EURUSD,Sell,5.000,0.00000,0.00000,1.13436,1.13402,0.0000,0.0000,3.4,170.00,0.24,"",0,00:07:41:06,47.6,3h 39m,14.8,1.50,9.9,495.0,-14.8,-740.0,40.1,73.7,-6.50,-325.00
,63094440,03/18/2019 09:01,03/18/2019 17:22,EURUSD,Sell,5.000,0.00000,1.13200,1.13403,1.13401,0.0000,0.0000,0.2,10.00,0.01,"",0,00:08:20:55,37.2,3h 6m,18.1,2.74,6.6,330.0,-18.1,-905.0000000000001,26.7,74.1,-6.40,-320.00
,63093206,03/18/2019 08:56,03/18/2019 16:31,EURUSD,Sell,5.000,0.00000,1.13200,1.13420,1.13426,0.0000,0.0000,-0.6,-30.00,-0.04,"",0,00:07:35:09,31.0,2h 21m,16.4,1.98,8.3,415.00000000000006,-16.4,-819.9999999999999,33.6,64.0,-8.90,-445.00
,63093170,03/18/2019 08:55,03/18/2019 16:31,EURUSD,Sell,10.000,0.00000,1.13200,1.13425,1.13424,0.0000,0.0000,0.1,10.00,0.01,"",0,00:07:35:46,31.8,2h 24m,15.9,1.81,8.8,880.0000000000001,-15.9,-1590.0,35.6,64.8,-8.70,-870.00
,63110486,03/18/2019 11:59,03/18/2019 15:47,EURUSD,Sell,10.000,0.00000,0.00000,1.13497,1.13442,0.0000,0.0000,5.5,550.00,0.78,"",0,00:03:47:21,100.0,3h 47m,5.9,0.14,7.1,710.0,0.0,0.0,100.0,77.5,-1.60,-160.00
,63100278,03/18/2019 10:05,03/18/2019 15:46,EURUSD,Sell,10.000,0.00000,1.13200,1.13447,1.13445,0.0000,0.0000,0.2,20.00,0.03,"",0,00:05:40:59,49.6,2h 49m,13.7,6.53,2.1,210.0,-13.7,-1370.0,13.3,88.0,-1.90,-190.00
,63118624,03/18/2019 13:18,03/18/2019 14:45,EURUSD,Sell,25.000,0.00000,0.00000,1.13564,1.13525,0.0000,0.0000,3.9,975.00,1.39,"",0,00:01:26:56,1.2,1m,0.0,0.26,3.9,975.0,0.0,0.0,100.0,100.0,0.00,0.00
,63100716,03/18/2019 10:13,03/18/2019 11:03,EURUSD,Sell,10.000,0.00000,0.00000,1.13484,1.13433,0.0000,0.0000,5.1,510.00,0.73,"",0,00:00:49:40,2.0,59s,0.0,0.20,5.1,509.99999999999994,0.0,0.0,100.0,100.0,0.00,0.00
,63072023,03/16/2019 10:24,,,Withdrawal,0.010,0.00000,0.00000,0.00000,0.00000,0.0000,0.0000,0.0,-531.00,0,"Transfer to 2981948 #5232734",0,00:00:00:00,,,,,,,,,,,,
,63054980,03/15/2019 16:34,03/15/2019 17:10,EURUSD,Sell,5.000,0.00000,0.00000,1.13394,1.13328,0.0000,0.0000,6.6,330.00,0.47,"",0,00:00:36:10,100.0,36m,14.3,0.05,20.9,1045.0,0.0,0.0,100.0,31.6,-14.30,-715.00
,63054826,03/15/2019 16:30,03/15/2019 17:10,EURUSD,Sell,5.000,0.00000,0.00000,1.13370,1.13322,0.0000,0.0000,4.8,240.00,0.35,"",0,00:00:40:00,100.0,40m,13.7,0.05,18.5,925.0,0.0,0.0,100.0,25.9,-13.70,-685.00
,63054593,03/15/2019 16:27,03/15/2019 17:10,EURUSD,Sell,5.000,0.00000,0.00000,1.13376,1.13316,0.0000,0.0000,6.0,300.00,0.43,"",0,00:00:43:03,100.0,43m,13.1,0.05,19.1,955.0000000000001,0.0,0.0,100.0,31.4,-13.10,-655.00
,63035460,03/15/2019 12:42,03/15/2019 12:53,EURUSD,Sell,20.000,0.00000,0.00000,1.13214,1.13189,0.0000,0.0000,2.5,500.00,0.73,"from #63034835",0,00:00:10:38,9.1,58s,10.2,4.08,2.5,500.0,-10.2,-2039.9999999999998,19.7,100.0,0.00,0.00
,63034835,03/15/2019 12:42,03/15/2019 12:53,EURUSD,Sell,30.000,0.00000,0.00000,1.13214,1.13190,0.0000,0.0000,2.4,720.00,1.06,"to #63035460",0,00:00:10:28,9.1,57s,10.2,4.25,2.4,720.0,-10.2,-3060.0,19.0,100.0,0.00,0.00
,63034905,03/15/2019 12:45,03/15/2019 12:53,EURUSD,Sell,20.000,0.00000,0.00000,1.13217,1.13190,0.0000,0.0000,2.7,540.00,0.80,"",0,00:00:07:54,12.5,59s,9.8,3.63,2.7,540.0,-9.8,-1960.0000000000002,21.6,100.0,0.00,0.00
,63034767,03/15/2019 12:40,03/15/2019 12:44,EURUSD,Buy,5.000,0.00000,0.00000,1.13253,1.13219,0.0000,0.0000,-3.4,-170.00,-0.25,"",0,00:00:03:40,,,,,,,,,,,,
,63032630,03/15/2019 12:03,03/15/2019 12:43,EURUSD,Buy,5.000,1.13080,1.13750,1.13240,1.13218,0.0000,0.0000,-2.2,-110.00,-0.16,"",0,00:00:40:41,5.0,2m,19.9,11.71,1.7,85.0,-19.9,-994.9999999999999,7.9,81.9,-3.90,-195.00
,63033864,03/15/2019 12:23,03/15/2019 12:43,EURUSD,Buy,5.000,0.00000,0.00000,1.13235,1.13218,0.0000,0.0000,-1.7,-85.00,-0.13,"",0,00:00:20:18,10.0,2m,10.0,4.55,2.2,110.00000000000001,-10.0,-500.0,18.0,68.0,-3.90,-195.00
,63032610,03/15/2019 12:02,03/15/2019 12:43,EURUSD,Buy,2.000,0.00000,1.13700,1.13244,1.13216,0.0000,0.0000,-2.8,-56.00,-0.08,"",0,00:00:40:47,4.9,1m,20.8,16.00,1.3,26.0,-20.8,-416.0,5.9,81.4,-4.10,-82.00
,63031336,03/15/2019 11:54,03/15/2019 12:43,EURUSD,Buy,2.000,0.00000,1.14000,1.13246,1.13217,0.0000,0.0000,-2.9,-58.00,-0.09,"",0,00:00:48:51,4.1,2m,23.6,21.46,1.1,22.0,-23.6,-472.0,4.5,83.8,-4.00,-80.00
,63018947,03/15/2019 09:03,03/15/2019 11:17,EURUSD,Sell,5.000,0.00000,0.00000,1.13177,1.13137,0.0000,0.0000,4.0,200.00,0.30,"",0,00:02:13:35,17.2,22m,8.1,2.03,4.0,200.0,-8.1,-405.0,33.1,100.0,0.00,0.00
,63020557,03/15/2019 09:42,03/15/2019 11:16,EURUSD,Sell,5.000,0.00000,0.00000,1.13209,1.13135,0.0000,0.0000,7.4,370.00,0.55,"",0,00:01:34:24,96.9,1h 31m,6.1,0.19,7.4,370.0,-1.4,-70.0,84.1,100.0,0.00,0.00
,63020303,03/15/2019 09:36,03/15/2019 11:16,EURUSD,Sell,5.000,0.00000,1.12820,1.13205,1.13135,0.0000,0.0000,7.0,350.00,0.52,"",0,00:01:40:13,89.0,1h 29m,6.1,0.54,7.0,350.0,-3.8,-190.0,64.8,100.0,0.00,0.00
,63016853,03/15/2019 08:21,03/15/2019 11:16,EURUSD,Sell,5.000,0.00000,1.12820,1.13167,1.13136,0.0000,0.0000,3.1,155.00,0.23,"",0,00:02:55:17,6.9,12m,9.2,2.94,3.1,155.0,-9.1,-455.0,25.4,100.0,0.00,0.00
,63016323,03/15/2019 08:03,03/15/2019 11:16,EURUSD,Sell,5.000,0.00000,1.12820,1.13164,1.13140,0.0000,0.0000,2.4,120.00,0.18,"",0,00:03:12:41,7.3,14m,12.9,2.69,3.5,175.0,-9.4,-470.0,27.1,91.5,-1.10,-55.00
,63020177,03/15/2019 09:34,03/15/2019 11:16,EURUSD,Sell,5.000,0.00000,1.12820,1.13209,1.13141,0.0000,0.0000,6.8,340.00,0.51,"",0,00:01:41:34,89.2,1h 30m,6.1,0.50,6.8,340.0,-3.4,-170.0,66.7,100.0,0.00,0.00
,63017620,03/15/2019 08:36,03/15/2019 11:11,EURUSD,Sell,5.000,0.00000,1.12820,1.13187,1.13175,0.0000,0.0000,1.2,60.00,0.09,"",0,00:02:34:53,38.1,59m,9.2,1.82,3.9,195.0,-7.1,-355.0,35.5,75.5,-2.70,-135.00
,63022657,03/15/2019 10:02,03/15/2019 11:11,EURUSD,Sell,20.000,0.00000,1.12820,1.13273,1.13176,0.0000,0.0000,9.7,1940.00,3.02,"",0,00:01:08:46,100.0,1h 8m,4.1,0.08,12.5,2500.0,0.0,0.0,100.0,77.6,-2.80,-560.00
,63014661,03/15/2019 07:03,,,Withdrawal,0.010,0.00000,0.00000,0.00000,0.00000,0.0000,0.0000,0.0,-1784.00,0,"Transfer to 2981948 #5228882",0,00:00:00:00,,,,,,,,,,,,
,63012448,03/15/2019 05:15,03/15/2019 06:05,EURUSD,Sell,1.000,0.00000,0.00000,1.13212,1.13183,0.0000,0.0000,2.9,29.00,0.04,"",0,00:00:49:31,100.0,49m,2.9,0.25,4.0,40.0,0.0,0.0,100.0,72.5,-1.10,-11.00
,63012469,03/15/2019 05:16,03/15/2019 06:05,EURUSD,Sell,5.000,0.00000,0.00000,1.13202,1.13183,0.0000,0.0000,1.9,95.00,0.14,"",0,00:00:48:21,100.0,48m,2.9,0.33,3.0,150.0,0.0,0.0,100.0,63.3,-1.10,-55.00
,62995386,03/14/2019 20:25,03/14/2019 22:51,EURUSD,Buy,2.000,0.00000,0.00000,1.13072,1.13036,0.0000,0.0000,-3.6,-72.00,-0.11,"",0,00:02:26:23,38.0,55m,4.9,3.08,1.3,26.0,-4.0,-80.0,24.5,7.5,-4.90,-98.00
,62995302,03/14/2019 20:24,03/14/2019 22:51,EURUSD,Buy,2.000,0.00000,0.00000,1.13070,1.13040,0.0000,0.0000,-3.0,-60.00,-0.09,"",0,00:02:26:31,46.7,1h 8m,5.1,3.40,1.5,30.0,-5.1,-102.0,22.7,31.8,-4.50,-90.00
,62995443,03/14/2019 20:26,03/14/2019 22:51,EURUSD,Buy,2.000,0.00000,0.00000,1.13079,1.13039,0.0000,0.0000,-4.0,-80.00,-0.12,"",0,00:02:24:46,17.3,25m,4.7,7.84,0.6,12.0,-4.7,-94.0,11.3,13.2,-4.60,-92.00
,62995403,03/14/2019 20:25,03/14/2019 22:51,EURUSD,Buy,2.000,0.00000,0.00000,1.13066,1.13042,0.0000,0.0000,-2.4,-48.00,-0.07,"",0,00:02:25:46,51.8,1h 15m,4.3,1.79,1.9,38.0,-3.4,-68.0,35.8,18.9,-4.30,-86.00
,62995831,03/14/2019 20:31,03/14/2019 22:51,EURUSD,Buy,5.000,0.00000,0.00000,1.13026,1.13041,0.0000,0.0000,1.5,75.00,0.11,"",0,00:02:19:11,100.0,2h 19m,4.4,0.17,5.9,295.0,0.0,0.0,100.0,25.4,-4.40,-220.00
,62995600,03/14/2019 20:30,03/14/2019 22:50,EURUSD,Buy,5.000,0.00000,0.00000,1.13054,1.13041,0.0000,0.0000,-1.3,-65.00,-0.10,"",0,00:02:20:56,78.6,1h 50m,4.4,0.71,3.1,155.0,-2.2,-110.00000000000001,58.5,17.0,-4.40,-220.00
,62995275,03/14/2019 20:24,03/14/2019 22:50,EURUSD,Buy,2.000,0.00000,0.00000,1.13080,1.13041,0.0000,0.0000,-3.9,-78.00,-0.12,"",0,00:02:26:11,13.4,19m,6.1,12.21,0.5,10.0,-6.1,-122.0,7.6,33.3,-4.40,-88.00
,62995467,03/14/2019 20:27,03/14/2019 22:50,EURUSD,Buy,2.000,0.00000,0.00000,1.13075,1.13041,0.0000,0.0000,-3.4,-68.00,-0.10,"",0,00:02:23:40,24.2,34m,4.4,4.30,1.0,20.0,-4.3,-86.0,18.9,17.0,-4.40,-88.00
,62995698,03/14/2019 20:30,03/14/2019 22:50,EURUSD,Buy,5.000,0.00000,0.00000,1.13037,1.13041,0.0000,0.0000,0.4,20.00,0.03,"",0,00:02:19:39,96.5,2h 14m,4.4,0.10,4.8,240.0,-0.5,-25.0,90.6,17.0,-4.40,-220.00
,62996054,03/14/2019 20:34,03/14/2019 22:49,EURUSD,Buy,5.000,0.00000,0.00000,1.13017,1.13033,0.0000,0.0000,1.6,80.00,0.12,"",0,00:02:14:26,100.0,2h 14m,5.2,0.15,6.8,340.0,0.0,0.0,100.0,23.5,-5.20,-260.00
,62996567,03/14/2019 20:40,03/14/2019 22:47,EURUSD,Buy,10.000,0.00000,0.00000,1.13005,1.13034,0.0000,0.0000,2.9,290.00,0.44,"",0,00:02:07:21,100.0,2h 7m,5.1,0.13,8.0,800.0,0.0,0.0,100.0,36.2,-5.10,-510.00
,62997364,03/14/2019 20:50,03/14/2019 22:47,EURUSD,Buy,10.000,0.00000,0.00000,1.13006,1.13033,0.0000,0.0000,2.7,270.00,0.41,"",0,00:01:57:26,100.0,1h 57m,5.2,0.13,7.9,790.0,0.0,0.0,100.0,34.2,-5.20,-520.00
,62868639,03/13/2019 11:29,03/14/2019 14:10,EURUSD,Sell,5.000,0.00000,0.00000,1.12950,1.13007,0.0000,-7.8000,-5.7,-292.80,-0.44,"",0,01:02:40:55,1.3,20m,45.1,16.37,2.6,130.0,-42.5,-2125.0,5.8,81.6,-8.30,-415.00
,62820251,03/12/2019 17:09,03/14/2019 14:10,EURUSD,Sell,3.000,0.00000,1.12650,1.12706,1.13002,0.0000,-6.2400,-29.6,-894.24,-1.34,"",0,01:21:00:16,0.0,0s,66.9,67.11,0.0,0.0,-66.9,-2007.0000000000002,0.0,55.8,-29.60,-888.00
,62865087,03/13/2019 10:33,03/14/2019 14:04,EURUSD,Sell,5.000,0.00000,1.12830,1.12956,1.13003,0.0000,-7.8000,-4.7,-242.80,-0.36,"",0,01:03:30:31,2.2,36m,47.1,8.06,5.2,260.0,-41.9,-2095.0,11.0,79.0,-9.90,-495.00
,62859297,03/13/2019 09:10,03/14/2019 14:03,EURUSD,Sell,3.000,0.00000,0.00000,1.12865,1.13001,0.0000,-4.6800,-13.6,-412.68,-0.61,"",0,01:04:53:53,0.0,0s,51.0,51.02,0.0,0.0,-51.0,-1530.0,0.0,73.3,-13.60,-408.00
,62864956,03/13/2019 10:32,03/14/2019 13:52,EURUSD,Sell,5.000,0.00000,0.00000,1.12952,1.12986,0.0000,-7.8000,-3.4,-177.80,-0.26,"",0,01:03:19:31,2.2,36m,47.1,8.82,4.8,240.0,-42.3,-2115.0,10.2,82.6,-8.20,-410.00
,62844464,03/12/2019 23:33,03/14/2019 13:51,EURUSD,Sell,3.000,0.00000,1.12720,1.12872,1.12987,0.0000,-6.2400,-11.5,-351.24,-0.52,"",0,01:14:18:19,14.4,5h 30m,57.8,6.71,7.5,225.0,-50.3,-1509.0,13.0,67.1,-19.00,-570.00
,62863982,03/13/2019 10:21,03/14/2019 13:51,EURUSD,Sell,3.000,0.00000,0.00000,1.12871,1.12985,0.0000,-4.6800,-11.4,-346.68,-0.51,"",0,01:03:30:04,0.0,0s,50.4,50.51,0.0,0.0,-50.4,-1512.0,0.0,77.4,-11.40,-342.00
,62864364,03/13/2019 10:26,03/14/2019 13:51,EURUSD,Sell,5.000,0.00000,0.00000,1.12910,1.12982,0.0000,-7.8000,-7.2,-367.80,-0.54,"",0,01:03:24:40,0.4,6m,47.1,77.52,0.6,30.0,-46.5,-2325.0,1.3,83.4,-7.80,-390.00
,62863786,03/13/2019 10:15,03/14/2019 13:51,EURUSD,Sell,3.000,0.00000,0.00000,1.12851,1.12978,0.0000,-4.6800,-12.7,-385.68,-0.56,"",0,01:03:35:25,0.0,0s,52.4,52.63,0.0,0.0,-52.4,-1572.0,0.0,75.8,-12.70,-381.00
,62860882,03/13/2019 09:42,03/14/2019 13:50,EURUSD,Sell,3.000,0.00000,0.00000,1.12855,1.12980,0.0000,-4.6800,-12.5,-379.68,-0.55,"",0,01:04:08:39,0.0,0s,52.0,52.08,0.0,0.0,-52.0,-1560.0,0.0,76.0,-12.50,-375.00
,62884823,03/13/2019 15:43,03/14/2019 13:50,EURUSD,Sell,5.000,0.00000,0.00000,1.13019,1.12978,0.0000,-7.8000,4.1,197.20,0.28,"",0,00:22:07:30,10.6,2h 20m,36.6,5.24,6.8,340.0,-35.6,-1780.0,16.0,93.6,-2.70,-135.00
,62870621,03/13/2019 12:00,03/14/2019 13:32,EURUSD,Sell,15.000,0.00000,1.12950,1.12965,1.12991,0.0000,-23.4000,-2.6,-413.40,-0.59,"",0,01:01:31:50,1.4,21m,41.0,29.33,1.4,210.0,-41.0,-6150.0,3.3,90.6,-4.00,-600.00
,62904934,03/13/2019 20:21,03/14/2019 13:32,EURUSD,Sell,5.000,0.00000,1.12950,1.13065,1.12987,0.0000,-7.8000,7.8,382.20,0.55,"",0,00:17:10:51,18.5,3h 10m,31.0,2.72,11.4,570.0,-31.0,-1550.0,26.9,91.5,-3.60,-180.00
,62966437,03/14/2019 13:21,03/14/2019 13:32,EURUSD,Sell,5.000,0.00000,0.00000,1.13095,1.12990,0.0000,0.0000,10.5,525.00,0.76,"",0,00:00:10:55,,,,,,,,,,,,
,62878467,03/13/2019 14:01,03/14/2019 13:30,EURUSD,Sell,15.000,0.00000,1.12950,1.13026,1.13021,0.0000,-23.4000,0.5,51.60,0.08,"",0,00:23:29:14,11.8,2h 46m,36.6,4.66,7.5,1125.0,-34.9,-5235.0,17.7,83.5,-7.00,-1050.00
,62906620,03/13/2019 20:55,03/14/2019 13:30,EURUSD,Sell,20.000,0.00000,1.12950,1.13192,1.13017,0.0000,-31.2000,17.5,3468.80,5.31,"",0,00:16:35:17,44.3,7h 20m,18.8,0.76,24.1,4820.0,-18.3,-3660.0,56.8,84.4,-6.60,-1320.00
,62888490,03/13/2019 16:05,03/14/2019 13:05,EURUSD,Sell,15.000,0.00000,1.12950,1.13092,1.13090,0.0000,-23.4000,0.2,6.60,0.01,"",0,00:20:59:18,25.8,5h 24m,35.6,2.01,14.1,2115.0,-28.3,-4245.0,33.3,67.2,-13.90,-2085.00
,62903082,03/13/2019 19:15,03/14/2019 13:04,EURUSD,Sell,5.000,0.00000,1.12950,1.13056,1.13089,0.0000,-7.8000,-3.3,-172.80,-0.26,"",0,00:17:49:27,13.7,2h 26m,31.9,3.04,10.5,525.0,-31.9,-1595.0,24.8,67.5,-13.80,-690.00
,62906667,03/13/2019 20:55,03/14/2019 12:07,EURUSD,Sell,20.000,0.00000,1.12950,1.13204,1.13073,0.0000,-31.2000,13.1,2588.80,4.12,"",0,00:15:11:49,43.5,6h 36m,18.8,0.70,24.3,4860.0,-17.1,-3420.0000000000005,58.7,72.9,-11.20,-2240.00
,62934793,03/13/2019 20:57,03/14/2019 07:01,EURUSD,Sell,10.000,0.00000,0.00000,1.13223,1.13202,0.0000,-15.6000,2.1,194.40,0.31,"from #62934784",0,00:10:04:03,35.6,3h 35m,15.2,1.65,9.2,919.9999999999999,-15.2,-1520.0,37.7,70.9,-7.10,-710.00
,62934784,03/13/2019 20:57,03/14/2019 05:48,EURUSD,Sell,5.000,0.00000,0.00000,1.13223,1.13211,0.0000,-7.8000,1.2,52.20,0.08,"to #62934793",0,00:08:51:23,34.0,3h 0m,15.2,2.34,6.5,325.0,-15.2,-760.0,30.0,75.6,-5.30,-265.00
,62906883,03/13/2019 20:57,03/14/2019 05:48,EURUSD,Sell,5.000,0.00000,0.00000,1.13223,1.13211,0.0000,-7.8000,1.2,52.20,0.08,"to #62934784",0,00:08:50:57,34.0,3h 0m,15.2,2.34,6.5,325.0,-15.2,-760.0,30.0,75.6,-5.30,-265.00
,62910472,03/13/2019 21:07,03/14/2019 05:29,EURUSD,Sell,10.000,0.00000,1.12950,1.13247,1.13241,0.0000,-15.6000,0.6,44.40,0.07,"",0,00:08:22:07,41.0,3h 25m,12.8,1.44,8.9,890.0,-12.8,-1280.0,41.0,61.8,-8.30,-830.00
,62889964,03/13/2019 16:22,03/13/2019 18:59,EURUSD,Sell,5.000,0.00000,0.00000,1.13118,1.13060,0.0000,0.0000,5.8,290.00,0.47,"",0,00:02:37:44,51.7,1h 21m,35.4,2.58,9.9,495.0,-25.5,-1275.0,28.0,88.4,-4.10,-205.00
,62895841,03/13/2019 17:48,03/13/2019 18:59,EURUSD,Sell,15.000,0.00000,0.00000,1.13102,1.13056,0.0000,0.0000,4.6,690.00,1.12,"",0,00:01:11:18,7.2,5m,27.1,5.89,4.6,690.0,-27.1,-4065.0,14.5,100.0,0.00,0.00
,62886916,03/13/2019 15:55,03/13/2019 17:14,EURUSD,Sell,15.000,0.00000,0.00000,1.13108,1.13035,0.0000,0.0000,7.3,1095.00,1.81,"",0,00:01:19:29,100.0,1h 19m,3.9,0.11,8.9,1335.0,0.0,0.0,100.0,82.0,-1.60,-240.00
,62878537,03/13/2019 14:02,03/13/2019 14:46,EURUSD,Sell,5.000,0.00000,0.00000,1.13025,1.12951,0.0000,0.0000,7.4,370.00,0.62,"",0,00:00:43:54,22.3,9m,8.2,1.01,7.4,370.0,-7.5,-375.0,49.7,100.0,0.00,0.00
,62871390,03/13/2019 12:08,03/13/2019 13:45,EURUSD,Sell,15.000,0.00000,0.00000,1.12993,1.12925,0.0000,0.0000,6.8,1020.00,1.73,"",0,00:01:37:23,10.0,9m,15.5,2.00,6.8,1020.0,-13.6,-2040.0,33.3,100.0,0.00,0.00
,62826756,03/12/2019 18:15,03/13/2019 10:01,EURUSD,Sell,5.000,0.00000,0.00000,1.12778,1.12795,0.0000,-2.6000,-1.7,-87.60,-0.15,"",0,00:15:45:53,0.0,0s,26.2,26.25,0.0,0.0,-26.2,-1310.0,0.0,93.5,-1.70,-85.00
,62844338,03/12/2019 23:19,03/13/2019 10:01,EURUSD,Sell,3.000,0.00000,1.12680,1.12872,1.12799,0.0000,-1.5600,7.3,217.44,0.37,"",0,00:10:41:12,52.0,5h 33m,21.0,1.80,7.5,225.0,-13.5,-405.0,35.7,99.0,-0.20,-6.00
,62819862,03/12/2019 17:01,03/12/2019 22:56,EURUSD,Sell,3.000,0.00000,1.12650,1.12702,1.12839,0.0000,0.0000,-13.7,-411.00,-0.69,"",0,00:05:54:18,0.0,0s,33.8,33.90,0.0,0.0,-33.8,-1013.9999999999999,0.0,59.5,-13.70,-411.00
,62819886,03/12/2019 17:02,03/12/2019 22:56,EURUSD,Sell,3.000,0.00000,1.12650,1.12690,1.12839,0.0000,0.0000,-14.9,-447.00,-0.75,"",0,00:05:53:23,0.0,0s,35.0,35.09,0.0,0.0,-35.0,-1050.0,0.0,57.4,-14.90,-447.00
,62819964,03/12/2019 17:04,03/12/2019 22:56,EURUSD,Sell,3.000,0.00000,0.00000,1.12666,1.12838,0.0000,0.0000,-17.2,-516.00,-0.86,"",0,00:05:51:07,0.0,0s,37.4,37.45,0.0,0.0,-37.4,-1122.0,0.0,54.0,-17.20,-516.00
,62819948,03/12/2019 17:04,03/12/2019 22:55,EURUSD,Sell,3.000,0.00000,1.12600,1.12677,1.12839,0.0000,0.0000,-16.2,-486.00,-0.80,"",0,00:05:51:17,0.0,0s,36.3,36.36,0.0,0.0,-36.3,-1089.0,0.0,55.4,-16.20,-486.00
,62820026,03/12/2019 17:05,03/12/2019 22:55,EURUSD,Sell,3.000,0.00000,1.12600,1.12675,1.12839,0.0000,0.0000,-16.4,-492.00,-0.80,"",0,00:05:50:03,0.0,0s,36.5,36.63,0.0,0.0,-36.5,-1095.0,0.0,55.1,-16.40,-492.00
,62819855,03/12/2019 17:01,03/12/2019 22:55,EURUSD,Sell,3.000,0.00000,1.12650,1.12696,1.12839,0.0000,0.0000,-14.3,-429.00,-0.70,"",0,00:05:54:00,0.0,0s,34.4,34.48,0.0,0.0,-34.4,-1032.0,0.0,58.4,-14.30,-429.00
,62820416,03/12/2019 17:12,03/12/2019 22:55,EURUSD,Sell,10.000,0.00000,1.12650,1.12740,1.12839,0.0000,0.0000,-9.9,-990.00,-1.58,"",0,00:05:43:08,0.0,0s,30.0,30.03,0.0,0.0,-30.0,-3000.0,0.0,67.0,-9.90,-990.00
,62827062,03/12/2019 18:20,03/12/2019 22:55,EURUSD,Sell,5.000,0.00000,1.12600,1.12830,1.12836,0.0000,0.0000,-0.6,-30.00,-0.05,"",0,00:04:35:07,1.9,5m,21.0,52.63,0.4,20.0,-21.0,-1050.0,1.9,95.3,-1.00,-50.00
,62827773,03/12/2019 18:25,03/12/2019 22:54,EURUSD,Sell,5.000,0.00000,1.12670,1.12865,1.12848,0.0000,0.0000,1.7,85.00,0.14,"",0,00:04:28:26,18.9,50m,17.5,4.49,3.9,195.0,-17.5,-875.0,18.2,89.7,-2.20,-110.00
,62828264,03/12/2019 18:31,03/12/2019 22:52,EURUSD,Sell,5.000,0.00000,1.12600,1.12889,1.12859,0.0000,0.0000,3.0,150.00,0.24,"",0,00:04:21:07,52.0,2h 15m,15.1,2.40,6.3,315.0,-15.1,-755.0,29.4,84.6,-3.30,-165.00
,62828335,03/12/2019 18:32,03/12/2019 22:51,EURUSD,Sell,5.000,0.00000,1.12770,1.12895,1.12865,0.0000,0.0000,3.0,150.00,0.24,"",0,00:04:18:43,61.6,2h 39m,14.5,2.10,6.9,345.0,-14.5,-725.0,32.2,81.8,-3.90,-195.00
,62841718,03/12/2019 22:15,03/12/2019 22:41,EURUSD,Sell,5.000,0.00000,0.00000,1.12965,1.12885,0.0000,0.0000,8.0,400.00,0.65,"",0,00:00:26:13,100.0,26m,2.8,0.09,10.8,540.0,0.0,0.0,100.0,74.1,-2.80,-140.00
,62833887,03/12/2019 20:25,03/12/2019 22:41,EURUSD,Sell,10.000,0.00000,1.12770,1.12963,1.12897,0.0000,0.0000,6.6,660.00,1.08,"",0,00:02:15:53,100.0,2h 15m,4.0,0.09,10.6,1060.0,0.0,0.0,100.0,62.3,-4.00,-400.00
,62829226,03/12/2019 18:47,03/12/2019 22:41,EURUSD,Sell,10.000,0.00000,1.12770,1.12934,1.12897,0.0000,0.0000,3.7,370.00,0.61,"",0,00:03:53:37,87.3,3h 23m,7.4,0.46,10.8,1080.0,-5.0,-500.0,68.4,55.1,-7.10,-710.00
,62828546,03/12/2019 18:36,03/12/2019 22:40,EURUSD,Sell,5.000,0.00000,1.12770,1.12905,1.12897,0.0000,0.0000,0.8,40.00,0.07,"",0,00:04:04:12,79.6,3h 14m,11.6,1.47,7.9,395.0,-11.6,-580.0,40.5,63.6,-7.10,-355.00
,62828316,03/12/2019 18:32,03/12/2019 22:36,EURUSD,Sell,5.000,0.00000,1.12600,1.12904,1.12916,0.0000,0.0000,-1.2,-60.00,-0.10,"",0,00:04:03:24,75.6,3h 4m,13.6,1.74,7.8,390.0,-13.6,-680.0,36.4,57.9,-9.00,-450.00
,62839460,03/12/2019 21:42,03/12/2019 22:00,EURUSD,Sell,15.000,0.00000,1.12770,1.13031,1.12980,0.0000,0.0000,5.1,765.00,1.27,"",0,00:00:18:36,,,,,,,,,,,,
,62838013,03/12/2019 21:29,03/12/2019 21:36,EURUSD,Sell,10.000,0.00000,0.00000,1.12999,1.12926,0.0000,0.0000,7.3,730.00,1.23,"",0,00:00:07:07,,,,,,,,,,,,
,62833924,03/12/2019 20:26,03/12/2019 21:23,EURUSD,Sell,10.000,0.00000,1.12770,1.12975,1.12970,0.0000,0.0000,0.5,50.00,0.08,"",0,00:00:56:57,100.0,56m,9.4,0.10,9.9,990.0,0.0,0.0,100.0,5.1,-9.40,-940.00
,62834911,03/12/2019 20:40,03/12/2019 21:01,EURUSD,Sell,5.000,0.00000,1.12770,1.12990,1.12946,0.0000,0.0000,4.4,220.00,0.37,"",0,00:00:20:32,100.0,20m,7.0,0.09,11.4,570.0,0.0,0.0,100.0,38.6,-7.00,-350.00
,62834106,03/12/2019 20:29,03/12/2019 21:01,EURUSD,Sell,20.000,0.00000,1.12770,1.12980,1.12946,0.0000,0.0000,3.4,680.00,1.16,"",0,00:00:31:25,100.0,31m,7.0,0.10,10.4,2080.0,0.0,0.0,100.0,32.7,-7.00,-1400.00
,62820944,03/12/2019 17:18,03/12/2019 17:59,EURUSD,Sell,10.000,0.00000,0.00000,1.12813,1.12754,0.0000,0.0000,5.9,590.00,1.02,"",0,00:00:41:58,12.5,5m,18.7,3.17,5.9,590.0,-18.7,-1870.0,24.0,100.0,0.00,0.00
,62820932,03/12/2019 17:17,03/12/2019 17:57,EURUSD,Sell,10.000,0.00000,0.00000,1.12813,1.12756,0.0000,0.0000,5.7,570.00,0.99,"",0,00:00:39:58,12.5,4m,18.7,3.28,5.7,570.0,-18.7,-1870.0,23.4,100.0,0.00,0.00
,62821178,03/12/2019 17:21,03/12/2019 17:57,EURUSD,Sell,10.000,0.00000,0.00000,1.12857,1.12767,0.0000,0.0000,9.0,900.00,1.60,"",0,00:00:35:08,14.3,5m,14.3,1.59,9.0,900.0,-14.3,-1430.0,38.6,100.0,0.00,0.00
,62821347,03/12/2019 17:24,03/12/2019 17:56,EURUSD,Sell,15.000,0.00000,0.00000,1.12878,1.12769,0.0000,0.0000,10.9,1635.00,2.98,"",0,00:00:32:39,14.3,4m,12.2,1.12,10.9,1635.0,-12.2,-1830.0,47.2,100.0,0.00,0.00
,62822103,03/12/2019 17:29,03/12/2019 17:51,EURUSD,Sell,30.000,0.00000,0.00000,1.12912,1.12832,0.0000,0.0000,8.0,2400.00,4.58,"",0,00:00:22:19,20.0,4m,8.8,1.10,8.0,2400.0,-8.8,-2640.0,47.6,100.0,0.00,0.00
,62816781,03/12/2019 16:17,03/12/2019 16:18,EURUSD,Sell,3.000,0.00000,0.00000,1.12744,1.12725,0.0000,0.0000,1.9,57.00,0.11,"",0,00:00:01:37,,,,,,,,,,,,
,62813647,03/12/2019 15:54,03/12/2019 16:04,EURUSD,Sell,3.000,0.00000,0.00000,1.12770,1.12767,0.0000,0.0000,0.3,9.00,0.02,"",0,00:00:10:29,,,,,,,,,,,,
,62813767,03/12/2019 15:55,03/12/2019 16:04,EURUSD,Sell,3.000,0.00000,0.00000,1.12779,1.12767,0.0000,0.0000,1.2,36.00,0.07,"",0,00:00:08:47,,,,,,,,,,,,
,62813925,03/12/2019 15:58,03/12/2019 16:03,EURUSD,Sell,3.000,0.00000,0.00000,1.12786,1.12771,0.0000,0.0000,1.5,45.00,0.09,"",0,00:00:04:21,,,,,,,,,,,,
,62806441,03/12/2019 14:45,03/12/2019 15:15,EURUSD,Sell,5.000,0.00000,0.00000,1.12747,1.12755,0.0000,0.0000,-0.8,-40.00,-0.08,"",0,00:00:30:32,0.0,0s,8.7,8.70,0.0,0.0,-8.7,-434.99999999999994,0.0,90.8,-0.80,-40.00
,62807877,03/12/2019 14:59,03/12/2019 15:15,EURUSD,Sell,3.000,0.00000,0.00000,1.12807,1.12758,0.0000,0.0000,4.9,147.00,0.28,"",0,00:00:16:19,,,,,,,,,,,,
,62805756,03/12/2019 14:36,03/12/2019 15:14,EURUSD,Sell,2.000,0.00000,0.00000,1.12734,1.12755,0.0000,0.0000,-2.1,-42.00,-0.08,"",0,00:00:38:06,0.0,0s,12.7,12.71,0.0,0.0,-12.7,-254.0,0.0,83.5,-2.10,-42.00
,62806378,03/12/2019 14:45,03/12/2019 15:14,EURUSD,Sell,2.000,0.00000,0.00000,1.12757,1.12759,0.0000,0.0000,-0.2,-4.00,-0.01,"",0,00:00:29:36,0.0,0s,3.1,3.10,0.0,0.0,-3.1,-62.0,0.0,93.5,-0.20,-4.00
,62806930,03/12/2019 14:49,03/12/2019 15:14,EURUSD,Sell,5.000,0.00000,0.00000,1.12819,1.12755,0.0000,0.0000,6.4,320.00,0.62,"",0,00:00:25:17,100.0,25m,3.1,0.16,6.4,320.0,0.0,0.0,100.0,100.0,0.00,0.00
,62805702,03/12/2019 14:36,03/12/2019 15:14,EURUSD,Sell,2.000,0.00000,0.00000,1.12738,1.12750,0.0000,0.0000,-1.2,-24.00,-0.05,"",0,00:00:38:21,0.0,0s,12.3,12.30,0.0,0.0,-12.3,-246.0,0.0,90.2,-1.20,-24.00
,62805735,03/12/2019 14:36,03/12/2019 15:14,EURUSD,Sell,2.000,0.00000,0.00000,1.12739,1.12750,0.0000,0.0000,-1.1,-22.00,-0.04,"",0,00:00:37:57,0.0,0s,12.2,12.21,0.0,0.0,-12.2,-244.0,0.0,91.0,-1.10,-22.00
,62806908,03/12/2019 14:49,03/12/2019 15:14,EURUSD,Sell,5.000,0.00000,0.00000,1.12823,1.12753,0.0000,0.0000,7.0,350.00,0.68,"",0,00:00:25:17,100.0,25m,3.1,0.14,7.0,350.0,0.0,0.0,100.0,100.0,0.00,0.00
,62803377,03/12/2019 14:15,03/12/2019 14:21,EURUSD,Buy,2.000,0.00000,0.00000,1.12610,1.12631,0.0000,0.0000,2.1,42.00,0.08,"",0,00:00:05:58,,,,,,,,,,,,
,62803335,03/12/2019 14:15,03/12/2019 14:21,EURUSD,Buy,2.000,0.00000,0.00000,1.12606,1.12641,0.0000,0.0000,3.5,70.00,0.14,"",0,00:00:06:14,,,,,,,,,,,,
,62803211,03/12/2019 14:14,03/12/2019 14:21,EURUSD,Buy,2.000,0.00000,0.00000,1.12612,1.12637,0.0000,0.0000,2.5,50.00,0.10,"",0,00:00:06:26,,,,,,,,,,,,
,62787587,03/12/2019 11:56,03/12/2019 12:24,EURUSD,Sell,5.000,0.00000,0.00000,1.12738,1.12730,0.0000,0.0000,0.8,40.00,0.08,"",0,00:00:28:46,20.0,5m,4.0,5.00,0.8,40.0,-4.0,-200.0,16.7,100.0,0.00,0.00
,62786709,03/12/2019 11:45,03/12/2019 12:24,EURUSD,Sell,2.000,0.00000,0.00000,1.12745,1.12729,0.0000,0.0000,1.6,32.00,0.06,"",0,00:00:39:44,28.6,11m,7.0,4.38,1.6,32.0,-7.0,-140.0,18.6,100.0,0.00,0.00
,62785610,03/12/2019 11:35,03/12/2019 12:24,EURUSD,Sell,2.000,0.00000,0.00000,1.12754,1.12729,0.0000,0.0000,2.5,50.00,0.10,"",0,00:00:49:11,33.4,16m,7.2,2.88,2.5,50.0,-7.2,-144.0,25.8,100.0,0.00,0.00
,62786904,03/12/2019 11:47,03/12/2019 12:24,EURUSD,Sell,2.000,0.00000,0.00000,1.12734,1.12729,0.0000,0.0000,0.5,10.00,0.02,"",0,00:00:37:02,14.3,5m,8.1,16.21,0.5,10.0,-8.1,-162.0,5.8,100.0,0.00,0.00
,62787709,03/12/2019 11:57,03/12/2019 12:24,EURUSD,Sell,5.000,0.00000,0.00000,1.12739,1.12733,0.0000,0.0000,0.6,30.00,0.06,"",0,00:00:26:26,20.0,5m,3.9,6.50,0.6,30.0,-3.9,-195.0,13.3,100.0,0.00,0.00
,62786979,03/12/2019 11:48,03/12/2019 12:21,EURUSD,Sell,2.000,0.00000,0.00000,1.12755,1.12732,0.0000,0.0000,2.3,46.00,0.09,"",0,00:00:33:09,42.9,14m,6.0,2.61,2.3,46.0,-6.0,-120.0,27.7,100.0,0.00,0.00
,62787146,03/12/2019 11:50,03/12/2019 12:05,EURUSD,Sell,2.000,0.00000,0.00000,1.12764,1.12762,0.0000,0.0000,0.2,4.00,0.01,"",0,00:00:15:11,,,,,,,,,,,,
,62785282,03/12/2019 11:32,03/12/2019 11:34,EURUSD,Sell,5.000,0.00000,0.00000,1.12800,1.12785,0.0000,0.0000,1.5,75.00,0.15,"",0,00:00:02:25,,,,,,,,,,,,
,62785216,03/12/2019 11:31,03/12/2019 11:34,EURUSD,Sell,15.000,0.00000,0.00000,1.12804,1.12794,0.0000,0.0000,1.0,150.00,0.29,"",0,00:00:02:59,,,,,,,,,,,,
,62783685,03/12/2019 11:14,03/12/2019 11:24,EURUSD,Sell,3.000,0.00000,0.00000,1.12795,1.12797,0.0000,0.0000,-0.2,-6.00,-0.01,"",0,00:00:09:39,,,,,,,,,,,,
,62783703,03/12/2019 11:14,03/12/2019 11:24,EURUSD,Sell,3.000,0.00000,0.00000,1.12797,1.12791,0.0000,0.0000,0.6,18.00,0.04,"",0,00:00:09:20,,,,,,,,,,,,
,62783717,03/12/2019 11:15,03/12/2019 11:23,EURUSD,Sell,15.000,0.00000,0.00000,1.12791,1.12787,0.0000,0.0000,0.4,60.00,0.12,"",0,00:00:08:54,,,,,,,,,,,,
,62750936,03/11/2019 23:14,,,Withdrawal,0.010,0.00000,0.00000,0.00000,0.00000,0.0000,0.0000,0.0,-1324.00,0,"Transfer to 7241926 #5211849",0,00:00:00:00,,,,,,,,,,,,
,62732689,03/11/2019 18:08,03/11/2019 18:18,EURUSD,Buy,0.500,0.00000,0.00000,1.12284,1.12273,0.0000,0.0000,-1.1,-5.50,-0.01,"",0,00:00:09:58,,,,,,,,,,,,
,62733039,03/11/2019 18:13,03/11/2019 18:18,EURUSD,Buy,0.500,0.00000,0.00000,1.12247,1.12275,0.0000,0.0000,2.8,14.00,0.03,"",0,00:00:05:04,,,,,,,,,,,,
,62732151,03/11/2019 18:05,03/11/2019 18:18,EURUSD,Buy,0.500,0.00000,0.00000,1.12273,1.12266,0.0000,0.0000,-0.7,-3.50,-0.01,"",0,00:00:12:18,,,,,,,,,,,,
,62732138,03/11/2019 18:05,03/11/2019 18:18,EURUSD,Buy,0.100,0.00000,0.00000,1.12275,1.12267,0.0000,0.0000,-0.8,-0.80,0.00,"",0,00:00:12:25,,,,,,,,,,,,
,62732977,03/11/2019 18:12,03/11/2019 18:18,EURUSD,Buy,0.500,0.00000,0.00000,1.12237,1.12265,0.0000,0.0000,2.8,14.00,0.03,"",0,00:00:05:10,,,,,,,,,,,,
,62733102,03/11/2019 18:13,03/11/2019 18:17,EURUSD,Buy,3.000,1.12080,0.00000,1.12262,1.12266,0.0000,0.0000,0.4,12.00,0.02,"",0,00:00:04:23,,,,,,,,,,,,
,62729520,03/11/2019 17:50,03/11/2019 17:58,EURUSD,Sell,5.000,0.00000,1.11400,1.12316,1.12245,0.0000,0.0000,7.1,355.00,0.69,"from #62729464",0,00:00:07:33,,,,,,,,,,,,
,62730170,03/11/2019 17:56,03/11/2019 17:58,EURUSD,Sell,2.000,0.00000,0.00000,1.12254,1.12246,0.0000,0.0000,0.8,16.00,0.03,"",0,00:00:01:22,,,,,,,,,,,,
,62729464,03/11/2019 17:50,03/11/2019 17:52,EURUSD,Sell,5.000,0.00000,1.11400,1.12316,1.12310,0.0000,0.0000,0.6,30.00,0.06,"to #62729520",0,00:00:01:58,,,,,,,,,,,,
,62729037,03/11/2019 17:50,03/11/2019 17:52,EURUSD,Sell,10.000,0.00000,1.11400,1.12316,1.12300,0.0000,0.0000,1.6,160.00,0.31,"to #62729464",0,00:00:01:18,,,,,,,,,,,,
,62710433,03/11/2019 15:19,03/11/2019 17:22,EURUSD,Sell,5.000,0.00000,1.12280,1.12436,1.12360,0.0000,0.0000,7.6,380.00,0.74,"",0,00:02:03:18,100.0,2h 3m,8.5,0.10,10.2,509.99999999999994,0.0,0.0,100.0,74.5,-2.60,-130.00
,62708284,03/11/2019 14:59,03/11/2019 17:22,EURUSD,Sell,10.000,0.00000,1.12280,1.12359,1.12360,0.0000,0.0000,-0.1,-10.00,-0.02,"",0,00:02:22:32,40.0,57m,11.5,1.09,5.5,550.0,-6.0,-600.0,47.8,51.3,-5.60,-560.00
,62709406,03/11/2019 15:06,03/11/2019 17:21,EURUSD,Sell,10.000,0.00000,0.00000,1.12416,1.12350,0.0000,0.0000,6.6,660.00,1.30,"",0,00:02:15:19,88.9,2h 0m,10.6,0.03,10.3,1030.0,-0.3,-30.0,97.2,65.1,-3.70,-370.00
,62708265,03/11/2019 14:59,03/11/2019 17:18,EURUSD,Sell,20.000,0.00000,1.12280,1.12367,1.12357,0.0000,0.0000,1.0,200.00,0.40,"",0,00:02:19:23,60.0,1h 23m,11.5,0.83,6.3,1260.0,-5.2,-1040.0,54.8,53.9,-5.30,-1060.00
,62709120,03/11/2019 15:03,03/11/2019 17:14,EURUSD,Sell,10.000,0.00000,1.12280,1.12393,1.12388,0.0000,0.0000,0.5,50.00,0.10,"",0,00:02:10:56,75.0,1h 38m,10.6,0.33,8.0,800.0,-2.6,-260.0,75.5,29.2,-7.50,-750.00
,62711140,03/11/2019 15:25,03/11/2019 16:52,EURUSD,Sell,5.000,0.00000,0.00000,1.12480,1.12386,0.0000,0.0000,9.4,470.00,0.94,"",0,00:01:26:45,100.0,1h 26m,8.5,0.07,14.6,730.0,0.0,0.0,100.0,64.4,-5.20,-260.00
,62711816,03/11/2019 15:31,03/11/2019 16:52,EURUSD,Sell,5.000,0.00000,0.00000,1.12521,1.12382,0.0000,0.0000,13.9,695.00,1.41,"",0,00:01:21:00,100.0,1h 21m,6.7,0.06,16.9,844.9999999999999,0.0,0.0,100.0,82.2,-3.00,-150.00
,62646153,03/08/2019 17:39,03/11/2019 14:54,EURUSD,Sell,5.000,0.00000,0.00000,1.12295,1.12426,0.0000,-2.6000,-13.1,-657.60,-1.32,"",0,02:21:14:57,3.3,2h 17m,31.7,5.75,4.7,235.0,-27.0,-1350.0,14.8,43.8,-17.80,-890.00
,62667193,03/11/2019 01:24,03/11/2019 14:54,EURUSD,Sell,10.000,0.00000,0.00000,1.12342,1.12423,0.0000,0.0000,-8.1,-810.00,-1.60,"",0,00:13:30:18,22.3,3h 0m,24.6,2.40,9.3,930.0000000000001,-22.3,-2230.0,29.4,44.9,-17.40,-1740.00
,62704226,03/11/2019 09:11,03/11/2019 14:54,EURUSD,Sell,5.000,0.00000,1.12270,1.12388,1.12423,0.0000,0.0000,-3.5,-175.00,-0.34,"from #62680838",0,00:05:43:17,21.8,1h 14m,17.4,0.94,13.9,695.0,-13.0,-650.0,51.7,35.3,-17.40,-870.00
,62702770,03/11/2019 14:01,03/11/2019 14:48,EURUSD,Sell,5.000,0.00000,0.00000,1.12443,1.12407,0.0000,0.0000,3.6,180.00,0.36,"",0,00:00:46:23,,,,,,,,,,,,
,62680838,03/11/2019 09:11,03/11/2019 14:17,EURUSD,Sell,5.000,0.00000,1.12270,1.12388,1.12395,0.0000,0.0000,-0.7,-35.00,-0.07,"to #62704226",0,00:05:06:25,14.3,43m,15.4,5.20,2.5,125.0,-13.0,-650.0,16.1,79.4,-3.20,-160.00
,62700895,03/11/2019 13:39,03/11/2019 14:17,EURUSD,Sell,5.000,0.00000,0.00000,1.12423,1.12394,0.0000,0.0000,2.9,145.00,0.29,"",0,00:00:37:26,,,,,,,,,,,,
,62697450,03/11/2019 12:50,03/11/2019 13:33,EURUSD,Sell,5.000,0.00000,0.00000,1.12434,1.12427,0.0000,0.0000,0.7,35.00,0.07,"",0,00:00:43:36,,,,,,,,,,,,
,62697692,03/11/2019 12:55,03/11/2019 13:33,EURUSD,Sell,5.000,0.00000,0.00000,1.12446,1.12427,0.0000,0.0000,1.9,95.00,0.19,"",0,00:00:37:54,,,,,,,,,,,,
,62698735,03/11/2019 13:06,03/11/2019 13:33,EURUSD,Sell,5.000,0.00000,0.00000,1.12467,1.12427,0.0000,0.0000,4.0,200.00,0.40,"",0,00:00:27:12,,,,,,,,,,,,
,62678847,03/11/2019 08:25,03/11/2019 12:21,EURUSD,Sell,10.000,0.00000,1.12240,1.12382,1.12381,0.0000,0.0000,0.1,10.00,0.02,"",0,00:03:55:41,12.5,29m,15.4,7.84,1.8,180.0,-14.1,-1410.0,11.3,89.3,-1.70,-170.00
,62650873,03/08/2019 18:13,03/11/2019 12:20,EURUSD,Sell,15.000,0.00000,1.12150,1.12360,1.12370,0.0000,-7.8000,-1.0,-157.80,-0.31,"",0,02:18:07:27,88.4,2d 10h ,31.7,1.83,11.2,1680.0,-20.5,-3075.0,35.3,61.5,-12.20,-1830.00
,62681581,03/11/2019 09:28,03/11/2019 12:20,EURUSD,Sell,10.000,0.00000,0.00000,1.12418,1.12381,0.0000,0.0000,3.7,370.00,0.74,"",0,00:02:51:55,41.7,1h 11m,15.4,1.85,5.4,540.0,-10.0,-1000.0,35.1,89.0,-1.70,-170.00
,62682311,03/11/2019 09:40,03/11/2019 12:16,EURUSD,Sell,10.000,0.00000,0.00000,1.12438,1.12412,0.0000,0.0000,2.6,260.00,0.52,"",0,00:02:36:07,81.9,2h 7m,15.4,1.08,7.4,740.0,-8.0,-800.0,48.1,68.8,-4.80,-480.00
,62683500,03/11/2019 09:54,03/11/2019 12:16,EURUSD,Sell,10.000,0.00000,0.00000,1.12474,1.12412,0.0000,0.0000,6.2,620.00,1.26,"",0,00:02:22:04,90.0,2h 7m,15.4,0.40,11.0,1100.0,-4.4,-440.00000000000006,71.4,68.8,-4.80,-480.00
,62691274,03/11/2019 11:44,03/11/2019 12:05,EURUSD,Sell,20.000,0.00000,0.00000,1.12561,1.12491,0.0000,0.0000,7.0,1400.00,2.94,"",0,00:00:21:22,,,,,,,,,,,,
,62683549,03/11/2019 09:55,03/11/2019 10:20,EURUSD,Sell,10.000,0.00000,0.00000,1.12480,1.12442,0.0000,0.0000,3.8,380.00,0.80,"",0,00:00:25:35,,,,,,,,,,,,
,62679146,03/11/2019 08:32,03/11/2019 09:00,EURUSD,Sell,10.000,0.00000,1.12220,1.12393,1.12368,0.0000,0.0000,2.5,250.00,0.53,"",0,00:00:27:57,,,,,,,,,,,,
,62667266,03/11/2019 01:28,03/11/2019 08:03,EURUSD,Sell,5.000,0.00000,0.00000,1.12352,1.12351,0.0000,0.0000,0.1,5.00,0.01,"",0,00:06:34:06,51.9,3h 24m,16.6,4.03,3.3,165.0,-13.3,-665.0,19.9,80.7,-3.20,-160.00
,62646128,03/08/2019 17:39,03/11/2019 00:18,EURUSD,Sell,1.000,0.00000,0.00000,1.12292,1.12323,0.0000,-0.5200,-3.1,-31.52,-0.07,"",0,02:06:39:30,2.8,1h 31m,12.3,2.80,4.4,44.0,-12.3,-123.0,26.3,55.1,-7.50,-75.00
,62650682,03/08/2019 18:10,03/11/2019 00:18,EURUSD,Sell,5.000,0.00000,1.12150,1.12335,1.12323,0.0000,-2.6000,1.2,57.40,0.12,"",0,02:06:08:01,8.3,4h 29m,7.5,0.29,8.7,434.99999999999994,-2.5,-125.0,77.7,33.0,-7.50,-375.00
,62651100,03/08/2019 18:16,03/11/2019 00:18,EURUSD,Sell,15.000,0.00000,1.12150,1.12399,1.12322,0.0000,-7.8000,7.7,1147.20,2.50,"",0,02:06:01:14,100.0,2d 6h ,7.4,0.07,15.1,2265.0,0.0,0.0,100.0,51.0,-7.40,-1110.00
,62646936,03/08/2019 17:49,03/11/2019 00:17,EURUSD,Sell,5.000,0.00000,1.12150,1.12304,1.12322,0.0000,-2.6000,-1.8,-92.60,-0.20,"",0,02:06:28:40,2.8,1h 31m,7.4,1.00,5.6,280.0,-5.6,-280.0,50.0,33.9,-7.40,-370.00
,62646458,03/08/2019 17:43,03/11/2019 00:17,EURUSD,Sell,5.000,0.00000,1.12150,1.12303,1.12322,0.0000,-2.6000,-1.9,-97.60,-0.21,"",0,02:06:33:59,2.8,1h 31m,11.2,2.04,5.5,275.0,-11.2,-560.0,32.9,55.7,-7.40,-370.00
,62647023,03/08/2019 17:49,03/11/2019 00:17,EURUSD,Sell,5.000,0.00000,1.12150,1.12323,1.12322,0.0000,-2.6000,0.1,2.40,0.01,"",0,02:06:27:55,6.5,3h 32m,7.4,0.49,7.5,375.0,-3.7,-185.0,67.0,33.9,-7.40,-370.00
,62651562,03/08/2019 18:24,03/11/2019 00:17,EURUSD,Sell,15.000,0.00000,1.12150,1.12408,1.12322,0.0000,-7.8000,8.6,1282.20,2.86,"",0,02:05:53:29,100.0,2d 5h ,7.4,0.06,16.0,2400.0,0.0,0.0,100.0,53.7,-7.40,-1110.00
,62652085,03/08/2019 18:29,03/11/2019 00:17,EURUSD,Sell,15.000,0.00000,1.12150,1.12425,1.12322,0.0000,-7.8000,10.3,1537.20,3.55,"",0,02:05:47:47,100.0,2d 5h ,7.4,0.06,17.7,2655.0,0.0,0.0,100.0,58.2,-7.40,-1110.00
,62631741,03/08/2019 15:28,03/08/2019 15:31,EURUSD,Sell,0.010,0.00000,0.00000,1.12220,1.12258,0.0000,0.0000,-3.8,-0.38,0.00,"",0,00:00:02:53,,,,,,,,,,,,
,62632666,03/08/2019 15:31,03/08/2019 15:31,EURUSD,Sell,1.000,0.00000,0.00000,1.12349,1.12265,0.0000,0.0000,8.4,84.00,0.19,"",0,00:00:00:36,,,,,,,,,,,,
,62609603,03/08/2019 08:12,03/08/2019 09:12,EURUSD,Sell,2.000,0.00000,0.00000,1.12012,1.12024,0.0000,0.0000,-1.2,-24.00,-0.06,"",0,00:01:00:13,0.0,0s,16.8,16.81,0.0,0.0,-16.8,-336.0,0.0,92.9,-1.20,-24.00
,62609615,03/08/2019 08:12,03/08/2019 09:12,EURUSD,Sell,2.000,0.00000,0.00000,1.12013,1.12024,0.0000,0.0000,-1.1,-22.00,-0.05,"",0,00:00:59:50,,,,,,,,,,,,
,62609327,03/08/2019 08:07,03/08/2019 09:12,EURUSD,Sell,2.000,0.00000,0.00000,1.12015,1.12018,0.0000,0.0000,-0.3,-6.00,-0.01,"",0,00:01:05:21,0.0,0s,16.5,16.50,0.0,0.0,-16.5,-330.0,0.0,98.2,-0.30,-6.00
,62610095,03/08/2019 08:25,03/08/2019 09:12,EURUSD,Sell,3.000,0.00000,0.00000,1.12028,1.12017,0.0000,0.0000,1.1,33.00,0.08,"",0,00:00:47:34,,,,,,,,,,,,
,62611279,03/08/2019 08:50,03/08/2019 09:11,EURUSD,Sell,5.000,0.00000,0.00000,1.12069,1.12024,0.0000,0.0000,4.5,225.00,0.52,"",0,00:00:21:06,,,,,,,,,,,,
,62609965,03/08/2019 08:21,03/08/2019 09:11,EURUSD,Sell,3.000,0.00000,0.00000,1.12033,1.12024,0.0000,0.0000,0.9,27.00,0.06,"",0,00:00:49:29,,,,,,,,,,,,
,62611018,03/08/2019 08:47,03/08/2019 09:10,EURUSD,Sell,5.000,0.00000,0.00000,1.12055,1.12025,0.0000,0.0000,3.0,150.00,0.35,"",0,00:00:23:21,,,,,,,,,,,,
,62609772,03/08/2019 08:17,03/08/2019 09:10,EURUSD,Sell,3.000,0.00000,0.00000,1.12029,1.12026,0.0000,0.0000,0.3,9.00,0.02,"",0,00:00:53:03,,,,,,,,,,,,
,62602208,03/08/2019 04:51,,,Withdrawal,0.010,0.00000,0.00000,0.00000,0.00000,0.0000,0.0000,0.0,-2359.10,0,"Withdraw CC-REFUND USD #5197310",0,00:00:00:00,,,,,,,,,,,,
,62587665,03/07/2019 21:40,03/08/2019 04:46,EURUSD,Buy,50.000,0.00000,1.12150,1.11917,1.11987,0.0000,-300.0000,7.0,3200.00,7.63,"",0,00:07:06:39,72.5,5h 9m,8.6,0.22,15.6,7800.0,-3.5,-1750.0,81.7,55.0,-8.60,-4300.00
,62589955,03/07/2019 21:54,03/08/2019 04:40,EURUSD,Buy,10.000,0.00000,1.12000,1.11837,1.11976,0.0000,-60.0000,13.9,1330.00,3.28,"",0,00:06:46:09,100.0,6h 46m,7.7,0.05,21.6,2160.0,0.0,0.0,100.0,64.4,-7.70,-770.00
,62587158,03/07/2019 21:39,03/08/2019 04:40,EURUSD,Buy,50.000,0.00000,1.12020,1.11907,1.11976,0.0000,-300.0000,6.9,3150.00,8.41,"",0,00:07:00:33,82.2,5h 45m,7.7,0.17,14.6,7300.0,-2.5,-1250.0,85.4,55.0,-7.70,-3850.00
,62589348,03/07/2019 21:49,03/08/2019 04:35,EURUSD,Buy,10.000,0.00000,1.12000,1.11825,1.11968,0.0000,-60.0000,14.3,1370.00,3.80,"",0,00:06:45:51,100.0,6h 45m,8.5,0.04,22.8,2280.0,0.0,0.0,100.0,62.7,-8.50,-850.00
,62589340,03/07/2019 21:49,03/08/2019 04:35,EURUSD,Buy,10.000,0.00000,1.12080,1.11826,1.11966,0.0000,-60.0000,14.0,1340.00,3.86,"",0,00:06:45:52,100.0,6h 45m,8.7,0.04,22.7,2270.0,0.0,0.0,100.0,61.7,-8.70,-870.00
,62588349,03/07/2019 21:44,03/08/2019 04:32,EURUSD,Buy,20.000,0.00000,1.12080,1.11925,1.11941,0.0000,-120.0000,1.6,200.00,0.58,"",0,00:06:48:12,67.9,4h 37m,11.2,0.34,12.8,2560.0,-4.3,-860.0,74.9,34.5,-11.20,-2240.00
,62589049,03/07/2019 21:46,03/08/2019 04:31,EURUSD,Buy,20.000,0.00000,1.12080,1.11833,1.11946,0.0000,-120.0000,11.3,2140.00,6.60,"",0,00:06:44:52,100.0,6h 44m,10.7,0.05,22.0,4400.0,0.0,0.0,100.0,51.4,-10.70,-2140.00
,62586319,03/07/2019 21:31,,,Withdrawal,0.010,0.00000,0.00000,0.00000,0.00000,0.0000,0.0000,0.0,-234.00,0,"Withdraw CC-REFUND USD #5195907",0,00:00:00:00,,,,,,,,,,,,
,62571039,03/07/2019 18:53,03/07/2019 19:15,EURUSD,Buy,10.000,1.11840,0.00000,1.12146,1.12152,0.0000,0.0000,0.6,60.00,0.18,"",0,00:00:22:29,,,,,,,,,,,,
,62571205,03/07/2019 18:53,03/07/2019 19:15,EURUSD,Buy,5.000,1.11840,0.00000,1.12132,1.12153,0.0000,0.0000,2.1,105.00,0.32,"",0,00:00:21:49,,,,,,,,,,,,
,62571422,03/07/2019 18:55,03/07/2019 19:15,EURUSD,Buy,5.000,1.11840,0.00000,1.12129,1.12132,0.0000,0.0000,0.3,15.00,0.05,"",0,00:00:20:26,,,,,,,,,,,,
,62573872,03/07/2019 19:02,03/07/2019 19:15,EURUSD,Buy,10.000,1.11840,0.00000,1.12114,1.12129,0.0000,0.0000,1.5,150.00,0.46,"",0,00:00:13:13,,,,,,,,,,,,
,62574368,03/07/2019 19:05,03/07/2019 19:15,EURUSD,Buy,10.000,1.11840,0.00000,1.12100,1.12144,0.0000,0.0000,4.4,440.00,1.38,"",0,00:00:09:53,,,,,,,,,,,,
,62572270,03/07/2019 18:58,03/07/2019 19:00,EURUSD,Buy,15.000,1.11840,0.00000,1.12101,1.12131,0.0000,0.0000,3.0,450.00,1.43,"",0,00:00:01:55,,,,,,,,,,,,
,62560994,03/07/2019 17:26,,,Withdrawal,0.010,0.00000,0.00000,0.00000,0.00000,0.0000,0.0000,0.0,-1131.00,0,"Withdraw CC-REFUND USD #5194292",0,00:00:00:00,,,,,,,,,,,,
,62517002,03/07/2019 09:41,03/07/2019 14:46,EURUSD,Sell,3.000,0.00000,0.00000,1.13050,1.12834,0.0000,0.0000,21.6,648.00,2.03,"",0,00:05:05:20,85.8,4h 21m,69.9,0.04,91.5,2745.0,-3.9,-117.0,95.9,26.7,-69.90,-2097.00
,62516086,03/07/2019 09:05,03/07/2019 14:46,EURUSD,Sell,3.000,0.00000,0.00000,1.13015,1.12828,0.0000,0.0000,18.7,561.00,1.79,"",0,00:05:40:39,78.3,4h 26m,69.3,0.13,88.0,2640.0,-11.4,-342.0,88.5,30.3,-69.30,-2079.00
,62514726,03/07/2019 08:13,03/07/2019 14:46,EURUSD,Sell,3.000,0.00000,0.00000,1.13053,1.12880,0.0000,0.0000,17.3,519.00,1.68,"",0,00:06:33:27,66.7,4h 22m,74.5,0.14,91.8,2754.0,-13.1,-393.0,87.5,29.0,-74.50,-2235.00
,62518776,03/07/2019 10:06,03/07/2019 14:46,EURUSD,Sell,3.000,0.00000,0.00000,1.13084,1.12813,0.0000,0.0000,27.1,813.00,2.71,"",0,00:04:39:59,100.0,4h 39m,67.8,0.01,94.9,2847.0,0.0,0.0,100.0,28.6,-67.80,-2034.00
,62514720,03/07/2019 08:13,03/07/2019 14:46,EURUSD,Sell,3.000,0.00000,0.00000,1.13053,1.12786,0.0000,0.0000,26.7,801.00,2.74,"",0,00:06:33:24,66.7,4h 22m,65.1,0.14,91.8,2754.0,-13.1,-393.0,87.5,37.9,-65.10,-1953.00
,62519662,03/07/2019 10:24,03/07/2019 14:46,EURUSD,Sell,4.000,0.00000,0.00000,1.13076,1.12772,0.0000,0.0000,30.4,1216.00,4.34,"",0,00:04:21:39,100.0,4h 21m,63.7,0.01,94.1,3764.0,0.0,0.0,100.0,32.3,-63.70,-2548.00
,62518770,03/07/2019 10:06,03/07/2019 14:31,EURUSD,Sell,3.000,0.00000,0.00000,1.13083,1.13101,0.0000,0.0000,-1.8,-54.00,-0.19,"",0,00:04:25:04,88.9,3h 55m,89.1,0.02,87.3,2619.0,-1.8,-54.0,98.0,0.0,-89.10,-2673.00
,62519855,03/07/2019 10:28,03/07/2019 14:31,EURUSD,Sell,4.000,0.00000,0.00000,1.13117,1.13101,0.0000,0.0000,1.6,64.00,0.23,"",0,00:04:03:07,100.0,4h 3m,89.1,0.01,90.7,3628.0,0.0,0.0,100.0,1.8,-89.10,-3564.00
,62527763,03/07/2019 13:00,03/07/2019 14:31,EURUSD,Sell,4.000,0.00000,0.00000,1.13163,1.13102,0.0000,0.0000,6.1,244.00,0.88,"",0,00:01:30:42,100.0,1h 30m,89.2,0.01,95.3,3812.0,0.0,0.0,100.0,6.4,-89.20,-3568.00
,62528109,03/07/2019 13:05,03/07/2019 14:31,EURUSD,Sell,4.000,0.00000,0.00000,1.13189,1.13101,0.0000,0.0000,8.8,352.00,1.29,"",0,00:01:25:53,100.0,1h 25m,89.1,0.01,97.9,3916.0,0.0,0.0,100.0,9.0,-89.10,-3564.00
,62513203,03/07/2019 06:58,,,Withdrawal,0.010,0.00000,0.00000,0.00000,0.00000,0.0000,0.0000,0.0,-857.70,0,"Withdraw CC-REFUND USD #5191265",0,00:00:00:00,,,,,,,,,,,,
,62478346,03/06/2019 16:23,03/06/2019 19:41,EURUSD,Sell,5.000,0.00000,0.00000,1.13137,1.13083,0.0000,0.0000,5.4,270.00,0.97,"",0,00:03:18:43,100.0,3h 18m,5.5,0.13,7.9,395.0,0.0,0.0,100.0,68.4,-2.50,-125.00
,62467012,03/06/2019 13:14,03/06/2019 19:41,EURUSD,Sell,5.000,0.00000,0.00000,1.13043,1.13084,0.0000,0.0000,-4.1,-205.00,-0.73,"",0,00:06:27:20,0.0,0s,16.7,16.72,0.0,0.0,-16.7,-835.0,0.0,75.4,-4.10,-205.00
,62466734,03/06/2019 13:05,03/06/2019 19:41,EURUSD,Sell,5.000,0.00000,0.00000,1.13027,1.13084,0.0000,0.0000,-5.7,-285.00,-1.00,"",0,00:06:36:12,0.0,0s,18.3,18.32,0.0,0.0,-18.3,-915.0,0.0,68.9,-5.70,-285.00
,62489617,03/06/2019 18:09,03/06/2019 19:41,EURUSD,Sell,5.000,0.00000,0.00000,1.13209,1.13082,0.0000,0.0000,12.7,635.00,2.28,"",0,00:01:32:15,100.0,1h 32m,0.0,0.08,12.7,635.0,0.0,0.0,100.0,100.0,0.00,0.00
,62457269,03/06/2019 09:27,03/06/2019 19:41,EURUSD,Sell,5.000,0.00000,0.00000,1.12967,1.13082,0.0000,0.0000,-11.5,-575.00,-2.02,"",0,00:10:13:21,0.0,0s,24.3,24.33,0.0,0.0,-24.3,-1215.0,0.0,52.7,-11.50,-575.00
,62486172,03/06/2019 17:38,03/06/2019 19:41,EURUSD,Sell,8.000,0.00000,0.00000,1.13158,1.13083,0.0000,0.0000,7.5,600.00,2.16,"",0,00:02:02:36,100.0,2h 2m,3.2,0.13,7.7,616.0,0.0,0.0,100.0,97.4,-0.20,-16.00
,62457225,03/06/2019 09:26,03/06/2019 19:41,EURUSD,Sell,5.000,0.00000,0.00000,1.12960,1.13084,0.0000,0.0000,-12.4,-620.00,-2.18,"",0,00:10:14:54,0.0,0s,25.0,25.00,0.0,0.0,-25.0,-1250.0,0.0,50.4,-12.40,-620.00
,62474743,03/06/2019 15:47,03/06/2019 19:40,EURUSD,Sell,5.000,0.00000,0.00000,1.13051,1.13081,0.0000,0.0000,-3.0,-150.00,-0.52,"",0,00:03:53:39,0.0,0s,6.2,6.20,0.0,0.0,-6.2,-310.0,0.0,51.6,-3.00,-150.00
,62487059,03/06/2019 17:48,03/06/2019 19:40,EURUSD,Sell,10.000,0.00000,0.00000,1.13220,1.13084,0.0000,0.0000,13.6,1360.00,5.00,"",0,00:01:51:52,100.0,1h 51m,1.9,0.07,13.6,1360.0,0.0,0.0,100.0,100.0,0.00,0.00
,62458573,03/06/2019 10:02,03/06/2019 15:39,EURUSD,Sell,5.000,0.00000,0.00000,1.13012,1.13001,0.0000,0.0000,1.1,55.00,0.20,"",0,00:05:37:00,4.6,15m,19.8,18.02,1.1,55.00000000000001,-19.8,-990.0,5.3,100.0,0.00,0.00
,62457241,03/06/2019 09:26,03/06/2019 15:38,EURUSD,Sell,5.000,0.00000,0.00000,1.12977,1.12966,0.0000,0.0000,1.1,55.00,0.20,"",0,00:06:11:30,4.0,14m,23.3,21.19,1.1,55.00000000000001,-23.3,-1165.0,4.5,100.0,0.00,0.00
,62458277,03/06/2019 09:59,03/06/2019 15:37,EURUSD,Sell,5.000,0.00000,0.00000,1.12993,1.12975,0.0000,0.0000,1.8,90.00,0.33,"",0,00:05:38:14,4.4,14m,21.7,12.06,1.8,90.0,-21.7,-1085.0,7.7,100.0,0.00,0.00
,62459034,03/06/2019 10:12,03/06/2019 15:32,EURUSD,Sell,15.000,0.00000,0.00000,1.13030,1.12998,0.0000,0.0000,3.2,480.00,1.81,"",0,00:05:20:07,13.7,43m,19.0,5.63,3.2,480.0,-18.0,-2700.0,15.1,100.0,0.00,0.00
,62471926,03/06/2019 15:20,03/06/2019 15:32,EURUSD,Sell,5.000,0.00000,0.00000,1.13105,1.12993,0.0000,0.0000,11.2,560.00,2.16,"",0,00:00:11:40,,,,,,,,,,,,
,62471919,03/06/2019 15:20,03/06/2019 15:32,EURUSD,Sell,5.000,0.00000,0.00000,1.13105,1.12982,0.0000,0.0000,12.3,615.00,2.43,"",0,00:00:11:40,,,,,,,,,,,,
,62459953,03/06/2019 10:30,03/06/2019 12:23,EURUSD,Sell,5.000,0.00000,0.00000,1.13050,1.13021,0.0000,0.0000,2.9,145.00,0.58,"",0,00:01:52:06,57.2,1h 4m,8.9,1.97,3.0,150.0,-5.9,-295.0,33.7,98.9,-0.10,-5.00
,62458072,03/06/2019 09:51,03/06/2019 12:22,EURUSD,Sell,5.000,0.00000,0.00000,1.13000,1.13011,0.0000,0.0000,-1.1,-55.00,-0.22,"",0,00:02:31:52,0.0,0s,10.9,10.91,0.0,0.0,-10.9,-545.0,0.0,89.9,-1.10,-55.00
,62457592,03/06/2019 09:37,03/06/2019 12:22,EURUSD,Sell,5.000,0.00000,0.00000,1.12990,1.13011,0.0000,0.0000,-2.1,-105.00,-0.41,"",0,00:02:44:52,0.0,0s,11.9,11.90,0.0,0.0,-11.9,-595.0,0.0,82.4,-2.10,-105.00
,62460175,03/06/2019 10:35,03/06/2019 12:22,EURUSD,Sell,10.000,0.00000,0.00000,1.13074,1.13008,0.0000,0.0000,6.6,660.00,2.67,"",0,00:01:46:40,71.5,1h 16m,8.9,0.53,6.6,660.0,-3.5,-350.0,65.3,100.0,0.00,0.00
,62438224,03/05/2019 21:52,,,Withdrawal,0.010,0.00000,0.00000,0.00000,0.00000,0.0000,0.0000,0.0,-1550.00,0,"Withdraw CC-REFUND USD #5185566",0,00:00:00:00,,,,,,,,,,,,
,62430098,03/05/2019 19:00,03/05/2019 20:05,EURUSD,Buy,3.000,0.00000,0.00000,1.13001,1.12960,0.0000,0.0000,-4.1,-123.00,-0.47,"",0,00:01:04:44,75.0,48m,11.3,0.57,7.2,216.0,-4.1,-122.99999999999999,63.7,0.0,-11.30,-339.00
,62431056,03/05/2019 19:20,03/05/2019 20:05,EURUSD,Buy,2.000,0.00000,0.00000,1.12923,1.12961,0.0000,0.0000,3.8,76.00,0.29,"",0,00:00:44:26,,,,,,,,,,,,
,62431052,03/05/2019 19:20,03/05/2019 19:48,EURUSD,Buy,3.000,0.00000,0.00000,1.12923,1.12950,0.0000,0.0000,2.7,81.00,0.31,"",0,00:00:27:42,,,,,,,,,,,,
,62431336,03/05/2019 19:28,03/05/2019 19:40,EURUSD,Buy,5.000,0.00000,0.00000,1.12920,1.12934,0.0000,0.0000,1.4,70.00,0.27,"",0,00:00:11:56,,,,,,,,,,,,
,62406354,03/05/2019 15:29,03/05/2019 15:59,AUDCAD,Buy,3.000,0.00000,0.00000,0.94409,0.94396,0.0000,0.0000,-1.3,-29.24,-0.11,"",0,00:00:29:30,,,,,,,,,,,,
,62403031,03/05/2019 14:51,03/05/2019 15:56,EURUSD,Buy,3.000,0.00000,0.00000,1.13287,1.13293,0.0000,0.0000,0.6,18.00,0.07,"",0,00:01:04:42,25.0,16m,37.5,62.89,0.6,18.0,-37.5,-1125.0,1.6,100.0,0.00,0.00
,62406360,03/05/2019 15:29,03/05/2019 15:56,EURUSD,Buy,3.000,0.00000,0.00000,1.13263,1.13299,0.0000,0.0000,3.6,108.00,0.41,"",0,00:00:26:30,,,,,,,,,,,,
,62403278,03/05/2019 14:54,03/05/2019 15:44,EURUSD,Buy,2.000,0.00000,0.00000,1.13266,1.13273,0.0000,0.0000,0.7,14.00,0.05,"",0,00:00:49:27,,,,,,,,,,,,
,62403019,03/05/2019 14:51,03/05/2019 15:23,EURUSD,Buy,0.500,0.00000,0.00000,1.13283,1.13271,0.0000,0.0000,-1.2,-6.00,-0.02,"",0,00:00:32:16,,,,,,,,,,,,
,62402713,03/05/2019 14:50,03/05/2019 15:23,EURUSD,Buy,3.000,0.00000,0.00000,1.13272,1.13278,0.0000,0.0000,0.6,18.00,0.07,"",0,00:00:33:24,,,,,,,,,,,,
,62403612,03/05/2019 14:58,03/05/2019 15:23,EURUSD,Buy,2.000,0.00000,0.00000,1.13245,1.13279,0.0000,0.0000,3.4,68.00,0.26,"",0,00:00:24:43,,,,,,,,,,,,
,62399275,03/05/2019 14:03,03/05/2019 14:38,EURUSD,Sell,3.000,0.00000,0.00000,1.13326,1.13305,0.0000,0.0000,2.1,63.00,0.24,"",0,00:00:35:22,,,,,,,,,,,,
,62398698,03/05/2019 13:56,03/05/2019 14:37,EURUSD,Sell,3.000,0.00000,0.00000,1.13320,1.13312,0.0000,0.0000,0.8,24.00,0.09,"",0,00:00:41:27,,,,,,,,,,,,
,62399478,03/05/2019 14:07,03/05/2019 14:37,EURUSD,Sell,3.000,0.00000,0.00000,1.13332,1.13314,0.0000,0.0000,1.8,54.00,0.21,"",0,00:00:29:17,,,,,,,,,,,,
,62398748,03/05/2019 13:57,03/05/2019 14:36,EURUSD,Sell,3.000,0.00000,0.00000,1.13316,1.13313,0.0000,0.0000,0.3,9.00,0.03,"",0,00:00:39:23,,,,,,,,,,,,
,62399093,03/05/2019 14:00,03/05/2019 14:36,EURUSD,Sell,3.000,0.00000,0.00000,1.13326,1.13313,0.0000,0.0000,1.3,39.00,0.15,"",0,00:00:36:48,,,,,,,,,,,,
,62400083,03/05/2019 14:15,03/05/2019 14:35,EURUSD,Sell,3.000,0.00000,0.00000,1.13366,1.13320,0.0000,0.0000,4.6,138.00,0.54,"",0,00:00:20:00,,,,,,,,,,,,
,62399818,03/05/2019 14:13,03/05/2019 14:35,EURUSD,Sell,10.000,0.00000,0.00000,1.13360,1.13319,0.0000,0.0000,4.1,410.00,1.62,"",0,00:00:21:54,,,,,,,,,,,,
,62394694,03/05/2019 12:52,03/05/2019 13:14,EURUSD,Buy,2.000,0.00000,0.00000,1.13271,1.13272,0.0000,0.0000,0.1,2.00,0.01,"",0,00:00:21:22,,,,,,,,,,,,
,62396073,03/05/2019 13:00,03/05/2019 13:13,EURUSD,Buy,5.000,0.00000,0.00000,1.13245,1.13273,0.0000,0.0000,2.8,140.00,0.56,"",0,00:00:13:09,,,,,,,,,,,,
,62396180,03/05/2019 13:02,03/05/2019 13:11,EURUSD,Buy,3.000,0.00000,0.00000,1.13251,1.13269,0.0000,0.0000,1.8,54.00,0.22,"",0,00:00:09:01,,,,,,,,,,,,
,62394357,03/05/2019 12:45,03/05/2019 13:11,EURUSD,Buy,3.000,0.00000,0.00000,1.13267,1.13269,0.0000,0.0000,0.2,6.00,0.02,"",0,00:00:26:23,,,,,,,,,,,,
,62394123,03/05/2019 12:41,03/05/2019 13:11,EURUSD,Buy,5.000,0.00000,0.00000,1.13265,1.13269,0.0000,0.0000,0.4,20.00,0.08,"",0,00:00:30:20,,,,,,,,,,,,
,62394817,03/05/2019 12:56,03/05/2019 13:11,EURUSD,Buy,2.000,0.00000,0.00000,1.13270,1.13271,0.0000,0.0000,0.1,2.00,0.01,"",0,00:00:14:56,,,,,,,,,,,,
,62379299,03/05/2019 09:16,03/05/2019 10:56,EURUSD,Buy,5.000,0.00000,0.00000,1.13261,1.13345,0.0000,0.0000,8.4,420.00,1.71,"",0,00:01:40:26,83.4,1h 23m,13.8,0.28,10.8,540.0,-3.0,-150.0,78.3,82.6,-2.40,-120.00
,62383444,03/05/2019 10:10,03/05/2019 10:56,EURUSD,Buy,5.000,0.00000,0.00000,1.13210,1.13364,0.0000,0.0000,15.4,770.00,3.23,"",0,00:00:45:36,,,,,,,,,,,,
,62383435,03/05/2019 10:10,03/05/2019 10:56,EURUSD,Buy,5.000,0.00000,0.00000,1.13206,1.13361,0.0000,0.0000,15.5,775.00,3.36,"",0,00:00:45:35,,,,,,,,,,,,
,62379223,03/05/2019 09:13,03/05/2019 10:56,EURUSD,Buy,15.000,0.00000,0.00000,1.13287,1.13358,0.0000,0.0000,7.1,1065.00,4.85,"",0,00:01:42:32,71.5,1h 13m,13.8,0.68,8.2,1230.0,-5.6,-840.0,59.4,92.0,-1.10,-165.00
,62379471,03/05/2019 09:18,03/05/2019 10:04,EURUSD,Buy,5.000,0.00000,0.00000,1.13247,1.13262,0.0000,0.0000,1.5,75.00,0.34,"",0,00:00:45:55,,,,,,,,,,,,
,62380268,03/05/2019 09:32,03/05/2019 10:04,EURUSD,Buy,15.000,0.00000,0.00000,1.13207,1.13263,0.0000,0.0000,5.6,840.00,3.99,"",0,00:00:31:50,,,,,,,,,,,,
,62376561,03/05/2019 08:08,03/05/2019 09:03,EURUSD,Sell,2.000,0.00000,0.00000,1.13275,1.13268,0.0000,0.0000,0.7,14.00,0.07,"",0,00:00:54:24,,,,,,,,,,,,
,62376072,03/05/2019 07:44,03/05/2019 09:03,EURUSD,Sell,2.000,0.00000,0.00000,1.13274,1.13264,0.0000,0.0000,1.0,20.00,0.10,"",0,00:01:18:24,83.4,1h 5m,6.5,0.35,4.8,96.0,-1.7,-34.0,73.8,41.5,-3.80,-76.00
,62376895,03/05/2019 08:29,03/05/2019 09:03,EURUSD,Sell,5.000,1.13270,0.00000,1.13296,1.13264,0.0000,0.0000,3.2,160.00,0.77,"",0,00:00:33:54,,,,,,,,,,,,
,62361187,03/04/2019 21:04,,,Withdrawal,0.010,0.00000,0.00000,0.00000,0.00000,0.0000,0.0000,0.0,-888.00,0,"Withdraw CC-REFUND USD #5179231",0,00:00:00:00,,,,,,,,,,,,
,62325124,03/04/2019 11:43,03/04/2019 12:26,EURUSD,Sell,2.000,0.00000,0.00000,1.13444,1.13416,0.0000,0.0000,2.8,56.00,0.26,"",0,00:00:42:29,,,,,,,,,,,,
,62325108,03/04/2019 11:43,03/04/2019 12:26,EURUSD,Sell,2.000,0.00000,0.00000,1.13437,1.13419,0.0000,0.0000,1.8,36.00,0.17,"",0,00:00:42:37,,,,,,,,,,,,
,62325643,03/04/2019 11:59,03/04/2019 12:26,EURUSD,Sell,5.000,0.00000,0.00000,1.13426,1.13416,0.0000,0.0000,1.0,50.00,0.23,"",0,00:00:27:11,,,,,,,,,,,,
,62325220,03/04/2019 11:45,03/04/2019 12:23,EURUSD,Sell,2.000,0.00000,0.00000,1.13445,1.13441,0.0000,0.0000,0.4,8.00,0.04,"",0,00:00:37:37,,,,,,,,,,,,
,62316116,03/04/2019 06:46,03/04/2019 10:15,EURUSD,Sell,0.500,0.00000,0.00000,1.13633,1.13494,0.0000,0.0000,13.9,69.50,0.32,"from #62315825",0,00:03:28:34,100.0,3h 28m,16.6,0.03,30.5,152.5,0.0,0.0,100.0,45.6,-16.60,-83.00
,62315825,03/04/2019 06:46,03/04/2019 10:13,EURUSD,Sell,0.500,0.00000,0.00000,1.13633,1.13509,0.0000,0.0000,12.4,62.00,0.29,"to #62316116",0,00:03:27:01,100.0,3h 27m,18.1,0.03,30.5,152.5,0.0,0.0,100.0,40.7,-18.10,-90.50
,62306986,03/04/2019 06:46,03/04/2019 10:09,EURUSD,Sell,1.000,0.00000,0.00000,1.13633,1.13528,0.0000,0.0000,10.5,105.00,0.49,"to #62315825",0,00:03:22:59,100.0,3h 22m,20.0,0.03,30.5,305.0,0.0,0.0,100.0,34.4,-20.00,-200.00
,62307757,03/04/2019 07:25,03/04/2019 10:09,EURUSD,Sell,3.000,0.00000,0.00000,1.13629,1.13527,0.0000,0.0000,10.2,306.00,1.45,"",0,00:02:43:35,100.0,2h 43m,19.9,0.03,30.1,903.0,0.0,0.0,100.0,33.9,-19.90,-597.00
,62307755,03/04/2019 07:25,03/04/2019 10:06,EURUSD,Sell,3.000,1.13602,0.00000,1.13625,1.13514,0.0000,0.0000,11.1,333.00,1.61,"",0,00:02:41:08,100.0,2h 41m,18.6,0.03,29.7,891.0,0.0,0.0,100.0,37.4,-18.60,-558.00
,62313735,03/04/2019 09:54,03/04/2019 10:06,EURUSD,Sell,3.000,0.00000,0.00000,1.13589,1.13512,0.0000,0.0000,7.7,231.00,1.13,"",0,00:00:12:01,,,,,,,,,,,,
,62306988,03/04/2019 06:46,03/04/2019 09:50,EURUSD,Sell,2.000,0.00000,0.00000,1.13633,1.13583,0.0000,0.0000,5.0,100.00,0.49,"",0,00:03:03:36,100.0,3h 3m,25.5,0.03,30.5,610.0,0.0,0.0,100.0,16.4,-25.50,-510.00
,62309853,03/04/2019 08:54,03/04/2019 09:50,EURUSD,Sell,5.000,0.00000,0.00000,1.13669,1.13583,0.0000,0.0000,8.6,430.00,2.15,"",0,00:00:55:49,,,,,,,,,,,,
,62310790,03/04/2019 09:02,03/04/2019 09:49,EURUSD,Sell,5.000,0.00000,0.00000,1.13654,1.13579,0.0000,0.0000,7.5,375.00,1.91,"",0,00:00:47:33,,,,,,,,,,,,
,62294624,03/04/2019 00:05,03/04/2019 04:15,EURUSD,Sell,5.000,0.00000,0.00000,1.13750,1.13713,0.0000,0.0000,3.7,185.00,0.95,"",0,00:04:09:11,100.0,4h 9m,9.0,0.08,12.7,635.0,0.0,0.0,100.0,29.1,-9.00,-450.00
,62294630,03/04/2019 00:05,03/04/2019 04:14,EURUSD,Sell,10.000,0.00000,0.00000,1.13750,1.13713,0.0000,0.0000,3.7,370.00,1.94,"",0,00:04:08:38,100.0,4h 8m,9.0,0.08,12.7,1270.0,0.0,0.0,100.0,29.1,-9.00,-900.00
,62283925,03/01/2019 22:09,,,Withdrawal,0.010,0.00000,0.00000,0.00000,0.00000,0.0000,0.0000,0.0,-20000.00,0,"Transfer to 2981948 #5168456",0,00:00:00:00,,,,,,,,,,,,
,62281665,03/01/2019 17:24,03/01/2019 21:52,EURUSD,Sell,10.000,0.00000,1.13380,1.13935,1.13598,0.0000,0.0000,33.7,3370.00,9.45,"from #62281636",0,00:04:28:38,100.0,4h 28m,9.6,0.03,36.8,3679.9999999999995,0.0,0.0,100.0,91.6,-3.10,-310.00
,62281636,03/01/2019 17:24,03/01/2019 21:50,EURUSD,Sell,5.000,0.00000,1.13380,1.13935,1.13587,0.0000,0.0000,34.8,1740.00,5.13,"to #62281665",0,00:04:25:55,100.0,4h 25m,9.6,0.03,36.8,1839.9999999999998,0.0,0.0,100.0,94.6,-2.00,-100.00
,62281628,03/01/2019 17:24,03/01/2019 21:49,EURUSD,Sell,5.000,0.00000,1.13380,1.13935,1.13586,0.0000,0.0000,34.9,1745.00,5.42,"to #62281636",0,00:04:25:01,100.0,4h 25m,9.6,0.03,36.8,1839.9999999999998,0.0,0.0,100.0,94.8,-1.90,-95.00
,62280665,03/01/2019 17:24,03/01/2019 21:48,EURUSD,Sell,5.000,0.00000,1.13380,1.13935,1.13592,0.0000,0.0000,34.3,1715.00,5.63,"to #62281628",0,00:04:24:11,100.0,4h 24m,9.6,0.03,36.8,1839.9999999999998,0.0,0.0,100.0,93.2,-2.50,-125.00
,62263135,03/01/2019 17:24,03/01/2019 21:16,EURUSD,Sell,5.000,0.00000,1.13380,1.13935,1.13567,0.0000,0.0000,36.8,1840.00,6.43,"to #62280665",0,00:03:52:41,100.0,3h 52m,9.6,0.03,36.8,1839.9999999999998,0.0,0.0,100.0,100.0,0.00,0.00
,62263210,03/01/2019 17:25,03/01/2019 21:14,EURUSD,Sell,10.000,0.00000,0.00000,1.13929,1.13589,0.0000,0.0000,34.0,3400.00,13.48,"",0,00:03:49:01,100.0,3h 49m,9.6,0.03,36.2,3620.0000000000005,0.0,0.0,100.0,93.9,-2.20,-220.00
,62263206,03/01/2019 17:25,03/01/2019 20:09,EURUSD,Sell,10.000,0.00000,0.00000,1.13938,1.13635,0.0000,0.0000,30.3,3030.00,13.65,"",0,00:02:44:14,100.0,2h 44m,9.6,0.03,37.1,3710.0,0.0,0.0,100.0,81.7,-6.80,-680.00
,62263130,03/01/2019 17:24,03/01/2019 19:36,EURUSD,Sell,50.000,0.00000,1.13480,1.13941,1.13677,0.0000,0.0000,26.4,13200.00,146.65,"",0,00:02:12:38,100.0,2h 12m,11.0,0.03,37.4,18700.0,0.0,0.0,100.0,70.6,-11.00,-5500.00
,62263118,03/01/2019 17:23,,,Deposit,0.010,0.00000,0.00000,0.00000,0.00000,0.0000,0.0000,0.0,3000.00,0,"Share Bonus 50% - #62263117",0,00:00:00:00,,,,,,,,,,,,
,62263117,03/01/2019 17:23,,,Deposit,0.010,0.00000,0.00000,0.00000,0.00000,0.0000,0.0000,0.0,6000.00,0,"Deposit CARDPAY USD #5167245",0,00:00:00:00,,,,,,,,,,,,
,62230064,03/01/2019 10:33,,,Withdrawal,0.010,0.00000,0.00000,0.00000,0.00000,0.0000,0.0000,0.0,-3821.00,0,"Withdraw CC-REFUND USD #5165154",0,00:00:00:00,,,,,,,,,,,,
,62229359,03/01/2019 10:29,,,Deposit,0.010,0.00000,0.00000,0.00000,0.00000,0.0000,0.0000,0.0,3800.00,0,"Transfer from 2981948 #5165133",0,00:00:00:00,,,,,,,,,,,,
,62211869,03/01/2019 03:43,,,Deposit,0.010,0.00000,0.00000,0.00000,0.00000,0.0000,0.0000,0.0,5.07,0,"VIP Rebate",0,00:00:00:00,,,,,,,,,,,,
,62211867,03/01/2019 03:43,,,Deposit,0.010,0.00000,0.00000,0.00000,0.00000,0.0000,0.0000,0.0,16.90,0,"Rebate",0,00:00:00:00,,,,,,,,,,,,
,62198167,02/28/2019 21:37,,,Withdrawal,0.010,0.00000,0.00000,0.00000,0.00000,0.0000,0.0000,0.0,-1725.00,0,"Withdraw CC-REFUND USD #5163073",0,00:00:00:00,,,,,,,,,,,,
,62198150,02/28/2019 21:35,,,Withdrawal,0.010,0.00000,0.00000,0.00000,0.00000,0.0000,0.0000,0.0,-1500.00,0,"Withdraw CC-REFUND USD #5163066",0,00:00:00:00,,,,,,,,,,,,
,62195897,02/28/2019 20:22,02/28/2019 20:34,EURUSD,Sell,20.000,0.00000,0.00000,1.13824,1.13803,0.0000,0.0000,2.1,420.00,14.97,"",0,00:00:12:03,,,,,,,,,,,,
,62195919,02/28/2019 20:23,02/28/2019 20:33,EURUSD,Sell,3.000,0.00000,0.00000,1.13832,1.13815,0.0000,0.0000,1.7,51.00,1.85,"",0,00:00:09:44,,,,,,,,,,,,
,62196092,02/28/2019 20:28,02/28/2019 20:31,EURUSD,Sell,3.000,0.00000,0.00000,1.13839,1.13831,0.0000,0.0000,0.8,24.00,0.88,"",0,00:00:02:41,,,,,,,,,,,,
,62195878,02/28/2019 20:21,,,Deposit,0.000,0.00000,0.00000,0.00000,0.00000,0.0000,0.0000,0.0,2730.00,0,"Transfer from 20050759 #5162776",0,00:00:00:00,,,,,,,,,,,,

