Tags,Ticket,Open Date,Close Date,Symbol,Action,Units/Lots,SL,TP,Open Price,Close Price,Commission,Swap,Pips,Profit,Gain,Comment,Magic Number,Duration (DD:HH:MM:SS),Profitable(%),Profitable(time duration),Drawdown,Risk:Reward,Max(pips),Max(USD),Min(pips),Min(USD),Entry Accuracy(%),Exit Accuracy(%),ProfitMissed(pips),ProfitMissed(USD)
,88782392,12/01/2020 19:54,,,Withdrawal,0.010,0.00000,0.00000,0.00000,0.00000,0.0000,0.0000,0.0,-14.64,0,"Transfer to 10189649 #9793409",0,00:00:00:00,,,,,,,,,,,,
,88717660,12/01/2020 04:03,,,Deposit,0.010,0.00000,0.00000,0.00000,0.00000,0.0000,0.0000,0.0,7.49,0,"Rebate",0,00:00:00:00,,,,,,,,,,,,
,88715628,12/01/2020 02:36,,,Deposit,0.010,0.00000,0.00000,0.00000,0.00000,0.0000,0.0000,0.0,2.04,0,"IR #65",0,00:00:00:00,,,,,,,,,,,,
,88404412,11/24/2020 10:21,11/24/2020 10:54,XAUUSD,Buy,0.020,0.00000,0.00000,1829.55000,1825.70000,0.0000,0.0000,-385.0,-7.70,-60.11,"[stopout]",0,00:00:33:14,0.0,0s,422.0,434.78,0.0,0.0,-422.0,-8.44,0.0,8.8,-385.00,-7.70
,88404406,11/24/2020 10:21,11/24/2020 10:54,XAUUSD,Buy,0.020,0.00000,0.00000,1829.55000,1825.70000,0.0000,0.0000,-385.0,-7.70,-37.54,"[stopout]",0,00:00:33:17,0.0,0s,422.0,434.78,0.0,0.0,-422.0,-8.44,0.0,8.8,-385.00,-7.70
,88392872,11/24/2020 07:48,11/24/2020 10:54,XAUUSD,Buy,0.020,0.00000,0.00000,1829.30000,1825.70000,0.0000,0.0000,-360.0,-7.20,-25.98,"[stopout]",0,00:03:05:33,30.2,56m,741.0,1.15,344.0,6.88,-397.0,-7.94,46.4,5.0,-704.00,-14.08
,88392870,11/24/2020 07:48,11/24/2020 10:54,XAUUSD,Buy,0.020,0.00000,0.00000,1828.85000,1825.70000,0.0000,0.0000,-315.0,-6.30,-18.52,"[stopout]",0,00:03:05:35,38.2,1h 10m,741.0,0.90,389.0,7.78,-352.0,-7.04,52.5,5.0,-704.00,-14.08
,88392773,11/24/2020 07:45,11/24/2020 08:36,XAUUSD,Buy,0.020,0.00000,0.00000,1827.25000,1827.86000,0.0000,0.0000,61.0,1.22,3.72,"",0,00:00:50:55,62.8,31m,306.0,0.64,222.0,4.44,-142.0,-2.84,61.0,55.8,-161.00,-3.22
,88393207,11/24/2020 07:32,11/24/2020 08:36,XAUUSD,Buy,0.030,0.00000,0.00000,1823.96000,1827.87000,0.0000,0.0000,391.0,11.73,55.70,"from #88392412",0,00:01:04:11,100.0,1h 4m,306.0,0.00,551.0,16.53,0.0,0.0,100.0,71.0,-160.00,-4.80
,88392609,11/24/2020 07:40,11/24/2020 08:07,XAUUSD,Buy,0.020,0.00000,0.00000,1826.52000,1826.85000,0.0000,0.0000,33.0,0.66,3.24,"",0,00:00:27:24,78.6,21m,306.0,0.29,237.0,4.74,-69.0,-1.3800000000000001,77.5,33.3,-204.00,-4.08
,88392412,11/24/2020 07:32,11/24/2020 07:57,XAUUSD,Buy,0.010,0.00000,0.00000,1823.96000,1826.57000,0.0000,0.0000,261.0,2.61,14.67,"to #88393207",0,00:00:25:11,100.0,25m,232.0,0.00,493.0,4.93,0.0,0.0,100.0,52.9,-232.00,-2.32
,88381396,11/23/2020 23:00,11/24/2020 02:04,XAUUSD,Buy,0.020,0.00000,0.00000,1836.43000,1833.25000,0.0000,-0.2900,-318.0,-6.65,-27.21,"[stopout]",0,00:03:04:15,75.0,2h 18m,586.0,1.54,231.0,4.62,-355.0,-7.1000000000000005,39.4,6.3,-549.00,-10.98
,88381203,11/23/2020 22:57,11/24/2020 02:04,XAUUSD,Buy,0.250,0.00000,0.00000,1836.45000,1833.25000,0.0000,-3.5900,-320.0,-83.59,-77.38,"[stopout]",0,00:03:07:03,73.0,2h 16m,586.0,1.56,229.0,57.25,-357.0,-89.25,39.1,6.3,-549.00,-137.25
,88374426,11/23/2020 20:30,11/23/2020 22:50,XAUUSD,Buy,0.200,0.00000,0.00000,1840.83000,1836.75000,0.0000,0.0000,-408.0,-81.60,-43.03,"[stopout]",0,00:02:20:02,0.0,0s,534.0,555.56,0.0,0.0,-534.0,-106.80000000000001,0.0,23.6,-408.00,-81.60
,88374381,11/23/2020 20:29,11/23/2020 22:50,XAUUSD,Buy,0.500,0.00000,0.00000,1840.46000,1836.75000,0.0000,0.0000,-371.0,-185.50,-49.45,"[stopout]",0,00:02:21:05,0.0,0s,497.0,500.00,0.0,0.0,-497.0,-248.5,0.0,25.4,-371.00,-185.50
,88374133,11/23/2020 19:08,11/23/2020 22:50,XAUUSD,Buy,0.800,0.00000,0.00000,1838.96000,1836.75000,0.0000,0.0000,-221.0,-176.80,-32.03,"from #88369959 [stopout]",0,00:03:41:28,57.8,2h 8m,516.0,2.05,169.0,135.20000000000002,-347.0,-277.6,32.8,24.4,-390.00,-312.00
,88369971,11/23/2020 19:09,11/23/2020 20:27,XAUUSD,Buy,0.200,1839.19000,0.00000,1839.16000,1839.19000,0.0000,0.0000,3.0,0.60,0.11,"[sl]",0,00:01:18:34,62.5,49m,146.0,0.83,149.0,29.8,-123.0,-24.6,54.8,46.3,-146.00,-29.20
,88369955,11/23/2020 19:08,11/23/2020 20:27,XAUUSD,Buy,0.100,1839.19000,0.00000,1838.86000,1839.19000,0.0000,0.0000,33.0,3.30,0.60,"[sl]",0,00:01:18:59,75.0,59m,146.0,0.52,179.0,17.900000000000002,-93.0,-9.3,65.8,46.3,-146.00,-14.60
,88369959,11/23/2020 19:08,11/23/2020 20:21,XAUUSD,Buy,0.200,0.00000,0.00000,1838.96000,1839.63000,0.0000,0.0000,67.0,13.40,2.51,"to #88374133",0,00:01:12:39,73.4,53m,107.0,0.61,169.0,33.800000000000004,-103.0,-20.6,62.1,62.5,-102.00,-20.40
,88371486,11/23/2020 19:33,11/23/2020 20:11,XAUUSD,Buy,0.050,1839.19000,0.00000,1839.09000,1839.82000,0.0000,0.0000,73.0,3.65,0.69,"",0,00:00:38:00,87.5,33m,116.0,0.74,156.0,7.800000000000001,-116.0,-5.800000000000001,57.4,69.5,-83.00,-4.15
,88369669,11/23/2020 19:02,11/23/2020 19:08,XAUUSD,Sell,0.500,0.00000,0.00000,1837.66000,1839.06000,0.0000,0.0000,-140.0,-70.00,-11.65,"",0,00:00:06:08,,,,,,,,,,,,
,88369843,11/23/2020 19:06,11/23/2020 19:08,XAUUSD,Sell,0.100,0.00000,0.00000,1838.60000,1838.96000,0.0000,0.0000,-36.0,-3.60,-0.60,"",0,00:00:02:24,,,,,,,,,,,,
,88368554,11/23/2020 18:48,11/23/2020 19:03,XAUUSD,Buy,0.100,0.00000,0.00000,1837.20000,1837.77000,0.0000,0.0000,57.0,5.70,0.95,"",0,00:00:14:55,,,,,,,,,,,,
,88366509,11/23/2020 18:28,11/23/2020 19:03,XAUUSD,Buy,0.010,0.00000,0.00000,1833.59000,1837.71000,0.0000,0.0000,412.0,4.12,0.69,"",0,00:00:34:16,100.0,34m,140.0,0.00,552.0,5.5200000000000005,0.0,0.0,100.0,74.6,-140.00,-1.40
,88368265,11/23/2020 18:45,11/23/2020 19:03,XAUUSD,Buy,0.100,0.00000,0.00000,1837.11000,1837.91000,0.0000,0.0000,80.0,8.00,1.36,"",0,00:00:17:39,,,,,,,,,,,,
,88368252,11/23/2020 18:45,11/23/2020 19:03,XAUUSD,Buy,0.050,0.00000,0.00000,1836.78000,1837.93000,0.0000,0.0000,115.0,5.75,0.99,"",0,00:00:17:37,,,,,,,,,,,,
,88368577,11/23/2020 18:49,11/23/2020 19:02,XAUUSD,Buy,0.200,0.00000,0.00000,1837.78000,1837.89000,0.0000,0.0000,11.0,2.20,0.38,"",0,00:00:13:45,,,,,,,,,,,,
,88365710,11/23/2020 18:22,11/23/2020 19:02,XAUUSD,Buy,0.020,0.00000,0.00000,1833.38000,1837.62000,0.0000,0.0000,424.0,8.48,1.49,"",0,00:00:40:27,100.0,40m,149.0,0.00,573.0,11.46,0.0,0.0,100.0,74.0,-149.00,-2.98
,88368230,11/23/2020 18:45,11/23/2020 19:02,XAUUSD,Buy,0.150,0.00000,0.00000,1836.25000,1837.56000,0.0000,0.0000,131.0,19.65,3.57,"",0,00:00:17:13,,,,,,,,,,,,
,88368135,11/23/2020 18:44,11/23/2020 19:02,XAUUSD,Buy,0.150,0.00000,0.00000,1834.83000,1837.31000,0.0000,0.0000,248.0,37.20,7.24,"",0,00:00:17:58,,,,,,,,,,,,
,88368103,11/23/2020 18:44,11/23/2020 19:02,XAUUSD,Buy,0.300,0.00000,0.00000,1834.84000,1837.57000,0.0000,0.0000,273.0,81.90,18.98,"",0,00:00:18:03,,,,,,,,,,,,
,88368515,11/23/2020 18:47,11/23/2020 19:02,XAUUSD,Buy,0.100,0.00000,0.00000,1836.95000,1837.59000,0.0000,0.0000,64.0,6.40,1.51,"",0,00:00:14:17,,,,,,,,,,,,
,88368067,11/23/2020 18:44,11/23/2020 19:02,XAUUSD,Buy,0.300,0.00000,0.00000,1834.51000,1837.64000,0.0000,0.0000,313.0,93.90,28.34,"",0,00:00:18:02,,,,,,,,,,,,
,88368047,11/23/2020 18:43,,,Deposit,0.010,0.00000,0.00000,0.00000,0.00000,0.0000,0.0000,0.0,114.04,0,"Transfer from 766963 #9700569",0,00:00:00:00,,,,,,,,,,,,
,88368000,11/23/2020 18:42,,,Deposit,0.010,0.00000,0.00000,0.00000,0.00000,0.0000,0.0000,0.0,92.61,0,"Transfer from 34020313 #9700556",0,00:00:00:00,,,,,,,,,,,,
,88367790,11/23/2020 18:39,,,Deposit,0.010,0.00000,0.00000,0.00000,0.00000,0.0000,0.0000,0.0,112.26,0,"Transfer from 34020311 #9700490",0,00:00:00:00,,,,,,,,,,,,
,88365153,11/23/2020 18:17,11/23/2020 18:20,XAUUSD,Buy,0.050,0.00000,0.00000,1834.83000,1830.82000,0.0000,0.0000,-401.0,-20.05,-61.84,"[stopout]",0,00:00:02:55,,,,,,,,,,,,
,88365150,11/23/2020 18:17,11/23/2020 18:20,XAUUSD,Buy,0.050,0.00000,0.00000,1834.65000,1830.82000,0.0000,0.0000,-383.0,-19.15,-37.13,"[stopout]",0,00:00:02:58,,,,,,,,,,,,
,88365141,11/23/2020 18:17,11/23/2020 18:20,XAUUSD,Buy,0.030,0.00000,0.00000,1834.32000,1830.82000,0.0000,0.0000,-350.0,-10.50,-16.92,"[stopout]",0,00:00:03:03,,,,,,,,,,,,
,88365124,11/23/2020 18:17,11/23/2020 18:20,XAUUSD,Buy,0.020,0.00000,0.00000,1834.46000,1830.82000,0.0000,0.0000,-364.0,-7.28,-10.50,"[stopout]",0,00:00:03:16,,,,,,,,,,,,
,88363045,11/23/2020 18:06,11/23/2020 18:20,XAUUSD,Buy,0.100,0.00000,0.00000,1833.65000,1830.82000,0.0000,0.0000,-283.0,-28.30,-28.98,"[stopout]",0,00:00:13:34,,,,,,,,,,,,
,88363029,11/23/2020 18:06,11/23/2020 18:20,XAUUSD,Buy,0.400,0.00000,0.00000,1833.73000,1830.82000,0.0000,0.0000,-291.0,-116.40,-54.38,"[stopout]",0,00:00:13:44,,,,,,,,,,,,
,88362759,11/23/2020 18:05,,,Deposit,0.010,0.00000,0.00000,0.00000,0.00000,0.0000,0.0000,0.0,177.90,0,"Transfer from 7310450 #9699759",0,00:00:00:00,,,,,,,,,,,,
,88362292,11/23/2020 18:02,11/23/2020 18:05,XAUUSD,Buy,0.100,0.00000,0.00000,1837.74000,1833.68000,0.0000,0.0000,-406.0,-40.60,-52.90,"[stopout]",0,00:00:03:33,,,,,,,,,,,,
,88362269,11/23/2020 18:02,11/23/2020 18:05,XAUUSD,Buy,0.050,0.00000,0.00000,1837.49000,1833.68000,0.0000,0.0000,-381.0,-19.05,-19.89,"[stopout]",0,00:00:03:41,,,,,,,,,,,,
,88362170,11/23/2020 18:01,11/23/2020 18:05,XAUUSD,Buy,0.050,0.00000,0.00000,1837.12000,1833.68000,0.0000,0.0000,-344.0,-17.20,-15.22,"[stopout]",0,00:00:04:17,,,,,,,,,,,,
,88362012,11/23/2020 18:00,11/23/2020 18:05,XAUUSD,Buy,0.050,0.00000,0.00000,1836.53000,1833.68000,0.0000,0.0000,-285.0,-14.25,-11.20,"[stopout]",0,00:00:04:49,,,,,,,,,,,,
,88362004,11/23/2020 18:00,11/23/2020 18:05,XAUUSD,Buy,0.050,0.00000,0.00000,1836.17000,1833.68000,0.0000,0.0000,-249.0,-12.45,-8.91,"[stopout]",0,00:00:04:51,,,,,,,,,,,,
,88361300,11/23/2020 17:59,11/23/2020 18:05,XAUUSD,Buy,0.050,0.00000,0.00000,1834.84000,1833.68000,0.0000,0.0000,-116.0,-5.80,-3.99,"[stopout]",0,00:00:06:03,,,,,,,,,,,,
,88361281,11/23/2020 17:59,11/23/2020 18:05,XAUUSD,Buy,0.150,0.00000,0.00000,1835.03000,1833.68000,0.0000,0.0000,-135.0,-20.25,-12.22,"[stopout]",0,00:00:06:11,,,,,,,,,,,,
,88362579,11/23/2020 18:04,,,Deposit,0.010,0.00000,0.00000,0.00000,0.00000,0.0000,0.0000,0.0,21.00,0,"Transfer from 34020313 #9699735",0,00:00:00:00,,,,,,,,,,,,
,88362262,11/23/2020 18:02,,,Deposit,0.010,0.00000,0.00000,0.00000,0.00000,0.0000,0.0000,0.0,51.00,0,"Transfer from 3082005 #9699680",0,00:00:00:00,,,,,,,,,,,,
,88360036,11/23/2020 17:51,11/23/2020 17:59,XAUUSD,Buy,0.100,0.00000,0.00000,1837.79000,1834.18000,0.0000,0.0000,-361.0,-36.10,-27.80,"[stopout]",0,00:00:07:45,,,,,,,,,,,,
,88359929,11/23/2020 17:49,11/23/2020 17:59,XAUUSD,Buy,0.100,0.00000,0.00000,1837.89000,1834.18000,0.0000,0.0000,-371.0,-37.10,-22.22,"[stopout]",0,00:00:09:26,,,,,,,,,,,,
,88359894,11/23/2020 17:49,11/23/2020 17:59,XAUUSD,Buy,0.100,0.00000,0.00000,1837.24000,1834.18000,0.0000,0.0000,-306.0,-30.60,-15.49,"[stopout]",0,00:00:09:51,,,,,,,,,,,,
,88359874,11/23/2020 17:49,11/23/2020 17:59,XAUUSD,Buy,0.100,0.00000,0.00000,1837.19000,1834.18000,0.0000,0.0000,-301.0,-30.10,-13.22,"[stopout]",0,00:00:10:04,,,,,,,,,,,,
,88359730,11/23/2020 17:47,11/23/2020 17:59,XAUUSD,Buy,0.300,0.00000,0.00000,1836.88000,1834.18000,0.0000,0.0000,-270.0,-81.00,-26.24,"[stopout]",0,00:00:11:20,,,,,,,,,,,,
,88359714,11/23/2020 17:47,11/23/2020 17:59,XAUUSD,Buy,0.100,0.00000,0.00000,1836.93000,1834.18000,0.0000,0.0000,-275.0,-27.50,-8.18,"[stopout]",0,00:00:11:29,,,,,,,,,,,,
,88359628,11/23/2020 17:46,11/23/2020 17:59,XAUUSD,Buy,0.500,0.00000,0.00000,1836.15000,1834.18000,0.0000,0.0000,-197.0,-98.50,-22.66,"[stopout]",0,00:00:12:16,,,,,,,,,,,,
,88359693,11/23/2020 17:47,11/23/2020 17:56,XAUUSD,Buy,0.100,0.00000,0.00000,1835.46000,1836.00000,0.0000,0.0000,54.0,5.40,1.26,"",0,00:00:08:33,,,,,,,,,,,,
,88359521,11/23/2020 17:46,,,Deposit,0.010,0.00000,0.00000,0.00000,0.00000,0.0000,0.0000,0.0,400.00,0,"Transfer from 7801200 #9699318",0,00:00:00:00,,,,,,,,,,,,
,88358340,11/23/2020 17:34,11/23/2020 17:43,XAUUSD,Buy,0.050,0.00000,0.00000,1839.92000,1835.36000,0.0000,0.0000,-456.0,-22.80,-43.80,"[stopout]",0,00:00:08:18,,,,,,,,,,,,
,88358243,11/23/2020 17:33,11/23/2020 17:43,XAUUSD,Buy,0.050,0.00000,0.00000,1839.37000,1835.36000,0.0000,0.0000,-401.0,-20.05,-27.81,"[stopout]",0,00:00:09:11,,,,,,,,,,,,
,88357449,11/23/2020 17:29,11/23/2020 17:43,XAUUSD,Buy,0.050,0.00000,0.00000,1838.45000,1835.36000,0.0000,0.0000,-309.0,-15.45,-17.65,"[stopout]",0,00:00:13:09,,,,,,,,,,,,
,88356255,11/23/2020 17:23,11/23/2020 17:43,XAUUSD,Buy,0.050,0.00000,0.00000,1837.46000,1835.36000,0.0000,0.0000,-210.0,-10.50,-10.71,"[stopout]",0,00:00:19:46,,,,,,,,,,,,
,88356224,11/23/2020 17:23,11/23/2020 17:43,XAUUSD,Buy,0.050,0.00000,0.00000,1837.21000,1835.36000,0.0000,0.0000,-185.0,-9.25,-8.62,"[stopout]",0,00:00:19:57,,,,,,,,,,,,
,88355456,11/23/2020 17:18,11/23/2020 17:43,XAUUSD,Buy,0.050,0.00000,0.00000,1839.63000,1835.36000,0.0000,0.0000,-427.0,-21.35,-16.60,"[stopout]",0,00:00:24:08,20.0,4m,435.0,53.48,8.0,0.4,-427.0,-21.35,1.8,0.0,-435.00,-21.75
,88355392,11/23/2020 17:18,11/23/2020 17:43,XAUUSD,Buy,0.050,0.00000,0.00000,1839.17000,1835.36000,0.0000,0.0000,-381.0,-19.05,-12.90,"[stopout]",0,00:00:24:31,20.0,4m,435.0,7.06,54.0,2.7,-381.0,-19.05,12.4,0.0,-435.00,-21.75
,88355359,11/23/2020 17:18,11/23/2020 17:43,XAUUSD,Buy,0.200,0.00000,0.00000,1838.67000,1835.36000,0.0000,0.0000,-331.0,-66.20,-30.95,"[stopout]",0,00:00:24:53,20.0,4m,435.0,3.18,104.0,20.8,-331.0,-66.2,23.9,0.0,-435.00,-87.00
,88355829,11/23/2020 17:21,,,Deposit,0.010,0.00000,0.00000,0.00000,0.00000,0.0000,0.0000,0.0,100.00,0,"Transfer from 7801200 #9698714",0,00:00:00:00,,,,,,,,,,,,
,88355334,11/23/2020 17:17,,,Deposit,0.010,0.00000,0.00000,0.00000,0.00000,0.0000,0.0000,0.0,110.95,0,"Transfer from 10189649 #9698617",0,00:00:00:00,,,,,,,,,,,,
,88349287,11/23/2020 16:53,11/23/2020 16:54,XAUUSD,Buy,0.020,0.00000,0.00000,1850.50000,1846.16000,0.0000,0.0000,-434.0,-8.68,-74.63,"[stopout]",0,00:00:01:06,,,,,,,,,,,,
,88349265,11/23/2020 16:53,11/23/2020 16:54,XAUUSD,Buy,0.020,0.00000,0.00000,1849.47000,1846.16000,0.0000,0.0000,-331.0,-6.62,-36.27,"[stopout]",0,00:00:01:16,,,,,,,,,,,,
,88349257,11/23/2020 16:53,,,Withdrawal,0.010,0.00000,0.00000,0.00000,0.00000,0.0000,0.0000,0.0,-10.95,0,"Cancellation of #87624562",0,00:00:00:00,,,,,,,,,,,,
,88348367,11/23/2020 16:50,11/23/2020 16:52,XAUUSD,Buy,0.200,0.00000,0.00000,1856.94000,1846.47000,0.0000,0.0000,-1047.0,-209.40,-87.76,"[stopout]",0,00:00:01:48,,,,,,,,,,,,
,88345524,11/23/2020 16:26,11/23/2020 16:52,XAUUSD,Buy,0.100,0.00000,0.00000,1867.41000,1846.47000,0.0000,0.0000,-2094.0,-209.40,-46.74,"[stopout]",0,00:00:25:28,20.0,5m,2137.0,238.10,9.0,0.9,-2128.0,-212.8,0.4,1.6,-2103.00,-210.30
,88324703,11/23/2020 11:30,11/23/2020 16:52,XAUUSD,Buy,0.020,0.00000,0.00000,1870.46000,1846.47000,0.0000,0.0000,-2399.0,-47.98,-9.67,"[stopout]",0,00:05:21:14,0.0,0s,2433.0,2500.00,0.0,0.0,-2433.0,-48.660000000000004,0.0,1.4,-2399.00,-47.98
,88324642,11/23/2020 11:30,11/23/2020 16:52,XAUUSD,Buy,0.050,0.00000,0.00000,1870.37000,1846.47000,0.0000,0.0000,-2390.0,-119.50,-19.42,"[stopout]",0,00:05:21:54,0.0,0s,2424.0,2500.00,0.0,0.0,-2424.0,-121.2,0.0,1.4,-2390.00,-119.50
,88323379,11/23/2020 11:16,11/23/2020 16:52,XAUUSD,Buy,0.050,0.00000,0.00000,1870.67000,1846.47000,0.0000,0.0000,-2420.0,-121.00,-16.43,"[stopout]",0,00:05:35:55,0.0,0s,2454.0,2500.00,0.0,0.0,-2454.0,-122.7,0.0,1.4,-2420.00,-121.00
,88322634,11/23/2020 11:03,11/23/2020 16:52,XAUUSD,Buy,0.030,0.00000,0.00000,1870.95000,1846.47000,0.0000,0.0000,-2448.0,-73.44,-9.07,"[stopout]",0,00:05:48:28,0.0,0s,2482.0,2500.00,0.0,0.0,-2482.0,-74.46,0.0,1.4,-2448.00,-73.44
,88347394,11/23/2020 16:47,11/23/2020 16:49,XAUUSD,Buy,0.200,1852.80000,0.00000,1859.76000,1851.70000,0.0000,0.0000,-806.0,-161.20,-16.60,"[sl]",0,00:00:02:34,,,,,,,,,,,,
,88347540,11/23/2020 16:48,11/23/2020 16:49,XAUUSD,Buy,0.200,1854.80000,0.00000,1860.17000,1853.44000,0.0000,0.0000,-673.0,-134.60,-12.17,"[sl]",0,00:00:01:31,,,,,,,,,,,,
,88347498,11/23/2020 16:47,11/23/2020 16:49,XAUUSD,Buy,0.200,1853.80000,0.00000,1859.41000,1853.90000,0.0000,0.0000,-551.0,-110.20,-9.06,"[sl]",0,00:00:01:48,,,,,,,,,,,,
,88346155,11/23/2020 16:35,11/23/2020 16:45,XAUUSD,Buy,0.200,1859.00000,0.00000,1866.75000,1859.95000,0.0000,0.0000,-680.0,-136.00,-10.06,"[sl]",0,00:00:10:32,,,,,,,,,,,,
,88337745,11/23/2020 14:32,11/23/2020 16:45,XAUUSD,Buy,0.100,1859.00000,0.00000,1868.91000,1859.95000,0.0000,0.0000,-896.0,-89.60,-6.22,"[sl]",0,00:02:13:48,0.0,0s,1346.0,1428.57,0.0,0.0,-1346.0,-134.6,0.0,33.4,-896.00,-89.60
,88343256,11/23/2020 15:03,11/23/2020 16:45,XAUUSD,Buy,0.100,1859.69000,0.00000,1868.10000,1858.36000,0.0000,0.0000,-974.0,-97.40,-6.33,"from #88340172[sl]",0,00:01:41:50,0.0,0s,1265.0,1428.57,0.0,0.0,-1265.0,-126.5,0.0,23.0,-974.00,-97.40
,88340111,11/23/2020 12:20,11/23/2020 16:45,XAUUSD,Buy,0.050,1858.80000,0.00000,1868.39000,1858.36000,0.0000,0.0000,-1003.0,-50.15,-3.16,"from #88328072[sl]",0,00:04:25:26,3.8,10m,1326.0,40.49,32.0,1.6,-1294.0,-64.7,2.4,21.9,-1035.00,-51.75
,88345645,11/23/2020 16:28,11/23/2020 16:45,XAUUSD,Buy,0.100,1862.89000,0.00000,1866.73000,1862.90000,0.0000,0.0000,-383.0,-38.30,-2.35,"[sl]",0,00:00:16:31,,,,,,,,,,,,
,88345130,11/23/2020 16:19,11/23/2020 16:45,XAUUSD,Buy,0.150,1862.89000,0.00000,1867.82000,1862.90000,0.0000,0.0000,-492.0,-73.80,-4.34,"[sl]",0,00:00:25:51,0.0,0s,1237.0,1250.00,0.0,0.0,-1237.0,-185.54999999999998,0.0,60.2,-492.00,-73.80
,88333454,11/23/2020 13:30,11/23/2020 16:45,XAUUSD,Buy,0.150,1862.89000,0.00000,1864.63000,1862.90000,0.0000,0.0000,-173.0,-25.95,-1.50,"[sl]",0,00:03:15:25,90.0,2h 55m,1326.0,2.25,408.0,61.199999999999996,-918.0,-137.7,30.8,56.2,-581.00,-87.15
,88344832,11/23/2020 16:14,11/23/2020 16:24,XAUUSD,Buy,0.200,1863.89000,0.00000,1867.55000,1867.19000,0.0000,0.0000,-36.0,-7.20,-0.42,"",0,00:00:10:09,,,,,,,,,,,,
,88344616,11/23/2020 16:10,11/23/2020 16:24,XAUUSD,Buy,0.100,1863.86000,0.00000,1866.58000,1867.32000,0.0000,0.0000,74.0,7.40,0.43,"",0,00:00:14:00,,,,,,,,,,,,
,88340435,11/23/2020 15:06,11/23/2020 16:06,XAUUSD,Buy,0.050,1861.80000,0.00000,1867.90000,1867.19000,0.0000,0.0000,-71.0,-3.55,-0.21,"",0,00:00:59:18,0.0,0s,429.0,434.78,0.0,0.0,-429.0,-21.450000000000003,0.0,83.4,-71.00,-3.55
,88343581,11/23/2020 15:56,11/23/2020 16:06,XAUUSD,Buy,0.100,1864.36000,0.00000,1866.08000,1867.21000,0.0000,0.0000,113.0,11.30,0.66,"",0,00:00:10:10,,,,,,,,,,,,
,88343746,11/23/2020 15:58,11/23/2020 16:06,XAUUSD,Buy,0.100,1864.36000,0.00000,1867.73000,1867.28000,0.0000,0.0000,-45.0,-4.50,-0.26,"",0,00:00:07:41,,,,,,,,,,,,
,88343646,11/23/2020 15:56,11/23/2020 16:06,XAUUSD,Buy,0.050,1863.80000,0.00000,1866.42000,1867.35000,0.0000,0.0000,93.0,4.65,0.27,"",0,00:00:09:27,,,,,,,,,,,,
,88340172,11/23/2020 15:03,11/23/2020 15:49,XAUUSD,Buy,0.100,1859.69000,0.00000,1868.10000,1867.84000,0.0000,0.0000,-26.0,-2.60,-0.15,"to #88343256",0,00:00:45:47,0.0,0s,449.0,454.55,0.0,0.0,-449.0,-44.900000000000006,0.0,94.2,-26.00,-2.60
,88343015,11/23/2020 15:45,11/23/2020 15:49,XAUUSD,Buy,0.500,1864.37000,0.00000,1866.53000,1867.64000,0.0000,0.0000,111.0,55.50,3.33,"",0,00:00:04:24,,,,,,,,,,,,
,88340634,11/23/2020 15:11,11/23/2020 15:43,XAUUSD,Buy,0.100,1859.00000,0.00000,1866.84000,1865.72000,0.0000,0.0000,-112.0,-11.20,-0.67,"",0,00:00:31:50,0.0,0s,323.0,333.33,0.0,0.0,-323.0,-32.300000000000004,0.0,65.3,-112.00,-11.20
,88341863,11/23/2020 15:33,11/23/2020 15:43,XAUUSD,Buy,0.200,1862.30000,0.00000,1865.36000,1865.81000,0.0000,0.0000,45.0,9.00,0.54,"",0,00:00:09:45,,,,,,,,,,,,
,88341467,11/23/2020 15:27,11/23/2020 15:42,XAUUSD,Buy,0.200,1859.88000,0.00000,1864.30000,1865.72000,0.0000,0.0000,142.0,28.40,1.73,"",0,00:00:15:05,,,,,,,,,,,,
,88328072,11/23/2020 12:20,11/23/2020 15:03,XAUUSD,Buy,0.050,1858.80000,0.00000,1868.39000,1867.80000,0.0000,0.0000,-59.0,-2.95,-0.18,"to #88340111",0,00:02:42:48,6.3,10m,427.0,13.35,32.0,1.6,-427.0,-21.35,7.0,80.2,-91.00,-4.55
,88329196,11/23/2020 12:36,11/23/2020 15:03,XAUUSD,Buy,0.100,1864.80000,0.00000,1866.21000,1867.68000,0.0000,0.0000,147.0,14.70,0.90,"",0,00:02:26:54,62.1,1h 31m,260.0,0.84,250.0,25.0,-209.0,-20.900000000000002,54.5,77.6,-103.00,-10.30
,88336325,11/23/2020 14:13,11/23/2020 15:01,XAUUSD,Buy,0.150,1862.80000,0.00000,1868.11000,1868.16000,0.0000,0.0000,5.0,0.75,0.05,"",0,00:00:48:34,30.0,14m,257.0,3.28,60.0,9.0,-197.0,-29.549999999999997,23.3,78.6,-55.00,-8.25
,88338993,11/23/2020 14:48,11/23/2020 14:54,XAUUSD,Buy,0.100,1865.38000,0.00000,1867.30000,1867.84000,0.0000,0.0000,54.0,5.40,0.33,"",0,00:00:06:19,,,,,,,,,,,,
,88328823,11/23/2020 12:31,11/23/2020 14:54,XAUUSD,Buy,0.150,1859.80000,0.00000,1866.33000,1867.75000,0.0000,0.0000,142.0,21.30,1.33,"",0,00:02:22:37,57.2,1h 21m,260.0,0.93,238.0,35.699999999999996,-221.0,-33.15,51.9,79.1,-96.00,-14.40
,88328960,11/23/2020 12:33,11/23/2020 14:54,XAUUSD,Buy,0.100,1864.50000,0.00000,1865.96000,1867.64000,0.0000,0.0000,168.0,16.80,1.06,"",0,00:02:21:08,67.9,1h 35m,260.0,0.67,275.0,27.5,-184.0,-18.400000000000002,59.9,76.7,-107.00,-10.70
,88327826,11/23/2020 12:15,11/23/2020 14:26,XAUUSD,Buy,0.100,1859.80000,0.00000,1868.38000,1868.49000,0.0000,0.0000,11.0,1.10,0.07,"",0,00:02:10:18,7.7,10m,426.0,12.92,33.0,3.3000000000000003,-426.0,-42.6,7.2,95.2,-22.00,-2.20
,88335168,11/23/2020 13:58,11/23/2020 14:26,XAUUSD,Buy,0.050,0.00000,0.00000,1866.22000,1868.26000,0.0000,0.0000,204.0,10.20,0.65,"",0,00:00:27:05,100.0,27m,60.0,0.00,249.0,12.450000000000001,0.0,0.0,100.0,81.9,-45.00,-2.25
,88330016,11/23/2020 12:52,11/23/2020 14:25,XAUUSD,Buy,0.050,1859.80000,0.00000,1866.32000,1868.18000,0.0000,0.0000,186.0,9.30,0.59,"",0,00:01:33:01,52.7,49m,260.0,0.92,239.0,11.950000000000001,-220.0,-11.0,52.1,88.5,-53.00,-2.65
,88327774,11/23/2020 12:15,11/23/2020 14:25,XAUUSD,Buy,0.070,1858.80000,0.00000,1868.27000,1868.27000,0.0000,0.0000,0.0,0.00,0.00,"",0,00:02:10:39,7.7,10m,415.0,9.43,44.0,0.0,-415.0,-0.0,9.6,90.4,-44.00,0.00
,88327953,11/23/2020 12:18,11/23/2020 12:30,XAUUSD,Buy,0.100,1865.40000,0.00000,1867.83000,1865.67000,0.0000,0.0000,-216.0,-21.60,-1.36,"[sl]",0,00:00:12:19,,,,,,,,,,,,
,88314628,11/23/2020 09:39,11/23/2020 09:49,XAUUSD,Buy,0.010,0.00000,0.00000,1875.03000,1875.14000,0.0000,0.0000,11.0,0.11,0.01,"",0,00:00:10:12,,,,,,,,,,,,
,88289503,11/20/2020 20:18,11/20/2020 20:32,XAUUSD,Buy,0.050,0.00000,0.00000,1872.63000,1874.22000,0.0000,0.0000,159.0,7.95,0.50,"",0,00:00:14:26,100.0,14m,34.0,0.01,179.0,8.950000000000001,0.0,0.0,100.0,88.8,-20.00,-1.00
,88288587,11/20/2020 19:49,11/20/2020 20:32,XAUUSD,Buy,0.050,0.00000,0.00000,1872.77000,1874.21000,0.0000,0.0000,144.0,7.20,0.46,"",0,00:00:42:58,30.3,13m,107.0,0.65,165.0,8.25,-107.0,-5.3500000000000005,60.7,92.3,-21.00,-1.05
,88289424,11/20/2020 20:14,11/20/2020 20:32,XAUUSD,Buy,0.050,0.00000,0.00000,1872.74000,1874.21000,0.0000,0.0000,147.0,7.35,0.47,"",0,00:00:18:21,77.8,14m,68.0,0.40,168.0,8.4,-68.0,-3.4000000000000004,71.2,91.1,-21.00,-1.05
,88289253,11/20/2020 20:09,11/20/2020 20:32,XAUUSD,Buy,0.050,0.00000,0.00000,1872.34000,1874.16000,0.0000,0.0000,182.0,9.10,0.59,"",0,00:00:22:33,74.0,16m,43.0,0.13,208.0,10.4,-28.0,-1.4000000000000001,88.1,89.0,-26.00,-1.30
,88288730,11/20/2020 19:56,11/20/2020 20:32,XAUUSD,Buy,0.050,0.00000,0.00000,1872.40000,1874.11000,0.0000,0.0000,171.0,8.55,0.55,"",0,00:00:36:14,47.3,17m,79.0,0.35,202.0,10.100000000000001,-70.0,-3.5,74.3,88.6,-31.00,-1.55
,88289275,11/20/2020 20:10,11/20/2020 20:32,XAUUSD,Buy,0.050,0.00000,0.00000,1872.52000,1874.16000,0.0000,0.0000,164.0,8.20,0.53,"",0,00:00:21:52,68.2,14m,46.0,0.24,190.0,9.5,-46.0,-2.3000000000000003,80.5,89.0,-26.00,-1.30
,88281167,11/20/2020 17:08,11/20/2020 17:36,XAUUSD,Sell,0.050,0.00000,0.00000,1878.19000,1876.69000,0.0000,0.0000,150.0,7.50,0.49,"",0,00:00:28:24,57.2,16m,224.0,0.82,182.0,9.1,-149.0,-7.45,55.0,90.3,-32.00,-1.60
,88282411,11/20/2020 17:27,11/20/2020 17:36,XAUUSD,Sell,0.050,0.00000,0.00000,1878.96000,1876.72000,0.0000,0.0000,224.0,11.20,0.74,"",0,00:00:08:46,88.9,7m,35.0,0.02,259.0,12.950000000000001,-4.0,-0.2,98.5,86.7,-35.00,-1.75
,88281182,11/20/2020 17:08,11/20/2020 17:12,XAUUSD,Sell,0.100,0.00000,0.00000,1878.32000,1878.11000,0.0000,0.0000,21.0,2.10,0.14,"",0,00:00:03:57,,,,,,,,,,,,
,88270182,11/20/2020 14:21,11/20/2020 16:04,XAUUSD,Buy,0.050,0.00000,0.00000,1866.57000,1873.10000,0.0000,0.0000,653.0,32.65,2.20,"",0,00:01:42:23,69.0,1h 10m,255.0,0.29,729.0,36.45,-209.0,-10.450000000000001,77.7,91.9,-76.00,-3.80
,88267562,11/20/2020 13:42,11/20/2020 16:04,XAUUSD,Buy,0.050,1862.80000,0.00000,1867.50000,1873.49000,0.0000,0.0000,599.0,29.95,2.06,"",0,00:02:21:44,20.5,29m,302.0,0.47,636.0,31.8,-302.0,-15.100000000000001,67.8,96.1,-37.00,-1.85
,88267271,11/20/2020 13:37,11/20/2020 16:04,XAUUSD,Buy,0.050,1858.00000,0.00000,1867.30000,1873.72000,0.0000,0.0000,642.0,32.10,2.26,"",0,00:02:26:05,24.7,36m,282.0,0.43,656.0,32.800000000000004,-282.0,-14.100000000000001,69.9,98.5,-14.00,-0.70
,88271965,11/20/2020 15:02,11/20/2020 16:03,XAUUSD,Buy,0.050,0.00000,0.00000,1867.64000,1873.58000,0.0000,0.0000,594.0,29.70,2.13,"",0,00:01:01:23,34.5,21m,224.0,0.25,622.0,31.1,-154.0,-7.7,80.2,96.4,-28.00,-1.40
,88264193,11/20/2020 12:45,11/20/2020 16:02,XAUUSD,Buy,0.020,1852.80000,0.00000,1867.64000,1868.57000,0.0000,0.0000,93.0,1.86,0.13,"",0,00:03:16:47,12.7,24m,425.0,1.79,224.0,4.48,-401.0,-8.02,35.8,79.0,-131.00,-2.62
,88266049,11/20/2020 13:11,11/20/2020 16:02,XAUUSD,Buy,0.050,1862.80000,0.00000,1865.48000,1868.54000,0.0000,0.0000,306.0,15.30,1.11,"",0,00:02:51:13,91.3,2h 36m,273.0,0.23,440.0,22.0,-100.0,-5.0,81.5,75.2,-134.00,-6.70
,88274664,11/20/2020 15:47,11/20/2020 16:02,XAUUSD,Buy,0.100,0.00000,0.00000,1866.54000,1868.69000,0.0000,0.0000,215.0,21.50,1.59,"",0,00:00:14:30,100.0,14m,119.0,0.00,334.0,33.4,0.0,0.0,100.0,64.4,-119.00,-11.90
,88270145,11/20/2020 14:20,11/20/2020 15:38,XAUUSD,Buy,0.030,0.00000,0.00000,1866.46000,1867.60000,0.0000,0.0000,114.0,3.42,0.25,"",0,00:01:17:40,64.2,49m,255.0,1.05,188.0,5.64,-198.0,-5.9399999999999995,48.7,80.8,-74.00,-2.22
,88270839,11/20/2020 14:34,11/20/2020 15:38,XAUUSD,Buy,0.050,1859.80000,0.00000,1865.48000,1867.67000,0.0000,0.0000,219.0,10.95,0.82,"",0,00:01:03:50,92.2,58m,185.0,0.31,286.0,14.3,-88.0,-4.4,76.5,82.1,-67.00,-3.35
,88270859,11/20/2020 14:34,11/20/2020 15:01,XAUUSD,Buy,0.050,1859.80000,0.00000,1865.63000,1866.28000,0.0000,0.0000,65.0,3.25,0.24,"",0,00:00:27:07,81.5,22m,103.0,0.69,149.0,7.45,-103.0,-5.15,59.1,66.7,-84.00,-4.20
,88265730,11/20/2020 13:04,11/20/2020 15:01,XAUUSD,Buy,0.050,1858.00000,0.00000,1864.64000,1866.32000,0.0000,0.0000,168.0,8.40,0.63,"",0,00:01:57:08,98.3,1h 55m,273.0,0.06,257.0,12.850000000000001,-16.0,-0.8,94.1,67.4,-89.00,-4.45
,88270945,11/20/2020 14:36,11/20/2020 15:01,XAUUSD,Buy,0.100,1861.80000,0.00000,1865.19000,1866.58000,0.0000,0.0000,139.0,13.90,1.06,"",0,00:00:25:16,100.0,25m,66.0,0.01,193.0,19.3,0.0,0.0,100.0,72.0,-54.00,-5.40
,88266081,11/20/2020 13:11,11/20/2020 14:15,XAUUSD,Buy,0.060,1863.18000,0.00000,1866.06000,1866.22000,0.0000,0.0000,16.0,0.96,0.07,"",0,00:01:04:27,76.6,49m,154.0,1.20,115.0,6.8999999999999995,-138.0,-8.28,45.5,60.9,-99.00,-5.94
,88269221,11/20/2020 14:04,11/20/2020 14:15,XAUUSD,Buy,0.100,1865.08000,0.00000,1866.76000,1866.78000,0.0000,0.0000,2.0,0.20,0.02,"",0,00:00:10:48,63.7,6m,98.0,1.65,37.0,3.7,-61.0,-6.1000000000000005,37.8,64.3,-35.00,-3.50
,88267255,11/20/2020 13:37,11/20/2020 14:15,XAUUSD,Buy,0.020,1864.40000,0.00000,1867.10000,1866.85000,0.0000,0.0000,-25.0,-0.50,-0.04,"",0,00:00:37:24,5.3,1m,144.0,47.85,3.0,0.06,-143.0,-2.86,2.1,80.8,-28.00,-0.56
,88265636,11/20/2020 13:03,11/20/2020 13:58,XAUUSD,Buy,0.050,1859.80000,0.00000,1864.21000,1866.10000,0.0000,0.0000,189.0,9.45,0.73,"",0,00:00:55:16,100.0,55m,111.0,0.00,300.0,15.0,0.0,0.0,100.0,63.0,-111.00,-5.55
,88266230,11/20/2020 13:14,11/20/2020 13:34,XAUUSD,Buy,0.030,1864.29000,0.00000,1866.11000,1866.85000,0.0000,0.0000,74.0,2.22,0.17,"",0,00:00:19:44,60.0,11m,143.0,1.30,110.0,3.3,-143.0,-4.29,43.5,85.8,-36.00,-1.08
,88264962,11/20/2020 12:58,11/20/2020 13:34,XAUUSD,Buy,0.050,1859.80000,0.00000,1866.21000,1866.87000,0.0000,0.0000,66.0,3.30,0.25,"",0,00:00:35:43,30.6,10m,258.0,2.58,100.0,5.0,-258.0,-12.9,27.9,90.5,-34.00,-1.70
,88265558,11/20/2020 13:02,11/20/2020 13:34,XAUUSD,Buy,0.200,1858.80000,0.00000,1864.31000,1866.97000,0.0000,0.0000,266.0,53.20,4.28,"",0,00:00:31:44,100.0,31m,109.0,0.00,290.0,58.0,0.0,0.0,100.0,91.7,-24.00,-4.80
,88264246,11/20/2020 12:46,11/20/2020 13:01,XAUUSD,Buy,0.020,1863.90000,0.00000,1867.84000,1863.71000,0.0000,0.0000,-413.0,-8.26,-0.66,"[sl]",0,00:00:14:35,0.0,0s,421.0,434.78,0.0,0.0,-421.0,-8.42,0.0,1.9,-413.00,-8.26
,88262861,11/20/2020 12:26,11/20/2020 13:01,XAUUSD,Buy,0.050,1863.80000,0.00000,1868.58000,1863.71000,0.0000,0.0000,-487.0,-24.35,-1.91,"[sl]",0,00:00:34:20,0.0,0s,495.0,500.00,0.0,0.0,-495.0,-24.75,0.0,1.6,-487.00,-24.35
,88264516,11/20/2020 12:51,11/20/2020 13:00,XAUUSD,Buy,0.020,1864.34000,0.00000,1868.11000,1864.15000,0.0000,0.0000,-396.0,-7.92,-0.62,"[sl]",0,00:00:09:20,0.0,0s,396.0,400.00,0.0,0.0,-396.0,-7.92,0.0,0.0,-396.00,-7.92
,88263592,11/20/2020 12:35,11/20/2020 13:00,XAUUSD,Buy,0.020,1864.40000,0.00000,1867.32000,1864.15000,0.0000,0.0000,-317.0,-6.34,-0.49,"[sl]",0,00:00:25:29,32.0,8m,383.0,4.80,66.0,1.32,-317.0,-6.34,17.2,0.0,-383.00,-7.66
,88263311,11/20/2020 12:32,11/20/2020 13:00,XAUUSD,Buy,0.050,1864.80000,0.00000,1867.35000,1864.66000,0.0000,0.0000,-269.0,-13.45,-1.03,"[sl]",0,00:00:28:46,28.6,8m,372.0,4.91,63.0,3.1500000000000004,-309.0,-15.450000000000001,16.9,10.8,-332.00,-16.60
,88256155,11/20/2020 10:36,11/20/2020 10:41,XAUUSD,Buy,0.020,1865.63000,0.00000,1868.06000,1868.72000,0.0000,0.0000,66.0,1.32,0.10,"",0,00:00:04:53,100.0,4m,28.0,0.01,94.0,1.8800000000000001,0.0,0.0,100.0,70.2,-28.00,-0.56
,88255240,11/20/2020 10:24,11/20/2020 10:41,XAUUSD,Buy,0.020,1864.89000,0.00000,1868.13000,1868.72000,0.0000,0.0000,59.0,1.18,0.09,"",0,00:00:16:14,31.3,5m,175.0,2.01,87.0,1.74,-175.0,-3.5,33.2,89.3,-28.00,-0.56
,88255124,11/20/2020 10:22,11/20/2020 10:40,XAUUSD,Buy,0.020,1863.80000,0.00000,1868.08000,1868.71000,0.0000,0.0000,63.0,1.26,0.10,"",0,00:00:18:09,27.8,5m,170.0,1.85,92.0,1.84,-170.0,-3.4,35.1,88.9,-29.00,-0.58
,88255215,11/20/2020 10:24,11/20/2020 10:40,XAUUSD,Buy,0.020,0.00000,0.00000,1867.92000,1868.78000,0.0000,0.0000,86.0,1.72,0.13,"",0,00:00:16:27,37.5,6m,169.0,1.43,108.0,2.16,-154.0,-3.08,41.2,91.6,-22.00,-0.44
,88221549,11/19/2020 17:55,11/19/2020 19:16,XAUUSD,Buy,0.010,1856.89000,0.00000,1861.00000,1861.54000,0.0000,0.0000,54.0,0.54,0.04,"",0,00:01:21:21,11.2,9m,340.0,2.30,103.0,1.03,-237.0,-2.37,30.3,85.6,-49.00,-0.49
,88225526,11/19/2020 18:53,11/19/2020 19:16,XAUUSD,Buy,0.020,1855.34000,0.00000,1859.11000,1861.49000,0.0000,0.0000,238.0,4.76,0.37,"",0,00:00:22:30,100.0,22m,53.0,0.00,261.0,5.22,0.0,0.0,100.0,91.2,-23.00,-0.46
,88224124,11/19/2020 18:30,11/19/2020 19:15,XAUUSD,Buy,0.020,1857.90000,0.00000,1860.87000,1861.10000,0.0000,0.0000,23.0,0.46,0.04,"",0,00:00:44:54,11.2,5m,224.0,4.15,54.0,1.08,-224.0,-4.48,19.4,88.8,-31.00,-0.62
,88223104,11/19/2020 18:14,11/19/2020 19:15,XAUUSD,Buy,0.010,1855.40000,0.00000,1859.16000,1861.10000,0.0000,0.0000,194.0,1.94,0.15,"",0,00:01:01:37,83.7,51m,202.0,0.24,225.0,2.25,-53.0,-0.53,80.9,88.8,-31.00,-0.31
,88224447,11/19/2020 18:34,11/19/2020 19:15,XAUUSD,Buy,0.020,1856.80000,0.00000,1860.90000,1861.09000,0.0000,0.0000,19.0,0.38,0.03,"",0,00:00:41:41,12.2,5m,227.0,4.45,51.0,1.02,-227.0,-4.54,18.3,88.5,-32.00,-0.64
,88218526,11/19/2020 17:22,11/19/2020 17:36,XAUUSD,Buy,0.010,1856.89000,0.00000,1862.59000,1862.58000,0.0000,0.0000,-1.0,-0.01,0.00,"",0,00:00:14:33,14.3,2m,246.0,11.19,22.0,0.22,-246.0,-2.46,8.2,91.4,-23.00,-0.23
,88218673,11/19/2020 17:23,11/19/2020 17:36,XAUUSD,Buy,0.020,1856.89000,0.00000,1861.39000,1862.56000,0.0000,0.0000,117.0,2.34,0.18,"",0,00:00:12:26,61.6,7m,126.0,0.89,142.0,2.84,-126.0,-2.52,53.0,90.7,-25.00,-0.50
,88218871,11/19/2020 17:25,11/19/2020 17:35,XAUUSD,Buy,0.020,1856.89000,0.00000,1861.14000,1862.19000,0.0000,0.0000,105.0,2.10,0.16,"",0,00:00:10:14,90.0,9m,95.0,0.52,167.0,3.34,-87.0,-1.74,65.7,75.6,-62.00,-1.24
,88218472,11/19/2020 17:21,11/19/2020 17:35,XAUUSD,Buy,0.010,1856.89000,0.00000,1862.32000,1862.24000,0.0000,0.0000,-8.0,-0.08,-0.01,"",0,00:00:13:36,7.2,58s,219.0,4.47,49.0,0.49,-219.0,-2.19,18.3,78.7,-57.00,-0.57
,88219017,11/19/2020 17:26,11/19/2020 17:35,XAUUSD,Buy,0.020,1856.80000,0.00000,1860.71000,1862.17000,0.0000,0.0000,146.0,2.92,0.23,"",0,00:00:08:52,100.0,8m,95.0,0.00,210.0,4.2,0.0,0.0,100.0,69.5,-64.00,-1.28
,88217948,11/19/2020 16:08,11/19/2020 17:15,XAUUSD,Buy,0.030,1859.98000,0.00000,1860.93000,1861.19000,0.0000,0.0000,26.0,0.78,0.06,"from #88217863",0,00:01:06:55,12.0,8m,471.0,2.63,179.0,5.37,-471.0,-14.129999999999999,27.5,76.5,-153.00,-4.59
,88212912,11/19/2020 16:14,11/19/2020 17:14,XAUUSD,Buy,0.030,1859.98000,0.00000,1858.33000,1861.25000,0.0000,0.0000,292.0,8.76,0.69,"",0,00:01:00:26,45.0,27m,236.0,0.48,439.0,13.17,-211.0,-6.33,67.5,77.4,-147.00,-4.41
,88217863,11/19/2020 16:08,11/19/2020 17:14,XAUUSD,Buy,0.030,1859.98000,0.00000,1860.93000,1861.25000,0.0000,0.0000,32.0,0.96,0.08,"to #88217948",0,00:01:06:08,10.7,7m,471.0,2.63,179.0,5.37,-471.0,-14.129999999999999,27.5,77.4,-147.00,-4.41
,88214978,11/19/2020 16:08,11/19/2020 17:14,XAUUSD,Buy,0.030,1859.98000,0.00000,1860.93000,1861.07000,0.0000,0.0000,14.0,0.42,0.03,"to #88217863",0,00:01:05:24,10.7,6m,471.0,2.63,179.0,5.37,-471.0,-14.129999999999999,27.5,74.6,-165.00,-4.95
,88217070,11/19/2020 17:04,11/19/2020 17:07,XAUUSD,Buy,0.050,1854.80000,0.00000,1858.87000,1859.64000,0.0000,0.0000,77.0,3.85,0.30,"",0,00:00:03:00,,,,,,,,,,,,
,88213469,11/19/2020 16:23,11/19/2020 17:02,XAUUSD,Buy,0.030,0.00000,0.00000,1857.67000,1858.21000,0.0000,0.0000,54.0,1.62,0.13,"",0,00:00:38:30,66.7,25m,236.0,0.61,177.0,5.31,-108.0,-3.2399999999999998,62.1,56.8,-123.00,-3.69
,88212536,11/19/2020 16:08,11/19/2020 16:36,XAUUSD,Buy,0.010,1844.00000,0.00000,1860.93000,1858.62000,0.0000,0.0000,-231.0,-2.31,-0.18,"to #88214978",0,00:00:27:30,0.0,0s,471.0,476.19,0.0,0.0,-471.0,-4.71,0.0,51.0,-231.00,-2.31
,88213783,11/19/2020 16:25,11/19/2020 16:36,XAUUSD,Buy,0.030,1853.30000,0.00000,1856.75000,1858.99000,0.0000,0.0000,224.0,6.72,0.53,"",0,00:00:10:18,90.0,9m,110.0,0.07,236.0,7.08,-16.0,-0.48,93.7,95.2,-12.00,-0.36
,88199915,11/19/2020 12:59,11/19/2020 13:01,XAUUSD,Buy,0.010,0.00000,0.00000,1858.83000,1859.19000,0.0000,0.0000,36.0,0.36,0.03,"",0,00:00:02:19,,,,,,,,,,,,
,88180486,11/19/2020 09:14,11/19/2020 11:16,XAUUSD,Buy,0.010,0.00000,0.00000,1863.99000,1862.25000,0.0000,0.0000,-174.0,-1.74,-0.14,"",0,00:02:02:08,10.7,13m,909.0,8.99,91.0,0.91,-818.0,-8.18,10.0,70.8,-265.00,-2.65
,88180682,11/19/2020 09:16,11/19/2020 11:16,XAUUSD,Buy,0.010,0.00000,0.00000,1864.11000,1862.25000,0.0000,0.0000,-186.0,-1.86,-0.15,"",0,00:02:00:40,10.8,13m,909.0,10.52,79.0,0.79,-830.0,-8.3,8.7,70.8,-265.00,-2.65
,88183310,11/19/2020 10:00,11/19/2020 11:16,XAUUSD,Buy,0.010,0.00000,0.00000,1864.07000,1862.25000,0.0000,0.0000,-182.0,-1.82,-0.14,"",0,00:01:16:04,0.0,0s,826.0,833.33,0.0,0.0,-826.0,-8.26,0.0,78.0,-182.00,-1.82
,88185914,11/19/2020 10:21,11/19/2020 11:16,XAUUSD,Buy,0.050,1847.80000,0.00000,1859.78000,1862.03000,0.0000,0.0000,225.0,11.25,0.90,"",0,00:00:54:59,25.5,14m,418.0,1.44,276.0,13.8,-397.0,-19.85,41.0,92.4,-51.00,-2.55
,88183608,11/19/2020 10:04,11/19/2020 11:16,XAUUSD,Buy,0.020,1847.80000,0.00000,1863.22000,1862.04000,0.0000,0.0000,-118.0,-2.36,-0.19,"",0,00:01:12:18,0.0,0s,741.0,769.23,0.0,0.0,-741.0,-14.82,0.0,84.1,-118.00,-2.36
,88187052,11/19/2020 10:37,11/19/2020 11:16,XAUUSD,Buy,0.050,1847.80000,0.00000,1859.55000,1862.30000,0.0000,0.0000,275.0,13.75,1.10,"",0,00:00:38:31,35.9,13m,418.0,1.25,299.0,14.950000000000001,-374.0,-18.7,44.4,96.4,-24.00,-1.20
,88188868,11/19/2020 10:54,11/19/2020 11:13,XAUUSD,Buy,0.080,1844.40000,0.00000,1856.45000,1861.54000,0.0000,0.0000,509.0,40.72,3.38,"",0,00:00:19:02,79.0,15m,141.0,0.12,520.0,41.6,-64.0,-5.12,89.0,98.1,-11.00,-0.88
,88189495,11/19/2020 10:59,11/19/2020 11:13,XAUUSD,Buy,0.080,1849.80000,0.00000,1856.91000,1861.59000,0.0000,0.0000,468.0,37.44,3.21,"",0,00:00:14:06,71.5,10m,110.0,0.23,474.0,37.92,-110.0,-8.8,81.2,99.0,-6.00,-0.48
,88139567,11/18/2020 16:09,11/18/2020 16:30,XAUUSD,Buy,0.010,0.00000,0.00000,1876.60000,1878.71000,0.0000,0.0000,211.0,2.11,0.18,"",0,00:00:20:16,95.0,19m,95.0,0.01,220.0,2.2,-2.0,-0.02,99.1,95.9,-9.00,-0.09
,88116168,11/17/2020 16:24,11/18/2020 16:29,XAUUSD,Buy,0.010,0.00000,0.00000,1887.67000,1878.49000,0.0000,-0.1400,-918.0,-9.32,-0.79,"from #88074854",0,01:00:05:27,4.5,1h 5m,2326.0,6.65,304.0,3.04,-2022.0,-20.22,13.1,47.5,-1222.00,-12.22
,88120806,11/18/2020 11:50,11/18/2020 16:29,XAUUSD,Buy,0.020,1854.00000,0.00000,1877.90000,1878.61000,0.0000,0.0000,71.0,1.42,0.12,"",0,00:04:39:47,14.4,40m,1377.0,6.92,174.0,3.48,-1203.0,-24.060000000000002,12.6,92.5,-103.00,-2.06
,88118989,11/18/2020 11:18,11/18/2020 15:53,XAUUSD,Buy,0.010,0.00000,0.00000,1882.08000,1875.25000,0.0000,0.0000,-683.0,-6.83,-0.58,"",0,00:04:35:25,0.0,0s,1621.0,1666.67,0.0,0.0,-1621.0,-16.21,0.0,57.9,-683.00,-6.83
,88134630,11/18/2020 14:55,11/18/2020 15:53,XAUUSD,Buy,0.020,0.00000,0.00000,1869.92000,1875.24000,0.0000,0.0000,532.0,10.64,0.91,"",0,00:00:58:18,98.3,57m,207.0,0.07,565.0,11.3,-40.0,-0.8,93.4,94.5,-33.00,-0.66
,88135814,11/18/2020 13:49,11/18/2020 15:35,XAUUSD,Buy,0.030,1854.00000,0.00000,1871.35000,1874.09000,0.0000,0.0000,274.0,8.22,0.71,"from #88135452",0,00:01:46:12,44.4,47m,676.0,1.73,316.0,9.48,-548.0,-16.439999999999998,36.6,95.1,-42.00,-1.26
,88135452,11/18/2020 13:49,11/18/2020 15:15,XAUUSD,Buy,0.020,1854.00000,0.00000,1871.35000,1872.73000,0.0000,0.0000,138.0,2.76,0.24,"to #88135814",0,00:01:25:48,31.4,26m,676.0,2.40,228.0,4.5600000000000005,-548.0,-10.96,29.4,88.4,-90.00,-1.80
,88129283,11/18/2020 13:49,11/18/2020 15:09,XAUUSD,Buy,0.050,1854.00000,0.00000,1871.35000,1871.82000,0.0000,0.0000,47.0,2.35,0.20,"to #88135452",0,00:01:20:19,26.3,21m,676.0,4.28,128.0,6.4,-548.0,-27.400000000000002,18.9,88.0,-81.00,-4.05
,88131202,11/18/2020 14:04,11/18/2020 14:30,XAUUSD,Buy,0.050,1859.40000,0.00000,1866.07000,1871.01000,0.0000,0.0000,494.0,24.70,2.18,"",0,00:00:26:01,100.0,26m,111.0,0.00,605.0,30.25,0.0,0.0,100.0,81.7,-111.00,-5.55
,88124705,11/18/2020 12:44,11/18/2020 13:45,XAUUSD,Buy,0.050,1868.80000,0.00000,1874.23000,1868.34000,0.0000,0.0000,-589.0,-29.45,-2.54,"[sl]",0,00:01:00:46,82.0,49m,801.0,2.78,212.0,10.600000000000001,-589.0,-29.450000000000003,26.5,0.0,-801.00,-40.05
,88127696,11/18/2020 13:36,11/18/2020 13:44,XAUUSD,Buy,0.020,0.00000,0.00000,1874.20000,1875.51000,0.0000,0.0000,131.0,2.62,0.23,"",0,00:00:07:56,87.5,6m,49.0,0.02,180.0,3.6,-3.0,-0.06,98.4,73.2,-49.00,-0.98
,88124103,11/18/2020 12:41,11/18/2020 13:17,XAUUSD,Buy,0.020,1863.40000,0.00000,1875.01000,1876.00000,0.0000,0.0000,99.0,1.98,0.17,"",0,00:00:36:01,16.7,6m,198.0,1.48,134.0,2.68,-198.0,-3.96,40.4,89.5,-35.00,-0.70
,88124421,11/18/2020 12:43,11/18/2020 13:11,XAUUSD,Buy,0.050,1838.19000,0.00000,1873.55000,1874.60000,0.0000,0.0000,105.0,5.25,0.46,"",0,00:00:27:48,96.5,26m,134.0,0.03,142.0,7.1000000000000005,-4.0,-0.2,97.3,74.7,-37.00,-1.85
,88123577,11/18/2020 12:32,11/18/2020 12:40,XAUUSD,Buy,0.020,1874.80000,0.00000,1877.46000,1874.16000,0.0000,0.0000,-330.0,-6.60,-0.57,"[sl]",0,00:00:08:20,12.5,1m,336.0,55.25,6.0,0.12,-330.0,-6.6000000000000005,1.8,0.0,-336.00,-6.72
,88074854,11/17/2020 16:24,11/18/2020 10:38,XAUUSD,Buy,0.020,0.00000,0.00000,1887.67000,1884.12000,0.0000,-0.2900,-355.0,-7.39,-0.63,"to #88116168",0,00:18:13:35,6.0,1h 5m,1493.0,3.91,304.0,6.08,-1189.0,-23.78,20.4,55.9,-659.00,-13.18
,88115783,11/18/2020 08:09,11/18/2020 10:38,XAUUSD,Buy,0.030,1873.80000,0.00000,1877.91000,1884.07000,0.0000,0.0000,616.0,18.48,1.61,"from #88106007",0,00:02:28:19,96.7,2h 23m,237.0,0.15,632.0,18.96,-97.0,-2.9099999999999997,86.7,97.8,-16.00,-0.48
,88106007,11/18/2020 08:09,11/18/2020 10:32,XAUUSD,Buy,0.020,1873.80000,0.00000,1877.91000,1883.68000,0.0000,0.0000,577.0,11.54,1.02,"to #88115783",0,00:02:23:09,96.6,2h 18m,237.0,0.15,632.0,12.64,-97.0,-1.94,86.7,92.5,-55.00,-1.10
,88089107,11/17/2020 19:28,11/18/2020 10:32,XAUUSD,Buy,0.010,0.00000,0.00000,1886.48000,1883.71000,0.0000,-0.1400,-277.0,-2.91,-0.26,"",0,00:15:04:38,9.5,1h 25m,1176.0,10.10,106.0,1.06,-1070.0,-10.700000000000001,9.0,67.4,-383.00,-3.83
,88090101,11/17/2020 20:01,11/18/2020 10:32,XAUUSD,Buy,0.010,0.00000,0.00000,1887.12000,1883.78000,0.0000,-0.1400,-334.0,-3.48,-0.31,"",0,00:14:31:22,1.8,15m,1176.0,27.03,42.0,0.42,-1134.0,-11.34,3.6,68.0,-376.00,-3.76
,88089363,11/17/2020 19:36,11/18/2020 10:31,XAUUSD,Buy,0.010,0.00000,0.00000,1887.08000,1883.79000,0.0000,-0.1400,-329.0,-3.43,-0.30,"",0,00:14:54:46,2.3,20m,1176.0,24.57,46.0,0.46,-1130.0,-11.3,3.9,68.1,-375.00,-3.75
,88089341,11/17/2020 19:36,11/18/2020 10:31,XAUUSD,Buy,0.010,0.00000,0.00000,1887.25000,1884.07000,0.0000,-0.1400,-318.0,-3.32,-0.29,"",0,00:14:55:15,1.2,10m,1176.0,39.68,29.0,0.29,-1147.0,-11.47,2.5,70.5,-347.00,-3.47
,88092451,11/17/2020 21:24,11/18/2020 10:31,XAUUSD,Buy,0.020,0.00000,0.00000,1886.18000,1884.03000,0.0000,-0.2900,-215.0,-4.59,-0.40,"",0,00:13:07:03,6.3,49m,1145.0,9.91,105.0,2.1,-1040.0,-20.8,9.2,72.1,-320.00,-6.40
,88114613,11/18/2020 10:22,11/18/2020 10:31,XAUUSD,Buy,0.010,0.00000,0.00000,1881.53000,1884.11000,0.0000,0.0000,258.0,2.58,0.22,"",0,00:00:08:22,100.0,8m,12.0,0.00,270.0,2.7,0.0,0.0,100.0,95.6,-12.00,-0.12
,88110903,11/18/2020 09:51,11/18/2020 10:30,XAUUSD,Buy,0.010,0.00000,0.00000,1882.25000,1884.25000,0.0000,0.0000,200.0,2.00,0.17,"",0,00:00:39:12,35.9,14m,237.0,0.67,200.0,2.0,-133.0,-1.33,60.1,100.0,0.00,0.00
,88111113,11/18/2020 09:55,11/18/2020 10:30,XAUUSD,Buy,0.010,0.00000,0.00000,1882.23000,1884.16000,0.0000,0.0000,193.0,1.93,0.17,"",0,00:00:35:03,40.0,14m,237.0,0.66,200.0,2.0,-131.0,-1.31,60.4,97.9,-7.00,-0.07
,88110008,11/18/2020 09:35,11/18/2020 10:04,XAUUSD,Buy,0.030,0.00000,0.00000,1881.16000,1881.81000,0.0000,0.0000,65.0,1.95,0.17,"",0,00:00:28:52,93.2,26m,237.0,0.11,213.0,6.39,-24.0,-0.72,89.9,37.6,-148.00,-4.44
,88095712,11/17/2020 22:49,11/18/2020 09:26,XAUUSD,Buy,0.020,1873.30000,0.00000,1881.22000,1881.42000,0.0000,-0.2900,20.0,0.11,0.01,"",0,00:10:37:08,33.5,3h 33m,733.0,2.88,189.0,3.7800000000000002,-544.0,-10.88,25.8,76.9,-169.00,-3.38
,88102201,11/18/2020 05:58,11/18/2020 09:26,XAUUSD,Buy,0.070,1873.30000,0.00000,1878.49000,1881.34000,0.0000,0.0000,285.0,19.95,1.78,"",0,00:03:27:54,89.5,3h 6m,421.0,0.47,330.0,23.1,-155.0,-10.850000000000001,68.0,90.7,-45.00,-3.15
,88074961,11/17/2020 16:25,11/17/2020 16:27,XAUUSD,Buy,0.030,0.00000,0.00000,1889.03000,1889.20000,0.0000,0.0000,17.0,0.51,0.05,"",0,00:00:01:49,,,,,,,,,,,,
,88074837,11/17/2020 16:24,11/17/2020 16:27,XAUUSD,Buy,0.010,0.00000,0.00000,1887.68000,1889.07000,0.0000,0.0000,139.0,1.39,0.12,"",0,00:00:03:10,,,,,,,,,,,,
,88074703,11/17/2020 16:22,11/17/2020 16:27,XAUUSD,Buy,0.010,0.00000,0.00000,1887.29000,1889.24000,0.0000,0.0000,195.0,1.95,0.17,"",0,00:00:04:18,100.0,4m,7.0,0.01,198.0,1.98,0.0,0.0,100.0,98.5,-3.00,-0.03
,88074125,11/17/2020 16:18,11/17/2020 16:27,XAUUSD,Buy,0.010,0.00000,0.00000,1889.90000,1889.25000,0.0000,0.0000,-65.0,-0.65,-0.06,"",0,00:00:08:48,0.0,0s,321.0,322.58,0.0,0.0,-321.0,-3.21,0.0,79.8,-65.00,-0.65
,88074562,11/17/2020 16:21,11/17/2020 16:26,XAUUSD,Buy,0.010,0.00000,0.00000,1887.85000,1889.17000,0.0000,0.0000,132.0,1.32,0.12,"",0,00:00:05:16,80.0,4m,34.0,0.24,142.0,1.42,-34.0,-0.34,80.7,94.3,-10.00,-0.10
,88070997,11/17/2020 12:33,11/17/2020 15:47,XAUUSD,Buy,0.100,1878.40000,0.00000,1886.56000,1891.48000,0.0000,0.0000,492.0,49.20,4.60,"from #88056226",0,00:03:14:37,100.0,3h 14m,327.0,0.00,581.0,58.1,0.0,0.0,100.0,84.7,-89.00,-8.90
,88056226,11/17/2020 12:33,11/17/2020 15:47,XAUUSD,Buy,0.050,1878.40000,0.00000,1886.56000,1891.35000,0.0000,0.0000,479.0,23.95,2.29,"to #88070997",0,00:03:14:13,100.0,3h 14m,327.0,0.00,581.0,29.05,0.0,0.0,100.0,82.4,-102.00,-5.10
,88053836,11/17/2020 11:59,11/17/2020 15:47,XAUUSD,Buy,0.020,0.00000,0.00000,1890.76000,1891.00000,0.0000,0.0000,24.0,0.48,0.05,"",0,00:03:48:01,1.4,3m,453.0,2.76,161.0,3.22,-444.0,-8.88,26.6,77.4,-137.00,-2.74
,88054427,11/17/2020 12:07,11/17/2020 15:47,XAUUSD,Buy,0.010,0.00000,0.00000,1889.97000,1890.76000,0.0000,0.0000,79.0,0.79,0.08,"",0,00:03:39:23,5.5,12m,398.0,1.52,240.0,2.4,-365.0,-3.65,39.7,73.4,-161.00,-1.61
,88054377,11/17/2020 12:06,11/17/2020 15:47,XAUUSD,Buy,0.010,0.00000,0.00000,1890.00000,1890.62000,0.0000,0.0000,62.0,0.62,0.06,"",0,00:03:40:02,5.9,12m,412.0,1.55,237.0,2.37,-368.0,-3.68,39.2,71.1,-175.00,-1.75
,88054804,11/17/2020 12:17,11/17/2020 15:46,XAUUSD,Buy,0.020,0.00000,0.00000,1889.99000,1890.61000,0.0000,0.0000,62.0,1.24,0.12,"",0,00:03:29:27,2.0,4m,375.0,5.48,67.0,1.34,-367.0,-7.34,15.4,98.8,-5.00,-0.10
,88055045,11/17/2020 12:23,11/17/2020 15:46,XAUUSD,Buy,0.050,1882.80000,0.00000,1890.06000,1890.33000,0.0000,0.0000,27.0,1.35,0.13,"",0,00:03:23:03,1.5,3m,375.0,6.23,60.0,3.0,-374.0,-18.7,13.8,92.4,-33.00,-1.65
,88055537,11/17/2020 12:25,11/17/2020 15:45,XAUUSD,Buy,0.050,1882.80000,0.00000,1889.55000,1889.55000,0.0000,0.0000,0.0,0.00,0.00,"",0,00:03:20:28,4.5,9m,369.0,7.02,46.0,0.0,-323.0,-0.0,12.5,87.5,-46.00,0.00
,88069837,11/17/2020 15:37,11/17/2020 15:45,XAUUSD,Buy,0.050,0.00000,0.00000,1887.50000,1889.83000,0.0000,0.0000,233.0,11.65,1.13,"",0,00:00:08:08,100.0,8m,24.0,0.00,244.0,12.200000000000001,0.0,0.0,100.0,95.5,-11.00,-0.55
,88063441,11/17/2020 14:04,11/17/2020 15:33,XAUUSD,Buy,0.020,0.00000,0.00000,1887.95000,1889.70000,0.0000,0.0000,175.0,3.50,0.34,"",0,00:01:29:14,60.7,54m,262.0,0.62,202.0,4.04,-126.0,-2.52,61.6,91.8,-27.00,-0.54
,88066030,11/17/2020 14:46,11/17/2020 15:21,XAUUSD,Buy,0.020,0.00000,0.00000,1887.25000,1889.40000,0.0000,0.0000,215.0,4.30,0.42,"",0,00:00:35:03,74.3,26m,233.0,0.22,260.0,5.2,-56.0,-1.12,82.3,85.8,-45.00,-0.90
,88066006,11/17/2020 14:46,11/17/2020 14:57,XAUUSD,Buy,0.020,0.00000,0.00000,1887.19000,1887.65000,0.0000,0.0000,46.0,0.92,0.09,"",0,00:00:11:35,72.8,8m,139.0,0.42,98.0,1.96,-41.0,-0.8200000000000001,70.5,62.6,-52.00,-1.04
,88061966,11/17/2020 13:44,11/17/2020 14:00,XAUUSD,Buy,0.050,0.00000,0.00000,1888.04000,1888.56000,0.0000,0.0000,52.0,2.60,0.26,"",0,00:00:16:05,100.0,16m,32.0,0.01,76.0,3.8000000000000003,0.0,0.0,100.0,68.4,-24.00,-1.20
,88055648,11/17/2020 12:26,11/17/2020 12:30,XAUUSD,Buy,0.050,1887.80000,0.00000,1890.46000,1887.66000,0.0000,0.0000,-280.0,-14.00,-1.36,"[sl]",0,00:00:03:21,,,,,,,,,,,,
,88048642,11/17/2020 10:54,11/17/2020 11:04,XAUUSD,Buy,0.010,0.00000,0.00000,1890.79000,1891.65000,0.0000,0.0000,86.0,0.86,0.08,"",0,00:00:10:46,72.8,7m,50.0,0.28,116.0,1.16,-33.0,-0.33,77.9,79.9,-30.00,-0.30
,88048183,11/17/2020 10:47,11/17/2020 11:04,XAUUSD,Buy,0.010,0.00000,0.00000,1890.68000,1891.76000,0.0000,0.0000,108.0,1.08,0.10,"",0,00:00:17:06,64.8,11m,81.0,0.50,127.0,1.27,-64.0,-0.64,66.5,90.1,-19.00,-0.19
,87980380,11/16/2020 13:23,11/16/2020 13:44,XAUUSD,Buy,0.010,0.00000,0.00000,1892.37000,1892.46000,0.0000,0.0000,9.0,0.09,0.01,"",0,00:00:21:02,42.9,9m,131.0,2.85,46.0,0.46,-131.0,-1.31,26.0,79.1,-37.00,-0.37
,87883736,11/13/2020 07:52,11/13/2020 08:04,XAUUSD,Buy,0.010,0.00000,0.00000,1878.96000,1879.60000,0.0000,0.0000,64.0,0.64,0.06,"",0,00:00:11:33,100.0,11m,64.0,0.01,102.0,1.02,0.0,0.0,100.0,62.7,-38.00,-0.38
,87845126,11/12/2020 15:58,11/12/2020 16:18,XAUUSD,Buy,0.010,0.00000,0.00000,1877.94000,1877.99000,0.0000,0.0000,5.0,0.05,0.00,"",0,00:00:19:58,30.0,5m,232.0,2.41,68.0,0.68,-164.0,-1.6400000000000001,29.3,72.8,-63.00,-0.63
,87845595,11/12/2020 16:00,11/12/2020 16:18,XAUUSD,Buy,0.010,0.00000,0.00000,1877.60000,1877.99000,0.0000,0.0000,39.0,0.39,0.04,"",0,00:00:17:52,23.6,4m,141.0,1.81,72.0,0.72,-130.0,-1.3,35.6,83.7,-33.00,-0.33
,87844928,11/12/2020 15:57,11/12/2020 16:17,XAUUSD,Buy,0.010,0.00000,0.00000,1879.63000,1878.30000,0.0000,0.0000,-133.0,-1.33,-0.13,"",0,00:00:20:52,0.0,0s,333.0,333.33,0.0,0.0,-333.0,-3.33,0.0,60.1,-133.00,-1.33
,87846190,11/12/2020 16:04,11/12/2020 16:17,XAUUSD,Buy,0.010,0.00000,0.00000,1877.09000,1878.37000,0.0000,0.0000,128.0,1.28,0.12,"",0,00:00:13:41,46.2,6m,141.0,0.62,128.0,1.28,-79.0,-0.79,61.8,100.0,0.00,0.00
,87846557,11/12/2020 16:08,11/12/2020 16:17,XAUUSD,Buy,0.010,0.00000,0.00000,1876.57000,1878.47000,0.0000,0.0000,190.0,1.90,0.18,"",0,00:00:09:42,88.9,8m,141.0,0.08,190.0,1.9000000000000001,-16.0,-0.16,92.2,100.0,0.00,0.00
,87840686,11/12/2020 15:19,11/12/2020 15:24,XAUUSD,Buy,0.010,0.00000,0.00000,1869.20000,1870.87000,0.0000,0.0000,167.0,1.67,0.16,"",0,00:00:04:10,80.0,3m,24.0,0.01,191.0,1.9100000000000001,0.0,0.0,100.0,87.4,-24.00,-0.24
,87829520,11/12/2020 13:17,11/12/2020 13:25,XAUUSD,Buy,0.010,0.00000,0.00000,1872.23000,1872.06000,0.0000,0.0000,-17.0,-0.17,-0.02,"",0,00:00:08:07,0.0,0s,95.0,95.24,0.0,0.0,-95.0,-0.9500000000000001,0.0,82.1,-17.00,-0.17
,87828515,11/12/2020 13:05,11/12/2020 13:25,XAUUSD,Buy,0.030,0.00000,0.00000,1869.40000,1872.05000,0.0000,0.0000,265.0,7.95,0.78,"",0,00:00:20:12,90.0,18m,93.0,0.01,282.0,8.459999999999999,-2.0,-0.06,99.3,94.0,-17.00,-0.51
,87825334,11/12/2020 12:22,11/12/2020 13:23,XAUUSD,Buy,0.010,0.00000,0.00000,1871.33000,1871.40000,0.0000,0.0000,7.0,0.07,0.01,"",0,00:01:00:46,19.7,11m,383.0,4.35,88.0,0.88,-383.0,-3.83,18.7,82.8,-81.00,-0.81
,87826305,11/12/2020 12:36,11/12/2020 13:23,XAUUSD,Buy,0.010,0.00000,0.00000,1868.07000,1871.31000,0.0000,0.0000,324.0,3.24,0.32,"",0,00:00:46:14,93.7,43m,138.0,0.14,414.0,4.14,-57.0,-0.5700000000000001,87.9,80.9,-90.00,-0.90
,87808830,11/12/2020 09:39,11/12/2020 11:38,XAUUSD,Buy,0.010,0.00000,0.00000,1871.35000,1872.57000,0.0000,0.0000,122.0,1.22,0.12,"",0,00:01:59:02,3.4,4m,763.0,4.99,153.0,1.53,-763.0,-7.63,16.7,96.6,-31.00,-0.31
,87819980,11/12/2020 10:08,11/12/2020 11:38,XAUUSD,Buy,0.050,0.00000,0.00000,1870.24000,1872.59000,0.0000,0.0000,235.0,11.75,1.17,"from #87812434",0,00:01:30:20,10.0,9m,652.0,2.47,264.0,13.200000000000001,-652.0,-32.6,28.8,96.8,-29.00,-1.45
,87819953,11/12/2020 10:18,11/12/2020 11:38,XAUUSD,Buy,0.120,0.00000,0.00000,1866.24000,1872.49000,0.0000,0.0000,625.0,75.00,8.09,"from #87813519",0,00:01:19:57,68.8,55m,344.0,0.38,664.0,79.67999999999999,-252.0,-30.24,72.5,95.7,-39.00,-4.68
,87812434,11/12/2020 10:08,11/12/2020 11:31,XAUUSD,Buy,0.050,0.00000,0.00000,1870.24000,1869.38000,0.0000,0.0000,-86.0,-4.30,-0.46,"to #87819980",0,00:01:22:51,1.3,1m,652.0,81.97,8.0,0.4,-652.0,-32.6,1.2,85.8,-94.00,-4.70
,87813519,11/12/2020 10:18,11/12/2020 11:30,XAUUSD,Buy,0.080,0.00000,0.00000,1866.24000,1869.37000,0.0000,0.0000,313.0,25.04,2.76,"to #87819953",0,00:01:12:24,65.3,47m,344.0,0.70,360.0,28.8,-252.0,-20.16,58.8,92.3,-47.00,-3.76
,87809592,11/12/2020 09:48,11/12/2020 11:30,XAUUSD,Buy,0.010,0.00000,0.00000,1869.41000,1869.90000,0.0000,0.0000,49.0,0.49,0.05,"",0,00:01:42:08,10.8,11m,628.0,9.65,59.0,0.59,-569.0,-5.69,9.4,98.4,-10.00,-0.10
,87811819,11/12/2020 10:05,11/12/2020 10:49,XAUUSD,Buy,0.100,0.00000,0.00000,1868.94000,1868.65000,0.0000,0.0000,-29.0,-2.90,-0.32,"",0,00:00:44:19,11.4,5m,628.0,4.93,106.0,10.600000000000001,-522.0,-52.2,16.9,78.5,-135.00,-13.50
,87814101,11/12/2020 10:25,11/12/2020 10:49,XAUUSD,Buy,0.050,0.00000,0.00000,1865.91000,1868.85000,0.0000,0.0000,294.0,14.70,1.64,"",0,00:00:23:53,70.9,16m,219.0,0.74,294.0,14.700000000000001,-219.0,-10.950000000000001,57.3,100.0,0.00,0.00
,87814365,11/12/2020 10:27,11/12/2020 10:38,XAUUSD,Buy,0.010,0.00000,0.00000,1865.23000,1866.19000,0.0000,0.0000,96.0,0.96,0.11,"",0,00:00:10:36,72.8,7m,184.0,1.25,121.0,1.21,-151.0,-1.51,44.5,90.8,-25.00,-0.25
,87814379,11/12/2020 10:27,11/12/2020 10:38,XAUUSD,Buy,0.050,0.00000,0.00000,1865.19000,1866.09000,0.0000,0.0000,90.0,4.50,0.51,"",0,00:00:10:23,72.8,7m,184.0,1.18,125.0,6.25,-147.0,-7.3500000000000005,46.0,87.1,-35.00,-1.75
,87810123,11/12/2020 09:53,11/12/2020 10:26,XAUUSD,Buy,0.050,1864.00000,0.00000,1868.98000,1863.70000,0.0000,0.0000,-528.0,-26.40,-2.89,"[sl]",0,00:00:33:13,33.4,11m,630.0,5.18,102.0,5.1000000000000005,-528.0,-26.400000000000002,16.2,0.0,-630.00,-31.50
,87810106,11/12/2020 09:53,11/12/2020 10:02,XAUUSD,Buy,0.050,1865.89000,0.00000,1868.88000,1869.39000,0.0000,0.0000,51.0,2.55,0.28,"",0,00:00:09:45,66.7,6m,83.0,0.49,85.0,4.25,-42.0,-2.1,66.9,73.2,-34.00,-1.70
,87810638,11/12/2020 09:58,11/12/2020 10:02,XAUUSD,Buy,0.100,1867.00000,0.00000,1869.49000,1869.55000,0.0000,0.0000,6.0,0.60,0.07,"",0,00:00:03:56,,,,,,,,,,,,
,87809913,11/12/2020 09:51,11/12/2020 10:02,XAUUSD,Buy,0.050,1865.89000,0.00000,1868.52000,1869.57000,0.0000,0.0000,105.0,5.25,0.58,"",0,00:00:11:12,91.0,10m,104.0,0.05,121.0,6.050000000000001,-6.0,-0.30000000000000004,95.3,87.4,-16.00,-0.80
,87799951,11/12/2020 05:34,11/12/2020 06:16,XAUUSD,Sell,0.010,0.00000,0.00000,1870.25000,1869.91000,0.0000,0.0000,34.0,0.34,0.04,"",0,00:00:42:23,38.1,16m,158.0,1.26,70.0,0.7000000000000001,-88.0,-0.88,44.3,77.2,-36.00,-0.36
,87783979,11/11/2020 18:50,11/11/2020 20:43,XAUUSD,Buy,0.020,0.00000,0.00000,1863.13000,1864.93000,0.0000,0.0000,180.0,3.60,0.40,"",0,00:01:52:45,53.1,59m,347.0,1.00,200.0,4.0,-200.0,-4.0,50.0,95.0,-20.00,-0.40
,87783955,11/11/2020 18:50,11/11/2020 20:43,XAUUSD,Buy,0.020,0.00000,0.00000,1863.14000,1864.94000,0.0000,0.0000,180.0,3.60,0.40,"",0,00:01:52:40,52.3,58m,347.0,1.01,199.0,3.98,-201.0,-4.0200000000000005,49.8,95.3,-19.00,-0.38
,87783072,11/11/2020 18:35,11/11/2020 20:43,XAUUSD,Buy,0.010,0.00000,0.00000,1864.29000,1864.91000,0.0000,0.0000,62.0,0.62,0.07,"",0,00:02:07:11,14.9,18m,347.0,3.76,84.0,0.84,-316.0,-3.16,21.0,94.5,-22.00,-0.22
,87783091,11/11/2020 18:36,11/11/2020 20:43,XAUUSD,Buy,0.010,0.00000,0.00000,1864.10000,1864.80000,0.0000,0.0000,70.0,0.70,0.08,"",0,00:02:06:48,18.2,23m,347.0,2.88,103.0,1.03,-297.0,-2.97,25.8,91.8,-33.00,-0.33
,87787318,11/11/2020 20:13,11/11/2020 20:42,XAUUSD,Buy,0.100,0.00000,0.00000,1863.99000,1864.80000,0.0000,0.0000,81.0,8.10,0.91,"",0,00:00:29:53,48.3,14m,98.0,1.05,93.0,9.3,-98.0,-9.8,48.7,93.7,-12.00,-1.20
,87785588,11/11/2020 19:29,11/11/2020 20:42,XAUUSD,Buy,0.100,1860.40000,0.00000,1862.08000,1865.01000,0.0000,0.0000,293.0,29.30,3.41,"",0,00:01:12:59,95.9,1h 9m,133.0,0.08,293.0,29.3,-24.0,-2.4000000000000004,92.4,100.0,0.00,0.00
,87783552,11/11/2020 18:43,11/11/2020 20:42,XAUUSD,Buy,0.050,0.00000,0.00000,1863.19000,1864.71000,0.0000,0.0000,152.0,7.60,0.89,"",0,00:01:58:16,48.8,57m,347.0,1.19,173.0,8.65,-206.0,-10.3,45.6,94.5,-21.00,-1.05
,87785538,11/11/2020 19:28,11/11/2020 20:41,XAUUSD,Buy,0.100,1858.40000,0.00000,1861.74000,1864.69000,0.0000,0.0000,295.0,29.50,3.59,"",0,00:01:13:12,100.0,1h 13m,133.0,0.00,307.0,30.700000000000003,0.0,0.0,100.0,96.1,-12.00,-1.20
,87785444,11/11/2020 19:25,11/11/2020 20:41,XAUUSD,Buy,0.200,1855.40000,0.00000,1861.98000,1864.59000,0.0000,0.0000,261.0,52.20,6.77,"",0,00:01:16:06,90.8,1h 9m,133.0,0.30,283.0,56.6,-85.0,-17.0,76.9,94.0,-22.00,-4.40
,87785364,11/11/2020 19:23,11/11/2020 20:41,XAUUSD,Buy,0.100,1858.40000,0.00000,1862.24000,1864.52000,0.0000,0.0000,228.0,22.80,3.05,"",0,00:01:17:54,79.5,1h 1m,133.0,0.43,257.0,25.700000000000003,-111.0,-11.100000000000001,69.8,92.1,-29.00,-2.90
,87785330,11/11/2020 19:22,11/11/2020 19:35,XAUUSD,Buy,0.200,0.00000,0.00000,1861.74000,1862.64000,0.0000,0.0000,90.0,18.00,2.47,"",0,00:00:12:46,61.6,7m,63.0,0.46,132.0,26.400000000000002,-61.0,-12.200000000000001,68.4,78.2,-42.00,-8.40
,87782180,11/11/2020 18:18,11/11/2020 18:29,XAUUSD,Buy,0.010,0.00000,0.00000,1864.94000,1865.14000,0.0000,0.0000,20.0,0.20,0.03,"",0,00:00:11:22,91.0,10m,114.0,0.04,134.0,1.34,-5.0,-0.05,96.4,18.0,-114.00,-1.14
,87780852,11/11/2020 18:00,11/11/2020 18:07,XAUUSD,Buy,0.010,1855.40000,0.00000,1862.69000,1865.37000,0.0000,0.0000,268.0,2.68,0.37,"",0,00:00:07:04,100.0,7m,132.0,0.00,400.0,4.0,0.0,0.0,100.0,67.0,-132.00,-1.32
,87780587,11/11/2020 17:58,11/11/2020 18:07,XAUUSD,Buy,0.010,1858.40000,0.00000,1863.79000,1865.29000,0.0000,0.0000,150.0,1.50,0.21,"",0,00:00:08:45,77.8,6m,140.0,0.28,290.0,2.9,-82.0,-0.8200000000000001,78.0,62.4,-140.00,-1.40
,87776326,11/11/2020 17:07,11/11/2020 17:25,XAUUSD,Buy,0.010,1855.80000,0.00000,1860.58000,1863.29000,0.0000,0.0000,271.0,2.71,0.37,"",0,00:00:17:19,61.2,10m,206.0,0.44,299.0,2.99,-131.0,-1.31,69.5,93.5,-28.00,-0.28
,87772029,11/11/2020 16:23,11/11/2020 16:37,XAUUSD,Buy,0.010,1864.90000,0.00000,1862.65000,1864.83000,0.0000,0.0000,218.0,2.18,0.30,"[sl]",0,00:00:14:23,,,,,,,,,,,,
,87741350,11/11/2020 10:58,11/11/2020 12:09,XAUUSD,Buy,0.020,0.00000,0.00000,1879.26000,1879.94000,0.0000,0.0000,68.0,1.36,0.19,"",0,00:01:11:14,35.8,25m,263.0,1.32,199.0,3.98,-263.0,-5.26,43.1,71.6,-131.00,-2.62
,87742363,11/11/2020 11:05,11/11/2020 12:09,XAUUSD,Buy,0.010,1872.80000,0.00000,1876.87000,1880.12000,0.0000,0.0000,325.0,3.25,0.45,"",0,00:01:03:29,91.7,58m,113.0,0.00,438.0,4.38,-2.0,-0.02,99.5,74.3,-113.00,-1.13
,87680751,11/10/2020 15:56,11/10/2020 16:24,XAUUSD,Buy,0.010,0.00000,0.00000,1877.65000,1880.83000,0.0000,0.0000,318.0,3.18,0.45,"",0,00:00:28:16,100.0,28m,9.0,0.00,326.0,3.2600000000000002,0.0,0.0,100.0,97.5,-8.00,-0.08
,87680583,11/10/2020 15:55,11/10/2020 16:24,XAUUSD,Buy,0.010,0.00000,0.00000,1877.72000,1880.79000,0.0000,0.0000,307.0,3.07,0.43,"",0,00:00:29:11,100.0,29m,12.0,0.00,319.0,3.19,0.0,0.0,100.0,96.2,-12.00,-0.12
,87647616,11/10/2020 10:42,11/10/2020 11:10,XAUUSD,Sell,0.010,1896.00000,0.00000,1887.52000,1887.34000,0.0000,0.0000,18.0,0.18,0.03,"",0,00:00:28:33,83.4,23m,64.0,0.63,82.0,0.8200000000000001,-52.0,-0.52,61.2,52.2,-64.00,-0.64
,87636514,11/10/2020 09:31,11/10/2020 09:34,XAUUSD,Sell,0.010,0.00000,0.00000,1886.64000,1885.42000,0.0000,0.0000,122.0,1.22,0.17,"",0,00:00:02:36,,,,,,,,,,,,
,87624873,11/10/2020 04:54,11/10/2020 07:45,XAUUSD,Sell,0.010,0.00000,0.00000,1875.29000,1879.69000,0.0000,0.0000,-440.0,-4.40,-0.62,"",0,00:02:51:15,0.0,0s,946.0,1000.00,0.0,0.0,-946.0,-9.46,0.0,53.5,-440.00,-4.40
,87629699,11/10/2020 06:13,11/10/2020 07:45,XAUUSD,Sell,0.010,1891.00000,0.00000,1884.37000,1879.61000,0.0000,0.0000,476.0,4.76,0.67,"from #87629681",0,00:01:31:54,100.0,1h 31m,142.0,0.00,533.0,5.33,0.0,0.0,100.0,89.3,-57.00,-0.57
,87629681,11/10/2020 06:13,11/10/2020 07:20,XAUUSD,Sell,0.010,1891.00000,0.00000,1884.37000,1880.38000,0.0000,0.0000,399.0,3.99,0.57,"to #87629699",0,00:01:06:53,100.0,1h 6m,51.0,0.00,430.0,4.3,0.0,0.0,100.0,92.8,-31.00,-0.31
,87627950,11/10/2020 06:13,11/10/2020 07:20,XAUUSD,Sell,0.010,1891.00000,0.00000,1884.37000,1880.39000,0.0000,0.0000,398.0,3.98,0.57,"to #87629681",0,00:01:06:33,100.0,1h 6m,51.0,0.00,430.0,4.3,0.0,0.0,100.0,92.6,-32.00,-0.32
,87626727,11/10/2020 05:45,11/10/2020 07:19,XAUUSD,Sell,0.020,0.00000,0.00000,1880.66000,1880.45000,0.0000,0.0000,21.0,0.42,0.06,"",0,00:01:34:32,11.2,10m,409.0,6.93,59.0,1.18,-409.0,-8.18,12.6,91.9,-38.00,-0.76
,87628486,11/10/2020 06:31,11/10/2020 07:16,XAUUSD,Sell,0.010,1887.00000,0.00000,1883.51000,1881.24000,0.0000,0.0000,227.0,2.27,0.33,"",0,00:00:44:35,66.7,29m,117.0,0.04,344.0,3.44,-13.0,-0.13,96.4,67.2,-117.00,-1.17
,87627777,11/10/2020 06:10,11/10/2020 06:12,XAUUSD,Sell,0.020,1885.00000,0.00000,1883.33000,1885.15000,0.0000,0.0000,-182.0,-3.64,-0.52,"[sl]",0,00:00:02:40,,,,,,,,,,,,
,87626036,11/10/2020 05:24,11/10/2020 05:43,XAUUSD,Sell,0.010,1881.50000,0.00000,1878.58000,1881.62000,0.0000,0.0000,-304.0,-3.04,-0.43,"[sl]",0,00:00:18:20,,,,,,,,,,,,
,87624562,11/10/2020 04:39,,,Deposit,0.010,0.00000,0.00000,0.00000,0.00000,0.0000,0.0000,0.0,264.00,0,"Share Bonus 60% - #87624560",0,00:00:00:00,,,,,,,,,,,,
,87624560,11/10/2020 04:39,,,Deposit,0.010,0.00000,0.00000,0.00000,0.00000,0.0000,0.0000,0.0,440.00,0,"Deposit PAYDOO USD #9571487",0,00:00:00:00,,,,,,,,,,,,
,87563785,11/09/2020 15:24,,,Withdrawal,0.010,0.00000,0.00000,0.00000,0.00000,0.0000,0.0000,0.0,-506.02,0,"Transfer to 21065283 #9562376",0,00:00:00:00,,,,,,,,,,,,
,87563616,11/09/2020 15:23,,,Withdrawal,0.010,0.00000,0.00000,0.00000,0.00000,0.0000,0.0000,0.0,-125.00,0,"Cancellation of #87523721",0,00:00:00:00,,,,,,,,,,,,
,87524215,11/09/2020 11:09,11/09/2020 13:31,XAUUSD,Sell,0.010,0.00000,0.00000,1960.27000,1955.11000,0.0000,0.0000,516.0,5.16,0.82,"",0,00:02:22:07,96.6,2h 17m,234.0,0.11,750.0,7.5,-80.0,-0.8,90.4,71.8,-234.00,-2.34
,87524568,11/09/2020 11:13,11/09/2020 11:32,XAUUSD,Sell,0.010,0.00000,0.00000,1960.47000,1959.61000,0.0000,0.0000,86.0,0.86,0.14,"",0,00:00:19:07,,,,,,,,,,,,
,87523721,11/09/2020 11:04,,,Deposit,0.010,0.00000,0.00000,0.00000,0.00000,0.0000,0.0000,0.0,125.00,0,"Bonus deposit 25% - #87523720",0,00:00:00:00,,,,,,,,,,,,
,87523720,11/09/2020 11:04,,,Deposit,0.010,0.00000,0.00000,0.00000,0.00000,0.0000,0.0000,0.0,500.00,0,"Deposit LPB-CC-BZ USD #9557789",0,00:00:00:00,,,,,,,,,,,,
,87389639,11/05/2020 18:23,,,Withdrawal,0.010,0.00000,0.00000,0.00000,0.00000,0.0000,0.0000,0.0,-350.00,0,"Transfer to 21061525 #9529374",0,00:00:00:00,,,,,,,,,,,,
,87389582,11/05/2020 18:22,,,Withdrawal,0.010,0.00000,0.00000,0.00000,0.00000,0.0000,0.0000,0.0,-350.00,0,"Cancellation of #87389517",0,00:00:00:00,,,,,,,,,,,,
,87389517,11/05/2020 18:21,,,Deposit,0.010,0.00000,0.00000,0.00000,0.00000,0.0000,0.0000,0.0,350.00,0,"Bonus deposit 100% - #87389516",0,00:00:00:00,,,,,,,,,,,,
,87389516,11/05/2020 18:21,,,Deposit,0.010,0.00000,0.00000,0.00000,0.00000,0.0000,0.0000,0.0,350.00,0,"Deposit CONNECTUM USD #9529328",0,00:00:00:00,,,,,,,,,,,,
,87384211,11/05/2020 17:28,,,Withdrawal,0.010,0.00000,0.00000,0.00000,0.00000,0.0000,0.0000,0.0,-1003.27,0,"Transfer to 21065283 #9528392",0,00:00:00:00,,,,,,,,,,,,
,87124325,11/03/2020 10:05,11/03/2020 10:26,XAUUSD,Buy,0.010,0.00000,0.00000,1890.87000,1894.14000,0.0000,0.0000,327.0,3.27,0.33,"",0,00:00:20:51,,,,,,,,,,,,
,87094040,11/02/2020 18:09,,,Withdrawal,0.010,0.00000,0.00000,0.00000,0.00000,0.0000,0.0000,0.0,-1000.00,0,"Transfer to 21065283 #9487153",0,00:00:00:00,,,,,,,,,,,,
,87078523,11/02/2020 15:22,,,Withdrawal,0.010,0.00000,0.00000,0.00000,0.00000,0.0000,0.0000,0.0,-1000.00,0,"Transfer to 21065283 #9485360",0,00:00:00:00,,,,,,,,,,,,
,87074251,11/02/2020 14:20,,,Withdrawal,0.010,0.00000,0.00000,0.00000,0.00000,0.0000,0.0000,0.0,-1000.00,0,"Transfer to 21065283 #9484701",0,00:00:00:00,,,,,,,,,,,,
,87074003,11/02/2020 14:17,,,Withdrawal,0.010,0.00000,0.00000,0.00000,0.00000,0.0000,0.0000,0.0,-1000.00,0,"Transfer to 21065283 #9484661",0,00:00:00:00,,,,,,,,,,,,
,87073885,11/02/2020 14:15,,,Withdrawal,0.010,0.00000,0.00000,0.00000,0.00000,0.0000,0.0000,0.0,-2500.00,0,"Cancellation of #87048159",0,00:00:00:00,,,,,,,,,,,,
,87062051,11/02/2020 11:43,,,Withdrawal,0.010,0.00000,0.00000,0.00000,0.00000,0.0000,0.0000,0.0,-104.56,0,"Transfer to 21065283 #9483073",0,00:00:00:00,,,,,,,,,,,,
,87048159,11/02/2020 09:58,,,Deposit,0.010,0.00000,0.00000,0.00000,0.00000,0.0000,0.0000,0.0,2500.00,0,"Bonus deposit 50% - #87048158",0,00:00:00:00,,,,,,,,,,,,
,87048158,11/02/2020 09:58,,,Deposit,0.010,0.00000,0.00000,0.00000,0.00000,0.0000,0.0000,0.0,5000.00,0,"Deposit LPB-CC-BZ USD #9481785",0,00:00:00:00,,,,,,,,,,,,
,87024145,11/01/2020 04:07,,,Deposit,0.010,0.00000,0.00000,0.00000,0.00000,0.0000,0.0000,0.0,12.69,0,"VIP Rebate",0,00:00:00:00,,,,,,,,,,,,
,87024144,11/01/2020 04:07,,,Deposit,0.010,0.00000,0.00000,0.00000,0.00000,0.0000,0.0000,0.0,42.53,0,"Rebate",0,00:00:00:00,,,,,,,,,,,,
,87022665,11/01/2020 02:12,,,Deposit,0.010,0.00000,0.00000,0.00000,0.00000,0.0000,0.0000,0.0,38.05,0,"IR #64",0,00:00:00:00,,,,,,,,,,,,
,87021976,11/01/2020 02:09,,,Deposit,0.010,0.00000,0.00000,0.00000,0.00000,0.0000,0.0000,0.0,11.29,0,"IR #64 VIP",0,00:00:00:00,,,,,,,,,,,,
,86878602,10/29/2020 13:44,,,Deposit,0.010,0.00000,0.00000,0.00000,0.00000,0.0000,0.0000,0.0,6.00,0,"Balance reset",0,00:00:00:00,,,,,,,,,,,,
,86855635,10/29/2020 10:30,10/29/2020 13:43,XAUUSD,Buy,2.000,0.00000,0.00000,1880.29000,1875.20000,0.0000,0.0000,-509.0,-1018.00,-100.59,"[stopout]",0,00:03:12:55,8.4,16m,519.0,51.02,10.0,20.0,-509.0,-1018.0,1.9,0.0,-519.00,-1038.00
,86878416,10/29/2020 13:43,,,Withdrawal,0.010,0.00000,0.00000,0.00000,0.00000,0.0000,0.0000,0.0,-498.36,0,"Cancellation of #86855604",0,00:00:00:00,,,,,,,,,,,,
,86855604,10/29/2020 10:30,,,Deposit,0.010,0.00000,0.00000,0.00000,0.00000,0.0000,0.0000,0.0,500.00,0,"Bonus deposit 50% - #86855598",0,00:00:00:00,,,,,,,,,,,,
,86855598,10/29/2020 10:30,,,Deposit,0.010,0.00000,0.00000,0.00000,0.00000,0.0000,0.0000,0.0,1000.00,0,"Deposit LPB-CC-BZ USD #9450459",0,00:00:00:00,,,,,,,,,,,,
,86775856,10/28/2020 15:39,10/28/2020 15:53,XAUUSD,Buy,0.020,0.00000,0.00000,1881.10000,1876.29000,0.0000,0.0000,-481.0,-9.62,-48.15,"[stopout]",0,00:00:14:11,,,,,,,,,,,,
,86770340,10/28/2020 15:02,10/28/2020 15:53,XAUUSD,Buy,0.050,0.00000,0.00000,1881.68000,1876.29000,0.0000,0.0000,-539.0,-26.95,-57.43,"[stopout]",0,00:00:50:34,,,,,,,,,,,,
,86768162,10/28/2020 14:49,10/28/2020 15:53,XAUUSD,Buy,0.050,0.00000,0.00000,1879.33000,1876.29000,0.0000,0.0000,-304.0,-15.20,-24.46,"[stopout]",0,00:01:03:26,,,,,,,,,,,,
,86768088,10/28/2020 14:49,10/28/2020 15:53,XAUUSD,Buy,0.020,0.00000,0.00000,1878.75000,1876.29000,0.0000,0.0000,-246.0,-4.92,-7.34,"[stopout]",0,00:01:03:35,,,,,,,,,,,,
,86764466,10/28/2020 14:33,10/28/2020 14:38,XAUUSD,Buy,1.000,0.00000,0.00000,1882.31000,1878.93000,0.0000,0.0000,-338.0,-338.00,-83.45,"[stopout]",0,00:00:04:56,,,,,,,,,,,,
,86764139,10/28/2020 14:31,10/28/2020 14:33,XAUUSD,Buy,1.500,0.00000,0.00000,1884.60000,1881.26000,0.0000,0.0000,-334.0,-501.00,-55.29,"[stopout]",0,00:00:01:52,,,,,,,,,,,,
,86764054,10/28/2020 14:30,10/28/2020 14:33,XAUUSD,Buy,4.000,0.00000,0.00000,1884.15000,1881.26000,0.0000,0.0000,-289.0,-1156.00,-56.06,"[stopout]",0,00:00:02:10,,,,,,,,,,,,
,86763917,10/28/2020 14:30,,,Deposit,0.010,0.00000,0.00000,0.00000,0.00000,0.0000,0.0000,0.0,1500.00,0,"Deposit CONNECTUM USD #9440135",0,00:00:00:00,,,,,,,,,,,,
,86762328,10/28/2020 14:20,10/28/2020 14:24,XAUUSD,Buy,1.000,0.00000,0.00000,1888.51000,1884.06000,0.0000,0.0000,-445.0,-445.00,-44.19,"[stopout]",0,00:00:04:08,,,,,,,,,,,,
,86762158,10/28/2020 14:19,10/28/2020 14:24,XAUUSD,Buy,1.000,0.00000,0.00000,1888.56000,1884.06000,0.0000,0.0000,-450.0,-450.00,-30.88,"[stopout]",0,00:00:05:10,,,,,,,,,,,,
,86760930,10/28/2020 14:11,10/28/2020 14:24,XAUUSD,Buy,2.000,1883.28000,0.00000,1887.79000,1884.06000,0.0000,0.0000,-373.0,-746.00,-33.86,"[stopout]",0,00:00:12:56,,,,,,,,,,,,
,86760750,10/28/2020 14:10,10/28/2020 14:24,XAUUSD,Buy,2.000,1883.28000,0.00000,1887.76000,1884.06000,0.0000,0.0000,-370.0,-740.00,-25.14,"[stopout]",0,00:00:14:09,,,,,,,,,,,,
,86749378,10/28/2020 12:34,10/28/2020 14:24,XAUUSD,Buy,0.500,0.00000,0.00000,1897.79000,1884.06000,0.0000,0.0000,-1373.0,-686.50,-18.91,"[stopout]",0,00:01:50:34,,,,,,,,,,,,
,86741553,10/28/2020 11:27,10/28/2020 14:24,XAUUSD,Buy,0.500,0.00000,0.00000,1901.88000,1884.06000,0.0000,0.0000,-1782.0,-891.00,-19.71,"[stopout]",0,00:02:57:25,0.0,0s,1782.0,2000.00,0.0,0.0,-1782.0,-891.0,0.0,0.0,-1782.00,-891.00
,86739004,10/28/2020 11:14,10/28/2020 14:24,XAUUSD,Buy,0.200,0.00000,0.00000,1902.93000,1884.06000,0.0000,0.0000,-1887.0,-377.40,-7.71,"[stopout]",0,00:03:10:00,0.0,0s,1887.0,2000.00,0.0,0.0,-1887.0,-377.40000000000003,0.0,0.0,-1887.00,-377.40
,86737809,10/28/2020 11:05,10/28/2020 14:24,XAUUSD,Buy,0.200,0.00000,0.00000,1903.68000,1884.06000,0.0000,0.0000,-1962.0,-392.40,-7.42,"[stopout]",0,00:03:19:17,0.0,0s,1962.0,2000.00,0.0,0.0,-1962.0,-392.40000000000003,0.0,0.0,-1962.00,-392.40
,86732758,10/28/2020 10:33,10/28/2020 14:24,XAUUSD,Buy,0.200,0.00000,0.00000,1903.73000,1884.06000,0.0000,0.0000,-1967.0,-393.40,-6.92,"[stopout]",0,00:03:51:22,14.3,33m,1998.0,63.69,31.0,6.2,-1967.0,-393.40000000000003,1.6,0.0,-1998.00,-399.60
,86729728,10/28/2020 10:21,10/28/2020 14:24,XAUUSD,Buy,0.300,0.00000,0.00000,1903.16000,1884.06000,0.0000,0.0000,-1910.0,-573.00,-9.16,"[stopout]",0,00:04:02:55,12.5,30m,1998.0,21.74,88.0,26.4,-1910.0,-573.0,4.4,0.0,-1998.00,-599.40
,86727553,10/28/2020 10:14,10/28/2020 14:24,XAUUSD,Buy,0.100,0.00000,0.00000,1906.33000,1884.06000,0.0000,0.0000,-2227.0,-222.70,-3.44,"[stopout]",0,00:04:10:06,0.0,0s,2227.0,2500.00,0.0,0.0,-2227.0,-222.70000000000002,0.0,0.0,-2227.00,-222.70
,86723694,10/28/2020 10:00,10/28/2020 14:24,XAUUSD,Buy,0.100,0.00000,0.00000,1906.88000,1884.06000,0.0000,0.0000,-2282.0,-228.20,-3.40,"[stopout]",0,00:04:24:03,0.0,0s,2282.0,2500.00,0.0,0.0,-2282.0,-228.20000000000002,0.0,0.0,-2282.00,-228.20
,86721703,10/28/2020 09:43,10/28/2020 14:24,XAUUSD,Buy,0.100,0.00000,0.00000,1908.02000,1884.06000,0.0000,0.0000,-2396.0,-239.60,-3.45,"[stopout]",0,00:04:41:15,0.0,0s,2396.0,2500.00,0.0,0.0,-2396.0,-239.60000000000002,0.0,0.0,-2396.00,-239.60
,86719732,10/28/2020 09:24,10/28/2020 14:24,XAUUSD,Buy,0.200,0.00000,0.00000,1906.39000,1884.06000,0.0000,0.0000,-2233.0,-446.60,-6.04,"[stopout]",0,00:05:00:32,0.0,0s,2233.0,2500.00,0.0,0.0,-2233.0,-446.6,0.0,0.0,-2233.00,-446.60
,86761165,10/28/2020 14:13,10/28/2020 14:17,XAUUSD,Buy,1.000,1885.40000,0.00000,1888.91000,1885.60000,0.0000,0.0000,-331.0,-331.00,-4.28,"[sl]",0,00:00:04:07,,,,,,,,,,,,
,86759988,10/28/2020 14:02,10/28/2020 14:07,XAUUSD,Buy,0.800,1888.80000,0.00000,1891.94000,1888.37000,0.0000,0.0000,-357.0,-285.60,-3.57,"[sl]",0,00:00:05:56,,,,,,,,,,,,
,86750661,10/28/2020 12:47,,,Withdrawal,0.010,0.00000,0.00000,0.00000,0.00000,0.0000,0.0000,0.0,-2000.00,0,"Transfer to 21065283 #9438224",0,00:00:00:00,,,,,,,,,,,,
,86711775,10/28/2020 07:40,10/28/2020 08:20,XAUUSD,Buy,0.100,0.00000,0.00000,1908.68000,1909.67000,0.0000,0.0000,99.0,9.90,0.10,"",0,00:00:39:23,,,,,,,,,,,,
,86679438,10/27/2020 17:30,,,Withdrawal,0.010,0.00000,0.00000,0.00000,0.00000,0.0000,0.0000,0.0,-420.00,0,"Withdraw CC-REFUND USD #9429988",0,00:00:00:00,,,,,,,,,,,,
,86635077,10/27/2020 10:05,10/27/2020 15:10,XAUUSD,Buy,0.110,0.00000,0.00000,1905.25000,1906.95000,0.0000,0.0000,170.0,18.70,0.18,"",0,00:05:04:58,10.0,30m,648.0,3.81,170.0,18.7,-648.0,-71.28,20.8,100.0,0.00,0.00
,86635216,10/27/2020 10:06,10/27/2020 15:10,XAUUSD,Buy,0.110,0.00000,0.00000,1905.15000,1906.96000,0.0000,0.0000,181.0,19.91,0.19,"",0,00:05:04:05,10.0,30m,638.0,3.53,181.0,19.91,-638.0,-70.18,22.1,100.0,0.00,0.00
,86629640,10/27/2020 09:09,10/27/2020 15:01,XAUUSD,Buy,0.100,0.00000,0.00000,1905.62000,1905.11000,0.0000,0.0000,-51.0,-5.10,-0.05,"",0,00:05:52:02,0.0,0s,685.0,714.29,0.0,0.0,-685.0,-68.5,0.0,92.6,-51.00,-5.10
,86631694,10/27/2020 09:31,10/27/2020 15:01,XAUUSD,Buy,0.100,0.00000,0.00000,1905.22000,1905.40000,0.0000,0.0000,18.0,1.80,0.02,"",0,00:05:29:36,9.1,29m,645.0,35.84,18.0,1.8,-645.0,-64.5,2.7,100.0,0.00,0.00
,86633504,10/27/2020 09:54,10/27/2020 15:01,XAUUSD,Buy,0.200,0.00000,0.00000,1904.31000,1905.41000,0.0000,0.0000,110.0,22.00,0.21,"",0,00:05:07:11,9.1,27m,554.0,5.04,110.0,22.0,-554.0,-110.80000000000001,16.6,100.0,0.00,0.00
,86631384,10/27/2020 09:29,10/27/2020 15:01,XAUUSD,Buy,0.100,0.00000,0.00000,1905.18000,1905.29000,0.0000,0.0000,11.0,1.10,0.01,"",0,00:05:31:34,8.4,27m,641.0,58.48,11.0,1.1,-641.0,-64.10000000000001,1.7,100.0,0.00,0.00
,86635663,10/27/2020 10:08,10/27/2020 15:01,XAUUSD,Buy,0.120,0.00000,0.00000,1904.16000,1905.28000,0.0000,0.0000,112.0,13.44,0.13,"",0,00:04:52:37,10.0,29m,539.0,4.81,112.0,13.44,-539.0,-64.67999999999999,17.2,100.0,0.00,0.00
,86636556,10/27/2020 10:12,10/27/2020 15:01,XAUUSD,Buy,0.120,0.00000,0.00000,1902.83000,1905.27000,0.0000,0.0000,244.0,29.28,0.28,"",0,00:04:48:33,20.0,57m,406.0,1.66,244.0,29.279999999999998,-406.0,-48.72,37.5,100.0,0.00,0.00
,86637318,10/27/2020 10:16,10/27/2020 14:58,XAUUSD,Buy,0.200,0.00000,0.00000,1902.28000,1904.57000,0.0000,0.0000,229.0,45.80,0.45,"",0,00:04:42:39,33.4,1h 34m,351.0,1.53,229.0,45.800000000000004,-351.0,-70.2,39.5,100.0,0.00,0.00
,86645543,10/27/2020 11:14,10/27/2020 14:58,XAUUSD,Buy,0.500,0.00000,0.00000,1900.09000,1904.28000,0.0000,0.0000,419.0,209.50,2.08,"",0,00:03:43:56,71.5,2h 40m,217.0,0.32,419.0,209.5,-132.0,-66.0,76.0,100.0,0.00,0.00
,86646184,10/27/2020 11:19,10/27/2020 13:14,XAUUSD,Buy,0.500,0.00000,0.00000,1898.89000,1902.67000,0.0000,0.0000,378.0,189.00,1.91,"",0,00:01:54:45,,,,,,,,,,,,
,86621987,10/27/2020 05:02,,,Withdrawal,0.010,0.00000,0.00000,0.00000,0.00000,0.0000,0.0000,0.0,-1733.67,0,"Withdraw CC-REFUND USD #9424532",0,00:00:00:00,,,,,,,,,,,,
,86621784,10/27/2020 04:59,,,Withdrawal,0.010,0.00000,0.00000,0.00000,0.00000,0.0000,0.0000,0.0,-226.66,0,"Withdraw CC-REFUND USD #9424525",0,00:00:00:00,,,,,,,,,,,,
,86592555,10/26/2020 17:39,10/26/2020 17:58,XAUUSD,Buy,0.120,0.00000,0.00000,1903.73000,1904.99000,0.0000,0.0000,126.0,15.12,0.13,"",0,00:00:19:01,,,,,,,,,,,,
,86564425,10/26/2020 14:58,10/26/2020 15:15,XAUUSD,Buy,0.120,0.00000,0.00000,1902.02000,1901.94000,0.0000,0.0000,-8.0,-0.96,-0.01,"",0,00:00:17:20,,,,,,,,,,,,
,86552066,10/26/2020 13:22,10/26/2020 14:36,XAUUSD,Buy,0.110,0.00000,0.00000,1903.65000,1905.09000,0.0000,0.0000,144.0,15.84,0.13,"",0,00:01:13:51,,,,,,,,,,,,
,86512066,10/26/2020 04:46,10/26/2020 14:36,XAUUSD,Buy,0.110,0.00000,0.00000,1899.64000,1905.12000,0.0000,0.0000,548.0,60.28,0.51,"",0,00:09:49:36,40.0,3h 55m,347.0,0.50,548.0,60.28,-274.0,-30.14,66.7,100.0,0.00,0.00
,86558566,10/26/2020 14:15,10/26/2020 14:28,XAUUSD,Buy,0.110,0.00000,0.00000,1901.47000,1904.13000,0.0000,0.0000,266.0,29.26,0.25,"",0,00:00:13:54,,,,,,,,,,,,
,86511310,10/26/2020 04:28,10/26/2020 13:03,XAUUSD,Buy,0.110,0.00000,0.00000,1900.03000,1903.96000,0.0000,0.0000,393.0,43.23,0.37,"",0,00:08:34:31,22.3,1h 54m,347.0,0.80,393.0,43.23,-313.0,-34.43,55.7,100.0,0.00,0.00
,86516813,10/26/2020 07:40,10/26/2020 12:15,XAUUSD,Buy,0.200,1889.40000,0.00000,1896.51000,1902.94000,0.0000,0.0000,643.0,128.60,1.11,"",0,00:04:34:56,100.0,4h 34m,347.0,0.00,643.0,128.6,0.0,0.0,100.0,100.0,0.00,0.00
,86531511,10/26/2020 10:32,10/26/2020 12:15,XAUUSD,Buy,0.100,0.00000,0.00000,1897.77000,1902.75000,0.0000,0.0000,498.0,49.80,0.43,"",0,00:01:42:15,,,,,,,,,,,,
,86471310,10/23/2020 17:28,10/23/2020 20:01,XAUUSD,Buy,0.100,0.00000,0.00000,1901.49000,1901.17000,0.0000,0.0000,-32.0,-3.20,-0.03,"",0,00:02:33:32,50.0,1h 16m,425.0,1.41,301.0,30.1,-425.0,-42.5,41.5,54.1,-333.00,-33.30
,86473009,10/23/2020 17:49,10/23/2020 20:01,XAUUSD,Buy,0.100,0.00000,0.00000,1897.31000,1901.12000,0.0000,0.0000,381.0,38.10,0.33,"",0,00:02:11:50,100.0,2h 11m,338.0,0.00,719.0,71.9,0.0,0.0,100.0,53.0,-338.00,-33.80
,86483676,10/23/2020 19:21,10/23/2020 19:42,XAUUSD,Buy,0.100,0.00000,0.00000,1896.69000,1899.10000,0.0000,0.0000,241.0,24.10,0.21,"",0,00:00:20:25,,,,,,,,,,,,
,86473800,10/23/2020 17:56,10/23/2020 18:31,XAUUSD,Buy,0.200,0.00000,0.00000,1896.49000,1898.54000,0.0000,0.0000,205.0,41.00,0.36,"",0,00:00:35:30,,,,,,,,,,,,
,86471211,10/23/2020 17:27,10/23/2020 17:41,XAUUSD,Buy,0.100,0.00000,0.00000,1901.12000,1901.66000,0.0000,0.0000,54.0,5.40,0.05,"",0,00:00:13:58,,,,,,,,,,,,
,86467459,10/23/2020 17:00,10/23/2020 17:08,XAUUSD,Buy,0.100,0.00000,0.00000,1904.32000,1904.74000,0.0000,0.0000,42.0,4.20,0.04,"",0,00:00:07:51,,,,,,,,,,,,
,86355328,10/22/2020 13:30,10/23/2020 14:35,XAUUSD,Buy,0.100,0.00000,0.00000,1918.34000,1911.84000,0.0000,-1.1600,-650.0,-66.16,-0.58,"",0,01:01:05:36,0.0,0s,2151.0,2500.00,0.0,0.0,-2151.0,-215.10000000000002,0.0,69.8,-650.00,-65.00
,86442304,10/23/2020 12:13,10/23/2020 14:21,XAUUSD,Buy,0.100,0.00000,0.00000,1910.15000,1910.97000,0.0000,0.0000,82.0,8.20,0.07,"",0,00:02:08:23,100.0,2h 8m,274.0,0.00,356.0,35.6,0.0,0.0,100.0,23.0,-274.00,-27.40
,86445952,10/23/2020 12:50,10/23/2020 14:21,XAUUSD,Buy,0.100,0.00000,0.00000,1909.73000,1910.96000,0.0000,0.0000,123.0,12.30,0.11,"",0,00:01:30:56,,,,,,,,,,,,
,86447217,10/23/2020 13:10,10/23/2020 14:15,XAUUSD,Buy,0.100,0.00000,0.00000,1908.96000,1911.24000,0.0000,0.0000,228.0,22.80,0.20,"",0,00:01:04:56,,,,,,,,,,,,
,86357877,10/22/2020 13:52,10/23/2020 11:37,XAUUSD,Buy,0.100,0.00000,0.00000,1917.35000,1911.06000,0.0000,-1.1600,-629.0,-64.06,-0.56,"",0,00:21:44:58,0.0,0s,2052.0,2500.00,0.0,0.0,-2052.0,-205.20000000000002,0.0,69.3,-629.00,-62.90
,86358297,10/22/2020 13:58,10/23/2020 11:30,XAUUSD,Buy,0.100,0.00000,0.00000,1917.40000,1910.27000,0.0000,-1.1600,-713.0,-72.46,-0.63,"",0,00:21:32:12,0.0,0s,2057.0,2500.00,0.0,0.0,-2057.0,-205.70000000000002,0.0,65.3,-713.00,-71.30
,86358865,10/22/2020 14:02,10/23/2020 11:30,XAUUSD,Buy,0.100,0.00000,0.00000,1916.80000,1910.50000,0.0000,-1.1600,-630.0,-64.16,-0.55,"",0,00:21:28:14,0.0,0s,1997.0,2000.00,0.0,0.0,-1997.0,-199.70000000000002,0.0,68.5,-630.00,-63.00
,86359184,10/22/2020 14:04,10/23/2020 11:30,XAUUSD,Buy,0.200,0.00000,0.00000,1916.87000,1910.40000,0.0000,-2.3200,-647.0,-131.72,-1.12,"",0,00:21:26:26,0.0,0s,2004.0,2500.00,0.0,0.0,-2004.0,-400.8,0.0,67.7,-647.00,-129.40
,86361870,10/22/2020 14:36,10/23/2020 11:28,XAUUSD,Buy,0.500,0.00000,0.00000,1914.02000,1910.26000,0.0000,-5.8000,-376.0,-193.80,-1.62,"",0,00:20:51:27,0.0,0s,1719.0,2000.00,0.0,0.0,-1719.0,-859.5,0.0,78.1,-376.00,-188.00
,86420650,10/23/2020 07:34,10/23/2020 11:28,XAUUSD,Buy,0.500,1898.70000,0.00000,1905.17000,1910.27000,0.0000,0.0000,510.0,255.00,2.18,"",0,00:03:53:07,100.0,3h 53m,67.0,0.00,577.0,288.5,0.0,0.0,100.0,88.4,-67.00,-33.50
,86364520,10/22/2020 15:12,10/23/2020 11:15,XAUUSD,Buy,0.500,0.00000,0.00000,1909.89000,1908.91000,0.0000,-5.8000,-98.0,-54.80,-0.47,"",0,00:20:02:37,7.5,1h 30m,1306.0,12.45,105.0,52.5,-1306.0,-653.0,7.4,85.6,-203.00,-101.50
,86364647,10/22/2020 15:13,10/23/2020 11:15,XAUUSD,Buy,0.200,0.00000,0.00000,1909.21000,1908.94000,0.0000,-2.3200,-27.0,-7.72,-0.07,"",0,00:20:01:57,7.5,1h 30m,1238.0,7.16,173.0,34.6,-1238.0,-247.60000000000002,12.3,85.8,-200.00,-40.00
,86423090,10/23/2020 09:03,10/23/2020 11:15,XAUUSD,Buy,0.500,1898.70000,0.00000,1904.69000,1908.93000,0.0000,0.0000,424.0,212.00,1.84,"",0,00:02:12:04,100.0,2h 12m,201.0,0.00,625.0,312.5,0.0,0.0,100.0,67.8,-201.00,-100.50
,86365507,10/22/2020 15:19,10/23/2020 10:08,XAUUSD,Buy,0.500,0.00000,0.00000,1906.51000,1906.76000,0.0000,-5.8000,25.0,6.70,0.06,"",0,00:18:49:10,13.2,2h 29m,968.0,2.29,423.0,211.5,-968.0,-484.0,30.4,71.4,-398.00,-199.00
,86424407,10/23/2020 09:16,10/23/2020 09:58,XAUUSD,Buy,0.500,0.00000,0.00000,1903.88000,1906.07000,0.0000,0.0000,219.0,109.50,0.96,"",0,00:00:42:44,,,,,,,,,,,,
,86381052,10/22/2020 17:24,10/23/2020 06:42,XAUUSD,Buy,1.500,0.00000,0.00000,1896.58000,1905.50000,0.0000,-17.3900,892.0,1320.61,13.09,"",0,00:13:17:28,100.0,13h 17m,326.0,0.00,1026.0,1539.0,0.0,0.0,100.0,86.9,-134.00,-201.00
,86376912,10/22/2020 16:54,10/22/2020 22:01,XAUUSD,Buy,0.200,0.00000,0.00000,1904.42000,1904.71000,0.0000,0.0000,29.0,5.80,0.06,"",0,00:05:07:22,27.3,1h 23m,410.0,5.69,72.0,14.4,-410.0,-82.0,14.9,91.1,-43.00,-8.60
,86329758,10/22/2020 08:26,10/22/2020 09:29,XAUUSD,Buy,0.100,0.00000,0.00000,1915.30000,1916.21000,0.0000,0.0000,91.0,9.10,0.09,"",0,00:01:02:45,,,,,,,,,,,,
,86329614,10/22/2020 08:26,10/22/2020 09:29,XAUUSD,Buy,0.100,0.00000,0.00000,1915.26000,1915.97000,0.0000,0.0000,71.0,7.10,0.07,"",0,00:01:03:24,,,,,,,,,,,,
,86331610,10/22/2020 09:08,10/22/2020 09:27,XAUUSD,Buy,0.100,0.00000,0.00000,1914.20000,1916.17000,0.0000,0.0000,197.0,19.70,0.20,"",0,00:00:19:10,,,,,,,,,,,,
,86331374,10/22/2020 09:05,10/22/2020 09:26,XAUUSD,Buy,0.100,0.00000,0.00000,1914.21000,1916.24000,0.0000,0.0000,203.0,20.30,0.20,"",0,00:00:21:08,,,,,,,,,,,,
,86330967,10/22/2020 08:57,10/22/2020 09:26,XAUUSD,Buy,0.200,0.00000,0.00000,1914.74000,1916.26000,0.0000,0.0000,152.0,30.40,0.30,"",0,00:00:29:05,,,,,,,,,,,,
,86324404,10/22/2020 04:07,,,Withdrawal,0.010,0.00000,0.00000,0.00000,0.00000,0.0000,0.0000,0.0,-188.00,0,"Transfer to 10189649 #9386079",0,00:00:00:00,,,,,,,,,,,,
,86292539,10/21/2020 17:25,10/21/2020 17:59,XAUUSD,Sell,0.100,0.00000,0.00000,1926.73000,1927.80000,0.0000,0.0000,-107.0,-10.70,-0.10,"",0,00:00:34:58,,,,,,,,,,,,
,86293517,10/21/2020 17:30,10/21/2020 17:59,XAUUSD,Sell,0.100,0.00000,0.00000,1927.04000,1927.74000,0.0000,0.0000,-70.0,-7.00,-0.07,"",0,00:00:29:52,,,,,,,,,,,,
,86293891,10/21/2020 17:30,10/21/2020 17:54,XAUUSD,Sell,0.100,0.00000,0.00000,1927.10000,1928.63000,0.0000,0.0000,-153.0,-15.30,-0.15,"",0,00:00:23:39,,,,,,,,,,,,
,86295121,10/21/2020 17:35,10/21/2020 17:54,XAUUSD,Sell,0.300,0.00000,0.00000,1929.51000,1928.51000,0.0000,0.0000,100.0,30.00,0.29,"",0,00:00:18:33,,,,,,,,,,,,
,86296072,10/21/2020 17:39,10/21/2020 17:54,XAUUSD,Sell,0.300,0.00000,0.00000,1930.09000,1928.62000,0.0000,0.0000,147.0,44.10,0.43,"",0,00:00:14:41,,,,,,,,,,,,
,86297279,10/21/2020 17:45,10/21/2020 17:54,XAUUSD,Sell,0.200,0.00000,0.00000,1929.88000,1928.50000,0.0000,0.0000,138.0,27.60,0.27,"",0,00:00:08:55,,,,,,,,,,,,
,86268311,10/21/2020 15:14,10/21/2020 15:21,XAUUSD,Buy,0.100,0.00000,0.00000,1918.24000,1919.91000,0.0000,0.0000,167.0,16.70,0.17,"",0,00:00:06:53,,,,,,,,,,,,
,86267432,10/21/2020 15:04,10/21/2020 15:20,XAUUSD,Buy,0.200,0.00000,0.00000,1917.97000,1919.38000,0.0000,0.0000,141.0,28.20,0.28,"",0,00:00:15:19,,,,,,,,,,,,
,86249865,10/21/2020 12:04,10/21/2020 12:14,XAUUSD,Buy,0.200,0.00000,0.00000,1916.64000,1916.75000,0.0000,0.0000,11.0,2.20,0.02,"",0,00:00:09:55,,,,,,,,,,,,
,86240363,10/21/2020 11:08,10/21/2020 11:28,XAUUSD,Sell,0.100,0.00000,0.00000,1921.06000,1919.75000,0.0000,0.0000,131.0,13.10,0.13,"",0,00:00:20:27,,,,,,,,,,,,
,86241311,10/21/2020 11:11,10/21/2020 11:28,XAUUSD,Sell,0.100,0.00000,0.00000,1921.20000,1919.80000,0.0000,0.0000,140.0,14.00,0.14,"",0,00:00:16:44,,,,,,,,,,,,
,86242162,10/21/2020 11:18,10/21/2020 11:26,XAUUSD,Sell,0.100,0.00000,0.00000,1921.85000,1919.14000,0.0000,0.0000,271.0,27.10,0.27,"",0,00:00:07:55,,,,,,,,,,,,
,86153375,10/20/2020 16:18,10/20/2020 16:33,XAUUSD,Buy,0.100,1893.80000,0.00000,1902.44000,1904.18000,0.0000,0.0000,174.0,17.40,0.17,"",0,00:00:15:34,,,,,,,,,,,,
,86145624,10/20/2020 15:04,,,Withdrawal,0.010,0.00000,0.00000,0.00000,0.00000,0.0000,0.0000,0.0,-446.00,0,"Transfer to 10189649 #9367598",0,00:00:00:00,,,,,,,,,,,,
,86113504,10/20/2020 10:25,10/20/2020 10:42,XAUUSD,Buy,0.100,0.00000,0.00000,1901.44000,1901.67000,0.0000,0.0000,23.0,2.30,0.02,"",0,00:00:16:41,,,,,,,,,,,,
,86102209,10/20/2020 08:18,10/20/2020 09:34,XAUUSD,Buy,0.200,1894.70000,0.00000,1902.58000,1902.81000,0.0000,0.0000,23.0,4.60,0.04,"",0,00:01:16:15,,,,,,,,,,,,
,86101782,10/20/2020 08:12,10/20/2020 09:34,XAUUSD,Buy,0.200,0.00000,0.00000,1902.50000,1902.66000,0.0000,0.0000,16.0,3.20,0.03,"",0,00:01:22:07,,,,,,,,,,,,
,86101929,10/20/2020 08:13,10/20/2020 09:34,XAUUSD,Buy,0.200,1893.40000,0.00000,1902.47000,1903.00000,0.0000,0.0000,53.0,10.60,0.10,"",0,00:01:20:29,,,,,,,,,,,,
,86102376,10/20/2020 08:21,10/20/2020 09:31,XAUUSD,Buy,0.200,1893.90000,0.00000,1902.43000,1903.81000,0.0000,0.0000,138.0,27.60,0.27,"",0,00:01:10:40,,,,,,,,,,,,
,86102873,10/20/2020 08:27,10/20/2020 09:31,XAUUSD,Buy,0.300,0.00000,0.00000,1901.72000,1903.70000,0.0000,0.0000,198.0,59.40,0.57,"",0,00:01:04:28,,,,,,,,,,,,
,86103203,10/20/2020 08:32,10/20/2020 09:31,XAUUSD,Buy,0.300,1896.40000,0.00000,1900.52000,1903.63000,0.0000,0.0000,311.0,93.30,0.91,"",0,00:00:59:12,,,,,,,,,,,,
,86103603,10/20/2020 08:38,10/20/2020 09:31,XAUUSD,Buy,0.300,0.00000,0.00000,1900.36000,1903.71000,0.0000,0.0000,335.0,100.50,0.99,"",0,00:00:52:54,,,,,,,,,,,,
,86105561,10/20/2020 09:14,10/20/2020 09:19,XAUUSD,Buy,1.000,0.00000,0.00000,1899.87000,1901.02000,0.0000,0.0000,115.0,115.00,1.15,"from #86105380",0,00:00:04:24,,,,,,,,,,,,
,86105380,10/20/2020 09:14,10/20/2020 09:15,XAUUSD,Buy,2.000,0.00000,0.00000,1899.87000,1899.98000,0.0000,0.0000,11.0,22.00,0.22,"to #86105561",0,00:00:00:40,,,,,,,,,,,,
,86094929,10/20/2020 04:12,10/20/2020 04:18,XAUUSD,Buy,0.100,0.00000,0.00000,1902.26000,1902.98000,0.0000,0.0000,72.0,7.20,0.07,"",0,00:00:05:47,,,,,,,,,,,,
,86062703,10/19/2020 19:27,,,Withdrawal,0.010,0.00000,0.00000,0.00000,0.00000,0.0000,0.0000,0.0,-71.00,0,"Transfer to 10189649 #9358296",0,00:00:00:00,,,,,,,,,,,,
,86052218,10/19/2020 17:58,10/19/2020 19:04,XAUUSD,Buy,0.100,0.00000,0.00000,1909.10000,1908.51000,0.0000,0.0000,-59.0,-5.90,-0.06,"",0,00:01:05:28,,,,,,,,,,,,
,86057329,10/19/2020 18:46,10/19/2020 19:03,XAUUSD,Buy,0.100,0.00000,0.00000,1907.29000,1908.22000,0.0000,0.0000,93.0,9.30,0.09,"",0,00:00:16:22,,,,,,,,,,,,
,86054256,10/19/2020 18:17,10/19/2020 19:00,XAUUSD,Buy,0.100,0.00000,0.00000,1907.33000,1908.28000,0.0000,0.0000,95.0,9.50,0.09,"",0,00:00:43:20,,,,,,,,,,,,
,86056598,10/19/2020 18:37,10/19/2020 18:57,XAUUSD,Buy,0.100,0.00000,0.00000,1906.63000,1907.47000,0.0000,0.0000,84.0,8.40,0.08,"",0,00:00:19:50,,,,,,,,,,,,
,86057164,10/19/2020 18:45,10/19/2020 18:57,XAUUSD,Buy,0.100,1903.69000,0.00000,1906.24000,1907.43000,0.0000,0.0000,119.0,11.90,0.12,"",0,00:00:11:59,,,,,,,,,,,,
,86055203,10/19/2020 18:25,10/19/2020 18:57,XAUUSD,Buy,0.200,0.00000,0.00000,1905.53000,1907.44000,0.0000,0.0000,191.0,38.20,0.38,"",0,00:00:31:17,,,,,,,,,,,,
,86015593,10/19/2020 12:07,,,Withdrawal,0.010,0.00000,0.00000,0.00000,0.00000,0.0000,0.0000,0.0,-311.00,0,"Transfer to 10189649 #9353375",0,00:00:00:00,,,,,,,,,,,,
,85951930,10/16/2020 17:27,10/19/2020 08:46,XAUUSD,Buy,0.100,0.00000,0.00000,1905.99000,1905.75000,0.0000,-1.4400,-24.0,-3.84,-0.04,"",0,02:15:18:09,2.4,1h 31m,728.0,1.67,437.0,43.7,-728.0,-72.8,37.5,60.4,-461.00,-46.10
,85947149,10/16/2020 17:05,10/19/2020 08:45,XAUUSD,Buy,0.050,0.00000,0.00000,1907.04000,1905.84000,0.0000,-0.7200,-120.0,-6.72,-0.07,"",0,02:15:40:46,2.4,1h 31m,833.0,2.51,332.0,16.6,-833.0,-41.650000000000006,28.5,61.2,-452.00,-22.60
,85949623,10/16/2020 17:16,10/19/2020 08:45,XAUUSD,Buy,0.100,0.00000,0.00000,1908.96000,1905.84000,0.0000,-1.4400,-312.0,-32.64,-0.32,"",0,02:15:29:04,0.8,30m,1025.0,7.33,140.0,14.0,-1025.0,-102.5,12.0,61.2,-452.00,-45.20
,85947441,10/16/2020 17:06,10/19/2020 08:41,XAUUSD,Buy,0.100,0.00000,0.00000,1906.82000,1904.80000,0.0000,-1.4400,-202.0,-21.64,-0.21,"",0,02:15:35:46,2.4,1h 31m,811.0,2.29,354.0,35.4,-811.0,-81.10000000000001,30.4,52.3,-556.00,-55.60
,85976538,10/16/2020 22:10,10/19/2020 08:41,XAUUSD,Buy,0.100,0.00000,0.00000,1902.04000,1904.80000,0.0000,-1.4400,276.0,26.16,0.25,"",0,02:10:31:43,6.9,4h 2m,556.0,0.22,832.0,83.2,-182.0,-18.2,82.1,45.2,-556.00,-55.60
,85953361,10/16/2020 17:34,10/19/2020 08:37,XAUUSD,Buy,0.200,0.00000,0.00000,1904.04000,1904.75000,0.0000,-2.8700,71.0,11.33,0.11,"",0,02:15:03:15,3.2,2h 1m,561.0,0.84,632.0,126.4,-533.0,-106.60000000000001,54.2,51.8,-561.00,-112.20
,85978561,10/16/2020 22:21,10/19/2020 08:37,XAUUSD,Buy,0.100,0.00000,0.00000,1901.22000,1904.76000,0.0000,-1.4400,354.0,33.96,0.33,"",0,02:10:15:42,9.5,5h 32m,560.0,0.11,914.0,91.4,-100.0,-10.0,90.1,44.8,-560.00,-56.00
,85981077,10/16/2020 22:55,10/19/2020 08:02,XAUUSD,Buy,0.200,0.00000,0.00000,1900.01000,1903.25000,0.0000,-2.8700,324.0,61.93,0.60,"",0,02:09:06:46,15.7,8h 58m,711.0,0.00,1035.0,207.0,0.0,0.0,100.0,31.3,-711.00,-142.20
,85955158,10/16/2020 17:50,10/16/2020 21:58,XAUUSD,Buy,0.500,1889.00000,0.00000,1900.86000,1903.40000,0.0000,0.0000,254.0,127.00,1.26,"",0,00:04:08:04,75.0,3h 6m,325.0,0.19,274.0,137.0,-51.0,-25.5,84.3,93.8,-20.00,-10.00
,85974845,10/16/2020 21:06,10/16/2020 21:53,XAUUSD,Buy,0.200,0.00000,0.00000,1901.86000,1902.91000,0.0000,0.0000,105.0,21.00,0.21,"",0,00:00:47:00,,,,,,,,,,,,
,85961573,10/16/2020 18:30,10/16/2020 19:55,XAUUSD,Buy,0.200,0.00000,0.00000,1899.38000,1902.86000,0.0000,0.0000,348.0,69.60,0.69,"",0,00:01:24:24,,,,,,,,,,,,
,85948512,10/16/2020 17:10,10/16/2020 17:50,XAUUSD,Buy,0.100,1899.40000,0.00000,1907.35000,1899.52000,0.0000,0.0000,-783.0,-78.30,-0.77,"[sl]",0,00:00:39:12,,,,,,,,,,,,
,85944400,10/16/2020 16:50,10/16/2020 16:54,XAUUSD,Buy,0.100,0.00000,0.00000,1907.68000,1908.68000,0.0000,0.0000,100.0,10.00,0.10,"",0,00:00:03:39,,,,,,,,,,,,
,85930630,10/16/2020 14:47,10/16/2020 15:19,XAUUSD,Buy,0.100,1907.40000,0.00000,1909.88000,1913.10000,0.0000,0.0000,322.0,32.20,0.32,"",0,00:00:32:11,,,,,,,,,,,,
,85929417,10/16/2020 14:34,10/16/2020 15:19,XAUUSD,Buy,0.100,0.00000,0.00000,1910.13000,1913.05000,0.0000,0.0000,292.0,29.20,0.29,"",0,00:00:44:08,,,,,,,,,,,,
,85929173,10/16/2020 14:33,10/16/2020 15:19,XAUUSD,Buy,0.100,0.00000,0.00000,1910.20000,1912.86000,0.0000,0.0000,266.0,26.60,0.27,"",0,00:00:45:45,,,,,,,,,,,,
,85902555,10/16/2020 09:59,10/16/2020 10:14,XAUUSD,Buy,0.100,0.00000,0.00000,1905.57000,1906.10000,0.0000,0.0000,53.0,5.30,0.05,"",0,00:00:14:56,,,,,,,,,,,,
,85853678,10/15/2020 14:13,,,Withdrawal,0.010,0.00000,0.00000,0.00000,0.00000,0.0000,0.0000,0.0,-975.00,0,"Transfer to 10189649 #9327757",0,00:00:00:00,,,,,,,,,,,,
,85837027,10/15/2020 11:38,10/15/2020 13:03,XAUUSD,Buy,0.150,0.00000,0.00000,1897.16000,1896.66000,0.0000,0.0000,-50.0,-7.50,-0.07,"",0,00:01:24:21,,,,,,,,,,,,
,85836638,10/15/2020 11:36,10/15/2020 13:03,XAUUSD,Buy,0.150,0.00000,0.00000,1896.44000,1896.79000,0.0000,0.0000,35.0,5.25,0.05,"",0,00:01:26:19,,,,,,,,,,,,
,85838183,10/15/2020 11:46,10/15/2020 13:02,XAUUSD,Buy,0.150,0.00000,0.00000,1896.55000,1896.92000,0.0000,0.0000,37.0,5.55,0.05,"",0,00:01:16:28,,,,,,,,,,,,
,85839115,10/15/2020 11:51,10/15/2020 13:02,XAUUSD,Buy,0.200,1888.40000,0.00000,1893.70000,1897.02000,0.0000,0.0000,332.0,66.40,0.61,"",0,00:01:11:27,,,,,,,,,,,,
,85841979,10/15/2020 12:07,10/15/2020 12:59,XAUUSD,Buy,0.200,1888.40000,0.00000,1892.05000,1896.47000,0.0000,0.0000,442.0,88.40,0.82,"",0,00:00:51:32,,,,,,,,,,,,
,85845396,10/15/2020 12:41,10/15/2020 12:51,XAUUSD,Buy,0.300,1888.40000,0.00000,1892.23000,1894.04000,0.0000,0.0000,181.0,54.30,0.50,"",0,00:00:09:28,,,,,,,,,,,,
,85819380,10/15/2020 09:25,10/15/2020 11:02,XAUUSD,Buy,0.100,0.00000,0.00000,1899.68000,1902.01000,0.0000,0.0000,233.0,23.30,0.22,"",0,00:01:37:30,,,,,,,,,,,,
,85820614,10/15/2020 09:42,10/15/2020 11:01,XAUUSD,Buy,0.200,0.00000,0.00000,1897.74000,1901.31000,0.0000,0.0000,357.0,71.40,0.67,"",0,00:01:19:26,,,,,,,,,,,,
,85819168,10/15/2020 09:22,10/15/2020 11:01,XAUUSD,Buy,0.150,0.00000,0.00000,1898.71000,1901.47000,0.0000,0.0000,276.0,41.40,0.39,"",0,00:01:38:39,,,,,,,,,,,,
,85818550,10/15/2020 09:14,10/15/2020 10:48,XAUUSD,Buy,0.300,0.00000,0.00000,1898.08000,1902.24000,0.0000,0.0000,416.0,124.80,1.19,"",0,00:01:34:17,,,,,,,,,,,,
,85818114,10/15/2020 09:08,10/15/2020 10:48,XAUUSD,Buy,0.350,0.00000,0.00000,1897.96000,1902.38000,0.0000,0.0000,442.0,154.70,1.50,"",0,00:01:40:05,,,,,,,,,,,,
,85819021,10/15/2020 09:20,10/15/2020 10:42,XAUUSD,Buy,0.200,0.00000,0.00000,1897.96000,1901.84000,0.0000,0.0000,388.0,77.60,0.76,"",0,00:01:21:49,,,,,,,,,,,,
,85818360,10/15/2020 09:12,10/15/2020 10:42,XAUUSD,Buy,0.350,0.00000,0.00000,1897.45000,1901.82000,0.0000,0.0000,437.0,152.95,1.51,"",0,00:01:30:08,,,,,,,,,,,,
,85772193,10/14/2020 14:54,10/14/2020 15:11,XAUUSD,Buy,0.100,0.00000,0.00000,1899.97000,1901.03000,0.0000,0.0000,106.0,10.60,0.10,"",0,00:00:16:35,,,,,,,,,,,,
,85766165,10/14/2020 13:30,10/14/2020 13:50,XAUUSD,Buy,0.100,1897.86000,0.00000,1898.69000,1898.76000,0.0000,0.0000,7.0,0.70,0.01,"",0,00:00:20:40,,,,,,,,,,,,
,85766317,10/14/2020 13:31,10/14/2020 13:47,XAUUSD,Buy,0.100,0.00000,0.00000,1898.43000,1898.48000,0.0000,0.0000,5.0,0.50,0.00,"",0,00:00:16:42,,,,,,,,,,,,
,85765322,10/14/2020 13:21,10/14/2020 13:47,XAUUSD,Buy,0.100,0.00000,0.00000,1896.84000,1898.29000,0.0000,0.0000,145.0,14.50,0.14,"",0,00:00:26:03,,,,,,,,,,,,
,85753586,10/14/2020 11:01,10/14/2020 11:03,XAUUSD,Buy,0.100,0.00000,0.00000,1896.51000,1896.52000,0.0000,0.0000,1.0,0.10,0.00,"",0,00:00:02:45,,,,,,,,,,,,
,85743163,10/14/2020 09:02,10/14/2020 09:46,XAUUSD,Buy,0.100,0.00000,0.00000,1895.90000,1897.36000,0.0000,0.0000,146.0,14.60,0.14,"",0,00:00:44:03,,,,,,,,,,,,
,85742879,10/14/2020 08:58,10/14/2020 09:46,XAUUSD,Buy,0.100,0.00000,0.00000,1895.45000,1897.37000,0.0000,0.0000,192.0,19.20,0.19,"",0,00:00:47:46,,,,,,,,,,,,
,85743502,10/14/2020 09:09,10/14/2020 09:42,XAUUSD,Buy,0.150,0.00000,0.00000,1895.75000,1897.45000,0.0000,0.0000,170.0,25.50,0.25,"",0,00:00:33:10,,,,,,,,,,,,
,85742453,10/14/2020 08:44,10/14/2020 09:42,XAUUSD,Buy,0.100,1895.89000,0.00000,1894.36000,1897.42000,0.0000,0.0000,306.0,30.60,0.31,"",0,00:00:58:08,,,,,,,,,,,,
,85725528,10/13/2020 20:17,,,Withdrawal,0.010,0.00000,0.00000,0.00000,0.00000,0.0000,0.0000,0.0,-261.00,0,"Transfer to 10189649 #9310708",0,00:00:00:00,,,,,,,,,,,,
,85709263,10/13/2020 17:07,10/13/2020 18:35,XAUUSD,Buy,0.150,0.00000,0.00000,1893.66000,1893.54000,0.0000,0.0000,-12.0,-1.80,-0.02,"",0,00:01:28:03,,,,,,,,,,,,
,85713603,10/13/2020 17:33,10/13/2020 18:35,XAUUSD,Buy,0.100,0.00000,0.00000,1890.77000,1893.32000,0.0000,0.0000,255.0,25.50,0.25,"",0,00:01:01:20,,,,,,,,,,,,
,85715319,10/13/2020 17:49,10/13/2020 18:35,XAUUSD,Buy,0.100,0.00000,0.00000,1889.96000,1893.12000,0.0000,0.0000,316.0,31.60,0.31,"",0,00:00:45:43,,,,,,,,,,,,
,85716210,10/13/2020 17:56,10/13/2020 18:01,XAUUSD,Buy,0.300,0.00000,0.00000,1888.65000,1892.48000,0.0000,0.0000,383.0,114.90,1.14,"",0,00:00:04:47,,,,,,,,,,,,
,85709588,10/13/2020 17:09,10/13/2020 17:29,XAUUSD,Buy,0.150,0.00000,0.00000,1890.80000,1892.62000,0.0000,0.0000,182.0,27.30,0.27,"",0,00:00:20:14,,,,,,,,,,,,
,85711204,10/13/2020 17:16,10/13/2020 17:29,XAUUSD,Buy,0.200,0.00000,0.00000,1889.52000,1892.69000,0.0000,0.0000,317.0,63.40,0.63,"",0,00:00:12:34,,,,,,,,,,,,
,85694766,10/13/2020 15:41,,,Withdrawal,0.010,0.00000,0.00000,0.00000,0.00000,0.0000,0.0000,0.0,-170.00,0,"Transfer to 10189649 #9306845",0,00:00:00:00,,,,,,,,,,,,
,85691436,10/13/2020 14:59,10/13/2020 15:13,XAUUSD,Buy,0.100,0.00000,0.00000,1920.53000,1921.00000,0.0000,0.0000,47.0,4.70,0.05,"",0,00:00:14:40,,,,,,,,,,,,
,85691202,10/13/2020 14:55,10/13/2020 15:13,XAUUSD,Buy,0.100,0.00000,0.00000,1919.83000,1920.95000,0.0000,0.0000,112.0,11.20,0.11,"",0,00:00:17:54,,,,,,,,,,,,
,85692376,10/13/2020 15:09,10/13/2020 15:13,XAUUSD,Buy,0.100,0.00000,0.00000,1919.93000,1921.03000,0.0000,0.0000,110.0,11.00,0.11,"",0,00:00:04:32,,,,,,,,,,,,
,85685649,10/13/2020 13:27,10/13/2020 13:35,XAUUSD,Buy,0.100,0.00000,0.00000,1921.19000,1921.39000,0.0000,0.0000,20.0,2.00,0.02,"",0,00:00:07:55,,,,,,,,,,,,
,85663427,10/13/2020 09:06,10/13/2020 09:27,XAUUSD,Buy,0.050,0.00000,0.00000,1914.91000,1917.24000,0.0000,0.0000,233.0,11.65,0.12,"",0,00:00:21:22,,,,,,,,,,,,
,85663588,10/13/2020 09:08,10/13/2020 09:11,XAUUSD,Buy,0.100,0.00000,0.00000,1914.98000,1915.00000,0.0000,0.0000,2.0,0.20,0.00,"",0,00:00:02:28,,,,,,,,,,,,
,85661026,10/13/2020 08:07,10/13/2020 08:32,XAUUSD,Buy,0.100,0.00000,0.00000,1911.79000,1915.62000,0.0000,0.0000,383.0,38.30,0.38,"",0,00:00:25:10,,,,,,,,,,,,
,85660387,10/13/2020 07:50,10/13/2020 08:32,XAUUSD,Buy,0.150,0.00000,0.00000,1912.49000,1915.65000,0.0000,0.0000,316.0,47.40,0.47,"",0,00:00:42:23,,,,,,,,,,,,
,85660008,10/13/2020 07:37,10/13/2020 08:32,XAUUSD,Buy,0.100,0.00000,0.00000,1911.31000,1915.70000,0.0000,0.0000,439.0,43.90,0.44,"",0,00:00:54:55,,,,,,,,,,,,
,85650575,10/12/2020 22:07,,,Withdrawal,0.010,0.00000,0.00000,0.00000,0.00000,0.0000,0.0000,0.0,-1064.00,0,"Transfer to 10189649 #9301228",0,00:00:00:00,,,,,,,,,,,,
,85598303,10/12/2020 06:05,10/12/2020 19:41,XAUUSD,Buy,0.150,0.00000,0.00000,1927.45000,1924.66000,0.0000,0.0000,-279.0,-41.85,-0.38,"",0,00:13:35:26,0.0,0s,744.0,769.23,0.0,0.0,-744.0,-111.6,0.0,62.5,-279.00,-41.85
,85598744,10/12/2020 06:24,10/12/2020 19:41,XAUUSD,Buy,0.150,0.00000,0.00000,1929.01000,1924.65000,0.0000,0.0000,-436.0,-65.40,-0.59,"",0,00:13:16:39,0.0,0s,900.0,909.09,0.0,0.0,-900.0,-135.0,0.0,51.6,-436.00,-65.40
,85600074,10/12/2020 07:42,10/12/2020 19:41,XAUUSD,Buy,0.200,0.00000,0.00000,1929.35000,1924.67000,0.0000,0.0000,-468.0,-93.60,-0.83,"",0,00:11:59:15,0.0,0s,934.0,1000.00,0.0,0.0,-934.0,-186.8,0.0,49.9,-468.00,-93.60
,85602478,10/12/2020 09:02,10/12/2020 19:41,XAUUSD,Buy,0.150,0.00000,0.00000,1931.38000,1924.66000,0.0000,0.0000,-672.0,-100.80,-0.89,"",0,00:10:38:59,0.0,0s,1137.0,1250.00,0.0,0.0,-1137.0,-170.54999999999998,0.0,40.9,-672.00,-100.80
,85641040,10/12/2020 18:05,10/12/2020 19:41,XAUUSD,Buy,0.150,0.00000,0.00000,1923.20000,1924.57000,0.0000,0.0000,137.0,20.55,0.18,"",0,00:01:35:56,,,,,,,,,,,,
,85641085,10/12/2020 18:05,10/12/2020 19:41,XAUUSD,Buy,0.150,0.00000,0.00000,1923.20000,1924.59000,0.0000,0.0000,139.0,20.85,0.18,"",0,00:01:35:44,,,,,,,,,,,,
,85631090,10/12/2020 16:02,10/12/2020 19:31,XAUUSD,Buy,0.500,0.00000,0.00000,1924.25000,1924.20000,0.0000,0.0000,-5.0,-2.50,-0.02,"",0,00:03:28:52,,,,,,,,,,,,
,85642369,10/12/2020 18:18,10/12/2020 19:31,XAUUSD,Buy,0.300,0.00000,0.00000,1921.53000,1924.28000,0.0000,0.0000,275.0,82.50,0.73,"",0,00:01:12:38,,,,,,,,,,,,
,85603260,10/12/2020 09:14,10/12/2020 17:54,XAUUSD,Buy,0.300,0.00000,0.00000,1928.67000,1924.56000,0.0000,0.0000,-411.0,-123.30,-1.08,"",0,00:08:40:21,0.0,0s,866.0,909.09,0.0,0.0,-866.0,-259.8,0.0,52.5,-411.00,-123.30
,85602348,10/12/2020 09:01,10/12/2020 17:54,XAUUSD,Buy,0.150,0.00000,0.00000,1931.57000,1924.57000,0.0000,0.0000,-700.0,-105.00,-0.92,"",0,00:08:52:39,0.0,0s,1156.0,1250.00,0.0,0.0,-1156.0,-173.4,0.0,39.4,-700.00,-105.00
,85631656,10/12/2020 16:09,10/12/2020 17:54,XAUUSD,Buy,0.500,0.00000,0.00000,1921.73000,1924.66000,0.0000,0.0000,293.0,146.50,1.29,"",0,00:01:45:17,,,,,,,,,,,,
,85638097,10/12/2020 17:32,10/12/2020 17:52,XAUUSD,Buy,0.180,0.00000,0.00000,1922.68000,1924.88000,0.0000,0.0000,220.0,39.60,0.35,"",0,00:00:19:47,,,,,,,,,,,,
,85601581,10/12/2020 08:44,10/12/2020 15:52,XAUUSD,Buy,0.200,0.00000,0.00000,1930.83000,1927.11000,0.0000,0.0000,-372.0,-74.40,-0.65,"",0,00:07:08:26,0.0,0s,1082.0,1111.11,0.0,0.0,-1082.0,-216.4,0.0,65.6,-372.00,-74.40
,85602777,10/12/2020 09:07,10/12/2020 15:52,XAUUSD,Buy,0.300,0.00000,0.00000,1929.26000,1927.01000,0.0000,0.0000,-225.0,-67.50,-0.59,"",0,00:06:44:57,0.0,0s,925.0,1000.00,0.0,0.0,-925.0,-277.5,0.0,75.7,-225.00,-67.50
,85604351,10/12/2020 09:41,10/12/2020 15:52,XAUUSD,Buy,0.500,1917.40000,0.00000,1928.17000,1927.04000,0.0000,0.0000,-113.0,-56.50,-0.49,"",0,00:06:10:34,0.0,0s,816.0,833.33,0.0,0.0,-816.0,-408.0,0.0,86.2,-113.00,-56.50
,85613636,10/12/2020 11:43,10/12/2020 15:44,XAUUSD,Buy,0.800,1916.40000,0.00000,1923.44000,1926.09000,0.0000,0.0000,265.0,212.00,1.88,"",0,00:04:00:43,100.0,4h 0m,106.0,0.00,265.0,212.0,0.0,0.0,100.0,100.0,0.00,0.00
,85628404,10/12/2020 15:28,10/12/2020 15:44,XAUUSD,Buy,0.500,0.00000,0.00000,1923.21000,1925.82000,0.0000,0.0000,261.0,130.50,1.17,"",0,00:00:15:28,,,,,,,,,,,,
,85617149,10/12/2020 12:31,10/12/2020 15:17,XAUUSD,Buy,1.000,1917.40000,0.00000,1920.51000,1926.81000,0.0000,0.0000,630.0,630.00,5.99,"",0,00:02:46:02,,,,,,,,,,,,
,85608239,10/12/2020 10:25,10/12/2020 15:15,XAUUSD,Buy,0.500,1917.40000,0.00000,1925.30000,1926.25000,0.0000,0.0000,95.0,47.50,0.45,"",0,00:04:50:06,20.0,58m,529.0,5.57,95.0,47.5,-529.0,-264.5,15.2,100.0,0.00,0.00
,85623235,10/12/2020 14:05,10/12/2020 15:15,XAUUSD,Buy,1.000,1916.80000,0.00000,1920.15000,1926.31000,0.0000,0.0000,616.0,616.00,6.25,"",0,00:01:10:08,,,,,,,,,,,,
,85604908,10/12/2020 09:54,10/12/2020 14:04,XAUUSD,Buy,0.200,1918.40000,0.00000,1926.63000,1918.09000,0.0000,0.0000,-854.0,-170.80,-1.70,"[sl]",0,00:04:09:18,0.0,0s,854.0,909.09,0.0,0.0,-854.0,-170.8,0.0,0.0,-854.00,-170.80
,85616582,10/12/2020 12:25,10/12/2020 12:29,XAUUSD,Buy,0.500,1919.80000,0.00000,1922.12000,1919.65000,0.0000,0.0000,-247.0,-123.50,-1.22,"[sl]",0,00:00:04:23,,,,,,,,,,,,
,85601374,10/12/2020 08:39,10/12/2020 08:50,XAUUSD,Buy,0.200,0.00000,0.00000,1929.84000,1931.47000,0.0000,0.0000,163.0,32.60,0.32,"",0,00:00:10:53,,,,,,,,,,,,
,85601674,10/12/2020 08:45,10/12/2020 08:50,XAUUSD,Buy,0.150,0.00000,0.00000,1930.92000,1931.32000,0.0000,0.0000,40.0,6.00,0.06,"",0,00:00:04:03,,,,,,,,,,,,
,85599578,10/12/2020 07:12,10/12/2020 08:30,XAUUSD,Buy,0.300,0.00000,0.00000,1927.97000,1929.06000,0.0000,0.0000,109.0,32.70,0.32,"",0,00:01:18:31,,,,,,,,,,,,
,85598444,10/12/2020 06:13,10/12/2020 08:30,XAUUSD,Buy,0.300,0.00000,0.00000,1927.74000,1929.07000,0.0000,0.0000,133.0,39.90,0.40,"",0,00:02:16:55,,,,,,,,,,,,
,85598485,10/12/2020 06:14,10/12/2020 08:30,XAUUSD,Buy,0.200,0.00000,0.00000,1927.49000,1929.07000,0.0000,0.0000,158.0,31.60,0.32,"",0,00:02:16:26,,,,,,,,,,,,
,85588049,10/10/2020 07:29,,,Withdrawal,0.010,0.00000,0.00000,0.00000,0.00000,0.0000,0.0000,0.0,-310.00,0,"Transfer to 10189649 #9284553",0,00:00:00:00,,,,,,,,,,,,
,85579117,10/09/2020 16:47,10/09/2020 18:57,XAUUSD,Sell,0.020,0.00000,0.00000,1918.52000,1921.34000,0.0000,0.0000,-282.0,-5.64,-0.05,"from #85567744",0,00:02:09:48,,,,,,,,,,,,
,85567744,10/09/2020 16:47,10/09/2020 18:55,XAUUSD,Sell,0.030,0.00000,0.00000,1918.52000,1922.10000,0.0000,0.0000,-358.0,-10.74,-0.10,"to #85579117",0,00:02:07:44,,,,,,,,,,,,
,85568287,10/09/2020 16:50,10/09/2020 18:55,XAUUSD,Sell,0.050,0.00000,0.00000,1919.95000,1922.17000,0.0000,0.0000,-222.0,-11.10,-0.11,"",0,00:02:05:02,,,,,,,,,,,,
,85569535,10/09/2020 16:58,10/09/2020 18:53,XAUUSD,Sell,0.100,0.00000,0.00000,1923.29000,1922.30000,0.0000,0.0000,99.0,9.90,0.10,"",0,00:01:55:01,,,,,,,,,,,,
,85570819,10/09/2020 17:07,10/09/2020 18:53,XAUUSD,Sell,0.150,0.00000,0.00000,1927.00000,1922.96000,0.0000,0.0000,404.0,60.60,0.59,"",0,00:01:45:57,,,,,,,,,,,,
,85572808,10/09/2020 17:31,10/09/2020 18:53,XAUUSD,Sell,0.050,0.00000,0.00000,1927.73000,1923.37000,0.0000,0.0000,436.0,21.80,0.21,"",0,00:01:21:44,,,,,,,,,,,,
,85554955,10/09/2020 13:38,10/09/2020 14:52,XAUUSD,Sell,0.200,1922.50000,0.00000,1915.23000,1914.44000,0.0000,0.0000,79.0,15.80,0.15,"",0,00:01:13:25,,,,,,,,,,,,
,85555813,10/09/2020 13:52,10/09/2020 14:52,XAUUSD,Sell,0.200,0.00000,0.00000,1917.20000,1914.20000,0.0000,0.0000,300.0,60.00,0.59,"",0,00:00:59:45,,,,,,,,,,,,
,85532806,10/09/2020 08:39,10/09/2020 08:59,XAUUSD,Sell,0.100,0.00000,0.00000,1909.15000,1908.94000,0.0000,0.0000,21.0,2.10,0.02,"",0,00:00:20:15,,,,,,,,,,,,
,85533045,10/09/2020 08:48,10/09/2020 08:58,XAUUSD,Sell,0.100,0.00000,0.00000,1909.90000,1908.86000,0.0000,0.0000,104.0,10.40,0.10,"",0,00:00:10:04,,,,,,,,,,,,
,85516188,10/08/2020 19:55,10/08/2020 20:27,XAUUSD,Buy,0.100,0.00000,0.00000,1886.14000,1888.02000,0.0000,0.0000,188.0,18.80,0.19,"",0,00:00:31:47,,,,,,,,,,,,
,85516117,10/08/2020 19:54,10/08/2020 20:27,XAUUSD,Buy,0.050,0.00000,0.00000,1886.37000,1887.95000,0.0000,0.0000,158.0,7.90,0.08,"",0,00:00:32:48,,,,,,,,,,,,
,85516604,10/08/2020 20:02,10/08/2020 20:27,XAUUSD,Buy,0.300,0.00000,0.00000,1885.55000,1887.65000,0.0000,0.0000,210.0,63.00,0.63,"",0,00:00:25:15,,,,,,,,,,,,
,85516277,10/08/2020 19:57,10/08/2020 20:25,XAUUSD,Buy,0.500,0.00000,0.00000,1885.48000,1885.45000,0.0000,0.0000,-3.0,-1.50,-0.01,"",0,00:00:28:30,,,,,,,,,,,,
,85517001,10/08/2020 20:08,10/08/2020 20:25,XAUUSD,Buy,0.500,0.00000,0.00000,1882.95000,1885.55000,0.0000,0.0000,260.0,130.00,1.31,"",0,00:00:16:53,,,,,,,,,,,,
,85515619,10/08/2020 19:43,,,Withdrawal,0.010,0.00000,0.00000,0.00000,0.00000,0.0000,0.0000,0.0,-300.00,0,"Transfer to 10189649 #9272457",0,00:00:00:00,,,,,,,,,,,,
,85514864,10/08/2020 19:02,10/08/2020 19:24,XAUUSD,Buy,0.020,0.00000,0.00000,1889.76000,1889.28000,0.0000,0.0000,-48.0,-0.96,-0.01,"from #85513981",0,00:00:21:45,,,,,,,,,,,,
,85513981,10/08/2020 19:02,10/08/2020 19:21,XAUUSD,Buy,0.030,0.00000,0.00000,1889.76000,1889.58000,0.0000,0.0000,-18.0,-0.54,-0.01,"to #85514864",0,00:00:18:55,,,,,,,,,,,,
,85504644,10/08/2020 17:16,10/08/2020 18:46,XAUUSD,Buy,0.300,0.00000,0.00000,1889.65000,1889.75000,0.0000,0.0000,10.0,3.00,0.03,"",0,00:01:29:51,,,,,,,,,,,,
,85504378,10/08/2020 17:13,10/08/2020 18:44,XAUUSD,Buy,0.400,1879.89000,0.00000,1889.71000,1889.78000,0.0000,0.0000,7.0,2.80,0.03,"",0,00:01:31:20,,,,,,,,,,,,
,85504322,10/08/2020 17:12,10/08/2020 18:44,XAUUSD,Buy,0.400,0.00000,0.00000,1889.77000,1889.75000,0.0000,0.0000,-2.0,-0.80,-0.01,"",0,00:01:31:44,,,,,,,,,,,,
,85511470,10/08/2020 18:30,10/08/2020 18:44,XAUUSD,Buy,0.200,0.00000,0.00000,1889.14000,1889.97000,0.0000,0.0000,83.0,16.60,0.16,"",0,00:00:13:28,,,,,,,,,,,,
,85506433,10/08/2020 17:36,10/08/2020 18:20,XAUUSD,Buy,0.300,0.00000,0.00000,1887.42000,1889.26000,0.0000,0.0000,184.0,55.20,0.54,"",0,00:00:43:46,,,,,,,,,,,,
,85504143,10/08/2020 17:10,10/08/2020 18:20,XAUUSD,Buy,0.100,0.00000,0.00000,1889.33000,1889.40000,0.0000,0.0000,7.0,0.70,0.01,"",0,00:01:09:55,,,,,,,,,,,,
,85504774,10/08/2020 17:18,10/08/2020 18:12,XAUUSD,Buy,0.300,1882.40000,0.00000,1888.88000,1889.04000,0.0000,0.0000,16.0,4.80,0.05,"",0,00:00:53:38,,,,,,,,,,,,
,85504989,10/08/2020 17:21,10/08/2020 18:08,XAUUSD,Buy,0.500,1879.89000,0.00000,1888.52000,1888.73000,0.0000,0.0000,21.0,10.50,0.10,"",0,00:00:46:45,,,,,,,,,,,,
,85485299,10/08/2020 12:20,10/08/2020 13:34,XAUUSD,Buy,0.050,0.00000,0.00000,1892.67000,1893.06000,0.0000,0.0000,39.0,1.95,0.02,"from #85481761",0,00:01:14:08,,,,,,,,,,,,
,85485993,10/08/2020 13:18,10/08/2020 13:34,XAUUSD,Buy,0.050,0.00000,0.00000,1892.27000,1893.08000,0.0000,0.0000,81.0,4.05,0.04,"",0,00:00:16:12,,,,,,,,,,,,
,85486561,10/08/2020 13:30,10/08/2020 13:34,XAUUSD,Buy,0.150,0.00000,0.00000,1892.64000,1893.22000,0.0000,0.0000,58.0,8.70,0.09,"",0,00:00:04:42,,,,,,,,,,,,
,85481761,10/08/2020 12:20,10/08/2020 13:09,XAUUSD,Buy,0.100,0.00000,0.00000,1892.67000,1892.11000,0.0000,0.0000,-56.0,-5.60,-0.06,"to #85485299",0,00:00:48:18,,,,,,,,,,,,
,85477269,10/08/2020 11:17,10/08/2020 13:09,XAUUSD,Buy,0.300,0.00000,0.00000,1892.11000,1892.21000,0.0000,0.0000,10.0,3.00,0.03,"",0,00:01:51:21,,,,,,,,,,,,
,85484164,10/08/2020 12:54,10/08/2020 13:08,XAUUSD,Buy,0.200,0.00000,0.00000,1891.97000,1892.17000,0.0000,0.0000,20.0,4.00,0.04,"",0,00:00:14:33,,,,,,,,,,,,
,85482350,10/08/2020 12:32,10/08/2020 12:51,XAUUSD,Buy,0.150,0.00000,0.00000,1890.86000,1891.81000,0.0000,0.0000,95.0,14.25,0.14,"",0,00:00:19:32,,,,,,,,,,,,
,85477841,10/08/2020 11:21,10/08/2020 12:16,XAUUSD,Buy,0.400,0.00000,0.00000,1891.31000,1892.26000,0.0000,0.0000,95.0,38.00,0.38,"",0,00:00:54:20,,,,,,,,,,,,
,85469145,10/08/2020 09:55,10/08/2020 10:19,XAUUSD,Sell,0.050,0.00000,0.00000,1893.79000,1892.79000,0.0000,0.0000,100.0,5.00,0.05,"",0,00:00:23:56,,,,,,,,,,,,
,85450225,10/07/2020 19:48,10/07/2020 19:53,XAUUSD,Buy,0.100,0.00000,0.00000,1885.66000,1886.79000,0.0000,0.0000,113.0,11.30,0.11,"",0,00:00:05:37,,,,,,,,,,,,
,85433477,10/07/2020 16:31,10/07/2020 16:50,XAUUSD,Buy,0.200,0.00000,0.00000,1888.06000,1888.13000,0.0000,0.0000,7.0,1.40,0.01,"",0,00:00:18:49,,,,,,,,,,,,
,85434487,10/07/2020 16:37,10/07/2020 16:50,XAUUSD,Buy,0.200,0.00000,0.00000,1885.63000,1888.15000,0.0000,0.0000,252.0,50.40,0.50,"",0,00:00:13:00,,,,,,,,,,,,
,85430606,10/07/2020 16:02,10/07/2020 16:04,EURUSD,Sell,0.300,0.00000,0.00000,1.17739,1.17738,0.0000,0.0000,0.1,0.30,0.00,"",0,00:00:02:19,,,,,,,,,,,,
,85426136,10/07/2020 15:06,10/07/2020 15:13,XAUUSD,Buy,0.100,0.00000,0.00000,1888.38000,1890.01000,0.0000,0.0000,163.0,16.30,0.16,"",0,00:00:07:16,,,,,,,,,,,,
,85418429,10/07/2020 13:26,,,Withdrawal,0.010,0.00000,0.00000,0.00000,0.00000,0.0000,0.0000,0.0,-10000.00,0,"Transfer to 10189649 #9259217",0,00:00:00:00,,,,,,,,,,,,
,85418120,10/07/2020 13:21,,,Deposit,0.010,0.00000,0.00000,0.00000,0.00000,0.0000,0.0000,0.0,10000.00,0,"Withdraw canceled 9176781",0,00:00:00:00,,,,,,,,,,,,
,85388959,10/07/2020 04:33,10/07/2020 04:52,XAUUSD,Buy,0.500,1869.80000,0.00000,1874.77000,1877.54000,0.0000,0.0000,277.0,138.50,1.41,"",0,00:00:18:19,,,,,,,,,,,,
,85388534,10/07/2020 04:15,10/07/2020 04:29,XAUUSD,Buy,0.200,1873.90000,0.00000,1879.20000,1873.18000,0.0000,0.0000,-602.0,-120.40,-1.21,"[sl]",0,00:00:13:54,,,,,,,,,,,,
,85386791,10/07/2020 02:16,,,Withdrawal,0.010,0.00000,0.00000,0.00000,0.00000,0.0000,0.0000,0.0,-700.00,0,"Transfer to 10189649 #9254708",0,00:00:00:00,,,,,,,,,,,,
,85332125,10/06/2020 13:41,10/06/2020 14:43,XAUUSD,Buy,0.300,1915.88000,0.00000,1913.78000,1917.18000,0.0000,0.0000,340.0,102.00,0.96,"",0,00:01:01:57,,,,,,,,,,,,
,85331857,10/06/2020 13:36,10/06/2020 14:35,XAUUSD,Buy,0.300,1913.89000,0.00000,1913.49000,1917.10000,0.0000,0.0000,361.0,108.30,1.03,"",0,00:00:58:57,,,,,,,,,,,,
,85331729,10/06/2020 13:34,10/06/2020 14:27,XAUUSD,Buy,0.300,1910.89000,0.00000,1913.33000,1914.92000,0.0000,0.0000,159.0,47.70,0.46,"",0,00:00:52:51,,,,,,,,,,,,
,85327697,10/06/2020 11:02,10/06/2020 12:23,XAUUSD,Buy,0.050,0.00000,0.00000,1910.95000,1912.18000,0.0000,0.0000,123.0,6.15,0.06,"from #85320696",0,00:01:20:49,,,,,,,,,,,,
,85320696,10/06/2020 11:02,10/06/2020 12:21,XAUUSD,Buy,0.250,0.00000,0.00000,1910.95000,1911.83000,0.0000,0.0000,88.0,22.00,0.21,"to #85327697",0,00:01:18:41,,,,,,,,,,,,
,85322747,10/06/2020 11:22,10/06/2020 12:21,XAUUSD,Buy,0.300,0.00000,0.00000,1909.78000,1911.80000,0.0000,0.0000,202.0,60.60,0.59,"",0,00:00:58:29,,,,,,,,,,,,
,85322894,10/06/2020 11:24,10/06/2020 12:21,XAUUSD,Buy,0.300,0.00000,0.00000,1909.98000,1911.82000,0.0000,0.0000,184.0,55.20,0.54,"",0,00:00:56:54,,,,,,,,,,,,
,85323146,10/06/2020 11:27,10/06/2020 12:16,XAUUSD,Buy,0.300,0.00000,0.00000,1908.35000,1911.41000,0.0000,0.0000,306.0,91.80,0.90,"",0,00:00:49:02,,,,,,,,,,,,
,85323744,10/06/2020 11:34,10/06/2020 12:16,XAUUSD,Buy,1.000,1908.79000,0.00000,1908.01000,1911.55000,0.0000,0.0000,354.0,354.00,3.60,"",0,00:00:42:01,,,,,,,,,,,,
,85323920,10/06/2020 11:36,10/06/2020 12:07,XAUUSD,Buy,0.500,1904.89000,0.00000,1907.47000,1909.70000,0.0000,0.0000,223.0,111.50,1.15,"",0,00:00:31:40,,,,,,,,,,,,
,85323019,10/06/2020 11:25,10/06/2020 11:25,XAUUSD,Buy,0.300,1907.80000,0.00000,1909.16000,1907.69000,0.0000,0.0000,-147.0,-44.10,-0.45,"[sl]",0,00:00:00:13,,,,,,,,,,,,
,85283702,10/05/2020 17:12,10/05/2020 17:14,XAUUSD,Sell,0.200,0.00000,0.00000,1913.10000,1912.20000,0.0000,0.0000,90.0,18.00,0.18,"",0,00:00:02:35,,,,,,,,,,,,
,85266953,10/05/2020 13:51,10/05/2020 14:46,XAUUSD,Buy,0.100,0.00000,0.00000,1900.35000,1900.83000,0.0000,0.0000,48.0,4.80,0.05,"",0,00:00:55:33,,,,,,,,,,,,
,85267937,10/05/2020 14:08,10/05/2020 14:46,XAUUSD,Buy,0.100,0.00000,0.00000,1899.74000,1900.57000,0.0000,0.0000,83.0,8.30,0.09,"",0,00:00:38:39,,,,,,,,,,,,
,85263429,10/05/2020 12:51,10/05/2020 13:18,XAUUSD,Sell,0.100,0.00000,0.00000,1900.80000,1899.36000,0.0000,0.0000,144.0,14.40,0.15,"",0,00:00:27:37,,,,,,,,,,,,
,85261951,10/05/2020 12:25,10/05/2020 13:18,XAUUSD,Sell,0.100,0.00000,0.00000,1899.75000,1899.42000,0.0000,0.0000,33.0,3.30,0.03,"",0,00:00:52:50,,,,,,,,,,,,
,85263506,10/05/2020 12:52,10/05/2020 13:18,XAUUSD,Sell,0.100,1905.50000,0.00000,1900.70000,1899.42000,0.0000,0.0000,128.0,12.80,0.13,"",0,00:00:26:21,,,,,,,,,,,,
,85261267,10/05/2020 12:15,,,Deposit,0.010,0.00000,0.00000,0.00000,0.00000,0.0000,0.0000,0.0,4700.00,0,"Transfer from 10189649 #9232945",0,00:00:00:00,,,,,,,,,,,,
,85260685,10/05/2020 12:06,,,Withdrawal,0.010,0.00000,0.00000,0.00000,0.00000,0.0000,0.0000,0.0,-5292.00,0,"Transfer to 10189649 #9232854",0,00:00:00:00,,,,,,,,,,,,
,85240819,10/05/2020 08:27,10/05/2020 11:42,XAUUSD,Buy,0.300,0.00000,0.00000,1893.87000,1895.07000,0.0000,0.0000,120.0,36.00,0.35,"",0,00:03:15:04,,,,,,,,,,,,
,85241604,10/05/2020 08:51,10/05/2020 11:42,XAUUSD,Buy,0.300,0.00000,0.00000,1894.51000,1895.00000,0.0000,0.0000,49.0,14.70,0.14,"",0,00:02:51:27,,,,,,,,,,,,
,85240996,10/05/2020 08:31,10/05/2020 11:42,XAUUSD,Buy,0.200,0.00000,0.00000,1894.40000,1895.07000,0.0000,0.0000,67.0,13.40,0.13,"",0,00:03:10:27,,,,,,,,,,,,
,85258063,10/05/2020 10:08,10/05/2020 11:42,XAUUSD,Buy,0.500,1885.40000,0.00000,1891.09000,1895.07000,0.0000,0.0000,398.0,199.00,1.98,"from #85247456",0,00:01:33:57,,,,,,,,,,,,
,85247456,10/05/2020 10:08,10/05/2020 11:38,XAUUSD,Buy,1.000,1885.40000,0.00000,1891.09000,1895.03000,0.0000,0.0000,394.0,394.00,4.09,"to #85258063",0,00:01:29:46,,,,,,,,,,,,
,85249430,10/05/2020 10:20,10/05/2020 10:56,XAUUSD,Buy,1.000,1885.40000,0.00000,1888.67000,1891.74000,0.0000,0.0000,307.0,307.00,3.29,"",0,00:00:35:51,,,,,,,,,,,,
,85243729,10/05/2020 09:32,10/05/2020 10:07,XAUUSD,Buy,0.500,1890.34000,0.00000,1893.64000,1890.12000,0.0000,0.0000,-352.0,-176.00,-1.85,"[sl]",0,00:00:35:20,,,,,,,,,,,,
,85242242,10/05/2020 09:04,10/05/2020 10:07,XAUUSD,Buy,0.500,1887.80000,0.00000,1892.53000,1890.12000,0.0000,0.0000,-241.0,-120.50,-1.25,"[sl]",0,00:01:03:16,,,,,,,,,,,,
,85242048,10/05/2020 09:02,10/05/2020 10:07,XAUUSD,Buy,1.000,1887.90000,0.00000,1892.30000,1890.12000,0.0000,0.0000,-218.0,-218.00,-2.21,"[sl]",0,00:01:05:41,,,,,,,,,,,,
,85241523,10/05/2020 08:48,10/05/2020 09:01,XAUUSD,Buy,0.300,1891.34000,0.00000,1894.20000,1891.40000,0.0000,0.0000,-280.0,-84.00,-0.85,"[sl]",0,00:00:12:11,,,,,,,,,,,,
,85240851,10/05/2020 08:28,10/05/2020 09:01,XAUUSD,Buy,0.500,1891.34000,0.00000,1894.03000,1891.40000,0.0000,0.0000,-263.0,-131.50,-1.31,"[sl]",0,00:00:33:03,,,,,,,,,,,,
,85200679,10/02/2020 15:32,10/02/2020 16:10,XAUUSD,Sell,0.100,0.00000,0.00000,1908.50000,1906.54000,0.0000,0.0000,196.0,19.60,0.20,"from #85200189",0,00:00:37:16,,,,,,,,,,,,
,85203694,10/02/2020 16:04,10/02/2020 16:10,XAUUSD,Sell,0.100,0.00000,0.00000,1908.62000,1906.73000,0.0000,0.0000,189.0,18.90,0.19,"",0,00:00:06:10,,,,,,,,,,,,
,85200189,10/02/2020 15:32,10/02/2020 15:36,XAUUSD,Sell,0.100,0.00000,0.00000,1908.50000,1907.52000,0.0000,0.0000,98.0,9.80,0.10,"to #85200679",0,00:00:03:44,,,,,,,,,,,,
,85193336,10/02/2020 13:47,10/02/2020 14:11,XAUUSD,Sell,0.200,0.00000,0.00000,1907.71000,1907.43000,0.0000,0.0000,28.0,5.60,0.06,"",0,00:00:23:24,,,,,,,,,,,,
,85190580,10/02/2020 12:58,10/02/2020 12:59,XAUUSD,Sell,0.300,1913.50000,0.00000,1907.74000,1907.60000,0.0000,0.0000,14.0,4.20,0.04,"",0,00:00:00:32,,,,,,,,,,,,
,85179838,10/02/2020 10:38,,,Withdrawal,0.010,0.00000,0.00000,0.00000,0.00000,0.0000,0.0000,0.0,-500.00,0,"Transfer to 10189649 #9213533",0,00:00:00:00,,,,,,,,,,,,
,85179688,10/02/2020 10:38,,,Withdrawal,0.010,0.00000,0.00000,0.00000,0.00000,0.0000,0.0000,0.0,-500.00,0,"Transfer to 10189649 #9213517",0,00:00:00:00,,,,,,,,,,,,
,85174313,10/02/2020 10:06,10/02/2020 10:18,XAUUSD,Sell,0.500,0.00000,0.00000,1913.05000,1912.08000,0.0000,0.0000,97.0,48.50,0.44,"",0,00:00:11:47,,,,,,,,,,,,
,85175100,10/02/2020 10:10,10/02/2020 10:18,XAUUSD,Sell,0.300,0.00000,0.00000,1914.11000,1912.09000,0.0000,0.0000,202.0,60.60,0.56,"",0,00:00:07:59,,,,,,,,,,,,
,85171303,10/02/2020 09:38,10/02/2020 09:53,XAUUSD,Sell,0.100,0.00000,0.00000,1913.96000,1912.57000,0.0000,0.0000,139.0,13.90,0.13,"",0,00:00:15:48,,,,,,,,,,,,
,85172396,10/02/2020 09:50,10/02/2020 09:53,XAUUSD,Sell,0.500,1917.80000,0.00000,1914.11000,1912.33000,0.0000,0.0000,178.0,89.00,0.82,"",0,00:00:02:49,,,,,,,,,,,,
,85172161,10/02/2020 09:47,10/02/2020 09:53,XAUUSD,Sell,0.100,0.00000,0.00000,1915.15000,1912.33000,0.0000,0.0000,282.0,28.20,0.26,"",0,00:00:05:32,,,,,,,,,,,,
,85160939,10/02/2020 07:58,10/02/2020 08:16,XAUUSD,Buy,0.200,0.00000,0.00000,1892.05000,1898.96000,0.0000,0.0000,691.0,138.20,1.30,"",0,00:00:17:54,,,,,,,,,,,,
,85160836,10/02/2020 07:57,10/02/2020 08:16,XAUUSD,Buy,0.200,0.00000,0.00000,1892.52000,1899.12000,0.0000,0.0000,660.0,132.00,1.26,"",0,00:00:18:59,,,,,,,,,,,,
,85161484,10/02/2020 08:00,10/02/2020 08:16,XAUUSD,Buy,0.500,1893.98000,0.00000,1891.72000,1899.18000,0.0000,0.0000,746.0,373.00,3.69,"",0,00:00:15:51,,,,,,,,,,,,
,85161777,10/02/2020 08:02,10/02/2020 08:16,XAUUSD,Buy,0.500,1893.98000,0.00000,1891.30000,1898.86000,0.0000,0.0000,756.0,378.00,3.88,"",0,00:00:13:57,,,,,,,,,,,,
,85160125,10/02/2020 07:47,10/02/2020 08:12,XAUUSD,Buy,0.200,0.00000,0.00000,1895.41000,1896.07000,0.0000,0.0000,66.0,13.20,0.14,"",0,00:00:25:34,,,,,,,,,,,,
,85159918,10/02/2020 07:38,10/02/2020 08:12,XAUUSD,Buy,0.400,0.00000,0.00000,1895.75000,1896.46000,0.0000,0.0000,71.0,28.40,0.29,"",0,00:00:34:05,,,,,,,,,,,,
,85158936,10/02/2020 06:53,10/02/2020 08:12,XAUUSD,Buy,0.400,0.00000,0.00000,1895.32000,1896.37000,0.0000,0.0000,105.0,42.00,0.44,"",0,00:01:19:26,,,,,,,,,,,,
,85160767,10/02/2020 07:56,10/02/2020 08:12,XAUUSD,Buy,0.400,0.00000,0.00000,1892.57000,1896.42000,0.0000,0.0000,385.0,154.00,1.62,"",0,00:00:16:13,,,,,,,,,,,,
,85150805,10/01/2020 21:47,,,Withdrawal,0.010,0.00000,0.00000,0.00000,0.00000,0.0000,0.0000,0.0,-740.00,0,"Transfer to 10189649 #9209565",0,00:00:00:00,,,,,,,,,,,,
,85137401,10/01/2020 17:42,10/01/2020 17:49,XAUUSD,Buy,0.200,0.00000,0.00000,1902.02000,1903.11000,0.0000,0.0000,109.0,21.80,0.21,"",0,00:00:07:04,,,,,,,,,,,,
,85137576,10/01/2020 17:44,10/01/2020 17:49,XAUUSD,Buy,0.100,0.00000,0.00000,1901.20000,1903.09000,0.0000,0.0000,189.0,18.90,0.19,"",0,00:00:04:58,,,,,,,,,,,,
,85115057,10/01/2020 14:00,10/01/2020 14:17,XAUUSD,Buy,0.300,0.00000,0.00000,1896.97000,1899.12000,0.0000,0.0000,215.0,64.50,0.64,"",0,00:00:16:55,,,,,,,,,,,,
,85114725,10/01/2020 13:55,10/01/2020 14:16,XAUUSD,Buy,0.150,0.00000,0.00000,1896.94000,1898.93000,0.0000,0.0000,199.0,29.85,0.30,"",0,00:00:21:02,,,,,,,,,,,,
,85114838,10/01/2020 13:57,10/01/2020 14:16,XAUUSD,Buy,0.500,0.00000,0.00000,1897.24000,1898.89000,0.0000,0.0000,165.0,82.50,0.82,"",0,00:00:19:08,,,,,,,,,,,,
,85114806,10/01/2020 13:56,10/01/2020 14:16,XAUUSD,Buy,0.500,0.00000,0.00000,1897.09000,1898.97000,0.0000,0.0000,188.0,94.00,0.95,"",0,00:00:20:05,,,,,,,,,,,,
,85108219,10/01/2020 12:07,10/01/2020 12:08,XAUUSD,Buy,0.150,0.00000,0.00000,1895.43000,1895.65000,0.0000,0.0000,22.0,3.30,0.03,"",0,00:00:00:52,,,,,,,,,,,,
,85085267,10/01/2020 07:10,,,Withdrawal,0.010,0.00000,0.00000,0.00000,0.00000,0.0000,0.0000,0.0,-20000.00,0,"Transfer to 10189649 #9200407",0,00:00:00:00,,,,,,,,,,,,
,85084422,09/30/2020 21:38,10/01/2020 06:45,XAUUSD,Buy,2.000,1.00000,0.00000,1893.41000,1892.25000,0.0000,-86.1600,-116.0,-318.16,-1.05,"from #85071052",0,00:09:07:45,11.2,1h 1m,832.0,8.67,96.0,192.0,-832.0,-1664.0,10.3,77.2,-212.00,-424.00
,85072730,09/30/2020 22:06,10/01/2020 06:45,XAUUSD,Buy,2.000,0.00000,0.00000,1889.53000,1892.22000,0.0000,-86.1600,269.0,451.84,1.52,"",0,00:08:38:51,50.0,4h 19m,444.0,0.92,484.0,968.0,-444.0,-888.0,52.2,76.8,-215.00,-430.00
,85071052,09/30/2020 21:38,10/01/2020 06:27,XAUUSD,Buy,3.000,1.00000,0.00000,1893.41000,1891.83000,0.0000,-129.2400,-158.0,-603.24,-1.98,"to #85084422",0,00:08:49:37,11.2,59m,832.0,8.67,96.0,288.0,-832.0,-2496.0,10.3,72.6,-254.00,-762.00
,85072972,09/30/2020 22:12,10/01/2020 06:27,XAUUSD,Buy,3.000,0.00000,0.00000,1889.82000,1891.82000,0.0000,-129.2400,200.0,470.76,1.57,"",0,00:08:15:10,50.0,4h 7m,473.0,1.04,455.0,1365.0,-473.0,-1419.0,49.0,72.5,-255.00,-765.00
,85071247,09/30/2020 21:40,10/01/2020 05:58,XAUUSD,Buy,2.000,188.00000,0.00000,1892.67000,1892.11000,0.0000,-86.1600,-56.0,-198.16,-0.66,"",0,00:08:17:45,0.0,0s,758.0,769.23,0.0,0.0,-758.0,-1516.0,0.0,92.6,-56.00,-112.00
,85072054,09/30/2020 21:54,10/01/2020 05:58,XAUUSD,Buy,2.000,0.00000,0.00000,1889.50000,1892.07000,0.0000,-86.1600,257.0,427.84,1.44,"",0,00:08:04:28,37.5,3h 1m,441.0,1.52,291.0,582.0,-441.0,-882.0,39.8,95.4,-34.00,-68.00
,85071156,09/30/2020 21:39,10/01/2020 05:56,XAUUSD,Buy,2.000,18.00000,0.00000,1892.41000,1891.76000,0.0000,-86.1600,-65.0,-216.16,-0.72,"",0,00:08:16:48,0.0,0s,732.0,769.23,0.0,0.0,-732.0,-1464.0,0.0,91.1,-65.00,-130.00
,85071914,09/30/2020 21:51,10/01/2020 05:56,XAUUSD,Buy,2.000,0.00000,0.00000,1889.30000,1891.65000,0.0000,-86.1600,235.0,383.84,1.30,"",0,00:08:05:14,37.5,3h 1m,421.0,1.35,311.0,622.0,-421.0,-842.0,42.5,89.6,-76.00,-152.00
,85071887,09/30/2020 21:50,10/01/2020 05:37,XAUUSD,Buy,5.000,0.00000,0.00000,1888.92000,1891.28000,0.0000,-215.4000,236.0,964.60,3.38,"",0,00:07:46:16,37.5,2h 54m,383.0,1.10,349.0,1745.0,-383.0,-1915.0,47.7,84.6,-113.00,-565.00
,85073645,09/30/2020 22:25,10/01/2020 05:26,XAUUSD,Buy,3.000,0.00000,0.00000,1886.90000,1889.95000,0.0000,-129.2400,305.0,785.76,2.83,"",0,00:07:01:00,85.8,6h 1m,369.0,0.33,551.0,1653.0,-181.0,-543.0,75.3,66.4,-246.00,-738.00
,85079369,10/01/2020 03:36,,,Deposit,0.010,0.00000,0.00000,0.00000,0.00000,0.0000,0.0000,0.0,14.92,0,"VIP Rebate",0,00:00:00:00,,,,,,,,,,,,
,85079368,10/01/2020 03:36,,,Deposit,0.010,0.00000,0.00000,0.00000,0.00000,0.0000,0.0000,0.0,54.20,0,"Rebate",0,00:00:00:00,,,,,,,,,,,,
,85078850,10/01/2020 02:50,,,Deposit,0.010,0.00000,0.00000,0.00000,0.00000,0.0000,0.0000,0.0,8.33,0,"IR #63",0,00:00:00:00,,,,,,,,,,,,
,85078081,10/01/2020 02:48,,,Deposit,0.010,0.00000,0.00000,0.00000,0.00000,0.0000,0.0000,0.0,2.50,0,"IR #63 VIP",0,00:00:00:00,,,,,,,,,,,,
,85075817,10/01/2020 00:01,,,Deposit,0.010,0.00000,0.00000,0.00000,0.00000,0.0000,0.0000,0.0,3500.00,0,"Transfer from 10189649 #9198897",0,00:00:00:00,,,,,,,,,,,,
,85075379,09/30/2020 23:26,,,Deposit,0.010,0.00000,0.00000,0.00000,0.00000,0.0000,0.0000,0.0,3500.00,0,"Transfer from 10189649 #9198671",0,00:00:00:00,,,,,,,,,,,,
,85073341,09/30/2020 22:18,,,Deposit,0.010,0.00000,0.00000,0.00000,0.00000,0.0000,0.0000,0.0,5000.00,0,"Transfer from 10189649 #9198223",0,00:00:00:00,,,,,,,,,,,,
,85072727,09/30/2020 22:06,,,Deposit,0.010,0.00000,0.00000,0.00000,0.00000,0.0000,0.0000,0.0,4500.00,0,"Transfer from 21065283 #9198149",0,00:00:00:00,,,,,,,,,,,,
,85064410,09/30/2020 19:27,09/30/2020 19:40,XAUUSD,Buy,1.000,0.00000,0.00000,1895.54000,1897.25000,0.0000,0.0000,171.0,171.00,1.55,"",0,00:00:12:21,,,,,,,,,,,,
,85061922,09/30/2020 18:50,,,Withdrawal,0.010,0.00000,0.00000,0.00000,0.00000,0.0000,0.0000,0.0,-24000.00,0,"Transfer to 10189649 #9196313",0,00:00:00:00,,,,,,,,,,,,
,85053646,09/30/2020 17:33,09/30/2020 18:40,XAUUSD,Buy,2.000,1897.70000,0.00000,1886.74000,1897.79000,0.0000,0.0000,1105.0,2210.00,6.73,"[sl]",0,00:01:06:47,,,,,,,,,,,,
,85054110,09/30/2020 17:39,09/30/2020 18:28,XAUUSD,Buy,3.000,1897.70000,0.00000,1886.25000,1900.96000,0.0000,0.0000,1471.0,4413.00,15.54,"",0,00:00:49:40,,,,,,,,,,,,
,85053663,09/30/2020 17:33,09/30/2020 18:21,XAUUSD,Buy,5.000,1897.89000,0.00000,1886.74000,1900.81000,0.0000,0.0000,1407.0,7035.00,32.92,"",0,00:00:47:33,,,,,,,,,,,,
,85053432,09/30/2020 17:31,09/30/2020 18:16,XAUUSD,Buy,3.000,1891.30000,0.00000,1886.60000,1900.23000,0.0000,0.0000,1363.0,4089.00,23.66,"",0,00:00:44:58,,,,,,,,,,,,
,85049797,09/30/2020 17:04,09/30/2020 18:09,XAUUSD,Buy,1.500,1889.80000,0.00000,1884.86000,1895.87000,0.0000,0.0000,1101.0,1651.50,10.57,"",0,00:01:05:15,,,,,,,,,,,,
,85050775,09/30/2020 17:12,09/30/2020 17:31,XAUUSD,Buy,2.000,1886.39000,0.00000,1886.31000,1886.40000,0.0000,0.0000,9.0,18.00,0.12,"[sl]",0,00:00:18:12,,,,,,,,,,,,
,85050642,09/30/2020 17:11,09/30/2020 17:31,XAUUSD,Buy,2.000,1886.39000,0.00000,1886.91000,1886.40000,0.0000,0.0000,-51.0,-102.00,-0.65,"[sl]",0,00:00:19:23,,,,,,,,,,,,
,85049917,09/30/2020 17:05,09/30/2020 17:31,XAUUSD,Buy,4.000,1886.39000,0.00000,1885.16000,1886.40000,0.0000,0.0000,124.0,496.00,3.26,"[sl]",0,00:00:25:07,,,,,,,,,,,,
,85049739,09/30/2020 17:04,09/30/2020 17:31,XAUUSD,Buy,1.500,1886.39000,0.00000,1884.90000,1886.40000,0.0000,0.0000,150.0,225.00,1.50,"[sl]",0,00:00:26:59,,,,,,,,,,,,
,85049481,09/30/2020 17:01,09/30/2020 17:31,XAUUSD,Buy,1.500,1886.39000,0.00000,1886.37000,1886.40000,0.0000,0.0000,3.0,4.50,0.03,"[sl]",0,00:00:29:21,,,,,,,,,,,,
,85037805,09/30/2020 14:43,09/30/2020 15:38,XAUUSD,Buy,0.500,1886.38000,0.00000,1885.44000,1887.61000,0.0000,0.0000,217.0,108.50,0.73,"",0,00:00:55:39,,,,,,,,,,,,
,85037752,09/30/2020 14:41,09/30/2020 15:37,XAUUSD,Buy,1.000,1886.38000,0.00000,1885.89000,1888.35000,0.0000,0.0000,246.0,246.00,1.68,"",0,00:00:55:43,,,,,,,,,,,,
,85038206,09/30/2020 14:49,09/30/2020 15:37,XAUUSD,Buy,1.000,1886.38000,0.00000,1885.08000,1888.51000,0.0000,0.0000,343.0,343.00,2.40,"",0,00:00:47:48,,,,,,,,,,,,
,85038316,09/30/2020 14:52,09/30/2020 15:36,XAUUSD,Buy,1.000,1886.38000,0.00000,1884.73000,1888.45000,0.0000,0.0000,372.0,372.00,2.67,"",0,00:00:44:16,,,,,,,,,,,,
,85038044,09/30/2020 14:45,09/30/2020 15:36,XAUUSD,Buy,1.000,1886.38000,0.00000,1884.97000,1887.65000,0.0000,0.0000,268.0,268.00,1.96,"",0,00:00:50:28,,,,,,,,,,,,
,85037845,09/30/2020 14:43,09/30/2020 15:36,XAUUSD,Buy,1.000,1886.38000,0.00000,1885.37000,1887.47000,0.0000,0.0000,210.0,210.00,1.56,"",0,00:00:52:40,,,,,,,,,,,,
,85039787,09/30/2020 15:17,09/30/2020 15:36,XAUUSD,Buy,3.000,1886.38000,0.00000,1884.98000,1887.47000,0.0000,0.0000,249.0,747.00,5.89,"",0,00:00:19:02,,,,,,,,,,,,
,85039991,09/30/2020 15:20,09/30/2020 15:29,XAUUSD,Buy,5.000,1881.70000,0.00000,1883.94000,1886.94000,0.0000,0.0000,300.0,1500.00,13.40,"",0,00:00:09:18,,,,,,,,,,,,
,85039791,09/30/2020 15:17,09/30/2020 15:20,XAUUSD,Buy,3.000,1883.40000,0.00000,1885.26000,1883.34000,0.0000,0.0000,-192.0,-576.00,-4.89,"[sl]",0,00:00:02:53,,,,,,,,,,,,
,85039173,09/30/2020 15:06,09/30/2020 15:16,XAUUSD,Buy,1.500,1883.78000,0.00000,1882.46000,1883.74000,0.0000,0.0000,128.0,192.00,1.66,"[sl]",0,00:00:09:56,,,,,,,,,,,,
,85038529,09/30/2020 14:57,09/30/2020 15:16,XAUUSD,Buy,2.000,1883.78000,0.00000,1883.68000,1883.74000,0.0000,0.0000,6.0,12.00,0.10,"[sl]",0,00:00:18:31,,,,,,,,,,,,
,85039238,09/30/2020 15:07,09/30/2020 15:13,XAUUSD,Buy,1.500,1880.34000,0.00000,1882.53000,1884.42000,0.0000,0.0000,189.0,283.50,2.51,"",0,00:00:05:49,,,,,,,,,,,,
,85037783,09/30/2020 14:42,09/30/2020 15:04,XAUUSD,Buy,0.500,1882.34000,0.00000,1885.66000,1882.04000,0.0000,0.0000,-362.0,-181.00,-1.58,"[sl]",0,00:00:22:31,,,,,,,,,,,,
,85037772,09/30/2020 14:42,09/30/2020 15:04,XAUUSD,Buy,0.500,1882.24000,0.00000,1885.66000,1881.97000,0.0000,0.0000,-369.0,-184.50,-1.58,"[sl]",0,00:00:22:36,,,,,,,,,,,,
,85033409,09/30/2020 13:24,09/30/2020 13:46,XAUUSD,Buy,0.500,1878.40000,0.00000,1884.61000,1886.57000,0.0000,0.0000,196.0,98.00,0.85,"",0,00:00:22:09,,,,,,,,,,,,
,85032889,09/30/2020 13:13,09/30/2020 13:46,XAUUSD,Buy,0.500,1882.14000,0.00000,1884.47000,1886.41000,0.0000,0.0000,194.0,97.00,0.85,"",0,00:00:32:51,,,,,,,,,,,,
,85032750,09/30/2020 13:11,09/30/2020 13:46,XAUUSD,Buy,0.500,1881.89000,0.00000,1884.41000,1886.41000,0.0000,0.0000,200.0,100.00,0.88,"",0,00:00:34:35,,,,,,,,,,,,
,85032711,09/30/2020 13:11,09/30/2020 13:46,XAUUSD,Buy,0.500,1881.23000,0.00000,1884.35000,1886.64000,0.0000,0.0000,229.0,114.50,1.02,"",0,00:00:34:55,,,,,,,,,,,,
,85032411,09/30/2020 13:08,09/30/2020 13:46,XAUUSD,Buy,0.500,1879.40000,0.00000,1883.53000,1886.50000,0.0000,0.0000,297.0,148.50,1.34,"",0,00:00:38:06,,,,,,,,,,,,
,85030233,09/30/2020 12:33,09/30/2020 13:46,XAUUSD,Buy,0.500,1879.40000,0.00000,1883.69000,1886.40000,0.0000,0.0000,271.0,135.50,1.24,"",0,00:01:12:28,,,,,,,,,,,,
,85030129,09/30/2020 12:32,09/30/2020 13:45,XAUUSD,Buy,0.500,1878.40000,0.00000,1883.77000,1886.36000,0.0000,0.0000,259.0,129.50,1.20,"",0,00:01:13:54,,,,,,,,,,,,
,85034163,09/30/2020 13:35,09/30/2020 13:45,XAUUSD,Buy,2.000,1882.34000,0.00000,1885.11000,1886.14000,0.0000,0.0000,103.0,206.00,1.94,"",0,00:00:10:15,,,,,,,,,,,,
,85025700,09/30/2020 11:42,,,Withdrawal,0.010,0.00000,0.00000,0.00000,0.00000,0.0000,0.0000,0.0,-6279.00,0,"Transfer to 10189649 #9191989",0,00:00:00:00,,,,,,,,,,,,
,85008104,09/30/2020 08:10,09/30/2020 09:06,XAUUSD,Sell,0.500,1894.30000,0.00000,1891.47000,1889.30000,0.0000,0.0000,217.0,108.50,0.65,"",0,00:00:55:17,,,,,,,,,,,,
,85008031,09/30/2020 08:09,09/30/2020 08:54,XAUUSD,Sell,0.500,1894.30000,0.00000,1891.62000,1889.59000,0.0000,0.0000,203.0,101.50,0.61,"",0,00:00:44:56,,,,,,,,,,,,
,84991617,09/29/2020 19:40,09/30/2020 07:33,XAUUSD,Sell,0.300,0.00000,0.00000,1893.65000,1889.81000,0.0000,0.9900,384.0,116.19,0.70,"",0,00:11:52:16,41.7,4h 57m,505.0,0.83,605.0,181.5,-505.0,-151.5,54.5,80.1,-221.00,-66.30
,84991937,09/29/2020 19:47,09/30/2020 07:33,XAUUSD,Sell,0.300,0.00000,0.00000,1894.69000,1889.81000,0.0000,0.9900,488.0,147.39,0.90,"",0,00:11:45:23,50.0,5h 52m,401.0,0.57,709.0,212.7,-401.0,-120.3,63.9,80.1,-221.00,-66.30
,84991974,09/29/2020 19:48,09/30/2020 07:33,XAUUSD,Sell,0.300,0.00000,0.00000,1894.90000,1889.81000,0.0000,0.9900,509.0,153.69,0.94,"",0,00:11:44:53,58.4,6h 51m,380.0,0.52,730.0,219.0,-380.0,-114.0,65.8,80.1,-221.00,-66.30
,84992064,09/29/2020 19:49,09/30/2020 04:35,XAUUSD,Sell,1.000,1901.50000,1885.80000,1894.59000,1895.76000,0.0000,3.3000,-117.0,-113.70,-0.69,"",0,00:08:45:16,22.3,1h 57m,411.0,2.06,200.0,200.0,-411.0,-411.0,32.7,48.1,-317.00,-317.00
,84998263,09/29/2020 22:52,09/30/2020 04:35,XAUUSD,Sell,0.500,0.00000,1885.80000,1897.22000,1895.26000,0.0000,1.6500,196.0,99.65,0.61,"",0,00:05:42:30,83.4,4h 45m,267.0,0.32,463.0,231.5,-148.0,-74.0,75.8,56.3,-267.00,-133.50
,84998299,09/29/2020 22:53,09/30/2020 04:35,XAUUSD,Sell,0.500,0.00000,1885.80000,1896.95000,1895.41000,0.0000,1.6500,154.0,78.65,0.49,"",0,00:05:41:20,83.4,4h 44m,282.0,0.40,436.0,218.0,-175.0,-87.5,71.4,53.8,-282.00,-141.00
,84993661,09/29/2020 20:18,09/29/2020 22:17,XAUUSD,Sell,0.500,1901.50000,0.00000,1896.36000,1895.31000,0.0000,0.0000,105.0,52.50,0.33,"",0,00:01:58:53,,,,,,,,,,,,
,84993680,09/29/2020 20:19,09/29/2020 22:17,XAUUSD,Sell,0.500,1901.50000,0.00000,1896.23000,1895.31000,0.0000,0.0000,92.0,46.00,0.29,"",0,00:01:58:28,,,,,,,,,,,,
,84992469,09/29/2020 19:57,09/29/2020 22:15,XAUUSD,Sell,1.000,1901.50000,0.00000,1895.46000,1895.21000,0.0000,0.0000,25.0,25.00,0.16,"",0,00:02:17:23,,,,,,,,,,,,
,84993949,09/29/2020 20:26,09/29/2020 22:15,XAUUSD,Sell,1.500,1902.50000,0.00000,1897.71000,1895.20000,0.0000,0.0000,251.0,376.50,2.40,"",0,00:01:48:18,,,,,,,,,,,,
,84988306,09/29/2020 18:41,,,Deposit,0.010,0.00000,0.00000,0.00000,0.00000,0.0000,0.0000,0.0,57.38,0,"copyfx deposit #1700557",0,00:00:00:00,,,,,,,,,,,,
,84980899,09/29/2020 17:21,09/29/2020 17:39,XAUUSD,Sell,0.300,0.00000,0.00000,1889.27000,1887.73000,0.0000,0.0000,154.0,46.20,0.30,"",0,00:00:17:46,,,,,,,,,,,,
,84980909,09/29/2020 17:21,09/29/2020 17:37,XAUUSD,Sell,0.500,1895.40000,0.00000,1889.18000,1887.17000,0.0000,0.0000,201.0,100.50,0.65,"",0,00:00:16:15,,,,,,,,,,,,
,84979904,09/29/2020 17:09,09/29/2020 17:37,XAUUSD,Sell,0.300,0.00000,0.00000,1887.77000,1887.40000,0.0000,0.0000,37.0,11.10,0.07,"",0,00:00:28:18,,,,,,,,,,,,
,84981301,09/29/2020 17:24,09/29/2020 17:37,XAUUSD,Sell,0.500,1895.30000,0.00000,1890.78000,1887.31000,0.0000,0.0000,347.0,173.50,1.13,"",0,00:00:13:29,,,,,,,,,,,,
,84981349,09/29/2020 17:24,09/29/2020 17:37,XAUUSD,Sell,0.500,0.00000,0.00000,1890.70000,1887.37000,0.0000,0.0000,333.0,166.50,1.10,"",0,00:00:12:45,,,,,,,,,,,,
,84981443,09/29/2020 17:25,09/29/2020 17:37,XAUUSD,Sell,0.500,1895.63000,0.00000,1890.99000,1887.50000,0.0000,0.0000,349.0,174.50,1.17,"",0,00:00:11:55,,,,,,,,,,,,
,84982049,09/29/2020 17:29,,,Withdrawal,0.010,0.00000,0.00000,0.00000,0.00000,0.0000,0.0000,0.0,-3000.00,0,"Transfer to 21062803 #9185389",0,00:00:00:00,,,,,,,,,,,,
,84981437,09/29/2020 17:25,,,Withdrawal,0.010,0.00000,0.00000,0.00000,0.00000,0.0000,0.0000,0.0,-3000.00,0,"Transfer to 21062803 #9185336",0,00:00:00:00,,,,,,,,,,,,
,84976078,09/29/2020 16:34,09/29/2020 16:44,XAUUSD,Sell,0.500,0.00000,0.00000,1887.16000,1886.98000,0.0000,0.0000,18.0,9.00,0.04,"",0,00:00:09:36,,,,,,,,,,,,
,84976272,09/29/2020 16:36,09/29/2020 16:44,XAUUSD,Sell,0.500,0.00000,0.00000,1887.52000,1886.85000,0.0000,0.0000,67.0,33.50,0.16,"",0,00:00:07:36,,,,,,,,,,,,
,84930679,09/28/2020 19:46,09/29/2020 15:42,XAUUSD,Sell,0.500,18865.00000,0.00000,1875.27000,1878.71000,0.0000,1.6500,-344.0,-170.35,-0.81,"",0,00:19:55:21,0.0,0s,1153.0,1250.00,0.0,0.0,-1153.0,-576.5,0.0,70.2,-344.00,-172.00
,84945528,09/29/2020 08:47,09/29/2020 15:42,XAUUSD,Sell,0.500,0.00000,0.00000,1878.30000,1878.70000,0.0000,0.0000,-40.0,-20.00,-0.09,"",0,00:06:54:17,0.0,0s,850.0,909.09,0.0,0.0,-850.0,-425.0,0.0,95.3,-40.00,-20.00
,84931377,09/28/2020 20:07,09/29/2020 15:41,XAUUSD,Sell,1.000,0.00000,0.00000,1876.16000,1878.41000,0.0000,3.3000,-225.0,-221.70,-1.04,"",0,00:19:34:08,0.0,0s,1064.0,1111.11,0.0,0.0,-1064.0,-1064.0,0.0,78.9,-225.00,-225.00
,84955910,09/29/2020 11:21,09/29/2020 15:41,XAUUSD,Sell,0.500,0.00000,0.00000,1881.98000,1878.61000,0.0000,0.0000,337.0,168.50,0.80,"",0,00:04:19:49,25.0,1h 4m,482.0,1.43,337.0,168.5,-482.0,-241.0,41.1,100.0,0.00,0.00
,84947032,09/29/2020 09:28,09/29/2020 15:39,XAUUSD,Sell,1.500,0.00000,0.00000,1880.68000,1880.90000,0.0000,0.0000,-22.0,-33.00,-0.16,"",0,00:06:11:38,0.0,0s,612.0,625.00,0.0,0.0,-612.0,-918.0,0.0,96.4,-22.00,-33.00
,84966582,09/29/2020 14:07,09/29/2020 15:37,XAUUSD,Sell,2.000,1891.50000,0.00000,1887.52000,1882.77000,0.0000,0.0000,475.0,950.00,4.69,"",0,00:01:30:40,,,,,,,,,,,,
,84945314,09/29/2020 08:41,09/29/2020 15:04,XAUUSD,Sell,0.500,0.00000,0.00000,1878.46000,1882.92000,0.0000,0.0000,-446.0,-223.00,-1.09,"",0,00:06:22:45,0.0,0s,834.0,909.09,0.0,0.0,-834.0,-417.0,0.0,46.5,-446.00,-223.00
,84967208,09/29/2020 14:12,09/29/2020 15:04,XAUUSD,Sell,1.500,1895.50000,0.00000,1887.85000,1882.90000,0.0000,0.0000,495.0,742.50,3.76,"",0,00:00:51:23,,,,,,,,,,,,
,84959228,09/29/2020 12:08,09/29/2020 15:01,XAUUSD,Sell,1.000,1893.50000,0.00000,1884.65000,1884.42000,0.0000,0.0000,23.0,23.00,0.12,"",0,00:02:52:27,,,,,,,,,,,,
,84968000,09/29/2020 14:24,09/29/2020 15:01,XAUUSD,Sell,1.500,1891.80000,0.00000,1889.18000,1884.56000,0.0000,0.0000,462.0,693.00,3.64,"",0,00:00:36:37,,,,,,,,,,,,
,84967980,09/29/2020 14:24,,,Withdrawal,0.010,0.00000,0.00000,0.00000,0.00000,0.0000,0.0000,0.0,-3000.00,0,"Transfer to 21065283 #9183452",0,00:00:00:00,,,,,,,,,,,,
,84962796,09/29/2020 13:03,09/29/2020 14:05,XAUUSD,Sell,1.000,1887.70000,0.00000,1885.06000,1887.61000,0.0000,0.0000,-255.0,-255.00,-1.14,"[sl]",0,00:01:01:58,,,,,,,,,,,,
,84948301,09/29/2020 09:55,09/29/2020 10:23,XAUUSD,Sell,1.000,0.00000,0.00000,1882.55000,1880.69000,0.0000,0.0000,186.0,186.00,0.84,"",0,00:00:28:02,,,,,,,,,,,,
,84948437,09/29/2020 09:57,09/29/2020 10:18,XAUUSD,Sell,0.500,0.00000,0.00000,1883.16000,1879.84000,0.0000,0.0000,332.0,166.00,0.76,"",0,00:00:20:40,,,,,,,,,,,,
,84949160,09/29/2020 10:01,09/29/2020 10:18,XAUUSD,Sell,0.500,0.00000,0.00000,1882.66000,1879.99000,0.0000,0.0000,267.0,133.50,0.61,"",0,00:00:16:37,,,,,,,,,,,,
,84931958,09/28/2020 20:24,09/29/2020 08:32,XAUUSD,Sell,1.000,1889.80000,1873.00000,1877.44000,1877.05000,0.0000,3.3000,39.0,42.30,0.19,"",0,00:12:07:58,8.4,1h 1m,731.0,18.76,39.0,39.0,-731.0,-731.0,5.1,100.0,0.00,0.00
,84934074,09/28/2020 21:35,09/29/2020 08:32,XAUUSD,Sell,1.500,0.00000,1874.50000,1879.40000,1877.17000,0.0000,4.9600,223.0,339.46,1.59,"",0,00:10:56:44,18.2,1h 59m,536.0,2.40,223.0,334.5,-535.0,-802.5,29.4,100.0,0.00,0.00
,84936314,09/28/2020 22:54,09/29/2020 08:32,XAUUSD,Sell,1.000,0.00000,0.00000,1880.28000,1877.16000,0.0000,3.3000,312.0,315.30,1.49,"",0,00:09:37:31,20.0,1h 55m,536.0,1.43,312.0,312.0,-447.0,-447.0,41.1,100.0,0.00,0.00
,84936319,09/28/2020 22:55,09/29/2020 08:32,XAUUSD,Sell,1.000,0.00000,1872.00000,1880.71000,1877.08000,0.0000,3.3000,363.0,366.30,1.77,"",0,00:09:36:53,30.0,2h 53m,536.0,1.11,363.0,363.0,-404.0,-404.0,47.3,100.0,0.00,0.00
,84932388,09/28/2020 20:34,09/29/2020 08:22,XAUUSD,Sell,1.000,1888.50000,1873.00000,1878.95000,1878.58000,0.0000,3.3000,37.0,40.30,0.19,"",0,00:11:48:16,16.7,1h 58m,580.0,14.88,39.0,39.0,-580.0,-580.0,6.3,99.7,-2.00,-2.00
,84936756,09/28/2020 23:07,09/29/2020 08:22,XAUUSD,Sell,1.000,0.00000,1872.00000,1882.04000,1878.61000,0.0000,3.3000,343.0,346.30,1.70,"",0,00:09:14:57,33.4,3h 5m,536.0,0.78,348.0,348.0,-271.0,-271.0,56.2,99.2,-5.00,-5.00
,84932990,09/28/2020 20:56,09/29/2020 08:21,XAUUSD,Sell,3.000,188608.00000,1870.00000,1879.16000,1878.46000,0.0000,9.9100,70.0,219.91,1.09,"",0,00:11:25:21,16.7,1h 54m,559.0,7.99,70.0,210.0,-559.0,-1677.0,11.1,100.0,0.00,0.00
,84941588,09/29/2020 05:30,09/29/2020 08:21,XAUUSD,Sell,1.500,0.00000,0.00000,1885.77000,1878.48000,0.0000,0.0000,729.0,1093.50,5.75,"",0,00:02:51:05,,,,,,,,,,,,
,84940698,09/29/2020 04:24,09/29/2020 08:19,XAUUSD,Sell,3.000,0.00000,0.00000,1885.46000,1879.33000,0.0000,0.0000,613.0,1839.00,10.70,"",0,00:03:55:01,,,,,,,,,,,,
,84939760,09/29/2020 03:18,09/29/2020 04:23,XAUUSD,Sell,2.000,1886.50000,1874.50000,1884.88000,1886.07000,0.0000,0.0000,-119.0,-238.00,-1.37,"[sl]",0,00:01:05:03,,,,,,,,,,,,
,84931364,09/28/2020 20:06,09/29/2020 04:23,XAUUSD,Sell,1.000,1886.50000,0.00000,1876.48000,1886.07000,0.0000,3.3000,-959.0,-955.70,-5.20,"[sl]",0,00:08:16:50,0.0,0s,959.0,1000.00,0.0,0.0,-959.0,-959.0,0.0,0.0,-959.00,-959.00
,84939925,09/29/2020 03:31,09/29/2020 04:09,XAUUSD,Sell,1.000,1886.50000,1874.50000,1885.25000,1883.25000,0.0000,0.0000,200.0,200.00,1.10,"",0,00:00:38:38,,,,,,,,,,,,
,84931705,09/28/2020 20:16,09/29/2020 03:27,XAUUSD,Sell,1.000,1886.40000,0.00000,1877.22000,1886.39000,0.0000,3.3000,-917.0,-913.70,-4.78,"[sl]",0,00:07:10:53,0.0,0s,917.0,1000.00,0.0,0.0,-917.0,-917.0,0.0,0.0,-917.00,-917.00
,84931675,09/28/2020 20:15,09/29/2020 03:14,XAUUSD,Sell,1.000,1885.80000,0.00000,1877.38000,1885.55000,0.0000,3.3000,-817.0,-813.70,-4.09,"[sl]",0,00:06:59:00,0.0,0s,817.0,833.33,0.0,0.0,-817.0,-817.0,0.0,0.0,-817.00,-817.00
,84931479,09/28/2020 20:09,09/29/2020 03:14,XAUUSD,Sell,1.000,1885.80000,0.00000,1875.91000,1886.23000,0.0000,3.3000,-1032.0,-1028.70,-4.91,"[sl]",0,00:07:05:23,0.0,0s,1032.0,1111.11,0.0,0.0,-1032.0,-1032.0,0.0,0.0,-1032.00,-1032.00
,84930814,09/28/2020 19:50,09/29/2020 03:14,XAUUSD,Sell,0.500,1885.80000,0.00000,1875.23000,1885.55000,0.0000,1.6500,-1032.0,-514.35,-2.40,"[sl]",0,00:07:24:42,0.0,0s,1032.0,1111.11,0.0,0.0,-1032.0,-516.0,0.0,0.0,-1032.00,-516.00
,84932334,09/28/2020 20:33,09/28/2020 22:33,XAUUSD,Sell,3.000,1888.80000,0.00000,1879.45000,1878.27000,0.0000,0.0000,118.0,354.00,1.68,"",0,00:01:59:59,,,,,,,,,,,,
,84934370,09/28/2020 21:45,09/28/2020 22:32,XAUUSD,Sell,4.000,1885.50000,0.00000,1881.95000,1878.72000,0.0000,0.0000,323.0,1292.00,6.52,"",0,00:00:46:45,,,,,,,,,,,,
,84934223,09/28/2020 21:42,,,Withdrawal,0.010,0.00000,0.00000,0.00000,0.00000,0.0000,0.0000,0.0,-3000.00,0,"Transfer to 21065283 #9178069",0,00:00:00:00,,,,,,,,,,,,
,84928376,09/28/2020 18:54,,,Withdrawal,0.010,0.00000,0.00000,0.00000,0.00000,0.0000,0.0000,0.0,-10000.00,0,"Withdraw LPB-CC-BZ USD #9176781",0,00:00:00:00,,,,,,,,,,,,
,84896701,09/28/2020 11:53,09/28/2020 18:46,XAUUSD,Buy,1.000,1855.48000,0.00000,1853.25000,1871.58000,0.0000,0.0000,1833.0,1833.00,5.92,"",0,00:06:53:15,100.0,6h 53m,294.0,0.00,2127.0,2127.0,0.0,0.0,100.0,86.2,-294.00,-294.00
,84902052,09/28/2020 13:07,09/28/2020 18:46,XAUUSD,Buy,0.500,0.00000,0.00000,1855.00000,1871.50000,0.0000,0.0000,1650.0,825.00,2.74,"",0,00:05:38:28,100.0,5h 38m,302.0,0.00,1952.0,976.0,0.0,0.0,100.0,84.5,-302.00,-151.00
,84896814,09/28/2020 11:54,09/28/2020 18:46,XAUUSD,Buy,1.000,1855.48000,0.00000,1853.16000,1871.68000,0.0000,0.0000,1852.0,1852.00,6.54,"",0,00:06:52:03,100.0,6h 52m,284.0,0.00,2136.0,2136.0,0.0,0.0,100.0,86.7,-284.00,-284.00
,84896709,09/28/2020 11:53,09/28/2020 18:46,XAUUSD,Buy,1.000,1855.48000,0.00000,1853.40000,1871.54000,0.0000,0.0000,1814.0,1814.00,6.85,"",0,00:06:52:52,100.0,6h 52m,298.0,0.00,2112.0,2112.0,0.0,0.0,100.0,85.9,-298.00,-298.00
,84920746,09/28/2020 17:09,09/28/2020 18:46,XAUUSD,Buy,0.500,0.00000,0.00000,1867.32000,1871.69000,0.0000,0.0000,437.0,218.50,0.83,"",0,00:01:36:36,,,,,,,,,,,,
,84923412,09/28/2020 17:47,09/28/2020 18:46,XAUUSD,Buy,0.500,0.00000,0.00000,1866.69000,1871.81000,0.0000,0.0000,512.0,256.00,0.98,"",0,00:00:58:47,,,,,,,,,,,,
,84895568,09/28/2020 11:41,09/28/2020 18:44,XAUUSD,Buy,3.000,1862.38000,0.00000,1857.39000,1871.72000,0.0000,0.0000,1433.0,4299.00,19.80,"",0,00:07:03:15,100.0,7h 3m,280.0,0.00,1713.0,5139.0,0.0,0.0,100.0,83.7,-280.00,-840.00
,84919961,09/28/2020 16:59,09/28/2020 18:44,XAUUSD,Buy,0.500,0.00000,0.00000,1866.98000,1871.78000,0.0000,0.0000,480.0,240.00,1.12,"",0,00:01:44:57,,,,,,,,,,,,
,84904691,09/28/2020 13:34,09/28/2020 18:44,XAUUSD,Buy,0.500,0.00000,0.00000,1858.91000,1871.71000,0.0000,0.0000,1280.0,640.00,3.07,"",0,00:05:10:10,100.0,5h 10m,281.0,0.00,1561.0,780.5,0.0,0.0,100.0,82.0,-281.00,-140.50
,84922895,09/28/2020 17:40,09/28/2020 18:44,XAUUSD,Buy,2.000,1862.38000,0.00000,1868.45000,1871.85000,0.0000,0.0000,340.0,680.00,3.37,"",0,00:01:04:09,,,,,,,,,,,,
,84895400,09/28/2020 11:40,09/28/2020 18:44,XAUUSD,Buy,3.000,1862.33000,0.00000,1857.30000,1871.63000,0.0000,0.0000,1433.0,4299.00,27.12,"",0,00:07:04:17,100.0,7h 4m,289.0,0.00,1722.0,5166.0,0.0,0.0,100.0,83.2,-289.00,-867.00
,84923516,09/28/2020 17:48,09/28/2020 18:05,XAUUSD,Buy,1.500,1862.33000,0.00000,1866.83000,1869.16000,0.0000,0.0000,233.0,349.50,2.25,"",0,00:00:17:08,,,,,,,,,,,,
,84919955,09/28/2020 16:59,09/28/2020 17:32,XAUUSD,Buy,1.000,0.00000,0.00000,1866.89000,1870.79000,0.0000,0.0000,390.0,390.00,2.58,"",0,00:00:32:40,,,,,,,,,,,,
,84914280,09/28/2020 15:48,09/28/2020 16:19,XAUUSD,Buy,0.500,0.00000,0.00000,1867.13000,1871.19000,0.0000,0.0000,406.0,203.00,1.36,"",0,00:00:31:22,,,,,,,,,,,,
,84905130,09/28/2020 13:40,09/28/2020 16:19,XAUUSD,Buy,1.000,1855.80000,0.00000,1858.69000,1871.23000,0.0000,0.0000,1254.0,1254.00,9.18,"",0,00:02:38:40,,,,,,,,,,,,
,84901801,09/28/2020 13:05,09/28/2020 15:36,XAUUSD,Buy,1.500,1855.48000,0.00000,1853.78000,1869.33000,0.0000,0.0000,1555.0,2332.50,20.60,"",0,00:02:30:50,,,,,,,,,,,,
,84905059,09/28/2020 13:39,09/28/2020 15:01,XAUUSD,Buy,2.000,0.00000,0.00000,1858.15000,1864.39000,0.0000,0.0000,624.0,1248.00,12.39,"",0,00:01:22:07,,,,,,,,,,,,
,84906404,09/28/2020 14:00,09/28/2020 15:01,XAUUSD,Buy,1.000,1855.80000,0.00000,1858.45000,1864.39000,0.0000,0.0000,594.0,594.00,6.27,"",0,00:01:00:26,,,,,,,,,,,,
,84896365,09/28/2020 11:48,09/28/2020 15:01,XAUUSD,Buy,1.500,1855.78000,0.00000,1851.56000,1864.65000,0.0000,0.0000,1309.0,1963.50,26.12,"",0,00:03:12:40,,,,,,,,,,,,
,84899022,09/28/2020 12:25,09/28/2020 12:31,XAUUSD,Buy,1.500,1852.37000,0.00000,1854.20000,1851.94000,0.0000,0.0000,-226.0,-339.00,-4.32,"[sl]",0,00:00:05:39,,,,,,,,,,,,
,84896293,09/28/2020 11:47,09/28/2020 12:31,XAUUSD,Buy,3.000,1852.37000,0.00000,1851.14000,1851.94000,0.0000,0.0000,80.0,240.00,3.15,"[sl]",0,00:00:43:36,,,,,,,,,,,,
,84894409,09/28/2020 11:31,,,Deposit,0.010,0.00000,0.00000,0.00000,0.00000,0.0000,0.0000,0.0,336.00,0,"Bonus deposit 120% - #84894404",0,00:00:00:00,,,,,,,,,,,,
,84894404,09/28/2020 11:31,,,Deposit,0.010,0.00000,0.00000,0.00000,0.00000,0.0000,0.0000,0.0,280.00,0,"Deposit LPB-CC-BZ USD #9171474",0,00:00:00:00,,,,,,,,,,,,
,84893423,09/28/2020 11:19,,,Deposit,0.000,0.00000,0.00000,0.00000,0.00000,0.0000,0.0000,0.0,7000.00,0,"Deposit LPB-CC-BZ USD #9171346",0,00:00:00:00,,,,,,,,,,,,

