Tags,Ticket,Open Date,Close Date,Symbol,Action,Units/Lots,SL,TP,Open Price,Close Price,Commission,Swap,Pips,Profit,Gain,Comment,Magic Number,Duration (DD:HH:MM:SS),Profitable(%),Profitable(time duration),Drawdown,Risk:Reward,Max(pips),Max(USD),Min(pips),Min(USD),Entry Accuracy(%),Exit Accuracy(%),ProfitMissed(pips),ProfitMissed(USD)
,89868683,01/02/2021 15:30,,,Withdrawal,0.010,0.00000,0.00000,0.00000,0.00000,0.0000,0.0000,0.0,-0.01,0,"Transfer to 11366030 #10131529",0,00:00:00:00,,,,,,,,,,,,
,87022207,11/01/2020 02:11,,,Deposit,0.010,0.00000,0.00000,0.00000,0.00000,0.0000,0.0000,0.0,0.01,0,"IR #64",0,00:00:00:00,,,,,,,,,,,,
,86942584,10/30/2020 07:17,,,Withdrawal,0.010,0.00000,0.00000,0.00000,0.00000,0.0000,0.0000,0.0,-40.48,0,"Transfer to 21091015 #9460677",0,00:00:00:00,,,,,,,,,,,,
,86871829,10/29/2020 12:53,10/29/2020 13:43,XAUUSD,Buy,0.090,0.00000,0.00000,1879.07000,1875.34000,0.0000,0.0000,-373.0,-33.57,-45.33,"[stopout]",0,00:00:50:03,4.0,2m,401.0,13.33,28.0,2.52,-373.0,-33.57,7.0,0.0,-401.00,-36.09
,86871819,10/29/2020 12:52,10/29/2020 13:43,XAUUSD,Buy,0.050,0.00000,0.00000,1878.90000,1875.34000,0.0000,0.0000,-356.0,-17.80,-19.38,"[stopout]",0,00:00:50:07,7.9,3m,401.0,7.91,45.0,2.25,-356.0,-17.8,11.2,0.0,-401.00,-20.05
,86869280,10/29/2020 12:24,10/29/2020 13:43,XAUUSD,Buy,0.200,0.00000,0.00000,1877.67000,1875.34000,0.0000,0.0000,-233.0,-46.60,-33.66,"[stopout]",0,00:01:18:55,45.6,35m,401.0,1.39,168.0,33.6,-233.0,-46.6,41.9,0.0,-401.00,-80.20
,86869276,10/29/2020 12:24,10/29/2020 13:43,XAUUSD,Buy,0.200,0.00000,0.00000,1877.64000,1875.34000,0.0000,0.0000,-230.0,-46.00,-24.94,"[stopout]",0,00:01:18:59,49.4,39m,401.0,1.35,171.0,34.2,-230.0,-46.0,42.6,0.0,-401.00,-80.20
,86861421,10/29/2020 11:10,10/29/2020 12:08,XAUUSD,Buy,0.500,0.00000,0.00000,1880.72000,1876.30000,0.0000,0.0000,-442.0,-221.00,-54.51,"[stopout]",0,00:00:58:37,1.8,1m,458.0,27.70,16.0,8.0,-442.0,-221.0,3.5,0.0,-458.00,-229.00
,86861231,10/29/2020 11:09,10/29/2020 12:08,XAUUSD,Buy,2.000,0.00000,0.00000,1879.68000,1876.30000,0.0000,0.0000,-338.0,-676.00,-62.51,"[stopout]",0,00:00:59:07,37.3,22m,458.0,2.82,120.0,240.0,-338.0,-676.0,26.2,0.0,-458.00,-916.00
,86861212,10/29/2020 11:09,,,Deposit,0.010,0.00000,0.00000,0.00000,0.00000,0.0000,0.0000,0.0,1074.19,0,"Transfer from 38149 #9450915",0,00:00:00:00,,,,,,,,,,,,
,86771381,10/28/2020 15:08,10/28/2020 15:55,XAUUSD,Buy,0.020,0.00000,0.00000,1878.78000,1873.75000,0.0000,0.0000,-503.0,-10.06,-58.08,"[stopout]",0,00:00:46:23,74.5,34m,773.0,1.86,270.0,5.4,-503.0,-10.06,34.9,0.0,-773.00,-15.46
,86771364,10/28/2020 15:08,10/28/2020 15:55,XAUUSD,Buy,0.080,0.00000,0.00000,1878.71000,1873.75000,0.0000,0.0000,-496.0,-39.68,-69.61,"[stopout]",0,00:00:46:32,78.8,36m,773.0,1.79,277.0,22.16,-496.0,-39.68,35.8,0.0,-773.00,-61.84
,86769287,10/28/2020 14:57,10/28/2020 15:05,XAUUSD,Buy,0.800,0.00000,0.00000,1882.17000,1878.47000,0.0000,0.0000,-370.0,-296.00,-83.85,"[stopout]",0,00:00:08:38,12.5,1m,383.0,28.49,13.0,10.4,-370.0,-296.0,3.4,0.0,-383.00,-306.40
,86769256,10/28/2020 14:56,,,Deposit,0.010,0.00000,0.00000,0.00000,0.00000,0.0000,0.0000,0.0,347.89,0,"Transfer from 38149 #9441222",0,00:00:00:00,,,,,,,,,,,,
,85079857,10/01/2020 03:56,,,Deposit,0.010,0.00000,0.00000,0.00000,0.00000,0.0000,0.0000,0.0,5.10,0,"Rebate",0,00:00:00:00,,,,,,,,,,,,
,85078237,10/01/2020 02:49,,,Deposit,0.010,0.00000,0.00000,0.00000,0.00000,0.0000,0.0000,0.0,0.01,0,"IR #63",0,00:00:00:00,,,,,,,,,,,,
,84870372,09/26/2020 09:11,,,Withdrawal,0.010,0.00000,0.00000,0.00000,0.00000,0.0000,0.0000,0.0,-811.03,0,"Withdraw CONNECTUM USD #9161800",0,00:00:00:00,,,,,,,,,,,,
,84870366,09/26/2020 09:09,,,Deposit,0.010,0.00000,0.00000,0.00000,0.00000,0.0000,0.0000,0.0,811.03,0,"Transfer from 38149 #9161788",0,00:00:00:00,,,,,,,,,,,,
,84819715,09/25/2020 10:42,,,Withdrawal,0.010,0.00000,0.00000,0.00000,0.00000,0.0000,0.0000,0.0,-2324.55,0,"Withdraw CONNECTUM USD #9154492",0,00:00:00:00,,,,,,,,,,,,
,84814628,09/25/2020 09:59,09/25/2020 10:32,XAUUSD,Buy,0.050,0.00000,0.00000,1873.71000,1874.16000,0.0000,0.0000,45.0,2.25,0.10,"",0,00:00:33:42,24.3,8m,458.0,4.28,107.0,5.3500000000000005,-458.0,-22.900000000000002,18.9,89.0,-62.00,-3.10
,84813941,09/25/2020 09:43,09/25/2020 10:32,XAUUSD,Buy,0.020,0.00000,0.00000,1871.61000,1874.14000,0.0000,0.0000,253.0,5.06,0.22,"",0,00:00:49:30,75.6,37m,461.0,0.78,317.0,6.34,-248.0,-4.96,56.1,88.7,-64.00,-1.28
,84814625,09/25/2020 09:59,09/25/2020 10:32,XAUUSD,Buy,0.050,0.00000,0.00000,1873.68000,1874.26000,0.0000,0.0000,58.0,2.90,0.13,"",0,00:00:33:38,24.3,8m,455.0,4.14,110.0,5.5,-455.0,-22.75,19.5,90.8,-52.00,-2.60
,84817645,09/25/2020 10:19,09/25/2020 10:32,EURUSD,Buy,0.200,0.00000,0.00000,1.16767,1.16822,0.0000,0.0000,5.5,11.00,0.48,"",0,00:00:12:54,77.0,9m,2.5,0.28,7.4,14.8,-2.1,-4.2,77.9,80.0,-1.90,-3.80
,84817761,09/25/2020 10:20,09/25/2020 10:32,EURUSD,Buy,0.500,0.00000,0.00000,1.16795,1.16830,0.0000,0.0000,3.5,17.50,0.77,"",0,00:00:11:49,66.7,7m,4.9,1.07,4.6,23.0,-4.9,-24.5,48.4,88.4,-1.10,-5.50
,84817779,09/25/2020 10:21,09/25/2020 10:32,XAUUSD,Buy,0.500,0.00000,0.00000,1873.56000,1874.16000,0.0000,0.0000,60.0,30.00,1.33,"",0,00:00:11:39,81.9,9m,98.0,0.80,122.0,61.0,-98.0,-49.0,55.5,71.8,-62.00,-31.00
,84817010,09/25/2020 10:14,09/25/2020 10:30,XAUUSD,Buy,1.500,0.00000,0.00000,1872.42000,1874.37000,0.0000,0.0000,195.0,292.50,14.90,"",0,00:00:16:02,75.0,12m,114.0,0.23,236.0,354.0,-55.0,-82.5,81.1,85.9,-41.00,-61.50
,84816576,09/25/2020 10:12,09/25/2020 10:30,XAUUSD,Buy,2.000,0.00000,0.00000,1869.65000,1874.40000,0.0000,0.0000,475.0,950.00,93.75,"",0,00:00:18:37,100.0,18m,114.0,0.00,513.0,1026.0,0.0,0.0,100.0,92.6,-38.00,-76.00
,84814140,09/25/2020 09:48,09/25/2020 10:02,XAUUSD,Buy,0.150,0.00000,0.00000,1872.60000,1872.86000,0.0000,0.0000,26.0,3.90,0.39,"",0,00:00:13:59,78.6,10m,112.0,0.18,114.0,17.099999999999998,-21.0,-3.15,84.4,34.8,-88.00,-13.20
,84814136,09/25/2020 09:48,09/25/2020 10:02,XAUUSD,Buy,0.200,0.00000,0.00000,1872.62000,1873.28000,0.0000,0.0000,66.0,13.20,1.32,"",0,00:00:14:01,71.5,10m,112.0,0.21,112.0,22.400000000000002,-23.0,-4.6000000000000005,83.0,65.9,-46.00,-9.20
,84813790,09/25/2020 09:39,09/25/2020 10:02,XAUUSD,Buy,0.100,0.00000,0.00000,1871.62000,1873.51000,0.0000,0.0000,189.0,18.90,1.93,"",0,00:00:23:36,70.9,16m,146.0,0.69,212.0,21.200000000000003,-146.0,-14.600000000000001,59.2,93.6,-23.00,-2.30
,84813778,09/25/2020 09:38,09/25/2020 10:02,XAUUSD,Buy,0.300,0.00000,0.00000,1871.43000,1873.43000,0.0000,0.0000,200.0,60.00,6.54,"",0,00:00:23:40,70.9,16m,127.0,0.55,231.0,69.3,-127.0,-38.1,64.5,91.3,-31.00,-9.30
,84814223,09/25/2020 09:50,09/25/2020 10:02,XAUUSD,Buy,0.300,0.00000,0.00000,1873.47000,1873.15000,0.0000,0.0000,-32.0,-9.60,-1.04,"",0,00:00:11:34,16.7,1m,112.0,3.48,27.0,8.1,-94.0,-28.2,22.3,51.2,-59.00,-17.70
,84814226,09/25/2020 09:50,09/25/2020 10:02,XAUUSD,Buy,0.300,0.00000,0.00000,1873.65000,1873.87000,0.0000,0.0000,22.0,6.60,0.72,"",0,00:00:11:26,16.7,1m,112.0,5.09,22.0,6.6,-112.0,-33.6,16.4,100.0,0.00,0.00
,84813737,09/25/2020 09:37,09/25/2020 10:02,XAUUSD,Buy,0.300,0.00000,0.00000,1870.28000,1873.87000,0.0000,0.0000,359.0,107.70,13.25,"",0,00:00:24:49,96.0,23m,112.0,0.03,359.0,107.7,-12.0,-3.5999999999999996,96.8,100.0,0.00,0.00
,84813730,09/25/2020 09:37,09/25/2020 10:00,XAUUSD,Buy,1.000,0.00000,0.00000,1870.24000,1872.93000,0.0000,0.0000,269.0,269.00,49.48,"",0,00:00:23:15,95.7,22m,91.0,0.02,350.0,350.0,-8.0,-8.0,97.8,77.4,-81.00,-81.00
,84813726,09/25/2020 09:37,,,Deposit,0.010,0.00000,0.00000,0.00000,0.00000,0.0000,0.0000,0.0,511.00,0,"Transfer from 38149 #9153727",0,00:00:00:00,,,,,,,,,,,,
,84770716,09/24/2020 15:00,09/24/2020 15:40,XAUUSD,Buy,0.100,0.00000,0.00000,1857.93000,1854.24000,0.0000,0.0000,-369.0,-36.90,-53.06,"[stopout]",0,00:00:40:08,45.0,18m,660.0,1.27,291.0,29.1,-369.0,-36.9,44.1,0.0,-660.00,-66.00
,84767053,09/24/2020 13:58,09/24/2020 15:40,XAUUSD,Buy,0.150,0.00000,0.00000,1857.05000,1854.24000,0.0000,0.0000,-281.0,-42.15,-37.74,"[stopout]",0,00:01:42:43,73.6,1h 15m,660.0,0.74,379.0,56.85,-281.0,-42.15,57.4,0.0,-660.00,-99.00
,84766090,09/24/2020 13:39,09/24/2020 15:40,XAUUSD,Buy,0.250,0.00000,0.00000,1854.02000,1854.24000,0.0000,0.0000,22.0,5.50,5.18,"[stopout]",0,00:02:01:21,95.9,1h 56m,660.0,0.27,682.0,170.5,-181.0,-45.25,79.0,23.5,-660.00,-165.00
,84756121,09/24/2020 11:17,09/24/2020 11:37,XAUUSD,Buy,1.500,0.00000,0.00000,1857.25000,1853.85000,0.0000,0.0000,-340.0,-510.00,-82.77,"[stopout]",0,00:00:19:52,40.0,7m,502.0,2.10,162.0,243.0,-340.0,-510.0,32.3,0.0,-502.00,-753.00
,84755209,09/24/2020 11:07,,,Deposit,0.010,0.00000,0.00000,0.00000,0.00000,0.0000,0.0000,0.0,611.00,0,"Transfer from 38149 #9144750",0,00:00:00:00,,,,,,,,,,,,
,84675655,09/23/2020 08:31,09/23/2020 08:44,XAUUSD,Buy,0.020,0.00000,0.00000,1889.04000,1885.36000,0.0000,0.0000,-368.0,-7.36,-58.65,"[stopout]",0,00:00:12:59,0.0,0s,368.0,370.37,0.0,0.0,-368.0,-7.36,0.0,0.0,-368.00,-7.36
,84675615,09/23/2020 08:30,09/23/2020 08:44,XAUUSD,Buy,0.050,0.00000,0.00000,1889.27000,1885.36000,0.0000,0.0000,-391.0,-19.55,-60.90,"[stopout]",0,00:00:14:13,0.0,0s,391.0,400.00,0.0,0.0,-391.0,-19.55,0.0,0.0,-391.00,-19.55
,84674587,09/23/2020 07:58,09/23/2020 08:13,XAUUSD,Buy,0.050,0.00000,0.00000,1887.54000,1888.27000,0.0000,0.0000,73.0,3.65,12.83,"",0,00:00:14:18,33.4,4m,157.0,1.37,98.0,4.9,-134.0,-6.7,42.2,89.2,-25.00,-1.25
,84673667,09/23/2020 07:20,09/23/2020 07:24,XAUUSD,Buy,0.050,0.00000,0.00000,1890.90000,1887.37000,0.0000,0.0000,-353.0,-17.65,-38.29,"[stopout]",0,00:00:03:07,,,,,,,,,,,,
,84673654,09/23/2020 07:20,09/23/2020 07:24,XAUUSD,Buy,0.050,0.00000,0.00000,1890.36000,1887.37000,0.0000,0.0000,-299.0,-14.95,-24.49,"[stopout]",0,00:00:03:37,,,,,,,,,,,,
,84673651,09/23/2020 07:20,09/23/2020 07:24,XAUUSD,Buy,0.050,0.00000,0.00000,1890.36000,1887.37000,0.0000,0.0000,-299.0,-14.95,-19.67,"[stopout]",0,00:00:03:40,,,,,,,,,,,,
,84673597,09/23/2020 07:19,09/23/2020 07:24,XAUUSD,Buy,0.050,0.00000,0.00000,1889.92000,1887.37000,0.0000,0.0000,-255.0,-12.75,-14.37,"[stopout]",0,00:00:04:52,0.0,0s,255.0,256.41,0.0,0.0,-255.0,-12.75,0.0,0.0,-255.00,-12.75
,84673592,09/23/2020 07:19,09/23/2020 07:24,XAUUSD,Buy,0.300,0.00000,0.00000,1889.66000,1887.37000,0.0000,0.0000,-229.0,-68.70,-43.63,"[stopout]",0,00:00:04:59,0.0,0s,229.0,232.56,0.0,0.0,-229.0,-68.7,0.0,0.0,-229.00,-68.70
,84673403,09/23/2020 07:14,,,Deposit,0.010,0.00000,0.00000,0.00000,0.00000,0.0000,0.0000,0.0,157.00,0,"Transfer from 38149 #9130795",0,00:00:00:00,,,,,,,,,,,,
,84661639,09/22/2020 20:17,09/23/2020 06:03,XAUUSD,Buy,0.010,0.00000,0.00000,1901.44000,1896.77000,0.0000,-0.1200,-467.0,-4.79,-91.41,"[stopout]",0,00:09:45:16,62.1,6h 3m,1026.0,0.84,559.0,5.59,-467.0,-4.67,54.5,0.0,-1026.00,-10.26
,84585596,09/21/2020 19:09,09/21/2020 20:30,XAUUSD,Sell,0.020,0.00000,0.00000,1904.13000,1907.82000,0.0000,0.0000,-369.0,-7.38,-58.48,"[stopout]",0,00:01:20:38,56.8,45m,635.0,1.39,266.0,5.32,-369.0,-7.38,41.9,0.0,-635.00,-12.70
,84585547,09/21/2020 19:08,09/21/2020 20:30,XAUUSD,Sell,0.050,0.00000,0.00000,1904.40000,1907.82000,0.0000,0.0000,-342.0,-17.10,-57.54,"[stopout]",0,00:01:21:29,63.5,51m,635.0,1.17,293.0,14.65,-342.0,-17.1,46.1,0.0,-635.00,-31.75
,84584253,09/21/2020 18:48,09/21/2020 19:03,XAUUSD,Sell,0.200,0.00000,0.00000,1897.69000,1901.54000,0.0000,0.0000,-385.0,-77.00,-72.15,"[stopout]",0,00:00:14:29,0.0,0s,483.0,500.00,0.0,0.0,-483.0,-96.60000000000001,0.0,20.3,-385.00,-77.00
,84584244,09/21/2020 18:48,09/21/2020 19:03,XAUUSD,Sell,0.200,0.00000,0.00000,1897.99000,1901.54000,0.0000,0.0000,-355.0,-71.00,-39.95,"[stopout]",0,00:00:14:35,0.0,0s,453.0,454.55,0.0,0.0,-453.0,-90.60000000000001,0.0,21.6,-355.00,-71.00
,84584163,09/21/2020 18:47,09/21/2020 18:48,XAUUSD,Buy,0.030,0.00000,0.00000,1896.29000,1897.59000,0.0000,0.0000,130.0,3.90,2.24,"",0,00:00:01:08,,,,,,,,,,,,
,84584152,09/21/2020 18:47,09/21/2020 18:48,XAUUSD,Buy,0.020,0.00000,0.00000,1896.06000,1897.77000,0.0000,0.0000,171.0,3.42,2.01,"",0,00:00:01:08,,,,,,,,,,,,
,84583870,09/21/2020 18:42,09/21/2020 18:48,XAUUSD,Buy,0.050,0.00000,0.00000,1895.56000,1897.98000,0.0000,0.0000,242.0,12.10,7.64,"",0,00:00:05:54,50.0,2m,145.0,0.55,263.0,13.15,-145.0,-7.25,64.5,94.9,-21.00,-1.05
,84583561,09/21/2020 18:37,09/21/2020 18:48,XAUUSD,Buy,0.100,0.00000,0.00000,1894.73000,1898.00000,0.0000,0.0000,327.0,32.70,26.04,"",0,00:00:10:28,63.7,6m,218.0,0.63,346.0,34.6,-218.0,-21.8,61.3,96.6,-19.00,-1.90
,84583199,09/21/2020 18:34,09/21/2020 18:48,XAUUSD,Buy,0.100,0.00000,0.00000,1890.39000,1897.98000,0.0000,0.0000,759.0,75.90,152.72,"",0,00:00:13:47,100.0,13m,241.0,0.00,780.0,78.0,0.0,0.0,100.0,97.3,-21.00,-2.10
,84582716,09/21/2020 18:28,09/21/2020 18:33,XAUUSD,Buy,0.200,0.00000,0.00000,1894.42000,1890.48000,0.0000,0.0000,-394.0,-78.80,-61.32,"[stopout]",0,00:00:05:37,0.0,0s,406.0,416.67,0.0,0.0,-406.0,-81.2,0.0,3.0,-394.00,-78.80
,84582406,09/21/2020 18:24,09/21/2020 18:33,XAUUSD,Buy,0.500,0.00000,0.00000,1892.30000,1890.48000,0.0000,0.0000,-182.0,-91.00,-41.46,"[stopout]",0,00:00:08:57,44.5,3m,344.0,1.29,150.0,75.0,-194.0,-97.0,43.6,3.5,-332.00,-166.00
,84565112,09/21/2020 16:16,,,Deposit,0.010,0.00000,0.00000,0.00000,0.00000,0.0000,0.0000,0.0,23.00,0,"Transfer from 21050671 #9111328",0,00:00:00:00,,,,,,,,,,,,
,84564887,09/21/2020 16:13,,,Deposit,0.010,0.00000,0.00000,0.00000,0.00000,0.0000,0.0000,0.0,193.00,0,"Transfer from 38149 #9111301",0,00:00:00:00,,,,,,,,,,,,
,84378842,09/16/2020 20:31,09/16/2020 21:00,XAUUSD,Buy,0.050,0.00000,0.00000,1962.86000,1959.10000,0.0000,0.0000,-376.0,-18.80,-84.30,"[stopout]",0,00:00:29:01,3.5,1m,382.0,62.89,6.0,0.30000000000000004,-376.0,-18.8,1.6,0.0,-382.00,-19.10
,84376503,09/16/2020 19:20,09/16/2020 20:27,XAUUSD,Buy,0.300,0.00000,0.00000,1966.77000,1961.44000,0.0000,0.0000,-533.0,-159.90,-87.76,"[stopout]",0,00:01:07:19,10.5,7m,559.0,20.53,26.0,7.8,-533.0,-159.9,4.7,0.0,-559.00,-167.70
,84370646,09/16/2020 17:38,09/16/2020 17:39,XAUUSD,Buy,0.150,0.00000,0.00000,1960.70000,1961.04000,0.0000,0.0000,34.0,5.10,2.88,"",0,00:00:01:21,,,,,,,,,,,,
,84370643,09/16/2020 17:38,09/16/2020 17:39,XAUUSD,Buy,0.150,0.00000,0.00000,1960.68000,1961.17000,0.0000,0.0000,49.0,7.35,4.33,"",0,00:00:01:21,,,,,,,,,,,,
,84370620,09/16/2020 17:37,,,Deposit,0.010,0.00000,0.00000,0.00000,0.00000,0.0000,0.0000,0.0,167.00,0,"Transfer from 38149 #9076204",0,00:00:00:00,,,,,,,,,,,,
,84308128,09/15/2020 16:23,09/15/2020 16:33,XAUUSD,Buy,0.010,0.00000,0.00000,1967.82000,1962.93000,0.0000,0.0000,-489.0,-4.89,-64.01,"[stopout]",0,00:00:09:46,0.0,0s,493.0,500.00,0.0,0.0,-493.0,-4.93,0.0,0.8,-489.00,-4.89
,84308029,09/15/2020 16:21,09/15/2020 16:33,XAUUSD,Buy,0.100,0.00000,0.00000,1968.05000,1962.93000,0.0000,0.0000,-512.0,-51.20,-87.02,"[stopout]",0,00:00:11:46,0.0,0s,516.0,526.32,0.0,0.0,-516.0,-51.6,0.0,0.8,-512.00,-51.20
,84308008,09/15/2020 16:21,,,Deposit,0.010,0.00000,0.00000,0.00000,0.00000,0.0000,0.0000,0.0,56.00,0,"Transfer from 38149 #9065307",0,00:00:00:00,,,,,,,,,,,,
,83647720,09/01/2020 02:34,,,Deposit,0.010,0.00000,0.00000,0.00000,0.00000,0.0000,0.0000,0.0,0.01,0,"IR #62",0,00:00:00:00,,,,,,,,,,,,
,83516555,08/27/2020 18:07,08/27/2020 18:10,XAUUSD,Buy,0.010,0.00000,0.00000,1925.48000,1921.08000,0.0000,0.0000,-440.0,-4.40,-60.86,"[stopout]",0,00:00:02:45,,,,,,,,,,,,
,83516159,08/27/2020 18:02,08/27/2020 18:10,XAUUSD,Buy,0.010,0.00000,0.00000,1923.69000,1921.08000,0.0000,0.0000,-261.0,-2.61,-26.52,"[stopout]",0,00:00:08:20,37.5,3m,635.0,3.07,156.0,1.56,-479.0,-4.79,24.6,34.3,-417.00,-4.17
,83516152,08/27/2020 18:02,08/27/2020 18:10,XAUUSD,Buy,0.010,0.00000,0.00000,1923.26000,1921.08000,0.0000,0.0000,-218.0,-2.18,-18.14,"[stopout]",0,00:00:08:22,37.5,3m,635.0,2.19,199.0,1.99,-436.0,-4.36,31.3,34.3,-417.00,-4.17
,83515813,08/27/2020 17:59,08/27/2020 18:10,XAUUSD,Buy,0.010,0.00000,0.00000,1921.27000,1921.08000,0.0000,0.0000,-19.0,-0.19,-1.56,"[stopout]",0,00:00:10:49,81.9,8m,635.0,0.60,398.0,3.98,-237.0,-2.37,62.7,34.3,-417.00,-4.17
,83515808,08/27/2020 17:59,08/27/2020 18:10,XAUUSD,Buy,0.010,0.00000,0.00000,1921.16000,1921.08000,0.0000,0.0000,-8.0,-0.08,-0.65,"[stopout]",0,00:00:10:54,81.9,8m,635.0,0.55,409.0,4.09,-226.0,-2.2600000000000002,64.4,34.3,-417.00,-4.17
,83480861,08/27/2020 17:02,08/27/2020 17:08,XAUUSD,Buy,0.300,0.00000,0.00000,1927.24000,1914.57000,0.0000,0.0000,-1267.0,-380.10,-96.87,"[stopout]",0,00:00:06:16,16.7,1m,1366.0,18.25,71.0,21.3,-1295.0,-388.5,5.2,2.0,-1338.00,-401.40
,83480844,08/27/2020 09:55,,,Deposit,0.010,0.00000,0.00000,0.00000,0.00000,0.0000,0.0000,0.0,369.00,0,"Transfer from 38149 #8891951",0,00:00:00:00,,,,,,,,,,,,
,83423048,08/25/2020 19:12,08/25/2020 19:47,XAUUSD,Buy,0.050,0.00000,0.00000,1919.24000,1915.32000,0.0000,0.0000,-392.0,-19.60,-45.59,"[stopout]",0,00:00:35:24,0.0,0s,435.0,454.55,0.0,0.0,-435.0,-21.75,0.0,9.9,-392.00,-19.60
,83423039,08/25/2020 19:11,08/25/2020 19:47,XAUUSD,Buy,0.300,0.00000,0.00000,1919.33000,1915.32000,0.0000,0.0000,-401.0,-120.30,-73.67,"[stopout]",0,00:00:35:39,0.0,0s,444.0,454.55,0.0,0.0,-444.0,-133.2,0.0,9.7,-401.00,-120.30
,83422796,08/25/2020 19:05,08/25/2020 19:11,XAUUSD,Buy,0.050,0.00000,0.00000,1922.02000,1918.38000,0.0000,0.0000,-364.0,-18.20,-10.03,"[stopout]",0,00:00:06:32,0.0,0s,364.0,370.37,0.0,0.0,-364.0,-18.2,0.0,0.0,-364.00,-18.20
,83422781,08/25/2020 19:04,08/25/2020 19:11,XAUUSD,Buy,0.050,0.00000,0.00000,1922.04000,1918.38000,0.0000,0.0000,-366.0,-18.30,-9.16,"[stopout]",0,00:00:07:04,0.0,0s,366.0,370.37,0.0,0.0,-366.0,-18.3,0.0,0.0,-366.00,-18.30
,83422779,08/25/2020 19:04,08/25/2020 19:11,XAUUSD,Buy,0.050,0.00000,0.00000,1921.97000,1918.38000,0.0000,0.0000,-359.0,-17.95,-8.24,"[stopout]",0,00:00:07:07,0.0,0s,359.0,370.37,0.0,0.0,-359.0,-17.95,0.0,0.0,-359.00,-17.95
,83422776,08/25/2020 19:04,08/25/2020 19:11,XAUUSD,Buy,0.100,0.00000,0.00000,1921.88000,1918.38000,0.0000,0.0000,-350.0,-35.00,-13.85,"[stopout]",0,00:00:07:13,0.0,0s,350.0,357.14,0.0,0.0,-350.0,-35.0,0.0,0.0,-350.00,-35.00
,83422771,08/25/2020 19:04,08/25/2020 19:11,XAUUSD,Buy,0.100,0.00000,0.00000,1921.95000,1918.38000,0.0000,0.0000,-357.0,-35.70,-12.38,"[stopout]",0,00:00:07:17,0.0,0s,357.0,357.14,0.0,0.0,-357.0,-35.7,0.0,0.0,-357.00,-35.70
,83422725,08/25/2020 19:03,08/25/2020 19:11,XAUUSD,Buy,0.050,0.00000,0.00000,1921.28000,1918.38000,0.0000,0.0000,-290.0,-14.50,-4.79,"[stopout]",0,00:00:08:12,12.5,1m,299.0,32.26,9.0,0.45,-290.0,-14.5,3.0,0.0,-299.00,-14.95
,83422717,08/25/2020 19:03,08/25/2020 19:11,XAUUSD,Buy,0.050,0.00000,0.00000,1921.21000,1918.38000,0.0000,0.0000,-283.0,-14.15,-4.46,"[stopout]",0,00:00:08:17,12.5,1m,299.0,17.70,16.0,0.8,-283.0,-14.15,5.4,0.0,-299.00,-14.95
,83422711,08/25/2020 19:03,08/25/2020 19:11,XAUUSD,Buy,0.050,0.00000,0.00000,1921.11000,1918.38000,0.0000,0.0000,-273.0,-13.65,-4.13,"[stopout]",0,00:00:08:21,12.5,1m,299.0,10.50,26.0,1.3,-273.0,-13.65,8.7,0.0,-299.00,-14.95
,83422709,08/25/2020 19:03,08/25/2020 19:11,XAUUSD,Buy,0.050,0.00000,0.00000,1921.11000,1918.38000,0.0000,0.0000,-273.0,-13.65,-3.96,"[stopout]",0,00:00:08:23,12.5,1m,299.0,10.50,26.0,1.3,-273.0,-13.65,8.7,0.0,-299.00,-14.95
,83422705,08/25/2020 19:03,08/25/2020 19:11,XAUUSD,Buy,0.050,0.00000,0.00000,1921.20000,1918.38000,0.0000,0.0000,-282.0,-14.10,-3.93,"[stopout]",0,00:00:08:25,12.5,1m,299.0,16.61,17.0,0.8500000000000001,-282.0,-14.100000000000001,5.7,0.0,-299.00,-14.95
,83422704,08/25/2020 19:03,08/25/2020 19:11,XAUUSD,Buy,0.050,0.00000,0.00000,1921.15000,1918.38000,0.0000,0.0000,-277.0,-13.85,-3.72,"[stopout]",0,00:00:08:28,12.5,1m,299.0,12.59,22.0,1.1,-277.0,-13.850000000000001,7.4,0.0,-299.00,-14.95
,83422699,08/25/2020 19:03,08/25/2020 19:11,XAUUSD,Buy,0.050,0.00000,0.00000,1920.87000,1918.38000,0.0000,0.0000,-249.0,-12.45,-3.24,"[stopout]",0,00:00:08:30,25.0,2m,299.0,4.98,50.0,2.5,-249.0,-12.450000000000001,16.7,0.0,-299.00,-14.95
,83422694,08/25/2020 19:03,08/25/2020 19:11,XAUUSD,Buy,0.050,0.00000,0.00000,1920.86000,1918.38000,0.0000,0.0000,-248.0,-12.40,-3.12,"[stopout]",0,00:00:08:34,25.0,2m,299.0,4.86,51.0,2.5500000000000003,-248.0,-12.4,17.1,0.0,-299.00,-14.95
,83422689,08/25/2020 19:03,08/25/2020 19:11,XAUUSD,Buy,0.050,0.00000,0.00000,1920.78000,1918.38000,0.0000,0.0000,-240.0,-12.00,-2.93,"[stopout]",0,00:00:08:36,25.0,2m,299.0,4.07,59.0,2.95,-240.0,-12.0,19.7,0.0,-299.00,-14.95
,83422688,08/25/2020 19:02,08/25/2020 19:11,XAUUSD,Buy,0.050,0.00000,0.00000,1920.72000,1918.38000,0.0000,0.0000,-234.0,-11.70,-2.78,"[stopout]",0,00:00:08:39,33.4,2m,312.0,3.00,78.0,3.9000000000000004,-234.0,-11.700000000000001,25.0,0.0,-312.00,-15.60
,83422681,08/25/2020 19:02,08/25/2020 19:11,XAUUSD,Buy,0.030,0.00000,0.00000,1920.75000,1918.38000,0.0000,0.0000,-237.0,-7.11,-1.66,"[stopout]",0,00:00:08:46,33.4,2m,312.0,3.16,75.0,2.25,-237.0,-7.109999999999999,24.0,0.0,-312.00,-9.36
,83422332,08/25/2020 18:57,08/25/2020 19:11,XAUUSD,Buy,0.030,0.00000,0.00000,1919.85000,1918.38000,0.0000,0.0000,-147.0,-4.41,-1.02,"[stopout]",0,00:00:14:20,64.3,9m,312.0,0.89,165.0,4.95,-147.0,-4.41,52.9,0.0,-312.00,-9.36
,83422330,08/25/2020 18:57,08/25/2020 19:11,XAUUSD,Buy,0.030,0.00000,0.00000,1919.81000,1918.38000,0.0000,0.0000,-143.0,-4.29,-0.98,"[stopout]",0,00:00:14:23,64.3,9m,312.0,0.85,169.0,5.069999999999999,-143.0,-4.29,54.2,0.0,-312.00,-9.36
,83422328,08/25/2020 18:57,08/25/2020 19:11,XAUUSD,Buy,0.030,0.00000,0.00000,1920.01000,1918.38000,0.0000,0.0000,-163.0,-4.89,-1.11,"[stopout]",0,00:00:14:26,42.9,6m,312.0,1.09,149.0,4.47,-163.0,-4.89,47.8,0.0,-312.00,-9.36
,83422260,08/25/2020 18:55,08/25/2020 19:11,XAUUSD,Buy,0.030,0.00000,0.00000,1919.33000,1918.38000,0.0000,0.0000,-95.0,-2.85,-0.64,"[stopout]",0,00:00:16:16,68.8,11m,312.0,0.44,217.0,6.51,-95.0,-2.85,69.6,0.0,-312.00,-9.36
,83422256,08/25/2020 18:55,08/25/2020 19:11,XAUUSD,Buy,0.030,0.00000,0.00000,1919.23000,1918.38000,0.0000,0.0000,-85.0,-2.55,-0.57,"[stopout]",0,00:00:16:19,68.8,11m,312.0,0.37,227.0,6.81,-85.0,-2.55,72.8,0.0,-312.00,-9.36
,83422252,08/25/2020 18:55,08/25/2020 19:11,XAUUSD,Buy,0.030,0.00000,0.00000,1919.22000,1918.38000,0.0000,0.0000,-84.0,-2.52,-0.56,"[stopout]",0,00:00:16:23,68.8,11m,312.0,0.37,228.0,6.84,-84.0,-2.52,73.1,0.0,-312.00,-9.36
,83422246,08/25/2020 18:55,08/25/2020 19:11,XAUUSD,Buy,0.030,0.00000,0.00000,1919.28000,1918.38000,0.0000,0.0000,-90.0,-2.70,-0.60,"[stopout]",0,00:00:16:27,68.8,11m,312.0,0.41,222.0,6.66,-90.0,-2.6999999999999997,71.2,0.0,-312.00,-9.36
,83422227,08/25/2020 18:54,08/25/2020 19:11,XAUUSD,Buy,0.200,0.00000,0.00000,1918.83000,1918.38000,0.0000,0.0000,-45.0,-9.00,-1.95,"[stopout]",0,00:00:16:58,88.3,14m,312.0,0.17,267.0,53.400000000000006,-45.0,-9.0,85.6,0.0,-312.00,-62.40
,83422176,08/25/2020 18:53,08/25/2020 19:11,XAUUSD,Buy,0.050,0.00000,0.00000,1917.72000,1918.38000,0.0000,0.0000,66.0,3.30,0.72,"[stopout]",0,00:00:18:23,100.0,18m,312.0,0.00,378.0,18.900000000000002,0.0,0.0,100.0,17.5,-312.00,-15.60
,83422150,08/25/2020 18:52,08/25/2020 19:11,XAUUSD,Buy,0.050,0.00000,0.00000,1917.33000,1918.38000,0.0000,0.0000,105.0,5.25,1.16,"[stopout]",0,00:00:18:57,100.0,18m,312.0,0.00,417.0,20.85,0.0,0.0,100.0,25.2,-312.00,-15.60
,83422149,08/25/2020 18:52,08/25/2020 19:11,XAUUSD,Buy,0.050,0.00000,0.00000,1917.34000,1918.38000,0.0000,0.0000,104.0,5.20,1.16,"[stopout]",0,00:00:19:00,100.0,19m,312.0,0.00,416.0,20.8,0.0,0.0,100.0,25.0,-312.00,-15.60
,83421652,08/25/2020 18:43,08/25/2020 19:11,XAUUSD,Buy,0.700,0.00000,0.00000,1915.99000,1918.38000,0.0000,0.0000,239.0,167.30,59.72,"[stopout]",0,00:00:28:25,92.9,26m,312.0,0.17,551.0,385.7,-94.0,-65.8,85.4,51.6,-312.00,-218.40
,83421956,08/25/2020 18:48,08/25/2020 19:11,XAUUSD,Buy,0.050,0.00000,0.00000,1917.08000,1918.43000,0.0000,0.0000,135.0,6.75,2.47,"",0,00:00:23:16,91.4,21m,307.0,0.10,442.0,22.1,-43.0,-2.15,91.1,36.7,-307.00,-15.35
,83422236,08/25/2020 18:54,08/25/2020 19:08,XAUUSD,Buy,0.030,0.00000,0.00000,1918.89000,1920.02000,0.0000,0.0000,113.0,3.39,1.26,"",0,00:00:14:04,92.9,13m,154.0,0.04,261.0,7.83,-10.0,-0.3,96.3,45.4,-148.00,-4.44
,83422263,08/25/2020 18:55,08/25/2020 19:08,XAUUSD,Buy,0.030,0.00000,0.00000,1919.35000,1919.73000,0.0000,0.0000,38.0,1.14,0.42,"",0,00:00:13:27,77.0,10m,177.0,0.26,215.0,6.45,-56.0,-1.68,79.3,34.7,-177.00,-5.31
,83421625,08/25/2020 18:42,,,Deposit,0.010,0.00000,0.00000,0.00000,0.00000,0.0000,0.0000,0.0,265.00,0,"Transfer from 38149 #8878374",0,00:00:00:00,,,,,,,,,,,,
,83367717,08/24/2020 16:13,08/24/2020 16:35,XAUUSD,Buy,0.050,0.00000,0.00000,1945.20000,1940.79000,0.0000,0.0000,-441.0,-22.05,-85.04,"[stopout]",0,00:00:22:25,40.0,8m,639.0,2.23,198.0,9.9,-441.0,-22.05,31.0,0.0,-639.00,-31.95
,83367152,08/24/2020 16:01,08/24/2020 16:04,XAUUSD,Buy,0.150,0.00000,0.00000,1951.56000,1947.92000,0.0000,0.0000,-364.0,-54.60,-67.80,"[stopout]",0,00:00:02:29,,,,,,,,,,,,
,83366895,08/24/2020 15:59,08/24/2020 16:04,XAUUSD,Buy,0.050,0.00000,0.00000,1949.38000,1947.92000,0.0000,0.0000,-146.0,-7.30,-8.31,"[stopout]",0,00:00:04:59,,,,,,,,,,,,
,83366170,08/24/2020 15:41,08/24/2020 16:04,XAUUSD,Buy,0.200,0.00000,0.00000,1947.93000,1947.92000,0.0000,0.0000,-1.0,-0.20,-0.23,"[stopout]",0,00:00:22:54,75.0,17m,254.0,0.00,253.0,50.6,-1.0,-0.2,99.6,0.0,-254.00,-50.80
,83365456,08/24/2020 15:26,08/24/2020 15:37,XAUUSD,Buy,0.500,0.00000,0.00000,1954.30000,1946.86000,0.0000,0.0000,-744.0,-372.00,-80.86,"[stopout]",0,00:00:10:48,,,,,,,,,,,,
,83364444,08/24/2020 15:06,08/24/2020 15:37,XAUUSD,Buy,0.200,0.00000,0.00000,1958.84000,1946.86000,0.0000,0.0000,-1198.0,-239.60,-34.25,"[stopout]",0,00:00:31:10,16.7,5m,1331.0,9.01,133.0,26.6,-1198.0,-239.60000000000002,10.0,0.0,-1331.00,-266.20
,83364232,08/24/2020 15:03,08/24/2020 15:37,XAUUSD,Buy,0.200,0.00000,0.00000,1953.01000,1946.86000,0.0000,0.0000,-615.0,-123.00,-14.95,"[stopout]",0,00:00:33:54,57.2,19m,1331.0,0.86,716.0,143.20000000000002,-615.0,-123.0,53.8,0.0,-1331.00,-266.20
,83364228,08/24/2020 15:03,08/24/2020 15:37,XAUUSD,Buy,0.200,0.00000,0.00000,1953.00000,1946.86000,0.0000,0.0000,-614.0,-122.80,-12.99,"[stopout]",0,00:00:33:59,57.2,19m,1331.0,0.86,717.0,143.4,-614.0,-122.80000000000001,53.9,0.0,-1331.00,-266.20
,83363692,08/24/2020 14:57,08/24/2020 15:37,XAUUSD,Buy,0.050,0.00000,0.00000,1950.51000,1946.86000,0.0000,0.0000,-365.0,-18.25,-1.89,"[stopout]",0,00:00:40:02,62.5,25m,1331.0,0.38,966.0,48.300000000000004,-365.0,-18.25,72.6,0.0,-1331.00,-66.55
,83363688,08/24/2020 14:57,08/24/2020 15:37,XAUUSD,Buy,0.050,0.00000,0.00000,1950.46000,1946.86000,0.0000,0.0000,-360.0,-18.00,-1.83,"[stopout]",0,00:00:40:04,62.5,25m,1331.0,0.37,971.0,48.550000000000004,-360.0,-18.0,73.0,0.0,-1331.00,-66.55
,83363579,08/24/2020 14:55,08/24/2020 15:37,XAUUSD,Buy,0.050,0.00000,0.00000,1949.93000,1946.86000,0.0000,0.0000,-307.0,-15.35,-1.54,"[stopout]",0,00:00:42:13,62.5,26m,1331.0,0.30,1024.0,51.2,-307.0,-15.350000000000001,76.9,0.0,-1331.00,-66.55
,83363376,08/24/2020 14:45,08/24/2020 15:37,XAUUSD,Buy,0.100,0.00000,0.00000,1949.96000,1946.86000,0.0000,0.0000,-310.0,-31.00,-3.02,"[stopout]",0,00:00:51:42,70.0,36m,1331.0,0.30,1021.0,102.10000000000001,-310.0,-31.0,76.7,0.0,-1331.00,-133.10
,83362547,08/24/2020 14:17,08/24/2020 15:37,XAUUSD,Buy,0.200,0.00000,0.00000,1950.44000,1946.86000,0.0000,0.0000,-358.0,-71.60,-6.51,"[stopout]",0,00:01:20:15,37.5,30m,1331.0,0.37,973.0,194.60000000000002,-358.0,-71.60000000000001,73.1,0.0,-1331.00,-266.20
,83364522,08/24/2020 15:07,08/24/2020 15:20,XAUUSD,Buy,1.000,0.00000,0.00000,1957.05000,1958.84000,0.0000,0.0000,179.0,179.00,19.44,"",0,00:00:12:54,,,,,,,,,,,,
,83363157,08/24/2020 14:11,08/24/2020 15:20,XAUUSD,Buy,0.500,0.00000,0.00000,1949.17000,1958.97000,0.0000,0.0000,980.0,490.00,113.79,"from #83362383",0,00:01:09:13,85.8,59m,425.0,0.08,1100.0,550.0,-87.0,-43.5,92.7,89.9,-120.00,-60.00
,83362943,08/24/2020 14:30,08/24/2020 15:11,XAUUSD,Buy,0.100,0.00000,0.00000,1950.80000,1955.03000,0.0000,0.0000,423.0,42.30,10.89,"",0,00:00:41:47,50.0,20m,372.0,0.31,795.0,79.5,-250.0,-25.0,76.1,64.4,-372.00,-37.20
,83362383,08/24/2020 14:11,08/24/2020 14:38,XAUUSD,Buy,0.500,0.00000,0.00000,1949.17000,1948.85000,0.0000,0.0000,-32.0,-16.00,-3.96,"to #83363157",0,00:00:27:35,60.0,16m,194.0,0.81,107.0,53.5,-87.0,-43.5,55.2,28.4,-139.00,-69.50
,83362373,08/24/2020 14:10,,,Deposit,0.010,0.00000,0.00000,0.00000,0.00000,0.0000,0.0000,0.0,393.00,0,"Transfer from 38149 #8866057",0,00:00:00:00,,,,,,,,,,,,
,83329604,08/21/2020 16:43,08/21/2020 16:45,XAUUSD,Buy,0.150,0.00000,0.00000,1936.69000,1930.19000,0.0000,0.0000,-650.0,-97.50,-89.59,"[stopout]",0,00:00:02:10,,,,,,,,,,,,
,83328048,08/21/2020 16:11,08/21/2020 16:40,XAUUSD,Buy,0.150,0.00000,0.00000,1935.04000,1929.70000,0.0000,0.0000,-534.0,-80.10,-42.40,"[stopout]",0,00:00:28:27,79.4,22m,1061.0,1.01,527.0,79.05,-534.0,-80.1,49.7,0.0,-1061.00,-159.15
,83327739,08/21/2020 16:07,08/21/2020 16:40,XAUUSD,Buy,0.150,0.00000,0.00000,1933.46000,1929.70000,0.0000,0.0000,-376.0,-56.40,-22.99,"[stopout]",0,00:00:32:15,84.9,27m,1061.0,0.55,685.0,102.75,-376.0,-56.4,64.6,0.0,-1061.00,-159.15
,83327733,08/21/2020 16:07,08/21/2020 16:40,XAUUSD,Buy,0.150,0.00000,0.00000,1933.59000,1929.70000,0.0000,0.0000,-389.0,-58.35,-19.21,"[stopout]",0,00:00:32:20,78.8,25m,1061.0,0.58,672.0,100.8,-389.0,-58.349999999999994,63.3,0.0,-1061.00,-159.15
,83326679,08/21/2020 15:54,08/21/2020 16:40,XAUUSD,Buy,0.150,0.00000,0.00000,1939.07000,1929.70000,0.0000,0.0000,-937.0,-140.55,-31.64,"[stopout]",0,00:00:45:58,10.9,5m,1061.0,7.56,124.0,18.599999999999998,-937.0,-140.54999999999998,11.7,0.0,-1061.00,-159.15
,83326291,08/21/2020 15:44,08/21/2020 16:40,XAUUSD,Buy,0.100,0.00000,0.00000,1932.67000,1929.70000,0.0000,0.0000,-297.0,-29.70,-6.27,"[stopout]",0,00:00:55:11,92.9,51m,1077.0,0.38,780.0,78.0,-297.0,-29.700000000000003,72.4,0.0,-1077.00,-107.70
,83326051,08/21/2020 15:39,08/21/2020 16:40,XAUUSD,Buy,0.200,0.00000,0.00000,1932.51000,1929.70000,0.0000,0.0000,-281.0,-56.20,-10.60,"[stopout]",0,00:01:00:41,85.3,51m,1077.0,0.35,796.0,159.20000000000002,-281.0,-56.2,73.9,0.0,-1077.00,-215.40
,83326050,08/21/2020 15:39,08/21/2020 16:40,XAUUSD,Buy,0.200,0.00000,0.00000,1932.65000,1929.70000,0.0000,0.0000,-295.0,-59.00,-10.01,"[stopout]",0,00:01:00:46,85.3,51m,1077.0,0.38,782.0,156.4,-295.0,-59.0,72.6,0.0,-1077.00,-215.40
,83325940,08/21/2020 15:36,08/21/2020 16:40,XAUUSD,Buy,0.100,0.00000,0.00000,1927.49000,1929.70000,0.0000,0.0000,221.0,22.10,3.90,"[stopout]",0,00:01:03:32,100.0,1h 3m,1077.0,0.00,1298.0,129.8,0.0,0.0,100.0,17.0,-1077.00,-107.70
,83325663,08/21/2020 15:31,08/21/2020 16:40,XAUUSD,Buy,0.100,0.00000,0.00000,1927.08000,1929.70000,0.0000,0.0000,262.0,26.20,4.84,"[stopout]",0,00:01:08:41,94.3,1h 4m,1077.0,0.04,1339.0,133.9,-57.0,-5.7,95.9,22.9,-1077.00,-107.70
,83325626,08/21/2020 15:31,08/21/2020 16:40,XAUUSD,Buy,0.200,0.00000,0.00000,1926.91000,1929.70000,0.0000,0.0000,279.0,55.80,11.50,"[stopout]",0,00:01:09:06,94.3,1h 5m,1077.0,0.03,1356.0,271.2,-40.0,-8.0,97.1,22.9,-1077.00,-215.40
,83325387,08/21/2020 15:25,08/21/2020 16:40,XAUUSD,Buy,0.500,0.00000,0.00000,1926.39000,1929.70000,0.0000,0.0000,331.0,165.50,51.79,"[stopout]",0,00:01:14:35,96.0,1h 11m,1077.0,0.17,1408.0,704.0,-246.0,-123.0,85.1,34.9,-1077.00,-538.50
,83325373,08/21/2020 15:25,,,Deposit,0.010,0.00000,0.00000,0.00000,0.00000,0.0000,0.0000,0.0,312.00,0,"Transfer from 38149 #8851092",0,00:00:00:00,,,,,,,,,,,,
,82998666,08/10/2020 13:47,08/10/2020 21:22,XAUUSD,Buy,0.100,0.00000,0.00000,2030.45000,2026.36000,0.0000,0.0000,-409.0,-40.90,-84.45,"[stopout]",0,00:07:35:30,70.4,5h 20m,2582.0,0.36,1903.0,190.3,-679.0,-67.9,73.7,10.5,-2312.00,-231.20
,82995883,08/10/2020 12:14,08/10/2020 12:32,XAUUSD,Buy,0.030,0.00000,0.00000,2035.23000,2031.28000,0.0000,0.0000,-395.0,-11.85,-19.66,"[stopout]",0,00:00:17:49,,,,,,,,,,,,
,82994921,08/10/2020 11:50,08/10/2020 12:32,XAUUSD,Buy,0.030,0.00000,0.00000,2035.00000,2031.28000,0.0000,0.0000,-372.0,-11.16,-15.62,"[stopout]",0,00:00:42:22,25.0,10m,393.0,17.73,21.0,0.63,-372.0,-11.16,5.3,0.0,-393.00,-11.79
,82994794,08/10/2020 11:45,08/10/2020 12:32,XAUUSD,Buy,0.100,0.00000,0.00000,2034.61000,2031.28000,0.0000,0.0000,-333.0,-33.30,-31.79,"[stopout]",0,00:00:46:38,22.3,10m,393.0,5.55,60.0,6.0,-333.0,-33.300000000000004,15.3,0.0,-393.00,-39.30
,82994628,08/10/2020 11:42,08/10/2020 12:32,XAUUSD,Buy,0.500,0.00000,0.00000,2033.37000,2031.28000,0.0000,0.0000,-209.0,-104.50,-49.94,"[stopout]",0,00:00:50:10,70.0,35m,393.0,1.14,184.0,92.0,-209.0,-104.5,46.8,0.0,-393.00,-196.50
,82994610,08/10/2020 11:41,,,Deposit,0.010,0.00000,0.00000,0.00000,0.00000,0.0000,0.0000,0.0,203.00,0,"Transfer from 38149 #8742766",0,00:00:00:00,,,,,,,,,,,,
,81758887,07/02/2020 04:59,07/02/2020 05:03,XAUUSD,Sell,0.010,0.00000,0.00000,1769.34000,1769.49000,0.0000,0.0000,-15.0,-0.15,-2.35,"",0,00:00:03:12,,,,,,,,,,,,
,81729151,07/01/2020 15:00,07/01/2020 15:18,XAUUSD,Buy,0.030,0.00000,0.00000,1782.36000,1778.18000,0.0000,0.0000,-418.0,-12.54,-66.24,"[stopout]",0,00:00:18:01,,,,,,,,,,,,
,81728118,07/01/2020 14:43,07/01/2020 15:18,XAUUSD,Buy,0.060,0.00000,0.00000,1778.86000,1778.18000,0.0000,0.0000,-68.0,-4.08,-17.73,"[stopout]",0,00:00:34:32,85.8,29m,329.0,0.26,261.0,15.66,-68.0,-4.08,79.3,0.0,-329.00,-19.74
,81728102,07/01/2020 14:43,,,Deposit,0.010,0.00000,0.00000,0.00000,0.00000,0.0000,0.0000,0.0,23.00,0,"Transfer from 38149 #8385622",0,00:00:00:00,,,,,,,,,,,,
,80034269,06/01/2020 01:59,,,Deposit,0.010,0.00000,0.00000,0.00000,0.00000,0.0000,0.0000,0.0,0.01,0,"IR #59",0,00:00:00:00,,,,,,,,,,,,
,79184198,05/18/2020 00:08,,,Withdrawal,0.010,0.00000,0.00000,0.00000,0.00000,0.0000,0.0000,0.0,-38.10,0,"Withdraw CONNECTUM USD #7977380",0,00:00:00:00,,,,,,,,,,,,
,79135564,05/15/2020 14:07,05/15/2020 14:35,XAUUSD,Buy,0.050,0.00000,0.00000,1735.77000,1732.09000,0.0000,0.0000,-368.0,-18.40,-32.57,"[stopout]",0,00:00:28:03,3.6,1m,384.0,23.04,16.0,0.8,-368.0,-18.400000000000002,4.2,0.0,-384.00,-19.20
,79135550,05/15/2020 14:07,05/15/2020 14:35,XAUUSD,Buy,0.500,0.00000,0.00000,1735.60000,1732.09000,0.0000,0.0000,-351.0,-175.50,-75.65,"[stopout]",0,00:00:28:12,3.6,1m,384.0,10.64,33.0,16.5,-351.0,-175.5,8.6,0.0,-384.00,-192.00
,79135539,05/15/2020 14:07,,,Deposit,0.010,0.00000,0.00000,0.00000,0.00000,0.0000,0.0000,0.0,232.00,0,"Transfer from 38149 #7960481",0,00:00:00:00,,,,,,,,,,,,
,79076471,05/14/2020 17:48,,,Withdrawal,0.010,0.00000,0.00000,0.00000,0.00000,0.0000,0.0000,0.0,-166.25,0,"Withdraw CONNECTUM USD #7953328",0,00:00:00:00,,,,,,,,,,,,
,79057226,05/14/2020 15:11,05/14/2020 17:45,XAUUSD,Buy,0.080,0.00000,0.00000,1713.31000,1730.12000,0.0000,0.0000,1681.0,134.48,423.29,"",0,00:02:34:11,100.0,2h 34m,503.0,0.00,2043.0,163.44,0.0,0.0,100.0,82.3,-362.00,-28.96
,79051997,05/14/2020 14:40,05/14/2020 15:05,XAUUSD,Buy,0.100,0.00000,0.00000,1717.90000,1713.80000,0.0000,0.0000,-410.0,-41.00,-56.34,"[stopout]",0,00:00:25:15,0.0,0s,410.0,416.67,0.0,0.0,-410.0,-41.0,0.0,0.0,-410.00,-41.00
,79051995,05/14/2020 14:40,05/14/2020 15:05,XAUUSD,Buy,0.100,0.00000,0.00000,1717.92000,1713.80000,0.0000,0.0000,-412.0,-41.20,-36.15,"[stopout]",0,00:00:25:18,0.0,0s,412.0,416.67,0.0,0.0,-412.0,-41.2,0.0,0.0,-412.00,-41.20
,79050049,05/14/2020 14:22,05/14/2020 15:05,XAUUSD,Buy,0.100,0.00000,0.00000,1714.42000,1713.80000,0.0000,0.0000,-62.0,-6.20,-5.16,"[stopout]",0,00:00:43:12,90.7,39m,365.0,0.20,303.0,30.3,-62.0,-6.2,83.0,0.0,-365.00,-36.50
,79050042,05/14/2020 14:22,05/14/2020 15:05,XAUUSD,Buy,0.200,0.00000,0.00000,1714.19000,1713.80000,0.0000,0.0000,-39.0,-7.80,-6.10,"[stopout]",0,00:00:43:18,90.7,39m,365.0,0.12,326.0,65.2,-39.0,-7.800000000000001,89.3,0.0,-365.00,-73.00
,79050018,05/14/2020 14:22,,,Deposit,0.010,0.00000,0.00000,0.00000,0.00000,0.0000,0.0000,0.0,125.00,0,"Transfer from 38149 #7950852",0,00:00:00:00,,,,,,,,,,,,
,78280405,05/01/2020 02:33,,,Deposit,0.010,0.00000,0.00000,0.00000,0.00000,0.0000,0.0000,0.0,0.02,0,"IR #58",0,00:00:00:00,,,,,,,,,,,,
,76421841,04/06/2020 15:02,04/06/2020 15:09,XAUUSD,Sell,0.050,0.00000,0.00000,1639.55000,1643.98000,0.0000,0.0000,-443.0,-22.15,-88.25,"[stopout]",0,00:00:06:53,0.0,0s,443.0,454.55,0.0,0.0,-443.0,-22.150000000000002,0.0,0.0,-443.00,-22.15
,76409888,04/06/2020 12:45,04/06/2020 14:19,XAUUSD,Sell,0.100,0.00000,0.00000,1634.67000,1638.49000,0.0000,0.0000,-382.0,-38.20,-60.35,"[stopout]",0,00:01:33:49,20.3,19m,647.0,1.44,265.0,26.5,-382.0,-38.2,41.0,0.0,-647.00,-64.70
,76409866,04/06/2020 12:45,04/06/2020 14:19,XAUUSD,Sell,0.300,0.00000,0.00000,1634.88000,1638.49000,0.0000,0.0000,-361.0,-108.30,-63.11,"[stopout]",0,00:01:34:00,32.0,30m,647.0,1.26,286.0,85.8,-361.0,-108.3,44.2,0.0,-647.00,-194.10
,76372378,04/04/2020 13:47,,,Deposit,0.010,0.00000,0.00000,0.00000,0.00000,0.0000,0.0000,0.0,166.00,0,"Transfer from 38149 #7605843",0,00:00:00:00,,,,,,,,,,,,
,76188832,04/01/2020 14:57,04/01/2020 17:42,EURUSD,Buy,0.300,0.00000,0.00000,1.09343,1.09180,0.0000,0.0000,-16.3,-48.90,-89.72,"[stopout]",0,00:02:44:58,14.0,23m,23.0,2.43,6.7,20.1,-16.3,-48.900000000000006,29.1,0.0,-23.00,-69.00
,76184622,04/01/2020 13:37,04/01/2020 14:50,EURUSD,Buy,0.500,0.00000,0.00000,1.09431,1.09287,0.0000,0.0000,-14.4,-72.00,-56.92,"[stopout]",0,00:01:13:24,32.9,24m,19.6,2.77,5.2,26.0,-14.4,-72.0,26.5,0.0,-19.60,-98.00
,76183760,04/01/2020 13:18,04/01/2020 14:50,EURUSD,Buy,0.500,0.00000,0.00000,1.09414,1.09287,0.0000,0.0000,-12.7,-63.50,-33.42,"[stopout]",0,00:01:32:17,42.4,39m,19.6,1.84,6.9,34.5,-12.7,-63.5,35.2,0.0,-19.60,-98.00
,76183734,04/01/2020 13:17,04/01/2020 14:50,EURUSD,Buy,0.500,0.00000,0.00000,1.09407,1.09287,0.0000,0.0000,-12.0,-60.00,-24.00,"[stopout]",0,00:01:32:41,50.6,46m,19.6,1.58,7.6,38.0,-12.0,-60.0,38.8,0.0,-19.60,-98.00
,76182840,04/01/2020 12:59,04/01/2020 14:50,EURUSD,Buy,1.000,0.00000,0.00000,1.09348,1.09287,0.0000,0.0000,-6.1,-61.00,-19.61,"[stopout]",0,00:01:51:11,82.9,1h 32m,19.6,0.45,13.5,135.0,-6.1,-61.0,68.9,0.0,-19.60,-196.00
,76182844,04/01/2020 12:59,04/01/2020 14:42,EURUSD,Buy,0.500,0.00000,0.00000,1.09347,1.09351,0.0000,0.0000,0.4,2.00,0.65,"",0,00:01:42:48,88.4,1h 30m,13.2,0.17,13.6,68.0,-2.3,-11.5,85.5,17.0,-13.20,-66.00
,76182801,04/01/2020 12:58,,,Deposit,0.010,0.00000,0.00000,0.00000,0.00000,0.0000,0.0000,0.0,298.00,0,"Transfer from 38149 #7575346",0,00:00:00:00,,,,,,,,,,,,
,76151956,04/01/2020 02:08,,,Deposit,0.010,0.00000,0.00000,0.00000,0.00000,0.0000,0.0000,0.0,0.02,0,"IR #57",0,00:00:00:00,,,,,,,,,,,,
,76148835,04/01/2020 00:44,,,Deposit,0.010,0.00000,0.00000,0.00000,0.00000,0.0000,0.0000,0.0,4.54,0,"Rebate",0,00:00:00:00,,,,,,,,,,,,
,75656190,03/20/2020 12:17,03/20/2020 12:42,XAUUSD,Sell,0.050,0.00000,0.00000,1505.70000,1509.46000,0.0000,0.0000,-376.0,-18.80,-74.48,"[stopout]",0,00:00:24:42,,,,,,,,,,,,
,75655265,03/20/2020 11:58,03/20/2020 12:42,XAUUSD,Sell,0.150,0.00000,0.00000,1507.32000,1509.46000,0.0000,0.0000,-214.0,-32.10,-55.98,"[stopout]",0,00:00:43:37,,,,,,,,,,,,
,75651759,03/20/2020 10:55,03/20/2020 11:06,XAUUSD,Sell,0.200,0.00000,0.00000,1503.43000,1507.88000,0.0000,0.0000,-445.0,-89.00,-60.82,"[stopout]",0,00:00:11:42,,,,,,,,,,,,
,75651737,03/20/2020 10:54,03/20/2020 11:06,XAUUSD,Sell,0.200,0.00000,0.00000,1501.87000,1507.88000,0.0000,0.0000,-601.0,-120.20,-45.10,"[stopout]",0,00:00:12:11,,,,,,,,,,,,
,75651726,03/20/2020 10:54,03/20/2020 11:06,XAUUSD,Sell,0.200,0.00000,0.00000,1504.15000,1507.88000,0.0000,0.0000,-373.0,-74.60,-21.87,"[stopout]",0,00:00:12:28,,,,,,,,,,,,
,75651485,03/20/2020 10:49,03/20/2020 11:06,XAUUSD,Sell,0.200,0.00000,0.00000,1505.28000,1507.88000,0.0000,0.0000,-260.0,-52.00,-13.23,"[stopout]",0,00:00:17:47,,,,,,,,,,,,
,75651167,03/20/2020 10:42,03/20/2020 11:06,XAUUSD,Sell,0.200,0.00000,0.00000,1505.20000,1507.88000,0.0000,0.0000,-268.0,-53.60,-12.00,"[stopout]",0,00:00:23:55,,,,,,,,,,,,
,75650861,03/20/2020 10:37,03/20/2020 10:57,XAUUSD,Sell,0.800,0.00000,0.00000,1507.73000,1506.41000,0.0000,0.0000,132.0,105.60,30.96,"",0,00:00:20:15,,,,,,,,,,,,
,75650854,03/20/2020 10:37,,,Deposit,0.010,0.00000,0.00000,0.00000,0.00000,0.0000,0.0000,0.0,340.00,0,"Transfer from 38149 #7467009",0,00:00:00:00,,,,,,,,,,,,
,75630800,03/19/2020 20:59,03/19/2020 21:59,XAUUSD,Buy,0.020,0.00000,0.00000,1473.03000,1466.68000,0.0000,0.0000,-635.0,-12.70,-91.76,"[stopout]",0,00:00:59:35,70.0,41m,1371.0,0.86,736.0,14.72,-635.0,-12.700000000000001,53.7,0.0,-1371.00,-27.42
,75603814,03/19/2020 13:21,03/19/2020 13:28,XAUUSD,Buy,0.050,0.00000,0.00000,1482.61000,1477.33000,0.0000,0.0000,-528.0,-26.40,-65.61,"[stopout]",0,00:00:06:06,0.0,0s,528.0,555.56,0.0,0.0,-528.0,-26.400000000000002,0.0,0.0,-528.00,-26.40
,75603650,03/19/2020 13:19,03/19/2020 13:28,XAUUSD,Buy,0.050,0.00000,0.00000,1479.56000,1477.33000,0.0000,0.0000,-223.0,-11.15,-21.70,"[stopout]",0,00:00:08:45,25.0,2m,443.0,1.01,220.0,11.0,-223.0,-11.15,49.7,0.0,-443.00,-22.15
,75603646,03/19/2020 13:19,03/19/2020 13:28,XAUUSD,Buy,0.050,0.00000,0.00000,1480.00000,1477.33000,0.0000,0.0000,-267.0,-13.35,-20.62,"[stopout]",0,00:00:08:49,25.0,2m,443.0,1.52,176.0,8.8,-267.0,-13.350000000000001,39.7,0.0,-443.00,-22.15
,75603591,03/19/2020 13:17,03/19/2020 13:28,XAUUSD,Buy,0.150,0.00000,0.00000,1476.71000,1477.33000,0.0000,0.0000,62.0,9.30,16.77,"[stopout]",0,00:00:10:10,100.0,10m,443.0,0.00,505.0,75.75,0.0,0.0,100.0,12.3,-443.00,-66.45
,75603580,03/19/2020 13:17,,,Deposit,0.010,0.00000,0.00000,0.00000,0.00000,0.0000,0.0000,0.0,53.00,0,"Transfer from 38149 #7455380",0,00:00:00:00,,,,,,,,,,,,
,75569641,03/18/2020 19:25,03/18/2020 19:26,XAUUSD,Buy,0.050,0.00000,0.00000,1485.60000,1481.69000,0.0000,0.0000,-391.0,-19.55,-88.90,"[stopout]",0,00:00:01:21,,,,,,,,,,,,
,75529784,03/18/2020 13:47,03/18/2020 13:49,XAUUSD,Sell,0.100,0.00000,0.00000,1502.04000,1505.86000,0.0000,0.0000,-382.0,-38.20,-63.47,"[stopout]",0,00:00:02:25,,,,,,,,,,,,
,75529195,03/18/2020 13:44,03/18/2020 13:49,XAUUSD,Sell,0.100,0.00000,0.00000,1502.66000,1505.86000,0.0000,0.0000,-320.0,-32.00,-34.71,"[stopout]",0,00:00:04:58,,,,,,,,,,,,
,75527394,03/18/2020 13:38,03/18/2020 13:49,XAUUSD,Sell,0.100,0.00000,0.00000,1504.63000,1505.86000,0.0000,0.0000,-123.0,-12.30,-11.77,"[stopout]",0,00:00:11:39,,,,,,,,,,,,
,75527369,03/18/2020 13:38,03/18/2020 13:49,XAUUSD,Sell,0.200,0.00000,0.00000,1505.35000,1505.86000,0.0000,0.0000,-51.0,-10.20,-8.89,"[stopout]",0,00:00:11:47,,,,,,,,,,,,
,75519920,03/18/2020 12:52,03/18/2020 13:00,XAUUSD,Sell,0.100,0.00000,0.00000,1503.28000,1498.16000,0.0000,0.0000,512.0,51.20,80.64,"",0,00:00:07:59,,,,,,,,,,,,
,75519692,03/18/2020 12:49,03/18/2020 12:54,XAUUSD,Sell,0.100,0.00000,0.00000,1505.48000,1505.08000,0.0000,0.0000,40.0,4.00,6.72,"",0,00:00:05:09,,,,,,,,,,,,
,75515991,03/18/2020 12:18,03/18/2020 12:53,XAUUSD,Sell,0.050,0.00000,0.00000,1511.25000,1505.35000,0.0000,0.0000,590.0,29.50,98.37,"",0,00:00:34:47,100.0,34m,449.0,0.00,862.0,43.1,0.0,0.0,100.0,68.4,-272.00,-13.60
,75515968,03/18/2020 12:18,,,Deposit,0.010,0.00000,0.00000,0.00000,0.00000,0.0000,0.0000,0.0,20.70,0,"Transfer from 38149 #7437603",0,00:00:00:00,,,,,,,,,,,,
,75448081,03/17/2020 04:51,03/17/2020 04:54,XAUUSD,Sell,0.150,0.00000,0.00000,1492.57000,1495.88000,0.0000,0.0000,-331.0,-49.65,-84.24,"[stopout]",0,00:00:02:38,,,,,,,,,,,,
,75448055,03/17/2020 04:49,03/17/2020 04:54,XAUUSD,Sell,0.200,0.00000,0.00000,1494.85000,1495.88000,0.0000,0.0000,-103.0,-20.60,-25.90,"[stopout]",0,00:00:04:21,,,,,,,,,,,,
,75447731,03/17/2020 04:32,03/17/2020 04:38,XAUUSD,Sell,0.200,0.00000,0.00000,1487.91000,1492.49000,0.0000,0.0000,-458.0,-91.60,-53.52,"[stopout]",0,00:00:05:43,,,,,,,,,,,,
,75447420,03/17/2020 04:17,03/17/2020 04:38,XAUUSD,Sell,0.200,0.00000,0.00000,1489.64000,1492.49000,0.0000,0.0000,-285.0,-57.00,-24.98,"[stopout]",0,00:00:20:46,0.0,0s,285.0,285.71,0.0,0.0,-285.0,-57.0,0.0,0.0,-285.00,-57.00
,75447413,03/17/2020 04:16,03/17/2020 04:38,XAUUSD,Sell,1.000,0.00000,0.00000,1491.25000,1492.49000,0.0000,0.0000,-124.0,-124.00,-35.21,"[stopout]",0,00:00:21:42,50.0,10m,264.0,0.89,140.0,140.0,-124.0,-124.0,53.0,0.0,-264.00,-264.00
,75447335,03/17/2020 04:12,,,Deposit,0.010,0.00000,0.00000,0.00000,0.00000,0.0000,0.0000,0.0,352.00,0,"Transfer from 38149 #7417253",0,00:00:00:00,,,,,,,,,,,,
,75409127,03/16/2020 10:48,03/16/2020 10:53,XAUUSD,Buy,0.010,0.00000,0.00000,1540.03000,1536.07000,0.0000,0.0000,-396.0,-3.96,-96.59,"[stopout]",0,00:00:04:28,0.0,0s,396.0,400.00,0.0,0.0,-396.0,-3.96,0.0,0.0,-396.00,-3.96
,75409125,03/16/2020 10:48,03/16/2020 10:53,XAUUSD,Buy,0.010,0.00000,0.00000,1540.01000,1536.07000,0.0000,0.0000,-394.0,-3.94,-49.00,"[stopout]",0,00:00:04:31,20.0,54s,395.0,400.00,1.0,0.01,-394.0,-3.94,0.3,0.0,-395.00,-3.95
,75409122,03/16/2020 10:48,03/16/2020 10:53,XAUUSD,Buy,0.010,0.00000,0.00000,1540.03000,1536.07000,0.0000,0.0000,-396.0,-3.96,-33.00,"[stopout]",0,00:00:04:33,0.0,0s,396.0,400.00,0.0,0.0,-396.0,-3.96,0.0,0.0,-396.00,-3.96
,75407465,03/16/2020 10:12,03/16/2020 10:22,XAUUSD,Buy,0.050,0.00000,0.00000,1535.24000,1532.14000,0.0000,0.0000,-310.0,-15.50,-56.36,"[stopout]",0,00:00:10:15,10.0,1m,380.0,46.51,8.0,0.4,-372.0,-18.6,2.1,16.3,-318.00,-15.90
,75407289,03/16/2020 10:09,03/16/2020 10:22,XAUUSD,Buy,0.150,0.00000,0.00000,1533.84000,1532.14000,0.0000,0.0000,-170.0,-25.50,-48.11,"[stopout]",0,00:00:12:49,84.7,10m,387.0,1.50,155.0,23.25,-232.0,-34.8,40.1,16.0,-325.00,-48.75
,75406884,03/16/2020 10:00,03/16/2020 10:05,XAUUSD,Buy,1.000,0.00000,0.00000,1532.35000,1529.65000,0.0000,0.0000,-270.0,-270.00,-83.59,"[stopout]",0,00:00:04:56,40.0,1m,394.0,2.18,124.0,124.0,-270.0,-270.0,31.5,0.0,-394.00,-394.00
,75406873,03/16/2020 10:00,,,Deposit,0.010,0.00000,0.00000,0.00000,0.00000,0.0000,0.0000,0.0,323.00,0,"Transfer from 38149 #7405038",0,00:00:00:00,,,,,,,,,,,,
,75123096,03/05/2020 17:07,,,Withdrawal,0.010,0.00000,0.00000,0.00000,0.00000,0.0000,0.0000,0.0,-88.88,0,"Withdraw CONNECTUM USD #7293487",0,00:00:00:00,,,,,,,,,,,,
,75113792,03/05/2020 13:29,03/05/2020 14:27,XAUUSD,Buy,0.100,0.00000,0.00000,1648.01000,1653.21000,0.0000,0.0000,520.0,52.00,141.00,"",0,00:00:57:55,41.4,23m,176.0,0.24,617.0,61.7,-148.0,-14.8,80.7,87.3,-97.00,-9.70
,75044565,03/03/2020 14:55,03/03/2020 15:22,XAUUSD,Buy,0.100,0.00000,0.00000,1604.16000,1601.06000,0.0000,0.0000,-310.0,-31.00,-45.67,"[stopout]",0,00:00:26:37,0.0,0s,341.0,344.83,0.0,0.0,-341.0,-34.1,0.0,9.1,-310.00,-31.00
,75044553,03/03/2020 14:55,03/03/2020 15:22,XAUUSD,Buy,0.100,0.00000,0.00000,1603.69000,1601.06000,0.0000,0.0000,-263.0,-26.30,-27.93,"[stopout]",0,00:00:26:49,0.0,0s,294.0,294.12,0.0,0.0,-294.0,-29.400000000000002,0.0,10.5,-263.00,-26.30
,75044551,03/03/2020 14:55,03/03/2020 15:22,XAUUSD,Buy,0.200,0.00000,0.00000,1603.68000,1601.06000,0.0000,0.0000,-262.0,-52.40,-35.75,"[stopout]",0,00:00:26:54,0.0,0s,293.0,294.12,0.0,0.0,-293.0,-58.6,0.0,10.6,-262.00,-52.40
,75036629,03/03/2020 10:53,03/03/2020 15:22,XAUUSD,Buy,0.050,0.00000,0.00000,1597.43000,1601.06000,0.0000,0.0000,363.0,18.15,14.13,"[stopout]",0,00:04:28:30,74.1,3h 18m,419.0,0.31,751.0,37.550000000000004,-232.0,-11.600000000000001,76.4,60.5,-388.00,-19.40
,75034992,03/03/2020 10:07,03/03/2020 15:22,XAUUSD,Buy,0.150,0.00000,0.00000,1596.33000,1601.06000,0.0000,0.0000,473.0,70.95,123.43,"[stopout]",0,00:05:14:50,71.5,3h 45m,419.0,0.24,861.0,129.15,-206.0,-30.9,80.7,63.6,-388.00,-58.20
,75034249,03/03/2020 09:47,03/03/2020 09:59,XAUUSD,Buy,1.000,0.00000,0.00000,1597.86000,1595.12000,0.0000,0.0000,-274.0,-274.00,-82.66,"[stopout]",0,00:00:11:58,,,,,,,,,,,,
,75034242,03/03/2020 09:47,,,Deposit,0.010,0.00000,0.00000,0.00000,0.00000,0.0000,0.0000,0.0,331.00,0,"Transfer from 38149 #7266663",0,00:00:00:00,,,,,,,,,,,,
,74986356,03/02/2020 03:53,,,Withdrawal,0.010,0.00000,0.00000,0.00000,0.00000,0.0000,0.0000,0.0,-8018.00,0,"Withdraw CONNECTUM USD #7249114",0,00:00:00:00,,,,,,,,,,,,
,74984139,03/02/2020 02:00,03/02/2020 03:27,XAUUSD,Buy,0.500,0.00000,0.00000,1584.91000,1604.20000,0.0000,0.0000,1929.0,964.50,13.67,"",0,00:01:26:44,87.4,1h 15m,315.0,0.13,2085.0,1042.5,-267.0,-133.5,88.6,93.4,-156.00,-78.00
,74984340,03/02/2020 02:06,03/02/2020 03:25,XAUUSD,Buy,0.500,0.00000,0.00000,1583.77000,1605.19000,0.0000,0.0000,2142.0,1071.00,17.90,"",0,00:01:18:40,97.5,1h 16m,315.0,0.02,2199.0,1099.5,-43.0,-21.5,98.1,97.5,-57.00,-28.50
,74984134,03/02/2020 02:00,03/02/2020 03:05,XAUUSD,Buy,0.500,0.00000,0.00000,1584.76000,1600.95000,0.0000,0.0000,1619.0,809.50,15.65,"",0,00:01:04:21,84.7,54m,260.0,0.14,1844.0,922.0,-252.0,-126.0,88.0,89.3,-225.00,-112.50
,74983451,03/02/2020 01:30,03/02/2020 03:05,XAUUSD,Buy,1.000,0.00000,0.00000,1580.58000,1602.35000,0.0000,0.0000,2177.0,2177.00,72.65,"",0,00:01:34:46,99.0,1h 33m,457.0,0.03,2262.0,2262.0,-72.0,-72.0,96.9,96.4,-85.00,-85.00
,74983379,03/02/2020 01:28,03/02/2020 03:04,XAUUSD,Buy,1.000,0.00000,0.00000,1580.06000,1602.35000,0.0000,0.0000,2229.0,2229.00,290.43,"",0,00:01:36:04,99.0,1h 35m,457.0,0.01,2314.0,2314.0,-20.0,-20.0,99.1,96.4,-85.00,-85.00
,74983373,03/02/2020 01:28,,,Deposit,0.010,0.00000,0.00000,0.00000,0.00000,0.0000,0.0000,0.0,737.00,0,"Transfer from 38149 #7248422",0,00:00:00:00,,,,,,,,,,,,
,74978855,03/01/2020 04:14,,,Deposit,0.010,0.00000,0.00000,0.00000,0.00000,0.0000,0.0000,0.0,29.14,0,"Rebate",0,00:00:00:00,,,,,,,,,,,,
,74978388,03/01/2020 02:16,,,Deposit,0.010,0.00000,0.00000,0.00000,0.00000,0.0000,0.0000,0.0,1.25,0,"IR #56",0,00:00:00:00,,,,,,,,,,,,
,74977935,03/01/2020 02:13,,,Deposit,0.010,0.00000,0.00000,0.00000,0.00000,0.0000,0.0000,0.0,0.09,0,"IR #56 VIP",0,00:00:00:00,,,,,,,,,,,,
,74949861,02/28/2020 12:07,,,Withdrawal,0.010,0.00000,0.00000,0.00000,0.00000,0.0000,0.0000,0.0,-24.56,0,"Withdraw CONNECTUM USD #7230592",0,00:00:00:00,,,,,,,,,,,,
,74949194,02/28/2020 11:52,02/28/2020 12:06,XAUUSD,Buy,0.200,0.00000,0.00000,1628.81000,1625.31000,0.0000,0.0000,-350.0,-70.00,-74.03,"[stopout]",0,00:00:14:18,0.0,0s,350.0,357.14,0.0,0.0,-350.0,-70.0,0.0,0.0,-350.00,-70.00
,74949130,02/28/2020 11:50,02/28/2020 12:06,XAUUSD,Buy,0.300,0.00000,0.00000,1628.05000,1625.31000,0.0000,0.0000,-274.0,-82.20,-46.50,"[stopout]",0,00:00:15:28,12.5,1m,322.0,5.71,48.0,14.399999999999999,-274.0,-82.2,14.9,0.0,-322.00,-96.60
,74949111,02/28/2020 11:50,02/28/2020 12:06,XAUUSD,Buy,0.100,0.00000,0.00000,1628.39000,1625.31000,0.0000,0.0000,-308.0,-30.80,-14.84,"[stopout]",0,00:00:15:54,6.3,1m,322.0,22.03,14.0,1.4000000000000001,-308.0,-30.8,4.3,0.0,-322.00,-32.20
,74948574,02/28/2020 11:39,02/28/2020 11:50,XAUUSD,Sell,0.100,0.00000,0.00000,1631.70000,1628.55000,0.0000,0.0000,315.0,31.50,17.89,"",0,00:00:10:46,81.9,8m,193.0,0.14,508.0,50.800000000000004,-69.0,-6.9,88.0,66.6,-193.00,-19.30
,74948558,02/28/2020 11:39,02/28/2020 11:50,XAUUSD,Sell,0.200,0.00000,0.00000,1632.37000,1628.61000,0.0000,0.0000,376.0,75.20,74.56,"",0,00:00:11:00,91.0,10m,199.0,0.00,575.0,115.0,-2.0,-0.4,99.7,65.5,-199.00,-39.80
,74948268,02/28/2020 11:31,02/28/2020 11:39,XAUUSD,Buy,0.200,0.00000,0.00000,1635.60000,1632.38000,0.0000,0.0000,-322.0,-64.40,-38.97,"[stopout]",0,00:00:07:19,0.0,0s,387.0,400.00,0.0,0.0,-387.0,-77.4,0.0,16.8,-322.00,-64.40
,74948159,02/28/2020 11:30,02/28/2020 11:39,XAUUSD,Buy,0.200,0.00000,0.00000,1635.37000,1632.38000,0.0000,0.0000,-299.0,-59.80,-26.57,"[stopout]",0,00:00:08:36,0.0,0s,364.0,370.37,0.0,0.0,-364.0,-72.8,0.0,17.9,-299.00,-59.80
,74948155,02/28/2020 11:30,02/28/2020 11:39,XAUUSD,Buy,0.200,0.00000,0.00000,1635.76000,1632.38000,0.0000,0.0000,-338.0,-67.60,-23.10,"[stopout]",0,00:00:08:39,0.0,0s,403.0,416.67,0.0,0.0,-403.0,-80.60000000000001,0.0,16.1,-338.00,-67.60
,74948130,02/28/2020 11:30,02/28/2020 11:39,XAUUSD,Buy,0.200,0.00000,0.00000,1633.69000,1632.38000,0.0000,0.0000,-131.0,-26.20,-8.22,"[stopout]",0,00:00:08:59,11.2,1m,256.0,3.27,60.0,12.0,-196.0,-39.2,23.4,25.4,-191.00,-38.20
,74948095,02/28/2020 11:29,02/28/2020 11:39,XAUUSD,Buy,0.200,0.00000,0.00000,1633.25000,1632.38000,0.0000,0.0000,-87.0,-17.40,-5.17,"[stopout]",0,00:00:09:09,70.0,6m,341.0,0.80,189.0,37.800000000000004,-152.0,-30.400000000000002,55.4,19.1,-276.00,-55.20
,74948085,02/28/2020 11:29,02/28/2020 11:39,XAUUSD,Buy,0.500,0.00000,0.00000,1633.11000,1632.38000,0.0000,0.0000,-73.0,-36.50,-9.79,"[stopout]",0,00:00:09:22,70.0,6m,341.0,0.68,203.0,101.5,-138.0,-69.0,59.5,19.1,-276.00,-138.00
,74945329,02/28/2020 10:52,02/28/2020 11:39,XAUUSD,Buy,0.150,0.00000,0.00000,1638.18000,1632.38000,0.0000,0.0000,-580.0,-87.00,-18.92,"[stopout]",0,00:00:46:14,0.0,0s,645.0,666.67,0.0,0.0,-645.0,-96.75,0.0,10.1,-580.00,-87.00
,74948077,02/28/2020 11:29,02/28/2020 11:35,XAUUSD,Buy,0.100,0.00000,0.00000,1633.20000,1633.47000,0.0000,0.0000,27.0,2.70,0.59,"",0,00:00:05:46,100.0,5m,169.0,0.01,194.0,19.400000000000002,0.0,0.0,100.0,13.9,-167.00,-16.70
,74947772,02/28/2020 11:23,02/28/2020 11:29,XAUUSD,Sell,0.100,0.00000,0.00000,1632.21000,1633.19000,0.0000,0.0000,-98.0,-9.80,-2.10,"",0,00:00:05:59,50.0,2m,126.0,3.50,28.0,2.8000000000000003,-98.0,-9.8,22.2,0.0,-126.00,-12.60
,74947552,02/28/2020 11:18,02/28/2020 11:29,XAUUSD,Sell,0.100,0.00000,0.00000,1632.48000,1633.23000,0.0000,0.0000,-75.0,-7.50,-1.58,"",0,00:00:11:13,27.3,3m,140.0,2.55,55.0,5.5,-140.0,-14.0,28.2,33.3,-130.00,-13.00
,74947535,02/28/2020 11:17,02/28/2020 11:29,XAUUSD,Sell,0.100,0.00000,0.00000,1632.76000,1632.94000,0.0000,0.0000,-18.0,-1.80,-0.38,"",0,00:00:11:24,41.7,4m,128.0,1.35,83.0,8.3,-112.0,-11.200000000000001,42.6,48.2,-101.00,-10.10
,74946567,02/28/2020 11:08,02/28/2020 11:29,XAUUSD,Sell,0.100,0.00000,0.00000,1632.76000,1632.85000,0.0000,0.0000,-9.0,-0.90,-0.19,"",0,00:00:20:29,28.6,5m,200.0,1.96,83.0,8.3,-163.0,-16.3,33.7,62.6,-92.00,-9.20
,74946439,02/28/2020 11:07,02/28/2020 11:29,XAUUSD,Sell,0.100,0.00000,0.00000,1634.41000,1632.80000,0.0000,0.0000,161.0,16.10,3.49,"",0,00:00:21:58,100.0,21m,200.0,0.00,248.0,24.8,0.0,0.0,100.0,64.9,-87.00,-8.70
,74946533,02/28/2020 11:08,02/28/2020 11:28,XAUUSD,Sell,0.100,0.00000,0.00000,1633.27000,1632.84000,0.0000,0.0000,43.0,4.30,0.94,"",0,00:00:20:32,75.0,15m,200.0,0.84,134.0,13.4,-112.0,-11.200000000000001,54.5,63.0,-91.00,-9.10
,74946457,02/28/2020 11:07,02/28/2020 11:28,XAUUSD,Sell,0.100,0.00000,0.00000,1633.66000,1632.81000,0.0000,0.0000,85.0,8.50,1.90,"",0,00:00:21:17,76.2,16m,200.0,0.42,173.0,17.3,-73.0,-7.300000000000001,70.3,64.2,-88.00,-8.80
,74946419,02/28/2020 11:06,02/28/2020 11:28,XAUUSD,Sell,0.100,0.00000,0.00000,1634.87000,1632.51000,0.0000,0.0000,236.0,23.60,5.56,"",0,00:00:22:20,100.0,22m,200.0,0.00,294.0,29.400000000000002,0.0,0.0,100.0,80.3,-58.00,-5.80
,74947838,02/28/2020 11:24,02/28/2020 11:26,XAUUSD,Sell,0.100,0.00000,0.00000,1632.71000,1632.70000,0.0000,0.0000,1.0,0.10,0.02,"",0,00:00:01:33,,,,,,,,,,,,
,74946398,02/28/2020 11:05,02/28/2020 11:22,XAUUSD,Sell,0.100,0.00000,0.00000,1635.51000,1634.43000,0.0000,0.0000,108.0,10.80,2.61,"",0,00:00:16:32,100.0,16m,204.0,0.00,312.0,31.200000000000003,0.0,0.0,100.0,34.6,-204.00,-20.40
,74946225,02/28/2020 11:02,02/28/2020 11:22,XAUUSD,Sell,0.100,0.00000,0.00000,1636.05000,1634.39000,0.0000,0.0000,166.0,16.60,4.18,"",0,00:00:20:00,95.0,19m,200.0,0.05,366.0,36.6,-17.0,-1.7000000000000002,95.6,47.8,-200.00,-20.00
,74945644,02/28/2020 10:57,02/28/2020 11:22,XAUUSD,Sell,0.600,0.00000,0.00000,1636.95000,1634.40000,0.0000,0.0000,255.0,153.00,62.69,"",0,00:00:24:23,100.0,24m,201.0,0.00,456.0,273.59999999999997,0.0,0.0,100.0,55.9,-201.00,-120.60
,74945326,02/28/2020 10:52,02/28/2020 10:57,XAUUSD,Buy,0.150,0.00000,0.00000,1637.74000,1636.93000,0.0000,0.0000,-81.0,-12.15,-4.74,"",0,00:00:04:33,0.0,0s,93.0,93.46,0.0,0.0,-93.0,-13.95,0.0,12.9,-81.00,-12.15
,74945322,02/28/2020 10:52,02/28/2020 10:57,XAUUSD,Buy,0.150,0.00000,0.00000,1637.05000,1637.34000,0.0000,0.0000,29.0,4.35,1.73,"",0,00:00:04:21,80.0,3m,86.0,0.39,62.0,9.299999999999999,-24.0,-3.5999999999999996,72.1,61.6,-33.00,-4.95
,74945308,02/28/2020 10:52,02/28/2020 10:56,XAUUSD,Buy,0.050,0.00000,0.00000,1635.41000,1636.75000,0.0000,0.0000,134.0,6.70,2.73,"",0,00:00:03:38,,,,,,,,,,,,
,74945283,02/28/2020 10:51,02/28/2020 10:56,XAUUSD,Buy,0.150,0.00000,0.00000,1633.73000,1636.75000,0.0000,0.0000,302.0,45.30,22.67,"",0,00:00:04:22,100.0,4m,92.0,0.00,394.0,59.099999999999994,0.0,0.0,100.0,76.6,-92.00,-13.80
,74944900,02/28/2020 10:42,02/28/2020 10:56,XAUUSD,Buy,0.200,0.00000,0.00000,1631.95000,1636.96000,0.0000,0.0000,501.0,100.20,100.54,"",0,00:00:13:16,53.9,7m,129.0,0.22,572.0,114.4,-127.0,-25.400000000000002,81.8,89.8,-71.00,-14.20
,74945306,02/28/2020 10:52,02/28/2020 10:55,XAUUSD,Buy,0.050,0.00000,0.00000,1634.91000,1637.07000,0.0000,0.0000,216.0,10.80,12.15,"",0,00:00:03:28,,,,,,,,,,,,
,74944303,02/28/2020 10:29,02/28/2020 10:40,XAUUSD,Buy,0.200,0.00000,0.00000,1636.46000,1632.90000,0.0000,0.0000,-356.0,-71.20,-44.48,"[stopout]",0,00:00:10:19,0.0,0s,539.0,555.56,0.0,0.0,-539.0,-107.80000000000001,0.0,34.0,-356.00,-71.20
,74944174,02/28/2020 10:26,02/28/2020 10:40,XAUUSD,Buy,0.200,0.00000,0.00000,1635.30000,1632.90000,0.0000,0.0000,-240.0,-48.00,-23.07,"[stopout]",0,00:00:13:31,42.9,5m,537.0,3.71,114.0,22.8,-423.0,-84.60000000000001,21.2,34.1,-354.00,-70.80
,74944129,02/28/2020 10:25,02/28/2020 10:40,XAUUSD,Buy,1.000,0.00000,0.00000,1635.39000,1632.90000,0.0000,0.0000,-249.0,-249.00,-54.48,"[stopout]",0,00:00:14:44,40.0,5m,537.0,4.12,105.0,105.0,-432.0,-432.0,19.6,34.1,-354.00,-354.00
,74944289,02/28/2020 10:29,02/28/2020 10:29,EURUSD,Buy,0.500,0.00000,0.00000,1.10256,1.10237,0.0000,0.0000,-1.9,-9.50,-2.04,"",0,00:00:00:19,,,,,,,,,,,,
,74944292,02/28/2020 10:29,02/28/2020 10:29,EURUSD,Buy,0.500,0.00000,0.00000,1.10255,1.10232,0.0000,0.0000,-2.3,-11.50,-2.41,"",0,00:00:00:12,,,,,,,,,,,,
,74943641,02/28/2020 10:18,02/28/2020 10:24,XAUUSD,Buy,0.300,0.00000,0.00000,1641.17000,1633.94000,0.0000,0.0000,-723.0,-216.90,-31.21,"[stopout]",0,00:00:06:43,0.0,0s,741.0,769.23,0.0,0.0,-741.0,-222.29999999999998,0.0,2.4,-723.00,-216.90
,74943610,02/28/2020 10:17,02/28/2020 10:24,XAUUSD,Buy,0.300,0.00000,0.00000,1640.53000,1633.94000,0.0000,0.0000,-659.0,-197.70,-22.15,"[stopout]",0,00:00:07:05,0.0,0s,677.0,714.29,0.0,0.0,-677.0,-203.1,0.0,2.7,-659.00,-197.70
,74943603,02/28/2020 10:17,02/28/2020 10:24,XAUUSD,Buy,0.300,0.00000,0.00000,1640.53000,1633.94000,0.0000,0.0000,-659.0,-197.70,-18.13,"[stopout]",0,00:00:07:08,0.0,0s,677.0,714.29,0.0,0.0,-677.0,-203.1,0.0,2.7,-659.00,-197.70
,74943528,02/28/2020 10:16,02/28/2020 10:24,XAUUSD,Buy,0.300,0.00000,0.00000,1639.65000,1633.94000,0.0000,0.0000,-571.0,-171.30,-13.58,"[stopout]",0,00:00:08:31,0.0,0s,589.0,625.00,0.0,0.0,-589.0,-176.7,0.0,3.1,-571.00,-171.30
,74943502,02/28/2020 10:15,02/28/2020 10:24,XAUUSD,Buy,0.300,0.00000,0.00000,1639.52000,1633.94000,0.0000,0.0000,-558.0,-167.40,-11.71,"[stopout]",0,00:00:08:45,11.2,58s,737.0,3.58,161.0,48.3,-576.0,-172.79999999999998,21.8,2.4,-719.00,-215.70
,74943495,02/28/2020 10:15,02/28/2020 10:24,XAUUSD,Buy,0.300,0.00000,0.00000,1639.36000,1633.94000,0.0000,0.0000,-542.0,-162.60,-10.22,"[stopout]",0,00:00:08:48,11.2,59s,737.0,3.16,177.0,53.1,-560.0,-168.0,24.0,2.4,-719.00,-215.70
,74943463,02/28/2020 10:15,02/28/2020 10:24,XAUUSD,Buy,0.300,0.00000,0.00000,1637.37000,1633.94000,0.0000,0.0000,-343.0,-102.90,-6.07,"[stopout]",0,00:00:09:11,33.4,3m,737.0,0.96,376.0,112.8,-361.0,-108.3,51.0,2.4,-719.00,-215.70
,74943392,02/28/2020 10:14,02/28/2020 10:24,XAUUSD,Buy,0.300,0.00000,0.00000,1637.82000,1633.94000,0.0000,0.0000,-388.0,-116.40,-6.43,"[stopout]",0,00:00:09:48,40.0,3m,737.0,1.23,331.0,99.3,-406.0,-121.8,44.9,2.4,-719.00,-215.70
,74943243,02/28/2020 10:13,02/28/2020 10:24,XAUUSD,Buy,0.300,0.00000,0.00000,1635.59000,1633.94000,0.0000,0.0000,-165.0,-49.50,-2.66,"[stopout]",0,00:00:11:33,63.7,7m,737.0,0.33,554.0,166.2,-183.0,-54.9,75.2,2.4,-719.00,-215.70
,74943230,02/28/2020 10:13,02/28/2020 10:24,XAUUSD,Buy,0.300,0.00000,0.00000,1635.66000,1633.94000,0.0000,0.0000,-172.0,-51.60,-2.70,"[stopout]",0,00:00:11:39,63.7,7m,737.0,0.35,547.0,164.1,-190.0,-57.0,74.2,2.4,-719.00,-215.70
,74943219,02/28/2020 10:13,02/28/2020 10:24,XAUUSD,Buy,0.300,0.00000,0.00000,1635.37000,1633.94000,0.0000,0.0000,-143.0,-42.90,-2.19,"[stopout]",0,00:00:11:42,72.8,8m,737.0,0.28,576.0,172.79999999999998,-161.0,-48.3,78.2,2.4,-719.00,-215.70
,74943203,02/28/2020 10:12,02/28/2020 10:24,XAUUSD,Buy,0.300,0.00000,0.00000,1635.16000,1633.94000,0.0000,0.0000,-122.0,-36.60,-1.84,"[stopout]",0,00:00:11:48,83.4,9m,737.0,0.23,597.0,179.1,-140.0,-42.0,81.0,2.4,-719.00,-215.70
,74943186,02/28/2020 10:12,02/28/2020 10:24,XAUUSD,Buy,0.300,0.00000,0.00000,1634.59000,1633.94000,0.0000,0.0000,-65.0,-19.50,-0.97,"[stopout]",0,00:00:12:00,83.4,10m,737.0,0.13,654.0,196.2,-83.0,-24.9,88.7,2.4,-719.00,-215.70
,74943175,02/28/2020 10:12,02/28/2020 10:24,XAUUSD,Buy,0.300,0.00000,0.00000,1634.46000,1633.94000,0.0000,0.0000,-52.0,-15.60,-0.77,"[stopout]",0,00:00:12:07,83.4,10m,737.0,0.10,667.0,200.1,-70.0,-21.0,90.5,2.4,-719.00,-215.70
,74943105,02/28/2020 10:11,02/28/2020 10:24,XAUUSD,Buy,0.300,0.00000,0.00000,1634.06000,1633.94000,0.0000,0.0000,-12.0,-3.60,-0.18,"[stopout]",0,00:00:12:47,84.7,10m,737.0,0.04,707.0,212.1,-30.0,-9.0,95.9,2.4,-719.00,-215.70
,74943032,02/28/2020 10:11,02/28/2020 10:24,XAUUSD,Buy,0.300,0.00000,0.00000,1633.86000,1633.94000,0.0000,0.0000,8.0,2.40,0.12,"[stopout]",0,00:00:13:05,92.4,12m,737.0,0.01,727.0,218.1,-10.0,-3.0,98.6,2.4,-719.00,-215.70
,74942988,02/28/2020 10:11,02/28/2020 10:24,XAUUSD,Buy,0.300,0.00000,0.00000,1633.59000,1633.94000,0.0000,0.0000,35.0,10.50,0.52,"[stopout]",0,00:00:13:12,100.0,13m,737.0,0.00,754.0,226.2,0.0,0.0,100.0,4.6,-719.00,-215.70
,74942756,02/28/2020 10:10,02/28/2020 10:24,XAUUSD,Buy,0.500,0.00000,0.00000,1632.92000,1633.94000,0.0000,0.0000,102.0,51.00,2.59,"[stopout]",0,00:00:14:07,100.0,14m,737.0,0.00,821.0,410.5,0.0,0.0,100.0,12.4,-719.00,-359.50
,74942702,02/28/2020 10:10,02/28/2020 10:24,XAUUSD,Buy,0.500,0.00000,0.00000,1632.47000,1633.94000,0.0000,0.0000,147.0,73.50,3.88,"[stopout]",0,00:00:14:39,100.0,14m,737.0,0.00,866.0,433.0,0.0,0.0,100.0,17.0,-719.00,-359.50
,74942614,02/28/2020 10:09,02/28/2020 10:24,XAUUSD,Buy,0.500,0.00000,0.00000,1631.96000,1633.94000,0.0000,0.0000,198.0,99.00,5.52,"[stopout]",0,00:00:15:18,100.0,15m,737.0,0.00,917.0,458.5,0.0,0.0,100.0,21.6,-719.00,-359.50
,74942604,02/28/2020 10:09,02/28/2020 10:24,XAUUSD,Buy,1.000,0.00000,0.00000,1631.78000,1633.94000,0.0000,0.0000,216.0,216.00,13.69,"[stopout]",0,00:00:15:24,100.0,15m,737.0,0.00,935.0,935.0,0.0,0.0,100.0,23.1,-719.00,-719.00
,74941894,02/28/2020 09:59,02/28/2020 10:24,XAUUSD,Buy,1.500,0.00000,0.00000,1628.27000,1633.94000,0.0000,0.0000,567.0,850.50,116.93,"[stopout]",0,00:00:25:37,84.0,21m,737.0,0.16,1286.0,1929.0,-210.0,-315.0,86.0,51.9,-719.00,-1078.50
,74941906,02/28/2020 09:59,02/28/2020 10:22,XAUUSD,Buy,0.100,0.00000,0.00000,1628.24000,1634.59000,0.0000,0.0000,635.0,63.50,9.57,"",0,00:00:22:51,82.7,18m,654.0,0.16,1289.0,128.9,-207.0,-20.700000000000003,86.2,56.3,-654.00,-65.40
,74942799,02/28/2020 10:10,02/28/2020 10:22,XAUUSD,Buy,0.500,0.00000,0.00000,1633.45000,1634.61000,0.0000,0.0000,116.0,58.00,9.57,"",0,00:00:11:10,100.0,11m,652.0,0.00,768.0,384.0,0.0,0.0,100.0,15.1,-652.00,-326.00
,74941887,02/28/2020 09:58,,,Deposit,0.010,0.00000,0.00000,0.00000,0.00000,0.0000,0.0000,0.0,603.00,0,"Transfer from 38149 #7228587",0,00:00:00:00,,,,,,,,,,,,
,74906366,02/27/2020 13:10,02/27/2020 18:06,XAUUSD,Buy,0.010,0.00000,0.00000,1648.60000,1645.03000,0.0000,0.0000,-357.0,-3.57,-55.52,"[stopout]",0,00:04:55:49,85.9,4h 14m,1516.0,0.31,1159.0,11.59,-357.0,-3.5700000000000003,76.5,0.0,-1516.00,-15.16
,74906360,02/27/2020 13:10,02/27/2020 18:06,XAUUSD,Buy,0.020,0.00000,0.00000,1648.54000,1645.03000,0.0000,0.0000,-351.0,-7.02,-52.19,"[stopout]",0,00:04:55:56,86.5,4h 15m,1516.0,0.30,1165.0,23.3,-351.0,-7.0200000000000005,76.8,0.0,-1516.00,-30.32
,74906357,02/27/2020 13:10,02/27/2020 18:06,XAUUSD,Buy,0.050,0.00000,0.00000,1648.58000,1645.03000,0.0000,0.0000,-355.0,-17.75,-56.89,"[stopout]",0,00:04:56:01,86.2,4h 15m,1516.0,0.31,1161.0,58.050000000000004,-355.0,-17.75,76.6,0.0,-1516.00,-75.80
,74897413,02/27/2020 09:09,02/27/2020 09:13,XAUUSD,Buy,0.500,0.00000,0.00000,1648.41000,1645.47000,0.0000,0.0000,-294.0,-147.00,-82.49,"[stopout]",0,00:00:03:16,,,,,,,,,,,,
,74895538,02/27/2020 08:00,02/27/2020 08:55,XAUUSD,Buy,0.050,0.00000,0.00000,1652.35000,1649.19000,0.0000,0.0000,-316.0,-15.80,-8.14,"[stopout]",0,00:00:54:46,1.9,1m,325.0,35.21,9.0,0.45,-316.0,-15.8,2.8,0.0,-325.00,-16.25
,74895294,02/27/2020 07:53,02/27/2020 08:55,XAUUSD,Buy,3.000,0.00000,0.00000,1651.96000,1649.19000,0.0000,0.0000,-277.0,-831.00,-81.07,"[stopout]",0,00:01:01:42,21.0,12m,325.0,5.77,48.0,144.0,-277.0,-831.0,14.8,0.0,-325.00,-975.00
,74895284,02/27/2020 07:53,,,Deposit,0.010,0.00000,0.00000,0.00000,0.00000,0.0000,0.0000,0.0,1025.00,0,"Transfer from 38149 #7214996",0,00:00:00:00,,,,,,,,,,,,
,74455109,02/07/2020 17:24,,,Withdrawal,0.010,0.00000,0.00000,0.00000,0.00000,0.0000,0.0000,0.0,-3096.33,0,"Withdraw CONNECTUM USD #7075511",0,00:00:00:00,,,,,,,,,,,,
,74455019,02/07/2020 17:21,,,Withdrawal,0.010,0.00000,0.00000,0.00000,0.00000,0.0000,0.0000,0.0,-10000.00,0,"Withdraw CONNECTUM USD #7075486",0,00:00:00:00,,,,,,,,,,,,
,74453234,02/05/2020 12:03,02/07/2020 17:05,XAUUSD,Buy,0.500,0.00000,1578.00000,1550.04000,1572.72000,0.0000,-28.0000,2268.0,1106.00,9.22,"from #74446692",0,02:05:02:12,100.0,2d 5h ,871.0,0.00,2365.0,1182.5,0.0,0.0,100.0,95.9,-97.00,-48.50
,74446692,02/05/2020 12:03,02/07/2020 16:36,XAUUSD,Buy,0.500,0.00000,1578.00000,1550.04000,1573.33000,0.0000,-28.0000,2329.0,1136.50,10.47,"to #74453234",0,02:04:32:53,100.0,2d 4h ,871.0,0.00,2365.0,1182.5,0.0,0.0,100.0,98.5,-36.00,-18.00
,74447494,02/07/2020 14:43,02/07/2020 15:51,XAUUSD,Buy,1.000,0.00000,0.00000,1566.47000,1568.47000,0.0000,0.0000,200.0,200.00,1.88,"",0,00:01:08:05,27.6,18m,599.0,1.88,319.0,319.0,-599.0,-599.0,34.7,87.0,-119.00,-119.00
,74449045,02/07/2020 15:29,02/07/2020 15:45,XAUUSD,Buy,0.500,0.00000,0.00000,1565.10000,1569.00000,0.0000,0.0000,390.0,195.00,1.86,"",0,00:00:16:04,93.8,15m,149.0,0.01,390.0,195.0,-2.0,-1.0,99.5,100.0,0.00,0.00
,74449297,02/07/2020 15:30,02/07/2020 15:45,XAUUSD,Buy,0.500,0.00000,0.00000,1563.18000,1568.72000,0.0000,0.0000,554.0,277.00,2.72,"",0,00:00:14:29,100.0,14m,149.0,0.00,554.0,277.0,0.0,0.0,100.0,100.0,0.00,0.00
,74419356,02/05/2020 12:03,02/07/2020 14:01,XAUUSD,Buy,1.500,0.00000,1578.00000,1550.04000,1567.75000,0.0000,-84.0000,1771.0,2572.50,33.81,"to #74446692",0,02:01:57:42,100.0,2d 1h ,627.0,0.00,1915.0,2872.5,0.0,0.0,100.0,92.5,-144.00,-216.00
,74439879,02/07/2020 10:14,02/07/2020 13:13,XAUUSD,Buy,0.500,1562.58000,0.00000,1566.27000,1567.80000,0.0000,0.0000,153.0,76.50,1.02,"",0,00:02:58:56,70.4,2h 5m,248.0,0.47,350.0,175.0,-166.0,-83.0,67.8,61.8,-197.00,-98.50
,74435869,02/07/2020 04:30,02/07/2020 12:03,XAUUSD,Buy,0.200,0.00000,0.00000,1566.77000,1567.21000,0.0000,0.0000,44.0,8.80,0.12,"",0,00:07:33:01,28.9,2h 10m,452.0,2.16,159.0,31.8,-343.0,-68.60000000000001,31.7,77.1,-115.00,-23.00
,74436430,02/07/2020 06:19,02/07/2020 12:03,XAUUSD,Buy,0.300,0.00000,0.00000,1566.73000,1567.29000,0.0000,0.0000,56.0,16.80,0.22,"",0,00:05:44:48,16.3,56m,359.0,2.20,163.0,48.9,-359.0,-107.7,31.2,79.5,-107.00,-32.10
,74440681,02/07/2020 10:46,02/07/2020 12:03,XAUUSD,Buy,1.000,1562.58000,0.00000,1565.82000,1567.33000,0.0000,0.0000,151.0,151.00,2.05,"",0,00:01:17:37,61.1,47m,210.0,0.48,254.0,254.0,-121.0,-121.0,67.7,72.5,-103.00,-103.00
,74439869,02/07/2020 10:14,02/07/2020 11:35,XAUUSD,Buy,0.500,0.00000,0.00000,1566.15000,1566.94000,0.0000,0.0000,79.0,39.50,0.54,"",0,00:01:20:53,38.3,30m,248.0,1.38,112.0,56.0,-154.0,-77.0,42.1,87.6,-33.00,-16.50
,74441297,02/07/2020 11:00,02/07/2020 11:35,XAUUSD,Buy,1.000,1562.58000,0.00000,1565.28000,1566.95000,0.0000,0.0000,167.0,167.00,2.34,"",0,00:00:34:28,64.8,22m,130.0,0.34,199.0,199.0,-67.0,-67.0,74.8,88.0,-32.00,-32.00
,74439884,02/07/2020 10:14,02/07/2020 10:32,XAUUSD,Buy,1.000,1564.69000,0.00000,1566.21000,1566.26000,0.0000,0.0000,5.0,5.00,0.07,"",0,00:00:17:19,88.9,15m,83.0,0.73,88.0,88.0,-64.0,-64.0,57.9,45.4,-83.00,-83.00
,74439959,02/07/2020 10:17,02/07/2020 10:27,XAUUSD,Buy,1.000,1563.90000,0.00000,1566.06000,1566.35000,0.0000,0.0000,29.0,29.00,0.41,"",0,00:00:10:10,100.0,10m,74.0,0.01,103.0,103.0,0.0,0.0,100.0,28.2,-74.00,-74.00
,74437367,02/07/2020 08:32,02/07/2020 09:54,XAUUSD,Buy,1.000,0.00000,0.00000,1563.48000,1566.53000,0.0000,0.0000,305.0,305.00,4.48,"",0,00:01:22:09,97.6,1h 20m,113.0,0.04,368.0,368.0,-14.0,-14.0,96.3,83.5,-63.00,-63.00
,74436593,02/07/2020 06:49,02/07/2020 09:36,XAUUSD,Buy,0.500,0.00000,0.00000,1566.20000,1566.41000,0.0000,0.0000,21.0,10.50,0.15,"",0,00:02:47:35,18.0,30m,339.0,9.28,33.0,16.5,-306.0,-153.0,9.7,96.5,-12.00,-6.00
,74420142,02/06/2020 13:41,02/06/2020 20:44,XAUUSD,Buy,0.500,0.00000,0.00000,1565.52000,1566.55000,0.0000,0.0000,103.0,51.50,0.76,"",0,00:07:03:24,28.6,2h 1m,470.0,2.31,142.0,71.0,-328.0,-164.0,30.2,91.7,-39.00,-19.50
,74420174,02/06/2020 13:42,02/06/2020 20:44,XAUUSD,Buy,0.500,0.00000,0.00000,1565.11000,1566.53000,0.0000,0.0000,142.0,71.00,1.06,"",0,00:07:01:45,40.5,2h 50m,470.0,1.57,183.0,91.5,-287.0,-143.5,38.9,91.3,-41.00,-20.50
,74422515,02/06/2020 15:33,02/06/2020 20:37,XAUUSD,Buy,0.500,0.00000,0.00000,1564.75000,1566.55000,0.0000,0.0000,180.0,90.00,1.37,"",0,00:05:03:30,49.2,2h 29m,377.0,1.27,197.0,98.5,-251.0,-125.5,44.0,96.2,-17.00,-8.50
,74420738,02/06/2020 14:10,02/06/2020 15:16,XAUUSD,Buy,0.500,0.00000,0.00000,1564.15000,1566.50000,0.0000,0.0000,235.0,117.50,1.82,"",0,00:01:06:32,100.0,1h 6m,92.0,0.00,279.0,139.5,0.0,0.0,100.0,84.2,-44.00,-22.00
,74416571,02/05/2020 12:03,02/06/2020 13:03,XAUUSD,Buy,1.000,0.00000,0.00000,1550.04000,1566.12000,0.0000,-42.0000,1608.0,1566.00,31.93,"to #74419356",0,01:01:00:27,100.0,1d 1h ,627.0,0.00,1685.0,1685.0,0.0,0.0,100.0,95.4,-77.00,-77.00
,74387645,02/05/2020 12:03,02/06/2020 11:28,XAUUSD,Buy,1.500,0.00000,0.00000,1550.04000,1563.35000,0.0000,-63.0000,1331.0,1933.50,65.09,"to #74416571",0,00:23:25:27,100.0,23h 25m,627.0,0.00,1331.0,1996.5,0.0,0.0,100.0,100.0,0.00,0.00
,74393372,02/05/2020 15:10,02/06/2020 09:53,XAUUSD,Buy,1.000,0.00000,0.00000,1553.16000,1559.75000,0.0000,-42.0000,659.0,617.00,26.21,"",0,00:18:42:55,96.9,18h 8m,627.0,0.18,691.0,691.0,-125.0,-125.0,84.7,96.1,-32.00,-32.00
,74393929,02/05/2020 15:20,02/05/2020 15:47,XAUUSD,Buy,1.000,0.00000,0.00000,1551.63000,1554.00000,0.0000,0.0000,237.0,237.00,11.20,"",0,00:00:27:38,100.0,27m,70.0,0.00,239.0,239.0,0.0,0.0,100.0,99.2,-2.00,-2.00
,74387699,02/05/2020 12:04,02/05/2020 15:15,XAUUSD,Buy,1.000,0.00000,0.00000,1549.98000,1549.81000,0.0000,0.0000,-17.0,-17.00,-0.80,"",0,00:03:10:56,97.5,3h 6m,562.0,0.03,545.0,545.0,-17.0,-17.0,97.0,0.0,-562.00,-562.00
,74386362,02/05/2020 11:47,02/05/2020 12:03,XAUUSD,Sell,0.150,0.00000,0.00000,1549.84000,1550.08000,0.0000,0.0000,-24.0,-3.60,-0.17,"",0,00:00:16:16,,,,,,,,,,,,
,74385884,02/05/2020 11:43,02/05/2020 12:03,XAUUSD,Sell,0.100,0.00000,0.00000,1550.84000,1550.21000,0.0000,0.0000,63.0,6.30,0.30,"",0,00:00:20:48,100.0,20m,257.0,0.00,320.0,32.0,0.0,0.0,100.0,19.7,-257.00,-25.70
,74385892,02/05/2020 11:43,02/05/2020 12:03,XAUUSD,Sell,0.150,0.00000,0.00000,1550.79000,1550.22000,0.0000,0.0000,57.0,8.55,0.40,"",0,00:00:20:35,100.0,20m,258.0,0.00,315.0,47.25,0.0,0.0,100.0,18.1,-258.00,-38.70
,74385808,02/05/2020 11:42,02/05/2020 12:03,XAUUSD,Sell,0.150,0.00000,0.00000,1551.04000,1550.20000,0.0000,0.0000,84.0,12.60,0.60,"",0,00:00:21:29,100.0,21m,256.0,0.00,340.0,51.0,0.0,0.0,100.0,24.7,-256.00,-38.40
,74385988,02/05/2020 11:44,02/05/2020 12:03,XAUUSD,Sell,0.150,0.00000,0.00000,1550.56000,1550.20000,0.0000,0.0000,36.0,5.40,0.26,"",0,00:00:19:00,,,,,,,,,,,,
,74387054,02/05/2020 11:56,02/05/2020 12:02,XAUUSD,Sell,0.300,0.00000,0.00000,1548.57000,1550.32000,0.0000,0.0000,-175.0,-52.50,-2.43,"",0,00:00:05:46,,,,,,,,,,,,
,74385750,02/05/2020 11:41,02/05/2020 12:02,XAUUSD,Sell,0.200,0.00000,0.00000,1551.14000,1550.39000,0.0000,0.0000,75.0,15.00,0.70,"",0,00:00:20:30,100.0,20m,275.0,0.00,350.0,70.0,0.0,0.0,100.0,21.4,-275.00,-55.00
,74385661,02/05/2020 11:40,02/05/2020 12:01,XAUUSD,Sell,0.100,0.00000,0.00000,1551.69000,1550.11000,0.0000,0.0000,158.0,15.80,0.74,"",0,00:00:21:33,100.0,21m,247.0,0.00,405.0,40.5,0.0,0.0,100.0,39.0,-247.00,-24.70
,74385711,02/05/2020 11:41,02/05/2020 12:01,XAUUSD,Sell,0.200,0.00000,0.00000,1551.40000,1549.97000,0.0000,0.0000,143.0,28.60,1.36,"",0,00:00:20:41,100.0,20m,233.0,0.00,376.0,75.2,0.0,0.0,100.0,38.0,-233.00,-46.60
,74385138,02/05/2020 11:35,02/05/2020 12:01,XAUUSD,Sell,0.050,0.00000,0.00000,1551.91000,1550.00000,0.0000,0.0000,191.0,9.55,0.46,"",0,00:00:26:25,100.0,26m,236.0,0.00,427.0,21.35,0.0,0.0,100.0,44.7,-236.00,-11.80
,74385156,02/05/2020 11:35,02/05/2020 12:01,XAUUSD,Sell,0.200,0.00000,0.00000,1551.76000,1550.19000,0.0000,0.0000,157.0,31.40,1.53,"",0,00:00:26:01,100.0,26m,255.0,0.00,412.0,82.4,0.0,0.0,100.0,38.1,-255.00,-51.00
,74386015,02/05/2020 11:44,02/05/2020 12:01,XAUUSD,Sell,0.150,0.00000,0.00000,1550.23000,1549.99000,0.0000,0.0000,24.0,3.60,0.18,"",0,00:00:16:29,,,,,,,,,,,,
,74384990,02/05/2020 11:33,02/05/2020 12:00,XAUUSD,Sell,0.200,0.00000,0.00000,1552.23000,1549.41000,0.0000,0.0000,282.0,56.40,2.82,"",0,00:00:26:47,100.0,26m,185.0,0.00,459.0,91.80000000000001,0.0,0.0,100.0,61.4,-177.00,-35.40
,74385703,02/05/2020 11:41,02/05/2020 12:00,XAUUSD,Sell,0.100,0.00000,0.00000,1551.40000,1549.25000,0.0000,0.0000,215.0,21.50,1.09,"",0,00:00:19:05,,,,,,,,,,,,
,74385898,02/05/2020 11:43,02/05/2020 12:00,XAUUSD,Sell,0.150,0.00000,0.00000,1550.61000,1549.11000,0.0000,0.0000,150.0,22.50,1.15,"",0,00:00:16:52,,,,,,,,,,,,
,74386008,02/05/2020 11:44,02/05/2020 12:00,XAUUSD,Sell,0.150,0.00000,0.00000,1550.47000,1548.92000,0.0000,0.0000,155.0,23.25,1.21,"",0,00:00:15:13,,,,,,,,,,,,
,74386427,02/05/2020 11:47,02/05/2020 11:59,XAUUSD,Sell,0.300,0.00000,0.00000,1549.59000,1549.08000,0.0000,0.0000,51.0,15.30,0.80,"",0,00:00:12:03,,,,,,,,,,,,
,74386360,02/05/2020 11:47,02/05/2020 11:59,XAUUSD,Sell,0.150,0.00000,0.00000,1549.88000,1548.90000,0.0000,0.0000,98.0,14.70,0.77,"",0,00:00:12:13,,,,,,,,,,,,
,74386373,02/05/2020 11:47,02/05/2020 11:59,XAUUSD,Sell,0.300,0.00000,0.00000,1549.71000,1549.01000,0.0000,0.0000,70.0,21.00,1.12,"",0,00:00:12:00,,,,,,,,,,,,
,74385075,02/05/2020 11:34,02/05/2020 11:59,XAUUSD,Sell,0.150,0.00000,0.00000,1552.01000,1549.16000,0.0000,0.0000,285.0,42.75,2.33,"",0,00:00:24:48,100.0,24m,152.0,0.00,437.0,65.55,0.0,0.0,100.0,65.2,-152.00,-22.80
,74384969,02/05/2020 11:33,02/05/2020 11:59,XAUUSD,Sell,0.500,0.00000,0.00000,1552.36000,1548.95000,0.0000,0.0000,341.0,170.50,10.24,"",0,00:00:26:21,100.0,26m,131.0,0.00,472.0,236.0,0.0,0.0,100.0,72.2,-131.00,-65.50
,74384936,02/05/2020 11:32,02/05/2020 11:59,XAUUSD,Sell,2.000,0.00000,0.00000,1552.41000,1548.63000,0.0000,0.0000,378.0,756.00,83.16,"",0,00:00:26:36,100.0,26m,109.0,0.00,477.0,954.0,0.0,0.0,100.0,79.2,-99.00,-198.00
,74384009,02/05/2020 11:14,02/05/2020 11:30,XAUUSD,Buy,15.000,0.00000,0.00000,1555.54000,1552.89000,0.0000,0.0000,-265.0,-3975.00,-81.39,"[stopout]",0,00:00:16:01,,,,,,,,,,,,
,74382281,02/05/2020 10:43,02/05/2020 11:15,XAUUSD,Sell,0.500,0.00000,0.00000,1554.32000,1555.43000,0.0000,0.0000,-111.0,-55.50,-1.12,"",0,00:00:32:41,14.3,4m,171.0,3.00,57.0,28.5,-171.0,-85.5,25.0,26.3,-168.00,-84.00
,74383130,02/05/2020 10:57,02/05/2020 11:13,XAUUSD,Sell,0.500,0.00000,0.00000,1555.91000,1555.31000,0.0000,0.0000,60.0,30.00,0.61,"",0,00:00:15:53,,,,,,,,,,,,
,74381275,02/05/2020 10:32,02/05/2020 11:13,XAUUSD,Sell,0.500,0.00000,0.00000,1558.45000,1555.08000,0.0000,0.0000,337.0,168.50,3.55,"",0,00:00:40:48,100.0,40m,138.0,0.00,470.0,235.0,0.0,0.0,100.0,71.7,-133.00,-66.50
,74383103,02/05/2020 10:57,02/05/2020 11:13,XAUUSD,Sell,0.500,0.00000,0.00000,1555.79000,1555.21000,0.0000,0.0000,58.0,29.00,0.62,"",0,00:00:16:35,,,,,,,,,,,,
,74382425,02/05/2020 10:44,02/05/2020 11:13,XAUUSD,Sell,0.500,0.00000,0.00000,1556.26000,1555.24000,0.0000,0.0000,102.0,51.00,1.09,"",0,00:00:28:48,100.0,28m,149.0,0.00,251.0,125.5,0.0,0.0,100.0,40.6,-149.00,-74.50
,74381126,02/05/2020 10:29,02/05/2020 11:13,XAUUSD,Sell,0.500,0.00000,0.00000,1559.16000,1555.11000,0.0000,0.0000,405.0,202.50,4.54,"",0,00:00:43:39,100.0,43m,169.0,0.00,541.0,270.5,0.0,0.0,100.0,74.9,-136.00,-68.00
,74380990,02/05/2020 10:26,02/05/2020 11:13,XAUUSD,Sell,0.500,0.00000,0.00000,1560.37000,1555.14000,0.0000,0.0000,523.0,261.50,6.23,"",0,00:00:46:44,100.0,46m,169.0,0.00,662.0,331.0,0.0,0.0,100.0,79.0,-139.00,-69.50
,74381003,02/05/2020 10:26,02/05/2020 11:13,XAUUSD,Sell,0.500,0.00000,0.00000,1559.99000,1555.22000,0.0000,0.0000,477.0,238.50,6.02,"",0,00:00:46:19,100.0,46m,169.0,0.00,624.0,312.0,0.0,0.0,100.0,76.4,-147.00,-73.50
,74380963,02/05/2020 10:25,02/05/2020 11:13,XAUUSD,Sell,0.500,0.00000,0.00000,1560.63000,1555.30000,0.0000,0.0000,533.0,266.50,7.22,"",0,00:00:47:23,100.0,47m,169.0,0.00,688.0,344.0,0.0,0.0,100.0,77.5,-155.00,-77.50
,74380999,02/05/2020 10:26,02/05/2020 11:13,XAUUSD,Sell,0.500,0.00000,0.00000,1560.28000,1555.19000,0.0000,0.0000,509.0,254.50,7.40,"",0,00:00:46:14,100.0,46m,169.0,0.00,653.0,326.5,0.0,0.0,100.0,77.9,-144.00,-72.00
,74380959,02/05/2020 10:25,02/05/2020 11:13,XAUUSD,Sell,0.500,0.00000,0.00000,1560.70000,1555.19000,0.0000,0.0000,551.0,275.50,8.71,"",0,00:00:47:17,100.0,47m,169.0,0.00,695.0,347.5,0.0,0.0,100.0,79.3,-144.00,-72.00
,74380948,02/05/2020 10:25,02/05/2020 11:12,XAUUSD,Sell,0.500,0.00000,0.00000,1561.20000,1555.10000,0.0000,0.0000,610.0,305.00,10.68,"",0,00:00:47:23,100.0,47m,169.0,0.00,745.0,372.5,0.0,0.0,100.0,81.9,-135.00,-67.50
,74380706,02/05/2020 10:17,02/05/2020 11:12,XAUUSD,Sell,2.000,0.00000,0.00000,1561.31000,1555.19000,0.0000,0.0000,612.0,1224.00,74.95,"",0,00:00:55:39,100.0,55m,169.0,0.00,756.0,1512.0,0.0,0.0,100.0,81.0,-144.00,-288.00
,74380710,02/05/2020 10:17,02/05/2020 11:12,XAUUSD,Sell,0.500,0.00000,0.00000,1561.29000,1555.17000,0.0000,0.0000,612.0,306.00,23.06,"",0,00:00:55:29,100.0,55m,169.0,0.00,754.0,377.0,0.0,0.0,100.0,81.2,-142.00,-71.00
,74380704,02/05/2020 10:17,02/05/2020 11:12,XAUUSD,Sell,1.000,0.00000,0.00000,1561.40000,1555.19000,0.0000,0.0000,621.0,621.00,87.94,"",0,00:00:55:35,100.0,55m,169.0,0.00,765.0,765.0,0.0,0.0,100.0,81.2,-144.00,-144.00
,74380699,02/05/2020 10:16,,,Deposit,0.010,0.00000,0.00000,0.00000,0.00000,0.0000,0.0000,0.0,706.10,0,"Transfer from 38149 #7054050",0,00:00:00:00,,,,,,,,,,,,
,74301657,02/01/2020 02:00,,,Deposit,0.010,0.00000,0.00000,0.00000,0.00000,0.0000,0.0000,0.0,0.03,0,"IR #55",0,00:00:00:00,,,,,,,,,,,,
,73942919,01/16/2020 10:28,,,Withdrawal,0.010,0.00000,0.00000,0.00000,0.00000,0.0000,0.0000,0.0,-59.84,0,"Withdraw BLINGSPAY USD #6917408",0,00:00:00:00,,,,,,,,,,,,
,73940434,01/16/2020 08:09,01/16/2020 10:13,XAUUSD,Buy,0.020,0.00000,0.00000,1552.84000,1554.31000,0.0000,0.0000,147.0,2.94,5.17,"",0,00:02:04:31,100.0,2h 4m,0.0,0.01,147.0,2.94,0.0,0.0,100.0,100.0,0.00,0.00
,73940373,01/16/2020 08:03,01/16/2020 10:13,XAUUSD,Buy,0.150,0.00000,0.00000,1552.67000,1554.37000,0.0000,0.0000,170.0,25.50,81.21,"",0,00:02:09:54,100.0,2h 9m,0.0,0.01,170.0,25.5,0.0,0.0,100.0,100.0,0.00,0.00
,73940344,01/16/2020 08:02,,,Deposit,0.010,0.00000,0.00000,0.00000,0.00000,0.0000,0.0000,0.0,31.40,0,"Transfer from 38149 #6916667",0,00:00:00:00,,,,,,,,,,,,
,73923591,01/15/2020 14:24,,,Withdrawal,0.010,0.00000,0.00000,0.00000,0.00000,0.0000,0.0000,0.0,-161.71,0,"Withdraw BLINGSPAY USD #6911700",0,00:00:00:00,,,,,,,,,,,,
,73922808,01/15/2020 13:54,01/15/2020 14:18,XAUUSD,Sell,0.150,0.00000,0.00000,1552.24000,1551.66000,0.0000,0.0000,58.0,8.70,5.69,"",0,00:00:24:37,,,,,,,,,,,,
,73922811,01/15/2020 13:54,01/15/2020 14:18,XAUUSD,Sell,0.200,0.00000,0.00000,1552.25000,1551.75000,0.0000,0.0000,50.0,10.00,6.99,"",0,00:00:24:27,,,,,,,,,,,,
,73922813,01/15/2020 13:54,01/15/2020 14:18,XAUUSD,Sell,0.200,0.00000,0.00000,1552.24000,1551.75000,0.0000,0.0000,49.0,9.80,7.36,"",0,00:00:24:17,,,,,,,,,,,,
,73922807,01/15/2020 13:54,01/15/2020 14:18,XAUUSD,Sell,0.150,0.00000,0.00000,1552.24000,1551.75000,0.0000,0.0000,49.0,7.35,5.84,"",0,00:00:24:27,,,,,,,,,,,,
,73922802,01/15/2020 13:53,,,Deposit,0.010,0.00000,0.00000,0.00000,0.00000,0.0000,0.0000,0.0,117.90,0,"Transfer from 38149 #6911488",0,00:00:00:00,,,,,,,,,,,,
,73879895,01/14/2020 05:01,01/14/2020 05:57,XAUUSD,Buy,0.020,0.00000,0.00000,1540.34000,1538.72000,0.0000,0.0000,-162.0,-3.24,-28.93,"[stopout]",0,00:00:55:48,,,,,,,,,,,,
,73879884,01/14/2020 05:00,01/14/2020 05:57,XAUUSD,Buy,0.050,0.00000,0.00000,1540.38000,1538.72000,0.0000,0.0000,-166.0,-8.30,-42.56,"[stopout]",0,00:00:56:41,,,,,,,,,,,,
,73879743,01/14/2020 04:39,01/14/2020 05:57,XAUUSD,Buy,0.200,0.00000,0.00000,1539.56000,1538.72000,0.0000,0.0000,-84.0,-16.80,-46.28,"[stopout]",0,00:01:17:37,,,,,,,,,,,,
,73879741,01/14/2020 04:39,,,Deposit,0.010,0.00000,0.00000,0.00000,0.00000,0.0000,0.0000,0.0,36.00,0,"Transfer from 38149 #6900378",0,00:00:00:00,,,,,,,,,,,,
,73741121,01/07/2020 14:45,01/07/2020 16:46,XAUUSD,Sell,0.010,0.00000,0.00000,1566.07000,1570.97000,0.0000,0.0000,-490.0,-4.90,-94.23,"[stopout]",0,00:02:00:19,,,,,,,,,,,,
,73725877,01/07/2020 08:05,01/07/2020 08:11,XAUUSD,Buy,0.200,0.00000,0.00000,1566.74000,1565.20000,0.0000,0.0000,-154.0,-30.80,-85.56,"[stopout]",0,00:00:05:27,,,,,,,,,,,,
,73725862,01/07/2020 08:05,,,Deposit,0.010,0.00000,0.00000,0.00000,0.00000,0.0000,0.0000,0.0,36.00,0,"Transfer from 38149 #6854361",0,00:00:00:00,,,,,,,,,,,,
,73692068,01/06/2020 07:40,,,Deposit,0.010,0.00000,0.00000,0.00000,0.00000,0.0000,0.0000,0.0,433.22,0,"Balance reset",0,00:00:00:00,,,,,,,,,,,,
,73687372,01/06/2020 01:02,01/06/2020 01:02,XAUUSD,Sell,1.000,0.00000,0.00000,1579.86000,1584.88000,0.0000,0.0000,-502.0,-502.00,-729.86,"[stopout]",0,00:00:00:11,,,,,,,,,,,,
,73687345,01/06/2020 01:02,01/06/2020 01:02,XAUUSD,Sell,1.000,0.00000,0.00000,1582.88000,1584.88000,0.0000,0.0000,-200.0,-200.00,-74.41,"[stopout]",0,00:00:00:19,,,,,,,,,,,,
,73685418,01/04/2020 13:06,,,Deposit,0.010,0.00000,0.00000,0.00000,0.00000,0.0000,0.0000,0.0,268.00,0,"Transfer from 38149 #6841226",0,00:00:00:00,,,,,,,,,,,,
,73663768,01/03/2020 09:19,01/03/2020 09:46,XAUUSD,Sell,0.010,0.00000,0.00000,1540.69000,1542.56000,0.0000,0.0000,-187.0,-1.87,-70.57,"[stopout]",0,00:00:26:42,,,,,,,,,,,,
,73662909,01/03/2020 08:14,01/03/2020 09:46,XAUUSD,Sell,0.020,0.00000,0.00000,1541.81000,1542.56000,0.0000,0.0000,-75.0,-1.50,-36.14,"[stopout]",0,00:01:31:41,,,,,,,,,,,,
,73661318,01/03/2020 05:58,01/03/2020 07:11,XAUUSD,Sell,0.050,0.00000,0.00000,1538.89000,1540.45000,0.0000,0.0000,-156.0,-7.80,-65.27,"[stopout]",0,00:01:13:00,,,,,,,,,,,,
,73660952,01/03/2020 05:20,01/03/2020 07:11,XAUUSD,Sell,0.100,0.00000,0.00000,1539.27000,1540.45000,0.0000,0.0000,-118.0,-11.80,-49.68,"[stopout]",0,00:01:50:30,,,,,,,,,,,,
,73660737,01/03/2020 05:01,01/03/2020 05:16,XAUUSD,Sell,0.100,0.00000,0.00000,1538.01000,1539.57000,0.0000,0.0000,-156.0,-15.60,-39.64,"[stopout]",0,00:00:14:52,,,,,,,,,,,,
,73660735,01/03/2020 05:01,01/03/2020 05:16,XAUUSD,Sell,0.200,0.00000,0.00000,1537.91000,1539.57000,0.0000,0.0000,-166.0,-33.20,-45.76,"[stopout]",0,00:00:15:00,,,,,,,,,,,,
,73660630,01/03/2020 04:55,01/03/2020 05:16,XAUUSD,Sell,0.050,0.00000,0.00000,1539.02000,1539.57000,0.0000,0.0000,-55.0,-2.75,-3.65,"[stopout]",0,00:00:20:48,,,,,,,,,,,,
,73660626,01/03/2020 04:55,01/03/2020 05:16,XAUUSD,Sell,0.500,0.00000,0.00000,1538.91000,1539.57000,0.0000,0.0000,-66.0,-33.00,-30.47,"[stopout]",0,00:00:20:58,,,,,,,,,,,,
,73660625,01/03/2020 04:55,,,Deposit,0.010,0.00000,0.00000,0.00000,0.00000,0.0000,0.0000,0.0,108.00,0,"Transfer from 38149 #6834172",0,00:00:00:00,,,,,,,,,,,,
,73655169,01/02/2020 19:45,01/02/2020 22:05,XAUUSD,Sell,0.010,0.00000,0.00000,1525.03000,1527.63000,0.0000,0.0000,-260.0,-2.60,-89.66,"[stopout]",0,00:02:20:17,,,,,,,,,,,,
,73644548,01/02/2020 14:49,01/02/2020 15:13,XAUUSD,Sell,0.100,0.00000,0.00000,1522.99000,1524.39000,0.0000,0.0000,-140.0,-14.00,-82.84,"[stopout]",0,00:00:23:42,,,,,,,,,,,,
,73641588,01/02/2020 13:08,01/02/2020 14:42,XAUUSD,Sell,0.200,0.00000,0.00000,1521.61000,1523.44000,0.0000,0.0000,-183.0,-36.60,-68.41,"[stopout]",0,00:01:34:00,,,,,,,,,,,,
,73641584,01/02/2020 13:08,01/02/2020 14:42,XAUUSD,Sell,0.500,0.00000,0.00000,1521.61000,1523.44000,0.0000,0.0000,-183.0,-91.50,-63.10,"[stopout]",0,00:01:34:05,,,,,,,,,,,,
,73641554,01/02/2020 13:07,,,Deposit,0.010,0.00000,0.00000,0.00000,0.00000,0.0000,0.0000,0.0,145.00,0,"Transfer from 38149 #6830102",0,00:00:00:00,,,,,,,,,,,,
,73581773,12/27/2019 10:48,,,Withdrawal,0.010,0.00000,0.00000,0.00000,0.00000,0.0000,0.0000,0.0,-109.83,0,"Withdraw CONNECTUM USD #6807308",0,00:00:00:00,,,,,,,,,,,,
,73580275,12/27/2019 10:01,12/27/2019 10:46,XAUUSD,Buy,0.100,0.00000,0.00000,1509.66000,1509.31000,0.0000,0.0000,-35.0,-3.50,-3.09,"",0,00:00:45:18,,,,,,,,,,,,
,73579776,12/27/2019 09:49,12/27/2019 10:46,XAUUSD,Buy,0.150,0.00000,0.00000,1508.09000,1509.31000,0.0000,0.0000,122.0,18.30,19.26,"",0,00:00:57:02,,,,,,,,,,,,
,73579928,12/27/2019 09:58,12/27/2019 10:40,XAUUSD,Buy,0.100,0.00000,0.00000,1508.38000,1509.45000,0.0000,0.0000,107.0,10.70,12.69,"",0,00:00:42:09,,,,,,,,,,,,
,73579777,12/27/2019 09:49,12/27/2019 10:40,XAUUSD,Buy,0.150,0.00000,0.00000,1508.08000,1509.46000,0.0000,0.0000,138.0,20.70,32.53,"",0,00:00:50:41,,,,,,,,,,,,
,73579283,12/27/2019 09:33,12/27/2019 09:48,XAUUSD,Sell,0.100,0.00000,0.00000,1508.11000,1507.98000,0.0000,0.0000,13.0,1.30,2.09,"",0,00:00:15:15,,,,,,,,,,,,
,73579282,12/27/2019 09:33,12/27/2019 09:48,XAUUSD,Sell,0.100,0.00000,0.00000,1508.14000,1507.97000,0.0000,0.0000,17.0,1.70,2.80,"",0,00:00:15:13,,,,,,,,,,,,
,73579276,12/27/2019 09:33,,,Deposit,0.010,0.00000,0.00000,0.00000,0.00000,0.0000,0.0000,0.0,58.60,0,"Transfer from 38149 #6806819",0,00:00:00:00,,,,,,,,,,,,
,73572487,12/26/2019 20:07,12/26/2019 20:39,XAUUSD,Sell,0.020,0.00000,0.00000,1509.14000,1511.01000,0.0000,0.0000,-187.0,-3.74,-64.82,"[stopout]",0,00:00:31:50,,,,,,,,,,,,
,73571913,12/26/2019 19:18,12/26/2019 20:39,XAUUSD,Sell,0.050,0.00000,0.00000,1509.82000,1511.01000,0.0000,0.0000,-119.0,-5.95,-50.77,"[stopout]",0,00:01:21:26,,,,,,,,,,,,
,73571238,12/26/2019 18:38,12/26/2019 19:02,XAUUSD,Sell,0.200,0.00000,0.00000,1507.48000,1508.93000,0.0000,0.0000,-145.0,-29.00,-71.22,"[stopout]",0,00:00:24:13,,,,,,,,,,,,
,73571234,12/26/2019 18:38,12/26/2019 19:02,XAUUSD,Sell,0.200,0.00000,0.00000,1507.56000,1508.93000,0.0000,0.0000,-137.0,-27.40,-40.22,"[stopout]",0,00:00:24:18,,,,,,,,,,,,
,73571233,12/26/2019 18:38,,,Deposit,0.010,0.00000,0.00000,0.00000,0.00000,0.0000,0.0000,0.0,61.00,0,"Transfer from 38149 #6804367",0,00:00:00:00,,,,,,,,,,,,
,73516699,12/20/2019 15:23,12/20/2019 15:30,XAUUSD,Buy,0.100,0.00000,0.00000,1480.20000,1478.44000,0.0000,0.0000,-176.0,-17.60,-71.20,"[stopout]",0,00:00:07:15,,,,,,,,,,,,
,73516694,12/20/2019 15:22,12/20/2019 15:30,XAUUSD,Buy,0.100,0.00000,0.00000,1480.22000,1478.44000,0.0000,0.0000,-178.0,-17.80,-41.86,"[stopout]",0,00:00:07:20,,,,,,,,,,,,
,73507791,12/20/2019 09:20,12/20/2019 15:30,XAUUSD,Buy,0.200,0.00000,0.00000,1479.11000,1478.44000,0.0000,0.0000,-67.0,-13.40,-23.96,"[stopout]",0,00:06:09:49,16.7,1h 1m,172.0,1.59,105.0,21.0,-167.0,-33.4,38.6,36.8,-172.00,-34.40
,73507780,12/20/2019 09:20,,,Deposit,0.010,0.00000,0.00000,0.00000,0.00000,0.0000,0.0000,0.0,55.60,0,"Transfer from 38149 #6779556",0,00:00:00:00,,,,,,,,,,,,
,73492873,12/19/2019 16:05,12/19/2019 16:31,XAUUSD,Buy,0.020,0.00000,0.00000,1476.81000,1474.58000,0.0000,0.0000,-223.0,-4.46,-93.31,"[stopout]",0,00:00:25:50,,,,,,,,,,,,
,73479848,12/19/2019 11:08,12/19/2019 16:31,XAUUSD,Buy,0.010,0.00000,0.00000,1474.34000,1474.58000,0.0000,0.0000,24.0,0.24,5.29,"[stopout]",0,00:05:22:41,80.0,4h 18m,197.0,0.06,221.0,2.21,-14.0,-0.14,94.0,16.2,-197.00,-1.97
,73479847,12/19/2019 11:08,12/19/2019 16:31,XAUUSD,Buy,0.010,0.00000,0.00000,1474.33000,1474.58000,0.0000,0.0000,25.0,0.25,5.83,"[stopout]",0,00:05:22:43,80.0,4h 18m,197.0,0.06,222.0,2.22,-13.0,-0.13,94.5,16.2,-197.00,-1.97
,73478428,12/19/2019 10:24,12/19/2019 11:01,XAUUSD,Buy,0.200,0.00000,0.00000,1475.76000,1473.91000,0.0000,0.0000,-185.0,-37.00,-89.61,"[stopout]",0,00:00:36:42,,,,,,,,,,,,
,73478420,12/19/2019 10:23,,,Deposit,0.010,0.00000,0.00000,0.00000,0.00000,0.0000,0.0000,0.0,38.00,0,"Transfer from 38149 #6772774",0,00:00:00:00,,,,,,,,,,,,
,73445019,12/18/2019 14:20,12/18/2019 15:02,XAUUSD,Buy,0.030,0.00000,0.00000,1476.95000,1475.34000,0.0000,0.0000,-161.0,-4.83,-59.48,"[stopout]",0,00:00:42:46,,,,,,,,,,,,
,73445012,12/18/2019 14:19,12/18/2019 15:02,XAUUSD,Buy,0.100,0.00000,0.00000,1476.93000,1475.34000,0.0000,0.0000,-159.0,-15.90,-66.19,"[stopout]",0,00:00:42:54,,,,,,,,,,,,
,73445001,12/18/2019 14:19,,,Deposit,0.010,0.00000,0.00000,0.00000,0.00000,0.0000,0.0000,0.0,19.80,0,"Transfer from 38149 #6767630",0,00:00:00:00,,,,,,,,,,,,
,73389328,12/17/2019 09:21,12/17/2019 09:55,XAUUSD,Buy,0.200,0.00000,0.00000,1478.04000,1476.02000,0.0000,0.0000,-202.0,-40.40,-90.54,"[stopout]",0,00:00:33:04,,,,,,,,,,,,
,73389324,12/17/2019 09:21,,,Deposit,0.010,0.00000,0.00000,0.00000,0.00000,0.0000,0.0000,0.0,43.00,0,"Transfer from 38149 #6756021",0,00:00:00:00,,,,,,,,,,,,
,73287741,12/12/2019 19:23,12/12/2019 19:30,XAUUSD,Buy,0.010,0.00000,0.00000,1470.87000,1469.25000,0.0000,0.0000,-162.0,-1.62,-50.00,"[stopout]",0,00:00:06:41,,,,,,,,,,,,
,73287682,12/12/2019 19:20,12/12/2019 19:30,XAUUSD,Buy,0.010,0.00000,0.00000,1470.38000,1469.25000,0.0000,0.0000,-113.0,-1.13,-25.86,"[stopout]",0,00:00:10:17,,,,,,,,,,,,
,73287433,12/12/2019 19:10,12/12/2019 19:30,XAUUSD,Buy,0.010,0.00000,0.00000,1470.07000,1469.25000,0.0000,0.0000,-82.0,-0.82,-15.80,"[stopout]",0,00:00:19:33,,,,,,,,,,,,
,73287280,12/12/2019 19:04,12/12/2019 19:30,XAUUSD,Buy,0.010,0.00000,0.00000,1469.25000,1469.25000,0.0000,0.0000,0.0,0.00,0.00,"[stopout]",0,00:00:25:49,,,,,,,,,,,,
,73287105,12/12/2019 18:59,12/12/2019 19:30,XAUUSD,Buy,0.010,0.00000,0.00000,1468.31000,1469.25000,0.0000,0.0000,94.0,0.94,22.12,"[stopout]",0,00:00:30:47,,,,,,,,,,,,
,73286800,12/12/2019 18:45,12/12/2019 19:30,XAUUSD,Buy,0.010,0.00000,0.00000,1467.24000,1469.25000,0.0000,0.0000,201.0,2.01,89.73,"[stopout]",0,00:00:44:46,,,,,,,,,,,,
,73262226,12/12/2019 05:19,12/12/2019 10:35,XAUUSD,Buy,0.050,0.00000,0.00000,1475.57000,1472.37000,0.0000,0.0000,-320.0,-16.00,-87.72,"[stopout]",0,00:05:16:45,0.0,0s,320.0,322.58,0.0,0.0,-320.0,-16.0,0.0,0.0,-320.00,-16.00
,73262223,12/12/2019 05:19,12/12/2019 10:35,XAUUSD,Buy,0.100,0.00000,0.00000,1475.58000,1472.37000,0.0000,0.0000,-321.0,-32.10,-63.77,"[stopout]",0,00:05:16:51,0.0,0s,321.0,322.58,0.0,0.0,-321.0,-32.1,0.0,0.0,-321.00,-32.10
,73262217,12/12/2019 05:17,,,Deposit,0.010,0.00000,0.00000,0.00000,0.00000,0.0000,0.0000,0.0,50.00,0,"Transfer from 38149 #6724579",0,00:00:00:00,,,,,,,,,,,,
,72993521,12/01/2019 01:37,,,Deposit,0.010,0.00000,0.00000,0.00000,0.00000,0.0000,0.0000,0.0,0.01,0,"IR #53",0,00:00:00:00,,,,,,,,,,,,
,72933736,11/27/2019 17:35,11/27/2019 17:59,XAUUSD,Buy,0.020,0.00000,0.00000,1455.79000,1454.49000,0.0000,0.0000,-130.0,-2.60,-88.74,"[stopout]",0,00:00:24:02,,,,,,,,,,,,
,72932962,11/27/2019 17:10,11/27/2019 17:19,XAUUSD,Buy,0.020,0.00000,0.00000,1456.42000,1454.70000,0.0000,0.0000,-172.0,-3.44,-54.00,"[stopout]",0,00:00:08:59,,,,,,,,,,,,
,72932961,11/27/2019 17:10,11/27/2019 17:19,XAUUSD,Buy,0.050,0.00000,0.00000,1456.42000,1454.70000,0.0000,0.0000,-172.0,-8.60,-57.45,"[stopout]",0,00:00:09:05,,,,,,,,,,,,
,72932099,11/27/2019 16:50,11/27/2019 17:19,XAUUSD,Buy,0.010,0.00000,0.00000,1454.03000,1454.70000,0.0000,0.0000,67.0,0.67,4.69,"[stopout]",0,00:00:28:35,,,,,,,,,,,,
,72932098,11/27/2019 16:50,11/27/2019 17:19,XAUUSD,Buy,0.050,0.00000,0.00000,1454.05000,1454.70000,0.0000,0.0000,65.0,3.25,29.41,"[stopout]",0,00:00:28:39,,,,,,,,,,,,
,72931478,11/27/2019 16:39,11/27/2019 16:49,XAUUSD,Buy,0.050,0.00000,0.00000,1455.19000,1453.69000,0.0000,0.0000,-150.0,-7.50,-40.43,"[stopout]",0,00:00:09:41,,,,,,,,,,,,
,72931287,11/27/2019 16:33,11/27/2019 16:49,XAUUSD,Buy,0.050,0.00000,0.00000,1455.00000,1453.69000,0.0000,0.0000,-131.0,-6.55,-26.10,"[stopout]",0,00:00:15:37,,,,,,,,,,,,
,72931281,11/27/2019 16:33,11/27/2019 16:49,XAUUSD,Buy,0.100,0.00000,0.00000,1454.87000,1453.69000,0.0000,0.0000,-118.0,-11.80,-31.98,"[stopout]",0,00:00:15:42,,,,,,,,,,,,
,72931275,11/27/2019 16:33,11/27/2019 16:49,XAUUSD,Buy,0.200,0.00000,0.00000,1454.51000,1453.69000,0.0000,0.0000,-82.0,-16.40,-30.77,"[stopout]",0,00:00:15:48,,,,,,,,,,,,
,72931259,11/27/2019 16:33,,,Deposit,0.010,0.00000,0.00000,0.00000,0.00000,0.0000,0.0000,0.0,51.00,0,"Transfer from 38149 #6635245",0,00:00:00:00,,,,,,,,,,,,
,72898647,11/26/2019 16:03,11/26/2019 16:18,XAUUSD,Buy,0.020,0.00000,0.00000,1456.30000,1454.73000,0.0000,0.0000,-157.0,-3.14,-57.72,"[stopout]",0,00:00:15:01,,,,,,,,,,,,
,72898645,11/26/2019 16:03,11/26/2019 16:18,XAUUSD,Buy,0.020,0.00000,0.00000,1456.33000,1454.73000,0.0000,0.0000,-160.0,-3.20,-37.04,"[stopout]",0,00:00:15:05,,,,,,,,,,,,
,72898401,11/26/2019 15:57,11/26/2019 16:18,XAUUSD,Buy,0.020,0.00000,0.00000,1455.46000,1454.73000,0.0000,0.0000,-73.0,-1.46,-14.46,"[stopout]",0,00:00:21:14,,,,,,,,,,,,
,72898399,11/26/2019 15:57,11/26/2019 16:18,XAUUSD,Buy,0.050,0.00000,0.00000,1455.41000,1454.73000,0.0000,0.0000,-68.0,-3.40,-25.19,"[stopout]",0,00:00:21:18,,,,,,,,,,,,
,72895197,11/26/2019 14:10,11/26/2019 14:56,XAUUSD,Buy,0.100,0.00000,0.00000,1458.05000,1455.97000,0.0000,0.0000,-208.0,-20.80,-60.64,"[stopout]",0,00:00:45:36,,,,,,,,,,,,
,72895193,11/26/2019 14:10,11/26/2019 14:56,XAUUSD,Buy,0.100,0.00000,0.00000,1458.01000,1455.97000,0.0000,0.0000,-204.0,-20.40,-37.29,"[stopout]",0,00:00:45:55,,,,,,,,,,,,
,72895191,11/26/2019 14:10,11/26/2019 14:56,XAUUSD,Buy,0.300,0.00000,0.00000,1458.04000,1455.97000,0.0000,0.0000,-207.0,-62.10,-53.17,"[stopout]",0,00:00:46:01,,,,,,,,,,,,
,72884866,11/26/2019 08:25,11/26/2019 10:37,XAUUSD,Buy,0.200,0.00000,0.00000,1456.16000,1456.74000,0.0000,0.0000,58.0,11.60,11.03,"",0,00:02:12:11,,,,,,,,,,,,
,72883283,11/26/2019 06:39,11/26/2019 10:37,XAUUSD,Buy,0.200,0.00000,0.00000,1454.97000,1456.73000,0.0000,0.0000,176.0,35.20,50.29,"",0,00:03:57:41,,,,,,,,,,,,
,72883281,11/26/2019 06:39,,,Deposit,0.010,0.00000,0.00000,0.00000,0.00000,0.0000,0.0000,0.0,70.00,0,"Transfer from 38149 #6625798",0,00:00:00:00,,,,,,,,,,,,
,72634835,11/15/2019 07:14,,,Withdrawal,0.010,0.00000,0.00000,0.00000,0.00000,0.0000,0.0000,0.0,-16.13,0,"Transfer to 38149 #6563091",0,00:00:00:00,,,,,,,,,,,,
,72627559,11/14/2019 20:08,11/15/2019 07:12,EURUSD,Buy,0.110,0.00000,0.00000,1.10178,1.10244,0.0000,-1.5400,6.6,5.72,54.95,"",0,00:11:03:49,,,,,,,,,,,,
,72288841,11/01/2019 03:53,,,Deposit,0.010,0.00000,0.00000,0.00000,0.00000,0.0000,0.0000,0.0,7.75,0,"Rebate",0,00:00:00:00,,,,,,,,,,,,
,71969322,10/18/2019 18:10,10/18/2019 18:31,EURUSD,Sell,0.050,0.00000,0.00000,1.11373,1.11444,0.0000,0.0000,-7.1,-3.55,-57.17,"[stopout]",0,00:00:21:27,,,,,,,,,,,,
,71968021,10/18/2019 17:16,10/18/2019 18:31,EURUSD,Sell,0.010,0.00000,0.00000,1.11398,1.11444,0.0000,0.0000,-4.6,-0.46,-6.90,"[stopout]",0,00:01:15:40,,,,,,,,,,,,
,71968020,10/18/2019 17:16,10/18/2019 18:31,EURUSD,Sell,0.010,0.00000,0.00000,1.11399,1.11444,0.0000,0.0000,-4.5,-0.45,-6.32,"[stopout]",0,00:01:15:47,,,,,,,,,,,,
,71967346,10/18/2019 16:55,10/18/2019 18:31,EURUSD,Sell,0.050,0.00000,0.00000,1.11400,1.11444,0.0000,0.0000,-4.4,-2.20,-23.61,"[stopout]",0,00:01:36:34,,,,,,,,,,,,
,71966808,10/18/2019 16:38,10/18/2019 18:31,EURUSD,Sell,0.050,0.00000,0.00000,1.11428,1.11444,0.0000,0.0000,-1.6,-0.80,-7.91,"[stopout]",0,00:01:53:06,,,,,,,,,,,,
,71966802,10/18/2019 16:38,10/18/2019 18:31,EURUSD,Sell,0.050,0.00000,0.00000,1.11428,1.11444,0.0000,0.0000,-1.6,-0.80,-7.33,"[stopout]",0,00:01:53:09,,,,,,,,,,,,
,71966801,10/18/2019 16:38,10/18/2019 18:31,EURUSD,Sell,0.050,0.00000,0.00000,1.11425,1.11444,0.0000,0.0000,-1.9,-0.95,-8.00,"[stopout]",0,00:01:53:14,,,,,,,,,,,,
,71966666,10/18/2019 16:33,10/18/2019 16:37,EURUSD,Sell,0.150,0.00000,0.00000,1.11355,1.11434,0.0000,0.0000,-7.9,-11.85,-49.96,"[stopout]",0,00:00:04:01,,,,,,,,,,,,
,71966664,10/18/2019 16:33,10/18/2019 16:37,EURUSD,Sell,0.150,0.00000,0.00000,1.11351,1.11434,0.0000,0.0000,-8.3,-12.45,-34.42,"[stopout]",0,00:00:04:05,,,,,,,,,,,,
,71966661,10/18/2019 16:33,10/18/2019 16:37,EURUSD,Sell,0.050,0.00000,0.00000,1.11356,1.11434,0.0000,0.0000,-7.8,-3.90,-9.73,"[stopout]",0,00:00:04:09,,,,,,,,,,,,
,71966608,10/18/2019 16:32,10/18/2019 16:37,EURUSD,Sell,0.050,0.00000,0.00000,1.11378,1.11434,0.0000,0.0000,-5.6,-2.80,-6.53,"[stopout]",0,00:00:04:48,,,,,,,,,,,,
,71966590,10/18/2019 16:32,10/18/2019 16:37,EURUSD,Sell,0.110,0.00000,0.00000,1.11378,1.11434,0.0000,0.0000,-5.6,-6.16,-12.56,"[stopout]",0,00:00:05:14,,,,,,,,,,,,
,71966581,10/18/2019 16:32,10/18/2019 16:37,EURUSD,Sell,0.110,0.00000,0.00000,1.11376,1.11434,0.0000,0.0000,-5.8,-6.38,-11.51,"[stopout]",0,00:00:05:19,,,,,,,,,,,,
,71966571,10/18/2019 16:32,10/18/2019 16:37,EURUSD,Sell,0.050,0.00000,0.00000,1.11381,1.11434,0.0000,0.0000,-5.3,-2.65,-4.56,"[stopout]",0,00:00:05:23,,,,,,,,,,,,
,71966559,10/18/2019 16:32,10/18/2019 16:37,EURUSD,Sell,0.050,0.00000,0.00000,1.11391,1.11434,0.0000,0.0000,-4.3,-2.15,-3.57,"[stopout]",0,00:00:05:27,,,,,,,,,,,,
,71966550,10/18/2019 16:31,10/18/2019 16:37,EURUSD,Sell,0.050,0.00000,0.00000,1.11400,1.11434,0.0000,0.0000,-3.4,-1.70,-2.75,"[stopout]",0,00:00:05:34,,,,,,,,,,,,
,71966447,10/18/2019 16:29,10/18/2019 16:37,EURUSD,Sell,0.050,0.00000,0.00000,1.11442,1.11434,0.0000,0.0000,0.8,0.40,0.65,"[stopout]",0,00:00:08:22,,,,,,,,,,,,
,71966445,10/18/2019 16:29,10/18/2019 16:37,EURUSD,Sell,0.050,0.00000,0.00000,1.11440,1.11434,0.0000,0.0000,0.6,0.30,0.49,"[stopout]",0,00:00:08:25,,,,,,,,,,,,
,71966333,10/18/2019 16:25,10/18/2019 16:37,EURUSD,Sell,0.110,0.00000,0.00000,1.11439,1.11434,0.0000,0.0000,0.5,0.55,0.91,"[stopout]",0,00:00:11:44,,,,,,,,,,,,
,71966314,10/18/2019 16:25,10/18/2019 16:37,EURUSD,Sell,0.110,0.00000,0.00000,1.11432,1.11434,0.0000,0.0000,-0.2,-0.22,-0.36,"[stopout]",0,00:00:12:16,,,,,,,,,,,,
,71966336,10/18/2019 16:25,10/18/2019 16:37,EURUSD,Sell,0.110,0.00000,0.00000,1.11444,1.11420,0.0000,0.0000,2.4,2.64,4.53,"",0,00:00:11:09,,,,,,,,,,,,
,71966528,10/18/2019 16:31,10/18/2019 16:35,EURUSD,Sell,0.150,0.00000,0.00000,1.11412,1.11407,0.0000,0.0000,0.5,0.75,1.30,"",0,00:00:04:05,,,,,,,,,,,,
,71966527,10/18/2019 16:31,10/18/2019 16:35,EURUSD,Sell,0.150,0.00000,0.00000,1.11412,1.11405,0.0000,0.0000,0.7,1.05,1.86,"",0,00:00:03:46,,,,,,,,,,,,
,71966307,10/18/2019 16:25,10/18/2019 16:34,EURUSD,Sell,0.210,0.00000,0.00000,1.11429,1.11398,0.0000,0.0000,3.1,6.51,13.04,"",0,00:00:09:50,,,,,,,,,,,,
,71966299,10/18/2019 16:24,,,Deposit,0.010,0.00000,0.00000,0.00000,0.00000,0.0000,0.0000,0.0,49.92,0,"Transfer from 38149 #6403635",0,00:00:00:00,,,,,,,,,,,,
,71915244,10/17/2019 11:23,,,Withdrawal,0.010,0.00000,0.00000,0.00000,0.00000,0.0000,0.0000,0.0,-201.00,0,"Withdraw CONNECTUM USD #6393680",0,00:00:00:00,,,,,,,,,,,,
,71909377,10/17/2019 05:12,10/17/2019 09:42,XAUUSD,Buy,0.400,0.00000,0.00000,1488.02000,1491.02000,0.0000,0.0000,300.0,120.00,148.13,"from #71908413",0,00:04:30:03,,,,,,,,,,,,
,71908413,10/17/2019 05:12,10/17/2019 07:34,XAUUSD,Buy,0.110,0.00000,0.00000,1488.02000,1488.13000,0.0000,0.0000,11.0,1.21,1.52,"to #71909377",0,00:02:22:38,,,,,,,,,,,,
,71908410,10/17/2019 05:11,,,Deposit,0.010,0.00000,0.00000,0.00000,0.00000,0.0000,0.0000,0.0,79.00,0,"Transfer from 38149 #6392119",0,00:00:00:00,,,,,,,,,,,,
,71870569,10/16/2019 10:17,10/16/2019 10:24,XAUUSD,Buy,0.010,0.00000,0.00000,1484.06000,1482.41000,0.0000,0.0000,-165.0,-1.65,-67.35,"[stopout]",0,00:00:06:58,,,,,,,,,,,,
,71870563,10/16/2019 10:17,10/16/2019 10:24,XAUUSD,Buy,0.020,0.00000,0.00000,1484.19000,1482.41000,0.0000,0.0000,-178.0,-3.56,-59.23,"[stopout]",0,00:00:07:07,,,,,,,,,,,,
,71866609,10/16/2019 09:05,10/16/2019 09:15,XAUUSD,Buy,0.210,0.00000,0.00000,1482.41000,1480.12000,0.0000,0.0000,-229.0,-48.09,-88.89,"[stopout]",0,00:00:09:46,,,,,,,,,,,,
,71865699,10/16/2019 08:07,10/16/2019 09:05,XAUUSD,Buy,0.210,0.00000,0.00000,1483.77000,1482.01000,0.0000,0.0000,-176.0,-36.96,-40.59,"[stopout]",0,00:00:57:27,,,,,,,,,,,,
,71865499,10/16/2019 07:46,10/16/2019 09:05,XAUUSD,Buy,0.210,0.00000,0.00000,1484.27000,1482.01000,0.0000,0.0000,-226.0,-47.46,-34.26,"[stopout]",0,00:01:18:41,,,,,,,,,,,,
,71864245,10/16/2019 05:41,10/16/2019 09:05,XAUUSD,Buy,0.210,0.00000,0.00000,1482.97000,1482.01000,0.0000,0.0000,-96.0,-20.16,-12.70,"[stopout]",0,00:03:23:28,,,,,,,,,,,,
,71864242,10/16/2019 05:41,10/16/2019 09:05,XAUUSD,Buy,0.210,0.00000,0.00000,1482.87000,1482.01000,0.0000,0.0000,-86.0,-18.06,-10.22,"[stopout]",0,00:03:23:47,,,,,,,,,,,,
,71864233,10/16/2019 05:41,10/16/2019 09:05,XAUUSD,Buy,0.210,0.00000,0.00000,1482.87000,1482.01000,0.0000,0.0000,-86.0,-18.06,-9.27,"[stopout]",0,00:03:23:52,,,,,,,,,,,,
,71864232,10/16/2019 05:41,10/16/2019 09:05,XAUUSD,Buy,0.210,0.00000,0.00000,1482.86000,1482.01000,0.0000,0.0000,-85.0,-17.85,-8.39,"[stopout]",0,00:03:23:55,,,,,,,,,,,,
,71864230,10/16/2019 05:41,10/16/2019 09:05,XAUUSD,Buy,0.710,0.00000,0.00000,1482.86000,1482.01000,0.0000,0.0000,-85.0,-60.35,-22.11,"[stopout]",0,00:03:24:00,,,,,,,,,,,,
,71864227,10/16/2019 05:40,,,Deposit,0.010,0.00000,0.00000,0.00000,0.00000,0.0000,0.0000,0.0,273.00,0,"Transfer from 38149 #6383776",0,00:00:00:00,,,,,,,,,,,,
,71769305,10/11/2019 19:25,,,Withdrawal,0.010,0.00000,0.00000,0.00000,0.00000,0.0000,0.0000,0.0,-896.31,0,"Withdraw CONNECTUM USD #6358271",0,00:00:00:00,,,,,,,,,,,,
,71766947,10/11/2019 18:21,10/11/2019 19:07,XAUUSD,Buy,0.510,0.00000,0.00000,1480.67000,1483.53000,0.0000,0.0000,286.0,145.86,19.44,"",0,00:00:46:14,,,,,,,,,,,,
,71764639,10/11/2019 17:42,10/11/2019 19:05,XAUUSD,Buy,0.510,0.00000,0.00000,1475.26000,1482.74000,0.0000,0.0000,748.0,381.48,103.39,"",0,00:01:22:58,,,,,,,,,,,,
,71764641,10/11/2019 17:42,10/11/2019 19:04,XAUUSD,Buy,0.210,0.00000,0.00000,1475.26000,1482.75000,0.0000,0.0000,749.0,157.29,74.31,"",0,00:01:22:43,,,,,,,,,,,,
,71767406,10/11/2019 18:31,10/11/2019 18:48,XAUUSD,Buy,0.510,0.00000,0.00000,1478.84000,1480.47000,0.0000,0.0000,163.0,83.13,64.67,"",0,00:00:16:38,,,,,,,,,,,,
,71764595,10/11/2019 17:41,,,Deposit,0.010,0.00000,0.00000,0.00000,0.00000,0.0000,0.0000,0.0,121.00,0,"Transfer from 38149 #6357297",0,00:00:00:00,,,,,,,,,,,,
,71714116,10/10/2019 18:04,10/10/2019 18:14,XAUUSD,Buy,0.050,0.00000,0.00000,1493.76000,1491.94000,0.0000,0.0000,-182.0,-9.10,-54.65,"[stopout]",0,00:00:10:07,,,,,,,,,,,,
,71714073,10/10/2019 18:04,10/10/2019 18:14,XAUUSD,Buy,0.210,0.00000,0.00000,1493.79000,1491.94000,0.0000,0.0000,-185.0,-38.85,-70.00,"[stopout]",0,00:00:10:21,,,,,,,,,,,,
,71712728,10/10/2019 17:44,10/10/2019 18:03,XAUUSD,Buy,0.210,0.00000,0.00000,1494.42000,1492.83000,0.0000,0.0000,-159.0,-33.39,-37.56,"[stopout]",0,00:00:18:29,,,,,,,,,,,,
,71712719,10/10/2019 17:44,10/10/2019 18:03,XAUUSD,Buy,0.310,0.00000,0.00000,1494.34000,1492.83000,0.0000,0.0000,-151.0,-46.81,-34.50,"[stopout]",0,00:00:18:44,,,,,,,,,,,,
,71712415,10/10/2019 17:39,10/10/2019 18:03,XAUUSD,Buy,0.310,0.00000,0.00000,1494.54000,1492.83000,0.0000,0.0000,-171.0,-53.01,-28.09,"[stopout]",0,00:00:24:08,,,,,,,,,,,,
,71712412,10/10/2019 17:39,10/10/2019 18:03,XAUUSD,Buy,0.310,0.00000,0.00000,1494.62000,1492.83000,0.0000,0.0000,-179.0,-55.49,-22.72,"[stopout]",0,00:00:24:16,,,,,,,,,,,,
,71712403,10/10/2019 17:38,10/10/2019 18:03,XAUUSD,Buy,0.810,0.00000,0.00000,1494.63000,1492.83000,0.0000,0.0000,-180.0,-145.80,-37.38,"[stopout]",0,00:00:24:26,,,,,,,,,,,,
,71712381,10/10/2019 17:38,,,Deposit,0.010,0.00000,0.00000,0.00000,0.00000,0.0000,0.0000,0.0,390.00,0,"Transfer from 38149 #6346204",0,00:00:00:00,,,,,,,,,,,,
,71527533,10/04/2019 09:16,,,Deposit,0.010,0.00000,0.00000,0.00000,0.00000,0.0000,0.0000,0.0,17.81,0,"Balance reset",0,00:00:00:00,,,,,,,,,,,,
,71527163,10/04/2019 09:02,10/04/2019 09:13,XAUUSD,Sell,0.100,0.00000,0.00000,1506.66000,1508.86000,0.0000,0.0000,-220.0,-22.00,-525.06,"[stopout]",0,00:00:10:52,,,,,,,,,,,,
,71527162,10/04/2019 09:02,10/04/2019 09:13,XAUUSD,Sell,0.100,0.00000,0.00000,1506.64000,1508.86000,0.0000,0.0000,-222.0,-22.20,-84.12,"[stopout]",0,00:00:10:57,,,,,,,,,,,,
,71526879,10/04/2019 08:49,10/04/2019 09:13,XAUUSD,Sell,0.100,0.00000,0.00000,1507.31000,1508.86000,0.0000,0.0000,-155.0,-15.50,-37.00,"[stopout]",0,00:00:24:29,,,,,,,,,,,,
,71526673,10/04/2019 08:43,10/04/2019 09:13,XAUUSD,Sell,0.100,0.00000,0.00000,1507.29000,1508.86000,0.0000,0.0000,-157.0,-15.70,-27.26,"[stopout]",0,00:00:30:02,,,,,,,,,,,,
,71525894,10/04/2019 07:43,10/04/2019 09:13,XAUUSD,Sell,0.100,0.00000,0.00000,1507.85000,1508.86000,0.0000,0.0000,-101.0,-10.10,-14.92,"[stopout]",0,00:01:30:35,,,,,,,,,,,,
,71525890,10/04/2019 07:42,10/04/2019 09:13,XAUUSD,Sell,0.100,0.00000,0.00000,1507.83000,1508.86000,0.0000,0.0000,-103.0,-10.30,-13.21,"[stopout]",0,00:01:31:12,,,,,,,,,,,,
,71525848,10/04/2019 07:36,10/04/2019 09:13,XAUUSD,Sell,0.100,0.00000,0.00000,1508.04000,1508.86000,0.0000,0.0000,-82.0,-8.20,-9.51,"[stopout]",0,00:01:36:45,,,,,,,,,,,,
,71525847,10/04/2019 07:36,10/04/2019 09:13,XAUUSD,Sell,0.100,0.00000,0.00000,1508.13000,1508.86000,0.0000,0.0000,-73.0,-7.30,-7.81,"[stopout]",0,00:01:37:04,,,,,,,,,,,,
,71525716,10/04/2019 07:23,10/04/2019 09:13,XAUUSD,Sell,0.200,0.00000,0.00000,1508.73000,1508.86000,0.0000,0.0000,-13.0,-2.60,-2.71,"[stopout]",0,00:01:49:53,,,,,,,,,,,,
,71525711,10/04/2019 07:23,,,Deposit,0.010,0.00000,0.00000,0.00000,0.00000,0.0000,0.0000,0.0,90.90,0,"Transfer from 38149 #6307189",0,00:00:00:00,,,,,,,,,,,,
,71488680,10/03/2019 11:11,10/03/2019 11:18,XAUUSD,Buy,0.200,0.00000,0.00000,1498.99000,1497.66000,0.0000,0.0000,-133.0,-26.60,-83.67,"[stopout]",0,00:00:07:10,,,,,,,,,,,,
,71481343,10/03/2019 05:06,10/03/2019 06:10,XAUUSD,Buy,0.200,0.00000,0.00000,1501.66000,1499.88000,0.0000,0.0000,-178.0,-35.60,-52.83,"[stopout]",0,00:01:03:38,,,,,,,,,,,,
,71481342,10/03/2019 05:06,10/03/2019 06:10,XAUUSD,Buy,1.000,0.00000,0.00000,1501.61000,1499.88000,0.0000,0.0000,-173.0,-173.00,-71.97,"[stopout]",0,00:01:03:53,,,,,,,,,,,,
,71481341,10/03/2019 05:06,,,Deposit,0.010,0.00000,0.00000,0.00000,0.00000,0.0000,0.0000,0.0,239.00,0,"Transfer from 38149 #6298634",0,00:00:00:00,,,,,,,,,,,,
,71440886,10/02/2019 09:57,10/02/2019 10:09,XAUUSD,Sell,0.050,0.00000,0.00000,1476.49000,1478.05000,0.0000,0.0000,-156.0,-7.80,-84.87,"[stopout]",0,00:00:11:54,,,,,,,,,,,,
,71440610,10/02/2019 09:47,10/02/2019 09:56,XAUUSD,Sell,0.200,0.00000,0.00000,1475.08000,1477.01000,0.0000,0.0000,-193.0,-38.60,-80.77,"[stopout]",0,00:00:09:03,,,,,,,,,,,,
,71440215,10/02/2019 09:33,10/02/2019 09:56,XAUUSD,Sell,0.100,0.00000,0.00000,1476.00000,1477.01000,0.0000,0.0000,-101.0,-10.10,-17.45,"[stopout]",0,00:00:22:42,,,,,,,,,,,,
,71440181,10/02/2019 09:33,10/02/2019 09:56,XAUUSD,Sell,0.100,0.00000,0.00000,1476.11000,1477.01000,0.0000,0.0000,-90.0,-9.00,-13.45,"[stopout]",0,00:00:23:32,,,,,,,,,,,,
,71438886,10/02/2019 08:58,10/02/2019 09:56,XAUUSD,Sell,0.200,0.00000,0.00000,1478.40000,1476.63000,0.0000,0.0000,177.0,35.40,112.42,"",0,00:00:57:47,,,,,,,,,,,,
,71438884,10/02/2019 08:58,,,Deposit,0.010,0.00000,0.00000,0.00000,0.00000,0.0000,0.0000,0.0,31.00,0,"Transfer from 38149 #6291251",0,00:00:00:00,,,,,,,,,,,,
,71418833,10/01/2019 17:41,10/01/2019 17:42,XAUUSD,Sell,0.050,0.00000,0.00000,1479.94000,1482.17000,0.0000,0.0000,-223.0,-11.15,-95.79,"[stopout]",0,00:00:01:01,,,,,,,,,,,,
,71409117,10/01/2019 15:32,10/01/2019 15:36,XAUUSD,Sell,0.200,0.00000,0.00000,1463.42000,1464.98000,0.0000,0.0000,-156.0,-31.20,-72.83,"[stopout]",0,00:00:03:27,,,,,,,,,,,,
,71409079,10/01/2019 15:32,10/01/2019 15:36,XAUUSD,Sell,0.200,0.00000,0.00000,1464.02000,1464.98000,0.0000,0.0000,-96.0,-19.20,-30.95,"[stopout]",0,00:00:04:05,,,,,,,,,,,,
,71408782,10/01/2019 15:29,10/01/2019 15:31,XAUUSD,Buy,1.500,0.00000,0.00000,1465.87000,1464.26000,0.0000,0.0000,-161.0,-241.50,-79.56,"[stopout]",0,00:00:01:48,,,,,,,,,,,,
,71408775,10/01/2019 15:29,10/01/2019 15:31,XAUUSD,Buy,3.000,0.00000,0.00000,1465.97000,1464.26000,0.0000,0.0000,-171.0,-513.00,-62.83,"[stopout]",0,00:00:01:55,,,,,,,,,,,,
,71405122,10/01/2019 13:56,10/01/2019 15:29,XAUUSD,Sell,0.500,0.00000,0.00000,1467.67000,1465.56000,0.0000,0.0000,211.0,105.50,14.84,"",0,00:01:32:25,,,,,,,,,,,,
,71405816,10/01/2019 14:19,10/01/2019 15:29,XAUUSD,Sell,0.500,0.00000,0.00000,1468.71000,1465.55000,0.0000,0.0000,316.0,158.00,28.57,"",0,00:01:09:54,,,,,,,,,,,,
,71405112,10/01/2019 13:56,10/01/2019 15:29,XAUUSD,Sell,0.500,0.00000,0.00000,1467.94000,1465.56000,0.0000,0.0000,238.0,119.00,27.42,"",0,00:01:32:28,,,,,,,,,,,,
,71402869,10/01/2019 12:51,,,Deposit,0.010,0.00000,0.00000,0.00000,0.00000,0.0000,0.0000,0.0,429.00,0,"Transfer from 20086891 #6282579",0,00:00:00:00,,,,,,,,,,,,
,71384730,10/01/2019 03:52,,,Deposit,0.010,0.00000,0.00000,0.00000,0.00000,0.0000,0.0000,0.0,5.04,0,"Rebate",0,00:00:00:00,,,,,,,,,,,,
,71343521,09/30/2019 02:05,,,Withdrawal,0.010,0.00000,0.00000,0.00000,0.00000,0.0000,0.0000,0.0,-445.50,0,"Withdraw CONNECTUM USD #6266945",0,00:00:00:00,,,,,,,,,,,,
,71342699,09/30/2019 01:05,09/30/2019 01:36,XAUUSD,Buy,0.500,0.00000,0.00000,1496.80000,1498.86000,0.0000,0.0000,206.0,103.00,30.07,"",0,00:00:30:48,,,,,,,,,,,,
,71342697,09/30/2019 01:05,09/30/2019 01:36,XAUUSD,Buy,0.500,0.00000,0.00000,1496.81000,1498.86000,0.0000,0.0000,205.0,102.50,42.71,"",0,00:00:30:46,,,,,,,,,,,,
,71342696,09/30/2019 01:05,,,Deposit,0.010,0.00000,0.00000,0.00000,0.00000,0.0000,0.0000,0.0,240.00,0,"Transfer from 38149 #6266791",0,00:00:00:00,,,,,,,,,,,,
,71308599,09/27/2019 09:40,,,Deposit,0.010,0.00000,0.00000,0.00000,0.00000,0.0000,0.0000,0.0,8.63,0,"Balance reset",0,00:00:00:00,,,,,,,,,,,,
,71308494,09/27/2019 09:38,09/27/2019 09:39,XAUUSD,Buy,0.050,0.00000,0.00000,1502.26000,1497.73000,0.0000,0.0000,-453.0,-22.65,-161.55,"[stopout]",0,00:00:01:00,,,,,,,,,,,,
,71308305,09/27/2019 09:32,09/27/2019 09:35,XAUUSD,Buy,0.500,0.00000,0.00000,1503.05000,1501.37000,0.0000,0.0000,-168.0,-84.00,-85.70,"[stopout]",0,00:00:02:48,,,,,,,,,,,,
,71308297,09/27/2019 09:32,,,Deposit,0.010,0.00000,0.00000,0.00000,0.00000,0.0000,0.0000,0.0,97.80,0,"Transfer from 38149 #6253825",0,00:00:00:00,,,,,,,,,,,,
,71279245,09/26/2019 13:44,,,Withdrawal,0.010,0.00000,0.00000,0.00000,0.00000,0.0000,0.0000,0.0,-267.00,0,"Withdraw CONNECTUM USD #6248779",0,00:00:00:00,,,,,,,,,,,,
,71275647,09/26/2019 12:09,09/26/2019 13:39,XAUUSD,Buy,0.200,0.00000,0.00000,1508.04000,1509.48000,0.0000,0.0000,144.0,28.80,12.08,"",0,00:01:30:14,,,,,,,,,,,,
,71275644,09/26/2019 12:09,09/26/2019 13:39,XAUUSD,Buy,0.500,0.00000,0.00000,1507.93000,1509.50000,0.0000,0.0000,157.0,78.50,49.09,"",0,00:01:30:19,,,,,,,,,,,,
,71275586,09/26/2019 12:07,,,Deposit,0.010,0.00000,0.00000,0.00000,0.00000,0.0000,0.0000,0.0,159.92,0,"Transfer from 38149 #6248075",0,00:00:00:00,,,,,,,,,,,,
,71106093,09/20/2019 09:58,,,Withdrawal,0.010,0.00000,0.00000,0.00000,0.00000,0.0000,0.0000,0.0,-88.55,0,"Withdraw CONNECTUM USD #6213209",0,00:00:00:00,,,,,,,,,,,,
,71105661,09/20/2019 09:45,09/20/2019 09:56,XAUUSD,Sell,0.050,0.00000,0.00000,1504.63000,1504.15000,0.0000,0.0000,48.0,2.40,2.79,"",0,00:00:11:34,,,,,,,,,,,,
,71105368,09/20/2019 09:33,09/20/2019 09:56,XAUUSD,Sell,0.020,0.00000,0.00000,1505.18000,1504.05000,0.0000,0.0000,113.0,2.26,2.69,"",0,00:00:22:55,,,,,,,,,,,,
,71105659,09/20/2019 09:44,09/20/2019 09:56,XAUUSD,Sell,0.020,0.00000,0.00000,1504.68000,1503.91000,0.0000,0.0000,77.0,1.54,1.87,"",0,00:00:11:32,,,,,,,,,,,,
,71105361,09/20/2019 09:33,09/20/2019 09:56,XAUUSD,Sell,0.020,0.00000,0.00000,1505.29000,1504.16000,0.0000,0.0000,113.0,2.26,2.82,"",0,00:00:23:05,,,,,,,,,,,,
,71105357,09/20/2019 09:33,09/20/2019 09:56,XAUUSD,Sell,0.050,0.00000,0.00000,1505.33000,1504.24000,0.0000,0.0000,109.0,5.45,7.30,"",0,00:00:23:08,,,,,,,,,,,,
,71105341,09/20/2019 09:32,09/20/2019 09:56,XAUUSD,Sell,0.200,0.00000,0.00000,1505.21000,1504.10000,0.0000,0.0000,111.0,22.20,42.33,"",0,00:00:24:01,,,,,,,,,,,,
,71103035,09/20/2019 07:48,,,Deposit,0.010,0.00000,0.00000,0.00000,0.00000,0.0000,0.0000,0.0,52.44,0,"Transfer from 38149 #6212516",0,00:00:00:00,,,,,,,,,,,,
,71068005,09/19/2019 08:18,,,Withdrawal,0.010,0.00000,0.00000,0.00000,0.00000,0.0000,0.0000,0.0,-190.00,0,"Withdraw CONNECTUM USD #6206179",0,00:00:00:00,,,,,,,,,,,,
,71065994,09/19/2019 06:20,09/19/2019 07:48,XAUUSD,Buy,0.500,0.00000,0.00000,1494.31000,1495.17000,0.0000,0.0000,86.0,43.00,29.25,"",0,00:01:28:14,,,,,,,,,,,,
,71065958,09/19/2019 06:18,,,Deposit,0.010,0.00000,0.00000,0.00000,0.00000,0.0000,0.0000,0.0,147.00,0,"Transfer from 38149 #6205598",0,00:00:00:00,,,,,,,,,,,,
,71024254,09/18/2019 04:57,,,Withdrawal,0.010,0.00000,0.00000,0.00000,0.00000,0.0000,0.0000,0.0,-247.50,0,"Withdraw CONNECTUM USD #6198142",0,00:00:00:00,,,,,,,,,,,,
,71024161,09/18/2019 04:44,09/18/2019 04:46,XAUUSD,Buy,0.500,0.00000,0.00000,1502.33000,1502.63000,0.0000,0.0000,30.0,15.00,6.45,"from #71024150",0,00:00:01:59,,,,,,,,,,,,
,71024150,09/18/2019 04:44,09/18/2019 04:45,XAUUSD,Buy,0.500,0.00000,0.00000,1502.33000,1502.56000,0.0000,0.0000,23.0,11.50,5.20,"to #71024161",0,00:00:01:04,,,,,,,,,,,,
,71024149,09/18/2019 04:44,,,Deposit,0.010,0.00000,0.00000,0.00000,0.00000,0.0000,0.0000,0.0,221.00,0,"Transfer from 38149 #6198115",0,00:00:00:00,,,,,,,,,,,,
,70986823,09/17/2019 09:08,,,Deposit,0.010,0.00000,0.00000,0.00000,0.00000,0.0000,0.0000,0.0,2.40,0,"Balance reset",0,00:00:00:00,,,,,,,,,,,,
,70986462,09/17/2019 08:55,09/17/2019 09:04,XAUUSD,Buy,0.100,0.00000,0.00000,1497.83000,1495.50000,0.0000,0.0000,-233.0,-23.30,-111.48,"[stopout]",0,00:00:09:09,,,,,,,,,,,,
,70986230,09/17/2019 08:40,09/17/2019 08:53,XAUUSD,Buy,0.200,0.00000,0.00000,1498.71000,1497.14000,0.0000,0.0000,-157.0,-31.40,-60.04,"[stopout]",0,00:00:13:08,,,,,,,,,,,,
,70985982,09/17/2019 08:20,09/17/2019 08:53,XAUUSD,Buy,0.200,0.00000,0.00000,1498.29000,1497.14000,0.0000,0.0000,-115.0,-23.00,-30.54,"[stopout]",0,00:00:33:28,,,,,,,,,,,,
,70985375,09/17/2019 07:45,09/17/2019 08:53,XAUUSD,Buy,0.200,0.00000,0.00000,1497.42000,1497.14000,0.0000,0.0000,-28.0,-5.60,-6.92,"[stopout]",0,00:01:07:53,,,,,,,,,,,,
,70985374,09/17/2019 07:45,09/17/2019 08:53,XAUUSD,Buy,0.300,0.00000,0.00000,1497.41000,1497.14000,0.0000,0.0000,-27.0,-8.10,-9.10,"[stopout]",0,00:01:07:59,,,,,,,,,,,,
,70983782,09/17/2019 05:37,09/17/2019 07:45,XAUUSD,Buy,1.000,0.00000,0.00000,1499.90000,1497.06000,0.0000,0.0000,-284.0,-284.00,-76.14,"[stopout]",0,00:02:07:14,,,,,,,,,,,,
,70982905,09/17/2019 04:57,09/17/2019 07:45,XAUUSD,Buy,1.000,0.00000,0.00000,1499.54000,1497.06000,0.0000,0.0000,-248.0,-248.00,-39.94,"[stopout]",0,00:02:47:36,,,,,,,,,,,,
,70982606,09/17/2019 04:42,09/17/2019 07:45,XAUUSD,Buy,1.500,0.00000,0.00000,1498.27000,1497.06000,0.0000,0.0000,-121.0,-181.50,-22.62,"[stopout]",0,00:03:02:44,,,,,,,,,,,,
,70982601,09/17/2019 04:42,09/17/2019 05:33,XAUUSD,Buy,1.500,0.00000,0.00000,1498.21000,1499.28000,0.0000,0.0000,107.0,160.50,25.00,"",0,00:00:50:57,,,,,,,,,,,,
,70982599,09/17/2019 04:42,,,Deposit,0.010,0.00000,0.00000,0.00000,0.00000,0.0000,0.0000,0.0,642.00,0,"Transfer from 38149 #6189020",0,00:00:00:00,,,,,,,,,,,,
,70907479,09/13/2019 09:59,,,Withdrawal,0.010,0.00000,0.00000,0.00000,0.00000,0.0000,0.0000,0.0,-123.00,0,"Withdraw CONNECTUM USD #6170866",0,00:00:00:00,,,,,,,,,,,,
,70905372,09/13/2019 09:25,09/13/2019 09:36,XAUUSD,Buy,0.100,0.00000,0.00000,1499.49000,1501.35000,0.0000,0.0000,186.0,18.60,17.82,"",0,00:00:10:39,,,,,,,,,,,,
,70904675,09/13/2019 09:03,09/13/2019 09:23,XAUUSD,Buy,0.100,0.00000,0.00000,1498.70000,1499.09000,0.0000,0.0000,39.0,3.90,3.88,"",0,00:00:20:53,,,,,,,,,,,,
,70904525,09/13/2019 08:52,09/13/2019 09:23,XAUUSD,Buy,0.100,0.00000,0.00000,1497.62000,1499.10000,0.0000,0.0000,148.0,14.80,17.27,"",0,00:00:31:21,,,,,,,,,,,,
,70904524,09/13/2019 08:52,09/13/2019 09:23,XAUUSD,Buy,0.200,0.00000,0.00000,1497.62000,1498.84000,0.0000,0.0000,122.0,24.40,39.80,"",0,00:00:31:21,,,,,,,,,,,,
,70904676,09/13/2019 09:03,09/13/2019 09:21,XAUUSD,Buy,0.100,0.00000,0.00000,1498.70000,1498.93000,0.0000,0.0000,23.0,2.30,3.90,"",0,00:00:18:36,,,,,,,,,,,,
,70904495,09/13/2019 08:50,,,Deposit,0.010,0.00000,0.00000,0.00000,0.00000,0.0000,0.0000,0.0,59.00,0,"Transfer from 38149 #6170419",0,00:00:00:00,,,,,,,,,,,,
,70861480,09/12/2019 11:47,,,Withdrawal,0.010,0.00000,0.00000,0.00000,0.00000,0.0000,0.0000,0.0,-204.03,0,"Withdraw CONNECTUM USD #6163283",0,00:00:00:00,,,,,,,,,,,,
,70854323,09/12/2019 06:50,09/12/2019 09:17,XAUUSD,Buy,0.200,0.00000,1504.00000,1493.11000,1496.25000,0.0000,0.0000,314.0,62.80,44.47,"",0,00:02:26:54,,,,,,,,,,,,
,70855521,09/12/2019 08:23,09/12/2019 08:59,XAUUSD,Buy,0.050,0.00000,0.00000,1496.54000,1498.04000,0.0000,0.0000,150.0,7.50,5.61,"",0,00:00:35:50,,,,,,,,,,,,
,70855132,09/12/2019 07:55,09/12/2019 08:59,XAUUSD,Buy,0.050,0.00000,0.00000,1495.55000,1498.05000,0.0000,0.0000,250.0,12.50,10.31,"",0,00:01:03:49,,,,,,,,,,,,
,70855068,09/12/2019 07:48,09/12/2019 08:59,XAUUSD,Buy,0.050,0.00000,0.00000,1494.91000,1498.04000,0.0000,0.0000,313.0,15.65,14.82,"",0,00:01:10:35,,,,,,,,,,,,
,70854832,09/12/2019 07:25,09/12/2019 08:59,XAUUSD,Buy,0.030,0.00000,0.00000,1494.66000,1498.03000,0.0000,0.0000,337.0,10.11,10.59,"",0,00:01:33:06,,,,,,,,,,,,
,70855523,09/12/2019 08:23,09/12/2019 08:58,XAUUSD,Buy,0.050,0.00000,0.00000,1496.52000,1498.05000,0.0000,0.0000,153.0,7.65,8.71,"",0,00:00:35:31,,,,,,,,,,,,
,70854688,09/12/2019 07:14,09/12/2019 08:58,XAUUSD,Buy,0.020,0.00000,0.00000,1494.45000,1498.03000,0.0000,0.0000,358.0,7.16,8.88,"",0,00:01:44:22,,,,,,,,,,,,
,70855133,09/12/2019 07:55,09/12/2019 08:58,XAUUSD,Buy,0.050,0.00000,0.00000,1495.53000,1498.05000,0.0000,0.0000,252.0,12.60,18.51,"",0,00:01:03:26,,,,,,,,,,,,
,70854680,09/12/2019 07:14,09/12/2019 08:58,XAUUSD,Buy,0.100,0.00000,0.00000,1494.37000,1498.11000,0.0000,0.0000,374.0,37.40,121.98,"",0,00:01:44:33,,,,,,,,,,,,
,70854172,09/12/2019 06:48,09/12/2019 06:50,XAUUSD,Buy,0.300,0.00000,0.00000,1494.91000,1492.82000,0.0000,0.0000,-209.0,-62.70,-67.16,"[stopout]",0,00:00:02:04,,,,,,,,,,,,
,70854097,09/12/2019 06:40,09/12/2019 06:50,XAUUSD,Buy,1.000,0.00000,0.00000,1494.37000,1492.82000,0.0000,0.0000,-155.0,-155.00,-62.41,"[stopout]",0,00:00:09:25,,,,,,,,,,,,
,70854091,09/12/2019 06:39,,,Deposit,0.000,0.00000,0.00000,0.00000,0.00000,0.0000,0.0000,0.0,248.36,0,"Transfer from 38149 #6161885",0,00:00:00:00,,,,,,,,,,,,

