Tags,Ticket,Open Date,Close Date,Symbol,Action,Units/Lots,SL,TP,Open Price,Close Price,Commission,Swap,Pips,Profit,Gain,Comment,Magic Number,Duration (DD:HH:MM:SS),Profitable(%),Profitable(time duration),Drawdown,Risk:Reward,Max(pips),Max(USD),Min(pips),Min(USD),Entry Accuracy(%),Exit Accuracy(%),ProfitMissed(pips),ProfitMissed(USD)
,54002126,12/01/2020 03:56,,,Deposit,0.010,0.00000,0.00000,0.00000,0.00000,0.0000,0.0000,0.0,5.31,0,"Rebate",0,00:00:00:00,,,,,,,,,,,,
,53785837,11/25/2020 16:35,11/25/2020 16:47,XAUUSD,Sell,0.010,0.00000,0.00000,1813.53000,1817.13000,0.0000,0.0000,-360.0,-3.60,-56.96,"[stopout]",0,00:00:12:16,0.0,0s,389.0,400.00,0.0,0.0,-389.0,-3.89,0.0,7.5,-360.00,-3.60
,53785830,11/25/2020 16:35,11/25/2020 16:47,XAUUSD,Sell,0.010,0.00000,0.00000,1813.71000,1817.13000,0.0000,0.0000,-342.0,-3.42,-35.11,"[stopout]",0,00:00:12:19,0.0,0s,371.0,384.62,0.0,0.0,-371.0,-3.71,0.0,7.8,-342.00,-3.42
,53785826,11/25/2020 16:35,11/25/2020 16:47,XAUUSD,Sell,0.010,0.00000,0.00000,1813.53000,1817.13000,0.0000,0.0000,-360.0,-3.60,-26.99,"[stopout]",0,00:00:12:22,0.0,0s,389.0,400.00,0.0,0.0,-389.0,-3.89,0.0,7.5,-360.00,-3.60
,53785816,11/25/2020 16:35,11/25/2020 16:47,XAUUSD,Sell,0.010,0.00000,0.00000,1813.52000,1817.13000,0.0000,0.0000,-361.0,-3.61,-21.30,"[stopout]",0,00:00:12:29,0.0,0s,390.0,400.00,0.0,0.0,-390.0,-3.9,0.0,7.4,-361.00,-3.61
,53784860,11/25/2020 16:23,11/25/2020 16:35,XAUUSD,Sell,0.010,0.00000,0.00000,1810.51000,1814.01000,0.0000,0.0000,-350.0,-3.50,-17.11,"[stopout]",0,00:00:11:22,0.0,0s,350.0,357.14,0.0,0.0,-350.0,-3.5,0.0,0.0,-350.00,-3.50
,53784855,11/25/2020 16:23,11/25/2020 16:35,XAUUSD,Sell,0.010,0.00000,0.00000,1810.70000,1814.01000,0.0000,0.0000,-331.0,-3.31,-13.93,"[stopout]",0,00:00:11:25,0.0,0s,331.0,333.33,0.0,0.0,-331.0,-3.31,0.0,0.0,-331.00,-3.31
,53784850,11/25/2020 16:23,11/25/2020 16:35,XAUUSD,Sell,0.010,0.00000,0.00000,1810.92000,1814.01000,0.0000,0.0000,-309.0,-3.09,-11.51,"[stopout]",0,00:00:11:31,9.1,1m,312.0,103.09,3.0,0.03,-309.0,-3.09,1.0,0.0,-312.00,-3.12
,53784797,11/25/2020 16:21,11/25/2020 16:35,XAUUSD,Sell,0.010,0.00000,0.00000,1810.91000,1814.01000,0.0000,0.0000,-310.0,-3.10,-10.35,"[stopout]",0,00:00:13:04,7.7,1m,312.0,156.25,2.0,0.02,-310.0,-3.1,0.6,0.0,-312.00,-3.12
,53784792,11/25/2020 16:21,11/25/2020 16:35,XAUUSD,Sell,0.010,0.00000,0.00000,1811.43000,1814.01000,0.0000,0.0000,-258.0,-2.58,-7.93,"[stopout]",0,00:00:13:10,46.2,6m,312.0,4.78,54.0,0.54,-258.0,-2.58,17.3,0.0,-312.00,-3.12
,53784622,11/25/2020 16:17,11/25/2020 16:35,XAUUSD,Sell,0.020,0.00000,0.00000,1811.66000,1814.01000,0.0000,0.0000,-235.0,-4.70,-12.62,"[stopout]",0,00:00:17:40,53.0,9m,312.0,3.05,77.0,1.54,-235.0,-4.7,24.7,0.0,-312.00,-6.24
,53784615,11/25/2020 16:17,11/25/2020 16:35,XAUUSD,Sell,0.010,0.00000,0.00000,1811.47000,1814.01000,0.0000,0.0000,-254.0,-2.54,-6.39,"[stopout]",0,00:00:17:46,47.1,8m,312.0,4.38,58.0,0.58,-254.0,-2.54,18.6,0.0,-312.00,-3.12
,53784352,11/25/2020 16:13,11/25/2020 16:35,XAUUSD,Sell,0.010,0.00000,0.00000,1812.36000,1814.01000,0.0000,0.0000,-165.0,-1.65,-3.98,"[stopout]",0,00:00:21:49,62.0,13m,312.0,1.12,147.0,1.47,-165.0,-1.6500000000000001,47.1,0.0,-312.00,-3.12
,53784350,11/25/2020 16:13,11/25/2020 16:35,XAUUSD,Sell,0.010,0.00000,0.00000,1812.53000,1814.01000,0.0000,0.0000,-148.0,-1.48,-3.45,"[stopout]",0,00:00:21:54,66.7,14m,312.0,0.90,164.0,1.6400000000000001,-148.0,-1.48,52.6,0.0,-312.00,-3.12
,53784333,11/25/2020 16:12,11/25/2020 16:35,XAUUSD,Sell,0.020,0.00000,0.00000,1812.66000,1814.01000,0.0000,0.0000,-135.0,-2.70,-5.92,"[stopout]",0,00:00:22:05,68.2,15m,312.0,0.76,177.0,3.54,-135.0,-2.7,56.7,0.0,-312.00,-6.24
,53784055,11/25/2020 16:08,11/25/2020 16:35,XAUUSD,Sell,0.020,0.00000,0.00000,1813.32000,1814.01000,0.0000,0.0000,-69.0,-1.38,-2.94,"[stopout]",0,00:00:26:21,92.4,24m,312.0,0.28,243.0,4.86,-69.0,-1.3800000000000001,77.9,0.0,-312.00,-6.24
,53784053,11/25/2020 16:08,11/25/2020 16:35,XAUUSD,Sell,0.100,0.00000,0.00000,1813.30000,1814.01000,0.0000,0.0000,-71.0,-7.10,-13.13,"[stopout]",0,00:00:26:25,92.4,24m,312.0,0.29,241.0,24.1,-71.0,-7.1000000000000005,77.2,0.0,-312.00,-31.20
,53783209,11/25/2020 15:56,11/25/2020 16:35,XAUUSD,Sell,0.010,0.00000,0.00000,1815.19000,1814.01000,0.0000,0.0000,118.0,1.18,2.23,"[stopout]",0,00:00:38:10,100.0,38m,312.0,0.00,430.0,4.3,0.0,0.0,100.0,27.4,-312.00,-3.12
,53784042,11/25/2020 16:08,,,Deposit,0.010,0.00000,0.00000,0.00000,0.00000,0.0000,0.0000,0.0,29.02,0,"Transfer from 21062305 #9724739",0,00:00:00:00,,,,,,,,,,,,
,53783991,11/25/2020 16:07,,,Deposit,0.010,0.00000,0.00000,0.00000,0.00000,0.0000,0.0000,0.0,18.73,0,"Transfer from 21048678 #9724727",0,00:00:00:00,,,,,,,,,,,,
,53782840,11/25/2020 15:49,11/25/2020 15:56,XAUUSD,Sell,0.010,0.00000,0.00000,1812.16000,1815.59000,0.0000,0.0000,-343.0,-3.43,-39.98,"[stopout]",0,00:00:06:50,0.0,0s,343.0,344.83,0.0,0.0,-343.0,-3.43,0.0,0.0,-343.00,-3.43
,53782759,11/25/2020 15:48,11/25/2020 15:56,XAUUSD,Sell,0.010,0.00000,0.00000,1812.75000,1815.59000,0.0000,0.0000,-284.0,-2.84,-24.87,"[stopout]",0,00:00:08:04,12.5,1m,290.0,47.39,6.0,0.06,-284.0,-2.84,2.1,0.0,-290.00,-2.90
,53782307,11/25/2020 15:41,11/25/2020 15:56,XAUUSD,Sell,0.020,0.00000,0.00000,1812.56000,1815.59000,0.0000,0.0000,-303.0,-6.06,-34.67,"[stopout]",0,00:00:15:00,0.0,0s,303.0,303.03,0.0,0.0,-303.0,-6.0600000000000005,0.0,0.0,-303.00,-6.06
,53782301,11/25/2020 15:41,11/25/2020 15:56,XAUUSD,Sell,0.020,0.00000,0.00000,1812.46000,1815.59000,0.0000,0.0000,-313.0,-6.26,-26.37,"[stopout]",0,00:00:15:02,0.0,0s,313.0,322.58,0.0,0.0,-313.0,-6.26,0.0,0.0,-313.00,-6.26
,53782297,11/25/2020 15:41,11/25/2020 15:56,XAUUSD,Sell,0.020,0.00000,0.00000,1812.36000,1815.59000,0.0000,0.0000,-323.0,-6.46,-21.39,"[stopout]",0,00:00:15:04,0.0,0s,323.0,333.33,0.0,0.0,-323.0,-6.46,0.0,0.0,-323.00,-6.46
,53781267,11/25/2020 15:31,11/25/2020 15:40,XAUUSD,Buy,0.020,0.00000,0.00000,1816.93000,1813.37000,0.0000,0.0000,-356.0,-7.12,-19.08,"[stopout]",0,00:00:09:26,0.0,0s,429.0,434.78,0.0,0.0,-429.0,-8.58,0.0,17.0,-356.00,-7.12
,53781221,11/25/2020 15:31,11/25/2020 15:40,XAUUSD,Buy,0.050,0.00000,0.00000,1816.90000,1813.37000,0.0000,0.0000,-353.0,-17.65,-32.11,"[stopout]",0,00:00:09:42,0.0,0s,426.0,434.78,0.0,0.0,-426.0,-21.3,0.0,17.1,-353.00,-17.65
,53781119,11/25/2020 15:30,11/25/2020 15:40,XAUUSD,Buy,0.200,0.00000,0.00000,1815.90000,1813.37000,0.0000,0.0000,-253.0,-50.60,-47.93,"[stopout]",0,00:00:10:18,10.0,1m,343.0,19.19,17.0,3.4000000000000004,-326.0,-65.2,5.0,21.3,-270.00,-54.00
,53781113,11/25/2020 15:30,11/25/2020 15:40,XAUUSD,Buy,0.200,0.00000,0.00000,1816.01000,1813.37000,0.0000,0.0000,-264.0,-52.80,-33.34,"[stopout]",0,00:00:10:20,10.0,1m,343.0,56.18,6.0,1.2000000000000002,-337.0,-67.4,1.7,21.3,-270.00,-54.00
,53779746,11/25/2020 15:06,11/25/2020 15:30,XAUUSD,Sell,0.200,0.00000,0.00000,1812.00000,1815.65000,0.0000,0.0000,-365.0,-73.00,-31.55,"[stopout]",0,00:00:23:28,54.2,12m,568.0,3.27,133.0,26.6,-435.0,-87.0,23.4,12.3,-498.00,-99.60
,53779659,11/25/2020 15:03,11/25/2020 15:30,XAUUSD,Sell,0.100,0.00000,0.00000,1812.19000,1815.65000,0.0000,0.0000,-346.0,-34.60,-13.01,"from #53779638 [stopout]",0,00:00:26:13,55.6,14m,568.0,2.74,152.0,15.200000000000001,-416.0,-41.6,26.8,12.3,-498.00,-49.80
,53779005,11/25/2020 14:56,11/25/2020 15:30,XAUUSD,Sell,0.050,0.00000,0.00000,1812.90000,1815.65000,0.0000,0.0000,-275.0,-13.75,-4.92,"[stopout]",0,00:00:33:35,64.8,21m,568.0,1.55,223.0,11.15,-345.0,-17.25,39.3,12.3,-498.00,-24.90
,53778997,11/25/2020 14:56,11/25/2020 15:30,XAUUSD,Sell,0.050,0.00000,0.00000,1813.08000,1815.65000,0.0000,0.0000,-257.0,-12.85,-4.39,"[stopout]",0,00:00:33:40,70.6,23m,568.0,1.36,241.0,12.05,-327.0,-16.35,42.4,12.3,-498.00,-24.90
,53778833,11/25/2020 14:53,11/25/2020 15:30,XAUUSD,Sell,0.050,0.00000,0.00000,1813.18000,1815.65000,0.0000,0.0000,-247.0,-12.35,-4.05,"[stopout]",0,00:00:36:30,67.6,24m,568.0,1.26,251.0,12.55,-317.0,-15.850000000000001,44.2,12.3,-498.00,-24.90
,53778785,11/25/2020 14:53,11/25/2020 15:30,XAUUSD,Sell,0.050,0.00000,0.00000,1813.25000,1815.65000,0.0000,0.0000,-240.0,-12.00,-3.79,"[stopout]",0,00:00:37:09,67.6,25m,568.0,1.20,258.0,12.9,-310.0,-15.5,45.4,12.3,-498.00,-24.90
,53778778,11/25/2020 14:52,11/25/2020 15:30,XAUUSD,Sell,0.050,0.00000,0.00000,1813.29000,1815.65000,0.0000,0.0000,-236.0,-11.80,-3.59,"[stopout]",0,00:00:37:16,65.8,24m,568.0,1.17,262.0,13.100000000000001,-306.0,-15.3,46.1,12.3,-498.00,-24.90
,53778734,11/25/2020 14:52,11/25/2020 15:30,XAUUSD,Sell,0.050,0.00000,0.00000,1813.48000,1815.65000,0.0000,0.0000,-217.0,-10.85,-3.20,"[stopout]",0,00:00:38:05,73.7,28m,568.0,1.02,281.0,14.05,-287.0,-14.350000000000001,49.5,12.3,-498.00,-24.90
,53778688,11/25/2020 14:51,11/25/2020 15:30,XAUUSD,Sell,0.050,0.00000,0.00000,1813.62000,1815.65000,0.0000,0.0000,-203.0,-10.15,-2.90,"[stopout]",0,00:00:38:43,77.0,29m,568.0,0.93,295.0,14.75,-273.0,-13.65,51.9,12.3,-498.00,-24.90
,53778685,11/25/2020 14:51,11/25/2020 15:30,XAUUSD,Sell,0.200,0.00000,0.00000,1813.65000,1815.65000,0.0000,0.0000,-200.0,-40.00,-10.26,"[stopout]",0,00:00:38:47,77.0,29m,568.0,0.91,298.0,59.6,-270.0,-54.0,52.5,12.3,-498.00,-99.60
,53778682,11/25/2020 14:51,11/25/2020 15:30,XAUUSD,Sell,1.500,0.00000,0.00000,1813.60000,1815.65000,0.0000,0.0000,-205.0,-307.50,-44.10,"[stopout]",0,00:00:38:54,77.0,29m,568.0,0.94,293.0,439.5,-275.0,-412.5,51.6,12.3,-498.00,-747.00
,53779638,11/25/2020 15:03,11/25/2020 15:04,XAUUSD,Sell,0.100,0.00000,0.00000,1812.19000,1812.65000,0.0000,0.0000,-46.0,-4.60,-0.66,"to #53779659",0,00:00:00:28,,,,,,,,,,,,
,53778648,11/25/2020 14:50,,,Deposit,0.010,0.00000,0.00000,0.00000,0.00000,0.0000,0.0000,0.0,559.57,0,"Transfer from 21045794 #9723794",0,00:00:00:00,,,,,,,,,,,,
,53776291,11/25/2020 14:22,11/25/2020 14:47,XAUUSD,Sell,0.100,0.00000,0.00000,1810.70000,1814.55000,0.0000,0.0000,-385.0,-38.50,-21.30,"[stopout]",0,00:00:25:14,0.0,0s,385.0,400.00,0.0,0.0,-385.0,-38.5,0.0,0.0,-385.00,-38.50
,53776247,11/25/2020 14:21,11/25/2020 14:47,XAUUSD,Sell,0.200,0.00000,0.00000,1810.45000,1814.55000,0.0000,0.0000,-410.0,-82.00,-31.21,"[stopout]",0,00:00:25:56,0.0,0s,410.0,416.67,0.0,0.0,-410.0,-82.0,0.0,0.0,-410.00,-82.00
,53774997,11/25/2020 14:00,11/25/2020 14:47,XAUUSD,Sell,0.050,0.00000,0.00000,1811.80000,1814.55000,0.0000,0.0000,-275.0,-13.75,-4.97,"[stopout]",0,00:00:46:58,19.2,9m,369.0,2.93,94.0,4.7,-275.0,-13.75,25.5,0.0,-369.00,-18.45
,53774992,11/25/2020 14:00,11/25/2020 14:47,XAUUSD,Sell,0.050,0.00000,0.00000,1811.97000,1814.55000,0.0000,0.0000,-258.0,-12.90,-4.46,"[stopout]",0,00:00:47:02,25.6,12m,369.0,2.32,111.0,5.550000000000001,-258.0,-12.9,30.1,0.0,-369.00,-18.45
,53774787,11/25/2020 13:59,11/25/2020 14:47,XAUUSD,Sell,0.050,0.00000,0.00000,1812.37000,1814.55000,0.0000,0.0000,-218.0,-10.90,-3.63,"[stopout]",0,00:00:47:46,37.5,17m,369.0,1.44,151.0,7.550000000000001,-218.0,-10.9,40.9,0.0,-369.00,-18.45
,53774744,11/25/2020 13:58,11/25/2020 14:47,XAUUSD,Sell,0.080,0.00000,0.00000,1812.54000,1814.55000,0.0000,0.0000,-201.0,-16.08,-5.08,"[stopout]",0,00:00:48:30,49.0,23m,369.0,1.20,168.0,13.44,-201.0,-16.080000000000002,45.5,0.0,-369.00,-29.52
,53774718,11/25/2020 13:58,11/25/2020 14:47,XAUUSD,Sell,0.080,0.00000,0.00000,1812.71000,1814.55000,0.0000,0.0000,-184.0,-14.72,-4.45,"[stopout]",0,00:00:49:10,55.2,27m,369.0,0.99,185.0,14.8,-184.0,-14.72,50.1,0.0,-369.00,-29.52
,53774689,11/25/2020 13:57,11/25/2020 14:47,XAUUSD,Sell,0.080,0.00000,0.00000,1812.91000,1814.55000,0.0000,0.0000,-164.0,-13.12,-3.81,"[stopout]",0,00:00:50:01,62.0,31m,369.0,0.80,205.0,16.4,-164.0,-13.120000000000001,55.6,0.0,-369.00,-29.52
,53774674,11/25/2020 13:57,11/25/2020 14:47,XAUUSD,Sell,0.150,0.00000,0.00000,1812.78000,1814.55000,0.0000,0.0000,-177.0,-26.55,-7.16,"[stopout]",0,00:00:50:24,56.1,28m,369.0,0.92,192.0,28.799999999999997,-177.0,-26.55,52.0,0.0,-369.00,-55.35
,53774655,11/25/2020 13:56,11/25/2020 14:47,XAUUSD,Sell,1.000,0.00000,0.00000,1812.75000,1814.55000,0.0000,0.0000,-180.0,-180.00,-32.68,"[stopout]",0,00:00:50:38,55.0,27m,369.0,0.95,189.0,189.0,-180.0,-180.0,51.2,0.0,-369.00,-369.00
,53774541,11/25/2020 13:54,11/25/2020 14:47,XAUUSD,Sell,0.200,0.00000,0.00000,1812.60000,1814.55000,0.0000,0.0000,-195.0,-39.00,-6.61,"[stopout]",0,00:00:53:10,47.2,25m,369.0,1.12,174.0,34.800000000000004,-195.0,-39.0,47.2,0.0,-369.00,-73.80
,53774644,11/25/2020 13:56,,,Deposit,0.010,0.00000,0.00000,0.00000,0.00000,0.0000,0.0000,0.0,500.00,0,"Transfer from 21045794 #9723240",0,00:00:00:00,,,,,,,,,,,,
,53774337,11/25/2020 13:49,11/25/2020 13:53,XAUUSD,Sell,0.030,0.00000,0.00000,1809.73000,1813.16000,0.0000,0.0000,-343.0,-10.29,-10.28,"[stopout]",0,00:00:03:37,,,,,,,,,,,,
,53774325,11/25/2020 13:49,11/25/2020 13:53,XAUUSD,Sell,0.030,0.00000,0.00000,1809.88000,1813.16000,0.0000,0.0000,-328.0,-9.84,-8.95,"[stopout]",0,00:00:03:48,,,,,,,,,,,,
,53774272,11/25/2020 13:48,11/25/2020 13:53,XAUUSD,Sell,0.050,0.00000,0.00000,1809.93000,1813.16000,0.0000,0.0000,-323.0,-16.15,-12.81,"[stopout]",0,00:00:04:50,0.0,0s,383.0,384.62,0.0,0.0,-383.0,-19.150000000000002,0.0,15.7,-323.00,-16.15
,53774253,11/25/2020 13:48,11/25/2020 13:53,XAUUSD,Sell,0.030,0.00000,0.00000,1810.04000,1813.16000,0.0000,0.0000,-312.0,-9.36,-6.91,"[stopout]",0,00:00:05:08,0.0,0s,372.0,384.62,0.0,0.0,-372.0,-11.16,0.0,16.1,-312.00,-9.36
,53774098,11/25/2020 13:46,11/25/2020 13:53,XAUUSD,Sell,0.030,0.00000,0.00000,1810.17000,1813.16000,0.0000,0.0000,-299.0,-8.97,-6.21,"[stopout]",0,00:00:06:40,28.6,1m,380.0,17.12,21.0,0.63,-359.0,-10.77,5.5,15.8,-320.00,-9.60
,53774089,11/25/2020 13:46,11/25/2020 13:53,XAUUSD,Sell,0.030,0.00000,0.00000,1810.12000,1813.16000,0.0000,0.0000,-304.0,-9.12,-5.94,"[stopout]",0,00:00:06:53,28.6,1m,380.0,22.78,16.0,0.48,-364.0,-10.92,4.2,15.8,-320.00,-9.60
,53774083,11/25/2020 13:46,11/25/2020 13:53,XAUUSD,Sell,0.030,0.00000,0.00000,1810.28000,1813.16000,0.0000,0.0000,-288.0,-8.64,-5.33,"[stopout]",0,00:00:06:57,28.6,1m,380.0,10.88,32.0,0.96,-348.0,-10.44,8.4,15.8,-320.00,-9.60
,53774037,11/25/2020 13:46,11/25/2020 13:53,XAUUSD,Sell,0.030,0.00000,0.00000,1810.46000,1813.16000,0.0000,0.0000,-270.0,-8.10,-4.76,"[stopout]",0,00:00:07:15,28.6,2m,380.0,6.60,50.0,1.5,-330.0,-9.9,13.2,15.8,-320.00,-9.60
,53774029,11/25/2020 13:46,11/25/2020 13:53,XAUUSD,Sell,0.030,0.00000,0.00000,1810.61000,1813.16000,0.0000,0.0000,-255.0,-7.65,-4.30,"[stopout]",0,00:00:07:23,28.6,2m,380.0,4.85,65.0,1.95,-315.0,-9.45,17.1,15.8,-320.00,-9.60
,53774015,11/25/2020 13:46,11/25/2020 13:53,XAUUSD,Sell,0.030,0.00000,0.00000,1810.66000,1813.16000,0.0000,0.0000,-250.0,-7.50,-4.05,"[stopout]",0,00:00:07:30,28.6,2m,380.0,4.43,70.0,2.1,-310.0,-9.299999999999999,18.4,15.8,-320.00,-9.60
,53773906,11/25/2020 13:44,11/25/2020 13:53,XAUUSD,Sell,0.030,0.00000,0.00000,1810.78000,1813.16000,0.0000,0.0000,-238.0,-7.14,-3.71,"[stopout]",0,00:00:08:53,44.5,3m,380.0,3.64,82.0,2.46,-298.0,-8.94,21.6,15.8,-320.00,-9.60
,53773886,11/25/2020 13:44,11/25/2020 13:53,XAUUSD,Sell,0.030,0.00000,0.00000,1810.93000,1813.16000,0.0000,0.0000,-223.0,-6.69,-3.36,"[stopout]",0,00:00:09:25,44.5,4m,380.0,2.92,97.0,2.9099999999999997,-283.0,-8.49,25.5,15.8,-320.00,-9.60
,53773815,11/25/2020 13:43,11/25/2020 13:53,XAUUSD,Sell,0.050,0.00000,0.00000,1811.04000,1813.16000,0.0000,0.0000,-212.0,-10.60,-5.05,"[stopout]",0,00:00:10:21,60.0,6m,380.0,2.52,108.0,5.4,-272.0,-13.600000000000001,28.4,15.8,-320.00,-16.00
,53773805,11/25/2020 13:42,11/25/2020 13:53,XAUUSD,Sell,1.000,0.00000,0.00000,1811.11000,1813.16000,0.0000,0.0000,-205.0,-205.00,-49.42,"[stopout]",0,00:00:10:35,63.7,6m,380.0,2.30,115.0,115.0,-265.0,-265.0,30.3,15.8,-320.00,-320.00
,53773783,11/25/2020 13:42,,,Deposit,0.010,0.00000,0.00000,0.00000,0.00000,0.0000,0.0000,0.0,400.00,0,"Transfer from 21045794 #9723092",0,00:00:00:00,,,,,,,,,,,,
,52990402,11/06/2020 16:31,11/06/2020 16:32,XAUUSD,Buy,0.100,0.00000,0.00000,1954.97000,1951.17000,0.0000,0.0000,-380.0,-38.00,-71.94,"[stopout]",0,00:00:00:41,,,,,,,,,,,,
,52990398,11/06/2020 16:31,11/06/2020 16:32,XAUUSD,Buy,0.120,0.00000,0.00000,1955.09000,1951.17000,0.0000,0.0000,-392.0,-47.04,-47.11,"[stopout]",0,00:00:00:45,,,,,,,,,,,,
,52978711,11/06/2020 13:12,11/06/2020 15:31,XAUUSD,Sell,0.120,0.00000,0.00000,1953.70000,1952.74000,0.0000,0.0000,96.0,11.52,13.04,"",0,00:02:19:27,46.5,1h 4m,640.0,0.97,431.0,51.72,-417.0,-50.04,50.8,60.5,-335.00,-40.20
,52977829,11/06/2020 12:59,11/06/2020 13:11,XAUUSD,Sell,1.000,0.00000,0.00000,1951.05000,1954.83000,0.0000,0.0000,-378.0,-378.00,-83.27,"[stopout]",0,00:00:12:32,,,,,,,,,,,,
,52977242,11/06/2020 12:47,11/06/2020 13:11,XAUUSD,Sell,0.200,0.00000,0.00000,1949.26000,1954.83000,0.0000,0.0000,-557.0,-111.40,-19.70,"[stopout]",0,00:00:24:26,0.0,0s,557.0,588.24,0.0,0.0,-557.0,-111.4,0.0,0.0,-557.00,-111.40
,52978666,11/06/2020 12:53,11/06/2020 13:11,XAUUSD,Buy,0.050,0.00000,0.00000,1952.08000,1954.56000,0.0000,0.0000,248.0,12.40,16.33,"from #52978659 [stopout]",0,00:00:18:14,,,,,,,,,,,,
,52978659,11/06/2020 12:53,11/06/2020 13:11,XAUUSD,Buy,0.030,0.00000,0.00000,1952.08000,1953.49000,0.0000,0.0000,141.0,4.23,0.75,"to #52978666",0,00:00:18:02,,,,,,,,,,,,
,52977614,11/06/2020 12:53,11/06/2020 13:11,XAUUSD,Buy,0.020,0.00000,0.00000,1952.08000,1953.55000,0.0000,0.0000,147.0,2.94,0.53,"to #52978659",0,00:00:17:55,,,,,,,,,,,,
,52977452,11/06/2020 12:51,11/06/2020 13:03,XAUUSD,Buy,0.050,0.00000,0.00000,1951.85000,1952.01000,0.0000,0.0000,16.0,0.80,0.14,"",0,00:00:12:03,,,,,,,,,,,,
,52977444,11/06/2020 12:50,11/06/2020 13:03,XAUUSD,Buy,0.050,0.00000,0.00000,1951.75000,1951.87000,0.0000,0.0000,12.0,0.60,0.11,"",0,00:00:12:01,,,,,,,,,,,,
,52977344,11/06/2020 12:49,11/06/2020 12:57,XAUUSD,Buy,1.000,0.00000,0.00000,1950.85000,1951.80000,0.0000,0.0000,95.0,95.00,20.57,"",0,00:00:07:37,,,,,,,,,,,,
,52977360,11/06/2020 12:49,11/06/2020 12:53,XAUUSD,Buy,0.050,0.00000,0.00000,1951.15000,1951.44000,0.0000,0.0000,29.0,1.45,0.31,"",0,00:00:03:27,,,,,,,,,,,,
,52973422,11/06/2020 11:39,11/06/2020 12:42,XAUUSD,Buy,0.100,0.00000,0.00000,1949.00000,1951.05000,0.0000,0.0000,205.0,20.50,4.66,"",0,00:01:02:49,30.8,19m,243.0,1.19,205.0,20.5,-243.0,-24.3,45.8,100.0,0.00,0.00
,52973418,11/06/2020 11:39,11/06/2020 12:42,XAUUSD,Buy,0.100,0.00000,0.00000,1948.87000,1950.73000,0.0000,0.0000,186.0,18.60,4.42,"",0,00:01:02:45,38.5,24m,230.0,1.24,186.0,18.6,-230.0,-23.0,44.7,100.0,0.00,0.00
,52972753,11/06/2020 11:26,11/06/2020 12:41,XAUUSD,Buy,0.100,0.00000,0.00000,1948.30000,1950.27000,0.0000,0.0000,197.0,19.70,4.91,"",0,00:01:14:27,53.4,39m,182.0,0.79,219.0,21.900000000000002,-173.0,-17.3,55.9,94.4,-22.00,-2.20
,52972740,11/06/2020 11:26,11/06/2020 12:40,XAUUSD,Buy,0.100,0.00000,0.00000,1948.07000,1950.12000,0.0000,0.0000,205.0,20.50,5.38,"",0,00:01:14:11,73.4,54m,182.0,0.62,242.0,24.200000000000003,-150.0,-15.0,61.7,90.6,-37.00,-3.70
,52973101,11/06/2020 11:32,11/06/2020 12:40,XAUUSD,Buy,0.050,0.00000,0.00000,1948.23000,1950.40000,0.0000,0.0000,217.0,10.85,2.93,"",0,00:01:08:02,71.5,48m,182.0,0.73,226.0,11.3,-166.0,-8.3,57.7,97.7,-9.00,-0.45
,52976786,11/06/2020 12:40,,,Withdrawal,0.010,0.00000,0.00000,0.00000,0.00000,0.0000,0.0000,0.0,-500.00,0,"Transfer to 21045794 #9537185",0,00:00:00:00,,,,,,,,,,,,
,52972597,11/06/2020 11:25,11/06/2020 12:38,XAUUSD,Buy,0.050,0.00000,0.00000,1947.04000,1949.34000,0.0000,0.0000,230.0,11.50,1.34,"",0,00:01:13:47,93.4,1h 8m,182.0,0.17,279.0,13.950000000000001,-47.0,-2.35,85.6,85.0,-49.00,-2.45
,52973433,11/06/2020 11:39,11/06/2020 12:38,XAUUSD,Buy,0.200,0.00000,0.00000,1949.33000,1949.21000,0.0000,0.0000,-12.0,-2.40,-0.28,"",0,00:00:59:17,16.7,9m,276.0,5.52,50.0,10.0,-276.0,-55.2,15.3,81.0,-62.00,-12.40
,52973401,11/06/2020 11:39,11/06/2020 12:37,XAUUSD,Buy,0.030,0.00000,0.00000,1948.66000,1948.90000,0.0000,0.0000,24.0,0.72,0.08,"",0,00:00:58:14,41.7,24m,209.0,1.79,117.0,3.51,-209.0,-6.27,35.9,71.5,-93.00,-2.79
,52972485,11/06/2020 11:22,11/06/2020 12:37,XAUUSD,Buy,0.050,0.00000,0.00000,1946.97000,1948.90000,0.0000,0.0000,193.0,9.65,1.13,"",0,00:01:14:52,93.4,1h 9m,182.0,0.14,286.0,14.3,-40.0,-2.0,87.7,71.5,-93.00,-4.65
,52974879,11/06/2020 12:04,11/06/2020 12:36,XAUUSD,Buy,0.030,0.00000,0.00000,1948.45000,1948.81000,0.0000,0.0000,36.0,1.08,0.13,"",0,00:00:32:30,71.5,23m,102.0,0.15,138.0,4.14,-21.0,-0.63,86.8,35.8,-102.00,-3.06
,52972482,11/06/2020 11:22,11/06/2020 12:36,XAUUSD,Buy,0.050,0.00000,0.00000,1946.84000,1948.74000,0.0000,0.0000,190.0,9.50,1.13,"",0,00:01:14:17,93.4,1h 9m,182.0,0.09,299.0,14.950000000000001,-27.0,-1.35,91.7,66.6,-109.00,-5.45
,52973129,11/06/2020 11:33,11/06/2020 12:36,XAUUSD,Buy,0.100,0.00000,0.00000,1948.52000,1948.74000,0.0000,0.0000,22.0,2.20,0.26,"",0,00:01:03:14,38.5,24m,195.0,1.49,131.0,13.100000000000001,-195.0,-19.5,40.2,66.6,-109.00,-10.90
,52974881,11/06/2020 12:04,11/06/2020 12:36,XAUUSD,Buy,0.200,0.00000,0.00000,1948.49000,1948.74000,0.0000,0.0000,25.0,5.00,0.60,"",0,00:00:32:08,71.5,22m,109.0,0.19,134.0,26.8,-25.0,-5.0,84.3,31.4,-109.00,-21.80
,52973396,11/06/2020 11:38,11/06/2020 12:36,XAUUSD,Buy,0.020,0.00000,0.00000,1948.64000,1948.75000,0.0000,0.0000,11.0,0.22,0.03,"",0,00:00:57:11,41.7,23m,207.0,1.74,119.0,2.38,-207.0,-4.14,36.5,66.9,-108.00,-2.16
,52973136,11/06/2020 11:33,11/06/2020 12:36,XAUUSD,Buy,0.100,0.00000,0.00000,1948.51000,1948.74000,0.0000,0.0000,23.0,2.30,0.28,"",0,00:01:02:53,38.5,24m,194.0,1.47,132.0,13.200000000000001,-194.0,-19.400000000000002,40.5,66.6,-109.00,-10.90
,52972717,11/06/2020 11:26,11/06/2020 12:36,XAUUSD,Buy,0.100,0.00000,0.00000,1947.74000,1948.73000,0.0000,0.0000,99.0,9.90,1.21,"",0,00:01:09:42,78.6,54m,182.0,0.56,209.0,20.900000000000002,-117.0,-11.700000000000001,64.1,66.3,-110.00,-11.00
,52972711,11/06/2020 11:26,11/06/2020 12:32,XAUUSD,Buy,0.100,0.00000,0.00000,1947.80000,1948.30000,0.0000,0.0000,50.0,5.00,0.61,"",0,00:01:05:44,77.0,50m,182.0,0.61,203.0,20.3,-123.0,-12.3,62.3,53.1,-153.00,-15.30
,52974845,11/06/2020 12:03,11/06/2020 12:31,XAUUSD,Buy,0.200,0.00000,0.00000,1947.52000,1948.32000,0.0000,0.0000,80.0,16.00,2.00,"",0,00:00:28:25,100.0,28m,151.0,0.00,231.0,46.2,0.0,0.0,100.0,34.6,-151.00,-30.20
,52972454,11/06/2020 11:21,11/06/2020 12:31,XAUUSD,Buy,0.100,0.00000,0.00000,1946.85000,1948.80000,0.0000,0.0000,195.0,19.50,2.50,"",0,00:01:09:37,92.9,1h 4m,182.0,0.09,298.0,29.8,-28.0,-2.8000000000000003,91.4,68.4,-103.00,-10.30
,52972725,11/06/2020 11:26,11/06/2020 12:00,XAUUSD,Buy,0.150,0.00000,0.00000,1947.83000,1947.94000,0.0000,0.0000,11.0,1.65,0.21,"",0,00:00:33:45,71.5,24m,182.0,2.25,56.0,8.4,-126.0,-18.9,30.8,75.3,-45.00,-6.75
,52972438,11/06/2020 11:21,11/06/2020 12:00,XAUUSD,Buy,0.150,0.00000,0.00000,1946.35000,1947.87000,0.0000,0.0000,152.0,22.80,3.02,"",0,00:00:38:40,100.0,38m,182.0,0.01,204.0,30.599999999999998,0.0,0.0,100.0,74.5,-52.00,-7.80
,52972448,11/06/2020 11:21,11/06/2020 11:59,XAUUSD,Buy,0.100,0.00000,0.00000,1946.49000,1947.76000,0.0000,0.0000,127.0,12.70,1.71,"",0,00:00:37:34,100.0,37m,182.0,0.01,190.0,19.0,0.0,0.0,100.0,66.8,-63.00,-6.30
,52972702,11/06/2020 11:26,11/06/2020 11:58,XAUUSD,Buy,0.020,0.00000,0.00000,1947.48000,1947.81000,0.0000,0.0000,33.0,0.66,0.09,"",0,00:00:32:21,83.4,26m,182.0,1.00,91.0,1.82,-91.0,-1.82,50.0,68.1,-58.00,-1.16
,52972436,11/06/2020 11:21,11/06/2020 11:58,XAUUSD,Buy,0.020,0.00000,0.00000,1946.41000,1947.79000,0.0000,0.0000,138.0,2.76,0.37,"",0,00:00:37:05,100.0,37m,182.0,0.01,198.0,3.96,0.0,0.0,100.0,69.7,-60.00,-1.20
,52972392,11/06/2020 11:20,11/06/2020 11:58,XAUUSD,Buy,0.200,0.00000,0.00000,1945.64000,1947.71000,0.0000,0.0000,207.0,41.40,5.93,"",0,00:00:38:00,100.0,38m,182.0,0.00,275.0,55.0,0.0,0.0,100.0,75.3,-68.00,-13.60
,52972408,11/06/2020 11:20,11/06/2020 11:56,XAUUSD,Buy,0.020,0.00000,0.00000,1945.73000,1945.80000,0.0000,0.0000,7.0,0.14,0.02,"",0,00:00:35:14,100.0,35m,259.0,0.00,266.0,5.32,0.0,0.0,100.0,2.6,-259.00,-5.18
,52972370,11/06/2020 11:19,11/06/2020 11:55,XAUUSD,Buy,0.100,0.00000,0.00000,1945.23000,1945.84000,0.0000,0.0000,61.0,6.10,0.88,"",0,00:00:35:57,100.0,35m,255.0,0.00,316.0,31.6,0.0,0.0,100.0,19.3,-255.00,-25.50
,52972299,11/06/2020 11:18,11/06/2020 11:54,XAUUSD,Buy,0.200,0.00000,0.00000,1945.40000,1946.13000,0.0000,0.0000,73.0,14.60,2.16,"",0,00:00:36:01,100.0,36m,226.0,0.00,299.0,59.800000000000004,0.0,0.0,100.0,24.4,-226.00,-45.20
,52972358,11/06/2020 11:19,11/06/2020 11:53,XAUUSD,Buy,1.000,0.00000,0.00000,1945.42000,1946.18000,0.0000,0.0000,76.0,76.00,12.64,"",0,00:00:34:00,100.0,34m,221.0,0.00,297.0,297.0,0.0,0.0,100.0,25.6,-221.00,-221.00
,52972334,11/06/2020 11:19,,,Deposit,0.010,0.00000,0.00000,0.00000,0.00000,0.0000,0.0000,0.0,500.00,0,"Transfer from 21045794 #9536367",0,00:00:00:00,,,,,,,,,,,,
,51788619,10/01/2020 04:25,,,Deposit,0.010,0.00000,0.00000,0.00000,0.00000,0.0000,0.0000,0.0,14.63,0,"VIP Rebate",0,00:00:00:00,,,,,,,,,,,,
,51788618,10/01/2020 04:25,,,Deposit,0.010,0.00000,0.00000,0.00000,0.00000,0.0000,0.0000,0.0,72.31,0,"Rebate",0,00:00:00:00,,,,,,,,,,,,
,50755740,09/04/2020 15:37,09/04/2020 15:38,XAUUSD,Buy,0.200,0.00000,0.00000,1931.75000,1928.53000,0.0000,0.0000,-322.0,-64.40,-81.88,"[stopout]",0,00:00:01:11,,,,,,,,,,,,
,50754554,09/04/2020 15:32,09/04/2020 15:33,XAUUSD,Buy,1.000,0.00000,0.00000,1934.03000,1929.73000,0.0000,0.0000,-430.0,-430.00,-84.54,"[stopout]",0,00:00:01:14,,,,,,,,,,,,
,50754517,09/04/2020 15:32,09/04/2020 15:33,XAUUSD,Buy,0.300,0.00000,0.00000,1933.80000,1929.73000,0.0000,0.0000,-407.0,-122.10,-19.36,"[stopout]",0,00:00:01:18,,,,,,,,,,,,
,50751483,09/04/2020 13:06,09/04/2020 15:30,XAUUSD,Buy,2.000,0.00000,0.00000,1938.86000,1933.76000,0.0000,0.0000,-510.0,-1020.00,-61.79,"from #50746611 [stopout]",0,00:02:23:50,32.0,46m,689.0,2.85,179.0,358.0,-510.0,-1020.0,26.0,0.0,-689.00,-1378.00
,50746672,09/04/2020 13:08,09/04/2020 15:30,XAUUSD,Buy,2.000,0.00000,0.00000,1939.23000,1933.76000,0.0000,0.0000,-547.0,-1094.00,-39.86,"[stopout]",0,00:02:22:13,19.1,27m,689.0,3.85,142.0,284.0,-547.0,-1094.0,20.6,0.0,-689.00,-1378.00
,50733367,09/04/2020 09:18,09/04/2020 15:30,XAUUSD,Buy,5.000,0.00000,0.00000,1935.18000,1933.76000,0.0000,0.0000,-142.0,-710.00,-20.55,"[stopout]",0,00:06:12:13,84.5,5h 14m,720.0,0.29,578.0,2890.0,-165.0,-825.0,77.8,3.1,-720.00,-3600.00
,50733426,09/04/2020 09:20,09/04/2020 15:09,XAUUSD,Buy,2.000,1937.80000,0.00000,1935.05000,1937.74000,0.0000,0.0000,269.0,538.00,18.45,"[sl]",0,00:05:48:31,86.0,4h 59m,463.0,0.26,591.0,1182.0,-152.0,-304.0,79.5,56.7,-322.00,-644.00
,50746611,09/04/2020 13:06,09/04/2020 14:59,XAUUSD,Buy,1.000,0.00000,0.00000,1938.86000,1939.56000,0.0000,0.0000,70.0,70.00,2.46,"to #50751483",0,00:01:52:56,33.7,38m,257.0,0.86,179.0,179.0,-154.0,-154.0,53.8,67.3,-109.00,-109.00
,50746667,09/04/2020 13:08,09/04/2020 14:54,XAUUSD,Buy,1.000,0.00000,0.00000,1939.17000,1939.38000,0.0000,0.0000,21.0,21.00,0.74,"",0,00:01:45:51,18.9,20m,257.0,2.57,72.0,72.0,-185.0,-185.0,28.0,80.2,-51.00,-51.00
,50746240,09/04/2020 12:59,09/04/2020 13:06,XAUUSD,Buy,2.000,1937.80000,0.00000,1939.60000,1937.80000,0.0000,0.0000,-180.0,-360.00,-11.30,"[sl]",0,00:00:06:25,0.0,0s,180.0,181.82,0.0,0.0,-180.0,-360.0,0.0,0.0,-180.00,-360.00
,50733665,09/04/2020 09:30,09/04/2020 13:06,XAUUSD,Buy,0.500,1937.80000,0.00000,1936.24000,1937.80000,0.0000,0.0000,156.0,78.00,2.51,"[sl]",0,00:03:36:11,51.4,1h 51m,463.0,0.57,472.0,236.0,-271.0,-135.5,63.5,57.5,-316.00,-158.00
,50733643,09/04/2020 09:29,09/04/2020 13:06,XAUUSD,Buy,0.500,1937.80000,0.00000,1935.71000,1937.80000,0.0000,0.0000,209.0,104.50,3.48,"[sl]",0,00:03:36:27,61.3,2h 12m,463.0,0.42,525.0,262.5,-218.0,-109.0,70.7,57.5,-316.00,-158.00
,50733359,09/04/2020 09:18,,,Deposit,0.010,0.00000,0.00000,0.00000,0.00000,0.0000,0.0000,0.0,3000.00,0,"Deposit LPB-CC-BZ USD #8971135",0,00:00:00:00,,,,,,,,,,,,
,50723662,09/03/2020 22:13,09/03/2020 22:33,XAUUSD,Buy,0.050,0.00000,0.00000,1936.14000,1929.61000,0.0000,0.0000,-653.0,-32.65,-90.95,"[stopout]",0,00:00:20:06,0.0,0s,654.0,666.67,0.0,0.0,-654.0,-32.7,0.0,0.2,-653.00,-32.65
,50714968,09/03/2020 19:01,09/03/2020 19:03,XAUUSD,Sell,0.110,0.00000,0.00000,1924.62000,1928.77000,0.0000,0.0000,-415.0,-45.65,-55.98,"[stopout]",0,00:00:01:58,,,,,,,,,,,,
,50714073,09/03/2020 18:47,09/03/2020 19:03,XAUUSD,Sell,0.110,0.00000,0.00000,1926.31000,1928.77000,0.0000,0.0000,-246.0,-27.06,-24.91,"[stopout]",0,00:00:16:20,25.0,4m,368.0,2.40,117.0,12.87,-281.0,-30.91,29.4,8.8,-363.00,-39.93
,50714061,09/03/2020 18:47,09/03/2020 19:03,XAUUSD,Sell,0.300,0.00000,0.00000,1926.10000,1928.77000,0.0000,0.0000,-267.0,-80.10,-42.45,"[stopout]",0,00:00:16:30,18.8,3m,368.0,3.15,96.0,28.799999999999997,-302.0,-90.6,24.1,8.8,-363.00,-108.90
,50713972,09/03/2020 18:45,09/03/2020 18:47,XAUUSD,Sell,0.300,0.00000,0.00000,1923.04000,1927.07000,0.0000,0.0000,-403.0,-120.90,-39.05,"[stopout]",0,00:00:01:16,,,,,,,,,,,,
,50713926,09/03/2020 18:45,09/03/2020 18:47,XAUUSD,Sell,0.300,0.00000,0.00000,1923.38000,1927.07000,0.0000,0.0000,-369.0,-110.70,-26.34,"[stopout]",0,00:00:01:36,,,,,,,,,,,,
,50713918,09/03/2020 18:45,09/03/2020 18:47,XAUUSD,Sell,0.100,0.00000,0.00000,1924.20000,1927.07000,0.0000,0.0000,-287.0,-28.70,-6.39,"[stopout]",0,00:00:01:42,,,,,,,,,,,,
,50713377,09/03/2020 18:36,09/03/2020 18:47,XAUUSD,Sell,0.200,0.00000,0.00000,1924.57000,1927.07000,0.0000,0.0000,-250.0,-50.00,-10.02,"[stopout]",0,00:00:10:14,9.1,55s,286.0,6.94,36.0,7.2,-250.0,-50.0,12.6,0.0,-286.00,-57.20
,50713236,09/03/2020 18:34,09/03/2020 18:47,XAUUSD,Sell,2.000,0.00000,0.00000,1924.62000,1927.07000,0.0000,0.0000,-245.0,-490.00,-49.54,"[stopout]",0,00:00:12:43,7.7,58s,286.0,5.98,41.0,82.0,-245.0,-490.0,14.3,0.0,-286.00,-572.00
,50713945,09/03/2020 18:45,09/03/2020 18:45,XAUUSD,Buy,0.300,0.00000,0.00000,1923.27000,1923.22000,0.0000,0.0000,-5.0,-1.50,-0.15,"",0,00:00:00:09,,,,,,,,,,,,
,50713933,09/03/2020 18:45,09/03/2020 18:45,XAUUSD,Buy,0.300,0.00000,0.00000,1923.55000,1923.00000,0.0000,0.0000,-55.0,-16.50,-1.64,"",0,00:00:00:10,,,,,,,,,,,,
,50704905,09/03/2020 17:20,09/03/2020 18:19,XAUUSD,Buy,3.000,0.00000,0.00000,1936.45000,1931.26000,0.0000,0.0000,-519.0,-1557.00,-60.73,"[stopout]",0,00:00:59:32,69.5,41m,1234.0,0.93,638.0,1914.0,-596.0,-1788.0,51.7,6.2,-1157.00,-3471.00
,50698829,09/03/2020 16:13,09/03/2020 18:19,XAUUSD,Buy,1.000,0.00000,0.00000,1934.70000,1931.26000,0.0000,0.0000,-344.0,-344.00,-11.83,"[stopout]",0,00:02:06:47,95.3,2h 0m,1457.0,0.41,1036.0,1036.0,-421.0,-421.0,71.1,5.3,-1380.00,-1380.00
,50698822,09/03/2020 16:12,09/03/2020 18:19,XAUUSD,Buy,1.000,0.00000,0.00000,1934.66000,1931.26000,0.0000,0.0000,-340.0,-340.00,-10.47,"[stopout]",0,00:02:06:58,95.3,2h 0m,1457.0,0.40,1040.0,1040.0,-417.0,-417.0,71.4,5.3,-1380.00,-1380.00
,50698808,09/03/2020 16:12,09/03/2020 18:19,XAUUSD,Buy,1.000,0.00000,0.00000,1934.48000,1931.26000,0.0000,0.0000,-322.0,-322.00,-9.02,"[stopout]",0,00:02:07:18,95.3,2h 1m,1457.0,0.38,1058.0,1058.0,-399.0,-399.0,72.6,5.3,-1380.00,-1380.00
,50698459,09/03/2020 16:04,09/03/2020 18:19,XAUUSD,Buy,3.000,0.00000,0.00000,1934.92000,1931.26000,0.0000,0.0000,-366.0,-1098.00,-23.52,"[stopout]",0,00:02:15:34,89.7,2h 1m,1457.0,0.44,1014.0,3042.0,-443.0,-1329.0,69.6,5.3,-1380.00,-4140.00
,50697265,09/03/2020 15:45,09/03/2020 18:19,XAUUSD,Buy,2.000,0.00000,0.00000,1934.77000,1931.26000,0.0000,0.0000,-351.0,-702.00,-13.07,"[stopout]",0,00:02:34:19,79.9,2h 3m,1457.0,0.42,1029.0,2058.0,-428.0,-856.0,70.6,5.3,-1380.00,-2760.00
,50694258,09/03/2020 15:01,09/03/2020 18:19,XAUUSD,Buy,0.500,0.00000,0.00000,1934.71000,1931.26000,0.0000,0.0000,-345.0,-172.50,-3.11,"[stopout]",0,00:03:18:46,67.7,2h 14m,1457.0,0.44,1035.0,517.5,-460.0,-230.0,69.2,7.7,-1380.00,-690.00
,50693937,09/03/2020 14:56,09/03/2020 18:19,XAUUSD,Buy,0.200,0.00000,0.00000,1934.82000,1931.26000,0.0000,0.0000,-356.0,-71.20,-1.27,"[stopout]",0,00:03:23:10,63.1,2h 8m,1457.0,0.46,1024.0,204.8,-471.0,-94.2,68.5,7.7,-1380.00,-276.00
,50693651,09/03/2020 14:49,09/03/2020 18:19,XAUUSD,Buy,0.300,0.00000,0.00000,1934.44000,1931.26000,0.0000,0.0000,-318.0,-95.40,-1.67,"[stopout]",0,00:03:30:38,70.0,2h 27m,1457.0,0.41,1062.0,318.59999999999997,-433.0,-129.9,71.0,7.7,-1380.00,-414.00
,50693127,09/03/2020 14:38,09/03/2020 18:19,XAUUSD,Buy,0.300,0.00000,0.00000,1934.09000,1931.26000,0.0000,0.0000,-283.0,-84.90,-1.47,"[stopout]",0,00:03:41:16,73.8,2h 43m,1457.0,0.36,1097.0,329.09999999999997,-398.0,-119.39999999999999,73.4,7.7,-1380.00,-414.00
,50693106,09/03/2020 14:38,09/03/2020 18:19,XAUUSD,Buy,0.500,0.00000,0.00000,1933.43000,1931.26000,0.0000,0.0000,-217.0,-108.50,-1.84,"[stopout]",0,00:03:41:43,80.6,2h 58m,1457.0,0.29,1163.0,581.5,-332.0,-166.0,77.8,7.7,-1380.00,-690.00
,50693080,09/03/2020 14:37,09/03/2020 18:19,XAUUSD,Buy,0.500,0.00000,0.00000,1933.39000,1931.26000,0.0000,0.0000,-213.0,-106.50,-1.77,"[stopout]",0,00:03:42:18,80.7,2h 59m,1457.0,0.28,1167.0,583.5,-328.0,-164.0,78.1,7.7,-1380.00,-690.00
,50693052,09/03/2020 14:36,09/03/2020 18:19,XAUUSD,Buy,0.300,0.00000,0.00000,1932.74000,1932.85000,0.0000,0.0000,11.0,3.30,0.05,"",0,00:03:42:44,88.4,3h 16m,1457.0,0.21,1232.0,369.59999999999997,-263.0,-78.89999999999999,82.4,18.3,-1221.00,-366.30
,50693048,09/03/2020 14:36,09/03/2020 18:19,XAUUSD,Buy,0.300,0.00000,0.00000,1932.55000,1933.40000,0.0000,0.0000,85.0,25.50,0.43,"",0,00:03:42:45,92.0,3h 24m,1457.0,0.20,1251.0,375.3,-244.0,-73.2,83.7,22.0,-1166.00,-349.80
,50693026,09/03/2020 14:36,09/03/2020 18:19,XAUUSD,Buy,0.300,0.00000,0.00000,1932.21000,1933.49000,0.0000,0.0000,128.0,38.40,0.65,"",0,00:03:43:03,94.2,3h 30m,1457.0,0.16,1285.0,385.5,-210.0,-63.0,86.0,22.6,-1157.00,-347.10
,50692998,09/03/2020 14:35,09/03/2020 18:18,XAUUSD,Buy,0.300,0.00000,0.00000,1931.72000,1932.72000,0.0000,0.0000,100.0,30.00,0.51,"",0,00:03:43:33,96.0,3h 34m,1249.0,0.12,1334.0,400.2,-161.0,-48.3,89.2,17.5,-1234.00,-370.20
,50693012,09/03/2020 14:35,09/03/2020 18:18,XAUUSD,Buy,0.300,0.00000,0.00000,1932.08000,1932.34000,0.0000,0.0000,26.0,7.80,0.13,"",0,00:03:43:15,95.1,3h 32m,1272.0,0.15,1298.0,389.4,-197.0,-59.099999999999994,86.8,14.9,-1272.00,-381.60
,50693010,09/03/2020 14:35,09/03/2020 18:18,XAUUSD,Buy,0.300,0.00000,0.00000,1932.18000,1932.86000,0.0000,0.0000,68.0,20.40,0.35,"",0,00:03:43:07,94.7,3h 31m,1249.0,0.16,1288.0,386.4,-207.0,-62.099999999999994,86.2,18.4,-1220.00,-366.00
,50693005,09/03/2020 14:35,09/03/2020 18:18,XAUUSD,Buy,0.300,0.00000,0.00000,1931.73000,1933.24000,0.0000,0.0000,151.0,45.30,0.78,"",0,00:03:42:53,96.0,3h 33m,1249.0,0.12,1333.0,399.9,-162.0,-48.6,89.2,20.9,-1182.00,-354.60
,50692994,09/03/2020 14:35,09/03/2020 18:18,XAUUSD,Buy,0.300,0.00000,0.00000,1931.68000,1933.23000,0.0000,0.0000,155.0,46.50,0.80,"",0,00:03:42:48,96.0,3h 33m,1249.0,0.12,1338.0,401.4,-157.0,-47.1,89.5,20.9,-1183.00,-354.90
,50692986,09/03/2020 14:35,09/03/2020 18:18,XAUUSD,Buy,0.300,0.00000,0.00000,1931.40000,1933.17000,0.0000,0.0000,177.0,53.10,0.93,"",0,00:03:43:01,96.0,3h 34m,1249.0,0.09,1366.0,409.8,-129.0,-38.699999999999996,91.4,20.5,-1189.00,-356.70
,50698812,09/03/2020 16:12,09/03/2020 17:19,XAUUSD,Buy,1.000,0.00000,0.00000,1934.30000,1934.70000,0.0000,0.0000,40.0,40.00,0.70,"",0,00:01:06:36,100.0,1h 6m,1036.0,0.00,1076.0,1076.0,0.0,0.0,100.0,3.7,-1036.00,-1036.00
,50692984,09/03/2020 14:35,09/03/2020 17:18,XAUUSD,Buy,0.300,0.00000,0.00000,1931.44000,1936.52000,0.0000,0.0000,508.0,152.40,2.75,"",0,00:02:43:13,94.5,2h 34m,914.0,0.10,1362.0,408.59999999999997,-133.0,-39.9,91.1,42.9,-854.00,-256.20
,50692982,09/03/2020 14:35,09/03/2020 17:18,XAUUSD,Buy,0.300,0.00000,0.00000,1931.40000,1937.08000,0.0000,0.0000,568.0,170.40,3.17,"",0,00:02:43:10,94.5,2h 34m,914.0,0.09,1366.0,409.8,-129.0,-38.699999999999996,91.4,46.6,-798.00,-239.40
,50692974,09/03/2020 14:34,09/03/2020 16:10,XAUUSD,Buy,0.300,0.00000,0.00000,1931.21000,1932.97000,0.0000,0.0000,176.0,52.80,0.99,"",0,00:01:35:53,94.8,1h 30m,607.0,0.20,551.0,165.29999999999998,-110.0,-33.0,83.4,43.3,-375.00,-112.50
,50697412,09/03/2020 15:49,09/03/2020 16:10,XAUUSD,Buy,3.000,1932.90000,0.00000,1933.67000,1932.87000,0.0000,0.0000,-80.0,-240.00,-4.31,"[sl]",0,00:00:21:33,47.7,10m,302.0,2.63,115.0,345.0,-302.0,-906.0,27.6,53.2,-195.00,-585.00
,50692972,09/03/2020 14:34,09/03/2020 16:10,XAUUSD,Buy,0.300,0.00000,0.00000,1931.22000,1933.26000,0.0000,0.0000,204.0,61.20,1.11,"",0,00:01:35:51,94.8,1h 30m,607.0,0.20,550.0,165.0,-111.0,-33.3,83.2,47.7,-346.00,-103.80
,50692951,09/03/2020 14:34,09/03/2020 16:10,XAUUSD,Buy,0.300,0.00000,0.00000,1930.59000,1933.11000,0.0000,0.0000,252.0,75.60,1.39,"",0,00:01:36:17,96.9,1h 33m,607.0,0.08,613.0,183.9,-48.0,-14.399999999999999,92.7,45.4,-361.00,-108.30
,50692941,09/03/2020 14:34,09/03/2020 15:52,XAUUSD,Buy,0.300,0.00000,0.00000,1930.32000,1930.23000,0.0000,0.0000,-9.0,-2.70,-0.05,"",0,00:01:18:01,96.3,1h 15m,649.0,0.03,640.0,192.0,-21.0,-6.3,96.8,1.8,-649.00,-194.70
,50692937,09/03/2020 14:33,09/03/2020 15:51,XAUUSD,Buy,0.300,0.00000,0.00000,1930.13000,1930.52000,0.0000,0.0000,39.0,11.70,0.22,"",0,00:01:17:57,98.8,1h 17m,620.0,0.00,659.0,197.7,-2.0,-0.6,99.7,6.2,-620.00,-186.00
,50692927,09/03/2020 14:33,09/03/2020 15:51,XAUUSD,Buy,0.300,0.00000,0.00000,1930.41000,1931.07000,0.0000,0.0000,66.0,19.80,0.37,"",0,00:01:18:04,97.5,1h 16m,607.0,0.05,631.0,189.29999999999998,-30.0,-9.0,95.5,14.5,-565.00,-169.50
,50692880,09/03/2020 14:32,09/03/2020 15:51,XAUUSD,Buy,0.300,0.00000,0.00000,1930.33000,1931.03000,0.0000,0.0000,70.0,21.00,0.39,"",0,00:01:19:04,97.5,1h 17m,607.0,0.03,639.0,191.7,-22.0,-6.6,96.7,13.9,-569.00,-170.70
,50692873,09/03/2020 14:32,09/03/2020 15:51,XAUUSD,Buy,0.300,0.00000,0.00000,1930.33000,1931.04000,0.0000,0.0000,71.0,21.30,0.40,"",0,00:01:19:02,97.5,1h 17m,607.0,0.03,639.0,191.7,-22.0,-6.6,96.7,14.1,-568.00,-170.40
,50692871,09/03/2020 14:32,09/03/2020 15:51,XAUUSD,Buy,0.300,0.00000,0.00000,1930.44000,1931.03000,0.0000,0.0000,59.0,17.70,0.33,"",0,00:01:19:00,97.5,1h 17m,607.0,0.05,628.0,188.4,-33.0,-9.9,95.0,13.9,-569.00,-170.70
,50692173,09/03/2020 14:18,09/03/2020 15:51,XAUUSD,Buy,0.100,0.00000,0.00000,1931.47000,1931.38000,0.0000,0.0000,-9.0,-0.90,-0.02,"",0,00:01:32:49,75.3,1h 9m,607.0,0.68,525.0,52.5,-358.0,-35.800000000000004,59.5,39.5,-534.00,-53.40
,50692170,09/03/2020 14:18,09/03/2020 15:51,XAUUSD,Buy,0.100,0.00000,0.00000,1931.42000,1931.60000,0.0000,0.0000,18.0,1.80,0.03,"",0,00:01:32:49,76.4,1h 10m,607.0,0.67,530.0,53.0,-353.0,-35.300000000000004,60.0,42.0,-512.00,-51.20
,50692163,09/03/2020 14:18,09/03/2020 15:51,XAUUSD,Buy,0.050,0.00000,0.00000,1931.02000,1931.69000,0.0000,0.0000,67.0,3.35,0.06,"",0,00:01:32:52,78.5,1h 12m,607.0,0.55,570.0,28.5,-313.0,-15.65,64.6,43.0,-503.00,-25.15
,50692130,09/03/2020 14:17,09/03/2020 15:51,XAUUSD,Buy,0.050,0.00000,0.00000,1930.76000,1931.74000,0.0000,0.0000,98.0,4.90,0.09,"",0,00:01:33:27,80.9,1h 15m,607.0,0.48,596.0,29.8,-287.0,-14.350000000000001,67.5,43.6,-498.00,-24.90
,50692122,09/03/2020 14:17,09/03/2020 15:51,XAUUSD,Buy,0.030,0.00000,0.00000,1930.80000,1931.81000,0.0000,0.0000,101.0,3.03,0.06,"",0,00:01:33:32,80.9,1h 15m,607.0,0.49,592.0,17.759999999999998,-291.0,-8.73,67.0,44.4,-491.00,-14.73
,50695850,09/03/2020 15:30,09/03/2020 15:48,XAUUSD,Buy,5.000,1932.80000,0.00000,1933.81000,1932.74000,0.0000,0.0000,-107.0,-535.00,-9.13,"[sl]",0,00:00:18:23,77.8,14m,398.0,0.37,291.0,1455.0,-107.0,-535.0,73.1,0.0,-398.00,-1990.00
,50693076,09/03/2020 14:37,09/03/2020 15:41,XAUUSD,Buy,0.390,0.00000,0.00000,1933.53000,1934.62000,0.0000,0.0000,109.0,42.51,0.73,"",0,00:01:03:40,56.3,35m,487.0,1.07,319.0,124.41000000000001,-342.0,-133.38,48.3,68.2,-210.00,-81.90
,50692095,09/03/2020 14:17,09/03/2020 15:31,XAUUSD,Buy,0.100,0.00000,0.00000,1930.52000,1930.89000,0.0000,0.0000,37.0,3.70,0.06,"",0,00:01:14:24,79.8,59m,487.0,0.59,446.0,44.6,-263.0,-26.3,62.9,42.3,-409.00,-40.90
,50692110,09/03/2020 14:17,09/03/2020 15:31,XAUUSD,Buy,0.100,0.00000,0.00000,1930.50000,1931.57000,0.0000,0.0000,107.0,10.70,0.18,"",0,00:01:14:06,79.8,59m,487.0,0.58,448.0,44.800000000000004,-261.0,-26.1,63.2,51.9,-341.00,-34.10
,50695754,09/03/2020 15:29,09/03/2020 15:30,XAUUSD,Buy,5.000,1932.90000,0.00000,1934.90000,1932.16000,0.0000,0.0000,-274.0,-1370.00,-19.10,"[sl]",0,00:00:00:32,,,,,,,,,,,,
,50695719,09/03/2020 15:29,09/03/2020 15:30,XAUUSD,Buy,2.000,1932.90000,0.00000,1935.34000,1932.17000,0.0000,0.0000,-317.0,-634.00,-8.12,"[sl]",0,00:00:01:09,,,,,,,,,,,,
,50695729,09/03/2020 15:29,,,Deposit,0.010,0.00000,0.00000,0.00000,0.00000,0.0000,0.0000,0.0,5000.00,0,"Deposit LPB-CC-BZ USD #8964556",0,00:00:00:00,,,,,,,,,,,,
,50695542,09/03/2020 15:26,09/03/2020 15:26,XAUUSD,Buy,1.000,1933.40000,0.00000,1934.76000,1933.25000,0.0000,0.0000,-151.0,-151.00,-5.10,"[sl]",0,00:00:00:13,,,,,,,,,,,,
,50695498,09/03/2020 15:25,09/03/2020 15:26,XAUUSD,Buy,3.000,1933.40000,0.00000,1934.93000,1933.25000,0.0000,0.0000,-168.0,-504.00,-14.56,"[sl]",0,00:00:01:14,,,,,,,,,,,,
,50692056,09/03/2020 14:16,09/03/2020 15:17,XAUUSD,Buy,0.100,0.00000,0.00000,1929.97000,1930.40000,0.0000,0.0000,43.0,4.30,0.12,"",0,00:01:01:20,80.4,49m,483.0,0.42,501.0,50.1,-208.0,-20.8,70.7,35.4,-458.00,-45.80
,50692513,09/03/2020 14:26,09/03/2020 15:17,XAUUSD,Buy,3.000,1930.40000,0.00000,1929.60000,1930.32000,0.0000,0.0000,72.0,216.00,6.66,"[sl]",0,00:00:51:11,94.2,48m,483.0,0.32,538.0,1614.0,-171.0,-513.0,75.9,34.3,-466.00,-1398.00
,50692958,09/03/2020 14:34,09/03/2020 15:17,XAUUSD,Buy,0.200,0.00000,0.00000,1930.56000,1930.92000,0.0000,0.0000,36.0,7.20,0.22,"",0,00:00:42:53,97.7,41m,483.0,0.09,442.0,88.4,-41.0,-8.200000000000001,91.5,15.9,-406.00,-81.20
,50692948,09/03/2020 14:34,09/03/2020 15:17,XAUUSD,Buy,0.200,0.00000,0.00000,1930.37000,1931.06000,0.0000,0.0000,69.0,13.80,0.43,"",0,00:00:43:05,97.7,42m,483.0,0.05,461.0,92.2,-22.0,-4.4,95.4,18.8,-392.00,-78.40
,50692863,09/03/2020 14:32,09/03/2020 15:17,XAUUSD,Buy,0.300,0.00000,0.00000,1930.42000,1931.15000,0.0000,0.0000,73.0,21.90,0.68,"",0,00:00:44:43,97.8,43m,483.0,0.06,456.0,136.79999999999998,-27.0,-8.1,94.4,20.7,-383.00,-114.90
,50692803,09/03/2020 14:30,09/03/2020 15:15,XAUUSD,Buy,0.300,1931.40000,0.00000,1929.29000,1930.72000,0.0000,0.0000,143.0,42.90,1.36,"[sl]",0,00:00:44:21,100.0,44m,426.0,0.00,569.0,170.7,0.0,0.0,100.0,25.1,-426.00,-127.80
,50691875,09/03/2020 14:13,09/03/2020 15:15,XAUUSD,Buy,0.300,1931.40000,0.00000,1929.61000,1930.72000,0.0000,0.0000,111.0,33.30,1.07,"[sl]",0,00:01:01:36,82.3,50m,426.0,0.32,537.0,161.1,-172.0,-51.6,75.7,39.9,-426.00,-127.80
,50691850,09/03/2020 14:13,09/03/2020 15:15,XAUUSD,Buy,1.000,1931.40000,0.00000,1929.33000,1930.72000,0.0000,0.0000,139.0,139.00,4.66,"[sl]",0,00:01:02:02,85.5,53m,426.0,0.25,565.0,565.0,-144.0,-144.0,79.7,39.9,-426.00,-426.00
,50692924,09/03/2020 14:33,,,Deposit,0.010,0.00000,0.00000,0.00000,0.00000,0.0000,0.0000,0.0,500.00,0,"Transfer from 21045794 #8964083",0,00:00:00:00,,,,,,,,,,,,
,50692795,09/03/2020 14:30,,,Deposit,0.010,0.00000,0.00000,0.00000,0.00000,0.0000,0.0000,0.0,424.00,0,"Transfer from 22097147 #8964048",0,00:00:00:00,,,,,,,,,,,,
,50692501,09/03/2020 14:25,,,Deposit,0.010,0.00000,0.00000,0.00000,0.00000,0.0000,0.0000,0.0,1500.00,0,"Transfer from 27010497 #8963996",0,00:00:00:00,,,,,,,,,,,,
,50689479,09/03/2020 13:33,09/03/2020 14:12,XAUUSD,Buy,2.000,0.00000,0.00000,1933.46000,1928.59000,0.0000,0.0000,-487.0,-974.00,-63.49,"[stopout]",0,00:00:39:35,0.0,0s,487.0,500.00,0.0,0.0,-487.0,-974.0,0.0,0.0,-487.00,-974.00
,50689423,09/03/2020 13:32,09/03/2020 14:12,XAUUSD,Buy,2.000,0.00000,0.00000,1932.84000,1928.59000,0.0000,0.0000,-425.0,-850.00,-35.65,"[stopout]",0,00:00:40:28,0.0,0s,425.0,434.78,0.0,0.0,-425.0,-850.0,0.0,0.0,-425.00,-850.00
,50689171,09/03/2020 13:27,09/03/2020 14:12,XAUUSD,Buy,2.000,0.00000,0.00000,1932.50000,1928.59000,0.0000,0.0000,-391.0,-782.00,-24.70,"[stopout]",0,00:00:44:42,11.2,5m,439.0,8.15,48.0,96.0,-391.0,-782.0,10.9,0.0,-439.00,-878.00
,50679458,09/03/2020 09:00,09/03/2020 14:12,XAUUSD,Buy,6.000,0.00000,0.00000,1934.34000,1928.59000,0.0000,0.0000,-575.0,-3450.00,-52.15,"from #50678832",0,00:05:12:10,42.0,2h 11m,950.0,1.60,375.0,2250.0,-601.0,-3606.0,38.4,2.7,-950.00,-5700.00
,50670897,09/03/2020 08:49,09/03/2020 14:12,XAUUSD,Buy,2.000,0.00000,0.00000,1936.04000,1928.59000,0.0000,0.0000,-745.0,-1490.00,-18.38,"[stopout]",0,00:05:23:10,12.4,40m,950.0,3.76,205.0,410.0,-771.0,-1542.0,21.0,2.7,-950.00,-1900.00
,50689001,09/03/2020 13:23,09/03/2020 13:45,XAUUSD,Buy,2.000,1929.40000,0.00000,1930.87000,1931.94000,0.0000,0.0000,107.0,214.00,2.71,"",0,00:00:22:24,100.0,22m,185.0,0.00,211.0,422.0,0.0,0.0,100.0,50.7,-104.00,-208.00
,50687878,09/03/2020 13:00,09/03/2020 13:15,XAUUSD,Buy,2.000,1929.40000,0.00000,1931.77000,1931.77000,0.0000,0.0000,0.0,0.00,0.00,"",0,00:00:15:39,53.4,8m,98.0,0.76,76.0,0.0,-58.0,-0.0,56.7,43.3,-76.00,0.00
,50678832,09/03/2020 09:00,09/03/2020 10:39,XAUUSD,Buy,0.500,0.00000,0.00000,1934.34000,1934.64000,0.0000,0.0000,30.0,15.00,0.19,"to #50679458",0,00:01:39:21,37.4,37m,920.0,2.42,269.0,134.5,-651.0,-325.5,29.2,74.0,-239.00,-119.50
,50672104,09/03/2020 09:00,09/03/2020 10:32,XAUUSD,Buy,0.500,0.00000,0.00000,1934.34000,1934.59000,0.0000,0.0000,25.0,12.50,0.16,"to #50678832",0,00:01:31:57,32.7,30m,920.0,2.42,269.0,134.5,-651.0,-325.5,29.2,73.5,-244.00,-122.00
,50672256,09/03/2020 09:14,09/03/2020 09:25,XAUUSD,Buy,3.000,1933.40000,0.00000,1936.61000,1933.36000,0.0000,0.0000,-325.0,-975.00,-11.03,"[sl]",0,00:00:11:22,9.1,1m,353.0,11.61,28.0,84.0,-325.0,-975.0,7.9,0.0,-353.00,-1059.00
,50671463,09/03/2020 09:00,09/03/2020 09:11,XAUUSD,Buy,3.000,1930.70000,0.00000,1934.34000,1934.30000,0.0000,0.0000,-4.0,-12.00,-0.14,"to #50672104",0,00:00:10:47,45.5,4m,84.0,0.91,80.0,240.0,-73.0,-219.0,52.3,45.1,-84.00,-252.00
,50671100,09/03/2020 08:56,,,Deposit,0.010,0.00000,0.00000,0.00000,0.00000,0.0000,0.0000,0.0,8000.00,0,"Deposit LPB-CC-BZ USD #8960566",0,00:00:00:00,,,,,,,,,,,,
,50670205,09/03/2020 08:36,09/03/2020 08:48,XAUUSD,Buy,3.000,0.00000,0.00000,1938.11000,1933.53000,0.0000,0.0000,-458.0,-1374.00,-61.74,"[stopout]",0,00:00:11:44,8.4,59s,460.0,232.56,2.0,6.0,-458.0,-1374.0,0.4,0.0,-460.00,-1380.00
,50665955,09/03/2020 06:27,09/03/2020 08:48,XAUUSD,Buy,4.000,0.00000,0.00000,1946.77000,1933.53000,0.0000,0.0000,-1324.0,-5296.00,-70.41,"[stopout]",0,00:02:20:22,0.0,0s,1324.0,1428.57,0.0,0.0,-1324.0,-5296.0,0.0,0.0,-1324.00,-5296.00
,50652529,09/02/2020 19:26,09/03/2020 08:48,XAUUSD,Buy,5.000,0.00000,0.00000,1936.75000,1933.53000,0.0000,-173.9400,-322.0,-1783.94,-19.17,"[stopout]",0,00:13:21:22,93.8,12h 31m,1690.0,0.24,1368.0,6840.0,-322.0,-1610.0,80.9,0.0,-1690.00,-8450.00
,50669031,09/03/2020 08:10,09/03/2020 08:31,XAUUSD,Buy,2.000,1937.40000,0.00000,1939.77000,1937.22000,0.0000,0.0000,-255.0,-510.00,-5.20,"[sl]",0,00:00:21:04,66.7,14m,338.0,3.07,83.0,166.0,-255.0,-510.0,24.6,0.0,-338.00,-676.00
,50668179,09/03/2020 07:50,09/03/2020 08:00,XAUUSD,Buy,2.000,1937.00000,0.00000,1940.00000,1937.02000,0.0000,0.0000,-298.0,-596.00,-5.72,"[sl]",0,00:00:10:29,0.0,0s,298.0,303.03,0.0,0.0,-298.0,-596.0,0.0,0.0,-298.00,-596.00
,50667876,09/03/2020 07:45,09/03/2020 07:49,XAUUSD,Buy,2.000,1939.90000,0.00000,1942.68000,1939.90000,0.0000,0.0000,-278.0,-556.00,-5.07,"[sl]",0,00:00:03:11,,,,,,,,,,,,
,50666263,09/03/2020 06:50,09/03/2020 07:45,XAUUSD,Buy,1.000,1941.40000,0.00000,1945.59000,1941.09000,0.0000,0.0000,-450.0,-450.00,-3.94,"[sl]",0,00:00:54:38,31.5,17m,539.0,5.06,89.0,89.0,-450.0,-450.0,16.5,0.0,-539.00,-539.00
,50652778,09/02/2020 19:31,09/03/2020 05:38,XAUUSD,Buy,3.000,1931.90000,0.00000,1934.58000,1948.42000,0.0000,-104.3600,1384.0,4047.64,54.92,"",0,00:10:07:00,100.0,10h 7m,532.0,0.00,1585.0,4755.0,0.0,0.0,100.0,87.3,-201.00,-603.00
,50652543,09/02/2020 19:27,09/02/2020 19:30,XAUUSD,Buy,3.000,1933.80000,0.00000,1936.26000,1933.71000,0.0000,0.0000,-255.0,-765.00,-9.40,"[sl]",0,00:00:03:24,,,,,,,,,,,,
,50652650,09/02/2020 19:29,09/02/2020 19:30,XAUUSD,Buy,2.000,1933.90000,0.00000,1936.38000,1933.97000,0.0000,0.0000,-241.0,-482.00,-5.59,"[sl]",0,00:00:01:07,,,,,,,,,,,,
,50652516,09/02/2020 19:26,,,Deposit,0.010,0.00000,0.00000,0.00000,0.00000,0.0000,0.0000,0.0,8000.00,0,"Deposit LPB-CC-BZ USD #8956549",0,00:00:00:00,,,,,,,,,,,,
,50645899,09/02/2020 17:30,09/02/2020 19:23,XAUUSD,Buy,1.000,0.00000,0.00000,1945.05000,1934.28000,0.0000,0.0000,-1077.0,-1077.00,-63.58,"[stopout]",0,00:01:52:21,0.0,0s,1077.0,1111.11,0.0,0.0,-1077.0,-1077.0,0.0,0.0,-1077.00,-1077.00
,50640113,09/02/2020 16:39,09/02/2020 19:23,XAUUSD,Buy,7.000,0.00000,0.00000,1952.24000,1934.28000,0.0000,0.0000,-1796.0,-12572.00,-88.13,"[stopout]",0,00:02:43:53,3.1,5m,1816.0,90.09,20.0,140.0,-1796.0,-12572.0,1.1,0.0,-1816.00,-12712.00
,50650079,09/02/2020 18:33,09/02/2020 19:06,XAUUSD,Buy,0.500,1940.40000,0.00000,1942.53000,1940.43000,0.0000,0.0000,-210.0,-105.00,-0.73,"[sl]",0,00:00:32:18,28.6,9m,354.0,1.46,144.0,72.0,-210.0,-105.0,40.7,0.0,-354.00,-177.00
,50650850,09/02/2020 18:49,09/02/2020 18:50,XAUUSD,Buy,0.500,1941.80000,0.00000,1944.40000,1941.84000,0.0000,0.0000,-256.0,-128.00,-0.88,"[sl]",0,00:00:01:02,,,,,,,,,,,,
,50647971,09/02/2020 17:57,09/02/2020 18:15,XAUUSD,Buy,0.500,1938.90000,0.00000,1942.16000,1938.83000,0.0000,0.0000,-333.0,-166.50,-1.14,"[sl]",0,00:00:17:52,,,,,,,,,,,,
,50647987,09/02/2020 17:57,09/02/2020 18:08,XAUUSD,Buy,0.500,1939.36000,0.00000,1942.15000,1939.60000,0.0000,0.0000,-255.0,-127.50,-0.86,"[sl]",0,00:00:10:45,,,,,,,,,,,,
,50646181,09/02/2020 17:33,09/02/2020 17:35,XAUUSD,Buy,2.000,1942.90000,0.00000,1944.98000,1942.63000,0.0000,0.0000,-235.0,-470.00,-3.08,"[sl]",0,00:00:01:38,,,,,,,,,,,,
,50646130,09/02/2020 17:25,09/02/2020 17:35,XAUUSD,Buy,2.000,1942.90000,0.00000,1944.17000,1942.63000,0.0000,0.0000,-154.0,-308.00,-1.98,"from #50645553[sl]",0,00:00:09:17,,,,,,,,,,,,
,50645553,09/02/2020 17:25,09/02/2020 17:32,XAUUSD,Buy,2.000,0.00000,0.00000,1944.17000,1944.37000,0.0000,0.0000,20.0,40.00,0.26,"to #50646130",0,00:00:07:08,,,,,,,,,,,,
,50645474,09/02/2020 17:25,09/02/2020 17:26,XAUUSD,Buy,1.000,0.00000,0.00000,1944.17000,1943.56000,0.0000,0.0000,-61.0,-61.00,-0.39,"to #50645553",0,00:00:01:00,,,,,,,,,,,,
,50645439,09/02/2020 17:25,,,Deposit,0.010,0.00000,0.00000,0.00000,0.00000,0.0000,0.0000,0.0,5000.00,0,"Transfer from 22097147 #8955092",0,00:00:00:00,,,,,,,,,,,,
,50645053,09/02/2020 17:21,,,Deposit,0.010,0.00000,0.00000,0.00000,0.00000,0.0000,0.0000,0.0,637.00,0,"Transfer from 22097147 #8954994",0,00:00:00:00,,,,,,,,,,,,
,50642298,09/02/2020 16:59,09/02/2020 17:13,XAUUSD,Buy,2.000,1945.40000,0.00000,1948.73000,1945.22000,0.0000,0.0000,-351.0,-702.00,-6.59,"[sl]",0,00:00:14:00,,,,,,,,,,,,
,50642127,09/02/2020 16:58,,,Deposit,0.010,0.00000,0.00000,0.00000,0.00000,0.0000,0.0000,0.0,5000.00,0,"Deposit LPB-CC-BZ USD #8954515",0,00:00:00:00,,,,,,,,,,,,
,50639967,09/02/2020 16:38,,,Deposit,0.010,0.00000,0.00000,0.00000,0.00000,0.0000,0.0000,0.0,5000.00,0,"Deposit LPB-CC-BZ USD #8954198",0,00:00:00:00,,,,,,,,,,,,
,50636327,09/02/2020 16:01,09/02/2020 16:31,XAUUSD,Buy,2.000,0.00000,0.00000,1965.04000,1952.12000,0.0000,0.0000,-1292.0,-2584.00,-79.73,"[stopout]",0,00:00:29:52,0.0,0s,1305.0,1428.57,0.0,0.0,-1305.0,-2610.0,0.0,1.0,-1292.00,-2584.00
,50635154,09/02/2020 15:44,09/02/2020 16:31,XAUUSD,Buy,2.000,0.00000,0.00000,1963.43000,1952.12000,0.0000,0.0000,-1131.0,-2262.00,-41.11,"[stopout]",0,00:00:47:02,20.0,9m,1378.0,4.89,234.0,468.0,-1144.0,-2288.0,17.0,0.9,-1365.00,-2730.00
,50624655,09/02/2020 12:39,09/02/2020 16:31,XAUUSD,Buy,0.200,0.00000,0.00000,1969.19000,1952.12000,0.0000,0.0000,-1707.0,-341.40,-5.84,"[stopout]",0,00:03:51:35,4.3,9m,1825.0,16.39,105.0,21.0,-1720.0,-344.0,5.8,0.7,-1812.00,-362.40
,50624434,09/02/2020 12:34,09/02/2020 16:31,XAUUSD,Buy,0.200,0.00000,0.00000,1969.54000,1952.12000,0.0000,0.0000,-1742.0,-348.40,-5.63,"[stopout]",0,00:03:56:15,4.2,9m,1825.0,25.13,70.0,14.0,-1755.0,-351.0,3.8,0.7,-1812.00,-362.40
,50624374,09/02/2020 12:33,09/02/2020 16:31,XAUUSD,Buy,0.200,0.00000,0.00000,1969.98000,1952.12000,0.0000,0.0000,-1786.0,-357.20,-5.45,"[stopout]",0,00:03:57:12,2.1,4m,1825.0,69.44,26.0,5.2,-1799.0,-359.8,1.4,0.7,-1812.00,-362.40
,50590242,09/01/2020 20:03,09/02/2020 16:31,XAUUSD,Buy,0.100,0.00000,0.00000,1975.07000,1952.12000,0.0000,-1.1600,-2295.0,-230.66,-3.40,"[stopout]",0,00:20:28:01,0.0,0s,2308.0,2500.00,0.0,0.0,-2308.0,-230.8,0.0,0.6,-2295.00,-229.50
,50589234,09/01/2020 19:44,09/02/2020 16:31,XAUUSD,Buy,0.100,0.00000,0.00000,1975.64000,1952.12000,0.0000,-1.1600,-2352.0,-236.36,-3.37,"[stopout]",0,00:20:46:20,0.0,0s,2365.0,2500.00,0.0,0.0,-2365.0,-236.5,0.0,0.5,-2352.00,-235.20
,50588871,09/01/2020 19:35,09/02/2020 16:31,XAUUSD,Buy,0.100,0.00000,0.00000,1974.76000,1952.12000,0.0000,-1.1600,-2264.0,-227.56,-3.14,"[stopout]",0,00:20:55:25,1.2,15m,2421.0,15.82,144.0,14.4,-2277.0,-227.70000000000002,5.9,0.5,-2408.00,-240.80
,50588831,09/01/2020 19:35,09/02/2020 16:31,XAUUSD,Buy,0.050,0.00000,0.00000,1974.44000,1952.12000,0.0000,-0.5800,-2232.0,-112.18,-1.52,"[stopout]",0,00:20:55:54,1.2,15m,2421.0,12.77,176.0,8.8,-2245.0,-112.25,7.3,0.5,-2408.00,-120.40
,50588028,09/01/2020 19:20,09/02/2020 16:31,XAUUSD,Buy,0.050,0.00000,0.00000,1976.15000,1952.12000,0.0000,-0.5800,-2403.0,-120.73,-1.61,"[stopout]",0,00:21:10:32,0.4,5m,2421.0,500.00,5.0,0.25,-2416.0,-120.80000000000001,0.2,0.5,-2408.00,-120.40
,50634337,09/02/2020 15:11,09/02/2020 16:21,XAUUSD,Buy,1.500,1951.80000,0.00000,1955.25000,1957.33000,0.0000,0.0000,208.0,312.00,4.35,"from #50633765",0,00:01:09:33,100.0,1h 9m,1092.0,0.00,1282.0,1923.0,0.0,0.0,100.0,16.2,-1074.00,-1611.00
,50635499,09/02/2020 15:48,09/02/2020 16:14,XAUUSD,Buy,1.500,1959.80000,0.00000,1966.94000,1959.63000,0.0000,0.0000,-731.0,-1096.50,-13.27,"[sl]",0,00:00:25:29,0.0,0s,731.0,769.23,0.0,0.0,-731.0,-1096.5,0.0,0.0,-731.00,-1096.50
,50635316,09/02/2020 15:45,09/02/2020 16:14,XAUUSD,Buy,2.000,1959.80000,0.00000,1963.78000,1959.63000,0.0000,0.0000,-415.0,-830.00,-9.13,"[sl]",0,00:00:28:19,20.0,5m,520.0,3.95,105.0,210.0,-415.0,-830.0,20.2,0.0,-520.00,-1040.00
,50635387,09/02/2020 15:46,09/02/2020 16:03,XAUUSD,Buy,1.500,1961.80000,0.00000,1965.56000,1961.50000,0.0000,0.0000,-406.0,-609.00,-6.28,"[sl]",0,00:00:16:33,,,,,,,,,,,,
,50635746,09/02/2020 15:53,09/02/2020 16:00,XAUUSD,Buy,3.000,1963.90000,0.00000,1966.98000,1963.73000,0.0000,0.0000,-325.0,-975.00,-9.13,"[sl]",0,00:00:06:52,,,,,,,,,,,,
,50635079,09/02/2020 15:42,09/02/2020 15:51,XAUUSD,Buy,2.000,1964.40000,0.00000,1963.73000,1964.38000,0.0000,0.0000,65.0,130.00,1.23,"[sl]",0,00:00:09:00,,,,,,,,,,,,
,50633765,09/02/2020 15:11,09/02/2020 15:31,XAUUSD,Buy,0.500,1951.80000,0.00000,1955.25000,1967.26000,0.0000,0.0000,1201.0,600.50,6.04,"to #50634337",0,00:00:19:10,,,,,,,,,,,,
,50622160,09/02/2020 11:59,09/02/2020 15:30,XAUUSD,Buy,0.500,0.00000,0.00000,1965.55000,1966.94000,0.0000,0.0000,139.0,69.50,0.70,"",0,00:03:31:07,62.8,2h 12m,1428.0,1.47,579.0,289.5,-849.0,-424.5,40.5,69.2,-440.00,-220.00
,50632620,09/02/2020 15:11,09/02/2020 15:21,XAUUSD,Buy,1.000,1951.80000,0.00000,1955.25000,1965.71000,0.0000,0.0000,1046.0,1046.00,11.85,"to #50633765",0,00:00:09:31,,,,,,,,,,,,
,50632652,09/02/2020 15:12,09/02/2020 15:17,XAUUSD,Buy,1.500,1951.80000,0.00000,1955.73000,1965.47000,0.0000,0.0000,974.0,1461.00,19.83,"",0,00:00:05:53,,,,,,,,,,,,
,50629693,09/02/2020 14:23,09/02/2020 15:11,XAUUSD,Buy,1.000,1954.00000,0.00000,1961.51000,1954.29000,0.0000,0.0000,-722.0,-722.00,-8.92,"[sl]",0,00:00:47:25,0.0,0s,722.0,769.23,0.0,0.0,-722.0,-722.0,0.0,0.0,-722.00,-722.00
,50628134,09/02/2020 13:52,09/02/2020 15:11,XAUUSD,Buy,1.000,1954.00000,0.00000,1967.32000,1954.29000,0.0000,0.0000,-1303.0,-1303.00,-13.87,"[sl]",0,00:01:18:30,0.0,0s,1303.0,1428.57,0.0,0.0,-1303.0,-1303.0,0.0,0.0,-1303.00,-1303.00
,50631632,09/02/2020 14:56,09/02/2020 15:11,XAUUSD,Buy,2.000,1955.40000,0.00000,1958.62000,1954.29000,0.0000,0.0000,-433.0,-866.00,-8.44,"[sl]",0,00:00:14:34,,,,,,,,,,,,
,50629771,09/02/2020 14:24,09/02/2020 15:11,XAUUSD,Buy,1.000,1955.40000,0.00000,1961.94000,1954.29000,0.0000,0.0000,-765.0,-765.00,-6.94,"[sl]",0,00:00:46:38,0.0,0s,765.0,769.23,0.0,0.0,-765.0,-765.0,0.0,0.0,-765.00,-765.00
,50628848,09/02/2020 14:05,09/02/2020 14:22,XAUUSD,Buy,1.000,1961.20000,0.00000,1965.10000,1961.21000,0.0000,0.0000,-389.0,-389.00,-3.41,"[sl]",0,00:00:17:33,,,,,,,,,,,,
,50627471,09/02/2020 13:36,09/02/2020 13:49,XAUUSD,Buy,0.500,1966.90000,0.00000,1968.94000,1966.46000,0.0000,0.0000,-248.0,-124.00,-1.07,"[sl]",0,00:00:12:59,,,,,,,,,,,,
,50625404,09/02/2020 12:55,09/02/2020 13:03,XAUUSD,Buy,0.500,1963.90000,0.00000,1969.18000,1970.45000,0.0000,0.0000,127.0,63.50,0.55,"",0,00:00:07:43,,,,,,,,,,,,
,50606506,09/02/2020 07:45,09/02/2020 12:11,XAUUSD,Buy,0.500,1953.40000,0.00000,1964.42000,1970.74000,0.0000,0.0000,632.0,316.00,2.83,"",0,00:04:26:02,37.8,1h 40m,885.0,1.14,632.0,316.0,-719.0,-359.5,46.8,100.0,0.00,0.00
,50604690,09/02/2020 06:09,09/02/2020 12:11,XAUUSD,Buy,0.500,1953.40000,0.00000,1964.66000,1971.38000,0.0000,0.0000,672.0,336.00,3.10,"",0,00:06:02:31,38.4,2h 19m,885.0,1.11,672.0,336.0,-743.0,-371.5,47.5,100.0,0.00,0.00
,50591382,09/01/2020 20:12,09/02/2020 12:11,XAUUSD,Buy,0.300,1953.40000,1974.00000,1970.73000,1971.28000,0.0000,-3.4800,55.0,13.02,0.12,"",0,00:15:59:21,16.2,2h 35m,1560.0,6.43,210.0,63.0,-1350.0,-405.0,13.5,90.1,-155.00,-46.50
,50602913,09/02/2020 04:33,09/02/2020 11:47,XAUUSD,Buy,0.500,1953.40000,0.00000,1963.19000,1966.08000,0.0000,0.0000,289.0,144.50,1.35,"",0,00:07:13:52,70.2,5h 4m,939.0,1.74,343.0,171.5,-596.0,-298.0,36.5,94.2,-54.00,-27.00
,50613527,09/02/2020 10:16,09/02/2020 11:26,XAUUSD,Buy,0.500,0.00000,0.00000,1961.27000,1965.23000,0.0000,0.0000,396.0,198.00,1.89,"",0,00:01:09:47,71.5,49m,404.0,0.89,454.0,227.0,-404.0,-202.0,52.9,93.2,-58.00,-29.00
,50613897,09/02/2020 10:18,09/02/2020 10:53,XAUUSD,Buy,0.500,1953.40000,0.00000,1960.34000,1962.17000,0.0000,0.0000,183.0,91.50,0.88,"",0,00:00:34:19,42.9,14m,311.0,1.70,183.0,91.5,-311.0,-155.5,37.0,100.0,0.00,0.00
,50615856,09/02/2020 10:34,09/02/2020 10:47,XAUUSD,Buy,1.000,1954.40000,0.00000,1957.89000,1961.48000,0.0000,0.0000,359.0,359.00,3.58,"",0,00:00:12:51,,,,,,,,,,,,
,50612972,09/02/2020 10:13,09/02/2020 10:16,XAUUSD,Buy,0.500,1960.40000,0.00000,1963.78000,1960.26000,0.0000,0.0000,-352.0,-176.00,-1.73,"[sl]",0,00:00:03:29,,,,,,,,,,,,
,50604902,09/02/2020 06:23,09/02/2020 10:04,XAUUSD,Buy,0.500,1958.40000,0.00000,1963.39000,1966.27000,0.0000,0.0000,288.0,144.00,1.43,"",0,00:03:40:48,81.9,3h 0m,352.0,0.34,288.0,144.0,-97.0,-48.5,74.8,100.0,0.00,0.00
,50591658,09/01/2020 20:15,09/02/2020 04:08,XAUUSD,Buy,0.300,1962.00000,1978.00000,1970.78000,1961.12000,0.0000,-3.4800,-966.0,-293.28,-2.84,"[sl]",0,00:07:53:29,32.2,2h 32m,1224.0,4.02,244.0,73.2,-980.0,-294.0,19.9,1.1,-1210.00,-363.00
,50599393,09/02/2020 01:26,09/02/2020 03:48,XAUUSD,Buy,0.200,1967.90000,0.00000,1970.99000,1967.25000,0.0000,0.0000,-374.0,-74.80,-0.72,"[sl]",0,00:02:22:31,64.8,1h 32m,590.0,1.73,216.0,43.2,-374.0,-74.8,36.6,0.0,-590.00,-118.00
,50593244,09/01/2020 20:49,09/01/2020 23:52,XAUUSD,Buy,0.100,0.00000,0.00000,1971.54000,1970.50000,0.0000,0.0000,-104.0,-10.40,-0.10,"",0,00:03:03:23,0.0,0s,738.0,769.23,0.0,0.0,-738.0,-73.8,0.0,85.9,-104.00,-10.40
,50593421,09/01/2020 20:52,09/01/2020 23:51,XAUUSD,Buy,0.100,0.00000,0.00000,1970.19000,1970.78000,0.0000,0.0000,59.0,5.90,0.06,"",0,00:02:58:34,24.6,43m,735.0,4.57,132.0,13.200000000000001,-603.0,-60.300000000000004,18.0,90.1,-73.00,-7.30
,50594999,09/01/2020 21:43,09/01/2020 22:46,XAUUSD,Buy,1.000,1959.80000,0.00000,1966.34000,1969.94000,0.0000,0.0000,360.0,360.00,3.58,"",0,00:01:03:23,77.8,49m,286.0,0.34,376.0,376.0,-129.0,-129.0,74.5,96.8,-16.00,-16.00
,50594342,09/01/2020 21:16,09/01/2020 22:46,XAUUSD,Buy,0.200,0.00000,0.00000,1970.13000,1970.30000,0.0000,0.0000,17.0,3.40,0.03,"",0,00:01:30:03,18.9,17m,734.0,4.36,137.0,27.400000000000002,-597.0,-119.4,18.7,83.7,-120.00,-24.00
,50595178,09/01/2020 21:45,09/01/2020 21:54,XAUUSD,Buy,1.000,1959.70000,0.00000,1965.36000,1967.82000,0.0000,0.0000,246.0,246.00,2.51,"",0,00:00:09:09,100.0,9m,75.0,0.00,246.0,246.0,0.0,0.0,100.0,100.0,0.00,0.00
,50590795,09/01/2020 20:07,09/01/2020 20:33,XAUUSD,Buy,0.200,0.00000,0.00000,1972.79000,1973.08000,0.0000,0.0000,29.0,5.80,0.06,"",0,00:00:26:24,23.1,6m,276.0,6.42,43.0,8.6,-276.0,-55.2,13.5,95.6,-14.00,-2.80
,50590983,09/01/2020 20:08,09/01/2020 20:31,XAUUSD,Buy,0.200,1967.88000,0.00000,1972.53000,1972.64000,0.0000,0.0000,11.0,2.20,0.02,"",0,00:00:22:51,26.1,5m,250.0,3.62,69.0,13.8,-250.0,-50.0,21.6,81.8,-58.00,-11.60
,50554146,09/01/2020 11:58,09/01/2020 13:31,XAUUSD,Buy,0.100,0.00000,0.00000,1989.24000,1989.61000,0.0000,0.0000,37.0,3.70,0.04,"",0,00:01:33:11,9.7,9m,476.0,5.29,86.0,8.6,-455.0,-45.5,15.9,90.9,-49.00,-4.90
,50555741,09/01/2020 12:17,09/01/2020 13:29,XAUUSD,Buy,0.700,1981.88000,0.00000,1986.55000,1989.78000,0.0000,0.0000,323.0,226.10,2.36,"",0,00:01:11:39,80.6,57m,476.0,0.53,349.0,244.29999999999998,-186.0,-130.2,65.2,95.1,-26.00,-18.20
,50554123,09/01/2020 11:58,09/01/2020 13:29,XAUUSD,Buy,0.100,0.00000,0.00000,1989.02000,1989.93000,0.0000,0.0000,91.0,9.10,0.10,"",0,00:01:30:36,8.8,7m,476.0,4.25,102.0,10.200000000000001,-433.0,-43.300000000000004,19.1,97.9,-11.00,-1.10
,50554651,09/01/2020 12:02,09/01/2020 13:28,XAUUSD,Buy,0.200,1982.80000,0.00000,1989.19000,1989.99000,0.0000,0.0000,80.0,16.00,0.17,"",0,00:01:26:44,7.0,6m,476.0,5.30,85.0,17.0,-450.0,-90.0,15.9,99.1,-5.00,-1.00
,50554984,09/01/2020 12:06,09/01/2020 13:28,XAUUSD,Buy,0.200,1982.80000,0.00000,1989.29000,1989.99000,0.0000,0.0000,70.0,14.00,0.15,"",0,00:01:22:05,7.4,6m,476.0,6.13,75.0,15.0,-460.0,-92.0,14.0,99.1,-5.00,-1.00
,50556552,09/01/2020 12:33,09/01/2020 13:28,XAUUSD,Buy,0.300,0.00000,0.00000,1988.26000,1989.92000,0.0000,0.0000,166.0,49.80,0.53,"",0,00:00:55:35,32.8,18m,428.0,2.01,178.0,53.4,-357.0,-107.1,33.3,97.8,-12.00,-3.60
,50558562,09/01/2020 13:06,09/01/2020 13:22,XAUUSD,Buy,0.700,1981.88000,0.00000,1985.02000,1988.46000,0.0000,0.0000,344.0,240.80,2.60,"",0,00:00:15:28,100.0,15m,65.0,0.00,382.0,267.4,0.0,0.0,100.0,90.1,-38.00,-26.60
,50555948,09/01/2020 12:21,09/01/2020 13:06,XAUUSD,Buy,0.300,1983.90000,0.00000,1987.29000,1983.83000,0.0000,0.0000,-346.0,-103.80,-1.11,"[sl]",0,00:00:45:02,80.0,36m,562.0,1.60,216.0,64.8,-346.0,-103.8,38.4,0.0,-562.00,-168.60
,50554530,09/01/2020 12:00,09/01/2020 13:06,XAUUSD,Buy,0.100,1984.40000,0.00000,1989.37000,1984.21000,0.0000,0.0000,-516.0,-51.60,-0.55,"[sl]",0,00:01:05:49,1.6,1m,524.0,64.52,8.0,0.8,-516.0,-51.6,1.5,0.0,-524.00,-52.40
,50555405,09/01/2020 12:12,09/01/2020 12:16,XAUUSD,Buy,0.500,1985.80000,0.00000,1988.94000,1985.89000,0.0000,0.0000,-305.0,-152.50,-1.60,"[sl]",0,00:00:04:43,0.0,0s,305.0,312.50,0.0,0.0,-305.0,-152.5,0.0,0.0,-305.00,-152.50
,50543554,09/01/2020 09:41,,,Withdrawal,0.010,0.00000,0.00000,0.00000,0.00000,0.0000,0.0000,0.0,-6000.00,0,"Transfer to 5059071 #8935339",0,00:00:00:00,,,,,,,,,,,,
,50533177,08/31/2020 21:07,09/01/2020 04:59,XAUUSD,Buy,0.500,1972.40000,0.00000,1968.83000,1976.20000,0.0000,-5.8000,737.0,362.70,2.39,"from #50532199",0,00:07:52:46,35.9,2h 49m,664.0,0.45,845.0,422.5,-382.0,-191.0,68.9,91.2,-108.00,-54.00
,50532199,08/31/2020 21:07,09/01/2020 04:59,XAUUSD,Buy,1.000,1972.40000,0.00000,1968.83000,1976.65000,0.0000,-11.5900,782.0,770.41,5.34,"from #50521271",0,00:07:52:26,35.9,2h 49m,664.0,0.45,845.0,845.0,-382.0,-382.0,68.9,94.9,-63.00,-63.00
,50521271,08/31/2020 21:07,09/01/2020 04:46,XAUUSD,Buy,0.500,1961.40000,0.00000,1968.83000,1974.23000,0.0000,-5.8000,540.0,264.20,1.87,"to #50532199",0,00:07:39:46,34.0,2h 36m,664.0,0.66,575.0,287.5,-382.0,-191.0,60.1,96.3,-35.00,-17.50
,50523052,08/31/2020 22:08,09/01/2020 04:40,XAUUSD,Buy,0.200,0.00000,0.00000,1970.85000,1973.88000,0.0000,-2.3200,303.0,58.28,0.41,"",0,00:06:31:59,9.7,38m,584.0,1.64,356.0,71.2,-584.0,-116.80000000000001,37.9,94.4,-53.00,-10.60
,50523142,08/31/2020 22:12,09/01/2020 04:40,XAUUSD,Buy,0.200,0.00000,0.00000,1971.22000,1974.12000,0.0000,-2.3200,290.0,55.68,0.40,"",0,00:06:28:24,9.1,35m,621.0,1.95,319.0,63.800000000000004,-621.0,-124.2,33.9,96.9,-29.00,-5.80
,50531284,09/01/2020 04:24,09/01/2020 04:40,XAUUSD,Buy,0.200,0.00000,0.00000,1972.64000,1974.13000,0.0000,0.0000,149.0,29.80,0.21,"",0,00:00:16:07,31.3,5m,164.0,0.93,177.0,35.4,-164.0,-32.800000000000004,51.9,91.8,-28.00,-5.60
,50531034,09/01/2020 04:16,09/01/2020 04:40,XAUUSD,Buy,0.300,0.00000,0.00000,1972.19000,1974.04000,0.0000,0.0000,185.0,55.50,0.40,"",0,00:00:23:40,58.4,13m,187.0,0.54,222.0,66.6,-119.0,-35.699999999999996,65.1,89.1,-37.00,-11.10
,50525716,08/31/2020 23:41,09/01/2020 04:40,XAUUSD,Buy,0.300,0.00000,0.00000,1969.24000,1974.11000,0.0000,-3.4800,487.0,142.62,1.03,"",0,00:04:58:37,21.5,1h 4m,423.0,0.82,517.0,155.1,-423.0,-126.89999999999999,55.0,96.8,-30.00,-9.00
,50531119,09/01/2020 04:21,,,Deposit,0.010,0.00000,0.00000,0.00000,0.00000,0.0000,0.0000,0.0,24.85,0,"VIP Rebate",0,00:00:00:00,,,,,,,,,,,,
,50531118,09/01/2020 04:21,,,Deposit,0.010,0.00000,0.00000,0.00000,0.00000,0.0000,0.0000,0.0,108.48,0,"Rebate",0,00:00:00:00,,,,,,,,,,,,
,50520166,08/31/2020 20:22,09/01/2020 01:00,XAUUSD,Buy,0.500,1964.80000,0.00000,1973.30000,1964.03000,0.0000,-5.8000,-927.0,-469.30,-3.32,"[sl]",0,00:04:37:26,0.0,0s,927.0,1000.00,0.0,0.0,-927.0,-463.5,0.0,0.0,-927.00,-463.50
,50518472,08/31/2020 19:44,09/01/2020 01:00,XAUUSD,Buy,0.300,1964.80000,0.00000,1972.52000,1964.03000,0.0000,-3.4800,-849.0,-258.18,-1.79,"[sl]",0,00:05:15:23,4.8,15m,939.0,9.43,90.0,27.0,-849.0,-254.7,9.6,0.0,-939.00,-281.70
,50518395,08/31/2020 19:42,09/01/2020 01:00,XAUUSD,Buy,0.300,1964.80000,0.00000,1972.97000,1964.03000,0.0000,-3.4800,-894.0,-271.68,-1.85,"[sl]",0,00:05:17:42,2.3,7m,939.0,19.88,45.0,13.5,-894.0,-268.2,4.8,0.0,-939.00,-281.70
,50523498,08/31/2020 22:20,08/31/2020 22:47,XAUUSD,Buy,0.500,1959.40000,0.00000,1967.89000,1969.84000,0.0000,0.0000,195.0,97.50,0.67,"",0,00:00:26:29,77.8,20m,243.0,0.30,236.0,118.0,-70.0,-35.0,77.1,86.6,-41.00,-20.50
,50523591,08/31/2020 22:22,08/31/2020 22:34,XAUUSD,Buy,0.500,0.00000,0.00000,1967.81000,1969.38000,0.0000,0.0000,157.0,78.50,0.54,"",0,00:00:11:57,91.7,10m,30.0,0.07,181.0,90.5,-13.0,-6.5,93.3,87.6,-24.00,-12.00
,50521487,08/31/2020 21:15,08/31/2020 21:59,XAUUSD,Buy,1.000,1961.40000,0.00000,1967.59000,1970.71000,0.0000,0.0000,312.0,312.00,2.20,"",0,00:00:43:12,93.2,40m,209.0,0.22,344.0,344.0,-75.0,-75.0,82.1,92.4,-32.00,-32.00
,50518322,08/31/2020 19:40,08/31/2020 21:15,XAUUSD,Buy,0.100,1967.40000,0.00000,1972.77000,1967.36000,0.0000,0.0000,-541.0,-54.10,-0.38,"[sl]",0,00:01:34:31,10.6,10m,606.0,8.33,65.0,6.5,-541.0,-54.1,10.7,0.0,-606.00,-60.60
,50518285,08/31/2020 19:40,08/31/2020 21:15,XAUUSD,Buy,0.100,1967.40000,0.00000,1972.93000,1967.36000,0.0000,0.0000,-557.0,-55.70,-0.39,"[sl]",0,00:01:35:04,7.4,7m,606.0,11.38,49.0,4.9,-557.0,-55.7,8.1,0.0,-606.00,-60.60
,50518246,08/31/2020 19:39,08/31/2020 21:15,XAUUSD,Buy,0.100,1967.40000,0.00000,1972.76000,1967.36000,0.0000,0.0000,-540.0,-54.00,-0.38,"[sl]",0,00:01:35:30,10.5,10m,606.0,8.18,66.0,6.6000000000000005,-540.0,-54.0,10.9,0.0,-606.00,-60.60
,50518121,08/31/2020 19:36,08/31/2020 21:15,XAUUSD,Buy,0.100,1967.40000,0.00000,1974.83000,1967.36000,0.0000,0.0000,-747.0,-74.70,-0.52,"[sl]",0,00:01:38:21,0.0,0s,747.0,769.23,0.0,0.0,-747.0,-74.7,0.0,0.0,-747.00,-74.70
,50520211,08/31/2020 20:23,08/31/2020 21:04,XAUUSD,Buy,0.500,1968.90000,0.00000,1973.70000,1968.64000,0.0000,0.0000,-506.0,-253.00,-1.72,"[sl]",0,00:00:41:13,0.0,0s,506.0,526.32,0.0,0.0,-506.0,-253.0,0.0,0.0,-506.00,-253.00
,50519277,08/31/2020 19:55,08/31/2020 21:04,XAUUSD,Buy,0.500,1968.90000,0.00000,1971.98000,1968.64000,0.0000,0.0000,-334.0,-167.00,-1.12,"[sl]",0,00:01:08:53,50.8,34m,478.0,2.32,144.0,72.0,-334.0,-167.0,30.1,0.0,-478.00,-239.00
,50519244,08/31/2020 19:55,08/31/2020 21:04,XAUUSD,Buy,0.500,1968.90000,0.00000,1971.29000,1968.64000,0.0000,0.0000,-265.0,-132.50,-0.88,"[sl]",0,00:01:09:30,81.2,56m,478.0,1.24,213.0,106.5,-265.0,-132.5,44.6,0.0,-478.00,-239.00
,50520903,08/31/2020 20:55,08/31/2020 21:04,XAUUSD,Buy,0.500,1970.39000,0.00000,1973.06000,1970.35000,0.0000,0.0000,-271.0,-135.50,-0.90,"[sl]",0,00:00:09:04,0.0,0s,430.0,434.78,0.0,0.0,-430.0,-215.0,0.0,37.0,-271.00,-135.50
,50520511,08/31/2020 20:35,08/31/2020 21:04,XAUUSD,Buy,0.500,1970.39000,0.00000,1972.75000,1970.35000,0.0000,0.0000,-240.0,-120.00,-0.79,"[sl]",0,00:00:29:02,3.5,1m,425.0,15.36,26.0,13.0,-399.0,-199.5,6.1,37.4,-266.00,-133.00
,50519202,08/31/2020 19:54,08/31/2020 20:25,XAUUSD,Buy,0.500,1968.90000,0.00000,1971.28000,1972.56000,0.0000,0.0000,128.0,64.00,0.42,"",0,00:00:30:42,71.0,21m,210.0,0.69,214.0,107.0,-148.0,-74.0,59.1,76.2,-86.00,-43.00
,50518734,08/31/2020 19:50,08/31/2020 20:25,XAUUSD,Buy,0.500,1966.90000,0.00000,1970.76000,1972.70000,0.0000,0.0000,194.0,97.00,0.64,"",0,00:00:35:10,88.6,31m,210.0,0.36,266.0,133.0,-96.0,-48.0,73.5,80.1,-72.00,-36.00
,50518645,08/31/2020 19:48,08/31/2020 20:25,XAUUSD,Buy,0.500,1967.40000,0.00000,1970.62000,1972.55000,0.0000,0.0000,193.0,96.50,0.64,"",0,00:00:36:47,83.8,30m,210.0,0.29,280.0,140.0,-82.0,-41.0,77.3,76.0,-87.00,-43.50
,50517437,08/31/2020 19:19,,,Withdrawal,0.010,0.00000,0.00000,0.00000,0.00000,0.0000,0.0000,0.0,-1000.00,0,"Transfer to 21045794 #8928824",0,00:00:00:00,,,,,,,,,,,,
,50516682,08/31/2020 19:03,08/31/2020 19:10,XAUUSD,Buy,0.100,0.00000,0.00000,1972.69000,1973.10000,0.0000,0.0000,41.0,4.10,0.03,"",0,00:00:06:57,57.2,3m,92.0,1.13,62.0,6.2,-70.0,-7.0,47.0,84.1,-21.00,-2.10
,50516945,08/31/2020 18:53,08/31/2020 19:10,XAUUSD,Buy,0.150,1966.90000,0.00000,1970.44000,1973.23000,0.0000,0.0000,279.0,41.85,0.26,"from #50515984",0,00:00:17:20,58.9,10m,209.0,0.73,287.0,43.05,-209.0,-31.349999999999998,57.9,98.4,-8.00,-1.20
,50513236,08/31/2020 18:17,08/31/2020 19:10,XAUUSD,Buy,0.050,1963.40000,0.00000,1970.34000,1973.11000,0.0000,0.0000,277.0,13.85,0.09,"",0,00:00:53:07,22.7,12m,437.0,1.47,297.0,14.850000000000001,-437.0,-21.85,40.5,97.3,-20.00,-1.00
,50515984,08/31/2020 18:53,08/31/2020 19:09,XAUUSD,Buy,0.150,1966.90000,0.00000,1970.44000,1971.60000,0.0000,0.0000,116.0,17.40,0.11,"to #50516945",0,00:00:16:16,56.3,9m,209.0,0.83,253.0,37.949999999999996,-209.0,-31.349999999999998,54.8,70.3,-137.00,-20.55
,50515743,08/31/2020 18:49,08/31/2020 19:09,XAUUSD,Buy,0.300,0.00000,0.00000,1969.95000,1971.61000,0.0000,0.0000,166.0,49.80,0.31,"",0,00:00:20:11,55.1,11m,208.0,0.53,302.0,90.6,-160.0,-48.0,65.4,70.6,-136.00,-40.80
,50513209,08/31/2020 18:17,08/31/2020 19:09,XAUUSD,Buy,0.050,1963.40000,0.00000,1969.75000,1971.73000,0.0000,0.0000,198.0,9.90,0.06,"",0,00:00:52:11,28.9,15m,378.0,1.17,322.0,16.1,-378.0,-18.900000000000002,46.0,82.3,-124.00,-6.20
,50513058,08/31/2020 18:15,08/31/2020 19:09,XAUUSD,Buy,0.150,1963.90000,0.00000,1968.76000,1971.84000,0.0000,0.0000,308.0,46.20,0.29,"",0,00:00:53:54,57.5,30m,381.0,0.66,421.0,63.15,-279.0,-41.85,60.1,83.9,-113.00,-16.95
,50513041,08/31/2020 18:15,08/31/2020 19:09,XAUUSD,Buy,0.150,1963.90000,0.00000,1968.94000,1971.91000,0.0000,0.0000,297.0,44.55,0.28,"",0,00:00:53:55,51.9,27m,381.0,0.74,403.0,60.449999999999996,-297.0,-44.55,57.6,84.9,-106.00,-15.90
,50515709,08/31/2020 18:48,08/31/2020 19:07,XAUUSD,Buy,0.300,1966.90000,0.00000,1969.44000,1972.51000,0.0000,0.0000,307.0,92.10,0.59,"",0,00:00:18:56,73.7,13m,208.0,0.31,347.0,104.1,-109.0,-32.699999999999996,76.1,91.2,-40.00,-12.00
,50516093,08/31/2020 18:55,08/31/2020 19:07,XAUUSD,Buy,1.000,1966.90000,0.00000,1970.85000,1972.56000,0.0000,0.0000,171.0,171.00,1.10,"",0,00:00:12:45,53.9,6m,250.0,1.21,206.0,206.0,-250.0,-250.0,45.2,92.3,-35.00,-35.00
,50510226,08/31/2020 17:52,08/31/2020 19:07,XAUUSD,Buy,0.200,1963.90000,0.00000,1968.00000,1972.75000,0.0000,0.0000,475.0,95.00,0.62,"",0,00:01:14:45,57.4,42m,389.0,0.79,491.0,98.2,-389.0,-77.80000000000001,55.8,98.2,-16.00,-3.20
,50509852,08/31/2020 17:50,08/31/2020 19:07,XAUUSD,Buy,0.300,1964.40000,0.00000,1966.37000,1972.84000,0.0000,0.0000,647.0,194.10,1.28,"",0,00:01:17:09,83.2,1h 4m,381.0,0.35,654.0,196.2,-226.0,-67.8,74.3,99.2,-7.00,-2.10
,50512903,08/31/2020 18:14,08/31/2020 19:07,XAUUSD,Buy,0.500,1963.40000,0.00000,1968.03000,1972.86000,0.0000,0.0000,483.0,241.50,1.61,"",0,00:00:53:03,77.4,41m,381.0,0.42,488.0,244.0,-206.0,-103.0,70.3,99.3,-5.00,-2.50
,50510278,08/31/2020 17:53,08/31/2020 18:41,XAUUSD,Buy,0.200,1963.90000,0.00000,1967.80000,1968.28000,0.0000,0.0000,48.0,9.60,0.06,"",0,00:00:48:02,41.7,20m,381.0,1.86,198.0,39.6,-369.0,-73.8,34.9,73.5,-150.00,-30.00
,50510335,08/31/2020 17:53,08/31/2020 18:41,XAUUSD,Buy,0.200,1963.90000,0.00000,1967.81000,1968.07000,0.0000,0.0000,26.0,5.20,0.03,"",0,00:00:47:33,39.6,18m,381.0,1.88,197.0,39.400000000000006,-370.0,-74.0,34.7,69.8,-171.00,-34.20
,50514167,08/31/2020 18:27,08/31/2020 18:39,XAUUSD,Buy,1.000,1964.40000,0.00000,1967.47000,1967.84000,0.0000,0.0000,37.0,37.00,0.25,"",0,00:00:12:07,66.7,8m,168.0,0.97,117.0,117.0,-114.0,-114.0,50.6,65.4,-80.00,-80.00
,50514287,08/31/2020 18:28,08/31/2020 18:37,XAUUSD,Buy,0.500,1963.90000,0.00000,1966.47000,1968.17000,0.0000,0.0000,170.0,85.00,0.57,"",0,00:00:09:27,88.9,8m,168.0,0.06,217.0,108.5,-14.0,-7.0,93.9,79.7,-47.00,-23.50
,50509971,08/31/2020 17:51,08/31/2020 18:37,XAUUSD,Buy,0.300,1964.40000,0.00000,1967.06000,1967.82000,0.0000,0.0000,76.0,22.80,0.15,"",0,00:00:46:49,55.4,25m,381.0,1.08,272.0,81.6,-295.0,-88.5,48.0,65.4,-196.00,-58.80
,50512462,08/31/2020 18:09,08/31/2020 18:30,XAUUSD,Buy,0.200,1963.40000,0.00000,1967.36000,1967.80000,0.0000,0.0000,44.0,8.80,0.06,"",0,00:00:21:50,71.5,15m,381.0,0.57,242.0,48.400000000000006,-139.0,-27.8,63.5,48.0,-198.00,-39.60
,50513855,08/31/2020 18:24,08/31/2020 18:27,XAUUSD,Buy,0.300,1966.40000,0.00000,1969.08000,1966.47000,0.0000,0.0000,-261.0,-78.30,-0.53,"[sl]",0,00:00:02:40,,,,,,,,,,,,
,50513819,08/31/2020 18:24,08/31/2020 18:26,XAUUSD,Buy,0.300,1966.90000,0.00000,1969.45000,1966.63000,0.0000,0.0000,-282.0,-84.60,-0.57,"[sl]",0,00:00:02:59,,,,,,,,,,,,
,50512785,08/31/2020 18:13,08/31/2020 18:21,XAUUSD,Buy,0.500,1963.90000,0.00000,1968.11000,1968.20000,0.0000,0.0000,9.0,4.50,0.03,"",0,00:00:08:23,100.0,8m,158.0,0.01,167.0,83.5,0.0,0.0,100.0,5.4,-158.00,-79.00
,50509827,08/31/2020 17:50,08/31/2020 18:21,XAUUSD,Buy,0.300,1959.40000,0.00000,1965.93000,1968.87000,0.0000,0.0000,294.0,88.20,0.59,"",0,00:00:30:45,77.5,23m,359.0,0.47,385.0,115.5,-182.0,-54.6,67.9,84.0,-91.00,-27.30
,50509759,08/31/2020 17:49,08/31/2020 18:20,XAUUSD,Buy,0.300,1963.90000,0.00000,1966.23000,1968.87000,0.0000,0.0000,264.0,79.20,0.54,"",0,00:00:31:00,67.8,21m,359.0,0.60,355.0,106.5,-212.0,-63.599999999999994,62.6,84.0,-91.00,-27.30
,50511150,08/31/2020 17:58,08/31/2020 18:07,XAUUSD,Buy,1.000,1959.90000,0.00000,1964.93000,1966.40000,0.0000,0.0000,147.0,147.00,1.00,"",0,00:00:09:33,77.8,7m,23.0,0.01,147.0,147.0,0.0,0.0,100.0,100.0,0.00,0.00
,50510056,08/31/2020 17:51,08/31/2020 17:57,XAUUSD,Buy,0.200,1964.80000,0.00000,1967.67000,1965.05000,0.0000,0.0000,-262.0,-52.40,-0.36,"[sl]",0,00:00:06:18,16.7,1m,359.0,119.05,3.0,0.6000000000000001,-356.0,-71.2,0.8,26.2,-265.00,-53.00
,50509342,08/31/2020 17:45,08/31/2020 17:46,XAUUSD,Buy,0.300,0.00000,0.00000,1964.63000,1964.63000,0.0000,0.0000,0.0,0.00,0.00,"",0,00:00:00:48,,,,,,,,,,,,
,50504691,08/31/2020 16:51,08/31/2020 17:05,XAUUSD,Buy,0.300,1970.90000,0.00000,1971.25000,1971.55000,0.0000,0.0000,30.0,9.00,0.06,"",0,00:00:13:42,35.8,4m,261.0,1.80,145.0,43.5,-261.0,-78.3,35.7,71.7,-115.00,-34.50
,50504973,08/31/2020 16:56,08/31/2020 17:05,XAUUSD,Buy,0.200,1970.90000,0.00000,1970.02000,1971.48000,0.0000,0.0000,146.0,29.20,0.20,"",0,00:00:08:53,88.9,7m,127.0,0.40,268.0,53.6,-106.0,-21.200000000000003,71.7,67.4,-122.00,-24.40
,50496437,08/31/2020 14:48,08/31/2020 17:05,XAUUSD,Buy,1.000,1970.90000,0.00000,1969.29000,1971.16000,0.0000,0.0000,187.0,187.00,1.29,"",0,00:02:16:38,19.0,25m,848.0,2.49,341.0,341.0,-848.0,-848.0,28.7,87.0,-154.00,-154.00
,50503598,08/31/2020 16:38,08/31/2020 16:42,XAUUSD,Buy,0.500,1967.80000,0.00000,1967.10000,1967.61000,0.0000,0.0000,51.0,25.50,0.18,"[sl]",0,00:00:04:23,100.0,4m,173.0,0.00,224.0,112.0,0.0,0.0,100.0,22.8,-173.00,-86.50
,50502707,08/31/2020 16:27,08/31/2020 16:42,XAUUSD,Buy,0.500,1967.80000,0.00000,1967.14000,1968.70000,0.0000,0.0000,156.0,78.00,0.54,"",0,00:00:14:27,73.4,10m,382.0,0.28,298.0,149.0,-84.0,-42.0,78.0,62.8,-142.00,-71.00
,50497735,08/31/2020 15:08,08/31/2020 16:42,XAUUSD,Buy,1.000,1956.80000,0.00000,1964.54000,1968.74000,0.0000,0.0000,420.0,420.00,3.01,"",0,00:01:33:28,76.6,1h 11m,598.0,0.62,605.0,605.0,-373.0,-373.0,61.9,81.1,-185.00,-185.00
,50496646,08/31/2020 14:51,08/31/2020 16:18,XAUUSD,Buy,0.500,1956.80000,0.00000,1968.08000,1969.00000,0.0000,0.0000,92.0,46.00,0.33,"",0,00:01:27:25,21.9,19m,751.0,2.90,251.0,125.5,-727.0,-363.5,25.7,83.7,-159.00,-79.50
,50496548,08/31/2020 14:49,08/31/2020 16:18,XAUUSD,Buy,1.000,1956.80000,0.00000,1968.23000,1969.29000,0.0000,0.0000,106.0,106.00,0.77,"",0,00:01:28:44,18.0,15m,751.0,3.14,236.0,236.0,-742.0,-742.0,24.1,86.7,-130.00,-130.00
,50498425,08/31/2020 15:24,08/31/2020 16:02,XAUUSD,Buy,1.000,1958.40000,0.00000,1963.11000,1967.06000,0.0000,0.0000,395.0,395.00,2.95,"",0,00:00:38:03,76.4,29m,230.0,0.44,519.0,519.0,-230.0,-230.0,69.3,83.4,-124.00,-124.00
,50497282,08/31/2020 15:00,08/31/2020 15:53,XAUUSD,Buy,0.500,1956.80000,0.00000,1967.28000,1967.72000,0.0000,0.0000,44.0,22.00,0.16,"",0,00:00:53:34,7.6,4m,647.0,6.35,102.0,51.0,-647.0,-323.5,13.6,92.3,-58.00,-29.00
,50498687,08/31/2020 15:27,08/31/2020 15:52,XAUUSD,Buy,1.000,1956.80000,0.00000,1961.77000,1968.22000,0.0000,0.0000,645.0,645.00,5.07,"",0,00:00:24:29,92.0,22m,96.0,0.15,653.0,653.0,-96.0,-96.0,87.2,98.9,-8.00,-8.00
,50499114,08/31/2020 15:31,08/31/2020 15:43,XAUUSD,Buy,1.000,1958.40000,0.00000,1961.49000,1964.68000,0.0000,0.0000,319.0,319.00,2.57,"",0,00:00:11:39,100.0,11m,74.0,0.00,366.0,366.0,0.0,0.0,100.0,87.2,-47.00,-47.00
,50497455,08/31/2020 15:02,08/31/2020 15:23,XAUUSD,Buy,0.500,1961.80000,0.00000,1965.72000,1961.86000,0.0000,0.0000,-386.0,-193.00,-1.53,"[sl]",0,00:00:20:50,9.6,2m,493.0,3.61,107.0,53.5,-386.0,-193.0,21.7,0.0,-493.00,-246.50
,50496981,08/31/2020 14:57,08/31/2020 15:08,XAUUSD,Buy,0.500,1963.80000,0.00000,1967.72000,1963.75000,0.0000,0.0000,-397.0,-198.50,-1.55,"[sl]",0,00:00:10:57,0.0,0s,397.0,400.00,0.0,0.0,-397.0,-198.5,0.0,0.0,-397.00,-198.50
,50495675,08/31/2020 14:35,08/31/2020 14:49,XAUUSD,Buy,0.200,1967.40000,0.00000,1967.66000,1967.36000,0.0000,0.0000,-30.0,-6.00,-0.05,"[sl]",0,00:00:14:18,85.8,12m,152.0,0.25,122.0,24.400000000000002,-30.0,-6.0,80.3,0.0,-152.00,-30.40
,50495658,08/31/2020 14:35,08/31/2020 14:49,XAUUSD,Buy,0.200,1967.40000,0.00000,1967.79000,1967.36000,0.0000,0.0000,-43.0,-8.60,-0.07,"[sl]",0,00:00:14:22,85.8,12m,152.0,0.39,109.0,21.8,-43.0,-8.6,71.7,0.0,-152.00,-30.40
,50490930,08/31/2020 13:06,08/31/2020 14:49,XAUUSD,Buy,0.500,1967.40000,0.00000,1963.75000,1967.36000,0.0000,0.0000,361.0,180.50,1.43,"[sl]",0,00:01:43:17,88.4,1h 31m,198.0,0.27,513.0,256.5,-139.0,-69.5,78.7,76.7,-152.00,-76.00
,50489500,08/31/2020 12:37,08/31/2020 14:49,XAUUSD,Buy,0.200,1967.40000,0.00000,1965.70000,1967.40000,0.0000,0.0000,170.0,34.00,0.27,"[sl]",0,00:02:11:44,51.6,1h 7m,334.0,1.05,318.0,63.6,-334.0,-66.8,48.8,77.3,-148.00,-29.60
,50495616,08/31/2020 14:34,08/31/2020 14:47,XAUUSD,Buy,0.200,1965.40000,0.00000,1967.44000,1968.55000,0.0000,0.0000,111.0,22.20,0.18,"",0,00:00:12:27,100.0,12m,42.0,0.01,125.0,25.0,0.0,0.0,100.0,88.8,-14.00,-2.80
,50492692,08/31/2020 13:42,08/31/2020 14:46,XAUUSD,Buy,0.100,1964.70000,0.00000,1966.21000,1968.48000,0.0000,0.0000,227.0,22.70,0.18,"",0,00:01:04:04,62.5,40m,191.0,0.77,248.0,24.8,-191.0,-19.1,56.5,95.2,-21.00,-2.10
,50489403,08/31/2020 13:30,08/31/2020 14:46,XAUUSD,Buy,0.200,1964.70000,0.00000,1967.12000,1968.52000,0.0000,0.0000,140.0,28.00,0.22,"",0,00:01:16:07,19.8,15m,282.0,1.80,157.0,31.400000000000002,-282.0,-56.400000000000006,35.8,96.1,-17.00,-3.40
,50495469,08/31/2020 14:32,08/31/2020 14:46,XAUUSD,Buy,0.500,1964.70000,0.00000,1967.36000,1968.51000,0.0000,0.0000,115.0,57.50,0.46,"",0,00:00:14:19,100.0,14m,42.0,0.01,133.0,66.5,0.0,0.0,100.0,86.5,-18.00,-9.00
,50491281,08/31/2020 13:12,08/31/2020 14:46,XAUUSD,Buy,0.500,1964.70000,0.00000,1963.31000,1968.46000,0.0000,0.0000,515.0,257.50,2.11,"",0,00:01:33:45,93.7,1h 27m,198.0,0.18,538.0,269.0,-95.0,-47.5,85.0,96.4,-23.00,-11.50
,50493199,08/31/2020 13:51,08/31/2020 14:25,XAUUSD,Buy,0.100,0.00000,0.00000,1965.59000,1965.96000,0.0000,0.0000,37.0,3.70,0.03,"",0,00:00:33:52,94.2,31m,136.0,0.67,128.0,12.8,-86.0,-8.6,59.8,57.5,-91.00,-9.10
,50491570,08/31/2020 13:19,08/31/2020 14:25,XAUUSD,Buy,0.500,1961.89000,0.00000,1963.76000,1965.94000,0.0000,0.0000,218.0,109.00,0.90,"",0,00:01:06:21,98.5,1h 5m,198.0,0.04,311.0,155.5,-13.0,-6.5,96.0,71.3,-93.00,-46.50
,50490853,08/31/2020 13:05,08/31/2020 14:25,XAUUSD,Buy,0.500,1961.28000,0.00000,1963.78000,1965.93000,0.0000,0.0000,215.0,107.50,0.90,"",0,00:01:20:36,83.8,1h 7m,198.0,0.46,309.0,154.5,-142.0,-71.0,68.5,79.2,-94.00,-47.00
,50493297,08/31/2020 13:53,08/31/2020 14:25,XAUUSD,Buy,0.100,0.00000,0.00000,1965.13000,1965.95000,0.0000,0.0000,82.0,8.20,0.07,"",0,00:00:31:49,100.0,31m,136.0,0.01,174.0,17.400000000000002,0.0,0.0,100.0,47.1,-92.00,-9.20
,50490815,08/31/2020 13:04,08/31/2020 14:17,XAUUSD,Buy,1.500,1961.28000,0.00000,1963.90000,1966.10000,0.0000,0.0000,220.0,330.00,2.83,"",0,00:01:13:20,80.9,59m,198.0,0.52,297.0,445.5,-154.0,-231.0,65.9,82.9,-77.00,-115.50
,50492060,08/31/2020 13:29,08/31/2020 13:40,XAUUSD,Buy,0.300,0.00000,0.00000,1965.41000,1965.60000,0.0000,0.0000,19.0,5.70,0.05,"",0,00:00:10:08,91.0,9m,100.0,0.15,87.0,26.099999999999998,-13.0,-3.9,87.0,32.0,-68.00,-20.40
,50490761,08/31/2020 13:03,08/31/2020 13:40,XAUUSD,Buy,0.500,0.00000,0.00000,1965.39000,1965.61000,0.0000,0.0000,22.0,11.00,0.09,"",0,00:00:36:19,30.6,11m,303.0,3.40,89.0,44.5,-303.0,-151.5,22.7,82.9,-67.00,-33.50
,50490325,08/31/2020 12:54,08/31/2020 13:03,XAUUSD,Buy,0.300,1963.10000,0.00000,1965.51000,1963.05000,0.0000,0.0000,-246.0,-73.80,-0.63,"[sl]",0,00:00:09:13,0.0,0s,246.0,250.00,0.0,0.0,-246.0,-73.8,0.0,0.0,-246.00,-73.80
,50489368,08/31/2020 12:34,08/31/2020 13:03,XAUUSD,Buy,0.200,1963.30000,0.00000,1965.47000,1963.06000,0.0000,0.0000,-241.0,-48.20,-0.41,"[sl]",0,00:00:29:13,13.8,4m,263.0,10.96,22.0,4.4,-241.0,-48.2,8.4,0.0,-263.00,-52.60
,50489322,08/31/2020 12:33,08/31/2020 13:03,XAUUSD,Buy,0.200,1963.30000,0.00000,1965.44000,1963.05000,0.0000,0.0000,-239.0,-47.80,-0.40,"[sl]",0,00:00:30:01,16.7,5m,264.0,9.56,25.0,5.0,-239.0,-47.800000000000004,9.5,0.0,-264.00,-52.80
,50481122,08/31/2020 10:21,08/31/2020 13:03,XAUUSD,Buy,0.200,1963.30000,0.00000,1962.74000,1963.05000,0.0000,0.0000,31.0,6.20,0.05,"[sl]",0,00:02:42:07,29.1,47m,779.0,2.36,330.0,66.0,-779.0,-155.8,29.8,73.0,-299.00,-59.80
,50481000,08/31/2020 10:19,08/31/2020 13:03,XAUUSD,Buy,0.200,1963.30000,0.00000,1963.51000,1963.05000,0.0000,0.0000,-46.0,-9.20,-0.08,"[sl]",0,00:02:44:05,25.0,41m,856.0,3.38,253.0,50.6,-856.0,-171.20000000000002,22.8,73.0,-299.00,-59.80
,50490251,08/31/2020 12:52,08/31/2020 13:03,XAUUSD,Buy,0.300,1963.29000,0.00000,1965.40000,1963.06000,0.0000,0.0000,-234.0,-70.20,-0.59,"[sl]",0,00:00:11:16,0.0,0s,234.0,238.10,0.0,0.0,-234.0,-70.2,0.0,0.0,-234.00,-70.20
,50490142,08/31/2020 12:50,08/31/2020 13:03,XAUUSD,Buy,0.300,1963.30000,0.00000,1966.06000,1963.06000,0.0000,0.0000,-300.0,-90.00,-0.75,"[sl]",0,00:00:13:25,0.0,0s,300.0,303.03,0.0,0.0,-300.0,-90.0,0.0,0.0,-300.00,-90.00
,50490094,08/31/2020 12:49,08/31/2020 13:03,XAUUSD,Buy,0.500,1963.30000,0.00000,1965.72000,1963.06000,0.0000,0.0000,-266.0,-133.00,-1.10,"[sl]",0,00:00:14:25,0.0,0s,266.0,270.27,0.0,0.0,-266.0,-133.0,0.0,0.0,-266.00,-133.00
,50490073,08/31/2020 12:49,08/31/2020 13:03,XAUUSD,Buy,0.500,1963.30000,0.00000,1965.63000,1963.06000,0.0000,0.0000,-257.0,-128.50,-1.05,"[sl]",0,00:00:14:47,0.0,0s,257.0,263.16,0.0,0.0,-257.0,-128.5,0.0,0.0,-257.00,-128.50
,50489718,08/31/2020 12:41,08/31/2020 13:03,XAUUSD,Buy,0.200,1963.30000,0.00000,1966.00000,1963.06000,0.0000,0.0000,-294.0,-58.80,-0.48,"[sl]",0,00:00:22:25,0.0,0s,294.0,294.12,0.0,0.0,-294.0,-58.800000000000004,0.0,0.0,-294.00,-58.80
,50490194,08/31/2020 12:51,08/31/2020 13:03,XAUUSD,Buy,0.300,1963.89000,0.00000,1965.52000,1963.35000,0.0000,0.0000,-217.0,-65.10,-0.53,"[sl]",0,00:00:12:10,0.0,0s,217.0,217.39,0.0,0.0,-217.0,-65.1,0.0,0.0,-217.00,-65.10
,50481930,08/31/2020 10:32,08/31/2020 12:33,XAUUSD,Buy,0.200,1963.94000,0.00000,1960.34000,1964.20000,0.0000,0.0000,386.0,77.20,0.63,"",0,00:02:00:18,30.6,36m,599.0,0.95,570.0,114.0,-539.0,-107.80000000000001,51.4,83.4,-184.00,-36.80
,50480471,08/31/2020 10:11,08/31/2020 12:33,XAUUSD,Buy,0.200,1950.00000,0.00000,1963.81000,1964.25000,0.0000,0.0000,44.0,8.80,0.07,"",0,00:02:21:45,9.9,14m,976.0,3.97,223.0,44.6,-886.0,-177.20000000000002,20.1,83.9,-179.00,-35.80
,50480068,08/31/2020 10:04,08/31/2020 12:31,XAUUSD,Buy,0.100,0.00000,0.00000,1965.00000,1965.44000,0.0000,0.0000,44.0,4.40,0.04,"",0,00:02:26:59,2.8,4m,1005.0,9.67,104.0,10.4,-1005.0,-100.5,9.4,94.6,-60.00,-6.00
,50480168,08/31/2020 10:05,08/31/2020 12:31,XAUUSD,Buy,0.100,0.00000,0.00000,1964.99000,1965.44000,0.0000,0.0000,45.0,4.50,0.04,"",0,00:02:25:58,2.8,4m,1004.0,9.57,105.0,10.5,-1004.0,-100.4,9.5,94.6,-60.00,-6.00
,50480047,08/31/2020 10:04,08/31/2020 12:31,XAUUSD,Buy,0.100,0.00000,0.00000,1964.85000,1965.43000,0.0000,0.0000,58.0,5.80,0.05,"",0,00:02:26:58,2.8,4m,990.0,8.32,119.0,11.9,-990.0,-99.0,10.7,94.5,-61.00,-6.10
,50483943,08/31/2020 11:06,08/31/2020 12:31,XAUUSD,Buy,0.300,1955.90000,0.00000,1957.80000,1965.38000,0.0000,0.0000,758.0,227.40,1.89,"",0,00:01:25:30,89.5,1h 16m,261.0,0.07,824.0,247.2,-60.0,-18.0,93.2,92.5,-66.00,-19.80
,50485554,08/31/2020 11:31,08/31/2020 12:30,XAUUSD,Buy,0.100,0.00000,0.00000,1957.75000,1964.99000,0.0000,0.0000,724.0,72.40,0.61,"",0,00:00:59:13,95.0,56m,172.0,0.07,829.0,82.9,-55.0,-5.5,93.8,88.1,-105.00,-10.50
,50488576,08/31/2020 12:20,08/31/2020 12:30,XAUUSD,Buy,0.500,1961.70000,0.00000,1962.80000,1964.95000,0.0000,0.0000,215.0,107.50,0.91,"",0,00:00:09:44,100.0,9m,109.0,0.00,324.0,162.0,0.0,0.0,100.0,66.4,-109.00,-54.50
,50488751,08/31/2020 12:23,08/31/2020 12:30,XAUUSD,Buy,0.200,1962.40000,0.00000,1964.69000,1965.13000,0.0000,0.0000,44.0,8.80,0.07,"",0,00:00:07:20,42.9,3m,94.0,0.69,135.0,27.0,-93.0,-18.6,59.2,60.1,-91.00,-18.20
,50483906,08/31/2020 11:05,08/31/2020 12:30,XAUUSD,Buy,0.300,1955.90000,0.00000,1957.51000,1964.92000,0.0000,0.0000,741.0,222.30,1.91,"",0,00:01:24:33,96.5,1h 21m,261.0,0.04,853.0,255.89999999999998,-31.0,-9.299999999999999,96.5,87.3,-112.00,-33.60
,50488688,08/31/2020 12:22,08/31/2020 12:30,XAUUSD,Buy,0.200,1961.70000,0.00000,1963.50000,1965.18000,0.0000,0.0000,168.0,33.60,0.29,"",0,00:00:08:09,100.0,8m,94.0,0.00,254.0,50.800000000000004,0.0,0.0,100.0,66.1,-86.00,-17.20
,50488645,08/31/2020 12:21,08/31/2020 12:30,XAUUSD,Buy,0.200,1961.70000,0.00000,1963.74000,1965.19000,0.0000,0.0000,145.0,29.00,0.25,"",0,00:00:08:20,100.0,8m,94.0,0.00,230.0,46.0,0.0,0.0,100.0,63.0,-85.00,-17.00
,50488771,08/31/2020 12:23,08/31/2020 12:30,XAUUSD,Buy,0.200,1962.40000,0.00000,1964.54000,1965.69000,0.0000,0.0000,115.0,23.00,0.20,"",0,00:00:06:47,42.9,2m,94.0,0.52,150.0,30.0,-78.0,-15.600000000000001,65.8,84.6,-35.00,-7.00
,50488493,08/31/2020 12:19,08/31/2020 12:29,XAUUSD,Buy,1.000,1961.40000,0.00000,1962.76000,1965.82000,0.0000,0.0000,306.0,306.00,2.73,"",0,00:00:10:14,100.0,10m,45.0,0.00,328.0,328.0,0.0,0.0,100.0,93.3,-22.00,-22.00
,50488999,08/31/2020 12:27,08/31/2020 12:29,XAUUSD,Buy,0.200,1963.19000,0.00000,1964.36000,1965.95000,0.0000,0.0000,159.0,31.80,0.28,"",0,00:00:02:38,,,,,,,,,,,,
,50485715,08/31/2020 11:33,08/31/2020 12:29,XAUUSD,Buy,1.000,1956.40000,0.00000,1958.50000,1966.11000,0.0000,0.0000,761.0,761.00,7.30,"",0,00:00:55:52,84.0,46m,172.0,0.17,761.0,761.0,-130.0,-130.0,85.4,100.0,0.00,0.00
,50481047,08/31/2020 10:20,08/31/2020 12:09,XAUUSD,Buy,0.200,0.00000,0.00000,1962.60000,1962.83000,0.0000,0.0000,23.0,4.60,0.04,"",0,00:01:49:27,2.8,3m,765.0,23.92,32.0,6.4,-765.0,-153.0,4.0,98.9,-9.00,-1.80
,50483017,08/31/2020 10:52,08/31/2020 12:09,XAUUSD,Buy,0.300,0.00000,0.00000,1957.80000,1962.66000,0.0000,0.0000,486.0,145.80,1.42,"",0,00:01:17:37,85.8,1h 6m,261.0,0.12,512.0,153.6,-60.0,-18.0,89.5,95.5,-26.00,-7.80
,50481491,08/31/2020 10:26,08/31/2020 12:09,XAUUSD,Buy,0.200,1950.00000,0.00000,1961.23000,1962.80000,0.0000,0.0000,157.0,31.40,0.31,"",0,00:01:42:48,5.9,6m,628.0,3.72,169.0,33.800000000000004,-628.0,-125.60000000000001,21.2,98.5,-12.00,-2.40
,50481399,08/31/2020 10:25,08/31/2020 12:06,XAUUSD,Buy,0.500,0.00000,0.00000,1960.39000,1961.34000,0.0000,0.0000,95.0,47.50,0.47,"",0,00:01:40:56,11.9,12m,599.0,4.19,130.0,65.0,-544.0,-272.0,19.3,94.8,-35.00,-17.50
,50482916,08/31/2020 10:51,08/31/2020 12:06,XAUUSD,Buy,0.300,1953.80000,0.00000,1956.74000,1961.28000,0.0000,0.0000,454.0,136.20,1.35,"",0,00:01:15:44,100.0,1h 15m,261.0,0.00,495.0,148.5,0.0,0.0,100.0,91.7,-41.00,-12.30
,50482344,08/31/2020 10:42,08/31/2020 12:04,XAUUSD,Buy,0.300,1951.40000,0.00000,1959.62000,1960.89000,0.0000,0.0000,127.0,38.10,0.38,"",0,00:01:21:33,9.8,7m,467.0,3.18,147.0,44.1,-467.0,-140.1,23.9,96.7,-20.00,-6.00
,50482676,08/31/2020 10:47,08/31/2020 12:04,XAUUSD,Buy,0.500,1952.90000,0.00000,1956.52000,1960.86000,0.0000,0.0000,434.0,217.00,2.21,"",0,00:01:16:30,97.5,1h 14m,261.0,0.13,457.0,228.5,-60.0,-30.0,88.4,95.6,-23.00,-11.50
,50485576,08/31/2020 11:31,08/31/2020 12:03,XAUUSD,Buy,1.000,1956.30000,0.00000,1958.07000,1959.89000,0.0000,0.0000,182.0,182.00,1.89,"",0,00:00:31:15,84.4,26m,172.0,0.29,299.0,299.0,-87.0,-87.0,77.5,69.7,-117.00,-117.00
,50484951,08/31/2020 11:25,08/31/2020 11:31,XAUUSD,Buy,0.300,1956.90000,0.00000,1959.65000,1956.86000,0.0000,0.0000,-279.0,-83.70,-0.86,"[sl]",0,00:00:05:54,0.0,0s,279.0,285.71,0.0,0.0,-279.0,-83.7,0.0,0.0,-279.00,-83.70
,50484924,08/31/2020 11:25,08/31/2020 11:31,XAUUSD,Buy,0.300,1956.90000,0.00000,1959.02000,1956.86000,0.0000,0.0000,-216.0,-64.80,-0.66,"[sl]",0,00:00:06:11,0.0,0s,216.0,217.39,0.0,0.0,-216.0,-64.8,0.0,0.0,-216.00,-64.80
,50483511,08/31/2020 11:00,08/31/2020 11:04,XAUUSD,Buy,0.300,1956.90000,0.00000,1959.78000,1956.33000,0.0000,0.0000,-345.0,-103.50,-1.05,"[sl]",0,00:00:04:11,0.0,0s,345.0,357.14,0.0,0.0,-345.0,-103.5,0.0,0.0,-345.00,-103.50
,50480925,08/31/2020 10:18,08/31/2020 10:24,XAUUSD,Buy,0.200,1959.90000,0.00000,1963.64000,1960.02000,0.0000,0.0000,-362.0,-72.40,-0.73,"[sl]",0,00:00:06:26,0.0,0s,362.0,370.37,0.0,0.0,-362.0,-72.4,0.0,0.0,-362.00,-72.40
,50480746,08/31/2020 10:15,08/31/2020 10:24,XAUUSD,Buy,0.200,1959.90000,0.00000,1964.31000,1960.02000,0.0000,0.0000,-429.0,-85.80,-0.85,"[sl]",0,00:00:09:24,0.0,0s,429.0,434.78,0.0,0.0,-429.0,-85.80000000000001,0.0,0.0,-429.00,-85.80
,50480799,08/31/2020 10:16,08/31/2020 10:19,XAUUSD,Buy,0.200,1961.90000,0.00000,1965.27000,1962.20000,0.0000,0.0000,-307.0,-61.40,-0.61,"[sl]",0,00:00:03:00,,,,,,,,,,,,
,50465409,08/31/2020 01:09,08/31/2020 01:12,XAUUSD,Buy,0.010,0.00000,0.00000,1971.95000,1973.87000,0.0000,0.0000,192.0,1.92,0.02,"",0,00:00:02:50,,,,,,,,,,,,
,50465171,08/31/2020 01:05,08/31/2020 01:12,XAUUSD,Buy,0.020,1966.90000,0.00000,1969.48000,1974.01000,0.0000,0.0000,453.0,9.06,0.09,"",0,00:00:06:59,100.0,6m,69.0,0.00,494.0,9.88,0.0,0.0,100.0,91.7,-41.00,-0.82
,50465454,08/31/2020 01:10,08/31/2020 01:12,XAUUSD,Buy,0.020,0.00000,0.00000,1972.12000,1974.04000,0.0000,0.0000,192.0,3.84,0.04,"",0,00:00:02:11,,,,,,,,,,,,
,50465228,08/31/2020 01:06,08/31/2020 01:12,XAUUSD,Buy,0.020,1966.90000,0.00000,1969.61000,1974.02000,0.0000,0.0000,441.0,8.82,0.09,"",0,00:00:06:15,100.0,6m,40.0,0.00,481.0,9.620000000000001,0.0,0.0,100.0,91.7,-40.00,-0.80
,50465485,08/31/2020 01:10,08/31/2020 01:12,XAUUSD,Buy,0.020,0.00000,0.00000,1972.94000,1973.99000,0.0000,0.0000,105.0,2.10,0.02,"",0,00:00:01:33,,,,,,,,,,,,
,50465288,08/31/2020 01:07,08/31/2020 01:12,XAUUSD,Buy,0.050,1967.40000,0.00000,1969.77000,1973.72000,0.0000,0.0000,395.0,19.75,0.20,"",0,00:00:05:02,100.0,5m,70.0,0.00,465.0,23.25,0.0,0.0,100.0,84.9,-70.00,-3.50
,50465109,08/31/2020 01:04,08/31/2020 01:12,XAUUSD,Buy,0.020,0.00000,0.00000,1969.77000,1974.05000,0.0000,0.0000,428.0,8.56,0.09,"",0,00:00:07:24,87.5,6m,69.0,0.11,465.0,9.3,-49.0,-0.98,90.5,92.8,-37.00,-0.74
,50465730,08/31/2020 01:11,08/31/2020 01:12,XAUUSD,Buy,0.020,0.00000,0.00000,1974.13000,1974.17000,0.0000,0.0000,4.0,0.08,0.00,"",0,00:00:00:47,,,,,,,,,,,,
,50465599,08/31/2020 01:11,08/31/2020 01:12,XAUUSD,Buy,0.020,0.00000,0.00000,1973.70000,1974.02000,0.0000,0.0000,32.0,0.64,0.01,"",0,00:00:00:54,,,,,,,,,,,,
,50456044,08/28/2020 19:20,,,Deposit,0.010,0.00000,0.00000,0.00000,0.00000,0.0000,0.0000,0.0,0.20,0,"Deposit CONNECTUM USD #8910308",0,00:00:00:00,,,,,,,,,,,,
,50451534,08/28/2020 17:55,08/28/2020 18:12,XAUUSD,Buy,0.500,1957.38000,0.00000,1963.88000,1965.06000,0.0000,0.0000,118.0,59.00,0.59,"",0,00:00:17:19,17.7,3m,364.0,1.86,196.0,98.0,-364.0,-182.0,35.0,86.1,-78.00,-39.00
,50451372,08/28/2020 17:54,08/28/2020 18:11,XAUUSD,Buy,0.500,1957.38000,0.00000,1962.64000,1964.18000,0.0000,0.0000,154.0,77.00,0.78,"",0,00:00:17:27,47.1,8m,350.0,1.39,173.0,86.5,-240.0,-120.0,41.9,95.4,-19.00,-9.50
,50451977,08/28/2020 17:59,08/28/2020 18:06,XAUUSD,Buy,0.500,1957.38000,0.00000,1961.95000,1963.77000,0.0000,0.0000,182.0,91.00,0.93,"",0,00:00:06:26,42.9,2m,171.0,0.93,184.0,92.0,-171.0,-85.5,51.8,99.4,-2.00,-1.00
,50451881,08/28/2020 17:58,08/28/2020 18:06,XAUUSD,Buy,0.500,1957.38000,0.00000,1961.26000,1963.75000,0.0000,0.0000,249.0,124.50,1.28,"",0,00:00:07:34,87.5,6m,103.0,0.40,253.0,126.5,-102.0,-51.0,71.3,98.9,-4.00,-2.00
,50440921,08/28/2020 15:26,08/28/2020 17:56,XAUUSD,Buy,0.010,0.00000,0.00000,1962.65000,1963.61000,0.0000,0.0000,96.0,0.96,0.01,"",0,00:02:30:03,4.0,6m,1244.0,8.47,135.0,1.35,-1144.0,-11.44,10.6,97.0,-39.00,-0.39
,50440908,08/28/2020 15:26,08/28/2020 17:56,XAUUSD,Buy,0.010,0.00000,0.00000,1962.72000,1963.94000,0.0000,0.0000,122.0,1.22,0.01,"",0,00:02:30:11,4.0,6m,1244.0,8.99,128.0,1.28,-1151.0,-11.51,10.0,99.5,-6.00,-0.06
,50440943,08/28/2020 15:27,08/28/2020 17:56,XAUUSD,Buy,0.010,0.00000,0.00000,1962.43000,1963.65000,0.0000,0.0000,122.0,1.22,0.01,"",0,00:02:29:27,4.1,6m,1244.0,7.15,157.0,1.57,-1122.0,-11.22,12.3,97.3,-35.00,-0.35
,50450018,08/28/2020 17:35,08/28/2020 17:50,XAUUSD,Buy,1.000,1955.90000,0.00000,1959.04000,1960.14000,0.0000,0.0000,110.0,110.00,1.15,"",0,00:00:15:34,40.0,6m,216.0,0.64,326.0,326.0,-208.0,-208.0,61.0,59.6,-216.00,-216.00
,50450623,08/28/2020 17:34,08/28/2020 17:50,XAUUSD,Buy,1.000,1952.40000,0.00000,1957.70000,1960.65000,0.0000,0.0000,295.0,295.00,3.18,"from #50449956",0,00:00:16:26,75.0,12m,165.0,0.33,460.0,460.0,-152.0,-152.0,75.2,73.0,-165.00,-165.00
,50449984,08/28/2020 17:34,08/28/2020 17:50,XAUUSD,Buy,1.000,1954.40000,0.00000,1957.73000,1960.91000,0.0000,0.0000,318.0,318.00,3.55,"",0,00:00:15:54,75.0,11m,155.0,0.34,457.0,457.0,-155.0,-155.0,74.7,77.3,-139.00,-139.00
,50440867,08/28/2020 15:25,08/28/2020 17:50,XAUUSD,Buy,0.010,0.00000,0.00000,1961.97000,1962.39000,0.0000,0.0000,42.0,0.42,0.00,"",0,00:02:24:49,4.2,6m,1244.0,6.41,168.0,1.68,-1076.0,-10.76,13.5,89.9,-126.00,-1.26
,50449869,08/28/2020 17:33,08/28/2020 17:50,XAUUSD,Buy,0.300,0.00000,0.00000,1959.38000,1962.60000,0.0000,0.0000,322.0,96.60,1.09,"",0,00:00:16:54,23.6,3m,320.0,0.99,322.0,96.6,-320.0,-96.0,50.2,100.0,0.00,0.00
,50445339,08/28/2020 16:28,08/28/2020 17:50,XAUUSD,Buy,0.150,1949.80000,0.00000,1959.80000,1962.46000,0.0000,0.0000,266.0,39.90,0.45,"",0,00:01:21:21,17.1,13m,772.0,2.63,266.0,39.9,-699.0,-104.85,27.6,100.0,0.00,0.00
,50449781,08/28/2020 17:31,08/28/2020 17:50,XAUUSD,Buy,0.500,1952.40000,0.00000,1959.82000,1962.10000,0.0000,0.0000,228.0,114.00,1.31,"",0,00:00:18:19,21.1,3m,364.0,1.47,248.0,124.0,-364.0,-182.0,40.5,96.7,-20.00,-10.00
,50449956,08/28/2020 17:34,08/28/2020 17:45,XAUUSD,Buy,1.000,1952.40000,0.00000,1957.70000,1958.05000,0.0000,0.0000,35.0,35.00,0.40,"to #50450623",0,00:00:11:44,63.7,7m,152.0,1.12,136.0,136.0,-152.0,-152.0,47.2,64.9,-101.00,-101.00
,50449513,08/28/2020 17:09,08/28/2020 17:33,XAUUSD,Buy,1.200,1956.40000,0.00000,1954.91000,1956.36000,0.0000,0.0000,145.0,174.00,2.05,"from #50449500[sl]",0,00:00:24:01,83.4,20m,351.0,0.21,496.0,595.1999999999999,-106.0,-127.19999999999999,82.4,41.7,-351.00,-421.20
,50449763,08/28/2020 17:31,08/28/2020 17:33,XAUUSD,Buy,0.500,1956.90000,0.00000,1958.66000,1956.88000,0.0000,0.0000,-178.0,-89.00,-1.04,"[sl]",0,00:00:02:05,,,,,,,,,,,,
,50449500,08/28/2020 17:09,08/28/2020 17:29,XAUUSD,Buy,0.500,1954.40000,0.00000,1954.91000,1959.08000,0.0000,0.0000,417.0,208.50,2.49,"to #50449513",0,00:00:20:01,80.0,16m,213.0,0.21,496.0,248.0,-106.0,-53.0,82.4,86.9,-79.00,-39.50
,50448302,08/28/2020 17:09,08/28/2020 17:29,XAUUSD,Buy,0.300,1954.40000,0.00000,1954.91000,1959.64000,0.0000,0.0000,473.0,141.90,1.72,"to #50449500",0,00:00:19:51,80.0,15m,213.0,0.21,496.0,148.79999999999998,-106.0,-31.799999999999997,82.4,96.2,-23.00,-6.90
,50448402,08/28/2020 17:10,08/28/2020 17:27,XAUUSD,Buy,1.000,1956.40000,0.00000,1953.92000,1958.93000,0.0000,0.0000,501.0,501.00,6.47,"",0,00:00:17:00,100.0,17m,213.0,0.00,595.0,595.0,0.0,0.0,100.0,84.2,-94.00,-94.00
,50448259,08/28/2020 17:09,08/28/2020 17:26,XAUUSD,Buy,2.000,1956.40000,0.00000,1954.23000,1959.11000,0.0000,0.0000,488.0,976.00,14.43,"",0,00:00:17:36,94.2,16m,213.0,0.07,564.0,1128.0,-38.0,-76.0,93.7,87.4,-76.00,-152.00
,50447108,08/28/2020 16:53,08/28/2020 17:26,XAUUSD,Buy,0.050,0.00000,0.00000,1958.27000,1959.62000,0.0000,0.0000,135.0,6.75,0.10,"",0,00:00:33:29,24.3,8m,772.0,2.42,226.0,11.3,-546.0,-27.3,29.3,88.2,-91.00,-4.55
,50447118,08/28/2020 16:53,08/28/2020 17:26,XAUUSD,Buy,0.050,0.00000,0.00000,1958.24000,1959.58000,0.0000,0.0000,134.0,6.70,0.10,"",0,00:00:33:19,24.3,8m,772.0,2.37,229.0,11.450000000000001,-543.0,-27.150000000000002,29.7,87.7,-95.00,-4.75
,50444969,08/28/2020 16:20,08/28/2020 17:26,XAUUSD,Buy,0.200,1949.80000,0.00000,1958.04000,1959.35000,0.0000,0.0000,131.0,26.20,0.39,"",0,00:01:05:59,42.5,28m,772.0,2.10,249.0,49.800000000000004,-523.0,-104.60000000000001,32.3,84.7,-118.00,-23.60
,50447656,08/28/2020 17:02,08/28/2020 17:09,XAUUSD,Buy,1.000,1952.70000,0.00000,1958.50000,1952.88000,0.0000,0.0000,-562.0,-562.00,-7.71,"[sl]",0,00:00:06:53,0.0,0s,569.0,588.24,0.0,0.0,-569.0,-569.0,0.0,1.2,-562.00,-562.00
,50447643,08/28/2020 17:01,08/28/2020 17:09,XAUUSD,Buy,1.500,1952.70000,0.00000,1957.94000,1952.88000,0.0000,0.0000,-506.0,-759.00,-9.43,"[sl]",0,00:00:07:11,12.5,53s,616.0,4.98,103.0,154.5,-513.0,-769.5,16.7,1.1,-609.00,-913.50
,50447236,08/28/2020 16:55,08/28/2020 17:09,XAUUSD,Buy,0.200,1952.70000,0.00000,1959.45000,1952.88000,0.0000,0.0000,-657.0,-131.40,-1.61,"[sl]",0,00:00:13:30,14.3,1m,772.0,6.15,108.0,21.6,-664.0,-132.8,14.0,0.9,-765.00,-153.00
,50447919,08/28/2020 17:05,08/28/2020 17:08,XAUUSD,Buy,0.500,1953.88000,0.00000,1956.13000,1953.59000,0.0000,0.0000,-254.0,-127.00,-1.53,"[sl]",0,00:00:03:11,,,,,,,,,,,,
,50447771,08/28/2020 17:03,08/28/2020 17:08,XAUUSD,Buy,0.500,1953.88000,0.00000,1958.45000,1953.59000,0.0000,0.0000,-486.0,-243.00,-2.84,"[sl]",0,00:00:05:11,0.0,0s,564.0,588.24,0.0,0.0,-564.0,-282.0,0.0,13.8,-486.00,-243.00
,50441944,08/28/2020 15:38,08/28/2020 17:00,XAUUSD,Buy,1.500,1947.30000,0.00000,1955.82000,1956.65000,0.0000,0.0000,83.0,124.50,1.48,"",0,00:01:21:49,68.3,55m,650.0,0.98,471.0,706.5,-461.0,-691.5,50.5,58.4,-388.00,-582.00
,50447138,08/28/2020 16:53,08/28/2020 16:59,XAUUSD,Buy,0.200,1959.05000,0.00000,1958.25000,1958.94000,0.0000,0.0000,69.0,13.80,0.16,"[sl]",0,00:00:06:10,100.0,6m,159.0,0.00,228.0,45.6,0.0,0.0,100.0,30.3,-159.00,-31.80
,50446981,08/28/2020 16:50,08/28/2020 16:59,XAUUSD,Buy,0.300,1959.40000,0.00000,1955.67000,1958.94000,0.0000,0.0000,327.0,98.10,1.18,"[sl]",0,00:00:09:08,100.0,9m,159.0,0.00,486.0,145.79999999999998,0.0,0.0,100.0,67.3,-159.00,-47.70
,50447213,08/28/2020 16:55,08/28/2020 16:57,XAUUSD,Buy,0.200,0.00000,0.00000,1958.06000,1960.22000,0.0000,0.0000,216.0,43.20,0.52,"",0,00:00:02:36,,,,,,,,,,,,
,50446412,08/28/2020 16:43,08/28/2020 16:48,XAUUSD,Buy,0.150,1950.40000,0.00000,1956.70000,1959.97000,0.0000,0.0000,327.0,49.05,0.60,"",0,00:00:05:10,100.0,5m,38.0,0.00,330.0,49.5,0.0,0.0,100.0,99.1,-3.00,-0.45
,50446465,08/28/2020 16:44,08/28/2020 16:48,XAUUSD,Buy,0.150,1949.90000,0.00000,1957.25000,1959.78000,0.0000,0.0000,253.0,37.95,0.46,"",0,00:00:04:20,100.0,4m,38.0,0.00,275.0,41.25,0.0,0.0,100.0,92.0,-22.00,-3.30
,50446493,08/28/2020 16:44,08/28/2020 16:48,XAUUSD,Buy,0.500,1953.80000,0.00000,1958.30000,1959.69000,0.0000,0.0000,139.0,69.50,0.86,"",0,00:00:03:42,,,,,,,,,,,,
,50442535,08/28/2020 15:50,08/28/2020 16:36,XAUUSD,Buy,0.200,0.00000,0.00000,1958.04000,1959.42000,0.0000,0.0000,138.0,27.60,0.34,"",0,00:00:46:49,39.2,18m,683.0,2.93,233.0,46.6,-683.0,-136.6,25.4,89.6,-95.00,-19.00
,50445220,08/28/2020 16:25,08/28/2020 16:33,XAUUSD,Buy,0.150,0.00000,0.00000,1958.17000,1959.96000,0.0000,0.0000,179.0,26.85,0.33,"",0,00:00:08:29,87.5,7m,273.0,0.61,220.0,33.0,-134.0,-20.099999999999998,62.1,88.4,-41.00,-6.15
,50445348,08/28/2020 16:28,08/28/2020 16:33,XAUUSD,Buy,0.150,0.00000,0.00000,1959.79000,1960.05000,0.0000,0.0000,26.0,3.90,0.05,"",0,00:00:04:59,40.0,1m,296.0,5.10,58.0,8.7,-296.0,-44.4,16.4,91.0,-32.00,-4.80
,50442086,08/28/2020 15:40,08/28/2020 16:33,XAUUSD,Buy,0.500,1955.40000,0.00000,1955.03000,1959.55000,0.0000,0.0000,452.0,226.00,2.89,"",0,00:00:53:06,64.2,34m,650.0,0.72,534.0,267.0,-382.0,-191.0,58.3,91.0,-82.00,-41.00
,50444985,08/28/2020 16:20,08/28/2020 16:24,XAUUSD,Buy,0.500,1955.40000,0.00000,1958.36000,1958.89000,0.0000,0.0000,53.0,26.50,0.34,"",0,00:00:03:12,,,,,,,,,,,,
,50444873,08/28/2020 16:19,08/28/2020 16:23,XAUUSD,Buy,0.200,1955.40000,0.00000,1957.97000,1958.84000,0.0000,0.0000,87.0,17.40,0.22,"",0,00:00:04:23,100.0,4m,10.0,0.01,92.0,18.400000000000002,0.0,0.0,100.0,94.6,-5.00,-1.00
,50444025,08/28/2020 16:04,08/28/2020 16:16,XAUUSD,Buy,0.500,1949.90000,0.00000,1953.85000,1957.73000,0.0000,0.0000,388.0,194.00,2.56,"",0,00:00:11:54,41.7,4m,264.0,0.61,432.0,216.0,-264.0,-132.0,62.1,93.7,-44.00,-22.00
,50443928,08/28/2020 16:03,08/28/2020 16:16,XAUUSD,Buy,1.000,1947.90000,0.00000,1952.53000,1956.65000,0.0000,0.0000,412.0,412.00,5.74,"",0,00:00:12:15,69.3,8m,205.0,0.23,564.0,564.0,-132.0,-132.0,81.0,78.2,-152.00,-152.00
,50442911,08/28/2020 15:54,08/28/2020 16:03,XAUUSD,Buy,0.500,1951.40000,0.00000,1954.59000,1950.85000,0.0000,0.0000,-374.0,-187.00,-2.54,"[sl]",0,00:00:09:18,55.6,5m,635.0,1.43,261.0,130.5,-374.0,-187.0,41.1,0.0,-635.00,-317.50
,50442346,08/28/2020 15:45,08/28/2020 16:03,XAUUSD,Buy,0.200,1951.40000,0.00000,1956.91000,1950.85000,0.0000,0.0000,-606.0,-121.20,-1.62,"[sl]",0,00:00:18:15,22.3,4m,686.0,7.58,80.0,16.0,-606.0,-121.2,11.7,0.0,-686.00,-137.20
,50442233,08/28/2020 15:44,08/28/2020 16:03,XAUUSD,Buy,0.200,1951.40000,0.00000,1957.14000,1950.85000,0.0000,0.0000,-629.0,-125.80,-1.65,"[sl]",0,00:00:19:34,21.1,4m,686.0,11.04,57.0,11.4,-629.0,-125.80000000000001,8.3,0.0,-686.00,-137.20
,50441334,08/28/2020 15:32,08/28/2020 15:36,XAUUSD,Buy,0.300,1956.40000,0.00000,1961.20000,1956.60000,0.0000,0.0000,-460.0,-138.00,-1.78,"[sl]",0,00:00:03:47,,,,,,,,,,,,
,50441302,08/28/2020 15:32,08/28/2020 15:36,XAUUSD,Buy,0.300,1956.40000,0.00000,1960.87000,1956.60000,0.0000,0.0000,-427.0,-128.10,-1.63,"[sl]",0,00:00:04:17,0.0,0s,427.0,434.78,0.0,0.0,-427.0,-128.1,0.0,0.0,-427.00,-128.10
,50441251,08/28/2020 15:31,08/28/2020 15:36,XAUUSD,Buy,0.300,1956.40000,0.00000,1961.04000,1956.60000,0.0000,0.0000,-444.0,-133.20,-1.66,"[sl]",0,00:00:04:55,0.0,0s,444.0,454.55,0.0,0.0,-444.0,-133.2,0.0,0.0,-444.00,-133.20
,50441227,08/28/2020 15:31,08/28/2020 15:36,XAUUSD,Buy,0.300,1956.40000,0.00000,1960.99000,1956.60000,0.0000,0.0000,-439.0,-131.70,-1.62,"[sl]",0,00:00:05:09,0.0,0s,439.0,454.55,0.0,0.0,-439.0,-131.7,0.0,0.0,-439.00,-131.70
,50441432,08/28/2020 15:34,08/28/2020 15:36,XAUUSD,Buy,0.300,1957.40000,0.00000,1959.86000,1957.17000,0.0000,0.0000,-269.0,-80.70,-0.98,"[sl]",0,00:00:02:11,,,,,,,,,,,,
,50440984,08/28/2020 15:28,08/28/2020 15:31,XAUUSD,Buy,0.100,1959.70000,0.00000,1963.11000,1959.53000,0.0000,0.0000,-358.0,-35.80,-0.43,"[sl]",0,00:00:03:14,,,,,,,,,,,,
,50441149,08/28/2020 15:30,08/28/2020 15:31,XAUUSD,Buy,0.100,1960.20000,0.00000,1964.11000,1959.80000,0.0000,0.0000,-431.0,-43.10,-0.52,"[sl]",0,00:00:00:44,,,,,,,,,,,,
,50440965,08/28/2020 15:27,08/28/2020 15:31,XAUUSD,Buy,0.050,1959.70000,0.00000,1962.49000,1959.26000,0.0000,0.0000,-323.0,-16.15,-0.19,"[sl]",0,00:00:03:41,,,,,,,,,,,,
,50441069,08/28/2020 15:30,08/28/2020 15:31,XAUUSD,Buy,0.100,1960.90000,0.00000,1963.13000,1960.36000,0.0000,0.0000,-277.0,-27.70,-0.33,"[sl]",0,00:00:01:16,,,,,,,,,,,,
,50439332,08/28/2020 14:53,08/28/2020 15:01,XAUUSD,Sell,0.020,0.00000,0.00000,1960.95000,1961.34000,0.0000,0.0000,-39.0,-0.78,-0.01,"",0,00:00:07:32,37.5,2m,194.0,3.52,48.0,0.96,-169.0,-3.38,22.1,59.9,-87.00,-1.74
,50439270,08/28/2020 14:51,08/28/2020 15:00,XAUUSD,Sell,0.050,0.00000,0.00000,1960.82000,1960.91000,0.0000,0.0000,-9.0,-0.45,-0.01,"",0,00:00:09:11,33.4,3m,197.0,12.14,15.0,0.75,-182.0,-9.1,7.6,87.8,-24.00,-1.20
,50439516,08/28/2020 14:58,08/28/2020 15:00,XAUUSD,Sell,0.020,0.00000,0.00000,1962.32000,1960.68000,0.0000,0.0000,164.0,3.28,0.04,"",0,00:00:02:21,,,,,,,,,,,,
,50434795,08/28/2020 13:36,08/28/2020 14:27,XAUUSD,Buy,0.500,1956.70000,0.00000,1953.42000,1959.31000,0.0000,0.0000,589.0,294.50,3.66,"",0,00:00:50:34,100.0,50m,135.0,0.00,699.0,349.5,0.0,0.0,100.0,84.3,-110.00,-55.00
,50436018,08/28/2020 13:56,08/28/2020 14:27,XAUUSD,Buy,0.800,1956.70000,0.00000,1958.97000,1959.54000,0.0000,0.0000,57.0,45.60,0.57,"",0,00:00:31:06,13.0,4m,195.0,1.35,144.0,115.2,-195.0,-156.0,42.5,74.3,-87.00,-69.60
,50436003,08/28/2020 13:55,08/28/2020 14:26,XAUUSD,Buy,0.800,1956.70000,0.00000,1958.98000,1959.08000,0.0000,0.0000,10.0,8.00,0.10,"",0,00:00:31:05,9.7,3m,196.0,1.37,143.0,114.4,-196.0,-156.8,42.2,60.8,-133.00,-106.40
,50435993,08/28/2020 13:55,08/28/2020 14:24,XAUUSD,Buy,0.800,0.00000,0.00000,1958.88000,1958.88000,0.0000,0.0000,0.0,0.00,0.00,"",0,00:00:29:03,3.5,1m,186.0,23.26,8.0,0.0,-186.0,-0.0,4.1,95.9,-8.00,0.00
,50435054,08/28/2020 13:40,08/28/2020 14:24,XAUUSD,Buy,0.500,1956.70000,0.00000,1956.70000,1958.93000,0.0000,0.0000,223.0,111.50,1.41,"",0,00:00:44:47,95.5,42m,133.0,0.25,226.0,113.0,-56.0,-28.0,80.1,98.9,-3.00,-1.50
,50437504,08/28/2020 14:16,08/28/2020 14:24,XAUUSD,Buy,1.000,1956.69000,0.00000,1958.51000,1958.90000,0.0000,0.0000,39.0,39.00,0.50,"",0,00:00:08:26,75.0,6m,69.0,1.53,45.0,45.0,-69.0,-69.0,39.5,94.7,-6.00,-6.00
,50435713,08/28/2020 13:51,08/28/2020 14:23,XAUUSD,Buy,0.200,0.00000,0.00000,1958.54000,1958.75000,0.0000,0.0000,21.0,4.20,0.05,"",0,00:00:31:13,18.8,5m,152.0,5.85,26.0,5.2,-152.0,-30.400000000000002,14.6,97.2,-5.00,-1.00
,50434899,08/28/2020 13:37,08/28/2020 14:22,XAUUSD,Buy,0.050,0.00000,0.00000,1958.46000,1958.81000,0.0000,0.0000,35.0,1.75,0.02,"",0,00:00:45:13,11.2,5m,290.0,8.29,35.0,1.75,-290.0,-14.5,10.8,100.0,0.00,0.00
,50434947,08/28/2020 13:38,08/28/2020 14:22,XAUUSD,Buy,0.050,0.00000,0.00000,1958.44000,1958.75000,0.0000,0.0000,31.0,1.55,0.02,"",0,00:00:44:37,11.4,5m,288.0,8.47,34.0,1.7000000000000002,-288.0,-14.4,10.6,99.1,-3.00,-0.15
,50436515,08/28/2020 14:01,08/28/2020 14:12,XAUUSD,Buy,0.500,1955.80000,0.00000,1957.23000,1958.33000,0.0000,0.0000,110.0,55.00,0.71,"",0,00:00:10:40,72.8,7m,92.0,0.18,120.0,60.0,-21.0,-10.5,85.1,92.9,-10.00,-5.00
,50434885,08/28/2020 13:37,08/28/2020 13:59,XAUUSD,Buy,0.050,0.00000,0.00000,1957.75000,1958.02000,0.0000,0.0000,27.0,1.35,0.02,"",0,00:00:21:39,50.0,10m,219.0,3.65,60.0,3.0,-219.0,-10.950000000000001,21.5,88.2,-33.00,-1.65
,50434929,08/28/2020 13:38,08/28/2020 13:59,XAUUSD,Buy,0.050,0.00000,0.00000,1957.45000,1957.85000,0.0000,0.0000,40.0,2.00,0.03,"",0,00:00:21:07,57.2,12m,189.0,2.10,90.0,4.5,-189.0,-9.450000000000001,32.3,82.1,-50.00,-2.50
,50434982,08/28/2020 13:39,08/28/2020 13:59,XAUUSD,Buy,0.150,0.00000,0.00000,1957.20000,1957.78000,0.0000,0.0000,58.0,8.70,0.11,"",0,00:00:20:09,60.0,12m,164.0,1.43,115.0,17.25,-164.0,-24.599999999999998,41.2,79.6,-57.00,-8.55
,50434874,08/28/2020 13:37,08/28/2020 13:59,XAUUSD,Buy,0.050,0.00000,0.00000,1957.67000,1957.89000,0.0000,0.0000,22.0,1.10,0.01,"",0,00:00:21:31,54.6,11m,211.0,3.10,68.0,3.4000000000000004,-211.0,-10.55,24.4,83.5,-46.00,-2.30
,50434858,08/28/2020 13:37,08/28/2020 13:59,XAUUSD,Buy,0.020,0.00000,0.00000,1956.88000,1958.15000,0.0000,0.0000,127.0,2.54,0.03,"",0,00:00:21:37,63.7,13m,132.0,0.90,147.0,2.94,-132.0,-2.64,52.7,92.8,-20.00,-0.40
,50434822,08/28/2020 13:37,08/28/2020 13:58,XAUUSD,Buy,0.020,0.00000,0.00000,1957.55000,1958.03000,0.0000,0.0000,48.0,0.96,0.01,"",0,00:00:21:56,52.4,11m,199.0,2.49,80.0,1.6,-199.0,-3.98,28.7,88.5,-32.00,-0.64
,50434840,08/28/2020 13:37,08/28/2020 13:58,XAUUSD,Buy,0.020,0.00000,0.00000,1957.00000,1958.01000,0.0000,0.0000,101.0,2.02,0.03,"",0,00:00:21:40,52.4,11m,144.0,1.07,135.0,2.7,-144.0,-2.88,48.4,87.8,-34.00,-0.68
,50434587,08/28/2020 13:31,08/28/2020 13:58,XAUUSD,Buy,0.050,0.00000,0.00000,1952.78000,1957.98000,0.0000,0.0000,520.0,26.00,0.34,"",0,00:00:27:04,96.3,26m,135.0,0.01,557.0,27.85,-4.0,-0.2,99.3,93.4,-37.00,-1.85
,50435213,08/28/2020 13:43,08/28/2020 13:58,XAUUSD,Buy,0.800,1954.19000,0.00000,1956.76000,1957.88000,0.0000,0.0000,112.0,89.60,1.17,"",0,00:00:15:38,100.0,15m,99.0,0.01,159.0,127.2,0.0,0.0,100.0,70.4,-47.00,-37.60
,50435823,08/28/2020 13:52,08/28/2020 13:55,XAUUSD,Buy,0.500,1956.90000,0.00000,1958.92000,1956.97000,0.0000,0.0000,-195.0,-97.50,-1.26,"[sl]",0,00:00:02:39,,,,,,,,,,,,
,50435752,08/28/2020 13:52,08/28/2020 13:55,XAUUSD,Buy,0.200,1956.90000,0.00000,1958.66000,1956.97000,0.0000,0.0000,-169.0,-33.80,-0.43,"[sl]",0,00:00:03:33,,,,,,,,,,,,
,50434577,08/28/2020 13:31,08/28/2020 13:50,XAUUSD,Buy,0.020,0.00000,0.00000,1952.70000,1957.54000,0.0000,0.0000,484.0,9.68,0.12,"",0,00:00:19:19,100.0,19m,135.0,0.00,511.0,10.22,0.0,0.0,100.0,94.7,-27.00,-0.54
,50434648,08/28/2020 13:32,08/28/2020 13:50,XAUUSD,Buy,0.050,0.00000,0.00000,1953.94000,1957.65000,0.0000,0.0000,371.0,18.55,0.24,"",0,00:00:18:07,88.9,16m,135.0,0.31,387.0,19.35,-120.0,-6.0,76.3,96.8,-16.00,-0.80
,50435144,08/28/2020 13:42,08/28/2020 13:50,XAUUSD,Buy,0.300,0.00000,0.00000,1956.15000,1956.56000,0.0000,0.0000,41.0,12.30,0.16,"",0,00:00:08:39,87.5,7m,125.0,0.01,166.0,49.8,-1.0,-0.3,99.4,25.1,-125.00,-37.50
,50435035,08/28/2020 13:39,08/28/2020 13:50,XAUUSD,Buy,0.150,1953.70000,0.00000,1956.37000,1956.56000,0.0000,0.0000,19.0,2.85,0.04,"",0,00:00:10:44,81.9,8m,125.0,0.56,144.0,21.599999999999998,-81.0,-12.15,64.0,44.4,-125.00,-18.75
,50435019,08/28/2020 13:39,08/28/2020 13:50,XAUUSD,Buy,0.150,0.00000,0.00000,1955.78000,1956.60000,0.0000,0.0000,82.0,12.30,0.16,"",0,00:00:10:50,91.0,9m,121.0,0.11,203.0,30.45,-22.0,-3.3,90.2,46.2,-121.00,-18.15
,50428664,08/28/2020 11:51,08/28/2020 11:53,XAUUSD,Buy,0.010,0.00000,0.00000,1956.36000,1957.44000,0.0000,0.0000,108.0,1.08,0.01,"oJpCsEn0",0,00:00:02:55,,,,,,,,,,,,
,50417347,08/28/2020 08:50,08/28/2020 09:48,XAUUSD,Buy,0.050,0.00000,0.00000,1943.03000,1947.74000,0.0000,0.0000,471.0,23.55,0.31,"",0,00:00:57:12,58.7,33m,277.0,0.49,477.0,23.85,-233.0,-11.65,67.2,99.2,-6.00,-0.30
,50416945,08/28/2020 08:40,08/28/2020 09:48,XAUUSD,Buy,0.050,0.00000,0.00000,1941.83000,1947.75000,0.0000,0.0000,592.0,29.60,0.39,"",0,00:01:07:56,86.8,58m,454.0,0.19,597.0,29.85,-113.0,-5.65,84.1,99.3,-5.00,-0.25
,50416122,08/28/2020 08:21,08/28/2020 09:47,XAUUSD,Buy,0.050,0.00000,0.00000,1944.66000,1947.65000,0.0000,0.0000,299.0,14.95,0.20,"",0,00:01:26:36,14.0,12m,454.0,1.33,314.0,15.700000000000001,-418.0,-20.900000000000002,42.9,98.0,-15.00,-0.75
,50418787,08/28/2020 09:22,,,Withdrawal,0.010,0.00000,0.00000,0.00000,0.00000,0.0000,0.0000,0.0,-10000.00,0,"Transfer to 5059071 #8903641",0,00:00:00:00,,,,,,,,,,,,
,50408225,08/28/2020 04:54,08/28/2020 07:18,XAUUSD,Buy,0.300,0.00000,0.00000,1935.83000,1939.29000,0.0000,0.0000,346.0,103.80,0.59,"",0,00:02:23:23,59.1,1h 24m,426.0,0.51,493.0,147.9,-249.0,-74.7,66.4,80.2,-147.00,-44.10
,50402996,08/27/2020 21:45,08/28/2020 07:17,XAUUSD,Buy,0.300,0.00000,0.00000,1932.66000,1939.47000,0.0000,-3.4800,681.0,200.82,1.16,"",0,00:09:32:50,27.5,2h 37m,973.0,1.12,810.0,243.0,-909.0,-272.7,47.1,92.5,-129.00,-38.70
,50403081,08/27/2020 21:48,08/28/2020 07:17,XAUUSD,Buy,0.300,0.00000,0.00000,1933.30000,1939.43000,0.0000,-3.4800,613.0,180.42,1.05,"",0,00:09:29:22,26.9,2h 33m,973.0,1.30,746.0,223.79999999999998,-973.0,-291.9,43.4,92.3,-133.00,-39.90
,50408402,08/28/2020 04:59,08/28/2020 07:12,XAUUSD,Buy,0.300,0.00000,0.00000,1936.20000,1939.25000,0.0000,0.0000,305.0,91.50,0.54,"",0,00:02:12:37,56.4,1h 14m,426.0,0.63,456.0,136.79999999999998,-286.0,-85.8,61.5,79.6,-151.00,-45.30
,50402978,08/27/2020 21:44,08/28/2020 07:12,XAUUSD,Buy,0.300,0.00000,0.00000,1932.62000,1939.33000,0.0000,-3.4800,671.0,197.82,1.17,"",0,00:09:27:19,27.0,2h 33m,995.0,1.11,814.0,244.2,-905.0,-271.5,47.4,91.7,-143.00,-42.90
,50411437,08/28/2020 05:00,08/28/2020 07:00,XAUUSD,Buy,1.500,0.00000,0.00000,1935.92000,1940.08000,0.0000,0.0000,416.0,624.00,3.84,"from #50408611",0,00:01:59:54,54.2,1h 4m,426.0,0.53,484.0,726.0,-258.0,-387.0,65.2,90.8,-68.00,-102.00
,50408611,08/28/2020 05:00,08/28/2020 06:33,XAUUSD,Buy,0.500,0.00000,0.00000,1935.92000,1936.47000,0.0000,0.0000,55.0,27.50,0.17,"to #50411437",0,00:01:32:42,40.9,37m,426.0,0.86,301.0,150.5,-258.0,-129.0,53.8,56.0,-246.00,-123.00
,50408887,08/28/2020 05:12,08/28/2020 06:16,XAUUSD,Buy,1.500,0.00000,0.00000,1935.38000,1936.13000,0.0000,0.0000,75.0,112.50,0.70,"",0,00:01:04:30,40.7,26m,280.0,0.57,355.0,532.5,-204.0,-306.0,63.5,49.9,-280.00,-420.00
,50409631,08/28/2020 05:45,08/28/2020 06:04,XAUUSD,Buy,1.000,0.00000,0.00000,1934.74000,1938.52000,0.0000,0.0000,378.0,378.00,2.40,"",0,00:00:18:45,94.8,17m,70.0,0.03,419.0,419.0,-12.0,-12.0,97.2,90.5,-41.00,-41.00
,50400893,08/27/2020 20:48,08/28/2020 04:47,XAUUSD,Buy,0.300,0.00000,0.00000,1930.91000,1934.97000,0.0000,-3.4800,406.0,118.32,0.76,"",0,00:07:58:27,14.0,1h 6m,1105.0,1.60,458.0,137.4,-734.0,-220.2,38.4,95.6,-52.00,-15.60
,50400509,08/27/2020 20:41,08/28/2020 04:46,XAUUSD,Buy,0.500,0.00000,0.00000,1927.88000,1934.91000,0.0000,-5.8000,703.0,345.70,2.26,"",0,00:08:05:07,83.3,6h 44m,1105.0,0.61,711.0,355.5,-431.0,-215.5,62.3,99.3,-8.00,-4.00
,50400581,08/27/2020 20:43,08/28/2020 04:46,XAUUSD,Buy,0.500,0.00000,0.00000,1927.47000,1933.53000,0.0000,-5.8000,606.0,297.20,1.98,"",0,00:08:03:20,89.5,7h 12m,1105.0,0.52,752.0,376.0,-390.0,-195.0,65.8,87.2,-146.00,-73.00
,50408018,08/28/2020 04:42,08/28/2020 04:46,XAUUSD,Buy,3.000,0.00000,0.00000,1930.82000,1932.74000,0.0000,0.0000,192.0,576.00,4.00,"",0,00:00:03:38,,,,,,,,,,,,
,50408027,08/28/2020 04:42,08/28/2020 04:45,XAUUSD,Buy,3.000,0.00000,0.00000,1930.78000,1932.29000,0.0000,0.0000,151.0,453.00,3.25,"",0,00:00:02:16,,,,,,,,,,,,
,50401145,08/27/2020 20:53,08/28/2020 03:03,XAUUSD,Buy,2.000,1925.70000,1955.00000,1928.52000,1925.36000,0.0000,-23.1900,-316.0,-655.19,-4.49,"[sl]",0,00:06:09:02,69.0,4h 14m,926.0,0.52,610.0,1220.0,-316.0,-632.0,65.9,0.0,-926.00,-1852.00
,50396755,08/27/2020 19:30,08/28/2020 03:03,XAUUSD,Buy,1.000,1925.70000,1947.00000,1924.85000,1925.36000,0.0000,-11.6000,51.0,39.40,0.27,"[sl]",0,00:07:32:54,92.3,6h 58m,926.0,0.50,977.0,977.0,-491.0,-491.0,66.6,36.9,-926.00,-926.00
,50389458,08/27/2020 17:57,08/28/2020 03:02,XAUUSD,Buy,2.000,1926.24000,1949.00000,1919.78000,1926.30000,0.0000,-23.1900,652.0,1280.81,9.64,"[sl]",0,00:09:04:08,97.5,8h 50m,1122.0,0.17,1484.0,2968.0,-257.0,-514.0,85.2,52.2,-832.00,-1664.00
,50385658,08/27/2020 17:20,08/27/2020 22:43,XAUUSD,Buy,0.500,0.00000,0.00000,1927.79000,1932.55000,0.0000,0.0000,476.0,238.00,1.82,"",0,00:05:22:31,56.3,3h 1m,1112.0,1.61,657.0,328.5,-1060.0,-530.0,38.3,89.5,-181.00,-90.50
,50403251,08/27/2020 21:54,08/27/2020 22:42,XAUUSD,Buy,0.300,0.00000,0.00000,1931.50000,1932.77000,0.0000,0.0000,127.0,38.10,0.29,"",0,00:00:47:42,25.0,11m,255.0,1.29,180.0,54.0,-233.0,-69.89999999999999,43.6,87.2,-53.00,-15.90
,50403875,08/27/2020 22:10,08/27/2020 22:42,XAUUSD,Buy,0.300,0.00000,0.00000,1931.63000,1933.20000,0.0000,0.0000,157.0,47.10,0.36,"",0,00:00:31:15,28.2,8m,246.0,1.47,167.0,50.1,-246.0,-73.8,40.4,97.6,-10.00,-3.00
,50394732,08/27/2020 18:56,08/27/2020 22:41,XAUUSD,Buy,0.150,0.00000,0.00000,1930.68000,1933.18000,0.0000,0.0000,250.0,37.50,0.29,"",0,00:03:45:26,28.1,1h 3m,1089.0,2.73,394.0,59.099999999999994,-1074.0,-161.1,26.8,90.2,-144.00,-21.60
,50394248,08/27/2020 18:48,08/27/2020 22:41,XAUUSD,Buy,0.150,0.00000,0.00000,1930.70000,1933.24000,0.0000,0.0000,254.0,38.10,0.30,"",0,00:03:53:07,27.5,1h 4m,1122.0,2.75,392.0,58.8,-1076.0,-161.4,26.7,90.6,-138.00,-20.70
,50400810,08/27/2020 20:47,08/27/2020 22:41,XAUUSD,Buy,0.300,0.00000,0.00000,1929.99000,1933.20000,0.0000,0.0000,321.0,96.30,0.75,"",0,00:01:53:52,78.1,1h 28m,545.0,0.47,463.0,138.9,-216.0,-64.8,68.2,79.1,-142.00,-42.60
,50401105,08/27/2020 20:53,08/27/2020 22:41,XAUUSD,Buy,0.300,0.00000,0.00000,1928.34000,1933.23000,0.0000,0.0000,489.0,146.70,1.16,"",0,00:01:48:37,100.0,1h 48m,545.0,0.00,628.0,188.4,0.0,0.0,100.0,77.9,-139.00,-41.70
,50395452,08/27/2020 19:05,08/27/2020 22:08,XAUUSD,Buy,0.150,0.00000,0.00000,1929.77000,1929.83000,0.0000,0.0000,6.0,0.90,0.01,"",0,00:03:03:27,37.8,1h 9m,1089.0,2.03,485.0,72.75,-983.0,-147.45,33.0,67.4,-479.00,-71.85
,50394839,08/27/2020 18:58,08/27/2020 22:08,XAUUSD,Buy,0.150,0.00000,0.00000,1929.60000,1929.94000,0.0000,0.0000,34.0,5.10,0.04,"",0,00:03:10:03,38.5,1h 13m,1089.0,1.92,502.0,75.3,-966.0,-144.9,34.2,68.1,-468.00,-70.20
,50395474,08/27/2020 19:05,08/27/2020 22:08,XAUUSD,Buy,0.150,0.00000,0.00000,1929.12000,1929.96000,0.0000,0.0000,84.0,12.60,0.10,"",0,00:03:03:09,48.1,1h 28m,1089.0,1.67,550.0,82.5,-918.0,-137.7,37.5,68.3,-466.00,-69.90
,50402624,08/27/2020 21:28,08/27/2020 21:41,XAUUSD,Buy,0.300,0.00000,0.00000,1932.06000,1934.34000,0.0000,0.0000,228.0,68.40,0.54,"",0,00:00:13:02,61.6,8m,156.0,0.61,256.0,76.8,-156.0,-46.8,62.1,93.2,-28.00,-8.40
,50401116,08/27/2020 20:53,08/27/2020 21:41,XAUUSD,Buy,0.300,0.00000,0.00000,1928.48000,1934.23000,0.0000,0.0000,575.0,172.50,1.39,"",0,00:00:48:07,100.0,48m,265.0,0.00,614.0,184.2,0.0,0.0,100.0,93.6,-39.00,-11.70
,50402611,08/27/2020 21:27,08/27/2020 21:41,XAUUSD,Buy,0.300,0.00000,0.00000,1932.06000,1934.28000,0.0000,0.0000,222.0,66.60,0.54,"",0,00:00:13:25,57.2,7m,156.0,0.61,256.0,76.8,-156.0,-46.8,62.1,91.7,-34.00,-10.20
,50401609,08/27/2020 21:00,08/27/2020 21:40,XAUUSD,Buy,0.300,0.00000,0.00000,1931.43000,1934.25000,0.0000,0.0000,282.0,84.60,0.69,"",0,00:00:40:29,27.6,11m,273.0,0.86,319.0,95.7,-273.0,-81.89999999999999,53.9,93.8,-37.00,-11.10
,50401348,08/27/2020 20:58,08/27/2020 21:40,XAUUSD,Buy,0.300,0.00000,0.00000,1931.26000,1934.29000,0.0000,0.0000,303.0,90.90,0.75,"",0,00:00:42:37,31.0,13m,256.0,0.76,336.0,100.8,-256.0,-76.8,56.8,94.4,-33.00,-9.90
,50401720,08/27/2020 21:03,08/27/2020 21:40,XAUUSD,Buy,1.000,0.00000,0.00000,1930.10000,1934.20000,0.0000,0.0000,410.0,410.00,3.50,"",0,00:00:37:42,70.3,26m,253.0,0.31,452.0,452.0,-140.0,-140.0,76.4,92.9,-42.00,-42.00
,50401402,08/27/2020 20:59,08/27/2020 21:36,XAUUSD,Buy,0.300,0.00000,0.00000,1930.93000,1933.63000,0.0000,0.0000,270.0,81.00,0.70,"",0,00:00:36:28,27.1,9m,253.0,0.67,335.0,100.5,-223.0,-66.89999999999999,60.0,88.4,-65.00,-19.50
,50402601,08/27/2020 21:27,08/27/2020 21:36,XAUUSD,Buy,0.300,0.00000,0.00000,1931.56000,1933.69000,0.0000,0.0000,213.0,63.90,0.55,"",0,00:00:08:43,44.5,3m,107.0,0.39,272.0,81.6,-106.0,-31.799999999999997,72.0,84.4,-59.00,-17.70
,50402594,08/27/2020 21:27,08/27/2020 21:36,XAUUSD,Buy,0.300,0.00000,0.00000,1931.55000,1933.86000,0.0000,0.0000,231.0,69.30,0.60,"",0,00:00:08:42,44.5,3m,107.0,0.38,273.0,81.89999999999999,-105.0,-31.5,72.2,88.9,-42.00,-12.60
,50401817,08/27/2020 21:05,08/27/2020 21:36,XAUUSD,Buy,1.000,0.00000,0.00000,1931.31000,1933.52000,0.0000,0.0000,221.0,221.00,1.96,"",0,00:00:31:03,29.1,9m,261.0,0.88,297.0,297.0,-261.0,-261.0,53.2,86.4,-76.00,-76.00
,50401852,08/27/2020 21:06,08/27/2020 21:36,XAUUSD,Buy,1.000,0.00000,0.00000,1930.95000,1933.50000,0.0000,0.0000,255.0,255.00,2.31,"",0,00:00:29:47,33.4,9m,253.0,0.68,333.0,333.0,-225.0,-225.0,59.7,86.0,-78.00,-78.00
,50390186,08/27/2020 18:03,08/27/2020 20:52,XAUUSD,Buy,2.000,0.00000,0.00000,1923.13000,1928.20000,0.0000,0.0000,507.0,1014.00,10.11,"",0,00:02:48:22,71.1,1h 59m,1122.0,0.74,803.0,1606.0,-592.0,-1184.0,57.6,78.8,-296.00,-592.00
,50399619,08/27/2020 20:15,08/27/2020 20:39,XAUUSD,Buy,0.500,0.00000,0.00000,1925.44000,1927.45000,0.0000,0.0000,201.0,100.50,1.01,"",0,00:00:23:34,58.4,13m,256.0,0.27,445.0,222.5,-122.0,-61.0,78.5,57.0,-244.00,-122.00
,50398900,08/27/2020 20:02,08/27/2020 20:39,XAUUSD,Buy,0.500,0.00000,0.00000,1924.41000,1927.39000,0.0000,0.0000,298.0,149.00,1.52,"",0,00:00:37:15,83.8,31m,256.0,0.41,548.0,274.0,-222.0,-111.0,71.2,67.5,-250.00,-125.00
,50397279,08/27/2020 19:40,08/27/2020 20:39,XAUUSD,Buy,0.500,0.00000,0.00000,1926.16000,1927.90000,0.0000,0.0000,174.0,87.00,0.90,"",0,00:00:58:59,20.4,12m,622.0,1.67,373.0,186.5,-622.0,-311.0,37.5,80.0,-199.00,-99.50
,50396624,08/27/2020 19:29,08/27/2020 20:39,XAUUSD,Buy,0.500,0.00000,0.00000,1926.89000,1927.91000,0.0000,0.0000,102.0,51.00,0.53,"",0,00:01:10:06,17.2,12m,695.0,2.32,300.0,150.0,-695.0,-347.5,30.2,80.1,-198.00,-99.00
,50398906,08/27/2020 20:02,08/27/2020 20:29,XAUUSD,Buy,0.500,0.00000,0.00000,1924.35000,1925.15000,0.0000,0.0000,80.0,40.00,0.42,"",0,00:00:27:04,81.5,22m,240.0,0.72,298.0,149.0,-216.0,-108.0,58.0,57.6,-218.00,-109.00
,50388431,08/27/2020 17:46,08/27/2020 20:28,XAUUSD,Buy,1.000,1913.80000,0.00000,1918.96000,1924.71000,0.0000,0.0000,575.0,575.00,6.37,"",0,00:02:41:39,90.7,2h 26m,1112.0,0.08,1220.0,1220.0,-100.0,-100.0,92.4,51.1,-645.00,-645.00
,50399122,08/27/2020 20:06,08/27/2020 20:22,XAUUSD,Buy,0.500,0.00000,0.00000,1923.60000,1924.97000,0.0000,0.0000,137.0,68.50,0.76,"",0,00:00:16:51,93.8,15m,240.0,0.06,227.0,113.5,-13.0,-6.5,94.6,62.5,-90.00,-45.00
,50385328,08/27/2020 17:18,08/27/2020 20:22,XAUUSD,Buy,0.300,0.00000,0.00000,1923.10000,1924.65000,0.0000,0.0000,155.0,46.50,0.52,"",0,00:03:04:41,62.2,1h 54m,1202.0,0.73,806.0,241.79999999999998,-591.0,-177.29999999999998,57.7,53.4,-651.00,-195.30
,50396810,08/27/2020 19:30,08/27/2020 19:47,XAUUSD,Buy,0.500,1922.49000,0.00000,1924.90000,1922.54000,0.0000,0.0000,-236.0,-118.00,-1.31,"[sl]",0,00:00:16:20,47.1,7m,455.0,1.53,180.0,90.0,-275.0,-137.5,39.6,8.6,-416.00,-208.00
,50396467,08/27/2020 19:25,08/27/2020 19:29,XAUUSD,Buy,0.500,1924.90000,0.00000,1929.50000,1924.80000,0.0000,0.0000,-470.0,-235.00,-2.54,"[sl]",0,00:00:03:54,,,,,,,,,,,,
,50396377,08/27/2020 19:23,08/27/2020 19:29,XAUUSD,Buy,0.500,1924.90000,0.00000,1928.63000,1924.80000,0.0000,0.0000,-383.0,-191.50,-2.03,"[sl]",0,00:00:05:46,0.0,0s,543.0,555.56,0.0,0.0,-543.0,-271.5,0.0,29.5,-383.00,-191.50
,50395167,08/27/2020 19:00,08/27/2020 19:21,XAUUSD,Buy,0.150,0.00000,0.00000,1927.76000,1928.67000,0.0000,0.0000,91.0,13.65,0.14,"",0,00:00:21:09,85.8,18m,343.0,0.58,307.0,46.05,-179.0,-26.849999999999998,63.2,55.6,-216.00,-32.40
,50395289,08/27/2020 19:02,08/27/2020 19:21,XAUUSD,Buy,0.150,0.00000,0.00000,1927.41000,1928.26000,0.0000,0.0000,85.0,12.75,0.14,"",0,00:00:19:22,94.8,18m,343.0,0.00,342.0,51.3,-1.0,-0.15,99.7,25.1,-257.00,-38.55
,50387553,08/27/2020 17:36,08/27/2020 18:45,XAUUSD,Buy,0.500,0.00000,0.00000,1927.43000,1927.68000,0.0000,0.0000,25.0,12.50,0.13,"",0,00:01:08:38,21.5,14m,1024.0,3.09,331.0,165.5,-1024.0,-512.0,24.4,77.4,-306.00,-153.00
,50337747,08/27/2020 17:02,08/27/2020 18:45,XAUUSD,Buy,0.500,0.00000,0.00000,1927.24000,1928.13000,0.0000,0.0000,89.0,44.50,0.47,"",0,00:01:42:49,28.6,29m,1202.0,2.87,350.0,175.0,-1005.0,-502.5,25.8,80.7,-261.00,-130.50
,50390361,08/27/2020 18:05,08/27/2020 18:45,XAUUSD,Buy,0.500,0.00000,0.00000,1924.72000,1927.99000,0.0000,0.0000,327.0,163.50,1.78,"",0,00:00:39:18,15.0,5m,751.0,1.82,412.0,206.0,-751.0,-375.5,35.4,92.7,-85.00,-42.50
,50390161,08/27/2020 18:03,08/27/2020 18:45,XAUUSD,Buy,0.500,0.00000,0.00000,1923.41000,1927.80000,0.0000,0.0000,439.0,219.50,2.44,"",0,00:00:41:37,26.2,10m,804.0,1.14,543.0,271.5,-620.0,-310.0,46.7,91.1,-104.00,-52.00
,50390147,08/27/2020 18:03,08/27/2020 18:45,XAUUSD,Buy,0.500,0.00000,0.00000,1923.26000,1928.56000,0.0000,0.0000,530.0,265.00,3.04,"",0,00:00:41:46,26.2,10m,804.0,1.08,558.0,279.0,-605.0,-302.5,48.0,97.6,-28.00,-14.00
,50390433,08/27/2020 18:06,08/27/2020 18:44,XAUUSD,Buy,0.500,0.00000,0.00000,1925.71000,1928.52000,0.0000,0.0000,281.0,140.50,1.64,"",0,00:00:38:17,10.6,4m,850.0,2.72,313.0,156.5,-850.0,-425.0,26.9,97.2,-32.00,-16.00
,50389388,08/27/2020 17:56,08/27/2020 18:10,XAUUSD,Buy,2.000,0.00000,0.00000,1917.16000,1918.83000,0.0000,0.0000,167.0,334.00,4.05,"",0,00:00:14:07,100.0,14m,642.0,0.00,809.0,1618.0,0.0,0.0,100.0,20.6,-642.00,-1284.00
,50388514,08/27/2020 17:47,08/27/2020 17:55,XAUUSD,Buy,1.000,1914.80000,0.00000,1919.43000,1914.61000,0.0000,0.0000,-482.0,-482.00,-5.52,"[sl]",0,00:00:07:43,,,,,,,,,,,,
,50363014,08/27/2020 14:27,08/27/2020 16:12,XAUUSD,Buy,0.500,0.00000,0.00000,1942.75000,1950.07000,0.0000,0.0000,732.0,366.00,4.38,"",0,00:01:45:02,23.9,25m,901.0,0.59,1495.0,747.5,-879.0,-439.5,63.0,67.9,-763.00,-381.50
,50368216,08/27/2020 15:57,08/27/2020 16:12,XAUUSD,Buy,1.000,0.00000,0.00000,1943.75000,1949.49000,0.0000,0.0000,574.0,574.00,7.37,"",0,00:00:15:05,,,,,,,,,,,,
,50366433,08/27/2020 15:35,08/27/2020 16:12,XAUUSD,Buy,0.300,0.00000,0.00000,1936.33000,1948.90000,0.0000,0.0000,1257.0,377.10,5.09,"",0,00:00:36:49,100.0,36m,880.0,0.00,2137.0,641.1,0.0,0.0,100.0,58.8,-880.00,-264.00
,50367570,08/27/2020 15:50,08/27/2020 16:11,XAUUSD,Buy,1.000,0.00000,0.00000,1942.12000,1950.68000,0.0000,0.0000,856.0,856.00,13.06,"",0,00:00:21:32,60.0,12m,702.0,0.15,1558.0,1558.0,-231.0,-231.0,87.1,60.8,-702.00,-702.00
,50366148,08/27/2020 15:31,08/27/2020 16:09,XAUUSD,Buy,1.000,0.00000,0.00000,1941.71000,1946.68000,0.0000,0.0000,497.0,497.00,8.20,"",0,00:00:38:15,42.9,16m,586.0,0.71,826.0,826.0,-586.0,-586.0,58.5,76.7,-329.00,-329.00
,50366396,08/27/2020 15:34,08/27/2020 16:09,XAUUSD,Buy,2.000,0.00000,0.00000,1935.61000,1946.57000,0.0000,0.0000,1096.0,2192.00,56.68,"",0,00:00:34:48,100.0,34m,349.0,0.00,1436.0,2872.0,0.0,0.0,100.0,76.3,-340.00,-680.00
,50366103,08/27/2020 15:30,08/27/2020 15:34,XAUUSD,Buy,1.000,1934.80000,0.00000,1942.06000,1934.73000,0.0000,0.0000,-733.0,-733.00,-15.93,"[sl]",0,00:00:03:20,,,,,,,,,,,,
,50366093,08/27/2020 15:30,08/27/2020 15:34,XAUUSD,Buy,2.000,1934.80000,0.00000,1941.18000,1934.73000,0.0000,0.0000,-645.0,-1290.00,-21.90,"[sl]",0,00:00:03:25,,,,,,,,,,,,
,50362342,08/27/2020 14:13,08/27/2020 15:34,XAUUSD,Buy,0.500,1935.80000,0.00000,1938.85000,1934.55000,0.0000,0.0000,-430.0,-215.00,-3.52,"[sl]",0,00:01:20:02,87.5,1h 10m,842.0,1.04,412.0,206.0,-430.0,-215.0,48.9,0.0,-842.00,-421.00
,50358977,08/27/2020 13:30,08/27/2020 15:34,XAUUSD,Buy,0.300,1935.80000,0.00000,1943.09000,1934.55000,0.0000,0.0000,-854.0,-256.20,-4.03,"[sl]",0,00:02:03:04,0.0,0s,854.0,909.09,0.0,0.0,-854.0,-256.2,0.0,0.0,-854.00,-256.20
,50358965,08/27/2020 13:30,08/27/2020 15:34,XAUUSD,Buy,0.300,1935.80000,0.00000,1942.94000,1934.55000,0.0000,0.0000,-839.0,-251.70,-3.81,"[sl]",0,00:02:03:09,4.2,5m,842.0,285.71,3.0,0.8999999999999999,-839.0,-251.7,0.4,0.0,-842.00,-252.60
,50362375,08/27/2020 14:14,08/27/2020 15:20,XAUUSD,Buy,0.500,1936.40000,0.00000,1939.27000,1936.79000,0.0000,0.0000,-248.0,-124.00,-1.84,"[sl]",0,00:01:06:01,85.8,56m,618.0,0.67,370.0,185.0,-248.0,-124.0,59.9,0.0,-618.00,-309.00
,50360205,08/27/2020 13:45,08/27/2020 15:20,XAUUSD,Buy,0.500,1936.40000,0.00000,1941.01000,1936.79000,0.0000,0.0000,-422.0,-211.00,-3.04,"[sl]",0,00:01:34:45,31.6,29m,618.0,2.15,196.0,98.0,-422.0,-211.0,31.7,0.0,-618.00,-309.00
,50359995,08/27/2020 13:43,08/27/2020 15:20,XAUUSD,Buy,0.500,1936.40000,0.00000,1940.71000,1936.79000,0.0000,0.0000,-392.0,-196.00,-2.74,"[sl]",0,00:01:37:18,35.0,34m,618.0,1.73,226.0,113.0,-392.0,-196.0,36.6,0.0,-618.00,-309.00
,50359791,08/27/2020 13:40,08/27/2020 15:20,XAUUSD,Buy,0.500,1936.40000,0.00000,1940.72000,1936.79000,0.0000,0.0000,-393.0,-196.50,-2.68,"[sl]",0,00:01:40:16,35.0,35m,618.0,1.75,225.0,112.5,-393.0,-196.5,36.4,0.0,-618.00,-309.00
,50359318,08/27/2020 13:37,08/27/2020 14:07,XAUUSD,Buy,0.150,1937.90000,0.00000,1941.12000,1937.73000,0.0000,0.0000,-339.0,-50.85,-0.69,"[sl]",0,00:00:29:38,0.0,0s,339.0,344.83,0.0,0.0,-339.0,-50.85,0.0,0.0,-339.00,-50.85
,50359304,08/27/2020 13:37,08/27/2020 14:07,XAUUSD,Buy,0.150,1937.90000,0.00000,1941.22000,1937.73000,0.0000,0.0000,-349.0,-52.35,-0.70,"[sl]",0,00:00:29:50,0.0,0s,349.0,357.14,0.0,0.0,-349.0,-52.35,0.0,0.0,-349.00,-52.35
,50359037,08/27/2020 13:32,08/27/2020 14:07,XAUUSD,Buy,0.150,1937.90000,0.00000,1942.32000,1937.73000,0.0000,0.0000,-459.0,-68.85,-0.92,"[sl]",0,00:00:34:46,0.0,0s,459.0,476.19,0.0,0.0,-459.0,-68.85,0.0,0.0,-459.00,-68.85
,50347649,08/27/2020 09:52,08/27/2020 12:02,XAUUSD,Sell,0.100,0.00000,0.00000,1942.85000,1942.82000,0.0000,0.0000,3.0,0.30,0.00,"",0,00:02:09:21,42.4,54m,834.0,1.18,382.0,38.2,-452.0,-45.2,45.8,54.6,-379.00,-37.90
,50347658,08/27/2020 09:52,08/27/2020 12:02,XAUUSD,Sell,0.100,0.00000,0.00000,1942.89000,1942.59000,0.0000,0.0000,30.0,3.00,0.04,"",0,00:02:09:10,42.4,54m,834.0,1.16,386.0,38.6,-448.0,-44.800000000000004,46.3,57.3,-356.00,-35.60
,50347679,08/27/2020 09:53,08/27/2020 11:58,XAUUSD,Sell,0.100,0.00000,0.00000,1942.48000,1943.24000,0.0000,0.0000,-76.0,-7.60,-0.10,"",0,00:02:05:22,36.0,45m,834.0,1.42,345.0,34.5,-489.0,-48.900000000000006,41.4,49.5,-421.00,-42.10
,50349768,08/27/2020 10:22,08/27/2020 11:58,XAUUSD,Sell,0.050,0.00000,0.00000,1942.41000,1943.27000,0.0000,0.0000,-86.0,-4.30,-0.06,"",0,00:01:35:33,10.6,10m,566.0,7.09,70.0,3.5,-496.0,-24.8,12.4,72.4,-156.00,-7.80
,50352049,08/27/2020 10:51,08/27/2020 11:58,XAUUSD,Sell,0.150,1949.20000,0.00000,1946.83000,1943.29000,0.0000,0.0000,354.0,53.10,0.71,"",0,00:01:06:30,100.0,1h 6m,256.0,0.00,479.0,71.85,0.0,0.0,100.0,73.9,-125.00,-18.75
,50352139,08/27/2020 10:53,08/27/2020 11:58,XAUUSD,Sell,0.150,1949.20000,0.00000,1946.94000,1943.24000,0.0000,0.0000,370.0,55.50,0.75,"",0,00:01:05:02,100.0,1h 5m,256.0,0.00,490.0,73.5,0.0,0.0,100.0,75.5,-120.00,-18.00
,50344981,08/27/2020 08:25,08/27/2020 10:51,XAUUSD,Buy,0.050,0.00000,0.00000,1945.39000,1946.80000,0.0000,0.0000,141.0,7.05,0.10,"",0,00:02:26:22,10.4,15m,750.0,3.79,198.0,9.9,-750.0,-37.5,20.9,94.0,-57.00,-2.85
,50345200,08/27/2020 08:29,08/27/2020 10:51,XAUUSD,Buy,0.050,0.00000,0.00000,1944.11000,1946.74000,0.0000,0.0000,263.0,13.15,0.18,"",0,00:02:22:10,13.8,19m,622.0,1.91,326.0,16.3,-622.0,-31.1,34.4,93.4,-63.00,-3.15
,50347170,08/27/2020 09:40,08/27/2020 09:52,XAUUSD,Buy,0.100,0.00000,0.00000,1941.59000,1942.87000,0.0000,0.0000,128.0,12.80,0.17,"",0,00:00:12:43,,,,,,,,,,,,
,50347228,08/27/2020 09:41,08/27/2020 09:52,XAUUSD,Buy,0.100,0.00000,0.00000,1941.49000,1942.92000,0.0000,0.0000,143.0,14.30,0.19,"",0,00:00:11:02,,,,,,,,,,,,
,50347018,08/27/2020 09:36,08/27/2020 09:52,XAUUSD,Buy,0.150,0.00000,0.00000,1939.39000,1942.83000,0.0000,0.0000,344.0,51.60,0.71,"",0,00:00:16:14,,,,,,,,,,,,
,50347089,08/27/2020 09:37,08/27/2020 09:52,XAUUSD,Buy,0.500,1935.90000,0.00000,1940.12000,1942.93000,0.0000,0.0000,281.0,140.50,1.96,"",0,00:00:14:47,,,,,,,,,,,,
,50347028,08/27/2020 09:36,08/27/2020 09:52,XAUUSD,Buy,0.150,0.00000,0.00000,1939.74000,1943.27000,0.0000,0.0000,353.0,52.95,0.74,"",0,00:00:15:56,,,,,,,,,,,,
,50347042,08/27/2020 09:36,08/27/2020 09:52,XAUUSD,Buy,0.500,1935.90000,0.00000,1940.03000,1943.27000,0.0000,0.0000,324.0,162.00,2.33,"",0,00:00:15:36,,,,,,,,,,,,
,50345275,08/27/2020 08:31,08/27/2020 09:36,XAUUSD,Sell,0.100,0.00000,0.00000,1942.06000,1939.42000,0.0000,0.0000,264.0,26.40,0.38,"",0,00:01:04:33,92.4,59m,333.0,0.02,417.0,41.7,-9.0,-0.9,97.9,64.1,-153.00,-15.30
,50345284,08/27/2020 08:31,08/27/2020 09:36,XAUUSD,Sell,0.100,0.00000,0.00000,1942.15000,1939.51000,0.0000,0.0000,264.0,26.40,0.38,"",0,00:01:04:20,92.4,59m,333.0,0.00,426.0,42.6,0.0,0.0,100.0,62.0,-162.00,-16.20
,50345313,08/27/2020 08:32,08/27/2020 09:36,XAUUSD,Sell,0.050,0.00000,0.00000,1941.56000,1939.34000,0.0000,0.0000,222.0,11.10,0.16,"",0,00:01:03:34,84.7,53m,333.0,0.16,367.0,18.35,-59.0,-2.95,86.2,66.0,-145.00,-7.25
,50339011,08/27/2020 02:59,08/27/2020 06:48,XAUUSD,Sell,0.020,0.00000,0.00000,1953.62000,1944.16000,0.0000,0.0000,946.0,18.92,0.28,"",0,00:03:48:58,100.0,3h 48m,461.0,0.00,1407.0,28.14,0.0,0.0,100.0,67.2,-461.00,-9.22
,50338458,08/27/2020 02:04,08/27/2020 06:48,XAUUSD,Sell,0.020,0.00000,0.00000,1952.61000,1944.16000,0.0000,0.0000,845.0,16.90,0.25,"",0,00:04:43:27,91.3,4h 18m,461.0,0.06,1306.0,26.12,-81.0,-1.62,94.2,66.8,-461.00,-9.22
,50338843,08/27/2020 02:50,08/27/2020 05:45,XAUUSD,Sell,0.020,0.00000,1941.00000,1951.56000,1941.00000,0.0000,0.0000,1056.0,21.12,0.31,"[tp]",0,00:02:55:21,85.8,2h 30m,210.0,0.13,1201.0,24.02,-161.0,-3.22,88.2,89.4,-145.00,-2.90
,50338529,08/27/2020 02:13,08/27/2020 05:45,XAUUSD,Sell,0.020,0.00000,1941.00000,1952.91000,1941.00000,0.0000,0.0000,1191.0,23.82,0.35,"[tp]",0,00:03:32:27,93.1,3h 17m,277.0,0.04,1336.0,26.72,-51.0,-1.02,96.3,89.5,-145.00,-2.90
,50338496,08/27/2020 02:07,08/27/2020 05:45,XAUUSD,Sell,0.020,0.00000,1941.00000,1952.51000,1941.00000,0.0000,0.0000,1151.0,23.02,0.34,"[tp]",0,00:03:38:34,88.7,3h 13m,277.0,0.07,1296.0,25.92,-91.0,-1.82,93.4,89.5,-145.00,-2.90
,50337209,08/26/2020 23:56,,,Withdrawal,0.010,0.00000,0.00000,0.00000,0.00000,0.0000,0.0000,0.0,-89741.00,0,"Transfer to 5059071 #8889871",0,00:00:00:00,,,,,,,,,,,,
,50336142,08/26/2020 22:51,08/26/2020 23:20,XAUUSD,Buy,0.300,0.00000,0.00000,1953.86000,1954.31000,0.0000,0.0000,45.0,13.50,0.01,"",0,00:00:28:36,16.7,4m,89.0,1.98,45.0,13.5,-89.0,-26.7,33.6,100.0,0.00,0.00
,50336133,08/26/2020 22:51,08/26/2020 23:20,XAUUSD,Buy,0.300,0.00000,0.00000,1953.67000,1954.24000,0.0000,0.0000,57.0,17.10,0.02,"",0,00:00:28:43,50.0,14m,70.0,1.23,57.0,17.099999999999998,-70.0,-21.0,44.9,100.0,0.00,0.00
,50330655,08/26/2020 20:08,08/26/2020 23:08,XAUUSD,Buy,0.200,0.00000,1980.00000,1947.18000,1952.86000,0.0000,0.0000,568.0,113.60,0.12,"",0,00:02:59:55,66.7,2h 0m,533.0,0.49,591.0,118.2,-287.0,-57.400000000000006,67.3,97.4,-23.00,-4.60
,50329540,08/26/2020 19:47,08/26/2020 23:08,XAUUSD,Buy,0.500,1939.40000,1980.00000,1944.19000,1952.99000,0.0000,0.0000,880.0,440.00,0.46,"",0,00:03:20:29,97.5,3h 15m,533.0,0.09,890.0,445.0,-83.0,-41.5,91.5,99.0,-10.00,-5.00
,50335622,08/26/2020 22:36,08/26/2020 23:08,XAUUSD,Buy,0.800,1948.90000,0.00000,1951.27000,1952.82000,0.0000,0.0000,155.0,124.00,0.13,"",0,00:00:31:38,100.0,31m,63.0,0.01,182.0,145.6,0.0,0.0,100.0,85.2,-27.00,-21.60
,50335752,08/26/2020 22:40,08/26/2020 23:08,XAUUSD,Buy,1.500,1948.90000,0.00000,1951.39000,1952.62000,0.0000,0.0000,123.0,184.50,0.19,"",0,00:00:28:12,100.0,28m,47.0,0.01,170.0,255.0,0.0,0.0,100.0,72.4,-47.00,-70.50
,50330549,08/26/2020 20:05,08/26/2020 23:08,XAUUSD,Buy,0.200,0.00000,0.00000,1947.80000,1952.69000,0.0000,0.0000,489.0,97.80,0.10,"",0,00:03:02:32,58.4,1h 46m,533.0,0.66,529.0,105.80000000000001,-349.0,-69.8,60.3,95.4,-40.00,-8.00
,50329619,08/26/2020 19:50,08/26/2020 23:08,XAUUSD,Buy,0.500,1941.80000,1980.00000,1944.20000,1952.74000,0.0000,0.0000,854.0,427.00,0.45,"",0,00:03:18:01,100.0,3h 18m,533.0,0.00,889.0,444.5,0.0,0.0,100.0,96.1,-35.00,-17.50
,50329880,08/26/2020 19:58,08/26/2020 23:08,XAUUSD,Buy,0.500,1942.30000,0.00000,1944.49000,1952.75000,0.0000,0.0000,826.0,413.00,0.44,"",0,00:03:09:20,94.8,2h 59m,533.0,0.02,860.0,430.0,-18.0,-9.0,97.9,96.1,-34.00,-17.00
,50318839,08/26/2020 17:11,08/26/2020 23:07,XAUUSD,Buy,3.000,1939.40000,2030.00000,1929.04000,1952.66000,0.0000,0.0000,2362.0,7086.00,8.09,"",0,00:05:56:11,100.0,5h 56m,945.0,0.00,2405.0,7215.0,0.0,0.0,100.0,98.2,-43.00,-129.00
,50318833,08/26/2020 17:11,08/26/2020 23:07,XAUUSD,Buy,3.000,1939.40000,1980.00000,1928.98000,1952.71000,0.0000,0.0000,2373.0,7119.00,8.84,"",0,00:05:56:08,100.0,5h 56m,945.0,0.00,2411.0,7233.0,0.0,0.0,100.0,98.4,-38.00,-114.00
,50336446,08/26/2020 23:00,08/26/2020 23:07,XAUUSD,Buy,1.000,1948.90000,0.00000,1952.39000,1952.59000,0.0000,0.0000,20.0,20.00,0.02,"",0,00:00:06:49,,,,,,,,,,,,
,50336276,08/26/2020 22:58,08/26/2020 23:07,XAUUSD,Buy,1.000,0.00000,0.00000,1951.67000,1952.62000,0.0000,0.0000,95.0,95.00,0.12,"",0,00:00:09:16,,,,,,,,,,,,
,50336453,08/26/2020 23:01,08/26/2020 23:07,XAUUSD,Buy,3.000,1948.90000,0.00000,1952.34000,1952.63000,0.0000,0.0000,29.0,87.00,0.11,"",0,00:00:06:23,,,,,,,,,,,,
,50336293,08/26/2020 22:59,08/26/2020 23:07,XAUUSD,Buy,1.000,1948.90000,0.00000,1951.53000,1952.55000,0.0000,0.0000,102.0,102.00,0.13,"",0,00:00:08:15,,,,,,,,,,,,
,50313240,08/26/2020 16:17,08/26/2020 22:53,XAUUSD,Buy,1.500,1914.40000,0.00000,1917.15000,1952.52000,0.0000,0.0000,3537.0,5305.50,7.08,"",0,00:06:36:24,100.0,6h 36m,945.0,0.00,3570.0,5355.0,0.0,0.0,100.0,99.1,-33.00,-49.50
,50312519,08/26/2020 16:07,08/26/2020 22:53,XAUUSD,Buy,2.000,0.00000,1980.00000,1915.77000,1952.41000,0.0000,0.0000,3664.0,7328.00,10.85,"",0,00:06:46:18,100.0,6h 46m,945.0,0.00,3708.0,7416.0,0.0,0.0,100.0,98.8,-44.00,-88.00
,50312515,08/26/2020 16:07,08/26/2020 22:53,XAUUSD,Buy,2.000,0.00000,1980.00000,1915.81000,1952.40000,0.0000,0.0000,3659.0,7318.00,12.15,"",0,00:06:46:18,100.0,6h 46m,945.0,0.00,3704.0,7408.0,0.0,0.0,100.0,98.8,-45.00,-90.00
,50311651,08/26/2020 15:59,08/26/2020 22:53,XAUUSD,Buy,2.000,1939.40000,2030.00000,1912.15000,1952.39000,0.0000,0.0000,4024.0,8048.00,15.42,"",0,00:06:53:56,100.0,6h 53m,945.0,0.00,4070.0,8140.0,0.0,0.0,100.0,98.9,-46.00,-92.00
,50311394,08/26/2020 15:56,08/26/2020 22:53,XAUUSD,Buy,3.000,1939.40000,1980.00000,1907.94000,1952.41000,0.0000,0.0000,4447.0,13341.00,34.34,"",0,00:06:56:40,100.0,6h 56m,945.0,0.00,4491.0,13473.0,0.0,0.0,100.0,99.0,-44.00,-132.00
,50308359,08/26/2020 15:21,08/26/2020 22:53,XAUUSD,Buy,3.000,1914.10000,2030.00000,1910.37000,1952.51000,0.0000,0.0000,4214.0,12642.00,48.23,"",0,00:07:31:54,94.5,7h 7m,945.0,0.13,4248.0,12744.0,-564.0,-1692.0,88.3,99.3,-34.00,-102.00
,50331271,08/26/2020 20:23,08/26/2020 22:33,XAUUSD,Buy,0.500,0.00000,0.00000,1947.99000,1950.51000,0.0000,0.0000,252.0,126.00,0.48,"",0,00:02:10:40,46.2,1h 0m,402.0,0.88,402.0,201.0,-355.0,-177.5,53.1,80.2,-150.00,-75.00
,50331103,08/26/2020 22:11,08/26/2020 22:33,XAUUSD,Buy,0.500,0.00000,0.00000,1950.39000,1950.37000,0.0000,0.0000,-2.0,-1.00,0.00,"",0,00:00:22:24,50.0,11m,188.0,0.16,162.0,81.0,-26.0,-13.0,86.2,12.8,-164.00,-82.00
,50312187,08/26/2020 16:02,08/26/2020 22:15,XAUUSD,Buy,2.000,1909.30000,1980.00000,1912.57000,1949.78000,0.0000,0.0000,3721.0,7442.00,39.92,"",0,00:06:12:33,100.0,6h 12m,945.0,0.00,3856.0,7712.0,0.0,0.0,100.0,96.5,-135.00,-270.00
,50329589,08/26/2020 20:02,08/26/2020 22:14,XAUUSD,Buy,0.500,0.00000,0.00000,1946.61000,1949.72000,0.0000,0.0000,311.0,155.50,0.84,"",0,00:02:12:21,69.3,1h 31m,533.0,0.71,324.0,162.0,-230.0,-115.0,58.5,97.7,-13.00,-6.50
,50331374,08/26/2020 20:26,08/26/2020 22:14,XAUUSD,Buy,0.500,0.00000,1980.00000,1946.80000,1949.64000,0.0000,0.0000,284.0,142.00,0.77,"",0,00:01:48:49,62.0,1h 7m,402.0,0.60,305.0,152.5,-182.0,-91.0,62.6,95.7,-21.00,-10.50
,50333994,08/26/2020 21:47,08/26/2020 22:14,XAUUSD,Buy,2.000,1942.80000,1975.00000,1946.79000,1949.75000,0.0000,0.0000,296.0,592.00,3.33,"",0,00:00:27:09,60.0,16m,106.0,0.35,306.0,612.0,-106.0,-212.0,74.3,97.6,-10.00,-20.00
,50334195,08/26/2020 21:57,08/26/2020 22:14,XAUUSD,Buy,2.000,1944.39000,1975.00000,1946.30000,1949.77000,0.0000,0.0000,347.0,694.00,4.07,"",0,00:00:16:55,,,,,,,,,,,,
,50329598,08/26/2020 19:49,08/26/2020 21:06,XAUUSD,Buy,0.500,1939.40000,0.00000,1943.92000,1947.09000,0.0000,0.0000,317.0,158.50,0.94,"",0,00:01:16:45,93.8,1h 11m,533.0,0.10,572.0,286.0,-56.0,-28.0,91.1,59.4,-255.00,-127.50
,50330172,08/26/2020 20:00,08/26/2020 21:05,XAUUSD,Buy,0.500,1942.30000,0.00000,1944.38000,1947.02000,0.0000,0.0000,264.0,132.00,0.79,"",0,00:01:05:42,92.4,1h 0m,533.0,0.01,526.0,263.0,-7.0,-3.5,98.7,50.8,-262.00,-131.00
,50331458,08/26/2020 20:28,08/26/2020 20:58,XAUUSD,Buy,0.500,0.00000,1980.00000,1945.99000,1946.46000,0.0000,0.0000,47.0,23.50,0.14,"",0,00:00:29:44,100.0,29m,109.0,0.01,146.0,73.0,0.0,0.0,100.0,32.2,-99.00,-49.50
,50331545,08/26/2020 20:30,08/26/2020 20:58,XAUUSD,Buy,0.500,0.00000,1980.00000,1945.55000,1946.56000,0.0000,0.0000,101.0,50.50,0.30,"",0,00:00:28:01,100.0,28m,109.0,0.01,190.0,95.0,0.0,0.0,100.0,53.2,-89.00,-44.50
,50327262,08/26/2020 19:02,08/26/2020 19:29,XAUUSD,Buy,0.200,0.00000,0.00000,1941.20000,1944.56000,0.0000,0.0000,336.0,67.20,0.40,"",0,00:00:26:40,100.0,26m,106.0,0.00,400.0,80.0,0.0,0.0,100.0,84.0,-64.00,-12.80
,50327491,08/26/2020 19:09,08/26/2020 19:29,XAUUSD,Buy,0.200,0.00000,0.00000,1941.18000,1944.55000,0.0000,0.0000,337.0,67.40,0.41,"",0,00:00:19:41,,,,,,,,,,,,
,50322738,08/26/2020 17:49,08/26/2020 18:56,XAUUSD,Buy,0.500,0.00000,0.00000,1937.72000,1941.61000,0.0000,0.0000,389.0,194.50,1.19,"",0,00:01:07:21,100.0,1h 7m,514.0,0.00,774.0,387.0,0.0,0.0,100.0,50.3,-385.00,-192.50
,50311466,08/26/2020 15:57,08/26/2020 17:10,XAUUSD,Buy,3.000,1928.30000,0.00000,1910.41000,1928.28000,0.0000,0.0000,1787.0,5361.00,48.72,"[sl]",0,00:01:12:30,100.0,1h 12m,687.0,0.00,2474.0,7422.0,0.0,0.0,100.0,72.2,-687.00,-2061.00
,50313304,08/26/2020 16:18,08/26/2020 17:10,XAUUSD,Buy,1.500,1928.40000,0.00000,1916.66000,1928.30000,0.0000,0.0000,1164.0,1746.00,18.86,"[sl]",0,00:00:51:44,100.0,51m,685.0,0.00,1849.0,2773.5,0.0,0.0,100.0,63.0,-685.00,-1027.50
,50299231,08/26/2020 12:04,08/26/2020 17:06,XAUUSD,Buy,0.100,0.00000,0.00000,1923.60000,1931.34000,0.0000,0.0000,774.0,77.40,0.84,"",0,00:05:01:33,14.8,44m,1887.0,1.63,1155.0,115.5,-1887.0,-188.70000000000002,38.0,87.5,-381.00,-38.10
,50298246,08/26/2020 11:45,08/26/2020 17:06,XAUUSD,Buy,0.100,0.00000,0.00000,1922.53000,1931.09000,0.0000,0.0000,856.0,85.60,0.94,"",0,00:05:20:31,17.2,55m,1839.0,1.41,1262.0,126.2,-1780.0,-178.0,41.5,86.7,-406.00,-40.60
,50303641,08/26/2020 13:46,08/26/2020 17:05,XAUUSD,Buy,0.150,0.00000,0.00000,1920.41000,1931.24000,0.0000,0.0000,1083.0,162.45,1.82,"",0,00:03:19:20,22.5,44m,1568.0,1.06,1474.0,221.1,-1568.0,-235.2,48.5,87.1,-391.00,-58.65
,50307747,08/26/2020 15:17,08/26/2020 15:18,XAUUSD,Buy,1.500,1911.40000,0.00000,1914.09000,1911.35000,0.0000,0.0000,-274.0,-411.00,-4.40,"[sl]",0,00:00:01:35,,,,,,,,,,,,
,50307710,08/26/2020 15:16,08/26/2020 15:18,XAUUSD,Buy,1.500,1911.40000,0.00000,1913.74000,1911.35000,0.0000,0.0000,-239.0,-358.50,-3.69,"[sl]",0,00:00:02:06,,,,,,,,,,,,
,50293659,08/26/2020 10:32,08/26/2020 15:16,XAUUSD,Buy,0.500,1912.40000,0.00000,1917.86000,1912.07000,0.0000,0.0000,-579.0,-289.50,-2.90,"[sl]",0,00:04:43:28,70.2,3h 18m,1307.0,1.49,526.0,263.0,-781.0,-390.5,40.2,15.5,-1105.00,-552.50
,50292361,08/26/2020 10:17,08/26/2020 15:15,XAUUSD,Buy,0.200,1912.90000,0.00000,1916.73000,1912.92000,0.0000,0.0000,-381.0,-76.20,-0.76,"[sl]",0,00:04:58:21,86.7,4h 18m,1307.0,1.05,639.0,127.80000000000001,-668.0,-133.6,48.9,22.0,-1020.00,-204.00
,50287287,08/26/2020 08:57,,,Withdrawal,0.010,0.00000,0.00000,0.00000,0.00000,0.0000,0.0000,0.0,-1900.00,0,"Transfer to 5059071 #8882075",0,00:00:00:00,,,,,,,,,,,,
,50187859,08/24/2020 16:14,08/25/2020 21:32,XAUUSD,Buy,0.050,0.00000,1925.00000,1946.05000,1925.00000,0.0000,-0.5800,-2105.0,-105.83,-0.88,"[tp]",0,01:05:18:31,0.0,0s,3049.0,3333.33,0.0,0.0,-3049.0,-152.45000000000002,0.0,31.0,-2105.00,-105.25
,50185744,08/24/2020 15:43,08/25/2020 21:32,XAUUSD,Buy,0.050,0.00000,1924.50000,1948.80000,1924.52000,0.0000,-0.5800,-2428.0,-121.98,-1.00,"[tp]",0,01:05:48:57,0.0,0s,3324.0,3333.33,0.0,0.0,-3324.0,-166.20000000000002,0.0,27.0,-2428.00,-121.40
,50271487,08/25/2020 19:51,08/25/2020 21:23,XAUUSD,Buy,0.500,1913.90000,1924.00000,1917.44000,1924.04000,0.0000,0.0000,660.0,330.00,2.78,"[tp]",0,00:01:31:41,77.8,1h 11m,120.0,0.07,660.0,330.0,-49.0,-24.5,93.1,100.0,0.00,0.00
,50189584,08/24/2020 16:38,08/25/2020 21:23,XAUUSD,Buy,0.050,0.00000,1924.00000,1943.40000,1924.04000,0.0000,-0.5800,-1936.0,-97.38,-0.81,"[tp]",0,01:04:45:02,0.9,15m,3047.0,10.59,263.0,13.15,-2784.0,-139.20000000000002,8.6,27.8,-2199.00,-109.95
,50269951,08/25/2020 19:10,08/25/2020 21:00,XAUUSD,Buy,0.150,0.00000,0.00000,1920.15000,1920.92000,0.0000,0.0000,77.0,11.55,0.10,"",0,00:01:49:21,13.7,14m,445.0,3.48,128.0,19.2,-445.0,-66.75,22.3,91.1,-51.00,-7.65
,50270560,08/25/2020 19:28,08/25/2020 20:57,XAUUSD,Buy,0.500,1913.48000,0.00000,1917.37000,1919.79000,0.0000,0.0000,242.0,121.00,1.02,"",0,00:01:29:31,55.6,49m,274.0,0.41,406.0,203.0,-167.0,-83.5,70.9,71.4,-164.00,-82.00
,50268005,08/25/2020 18:32,08/25/2020 20:50,XAUUSD,Buy,0.500,1913.48000,0.00000,1917.25000,1919.39000,0.0000,0.0000,214.0,107.00,0.91,"",0,00:02:18:11,60.8,1h 24m,580.0,0.40,425.0,212.5,-169.0,-84.5,71.5,64.5,-211.00,-105.50
,50270032,08/25/2020 19:13,08/25/2020 20:50,XAUUSD,Buy,0.150,0.00000,0.00000,1918.60000,1919.26000,0.0000,0.0000,66.0,9.90,0.08,"",0,00:01:37:32,20.0,19m,290.0,4.40,66.0,9.9,-290.0,-43.5,18.5,100.0,0.00,0.00
,50271337,08/25/2020 19:48,08/25/2020 20:40,XAUUSD,Buy,1.000,1912.90000,0.00000,1915.98000,1918.21000,0.0000,0.0000,223.0,223.00,1.94,"",0,00:00:52:34,100.0,52m,90.0,0.00,270.0,270.0,0.0,0.0,100.0,82.6,-47.00,-47.00
,50267743,08/25/2020 18:29,08/25/2020 20:27,XAUUSD,Buy,0.500,1912.90000,0.00000,1917.21000,1917.54000,0.0000,0.0000,33.0,16.50,0.14,"",0,00:01:58:04,54.2,1h 3m,580.0,0.54,429.0,214.5,-233.0,-116.5,64.8,40.2,-396.00,-198.00
,50270969,08/25/2020 19:38,08/25/2020 19:47,XAUUSD,Buy,0.200,1914.70000,0.00000,1916.87000,1914.48000,0.0000,0.0000,-239.0,-47.80,-0.41,"[sl]",0,00:00:08:53,,,,,,,,,,,,
,50270587,08/25/2020 19:29,08/25/2020 19:47,XAUUSD,Buy,0.200,1915.48000,0.00000,1918.13000,1915.42000,0.0000,0.0000,-271.0,-54.20,-0.47,"[sl]",0,00:00:18:26,,,,,,,,,,,,
,50269905,08/25/2020 19:10,08/25/2020 19:47,XAUUSD,Buy,0.150,1915.48000,0.00000,1920.56000,1915.42000,0.0000,0.0000,-514.0,-77.10,-0.66,"[sl]",0,00:00:37:26,0.0,0s,514.0,526.32,0.0,0.0,-514.0,-77.1,0.0,0.0,-514.00,-77.10
,50267467,08/25/2020 18:24,08/25/2020 19:05,XAUUSD,Buy,0.500,1913.90000,0.00000,1916.83000,1921.35000,0.0000,0.0000,452.0,226.00,1.98,"",0,00:00:40:47,77.8,31m,333.0,0.42,467.0,233.5,-195.0,-97.5,70.5,97.7,-15.00,-7.50
,50267672,08/25/2020 18:28,08/25/2020 18:58,XAUUSD,Buy,0.500,1913.90000,0.00000,1916.57000,1918.82000,0.0000,0.0000,225.0,112.50,0.99,"",0,00:00:30:43,66.7,20m,169.0,0.60,284.0,142.0,-169.0,-84.5,62.7,87.0,-59.00,-29.50
,50262829,08/25/2020 17:18,08/25/2020 18:27,XAUUSD,Buy,0.300,1914.80000,0.00000,1918.38000,1914.79000,0.0000,0.0000,-359.0,-107.70,-0.94,"[sl]",0,00:01:08:52,64.3,44m,836.0,0.75,477.0,143.1,-359.0,-107.7,57.1,0.0,-836.00,-250.80
,50265470,08/25/2020 17:55,08/25/2020 18:27,XAUUSD,Buy,0.050,1914.80000,0.00000,1918.49000,1914.80000,0.0000,0.0000,-369.0,-18.45,-0.16,"[sl]",0,00:00:32:12,50.0,16m,582.0,1.73,213.0,10.65,-369.0,-18.45,36.6,0.0,-582.00,-29.10
,50265464,08/25/2020 17:55,08/25/2020 18:27,XAUUSD,Buy,0.050,1914.80000,0.00000,1918.69000,1914.80000,0.0000,0.0000,-389.0,-19.45,-0.17,"[sl]",0,00:00:32:15,33.4,10m,582.0,2.02,193.0,9.65,-389.0,-19.450000000000003,33.2,0.0,-582.00,-29.10
,50265565,08/25/2020 17:57,08/25/2020 18:27,XAUUSD,Buy,0.200,1914.90000,0.00000,1919.78000,1914.93000,0.0000,0.0000,-485.0,-97.00,-0.84,"[sl]",0,00:00:30:02,16.7,5m,569.0,5.78,84.0,16.8,-485.0,-97.0,14.8,0.0,-569.00,-113.80
,50266833,08/25/2020 18:13,08/25/2020 18:23,XAUUSD,Buy,0.200,1916.40000,0.00000,1919.86000,1916.43000,0.0000,0.0000,-343.0,-68.60,-0.59,"[sl]",0,00:00:10:08,,,,,,,,,,,,
,50266516,08/25/2020 18:06,08/25/2020 18:23,XAUUSD,Buy,0.200,1916.40000,0.00000,1920.32000,1916.43000,0.0000,0.0000,-389.0,-77.80,-0.66,"[sl]",0,00:00:16:58,,,,,,,,,,,,
,50265354,08/25/2020 17:54,08/25/2020 18:04,XAUUSD,Buy,0.050,1914.80000,0.00000,1918.27000,1918.43000,0.0000,0.0000,16.0,0.80,0.01,"",0,00:00:10:23,,,,,,,,,,,,
,50265338,08/25/2020 17:54,08/25/2020 18:04,XAUUSD,Buy,0.050,1914.80000,0.00000,1917.96000,1918.75000,0.0000,0.0000,79.0,3.95,0.03,"",0,00:00:10:27,,,,,,,,,,,,
,50244056,08/25/2020 13:23,08/25/2020 17:18,XAUUSD,Sell,0.050,0.00000,0.00000,1925.95000,1918.14000,0.0000,0.0000,781.0,39.05,0.33,"",0,00:03:55:30,57.5,2h 15m,840.0,0.44,1018.0,50.900000000000006,-452.0,-22.6,69.3,83.9,-237.00,-11.85
,50223701,08/25/2020 08:25,08/25/2020 17:18,XAUUSD,Sell,0.050,0.00000,0.00000,1932.58000,1917.98000,0.0000,0.0000,1460.0,73.00,0.63,"",0,00:08:53:31,86.8,7h 43m,840.0,0.19,1681.0,84.05000000000001,-316.0,-15.8,84.2,88.9,-221.00,-11.05
,50222822,08/25/2020 08:06,08/25/2020 17:18,XAUUSD,Sell,0.050,0.00000,0.00000,1933.32000,1917.70000,0.0000,0.0000,1562.0,78.10,0.68,"",0,00:09:12:20,92.8,8h 32m,840.0,0.14,1755.0,87.75,-242.0,-12.100000000000001,87.9,90.3,-193.00,-9.65
,50241005,08/25/2020 12:40,08/25/2020 17:18,XAUUSD,Sell,0.100,0.00000,0.00000,1923.54000,1918.14000,0.0000,0.0000,540.0,54.00,0.47,"",0,00:04:38:37,21.9,1h 1m,840.0,0.89,777.0,77.7,-693.0,-69.3,52.9,83.9,-237.00,-23.70
,50240974,08/25/2020 12:30,08/25/2020 17:16,XAUUSD,Sell,0.100,0.00000,0.00000,1925.72000,1920.95000,0.0000,0.0000,477.0,47.70,0.42,"",0,00:04:45:28,57.9,2h 45m,840.0,0.48,995.0,99.5,-475.0,-47.5,67.7,64.8,-518.00,-51.80
,50241929,08/25/2020 15:10,08/25/2020 17:04,XAUUSD,Sell,0.100,0.00000,0.00000,1920.06000,1918.37000,0.0000,0.0000,169.0,16.90,0.15,"",0,00:01:53:20,9.1,10m,1041.0,2.43,429.0,42.900000000000006,-1041.0,-104.10000000000001,29.2,82.3,-260.00,-26.00
,50255361,08/25/2020 16:04,08/25/2020 17:04,XAUUSD,Sell,0.300,1936.20000,0.00000,1929.93000,1918.73000,0.0000,0.0000,1120.0,336.00,3.04,"",0,00:01:00:02,91.7,55m,296.0,0.04,1416.0,424.8,-54.0,-16.2,96.3,79.9,-296.00,-88.80
,50253180,08/25/2020 15:33,08/25/2020 16:01,XAUUSD,Sell,0.150,1929.20000,0.00000,1924.00000,1928.92000,0.0000,0.0000,-492.0,-73.80,-0.66,"[sl]",0,00:00:27:27,0.0,0s,591.0,625.00,0.0,0.0,-591.0,-88.64999999999999,0.0,16.8,-492.00,-73.80
,50252479,08/25/2020 15:23,08/25/2020 16:01,XAUUSD,Sell,0.150,1929.20000,0.00000,1922.29000,1928.92000,0.0000,0.0000,-663.0,-99.45,-0.89,"[sl]",0,00:00:38:24,0.0,0s,762.0,769.23,0.0,0.0,-762.0,-114.3,0.0,13.0,-663.00,-99.45
,50221901,08/25/2020 07:40,08/25/2020 12:26,XAUUSD,Sell,0.050,0.00000,0.00000,1935.44000,1927.55000,0.0000,0.0000,789.0,39.45,0.35,"",0,00:04:45:27,98.3,4h 40m,619.0,0.03,994.0,49.7,-30.0,-1.5,97.1,80.0,-205.00,-10.25
,50218983,08/25/2020 05:21,08/25/2020 12:25,XAUUSD,Sell,0.150,0.00000,0.00000,1934.79000,1927.65000,0.0000,0.0000,714.0,107.10,0.97,"",0,00:07:04:59,69.5,4h 55m,619.0,0.24,929.0,139.35,-226.0,-33.9,80.4,81.4,-215.00,-32.25
,50213028,08/24/2020 22:34,08/25/2020 05:20,XAUUSD,Buy,0.050,0.00000,0.00000,1927.80000,1934.84000,0.0000,-0.5800,704.0,34.62,0.31,"",0,00:06:46:12,80.5,5h 26m,429.0,0.42,764.0,38.2,-324.0,-16.2,70.2,94.5,-60.00,-3.00
,50211063,08/24/2020 21:29,08/25/2020 05:20,XAUUSD,Buy,0.050,0.00000,0.00000,1929.32000,1934.81000,0.0000,-0.5800,549.0,26.87,0.24,"",0,00:07:50:49,35.8,2h 48m,529.0,0.86,612.0,30.6,-529.0,-26.450000000000003,53.6,94.5,-63.00,-3.15
,50211045,08/24/2020 21:28,08/25/2020 05:20,XAUUSD,Buy,0.150,0.00000,0.00000,1929.63000,1934.80000,0.0000,-1.7400,517.0,75.81,0.69,"",0,00:07:52:04,32.7,2h 34m,560.0,0.96,581.0,87.14999999999999,-560.0,-84.0,50.9,94.4,-64.00,-9.60
,50209139,08/24/2020 20:14,08/24/2020 21:17,XAUUSD,Sell,0.030,0.00000,0.00000,1932.71000,1930.62000,0.0000,0.0000,209.0,6.27,0.06,"",0,00:01:03:21,100.0,1h 3m,167.0,0.00,370.0,11.1,0.0,0.0,100.0,56.5,-161.00,-4.83
,50209149,08/24/2020 20:14,08/24/2020 21:17,XAUUSD,Sell,0.050,0.00000,0.00000,1932.79000,1930.51000,0.0000,0.0000,228.0,11.40,0.10,"",0,00:01:03:03,100.0,1h 3m,167.0,0.00,378.0,18.900000000000002,0.0,0.0,100.0,60.3,-150.00,-7.50
,50209204,08/24/2020 20:15,08/24/2020 21:14,XAUUSD,Sell,0.050,0.00000,0.00000,1933.00000,1930.98000,0.0000,0.0000,202.0,10.10,0.09,"",0,00:00:58:58,100.0,58m,252.0,0.00,454.0,22.700000000000003,0.0,0.0,100.0,44.5,-252.00,-12.60
,50209034,08/24/2020 20:09,08/24/2020 21:14,XAUUSD,Sell,0.030,0.00000,0.00000,1932.84000,1931.05000,0.0000,0.0000,179.0,5.37,0.05,"",0,00:01:05:08,100.0,1h 5m,204.0,0.00,383.0,11.49,0.0,0.0,100.0,46.7,-204.00,-6.12
,50208973,08/24/2020 20:07,08/24/2020 21:14,XAUUSD,Sell,0.080,0.00000,0.00000,1932.80000,1931.10000,0.0000,0.0000,170.0,13.60,0.12,"",0,00:01:07:39,100.0,1h 7m,209.0,0.00,379.0,30.32,0.0,0.0,100.0,44.9,-209.00,-16.72
,50208862,08/24/2020 19:08,08/24/2020 20:05,XAUUSD,Buy,0.500,1923.40000,0.00000,1931.86000,1932.96000,0.0000,0.0000,110.0,55.00,0.51,"from #50206904",0,00:00:57:11,,,,,,,,,,,,
,50206904,08/24/2020 19:08,08/24/2020 20:02,XAUUSD,Buy,0.500,1923.40000,0.00000,1931.86000,1932.65000,0.0000,0.0000,79.0,39.50,0.37,"to #50208862",0,00:00:54:24,,,,,,,,,,,,
,50207878,08/24/2020 19:36,08/24/2020 19:58,XAUUSD,Buy,0.500,1921.40000,0.00000,1931.29000,1931.37000,0.0000,0.0000,8.0,4.00,0.04,"",0,00:00:22:23,,,,,,,,,,,,
,50160911,08/24/2020 09:58,08/24/2020 15:07,XAUUSD,Buy,0.200,0.00000,0.00000,1935.27000,1956.62000,0.0000,0.0000,2135.0,427.00,4.12,"",0,00:05:09:17,100.0,5h 9m,264.0,0.00,2348.0,469.6,0.0,0.0,100.0,90.9,-213.00,-42.60
,50159654,08/24/2020 09:29,08/24/2020 11:35,XAUUSD,Buy,0.050,0.00000,0.00000,1935.50000,1946.37000,0.0000,0.0000,1087.0,54.35,0.53,"",0,00:02:06:13,88.9,1h 52m,173.0,0.05,1260.0,63.0,-67.0,-3.35,95.0,87.0,-173.00,-8.65
,50157614,08/24/2020 08:32,08/24/2020 09:47,XAUUSD,Buy,0.150,0.00000,0.00000,1935.00000,1935.45000,0.0000,0.0000,45.0,6.75,0.07,"",0,00:01:14:55,60.0,44m,98.0,0.73,81.0,12.15,-59.0,-8.85,57.9,74.3,-36.00,-5.40
,50098068,08/21/2020 10:23,08/21/2020 18:03,XAUUSD,Buy,0.200,1941.67000,0.00000,1939.06000,1941.61000,0.0000,0.0000,255.0,51.00,0.50,"[sl]",0,00:07:39:49,13.0,59m,2511.0,4.11,561.0,112.2,-2303.0,-460.6,19.6,89.3,-306.00,-61.20
,50114989,08/21/2020 13:59,08/21/2020 18:02,XAUUSD,Buy,0.200,1942.40000,0.00000,1935.22000,1942.29000,0.0000,0.0000,707.0,141.40,1.40,"[sl]",0,00:04:03:28,41.2,1h 40m,1919.0,2.03,945.0,189.0,-1919.0,-383.8,33.0,91.7,-238.00,-47.60
,49994379,08/19/2020 17:50,08/20/2020 21:33,EURUSD,Buy,0.050,0.00000,0.00000,1.19091,1.18552,0.0000,-0.9300,-53.9,-27.88,-0.27,"",0,01:03:42:19,0.0,0s,102.1,103.09,0.0,0.0,-102.1,-51.05,0.0,47.2,-53.90,-26.95
,49994360,08/19/2020 17:50,08/20/2020 21:33,EURUSD,Buy,0.050,0.00000,0.00000,1.19086,1.18557,0.0000,-0.9300,-52.9,-27.38,-0.27,"",0,01:03:42:31,0.0,0s,101.6,102.04,0.0,0.0,-101.6,-50.8,0.0,47.9,-52.90,-26.45
,49995590,08/19/2020 18:00,08/20/2020 21:33,EURUSD,Buy,0.150,0.00000,0.00000,1.19048,1.18557,0.0000,-2.7900,-49.1,-76.44,-0.75,"",0,01:03:32:34,1.0,16m,99.6,54.35,1.8,2.7,-97.8,-146.7,1.8,48.9,-50.90,-76.35
,50013463,08/19/2020 22:27,08/20/2020 21:33,EURUSD,Buy,0.200,0.00000,0.00000,1.18523,1.18556,0.0000,-3.7200,3.3,2.88,0.03,"",0,00:23:05:38,16.2,3h 44m,59.1,3.28,13.8,27.6,-45.3,-90.6,23.4,82.2,-10.50,-21.00
,49994467,08/19/2020 17:52,08/20/2020 21:32,EURUSD,Buy,0.050,0.00000,0.00000,1.19053,1.18558,0.0000,-0.9300,-49.5,-25.68,-0.25,"",0,01:03:40:49,1.0,16m,99.6,75.76,1.3,0.65,-98.3,-49.15,1.3,49.0,-50.80,-25.40
,50003581,08/19/2020 20:07,08/20/2020 21:32,EURUSD,Buy,0.150,0.00000,0.00000,1.18769,1.18557,0.0000,-2.7900,-21.2,-34.59,-0.34,"",0,01:01:25:40,2.0,30m,75.2,13.19,5.3,7.949999999999999,-69.9,-104.85000000000001,7.0,64.8,-26.50,-39.75
,50079343,08/20/2020 21:14,08/20/2020 21:32,XAUUSD,Buy,0.150,0.00000,0.00000,1940.95000,1945.04000,0.0000,0.0000,409.0,61.35,0.60,"",0,00:00:18:49,,,,,,,,,,,,
,50000576,08/19/2020 19:14,08/20/2020 18:59,EURUSD,Buy,0.190,0.00000,0.00000,1.18857,1.18583,0.0000,-3.5300,-27.4,-55.59,-0.54,"",0,00:23:45:49,0.0,0s,78.7,78.74,0.0,0.0,-78.7,-149.53,0.0,65.2,-27.40,-52.06
,49995959,08/19/2020 18:04,08/20/2020 18:59,EURUSD,Buy,0.150,0.00000,0.00000,1.18935,1.18584,0.0000,-2.7900,-35.1,-55.44,-0.54,"",0,01:00:55:20,2.1,31m,99.6,6.61,13.1,19.65,-86.5,-129.75,13.2,51.6,-48.20,-72.30
,49994652,08/19/2020 17:54,08/20/2020 18:59,EURUSD,Buy,0.150,0.00000,0.00000,1.19058,1.18590,0.0000,-2.7900,-46.8,-72.99,-0.70,"",0,01:01:05:27,1.0,15m,99.6,125.00,0.8,1.2000000000000002,-98.8,-148.2,0.8,52.2,-47.60,-71.40
,50054847,08/20/2020 15:05,08/20/2020 18:58,EURUSD,Buy,0.150,0.00000,0.00000,1.18491,1.18583,0.0000,0.0000,9.2,13.80,0.13,"",0,00:03:53:28,26.7,1h 2m,43.6,4.01,10.5,15.75,-42.1,-63.150000000000006,20.0,97.5,-1.30,-1.95
,50071222,08/20/2020 18:11,08/20/2020 18:43,EURUSD,Buy,0.500,0.00000,0.00000,1.18448,1.18578,0.0000,0.0000,13.0,65.00,0.63,"",0,00:00:31:30,,,,,,,,,,,,
,50003829,08/19/2020 20:14,08/20/2020 17:45,EURUSD,Buy,0.500,0.00000,0.00000,1.18721,1.18320,0.0000,-9.3000,-40.1,-209.80,-1.99,"",0,00:21:30:52,2.3,29m,75.2,6.45,10.1,50.5,-65.1,-325.5,13.4,33.2,-50.20,-251.00
,50045936,08/20/2020 12:26,08/20/2020 17:45,EURUSD,Buy,0.500,0.00000,0.00000,1.18277,1.18319,0.0000,0.0000,4.2,21.00,0.20,"",0,00:05:18:10,86.4,4h 34m,43.6,0.90,22.9,114.5,-20.7,-103.5,52.5,57.1,-18.70,-93.50
,50059652,08/20/2020 16:04,08/20/2020 17:44,EURUSD,Buy,0.500,0.00000,0.00000,1.18256,1.18330,0.0000,0.0000,7.4,37.00,0.35,"",0,00:01:39:58,83.4,1h 23m,5.9,0.75,7.9,39.5,-5.9,-29.5,57.2,96.4,-0.50,-2.50
,50061444,08/20/2020 16:17,08/20/2020 16:59,EURUSD,Buy,1.500,1.17890,0.00000,1.18072,1.18319,0.0000,0.0000,24.7,370.50,3.66,"",0,00:00:41:36,,,,,,,,,,,,
,50011033,08/19/2020 21:44,08/20/2020 14:44,EURUSD,Buy,0.500,0.00000,0.00000,1.18489,1.18460,0.0000,-9.3000,-2.9,-23.80,-0.23,"",0,00:17:00:23,20.6,3h 30m,51.8,2.01,17.2,86.0,-34.6,-173.0,33.2,61.2,-20.10,-100.50
,50046469,08/20/2020 12:34,08/20/2020 14:44,EURUSD,Buy,0.500,0.00000,0.00000,1.18247,1.18462,0.0000,0.0000,21.5,107.50,1.07,"",0,00:02:10:03,100.0,2h 10m,5.0,0.05,22.1,110.5,0.0,0.0,100.0,97.3,-0.60,-3.00
,50041507,08/20/2020 11:30,08/20/2020 12:12,EURUSD,Buy,1.500,0.00000,0.00000,1.18154,1.18394,0.0000,0.0000,24.0,360.00,3.72,"",0,00:00:41:23,,,,,,,,,,,,
,50000521,08/19/2020 19:12,08/20/2020 10:35,EURUSD,Buy,0.190,0.00000,0.00000,1.18885,1.18638,0.0000,-3.5300,-24.7,-50.46,-0.52,"",0,00:15:22:28,0.0,0s,58.1,58.14,0.0,0.0,-58.1,-110.39,0.0,57.5,-24.70,-46.93
,49996250,08/19/2020 18:08,08/20/2020 10:35,EURUSD,Buy,0.150,0.00000,0.00000,1.18972,1.18638,0.0000,-2.7900,-33.4,-52.89,-0.54,"",0,00:16:27:08,3.1,30m,76.2,7.11,9.4,14.100000000000001,-66.8,-100.19999999999999,12.3,43.8,-42.80,-64.20
,50014142,08/19/2020 22:43,08/20/2020 10:35,EURUSD,Buy,0.300,0.00000,0.00000,1.18500,1.18635,0.0000,-5.5800,13.5,34.92,0.36,"",0,00:11:51:18,14.6,1h 43m,17.9,1.01,16.1,48.300000000000004,-16.2,-48.599999999999994,49.8,92.0,-2.60,-7.80
,50008736,08/19/2020 21:15,08/20/2020 10:13,EURUSD,Buy,2.000,0.00000,0.00000,1.18360,1.18542,0.0000,-37.2000,18.2,326.80,3.47,"from #50008695",0,00:12:58:42,92.2,11h 57m,24.3,0.10,22.1,442.0,-2.2,-44.0,90.9,84.0,-3.90,-78.00
,50012562,08/19/2020 22:03,08/20/2020 10:09,EURUSD,Buy,0.300,0.00000,0.00000,1.18530,1.18551,0.0000,-5.5800,2.1,0.72,0.01,"",0,00:12:05:50,4.2,30m,19.2,8.73,2.2,6.6000000000000005,-19.2,-57.599999999999994,10.3,99.5,-0.10,-0.30
,50027092,08/20/2020 08:38,08/20/2020 10:08,EURUSD,Buy,0.500,0.00000,0.00000,1.18388,1.18545,0.0000,0.0000,15.7,78.50,0.84,"",0,00:01:30:00,83.4,1h 15m,5.5,0.24,16.4,82.0,-3.9,-19.5,80.8,96.6,-0.70,-3.50
,50027455,08/20/2020 08:44,08/20/2020 10:08,EURUSD,Buy,0.500,0.00000,0.00000,1.18376,1.18543,0.0000,0.0000,16.7,83.50,0.90,"",0,00:01:23:58,83.4,1h 10m,5.5,0.15,17.6,88.0,-2.7,-13.5,86.7,95.6,-0.90,-4.50
,50014616,08/19/2020 22:51,08/20/2020 06:23,EURUSD,Buy,1.000,0.00000,0.00000,1.18421,1.18497,0.0000,-18.6000,7.6,57.40,0.62,"",0,00:07:32:28,60.0,4h 31m,17.9,0.86,9.7,97.0,-8.3,-83.0,53.9,88.3,-2.10,-21.00
,50014273,08/19/2020 22:46,08/20/2020 06:19,XAUUSD,Buy,0.100,0.00000,0.00000,1942.92000,1948.72000,0.0000,-3.4800,580.0,54.52,0.60,"",0,00:07:33:23,13.4,1h 0m,1528.0,1.81,842.0,84.2,-1528.0,-152.8,35.5,88.9,-262.00,-26.20
,50016018,08/19/2020 23:22,08/20/2020 04:51,XAUUSD,Buy,0.100,0.00000,0.00000,1930.29000,1939.77000,0.0000,-3.4800,948.0,91.32,1.01,"",0,00:05:29:06,68.2,3h 44m,1183.0,0.21,1254.0,125.4,-265.0,-26.5,82.6,79.9,-306.00,-30.60
,50016017,08/19/2020 23:22,08/20/2020 04:46,XAUUSD,Buy,0.100,0.00000,0.00000,1929.87000,1940.07000,0.0000,-3.4800,1020.0,98.52,1.10,"",0,00:05:23:58,68.2,3h 40m,1183.0,0.17,1296.0,129.6,-223.0,-22.3,85.3,81.8,-276.00,-27.60
,50016138,08/19/2020 23:26,08/20/2020 04:46,XAUUSD,Buy,0.100,0.00000,0.00000,1928.66000,1940.53000,0.0000,-3.4800,1187.0,115.22,1.30,"",0,00:05:19:38,95.5,5h 5m,1183.0,0.07,1417.0,141.70000000000002,-102.0,-10.200000000000001,93.3,84.9,-230.00,-23.00
,50015751,08/19/2020 23:16,08/20/2020 04:46,XAUUSD,Buy,0.100,0.00000,0.00000,1937.39000,1940.67000,0.0000,-3.4800,328.0,29.32,0.33,"",0,00:05:29:26,31.9,1h 45m,1183.0,1.79,544.0,54.400000000000006,-975.0,-97.5,35.8,85.8,-216.00,-21.60
,50014645,08/19/2020 22:51,08/20/2020 04:46,XAUUSD,Buy,0.100,0.00000,0.00000,1939.18000,1940.51000,0.0000,-3.4800,133.0,9.82,0.11,"",0,00:05:54:02,20.9,1h 13m,1183.0,3.16,365.0,36.5,-1154.0,-115.4,24.0,84.7,-232.00,-23.20
,50014136,08/19/2020 22:43,08/19/2020 22:44,XAUUSD,Buy,0.300,0.00000,0.00000,1942.16000,1942.35000,0.0000,0.0000,19.0,5.70,0.06,"",0,00:00:00:21,,,,,,,,,,,,
,50006506,08/19/2020 21:07,08/19/2020 22:15,EURUSD,Buy,1.000,0.00000,0.00000,1.18563,1.18569,0.0000,0.0000,0.6,6.00,0.07,"",0,00:01:07:41,40.0,27m,6.9,3.83,1.8,18.0,-6.9,-69.0,20.7,86.2,-1.20,-12.00
,50010969,08/19/2020 21:43,08/19/2020 21:56,XAUUSD,Buy,0.100,0.00000,0.00000,1936.60000,1944.48000,0.0000,0.0000,788.0,78.80,0.90,"",0,00:00:13:16,,,,,,,,,,,,
,50010502,08/19/2020 21:36,08/19/2020 21:56,XAUUSD,Buy,0.100,0.00000,0.00000,1939.01000,1944.79000,0.0000,0.0000,578.0,57.80,0.67,"",0,00:00:19:29,,,,,,,,,,,,
,50007682,08/19/2020 21:13,08/19/2020 21:56,XAUUSD,Buy,0.200,0.00000,0.00000,1954.85000,1944.53000,0.0000,0.0000,-1032.0,-206.40,-2.33,"",0,00:00:43:12,,,,,,,,,,,,
,50009279,08/19/2020 21:22,08/19/2020 21:56,XAUUSD,Buy,0.200,0.00000,0.00000,1937.21000,1944.55000,0.0000,0.0000,734.0,146.80,1.68,"",0,00:00:34:09,,,,,,,,,,,,
,50008847,08/19/2020 21:18,08/19/2020 21:33,XAUUSD,Buy,0.200,0.00000,0.00000,1943.13000,1943.44000,0.0000,0.0000,31.0,6.20,0.07,"",0,00:00:15:46,,,,,,,,,,,,
,50007106,08/19/2020 21:09,08/19/2020 21:24,EURUSD,Buy,1.000,0.00000,0.00000,1.18487,1.18518,0.0000,0.0000,3.1,31.00,0.36,"",0,00:00:14:55,,,,,,,,,,,,
,50008695,08/19/2020 21:15,08/19/2020 21:17,EURUSD,Buy,2.000,0.00000,0.00000,1.18360,1.18377,0.0000,0.0000,1.7,34.00,0.39,"to #50008736",0,00:00:02:24,,,,,,,,,,,,
,50008668,08/19/2020 21:15,08/19/2020 21:17,EURUSD,Buy,3.000,0.00000,0.00000,1.18360,1.18427,0.0000,0.0000,6.7,201.00,2.38,"to #50008695",0,00:00:02:09,,,,,,,,,,,,
,50008651,08/19/2020 21:15,08/19/2020 21:17,EURUSD,Buy,3.000,0.00000,0.00000,1.18360,1.18390,0.0000,0.0000,3.0,90.00,1.08,"to #50008668",0,00:00:02:00,,,,,,,,,,,,
,50008636,08/19/2020 21:15,08/19/2020 21:16,EURUSD,Buy,3.000,0.00000,0.00000,1.18360,1.18388,0.0000,0.0000,2.8,84.00,1.01,"to #50008651",0,00:00:01:55,,,,,,,,,,,,
,50008209,08/19/2020 21:15,08/19/2020 21:16,EURUSD,Buy,2.000,0.00000,0.00000,1.18360,1.18374,0.0000,0.0000,1.4,28.00,0.34,"to #50008636",0,00:00:01:49,,,,,,,,,,,,
,50001233,08/19/2020 19:19,08/19/2020 21:07,EURUSD,Buy,0.500,1.18580,0.00000,1.18739,1.18560,0.0000,0.0000,-17.9,-89.50,-1.07,"[sl]",0,00:01:47:05,57.2,1h 1m,51.8,5.24,8.3,41.5,-43.5,-217.5,16.0,49.4,-26.20,-131.00
,50005484,08/19/2020 20:41,08/19/2020 21:04,EURUSD,Buy,0.150,0.00000,0.00000,1.18771,1.18888,0.0000,0.0000,11.7,17.55,0.21,"from #50005019",0,00:00:22:28,,,,,,,,,,,,
,50005564,08/19/2020 20:15,08/19/2020 21:04,EURUSD,Buy,0.250,0.00000,0.00000,1.18730,1.18900,0.0000,0.0000,17.0,42.50,0.51,"from #50005033",0,00:00:48:51,,,,,,,,,,,,
,50005578,08/19/2020 19:19,08/19/2020 21:02,EURUSD,Buy,0.150,1.18540,0.00000,1.18724,1.18851,0.0000,0.0000,12.7,19.05,0.23,"from #50005572",0,00:01:42:56,71.5,1h 13m,51.8,3.31,12.7,19.049999999999997,-42.0,-63.0,23.2,100.0,0.00,0.00
,50005572,08/19/2020 19:19,08/19/2020 21:02,EURUSD,Buy,0.050,1.18540,0.00000,1.18724,1.18852,0.0000,0.0000,12.8,6.40,0.08,"to #50005578",0,00:01:42:51,71.5,1h 13m,51.8,3.28,12.8,6.4,-42.0,-21.0,23.4,100.0,0.00,0.00
,50005489,08/19/2020 19:19,08/19/2020 21:02,EURUSD,Buy,0.100,1.18540,0.00000,1.18724,1.18854,0.0000,0.0000,13.0,13.00,0.16,"to #50005572",0,00:01:42:45,71.5,1h 13m,51.8,3.23,13.0,13.0,-42.0,-42.0,23.6,100.0,0.00,0.00
,50005033,08/19/2020 20:15,08/19/2020 21:02,EURUSD,Buy,0.100,0.00000,0.00000,1.18730,1.18849,0.0000,0.0000,11.9,11.90,0.14,"to #50005564",0,00:00:46:43,,,,,,,,,,,,
,50001112,08/19/2020 19:19,08/19/2020 21:00,EURUSD,Buy,0.200,1.18540,0.00000,1.18724,1.18802,0.0000,0.0000,7.8,15.60,0.19,"to #50005489",0,00:01:41:24,71.5,1h 12m,51.8,4.29,9.8,19.6,-42.0,-84.0,18.9,96.1,-2.00,-4.00
,50005019,08/19/2020 20:41,08/19/2020 21:00,EURUSD,Buy,0.100,0.00000,0.00000,1.18771,1.18802,0.0000,0.0000,3.1,3.10,0.04,"to #50005484",0,00:00:18:48,,,,,,,,,,,,
,50003999,08/19/2020 20:15,08/19/2020 20:51,EURUSD,Buy,0.150,0.00000,0.00000,1.18730,1.18792,0.0000,0.0000,6.2,9.30,0.11,"to #50005033",0,00:00:36:19,,,,,,,,,,,,
,50005013,08/19/2020 20:41,08/19/2020 20:51,EURUSD,Buy,0.150,0.00000,0.00000,1.18771,1.18793,0.0000,0.0000,2.2,3.30,0.04,"to #50005019",0,00:00:09:25,,,,,,,,,,,,
,50004744,08/19/2020 20:41,08/19/2020 20:51,EURUSD,Buy,0.100,0.00000,0.00000,1.18771,1.18792,0.0000,0.0000,2.1,2.10,0.03,"to #50005013",0,00:00:09:19,,,,,,,,,,,,
,50003533,08/19/2020 20:05,08/19/2020 20:36,XAUUSD,Buy,0.200,1949.80000,0.00000,1961.90000,1965.25000,0.0000,0.0000,335.0,67.00,0.82,"",0,00:00:31:16,,,,,,,,,,,,
,50000828,08/19/2020 19:18,08/19/2020 19:19,EURUSD,Buy,0.190,1.18680,0.00000,1.18819,1.18650,0.0000,0.0000,-16.9,-32.11,-0.39,"[sl]",0,00:00:00:26,,,,,,,,,,,,
,50000833,08/19/2020 19:18,08/19/2020 19:19,EURUSD,Buy,0.190,1.18740,0.00000,1.18822,1.18695,0.0000,0.0000,-12.7,-24.13,-0.29,"[sl]",0,00:00:00:15,,,,,,,,,,,,
,49962834,08/19/2020 09:42,08/19/2020 17:47,EURUSD,Sell,0.050,0.00000,0.00000,1.19392,1.19055,0.0000,0.0000,33.7,16.85,0.21,"",0,00:08:04:39,66.7,5h 23m,19.2,0.17,39.1,19.55,-6.8,-3.4,85.2,88.2,-5.40,-2.70
,49950482,08/19/2020 00:19,08/19/2020 17:47,EURUSD,Sell,0.050,0.00000,0.00000,1.19295,1.19048,0.0000,0.0000,24.7,12.35,0.15,"",0,00:17:28:02,10.0,1h 44m,21.7,0.74,29.4,14.7,-21.7,-10.85,57.5,90.8,-4.70,-2.35
,49963259,08/19/2020 09:53,08/19/2020 17:47,EURUSD,Sell,0.050,0.00000,0.00000,1.19356,1.19044,0.0000,0.0000,31.2,15.60,0.19,"",0,00:07:54:10,43.8,3h 27m,19.2,0.29,35.5,17.75,-10.4,-5.2,77.3,90.6,-4.30,-2.15
,49973895,08/19/2020 12:27,08/19/2020 17:47,EURUSD,Sell,0.050,0.00000,0.00000,1.19453,1.19047,0.0000,0.0000,40.6,20.30,0.25,"",0,00:05:19:55,95.5,5h 5m,17.5,0.02,45.2,22.6,-0.7,-0.35,98.5,90.0,-4.60,-2.30
,49974253,08/19/2020 12:33,08/19/2020 17:47,EURUSD,Sell,0.100,0.00000,0.00000,1.19398,1.19053,0.0000,0.0000,34.5,34.50,0.43,"",0,00:05:13:11,81.0,4h 13m,17.5,0.16,39.7,39.7,-6.2,-6.2,86.5,88.7,-5.20,-5.20
,49937830,08/18/2020 17:56,08/19/2020 17:47,EURUSD,Sell,0.050,0.00000,0.00000,1.19228,1.19055,0.0000,0.0300,17.3,8.68,0.11,"",0,00:23:50:43,3.2,45m,28.4,1.25,22.7,11.35,-28.4,-14.2,44.4,89.4,-5.40,-2.70
,49975569,08/19/2020 12:55,08/19/2020 17:46,EURUSD,Sell,0.050,0.00000,0.00000,1.19333,1.19061,0.0000,0.0000,27.2,13.60,0.17,"",0,00:04:51:13,50.0,2h 25m,17.5,0.38,33.2,16.6,-12.7,-6.35,72.3,86.9,-6.00,-3.00
,49874428,08/17/2020 22:05,08/18/2020 08:45,EURUSD,Buy,0.100,0.00000,0.00000,1.18684,1.18918,0.0000,-0.6200,23.4,22.78,0.28,"",0,00:10:39:56,93.1,9h 55m,10.0,0.07,27.1,27.1,-1.8,-1.8,93.8,87.2,-3.70,-3.70
,49801780,08/14/2020 20:42,08/17/2020 17:35,EURUSD,Buy,0.050,0.00000,0.00000,1.18399,1.18786,0.0000,-0.3100,38.7,19.04,0.24,"",0,02:20:52:43,24.3,16h 44m,30.3,0.23,38.7,19.35,-8.8,-4.4,81.5,100.0,0.00,0.00
,49802971,08/14/2020 21:28,08/17/2020 16:52,EURUSD,Buy,0.050,0.00000,0.00000,1.18397,1.18790,0.0000,-0.3100,39.3,19.34,0.24,"",0,02:19:24:03,23.4,15h 46m,30.3,0.22,39.3,19.65,-8.6,-4.3,82.0,100.0,0.00,0.00
,49794091,08/14/2020 17:44,08/17/2020 15:49,EURUSD,Buy,0.050,0.00000,0.00000,1.18320,1.18589,0.0000,-0.3100,26.9,13.14,0.16,"",0,02:22:04:40,98.6,2d 21h ,30.3,0.15,32.9,16.45,-4.9,-2.45,87.0,84.1,-6.00,-3.00
,49803333,08/14/2020 21:44,08/17/2020 15:26,EURUSD,Buy,0.050,0.00000,0.00000,1.18420,1.18548,0.0000,-0.3100,12.8,6.09,0.08,"",0,02:17:41:53,19.8,13h 0m,30.3,0.48,22.9,11.45,-10.9,-5.45,67.8,70.1,-10.10,-5.05
,49796541,08/14/2020 18:35,08/17/2020 15:26,EURUSD,Buy,0.050,0.00000,0.00000,1.18305,1.18548,0.0000,-0.3100,24.3,11.84,0.15,"",0,02:20:51:10,100.0,2d 20h ,30.3,0.03,34.4,17.2,0.0,0.0,100.0,70.6,-10.10,-5.05
,49801778,08/14/2020 20:42,08/17/2020 15:26,EURUSD,Buy,0.050,0.00000,0.00000,1.18399,1.18547,0.0000,-0.3100,14.8,7.09,0.09,"",0,02:18:43:42,21.8,14h 32m,30.3,0.35,25.0,12.5,-8.8,-4.4,74.0,69.8,-10.20,-5.10
,49835635,08/17/2020 11:27,08/17/2020 15:24,EURUSD,Buy,0.100,0.00000,0.00000,1.18350,1.18538,0.0000,0.0000,18.8,18.80,0.24,"",0,00:03:56:21,100.0,3h 56m,13.2,0.05,21.2,21.2,0.0,0.0,100.0,88.7,-2.40,-2.40
,49834903,08/17/2020 11:18,08/17/2020 13:27,EURUSD,Buy,0.100,0.00000,0.00000,1.18393,1.18508,0.0000,0.0000,11.5,11.50,0.14,"",0,00:02:09:07,87.5,1h 52m,5.2,0.08,16.2,16.2,-1.3,-1.3,92.6,73.1,-4.70,-4.70
,49794836,08/14/2020 17:57,08/17/2020 13:27,EURUSD,Buy,0.050,0.00000,0.00000,1.18306,1.18509,0.0000,-0.3100,20.3,9.84,0.12,"",0,02:19:30:16,99.7,2d 19h ,30.3,0.01,34.3,17.15,-0.2,-0.1,99.4,59.4,-14.00,-7.00
,49837115,08/17/2020 11:47,08/17/2020 13:27,EURUSD,Buy,0.100,0.00000,0.00000,1.18384,1.18508,0.0000,0.0000,12.4,12.40,0.16,"",0,00:01:39:25,100.0,1h 39m,5.2,0.06,17.1,17.1,0.0,0.0,100.0,72.5,-4.70,-4.70
,49802397,08/14/2020 21:02,08/17/2020 06:13,EURUSD,Buy,0.100,0.00000,0.00000,1.18375,1.18556,0.0000,-0.6200,18.1,17.48,0.22,"",0,02:09:10:52,97.9,2d 7h ,10.4,0.29,22.0,22.0,-6.4,-6.4,77.5,86.3,-3.90,-3.90
,49803556,08/14/2020 21:57,08/17/2020 06:13,EURUSD,Buy,0.150,0.00000,0.00000,1.18365,1.18550,0.0000,-0.9300,18.5,26.82,0.34,"",0,02:08:16:02,98.7,2d 7h ,10.4,0.23,23.0,34.5,-5.4,-8.100000000000001,81.0,84.2,-4.50,-6.75
,49804326,08/14/2020 22:44,08/17/2020 06:13,EURUSD,Buy,0.150,0.00000,0.00000,1.18363,1.18550,0.0000,-0.9300,18.7,27.12,0.35,"",0,02:07:28:26,99.1,2d 6h ,10.4,0.22,23.2,34.8,-5.2,-7.800000000000001,81.7,84.2,-4.50,-6.75
,49793253,08/14/2020 17:29,08/17/2020 06:12,EURUSD,Buy,0.050,0.00000,0.00000,1.18241,1.18550,0.0000,-0.3100,30.9,15.14,0.19,"",0,02:12:42:52,100.0,2d 12h ,17.7,0.03,35.4,17.7,0.0,0.0,100.0,87.3,-4.50,-2.25
,49796403,08/14/2020 18:30,08/14/2020 20:21,EURUSD,Buy,0.050,0.00000,0.00000,1.18316,1.18456,0.0000,0.0000,14.0,7.00,0.09,"",0,00:01:50:29,100.0,1h 50m,4.2,0.06,17.2,8.6,0.0,0.0,100.0,81.4,-3.20,-1.60
,49795972,08/14/2020 18:18,08/14/2020 20:20,EURUSD,Buy,0.050,0.00000,0.00000,1.18287,1.18456,0.0000,0.0000,16.9,8.45,0.11,"",0,00:02:02:01,100.0,2h 2m,4.2,0.05,20.1,10.05,0.0,0.0,100.0,84.1,-3.20,-1.60
,49795852,08/14/2020 18:16,08/14/2020 20:20,EURUSD,Buy,0.050,0.00000,0.00000,1.18266,1.18459,0.0000,0.0000,19.3,9.65,0.12,"",0,00:02:04:24,100.0,2h 4m,4.2,0.05,22.2,11.1,0.0,0.0,100.0,86.9,-2.90,-1.45
,49794935,08/14/2020 17:59,08/14/2020 20:20,EURUSD,Buy,0.050,0.00000,0.00000,1.18309,1.18459,0.0000,0.0000,15.0,7.50,0.10,"",0,00:02:21:44,90.0,2h 7m,4.2,0.03,17.9,8.95,-0.5,-0.25,97.3,84.2,-2.90,-1.45
,49795180,08/14/2020 18:01,08/14/2020 20:20,EURUSD,Buy,0.050,0.00000,0.00000,1.18284,1.18460,0.0000,0.0000,17.6,8.80,0.11,"",0,00:02:19:14,100.0,2h 19m,4.2,0.05,20.4,10.2,0.0,0.0,100.0,86.3,-2.80,-1.40
,49795350,08/14/2020 18:05,08/14/2020 20:20,EURUSD,Buy,0.050,0.00000,0.00000,1.18311,1.18461,0.0000,0.0000,15.0,7.50,0.10,"",0,00:02:15:06,88.9,2h 0m,4.2,0.04,17.7,8.85,-0.7,-0.35,96.2,85.3,-2.70,-1.35
,49793245,08/14/2020 17:29,08/14/2020 20:20,EURUSD,Buy,0.050,0.00000,0.00000,1.18240,1.18462,0.0000,0.0000,22.2,11.10,0.14,"",0,00:02:50:47,100.0,2h 50m,4.2,0.04,24.8,12.4,0.0,0.0,100.0,89.5,-2.60,-1.30
,49762687,08/14/2020 09:48,08/14/2020 17:15,EURUSD,Buy,0.100,1.18190,0.00000,1.18105,1.18177,0.0000,0.0000,7.2,7.20,0.09,"[sl]",0,00:07:26:58,50.0,3h 43m,29.5,0.98,24.6,24.6,-24.1,-24.1,50.5,64.3,-17.40,-17.40
,49760323,08/14/2020 08:58,08/14/2020 17:08,EURUSD,Buy,0.100,1.18189,0.00000,1.18209,1.18293,0.0000,0.0000,8.4,8.40,0.11,"",0,00:08:10:08,21.3,1h 44m,34.5,2.43,14.2,14.2,-34.5,-34.5,29.2,88.1,-5.80,-5.80
,49765807,08/14/2020 10:26,08/14/2020 17:08,EURUSD,Buy,0.200,1.18190,0.00000,1.17960,1.18293,0.0000,0.0000,33.3,66.60,0.87,"",0,00:06:41:41,88.9,5h 57m,29.5,0.25,39.1,78.2,-9.6,-19.2,80.3,88.1,-5.80,-11.60
,49764034,08/14/2020 10:07,08/14/2020 16:47,EURUSD,Buy,0.100,0.00000,0.00000,1.18066,1.18250,0.0000,0.0000,18.4,18.40,0.24,"",0,00:06:39:39,66.7,4h 26m,29.5,0.71,28.5,28.5,-20.2,-20.2,58.5,79.3,-10.10,-10.10
,49774770,08/14/2020 12:42,08/14/2020 15:44,EURUSD,Buy,0.200,0.00000,0.00000,1.17888,1.18223,0.0000,0.0000,33.5,67.00,0.88,"",0,00:03:01:45,100.0,3h 1m,7.2,0.03,34.2,68.4,0.0,0.0,100.0,98.0,-0.70,-1.40
,49762638,08/14/2020 09:47,08/14/2020 15:44,EURUSD,Buy,0.100,0.00000,0.00000,1.18129,1.18219,0.0000,0.0000,9.0,9.00,0.12,"",0,00:05:56:45,21.8,1h 17m,29.5,2.62,10.1,10.1,-26.5,-26.5,27.6,97.0,-1.10,-1.10
,49762608,08/14/2020 09:46,08/14/2020 15:43,EURUSD,Buy,0.100,0.00000,0.00000,1.18123,1.18218,0.0000,0.0000,9.5,9.50,0.13,"",0,00:05:57:38,30.5,1h 49m,29.5,2.42,10.7,10.7,-25.9,-25.9,29.2,96.7,-1.20,-1.20
,49376131,08/06/2020 20:06,08/13/2020 13:40,EURUSD,Buy,0.050,0.00000,0.00000,1.18816,1.18476,0.0000,-2.1700,-34.0,-19.17,-0.25,"",0,06:17:33:24,0.0,0s,169.0,169.49,0.0,0.0,-169.0,-84.5,0.0,79.9,-34.00,-17.00
,49374933,08/06/2020 19:43,08/13/2020 13:40,EURUSD,Buy,0.050,0.00000,0.00000,1.18733,1.18478,0.0000,-2.1700,-25.5,-14.92,-0.20,"",0,06:17:57:02,4.1,6h 38m,169.0,19.38,8.3,4.15,-160.7,-80.35,4.9,80.0,-33.80,-16.90
,49422224,08/07/2020 16:02,08/13/2020 13:40,EURUSD,Buy,0.050,0.00000,0.00000,1.18289,1.18478,0.0000,-1.8600,18.9,7.59,0.10,"",0,05:21:37:17,2.2,3h 6m,116.3,6.00,19.4,9.7,-116.3,-58.15,14.3,99.6,-0.50,-0.25
,49558996,08/07/2020 12:14,08/13/2020 09:47,EURUSD,Buy,0.100,0.00000,0.00000,1.18234,1.18248,0.0000,-3.7200,1.4,-2.32,-0.03,"from #49408583",0,05:21:33:03,1.5,2h 7m,118.4,10.87,10.2,10.2,-110.8,-110.8,8.4,92.7,-8.80,-8.80
,49404717,08/07/2020 11:03,08/13/2020 09:47,EURUSD,Buy,0.150,0.00000,0.00000,1.18316,1.18248,0.0000,-5.5800,-6.8,-15.78,-0.21,"",0,05:22:43:16,0.4,34m,119.0,59.52,2.0,3.0,-119.0,-178.5,1.7,92.7,-8.80,-13.20
,49676263,08/12/2020 19:47,08/13/2020 09:47,EURUSD,Buy,0.100,0.00000,0.00000,1.17991,1.18255,0.0000,-1.8600,26.4,24.54,0.32,"",0,00:13:59:43,53.6,7h 30m,17.2,0.50,34.5,34.5,-17.2,-17.2,66.7,84.3,-8.10,-8.10
,49654224,08/12/2020 15:30,08/13/2020 09:47,EURUSD,Buy,0.100,0.00000,0.00000,1.17670,1.18253,0.0000,-1.8600,58.3,56.44,0.75,"",0,00:18:16:09,100.0,18h 16m,23.1,0.02,66.6,66.6,0.0,0.0,100.0,87.5,-8.30,-8.30
,49376233,08/06/2020 20:09,08/13/2020 06:19,EURUSD,Buy,0.030,0.00000,0.00000,1.18780,1.18137,0.0000,-1.3200,-64.3,-20.61,-0.27,"",0,06:10:10:13,1.0,1h 32m,169.0,46.08,3.6,1.08,-165.4,-49.62,2.1,59.8,-67.90,-20.37
,49677236,08/12/2020 20:05,08/13/2020 06:19,EURUSD,Buy,0.100,0.00000,0.00000,1.17963,1.18136,0.0000,-1.8600,17.3,15.44,0.20,"",0,00:10:14:16,40.0,4h 5m,14.4,0.83,17.3,17.3,-14.4,-14.4,54.6,100.0,0.00,0.00
,49678158,08/12/2020 20:27,08/13/2020 06:19,EURUSD,Buy,0.100,0.00000,0.00000,1.17876,1.18135,0.0000,-1.8600,25.9,24.04,0.32,"",0,00:09:52:23,60.0,5h 55m,9.7,0.22,25.9,25.9,-5.7,-5.7,82.0,100.0,0.00,0.00
,49681709,08/12/2020 22:17,08/13/2020 06:19,EURUSD,Buy,0.100,0.00000,0.00000,1.17901,1.18135,0.0000,-1.8600,23.4,21.54,0.29,"",0,00:08:01:48,62.5,5h 1m,8.2,0.35,23.4,23.4,-8.2,-8.2,74.1,100.0,0.00,0.00
,49565531,08/11/2020 14:36,08/12/2020 18:02,EURUSD,Buy,0.050,0.00000,0.00000,1.17943,1.17952,0.0000,-0.3100,0.9,0.14,0.00,"",0,01:03:25:48,11.0,3h 1m,84.5,7.64,10.7,5.35,-81.7,-40.85,11.6,89.4,-9.80,-4.90
,49663980,08/12/2020 17:01,08/12/2020 17:59,EURUSD,Buy,0.100,0.00000,0.00000,1.17796,1.18049,0.0000,0.0000,25.3,25.30,0.34,"",0,00:00:57:26,,,,,,,,,,,,
,49422763,08/07/2020 16:08,08/12/2020 17:58,EURUSD,Buy,0.050,0.00000,0.00000,1.18195,1.18053,0.0000,-0.9300,-14.2,-8.03,-0.11,"",0,05:01:50:41,0.0,0s,106.9,107.53,0.0,0.0,-106.9,-53.45,0.0,86.7,-14.20,-7.10
,49553105,08/07/2020 16:11,08/12/2020 17:58,EURUSD,Buy,0.050,0.00000,0.00000,1.17999,1.18057,0.0000,-0.9300,5.8,1.97,0.03,"from #49423254",0,05:01:47:27,0.9,1h 5m,87.3,15.06,5.8,2.9,-87.3,-43.65,6.2,100.0,0.00,0.00
,49664072,08/12/2020 17:02,08/12/2020 17:58,EURUSD,Buy,0.050,0.00000,0.00000,1.17753,1.18059,0.0000,0.0000,30.6,15.30,0.20,"",0,00:00:56:32,,,,,,,,,,,,
,49570479,08/11/2020 15:33,08/12/2020 16:04,EURUSD,Buy,0.050,0.00000,0.00000,1.17919,1.17945,0.0000,-0.3100,2.6,0.99,0.01,"",0,01:00:31:06,4.1,1h 0m,79.3,24.04,3.3,1.65,-79.3,-39.65,4.0,99.2,-0.70,-0.35
,49572499,08/11/2020 15:52,08/12/2020 15:47,EURUSD,Buy,0.050,0.00000,0.00000,1.17902,1.17902,0.0000,-0.3100,0.0,-0.31,0.00,"",0,00:23:55:01,2.1,30m,77.6,263.16,0.3,0.0,-77.6,-0.0,0.4,99.6,-0.30,0.00
,49615220,08/12/2020 05:14,08/12/2020 15:39,EURUSD,Buy,0.500,1.16940,0.00000,1.17257,1.17861,0.0000,0.0000,60.4,302.00,4.22,"",0,00:10:24:25,71.5,7h 26m,15.8,0.20,64.8,324.0,-13.1,-65.5,83.2,94.4,-4.40,-22.00
,49567910,08/11/2020 14:59,08/12/2020 15:38,EURUSD,Buy,0.050,0.00000,0.00000,1.17811,1.17841,0.0000,-0.3100,3.0,1.19,0.02,"",0,01:00:38:06,8.0,1h 58m,84.5,4.28,16.0,8.0,-68.5,-34.25,18.9,84.6,-13.00,-6.50
,49649111,08/12/2020 14:30,08/12/2020 15:37,EURUSD,Buy,0.100,0.00000,0.00000,1.17653,1.17832,0.0000,0.0000,17.9,17.90,0.25,"",0,00:01:07:05,,,,,,,,,,,,
,49575166,08/11/2020 16:11,08/12/2020 15:37,EURUSD,Buy,0.150,0.00000,0.00000,1.17743,1.17836,0.0000,-0.9300,9.3,13.02,0.18,"",0,00:23:25:48,6.4,1h 29m,61.7,3.81,16.2,24.299999999999997,-61.7,-92.55000000000001,20.8,91.1,-6.90,-10.35
,49574620,08/11/2020 16:08,08/12/2020 15:36,EURUSD,Buy,0.050,0.00000,0.00000,1.17759,1.17774,0.0000,-0.3100,1.5,0.44,0.01,"",0,00:23:28:45,6.4,1h 30m,63.3,4.34,14.6,7.3,-63.3,-31.65,18.7,83.2,-13.10,-6.55
,49581953,08/11/2020 17:04,08/12/2020 15:36,EURUSD,Buy,0.050,0.00000,0.00000,1.17759,1.17778,0.0000,-0.3100,1.9,0.64,0.01,"",0,00:22:32:10,6.7,1h 30m,63.3,4.34,14.6,7.3,-63.3,-31.65,18.7,83.7,-12.70,-6.35
,49650131,08/12/2020 14:44,08/12/2020 15:08,EURUSD,Buy,0.100,0.00000,0.00000,1.17631,1.17712,0.0000,0.0000,8.1,8.10,0.11,"",0,00:00:24:42,,,,,,,,,,,,
,49650868,08/12/2020 14:51,08/12/2020 15:01,EURUSD,Buy,0.100,0.00000,0.00000,1.17593,1.17689,0.0000,0.0000,9.6,9.60,0.13,"",0,00:00:10:02,,,,,,,,,,,,
,49575331,08/11/2020 16:12,08/12/2020 13:39,EURUSD,Buy,0.150,0.00000,0.00000,1.17701,1.17725,0.0000,-0.9300,2.4,2.67,0.04,"",0,00:21:27:11,16.3,3h 29m,61.3,6.85,8.4,12.600000000000001,-57.5,-86.25,12.7,90.9,-6.00,-9.00
,49575867,08/11/2020 16:15,08/12/2020 12:16,EURUSD,Buy,0.150,0.00000,0.00000,1.17659,1.17624,0.0000,-0.9300,-3.5,-6.18,-0.09,"",0,00:20:01:18,10.0,2h 0m,61.3,6.67,8.0,12.0,-53.3,-79.94999999999999,13.1,81.2,-11.50,-17.25
,49575520,08/11/2020 16:13,08/12/2020 12:16,EURUSD,Buy,0.150,0.00000,0.00000,1.17676,1.17629,0.0000,-0.9300,-4.7,-7.98,-0.11,"",0,00:20:03:21,10.0,2h 0m,61.3,8.73,6.3,9.45,-55.0,-82.5,10.3,82.1,-11.00,-16.50
,49590121,08/11/2020 18:49,08/12/2020 12:16,EURUSD,Buy,0.050,0.00000,0.00000,1.17698,1.17635,0.0000,-0.3100,-6.3,-3.46,-0.05,"",0,00:17:27:07,2.9,30m,58.3,52.08,1.1,0.55,-57.2,-28.6,1.9,87.3,-7.40,-3.70
,49595871,08/11/2020 20:41,08/12/2020 12:16,EURUSD,Buy,0.150,0.00000,0.00000,1.17602,1.17636,0.0000,-0.9300,3.4,4.17,0.06,"",0,00:15:34:54,6.5,1h 0m,47.6,10.35,4.6,6.8999999999999995,-47.6,-71.4,8.8,97.7,-1.20,-1.80
,49590505,08/11/2020 18:52,08/12/2020 12:16,EURUSD,Buy,0.150,0.00000,0.00000,1.17648,1.17630,0.0000,-0.9300,-1.8,-3.63,-0.05,"",0,00:17:23:40,2.9,30m,58.3,8.56,6.1,9.149999999999999,-52.2,-78.30000000000001,10.5,86.4,-7.90,-11.85
,49612258,08/12/2020 04:17,08/12/2020 12:16,EURUSD,Buy,0.500,1.16940,0.00000,1.17411,1.17631,0.0000,0.0000,22.0,110.00,1.57,"",0,00:07:58:38,31.3,2h 29m,28.5,1.20,23.7,118.5,-28.5,-142.5,45.4,96.7,-1.70,-8.50
,49627662,08/12/2020 10:00,08/12/2020 11:20,EURUSD,Buy,0.100,0.00000,0.00000,1.17276,1.17518,0.0000,0.0000,24.2,24.20,0.35,"",0,00:01:20:30,,,,,,,,,,,,
,49617512,08/12/2020 06:18,08/12/2020 09:55,EURUSD,Buy,0.300,1.16940,0.00000,1.17186,1.17320,0.0000,0.0000,13.4,40.20,0.58,"",0,00:03:37:54,57.2,2h 4m,6.0,0.45,13.4,40.2,-6.0,-18.0,69.1,100.0,0.00,0.00
,49625529,08/12/2020 09:30,08/12/2020 09:41,XAUUSD,Buy,0.010,0.00000,0.00000,1900.19000,1905.26000,0.0000,0.0000,507.0,5.07,0.07,"",0,00:00:11:12,,,,,,,,,,,,
,49617093,08/12/2020 06:00,08/12/2020 06:03,XAUUSD,Buy,0.100,1869.70000,0.00000,1889.10000,1890.81000,0.0000,0.0000,171.0,17.10,0.25,"",0,00:00:02:45,,,,,,,,,,,,
,49590952,08/11/2020 18:59,08/11/2020 19:06,XAUUSD,Buy,0.150,1936.40000,0.00000,1942.10000,1946.78000,0.0000,0.0000,468.0,70.20,1.02,"",0,00:00:06:56,,,,,,,,,,,,
,49582483,08/11/2020 17:08,08/11/2020 18:16,EURUSD,Buy,0.050,0.00000,0.00000,1.17693,1.17795,0.0000,0.0000,10.2,5.10,0.07,"",0,00:01:08:30,,,,,,,,,,,,
,49583363,08/11/2020 17:18,08/11/2020 18:16,EURUSD,Buy,0.050,0.00000,0.00000,1.17704,1.17792,0.0000,0.0000,8.8,4.40,0.06,"",0,00:00:58:41,,,,,,,,,,,,
,49577468,08/11/2020 16:31,08/11/2020 16:53,EURUSD,Buy,0.150,0.00000,0.00000,1.17654,1.17832,0.0000,0.0000,17.8,26.70,0.39,"",0,00:00:22:36,,,,,,,,,,,,
,49578362,08/11/2020 16:38,08/11/2020 16:44,EURUSD,Buy,0.300,0.00000,0.00000,1.17591,1.17733,0.0000,0.0000,14.2,42.60,0.63,"",0,00:00:05:46,,,,,,,,,,,,
,49578176,08/11/2020 16:36,08/11/2020 16:39,XAUUSD,Buy,0.100,0.00000,0.00000,1955.09000,1957.27000,0.0000,0.0000,218.0,21.80,0.32,"",0,00:00:02:41,,,,,,,,,,,,
,49569169,08/11/2020 15:14,08/11/2020 15:30,EURUSD,Buy,0.050,0.00000,0.00000,1.17837,1.17904,0.0000,0.0000,6.7,3.35,0.05,"",0,00:00:15:22,,,,,,,,,,,,
,49568306,08/11/2020 15:01,08/11/2020 15:30,EURUSD,Buy,0.050,0.00000,0.00000,1.17801,1.17910,0.0000,0.0000,10.9,5.45,0.08,"",0,00:00:28:22,,,,,,,,,,,,
,49408583,08/07/2020 12:14,08/11/2020 13:12,EURUSD,Buy,0.100,0.00000,0.00000,1.18234,1.17963,0.0000,-1.2400,-27.1,-28.34,-0.42,"to #49558996",0,04:00:58:19,0.6,34m,106.0,12.95,7.6,7.6,-98.4,-98.4,7.2,67.3,-34.70,-34.70
,49553095,08/11/2020 03:54,08/11/2020 13:01,EURUSD,Buy,0.350,1.16890,0.00000,1.17259,1.17884,0.0000,0.0000,62.5,218.75,3.33,"from #49550173",0,00:09:06:37,100.0,9h 6m,20.5,0.01,70.1,245.34999999999997,0.0,0.0,100.0,89.2,-7.60,-26.60
,49423254,08/07/2020 16:11,08/11/2020 12:04,EURUSD,Buy,0.150,0.00000,0.00000,1.17999,1.17805,0.0000,-1.8600,-19.4,-30.96,-0.47,"to #49553105",0,03:19:53:19,0.0,0s,74.9,75.19,0.0,0.0,-74.9,-112.35000000000001,0.0,74.1,-19.40,-29.10
,49550173,08/11/2020 03:54,08/11/2020 12:04,EURUSD,Buy,0.150,1.16890,0.00000,1.17259,1.17810,0.0000,0.0000,55.1,82.65,1.27,"to #49553095",0,00:08:09:40,100.0,8h 9m,20.5,0.02,55.1,82.65,0.0,0.0,100.0,100.0,0.00,0.00
,49503593,08/10/2020 17:20,08/11/2020 12:03,EURUSD,Buy,0.100,0.00000,0.00000,1.17765,1.17816,0.0000,-0.6200,5.1,4.48,0.07,"",0,00:18:42:34,5.3,59m,51.5,10.10,5.1,5.1,-51.5,-51.5,9.0,100.0,0.00,0.00
,49504269,08/10/2020 17:26,08/11/2020 12:02,EURUSD,Buy,0.100,0.00000,0.00000,1.17753,1.17775,0.0000,-0.6200,2.2,1.58,0.02,"",0,00:18:36:07,5.3,59m,50.3,8.83,5.7,5.7,-50.3,-50.3,10.2,93.8,-3.50,-3.50
,49548586,08/11/2020 03:54,08/11/2020 11:34,EURUSD,Buy,0.200,1.16890,0.00000,1.17259,1.17677,0.0000,0.0000,41.8,83.60,1.30,"to #49550173",0,00:07:39:07,100.0,7h 39m,20.5,0.02,46.4,92.8,0.0,0.0,100.0,90.1,-4.60,-9.20
,49548560,08/11/2020 03:54,08/11/2020 11:15,EURUSD,Buy,0.050,1.16890,0.00000,1.17259,1.17644,0.0000,0.0000,38.5,19.25,0.30,"to #49548586",0,00:07:20:47,100.0,7h 20m,20.5,0.02,45.7,22.85,0.0,0.0,100.0,84.2,-7.20,-3.60
,49505029,08/10/2020 17:34,08/11/2020 11:15,EURUSD,Buy,0.050,0.00000,0.00000,1.17736,1.17643,0.0000,-0.3100,-9.3,-4.96,-0.08,"",0,00:17:40:41,0.0,0s,48.6,48.78,0.0,0.0,-48.6,-24.3,0.0,80.9,-9.30,-4.65
,49548041,08/11/2020 03:54,08/11/2020 11:15,EURUSD,Buy,0.150,1.16890,0.00000,1.17259,1.17654,0.0000,0.0000,39.5,59.25,0.93,"to #49548560",0,00:07:20:31,100.0,7h 20m,20.5,0.02,45.7,68.55000000000001,0.0,0.0,100.0,86.4,-6.20,-9.30
,49509401,08/10/2020 18:21,08/11/2020 11:12,EURUSD,Buy,0.150,1.16890,0.00000,1.17636,1.17619,0.0000,-0.9300,-1.7,-3.48,-0.05,"",0,00:16:50:43,3.0,30m,38.6,4.83,8.0,12.0,-38.6,-57.900000000000006,17.2,79.2,-9.70,-14.55
,49526501,08/11/2020 03:54,08/11/2020 11:12,EURUSD,Buy,0.100,1.16890,0.00000,1.17259,1.17614,0.0000,0.0000,35.5,35.50,0.56,"to #49548041",0,00:07:17:11,100.0,7h 17m,20.5,0.02,45.7,45.7,0.0,0.0,100.0,77.7,-10.20,-10.20
,49537687,08/11/2020 09:14,08/11/2020 11:11,EURUSD,Buy,0.150,0.00000,0.00000,1.17455,1.17585,0.0000,0.0000,13.0,19.50,0.31,"",0,00:01:57:09,,,,,,,,,,,,
,49511610,08/10/2020 18:53,08/11/2020 11:11,EURUSD,Buy,0.150,1.16890,0.00000,1.17555,1.17583,0.0000,-0.9300,2.8,3.27,0.05,"",0,00:16:18:17,6.1,59m,30.5,1.89,16.1,24.150000000000002,-30.5,-45.75,34.5,71.5,-13.30,-19.95
,49501372,08/10/2020 14:15,08/11/2020 11:11,EURUSD,Buy,0.400,1.16880,0.00000,1.17500,1.17584,0.0000,-2.4800,8.4,31.12,0.50,"from #49488367",0,00:20:56:00,38.1,7h 58m,62.3,0.67,37.3,149.2,-25.0,-100.0,59.9,53.6,-28.90,-115.60
,49539910,08/11/2020 09:36,08/11/2020 11:02,EURUSD,Buy,0.150,1.17180,0.00000,1.17361,1.17493,0.0000,0.0000,13.2,19.80,0.32,"",0,00:01:26:01,,,,,,,,,,,,
,49540590,08/11/2020 09:46,08/11/2020 10:36,EURUSD,Buy,0.200,1.17180,0.00000,1.17313,1.17415,0.0000,0.0000,10.2,20.40,0.33,"",0,00:00:49:42,,,,,,,,,,,,
,49541112,08/11/2020 09:55,08/11/2020 10:28,EURUSD,Buy,0.200,1.17140,0.00000,1.17275,1.17409,0.0000,0.0000,13.4,26.80,0.43,"",0,00:00:33:08,,,,,,,,,,,,
,49541220,08/11/2020 09:56,08/11/2020 10:08,EURUSD,Buy,0.200,1.17140,0.00000,1.17278,1.17338,0.0000,0.0000,6.0,12.00,0.19,"",0,00:00:12:19,,,,,,,,,,,,
,49540187,08/11/2020 09:32,08/11/2020 09:41,XAUUSD,Buy,0.050,1979.00000,0.00000,1994.08000,1999.96000,0.0000,0.0000,588.0,29.40,0.48,"from #49539622",0,00:00:08:52,,,,,,,,,,,,
,49539622,08/11/2020 09:32,08/11/2020 09:41,XAUUSD,Buy,0.100,1979.00000,0.00000,1994.08000,1999.69000,0.0000,0.0000,561.0,56.10,0.92,"to #49540187",0,00:00:08:22,,,,,,,,,,,,
,49537818,08/11/2020 09:15,08/11/2020 09:27,XAUUSD,Buy,0.100,1999.00000,0.00000,2004.67000,1999.06000,0.0000,0.0000,-561.0,-56.10,-0.91,"[sl]",0,00:00:12:00,,,,,,,,,,,,
,49537919,08/11/2020 09:16,08/11/2020 09:27,XAUUSD,Buy,0.050,1999.00000,0.00000,2003.00000,1998.74000,0.0000,0.0000,-426.0,-21.30,-0.35,"[sl]",0,00:00:11:11,,,,,,,,,,,,
,49532298,08/10/2020 19:25,08/11/2020 07:09,EURUSD,Buy,0.150,1.16900,0.00000,1.17496,1.17478,0.0000,-0.9300,-1.8,-3.63,-0.06,"from #49513595",0,00:11:43:37,16.7,1h 57m,27.9,5.35,4.6,6.8999999999999995,-24.6,-36.900000000000006,15.8,78.1,-6.40,-9.60
,49513595,08/10/2020 19:25,08/11/2020 07:09,EURUSD,Buy,0.150,1.16900,0.00000,1.17496,1.17481,0.0000,-0.9300,-1.5,-3.18,-0.05,"to #49532298",0,00:11:43:24,16.7,1h 57m,27.9,5.35,4.6,6.8999999999999995,-24.6,-36.900000000000006,15.8,79.1,-6.10,-9.15
,49519984,08/10/2020 22:01,08/11/2020 07:09,EURUSD,Buy,0.500,1.16900,0.00000,1.17425,1.17481,0.0000,-3.1000,5.6,24.90,0.40,"",0,00:09:07:59,38.9,3h 33m,17.5,1.50,11.7,58.5,-17.5,-87.5,40.1,79.1,-6.10,-30.50
,49529280,08/11/2020 05:10,08/11/2020 07:02,XAUUSD,Buy,0.100,2012.80000,0.00000,2022.27000,2020.85000,0.0000,0.0000,-142.0,-14.20,-0.23,"",0,00:01:52:39,,,,,,,,,,,,
,49530263,08/11/2020 05:45,08/11/2020 07:02,XAUUSD,Buy,0.100,2013.80000,0.00000,2018.60000,2020.89000,0.0000,0.0000,229.0,22.90,0.37,"",0,00:01:17:36,,,,,,,,,,,,
,49518621,08/10/2020 21:29,08/11/2020 05:18,EURUSD,Buy,0.150,0.00000,0.00000,1.17473,1.17482,0.0000,-0.9300,0.9,0.42,0.01,"",0,00:07:49:21,12.5,58m,22.3,8.58,2.6,3.9000000000000004,-22.3,-33.45,10.4,93.2,-1.70,-2.55
,49507138,08/10/2020 17:56,08/10/2020 22:00,EURUSD,Buy,0.150,1.17380,0.00000,1.17662,1.17392,0.0000,0.0000,-27.0,-40.50,-0.65,"[sl]",0,00:04:04:10,0.0,0s,27.0,27.03,0.0,0.0,-27.0,-40.5,0.0,0.0,-27.00,-40.50
,49514001,08/10/2020 19:33,08/10/2020 19:56,XAUUSD,Buy,0.050,2024.60000,0.00000,2030.20000,2030.49000,0.0000,0.0000,29.0,1.45,0.02,"",0,00:00:23:12,,,,,,,,,,,,
,49488367,08/10/2020 14:15,08/10/2020 17:00,EURUSD,Buy,0.100,1.17180,0.00000,1.17500,1.17848,0.0000,0.0000,34.8,34.80,0.57,"to #49501372",0,00:02:45:15,100.0,2h 45m,17.1,0.03,37.3,37.3,0.0,0.0,100.0,93.3,-2.50,-2.50
,49464647,08/07/2020 18:58,08/10/2020 16:54,EURUSD,Buy,0.050,0.00000,0.00000,1.17788,1.17828,0.0000,-0.3100,4.0,1.69,0.03,"from #49437602",0,02:21:56:34,87.2,2d 12h ,52.6,2.04,17.3,8.65,-35.3,-17.65,32.9,74.7,-13.30,-6.65
,49472031,08/10/2020 10:08,08/10/2020 16:54,EURUSD,Buy,0.150,0.00000,0.00000,1.17722,1.17833,0.0000,0.0000,11.1,16.65,0.27,"",0,00:06:46:20,15.4,1h 2m,28.7,1.90,15.1,22.65,-28.7,-43.05,34.5,90.9,-4.00,-6.00
,49464643,08/07/2020 19:45,08/10/2020 16:50,EURUSD,Buy,0.050,0.00000,0.00000,1.17758,1.17819,0.0000,-0.3100,6.1,2.74,0.04,"from #49439263",0,02:21:04:48,89.2,2d 13h ,52.6,1.59,20.3,10.15,-32.3,-16.15,38.6,73.0,-14.20,-7.10
,49464653,08/07/2020 19:29,08/10/2020 16:50,EURUSD,Buy,0.050,0.00000,0.00000,1.17776,1.17808,0.0000,-0.3100,3.2,1.29,0.02,"from #49438769",0,02:21:20:35,87.8,2d 12h ,52.6,1.84,18.5,9.25,-34.1,-17.05,35.2,70.9,-15.30,-7.65
,49464658,08/07/2020 16:53,08/10/2020 16:38,EURUSD,Buy,0.350,1.00000,0.00000,1.17672,1.17716,0.0000,-2.1700,4.4,13.23,0.22,"from #49428237",0,02:23:45:15,93.1,2d 18h ,52.6,0.82,28.9,101.14999999999999,-23.7,-82.95,54.9,53.4,-24.50,-85.75
,49478644,08/10/2020 11:47,08/10/2020 16:38,EURUSD,Buy,0.150,0.00000,0.00000,1.17617,1.17724,0.0000,0.0000,10.7,16.05,0.26,"",0,00:04:50:36,40.0,1h 56m,18.2,0.71,25.6,38.400000000000006,-18.2,-27.299999999999997,58.4,66.0,-14.90,-22.35
,49428237,08/07/2020 16:53,08/10/2020 07:29,EURUSD,Buy,0.150,1.17440,0.00000,1.17672,1.17937,0.0000,-0.9300,26.5,38.82,0.64,"to #49464658",0,02:14:36:24,100.0,2d 14h ,20.7,0.03,28.9,43.349999999999994,0.0,0.0,100.0,91.7,-2.40,-3.60
,49438769,08/07/2020 19:29,08/10/2020 07:29,EURUSD,Buy,0.100,0.00000,0.00000,1.17776,1.17937,0.0000,-0.6200,16.1,15.48,0.26,"to #49464653",0,02:11:59:25,97.5,2d 10h ,10.9,0.23,18.5,18.5,-4.2,-4.2,81.5,89.4,-2.40,-2.40
,49437602,08/07/2020 18:58,08/10/2020 07:29,EURUSD,Buy,0.100,0.00000,0.00000,1.17788,1.17936,0.0000,-0.6200,14.8,14.18,0.24,"to #49464647",0,02:12:30:56,96.7,2d 10h ,10.9,0.54,17.3,17.3,-9.4,-9.4,64.8,90.6,-2.50,-2.50
,49439263,08/07/2020 19:45,08/10/2020 07:29,EURUSD,Buy,0.100,0.00000,0.00000,1.17758,1.17934,0.0000,-0.6200,17.6,16.98,0.28,"to #49464643",0,02:11:43:21,99.2,2d 11h ,10.9,0.06,20.3,20.3,-1.2,-1.2,94.4,87.4,-2.70,-2.70
,49430343,08/07/2020 17:08,08/07/2020 17:59,EURUSD,Buy,0.300,1.17480,0.00000,1.17627,1.17870,0.0000,0.0000,24.3,72.90,1.23,"",0,00:00:51:25,,,,,,,,,,,,
,49424721,08/07/2020 16:20,08/07/2020 17:59,EURUSD,Buy,0.300,0.00000,0.00000,1.17852,1.17883,0.0000,0.0000,3.1,9.30,0.16,"",0,00:01:39:06,,,,,,,,,,,,
,49425434,08/07/2020 16:26,08/07/2020 17:51,EURUSD,Buy,0.300,1.17440,0.00000,1.17788,1.17816,0.0000,0.0000,2.8,8.40,0.14,"",0,00:01:25:45,,,,,,,,,,,,
,49408572,08/07/2020 12:14,08/07/2020 15:48,EURUSD,Buy,0.200,0.00000,0.00000,1.18209,1.18356,0.0000,0.0000,14.7,29.40,0.50,"",0,00:03:34:02,42.9,1h 31m,6.7,0.46,14.7,29.4,-6.7,-13.4,68.7,100.0,0.00,0.00
,49417889,08/07/2020 15:31,08/07/2020 15:43,EURUSD,Buy,0.300,0.00000,0.00000,1.18043,1.18387,0.0000,0.0000,34.4,103.20,1.78,"",0,00:00:12:22,,,,,,,,,,,,
,49410158,08/07/2020 12:45,08/07/2020 15:31,EURUSD,Buy,0.200,1.18040,0.00000,1.18151,1.18025,0.0000,0.0000,-12.6,-25.20,-0.43,"[sl]",0,00:02:46:09,83.4,2h 18m,28.5,0.79,15.9,31.8,-12.6,-25.2,55.8,0.0,-28.50,-57.00
,49408046,08/07/2020 12:06,08/07/2020 12:13,EURUSD,Buy,0.150,1.18140,0.00000,1.18236,1.18145,0.0000,0.0000,-9.1,-13.65,-0.23,"[sl]",0,00:00:07:27,,,,,,,,,,,,
,49390964,08/07/2020 06:06,08/07/2020 12:13,EURUSD,Buy,0.100,1.18140,0.00000,1.18404,1.18145,0.0000,0.0000,-25.9,-25.90,-0.44,"[sl]",0,00:06:07:01,16.7,1h 1m,31.8,4.39,5.9,5.9,-25.9,-25.9,18.6,0.0,-31.80,-31.80
,49373013,08/06/2020 17:33,08/07/2020 12:13,EURUSD,Buy,0.100,1.18140,0.00000,1.18270,1.18145,0.0000,-0.6200,-12.5,-13.12,-0.22,"from #49364322[sl]",0,00:18:40:01,91.9,17h 9m,67.1,0.23,54.6,54.6,-12.5,-12.5,81.4,0.0,-67.10,-67.10
,49400725,08/07/2020 10:02,08/07/2020 11:01,EURUSD,Buy,0.100,1.18280,0.00000,1.18407,1.18266,0.0000,0.0000,-14.1,-14.10,-0.24,"[sl]",0,00:00:58:30,,,,,,,,,,,,
,49375207,08/06/2020 19:49,08/06/2020 23:28,EURUSD,Buy,0.050,0.00000,0.00000,1.18717,1.18780,0.0000,0.0000,6.3,3.15,0.05,"",0,00:03:39:15,85.8,3h 8m,9.9,0.40,7.7,3.85,-3.1,-1.55,71.3,87.0,-1.40,-0.70
,49381116,08/06/2020 22:13,08/06/2020 23:28,EURUSD,Buy,0.100,0.00000,0.00000,1.18746,1.18780,0.0000,0.0000,3.4,3.40,0.06,"",0,00:01:14:48,,,,,,,,,,,,
,49376628,08/06/2020 20:19,08/06/2020 23:08,EURUSD,Buy,0.100,0.00000,0.00000,1.18696,1.18749,0.0000,0.0000,5.3,5.30,0.09,"",0,00:02:48:46,83.4,2h 20m,4.5,0.10,9.8,9.8,-1.0,-1.0,90.7,58.3,-4.50,-4.50
,49364322,08/06/2020 17:33,08/06/2020 19:09,EURUSD,Buy,0.050,1.18140,0.00000,1.18270,1.18866,0.0000,0.0000,59.6,29.80,0.51,"to #49373013",0,00:01:35:35,,,,,,,,,,,,
,49323934,08/06/2020 09:47,08/06/2020 19:09,EURUSD,Buy,0.080,0.00000,0.00000,1.18813,1.18864,0.0000,0.0000,5.1,4.08,0.07,"",0,00:09:21:33,5.3,29m,55.2,10.83,5.1,4.08,-55.2,-44.160000000000004,8.5,100.0,0.00,0.00
,49348013,08/06/2020 14:47,08/06/2020 19:07,EURUSD,Buy,0.050,0.00000,0.00000,1.18474,1.18759,0.0000,0.0000,28.5,14.25,0.24,"",0,00:04:19:18,55.6,2h 24m,30.3,0.75,28.5,14.25,-21.3,-10.65,57.2,100.0,0.00,0.00
,49369976,08/06/2020 18:33,08/06/2020 19:04,EURUSD,Buy,0.050,0.00000,0.00000,1.18433,1.18685,0.0000,0.0000,25.2,12.60,0.22,"",0,00:00:31:02,,,,,,,,,,,,
,49362596,08/06/2020 17:16,08/06/2020 18:22,EURUSD,Buy,0.050,0.00000,0.00000,1.18360,1.18483,0.0000,0.0000,12.3,6.15,0.11,"",0,00:01:05:32,,,,,,,,,,,,
,49361933,08/06/2020 17:11,08/06/2020 18:05,EURUSD,Buy,0.050,0.00000,0.00000,1.18392,1.18467,0.0000,0.0000,7.5,3.75,0.06,"",0,00:00:54:21,,,,,,,,,,,,
,49330312,08/06/2020 10:52,08/06/2020 18:05,EURUSD,Buy,0.100,0.00000,0.00000,1.18472,1.18476,0.0000,0.0000,0.4,0.40,0.01,"",0,00:07:13:15,40.0,2h 53m,34.5,1.57,13.4,13.4,-21.1,-21.1,38.8,62.3,-13.00,-13.00
,49361885,08/06/2020 17:11,08/06/2020 18:05,EURUSD,Buy,0.050,0.00000,0.00000,1.18385,1.18481,0.0000,0.0000,9.6,4.80,0.08,"",0,00:00:54:24,,,,,,,,,,,,
,49331607,08/06/2020 11:01,08/06/2020 18:05,EURUSD,Buy,0.100,0.00000,0.00000,1.18452,1.18476,0.0000,0.0000,2.4,2.40,0.04,"",0,00:07:03:37,71.5,5h 2m,34.5,1.24,15.4,15.4,-19.1,-19.1,44.6,62.3,-13.00,-13.00
,49365168,08/06/2020 17:43,08/06/2020 18:00,EURUSD,Buy,0.150,1.18130,0.00000,1.18265,1.18405,0.0000,0.0000,14.0,21.00,0.36,"",0,00:00:16:26,,,,,,,,,,,,
,49327774,08/06/2020 10:27,08/06/2020 16:50,EURUSD,Buy,0.050,0.00000,0.00000,1.18628,1.18630,0.0000,0.0000,0.2,0.10,0.00,"",0,00:06:23:18,7.7,29m,20.7,104.17,0.2,0.1,-20.7,-10.35,1.0,100.0,0.00,0.00
,49341909,08/06/2020 13:32,08/06/2020 16:49,EURUSD,Buy,0.050,0.00000,0.00000,1.18483,1.18613,0.0000,0.0000,13.0,6.50,0.11,"",0,00:03:17:37,50.0,1h 38m,4.6,0.33,13.0,6.5,-4.3,-2.15,75.1,100.0,0.00,0.00
,49345817,08/06/2020 14:14,08/06/2020 16:49,EURUSD,Buy,0.050,0.00000,0.00000,1.18397,1.18609,0.0000,0.0000,21.2,10.60,0.18,"",0,00:02:34:58,100.0,2h 34m,4.6,0.05,21.2,10.6,0.0,0.0,100.0,100.0,0.00,0.00
,49346172,08/06/2020 14:19,08/06/2020 14:36,EURUSD,Buy,0.050,0.00000,0.00000,1.18397,1.18450,0.0000,0.0000,5.3,2.65,0.05,"",0,00:00:16:39,,,,,,,,,,,,
,49346332,08/06/2020 14:22,08/06/2020 14:35,XAUUSD,Buy,0.010,0.00000,0.00000,2051.67000,2054.49000,0.0000,0.0000,282.0,2.82,0.05,"",0,00:00:13:12,,,,,,,,,,,,
,49328292,08/06/2020 10:31,08/06/2020 14:35,XAUUSD,Buy,0.010,0.00000,0.00000,2049.99000,2054.47000,0.0000,0.0000,448.0,4.48,0.08,"",0,00:04:03:58,62.5,2h 32m,463.0,0.38,911.0,9.11,-348.0,-3.48,72.4,63.2,-463.00,-4.63
,49324130,08/06/2020 09:50,08/06/2020 12:52,EURUSD,Buy,0.020,0.00000,0.00000,1.18781,1.18663,0.0000,0.0000,-11.8,-2.36,-0.04,"",0,00:03:02:31,0.0,0s,36.0,36.10,0.0,0.0,-36.0,-7.2,0.0,67.2,-11.80,-2.36
,49326045,08/06/2020 10:11,08/06/2020 12:52,EURUSD,Buy,0.020,0.00000,0.00000,1.18743,1.18666,0.0000,0.0000,-7.7,-1.54,-0.03,"",0,00:02:41:45,0.0,0s,32.2,32.26,0.0,0.0,-32.2,-6.440000000000001,0.0,76.1,-7.70,-1.54
,49328210,08/06/2020 10:31,08/06/2020 12:52,EURUSD,Buy,0.050,0.00000,0.00000,1.18604,1.18670,0.0000,0.0000,6.6,3.30,0.06,"",0,00:02:21:42,50.0,1h 10m,18.3,2.77,6.6,3.3,-18.3,-9.15,26.5,100.0,0.00,0.00
,49292998,08/05/2020 17:52,08/06/2020 07:44,XAUUSD,Buy,0.010,2026.40000,0.00000,2050.43000,2042.58000,0.0000,-0.3500,-785.0,-8.20,-0.14,"",0,00:13:52:54,0.0,0s,1833.0,2000.00,0.0,0.0,-1833.0,-18.330000000000002,0.0,57.2,-785.00,-7.85
,49293465,08/05/2020 17:57,08/06/2020 04:51,XAUUSD,Buy,0.010,2026.40000,0.00000,2044.57000,2041.52000,0.0000,-0.3500,-305.0,-3.40,-0.06,"",0,00:10:54:01,0.0,0s,1247.0,1250.00,0.0,0.0,-1247.0,-12.47,0.0,75.5,-305.00,-3.05
,49301705,08/05/2020 19:52,08/06/2020 04:50,XAUUSD,Buy,0.010,2026.40000,0.00000,2031.55000,2041.64000,0.0000,-0.3500,1009.0,9.74,0.17,"",0,00:08:57:59,100.0,8h 57m,582.0,0.00,1093.0,10.93,0.0,0.0,100.0,92.3,-84.00,-0.84
,49301660,08/05/2020 19:52,08/06/2020 04:50,XAUUSD,Buy,0.050,2024.80000,0.00000,2031.48000,2041.66000,0.0000,-1.7400,1018.0,49.16,0.86,"",0,00:08:58:27,100.0,8h 58m,582.0,0.00,1100.0,55.0,0.0,0.0,100.0,92.5,-82.00,-4.10
,49301796,08/05/2020 19:54,08/05/2020 20:18,XAUUSD,Buy,0.030,2024.80000,0.00000,2030.35000,2037.24000,0.0000,0.0000,689.0,20.67,0.36,"",0,00:00:23:36,,,,,,,,,,,,
,49250575,08/05/2020 09:39,08/05/2020 19:52,XAUUSD,Sell,0.010,0.00000,0.00000,2027.02000,2031.27000,0.0000,0.0000,-425.0,-4.25,-0.07,"",0,00:10:12:31,0.0,0s,2354.0,2500.00,0.0,0.0,-2354.0,-23.54,0.0,81.9,-425.00,-4.25
,49300752,08/05/2020 19:40,08/05/2020 19:51,XAUUSD,Buy,0.030,2029.70000,0.00000,2034.59000,2029.08000,0.0000,0.0000,-551.0,-16.53,-0.29,"[sl]",0,00:00:11:35,,,,,,,,,,,,
,49299081,08/05/2020 19:25,08/05/2020 19:51,XAUUSD,Buy,0.010,2029.70000,0.00000,2035.83000,2029.08000,0.0000,0.0000,-675.0,-6.75,-0.12,"[sl]",0,00:00:26:46,,,,,,,,,,,,
,49298671,08/05/2020 19:17,08/05/2020 19:51,XAUUSD,Buy,0.010,2029.70000,0.00000,2037.01000,2029.08000,0.0000,0.0000,-793.0,-7.93,-0.14,"[sl]",0,00:00:34:03,,,,,,,,,,,,
,49298664,08/05/2020 19:17,08/05/2020 19:51,XAUUSD,Buy,0.010,2029.70000,0.00000,2036.60000,2029.08000,0.0000,0.0000,-752.0,-7.52,-0.13,"[sl]",0,00:00:34:14,,,,,,,,,,,,
,49292230,08/05/2020 13:19,08/05/2020 19:51,XAUUSD,Buy,0.020,2029.40000,0.00000,2041.08000,2029.08000,0.0000,0.0000,-1200.0,-24.00,-0.42,"from #49271268[sl]",0,00:06:32:07,46.2,3h 1m,2148.0,1.27,948.0,18.96,-1200.0,-24.0,44.1,0.0,-2148.00,-42.96
,49261118,08/05/2020 11:25,08/05/2020 19:40,XAUUSD,Sell,0.010,0.00000,0.00000,2028.88000,2034.97000,0.0000,0.0000,-609.0,-6.09,-0.11,"",0,00:08:15:41,0.0,0s,2168.0,2500.00,0.0,0.0,-2168.0,-21.68,0.0,71.9,-609.00,-6.09
,49262010,08/05/2020 11:32,08/05/2020 19:24,XAUUSD,Sell,0.010,0.00000,0.00000,2031.21000,2035.50000,0.0000,0.0000,-429.0,-4.29,-0.07,"",0,00:07:51:55,0.0,0s,1935.0,2000.00,0.0,0.0,-1935.0,-19.35,0.0,77.8,-429.00,-4.29
,49294142,08/05/2020 18:02,08/05/2020 18:32,XAUUSD,Buy,0.010,0.00000,0.00000,2043.08000,2047.42000,0.0000,0.0000,434.0,4.34,0.08,"",0,00:00:30:43,,,,,,,,,,,,
,49271268,08/05/2020 13:19,08/05/2020 17:40,XAUUSD,Buy,0.020,0.00000,0.00000,2041.08000,2052.12000,0.0000,0.0000,1104.0,22.08,0.39,"to #49292230",0,00:04:20:38,55.6,2h 24m,780.0,0.54,1104.0,22.080000000000002,-598.0,-11.96,64.9,100.0,0.00,0.00
,49284401,08/05/2020 16:20,08/05/2020 17:40,XAUUSD,Buy,0.010,0.00000,0.00000,2039.07000,2052.32000,0.0000,0.0000,1325.0,13.25,0.23,"",0,00:01:19:57,,,,,,,,,,,,
,49235540,08/05/2020 01:31,08/05/2020 05:27,XAUUSD,Sell,0.010,0.00000,0.00000,2021.39000,2014.43000,0.0000,0.0000,696.0,6.96,0.12,"",0,00:03:56:12,71.5,2h 48m,950.0,1.18,803.0,8.03,-950.0,-9.5,45.8,93.9,-107.00,-1.07
,49235354,08/05/2020 01:22,08/05/2020 05:27,XAUUSD,Sell,0.010,0.00000,0.00000,2024.55000,2014.43000,0.0000,0.0000,1012.0,10.12,0.18,"",0,00:04:04:59,87.5,3h 34m,780.0,0.57,1119.0,11.19,-634.0,-6.34,63.8,93.9,-107.00,-1.07
,49233557,08/04/2020 23:25,08/05/2020 05:27,XAUUSD,Sell,0.010,0.00000,0.00000,2016.93000,2014.43000,0.0000,0.0100,250.0,2.51,0.04,"",0,00:06:01:52,33.4,2h 0m,1396.0,3.91,357.0,3.5700000000000003,-1396.0,-13.96,20.4,93.9,-107.00,-1.07
,49225283,08/04/2020 20:32,08/04/2020 21:53,XAUUSD,Sell,0.010,0.00000,0.00000,2003.45000,2002.44000,0.0000,0.0000,101.0,1.01,0.02,"",0,00:01:20:38,,,,,,,,,,,,
,49225247,08/04/2020 20:31,08/04/2020 21:53,XAUUSD,Sell,0.010,0.00000,0.00000,2002.92000,2002.35000,0.0000,0.0000,57.0,0.57,0.01,"",0,00:01:21:34,,,,,,,,,,,,
,49224899,08/04/2020 20:24,08/04/2020 21:53,XAUUSD,Sell,0.010,0.00000,0.00000,2005.12000,2002.04000,0.0000,0.0000,308.0,3.08,0.05,"",0,00:01:28:43,,,,,,,,,,,,
,49225597,08/04/2020 20:41,08/04/2020 21:53,XAUUSD,Sell,0.010,0.00000,0.00000,2004.27000,2001.82000,0.0000,0.0000,245.0,2.45,0.04,"",0,00:01:11:46,,,,,,,,,,,,
,49225803,08/04/2020 20:45,08/04/2020 21:53,XAUUSD,Sell,0.050,0.00000,0.00000,2005.20000,2001.54000,0.0000,0.0000,366.0,18.30,0.32,"",0,00:01:07:16,,,,,,,,,,,,
,49224893,08/04/2020 20:24,08/04/2020 21:53,XAUUSD,Sell,0.010,0.00000,0.00000,2005.35000,2001.61000,0.0000,0.0000,374.0,3.74,0.07,"",0,00:01:28:37,,,,,,,,,,,,
,49226607,08/04/2020 21:02,08/04/2020 21:53,XAUUSD,Sell,0.100,0.00000,0.00000,2007.57000,2001.79000,0.0000,0.0000,578.0,57.80,1.03,"",0,00:00:50:40,,,,,,,,,,,,
,49200748,08/04/2020 15:45,08/04/2020 15:57,XAUUSD,Sell,0.020,0.00000,0.00000,1973.45000,1972.78000,0.0000,0.0000,67.0,1.34,0.02,"",0,00:00:12:11,,,,,,,,,,,,
,49181312,08/04/2020 11:10,08/04/2020 14:22,XAUUSD,Sell,0.050,0.00000,0.00000,1974.95000,1974.08000,0.0000,0.0000,87.0,4.35,0.08,"",0,00:03:12:02,66.7,2h 8m,257.0,0.58,344.0,17.2,-198.0,-9.9,63.5,52.6,-257.00,-12.85
,49186254,08/04/2020 12:14,08/04/2020 14:22,XAUUSD,Sell,0.050,0.00000,0.00000,1976.23000,1974.08000,0.0000,0.0000,215.0,10.75,0.19,"",0,00:02:07:59,100.0,2h 7m,257.0,0.00,472.0,23.6,0.0,0.0,100.0,45.6,-257.00,-12.85
,49131171,08/03/2020 15:41,08/03/2020 15:47,XAUUSD,Sell,0.010,0.00000,0.00000,1970.23000,1968.93000,0.0000,0.0000,130.0,1.30,0.02,"",0,00:00:06:12,,,,,,,,,,,,
,49130721,08/03/2020 15:35,08/03/2020 15:47,XAUUSD,Sell,0.010,0.00000,0.00000,1970.27000,1968.91000,0.0000,0.0000,136.0,1.36,0.02,"",0,00:00:11:44,,,,,,,,,,,,
,49131036,08/03/2020 15:40,08/03/2020 15:47,XAUUSD,Sell,0.010,0.00000,0.00000,1971.16000,1968.89000,0.0000,0.0000,227.0,2.27,0.04,"",0,00:00:07:15,,,,,,,,,,,,
,49118533,08/03/2020 12:52,08/03/2020 13:07,XAUUSD,Sell,0.010,0.00000,0.00000,1971.79000,1971.17000,0.0000,0.0000,62.0,0.62,0.01,"",0,00:00:15:09,,,,,,,,,,,,
,49047553,07/31/2020 15:36,07/31/2020 16:07,XAUUSD,Sell,0.050,0.00000,0.00000,1974.39000,1967.70000,0.0000,0.0000,669.0,33.45,0.60,"",0,00:00:31:05,,,,,,,,,,,,
,48815780,07/27/2020 09:36,07/28/2020 10:42,XAUUSD,Sell,0.010,0.00000,0.00000,1931.66000,1919.11000,0.0000,0.0000,1255.0,12.55,0.23,"from #48746987",0,01:01:06:36,8.0,2h 0m,3995.0,2.15,1856.0,18.56,-3995.0,-39.95,31.7,89.7,-601.00,-6.01
,48746987,07/27/2020 09:36,07/28/2020 08:32,XAUUSD,Sell,0.010,0.00000,0.00000,1931.66000,1936.17000,0.0000,0.0100,-451.0,-4.50,-0.08,"to #48815780",0,00:22:55:58,0.0,0s,3995.0,5000.00,0.0,0.0,-3995.0,-39.95,0.0,88.7,-451.00,-4.51
,48799673,07/27/2020 23:51,07/28/2020 08:32,XAUUSD,Sell,0.050,0.00000,0.00000,1940.64000,1935.76000,0.0000,0.0300,488.0,24.43,0.44,"",0,00:08:41:02,22.3,1h 56m,3097.0,6.35,488.0,24.400000000000002,-3097.0,-154.85000000000002,13.6,100.0,0.00,0.00
,48795607,07/27/2020 21:17,07/28/2020 08:29,XAUUSD,Sell,0.030,0.00000,0.00000,1938.57000,1938.06000,0.0000,0.0200,51.0,1.55,0.03,"",0,00:11:12:26,9.1,1h 1m,3304.0,64.94,51.0,1.53,-3304.0,-99.11999999999999,1.5,100.0,0.00,0.00
,48813940,07/28/2020 07:37,07/28/2020 08:29,XAUUSD,Sell,0.050,0.00000,0.00000,1944.11000,1938.16000,0.0000,0.0000,595.0,29.75,0.54,"",0,00:00:52:12,,,,,,,,,,,,
,48795595,07/27/2020 21:16,07/27/2020 21:57,XAUUSD,Sell,0.030,0.00000,0.00000,1938.86000,1934.92000,0.0000,0.0000,394.0,11.82,0.22,"",0,00:00:40:29,,,,,,,,,,,,
,48787064,07/27/2020 18:06,07/27/2020 20:05,XAUUSD,Sell,0.050,0.00000,0.00000,1940.40000,1935.82000,0.0000,0.0000,458.0,22.90,0.42,"",0,00:01:58:58,,,,,,,,,,,,
,48746026,07/27/2020 09:14,07/27/2020 19:47,XAUUSD,Sell,0.030,0.00000,0.00000,1934.10000,1932.21000,0.0000,0.0000,189.0,5.67,0.10,"",0,00:10:32:41,20.0,2h 6m,1148.0,4.93,216.0,6.4799999999999995,-1065.0,-31.95,16.9,97.9,-27.00,-0.81
,48747749,07/27/2020 09:50,07/27/2020 19:46,XAUUSD,Sell,0.020,0.00000,0.00000,1934.56000,1932.57000,0.0000,0.0000,199.0,3.98,0.07,"",0,00:09:56:02,20.0,1h 59m,1148.0,3.89,262.0,5.24,-1019.0,-20.38,20.5,95.1,-63.00,-1.26
,48756329,07/27/2020 11:46,07/27/2020 15:11,XAUUSD,Sell,0.100,0.00000,0.00000,1940.87000,1935.32000,0.0000,0.0000,555.0,55.50,1.03,"",0,00:03:25:14,,,,,,,,,,,,
,48644261,07/23/2020 18:44,07/23/2020 20:29,XAUUSD,Sell,0.100,0.00000,0.00000,1895.66000,1891.74000,0.0000,0.0000,392.0,39.20,0.73,"",0,00:01:45:08,,,,,,,,,,,,
,48642316,07/23/2020 18:27,07/23/2020 20:29,XAUUSD,Sell,0.100,0.00000,0.00000,1891.82000,1891.65000,0.0000,0.0000,17.0,1.70,0.03,"",0,00:02:02:24,,,,,,,,,,,,
,48642925,07/23/2020 18:33,07/23/2020 20:29,XAUUSD,Sell,0.100,0.00000,0.00000,1894.25000,1891.88000,0.0000,0.0000,237.0,23.70,0.45,"",0,00:01:56:12,,,,,,,,,,,,
,48327533,07/17/2020 11:36,07/17/2020 14:52,EURUSD,Buy,0.050,0.00000,0.00000,1.14037,1.14219,0.0000,0.0000,18.2,9.10,0.17,"",0,00:03:15:38,,,,,,,,,,,,
,48327694,07/17/2020 11:39,07/17/2020 14:52,XAUUSD,Buy,0.050,0.00000,0.00000,1802.10000,1805.43000,0.0000,0.0000,333.0,16.65,0.31,"",0,00:03:12:42,,,,,,,,,,,,
,47996523,07/10/2020 15:41,07/13/2020 01:22,EURUSD,Buy,0.100,0.00000,0.00000,1.12926,1.13114,0.0000,-0.6200,18.8,18.18,0.34,"",0,02:09:41:09,100.0,2d 9h ,23.1,0.04,27.1,27.1,0.0,0.0,100.0,69.4,-8.30,-8.30
,47703738,07/06/2020 01:06,07/06/2020 10:00,XAUUSD,Buy,0.020,0.00000,0.00000,1774.83000,1775.92000,0.0000,0.0000,109.0,2.18,0.04,"",0,00:08:54:25,44.5,3h 57m,349.0,1.47,184.0,3.68,-270.0,-5.4,40.5,83.5,-75.00,-1.50
,47714819,07/06/2020 07:39,07/06/2020 10:00,XAUUSD,Buy,0.050,0.00000,0.00000,1773.23000,1775.94000,0.0000,0.0000,271.0,13.55,0.26,"",0,00:02:21:10,,,,,,,,,,,,
,47510771,06/30/2020 16:00,06/30/2020 20:07,XAUUSD,Buy,0.050,0.00000,0.00000,1769.94000,1783.63000,0.0000,0.0000,1369.0,68.45,1.32,"",0,00:04:07:02,100.0,4h 7m,363.0,0.00,1369.0,68.45,0.0,0.0,100.0,100.0,0.00,0.00
,47506771,06/30/2020 14:52,06/30/2020 17:18,XAUUSD,Buy,0.100,0.00000,0.00000,1768.56000,1774.02000,0.0000,0.0000,546.0,54.60,1.06,"",0,00:02:25:52,,,,,,,,,,,,
,47497208,06/30/2020 11:47,06/30/2020 17:18,XAUUSD,Buy,0.100,0.00000,0.00000,1772.85000,1773.99000,0.0000,0.0000,114.0,11.40,0.22,"",0,00:05:30:57,33.4,1h 50m,706.0,0.86,820.0,82.0,-702.0,-70.2,53.9,53.6,-706.00,-70.60
,47484320,06/30/2020 07:12,06/30/2020 17:18,XAUUSD,Buy,0.010,0.00000,0.00000,1772.12000,1773.91000,0.0000,0.0000,179.0,1.79,0.03,"",0,00:10:05:53,40.0,4h 2m,764.0,0.70,893.0,8.93,-629.0,-6.29,58.7,53.1,-714.00,-7.14
,47488909,06/30/2020 09:28,06/30/2020 17:18,XAUUSD,Buy,0.050,0.00000,0.00000,1772.90000,1774.06000,0.0000,0.0000,116.0,5.80,0.11,"",0,00:07:49:57,25.0,1h 57m,707.0,0.87,815.0,40.75,-707.0,-35.35,53.5,54.1,-699.00,-34.95
,47507135,06/30/2020 14:58,06/30/2020 17:18,XAUUSD,Buy,0.100,0.00000,0.00000,1767.52000,1774.01000,0.0000,0.0000,649.0,64.90,1.28,"",0,00:02:20:22,,,,,,,,,,,,
,47336732,06/25/2020 18:37,06/25/2020 19:32,XAUUSD,Buy,0.100,1754.80000,0.00000,1759.91000,1763.29000,0.0000,0.0000,338.0,33.80,0.67,"",0,00:00:54:40,,,,,,,,,,,,
,47247985,06/24/2020 13:04,06/24/2020 14:47,XAUUSD,Sell,0.030,0.00000,0.00000,1778.59000,1776.60000,0.0000,0.0000,199.0,5.97,0.12,"",0,00:01:43:01,,,,,,,,,,,,
,47218898,06/23/2020 23:06,06/24/2020 09:45,XAUUSD,Sell,0.150,0.00000,0.00000,1769.57000,1767.51000,0.0000,0.0800,206.0,30.98,0.62,"",0,00:10:38:37,,,,,,,,,,,,
,47214628,06/23/2020 20:41,06/23/2020 21:54,XAUUSD,Sell,0.050,1768.80000,0.00000,1765.89000,1768.85000,0.0000,0.0000,-296.0,-14.80,-0.30,"[sl]",0,00:01:13:14,,,,,,,,,,,,
,47213970,06/23/2020 20:16,06/23/2020 21:54,XAUUSD,Sell,0.050,1768.80000,0.00000,1765.38000,1768.85000,0.0000,0.0000,-347.0,-17.35,-0.35,"[sl]",0,00:01:38:27,,,,,,,,,,,,
,47149739,06/22/2020 20:11,06/23/2020 09:24,XAUUSD,Sell,0.020,0.00000,0.00000,1754.36000,1752.53000,0.0000,0.0100,183.0,3.67,0.07,"",0,00:13:13:31,,,,,,,,,,,,
,47148298,06/22/2020 19:31,06/23/2020 09:24,XAUUSD,Sell,0.020,0.00000,0.00000,1755.59000,1752.49000,0.0000,0.0100,310.0,6.21,0.12,"",0,00:13:52:59,,,,,,,,,,,,
,47147799,06/22/2020 19:14,06/23/2020 09:24,XAUUSD,Sell,0.020,0.00000,0.00000,1756.49000,1752.56000,0.0000,0.0100,393.0,7.87,0.16,"",0,00:14:09:24,,,,,,,,,,,,
,47090518,06/21/2020 09:34,,,Deposit,0.000,0.00000,0.00000,0.00000,0.00000,0.0000,0.0000,0.0,5000.00,0,"Deposit LPB-CC-BZ USD #8301557",0,00:00:00:00,,,,,,,,,,,,

