Tags,Ticket,Open Date,Close Date,Symbol,Action,Units/Lots,SL,TP,Open Price,Close Price,Commission,Swap,Pips,Profit,Gain,Comment,Magic Number,Duration (DD:HH:MM:SS),Profitable(%),Profitable(time duration),Drawdown,Risk:Reward,Max(pips),Max(USD),Min(pips),Min(USD),Entry Accuracy(%),Exit Accuracy(%),ProfitMissed(pips),ProfitMissed(USD)
,89722386,12/26/2020 18:04,,,Withdrawal,0.010,0.00000,0.00000,0.00000,0.00000,0.0000,0.0000,0.0,-6.89,0,"Transfer to 10189649 #10067220",0,00:00:00:00,,,,,,,,,,,,
,76851115,04/13/2020 14:21,04/13/2020 18:07,EURUSD,Buy,0.150,0.00000,0.00000,1.09127,1.08936,0.0000,0.0000,-19.1,-28.65,-80.61,"[stopout]",0,00:03:45:34,65.5,2h 27m,36.7,1.09,17.6,26.400000000000002,-19.1,-28.650000000000002,48.0,0.0,-36.70,-55.05
,76851114,04/13/2020 14:21,04/13/2020 18:07,EURUSD,Buy,0.150,0.00000,0.00000,1.09127,1.08936,0.0000,0.0000,-19.1,-28.65,-44.63,"[stopout]",0,00:03:45:37,65.5,2h 27m,36.7,1.09,17.6,26.400000000000002,-19.1,-28.650000000000002,48.0,0.0,-36.70,-55.05
,76851112,04/13/2020 14:21,04/13/2020 18:07,EURUSD,Buy,0.150,0.00000,0.00000,1.09127,1.08936,0.0000,0.0000,-19.1,-28.65,-30.86,"[stopout]",0,00:03:45:41,65.5,2h 27m,36.7,1.09,17.6,26.400000000000002,-19.1,-28.650000000000002,48.0,0.0,-36.70,-55.05
,76851105,04/13/2020 14:21,04/13/2020 18:07,EURUSD,Buy,0.150,0.00000,0.00000,1.09128,1.08936,0.0000,0.0000,-19.2,-28.80,-23.68,"[stopout]",0,00:03:45:45,65.1,2h 26m,36.7,1.10,17.5,26.25,-19.2,-28.799999999999997,47.7,0.0,-36.70,-55.05
,76152112,04/01/2020 02:09,,,Deposit,0.010,0.00000,0.00000,0.00000,0.00000,0.0000,0.0000,0.0,14.49,0,"IR #57",0,00:00:00:00,,,,,,,,,,,,
,76151581,04/01/2020 02:05,,,Deposit,0.010,0.00000,0.00000,0.00000,0.00000,0.0000,0.0000,0.0,4.33,0,"IR #57 VIP",0,00:00:00:00,,,,,,,,,,,,
,76149993,04/01/2020 01:35,,,Deposit,0.010,0.00000,0.00000,0.00000,0.00000,0.0000,0.0000,0.0,102.82,0,"Rebate",0,00:00:00:00,,,,,,,,,,,,
,75417187,03/16/2020 13:32,,,Deposit,0.010,0.00000,0.00000,0.00000,0.00000,0.0000,0.0000,0.0,360.35,0,"Balance reset",0,00:00:00:00,,,,,,,,,,,,
,75406402,03/16/2020 09:51,03/16/2020 11:33,XAUUSD,Buy,3.000,0.00000,0.00000,1534.28000,1522.27000,0.0000,0.0000,-1201.0,-3603.00,-111.11,"[stopout]",0,00:01:42:51,70.0,1h 11m,2182.0,2.58,610.0,1830.0,-1572.0,-4716.0,28.0,17.0,-1811.00,-5433.00
,75406267,03/16/2020 09:48,03/16/2020 11:33,XAUUSD,Buy,0.500,0.00000,0.00000,1534.60000,1522.27000,0.0000,0.0000,-1233.0,-616.50,-15.98,"[stopout]",0,00:01:45:14,62.0,1h 5m,2182.0,2.78,578.0,289.0,-1604.0,-802.0,26.5,17.0,-1811.00,-905.50
,75406228,03/16/2020 09:47,03/16/2020 10:39,XAUUSD,Buy,0.500,0.00000,0.00000,1531.20000,1538.82000,0.0000,0.0000,762.0,381.00,10.95,"",0,00:00:51:23,100.0,51m,109.0,0.00,871.0,435.5,0.0,0.0,100.0,87.5,-109.00,-54.50
,75406465,03/16/2020 09:53,03/16/2020 10:39,XAUUSD,Buy,0.500,0.00000,0.00000,1534.45000,1538.76000,0.0000,0.0000,431.0,215.50,6.61,"",0,00:00:45:54,66.7,30m,305.0,0.56,546.0,273.0,-305.0,-152.5,64.2,86.5,-115.00,-57.50
,75406392,03/16/2020 09:50,,,Deposit,0.010,0.00000,0.00000,0.00000,0.00000,0.0000,0.0000,0.0,3000.00,0,"Deposit LPB-CC-BZ USD #7404882",0,00:00:00:00,,,,,,,,,,,,
,75405889,03/16/2020 09:39,03/16/2020 09:47,XAUUSD,Buy,5.000,0.00000,0.00000,1535.17000,1529.69000,0.0000,0.0000,-548.0,-2740.00,-91.25,"[stopout]",0,00:00:08:01,,,,,,,,,,,,
,75405819,03/16/2020 09:38,,,Deposit,0.010,0.00000,0.00000,0.00000,0.00000,0.0000,0.0000,0.0,3000.00,0,"Deposit LPB-CC-BZ USD #7404713",0,00:00:00:00,,,,,,,,,,,,
,75380290,03/13/2020 18:06,03/13/2020 18:22,XAUUSD,Buy,0.050,0.00000,0.00000,1534.03000,1529.00000,0.0000,0.0000,-503.0,-25.15,-90.47,"[stopout]",0,00:00:16:49,41.2,6m,885.0,1.32,382.0,19.1,-503.0,-25.150000000000002,43.2,0.0,-885.00,-44.25
,75377986,03/13/2020 17:44,03/13/2020 17:45,XAUUSD,Buy,0.500,0.00000,0.00000,1548.25000,1543.29000,0.0000,0.0000,-496.0,-248.00,-89.92,"[stopout]",0,00:00:00:49,,,,,,,,,,,,
,75375996,03/13/2020 17:01,03/13/2020 17:43,XAUUSD,Buy,1.000,1542.00000,0.00000,1564.37000,1545.90000,0.0000,0.0000,-1847.0,-1847.00,-87.01,"[stopout]",0,00:00:42:09,38.1,16m,2105.0,7.16,258.0,258.0,-1847.0,-1847.0,12.3,0.0,-2105.00,-2105.00
,75373159,03/13/2020 15:56,03/13/2020 17:43,XAUUSD,Buy,0.500,0.00000,0.00000,1576.80000,1545.90000,0.0000,0.0000,-3090.0,-1545.00,-42.12,"[stopout]",0,00:01:47:37,4.7,5m,3474.0,8.05,384.0,192.0,-3090.0,-1545.0,11.1,0.0,-3474.00,-1737.00
,75372487,03/13/2020 15:41,03/13/2020 17:43,XAUUSD,Buy,0.500,0.00000,0.00000,1579.83000,1545.90000,0.0000,0.0000,-3393.0,-1696.50,-31.63,"[stopout]",0,00:02:01:45,9.1,11m,3703.0,10.95,310.0,155.0,-3393.0,-1696.5,8.4,0.0,-3703.00,-1851.50
,75358377,03/13/2020 03:49,03/13/2020 17:43,XAUUSD,Buy,4.500,0.00000,0.00000,1557.65000,1545.90000,0.0000,0.0000,-1175.0,-5287.50,-49.64,"from #75353962 [stopout]",0,00:13:53:54,95.9,13h 19m,5102.0,0.37,3730.0,16785.0,-1372.0,-6174.0,73.1,3.9,-4905.00,-22072.50
,75368818,03/13/2020 14:35,03/13/2020 14:47,XAUUSD,Buy,1.000,0.00000,0.00000,1586.72000,1593.15000,0.0000,0.0000,643.0,643.00,6.42,"",0,00:00:11:50,83.4,9m,177.0,0.16,732.0,732.0,-118.0,-118.0,86.1,89.5,-89.00,-89.00
,75358632,03/13/2020 10:14,03/13/2020 14:24,XAUUSD,Buy,0.500,0.00000,0.00000,1585.86000,1588.85000,0.0000,0.0000,299.0,149.50,1.52,"",0,00:04:10:01,56.1,2h 20m,923.0,1.33,440.0,220.0,-585.0,-292.5,42.9,86.2,-141.00,-70.50
,75358544,03/13/2020 10:11,03/13/2020 14:24,XAUUSD,Buy,0.500,0.00000,0.00000,1585.17000,1589.64000,0.0000,0.0000,447.0,223.50,2.32,"",0,00:04:12:21,64.0,2h 41m,923.0,1.01,509.0,254.5,-516.0,-258.0,49.7,94.0,-62.00,-31.00
,75366361,03/13/2020 13:53,03/13/2020 14:09,XAUUSD,Buy,0.500,0.00000,0.00000,1582.35000,1587.07000,0.0000,0.0000,472.0,236.00,2.51,"",0,00:00:16:24,43.8,7m,200.0,0.40,504.0,252.0,-200.0,-100.0,71.6,95.5,-32.00,-16.00
,75358978,03/13/2020 10:18,03/13/2020 11:00,XAUUSD,Buy,0.500,0.00000,0.00000,1583.64000,1585.82000,0.0000,0.0000,218.0,109.00,1.17,"",0,00:00:41:52,66.7,27m,367.0,1.43,254.0,127.0,-363.0,-181.5,41.2,94.2,-36.00,-18.00
,75353962,03/13/2020 03:49,03/13/2020 10:08,XAUUSD,Buy,0.500,0.00000,0.00000,1557.65000,1589.47000,0.0000,0.0000,3182.0,1591.00,20.66,"to #75358377",0,00:06:18:40,94.8,5h 58m,733.0,0.13,3486.0,1743.0,-454.0,-227.0,88.5,92.3,-304.00,-152.00
,75350147,03/13/2020 03:49,03/13/2020 07:35,XAUUSD,Buy,1.000,0.00000,0.00000,1557.65000,1583.34000,0.0000,0.0000,2569.0,2569.00,50.07,"to #75353962",0,00:03:45:34,91.4,3h 26m,733.0,0.14,3252.0,3252.0,-454.0,-454.0,87.7,81.6,-683.00,-683.00
,75350150,03/13/2020 03:49,03/13/2020 04:12,XAUUSD,Buy,1.000,0.00000,0.00000,1557.96000,1558.84000,0.0000,0.0000,88.0,88.00,1.75,"",0,00:00:22:36,40.0,9m,485.0,5.51,88.0,88.0,-485.0,-485.0,15.4,100.0,0.00,0.00
,75350134,03/13/2020 03:48,,,Deposit,0.010,0.00000,0.00000,0.00000,0.00000,0.0000,0.0000,0.0,5000.00,0,"Deposit LPB-CC-BZ USD #7381510",0,00:00:00:00,,,,,,,,,,,,
,75350101,03/13/2020 03:46,03/13/2020 03:48,XAUUSD,Buy,0.500,0.00000,0.00000,1557.47000,1554.41000,0.0000,0.0000,-306.0,-153.00,-78.14,"[stopout]",0,00:00:01:58,,,,,,,,,,,,
,75350079,03/13/2020 03:44,03/13/2020 03:48,XAUUSD,Buy,0.200,0.00000,0.00000,1557.16000,1554.41000,0.0000,0.0000,-275.0,-55.00,-21.93,"[stopout]",0,00:00:03:35,,,,,,,,,,,,
,75334939,03/12/2020 18:36,03/13/2020 03:43,XAUUSD,Buy,2.000,0.00000,0.00000,1577.84000,1553.99000,0.0000,-18.0000,-2385.0,-4788.00,-95.02,"[stopout]",0,00:09:06:30,43.2,3h 56m,5154.0,0.86,2769.0,5538.0,-2385.0,-4770.0,53.7,0.0,-5154.00,-10308.00
,75334765,03/12/2020 18:34,03/13/2020 03:43,XAUUSD,Buy,2.000,0.00000,0.00000,1581.17000,1553.99000,0.0000,-18.0000,-2718.0,-5454.00,-51.98,"[stopout]",0,00:09:08:28,20.0,1h 49m,5154.0,1.12,2436.0,4872.0,-2718.0,-5436.0,47.3,0.0,-5154.00,-10308.00
,75334720,03/12/2020 18:33,03/13/2020 03:43,XAUUSD,Buy,2.000,0.00000,0.00000,1580.22000,1553.99000,0.0000,-18.0000,-2623.0,-5264.00,-33.41,"[stopout]",0,00:09:09:12,22.8,2h 5m,5154.0,1.04,2531.0,5062.0,-2623.0,-5246.0,49.1,0.0,-5154.00,-10308.00
,75344164,03/12/2020 21:23,03/12/2020 22:32,XAUUSD,Buy,1.500,0.00000,0.00000,1574.16000,1576.13000,0.0000,0.0000,197.0,295.50,1.91,"",0,00:01:08:52,7.2,4m,651.0,3.30,197.0,295.5,-651.0,-976.5,23.2,100.0,0.00,0.00
,75342111,03/12/2020 20:32,03/12/2020 20:54,XAUUSD,Buy,2.000,1573.90000,0.00000,1579.11000,1581.54000,0.0000,0.0000,243.0,486.00,3.25,"",0,00:00:21:53,75.0,16m,177.0,0.73,243.0,486.0,-177.0,-354.0,57.9,100.0,0.00,0.00
,75334714,03/12/2020 18:33,03/12/2020 19:02,XAUUSD,Buy,2.000,0.00000,0.00000,1580.15000,1605.00000,0.0000,0.0000,2485.0,4970.00,49.67,"",0,00:00:28:25,66.7,18m,480.0,0.19,2485.0,4970.0,-480.0,-960.0,83.8,100.0,0.00,0.00
,75334710,03/12/2020 18:33,,,Deposit,0.010,0.00000,0.00000,0.00000,0.00000,0.0000,0.0000,0.0,10000.00,0,"Deposit LPB-CC-BZ USD #7377081",0,00:00:00:00,,,,,,,,,,,,
,75333463,03/12/2020 18:10,03/12/2020 18:16,XAUUSD,Buy,0.100,0.00000,0.00000,1573.07000,1568.57000,0.0000,0.0000,-450.0,-45.00,-89.46,"[stopout]",0,00:00:05:33,,,,,,,,,,,,
,75332993,03/12/2020 18:04,03/12/2020 18:08,XAUUSD,Buy,0.800,0.00000,0.00000,1572.14000,1569.48000,0.0000,0.0000,-266.0,-212.80,-80.88,"[stopout]",0,00:00:03:44,,,,,,,,,,,,
,75329172,03/12/2020 17:12,03/12/2020 17:51,XAUUSD,Buy,1.000,0.00000,0.00000,1577.27000,1565.64000,0.0000,0.0000,-1163.0,-1163.00,-81.55,"[stopout]",0,00:00:38:20,0.0,0s,1506.0,1666.67,0.0,0.0,-1506.0,-1506.0,0.0,22.8,-1163.00,-1163.00
,75329135,03/12/2020 17:12,03/12/2020 17:51,XAUUSD,Buy,3.000,0.00000,0.00000,1576.85000,1565.64000,0.0000,0.0000,-1121.0,-3363.00,-70.22,"[stopout]",0,00:00:38:35,12.5,4m,1506.0,34.97,42.0,126.0,-1464.0,-4392.0,2.8,22.8,-1163.00,-3489.00
,75329074,03/12/2020 17:11,03/12/2020 17:51,XAUUSD,Buy,0.300,0.00000,0.00000,1576.67000,1565.64000,0.0000,0.0000,-1103.0,-330.90,-6.46,"[stopout]",0,00:00:39:20,12.5,4m,1506.0,24.15,60.0,18.0,-1446.0,-433.8,4.0,22.8,-1163.00,-348.90
,75329120,03/12/2020 17:12,,,Deposit,0.010,0.00000,0.00000,0.00000,0.00000,0.0000,0.0000,0.0,5000.00,0,"Deposit CARDPAY USD #7375362",0,00:00:00:00,,,,,,,,,,,,
,75327136,03/12/2020 16:35,03/12/2020 17:09,XAUUSD,Buy,5.000,0.00000,0.00000,1582.29000,1572.53000,0.0000,0.0000,-976.0,-4880.00,-97.60,"[stopout]",0,00:00:34:22,33.4,11m,1477.0,1.95,501.0,2505.0,-976.0,-4880.0,33.9,0.0,-1477.00,-7385.00
,75327122,03/12/2020 16:35,,,Deposit,0.010,0.00000,0.00000,0.00000,0.00000,0.0000,0.0000,0.0,5000.00,0,"Deposit LPB-CC-BZ USD #7374711",0,00:00:00:00,,,,,,,,,,,,
,75325951,03/12/2020 16:20,,,Deposit,0.010,0.00000,0.00000,0.00000,0.00000,0.0000,0.0000,0.0,1.79,0,"Balance reset",0,00:00:00:00,,,,,,,,,,,,
,75325824,03/12/2020 16:18,03/12/2020 16:20,XAUUSD,Buy,0.500,0.00000,0.00000,1580.04000,1575.63000,0.0000,0.0000,-441.0,-220.50,-100.82,"[stopout]",0,00:00:01:25,,,,,,,,,,,,
,75322045,03/12/2020 15:40,03/12/2020 16:14,XAUUSD,Buy,1.000,0.00000,0.00000,1593.52000,1580.55000,0.0000,0.0000,-1297.0,-1297.00,-85.57,"[stopout]",0,00:00:34:35,16.7,5m,1639.0,3.79,342.0,342.0,-1297.0,-1297.0,20.9,0.0,-1639.00,-1639.00
,75321848,03/12/2020 15:38,03/12/2020 16:14,XAUUSD,Buy,3.000,0.00000,0.00000,1589.81000,1580.55000,0.0000,0.0000,-926.0,-2778.00,-64.70,"[stopout]",0,00:00:36:22,57.2,20m,1639.0,1.30,713.0,2139.0,-926.0,-2778.0,43.5,0.0,-1639.00,-4917.00
,75321813,03/12/2020 15:38,,,Deposit,0.010,0.00000,0.00000,0.00000,0.00000,0.0000,0.0000,0.0,4000.00,0,"Transfer from 20109534 #7373306",0,00:00:00:00,,,,,,,,,,,,
,75316976,03/12/2020 14:35,03/12/2020 15:36,XAUUSD,Buy,0.500,0.00000,0.00000,1612.48000,1592.80000,0.0000,0.0000,-1968.0,-984.00,-77.01,"[stopout]",0,00:01:01:07,8.4,5m,2115.0,13.40,147.0,73.5,-1968.0,-984.0,7.0,0.0,-2115.00,-1057.50
,75316718,03/12/2020 14:32,03/12/2020 15:36,XAUUSD,Buy,0.500,0.00000,0.00000,1611.14000,1592.80000,0.0000,0.0000,-1834.0,-917.00,-41.78,"[stopout]",0,00:01:04:35,38.5,24m,2115.0,6.53,281.0,140.5,-1834.0,-917.0,13.3,0.0,-2115.00,-1057.50
,75316038,03/12/2020 14:25,03/12/2020 15:36,XAUUSD,Buy,1.000,0.00000,0.00000,1614.90000,1592.80000,0.0000,0.0000,-2210.0,-2210.00,-50.17,"[stopout]",0,00:01:10:56,0.0,0s,2210.0,2500.00,0.0,0.0,-2210.0,-2210.0,0.0,0.0,-2210.00,-2210.00
,75314560,03/12/2020 14:03,03/12/2020 15:36,XAUUSD,Buy,0.500,0.00000,0.00000,1623.45000,1592.80000,0.0000,0.0000,-3065.0,-1532.50,-25.81,"[stopout]",0,00:01:33:05,10.6,9m,3390.0,9.43,325.0,162.5,-3065.0,-1532.5,9.6,0.0,-3390.00,-1695.00
,75314485,03/12/2020 14:02,03/12/2020 15:36,XAUUSD,Buy,0.500,0.00000,0.00000,1624.93000,1592.80000,0.0000,0.0000,-3213.0,-1606.50,-21.30,"[stopout]",0,00:01:33:50,5.3,4m,3390.0,18.18,177.0,88.5,-3213.0,-1606.5,5.2,0.0,-3390.00,-1695.00
,75314245,03/12/2020 14:00,03/12/2020 15:36,XAUUSD,Buy,0.500,0.00000,0.00000,1634.50000,1592.80000,0.0000,0.0000,-4170.0,-2085.00,-21.65,"[stopout]",0,00:01:36:17,0.0,0s,4170.0,5000.00,0.0,0.0,-4170.0,-2085.0,0.0,0.0,-4170.00,-2085.00
,75314059,03/12/2020 13:58,03/12/2020 15:36,XAUUSD,Buy,0.200,0.00000,0.00000,1635.73000,1592.80000,0.0000,0.0000,-4293.0,-858.60,-8.19,"[stopout]",0,00:01:38:29,0.0,0s,4293.0,5000.00,0.0,0.0,-4293.0,-858.6,0.0,0.0,-4293.00,-858.60
,75313973,03/12/2020 13:55,03/12/2020 15:36,XAUUSD,Buy,0.200,0.00000,0.00000,1638.26000,1592.80000,0.0000,0.0000,-4546.0,-909.20,-7.98,"[stopout]",0,00:01:41:42,0.0,0s,4546.0,5000.00,0.0,0.0,-4546.0,-909.2,0.0,0.0,-4546.00,-909.20
,75313874,03/12/2020 13:51,03/12/2020 15:36,XAUUSD,Buy,0.200,0.00000,0.00000,1638.89000,1592.80000,0.0000,0.0000,-4609.0,-921.80,-7.48,"[stopout]",0,00:01:44:58,0.0,0s,4609.0,5000.00,0.0,0.0,-4609.0,-921.8000000000001,0.0,0.0,-4609.00,-921.80
,75310713,03/12/2020 12:35,03/12/2020 15:36,XAUUSD,Buy,0.300,0.00000,0.00000,1636.74000,1592.80000,0.0000,0.0000,-4394.0,-1318.20,-9.67,"[stopout]",0,00:03:01:29,33.4,1h 0m,4840.0,9.85,446.0,133.79999999999998,-4394.0,-1318.2,9.2,0.0,-4840.00,-1452.00
,75307641,03/12/2020 11:07,03/12/2020 15:36,XAUUSD,Buy,0.300,0.00000,0.00000,1644.06000,1592.80000,0.0000,0.0000,-5126.0,-1537.80,-10.13,"[stopout]",0,00:04:29:16,0.0,0s,5126.0,10000.00,0.0,0.0,-5126.0,-1537.8,0.0,0.0,-5126.00,-1537.80
,75307286,03/12/2020 10:59,03/12/2020 15:36,XAUUSD,Buy,0.300,0.00000,0.00000,1643.21000,1592.80000,0.0000,0.0000,-5041.0,-1512.30,-9.06,"[stopout]",0,00:04:36:53,3.6,9m,5183.0,35.59,142.0,42.6,-5041.0,-1512.3,2.7,0.0,-5183.00,-1554.90
,75316972,03/12/2020 14:35,,,Deposit,0.010,0.00000,0.00000,0.00000,0.00000,0.0000,0.0000,0.0,5000.00,0,"Transfer from 10189649 #7372141",0,00:00:00:00,,,,,,,,,,,,
,75316406,03/12/2020 14:29,03/12/2020 14:31,XAUUSD,Buy,0.500,1610.40000,0.00000,1617.45000,1610.66000,0.0000,0.0000,-679.0,-339.50,-2.82,"[sl]",0,00:00:02:48,,,,,,,,,,,,
,75315929,03/12/2020 14:24,03/12/2020 14:25,XAUUSD,Buy,0.500,1614.90000,0.00000,1619.28000,1615.73000,0.0000,0.0000,-355.0,-177.50,-1.45,"[sl]",0,00:00:01:06,,,,,,,,,,,,
,75308031,03/12/2020 11:22,03/12/2020 13:32,XAUUSD,Buy,0.300,0.00000,0.00000,1642.55000,1641.57000,0.0000,0.0000,-98.0,-29.40,-0.24,"",0,00:02:09:56,0.0,0s,934.0,1000.00,0.0,0.0,-934.0,-280.2,0.0,89.5,-98.00,-29.40
,75308139,03/12/2020 11:26,03/12/2020 13:32,XAUUSD,Buy,0.500,0.00000,0.00000,1640.21000,1641.58000,0.0000,0.0000,137.0,68.50,0.56,"",0,00:02:06:09,4.8,6m,700.0,3.21,218.0,109.0,-700.0,-350.0,23.7,91.2,-81.00,-40.50
,75307484,03/12/2020 11:03,03/12/2020 13:32,XAUUSD,Buy,0.300,0.00000,0.00000,1643.38000,1641.98000,0.0000,0.0000,-140.0,-42.00,-0.34,"",0,00:02:29:09,8.8,13m,1169.0,6.69,152.0,45.6,-1017.0,-305.09999999999997,13.0,75.0,-292.00,-87.60
,75308131,03/12/2020 11:26,03/12/2020 13:29,XAUUSD,Buy,0.500,0.00000,0.00000,1640.18000,1640.42000,0.0000,0.0000,24.0,12.00,0.10,"",0,00:02:03:21,2.5,3m,697.0,5.36,130.0,65.0,-697.0,-348.5,15.7,87.2,-106.00,-53.00
,75307364,03/12/2020 11:00,03/12/2020 13:29,XAUUSD,Buy,0.300,0.00000,0.00000,1643.16000,1640.88000,0.0000,0.0000,-228.0,-68.40,-0.56,"",0,00:02:29:09,11.5,17m,1169.0,5.72,174.0,52.199999999999996,-995.0,-298.5,14.9,65.6,-402.00,-120.60
,75308673,03/12/2020 11:43,03/12/2020 13:29,XAUUSD,Buy,1.000,0.00000,0.00000,1636.77000,1640.84000,0.0000,0.0000,407.0,407.00,3.43,"",0,00:01:45:27,67.0,1h 10m,393.0,0.76,471.0,471.0,-356.0,-356.0,57.0,92.3,-64.00,-64.00
,75311701,03/12/2020 13:01,03/12/2020 13:29,XAUUSD,Buy,0.500,0.00000,0.00000,1637.10000,1641.24000,0.0000,0.0000,414.0,207.00,1.78,"",0,00:00:27:23,89.3,24m,109.0,0.15,438.0,219.0,-67.0,-33.5,86.7,95.2,-24.00,-12.00
,75308182,03/12/2020 11:27,03/12/2020 13:26,XAUUSD,Buy,0.500,0.00000,0.00000,1639.09000,1638.99000,0.0000,0.0000,-10.0,-5.00,-0.04,"",0,00:01:59:10,5.9,7m,665.0,7.64,77.0,38.5,-588.0,-294.0,11.6,86.9,-87.00,-43.50
,75308510,03/12/2020 11:35,03/12/2020 13:13,XAUUSD,Buy,0.150,0.00000,0.00000,1638.88000,1638.70000,0.0000,0.0000,-18.0,-2.70,-0.02,"",0,00:01:37:45,6.2,6m,567.0,9.30,61.0,9.15,-567.0,-85.05,9.7,87.4,-79.00,-11.85
,75311667,03/12/2020 13:00,03/12/2020 13:13,XAUUSD,Buy,0.100,0.00000,0.00000,1636.85000,1638.69000,0.0000,0.0000,184.0,18.40,0.16,"",0,00:00:12:42,77.0,9m,49.0,0.18,230.0,23.0,-42.0,-4.2,84.6,83.1,-46.00,-4.60
,75303458,03/12/2020 09:06,03/12/2020 10:18,XAUUSD,Buy,0.150,0.00000,0.00000,1635.69000,1643.20000,0.0000,0.0000,751.0,112.65,0.98,"",0,00:01:11:54,95.9,1h 8m,384.0,0.05,860.0,129.0,-47.0,-7.05,94.8,88.0,-109.00,-16.35
,75303380,03/12/2020 09:04,03/12/2020 10:18,XAUUSD,Buy,0.150,0.00000,0.00000,1635.54000,1643.33000,0.0000,0.0000,779.0,116.85,1.02,"",0,00:01:14:12,93.3,1h 9m,384.0,0.04,875.0,131.25,-32.0,-4.8,96.5,89.4,-96.00,-14.40
,75303136,03/12/2020 08:56,03/12/2020 10:18,XAUUSD,Buy,0.200,0.00000,0.00000,1637.20000,1643.77000,0.0000,0.0000,657.0,131.40,1.17,"",0,00:01:22:17,47.6,39m,384.0,0.37,709.0,141.8,-265.0,-53.0,72.8,94.7,-52.00,-10.40
,75303703,03/12/2020 09:15,03/12/2020 10:15,XAUUSD,Buy,0.300,0.00000,0.00000,1636.15000,1642.83000,0.0000,0.0000,668.0,200.40,1.81,"",0,00:01:00:12,85.3,51m,384.0,0.08,754.0,226.2,-62.0,-18.599999999999998,92.4,89.5,-86.00,-25.80
,75303338,03/12/2020 09:02,03/12/2020 10:15,XAUUSD,Buy,0.500,0.00000,0.00000,1635.87000,1642.70000,0.0000,0.0000,683.0,341.50,3.18,"",0,00:01:12:56,83.6,1h 0m,384.0,0.17,782.0,391.0,-132.0,-66.0,85.6,89.2,-99.00,-49.50
,75303010,03/12/2020 08:52,03/12/2020 10:15,XAUUSD,Buy,0.800,0.00000,0.00000,1637.13000,1642.36000,0.0000,0.0000,523.0,418.40,4.06,"",0,00:01:22:51,48.2,39m,384.0,0.39,656.0,524.8000000000001,-258.0,-206.4,71.8,85.4,-133.00,-106.40
,75302185,03/12/2020 08:09,03/12/2020 08:45,XAUUSD,Buy,0.200,0.00000,0.00000,1636.06000,1636.29000,0.0000,0.0000,23.0,4.60,0.04,"",0,00:00:35:24,63.9,22m,127.0,1.51,84.0,16.8,-127.0,-25.400000000000002,39.8,71.1,-61.00,-12.20
,75302105,03/12/2020 08:05,03/12/2020 08:44,XAUUSD,Buy,0.200,0.00000,0.00000,1635.49000,1636.36000,0.0000,0.0000,87.0,17.40,0.17,"",0,00:00:39:50,79.5,31m,123.0,0.50,141.0,28.200000000000003,-70.0,-14.0,66.8,74.4,-54.00,-10.80
,75302086,03/12/2020 08:04,03/12/2020 08:44,XAUUSD,Buy,0.500,0.00000,0.00000,1635.27000,1636.50000,0.0000,0.0000,123.0,61.50,0.60,"",0,00:00:40:16,92.5,37m,123.0,0.29,163.0,81.5,-48.0,-24.0,77.3,81.0,-40.00,-20.00
,75301962,03/12/2020 07:57,03/12/2020 08:44,XAUUSD,Buy,0.500,0.00000,0.00000,1633.19000,1636.42000,0.0000,0.0000,323.0,161.50,1.60,"",0,00:00:46:54,100.0,46m,123.0,0.00,371.0,185.5,0.0,0.0,100.0,87.1,-48.00,-24.00
,75301981,03/12/2020 07:59,03/12/2020 08:44,XAUUSD,Buy,0.500,0.00000,0.00000,1634.00000,1636.42000,0.0000,0.0000,242.0,121.00,1.22,"",0,00:00:45:42,97.8,44m,123.0,0.04,290.0,145.0,-11.0,-5.5,96.3,84.1,-48.00,-24.00
,75302480,03/12/2020 08:27,03/12/2020 08:44,XAUUSD,Buy,0.500,0.00000,0.00000,1637.08000,1636.42000,0.0000,0.0000,-66.0,-33.00,-0.33,"",0,00:00:16:59,0.0,0s,141.0,142.86,0.0,0.0,-141.0,-70.5,0.0,53.2,-66.00,-33.00
,75302314,03/12/2020 08:15,03/12/2020 08:44,XAUUSD,Buy,0.500,0.00000,0.00000,1635.80000,1636.53000,0.0000,0.0000,73.0,36.50,0.37,"",0,00:00:29:19,89.7,26m,123.0,0.40,110.0,55.0,-44.0,-22.0,71.4,76.0,-37.00,-18.50
,75293302,03/11/2020 21:42,,,Withdrawal,0.010,0.00000,0.00000,0.00000,0.00000,0.0000,0.0000,0.0,-181.00,0,"Withdraw CC-REFUND USD #7364944",0,00:00:00:00,,,,,,,,,,,,
,75293270,03/11/2020 21:41,,,Withdrawal,0.010,0.00000,0.00000,0.00000,0.00000,0.0000,0.0000,0.0,-1000.00,0,"Withdraw CC-REFUND USD #7364935",0,00:00:00:00,,,,,,,,,,,,
,75285471,03/11/2020 17:31,03/11/2020 21:40,XAUUSD,Buy,0.150,0.00000,0.00000,1652.88000,1644.75000,0.0000,0.0000,-813.0,-121.95,-1.08,"",0,00:04:08:57,6.1,15m,3181.0,1.49,1277.0,191.54999999999998,-1904.0,-285.59999999999997,40.1,34.3,-2090.00,-313.50
,75286917,03/11/2020 18:03,03/11/2020 21:40,XAUUSD,Buy,0.150,0.00000,0.00000,1651.12000,1644.74000,0.0000,0.0000,-638.0,-95.70,-0.84,"",0,00:03:37:16,0.0,0s,1728.0,2000.00,0.0,0.0,-1728.0,-259.2,0.0,63.1,-638.00,-95.70
,75290849,03/11/2020 20:30,03/11/2020 21:40,XAUUSD,Buy,0.300,0.00000,0.00000,1638.69000,1644.35000,0.0000,0.0000,566.0,169.80,1.52,"",0,00:01:09:45,58.6,40m,721.0,0.84,580.0,174.0,-485.0,-145.5,54.5,98.7,-14.00,-4.20
,75290765,03/11/2020 20:28,03/11/2020 21:39,XAUUSD,Buy,0.300,0.00000,0.00000,1639.92000,1643.67000,0.0000,0.0000,375.0,112.50,1.02,"",0,00:01:10:47,39.5,27m,721.0,1.33,457.0,137.1,-608.0,-182.4,42.9,92.3,-82.00,-24.60
,75287688,03/11/2020 18:30,03/11/2020 21:39,XAUUSD,Buy,0.050,0.00000,0.00000,1648.88000,1643.63000,0.0000,0.0000,-525.0,-26.25,-0.24,"",0,00:03:09:25,0.0,0s,1504.0,1666.67,0.0,0.0,-1504.0,-75.2,0.0,65.1,-525.00,-26.25
,75287302,03/11/2020 18:16,03/11/2020 21:39,XAUUSD,Buy,0.050,0.00000,0.00000,1648.06000,1643.64000,0.0000,0.0000,-442.0,-22.10,-0.20,"",0,00:03:23:07,6.9,14m,1520.0,14.51,98.0,4.9,-1422.0,-71.10000000000001,6.4,64.5,-540.00,-27.00
,75287220,03/11/2020 18:14,03/11/2020 21:39,XAUUSD,Buy,0.100,0.00000,0.00000,1649.01000,1643.64000,0.0000,0.0000,-537.0,-53.70,-0.48,"",0,00:03:25:23,0.5,1m,1520.0,526.32,3.0,0.30000000000000004,-1517.0,-151.70000000000002,0.2,64.5,-540.00,-54.00
,75287077,03/11/2020 18:08,03/11/2020 21:39,XAUUSD,Buy,0.150,0.00000,0.00000,1647.86000,1643.64000,0.0000,0.0000,-422.0,-63.30,-0.56,"",0,00:03:30:28,9.1,19m,1520.0,11.89,118.0,17.7,-1402.0,-210.29999999999998,7.8,64.5,-540.00,-81.00
,75289380,03/11/2020 19:31,03/11/2020 21:39,XAUUSD,Buy,0.300,0.00000,0.00000,1643.15000,1643.65000,0.0000,0.0000,50.0,15.00,0.13,"",0,00:02:07:34,33.6,42m,1236.0,3.05,305.0,91.5,-931.0,-279.3,24.7,79.4,-255.00,-76.50
,75288349,03/11/2020 18:56,03/11/2020 21:39,XAUUSD,Buy,0.150,0.00000,0.00000,1643.76000,1643.66000,0.0000,0.0000,-10.0,-1.50,-0.01,"",0,00:02:42:24,33.4,54m,1434.0,2.24,442.0,66.3,-992.0,-148.79999999999998,30.8,68.5,-452.00,-67.80
,75292100,03/11/2020 21:10,03/11/2020 21:38,XAUUSD,Buy,0.300,0.00000,0.00000,1634.94000,1643.67000,0.0000,0.0000,873.0,261.90,2.39,"",0,00:00:28:25,78.6,22m,376.0,0.12,955.0,286.5,-110.0,-33.0,89.7,92.3,-82.00,-24.60
,75288374,03/11/2020 18:57,03/11/2020 21:38,XAUUSD,Buy,0.050,0.00000,0.00000,1644.05000,1643.57000,0.0000,0.0000,-48.0,-2.40,-0.02,"",0,00:02:41:40,29.2,47m,1434.0,2.47,413.0,20.650000000000002,-1021.0,-51.050000000000004,28.8,67.9,-461.00,-23.05
,75290513,03/11/2020 20:17,03/11/2020 21:38,XAUUSD,Buy,0.150,0.00000,0.00000,1643.46000,1643.54000,0.0000,0.0000,8.0,1.20,0.01,"",0,00:01:20:52,5.0,4m,962.0,9.35,103.0,15.45,-962.0,-144.29999999999998,9.7,91.1,-95.00,-14.25
,75292148,03/11/2020 21:11,03/11/2020 21:24,XAUUSD,Buy,0.300,0.00000,0.00000,1635.14000,1643.18000,0.0000,0.0000,804.0,241.20,2.25,"",0,00:00:12:42,46.2,5m,168.0,0.14,935.0,280.5,-130.0,-39.0,87.8,87.7,-131.00,-39.30
,75291754,03/11/2020 21:04,03/11/2020 21:24,XAUUSD,Buy,0.300,0.00000,0.00000,1636.13000,1643.28000,0.0000,0.0000,715.0,214.50,2.04,"",0,00:00:20:05,30.0,6m,229.0,0.27,836.0,250.79999999999998,-229.0,-68.7,78.5,88.6,-121.00,-36.30
,75288283,03/11/2020 18:54,03/11/2020 19:06,XAUUSD,Buy,0.300,0.00000,0.00000,1645.13000,1647.81000,0.0000,0.0000,268.0,80.40,0.77,"",0,00:00:12:15,66.7,8m,139.0,0.46,305.0,91.5,-139.0,-41.699999999999996,68.7,91.7,-37.00,-11.10
,75288244,03/11/2020 18:52,,,Withdrawal,0.010,0.00000,0.00000,0.00000,0.00000,0.0000,0.0000,0.0,-5139.00,0,"Transfer to 10189649 #7363591",0,00:00:00:00,,,,,,,,,,,,
,75286904,03/11/2020 17:39,03/11/2020 18:02,XAUUSD,Buy,6.000,0.00000,0.00000,1649.77000,1650.36000,0.0000,0.0000,59.0,354.00,2.33,"from #75286860",0,00:00:23:03,78.3,18m,1644.0,0.04,1588.0,9528.0,-56.0,-336.0,96.6,7.0,-1529.00,-9174.00
,75286860,03/11/2020 17:39,03/11/2020 18:02,XAUUSD,Buy,2.000,0.00000,0.00000,1649.77000,1650.65000,0.0000,0.0000,88.0,176.00,1.17,"to #75286904",0,00:00:22:50,78.3,17m,1644.0,0.04,1588.0,3176.0,-56.0,-112.0,96.6,8.8,-1500.00,-3000.00
,75286635,03/11/2020 17:39,03/11/2020 18:01,XAUUSD,Buy,2.000,0.00000,0.00000,1649.77000,1650.53000,0.0000,0.0000,76.0,152.00,1.02,"to #75286860",0,00:00:21:41,77.3,16m,1644.0,0.04,1588.0,3176.0,-56.0,-112.0,96.6,8.0,-1512.00,-3024.00
,75286578,03/11/2020 17:39,03/11/2020 17:57,XAUUSD,Buy,3.000,0.00000,0.00000,1649.77000,1649.84000,0.0000,0.0000,7.0,21.00,0.14,"to #75286635",0,00:00:17:25,83.4,14m,1644.0,0.04,1588.0,4764.0,-56.0,-168.0,96.6,3.8,-1581.00,-4743.00
,75285865,03/11/2020 17:39,03/11/2020 17:55,XAUUSD,Buy,2.000,0.00000,0.00000,1649.77000,1649.05000,0.0000,0.0000,-72.0,-144.00,-0.96,"to #75286578",0,00:00:16:04,87.5,14m,1660.0,0.05,1588.0,3176.0,-72.0,-144.0,95.7,0.0,-1660.00,-3320.00
,75286261,03/11/2020 17:47,,,Deposit,0.010,0.00000,0.00000,0.00000,0.00000,0.0000,0.0000,0.0,5000.00,0,"Transfer from 20109534 #7362964",0,00:00:00:00,,,,,,,,,,,,
,75285383,03/11/2020 17:29,,,Withdrawal,0.010,0.00000,0.00000,0.00000,0.00000,0.0000,0.0000,0.0,-245.00,0,"Withdraw CC-REFUND USD #7362748",0,00:00:00:00,,,,,,,,,,,,
,75285064,03/11/2020 17:20,03/11/2020 17:25,XAUUSD,Buy,0.500,0.00000,0.00000,1653.55000,1653.54000,0.0000,0.0000,-1.0,-0.50,0.00,"",0,00:00:04:32,80.0,3m,1434.0,0.00,1433.0,716.5,-1.0,-0.5,99.9,0.0,-1434.00,-717.00
,75285054,03/11/2020 17:20,03/11/2020 17:25,XAUUSD,Buy,0.500,0.00000,0.00000,1653.14000,1653.65000,0.0000,0.0000,51.0,25.50,0.25,"",0,00:00:04:49,100.0,4m,1423.0,0.00,1474.0,737.0,0.0,0.0,100.0,3.5,-1423.00,-711.50
,75285046,03/11/2020 17:20,03/11/2020 17:25,XAUUSD,Buy,0.500,0.00000,0.00000,1652.87000,1653.28000,0.0000,0.0000,41.0,20.50,0.20,"",0,00:00:04:51,100.0,4m,1460.0,0.00,1501.0,750.5,0.0,0.0,100.0,2.7,-1460.00,-730.00
,75285043,03/11/2020 17:20,03/11/2020 17:25,XAUUSD,Buy,0.500,0.00000,0.00000,1652.56000,1653.88000,0.0000,0.0000,132.0,66.00,0.65,"",0,00:00:04:52,100.0,4m,1400.0,0.00,1532.0,766.0,0.0,0.0,100.0,8.6,-1400.00,-700.00
,75285145,03/11/2020 17:23,03/11/2020 17:24,XAUUSD,Buy,0.500,0.00000,0.00000,1651.32000,1653.96000,0.0000,0.0000,264.0,132.00,1.32,"",0,00:00:01:33,,,,,,,,,,,,
,75282035,03/11/2020 16:17,,,Withdrawal,0.010,0.00000,0.00000,0.00000,0.00000,0.0000,0.0000,0.0,-2022.00,0,"Withdraw CC-REFUND USD #7361986",0,00:00:00:00,,,,,,,,,,,,
,75277258,03/11/2020 14:06,03/11/2020 14:19,XAUUSD,Buy,0.050,0.00000,0.00000,1667.33000,1670.41000,0.0000,0.0000,308.0,15.40,0.13,"",0,00:00:13:03,84.7,11m,48.0,0.14,334.0,16.7,-48.0,-2.4000000000000004,87.4,93.2,-26.00,-1.30
,75277254,03/11/2020 14:06,03/11/2020 14:19,XAUUSD,Buy,0.050,1664.80000,0.00000,1667.32000,1670.62000,0.0000,0.0000,330.0,16.50,0.14,"",0,00:00:13:07,84.7,11m,47.0,0.14,335.0,16.75,-47.0,-2.35,87.7,98.7,-5.00,-0.25
,75277252,03/11/2020 14:06,03/11/2020 14:19,XAUUSD,Buy,0.050,0.00000,0.00000,1667.21000,1670.50000,0.0000,0.0000,329.0,16.45,0.14,"",0,00:00:13:06,84.7,11m,45.0,0.10,346.0,17.3,-36.0,-1.8,90.6,95.5,-17.00,-0.85
,75277561,03/11/2020 14:15,03/11/2020 14:19,XAUUSD,Buy,0.300,1663.80000,0.00000,1668.31000,1670.56000,0.0000,0.0000,225.0,67.50,0.57,"",0,00:00:03:21,,,,,,,,,,,,
,75277383,03/11/2020 14:11,03/11/2020 14:19,XAUUSD,Buy,0.300,1664.80000,0.00000,1667.69000,1670.48000,0.0000,0.0000,279.0,83.70,0.71,"",0,00:00:08:06,88.9,7m,45.0,0.11,298.0,89.39999999999999,-34.0,-10.2,89.8,94.3,-19.00,-5.70
,75277602,03/11/2020 14:17,03/11/2020 14:19,XAUUSD,Buy,0.100,0.00000,0.00000,1669.29000,1670.36000,0.0000,0.0000,107.0,10.70,0.09,"",0,00:00:01:34,,,,,,,,,,,,
,75277490,03/11/2020 14:14,03/11/2020 14:18,XAUUSD,Buy,0.300,1663.90000,0.00000,1667.87000,1670.26000,0.0000,0.0000,239.0,71.70,0.61,"",0,00:00:04:46,100.0,4m,41.0,0.00,280.0,84.0,0.0,0.0,100.0,85.4,-41.00,-12.30
,75276633,03/11/2020 13:45,03/11/2020 14:18,XAUUSD,Buy,0.050,1655.90000,0.00000,1668.32000,1670.68000,0.0000,0.0000,236.0,11.80,0.10,"",0,00:00:33:25,15.2,5m,230.0,0.97,236.0,11.8,-230.0,-11.5,50.6,100.0,0.00,0.00
,75277275,03/11/2020 14:07,,,Withdrawal,0.010,0.00000,0.00000,0.00000,0.00000,0.0000,0.0000,0.0,-388.33,0,"Withdraw CC-REFUND USD #7360601",0,00:00:00:00,,,,,,,,,,,,
,75275648,03/11/2020 10:03,03/11/2020 13:14,XAUUSD,Buy,0.800,1662.40000,0.00000,1661.07000,1667.29000,0.0000,0.0000,622.0,497.60,4.28,"from #75269343",0,00:03:11:07,52.4,1h 40m,615.0,0.67,641.0,512.8000000000001,-428.0,-342.40000000000003,60.0,98.2,-19.00,-15.20
,75269343,03/11/2020 10:03,03/11/2020 13:14,XAUUSD,Buy,0.200,1662.40000,0.00000,1661.07000,1667.28000,0.0000,0.0000,621.0,124.20,1.08,"to #75275648",0,00:03:11:00,52.4,1h 40m,615.0,0.67,641.0,128.20000000000002,-428.0,-85.60000000000001,60.0,98.1,-20.00,-4.00
,75267311,03/11/2020 09:10,03/11/2020 13:09,XAUUSD,Buy,0.500,0.00000,0.00000,1665.36000,1665.55000,0.0000,0.0000,19.0,9.50,0.08,"",0,00:03:58:51,3.0,7m,857.0,10.99,78.0,39.0,-857.0,-428.5,8.3,93.7,-59.00,-29.50
,75269278,03/11/2020 10:01,03/11/2020 13:08,XAUUSD,Buy,1.000,0.00000,0.00000,1662.01000,1665.51000,0.0000,0.0000,350.0,350.00,3.14,"",0,00:03:07:21,37.5,1h 10m,615.0,1.26,413.0,413.0,-522.0,-522.0,44.2,93.3,-63.00,-63.00
,75267590,03/11/2020 09:17,03/11/2020 13:01,XAUUSD,Buy,1.500,0.00000,0.00000,1663.49000,1664.62000,0.0000,0.0000,113.0,169.50,1.55,"",0,00:03:43:35,15.7,35m,811.0,4.32,155.0,232.5,-670.0,-1005.0,18.8,94.9,-42.00,-63.00
,75268398,03/11/2020 09:41,03/11/2020 12:59,XAUUSD,Buy,1.000,0.00000,0.00000,1663.95000,1664.23000,0.0000,0.0000,28.0,28.00,0.26,"",0,00:03:17:36,1.6,3m,716.0,6.57,109.0,109.0,-716.0,-716.0,13.2,90.2,-81.00,-81.00
,75267595,03/11/2020 09:17,03/11/2020 12:58,XAUUSD,Buy,1.500,0.00000,0.00000,1664.00000,1664.17000,0.0000,0.0000,17.0,25.50,0.23,"",0,00:03:41:19,6.8,15m,811.0,8.01,90.0,135.0,-721.0,-1081.5,11.1,91.0,-73.00,-109.50
,75270825,03/11/2020 10:48,03/11/2020 12:11,XAUUSD,Buy,2.000,0.00000,0.00000,1659.31000,1662.61000,0.0000,0.0000,330.0,660.00,6.44,"",0,00:01:22:54,35.0,29m,292.0,0.66,383.0,766.0,-252.0,-504.0,60.3,91.7,-53.00,-106.00
,75267362,03/11/2020 09:11,03/11/2020 09:15,XAUUSD,Buy,0.500,1663.40000,0.00000,1666.20000,1663.39000,0.0000,0.0000,-281.0,-140.50,-1.35,"[sl]",0,00:00:03:42,,,,,,,,,,,,
,75267356,03/11/2020 09:11,03/11/2020 09:15,XAUUSD,Buy,0.500,1663.40000,0.00000,1666.54000,1663.39000,0.0000,0.0000,-315.0,-157.50,-1.49,"[sl]",0,00:00:03:51,,,,,,,,,,,,
,75266607,03/11/2020 08:54,03/11/2020 09:06,XAUUSD,Buy,0.500,0.00000,0.00000,1663.70000,1664.94000,0.0000,0.0000,124.0,62.00,0.59,"",0,00:00:12:22,66.7,8m,145.0,0.41,249.0,124.5,-101.0,-50.5,71.1,64.3,-125.00,-62.50
,75266335,03/11/2020 08:45,03/11/2020 09:05,XAUUSD,Buy,0.100,1654.00000,0.00000,1663.12000,1665.99000,0.0000,0.0000,287.0,28.70,0.27,"",0,00:00:20:19,70.0,14m,130.0,0.17,307.0,30.700000000000003,-51.0,-5.1000000000000005,85.8,94.4,-20.00,-2.00
,75266409,03/11/2020 08:46,03/11/2020 09:05,XAUUSD,Buy,0.500,1657.90000,0.00000,1663.79000,1665.92000,0.0000,0.0000,213.0,106.50,1.03,"",0,00:00:19:12,36.9,7m,130.0,0.49,240.0,120.0,-118.0,-59.0,67.0,92.5,-27.00,-13.50
,75266389,03/11/2020 08:46,03/11/2020 09:05,XAUUSD,Buy,0.500,1652.90000,0.00000,1663.22000,1666.03000,0.0000,0.0000,281.0,140.50,1.38,"",0,00:00:19:13,63.2,12m,130.0,0.21,297.0,148.5,-61.0,-30.5,83.0,95.5,-16.00,-8.00
,75266530,03/11/2020 08:50,03/11/2020 09:05,XAUUSD,Buy,0.500,0.00000,0.00000,1663.29000,1666.10000,0.0000,0.0000,281.0,140.50,1.39,"",0,00:00:14:41,73.4,10m,130.0,0.23,290.0,145.0,-68.0,-34.0,81.0,97.5,-9.00,-4.50
,75255011,03/10/2020 19:29,03/10/2020 19:31,XAUUSD,Buy,0.300,0.00000,0.00000,1660.78000,1660.81000,0.0000,0.0000,3.0,0.90,0.01,"",0,00:00:01:49,,,,,,,,,,,,
,75255000,03/10/2020 19:29,03/10/2020 19:31,XAUUSD,Buy,0.300,0.00000,0.00000,1660.31000,1660.89000,0.0000,0.0000,58.0,17.40,0.17,"",0,00:00:02:13,,,,,,,,,,,,
,75235067,03/10/2020 10:46,03/10/2020 14:30,XAUUSD,Buy,0.150,0.00000,0.00000,1661.28000,1665.13000,0.0000,0.0000,385.0,57.75,0.58,"",0,00:03:43:37,59.0,2h 11m,871.0,0.90,567.0,85.05,-511.0,-76.64999999999999,52.6,83.1,-182.00,-27.30
,75241468,03/10/2020 14:15,,,Withdrawal,0.010,0.00000,0.00000,0.00000,0.00000,0.0000,0.0000,0.0,-1936.17,0,"Withdraw CC-REFUND USD #7349570",0,00:00:00:00,,,,,,,,,,,,
,75234964,03/10/2020 10:43,03/10/2020 14:09,XAUUSD,Buy,0.150,0.00000,0.00000,1662.88000,1667.04000,0.0000,0.0000,416.0,62.40,0.53,"",0,00:03:25:50,22.9,47m,871.0,1.61,416.0,62.4,-671.0,-100.64999999999999,38.3,100.0,0.00,0.00
,75234708,03/10/2020 10:34,03/10/2020 14:09,XAUUSD,Buy,0.150,0.00000,0.00000,1662.40000,1666.89000,0.0000,0.0000,449.0,67.35,0.57,"",0,00:03:34:50,34.9,1h 14m,871.0,1.37,455.0,68.25,-623.0,-93.45,42.2,99.4,-6.00,-0.90
,75232226,03/10/2020 09:29,03/10/2020 14:09,XAUUSD,Buy,0.300,0.00000,0.00000,1665.98000,1666.87000,0.0000,0.0000,89.0,26.70,0.23,"",0,00:04:39:29,1.5,4m,1009.0,10.12,97.0,29.099999999999998,-981.0,-294.3,9.0,99.3,-8.00,-2.40
,75232443,03/10/2020 09:36,03/10/2020 14:08,XAUUSD,Buy,0.500,0.00000,0.00000,1660.24000,1666.19000,0.0000,0.0000,595.0,297.50,2.59,"",0,00:04:32:12,76.9,3h 29m,1009.0,0.61,671.0,335.5,-407.0,-203.5,62.2,92.9,-76.00,-38.00
,75235151,03/10/2020 10:48,03/10/2020 14:08,XAUUSD,Buy,0.500,1649.00000,0.00000,1662.16000,1666.27000,0.0000,0.0000,411.0,205.50,1.82,"",0,00:03:20:27,40.5,1h 21m,871.0,1.25,479.0,239.5,-599.0,-299.5,44.4,93.7,-68.00,-34.00
,75232390,03/10/2020 09:34,03/10/2020 14:08,XAUUSD,Buy,0.300,0.00000,0.00000,1663.22000,1666.38000,0.0000,0.0000,316.0,94.80,0.85,"",0,00:04:33:50,16.8,46m,1009.0,1.89,373.0,111.89999999999999,-705.0,-211.5,34.6,94.7,-57.00,-17.10
,75237074,03/10/2020 11:49,03/10/2020 13:27,XAUUSD,Buy,0.500,1654.90000,0.00000,1659.41000,1663.97000,0.0000,0.0000,456.0,228.00,2.08,"",0,00:01:38:19,69.4,1h 8m,489.0,0.60,539.0,269.5,-324.0,-162.0,62.5,90.4,-83.00,-41.50
,75236919,03/10/2020 11:43,03/10/2020 13:27,XAUUSD,Buy,0.300,0.00000,0.00000,1658.79000,1664.01000,0.0000,0.0000,522.0,156.60,1.45,"",0,00:01:43:41,76.0,1h 18m,489.0,0.44,601.0,180.29999999999998,-262.0,-78.6,69.6,90.8,-79.00,-23.70
,75236859,03/10/2020 11:42,03/10/2020 13:27,XAUUSD,Buy,0.500,1649.00000,0.00000,1659.09000,1664.04000,0.0000,0.0000,495.0,247.50,2.35,"",0,00:01:45:13,70.5,1h 14m,489.0,0.51,571.0,285.5,-292.0,-146.0,66.2,91.2,-76.00,-38.00
,75238190,03/10/2020 12:33,03/10/2020 12:52,XAUUSD,Buy,1.000,1653.40000,0.00000,1657.38000,1660.84000,0.0000,0.0000,346.0,346.00,3.39,"",0,00:00:19:05,89.5,17m,81.0,0.21,346.0,346.0,-73.0,-73.0,82.6,100.0,0.00,0.00
,75237405,03/10/2020 12:00,03/10/2020 12:07,XAUUSD,Buy,0.500,1655.90000,0.00000,1659.47000,1660.77000,0.0000,0.0000,130.0,65.00,0.64,"",0,00:00:06:11,100.0,6m,107.0,0.01,159.0,79.5,0.0,0.0,100.0,81.8,-29.00,-14.50
,75235713,03/10/2020 11:02,03/10/2020 11:35,XAUUSD,Buy,0.500,0.00000,0.00000,1661.46000,1661.98000,0.0000,0.0000,52.0,26.00,0.26,"",0,00:00:32:56,75.8,24m,374.0,0.29,290.0,145.0,-84.0,-42.0,77.5,36.4,-238.00,-119.00
,75232471,03/10/2020 09:37,03/10/2020 10:05,XAUUSD,Buy,0.500,0.00000,0.00000,1660.17000,1665.34000,0.0000,0.0000,517.0,258.50,2.62,"",0,00:00:27:39,96.5,26m,197.0,0.05,609.0,304.5,-33.0,-16.5,94.9,85.7,-92.00,-46.00
,75232432,03/10/2020 09:36,,,Withdrawal,0.010,0.00000,0.00000,0.00000,0.00000,0.0000,0.0000,0.0,-150.00,0,"Transfer to 20108733 #7346173",0,00:00:00:00,,,,,,,,,,,,
,75206121,03/09/2020 15:32,,,Withdrawal,0.010,0.00000,0.00000,0.00000,0.00000,0.0000,0.0000,0.0,-2810.00,0,"Withdraw CC-REFUND USD #7337033",0,00:00:00:00,,,,,,,,,,,,
,75201349,03/09/2020 13:15,03/09/2020 15:13,XAUUSD,Buy,0.500,1669.00000,0.00000,1680.43000,1682.62000,0.0000,0.0000,219.0,109.50,0.86,"",0,00:01:58:00,2.6,3m,834.0,3.69,226.0,113.0,-834.0,-417.0,21.3,99.3,-7.00,-3.50
,75201427,03/09/2020 13:18,03/09/2020 15:13,XAUUSD,Buy,0.500,0.00000,0.00000,1679.60000,1682.48000,0.0000,0.0000,288.0,144.00,1.15,"",0,00:01:54:15,12.2,13m,832.0,2.43,309.0,154.5,-751.0,-375.5,29.2,98.0,-21.00,-10.50
,75201378,03/09/2020 13:16,03/09/2020 14:51,XAUUSD,Buy,0.500,1638.00000,0.00000,1680.51000,1678.94000,0.0000,0.0000,-157.0,-78.50,-0.62,"",0,00:01:34:39,0.0,0s,842.0,909.09,0.0,0.0,-842.0,-421.0,0.0,81.4,-157.00,-78.50
,75202230,03/09/2020 13:49,03/09/2020 14:51,XAUUSD,Buy,0.500,1669.00000,0.00000,1676.95000,1678.76000,0.0000,0.0000,181.0,90.50,0.72,"",0,00:01:01:53,30.7,18m,607.0,2.34,208.0,104.0,-486.0,-243.0,30.0,96.1,-27.00,-13.50
,75203315,03/09/2020 14:25,03/09/2020 14:51,XAUUSD,Buy,0.500,0.00000,0.00000,1673.97000,1678.76000,0.0000,0.0000,479.0,239.50,1.95,"",0,00:00:25:31,80.8,20m,295.0,0.35,506.0,253.0,-175.0,-87.5,74.3,96.0,-27.00,-13.50
,75203309,03/09/2020 14:25,03/09/2020 14:39,XAUUSD,Buy,0.500,0.00000,0.00000,1673.87000,1675.86000,0.0000,0.0000,199.0,99.50,0.82,"",0,00:00:14:20,71.5,10m,295.0,0.83,199.0,99.5,-165.0,-82.5,54.7,100.0,0.00,0.00
,75203183,03/09/2020 14:20,03/09/2020 14:25,XAUUSD,Buy,0.500,1671.90000,0.00000,1675.96000,1672.03000,0.0000,0.0000,-393.0,-196.50,-1.58,"[sl]",0,00:00:04:37,0.0,0s,393.0,400.00,0.0,0.0,-393.0,-196.5,0.0,0.0,-393.00,-196.50
,75202342,03/09/2020 13:54,03/09/2020 14:08,XAUUSD,Buy,0.500,0.00000,0.00000,1676.34000,1677.52000,0.0000,0.0000,118.0,59.00,0.48,"",0,00:00:14:01,85.8,12m,113.0,0.45,182.0,91.0,-82.0,-41.0,68.9,75.8,-64.00,-32.00
,75194598,03/09/2020 10:16,03/09/2020 12:23,XAUUSD,Buy,1.000,0.00000,0.00000,1680.44000,1679.85000,0.0000,0.0000,-59.0,-59.00,-0.48,"",0,00:02:06:53,0.0,0s,1807.0,2000.00,0.0,0.0,-1807.0,-1807.0,0.0,96.7,-59.00,-59.00
,75196874,03/09/2020 11:11,03/09/2020 12:23,XAUUSD,Buy,1.000,0.00000,0.00000,1667.97000,1679.45000,0.0000,0.0000,1148.0,1148.00,10.20,"",0,00:01:11:42,44.5,31m,605.0,0.40,1168.0,1168.0,-462.0,-462.0,71.7,98.8,-20.00,-20.00
,75194708,03/09/2020 10:20,03/09/2020 12:22,XAUUSD,Buy,1.000,0.00000,0.00000,1678.54000,1678.98000,0.0000,0.0000,44.0,44.00,0.39,"",0,00:02:02:29,2.5,3m,1617.0,14.58,111.0,111.0,-1617.0,-1617.0,6.4,96.1,-67.00,-67.00
,75195439,03/09/2020 10:37,03/09/2020 12:16,XAUUSD,Buy,0.500,0.00000,0.00000,1672.54000,1673.66000,0.0000,0.0000,112.0,56.00,0.50,"",0,00:01:38:34,28.3,27m,1598.0,1.75,581.0,290.5,-1017.0,-508.5,36.4,70.7,-469.00,-234.50
,75195281,03/09/2020 10:36,03/09/2020 12:16,XAUUSD,Buy,0.500,0.00000,0.00000,1672.62000,1673.51000,0.0000,0.0000,89.0,44.50,0.40,"",0,00:01:40:04,28.1,28m,1598.0,1.79,573.0,286.5,-1025.0,-512.5,35.9,69.7,-484.00,-242.00
,75197867,03/09/2020 11:36,03/09/2020 12:16,XAUUSD,Buy,0.500,0.00000,0.00000,1667.45000,1673.86000,0.0000,0.0000,641.0,320.50,2.97,"",0,00:00:39:36,57.5,22m,605.0,0.56,732.0,366.0,-410.0,-205.0,64.1,92.0,-91.00,-45.50
,75198996,03/09/2020 10:15,03/09/2020 12:14,EURUSD,Buy,0.700,0.00000,0.00000,1.14205,1.14326,0.0000,0.0000,12.1,84.70,0.79,"from #75194573",0,00:01:58:34,14.3,16m,63.7,4.39,12.2,85.39999999999999,-53.6,-375.2,18.5,99.8,-0.10,-0.70
,75194573,03/09/2020 10:15,03/09/2020 12:08,EURUSD,Buy,0.300,0.00000,0.00000,1.14205,1.14135,0.0000,0.0000,-7.0,-21.00,-0.20,"to #75198996",0,00:01:53:01,11.6,13m,63.7,5.31,10.1,30.299999999999997,-53.6,-160.8,15.9,73.2,-17.10,-51.30
,75198266,03/09/2020 11:50,03/09/2020 12:08,EURUSD,Buy,0.500,0.00000,0.00000,1.13908,1.14154,0.0000,0.0000,24.6,123.00,1.16,"",0,00:00:17:33,94.5,16m,10.8,0.01,24.6,123.0,-0.2,-1.0,99.2,100.0,0.00,0.00
,75189094,03/09/2020 07:42,03/09/2020 08:20,XAUUSD,Buy,1.000,1656.79000,0.00000,1662.85000,1668.15000,0.0000,0.0000,530.0,530.00,5.26,"",0,00:00:38:16,94.8,36m,384.0,0.21,724.0,724.0,-151.0,-151.0,82.7,77.8,-194.00,-194.00
,75189065,03/09/2020 07:41,03/09/2020 07:46,XAUUSD,Buy,1.000,1653.78000,0.00000,1662.75000,1664.48000,0.0000,0.0000,173.0,173.00,1.75,"",0,00:00:04:25,100.0,4m,70.0,0.00,243.0,243.0,0.0,0.0,100.0,71.2,-70.00,-70.00
,75186486,03/09/2020 05:52,,,Withdrawal,0.010,0.00000,0.00000,0.00000,0.00000,0.0000,0.0000,0.0,-100.00,0,"Transfer to 3082005 #7328215",0,00:00:00:00,,,,,,,,,,,,
,75158752,03/06/2020 16:08,,,Withdrawal,0.010,0.00000,0.00000,0.00000,0.00000,0.0000,0.0000,0.0,-1303.00,0,"Withdraw CC-REFUND USD #7311658",0,00:00:00:00,,,,,,,,,,,,
,75158561,03/06/2020 16:04,03/06/2020 16:07,XAUUSD,Buy,0.600,1667.90000,0.00000,1675.53000,1680.91000,0.0000,0.0000,538.0,322.80,2.94,"",0,00:00:03:09,,,,,,,,,,,,
,75158566,03/06/2020 16:04,03/06/2020 16:07,XAUUSD,Buy,0.600,1667.90000,0.00000,1675.89000,1681.00000,0.0000,0.0000,511.0,306.60,2.87,"",0,00:00:02:56,,,,,,,,,,,,
,75143829,03/06/2020 10:28,03/06/2020 10:35,XAUUSD,Buy,0.200,0.00000,0.00000,1674.26000,1677.25000,0.0000,0.0000,299.0,59.80,0.56,"",0,00:00:06:38,100.0,6m,176.0,0.00,475.0,95.0,0.0,0.0,100.0,62.9,-176.00,-35.20
,75143438,03/06/2020 10:15,03/06/2020 10:35,XAUUSD,Buy,0.200,0.00000,0.00000,1674.87000,1677.32000,0.0000,0.0000,245.0,49.00,0.46,"",0,00:00:19:45,35.0,6m,243.0,0.59,414.0,82.80000000000001,-243.0,-48.6,63.0,74.3,-169.00,-33.80
,75143204,03/06/2020 10:09,03/06/2020 10:35,XAUUSD,Buy,0.300,0.00000,0.00000,1672.73000,1677.34000,0.0000,0.0000,461.0,138.30,1.33,"",0,00:00:25:57,92.4,23m,214.0,0.05,628.0,188.4,-29.0,-8.7,95.6,74.6,-167.00,-50.10
,75143255,03/06/2020 10:11,,,Withdrawal,0.010,0.00000,0.00000,0.00000,0.00000,0.0000,0.0000,0.0,-150.00,0,"Transfer to 20108733 #7303504",0,00:00:00:00,,,,,,,,,,,,
,75139792,03/06/2020 07:23,03/06/2020 08:29,XAUUSD,Sell,0.500,0.00000,0.00000,1677.87000,1674.55000,0.0000,0.0000,332.0,166.00,1.59,"",0,00:01:05:41,33.4,21m,317.0,0.70,407.0,203.5,-286.0,-143.0,58.7,89.2,-75.00,-37.50
,75139783,03/06/2020 07:23,03/06/2020 08:29,XAUUSD,Sell,0.500,0.00000,0.00000,1678.03000,1674.17000,0.0000,0.0000,386.0,193.00,1.89,"",0,00:01:06:13,39.4,26m,317.0,0.64,423.0,211.5,-270.0,-135.0,61.0,94.7,-37.00,-18.50
,75139776,03/06/2020 07:22,03/06/2020 08:29,XAUUSD,Sell,0.500,1682.00000,0.00000,1678.12000,1674.28000,0.0000,0.0000,384.0,192.00,1.92,"",0,00:01:06:51,40.3,26m,317.0,0.60,432.0,216.0,-261.0,-130.5,62.3,93.1,-48.00,-24.00
,75097450,03/04/2020 20:30,03/05/2020 11:57,XAUUSD,Buy,0.100,0.00000,0.00000,1643.57000,1644.41000,0.0000,-2.7000,84.0,5.70,0.06,"",0,00:15:27:03,2.8,25m,849.0,10.11,84.0,8.4,-849.0,-84.9,9.0,100.0,0.00,0.00
,75096062,03/04/2020 19:37,03/05/2020 11:36,XAUUSD,Buy,0.150,0.00000,0.00000,1643.25000,1643.55000,0.0000,-4.0500,30.0,0.45,0.00,"",0,00:15:59:15,1.6,15m,817.0,14.35,57.0,8.549999999999999,-817.0,-122.55,6.5,96.9,-27.00,-4.05
,75099205,03/04/2020 22:08,03/05/2020 11:36,XAUUSD,Buy,0.200,0.00000,0.00000,1640.11000,1643.49000,0.0000,-5.4000,338.0,62.20,0.62,"",0,00:13:28:06,14.2,1h 54m,549.0,1.36,371.0,74.2,-503.0,-100.60000000000001,42.4,96.2,-33.00,-6.60
,75099207,03/04/2020 22:09,03/05/2020 11:36,XAUUSD,Buy,0.200,0.00000,0.00000,1639.74000,1643.45000,0.0000,-5.4000,371.0,68.80,0.70,"",0,00:13:26:52,27.2,3h 39m,549.0,1.14,408.0,81.60000000000001,-466.0,-93.2,46.7,95.8,-37.00,-7.40
,75097847,03/04/2020 20:51,03/05/2020 11:16,XAUUSD,Buy,1.000,0.00000,0.00000,1638.26000,1643.03000,0.0000,-27.0000,477.0,450.00,4.77,"",0,00:14:25:07,64.2,9h 15m,558.0,0.67,477.0,477.0,-318.0,-318.0,60.0,100.0,0.00,0.00
,75097508,03/04/2020 20:33,03/05/2020 11:09,XAUUSD,Buy,0.100,0.00000,0.00000,1642.67000,1642.30000,0.0000,-2.7000,-37.0,-6.40,-0.07,"",0,00:14:36:33,0.0,0s,759.0,769.23,0.0,0.0,-759.0,-75.9,0.0,95.1,-37.00,-3.70
,75096043,03/04/2020 19:36,03/05/2020 11:09,XAUUSD,Buy,0.150,0.00000,0.00000,1643.20000,1642.38000,0.0000,-4.0500,-82.0,-16.35,-0.17,"",0,00:15:33:30,0.0,0s,812.0,833.33,0.0,0.0,-812.0,-121.8,0.0,89.9,-82.00,-12.30
,75099485,03/04/2020 22:34,03/05/2020 11:09,XAUUSD,Buy,0.200,0.00000,0.00000,1638.50000,1642.63000,0.0000,-5.4000,413.0,77.20,0.82,"",0,00:12:35:26,57.7,7h 15m,436.0,0.83,413.0,82.60000000000001,-342.0,-68.4,54.7,100.0,0.00,0.00
,75097538,03/04/2020 20:35,03/05/2020 11:09,XAUUSD,Buy,0.100,0.00000,0.00000,1642.37000,1642.68000,0.0000,-2.7000,31.0,0.40,0.00,"",0,00:14:34:18,1.2,10m,729.0,23.53,31.0,3.1,-729.0,-72.9,4.1,100.0,0.00,0.00
,75097222,03/04/2020 20:20,03/05/2020 11:07,XAUUSD,Buy,0.100,0.00000,0.00000,1642.38000,1641.79000,0.0000,-2.7000,-59.0,-8.60,-0.09,"",0,00:14:47:22,0.0,0s,730.0,769.23,0.0,0.0,-730.0,-73.0,0.0,91.9,-59.00,-5.90
,75105805,03/05/2020 10:02,03/05/2020 11:07,XAUUSD,Buy,0.300,0.00000,0.00000,1638.11000,1641.82000,0.0000,0.0000,371.0,111.30,1.20,"",0,00:01:05:06,97.0,1h 3m,262.0,0.10,401.0,120.3,-39.0,-11.7,91.1,93.2,-30.00,-9.00
,75096408,03/04/2020 19:52,03/05/2020 09:13,XAUUSD,Buy,0.300,0.00000,0.00000,1641.77000,1641.70000,0.0000,-8.1000,-7.0,-10.20,-0.11,"",0,00:13:21:07,5.7,45m,863.0,3.64,186.0,55.8,-677.0,-203.1,21.6,77.6,-193.00,-57.90
,75099537,03/04/2020 22:38,03/05/2020 09:13,XAUUSD,Buy,0.200,0.00000,0.00000,1638.07000,1641.64000,0.0000,-5.4000,357.0,66.00,0.72,"",0,00:10:34:43,64.8,6h 51m,375.0,0.71,435.0,87.0,-307.0,-61.400000000000006,58.6,89.5,-78.00,-15.60
,75096452,03/04/2020 19:54,03/05/2020 09:13,XAUUSD,Buy,0.300,0.00000,0.00000,1641.55000,1641.57000,0.0000,-8.1000,2.0,-7.50,-0.08,"",0,00:13:18:42,6.7,53m,863.0,3.15,208.0,62.4,-655.0,-196.5,24.1,76.1,-206.00,-61.80
,75097687,03/04/2020 20:45,03/05/2020 09:13,XAUUSD,Buy,0.300,0.00000,0.00000,1640.32000,1641.66000,0.0000,-8.1000,134.0,32.10,0.35,"",0,00:12:28:07,5.8,43m,613.0,2.53,210.0,63.0,-532.0,-159.6,28.3,89.8,-76.00,-22.80
,75099051,03/04/2020 21:59,03/05/2020 09:13,XAUUSD,Buy,0.200,0.00000,0.00000,1640.22000,1641.67000,0.0000,-5.4000,145.0,23.60,0.26,"",0,00:11:13:41,5.8,39m,613.0,2.37,220.0,44.0,-522.0,-104.4,29.6,89.9,-75.00,-15.00
,75097740,03/04/2020 20:47,03/04/2020 21:52,XAUUSD,Buy,0.300,0.00000,0.00000,1639.32000,1640.22000,0.0000,0.0000,90.0,27.00,0.30,"",0,00:01:05:34,13.9,9m,330.0,2.85,116.0,34.8,-330.0,-99.0,26.0,94.2,-26.00,-7.80
,75097866,03/04/2020 20:52,03/04/2020 21:36,XAUUSD,Buy,0.300,0.00000,0.00000,1637.87000,1637.87000,0.0000,0.0000,0.0,0.00,0.00,"",0,00:00:44:31,34.1,15m,185.0,1.39,133.0,0.0,-185.0,-0.0,41.8,58.2,-133.00,0.00
,75097874,03/04/2020 20:52,03/04/2020 21:32,XAUUSD,Buy,2.000,0.00000,0.00000,1637.66000,1639.25000,0.0000,0.0000,159.0,318.00,3.60,"",0,00:00:39:50,45.0,17m,164.0,1.03,159.0,318.0,-164.0,-328.0,49.2,100.0,0.00,0.00
,75097922,03/04/2020 20:54,,,Withdrawal,0.010,0.00000,0.00000,0.00000,0.00000,0.0000,0.0000,0.0,-600.00,0,"Transfer to 20108733 #7288039",0,00:00:00:00,,,,,,,,,,,,
,75097829,03/04/2020 20:50,,,Withdrawal,0.010,0.00000,0.00000,0.00000,0.00000,0.0000,0.0000,0.0,-600.00,0,"Transfer to 20108733 #7288016",0,00:00:00:00,,,,,,,,,,,,
,75096374,03/04/2020 19:51,03/04/2020 20:15,XAUUSD,Buy,0.300,0.00000,0.00000,1642.08000,1643.08000,0.0000,0.0000,100.0,30.00,0.30,"",0,00:00:23:50,54.2,12m,136.0,0.72,155.0,46.5,-111.0,-33.3,58.3,79.3,-55.00,-16.50
,75096125,03/04/2020 19:41,03/04/2020 20:14,XAUUSD,Buy,0.150,0.00000,0.00000,1642.91000,1643.01000,0.0000,0.0000,10.0,1.50,0.01,"",0,00:00:33:46,21.3,7m,236.0,2.69,72.0,10.799999999999999,-194.0,-29.099999999999998,27.1,76.7,-62.00,-9.30
,75095505,03/04/2020 19:15,,,Withdrawal,0.010,0.00000,0.00000,0.00000,0.00000,0.0000,0.0000,0.0,-1000.00,0,"Withdraw CC-REFUND USD #7287197",0,00:00:00:00,,,,,,,,,,,,
,75095455,03/04/2020 19:13,,,Withdrawal,0.010,0.00000,0.00000,0.00000,0.00000,0.0000,0.0000,0.0,-589.00,0,"Withdraw CC-REFUND USD #7287190",0,00:00:00:00,,,,,,,,,,,,
,75094959,03/04/2020 18:57,03/04/2020 19:09,XAUUSD,Buy,0.150,1639.00000,0.00000,1641.75000,1643.08000,0.0000,0.0000,133.0,19.95,0.17,"",0,00:00:12:08,91.7,11m,63.0,0.11,177.0,26.55,-20.0,-3.0,89.8,77.7,-44.00,-6.60
,75094639,03/04/2020 18:49,03/04/2020 19:08,XAUUSD,Buy,0.050,163.40000,0.00000,1643.27000,1643.57000,0.0000,0.0000,30.0,1.50,0.01,"",0,00:00:18:54,21.1,3m,217.0,7.24,30.0,1.5,-217.0,-10.850000000000001,12.1,100.0,0.00,0.00
,75094792,03/04/2020 18:53,03/04/2020 19:08,XAUUSD,Buy,0.150,1638.40000,0.00000,1641.96000,1643.47000,0.0000,0.0000,151.0,22.65,0.20,"",0,00:00:15:17,66.7,10m,86.0,0.55,156.0,23.4,-86.0,-12.9,64.5,97.9,-5.00,-0.75
,75094641,03/04/2020 18:49,03/04/2020 19:08,XAUUSD,Buy,0.050,1638.40000,0.00000,1643.26000,1643.28000,0.0000,0.0000,2.0,0.10,0.00,"",0,00:00:18:34,21.1,3m,216.0,8.31,26.0,1.3,-216.0,-10.8,10.7,90.1,-24.00,-1.20
,75094768,03/04/2020 18:52,03/04/2020 19:08,XAUUSD,Buy,0.050,1638.40000,0.00000,1641.83000,1643.37000,0.0000,0.0000,154.0,7.70,0.07,"",0,00:00:15:38,62.5,9m,73.0,0.43,169.0,8.450000000000001,-73.0,-3.6500000000000004,69.8,93.8,-15.00,-0.75
,75093563,03/04/2020 18:21,03/04/2020 19:08,XAUUSD,Buy,0.050,1638.40000,0.00000,1643.09000,1643.27000,0.0000,0.0000,18.0,0.90,0.01,"",0,00:00:46:12,17.1,7m,321.0,7.47,43.0,2.15,-321.0,-16.05,11.8,93.1,-25.00,-1.25
,75093713,03/04/2020 18:25,03/04/2020 18:44,XAUUSD,Buy,0.050,0.00000,0.00000,1642.68000,1643.05000,0.0000,0.0000,37.0,1.85,0.02,"",0,00:00:18:18,31.6,5m,280.0,3.64,77.0,3.85,-280.0,-14.0,21.6,88.8,-40.00,-2.00
,75093749,03/04/2020 18:27,03/04/2020 18:44,XAUUSD,Buy,0.100,0.00000,0.00000,1641.62000,1642.97000,0.0000,0.0000,135.0,13.50,0.12,"",0,00:00:16:58,58.9,9m,174.0,0.95,183.0,18.3,-174.0,-17.400000000000002,51.3,86.6,-48.00,-4.80
,75093341,03/04/2020 18:16,03/04/2020 18:43,XAUUSD,Buy,0.050,0.00000,0.00000,1642.79000,1642.76000,0.0000,0.0000,-3.0,-0.15,0.00,"",0,00:00:27:15,22.3,6m,318.0,5.71,51.0,2.5500000000000003,-291.0,-14.55,14.9,84.2,-54.00,-2.70
,75093693,03/04/2020 18:25,03/04/2020 18:43,XAUUSD,Buy,0.050,0.00000,0.00000,1642.40000,1642.64000,0.0000,0.0000,24.0,1.20,0.01,"",0,00:00:18:18,44.5,8m,252.0,2.80,90.0,4.5,-252.0,-12.600000000000001,26.3,80.7,-66.00,-3.30
,75093536,03/04/2020 18:21,03/04/2020 18:43,XAUUSD,Buy,0.050,0.00000,0.00000,1642.39000,1642.73000,0.0000,0.0000,34.0,1.70,0.01,"",0,00:00:22:32,45.5,10m,289.0,2.76,91.0,4.55,-251.0,-12.55,26.6,83.3,-57.00,-2.85
,75093501,03/04/2020 18:20,03/04/2020 18:43,XAUUSD,Buy,0.050,0.00000,0.00000,1642.31000,1642.73000,0.0000,0.0000,42.0,2.10,0.02,"",0,00:00:23:07,52.2,12m,318.0,2.45,99.0,4.95,-243.0,-12.15,28.9,83.3,-57.00,-2.85
,75093515,03/04/2020 18:20,03/04/2020 18:42,XAUUSD,Buy,0.050,0.00000,0.00000,1642.21000,1642.75000,0.0000,0.0000,54.0,2.70,0.02,"",0,00:00:21:55,50.0,10m,318.0,2.14,109.0,5.45,-233.0,-11.65,31.9,83.9,-55.00,-2.75
,75093338,03/04/2020 18:16,03/04/2020 18:42,XAUUSD,Buy,0.050,0.00000,0.00000,1642.52000,1642.66000,0.0000,0.0000,14.0,0.70,0.01,"",0,00:00:26:10,34.7,9m,318.0,3.39,78.0,3.9000000000000004,-264.0,-13.200000000000001,22.8,81.3,-64.00,-3.20
,75093084,03/04/2020 18:09,03/04/2020 18:42,XAUUSD,Buy,0.100,1637.80000,0.00000,1642.21000,1642.56000,0.0000,0.0000,35.0,3.50,0.03,"",0,00:00:33:07,42.5,14m,318.0,2.45,109.0,10.9,-267.0,-26.700000000000003,29.0,80.3,-74.00,-7.40
,75093097,03/04/2020 18:09,03/04/2020 18:39,XAUUSD,Buy,0.100,1636.40000,0.00000,1642.21000,1642.08000,0.0000,0.0000,-13.0,-1.30,-0.01,"",0,00:00:29:21,33.4,9m,318.0,3.14,85.0,8.5,-267.0,-26.700000000000003,24.1,72.2,-98.00,-9.80
,75093495,03/04/2020 18:20,03/04/2020 18:39,XAUUSD,Buy,0.050,0.00000,0.00000,1642.30000,1642.30000,0.0000,0.0000,0.0,0.00,0.00,"",0,00:00:18:36,36.9,6m,318.0,3.18,76.0,0.0,-242.0,-0.0,23.9,76.1,-76.00,0.00
,75094017,03/04/2020 18:34,03/04/2020 18:39,XAUUSD,Buy,0.300,0.00000,0.00000,1640.49000,1642.20000,0.0000,0.0000,171.0,51.30,0.45,"",0,00:00:04:57,100.0,4m,47.0,0.00,218.0,65.39999999999999,0.0,0.0,100.0,78.4,-47.00,-14.10
,75093199,03/04/2020 18:12,03/04/2020 18:18,XAUUSD,Buy,0.200,0.00000,0.00000,1640.81000,1641.40000,0.0000,0.0000,59.0,11.80,0.10,"",0,00:00:05:49,83.4,4m,106.0,0.28,165.0,33.0,-46.0,-9.200000000000001,78.2,49.8,-106.00,-21.20
,75093268,03/04/2020 18:14,03/04/2020 18:17,XAUUSD,Buy,0.200,0.00000,0.00000,1639.92000,1641.50000,0.0000,0.0000,158.0,31.60,0.28,"",0,00:00:02:24,,,,,,,,,,,,
,75089771,03/04/2020 16:57,03/04/2020 18:07,XAUUSD,Buy,0.150,1642.40000,0.00000,1644.21000,1642.34000,0.0000,0.0000,-187.0,-28.05,-0.25,"[sl]",0,00:01:10:00,0.0,0s,707.0,714.29,0.0,0.0,-707.0,-106.05,0.0,73.6,-187.00,-28.05
,75089088,03/04/2020 16:43,03/04/2020 18:03,XAUUSD,Buy,0.100,0.00000,0.00000,1643.21000,1643.73000,0.0000,0.0000,52.0,5.20,0.05,"",0,00:01:20:42,20.0,16m,732.0,4.86,125.0,12.5,-607.0,-60.7,17.1,90.0,-73.00,-7.30
,75088873,03/04/2020 16:37,03/04/2020 18:03,XAUUSD,Buy,0.100,0.00000,0.00000,1642.64000,1643.68000,0.0000,0.0000,104.0,10.40,0.09,"",0,00:01:26:11,31.4,27m,732.0,3.02,182.0,18.2,-550.0,-55.0,24.9,89.3,-78.00,-7.80
,75090213,03/04/2020 17:01,03/04/2020 18:03,XAUUSD,Buy,0.200,0.00000,0.00000,1643.86000,1644.01000,0.0000,0.0000,15.0,3.00,0.03,"",0,00:01:02:21,9.7,6m,686.0,24.04,28.0,5.6000000000000005,-672.0,-134.4,4.0,98.1,-13.00,-2.60
,75089400,03/04/2020 16:49,03/04/2020 18:03,XAUUSD,Buy,0.300,0.00000,0.00000,1641.36000,1643.61000,0.0000,0.0000,225.0,67.50,0.59,"",0,00:01:13:48,44.6,32m,732.0,1.36,310.0,93.0,-422.0,-126.6,42.3,88.4,-85.00,-25.50
,75091365,03/04/2020 17:23,03/04/2020 17:59,XAUUSD,Buy,2.000,0.00000,0.00000,1640.11000,1642.88000,0.0000,0.0000,277.0,554.00,5.13,"",0,00:00:36:57,52.8,19m,297.0,1.00,298.0,596.0,-297.0,-594.0,50.1,96.5,-21.00,-42.00
,75088932,03/04/2020 16:39,03/04/2020 17:56,XAUUSD,Buy,0.100,0.00000,0.00000,1642.53000,1642.82000,0.0000,0.0000,29.0,2.90,0.03,"",0,00:01:17:41,27.3,21m,732.0,2.79,193.0,19.3,-539.0,-53.900000000000006,26.4,77.6,-164.00,-16.40
,75088783,03/04/2020 16:36,03/04/2020 17:56,XAUUSD,Buy,0.100,0.00000,0.00000,1642.37000,1642.68000,0.0000,0.0000,31.0,3.10,0.03,"",0,00:01:20:29,27.6,22m,732.0,2.50,209.0,20.900000000000002,-523.0,-52.300000000000004,28.6,75.7,-178.00,-17.80
,75089434,03/04/2020 16:50,03/04/2020 17:55,XAUUSD,Buy,0.300,0.00000,0.00000,1641.54000,1641.78000,0.0000,0.0000,24.0,7.20,0.07,"",0,00:01:05:50,35.4,23m,732.0,1.51,292.0,87.6,-440.0,-132.0,39.9,63.4,-268.00,-80.40
,75088648,03/04/2020 16:34,03/04/2020 17:55,XAUUSD,Buy,0.100,0.00000,0.00000,1641.70000,1641.74000,0.0000,0.0000,4.0,0.40,0.00,"",0,00:01:20:58,38.3,31m,732.0,1.65,276.0,27.6,-456.0,-45.6,37.7,62.8,-272.00,-27.20
,75091467,03/04/2020 17:26,03/04/2020 17:44,XAUUSD,Buy,3.000,1634.30000,0.00000,1638.31000,1640.40000,0.0000,0.0000,209.0,627.00,6.17,"",0,00:00:18:13,83.4,15m,117.0,0.46,257.0,771.0,-117.0,-351.0,68.7,87.2,-48.00,-144.00
,75091256,03/04/2020 17:20,03/04/2020 17:44,XAUUSD,Buy,0.200,0.00000,0.00000,1640.01000,1640.78000,0.0000,0.0000,77.0,15.40,0.15,"",0,00:00:24:17,16.7,4m,287.0,3.30,87.0,17.400000000000002,-287.0,-57.400000000000006,23.3,97.3,-10.00,-2.00
,75091173,03/04/2020 17:18,03/04/2020 17:44,XAUUSD,Buy,1.000,0.00000,0.00000,1640.64000,1640.78000,0.0000,0.0000,14.0,14.00,0.14,"",0,00:00:26:08,7.7,2m,350.0,14.60,24.0,24.0,-350.0,-350.0,6.4,97.3,-10.00,-10.00
,75091332,03/04/2020 17:21,03/04/2020 17:43,XAUUSD,Buy,0.200,0.00000,0.00000,1639.91000,1640.03000,0.0000,0.0000,12.0,2.40,0.02,"",0,00:00:21:24,13.7,2m,277.0,2.86,97.0,19.400000000000002,-277.0,-55.400000000000006,25.9,77.3,-85.00,-17.00
,75091237,03/04/2020 17:19,03/04/2020 17:43,XAUUSD,Buy,0.200,0.00000,0.00000,1639.74000,1640.02000,0.0000,0.0000,28.0,5.60,0.06,"",0,00:00:23:23,12.5,2m,260.0,2.28,114.0,22.8,-260.0,-52.0,30.5,77.0,-86.00,-17.20
,75091107,03/04/2020 17:16,03/04/2020 17:32,EURUSD,Buy,1.000,0.00000,0.00000,1.11222,1.11224,0.0000,0.0000,0.2,2.00,0.02,"",0,00:00:15:46,31.3,4m,8.5,3.00,2.6,26.0,-7.8,-78.0,25.0,76.9,-2.40,-24.00
,75091416,03/04/2020 17:24,03/04/2020 17:28,DAL,Buy,1.000,0.00000,0.00000,47.10000,47.17000,0.0000,0.0000,7.0,7.00,0.07,"",0,00:00:03:59,,,,,,,,,,,,
,75078165,03/04/2020 11:42,03/04/2020 11:45,XAUUSD,Buy,0.200,0.00000,0.00000,1637.41000,1637.76000,0.0000,0.0000,35.0,7.00,0.07,"",0,00:00:03:00,,,,,,,,,,,,
,75078142,03/04/2020 11:41,03/04/2020 11:45,XAUUSD,Buy,0.200,0.00000,0.00000,1637.26000,1637.69000,0.0000,0.0000,43.0,8.60,0.09,"",0,00:00:03:57,,,,,,,,,,,,
,75078080,03/04/2020 11:38,03/04/2020 11:44,XAUUSD,Buy,0.200,0.00000,0.00000,1637.37000,1637.60000,0.0000,0.0000,23.0,4.60,0.05,"",0,00:00:06:26,66.7,4m,60.0,0.61,83.0,16.6,-51.0,-10.200000000000001,61.9,55.2,-60.00,-12.00
,75073652,03/04/2020 09:24,03/04/2020 11:06,XAUUSD,Buy,0.050,0.00000,0.00000,1636.53000,1637.05000,0.0000,0.0000,52.0,2.60,0.03,"",0,00:01:41:53,46.1,46m,414.0,0.84,262.0,13.100000000000001,-220.0,-11.0,54.4,56.4,-210.00,-10.50
,75076650,03/04/2020 10:54,03/04/2020 11:06,XAUUSD,Buy,0.200,0.00000,0.00000,1636.23000,1636.86000,0.0000,0.0000,63.0,12.60,0.12,"",0,00:00:12:12,66.7,8m,93.0,0.46,126.0,25.200000000000003,-58.0,-11.600000000000001,68.5,65.8,-63.00,-12.60
,75074278,03/04/2020 09:45,03/04/2020 11:06,XAUUSD,Buy,0.200,0.00000,0.00000,1635.95000,1636.86000,0.0000,0.0000,91.0,18.20,0.18,"",0,00:01:20:15,74.1,59m,414.0,0.51,320.0,64.0,-162.0,-32.4,66.4,52.5,-229.00,-45.80
,75072875,03/04/2020 09:00,03/04/2020 09:03,XAUUSD,Sell,0.200,0.00000,0.00000,1640.25000,1638.85000,0.0000,0.0000,140.0,28.00,0.28,"",0,00:00:02:47,,,,,,,,,,,,
,75065126,03/03/2020 21:59,03/03/2020 22:01,XAUUSD,Buy,0.200,0.00000,0.00000,1628.94000,1629.30000,0.0000,0.0000,36.0,7.20,0.07,"",0,00:00:01:42,,,,,,,,,,,,
,75065120,03/03/2020 21:58,03/03/2020 22:01,XAUUSD,Buy,0.200,0.00000,0.00000,1629.71000,1629.72000,0.0000,0.0000,1.0,0.20,0.00,"",0,00:00:02:11,,,,,,,,,,,,
,75065200,03/03/2020 22:00,03/03/2020 22:00,XAUUSD,Buy,0.200,0.00000,0.00000,1628.37000,1629.78000,0.0000,0.0000,141.0,28.20,0.28,"",0,00:00:00:50,,,,,,,,,,,,
,75061207,03/03/2020 19:51,,,Withdrawal,0.010,0.00000,0.00000,0.00000,0.00000,0.0000,0.0000,0.0,-21704.82,0,"Withdraw CC-REFUND USD #7276049",0,00:00:00:00,,,,,,,,,,,,
,75049843,03/03/2020 03:41,03/03/2020 17:09,XAUUSD,Buy,2.000,1599.28000,0.00000,1598.99000,1619.56000,0.0000,0.0000,2057.0,4114.00,14.91,"from #75044991",0,00:13:27:51,42.9,5h 46m,701.0,0.24,2143.0,4286.0,-523.0,-1046.0,80.4,96.8,-86.00,-172.00
,75044991,03/03/2020 03:41,03/03/2020 17:02,XAUUSD,Buy,2.000,1599.28000,0.00000,1598.99000,1621.38000,0.0000,0.0000,2239.0,4478.00,19.37,"to #75049843",0,00:13:20:15,42.5,5h 40m,701.0,0.23,2239.0,4478.0,-523.0,-1046.0,81.1,100.0,0.00,0.00
,75046982,03/03/2020 15:25,03/03/2020 17:01,XAUUSD,Buy,4.000,1598.80000,0.00000,1602.22000,1615.53000,0.0000,0.0000,1331.0,5324.00,29.93,"from #75046464",0,00:01:35:43,86.5,1h 22m,529.0,0.06,1860.0,7440.0,-118.0,-472.0,94.0,73.3,-529.00,-2116.00
,75047831,03/03/2020 16:30,03/03/2020 16:55,XAUUSD,Buy,1.000,1599.78000,0.00000,1602.98000,1605.10000,0.0000,0.0000,212.0,212.00,1.21,"",0,00:00:25:03,88.0,22m,175.0,0.12,347.0,347.0,-40.0,-40.0,89.7,65.1,-135.00,-135.00
,75046464,03/03/2020 15:25,03/03/2020 16:00,XAUUSD,Buy,1.000,1598.80000,0.00000,1602.22000,1604.40000,0.0000,0.0000,218.0,218.00,1.26,"to #75046982",0,00:00:35:12,65.8,23m,120.0,0.38,309.0,309.0,-118.0,-118.0,72.4,78.7,-91.00,-91.00
,75045822,03/03/2020 15:25,03/03/2020 15:47,XAUUSD,Buy,3.000,1598.80000,0.00000,1602.22000,1603.24000,0.0000,0.0000,102.0,306.00,1.79,"to #75046464",0,00:00:21:53,45.5,9m,143.0,0.48,245.0,735.0,-118.0,-354.0,67.5,60.6,-143.00,-429.00
,75045041,03/03/2020 15:05,03/03/2020 15:24,XAUUSD,Buy,2.000,1600.58000,0.00000,1603.28000,1600.62000,0.0000,0.0000,-266.0,-532.00,-3.03,"[sl]",0,00:00:18:55,26.4,4m,301.0,7.60,35.0,70.0,-266.0,-532.0,11.6,0.0,-301.00,-602.00
,75028510,03/03/2020 03:41,03/03/2020 15:03,XAUUSD,Buy,1.000,0.00000,0.00000,1598.99000,1601.58000,0.0000,0.0000,259.0,259.00,1.49,"to #75044991",0,00:11:21:53,32.4,3h 40m,701.0,0.88,595.0,595.0,-523.0,-523.0,53.2,69.9,-336.00,-336.00
,75043895,03/03/2020 03:41,03/03/2020 14:45,XAUUSD,Buy,3.500,0.00000,0.00000,1598.86000,1604.31000,0.0000,0.0000,545.0,1907.50,12.37,"from #75028505",0,00:11:03:33,33.1,3h 39m,701.0,0.84,608.0,2128.0,-510.0,-1785.0,54.4,94.4,-63.00,-220.50
,75028505,03/03/2020 03:41,03/03/2020 14:42,XAUUSD,Buy,1.500,0.00000,0.00000,1598.86000,1603.06000,0.0000,0.0000,420.0,630.00,4.26,"to #75043895",0,00:11:00:33,32.6,3h 35m,701.0,0.84,608.0,912.0,-510.0,-765.0,54.4,83.2,-188.00,-282.00
,75043433,03/03/2020 14:31,03/03/2020 14:40,XAUUSD,Buy,2.000,0.00000,0.00000,1601.05000,1601.75000,0.0000,0.0000,70.0,140.00,0.96,"from #75043252",0,00:00:08:30,100.0,8m,88.0,0.01,154.0,308.0,0.0,0.0,100.0,45.5,-84.00,-168.00
,75043252,03/03/2020 14:31,03/03/2020 14:35,XAUUSD,Buy,1.000,0.00000,0.00000,1601.05000,1601.38000,0.0000,0.0000,33.0,33.00,0.23,"to #75043433",0,00:00:04:17,100.0,4m,19.0,0.02,52.0,52.0,0.0,0.0,100.0,63.5,-19.00,-19.00
,75032194,03/03/2020 08:18,03/03/2020 13:07,XAUUSD,Buy,5.000,0.00000,0.00000,1596.34000,1600.89000,0.0000,0.0000,455.0,2275.00,18.44,"",0,00:04:49:50,48.3,2h 19m,351.0,0.57,455.0,2275.0,-258.0,-1290.0,63.8,100.0,0.00,0.00
,75027586,03/03/2020 03:03,03/03/2020 04:56,XAUUSD,Buy,0.200,0.00000,0.00000,1597.71000,1597.88000,0.0000,0.0000,17.0,3.40,0.03,"",0,00:01:53:36,74.4,1h 24m,445.0,0.84,242.0,48.400000000000006,-203.0,-40.6,54.4,49.4,-225.00,-45.00
,75028806,03/03/2020 04:00,03/03/2020 04:25,XAUUSD,Buy,5.000,0.00000,0.00000,1597.74000,1598.26000,0.0000,0.0000,52.0,260.00,2.15,"",0,00:00:25:05,60.0,15m,206.0,1.93,107.0,535.0,-206.0,-1030.0,34.2,82.4,-55.00,-275.00
,75028498,03/03/2020 03:41,,,Deposit,0.010,0.00000,0.00000,0.00000,0.00000,0.0000,0.0000,0.0,12000.00,0,"Withdraw canceled 7260001",0,00:00:00:00,,,,,,,,,,,,
,75023433,03/02/2020 22:03,03/02/2020 22:48,XAUUSD,Buy,0.500,0.00000,0.00000,1596.18000,1589.04000,0.0000,0.0000,-714.0,-357.00,-82.31,"[stopout]",0,00:00:45:41,6.7,3m,789.0,11.34,64.0,32.0,-725.0,-362.5,8.1,1.4,-778.00,-389.00
,75023429,03/02/2020 22:03,03/02/2020 22:48,XAUUSD,Buy,0.500,0.00000,0.00000,1596.28000,1589.04000,0.0000,0.0000,-724.0,-362.00,-45.49,"[stopout]",0,00:00:45:44,4.5,2m,789.0,13.62,54.0,27.0,-735.0,-367.5,6.8,1.4,-778.00,-389.00
,75021571,03/02/2020 20:28,03/02/2020 22:48,XAUUSD,Buy,1.000,0.00000,0.00000,1594.42000,1589.04000,0.0000,0.0000,-538.0,-538.00,-40.34,"[stopout]",0,00:02:20:42,54.3,1h 16m,836.0,1.91,287.0,287.0,-549.0,-549.0,34.3,1.3,-825.00,-825.00
,75021138,03/02/2020 20:07,03/02/2020 22:48,XAUUSD,Buy,0.500,0.00000,0.00000,1596.23000,1589.04000,0.0000,0.0000,-719.0,-359.50,-21.23,"[stopout]",0,00:02:41:35,15.0,24m,836.0,6.89,106.0,53.0,-730.0,-365.0,12.7,1.3,-825.00,-412.50
,75021041,03/02/2020 20:03,03/02/2020 22:48,XAUUSD,Buy,0.300,0.00000,0.00000,1597.59000,1589.04000,0.0000,0.0000,-855.0,-256.50,-13.16,"[stopout]",0,00:02:45:48,0.0,0s,866.0,909.09,0.0,0.0,-866.0,-259.8,0.0,1.3,-855.00,-256.50
,75021036,03/02/2020 20:02,03/02/2020 22:48,XAUUSD,Buy,0.800,0.00000,0.00000,1597.92000,1589.04000,0.0000,0.0000,-888.0,-710.40,-26.71,"[stopout]",0,00:02:45:59,0.0,0s,899.0,909.09,0.0,0.0,-899.0,-719.2,0.0,1.2,-888.00,-710.40
,75021249,03/02/2020 20:12,03/02/2020 21:50,XAUUSD,Buy,0.500,0.00000,0.00000,1595.84000,1596.14000,0.0000,0.0000,30.0,15.00,0.57,"",0,00:01:38:10,33.7,33m,488.0,3.19,145.0,72.5,-462.0,-231.0,23.9,81.1,-115.00,-57.50
,75019860,03/02/2020 19:25,,,Withdrawal,0.010,0.00000,0.00000,0.00000,0.00000,0.0000,0.0000,0.0,-12000.00,0,"Withdraw CC-REFUND USD #7260001",0,00:00:00:00,,,,,,,,,,,,
,75019813,03/02/2020 19:23,,,Withdrawal,0.010,0.00000,0.00000,0.00000,0.00000,0.0000,0.0000,0.0,-400.00,0,"Withdraw CC-REFUND USD #7259975",0,00:00:00:00,,,,,,,,,,,,
,75019782,03/02/2020 19:22,,,Withdrawal,0.010,0.00000,0.00000,0.00000,0.00000,0.0000,0.0000,0.0,-500.00,0,"Withdraw CC-REFUND USD #7259957",0,00:00:00:00,,,,,,,,,,,,
,75019756,03/02/2020 19:21,,,Withdrawal,0.010,0.00000,0.00000,0.00000,0.00000,0.0000,0.0000,0.0,-3500.00,0,"Withdraw CC-REFUND USD #7259950",0,00:00:00:00,,,,,,,,,,,,
,75019696,03/02/2020 19:20,,,Withdrawal,0.010,0.00000,0.00000,0.00000,0.00000,0.0000,0.0000,0.0,-2500.00,0,"Withdraw CC-REFUND USD #7259923",0,00:00:00:00,,,,,,,,,,,,
,75014763,03/02/2020 17:37,03/02/2020 19:18,XAUUSD,Buy,1.000,0.00000,0.00000,1593.76000,1599.70000,0.0000,0.0000,594.0,594.00,2.84,"",0,00:01:41:22,73.3,1h 14m,576.0,0.37,691.0,691.0,-259.0,-259.0,72.7,89.8,-97.00,-97.00
,75015059,03/02/2020 17:46,03/02/2020 18:16,XAUUSD,Buy,0.500,0.00000,0.00000,1592.52000,1595.14000,0.0000,0.0000,262.0,131.00,0.63,"",0,00:00:29:51,93.4,27m,303.0,0.04,495.0,247.5,-21.0,-10.5,95.9,54.8,-233.00,-116.50
,75011466,03/02/2020 16:14,03/02/2020 16:36,XAUUSD,Buy,1.500,1587.80000,0.00000,1593.09000,1600.50000,0.0000,0.0000,741.0,1111.50,5.64,"",0,00:00:22:21,41.0,9m,102.0,0.11,843.0,1264.5,-95.0,-142.5,89.9,89.1,-102.00,-153.00
,75009537,03/02/2020 15:39,03/02/2020 16:36,XAUUSD,Buy,2.000,1587.80000,0.00000,1594.35000,1600.70000,0.0000,0.0000,635.0,1270.00,6.89,"",0,00:00:57:21,47.4,27m,427.0,0.35,717.0,1434.0,-252.0,-504.0,74.0,91.5,-82.00,-164.00
,75009666,03/02/2020 15:39,03/02/2020 16:06,XAUUSD,Buy,2.000,1589.80000,0.00000,1593.98000,1595.06000,0.0000,0.0000,108.0,216.00,1.19,"",0,00:00:26:57,88.9,23m,285.0,0.70,212.0,424.0,-149.0,-298.0,58.7,71.2,-104.00,-208.00
,75006897,03/02/2020 14:39,03/02/2020 15:00,XAUUSD,Buy,3.000,1589.70000,0.00000,1597.24000,1598.72000,0.0000,0.0000,148.0,444.00,2.50,"",0,00:00:21:03,76.2,16m,185.0,0.27,333.0,999.0,-91.0,-273.0,78.5,56.4,-185.00,-555.00
,74993254,03/02/2020 09:47,03/02/2020 11:50,XAUUSD,Buy,1.000,1598.80000,0.00000,1598.33000,1608.73000,0.0000,0.0000,1040.0,1040.00,6.21,"",0,00:02:02:35,91.1,1h 51m,361.0,0.15,1179.0,1179.0,-171.0,-171.0,87.3,89.7,-139.00,-139.00
,74993782,03/02/2020 09:56,03/02/2020 10:32,XAUUSD,Buy,1.000,1599.80000,0.00000,1597.89000,1604.37000,0.0000,0.0000,648.0,648.00,4.03,"",0,00:00:35:59,97.3,35m,181.0,0.09,719.0,719.0,-65.0,-65.0,91.7,90.9,-71.00,-71.00
,74986377,03/02/2020 03:54,03/02/2020 08:25,XAUUSD,Buy,0.500,0.00000,0.00000,1598.46000,1602.77000,0.0000,0.0000,431.0,215.50,1.36,"",0,00:04:30:13,63.9,2h 52m,832.0,1.10,671.0,335.5,-739.0,-369.5,47.6,83.0,-240.00,-120.00
,74986706,03/02/2020 04:08,03/02/2020 07:35,XAUUSD,Buy,0.500,1589.00000,0.00000,1595.15000,1604.56000,0.0000,0.0000,941.0,470.50,3.05,"",0,00:03:27:38,82.7,2h 51m,684.0,0.41,1002.0,501.0,-408.0,-204.0,71.1,95.7,-61.00,-30.50
,74986248,03/02/2020 03:44,03/02/2020 06:43,XAUUSD,Buy,1.000,1589.00000,0.00000,1601.08000,1601.65000,0.0000,0.0000,57.0,57.00,0.37,"",0,00:02:58:51,9.0,16m,1023.0,5.82,172.0,172.0,-1001.0,-1001.0,14.7,90.2,-115.00,-115.00
,74986099,03/02/2020 03:35,03/02/2020 06:43,XAUUSD,Buy,0.500,0.00000,0.00000,1600.97000,1601.70000,0.0000,0.0000,73.0,36.50,0.24,"",0,00:03:07:41,10.2,19m,1096.0,5.41,183.0,91.5,-990.0,-495.0,15.6,90.6,-110.00,-55.00
,74986114,03/02/2020 03:36,03/02/2020 06:43,XAUUSD,Buy,0.200,0.00000,0.00000,1601.83000,1601.69000,0.0000,0.0000,-14.0,-2.80,-0.02,"",0,00:03:06:26,4.3,8m,1076.0,11.10,97.0,19.400000000000002,-1076.0,-215.20000000000002,8.3,90.5,-111.00,-22.20
,74987575,03/02/2020 04:51,03/02/2020 05:33,XAUUSD,Buy,1.000,1587.90000,0.00000,1593.41000,1599.75000,0.0000,0.0000,634.0,634.00,4.32,"",0,00:00:41:42,90.3,37m,225.0,0.03,659.0,659.0,-22.0,-22.0,96.8,96.3,-25.00,-25.00
,74986709,03/02/2020 04:08,03/02/2020 04:48,XAUUSD,Buy,1.000,1591.80000,0.00000,1596.43000,1591.17000,0.0000,0.0000,-526.0,-526.00,-3.46,"[sl]",0,00:00:40:10,40.0,16m,674.0,3.56,148.0,148.0,-526.0,-526.0,22.0,0.0,-674.00,-674.00
,74985698,03/02/2020 03:19,03/02/2020 03:26,XAUUSD,Buy,0.500,0.00000,0.00000,1602.22000,1604.51000,0.0000,0.0000,229.0,114.50,0.76,"",0,00:00:06:46,85.8,5m,131.0,0.08,354.0,177.0,-27.0,-13.5,92.9,67.2,-125.00,-62.50
,74983919,03/02/2020 01:53,03/02/2020 03:04,XAUUSD,Buy,0.500,0.00000,1619.00000,1585.29000,1603.26000,0.0000,0.0000,1797.0,898.50,6.33,"",0,00:01:11:22,70.5,50m,305.0,0.17,1797.0,898.5,-305.0,-152.5,85.5,100.0,0.00,0.00
,74983640,03/02/2020 01:39,03/02/2020 03:04,XAUUSD,Buy,3.000,0.00000,0.00000,1582.54000,1603.82000,0.0000,0.0000,2128.0,6384.00,81.75,"",0,00:01:24:58,95.3,1h 20m,457.0,0.13,2128.0,6384.0,-268.0,-804.0,88.8,100.0,0.00,0.00
,74983622,03/02/2020 01:38,03/02/2020 03:04,XAUUSD,Buy,1.500,0.00000,1620.00000,1583.05000,1603.88000,0.0000,0.0000,2083.0,3124.50,66.70,"",0,00:01:25:51,91.9,1h 18m,457.0,0.15,2083.0,3124.5,-319.0,-478.5,86.7,100.0,0.00,0.00
,74983638,03/02/2020 01:39,,,Deposit,0.010,0.00000,0.00000,0.00000,0.00000,0.0000,0.0000,0.0,4000.00,0,"Deposit CARDPAY USD #7248474",0,00:00:00:00,,,,,,,,,,,,
,74979682,03/01/2020 05:34,,,Deposit,0.010,0.00000,0.00000,0.00000,0.00000,0.0000,0.0000,0.0,513.35,0,"Rebate",0,00:00:00:00,,,,,,,,,,,,
,74978601,03/01/2020 02:16,,,Deposit,0.010,0.00000,0.00000,0.00000,0.00000,0.0000,0.0000,0.0,130.70,0,"IR #56",0,00:00:00:00,,,,,,,,,,,,
,74978034,03/01/2020 02:13,,,Deposit,0.010,0.00000,0.00000,0.00000,0.00000,0.0000,0.0000,0.0,38.96,0,"IR #56 VIP",0,00:00:00:00,,,,,,,,,,,,
,74880235,02/26/2020 17:23,02/26/2020 17:55,XAUUSD,Buy,0.050,0.00000,0.00000,1637.91000,1634.36000,0.0000,0.0000,-355.0,-17.75,-92.59,"[stopout]",0,00:00:31:32,15.7,4m,464.0,3.26,109.0,5.45,-355.0,-17.75,23.5,0.0,-464.00,-23.20
,74879303,02/26/2020 16:59,02/26/2020 17:14,XAUUSD,Buy,0.100,0.00000,0.00000,1635.98000,1632.39000,0.0000,0.0000,-359.0,-35.90,-65.19,"[stopout]",0,00:00:15:03,,,,,,,,,,,,
,74879157,02/26/2020 16:56,02/26/2020 17:14,XAUUSD,Buy,0.200,0.00000,0.00000,1634.85000,1632.39000,0.0000,0.0000,-246.0,-49.20,-47.19,"[stopout]",0,00:00:18:26,,,,,,,,,,,,
,74878508,02/26/2020 16:42,02/26/2020 17:14,XAUUSD,Buy,0.100,0.00000,0.00000,1626.51000,1632.39000,0.0000,0.0000,588.0,58.80,129.32,"[stopout]",0,00:00:32:30,100.0,32m,277.0,0.00,865.0,86.5,0.0,0.0,100.0,68.0,-277.00,-27.70
,74877372,02/26/2020 16:14,02/26/2020 16:33,XAUUSD,Buy,0.200,0.00000,0.00000,1636.81000,1631.91000,0.0000,0.0000,-490.0,-98.00,-68.31,"[stopout]",0,00:00:18:53,,,,,,,,,,,,
,74877367,02/26/2020 16:14,02/26/2020 16:33,XAUUSD,Buy,0.500,0.00000,0.00000,1636.91000,1631.91000,0.0000,0.0000,-500.0,-250.00,-63.54,"[stopout]",0,00:00:18:57,,,,,,,,,,,,
,74876590,02/26/2020 15:55,02/26/2020 16:21,XAUUSD,Buy,0.500,0.00000,0.00000,1632.45000,1635.28000,0.0000,0.0000,283.0,141.50,56.16,"",0,00:00:26:44,100.0,26m,254.0,0.00,415.0,207.5,0.0,0.0,100.0,68.2,-132.00,-66.00
,74876134,02/26/2020 15:48,02/26/2020 15:54,XAUUSD,Buy,5.000,0.00000,0.00000,1632.26000,1631.88000,0.0000,0.0000,-38.0,-190.00,-42.99,"[stopout]",0,00:00:05:58,,,,,,,,,,,,
,74876267,02/26/2020 15:49,,,Withdrawal,0.010,0.00000,0.00000,0.00000,0.00000,0.0000,0.0000,0.0,-1356.81,0,"Cancellation of #74387599",0,00:00:00:00,,,,,,,,,,,,
,74875104,02/26/2020 15:19,02/26/2020 15:47,XAUUSD,Buy,10.000,0.00000,0.00000,1641.46000,1631.53000,0.0000,0.0000,-993.0,-9930.00,-84.66,"[stopout]",0,00:00:28:18,16.7,4m,1024.0,32.05,31.0,310.0,-993.0,-9930.0,3.0,0.0,-1024.00,-10240.00
,74875083,02/26/2020 15:18,02/26/2020 15:47,XAUUSD,Buy,10.000,0.00000,0.00000,1640.68000,1631.53000,0.0000,0.0000,-915.0,-9150.00,-43.82,"[stopout]",0,00:00:29:12,16.7,4m,1024.0,8.40,109.0,1090.0,-915.0,-9150.0,10.6,0.0,-1024.00,-10240.00
,74872295,02/26/2020 14:10,02/26/2020 15:47,XAUUSD,Buy,15.000,0.00000,0.00000,1644.04000,1631.53000,0.0000,0.0000,-1251.0,-18765.00,-47.33,"[stopout]",0,00:01:37:14,42.2,41m,1486.0,5.32,235.0,3525.0,-1251.0,-18765.0,15.8,0.0,-1486.00,-22290.00
,74872056,02/26/2020 14:06,02/26/2020 15:47,XAUUSD,Buy,2.000,0.00000,0.00000,1645.52000,1631.53000,0.0000,0.0000,-1399.0,-2798.00,-6.59,"[stopout]",0,00:01:40:58,5.0,5m,1486.0,16.10,87.0,174.0,-1399.0,-2798.0,5.9,0.0,-1486.00,-2972.00
,74871319,02/26/2020 13:45,02/26/2020 15:47,XAUUSD,Buy,1.000,0.00000,0.00000,1647.34000,1631.53000,0.0000,0.0000,-1581.0,-1581.00,-3.59,"[stopout]",0,00:02:01:55,4.2,5m,1589.0,200.00,8.0,8.0,-1581.0,-1581.0,0.5,0.0,-1589.00,-1589.00
,74868446,02/26/2020 12:11,02/26/2020 15:47,XAUUSD,Buy,1.000,0.00000,0.00000,1647.39000,1631.53000,0.0000,0.0000,-1586.0,-1586.00,-3.48,"[stopout]",0,00:03:36:44,32.6,1h 10m,1779.0,8.22,193.0,193.0,-1586.0,-1586.0,10.8,0.0,-1779.00,-1779.00
,74867424,02/26/2020 11:44,02/26/2020 15:47,XAUUSD,Buy,0.500,0.00000,0.00000,1651.38000,1631.53000,0.0000,0.0000,-1985.0,-992.50,-2.13,"[stopout]",0,00:04:02:57,0.0,0s,1985.0,2000.00,0.0,0.0,-1985.0,-992.5,0.0,0.0,-1985.00,-992.50
,74867319,02/26/2020 11:42,02/26/2020 15:47,XAUUSD,Buy,0.500,0.00000,0.00000,1650.66000,1631.53000,0.0000,0.0000,-1913.0,-956.50,-2.01,"[stopout]",0,00:04:05:22,2.1,5m,1929.0,120.48,16.0,8.0,-1913.0,-956.5,0.8,0.0,-1929.00,-964.50
,74874951,02/26/2020 15:14,02/26/2020 15:37,XAUUSD,Buy,5.000,1638.80000,0.00000,1643.01000,1638.72000,0.0000,0.0000,-429.0,-2145.00,-4.32,"[sl]",0,00:00:23:12,0.0,0s,586.0,588.24,0.0,0.0,-586.0,-2930.0,0.0,26.8,-429.00,-2145.00
,74818224,02/25/2020 09:55,02/26/2020 10:58,EURUSD,Buy,0.500,0.00000,0.00000,1.08539,1.08923,0.0000,-7.0000,38.4,185.00,0.37,"",0,01:01:03:13,75.7,18h 57m,34.2,0.52,43.3,216.5,-22.3,-111.5,66.0,92.5,-4.90,-24.50
,74841237,02/12/2020 17:06,02/26/2020 10:58,EURUSD,Buy,1.000,0.00000,0.00000,1.08981,1.08922,0.0000,-196.0000,-5.9,-255.00,-0.51,"from #74536500",0,13:17:51:42,0.0,0s,115.0,116.28,0.0,0.0,-115.0,-1150.0,0.0,94.9,-5.90,-59.00
,74854878,02/26/2020 03:08,02/26/2020 10:58,EURUSD,Buy,0.500,0.00000,0.00000,1.08723,1.08922,0.0000,0.0000,19.9,99.50,0.20,"",0,00:07:49:46,41.3,3h 14m,12.4,0.38,24.9,124.5,-9.4,-47.0,72.6,85.4,-5.00,-25.00
,74855054,02/26/2020 03:19,02/26/2020 10:23,EURUSD,Buy,0.500,0.00000,0.00000,1.08743,1.08777,0.0000,0.0000,3.4,17.00,0.03,"",0,00:07:03:23,17.0,1h 11m,12.4,1.61,7.1,35.5,-11.4,-57.0,38.4,80.0,-3.70,-18.50
,74856556,02/26/2020 05:42,02/26/2020 10:22,EURUSD,Buy,0.500,0.00000,0.00000,1.08666,1.08772,0.0000,0.0000,10.6,53.00,0.11,"",0,00:04:40:34,86.8,4h 3m,12.4,0.10,14.8,74.0,-1.5,-7.5,90.8,74.2,-4.20,-21.00
,74818672,02/25/2020 10:02,02/26/2020 10:22,EURUSD,Buy,0.500,0.00000,0.00000,1.08532,1.08772,0.0000,-7.0000,24.0,113.00,0.23,"",0,01:00:20:31,75.7,18h 25m,34.2,0.62,34.9,174.5,-21.6,-108.0,61.8,80.7,-10.90,-54.50
,74859149,02/26/2020 08:56,02/26/2020 10:22,EURUSD,Buy,1.000,0.00000,0.00000,1.08738,1.08773,0.0000,0.0000,3.5,35.00,0.07,"",0,00:01:25:50,39.6,33m,8.8,1.03,7.6,76.0,-7.8,-78.0,49.4,73.4,-4.10,-41.00
,74860190,02/26/2020 09:28,02/26/2020 10:18,EURUSD,Buy,1.000,0.00000,0.00000,1.08670,1.08785,0.0000,0.0000,11.5,115.00,0.23,"",0,00:00:50:10,98.0,49m,4.2,0.08,13.1,131.0,0.0,0.0,100.0,87.8,-1.60,-16.00
,74858815,02/26/2020 08:37,02/26/2020 09:05,XAUUSD,Buy,1.000,0.00000,0.00000,1643.45000,1646.25000,0.0000,0.0000,280.0,280.00,0.57,"",0,00:00:28:02,100.0,28m,84.0,0.00,340.0,340.0,0.0,0.0,100.0,82.4,-60.00,-60.00
,74857937,02/26/2020 07:55,02/26/2020 09:04,XAUUSD,Buy,1.000,0.00000,0.00000,1644.25000,1646.25000,0.0000,0.0000,200.0,200.00,0.41,"",0,00:01:09:42,62.4,43m,227.0,0.42,260.0,260.0,-108.0,-108.0,70.7,83.7,-60.00,-60.00
,74857928,02/26/2020 07:54,02/26/2020 08:57,XAUUSD,Buy,1.000,0.00000,0.00000,1644.12000,1645.38000,0.0000,0.0000,126.0,126.00,0.26,"",0,00:01:02:49,68.3,42m,227.0,0.49,195.0,195.0,-95.0,-95.0,67.2,76.2,-69.00,-69.00
,74857804,02/26/2020 07:47,02/26/2020 08:57,XAUUSD,Buy,1.000,0.00000,0.00000,1645.50000,1645.43000,0.0000,0.0000,-7.0,-7.00,-0.01,"",0,00:01:10:18,2.9,2m,233.0,4.09,57.0,57.0,-233.0,-233.0,19.7,77.9,-64.00,-64.00
,74856815,02/26/2020 06:08,02/26/2020 06:17,XAUUSD,Buy,1.500,0.00000,0.00000,1641.39000,1641.97000,0.0000,0.0000,58.0,87.00,0.18,"",0,00:00:09:08,100.0,9m,76.0,0.01,134.0,201.0,0.0,0.0,100.0,43.3,-76.00,-114.00
,74818365,02/25/2020 09:58,02/25/2020 18:32,EURUSD,Buy,0.500,0.00000,0.00000,1.08550,1.08766,0.0000,0.0000,21.6,108.00,0.22,"",0,00:08:34:02,25.9,2h 13m,35.6,0.92,26.8,134.0,-24.7,-123.5,52.0,89.9,-5.20,-26.00
,74833771,02/25/2020 16:10,02/25/2020 18:32,EURUSD,Buy,1.000,0.00000,0.00000,1.08452,1.08773,0.0000,0.0000,32.1,321.00,0.67,"",0,00:02:21:56,49.3,1h 9m,13.3,0.36,36.6,366.0,-13.3,-133.0,73.3,91.0,-4.50,-45.00
,74536500,02/12/2020 17:06,02/25/2020 18:32,EURUSD,Buy,2.000,0.00000,0.00000,1.08981,1.08770,0.0000,-364.0000,-21.1,-786.00,-1.60,"to #74841237",0,13:01:25:43,0.0,0s,115.0,116.28,0.0,0.0,-115.0,-2300.0,0.0,81.7,-21.10,-422.00
,74797051,02/21/2020 22:15,02/25/2020 18:32,EURUSD,Buy,2.000,0.00000,0.00000,1.08556,1.08783,0.0000,-56.0000,22.7,398.00,0.82,"from #74758804",0,03:20:17:29,10.9,10h 3m,45.8,1.75,26.2,524.0,-45.8,-916.0,36.4,95.1,-3.50,-70.00
,74834780,02/25/2020 12:56,02/25/2020 16:45,XAUUSD,Buy,1.000,0.00000,0.00000,1653.69000,1652.41000,0.0000,0.0000,-128.0,-128.00,-0.26,"from #74828064",0,00:03:49:17,0.5,1m,1070.0,119.05,9.0,9.0,-1061.0,-1061.0,0.8,87.2,-137.00,-137.00
,74833911,02/25/2020 16:17,02/25/2020 16:45,XAUUSD,Buy,1.000,0.00000,0.00000,1649.75000,1652.73000,0.0000,0.0000,298.0,298.00,0.62,"",0,00:00:28:20,46.5,13m,245.0,0.82,298.0,298.0,-245.0,-245.0,54.9,100.0,0.00,0.00
,74828064,02/25/2020 12:56,02/25/2020 16:45,XAUUSD,Buy,1.000,0.00000,0.00000,1653.69000,1652.43000,0.0000,0.0000,-126.0,-126.00,-0.26,"to #74834780",0,00:03:48:52,0.5,1m,1070.0,119.05,9.0,9.0,-1061.0,-1061.0,0.8,87.4,-135.00,-135.00
,74831259,02/25/2020 14:32,02/25/2020 16:44,XAUUSD,Buy,1.000,0.00000,0.00000,1649.46000,1651.99000,0.0000,0.0000,253.0,253.00,0.52,"",0,00:02:12:12,72.0,1h 35m,507.0,0.94,291.0,291.0,-274.0,-274.0,51.5,93.3,-38.00,-38.00
,74801826,02/24/2020 22:53,02/25/2020 06:16,XAUUSD,Sell,0.500,0.00000,0.00000,1658.39000,1655.69000,0.0000,-0.6200,270.0,134.38,0.28,"",0,00:07:23:28,73.0,5h 23m,1522.0,0.29,1517.0,758.5,-433.0,-216.5,77.8,36.1,-1247.00,-623.50
,74801838,02/24/2020 22:53,02/25/2020 05:48,XAUUSD,Sell,0.500,0.00000,0.00000,1658.19000,1658.01000,0.0000,-0.6200,18.0,8.38,0.02,"",0,00:06:54:48,70.9,4h 54m,1522.0,0.30,1497.0,748.5,-453.0,-226.5,76.8,24.2,-1479.00,-739.50
,74799565,02/24/2020 01:12,02/25/2020 02:12,XAUUSD,Sell,3.000,0.00000,1645.80000,1676.37000,1645.29000,0.0000,-3.6900,3108.0,9320.31,23.99,"from #74799442[tp]",0,01:01:00:11,74.7,18h 40m,2904.0,0.37,3242.0,9726.0,-1188.0,-3564.0,73.2,97.0,-134.00,-402.00
,74799442,02/24/2020 01:12,02/24/2020 21:59,XAUUSD,Sell,1.000,0.00000,1645.80000,1676.37000,1653.89000,0.0000,0.0000,2248.0,2248.00,6.14,"to #74799565",0,00:20:47:12,69.5,14h 26m,2904.0,0.52,2264.0,2264.0,-1188.0,-1188.0,65.6,99.5,-16.00,-16.00
,74769414,02/24/2020 08:50,02/24/2020 21:57,XAUUSD,Sell,2.000,0.00000,0.00000,1664.41000,1653.94000,0.0000,0.0000,1047.0,2094.00,6.07,"",0,00:13:07:24,5.1,40m,2384.0,2.23,1068.0,2136.0,-2384.0,-4768.0,30.9,99.4,-21.00,-42.00
,74764900,02/24/2020 01:12,02/24/2020 21:57,XAUUSD,Sell,3.000,0.00000,1650.70000,1676.37000,1653.82000,0.0000,0.0000,2255.0,6765.00,24.38,"to #74799442",0,00:20:45:04,69.5,14h 25m,2904.0,0.52,2264.0,6792.0,-1188.0,-3564.0,65.6,99.7,-9.00,-27.00
,74769543,02/24/2020 08:59,02/24/2020 21:30,XAUUSD,Sell,1.500,0.00000,0.00000,1665.96000,1657.71000,0.0000,0.0000,825.0,1237.50,4.67,"",0,00:12:30:22,2.7,20m,2229.0,2.37,942.0,1413.0,-2229.0,-3343.5,29.7,96.3,-117.00,-175.50
,74758804,02/21/2020 22:15,02/24/2020 20:37,EURUSD,Buy,1.000,0.00000,0.00000,1.08556,1.08650,0.0000,-14.0000,9.4,80.00,0.30,"to #74797051",0,02:22:22:52,4.0,2h 48m,45.8,2.97,15.4,154.0,-45.8,-458.0,25.2,90.2,-6.00,-60.00
,74764720,02/24/2020 00:06,02/24/2020 20:37,EURUSD,Buy,2.000,0.00000,0.00000,1.08314,1.08656,0.0000,0.0000,34.2,684.00,2.66,"from #74763646",0,00:20:31:15,31.4,6h 26m,32.5,0.55,39.6,792.0,-21.6,-432.0,64.7,91.2,-5.40,-108.00
,74768409,02/24/2020 07:39,02/24/2020 17:44,EURUSD,Buy,1.000,0.00000,0.00000,1.08221,1.08499,0.0000,0.0000,27.8,278.00,1.09,"",0,00:10:05:16,35.6,3h 35m,27.4,0.35,37.2,372.0,-12.9,-129.0,74.3,81.2,-9.40,-94.00
,74775613,02/24/2020 11:07,02/24/2020 11:16,XAUUSD,Sell,2.000,1685.50000,0.00000,1682.39000,1685.56000,0.0000,0.0000,-317.0,-634.00,-2.43,"[sl]",0,00:00:08:46,22.3,1m,479.0,3.79,100.0,200.0,-379.0,-758.0,20.9,12.9,-417.00,-834.00
,74768412,02/24/2020 07:39,02/24/2020 11:08,EURUSD,Buy,1.000,0.00000,0.00000,1.08221,1.08340,0.0000,0.0000,11.9,119.00,0.46,"",0,00:03:29:06,23.5,49m,12.9,0.66,19.5,195.0,-12.9,-129.0,60.2,76.5,-7.60,-76.00
,74773186,02/24/2020 10:26,02/24/2020 10:31,XAUUSD,Sell,3.000,1685.40000,0.00000,1679.48000,1685.54000,0.0000,0.0000,-606.0,-1818.00,-6.54,"[sl]",0,00:00:05:01,0.0,0s,624.0,625.00,0.0,0.0,-624.0,-1872.0,0.0,2.9,-606.00,-1818.00
,74772013,02/24/2020 10:04,02/24/2020 10:30,XAUUSD,Sell,5.000,1683.00000,0.00000,1675.56000,1683.18000,0.0000,0.0000,-762.0,-3810.00,-12.05,"[sl]",0,00:00:26:04,0.0,0s,844.0,909.09,0.0,0.0,-844.0,-4220.0,0.0,9.7,-762.00,-3810.00
,74772386,02/24/2020 10:12,02/24/2020 10:25,XAUUSD,Sell,2.000,1680.20000,0.00000,1677.76000,1680.67000,0.0000,0.0000,-291.0,-582.00,-1.81,"[sl]",0,00:00:13:24,15.4,2m,336.0,6.47,45.0,90.0,-291.0,-582.0,13.4,0.0,-336.00,-672.00
,74770420,02/24/2020 09:14,02/24/2020 10:20,EURUSD,Buy,1.000,0.00000,0.00000,1.08116,1.08236,0.0000,0.0000,12.0,120.00,0.37,"",0,00:01:05:32,97.0,1h 3m,6.6,0.08,16.7,167.0,-1.3,-13.0,92.8,73.9,-4.70,-47.00
,74771651,02/24/2020 09:58,02/24/2020 10:02,XAUUSD,Sell,5.000,1675.80000,0.00000,1672.02000,1676.16000,0.0000,0.0000,-414.0,-2070.00,-6.06,"[sl]",0,00:00:04:00,0.0,0s,414.0,416.67,0.0,0.0,-414.0,-2070.0,0.0,0.0,-414.00,-2070.00
,74770099,02/24/2020 09:09,02/24/2020 10:02,XAUUSD,Sell,2.000,1675.80000,0.00000,1669.32000,1675.88000,0.0000,0.0000,-656.0,-1312.00,-3.70,"[sl]",0,00:00:53:12,66.1,35m,878.0,2.96,222.0,444.0,-656.0,-1312.0,25.3,0.0,-878.00,-1756.00
,74764866,02/24/2020 01:12,02/24/2020 02:34,XAUUSD,Sell,1.000,0.00000,1652.50000,1676.37000,1659.45000,0.0000,0.0000,1692.0,1692.00,5.01,"to #74764900",0,00:01:21:18,100.0,1h 21m,431.0,0.00,1709.0,1709.0,0.0,0.0,100.0,99.0,-17.00,-17.00
,74764725,02/24/2020 01:12,02/24/2020 02:31,XAUUSD,Sell,2.000,0.00000,1652.50000,1676.37000,1660.02000,0.0000,0.0000,1635.0,3270.00,10.72,"to #74764866",0,00:01:18:44,100.0,1h 18m,431.0,0.00,1681.0,3362.0,0.0,0.0,100.0,97.3,-46.00,-92.00
,74764702,02/24/2020 01:12,02/24/2020 02:19,XAUUSD,Sell,1.000,0.00000,1652.50000,1676.37000,1661.60000,0.0000,0.0000,1477.0,1477.00,5.09,"to #74764725",0,00:01:06:48,100.0,1h 6m,431.0,0.00,1510.0,1510.0,0.0,0.0,100.0,97.8,-33.00,-33.00
,74763646,02/24/2020 00:06,02/24/2020 02:19,EURUSD,Buy,1.000,0.00000,0.00000,1.08314,1.08386,0.0000,0.0000,7.2,72.00,0.25,"to #74764720",0,00:02:13:22,65.0,1h 26m,8.0,0.86,9.3,93.0,-8.0,-80.0,53.8,87.9,-2.10,-21.00
,74764638,02/24/2020 01:12,02/24/2020 02:18,XAUUSD,Sell,3.000,0.00000,1652.50000,1676.37000,1662.81000,0.0000,0.0000,1356.0,4068.00,16.35,"to #74764702",0,00:01:05:51,100.0,1h 5m,431.0,0.00,1510.0,4530.0,0.0,0.0,100.0,89.8,-154.00,-462.00
,74763426,02/24/2020 01:12,02/24/2020 02:12,XAUUSD,Sell,1.000,0.00000,1652.50000,1676.37000,1664.07000,0.0000,0.0000,1230.0,1230.00,5.20,"to #74764638",0,00:00:59:27,100.0,59m,431.0,0.00,1491.0,1491.0,0.0,0.0,100.0,82.5,-261.00,-261.00
,74761891,02/24/2020 00:06,02/24/2020 01:18,EURUSD,Buy,1.000,0.00000,0.00000,1.08302,1.08380,0.0000,0.0000,7.8,78.00,0.33,"",0,00:01:12:18,55.6,40m,6.8,0.65,10.5,105.0,-6.8,-68.0,60.7,84.4,-2.70,-27.00
,74761874,02/24/2020 00:06,02/24/2020 01:18,EURUSD,Buy,2.000,0.00000,0.00000,1.08314,1.08379,0.0000,0.0000,6.5,130.00,0.55,"to #74763646",0,00:01:12:35,35.7,25m,8.0,0.86,9.3,186.0,-8.0,-160.0,53.8,83.8,-2.80,-56.00
,74762991,02/24/2020 01:06,02/24/2020 01:12,XAUUSD,Sell,3.000,1675.00000,0.00000,1659.93000,1682.07000,0.0000,0.0000,-2214.0,-6642.00,-22.08,"[sl]",0,00:00:05:22,0.0,0s,2214.0,2500.00,0.0,0.0,-2214.0,-6642.0,0.0,0.0,-2214.00,-6642.00
,74762865,02/24/2020 01:04,02/24/2020 01:12,XAUUSD,Sell,6.000,1673.00000,0.00000,1658.56000,1682.07000,0.0000,0.0000,-2351.0,-14106.00,-31.93,"[sl]",0,00:00:08:13,0.0,0s,2351.0,2500.00,0.0,0.0,-2351.0,-14106.0,0.0,0.0,-2351.00,-14106.00
,74759218,02/21/2020 22:55,02/24/2020 01:00,XAUUSD,Sell,2.000,1648.80000,0.00000,1644.10000,1655.10000,0.0000,-2.4600,-1100.0,-2202.46,-4.75,"[sl]",0,02:02:04:49,1.9,57m,1357.0,1.46,-927.0,-1854.0,-1357.0,-2714.0,-215.6,59.8,-173.00,-346.00
,74759182,02/21/2020 22:52,02/24/2020 01:00,XAUUSD,Sell,2.000,1649.60000,0.00000,1643.59000,1655.10000,0.0000,-2.4600,-1151.0,-2304.46,-4.73,"[sl]",0,02:02:07:45,1.1,33m,1408.0,1.44,-978.0,-1956.0,-1408.0,-2816.0,-227.4,59.8,-173.00,-346.00
,74759233,02/21/2020 22:58,02/24/2020 00:05,EURUSD,Sell,1.000,0.00000,0.00000,1.08474,1.08301,0.0000,5.5000,17.3,178.50,0.37,"",0,02:01:07:21,98.4,2d ,17.6,0.50,34.9,349.0,17.3,173.0,198.3,0.0,-17.60,-176.00
,74759226,02/21/2020 22:56,02/24/2020 00:05,EURUSD,Sell,0.500,0.00000,0.00000,1.08483,1.08301,0.0000,2.7500,18.2,93.75,0.19,"",0,02:01:09:14,98.8,2d ,17.6,0.51,35.8,179.0,18.2,91.0,203.4,0.0,-17.60,-88.00
,74759209,02/21/2020 22:54,02/24/2020 00:05,EURUSD,Sell,2.000,0.00000,0.00000,1.08475,1.08301,0.0000,11.0000,17.4,359.00,0.75,"",0,02:01:11:22,98.3,2d ,17.6,0.50,35.0,700.0,17.4,348.0,198.9,0.0,-17.60,-352.00
,74759193,02/21/2020 22:53,02/24/2020 00:05,EURUSD,Sell,2.000,0.00000,0.00000,1.08478,1.08306,0.0000,11.0000,17.2,355.00,0.74,"",0,02:01:12:26,98.3,2d ,18.1,0.49,35.3,706.0,17.2,344.0,195.0,0.0,-18.10,-362.00
,74761471,02/23/2020 22:53,,,Withdrawal,0.010,0.00000,0.00000,0.00000,0.00000,0.0000,0.0000,0.0,-150.00,0,"Transfer to 34020312 #7184001",0,00:00:00:00,,,,,,,,,,,,
,74761372,02/23/2020 20:08,,,Withdrawal,0.010,0.00000,0.00000,0.00000,0.00000,0.0000,0.0000,0.0,-400.00,0,"Transfer to 10189649 #7183510",0,00:00:00:00,,,,,,,,,,,,
,74761371,02/23/2020 20:08,,,Withdrawal,0.010,0.00000,0.00000,0.00000,0.00000,0.0000,0.0000,0.0,-100.00,0,"Transfer to 10189649 #7183507",0,00:00:00:00,,,,,,,,,,,,
,74759174,02/21/2020 22:51,02/21/2020 23:48,XAUUSD,Sell,2.000,1649.60000,0.00000,1643.90000,1643.63000,0.0000,0.0000,27.0,54.00,0.11,"",0,00:00:56:50,,,,,,,,,,,,
,74758930,02/21/2020 22:29,02/21/2020 22:52,EURUSD,Buy,2.000,0.00000,0.00000,1.08539,1.08473,0.0000,0.0000,-6.6,-132.00,-0.27,"",0,00:00:22:24,,,,,,,,,,,,
,74758835,02/21/2020 22:17,02/21/2020 22:52,EURUSD,Buy,2.000,0.00000,0.00000,1.08563,1.08471,0.0000,0.0000,-9.2,-184.00,-0.38,"",0,00:00:34:04,,,,,,,,,,,,
,74759036,02/21/2020 22:36,02/21/2020 22:51,EURUSD,Buy,2.000,0.00000,0.00000,1.08529,1.08472,0.0000,0.0000,-5.7,-114.00,-0.23,"",0,00:00:15:15,,,,,,,,,,,,
,74758753,02/21/2020 22:13,02/21/2020 22:15,EURUSD,Sell,2.000,0.00000,0.00000,1.08521,1.08555,0.0000,0.0000,-3.4,-68.00,-0.14,"",0,00:00:01:25,,,,,,,,,,,,
,74758640,02/21/2020 22:02,02/21/2020 22:09,XAUUSD,Buy,0.100,1642.38000,0.00000,1644.81000,1645.03000,0.0000,0.0000,22.0,2.20,0.00,"",0,00:00:07:05,,,,,,,,,,,,
,74758467,02/21/2020 21:33,02/21/2020 21:58,XAUUSD,Sell,2.000,0.00000,0.00000,1643.84000,1643.89000,0.0000,0.0000,-5.0,-10.00,-0.02,"",0,00:00:25:13,,,,,,,,,,,,
,74758512,02/21/2020 21:41,02/21/2020 21:58,XAUUSD,Sell,2.000,0.00000,0.00000,1644.34000,1643.81000,0.0000,0.0000,53.0,106.00,0.22,"",0,00:00:17:21,,,,,,,,,,,,
,74756412,02/21/2020 18:51,02/21/2020 21:17,EURUSD,Buy,2.000,0.00000,0.00000,1.08516,1.08532,0.0000,0.0000,1.6,32.00,0.07,"",0,00:02:26:50,100.0,2h 26m,6.5,0.10,9.6,192.0,0.0,0.0,100.0,16.7,-8.00,-160.00
,74757610,02/21/2020 20:13,,,Withdrawal,0.010,0.00000,0.00000,0.00000,0.00000,0.0000,0.0000,0.0,-1000.00,0,"Withdraw CC-REFUND USD #7177493",0,00:00:00:00,,,,,,,,,,,,
,74756295,02/21/2020 18:45,,,Withdrawal,0.010,0.00000,0.00000,0.00000,0.00000,0.0000,0.0000,0.0,-13524.00,0,"Withdraw CC-REFUND USD #7177056",0,00:00:00:00,,,,,,,,,,,,
,74755677,02/21/2020 18:20,02/21/2020 18:25,XAUUSD,Sell,1.000,0.00000,0.00000,1643.45000,1642.34000,0.0000,0.0000,111.0,111.00,0.18,"",0,00:00:04:13,100.0,4m,43.0,0.01,154.0,154.0,0.0,0.0,100.0,72.1,-43.00,-43.00
,74755433,02/21/2020 18:10,02/21/2020 18:25,XAUUSD,Sell,1.000,0.00000,0.00000,1642.50000,1642.40000,0.0000,0.0000,10.0,10.00,0.02,"",0,00:00:14:55,46.7,6m,174.0,2.31,59.0,59.0,-136.0,-136.0,30.3,74.9,-49.00,-49.00
,74754619,02/21/2020 17:51,02/21/2020 17:53,XAUUSD,Sell,1.000,0.00000,0.00000,1645.03000,1644.96000,0.0000,0.0000,7.0,7.00,0.01,"",0,00:00:01:28,,,,,,,,,,,,
,74556933,02/13/2020 12:22,02/21/2020 17:50,EURUSD,Buy,2.000,0.00000,0.00000,1.08804,1.08587,0.0000,-224.0000,-21.7,-658.00,-1.03,"",0,08:05:28:30,0.0,0s,97.5,98.04,0.0,0.0,-97.5,-1950.0,0.0,77.7,-21.70,-434.00
,74754069,02/12/2020 13:51,02/21/2020 17:43,EURUSD,Buy,4.000,0.00000,0.00000,1.09125,1.08589,0.0000,-616.0000,-53.6,-2760.00,-4.15,"from #74531339",0,09:03:52:41,0.2,26m,130.8,108.70,1.2,48.0,-129.6,-5184.0,0.9,58.1,-54.80,-2192.00
,74531339,02/12/2020 13:51,02/21/2020 17:40,EURUSD,Buy,1.000,0.00000,0.00000,1.09125,1.08596,0.0000,-154.0000,-52.9,-683.00,-1.02,"to #74754069",0,09:03:49:35,0.2,26m,130.8,108.70,1.2,12.0,-129.6,-1296.0,0.9,58.6,-54.10,-541.00
,74753057,02/21/2020 17:21,02/21/2020 17:22,XAUUSD,Sell,0.500,0.00000,0.00000,1645.50000,1645.51000,0.0000,0.0000,-1.0,-0.50,0.00,"",0,00:00:00:24,,,,,,,,,,,,
,74608640,02/17/2020 11:22,02/21/2020 17:18,EURUSD,Buy,2.000,0.00000,0.00000,1.08476,1.08548,0.0000,-168.0000,7.2,-24.00,-0.04,"",0,04:05:56:03,0.8,48m,64.7,6.29,10.3,206.0,-64.7,-1294.0,13.7,95.9,-3.10,-62.00
,74625472,02/18/2020 08:14,02/21/2020 17:03,EURUSD,Buy,3.000,0.00000,0.00000,1.08360,1.08449,0.0000,-210.0000,8.9,57.00,0.08,"",0,03:08:48:46,1.0,48m,53.1,2.93,18.1,543.0,-53.1,-1593.0,25.4,87.1,-9.20,-276.00
,74556524,02/13/2020 12:11,02/21/2020 17:01,EURUSD,Buy,3.000,0.00000,0.00000,1.08835,1.08444,0.0000,-336.0000,-39.1,-1509.00,-2.20,"",0,08:04:50:19,0.0,0s,100.6,101.01,0.0,0.0,-100.6,-3018.0,0.0,61.1,-39.10,-1173.00
,74592532,02/14/2020 18:00,02/21/2020 17:01,EURUSD,Buy,3.000,0.00000,0.00000,1.08468,1.08448,0.0000,-294.0000,-2.0,-354.00,-0.51,"",0,06:23:01:30,0.3,30m,66.8,8.76,7.3,219.0,-63.9,-1917.0,10.3,86.9,-9.30,-279.00
,74636591,02/18/2020 14:30,02/21/2020 16:58,EURUSD,Buy,5.000,0.00000,0.00000,1.08196,1.08357,0.0000,-350.0000,16.1,455.00,0.66,"",0,03:02:28:32,1.1,49m,39.8,1.52,24.2,1210.0,-36.7,-1835.0000000000002,39.7,86.7,-8.10,-405.00
,74591245,02/14/2020 17:18,02/21/2020 16:51,EURUSD,Buy,3.000,0.00000,0.00000,1.08493,1.08390,0.0000,-294.0000,-10.3,-603.00,-0.87,"",0,06:23:32:48,0.2,20m,66.8,166.67,0.4,12.0,-66.4,-1992.0000000000002,0.6,84.0,-10.70,-321.00
,74625707,02/18/2020 08:30,02/21/2020 16:50,EURUSD,Buy,3.000,0.00000,0.00000,1.08358,1.08406,0.0000,-210.0000,4.8,-66.00,-0.10,"",0,03:08:20:15,1.0,48m,53.0,11.03,4.8,144.0,-52.9,-1587.0,8.3,100.0,0.00,0.00
,74572736,02/13/2020 19:14,02/21/2020 16:50,EURUSD,Buy,5.000,0.00000,0.00000,1.08425,1.08417,0.0000,-560.0000,-0.8,-600.00,-0.86,"",0,07:21:36:28,4.9,9h 17m,77.1,3.41,17.5,875.0,-59.6,-2980.0,22.7,76.3,-18.30,-915.00
,74608790,02/17/2020 11:29,02/21/2020 16:50,EURUSD,Buy,2.000,0.00000,0.00000,1.08458,1.08421,0.0000,-168.0000,-3.7,-242.00,-0.35,"",0,04:05:20:53,0.5,30m,63.9,63.29,1.0,20.0,-62.9,-1258.0,1.6,92.6,-4.70,-94.00
,74632127,02/18/2020 12:09,02/21/2020 16:49,EURUSD,Buy,5.000,0.00000,0.00000,1.08275,1.08382,0.0000,-350.0000,10.7,185.00,0.26,"",0,03:04:39:11,2.0,1h 31m,51.6,2.74,16.3,815.0,-44.6,-2230.0,26.8,90.8,-5.60,-280.00
,74612986,02/17/2020 15:14,02/21/2020 16:48,EURUSD,Buy,5.000,0.00000,0.00000,1.08356,1.08389,0.0000,-420.0000,3.3,-255.00,-0.36,"",0,04:01:34:05,4.9,4h 46m,57.8,10.34,5.1,254.99999999999997,-52.7,-2635.0,8.8,96.9,-1.80,-90.00
,74741797,02/18/2020 14:36,02/21/2020 16:48,EURUSD,Buy,5.000,0.00000,0.00000,1.08163,1.08345,0.0000,-350.0000,18.2,560.00,0.81,"from #74741439",0,03:02:11:27,3.1,2h 17m,39.8,1.21,27.5,1375.0,-33.4,-1670.0,45.2,84.7,-9.30,-465.00
,74746786,02/21/2020 14:41,02/21/2020 16:47,EURUSD,Buy,5.000,1.07890,0.00000,1.08019,1.08338,0.0000,0.0000,31.9,1595.00,2.35,"",0,00:02:05:57,62.7,1h 18m,10.1,0.16,33.9,1695.0,-5.5,-275.0,86.0,94.9,-2.00,-100.00
,74749174,02/21/2020 16:07,02/21/2020 16:33,EURUSD,Buy,1.000,0.00000,0.00000,1.08033,1.08074,0.0000,0.0000,4.1,41.00,0.06,"",0,00:00:25:23,100.0,25m,2.5,0.15,6.6,66.0,0.0,0.0,100.0,62.1,-2.50,-25.00
,74748669,02/21/2020 15:53,02/21/2020 15:55,XAUUSD,Sell,5.000,0.00000,0.00000,1644.84000,1643.69000,0.0000,0.0000,115.0,575.00,0.85,"",0,00:00:01:49,,,,,,,,,,,,
,74746723,02/21/2020 14:37,02/21/2020 15:41,EURUSD,Buy,5.000,1.07890,0.00000,1.08018,1.08078,0.0000,0.0000,6.0,300.00,0.45,"",0,00:01:04:03,25.0,16m,6.0,0.87,6.2,310.0,-5.4,-270.0,53.4,98.3,-0.20,-10.00
,74744507,02/21/2020 12:57,02/21/2020 15:41,EURUSD,Buy,1.000,0.00000,0.00000,1.07996,1.08078,0.0000,0.0000,8.2,82.00,0.12,"",0,00:02:44:39,78.1,2h 8m,9.6,0.38,8.4,84.0,-3.2,-32.0,72.4,98.3,-0.20,-2.00
,74743587,02/21/2020 12:11,02/21/2020 15:41,EURUSD,Buy,1.000,0.00000,0.00000,1.08046,1.08078,0.0000,0.0000,3.2,32.00,0.05,"",0,00:03:29:51,6.7,14m,9.6,2.41,3.4,34.0,-8.2,-82.0,29.3,98.3,-0.20,-2.00
,74743437,02/21/2020 12:07,02/21/2020 15:41,EURUSD,Buy,1.000,0.00000,0.00000,1.08081,1.08081,0.0000,0.0000,0.0,0.00,0.00,"",0,00:03:34:25,0.0,0s,11.7,11.71,0.0,0.0,-11.7,-0.0,0.0,100.0,0.00,0.00
,74743715,02/21/2020 12:16,02/21/2020 15:35,EURUSD,Buy,2.000,0.00000,0.00000,1.08026,1.08031,0.0000,0.0000,0.5,10.00,0.01,"",0,00:03:19:26,29.7,59m,9.6,1.82,3.4,68.0,-6.2,-124.0,35.4,69.8,-2.90,-58.00
,74743877,02/21/2020 12:21,02/21/2020 14:36,EURUSD,Buy,1.000,0.00000,0.00000,1.07985,1.08000,0.0000,0.0000,1.5,15.00,0.02,"",0,00:02:14:34,91.2,2h 2m,7.9,0.27,7.5,75.0,-2.0,-20.0,78.9,36.8,-6.00,-60.00
,74744720,02/21/2020 13:08,02/21/2020 13:33,EURUSD,Buy,1.000,0.00000,0.00000,1.07982,1.08014,0.0000,0.0000,3.2,32.00,0.05,"",0,00:00:24:35,80.0,19m,3.8,0.21,7.0,70.0,-1.5,-15.0,82.4,55.3,-3.80,-38.00
,74743899,02/21/2020 12:22,02/21/2020 12:52,EURUSD,Buy,3.000,0.00000,0.00000,1.08005,1.08008,0.0000,0.0000,0.3,9.00,0.01,"",0,00:00:29:26,90.0,26m,3.6,0.26,3.9,117.0,-1.0,-30.0,79.6,26.5,-3.60,-108.00
,74716897,02/20/2020 17:45,02/21/2020 11:40,EURUSD,Buy,2.000,0.00000,0.00000,1.08038,1.08133,0.0000,-28.0000,9.5,162.00,0.24,"",0,00:17:54:13,8.9,1h 35m,23.6,1.44,14.5,290.0,-20.9,-418.0,41.0,85.9,-5.00,-100.00
,74741439,02/18/2020 14:36,02/21/2020 11:09,EURUSD,Buy,2.000,0.00000,0.00000,1.08163,1.08168,0.0000,-140.0000,0.5,-130.00,-0.19,"to #74741797",0,02:20:33:05,3.1,2h 7m,39.8,5.22,6.4,128.0,-33.4,-668.0,16.1,85.2,-5.90,-118.00
,74739998,02/18/2020 14:36,02/21/2020 11:00,EURUSD,Buy,3.000,0.00000,0.00000,1.08163,1.08165,0.0000,-210.0000,0.2,-204.00,-0.30,"to #74741439",0,02:20:24:00,3.0,2h 3m,39.8,5.22,6.4,192.0,-33.4,-1002.0,16.1,84.4,-6.20,-186.00
,74723172,02/20/2020 19:59,02/21/2020 10:32,EURUSD,Buy,2.000,0.00000,0.00000,1.07955,1.08166,0.0000,-28.0000,21.1,394.00,0.59,"",0,00:14:33:15,6.9,1h 0m,13.1,0.60,21.1,422.0,-12.6,-252.0,62.6,100.0,0.00,0.00
,74637086,02/18/2020 14:36,02/21/2020 10:32,EURUSD,Buy,5.000,0.00000,0.00000,1.08163,1.08151,0.0000,-350.0000,-1.2,-410.00,-0.61,"to #74739998",0,02:19:55:22,2.7,1h 50m,39.8,5.22,6.4,320.0,-33.4,-1670.0,16.1,80.9,-7.60,-380.00
,74737099,02/21/2020 09:12,02/21/2020 10:30,EURUSD,Buy,5.000,1.07790,0.00000,1.07923,1.08076,0.0000,0.0000,15.3,765.00,1.15,"",0,00:01:18:17,94.9,1h 14m,7.9,0.10,18.5,925.0,-1.9,-95.0,90.7,84.3,-3.20,-160.00
,74738342,02/21/2020 10:01,02/21/2020 10:21,EURUSD,Buy,2.000,0.00000,0.00000,1.07948,1.08010,0.0000,0.0000,6.2,124.00,0.19,"",0,00:00:20:33,65.0,13m,4.4,0.59,7.4,148.0,-4.4,-88.0,62.7,89.8,-1.20,-24.00
,74738903,02/21/2020 10:12,02/21/2020 10:21,XAUUSD,Sell,2.000,0.00000,0.00000,1634.71000,1634.17000,0.0000,0.0000,54.0,108.00,0.16,"",0,00:00:09:22,44.5,4m,118.0,1.31,90.0,180.0,-118.0,-236.0,43.3,82.7,-36.00,-72.00
,74719141,02/20/2020 18:29,02/20/2020 18:59,EURUSD,Buy,5.000,1.07760,0.00000,1.07885,1.07959,0.0000,0.0000,7.4,370.00,0.56,"",0,00:00:30:33,86.7,26m,3.2,0.05,8.8,440.00000000000006,-0.4,-20.0,95.7,84.8,-1.40,-70.00
,74720034,02/20/2020 18:36,02/20/2020 18:42,XAUUSD,Sell,2.000,1625.50000,0.00000,1621.11000,1620.99000,0.0000,0.0000,12.0,24.00,0.04,"",0,00:00:05:25,33.4,1m,193.0,4.85,33.0,66.0,-160.0,-320.0,17.1,89.1,-21.00,-42.00
,74719519,02/20/2020 18:32,02/20/2020 18:38,EURUSD,Buy,2.000,0.00000,0.00000,1.07884,1.07902,0.0000,0.0000,1.8,36.00,0.05,"",0,00:00:05:44,100.0,5m,2.1,0.34,2.9,58.0,0.0,0.0,100.0,62.1,-1.10,-22.00
,74716712,02/20/2020 17:26,02/20/2020 17:42,XAUUSD,Sell,3.000,1625.80000,0.00000,1620.39000,1620.17000,0.0000,0.0000,22.0,66.00,0.10,"from #74716113",0,00:00:15:52,25.0,3m,199.0,1.73,115.0,345.0,-199.0,-597.0,36.6,70.4,-93.00,-279.00
,74716113,02/20/2020 17:26,02/20/2020 17:42,XAUUSD,Sell,2.000,1625.80000,0.00000,1620.39000,1620.37000,0.0000,0.0000,2.0,4.00,0.01,"to #74716712",0,00:00:15:37,25.0,3m,199.0,1.73,115.0,230.0,-199.0,-398.0,36.6,64.0,-113.00,-226.00
,74716417,02/20/2020 17:36,02/20/2020 17:41,XAUUSD,Sell,1.000,0.00000,0.00000,1622.13000,1620.97000,0.0000,0.0000,116.0,116.00,0.18,"",0,00:00:05:18,100.0,5m,77.0,0.01,193.0,193.0,0.0,0.0,100.0,60.1,-77.00,-77.00
,74673060,02/19/2020 13:12,02/20/2020 16:39,EURUSD,Buy,2.000,0.00000,0.00000,1.07979,1.08141,0.0000,-84.0000,16.2,240.00,0.37,"",0,01:03:26:27,38.3,10h 30m,30.9,0.68,21.2,424.0,-14.5,-290.0,59.4,86.0,-5.00,-100.00
,74705998,02/20/2020 12:21,02/20/2020 16:06,EURUSD,Buy,2.000,0.00000,0.00000,1.07949,1.08166,0.0000,0.0000,21.7,434.00,0.67,"",0,00:03:45:49,34.7,1h 18m,10.8,0.36,22.2,444.0,-8.1,-162.0,73.3,98.3,-0.50,-10.00
,74710352,02/20/2020 14:43,02/20/2020 15:43,EURUSD,Buy,3.000,0.00000,0.00000,1.07898,1.07953,0.0000,0.0000,5.5,165.00,0.26,"",0,00:01:00:34,68.9,41m,4.5,0.22,9.2,276.0,-2.0,-60.0,82.1,67.0,-3.70,-111.00
,74708449,02/20/2020 13:41,02/20/2020 14:26,EURUSD,Buy,5.000,1.07830,0.00000,1.07928,1.07933,0.0000,0.0000,0.5,25.00,0.04,"",0,00:00:44:55,88.9,39m,4.8,0.63,4.3,215.0,-2.7,-135.0,61.4,45.7,-3.80,-190.00
,74703089,02/20/2020 11:02,02/20/2020 11:43,XAUUSD,Sell,2.000,0.00000,0.00000,1608.72000,1609.51000,0.0000,0.0000,-79.0,-158.00,-0.24,"",0,00:00:41:13,12.2,5m,241.0,5.69,36.0,72.0,-205.0,-410.0,14.9,52.3,-115.00,-230.00
,74703897,02/20/2020 11:25,02/20/2020 11:40,XAUUSD,Sell,2.000,0.00000,0.00000,1610.53000,1609.70000,0.0000,0.0000,83.0,166.00,0.26,"",0,00:00:14:30,86.7,12m,44.0,0.04,127.0,254.0,-5.0,-10.0,96.2,66.7,-44.00,-88.00
,74698669,02/20/2020 08:55,02/20/2020 11:30,EURUSD,Buy,8.000,0.00000,0.00000,1.07898,1.08022,0.0000,0.0000,12.4,992.00,1.56,"",0,00:02:34:44,65.2,1h 40m,11.2,0.67,14.9,1192.0,-10.0,-800.0,59.8,90.0,-2.50,-200.00
,74699874,02/20/2020 09:26,02/20/2020 09:38,EURUSD,Buy,5.000,0.00000,0.00000,1.07845,1.07881,0.0000,0.0000,3.6,180.00,0.28,"",0,00:00:12:09,83.4,10m,1.7,0.14,5.1,254.99999999999997,-0.7,-35.0,87.9,74.1,-1.50,-75.00
,74693865,02/20/2020 03:11,02/20/2020 09:19,XAUUSD,Sell,3.000,1615.50000,0.00000,1605.97000,1606.04000,0.0000,0.0000,-7.0,-21.00,-0.03,"",0,00:06:07:29,0.3,1m,573.0,4.74,121.0,363.0,-573.0,-1719.0,17.4,81.6,-128.00,-384.00
,74693915,02/20/2020 03:15,02/20/2020 09:19,XAUUSD,Sell,2.000,1615.50000,0.00000,1606.41000,1605.99000,0.0000,0.0000,42.0,84.00,0.13,"",0,00:06:03:17,0.9,3m,529.0,3.21,165.0,330.0,-529.0,-1058.0,23.8,82.3,-123.00,-246.00
,74694019,02/20/2020 03:24,02/20/2020 08:47,XAUUSD,Sell,2.000,1615.50000,0.00000,1607.01000,1606.56000,0.0000,0.0000,45.0,90.00,0.14,"",0,00:05:23:53,1.0,3m,469.0,8.23,57.0,114.0,-469.0,-938.0,10.8,97.7,-12.00,-24.00
,74694318,02/20/2020 03:37,02/20/2020 08:33,XAUUSD,Sell,5.000,1614.50000,0.00000,1608.37000,1608.29000,0.0000,0.0000,8.0,40.00,0.06,"",0,00:04:55:42,9.8,28m,418.0,3.92,85.0,425.0,-333.0,-1665.0,20.3,81.6,-77.00,-385.00
,74694977,02/20/2020 04:16,02/20/2020 07:57,XAUUSD,Sell,3.000,1615.50000,0.00000,1609.33000,1609.23000,0.0000,0.0000,10.0,30.00,0.05,"",0,00:03:41:24,35.8,1h 19m,249.0,4.65,51.0,153.0,-237.0,-711.0,17.7,85.8,-41.00,-123.00
,74675292,02/19/2020 14:21,02/19/2020 18:48,EURUSD,Buy,5.000,0.00000,0.00000,1.07968,1.07966,0.0000,0.0000,-0.2,-10.00,-0.02,"",0,00:04:26:51,26.3,1h 10m,20.6,2.07,6.7,335.0,-13.9,-695.0,32.5,66.5,-6.90,-345.00
,74677481,02/19/2020 15:38,02/19/2020 18:29,EURUSD,Buy,3.000,0.00000,0.00000,1.07954,1.07954,0.0000,0.0000,0.0,0.00,0.00,"",0,00:02:51:11,3.6,6m,13.9,5.95,2.1,0.0,-12.5,-0.0,14.4,85.6,-2.10,0.00
,74677875,02/19/2020 15:46,02/19/2020 18:29,EURUSD,Buy,3.000,0.00000,0.00000,1.07935,1.07954,0.0000,0.0000,1.9,57.00,0.09,"",0,00:02:43:22,11.7,19m,13.9,2.65,4.0,120.0,-10.6,-318.0,27.4,85.6,-2.10,-63.00
,74674409,02/19/2020 13:47,02/19/2020 18:19,EURUSD,Buy,2.000,0.00000,0.00000,1.07901,1.07939,0.0000,0.0000,3.8,76.00,0.12,"",0,00:04:32:25,68.1,3h 5m,20.6,0.54,13.4,268.0,-7.2,-144.0,65.0,53.4,-9.60,-192.00
,74678845,02/19/2020 16:10,02/19/2020 18:19,EURUSD,Buy,10.000,0.00000,0.00000,1.07917,1.07942,0.0000,0.0000,2.5,250.00,0.40,"",0,00:02:09:21,21.8,28m,11.5,2.15,4.1,409.99999999999994,-8.8,-880.0000000000001,31.8,87.6,-1.60,-160.00
,74680495,02/19/2020 16:47,02/19/2020 17:21,XAUUSD,Buy,5.000,1598.00000,0.00000,1605.39000,1606.14000,0.0000,0.0000,75.0,375.00,0.60,"",0,00:00:34:00,26.5,9m,258.0,2.61,99.0,495.0,-258.0,-1290.0,27.7,93.3,-24.00,-120.00
,74681164,02/19/2020 16:59,02/19/2020 17:02,EURUSD,Buy,10.000,0.00000,0.00000,1.07884,1.07918,0.0000,0.0000,3.4,340.00,0.55,"",0,00:00:02:24,,,,,,,,,,,,
,74675581,02/19/2020 14:34,02/19/2020 14:49,XAUUSD,Sell,3.000,1612.50000,0.00000,1608.08000,1607.69000,0.0000,0.0000,39.0,117.00,0.19,"",0,00:00:15:25,66.7,10m,80.0,0.44,119.0,357.0,-52.0,-156.0,69.6,53.2,-80.00,-240.00
,74652172,02/18/2020 19:39,02/19/2020 13:42,EURUSD,Buy,5.000,1.07840,0.00000,1.08042,1.07838,0.0000,-70.0000,-20.4,-1090.00,-1.73,"[sl]",0,00:18:03:27,6.5,1h 10m,22.6,9.28,2.2,110.00000000000001,-20.4,-1019.9999999999999,9.7,0.0,-22.60,-1130.00
,74654379,02/18/2020 22:03,02/19/2020 11:04,EURUSD,Buy,5.000,1.07840,0.00000,1.07974,1.08052,0.0000,-70.0000,7.8,320.00,0.51,"",0,00:13:01:23,46.8,6h 5m,10.1,0.95,8.2,409.99999999999994,-7.8,-390.0,51.3,97.5,-0.40,-20.00
,74666170,02/19/2020 10:11,02/19/2020 10:34,EURUSD,Buy,2.000,1.07880,0.00000,1.07988,1.08040,0.0000,0.0000,5.2,104.00,0.17,"",0,00:00:22:25,100.0,22m,1.1,0.16,6.2,124.0,0.0,0.0,100.0,83.9,-1.00,-20.00
,74661617,02/19/2020 07:31,02/19/2020 08:31,XAUUSD,Buy,2.000,0.00000,0.00000,1602.81000,1603.82000,0.0000,0.0000,101.0,202.00,0.32,"",0,00:01:00:54,90.0,54m,170.0,0.14,268.0,536.0,-37.0,-74.0,87.9,45.2,-167.00,-334.00
,74655288,02/18/2020 23:28,02/19/2020 04:22,XAUUSD,Sell,10.000,0.00000,0.00000,1602.03000,1601.22000,0.0000,-12.3000,81.0,797.70,1.29,"",0,00:04:54:48,76.2,3h 44m,469.0,0.95,240.0,2400.0,-229.0,-2290.0,51.2,66.1,-159.00,-1590.00
,74651368,02/18/2020 19:04,02/18/2020 19:13,XAUUSD,Sell,8.000,1605.20000,0.00000,1602.51000,1602.31000,0.0000,0.0000,20.0,160.00,0.26,"",0,00:00:09:02,88.9,8m,75.0,0.26,95.0,760.0,-25.0,-200.0,79.2,37.5,-75.00,-600.00
,74639475,02/18/2020 15:36,02/18/2020 17:06,EURUSD,Buy,10.000,1.07680,0.00000,1.07968,1.08160,0.0000,0.0000,19.2,1920.00,3.22,"",0,00:01:30:35,65.6,59m,16.4,0.51,20.1,2010.0000000000002,-10.3,-1030.0,66.1,97.0,-0.90,-90.00
,74590219,02/13/2020 13:58,02/18/2020 15:34,EURUSD,Buy,2.000,1.07980,0.00000,1.08597,1.07970,0.0000,-84.0000,-62.7,-1338.00,-2.20,"from #74562535[sl]",0,05:01:35:51,0.9,1h 5m,71.2,7.38,8.5,170.0,-62.7,-1254.0,11.9,0.0,-71.20,-1424.00
,74638470,02/18/2020 15:28,02/18/2020 15:32,XAUUSD,Buy,3.000,1584.70000,0.00000,1589.10000,1589.60000,0.0000,0.0000,50.0,150.00,0.25,"",0,00:00:03:57,,,,,,,,,,,,
,74626081,02/18/2020 08:50,02/18/2020 09:26,EURUSD,Buy,5.000,0.00000,0.00000,1.08324,1.08344,0.0000,0.0000,2.0,100.00,0.16,"",0,00:00:36:16,63.9,23m,3.7,0.82,4.5,225.0,-3.7,-185.0,54.9,69.5,-2.50,-125.00
,74616288,02/17/2020 18:09,02/17/2020 19:20,EURUSD,Buy,5.000,1.08090,0.00000,1.08326,1.08348,0.0000,0.0000,2.2,110.00,0.18,"",0,00:01:11:30,97.2,1h 9m,4.9,0.07,7.1,355.0,-0.5,-25.0,93.4,35.5,-4.90,-245.00
,74594328,02/14/2020 19:34,02/14/2020 20:15,EURUSD,Buy,3.000,1.08260,0.00000,1.08380,1.08443,0.0000,0.0000,6.3,189.00,0.31,"",0,00:00:41:03,83.0,34m,1.9,0.25,7.6,228.0,-1.9,-57.0,80.0,86.3,-1.30,-39.00
,74592743,02/14/2020 18:09,02/14/2020 20:09,EURUSD,Buy,3.000,1.08260,0.00000,1.08435,1.08439,0.0000,0.0000,0.4,12.00,0.02,"",0,00:01:59:22,6.7,7m,10.6,5.72,1.8,54.0,-10.3,-309.0,14.9,88.4,-1.40,-42.00
,74562535,02/13/2020 13:58,02/14/2020 16:42,EURUSD,Buy,3.000,0.00000,0.00000,1.08597,1.08594,0.0000,-42.0000,-0.3,-51.00,-0.08,"to #74590219",0,01:02:43:39,4.1,1h 5m,37.1,3.42,8.4,252.0,-28.7,-861.0,22.6,76.5,-8.70,-261.00
,74571230,02/13/2020 18:04,02/14/2020 16:42,EURUSD,Buy,3.000,0.00000,0.00000,1.08525,1.08594,0.0000,-42.0000,6.9,165.00,0.27,"",0,00:22:37:29,4.8,1h 5m,21.5,2.56,8.4,252.0,-21.5,-645.0,28.1,95.0,-1.50,-45.00
,74571137,02/13/2020 18:01,02/14/2020 16:01,EURUSD,Buy,5.000,0.00000,0.00000,1.08504,1.08529,0.0000,-70.0000,2.5,55.00,0.09,"",0,00:21:59:45,4.2,55m,21.0,4.22,4.6,229.99999999999997,-19.4,-969.9999999999999,19.2,91.2,-2.10,-105.00
,74573727,02/13/2020 20:16,02/14/2020 15:53,XAUUSD,Buy,1.000,0.00000,0.00000,1576.65000,1580.21000,0.0000,-14.0000,356.0,342.00,0.57,"",0,00:19:37:35,17.5,3h 26m,435.0,0.91,361.0,361.0,-327.0,-327.0,52.5,99.3,-5.00,-5.00
,74573991,02/13/2020 20:18,02/14/2020 15:46,XAUUSD,Buy,2.000,0.00000,0.00000,1576.37000,1579.35000,0.0000,-28.0000,298.0,568.00,0.96,"from #74573753",0,00:19:28:00,24.8,4h 49m,435.0,0.85,350.0,700.0,-299.0,-598.0,53.9,92.0,-52.00,-104.00
,74574162,02/13/2020 20:56,02/14/2020 15:44,XAUUSD,Buy,3.000,1.00000,0.00000,1576.55000,1579.55000,0.0000,-42.0000,300.0,858.00,1.47,"",0,00:18:48:33,19.6,3h 41m,435.0,0.95,332.0,996.0,-317.0,-951.0,51.2,95.1,-32.00,-96.00
,74585169,02/14/2020 13:56,02/14/2020 15:44,XAUUSD,Buy,3.000,0.00000,0.00000,1576.35000,1578.74000,0.0000,0.0000,239.0,717.00,1.24,"",0,00:01:48:19,42.6,46m,166.0,0.35,352.0,1056.0,-124.0,-372.0,73.9,76.3,-113.00,-339.00
,74585629,02/14/2020 14:17,02/14/2020 15:44,EURUSD,Buy,5.000,1.08280,0.00000,1.08359,1.08535,0.0000,0.0000,17.6,880.00,1.55,"",0,00:01:26:41,97.8,1h 24m,8.5,0.01,18.3,915.0,-0.1,-5.0,99.5,96.2,-0.70,-35.00
,74567965,02/13/2020 16:48,02/14/2020 15:44,XAUUSD,Buy,5.000,0.00000,0.00000,1572.59000,1578.62000,0.0000,-70.0000,603.0,2945.00,5.47,"from #74567040",0,00:22:56:01,100.0,22h 56m,435.0,0.00,728.0,3640.0,0.0,0.0,100.0,82.8,-125.00,-625.00
,74578438,02/14/2020 06:04,02/14/2020 11:34,XAUUSD,Buy,5.000,0.00000,0.00000,1574.88000,1576.47000,0.0000,0.0000,159.0,795.00,1.50,"",0,00:05:30:00,70.7,3h 53m,205.0,0.41,181.0,905.0,-75.0,-375.0,70.7,91.4,-22.00,-110.00
,74577527,02/14/2020 04:09,02/14/2020 11:24,EURUSD,Buy,5.000,1.08190,0.00000,1.08367,1.08464,0.0000,0.0000,9.7,485.00,0.92,"",0,00:07:15:12,37.1,2h 41m,10.4,0.50,11.4,570.0,-5.7,-285.0,66.7,90.1,-1.70,-85.00
,74565225,02/13/2020 16:05,02/14/2020 02:13,EURUSD,Buy,5.000,1.08290,0.00000,1.08538,1.08280,0.0000,-70.0000,-25.8,-1360.00,-2.52,"[sl]",0,00:10:08:35,4.8,29m,33.8,3.23,8.0,400.0,-25.8,-1290.0,23.7,0.0,-33.80,-1690.00
,74564110,02/13/2020 15:37,02/14/2020 02:13,EURUSD,Buy,3.000,1.08290,0.00000,1.08589,1.08284,0.0000,-42.0000,-30.5,-957.00,-1.74,"[sl]",0,00:10:36:16,0.7,4m,33.4,10.53,2.9,87.0,-30.5,-915.0,8.7,0.0,-33.40,-1002.00
,74574746,02/13/2020 22:01,02/14/2020 01:35,XAUUSD,Buy,3.000,0.00000,0.00000,1575.90000,1576.57000,0.0000,-42.0000,67.0,159.00,0.29,"",0,00:03:34:03,84.6,3h 1m,109.0,0.22,133.0,399.0,-29.0,-87.0,82.1,59.3,-66.00,-198.00
,74571488,02/13/2020 18:14,02/13/2020 23:44,XAUUSD,Buy,3.000,0.00000,0.00000,1575.78000,1576.42000,0.0000,0.0000,64.0,192.00,0.35,"",0,00:05:30:34,77.9,4h 17m,210.0,0.50,164.0,492.0,-82.0,-246.0,66.7,59.3,-100.00,-300.00
,74573753,02/13/2020 20:18,02/13/2020 20:37,XAUUSD,Buy,3.000,0.00000,0.00000,1576.37000,1576.38000,0.0000,0.0000,1.0,3.00,0.01,"to #74573991",0,00:00:18:10,36.9,6m,103.0,3.55,29.0,87.0,-103.0,-309.0,22.0,78.8,-28.00,-84.00
,74568305,02/13/2020 17:10,02/13/2020 17:22,EURUSD,Buy,5.000,1.08340,0.00000,1.08479,1.08336,0.0000,0.0000,-14.3,-715.00,-1.29,"[sl]",0,00:00:11:14,0.0,0s,14.3,14.31,0.0,0.0,-14.3,-715.0,0.0,0.0,-14.30,-715.00
,74565441,02/13/2020 16:08,02/13/2020 17:22,EURUSD,Buy,2.000,1.08340,0.00000,1.08509,1.08337,0.0000,0.0000,-17.2,-344.00,-0.62,"[sl]",0,00:01:13:04,64.9,47m,28.1,1.58,10.9,218.0,-17.2,-344.0,38.8,0.0,-28.10,-562.00
,74567040,02/13/2020 16:48,02/13/2020 17:05,XAUUSD,Buy,5.000,0.00000,0.00000,1572.59000,1577.70000,0.0000,0.0000,511.0,2555.00,4.82,"to #74567965",0,00:00:17:44,82.4,14m,115.0,0.13,511.0,2555.0,-64.0,-320.0,88.9,100.0,0.00,0.00
,74565354,02/13/2020 16:07,02/13/2020 17:05,XAUUSD,Buy,2.000,0.00000,0.00000,1574.62000,1577.84000,0.0000,0.0000,322.0,644.00,1.23,"",0,00:00:57:16,25.9,14m,324.0,0.83,322.0,644.0,-267.0,-534.0,54.7,100.0,0.00,0.00
,74565646,02/13/2020 16:13,02/13/2020 17:04,XAUUSD,Buy,2.000,0.00000,0.00000,1574.40000,1576.56000,0.0000,0.0000,216.0,432.00,0.83,"",0,00:00:51:25,45.1,23m,324.0,0.78,316.0,632.0,-245.0,-490.0,56.3,82.2,-100.00,-200.00
,74565106,02/13/2020 16:02,02/13/2020 16:47,XAUUSD,Buy,3.000,1571.90000,0.00000,1574.83000,1571.81000,0.0000,0.0000,-302.0,-906.00,-1.71,"[sl]",0,00:00:45:25,11.2,5m,338.0,8.39,36.0,108.0,-302.0,-906.0,10.7,0.0,-338.00,-1014.00
,74564999,02/13/2020 16:00,02/13/2020 16:47,XAUUSD,Buy,5.000,1571.97000,0.00000,1575.46000,1571.92000,0.0000,0.0000,-354.0,-1770.00,-3.24,"[sl]",0,00:00:47:03,0.0,0s,354.0,357.14,0.0,0.0,-354.0,-1770.0,0.0,0.0,-354.00,-1770.00
,74559603,02/13/2020 13:58,02/13/2020 14:47,EURUSD,Buy,5.000,0.00000,0.00000,1.08597,1.08674,0.0000,0.0000,7.7,385.00,0.71,"to #74562535",0,00:00:48:49,26.6,12m,6.0,0.71,8.4,420.0,-6.0,-300.0,58.3,95.1,-0.70,-35.00
,74560843,02/13/2020 14:14,02/13/2020 14:44,EURUSD,Buy,5.000,1.08470,0.00000,1.08561,1.08658,0.0000,0.0000,9.7,485.00,0.90,"",0,00:00:30:27,80.0,24m,2.4,0.09,11.0,550.0,-1.0,-50.0,91.7,89.2,-1.30,-65.00
,74559048,02/13/2020 13:46,02/13/2020 14:06,EURUSD,Buy,1.000,1.08540,0.00000,1.08692,1.08540,0.0000,0.0000,-15.2,-152.00,-0.28,"[sl]",0,00:00:19:44,0.0,0s,15.2,15.22,0.0,0.0,-15.2,-152.0,0.0,0.0,-15.20,-152.00
,74558947,02/13/2020 13:41,02/13/2020 13:58,EURUSD,Buy,2.010,1.08580,0.00000,1.08697,1.08560,0.0000,0.0000,-13.7,-275.37,-0.51,"[sl]",0,00:00:16:45,0.0,0s,13.7,13.72,0.0,0.0,-13.7,-275.37,0.0,0.0,-13.70,-275.37
,74558648,02/13/2020 13:28,02/13/2020 13:58,EURUSD,Buy,2.010,1.08580,0.00000,1.08687,1.08572,0.0000,0.0000,-11.5,-231.15,-0.42,"[sl]",0,00:00:29:51,33.4,9m,13.2,6.77,1.7,34.17,-11.5,-231.15,12.9,0.0,-13.20,-265.32
,74488110,02/10/2020 20:00,02/13/2020 12:11,XAUUSD,Buy,0.500,0.00000,0.00000,1576.37000,1576.81000,0.0000,-35.0000,44.0,-13.00,-0.02,"",0,02:16:10:05,0.3,11m,1407.0,32.05,44.0,22.0,-1407.0,-703.5,3.0,100.0,0.00,0.00
,74489021,02/10/2020 21:13,02/13/2020 12:10,XAUUSD,Buy,0.500,0.00000,0.00000,1575.87000,1576.63000,0.0000,-35.0000,76.0,3.00,0.01,"",0,02:14:57:26,0.4,15m,1375.0,17.86,76.0,38.0,-1357.0,-678.5,5.3,100.0,0.00,0.00
,74489170,02/10/2020 21:30,02/13/2020 12:10,XAUUSD,Buy,1.500,0.00000,0.00000,1575.92000,1576.53000,0.0000,-105.0000,61.0,-13.50,-0.02,"",0,02:14:40:16,0.3,11m,1362.0,19.76,69.0,103.5,-1362.0,-2043.0,4.8,99.4,-8.00,-12.00
,74489050,02/10/2020 21:16,02/13/2020 12:10,XAUUSD,Buy,1.500,0.00000,0.00000,1576.39000,1576.65000,0.0000,-105.0000,26.0,-66.00,-0.12,"",0,02:14:53:58,0.3,11m,1409.0,54.35,26.0,39.0,-1409.0,-2113.5,1.8,100.0,0.00,0.00
,74552347,02/13/2020 09:37,02/13/2020 12:10,XAUUSD,Buy,0.500,0.00000,0.00000,1573.01000,1576.64000,0.0000,0.0000,363.0,181.50,0.33,"",0,00:02:32:52,99.4,2h 31m,166.0,0.06,401.0,200.5,-25.0,-12.5,94.1,91.1,-38.00,-19.00
,74552168,02/13/2020 09:30,02/13/2020 12:10,XAUUSD,Buy,0.500,0.00000,0.00000,1573.74000,1576.58000,0.0000,0.0000,284.0,142.00,0.26,"",0,00:02:39:55,89.4,2h 22m,166.0,0.41,328.0,164.0,-134.0,-67.0,71.0,90.5,-44.00,-22.00
,74487786,02/10/2020 19:48,02/13/2020 12:10,XAUUSD,Buy,0.500,0.00000,0.00000,1576.34000,1576.58000,0.0000,-35.0000,24.0,-23.00,-0.04,"",0,02:16:21:43,0.8,30m,1420.0,52.08,27.0,13.5,-1404.0,-702.0,1.9,99.8,-3.00,-1.50
,74489402,02/10/2020 22:00,02/13/2020 12:10,XAUUSD,Buy,1.500,0.00000,0.00000,1575.16000,1576.49000,0.0000,-105.0000,133.0,94.50,0.17,"",0,02:14:10:09,1.4,52m,1286.0,8.87,145.0,217.5,-1286.0,-1929.0,10.1,99.2,-12.00,-18.00
,74489010,02/10/2020 21:11,02/13/2020 12:10,XAUUSD,Buy,0.500,0.00000,0.00000,1575.88000,1576.55000,0.0000,-35.0000,67.0,-1.50,0.00,"",0,02:14:58:46,0.4,15m,1375.0,18.62,73.0,36.5,-1358.0,-679.0,5.1,99.6,-6.00,-3.00
,74552144,02/13/2020 09:30,02/13/2020 12:03,XAUUSD,Buy,2.000,0.00000,0.00000,1573.84000,1575.79000,0.0000,0.0000,195.0,390.00,0.73,"",0,00:02:33:42,86.4,2h 12m,166.0,0.60,239.0,478.0,-144.0,-288.0,62.4,88.5,-44.00,-88.00
,74489321,02/10/2020 21:54,02/13/2020 12:02,XAUUSD,Buy,1.500,0.00000,0.00000,1575.48000,1575.69000,0.0000,-105.0000,21.0,-73.50,-0.14,"",0,02:14:07:30,0.5,18m,1318.0,50.76,26.0,39.0,-1318.0,-1977.0,1.9,99.6,-5.00,-7.50
,74534048,02/12/2020 15:58,02/13/2020 11:06,EURUSD,Buy,3.000,0.00000,0.00000,1.09071,1.08873,0.0000,-126.0000,-19.8,-720.00,-1.32,"",0,00:19:07:49,0.9,10m,44.2,12.82,3.2,96.0,-41.0,-1230.0,7.2,48.0,-23.00,-690.00
,74543931,02/12/2020 21:24,02/13/2020 10:43,EURUSD,Buy,5.000,1.08540,0.00000,1.08691,1.08847,0.0000,-210.0000,15.6,570.00,1.06,"",0,00:13:18:20,85.8,11h 24m,9.3,0.18,16.8,840.0,-3.0,-150.0,84.8,93.9,-1.20,-60.00
,74542262,02/12/2020 19:51,02/13/2020 10:19,EURUSD,Buy,1.500,0.00000,0.00000,1.08808,1.08789,0.0000,-63.0000,-1.9,-91.50,-0.17,"",0,00:14:28:48,0.5,4m,14.7,24.51,0.6,9.0,-14.7,-220.5,3.9,83.7,-2.50,-37.50
,74542794,02/12/2020 20:16,02/13/2020 10:19,EURUSD,Buy,2.000,0.00000,0.00000,1.08788,1.08788,0.0000,-84.0000,0.0,-84.00,-0.16,"",0,00:14:03:19,4.1,34m,14.5,4.89,2.6,0.0,-12.7,-0.0,17.0,83.0,-2.60,0.00
,74541100,02/12/2020 19:15,02/13/2020 10:19,EURUSD,Buy,5.000,0.00000,0.00000,1.08807,1.08787,0.0000,-210.0000,-2.0,-310.00,-0.57,"",0,00:15:04:01,0.0,0s,14.6,14.62,0.0,0.0,-14.6,-730.0,0.0,86.3,-2.00,-100.00
,74546291,02/13/2020 01:45,02/13/2020 08:33,EURUSD,Buy,2.000,0.00000,0.00000,1.08716,1.08715,0.0000,0.0000,-0.1,-2.00,0.00,"",0,00:06:48:11,44.9,3h 3m,9.3,1.21,4.2,84.0,-5.1,-102.0,45.2,53.8,-4.30,-86.00
,74549296,02/10/2020 22:29,02/13/2020 08:19,XAUUSD,Buy,3.000,0.00000,0.00000,1573.59000,1575.25000,0.0000,-210.0000,166.0,288.00,0.53,"from #74489595",0,02:09:50:47,3.2,1h 51m,1149.0,6.31,179.0,537.0,-1129.0,-3387.0,13.7,99.0,-13.00,-39.00
,74489595,02/10/2020 22:29,02/13/2020 06:13,XAUUSD,Buy,2.000,0.00000,0.00000,1573.59000,1572.51000,0.0000,-140.0000,-108.0,-356.00,-0.65,"to #74549296",0,02:07:44:13,1.1,36m,1149.0,20.16,56.0,112.0,-1129.0,-2258.0,4.7,86.2,-164.00,-328.00
,74508183,02/11/2020 16:51,02/13/2020 06:13,XAUUSD,Buy,3.000,0.00000,0.00000,1572.38000,1572.52000,0.0000,-168.0000,14.0,-126.00,-0.23,"",0,01:13:21:37,3.0,1h 7m,1008.0,5.70,177.0,531.0,-1008.0,-3024.0,14.9,86.2,-163.00,-489.00
,74508845,02/11/2020 17:02,02/13/2020 05:34,XAUUSD,Buy,2.000,0.00000,0.00000,1571.25000,1572.77000,0.0000,-112.0000,152.0,192.00,0.35,"",0,01:12:32:25,2.8,1h 1m,895.0,4.54,197.0,394.0,-895.0,-1790.0,18.0,95.9,-45.00,-90.00
,74542388,02/12/2020 19:59,02/13/2020 02:40,XAUUSD,Buy,5.000,1562.90000,0.00000,1568.48000,1572.26000,0.0000,-210.0000,378.0,1680.00,3.18,"",0,00:06:40:54,19.5,1h 18m,418.0,0.86,398.0,1990.0,-343.0,-1715.0,53.7,97.3,-20.00,-100.00
,74547071,02/13/2020 02:07,,,Withdrawal,0.010,0.00000,0.00000,0.00000,0.00000,0.0000,0.0000,0.0,-100.00,0,"Transfer to 3082005 #7109688",0,00:00:00:00,,,,,,,,,,,,
,74542260,02/12/2020 19:50,02/13/2020 01:57,XAUUSD,Buy,1.500,0.00000,0.00000,1568.51000,1569.92000,0.0000,-63.0000,141.0,148.50,0.28,"",0,00:06:06:35,10.1,37m,418.0,1.23,282.0,423.0,-346.0,-519.0,44.9,77.5,-141.00,-211.50
,74543226,02/12/2020 20:57,02/13/2020 01:57,XAUUSD,Buy,2.000,0.00000,0.00000,1567.82000,1569.99000,0.0000,-84.0000,217.0,350.00,0.67,"",0,00:05:00:07,3.7,11m,277.0,0.79,351.0,702.0,-277.0,-554.0,55.9,78.7,-134.00,-268.00
,74523338,02/12/2020 09:23,02/13/2020 01:55,XAUUSD,Buy,2.000,0.00000,0.00000,1564.43000,1570.60000,0.0000,-84.0000,617.0,1150.00,2.24,"",0,00:16:32:27,93.0,15h 22m,496.0,0.35,617.0,1234.0,-213.0,-426.0,74.3,100.0,0.00,0.00
,74544047,02/12/2020 21:27,02/13/2020 01:52,XAUUSD,Buy,5.000,1562.90000,0.00000,1566.30000,1568.52000,0.0000,-210.0000,222.0,900.00,1.79,"",0,00:04:24:23,21.9,57m,165.0,0.43,291.0,1455.0,-125.0,-625.0,70.0,83.4,-69.00,-345.00
,74546282,02/13/2020 01:44,02/13/2020 01:50,XAUUSD,Buy,5.000,1564.40000,0.00000,1566.41000,1568.00000,0.0000,0.0000,159.0,795.00,1.61,"",0,00:00:05:47,83.4,4m,72.0,0.33,221.0,1105.0,-72.0,-360.0,75.4,78.8,-62.00,-310.00
,74530583,02/12/2020 13:12,02/12/2020 18:43,XAUUSD,Buy,2.000,1561.40000,0.00000,1566.34000,1569.69000,0.0000,0.0000,335.0,670.00,1.37,"",0,00:05:31:28,38.1,2h 6m,362.0,0.77,357.0,714.0,-276.0,-552.0,56.4,96.5,-22.00,-44.00
,74509384,02/11/2020 17:13,02/12/2020 18:42,XAUUSD,Buy,2.000,0.00000,0.00000,1569.75000,1569.81000,0.0000,-28.0000,6.0,-16.00,-0.03,"",0,01:01:28:46,1.0,15m,804.0,12.64,59.0,118.0,-745.0,-1490.0,7.3,93.4,-53.00,-106.00
,74536484,02/12/2020 17:06,02/12/2020 17:48,XAUUSD,Buy,3.000,1562.90000,0.00000,1565.04000,1565.96000,0.0000,0.0000,92.0,276.00,0.57,"",0,00:00:41:32,69.1,28m,91.0,0.46,145.0,435.0,-67.0,-201.0,68.4,75.0,-53.00,-159.00
,74532303,02/12/2020 14:36,02/12/2020 17:48,XAUUSD,Buy,3.000,1561.40000,0.00000,1566.07000,1565.94000,0.0000,0.0000,-13.0,-39.00,-0.08,"",0,00:03:11:35,25.2,48m,354.0,2.37,105.0,315.0,-249.0,-747.0,29.7,66.7,-118.00,-354.00
,74533119,02/12/2020 15:15,02/12/2020 15:32,XAUUSD,Buy,3.000,1563.40000,0.00000,1564.55000,1565.41000,0.0000,0.0000,86.0,258.00,0.53,"",0,00:00:16:56,94.2,15m,83.0,0.04,160.0,480.0,-7.0,-21.0,95.8,55.7,-74.00,-222.00
,74526095,02/12/2020 10:35,02/12/2020 12:37,XAUUSD,Buy,10.000,1559.80000,0.00000,1562.86000,1567.19000,0.0000,0.0000,433.0,4330.00,9.83,"",0,00:02:01:49,89.4,1h 48m,151.0,0.14,464.0,4640.0,-64.0,-640.0,87.9,94.1,-31.00,-310.00
,74521743,02/12/2020 07:47,02/12/2020 10:34,XAUUSD,Buy,5.000,1561.80000,0.00000,1565.32000,1561.74000,0.0000,0.0000,-358.0,-1790.00,-3.90,"[sl]",0,00:02:46:58,36.6,1h 1m,461.0,3.48,103.0,515.0,-358.0,-1790.0,22.3,0.0,-461.00,-2305.00
,74521440,02/12/2020 07:19,02/12/2020 10:34,XAUUSD,Buy,2.000,1561.80000,0.00000,1567.01000,1562.14000,0.0000,0.0000,-487.0,-974.00,-2.08,"[sl]",0,00:03:14:46,0.0,0s,487.0,500.00,0.0,0.0,-487.0,-974.0,0.0,0.0,-487.00,-974.00
,74522088,02/12/2020 08:13,02/12/2020 10:34,XAUUSD,Buy,2.000,1561.80000,0.00000,1565.17000,1562.01000,0.0000,0.0000,-316.0,-632.00,-1.33,"[sl]",0,00:02:20:41,48.3,1h 7m,434.0,2.68,118.0,236.0,-316.0,-632.0,27.2,0.0,-434.00,-868.00
,74523667,02/12/2020 09:34,02/12/2020 10:32,EURUSD,Buy,10.000,0.00000,0.00000,1.09130,1.09215,0.0000,0.0000,8.5,850.00,1.82,"",0,00:00:57:50,65.6,37m,4.0,0.32,9.5,950.0,-3.0,-300.0,76.0,92.0,-1.00,-100.00
,74510403,02/11/2020 17:41,02/11/2020 21:31,XAUUSD,Buy,5.000,1559.00000,0.00000,1565.85000,1568.03000,0.0000,0.0000,218.0,1090.00,2.40,"",0,00:03:50:16,66.6,2h 33m,333.0,1.16,286.0,1430.0,-333.0,-1665.0,46.2,89.0,-68.00,-340.00
,74510593,02/11/2020 17:44,02/11/2020 18:32,XAUUSD,Buy,5.000,1559.00000,0.00000,1564.94000,1565.41000,0.0000,0.0000,47.0,235.00,0.52,"",0,00:00:48:44,6.3,3m,242.0,4.03,60.0,300.0,-242.0,-1210.0,19.9,95.7,-13.00,-65.00
,74510111,02/11/2020 17:34,02/11/2020 17:40,XAUUSD,Buy,3.000,1566.80000,0.00000,1568.38000,1566.60000,0.0000,0.0000,-178.0,-534.00,-1.17,"[sl]",0,00:00:05:47,33.4,1m,329.0,17.30,18.0,54.0,-311.0,-933.0,5.5,40.4,-196.00,-588.00
,74508174,02/11/2020 16:51,02/11/2020 17:02,EURUSD,Buy,3.000,0.00000,0.00000,1.09187,1.09189,0.0000,0.0000,0.2,6.00,0.01,"",0,00:00:10:48,91.0,9m,3.5,0.21,2.9,87.0,-0.6,-18.0,82.9,22.9,-2.70,-81.00
,74481536,02/10/2020 16:28,02/11/2020 16:32,XAUUSD,Buy,2.000,0.00000,0.00000,1574.93000,1573.01000,0.0000,-28.0000,-192.0,-412.00,-0.89,"",0,01:00:04:10,11.1,2h 40m,1028.0,5.23,165.0,330.0,-863.0,-1726.0,16.1,65.3,-357.00,-714.00
,74506411,02/11/2020 16:03,02/11/2020 16:32,XAUUSD,Buy,5.000,0.00000,0.00000,1571.67000,1572.84000,0.0000,0.0000,117.0,585.00,1.28,"",0,00:00:28:55,82.8,23m,108.0,0.16,170.0,850.0,-28.0,-140.0,85.9,73.2,-53.00,-265.00
,74506006,02/11/2020 15:52,02/11/2020 16:24,EURUSD,Buy,5.000,1.08780,0.00000,1.09005,1.09151,0.0000,0.0000,14.6,730.00,1.63,"",0,00:00:31:31,100.0,31m,4.3,0.06,16.5,825.0,0.0,0.0,100.0,88.5,-1.90,-95.00
,74504417,02/11/2020 04:12,02/11/2020 15:41,XAUUSD,Buy,5.000,1564.00000,0.00000,1568.98000,1573.21000,0.0000,0.0000,423.0,2115.00,4.94,"from #74492259",0,00:11:28:31,25.8,2h 57m,378.0,0.68,423.0,2115.0,-289.0,-1445.0,59.4,100.0,0.00,0.00
,74481594,02/10/2020 16:30,02/11/2020 15:39,XAUUSD,Buy,2.000,0.00000,0.00000,1574.49000,1572.67000,0.0000,-28.0000,-182.0,-392.00,-0.91,"",0,00:23:09:18,14.9,3h 27m,1028.0,3.92,209.0,418.0,-819.0,-1638.0,20.3,62.0,-391.00,-782.00
,74491585,02/11/2020 03:12,02/11/2020 15:24,XAUUSD,Buy,5.000,1564.39000,0.00000,1571.53000,1570.81000,0.0000,0.0000,-72.0,-360.00,-0.83,"",0,00:12:11:41,0.5,3m,575.0,17.57,31.0,155.0,-544.0,-2720.0,5.4,82.1,-103.00,-515.00
,74492259,02/11/2020 04:12,02/11/2020 15:24,XAUUSD,Buy,5.000,1564.00000,0.00000,1568.98000,1570.92000,0.0000,0.0000,194.0,970.00,2.28,"to #74504417",0,00:11:11:34,24.0,2h 41m,378.0,1.25,231.0,1155.0,-289.0,-1445.0,44.4,92.9,-37.00,-185.00
,74491710,02/11/2020 03:17,02/11/2020 15:23,XAUUSD,Buy,3.000,1564.39000,0.00000,1571.01000,1570.83000,0.0000,0.0000,-18.0,-54.00,-0.13,"",0,00:12:05:54,2.7,19m,575.0,5.93,83.0,249.0,-492.0,-1476.0,14.4,82.4,-101.00,-303.00
,74501217,02/11/2020 12:44,02/11/2020 14:22,XAUUSD,Buy,3.000,0.00000,0.00000,1567.92000,1569.33000,0.0000,0.0000,141.0,423.00,1.00,"",0,00:01:38:19,85.8,1h 24m,139.0,0.19,174.0,522.0,-33.0,-99.0,84.1,84.1,-33.00,-99.00
,74492444,02/11/2020 04:23,02/11/2020 11:14,XAUUSD,Buy,2.000,1564.00000,0.00000,1568.53000,1569.56000,0.0000,0.0000,103.0,206.00,0.49,"",0,00:06:50:49,38.0,2h 36m,378.0,1.82,134.0,268.0,-244.0,-488.0,35.4,91.8,-31.00,-62.00
,74496916,02/11/2020 10:03,02/11/2020 10:48,XAUUSD,Buy,2.000,1564.90000,0.00000,1567.56000,1568.30000,0.0000,0.0000,74.0,148.00,0.35,"",0,00:00:44:49,31.2,13m,147.0,1.11,133.0,266.0,-147.0,-294.0,47.5,78.9,-59.00,-118.00
,74496193,02/11/2020 09:05,02/11/2020 09:38,XAUUSD,Buy,2.000,1565.90000,0.00000,1567.14000,1569.75000,0.0000,0.0000,261.0,522.00,1.26,"from #74495394",0,00:00:33:16,81.9,27m,73.0,0.16,273.0,546.0,-45.0,-90.0,85.8,96.2,-12.00,-24.00
,74495394,02/11/2020 09:05,02/11/2020 09:33,XAUUSD,Buy,3.000,1565.90000,0.00000,1567.14000,1569.12000,0.0000,0.0000,198.0,594.00,1.46,"to #74496193",0,00:00:28:25,78.6,22m,73.0,0.20,225.0,675.0,-45.0,-135.0,83.3,90.0,-27.00,-81.00
,74492779,02/11/2020 04:47,02/11/2020 09:03,XAUUSD,Buy,3.000,1566.40000,0.00000,1567.51000,1566.38000,0.0000,0.0000,-113.0,-339.00,-0.83,"[sl]",0,00:04:15:40,90.3,3h 50m,271.0,0.72,158.0,474.0,-113.0,-339.0,58.3,0.0,-271.00,-813.00
,74489889,02/10/2020 22:50,02/11/2020 04:05,XAUUSD,Buy,2.000,1569.80000,0.00000,1573.26000,1569.78000,0.0000,-28.0000,-348.0,-724.00,-1.73,"[sl]",0,00:05:14:58,5.8,18m,401.0,6.57,53.0,106.0,-348.0,-696.0,13.2,0.0,-401.00,-802.00
,74482729,02/10/2020 17:00,02/10/2020 21:02,XAUUSD,Buy,2.000,0.00000,0.00000,1572.29000,1576.20000,0.0000,0.0000,391.0,782.00,1.91,"",0,00:04:02:18,100.0,4h 2m,183.0,0.00,472.0,944.0,0.0,0.0,100.0,82.8,-81.00,-162.00
,74488451,02/10/2020 20:18,02/10/2020 21:02,XAUUSD,Buy,0.500,0.00000,0.00000,1575.55000,1576.21000,0.0000,0.0000,66.0,33.00,0.08,"",0,00:00:43:46,97.8,42m,61.0,0.01,104.0,52.0,-1.0,-0.5,99.0,63.8,-38.00,-19.00
,74488362,02/10/2020 20:13,02/10/2020 21:02,XAUUSD,Buy,0.500,0.00000,0.00000,1575.91000,1576.23000,0.0000,0.0000,32.0,16.00,0.04,"",0,00:00:48:36,73.5,35m,73.0,1.07,68.0,34.0,-73.0,-36.5,48.2,74.5,-36.00,-18.00
,74488602,02/10/2020 20:29,02/10/2020 21:02,XAUUSD,Buy,0.500,0.00000,0.00000,1576.18000,1576.23000,0.0000,0.0000,5.0,2.50,0.01,"",0,00:00:32:33,42.5,13m,61.0,0.93,41.0,20.5,-38.0,-19.0,51.9,54.4,-36.00,-18.00
,74488347,02/10/2020 20:13,02/10/2020 21:02,XAUUSD,Buy,1.000,0.00000,0.00000,1575.81000,1576.24000,0.0000,0.0000,43.0,43.00,0.11,"",0,00:00:49:16,79.6,39m,63.0,0.81,78.0,78.0,-63.0,-63.0,55.3,75.2,-35.00,-35.00
,74487657,02/10/2020 19:43,02/10/2020 21:02,XAUUSD,Buy,0.500,0.00000,0.00000,1576.32000,1576.33000,0.0000,0.0000,1.0,0.50,0.00,"",0,00:01:19:08,33.0,26m,148.0,3.35,34.0,17.0,-114.0,-57.0,23.0,77.7,-33.00,-16.50
,74487661,02/10/2020 19:43,02/10/2020 21:02,XAUUSD,Buy,0.500,0.00000,0.00000,1576.33000,1576.34000,0.0000,0.0000,1.0,0.50,0.00,"",0,00:01:18:42,33.0,25m,148.0,3.49,33.0,16.5,-115.0,-57.5,22.3,78.4,-32.00,-16.00
,74481529,02/10/2020 16:28,02/10/2020 19:28,XAUUSD,Buy,6.000,0.00000,0.00000,1575.15000,1575.45000,0.0000,0.0000,30.0,180.00,0.44,"",0,00:02:59:57,6.2,11m,335.0,7.79,43.0,258.0,-335.0,-2010.0,11.4,96.6,-13.00,-78.00
,74482033,02/10/2020 16:41,02/10/2020 17:28,XAUUSD,Buy,2.000,0.00000,0.00000,1573.38000,1573.93000,0.0000,0.0000,55.0,110.00,0.27,"",0,00:00:47:01,29.8,14m,183.0,1.86,85.0,170.0,-158.0,-316.0,35.0,87.7,-30.00,-60.00
,74482323,02/10/2020 16:50,02/10/2020 17:28,XAUUSD,Buy,2.000,0.00000,0.00000,1573.72000,1573.84000,0.0000,0.0000,12.0,24.00,0.06,"",0,00:00:38:10,10.6,4m,192.0,3.77,51.0,102.0,-192.0,-384.0,21.0,84.0,-39.00,-78.00
,74481673,02/10/2020 16:32,02/10/2020 17:28,XAUUSD,Buy,2.000,0.00000,0.00000,1574.21000,1573.98000,0.0000,0.0000,-23.0,-46.00,-0.11,"",0,00:00:55:44,1.8,1m,241.0,121.95,2.0,4.0,-241.0,-482.0,0.8,89.7,-25.00,-50.00
,74479273,02/10/2020 15:52,02/10/2020 16:24,XAUUSD,Buy,1.000,0.00000,0.00000,1572.61000,1574.29000,0.0000,0.0000,168.0,168.00,0.42,"",0,00:00:31:35,90.7,28m,138.0,0.14,306.0,306.0,-42.0,-42.0,87.9,60.3,-138.00,-138.00
,74476242,02/10/2020 13:36,02/10/2020 16:24,XAUUSD,Buy,1.000,0.00000,0.00000,1573.02000,1574.26000,0.0000,0.0000,124.0,124.00,0.31,"",0,00:02:47:25,30.4,50m,159.0,0.59,265.0,265.0,-156.0,-156.0,62.9,66.5,-141.00,-141.00
,74479575,02/10/2020 15:56,02/10/2020 16:24,XAUUSD,Buy,1.000,0.00000,0.00000,1572.75000,1574.28000,0.0000,0.0000,153.0,153.00,0.38,"",0,00:00:27:19,89.3,24m,139.0,0.15,292.0,292.0,-43.0,-43.0,87.2,58.5,-139.00,-139.00
,74476176,02/10/2020 13:32,02/10/2020 16:24,XAUUSD,Buy,1.000,0.00000,0.00000,1572.58000,1574.35000,0.0000,0.0000,177.0,177.00,0.44,"",0,00:02:51:16,53.5,1h 31m,159.0,0.36,309.0,309.0,-112.0,-112.0,73.4,68.6,-132.00,-132.00
,74476997,02/10/2020 14:22,02/10/2020 16:09,XAUUSD,Buy,1.000,0.00000,0.00000,1571.78000,1574.21000,0.0000,0.0000,243.0,243.00,0.61,"",0,00:01:47:47,89.8,1h 36m,159.0,0.12,270.0,270.0,-32.0,-32.0,89.4,91.1,-27.00,-27.00
,74480246,02/10/2020 16:02,02/10/2020 16:09,XAUUSD,Buy,1.000,0.00000,0.00000,1573.29000,1574.17000,0.0000,0.0000,88.0,88.00,0.22,"",0,00:00:07:33,100.0,7m,31.0,0.01,119.0,119.0,0.0,0.0,100.0,73.9,-31.00,-31.00
,74475604,02/10/2020 13:03,02/10/2020 16:09,XAUUSD,Buy,1.500,0.00000,0.00000,1573.49000,1574.30000,0.0000,0.0000,81.0,121.50,0.31,"",0,00:03:05:54,7.0,13m,208.0,2.05,99.0,148.5,-203.0,-304.5,32.8,94.0,-18.00,-27.00
,74475158,02/10/2020 12:47,02/10/2020 16:09,XAUUSD,Buy,1.500,0.00000,0.00000,1573.81000,1574.12000,0.0000,0.0000,31.0,46.50,0.12,"",0,00:03:21:39,2.5,5m,235.0,3.51,67.0,100.5,-235.0,-352.5,22.2,88.1,-36.00,-54.00
,74475141,02/10/2020 12:47,02/10/2020 16:09,XAUUSD,Buy,2.000,0.00000,0.00000,1574.21000,1574.19000,0.0000,0.0000,-2.0,-4.00,-0.01,"",0,00:03:22:06,0.5,1m,275.0,10.19,27.0,54.0,-275.0,-550.0,8.9,90.4,-29.00,-58.00
,74476602,02/10/2020 14:01,02/10/2020 15:41,XAUUSD,Buy,5.000,0.00000,0.00000,1572.17000,1573.34000,0.0000,0.0000,117.0,585.00,1.50,"",0,00:01:40:02,60.0,1h 0m,134.0,0.44,161.0,805.0,-71.0,-355.0,69.4,81.0,-44.00,-220.00
,74475304,02/10/2020 12:52,02/10/2020 14:00,XAUUSD,Buy,1.500,1571.77000,0.00000,1573.18000,1571.73000,0.0000,0.0000,-145.0,-217.50,-0.56,"[sl]",0,00:01:07:38,25.0,16m,181.0,4.03,36.0,54.0,-145.0,-217.5,19.9,0.0,-181.00,-271.50
,74475235,02/10/2020 12:49,02/10/2020 14:00,XAUUSD,Buy,1.500,1571.77000,0.00000,1573.16000,1571.73000,0.0000,0.0000,-143.0,-214.50,-0.54,"[sl]",0,00:01:10:37,26.8,18m,181.0,3.76,38.0,57.0,-143.0,-214.5,21.0,0.0,-181.00,-271.50
,74475202,02/10/2020 12:48,02/10/2020 14:00,XAUUSD,Buy,1.500,1571.77000,0.00000,1573.31000,1571.73000,0.0000,0.0000,-158.0,-237.00,-0.60,"[sl]",0,00:01:11:47,9.8,7m,181.0,6.87,23.0,34.5,-158.0,-237.0,12.7,0.0,-181.00,-271.50
,74475667,02/10/2020 13:06,02/10/2020 13:29,XAUUSD,Buy,1.500,1572.39000,0.00000,1573.42000,1572.36000,0.0000,0.0000,-106.0,-159.00,-0.40,"[sl]",0,00:00:23:20,17.4,4m,118.0,8.83,12.0,18.0,-106.0,-159.0,10.2,0.0,-118.00,-177.00
,74472943,02/10/2020 11:01,02/10/2020 12:30,XAUUSD,Buy,1.000,0.00000,0.00000,1573.95000,1573.97000,0.0000,0.0000,2.0,2.00,0.01,"",0,00:01:28:57,58.5,52m,139.0,1.62,86.0,86.0,-139.0,-139.0,38.2,62.7,-84.00,-84.00
,74471806,02/10/2020 10:22,02/10/2020 12:30,XAUUSD,Buy,1.000,0.00000,0.00000,1572.50000,1574.11000,0.0000,0.0000,161.0,161.00,0.41,"",0,00:02:08:19,100.0,2h 8m,244.0,0.00,250.0,250.0,0.0,0.0,100.0,64.4,-89.00,-89.00
,74470433,02/10/2020 09:24,02/10/2020 12:30,XAUUSD,Buy,1.000,0.00000,0.00000,1572.35000,1574.13000,0.0000,0.0000,178.0,178.00,0.45,"",0,00:03:05:26,72.6,2h 14m,244.0,0.69,265.0,265.0,-184.0,-184.0,59.0,80.6,-87.00,-87.00
,74470156,02/10/2020 09:11,02/10/2020 12:30,XAUUSD,Buy,1.000,0.00000,0.00000,1572.32000,1574.11000,0.0000,0.0000,179.0,179.00,0.46,"",0,00:03:18:53,72.9,2h 24m,244.0,0.68,268.0,268.0,-181.0,-181.0,59.7,80.2,-89.00,-89.00
,74473006,02/10/2020 11:05,02/10/2020 11:48,XAUUSD,Buy,2.000,0.00000,0.00000,1573.17000,1573.76000,0.0000,0.0000,59.0,118.00,0.30,"",0,00:00:43:48,88.4,38m,105.0,0.37,164.0,328.0,-61.0,-122.0,72.9,53.3,-105.00,-210.00
,74472970,02/10/2020 11:02,02/10/2020 11:48,XAUUSD,Buy,1.000,0.00000,0.00000,1573.83000,1573.74000,0.0000,0.0000,-9.0,-9.00,-0.02,"",0,00:00:45:57,28.3,13m,127.0,1.30,98.0,98.0,-127.0,-127.0,43.6,52.4,-107.00,-107.00
,74473393,02/10/2020 11:22,02/10/2020 11:48,XAUUSD,Buy,2.000,0.00000,0.00000,1573.94000,1574.10000,0.0000,0.0000,16.0,32.00,0.08,"",0,00:00:25:24,46.2,11m,93.0,0.70,87.0,174.0,-61.0,-122.0,58.8,52.0,-71.00,-142.00
,74471782,02/10/2020 10:20,02/10/2020 10:32,XAUUSD,Buy,1.000,0.00000,0.00000,1572.59000,1573.53000,0.0000,0.0000,94.0,94.00,0.24,"",0,00:00:12:06,100.0,12m,48.0,0.01,118.0,118.0,0.0,0.0,100.0,79.7,-24.00,-24.00
,74470151,02/10/2020 09:11,02/10/2020 10:32,XAUUSD,Buy,1.000,0.00000,0.00000,1572.23000,1573.48000,0.0000,0.0000,125.0,125.00,0.32,"",0,00:01:21:12,35.9,29m,206.0,1.12,154.0,154.0,-172.0,-172.0,47.2,91.1,-29.00,-29.00
,74471207,02/10/2020 09:58,02/10/2020 10:32,XAUUSD,Buy,1.000,0.00000,0.00000,1572.07000,1573.58000,0.0000,0.0000,151.0,151.00,0.39,"",0,00:00:33:20,61.8,20m,201.0,0.61,170.0,170.0,-104.0,-104.0,62.0,93.1,-19.00,-19.00
,74470597,02/10/2020 09:32,02/10/2020 10:32,XAUUSD,Buy,1.000,0.00000,0.00000,1571.40000,1573.56000,0.0000,0.0000,216.0,216.00,0.56,"",0,00:00:59:26,71.7,42m,201.0,0.38,237.0,237.0,-89.0,-89.0,72.7,93.6,-21.00,-21.00
,74460836,02/07/2020 22:01,,,Withdrawal,0.010,0.00000,0.00000,0.00000,0.00000,0.0000,0.0000,0.0,-3000.00,0,"Withdraw CC-REFUND USD #7077214",0,00:00:00:00,,,,,,,,,,,,
,74460777,02/07/2020 21:59,,,Withdrawal,0.010,0.00000,0.00000,0.00000,0.00000,0.0000,0.0000,0.0,-3500.00,0,"Withdraw CC-REFUND USD #7077207",0,00:00:00:00,,,,,,,,,,,,
,74460088,02/05/2020 12:02,02/07/2020 20:58,XAUUSD,Buy,0.100,0.00000,1578.00000,1550.40000,1572.28000,0.0000,-5.6000,2188.0,213.20,0.48,"from #74460075",0,02:08:55:29,100.0,2d 8h ,871.0,0.00,2329.0,232.9,0.0,0.0,100.0,93.9,-141.00,-14.10
,74460075,02/05/2020 12:02,02/07/2020 20:55,XAUUSD,Buy,0.100,0.00000,1578.00000,1550.40000,1571.89000,0.0000,-5.6000,2149.0,209.30,0.47,"to #74460088",0,02:08:53:11,100.0,2d 8h ,871.0,0.00,2329.0,232.9,0.0,0.0,100.0,92.3,-180.00,-18.00
,74460067,02/05/2020 12:02,02/07/2020 20:54,XAUUSD,Buy,0.300,0.00000,1578.00000,1550.40000,1572.01000,0.0000,-16.8000,2161.0,631.50,1.44,"to #74460075",0,02:08:52:10,100.0,2d 8h ,871.0,0.00,2329.0,698.6999999999999,0.0,0.0,100.0,92.8,-168.00,-50.40
,74460044,02/05/2020 12:02,02/07/2020 20:53,XAUUSD,Buy,0.500,0.00000,1578.00000,1550.40000,1571.80000,0.0000,-28.0000,2140.0,1042.00,2.43,"to #74460067",0,02:08:51:04,100.0,2d 8h ,871.0,0.00,2329.0,1164.5,0.0,0.0,100.0,91.9,-189.00,-94.50
,74453459,02/05/2020 12:02,02/07/2020 20:51,XAUUSD,Buy,2.000,0.00000,1578.00000,1550.40000,1571.70000,0.0000,-112.0000,2130.0,4148.00,10.70,"to #74460044",0,02:08:48:57,100.0,2d 8h ,871.0,0.00,2329.0,4658.0,0.0,0.0,100.0,91.5,-199.00,-398.00
,74454735,02/07/2020 17:11,02/07/2020 20:51,XAUUSD,Buy,0.500,0.00000,0.00000,1571.64000,1571.74000,0.0000,0.0000,10.0,5.00,0.01,"",0,00:03:40:21,2.8,6m,647.0,15.72,41.0,20.5,-644.0,-322.0,6.0,95.5,-31.00,-15.50
,74454793,02/07/2020 17:13,02/07/2020 20:50,XAUUSD,Buy,0.500,0.00000,0.00000,1571.27000,1571.54000,0.0000,0.0000,27.0,13.50,0.03,"",0,00:03:37:12,3.3,7m,647.0,7.78,78.0,39.0,-607.0,-303.5,11.4,92.6,-51.00,-25.50
,74455136,02/07/2020 17:25,02/07/2020 20:30,XAUUSD,Buy,0.500,0.00000,0.00000,1570.51000,1570.09000,0.0000,0.0000,-42.0,-21.00,-0.05,"",0,00:03:05:18,0.0,0s,531.0,555.56,0.0,0.0,-531.0,-265.5,0.0,92.1,-42.00,-21.00
,74456218,02/07/2020 17:58,02/07/2020 20:30,XAUUSD,Buy,1.500,0.00000,0.00000,1566.47000,1570.21000,0.0000,0.0000,374.0,561.00,1.47,"",0,00:02:32:19,88.9,2h 15m,345.0,0.34,374.0,561.0,-127.0,-190.5,74.7,100.0,0.00,0.00
,74455254,02/07/2020 17:28,02/07/2020 20:03,XAUUSD,Buy,0.500,0.00000,0.00000,1569.81000,1569.54000,0.0000,0.0000,-27.0,-13.50,-0.04,"",0,00:02:34:20,0.0,0s,461.0,476.19,0.0,0.0,-461.0,-230.5,0.0,94.1,-27.00,-13.50
,74455388,02/07/2020 17:32,02/07/2020 20:03,XAUUSD,Buy,1.000,0.00000,0.00000,1569.11000,1569.53000,0.0000,0.0000,42.0,42.00,0.11,"",0,00:02:30:33,10.0,15m,430.0,6.31,62.0,62.0,-391.0,-391.0,13.7,95.6,-20.00,-20.00
,74457152,02/07/2020 18:24,02/07/2020 19:51,XAUUSD,Buy,0.500,0.00000,0.00000,1566.46000,1568.56000,0.0000,0.0000,210.0,105.00,0.28,"",0,00:01:26:57,84.0,1h 13m,126.0,0.53,236.0,118.0,-126.0,-63.0,65.2,92.8,-26.00,-13.00
,74455374,02/07/2020 17:32,02/07/2020 19:51,XAUUSD,Buy,1.000,0.00000,0.00000,1568.55000,1568.52000,0.0000,0.0000,-3.0,-3.00,-0.01,"",0,00:02:19:00,10.1,14m,430.0,3.53,95.0,95.0,-335.0,-335.0,22.1,77.2,-98.00,-98.00
,74457175,02/07/2020 18:25,02/07/2020 19:05,XAUUSD,Buy,0.500,0.00000,0.00000,1566.17000,1567.50000,0.0000,0.0000,133.0,66.50,0.17,"",0,00:00:40:20,72.5,29m,97.0,0.52,187.0,93.5,-97.0,-48.5,65.8,81.0,-54.00,-27.00
,74457403,02/07/2020 18:28,02/07/2020 18:41,XAUUSD,Buy,0.500,0.00000,0.00000,1566.04000,1566.20000,0.0000,0.0000,16.0,8.00,0.02,"",0,00:00:12:39,46.2,5m,56.0,0.72,65.0,32.5,-47.0,-23.5,58.0,56.3,-49.00,-24.50
,74455819,02/07/2020 17:44,02/07/2020 18:11,XAUUSD,Buy,1.000,0.00000,0.00000,1568.09000,1568.30000,0.0000,0.0000,21.0,21.00,0.06,"",0,00:00:26:49,33.4,8m,237.0,3.47,56.0,56.0,-194.0,-194.0,22.4,86.0,-35.00,-35.00
,74455424,02/07/2020 17:33,02/07/2020 18:11,XAUUSD,Buy,1.000,0.00000,0.00000,1568.42000,1568.45000,0.0000,0.0000,3.0,3.00,0.01,"",0,00:00:37:10,34.3,12m,335.0,2.10,108.0,108.0,-227.0,-227.0,32.2,68.7,-105.00,-105.00
,74453456,02/05/2020 12:02,02/07/2020 16:41,XAUUSD,Buy,2.000,0.00000,1578.00000,1550.40000,1572.32000,0.0000,-112.0000,2192.0,4272.00,12.67,"to #74453459",0,02:04:38:14,100.0,2d 4h ,871.0,0.00,2329.0,4658.0,0.0,0.0,100.0,94.1,-137.00,-274.00
,74446698,02/05/2020 12:02,02/07/2020 16:40,XAUUSD,Buy,2.000,0.00000,1578.00000,1550.40000,1572.19000,0.0000,-112.0000,2179.0,4246.00,14.41,"to #74453456",0,02:04:38:02,100.0,2d 4h ,871.0,0.00,2329.0,4658.0,0.0,0.0,100.0,93.6,-150.00,-300.00
,74449035,02/07/2020 15:28,02/07/2020 16:34,XAUUSD,Buy,1.000,0.00000,0.00000,1565.01000,1572.72000,0.0000,0.0000,771.0,771.00,2.69,"",0,00:01:05:30,98.5,1h 4m,234.0,0.13,868.0,868.0,-111.0,-111.0,88.7,90.1,-97.00,-97.00
,74448138,02/07/2020 15:02,02/07/2020 16:34,XAUUSD,Buy,1.000,0.00000,0.00000,1565.36000,1572.62000,0.0000,0.0000,726.0,726.00,2.60,"",0,00:01:31:35,84.8,1h 17m,565.0,0.59,833.0,833.0,-488.0,-488.0,63.1,91.9,-107.00,-107.00
,74447030,02/07/2020 14:21,02/07/2020 16:34,XAUUSD,Buy,3.000,0.00000,0.00000,1566.81000,1572.59000,0.0000,0.0000,578.0,1734.00,6.61,"",0,00:02:12:52,46.7,1h 2m,633.0,0.92,688.0,2064.0,-633.0,-1899.0,52.1,91.7,-110.00,-330.00
,74449321,02/07/2020 15:30,02/07/2020 15:37,XAUUSD,Buy,0.500,0.00000,0.00000,1563.02000,1567.40000,0.0000,0.0000,438.0,219.00,0.84,"",0,00:00:06:34,100.0,6m,106.0,0.00,544.0,272.0,0.0,0.0,100.0,80.5,-106.00,-53.00
,74449311,02/07/2020 15:30,02/07/2020 15:37,XAUUSD,Buy,0.500,0.00000,0.00000,1563.38000,1567.48000,0.0000,0.0000,410.0,205.00,0.79,"",0,00:00:06:37,100.0,6m,98.0,0.00,508.0,254.0,0.0,0.0,100.0,80.7,-98.00,-49.00
,74387606,02/05/2020 12:02,02/07/2020 14:01,XAUUSD,Buy,3.000,0.00000,1578.00000,1550.40000,1567.74000,0.0000,-168.0000,1734.0,5034.00,24.22,"to #74446698",0,02:01:58:35,100.0,2d 1h ,627.0,0.00,1879.0,5637.0,0.0,0.0,100.0,92.3,-145.00,-435.00
,74446544,02/05/2020 12:05,02/07/2020 14:01,XAUUSD,Buy,2.000,0.00000,0.00000,1550.08000,1567.76000,0.0000,-112.0000,1768.0,3424.00,19.72,"from #74416583",0,02:01:55:43,100.0,2d 1h ,627.0,0.00,1911.0,3822.0,0.0,0.0,100.0,92.5,-143.00,-286.00
,74416583,02/05/2020 12:05,02/07/2020 13:54,XAUUSD,Buy,3.000,0.00000,0.00000,1550.08000,1567.96000,0.0000,-168.0000,1788.0,5196.00,42.72,"to #74446544",0,02:01:48:30,100.0,2d 1h ,627.0,0.00,1911.0,5733.0,0.0,0.0,100.0,93.6,-123.00,-369.00
,74387744,02/05/2020 12:05,02/06/2020 11:29,XAUUSD,Buy,5.000,0.00000,0.00000,1550.08000,1562.84000,0.0000,-210.0000,1276.0,6170.00,102.95,"to #74416583",0,00:23:23:33,100.0,23h 23m,627.0,0.00,1291.0,6455.0,0.0,0.0,100.0,98.8,-15.00,-75.00
,74395213,02/05/2020 15:10,02/06/2020 09:52,XAUUSD,Buy,1.000,0.00000,0.00000,1553.44000,1559.67000,0.0000,-42.0000,623.0,581.00,10.74,"from #74393381",0,00:18:42:25,94.7,17h 42m,627.0,0.23,663.0,663.0,-153.0,-153.0,81.3,95.1,-40.00,-40.00
,74393381,02/05/2020 15:10,02/05/2020 15:48,XAUUSD,Buy,1.000,0.00000,0.00000,1553.44000,1553.68000,0.0000,0.0000,24.0,24.00,0.45,"to #74395213",0,00:00:37:36,28.6,10m,153.0,2.64,58.0,58.0,-153.0,-153.0,27.5,83.9,-34.00,-34.00
,74388302,02/05/2020 12:21,02/05/2020 15:08,XAUUSD,Buy,1.000,1552.90000,0.00000,1551.45000,1552.83000,0.0000,0.0000,138.0,138.00,2.63,"[sl]",0,00:02:47:03,81.9,2h 16m,264.0,0.21,398.0,398.0,-84.0,-84.0,82.6,46.1,-260.00,-260.00
,74387599,02/05/2020 12:02,,,Deposit,0.010,0.00000,0.00000,0.00000,0.00000,0.0000,0.0000,0.0,1750.00,0,"Share Bonus 50% - #74387598",0,00:00:00:00,,,,,,,,,,,,
,74387598,02/05/2020 12:02,,,Deposit,0.010,0.00000,0.00000,0.00000,0.00000,0.0000,0.0000,0.0,3500.00,0,"Deposit CARDPAY USD #7055141",0,00:00:00:00,,,,,,,,,,,,
,74382376,02/05/2020 10:44,,,Deposit,0.010,0.00000,0.00000,0.00000,0.00000,0.0000,0.0000,0.0,0.15,0,"Balance reset",0,00:00:00:00,,,,,,,,,,,,
,74382113,02/05/2020 10:41,02/05/2020 10:43,XAUUSD,Sell,0.050,0.00000,0.00000,1553.96000,1555.94000,0.0000,0.0000,-198.0,-9.90,-101.54,"[stopout]",0,00:00:02:33,,,,,,,,,,,,
,74382106,02/05/2020 10:41,02/05/2020 10:43,XAUUSD,Sell,0.050,0.00000,0.00000,1554.07000,1555.94000,0.0000,0.0000,-187.0,-9.35,-48.95,"[stopout]",0,00:00:02:35,,,,,,,,,,,,
,74381542,02/05/2020 10:36,02/05/2020 10:43,XAUUSD,Sell,0.020,0.00000,0.00000,1556.12000,1555.94000,0.0000,0.0000,18.0,0.36,1.92,"[stopout]",0,00:00:07:15,,,,,,,,,,,,
,74381438,02/05/2020 10:35,02/05/2020 10:43,XAUUSD,Sell,0.020,0.00000,0.00000,1556.36000,1555.94000,0.0000,0.0000,42.0,0.84,4.69,"[stopout]",0,00:00:08:29,,,,,,,,,,,,
,74381426,02/05/2020 10:35,02/05/2020 10:43,XAUUSD,Sell,0.050,0.00000,0.00000,1557.07000,1555.94000,0.0000,0.0000,113.0,5.65,46.12,"[stopout]",0,00:00:08:41,,,,,,,,,,,,
,74372851,02/04/2020 22:06,02/04/2020 22:42,XAUUSD,Sell,0.500,0.00000,0.00000,1553.05000,1554.91000,0.0000,0.0000,-186.0,-93.00,-88.36,"[stopout]",0,00:00:35:36,0.0,0s,186.0,188.68,0.0,0.0,-186.0,-93.0,0.0,0.0,-186.00,-93.00
,74372375,02/04/2020 21:33,02/04/2020 22:04,XAUUSD,Sell,0.200,0.00000,0.00000,1551.92000,1553.49000,0.0000,0.0000,-157.0,-31.40,-22.98,"[stopout]",0,00:00:30:25,33.4,10m,212.0,2.85,55.0,11.0,-157.0,-31.400000000000002,25.9,0.0,-212.00,-42.40
,74372365,02/04/2020 21:32,02/04/2020 22:04,XAUUSD,Sell,0.500,0.00000,0.00000,1551.63000,1553.49000,0.0000,0.0000,-186.0,-93.00,-40.50,"[stopout]",0,00:00:31:12,33.4,10m,212.0,7.16,26.0,13.0,-186.0,-93.0,12.3,0.0,-212.00,-106.00
,74372219,02/04/2020 21:23,02/04/2020 22:04,XAUUSD,Sell,0.500,0.00000,0.00000,1552.15000,1553.49000,0.0000,0.0000,-134.0,-67.00,-22.59,"[stopout]",0,00:00:40:39,37.5,15m,212.0,1.72,78.0,39.0,-134.0,-67.0,36.8,0.0,-212.00,-106.00
,74372205,02/04/2020 21:22,02/04/2020 22:04,XAUUSD,Sell,2.000,0.00000,0.00000,1552.28000,1553.49000,0.0000,0.0000,-121.0,-242.00,-44.93,"[stopout]",0,00:00:41:37,50.0,20m,212.0,1.33,91.0,182.0,-121.0,-242.0,42.9,0.0,-212.00,-424.00
,74372166,02/04/2020 21:18,02/04/2020 22:04,XAUUSD,Sell,0.200,0.00000,0.00000,1552.02000,1553.49000,0.0000,0.0000,-147.0,-29.40,-5.18,"[stopout]",0,00:00:45:16,33.4,15m,212.0,2.26,65.0,13.0,-147.0,-29.400000000000002,30.7,0.0,-212.00,-42.40
,74372203,02/04/2020 21:22,,,Deposit,0.010,0.00000,0.00000,0.00000,0.00000,0.0000,0.0000,0.0,500.00,0,"Deposit CARDPAY USD #7050540",0,00:00:00:00,,,,,,,,,,,,
,74371999,02/04/2020 21:08,02/04/2020 21:18,XAUUSD,Sell,1.000,0.00000,0.00000,1550.61000,1552.31000,0.0000,0.0000,-170.0,-170.00,-71.41,"[stopout]",0,00:00:09:38,,,,,,,,,,,,
,74371986,02/04/2020 21:08,02/04/2020 21:18,XAUUSD,Sell,1.000,0.00000,0.00000,1550.56000,1552.31000,0.0000,0.0000,-175.0,-175.00,-42.37,"[stopout]",0,00:00:10:17,,,,,,,,,,,,
,74371981,02/04/2020 21:07,02/04/2020 21:18,XAUUSD,Sell,0.500,0.00000,0.00000,1550.42000,1552.31000,0.0000,0.0000,-189.0,-94.50,-18.62,"[stopout]",0,00:00:10:29,,,,,,,,,,,,
,74371974,02/04/2020 21:07,02/04/2020 21:18,XAUUSD,Sell,0.050,0.00000,0.00000,1550.46000,1552.31000,0.0000,0.0000,-185.0,-9.25,-1.79,"[stopout]",0,00:00:10:49,,,,,,,,,,,,
,74371942,02/04/2020 21:05,02/04/2020 21:18,XAUUSD,Sell,0.050,0.00000,0.00000,1550.75000,1552.31000,0.0000,0.0000,-156.0,-7.80,-1.49,"[stopout]",0,00:00:12:48,,,,,,,,,,,,
,74371941,02/04/2020 21:05,02/04/2020 21:18,XAUUSD,Sell,0.050,0.00000,0.00000,1550.72000,1552.31000,0.0000,0.0000,-159.0,-7.95,-1.49,"[stopout]",0,00:00:12:53,,,,,,,,,,,,
,74371899,02/04/2020 21:02,02/04/2020 21:18,XAUUSD,Sell,0.050,0.00000,0.00000,1551.14000,1552.31000,0.0000,0.0000,-117.0,-5.85,-1.09,"[stopout]",0,00:00:15:48,,,,,,,,,,,,
,74371896,02/04/2020 21:02,02/04/2020 21:18,XAUUSD,Sell,0.050,0.00000,0.00000,1551.14000,1552.31000,0.0000,0.0000,-117.0,-5.85,-1.07,"[stopout]",0,00:00:15:50,,,,,,,,,,,,
,74371784,02/04/2020 20:58,02/04/2020 21:18,XAUUSD,Sell,0.050,0.00000,0.00000,1551.64000,1552.31000,0.0000,0.0000,-67.0,-3.35,-0.61,"[stopout]",0,00:00:20:03,50.0,10m,137.0,0.96,70.0,3.5,-67.0,-3.35,51.1,0.0,-137.00,-6.85
,74371775,02/04/2020 20:57,02/04/2020 21:18,XAUUSD,Sell,0.050,0.00000,0.00000,1551.59000,1552.31000,0.0000,0.0000,-72.0,-3.60,-0.65,"[stopout]",0,00:00:21:04,50.0,10m,137.0,1.11,65.0,3.25,-72.0,-3.6,47.4,0.0,-137.00,-6.85
,74371773,02/04/2020 20:57,02/04/2020 21:18,XAUUSD,Sell,0.050,0.00000,0.00000,1551.72000,1552.31000,0.0000,0.0000,-59.0,-2.95,-0.53,"[stopout]",0,00:00:21:10,50.0,10m,137.0,0.76,78.0,3.9000000000000004,-59.0,-2.95,56.9,0.0,-137.00,-6.85
,74371771,02/04/2020 20:57,02/04/2020 21:18,XAUUSD,Sell,0.200,0.00000,0.00000,1551.57000,1552.31000,0.0000,0.0000,-74.0,-14.80,-2.60,"[stopout]",0,00:00:21:19,50.0,10m,137.0,1.17,63.0,12.600000000000001,-74.0,-14.8,46.0,0.0,-137.00,-27.40
,74371978,02/04/2020 21:07,,,Deposit,0.010,0.00000,0.00000,0.00000,0.00000,0.0000,0.0000,0.0,500.00,0,"Deposit CARDPAY USD #7050388",0,00:00:00:00,,,,,,,,,,,,
,74370790,02/04/2020 20:06,02/04/2020 20:13,XAUUSD,Sell,0.500,0.00000,0.00000,1549.78000,1551.34000,0.0000,0.0000,-156.0,-78.00,-53.08,"[stopout]",0,00:00:06:43,,,,,,,,,,,,
,74370540,02/04/2020 19:55,02/04/2020 20:13,XAUUSD,Sell,0.050,0.00000,0.00000,1550.29000,1551.34000,0.0000,0.0000,-105.0,-5.25,-3.45,"[stopout]",0,00:00:17:03,,,,,,,,,,,,
,74370539,02/04/2020 19:55,02/04/2020 20:13,XAUUSD,Sell,0.050,0.00000,0.00000,1550.29000,1551.34000,0.0000,0.0000,-105.0,-5.25,-3.33,"[stopout]",0,00:00:17:04,,,,,,,,,,,,
,74370537,02/04/2020 19:55,02/04/2020 20:13,XAUUSD,Sell,0.050,0.00000,0.00000,1550.38000,1551.34000,0.0000,0.0000,-96.0,-4.80,-2.96,"[stopout]",0,00:00:17:09,,,,,,,,,,,,
,74370533,02/04/2020 19:55,02/04/2020 20:13,XAUUSD,Sell,0.050,0.00000,0.00000,1550.44000,1551.34000,0.0000,0.0000,-90.0,-4.50,-2.70,"[stopout]",0,00:00:17:13,,,,,,,,,,,,
,74370531,02/04/2020 19:55,02/04/2020 20:13,XAUUSD,Sell,0.050,0.00000,0.00000,1550.49000,1551.34000,0.0000,0.0000,-85.0,-4.25,-2.49,"[stopout]",0,00:00:17:17,,,,,,,,,,,,
,74370527,02/04/2020 19:55,02/04/2020 20:13,XAUUSD,Sell,1.500,0.00000,0.00000,1550.68000,1551.34000,0.0000,0.0000,-66.0,-99.00,-36.67,"[stopout]",0,00:00:17:47,,,,,,,,,,,,
,74370416,02/04/2020 19:48,02/04/2020 19:54,XAUUSD,Buy,1.000,0.00000,0.00000,1550.60000,1550.98000,0.0000,0.0000,38.0,38.00,16.38,"",0,00:00:06:05,,,,,,,,,,,,
,74369884,02/04/2020 19:26,02/04/2020 19:44,XAUUSD,Buy,8.000,0.00000,0.00000,1551.37000,1549.16000,0.0000,0.0000,-221.0,-1768.00,-88.40,"[stopout]",0,00:00:17:26,,,,,,,,,,,,
,74369975,02/04/2020 19:29,,,Deposit,0.010,0.00000,0.00000,0.00000,0.00000,0.0000,0.0000,0.0,500.00,0,"Deposit CARDPAY USD #7049328",0,00:00:00:00,,,,,,,,,,,,
,74369858,02/04/2020 19:26,,,Deposit,0.000,0.00000,0.00000,0.00000,0.00000,0.0000,0.0000,0.0,1500.00,0,"Deposit LPB-CC-BZ USD #7049295",0,00:00:00:00,,,,,,,,,,,,

