Tags,Ticket,Open Date,Close Date,Symbol,Action,Units/Lots,SL,TP,Open Price,Close Price,Commission,Swap,Pips,Profit,Gain,Comment,Magic Number,Duration (DD:HH:MM:SS),Profitable(%),Profitable(time duration),Drawdown,Risk:Reward,Max(pips),Max(USD),Min(pips),Min(USD),Entry Accuracy(%),Exit Accuracy(%),ProfitMissed(pips),ProfitMissed(USD)
,68693651,12/11/2021 10:47,,,Withdrawal,0.010,0.00000,0.00000,0.00000,0.00000,0.0000,0.0000,0.0,-502.85,0,"Transfer to 11366030 #14660624",0,00:00:00:00,,,,,,,,,,,,
,68372683,12/01/2021 01:41,,,Deposit,0.010,0.00000,0.00000,0.00000,0.00000,0.0000,0.0000,0.0,49.72,0,"VIP Rebate",0,00:00:00:00,,,,,,,,,,,,
,68372682,12/01/2021 01:41,,,Deposit,0.010,0.00000,0.00000,0.00000,0.00000,0.0000,0.0000,0.0,124.32,0,"Rebate",0,00:00:00:00,,,,,,,,,,,,
,68372391,12/01/2021 01:36,,,Deposit,0.010,0.00000,0.00000,0.00000,0.00000,0.0000,0.0000,0.0,234.87,0,"IR #77",0,00:00:00:00,,,,,,,,,,,,
,68371731,12/01/2021 01:35,,,Deposit,0.010,0.00000,0.00000,0.00000,0.00000,0.0000,0.0000,0.0,93.94,0,"IR #77 VIP",0,00:00:00:00,,,,,,,,,,,,
,67765854,11/10/2021 15:47,11/10/2021 16:31,XAUUSD,Sell,3.000,0.00000,0.00000,1849.67000,1861.02000,0.0000,0.0000,-1135.0,-3405.00,-100.00,"[stopout]",0,00:00:44:16,,,,,,,,,,,,
,67764451,11/10/2021 15:38,11/10/2021 16:31,XAUUSD,Sell,10.000,0.00000,0.00000,1845.22000,1861.02000,0.0000,0.0000,-1580.0,-15800.00,-82.27,"[stopout]",0,00:00:53:16,,,,,,,,,,,,
,67687991,11/08/2021 20:08,11/10/2021 16:31,XAUUSD,Sell,2.000,0.00000,0.00000,1822.87000,1861.02000,0.0000,-15.9200,-3815.0,-7645.92,-28.48,"[stopout]",0,01:20:23:42,4.5,1h 59m,4388.0,15.02,274.0,548.0,-4114.0,-8228.0,6.2,6.8,-4089.00,-8178.00
,67681087,11/08/2021 17:08,11/10/2021 16:31,XAUUSD,Sell,5.000,0.00000,0.00000,1821.69000,1861.02000,0.0000,-39.8000,-3933.0,-19704.80,-42.33,"[stopout]",0,01:23:22:54,1.6,45m,4388.0,27.17,156.0,780.0,-4232.0,-21160.0,3.6,6.8,-4089.00,-20445.00
,67674796,11/08/2021 15:30,11/10/2021 16:31,XAUUSD,Sell,3.000,0.00000,0.00000,1822.08000,1861.02000,0.0000,-23.8800,-3894.0,-11705.88,-20.09,"[stopout]",0,02:01:00:53,3.1,1h 31m,4388.0,21.51,195.0,585.0,-4193.0,-12579.0,4.4,6.8,-4089.00,-12267.00
,67653814,11/08/2021 06:52,11/10/2021 16:31,XAUUSD,Sell,1.000,0.00000,0.00000,1819.18000,1861.02000,0.0000,-7.9600,-4184.0,-4191.96,-6.71,"[stopout]",0,02:09:39:14,12.6,7h 15m,5074.0,7.59,591.0,591.0,-4483.0,-4483.0,11.6,5.9,-4775.00,-4775.00
,67653656,11/08/2021 06:40,11/10/2021 16:31,XAUUSD,Sell,1.000,0.00000,0.00000,1819.75000,1861.02000,0.0000,-7.9600,-4127.0,-4134.96,-6.21,"[stopout]",0,02:09:51:03,13.4,7h 45m,5074.0,6.83,648.0,648.0,-4426.0,-4426.0,12.8,5.9,-4775.00,-4775.00
,67653181,11/08/2021 06:03,11/10/2021 16:31,XAUUSD,Sell,5.000,0.00000,0.00000,1818.55000,1861.02000,0.0000,-39.8000,-4247.0,-21274.80,-24.21,"[stopout]",0,02:10:28:30,12.0,7h 1m,5074.0,8.61,528.0,2640.0,-4546.0,-22730.0,10.4,5.9,-4775.00,-23875.00
,67642269,11/05/2021 21:16,11/10/2021 16:31,XAUUSD,Sell,2.000,0.00000,0.00000,1815.68000,1861.02000,0.0000,-23.8800,-4534.0,-9091.88,-9.38,"[stopout]",0,04:19:15:01,2.2,2h 32m,5074.0,20.08,241.0,482.0,-4833.0,-9666.0,4.7,5.9,-4775.00,-9550.00
,67633059,11/05/2021 17:28,11/10/2021 16:31,XAUUSD,Sell,2.000,0.00000,0.00000,1807.36000,1861.02000,0.0000,-23.8800,-5366.0,-10755.88,-9.99,"[stopout]",0,04:23:02:55,0.5,35m,6200.0,10.59,535.0,1070.0,-5665.0,-11330.0,8.6,4.8,-5901.00,-11802.00
,67632435,11/05/2021 17:19,11/10/2021 16:31,XAUUSD,Sell,2.000,0.00000,0.00000,1805.36000,1861.02000,0.0000,-23.8800,-5566.0,-11155.88,-9.39,"[stopout]",0,04:23:12:34,0.5,35m,6200.0,17.51,335.0,670.0,-5865.0,-11730.0,5.4,4.8,-5901.00,-11802.00
,67631717,11/05/2021 17:04,11/10/2021 16:31,XAUUSD,Sell,1.500,0.00000,0.00000,1802.22000,1861.02000,0.0000,-17.9100,-5880.0,-8837.91,-6.92,"[stopout]",0,04:23:27:04,0.5,35m,6480.0,20.53,301.0,451.5,-6179.0,-9268.5,4.6,4.6,-6181.00,-9271.50
,67631709,11/05/2021 17:04,11/10/2021 16:31,XAUUSD,Sell,0.500,0.00000,0.00000,1802.21000,1861.02000,0.0000,-5.9700,-5881.0,-2946.47,-2.26,"[stopout]",0,04:23:27:13,0.5,35m,6480.0,20.62,300.0,150.0,-6180.0,-3090.0,4.6,4.6,-6181.00,-3090.50
,67771062,11/10/2021 16:31,,,Withdrawal,0.010,0.00000,0.00000,0.00000,0.00000,0.0000,0.0000,0.0,-49922.13,0,"Cancellation of #65615020",0,00:00:00:00,,,,,,,,,,,,
,67764064,11/10/2021 15:36,,,Withdrawal,0.010,0.00000,0.00000,0.00000,0.00000,0.0000,0.0000,0.0,-5000.00,0,"Transfer to 22346741 #14289941",0,00:00:00:00,,,,,,,,,,,,
,67731614,11/09/2021 19:27,11/10/2021 08:42,XAUUSD,Sell,2.000,0.00000,0.00000,1828.29000,1824.59000,0.0000,-7.9600,370.0,732.04,0.40,"",0,00:13:14:45,41.6,5h 30m,475.0,1.15,370.0,740.0,-425.0,-850.0,46.5,100.0,0.00,0.00
,67707274,11/09/2021 12:18,11/09/2021 17:09,XAUUSD,Sell,3.000,1831.50000,0.00000,1825.25000,1821.29000,0.0000,0.0000,396.0,1188.00,0.65,"",0,00:04:51:01,47.4,2h 17m,690.0,1.18,396.0,1188.0,-467.0,-1401.0,45.9,100.0,0.00,0.00
,67689010,11/08/2021 21:02,11/09/2021 07:14,XAUUSD,Sell,3.000,0.00000,0.00000,1825.54000,1823.71000,0.0000,-11.9400,183.0,537.06,0.29,"",0,00:10:12:21,90.0,9h 11m,205.0,0.13,332.0,996.0,-43.0,-129.0,88.5,60.3,-149.00,-447.00
,67637197,11/05/2021 18:28,11/08/2021 03:09,XAUUSD,Sell,2.000,1821.00000,0.00000,1814.26000,1820.97000,0.0000,-7.9600,-671.0,-1349.96,-0.73,"[sl]",0,02:08:40:11,4.9,2h 46m,1098.0,1.57,427.0,854.0,-671.0,-1342.0,38.9,0.0,-1098.00,-2196.00
,67634488,11/05/2021 17:45,11/08/2021 03:09,XAUUSD,Sell,2.000,1821.00000,0.00000,1809.75000,1820.97000,0.0000,-7.9600,-1122.0,-2251.96,-1.21,"[sl]",0,02:09:23:27,0.5,17m,1224.0,11.00,102.0,204.0,-1122.0,-2244.0,8.3,0.0,-1224.00,-2448.00
,67612433,11/05/2021 11:50,11/05/2021 14:38,XAUUSD,Buy,0.100,0.00000,0.00000,1796.16000,1796.17000,0.0000,0.0000,1.0,0.10,0.00,"from #67612405",0,00:02:47:14,9.1,15m,341.0,344.83,1.0,0.1,-341.0,-34.1,0.3,100.0,0.00,0.00
,67616480,11/05/2021 13:24,11/05/2021 14:38,XAUUSD,Buy,0.100,0.00000,0.00000,1793.08000,1796.06000,0.0000,0.0000,298.0,29.80,0.02,"",0,00:01:13:13,80.0,58m,145.0,0.11,298.0,29.8,-33.0,-3.3000000000000003,90.0,100.0,0.00,0.00
,67619330,11/05/2021 14:30,11/05/2021 14:37,XAUUSD,Buy,0.100,0.00000,0.00000,1792.48000,1793.85000,0.0000,0.0000,137.0,13.70,0.01,"",0,00:00:06:35,,,,,,,,,,,,
,67614040,11/05/2021 12:19,11/05/2021 14:37,XAUUSD,Buy,0.100,0.00000,0.00000,1794.90000,1794.16000,0.0000,0.0000,-74.0,-7.40,0.00,"",0,00:02:17:37,11.2,15m,251.0,5.97,36.0,3.6,-215.0,-21.5,14.3,56.2,-110.00,-11.00
,67614841,11/05/2021 12:43,11/05/2021 14:37,XAUUSD,Buy,0.100,0.00000,0.00000,1794.34000,1794.55000,0.0000,0.0000,21.0,2.10,0.00,"",0,00:01:53:35,25.0,28m,192.0,4.82,33.0,3.3000000000000003,-159.0,-15.9,17.2,93.8,-12.00,-1.20
,67620063,11/05/2021 14:32,11/05/2021 14:37,XAUUSD,Buy,0.500,0.00000,0.00000,1787.08000,1794.88000,0.0000,0.0000,780.0,390.00,0.21,"",0,00:00:04:29,,,,,,,,,,,,
,67614471,11/05/2021 12:30,11/05/2021 12:46,XAUUSD,Buy,0.100,0.00000,0.00000,1793.75000,1795.17000,0.0000,0.0000,142.0,14.20,0.01,"",0,00:00:15:31,,,,,,,,,,,,
,67612405,11/05/2021 11:50,11/05/2021 11:51,XAUUSD,Buy,0.100,0.00000,0.00000,1796.16000,1795.90000,0.0000,0.0000,-26.0,-2.60,0.00,"to #67612433",0,00:00:00:28,,,,,,,,,,,,
,67611969,11/05/2021 11:33,11/05/2021 11:51,XAUUSD,Buy,0.010,0.00000,0.00000,1795.38000,1795.91000,0.0000,0.0000,53.0,0.53,0.00,"",0,00:00:18:14,,,,,,,,,,,,
,67610703,11/05/2021 09:54,11/05/2021 11:21,XAUUSD,Sell,2.500,0.00000,0.00000,1796.33000,1795.55000,0.0000,0.0000,78.0,195.00,0.10,"from #67606021",0,00:01:26:51,16.7,14m,217.0,2.78,78.0,195.0,-217.0,-542.5,26.4,100.0,0.00,0.00
,67610711,11/05/2021 10:28,11/05/2021 11:21,XAUUSD,Sell,1.700,0.00000,0.00000,1799.06000,1795.62000,0.0000,0.0000,344.0,584.80,0.32,"from #67608247",0,00:00:52:26,,,,,,,,,,,,
,67608247,11/05/2021 10:28,11/05/2021 11:08,XAUUSD,Sell,0.300,0.00000,0.00000,1799.06000,1796.46000,0.0000,0.0000,260.0,78.00,0.04,"to #67610711",0,00:00:40:04,,,,,,,,,,,,
,67606021,11/05/2021 09:54,11/05/2021 11:08,XAUUSD,Sell,2.500,0.00000,0.00000,1796.33000,1796.45000,0.0000,0.0000,-12.0,-30.00,-0.02,"to #67610703",0,00:01:14:12,0.0,0s,196.0,196.08,0.0,0.0,-196.0,-490.0,0.0,93.9,-12.00,-30.00
,67607733,11/05/2021 10:22,11/05/2021 10:59,XAUUSD,Sell,5.000,0.00000,0.00000,1798.18000,1796.81000,0.0000,0.0000,137.0,685.00,0.37,"",0,00:00:37:04,,,,,,,,,,,,
,67606008,11/05/2021 09:54,11/05/2021 10:07,XAUUSD,Sell,3.000,0.00000,0.00000,1796.44000,1796.37000,0.0000,0.0000,7.0,21.00,0.01,"",0,00:00:13:18,,,,,,,,,,,,
,67603037,11/05/2021 07:14,11/05/2021 07:25,XAUUSD,Sell,0.100,0.00000,0.00000,1795.61000,1795.35000,0.0000,0.0000,26.0,2.60,0.00,"",0,00:00:10:10,,,,,,,,,,,,
,67586447,11/04/2021 17:18,,,Withdrawal,0.010,0.00000,0.00000,0.00000,0.00000,0.0000,0.0000,0.0,-181000.00,0,"Transfer to 11366030 #14225703",0,00:00:00:00,,,,,,,,,,,,
,67586143,11/04/2021 16:37,11/04/2021 17:12,XAUUSD,Sell,2.000,0.00000,0.00000,1796.44000,1795.35000,0.0000,0.0000,109.0,218.00,0.06,"from #67583617",0,00:00:34:55,,,,,,,,,,,,
,67583617,11/04/2021 16:37,11/04/2021 17:10,XAUUSD,Sell,3.000,0.00000,0.00000,1796.44000,1796.37000,0.0000,0.0000,7.0,21.00,0.01,"to #67586143",0,00:00:33:12,,,,,,,,,,,,
,67583895,11/04/2021 16:41,11/04/2021 17:03,XAUUSD,Sell,2.000,0.00000,0.00000,1796.97000,1795.36000,0.0000,0.0000,161.0,322.00,0.09,"",0,00:00:21:11,,,,,,,,,,,,
,67583384,11/03/2021 04:15,11/04/2021 16:33,XAUUSD,Buy,1.000,1748.00000,0.00000,1781.54000,1797.02000,0.0000,-17.5800,1548.0,1530.42,0.42,"from #67583203",0,01:12:18:34,26.1,9h 28m,2293.0,1.26,1548.0,1548.0,-1951.0,-1951.0,44.2,100.0,0.00,0.00
,67583203,11/03/2021 04:15,11/04/2021 16:33,XAUUSD,Buy,2.000,1748.00000,0.00000,1781.54000,1796.80000,0.0000,-35.1600,1526.0,3016.84,0.84,"to #67583384",0,01:12:18:15,26.1,9h 28m,2293.0,1.28,1526.0,3052.0,-1951.0,-3902.0,43.9,100.0,0.00,0.00
,67582078,11/03/2021 04:15,11/04/2021 16:30,XAUUSD,Buy,2.000,1748.00000,0.00000,1781.54000,1797.66000,0.0000,-35.1600,1612.0,3188.84,0.89,"to #67583203",0,01:12:15:00,26.1,9h 27m,2293.0,1.21,1612.0,3224.0,-1951.0,-3902.0,45.2,100.0,0.00,0.00
,67580614,11/03/2021 04:15,11/04/2021 16:19,XAUUSD,Buy,3.000,1748.00000,0.00000,1781.54000,1795.67000,0.0000,-52.7400,1413.0,4186.26,1.19,"to #67582078",0,01:12:04:36,25.0,9h 1m,2293.0,1.38,1413.0,4239.0,-1951.0,-5853.0,42.0,100.0,0.00,0.00
,67563477,11/03/2021 04:15,11/04/2021 16:02,XAUUSD,Buy,2.000,1748.00000,0.00000,1781.54000,1797.21000,0.0000,-35.1600,1567.0,3098.84,0.88,"to #67580614",0,01:11:46:52,25.0,8h 56m,2293.0,1.25,1567.0,3134.0,-1951.0,-3902.0,44.5,100.0,0.00,0.00
,67456487,11/02/2021 12:21,11/04/2021 16:01,XAUUSD,Buy,1.000,0.00000,0.00000,1793.94000,1797.41000,0.0000,-23.4400,347.0,323.56,0.09,"",0,02:03:39:57,1.0,30m,3191.0,9.20,347.0,347.0,-3191.0,-3191.0,9.8,100.0,0.00,0.00
,67431050,11/01/2021 19:47,11/04/2021 16:00,XAUUSD,Buy,0.500,0.00000,0.00000,1793.94000,1796.66000,0.0000,-14.6500,272.0,121.35,0.03,"",0,02:20:12:08,6.6,4h 30m,3318.0,11.74,272.0,136.0,-3191.0,-1595.5,7.9,100.0,0.00,0.00
,67424272,11/01/2021 17:04,11/04/2021 16:00,XAUUSD,Buy,0.500,0.00000,0.00000,1793.93000,1796.56000,0.0000,-14.6500,263.0,116.85,0.03,"",0,02:22:55:05,7.1,5h 2m,3318.0,12.14,263.0,131.5,-3190.0,-1595.0,7.6,100.0,0.00,0.00
,67447197,11/02/2021 09:32,11/04/2021 15:59,XAUUSD,Buy,0.500,0.00000,0.00000,1794.98000,1795.48000,0.0000,-11.7200,50.0,13.28,0.00,"",0,02:06:27:18,1.9,1h 2m,3305.0,66.23,50.0,25.0,-3295.0,-1647.5,1.5,100.0,0.00,0.00
,67445720,11/02/2021 08:59,11/04/2021 15:59,XAUUSD,Buy,0.500,0.00000,0.00000,1793.99000,1795.46000,0.0000,-11.7200,147.0,61.78,0.02,"",0,02:07:00:49,5.5,3h 1m,3318.0,21.79,147.0,73.5,-3196.0,-1598.0,4.4,100.0,0.00,0.00
,67572325,11/03/2021 16:01,11/04/2021 15:46,XAUUSD,Buy,5.000,1756.00000,0.00000,1765.60000,1793.38000,0.0000,-87.9000,2778.0,13802.10,4.11,"from #67517256",0,00:23:45:29,80.9,19h 13m,457.0,0.13,2778.0,13890.0,-357.0,-1785.0,88.6,100.0,0.00,0.00
,67445531,11/02/2021 08:52,11/04/2021 15:42,XAUUSD,Buy,0.500,0.00000,0.00000,1794.12000,1794.65000,0.0000,-11.7200,53.0,14.78,0.00,"",0,02:06:49:46,5.5,3h 0m,3318.0,29.50,109.0,54.5,-3209.0,-1604.5,3.3,98.3,-56.00,-28.00
,67448339,11/02/2021 10:00,11/04/2021 15:42,XAUUSD,Buy,0.500,0.00000,0.00000,1794.27000,1794.54000,0.0000,-11.7200,27.0,1.78,0.00,"",0,02:05:41:32,3.8,2h 2m,3305.0,39.84,81.0,40.5,-3224.0,-1612.0,2.5,98.4,-54.00,-27.00
,67445516,11/02/2021 08:52,11/04/2021 15:42,XAUUSD,Buy,0.500,0.00000,0.00000,1794.15000,1794.41000,0.0000,-11.7200,26.0,1.28,0.00,"",0,02:06:49:52,4.6,2h 31m,3318.0,30.30,106.0,53.0,-3212.0,-1606.0,3.2,97.6,-80.00,-40.00
,67448596,11/02/2021 10:05,11/04/2021 15:42,XAUUSD,Buy,0.500,0.00000,0.00000,1792.89000,1794.47000,0.0000,-11.7200,158.0,67.28,0.02,"",0,02:05:37:00,4.7,2h 31m,3305.0,14.10,219.0,109.5,-3086.0,-1543.0,6.6,98.2,-61.00,-30.50
,67424499,11/01/2021 17:10,11/04/2021 15:41,XAUUSD,Buy,0.500,0.00000,0.00000,1792.77000,1793.82000,0.0000,-14.6500,105.0,37.85,0.01,"",0,02:22:30:28,13.5,9h 31m,3318.0,12.61,244.0,122.0,-3074.0,-1537.0,7.4,95.8,-139.00,-69.50
,67424715,11/01/2021 17:15,11/04/2021 15:41,XAUUSD,Buy,0.500,0.00000,0.00000,1792.46000,1793.81000,0.0000,-14.6500,135.0,52.85,0.02,"",0,02:22:25:18,17.8,12h 32m,3318.0,11.07,275.0,137.5,-3043.0,-1521.5,8.3,95.8,-140.00,-70.00
,67424671,11/01/2021 17:14,11/04/2021 15:28,XAUUSD,Buy,0.500,0.00000,0.00000,1792.33000,1792.83000,0.0000,-14.6500,50.0,10.35,0.00,"",0,02:22:13:04,17.2,12h 4m,3318.0,10.53,288.0,144.0,-3030.0,-1515.0,8.7,92.8,-238.00,-119.00
,67448746,11/02/2021 10:07,11/04/2021 15:27,XAUUSD,Buy,0.500,0.00000,0.00000,1791.79000,1792.55000,0.0000,-11.7200,76.0,26.28,0.01,"",0,02:05:20:55,7.6,4h 3m,3305.0,9.05,329.0,164.5,-2976.0,-1488.0,10.0,92.3,-253.00,-126.50
,67465569,11/02/2021 14:55,11/04/2021 15:17,XAUUSD,Buy,0.500,0.00000,0.00000,1791.52000,1791.75000,0.0000,-11.7200,23.0,-0.22,0.00,"",0,02:00:22:04,1.1,31m,2949.0,129.87,23.0,11.5,-2949.0,-1474.5,0.8,100.0,0.00,0.00
,67466224,11/02/2021 15:03,11/04/2021 15:17,XAUUSD,Buy,0.500,0.00000,0.00000,1791.19000,1791.73000,0.0000,-11.7200,54.0,15.28,0.00,"",0,02:00:14:33,2.1,1h 0m,2945.0,54.05,54.0,27.0,-2916.0,-1458.0,1.8,100.0,0.00,0.00
,67476426,11/02/2021 17:29,11/04/2021 14:59,XAUUSD,Buy,1.000,0.00000,0.00000,1790.42000,1792.39000,0.0000,-23.4400,197.0,173.56,0.05,"",0,01:21:29:42,1.1,30m,2839.0,14.43,197.0,197.0,-2839.0,-2839.0,6.5,100.0,0.00,0.00
,67427439,11/01/2021 18:11,11/04/2021 14:58,XAUUSD,Buy,0.500,0.00000,0.00000,1790.66000,1792.03000,0.0000,-14.6500,137.0,53.85,0.02,"",0,02:20:47:45,31.4,21h 36m,3318.0,6.29,455.0,227.5,-2863.0,-1431.5,13.7,90.4,-318.00,-159.00
,67427612,11/01/2021 18:15,11/04/2021 14:58,XAUUSD,Buy,0.500,0.00000,0.00000,1790.58000,1792.20000,0.0000,-14.6500,162.0,66.35,0.02,"",0,02:20:43:40,31.4,21h 34m,3318.0,6.17,463.0,231.5,-2855.0,-1427.5,14.0,90.9,-301.00,-150.50
,67476978,11/02/2021 17:37,11/04/2021 14:51,XAUUSD,Buy,1.000,0.00000,0.00000,1789.75000,1791.06000,0.0000,-23.4400,131.0,107.56,0.03,"",0,01:21:14:44,1.2,32m,2772.0,21.19,131.0,131.0,-2772.0,-2772.0,4.5,100.0,0.00,0.00
,67427658,11/01/2021 18:15,11/04/2021 14:51,XAUUSD,Buy,0.500,0.00000,0.00000,1790.15000,1791.10000,0.0000,-14.6500,95.0,32.85,0.01,"",0,02:20:35:55,33.6,23h 2m,3318.0,5.56,506.0,253.0,-2812.0,-1406.0,15.3,87.6,-411.00,-205.50
,67478237,11/02/2021 17:53,11/04/2021 14:49,XAUUSD,Buy,2.000,0.00000,0.00000,1788.90000,1789.37000,0.0000,-46.8800,47.0,47.12,0.01,"",0,01:20:55:52,1.2,32m,2687.0,57.47,47.0,94.0,-2687.0,-5374.0,1.7,100.0,0.00,0.00
,67517256,11/03/2021 16:01,11/04/2021 14:34,XAUUSD,Buy,10.000,1756.00000,0.00000,1765.60000,1788.56000,0.0000,-175.8000,2296.0,22784.20,7.30,"to #67572325",0,00:22:33:22,80.0,18h 2m,457.0,0.16,2296.0,22960.0,-357.0,-3570.0,86.5,100.0,0.00,0.00
,67566169,11/04/2021 13:40,11/04/2021 14:08,XAUUSD,Buy,1.500,0.00000,0.00000,1780.33000,1781.20000,0.0000,0.0000,87.0,130.50,0.04,"",0,00:00:28:51,,,,,,,,,,,,
,67563585,11/04/2021 12:37,11/04/2021 13:21,XAUUSD,Buy,5.000,0.00000,0.00000,1778.18000,1779.23000,0.0000,0.0000,105.0,525.00,0.17,"",0,00:00:44:40,,,,,,,,,,,,
,67560689,11/03/2021 04:15,11/04/2021 12:34,XAUUSD,Buy,5.000,1748.00000,0.00000,1781.54000,1777.79000,0.0000,-87.9000,-375.0,-1962.90,-0.63,"to #67563477",0,01:08:19:32,21.6,6h 58m,2293.0,5.71,342.0,1710.0,-1951.0,-9755.0,14.9,68.7,-717.00,-3585.00
,67560695,11/03/2021 15:26,11/04/2021 12:34,XAUUSD,Buy,5.000,1757.00000,0.00000,1769.84000,1777.85000,0.0000,-87.9000,801.0,3917.10,1.27,"from #67513502",0,00:21:07:45,72.1,15h 14m,781.0,0.98,801.0,4005.0,-781.0,-3905.0,50.6,100.0,0.00,0.00
,67513502,11/03/2021 15:26,11/04/2021 11:31,XAUUSD,Buy,5.000,1757.00000,0.00000,1769.84000,1775.67000,0.0000,-87.9000,583.0,2827.10,0.92,"to #67560695",0,00:20:04:35,70.8,14h 12m,781.0,1.05,745.0,3725.0,-781.0,-3905.0,48.8,89.4,-162.00,-810.00
,67489561,11/03/2021 04:15,11/04/2021 11:31,XAUUSD,Buy,5.000,1748.00000,0.00000,1781.54000,1775.62000,0.0000,-87.9000,-592.0,-3047.90,-0.98,"to #67560689",0,01:07:16:06,22.3,6h 58m,2293.0,5.71,342.0,1710.0,-1951.0,-9755.0,14.9,59.3,-934.00,-4670.00
,67547214,11/04/2021 06:36,11/04/2021 10:50,XAUUSD,Buy,3.000,0.00000,0.00000,1775.58000,1777.18000,0.0000,0.0000,160.0,480.00,0.16,"",0,00:04:14:08,12.5,31m,286.0,1.79,160.0,480.0,-286.0,-858.0,35.9,100.0,0.00,0.00
,67548418,11/04/2021 07:27,11/04/2021 10:23,XAUUSD,Buy,2.000,0.00000,0.00000,1775.04000,1775.86000,0.0000,0.0000,82.0,164.00,0.05,"",0,00:02:55:50,33.4,58m,232.0,2.83,82.0,164.0,-232.0,-464.0,26.1,100.0,0.00,0.00
,67549653,11/04/2021 08:07,11/04/2021 09:20,XAUUSD,Buy,3.000,0.00000,0.00000,1772.65000,1774.67000,0.0000,0.0000,202.0,606.00,0.20,"",0,00:01:12:36,,,,,,,,,,,,
,67518850,11/03/2021 16:14,11/04/2021 02:09,XAUUSD,Buy,5.000,1757.00000,0.00000,1763.96000,1776.40000,0.0000,-87.9000,1244.0,6132.10,2.03,"",0,00:09:55:11,65.0,6h 26m,386.0,0.16,1244.0,6220.0,-193.0,-965.0,86.6,100.0,0.00,0.00
,67530260,11/03/2021 20:11,11/03/2021 20:54,XAUUSD,Buy,3.000,0.00000,0.00000,1764.87000,1771.93000,0.0000,0.0000,706.0,2118.00,0.71,"",0,00:00:43:50,,,,,,,,,,,,
,67530509,11/03/2021 20:13,11/03/2021 20:49,XAUUSD,Buy,3.000,0.00000,0.00000,1764.62000,1770.15000,0.0000,0.0000,553.0,1659.00,0.56,"",0,00:00:36:27,,,,,,,,,,,,
,67519678,11/03/2021 16:22,11/03/2021 20:05,XAUUSD,Buy,5.000,1756.00000,0.00000,1763.28000,1768.13000,0.0000,0.0000,485.0,2425.00,0.82,"",0,00:03:43:03,37.5,1h 23m,150.0,0.26,485.0,2425.0,-125.0,-625.0,79.5,100.0,0.00,0.00
,67526965,11/03/2021 19:25,11/03/2021 20:00,XAUUSD,Buy,5.000,1758.00000,0.00000,1764.81000,1767.72000,0.0000,0.0000,291.0,1455.00,0.49,"",0,00:00:34:53,,,,,,,,,,,,
,67527005,11/03/2021 19:28,11/03/2021 19:56,XAUUSD,Buy,10.000,1758.00000,0.00000,1764.54000,1764.78000,0.0000,0.0000,24.0,240.00,0.08,"",0,00:00:28:34,,,,,,,,,,,,
,67521193,11/03/2021 16:45,11/03/2021 19:24,XAUUSD,Buy,20.000,1754.00000,0.00000,1760.50000,1763.92000,0.0000,0.0000,342.0,6840.00,2.38,"",0,00:02:38:23,100.0,2h 38m,59.0,0.00,342.0,6840.0,0.0,0.0,100.0,100.0,0.00,0.00
,67347863,10/29/2021 13:34,11/03/2021 16:45,XAUUSD,Buy,5.000,1759.00000,0.00000,1795.92000,1758.73000,0.0000,-87.9000,-3719.0,-18682.90,-6.10,"[sl]",0,05:03:11:04,0.0,0s,3719.0,5000.00,0.0,0.0,-3719.0,-18595.0,0.0,0.0,-3719.00,-18595.00
,67335809,10/29/2021 09:02,11/03/2021 16:45,XAUUSD,Buy,5.000,1759.00000,0.00000,1796.40000,1758.73000,0.0000,-87.9000,-3767.0,-18922.90,-5.82,"[sl]",0,05:07:42:50,0.4,30m,3950.0,20.62,183.0,915.0,-3767.0,-18835.0,4.6,0.0,-3950.00,-19750.00
,67519605,11/03/2021 16:21,,,Withdrawal,0.010,0.00000,0.00000,0.00000,0.00000,0.0000,0.0000,0.0,-2500.00,0,"Transfer to 22346741 #14208094",0,00:00:00:00,,,,,,,,,,,,
,67512825,11/03/2021 15:20,11/03/2021 16:00,XAUUSD,Buy,10.000,1764.00000,0.00000,1772.51000,1763.22000,0.0000,0.0000,-929.0,-9290.00,-2.76,"[sl]",0,00:00:39:57,,,,,,,,,,,,
,67510478,11/03/2021 14:57,11/03/2021 16:00,XAUUSD,Buy,5.000,1764.00000,0.00000,1776.85000,1763.22000,0.0000,0.0000,-1363.0,-6815.00,-1.98,"[sl]",0,00:01:02:32,,,,,,,,,,,,
,67508878,11/03/2021 14:37,11/03/2021 16:00,XAUUSD,Buy,5.000,1765.00000,0.00000,1780.94000,1763.22000,0.0000,0.0000,-1772.0,-8860.00,-2.51,"[sl]",0,00:01:22:23,,,,,,,,,,,,
,67513751,11/03/2021 15:28,,,Withdrawal,0.010,0.00000,0.00000,0.00000,0.00000,0.0000,0.0000,0.0,-3500.00,0,"Transfer to 22346741 #14206688",0,00:00:00:00,,,,,,,,,,,,
,67492102,11/03/2021 07:09,11/03/2021 15:23,XAUUSD,Buy,5.000,1769.00000,0.00000,1781.38000,1768.95000,0.0000,0.0000,-1243.0,-6215.00,-1.71,"[sl]",0,00:08:13:09,68.8,5h 39m,1601.0,3.47,358.0,1790.0,-1243.0,-6215.0,22.4,0.0,-1601.00,-8005.00
,67494496,11/03/2021 08:46,11/03/2021 13:03,XAUUSD,Buy,5.000,1774.00000,0.00000,1780.39000,1783.75000,0.0000,0.0000,336.0,1680.00,0.47,"",0,00:04:16:58,88.9,3h 48m,285.0,0.07,336.0,1680.0,-23.0,-115.0,93.6,100.0,0.00,0.00
,67490356,11/03/2021 05:02,11/03/2021 13:03,XAUUSD,Buy,5.000,1776.00000,0.00000,1781.11000,1783.74000,0.0000,0.0000,263.0,1315.00,0.37,"",0,00:08:00:34,68.8,5h 30m,342.0,0.36,263.0,1315.0,-95.0,-475.0,73.5,100.0,0.00,0.00
,67345930,10/29/2021 08:52,11/03/2021 04:04,XAUUSD,Buy,5.000,1782.00000,0.00000,1797.36000,1781.77000,0.0000,-87.9000,-1559.0,-7882.90,-2.15,"from #67335528[sl]",0,04:19:11:47,0.5,34m,2418.0,26.81,87.0,435.0,-2331.0,-11655.0,3.6,31.9,-1646.00,-8230.00
,67334898,10/29/2021 08:33,11/03/2021 04:04,XAUUSD,Buy,5.000,1782.00000,0.00000,1795.92000,1781.77000,0.0000,-87.9000,-1415.0,-7162.90,-1.91,"[sl]",0,04:19:31:11,0.5,34m,2418.0,9.47,231.0,1155.0,-2187.0,-10935.0,9.6,31.9,-1646.00,-8230.00
,67479945,11/02/2021 18:15,11/03/2021 04:04,XAUUSD,Buy,2.000,1782.00000,0.00000,1789.25000,1781.90000,0.0000,-11.7200,-735.0,-1481.72,-0.39,"[sl]",0,00:09:49:36,0.0,0s,735.0,769.23,0.0,0.0,-735.0,-1470.0,0.0,0.0,-735.00,-1470.00
,67459748,11/02/2021 13:22,11/03/2021 02:28,XAUUSD,Buy,1.000,1784.40000,0.00000,1791.25000,1784.32000,0.0000,-5.8600,-693.0,-698.86,-0.19,"[sl]",0,00:13:05:47,11.6,1h 31m,785.0,7.54,92.0,92.0,-693.0,-693.0,11.7,0.0,-785.00,-785.00
,67457132,11/02/2021 12:36,11/03/2021 02:28,XAUUSD,Buy,1.000,1784.40000,0.00000,1792.50000,1784.32000,0.0000,-5.8600,-818.0,-823.86,-0.22,"[sl]",0,00:13:52:33,0.0,0s,818.0,833.33,0.0,0.0,-818.0,-818.0,0.0,0.0,-818.00,-818.00
,67471779,11/02/2021 16:15,11/02/2021 17:23,XAUUSD,Buy,1.000,0.00000,0.00000,1788.59000,1791.00000,0.0000,0.0000,241.0,241.00,0.06,"",0,00:01:08:24,,,,,,,,,,,,
,67471114,11/02/2021 16:09,11/02/2021 17:23,XAUUSD,Buy,3.000,0.00000,0.00000,1787.60000,1791.51000,0.0000,0.0000,391.0,1173.00,0.31,"",0,00:01:13:52,,,,,,,,,,,,
,67471037,11/02/2021 16:09,11/02/2021 16:34,XAUUSD,Buy,3.000,0.00000,0.00000,1787.47000,1790.50000,0.0000,0.0000,303.0,909.00,0.24,"",0,00:00:25:24,,,,,,,,,,,,
,67464366,11/02/2021 14:37,11/02/2021 14:48,XAUUSD,Buy,2.000,0.00000,0.00000,1789.26000,1791.94000,0.0000,0.0000,268.0,536.00,0.14,"",0,00:00:10:34,,,,,,,,,,,,
,67449015,11/02/2021 10:10,11/02/2021 14:15,XAUUSD,Buy,1.000,1786.40000,0.00000,1791.94000,1794.06000,0.0000,0.0000,212.0,212.00,0.06,"",0,00:04:04:42,100.0,4h 4m,291.0,0.00,314.0,314.0,0.0,0.0,100.0,67.5,-102.00,-102.00
,67449230,11/02/2021 10:13,11/02/2021 14:15,XAUUSD,Buy,1.000,0.00000,0.00000,1792.33000,1793.96000,0.0000,0.0000,163.0,163.00,0.04,"",0,00:04:01:24,75.0,3h 1m,291.0,0.06,275.0,275.0,-16.0,-16.0,94.5,61.5,-112.00,-112.00
,67460977,11/02/2021 13:49,11/02/2021 14:15,XAUUSD,Buy,3.000,1786.40000,0.00000,1789.97000,1794.18000,0.0000,0.0000,421.0,1263.00,0.34,"",0,00:00:25:48,,,,,,,,,,,,
,67424137,11/01/2021 17:02,11/02/2021 07:54,XAUUSD,Buy,0.500,0.00000,0.00000,1793.56000,1793.54000,0.0000,-2.9300,-2.0,-3.93,0.00,"",0,00:14:52:39,13.8,2h 3m,444.0,3.11,108.0,54.0,-336.0,-168.0,24.3,75.2,-110.00,-55.00
,67425111,11/01/2021 17:22,11/02/2021 07:54,XAUUSD,Buy,1.500,0.00000,0.00000,1791.51000,1793.56000,0.0000,-8.7900,205.0,298.71,0.08,"",0,00:14:31:53,72.5,10h 32m,444.0,0.42,313.0,469.5,-131.0,-196.5,70.5,75.7,-108.00,-162.00
,67437914,11/02/2021 03:24,11/02/2021 06:46,XAUUSD,Buy,3.000,0.00000,0.00000,1790.16000,1793.74000,0.0000,0.0000,358.0,1074.00,0.29,"",0,00:03:22:30,100.0,3h 22m,80.0,0.00,358.0,1074.0,0.0,0.0,100.0,100.0,0.00,0.00
,67431283,11/01/2021 19:55,11/01/2021 20:41,XAUUSD,Buy,0.500,0.00000,0.00000,1793.43000,1793.80000,0.0000,0.0000,37.0,18.50,0.00,"",0,00:00:45:46,,,,,,,,,,,,
,67423327,11/01/2021 16:49,11/01/2021 20:41,XAUUSD,Buy,0.500,0.00000,0.00000,1793.09000,1793.79000,0.0000,0.0000,70.0,35.00,0.01,"",0,00:03:51:57,50.0,1h 55m,251.0,1.06,155.0,77.5,-165.0,-82.5,48.4,73.4,-85.00,-42.50
,67427940,11/01/2021 18:23,11/01/2021 18:38,XAUUSD,Buy,1.000,0.00000,0.00000,1790.89000,1791.60000,0.0000,0.0000,71.0,71.00,0.02,"",0,00:00:15:17,,,,,,,,,,,,
,67425037,11/01/2021 17:21,11/01/2021 18:05,XAUUSD,Buy,0.500,0.00000,0.00000,1791.15000,1791.49000,0.0000,0.0000,34.0,17.00,0.00,"",0,00:00:44:03,,,,,,,,,,,,
,67425676,11/01/2021 17:34,11/01/2021 18:05,XAUUSD,Buy,1.000,0.00000,0.00000,1791.02000,1791.49000,0.0000,0.0000,47.0,47.00,0.01,"",0,00:00:31:13,,,,,,,,,,,,
,67350839,10/29/2021 15:00,11/01/2021 16:35,XAUUSD,Buy,2.000,0.00000,0.00000,1793.52000,1794.75000,0.0000,-11.7200,123.0,234.28,0.06,"",0,03:01:34:25,0.7,30m,1655.0,13.46,123.0,246.0,-1655.0,-3310.0,6.9,100.0,0.00,0.00
,67350972,10/29/2021 15:03,11/01/2021 16:00,XAUUSD,Buy,2.000,1759.00000,0.00000,1792.04000,1792.88000,0.0000,-11.7200,84.0,156.28,0.04,"",0,03:00:57:23,0.7,30m,1507.0,17.95,84.0,168.0,-1507.0,-3014.0,5.3,100.0,0.00,0.00
,67350095,10/29/2021 14:40,11/01/2021 16:00,XAUUSD,Buy,5.000,1764.00000,0.00000,1793.04000,1793.03000,0.0000,-29.3000,-1.0,-34.30,-0.01,"",0,03:01:19:27,0.0,0s,1899.0,2000.00,0.0,0.0,-1899.0,-9495.0,0.0,99.9,-1.00,-5.00
,67351255,10/29/2021 15:07,11/01/2021 15:58,XAUUSD,Buy,2.000,0.00000,0.00000,1790.22000,1791.47000,0.0000,-11.7200,125.0,238.28,0.06,"",0,03:00:51:29,0.7,30m,1325.0,10.60,125.0,250.0,-1325.0,-2650.0,8.6,100.0,0.00,0.00
,67355042,10/29/2021 15:45,11/01/2021 15:17,XAUUSD,Buy,2.000,0.00000,0.00000,1786.02000,1788.66000,0.0000,-11.7200,264.0,516.28,0.14,"",0,02:23:31:15,4.2,3h 0m,905.0,3.43,264.0,528.0,-905.0,-1810.0,22.6,100.0,0.00,0.00
,67347479,10/29/2021 13:22,11/01/2021 14:47,XAUUSD,Buy,5.000,1764.00000,0.00000,1795.63000,1789.57000,0.0000,-29.3000,-606.0,-3059.30,-0.82,"",0,03:01:24:54,0.0,0s,2158.0,2500.00,0.0,0.0,-2158.0,-10790.0,0.0,71.9,-606.00,-3030.00
,67411127,11/01/2021 13:38,11/01/2021 14:24,XAUUSD,Buy,2.000,0.00000,0.00000,1783.61000,1789.63000,0.0000,0.0000,602.0,1204.00,0.32,"",0,00:00:46:39,,,,,,,,,,,,
,67355292,10/29/2021 15:48,11/01/2021 12:23,XAUUSD,Buy,2.000,0.00000,0.00000,1784.58000,1786.71000,0.0000,-11.7200,213.0,414.28,0.11,"",0,02:20:35:05,4.4,3h 1m,761.0,3.56,214.0,428.0,-761.0,-1522.0,21.9,99.9,-1.00,-2.00
,67396695,11/01/2021 08:27,11/01/2021 12:05,XAUUSD,Buy,2.000,0.00000,0.00000,1784.03000,1786.50000,0.0000,0.0000,247.0,494.00,0.13,"",0,00:03:38:39,50.0,1h 49m,281.0,0.88,247.0,494.0,-218.0,-436.0,53.1,100.0,0.00,0.00
,67398636,11/01/2021 09:13,11/01/2021 11:43,XAUUSD,Buy,2.000,0.00000,0.00000,1784.35000,1786.39000,0.0000,0.0000,204.0,408.00,0.11,"",0,00:02:30:19,40.0,1h 0m,281.0,1.23,204.0,408.0,-250.0,-500.0,44.9,100.0,0.00,0.00
,67396950,11/01/2021 08:33,11/01/2021 11:06,XAUUSD,Buy,1.000,0.00000,0.00000,1783.45000,1783.47000,0.0000,0.0000,2.0,2.00,0.00,"",0,00:02:33:03,40.0,1h 1m,281.0,1.32,121.0,121.0,-160.0,-160.0,43.1,57.7,-119.00,-119.00
,67396807,11/01/2021 08:29,11/01/2021 09:51,XAUUSD,Buy,1.000,0.00000,0.00000,1783.24000,1784.13000,0.0000,0.0000,89.0,89.00,0.02,"",0,00:01:21:50,,,,,,,,,,,,
,67393330,11/01/2021 05:31,,,Withdrawal,0.010,0.00000,0.00000,0.00000,0.00000,0.0000,0.0000,0.0,-1400.00,0,"Transfer to 11366030 #14165083",0,00:00:00:00,,,,,,,,,,,,
,67378947,10/29/2021 22:48,11/01/2021 04:35,XAUUSD,Buy,1.000,0.00000,0.00000,1783.07000,1786.12000,0.0000,-5.8600,305.0,299.14,0.08,"",0,02:05:46:41,1.9,1h 1m,303.0,0.99,305.0,305.0,-303.0,-303.0,50.2,100.0,0.00,0.00
,67390823,11/01/2021 03:51,,,Deposit,0.010,0.00000,0.00000,0.00000,0.00000,0.0000,0.0000,0.0,151.74,0,"VIP Rebate",0,00:00:00:00,,,,,,,,,,,,
,67390822,11/01/2021 03:51,,,Deposit,0.010,0.00000,0.00000,0.00000,0.00000,0.0000,0.0000,0.0,379.35,0,"Rebate",0,00:00:00:00,,,,,,,,,,,,
,67378813,10/29/2021 22:36,11/01/2021 01:31,XAUUSD,Buy,3.000,1779.80000,0.00000,1783.13000,1779.76000,0.0000,-17.5800,-337.0,-1028.58,-0.28,"[sl]",0,02:02:55:34,0.0,0s,337.0,10.20,-33.0,-99.0,-337.0,-1011.0,-10.9,0.0,-304.00,-912.00
,67388015,11/01/2021 01:30,,,Deposit,0.010,0.00000,0.00000,0.00000,0.00000,0.0000,0.0000,0.0,1158.74,0,"IR #76",0,00:00:00:00,,,,,,,,,,,,
,67387269,11/01/2021 01:29,,,Deposit,0.010,0.00000,0.00000,0.00000,0.00000,0.0000,0.0000,0.0,463.49,0,"IR #76 VIP",0,00:00:00:00,,,,,,,,,,,,
,67348909,10/29/2021 14:01,10/29/2021 20:29,XAUUSD,Buy,5.000,1769.00000,0.00000,1796.08000,1782.51000,0.0000,0.0000,-1357.0,-6785.00,-1.80,"",0,00:06:28:33,0.0,0s,2203.0,2500.00,0.0,0.0,-2203.0,-11015.0,0.0,38.4,-1357.00,-6785.00
,67359331,10/29/2021 16:28,10/29/2021 20:29,XAUUSD,Buy,10.000,1779.00000,0.00000,1778.19000,1782.53000,0.0000,0.0000,434.0,4340.00,1.16,"",0,00:04:01:17,62.5,2h 30m,116.0,0.18,451.0,4510.0,-83.0,-830.0,84.5,96.8,-17.00,-170.00
,67365719,10/29/2021 17:39,10/29/2021 17:43,XAUUSD,Buy,1.000,0.00000,0.00000,1777.43000,1778.31000,0.0000,0.0000,88.0,88.00,0.02,"",0,00:00:04:48,,,,,,,,,,,,
,67362335,10/29/2021 17:02,10/29/2021 17:09,XAUUSD,Buy,10.000,1768.00000,0.00000,1774.13000,1781.50000,0.0000,0.0000,737.0,7370.00,2.01,"",0,00:00:06:29,,,,,,,,,,,,
,67356345,10/29/2021 15:52,10/29/2021 16:18,XAUUSD,Buy,5.000,0.00000,0.00000,1779.63000,1781.07000,0.0000,0.0000,144.0,720.00,0.20,"",0,00:00:25:58,,,,,,,,,,,,
,67352041,10/29/2021 15:15,10/29/2021 15:32,XAUUSD,Buy,5.000,1781.00000,0.00000,1787.18000,1790.69000,0.0000,0.0000,351.0,1755.00,0.48,"",0,00:00:16:38,,,,,,,,,,,,
,67351836,10/29/2021 15:13,10/29/2021 15:31,XAUUSD,Buy,5.000,1781.00000,0.00000,1787.15000,1789.36000,0.0000,0.0000,221.0,1105.00,0.31,"",0,00:00:17:27,,,,,,,,,,,,
,67334991,10/29/2021 08:37,10/29/2021 13:01,XAUUSD,Buy,10.000,0.00000,0.00000,1795.93000,1797.73000,0.0000,0.0000,180.0,1800.00,0.50,"",0,00:04:23:28,22.3,58m,410.0,1.44,230.0,2300.0,-330.0,-3300.0,41.1,91.1,-50.00,-500.00
,67341120,10/29/2021 11:13,10/29/2021 12:58,XAUUSD,Buy,5.000,0.00000,0.00000,1795.11000,1798.14000,0.0000,0.0000,303.0,1515.00,0.42,"",0,00:01:45:15,,,,,,,,,,,,
,67344700,10/29/2021 12:19,10/29/2021 12:51,XAUUSD,Buy,3.000,0.00000,0.00000,1794.29000,1796.87000,0.0000,0.0000,258.0,774.00,0.22,"",0,00:00:32:09,,,,,,,,,,,,
,67335528,10/29/2021 08:52,10/29/2021 12:51,XAUUSD,Buy,5.000,0.00000,0.00000,1797.36000,1797.01000,0.0000,0.0000,-35.0,-175.00,-0.05,"to #67345930",0,00:03:58:34,12.5,29m,473.0,5.44,87.0,435.0,-473.0,-2365.0,15.5,78.2,-122.00,-610.00
,67342540,10/29/2021 11:41,10/29/2021 12:14,XAUUSD,Buy,10.000,0.00000,0.00000,1791.34000,1794.42000,0.0000,0.0000,308.0,3080.00,0.87,"",0,00:00:33:16,,,,,,,,,,,,
,67336338,10/29/2021 09:19,10/29/2021 10:16,XAUUSD,Buy,5.000,0.00000,0.00000,1795.41000,1797.23000,0.0000,0.0000,182.0,910.00,0.26,"",0,00:00:57:00,,,,,,,,,,,,
,67337309,10/29/2021 09:55,10/29/2021 10:16,XAUUSD,Buy,5.000,1791.40000,0.00000,1794.91000,1797.31000,0.0000,0.0000,240.0,1200.00,0.34,"",0,00:00:21:21,,,,,,,,,,,,
,67324983,10/28/2021 20:37,10/29/2021 04:35,XAUUSD,Sell,0.050,0.00000,0.00000,1800.37000,1799.03000,0.0000,-0.2000,134.0,6.50,0.00,"",0,00:07:57:42,87.5,6h 57m,292.0,0.13,426.0,21.3,-54.0,-2.7,88.8,39.2,-292.00,-14.60
,67321713,10/28/2021 18:59,10/28/2021 20:25,XAUUSD,Sell,0.010,0.00000,0.00000,1801.26000,1801.04000,0.0000,0.0000,22.0,0.22,0.00,"",0,00:01:26:10,,,,,,,,,,,,
,67323214,10/28/2021 19:43,10/28/2021 20:25,XAUUSD,Sell,0.010,0.00000,0.00000,1801.99000,1800.96000,0.0000,0.0000,103.0,1.03,0.00,"",0,00:00:42:08,,,,,,,,,,,,
,67321691,10/28/2021 18:58,10/28/2021 20:25,XAUUSD,Sell,0.010,0.00000,0.00000,1802.51000,1800.94000,0.0000,0.0000,157.0,1.57,0.00,"",0,00:01:26:55,,,,,,,,,,,,
,67324539,10/28/2021 20:15,,,Withdrawal,0.010,0.00000,0.00000,0.00000,0.00000,0.0000,0.0000,0.0,-1000.00,0,"Transfer to 11366030 #14135550",0,00:00:00:00,,,,,,,,,,,,
,67302026,10/28/2021 15:43,10/28/2021 16:03,XAUUSD,Sell,0.100,0.00000,0.00000,1801.13000,1798.69000,0.0000,0.0000,244.0,24.40,0.01,"",0,00:00:20:08,,,,,,,,,,,,
,67301585,10/28/2021 15:40,10/28/2021 16:03,XAUUSD,Sell,0.200,0.00000,0.00000,1801.73000,1798.59000,0.0000,0.0000,314.0,62.80,0.02,"",0,00:00:23:01,,,,,,,,,,,,
,67291367,10/28/2021 12:09,10/28/2021 12:58,XAUUSD,Sell,0.100,0.00000,0.00000,1800.53000,1798.00000,0.0000,0.0000,253.0,25.30,0.01,"",0,00:00:49:22,,,,,,,,,,,,
,67270900,10/27/2021 20:13,,,Withdrawal,0.010,0.00000,0.00000,0.00000,0.00000,0.0000,0.0000,0.0,-1071.00,0,"Transfer to 11366030 #14122507",0,00:00:00:00,,,,,,,,,,,,
,67261674,10/27/2021 17:25,10/27/2021 17:32,XAUUSD,Buy,0.150,0.00000,0.00000,1786.73000,1789.49000,0.0000,0.0000,276.0,41.40,0.01,"",0,00:00:07:29,,,,,,,,,,,,
,67250028,10/27/2021 15:09,10/27/2021 15:11,XAUUSD,Buy,0.100,0.00000,0.00000,1790.19000,1793.17000,0.0000,0.0000,298.0,29.80,0.01,"",0,00:00:02:13,,,,,,,,,,,,
,67248884,10/27/2021 14:47,,,Withdrawal,0.010,0.00000,0.00000,0.00000,0.00000,0.0000,0.0000,0.0,-2345.00,0,"Transfer to 11366030 #14117446",0,00:00:00:00,,,,,,,,,,,,
,67243363,10/27/2021 12:43,10/27/2021 14:24,XAUUSD,Buy,5.000,0.00000,0.00000,1787.65000,1790.24000,0.0000,0.0000,259.0,1295.00,0.36,"",0,00:01:40:56,,,,,,,,,,,,
,67243357,10/27/2021 12:43,10/27/2021 14:22,XAUUSD,Buy,5.000,1776.00000,0.00000,1787.65000,1789.85000,0.0000,0.0000,220.0,1100.00,0.31,"",0,00:01:38:59,,,,,,,,,,,,
,67243373,10/27/2021 12:43,10/27/2021 13:59,XAUUSD,Buy,10.000,1781.40000,0.00000,1787.61000,1789.34000,0.0000,0.0000,173.0,1730.00,0.49,"",0,00:01:15:36,,,,,,,,,,,,
,67244148,10/27/2021 13:00,10/27/2021 13:59,XAUUSD,Buy,5.000,1781.40000,0.00000,1787.53000,1789.36000,0.0000,0.0000,183.0,915.00,0.26,"",0,00:00:58:32,,,,,,,,,,,,
,67243736,10/27/2021 12:54,10/27/2021 13:43,XAUUSD,Buy,5.000,1781.40000,0.00000,1787.21000,1788.76000,0.0000,0.0000,155.0,775.00,0.22,"",0,00:00:49:26,,,,,,,,,,,,
,67243582,10/27/2021 12:48,10/27/2021 13:43,XAUUSD,Buy,10.000,0.00000,0.00000,1787.21000,1788.74000,0.0000,0.0000,153.0,1530.00,0.44,"",0,00:00:55:19,,,,,,,,,,,,
,67221939,10/26/2021 22:02,,,Withdrawal,0.010,0.00000,0.00000,0.00000,0.00000,0.0000,0.0000,0.0,-2609.00,0,"Transfer to 11366030 #14110220",0,00:00:00:00,,,,,,,,,,,,
,67212813,10/26/2021 17:51,10/26/2021 20:35,XAUUSD,Buy,3.000,0.00000,0.00000,1787.73000,1791.44000,0.0000,0.0000,371.0,1113.00,0.32,"",0,00:02:43:36,100.0,2h 43m,217.0,0.00,588.0,1764.0,0.0,0.0,100.0,63.1,-217.00,-651.00
,67211992,10/26/2021 17:34,10/26/2021 20:35,XAUUSD,Buy,3.000,0.00000,0.00000,1787.87000,1791.39000,0.0000,0.0000,352.0,1056.00,0.30,"",0,00:03:00:29,100.0,3h 0m,222.0,0.00,574.0,1722.0,0.0,0.0,100.0,61.3,-222.00,-666.00
,67211940,10/26/2021 17:33,10/26/2021 20:34,XAUUSD,Buy,5.000,0.00000,0.00000,1787.56000,1791.37000,0.0000,0.0000,381.0,1905.00,0.55,"",0,00:03:00:59,100.0,3h 0m,224.0,0.00,605.0,3025.0,0.0,0.0,100.0,63.0,-224.00,-1120.00
,67212006,10/26/2021 17:34,10/26/2021 19:44,XAUUSD,Buy,10.000,0.00000,0.00000,1787.95000,1791.54000,0.0000,0.0000,359.0,3590.00,1.04,"",0,00:02:10:11,100.0,2h 10m,129.0,0.00,432.0,4320.0,0.0,0.0,100.0,83.1,-73.00,-730.00
,67212206,10/26/2021 17:38,10/26/2021 19:28,XAUUSD,Buy,10.000,1779.00000,0.00000,1787.54000,1791.85000,0.0000,0.0000,431.0,4310.00,1.27,"",0,00:01:49:49,,,,,,,,,,,,
,67212735,10/26/2021 17:49,10/26/2021 19:25,XAUUSD,Buy,3.000,1779.00000,0.00000,1787.24000,1791.65000,0.0000,0.0000,441.0,1323.00,0.39,"",0,00:01:35:56,,,,,,,,,,,,
,67212123,10/26/2021 17:36,10/26/2021 17:40,XAUUSD,Buy,10.000,1787.00000,0.00000,1786.63000,1787.93000,0.0000,0.0000,130.0,1300.00,0.38,"",0,00:00:04:18,,,,,,,,,,,,
,67212160,10/26/2021 17:37,10/26/2021 17:40,XAUUSD,Buy,10.000,1775.80000,0.00000,1787.25000,1787.69000,0.0000,0.0000,44.0,440.00,0.13,"",0,00:00:03:25,,,,,,,,,,,,
,67193868,10/26/2021 12:26,10/26/2021 14:26,XAUUSD,Buy,0.100,0.00000,0.00000,1803.31000,1803.46000,0.0000,0.0000,15.0,1.50,0.00,"",0,00:02:00:39,50.0,1h 0m,644.0,21.23,29.0,2.9000000000000004,-615.0,-61.5,4.5,97.8,-14.00,-1.40
,67176776,10/25/2021 16:18,10/26/2021 07:16,XAUUSD,Sell,0.050,0.00000,0.00000,1802.77000,1803.15000,0.0000,-0.2000,-38.0,-2.10,0.00,"from #67163582",0,00:14:58:55,3.4,30m,543.0,8.76,62.0,3.1,-543.0,-27.150000000000002,10.2,83.5,-100.00,-5.00
,67159076,10/25/2021 15:00,10/26/2021 07:16,XAUUSD,Sell,0.050,0.00000,0.00000,1800.89000,1803.12000,0.0000,-0.2000,-223.0,-11.35,0.00,"",0,00:16:16:08,0.0,0s,789.0,833.33,0.0,0.0,-789.0,-39.45,0.0,71.7,-223.00,-11.15
,67159422,10/25/2021 15:10,10/26/2021 07:16,XAUUSD,Sell,0.050,0.00000,0.00000,1801.93000,1803.12000,0.0000,-0.2000,-119.0,-6.15,0.00,"",0,00:16:06:40,0.0,0s,685.0,714.29,0.0,0.0,-685.0,-34.25,0.0,82.6,-119.00,-5.95
,67153587,10/25/2021 13:08,10/26/2021 07:16,XAUUSD,Sell,0.050,0.00000,0.00000,1798.57000,1803.12000,0.0000,-0.2000,-455.0,-22.95,-0.01,"",0,00:18:08:17,0.0,0s,1021.0,1111.11,0.0,0.0,-1021.0,-51.050000000000004,0.0,55.4,-455.00,-22.75
,67159752,10/25/2021 15:17,10/26/2021 07:16,XAUUSD,Sell,0.050,0.00000,0.00000,1801.10000,1803.12000,0.0000,-0.2000,-202.0,-10.30,0.00,"",0,00:15:59:26,0.0,0s,768.0,769.23,0.0,0.0,-768.0,-38.400000000000006,0.0,73.7,-202.00,-10.10
,67176862,10/25/2021 22:33,10/26/2021 07:16,XAUUSD,Sell,0.200,0.00000,0.00000,1806.90000,1803.12000,0.0000,-0.8000,378.0,74.80,0.02,"",0,00:08:43:12,70.6,6h 9m,295.0,0.21,475.0,95.0,-98.0,-19.6,82.9,83.1,-97.00,-19.40
,67176809,10/25/2021 22:28,,,Withdrawal,0.010,0.00000,0.00000,0.00000,0.00000,0.0000,0.0000,0.0,-1000.00,0,"Transfer to 11366030 #14097575",0,00:00:00:00,,,,,,,,,,,,
,67163582,10/25/2021 16:18,10/25/2021 22:25,XAUUSD,Sell,0.100,0.00000,0.00000,1802.77000,1806.21000,0.0000,0.0000,-344.0,-34.40,-0.01,"to #67176776",0,00:06:07:45,0.0,0s,543.0,555.56,0.0,0.0,-543.0,-54.300000000000004,0.0,36.6,-344.00,-34.40
,67175308,10/25/2021 20:49,10/25/2021 22:25,XAUUSD,Sell,0.300,0.00000,0.00000,1806.55000,1806.22000,0.0000,0.0000,33.0,9.90,0.00,"",0,00:01:36:03,,,,,,,,,,,,
,67162203,10/25/2021 15:59,10/25/2021 22:25,XAUUSD,Sell,0.150,0.00000,0.00000,1802.33000,1806.14000,0.0000,0.0000,-381.0,-57.15,-0.02,"",0,00:06:26:14,0.0,0s,587.0,588.24,0.0,0.0,-587.0,-88.05,0.0,35.1,-381.00,-57.15
,67176382,10/25/2021 21:53,10/25/2021 22:25,XAUUSD,Sell,0.300,0.00000,0.00000,1807.50000,1806.11000,0.0000,0.0000,139.0,41.70,0.01,"",0,00:00:32:01,,,,,,,,,,,,
,67175622,10/25/2021 21:07,10/25/2021 22:25,XAUUSD,Sell,0.300,0.00000,0.00000,1806.94000,1806.13000,0.0000,0.0000,81.0,24.30,0.01,"",0,00:01:17:54,,,,,,,,,,,,
,67162836,10/25/2021 16:02,10/25/2021 20:31,XAUUSD,Sell,0.150,0.00000,0.00000,1801.67000,1806.06000,0.0000,0.0000,-439.0,-65.85,-0.02,"",0,00:04:28:54,0.0,0s,653.0,666.67,0.0,0.0,-653.0,-97.95,0.0,32.8,-439.00,-65.85
,67164431,10/25/2021 16:32,10/25/2021 20:31,XAUUSD,Sell,0.300,0.00000,0.00000,1804.66000,1805.98000,0.0000,0.0000,-132.0,-39.60,-0.01,"",0,00:03:59:14,0.0,0s,354.0,357.14,0.0,0.0,-354.0,-106.2,0.0,62.7,-132.00,-39.60
,67166999,10/25/2021 16:57,10/25/2021 20:31,XAUUSD,Sell,1.000,0.00000,0.00000,1807.10000,1806.00000,0.0000,0.0000,110.0,110.00,0.03,"",0,00:03:33:37,50.0,1h 46m,290.0,0.61,180.0,180.0,-110.0,-110.0,62.1,75.9,-70.00,-70.00
,67165245,10/25/2021 16:39,10/25/2021 20:31,XAUUSD,Sell,0.300,0.00000,0.00000,1805.32000,1805.92000,0.0000,0.0000,-60.0,-18.00,-0.01,"",0,00:03:51:27,12.5,28m,290.0,144.93,2.0,0.6,-288.0,-86.39999999999999,0.7,78.6,-62.00,-18.60
,67172711,10/25/2021 19:11,10/25/2021 20:31,XAUUSD,Sell,1.000,0.00000,0.00000,1807.96000,1805.80000,0.0000,0.0000,216.0,216.00,0.06,"",0,00:01:20:01,,,,,,,,,,,,
,67168755,10/25/2021 17:18,10/25/2021 20:31,XAUUSD,Sell,2.000,0.00000,0.00000,1807.98000,1805.80000,0.0000,0.0000,218.0,436.00,0.13,"",0,00:03:12:11,85.8,2h 44m,290.0,0.08,268.0,536.0,-22.0,-44.0,92.4,82.8,-50.00,-100.00
,67167602,10/25/2021 17:01,10/25/2021 20:15,XAUUSD,Sell,0.500,0.00000,0.00000,1806.08000,1805.90000,0.0000,0.0000,18.0,9.00,0.00,"",0,00:03:14:01,33.4,1h 4m,262.0,2.36,78.0,39.0,-184.0,-92.0,29.8,77.1,-60.00,-30.00
,67168392,10/25/2021 17:12,10/25/2021 20:15,XAUUSD,Sell,2.000,0.00000,0.00000,1807.94000,1805.86000,0.0000,0.0000,208.0,416.00,0.12,"",0,00:03:03:34,100.0,3h 3m,262.0,0.00,264.0,528.0,0.0,0.0,100.0,78.8,-56.00,-112.00
,67171248,10/25/2021 18:20,10/25/2021 20:13,XAUUSD,Sell,3.000,0.00000,0.00000,1807.52000,1806.47000,0.0000,0.0000,105.0,315.00,0.09,"",0,00:01:53:07,,,,,,,,,,,,
,67120586,10/22/2021 19:07,10/22/2021 19:10,XAUUSD,Buy,0.500,0.00000,0.00000,1789.24000,1789.40000,0.0000,0.0000,16.0,8.00,0.00,"",0,00:00:03:13,,,,,,,,,,,,
,67088830,10/22/2021 10:04,10/22/2021 18:33,XAUUSD,Sell,0.050,0.00000,0.00000,1793.36000,1797.57000,0.0000,0.0000,-421.0,-21.05,-0.01,"",0,00:08:28:16,29.5,2h 29m,1984.0,2.48,751.0,37.550000000000004,-1864.0,-93.2,28.7,55.2,-1172.00,-58.60
,67087039,10/22/2021 09:27,10/22/2021 18:32,XAUUSD,Sell,0.050,0.00000,0.00000,1788.33000,1797.69000,0.0000,0.0000,-936.0,-46.80,-0.01,"",0,00:09:05:09,5.3,28m,2367.0,9.55,248.0,12.4,-2367.0,-118.35000000000001,9.5,54.7,-1184.00,-59.20
,67087863,10/22/2021 09:45,10/22/2021 18:32,XAUUSD,Sell,0.050,0.00000,0.00000,1792.77000,1797.90000,0.0000,0.0000,-513.0,-25.65,-0.01,"",0,00:08:46:34,27.8,2h 26m,2094.0,2.78,692.0,34.6,-1923.0,-96.15,26.5,53.9,-1205.00,-60.25
,67091553,10/22/2021 10:47,10/22/2021 18:32,XAUUSD,Sell,0.050,0.00000,0.00000,1791.37000,1797.86000,0.0000,0.0000,-649.0,-32.45,-0.01,"",0,00:07:44:24,6.3,29m,2063.0,3.74,552.0,27.6,-2063.0,-103.15,21.1,54.1,-1201.00,-60.05
,67100766,10/22/2021 14:25,10/22/2021 18:32,XAUUSD,Sell,0.150,0.00000,0.00000,1793.92000,1798.10000,0.0000,0.0000,-418.0,-62.70,-0.02,"",0,00:04:06:34,22.3,54m,1808.0,2.24,807.0,121.05,-1808.0,-271.2,30.9,53.2,-1225.00,-183.75
,67094267,10/22/2021 11:31,10/22/2021 18:31,XAUUSD,Sell,0.200,0.00000,0.00000,1791.71000,1798.16000,0.0000,0.0000,-645.0,-129.00,-0.04,"",0,00:06:59:58,7.2,30m,2029.0,3.46,586.0,117.2,-2029.0,-405.8,22.4,52.9,-1231.00,-246.20
,67116078,10/22/2021 15:33,10/22/2021 18:31,XAUUSD,Sell,0.500,0.00000,0.00000,1798.22000,1797.85000,0.0000,0.0000,37.0,18.50,0.01,"from #67103814",0,00:02:57:30,66.7,1h 58m,1378.0,1.11,1237.0,618.5,-1378.0,-689.0,47.3,54.1,-1200.00,-600.00
,67103814,10/22/2021 15:33,10/22/2021 18:23,XAUUSD,Sell,0.500,0.00000,0.00000,1798.22000,1802.21000,0.0000,0.0000,-399.0,-199.50,-0.06,"to #67116078",0,00:02:49:42,40.0,1h 7m,1636.0,1.11,1237.0,618.5,-1378.0,-689.0,47.3,37.4,-1636.00,-818.00
,67111515,10/22/2021 17:17,10/22/2021 18:23,XAUUSD,Sell,2.000,0.00000,0.00000,1810.62000,1802.21000,0.0000,0.0000,841.0,1682.00,0.50,"",0,00:01:05:29,,,,,,,,,,,,
,67100994,10/22/2021 14:33,10/22/2021 18:23,XAUUSD,Sell,1.500,0.00000,0.00000,1793.09000,1801.79000,0.0000,0.0000,-870.0,-1305.00,-0.39,"",0,00:03:49:45,14.3,32m,1891.0,2.61,724.0,1086.0,-1891.0,-2836.5,27.7,39.0,-1594.00,-2391.00
,67105201,10/22/2021 15:51,10/22/2021 18:23,XAUUSD,Sell,3.000,0.00000,0.00000,1805.07000,1801.75000,0.0000,0.0000,332.0,996.00,0.30,"",0,00:02:31:17,80.0,2h 1m,1590.0,0.36,1922.0,5766.0,-693.0,-2079.0,73.5,39.2,-1590.00,-4770.00
,67103009,10/22/2021 15:23,10/22/2021 18:18,XAUUSD,Sell,2.000,0.00000,0.00000,1797.94000,1802.80000,0.0000,0.0000,-486.0,-972.00,-0.29,"",0,00:02:54:58,33.4,58m,1695.0,1.16,1209.0,2418.0,-1406.0,-2812.0,46.2,35.2,-1695.00,-3390.00
,67111698,10/22/2021 17:22,10/22/2021 18:18,XAUUSD,Sell,2.000,0.00000,0.00000,1811.22000,1803.01000,0.0000,0.0000,821.0,1642.00,0.49,"",0,00:00:55:31,,,,,,,,,,,,
,67106465,10/22/2021 16:10,10/22/2021 18:16,XAUUSD,Sell,1.000,0.00000,0.00000,1805.60000,1805.65000,0.0000,0.0000,-5.0,-5.00,0.00,"",0,00:02:05:13,75.0,1h 33m,1980.0,0.00,1975.0,1975.0,-5.0,-5.0,99.7,0.0,-1980.00,-1980.00
,67114337,10/22/2021 18:05,10/22/2021 18:15,XAUUSD,Sell,1.000,0.00000,0.00000,1812.27000,1806.25000,0.0000,0.0000,602.0,602.00,0.18,"",0,00:00:10:34,,,,,,,,,,,,
,67108040,10/22/2021 16:39,10/22/2021 18:15,XAUUSD,Sell,1.000,0.00000,0.00000,1806.27000,1805.91000,0.0000,0.0000,36.0,36.00,0.01,"",0,00:01:36:33,,,,,,,,,,,,
,67080845,10/22/2021 00:28,,,Withdrawal,0.010,0.00000,0.00000,0.00000,0.00000,0.0000,0.0000,0.0,-1412.00,0,"Transfer to 11366030 #14063690",0,00:00:00:00,,,,,,,,,,,,
,67063567,10/21/2021 16:02,10/21/2021 17:11,XAUUSD,Sell,0.010,0.00000,0.00000,1781.15000,1780.46000,0.0000,0.0000,69.0,0.69,0.00,"",0,00:01:08:54,,,,,,,,,,,,
,67060600,10/21/2021 15:22,10/21/2021 17:11,XAUUSD,Sell,0.010,0.00000,0.00000,1782.53000,1780.34000,0.0000,0.0000,219.0,2.19,0.00,"",0,00:01:48:35,,,,,,,,,,,,
,67056504,10/21/2021 13:50,10/21/2021 15:08,XAUUSD,Sell,0.030,0.00000,0.00000,1785.07000,1779.51000,0.0000,0.0000,556.0,16.68,0.00,"",0,00:01:17:43,,,,,,,,,,,,
,67032338,10/20/2021 19:30,10/21/2021 07:56,XAUUSD,Sell,0.020,0.00000,0.00000,1785.03000,1784.76000,0.0000,-0.2400,27.0,0.30,0.00,"from #67032314",0,00:12:26:17,58.4,7h 15m,618.0,0.70,363.0,7.26,-255.0,-5.1000000000000005,58.7,45.6,-336.00,-6.72
,67039681,10/21/2021 05:20,10/21/2021 07:56,XAUUSD,Sell,0.050,0.00000,0.00000,1787.50000,1784.76000,0.0000,0.0000,274.0,13.70,0.00,"",0,00:02:35:54,,,,,,,,,,,,
,67032314,10/20/2021 19:30,10/20/2021 20:23,XAUUSD,Sell,0.030,0.00000,0.00000,1785.03000,1784.87000,0.0000,0.0000,16.0,0.48,0.00,"to #67032338",0,00:00:52:48,,,,,,,,,,,,
,67032148,10/20/2021 19:30,10/20/2021 20:22,XAUUSD,Sell,0.050,0.00000,0.00000,1785.03000,1784.66000,0.0000,0.0000,37.0,1.85,0.00,"to #67032314",0,00:00:52:12,,,,,,,,,,,,
,67029905,10/20/2021 19:30,10/20/2021 20:18,XAUUSD,Sell,0.100,0.00000,0.00000,1785.03000,1785.20000,0.0000,0.0000,-17.0,-1.70,0.00,"to #67032148",0,00:00:47:24,,,,,,,,,,,,
,67032052,10/20/2021 19:36,10/20/2021 20:16,XAUUSD,Sell,0.200,0.00000,0.00000,1785.90000,1784.18000,0.0000,0.0000,172.0,34.40,0.01,"from #67030315",0,00:00:40:35,,,,,,,,,,,,
,67030315,10/20/2021 19:36,10/20/2021 20:15,XAUUSD,Sell,0.300,0.00000,0.00000,1785.90000,1783.97000,0.0000,0.0000,193.0,57.90,0.02,"to #67032052",0,00:00:39:37,,,,,,,,,,,,
,67029929,10/20/2021 19:31,10/20/2021 20:15,XAUUSD,Sell,0.500,0.00000,0.00000,1784.92000,1783.74000,0.0000,0.0000,118.0,59.00,0.02,"",0,00:00:44:14,,,,,,,,,,,,
,67030484,10/20/2021 19:38,10/20/2021 20:15,XAUUSD,Sell,0.500,0.00000,0.00000,1786.01000,1783.98000,0.0000,0.0000,203.0,101.50,0.03,"",0,00:00:36:43,,,,,,,,,,,,
,67021595,10/20/2021 16:58,10/20/2021 17:51,XAUUSD,Buy,1.000,0.00000,0.00000,1780.61000,1784.19000,0.0000,0.0000,358.0,358.00,0.11,"",0,00:00:53:08,,,,,,,,,,,,
,67021527,10/20/2021 16:57,10/20/2021 17:51,XAUUSD,Buy,1.000,0.00000,0.00000,1780.61000,1784.22000,0.0000,0.0000,361.0,361.00,0.11,"",0,00:00:53:52,,,,,,,,,,,,
,67021461,10/20/2021 16:56,10/20/2021 17:51,XAUUSD,Buy,1.000,0.00000,0.00000,1781.06000,1784.34000,0.0000,0.0000,328.0,328.00,0.10,"",0,00:00:55:00,,,,,,,,,,,,
,67021449,10/20/2021 16:56,10/20/2021 17:51,XAUUSD,Buy,1.000,0.00000,0.00000,1780.76000,1784.29000,0.0000,0.0000,353.0,353.00,0.11,"",0,00:00:55:01,,,,,,,,,,,,
,67012033,10/20/2021 15:20,10/20/2021 16:10,XAUUSD,Sell,0.500,0.00000,0.00000,1783.39000,1785.13000,0.0000,0.0000,-174.0,-87.00,-0.03,"",0,00:00:49:58,,,,,,,,,,,,
,67015331,10/20/2021 15:49,10/20/2021 16:10,XAUUSD,Sell,0.500,0.00000,0.00000,1787.63000,1785.08000,0.0000,0.0000,255.0,127.50,0.04,"",0,00:00:20:46,,,,,,,,,,,,
,67012060,10/20/2021 15:20,10/20/2021 16:10,XAUUSD,Sell,0.500,0.00000,0.00000,1782.68000,1785.08000,0.0000,0.0000,-240.0,-120.00,-0.04,"",0,00:00:49:19,,,,,,,,,,,,
,67015608,10/20/2021 15:51,10/20/2021 16:09,XAUUSD,Sell,0.500,0.00000,0.00000,1787.56000,1785.01000,0.0000,0.0000,255.0,127.50,0.04,"",0,00:00:18:15,,,,,,,,,,,,
,67015180,10/20/2021 15:48,10/20/2021 16:09,XAUUSD,Sell,1.000,0.00000,0.00000,1787.09000,1785.03000,0.0000,0.0000,206.0,206.00,0.06,"",0,00:00:21:47,,,,,,,,,,,,
,66992813,10/20/2021 06:46,10/20/2021 08:45,XAUUSD,Buy,0.100,0.00000,0.00000,1774.33000,1774.68000,0.0000,0.0000,35.0,3.50,0.00,"from #66992541",0,00:01:58:36,,,,,,,,,,,,
,66992541,10/20/2021 06:46,10/20/2021 07:01,XAUUSD,Buy,0.200,0.00000,0.00000,1774.33000,1774.31000,0.0000,0.0000,-2.0,-0.40,0.00,"to #66992813",0,00:00:15:33,,,,,,,,,,,,
,66992394,10/19/2021 18:13,10/20/2021 06:30,XAUUSD,Buy,1.500,0.00000,0.00000,1773.54000,1773.68000,0.0000,-8.7900,14.0,12.21,0.00,"from #66978171",0,00:12:17:14,33.4,4h 6m,489.0,7.41,66.0,99.0,-489.0,-733.5,11.9,90.6,-52.00,-78.00
,66978774,10/19/2021 18:26,10/20/2021 06:30,XAUUSD,Buy,3.000,0.00000,0.00000,1772.06000,1773.64000,0.0000,-17.5800,158.0,456.42,0.14,"",0,00:12:04:02,41.7,5h 1m,341.0,1.59,214.0,642.0,-341.0,-1023.0,38.6,89.9,-56.00,-168.00
,66978171,10/19/2021 18:13,10/20/2021 06:30,XAUUSD,Buy,1.500,0.00000,0.00000,1773.54000,1773.68000,0.0000,-8.7900,14.0,12.21,0.00,"to #66992394",0,00:12:16:54,33.4,4h 6m,489.0,7.41,66.0,99.0,-489.0,-733.5,11.9,90.6,-52.00,-78.00
,66978925,10/19/2021 18:30,10/20/2021 06:06,XAUUSD,Buy,3.000,0.00000,0.00000,1771.87000,1773.61000,0.0000,-17.5800,174.0,504.42,0.15,"",0,00:11:35:59,41.7,4h 50m,322.0,1.38,233.0,699.0,-322.0,-966.0,42.0,89.4,-59.00,-177.00
,66978133,10/19/2021 18:12,10/20/2021 06:06,XAUUSD,Buy,5.000,0.00000,0.00000,1772.88000,1773.85000,0.0000,-29.3000,97.0,455.70,0.14,"",0,00:11:53:35,33.4,3h 58m,423.0,3.21,132.0,660.0,-423.0,-2115.0,23.8,93.7,-35.00,-175.00
,66991958,10/20/2021 05:44,10/20/2021 06:06,XAUUSD,Buy,3.000,0.00000,0.00000,1772.87000,1773.80000,0.0000,0.0000,93.0,279.00,0.08,"",0,00:00:21:45,,,,,,,,,,,,
,66979075,10/19/2021 18:32,10/20/2021 05:52,XAUUSD,Buy,3.000,0.00000,0.00000,1771.72000,1773.19000,0.0000,-17.5800,147.0,423.42,0.13,"",0,00:11:20:19,36.4,4h 7m,307.0,1.24,248.0,744.0,-307.0,-921.0,44.7,81.8,-101.00,-303.00
,66978674,10/19/2021 18:23,10/20/2021 05:42,XAUUSD,Buy,3.000,0.00000,0.00000,1771.64000,1772.21000,0.0000,-17.5800,57.0,153.42,0.05,"",0,00:11:18:37,36.4,4h 7m,299.0,1.17,256.0,768.0,-299.0,-897.0,46.1,64.1,-199.00,-597.00
,66991809,10/20/2021 05:31,10/20/2021 05:42,XAUUSD,Buy,2.000,0.00000,0.00000,1770.36000,1772.04000,0.0000,0.0000,168.0,336.00,0.10,"",0,00:00:10:41,,,,,,,,,,,,
,66978604,10/19/2021 18:21,10/20/2021 05:21,XAUUSD,Buy,0.200,0.00000,0.00000,1771.41000,1771.19000,0.0000,-1.1700,-22.0,-5.57,0.00,"",0,00:10:59:51,27.3,3h 0m,301.0,0.99,279.0,55.800000000000004,-276.0,-55.2,50.3,45.8,-301.00,-60.20
,66981177,10/19/2021 19:20,10/20/2021 05:14,XAUUSD,Buy,5.000,1756.80000,1795.00000,1768.63000,1771.21000,0.0000,-29.3000,258.0,1260.70,0.38,"",0,00:09:54:24,100.0,9h 54m,299.0,0.00,557.0,2785.0,0.0,0.0,100.0,46.3,-299.00,-1495.00
,66978626,10/19/2021 18:22,10/20/2021 05:14,XAUUSD,Buy,5.000,1757.00000,0.00000,1771.45000,1771.23000,0.0000,-29.3000,-22.0,-139.30,-0.04,"",0,00:10:52:17,27.3,2h 58m,297.0,1.02,275.0,1375.0,-280.0,-1400.0,49.5,46.5,-297.00,-1485.00
,66978369,10/19/2021 18:18,10/20/2021 05:14,XAUUSD,Buy,3.000,0.00000,0.00000,1771.28000,1771.23000,0.0000,-17.5800,-5.0,-32.58,-0.01,"",0,00:10:56:16,27.3,2h 59m,297.0,0.90,292.0,876.0,-263.0,-789.0,52.6,46.5,-297.00,-891.00
,66978479,10/19/2021 18:19,10/20/2021 05:13,XAUUSD,Buy,3.000,0.00000,0.00000,1770.95000,1771.14000,0.0000,-17.5800,19.0,39.42,0.01,"",0,00:10:54:07,36.4,3h 58m,306.0,0.71,325.0,975.0,-230.0,-690.0,58.6,44.9,-306.00,-918.00
,66987544,10/19/2021 23:46,10/20/2021 01:42,XAUUSD,Buy,1.000,0.00000,0.00000,1769.10000,1769.33000,0.0000,-5.8600,23.0,17.14,0.01,"",0,00:01:55:28,,,,,,,,,,,,
,66979857,10/19/2021 18:49,10/19/2021 20:40,XAUUSD,Buy,5.000,0.00000,0.00000,1770.85000,1770.07000,0.0000,0.0000,-78.0,-390.00,-0.12,"",0,00:01:51:50,,,,,,,,,,,,
,66979584,10/19/2021 18:42,10/19/2021 20:40,XAUUSD,Buy,5.000,0.00000,0.00000,1770.84000,1770.10000,0.0000,0.0000,-74.0,-370.00,-0.11,"",0,00:01:58:07,,,,,,,,,,,,
,66981716,10/19/2021 19:37,10/19/2021 20:40,XAUUSD,Buy,5.000,0.00000,0.00000,1768.18000,1770.12000,0.0000,0.0000,194.0,970.00,0.29,"",0,00:01:03:01,,,,,,,,,,,,
,66979480,10/19/2021 18:40,10/19/2021 19:00,XAUUSD,Buy,3.000,0.00000,0.00000,1770.64000,1770.65000,0.0000,0.0000,1.0,3.00,0.00,"",0,00:00:19:51,,,,,,,,,,,,
,66970299,10/19/2021 08:10,10/19/2021 16:42,XAUUSD,Sell,0.300,0.00000,0.00000,1774.42000,1777.86000,0.0000,0.0000,-344.0,-103.20,-0.03,"from #66969325",0,00:08:32:27,12.5,1h 4m,722.0,5.43,133.0,39.9,-722.0,-216.6,15.6,44.2,-477.00,-143.10
,66966512,10/19/2021 15:49,10/19/2021 16:42,XAUUSD,Sell,0.500,0.00000,0.00000,1781.06000,1777.78000,0.0000,0.0000,328.0,164.00,0.05,"",0,00:00:52:42,,,,,,,,,,,,
,66969325,10/19/2021 08:10,10/19/2021 16:36,XAUUSD,Sell,0.200,0.00000,0.00000,1774.42000,1779.25000,0.0000,0.0000,-483.0,-96.60,-0.03,"to #66970299",0,00:08:26:08,12.5,1h 3m,722.0,5.43,133.0,26.6,-722.0,-144.4,15.6,28.0,-616.00,-123.20
,66968831,10/19/2021 16:19,10/19/2021 16:36,XAUUSD,Sell,0.500,0.00000,0.00000,1781.57000,1779.48000,0.0000,0.0000,209.0,104.50,0.03,"",0,00:00:16:35,,,,,,,,,,,,
,66967669,10/19/2021 16:05,10/19/2021 16:27,XAUUSD,Sell,0.500,0.00000,0.00000,1782.35000,1780.18000,0.0000,0.0000,217.0,108.50,0.03,"",0,00:00:22:04,,,,,,,,,,,,
,66966623,10/19/2021 15:51,10/19/2021 16:27,XAUUSD,Sell,0.500,0.00000,0.00000,1780.72000,1780.15000,0.0000,0.0000,57.0,28.50,0.01,"",0,00:00:35:57,,,,,,,,,,,,
,66965792,10/19/2021 08:10,10/19/2021 16:27,XAUUSD,Sell,0.500,0.00000,0.00000,1774.42000,1780.33000,0.0000,0.0000,-591.0,-295.50,-0.09,"to #66969325",0,00:08:17:01,12.5,1h 2m,724.0,5.43,133.0,66.5,-722.0,-361.0,15.6,15.3,-724.00,-362.00
,66965840,10/19/2021 15:35,10/19/2021 16:15,XAUUSD,Sell,0.500,0.00000,0.00000,1778.90000,1779.82000,0.0000,0.0000,-92.0,-46.00,-0.01,"",0,00:00:39:29,,,,,,,,,,,,
,66967851,10/19/2021 16:07,10/19/2021 16:15,XAUUSD,Sell,0.500,0.00000,0.00000,1784.50000,1779.47000,0.0000,0.0000,503.0,251.50,0.08,"",0,00:00:08:00,,,,,,,,,,,,
,66965869,10/19/2021 15:36,10/19/2021 16:15,XAUUSD,Sell,0.500,0.00000,0.00000,1778.43000,1779.65000,0.0000,0.0000,-122.0,-61.00,-0.02,"",0,00:00:38:57,,,,,,,,,,,,
,66942259,10/19/2021 08:10,10/19/2021 15:35,XAUUSD,Sell,1.000,0.00000,0.00000,1774.42000,1779.61000,0.0000,0.0000,-519.0,-519.00,-0.16,"to #66965792",0,00:07:25:07,0.0,0s,722.0,769.23,0.0,0.0,-722.0,-722.0,0.0,28.1,-519.00,-519.00
,66965621,10/19/2021 15:33,10/19/2021 15:35,XAUUSD,Sell,0.500,0.00000,0.00000,1778.94000,1779.01000,0.0000,0.0000,-7.0,-3.50,0.00,"",0,00:00:01:36,,,,,,,,,,,,
,66962561,10/19/2021 14:41,10/19/2021 15:35,XAUUSD,Sell,1.000,0.00000,0.00000,1779.74000,1778.87000,0.0000,0.0000,87.0,87.00,0.03,"",0,00:00:53:39,,,,,,,,,,,,
,66962444,10/19/2021 14:39,10/19/2021 15:35,XAUUSD,Sell,1.000,0.00000,0.00000,1779.91000,1778.73000,0.0000,0.0000,118.0,118.00,0.04,"",0,00:00:55:44,,,,,,,,,,,,
,66960610,10/19/2021 08:09,10/19/2021 15:25,XAUUSD,Sell,1.000,0.00000,0.00000,1774.14000,1778.79000,0.0000,0.0000,-465.0,-465.00,-0.14,"from #66942246",0,00:07:15:08,0.0,0s,750.0,769.23,0.0,0.0,-750.0,-750.0,0.0,38.0,-465.00,-465.00
,66964136,10/19/2021 15:18,10/19/2021 15:25,XAUUSD,Sell,2.000,0.00000,0.00000,1782.96000,1778.71000,0.0000,0.0000,425.0,850.00,0.26,"",0,00:00:06:43,,,,,,,,,,,,
,66962980,10/19/2021 14:52,10/19/2021 15:24,XAUUSD,Sell,1.000,0.00000,0.00000,1780.21000,1778.78000,0.0000,0.0000,143.0,143.00,0.04,"",0,00:00:32:19,,,,,,,,,,,,
,66962890,10/19/2021 14:48,10/19/2021 15:22,XAUUSD,Sell,1.000,0.00000,0.00000,1779.93000,1779.95000,0.0000,0.0000,-2.0,-2.00,0.00,"",0,00:00:34:01,,,,,,,,,,,,
,66962794,10/19/2021 14:45,10/19/2021 15:22,XAUUSD,Sell,1.000,0.00000,0.00000,1780.23000,1779.91000,0.0000,0.0000,32.0,32.00,0.01,"",0,00:00:37:39,,,,,,,,,,,,
,66963409,10/19/2021 15:02,10/19/2021 15:22,XAUUSD,Sell,1.000,0.00000,0.00000,1781.09000,1780.25000,0.0000,0.0000,84.0,84.00,0.03,"",0,00:00:20:16,,,,,,,,,,,,
,66942246,10/19/2021 08:09,10/19/2021 14:07,XAUUSD,Sell,1.000,0.00000,0.00000,1774.14000,1776.58000,0.0000,0.0000,-244.0,-244.00,-0.07,"to #66960610",0,00:05:57:32,0.0,0s,750.0,769.23,0.0,0.0,-750.0,-750.0,0.0,67.5,-244.00,-244.00
,66959549,10/19/2021 07:21,10/19/2021 14:07,XAUUSD,Sell,1.000,1786.50000,0.00000,1775.11000,1776.65000,0.0000,0.0000,-154.0,-154.00,-0.05,"from #66940672",0,00:06:45:45,0.0,0s,653.0,666.67,0.0,0.0,-653.0,-653.0,0.0,76.4,-154.00,-154.00
,66940728,10/19/2021 07:23,10/19/2021 13:53,XAUUSD,Sell,2.000,0.00000,0.00000,1775.13000,1778.06000,0.0000,0.0000,-293.0,-586.00,-0.18,"",0,00:06:29:52,0.0,0s,629.0,666.67,0.0,0.0,-629.0,-1258.0,0.0,53.4,-293.00,-586.00
,66940672,10/19/2021 07:21,10/19/2021 13:44,XAUUSD,Sell,4.000,1786.50000,0.00000,1775.11000,1777.92000,0.0000,0.0000,-281.0,-1124.00,-0.34,"to #66959549",0,00:06:23:17,0.0,0s,631.0,666.67,0.0,0.0,-631.0,-2524.0,0.0,55.5,-281.00,-1124.00
,66951257,10/19/2021 11:04,10/19/2021 13:44,XAUUSD,Sell,2.000,0.00000,0.00000,1781.45000,1777.95000,0.0000,0.0000,350.0,700.00,0.21,"",0,00:02:40:27,,,,,,,,,,,,
,66954112,10/19/2021 12:05,10/19/2021 13:44,XAUUSD,Sell,2.000,0.00000,0.00000,1781.92000,1777.97000,0.0000,0.0000,395.0,790.00,0.24,"",0,00:01:39:27,,,,,,,,,,,,
,66945043,10/19/2021 09:12,10/19/2021 13:05,XAUUSD,Sell,5.000,1784.50000,0.00000,1777.50000,1778.25000,0.0000,0.0000,-75.0,-375.00,-0.11,"",0,00:03:52:44,,,,,,,,,,,,
,66951069,10/19/2021 11:00,10/19/2021 13:05,XAUUSD,Sell,2.000,0.00000,0.00000,1781.25000,1778.17000,0.0000,0.0000,308.0,616.00,0.19,"",0,00:02:04:32,,,,,,,,,,,,
,66947759,10/19/2021 10:03,10/19/2021 12:56,XAUUSD,Sell,2.000,0.00000,0.00000,1778.28000,1779.70000,0.0000,0.0000,-142.0,-284.00,-0.09,"",0,00:02:53:40,,,,,,,,,,,,
,66952866,10/19/2021 11:51,10/19/2021 12:56,XAUUSD,Sell,5.000,1785.50000,0.00000,1781.26000,1779.66000,0.0000,0.0000,160.0,800.00,0.24,"",0,00:01:05:14,,,,,,,,,,,,
,66861764,10/15/2021 14:47,10/19/2021 09:55,XAUUSD,Buy,2.000,0.00000,0.00000,1778.88000,1778.77000,0.0000,-23.4400,-11.0,-45.44,-0.01,"",0,03:19:07:31,1.1,1h 0m,1712.0,6.74,254.0,508.0,-1712.0,-3424.0,12.9,86.5,-265.00,-530.00
,66861757,10/15/2021 14:47,10/19/2021 09:55,XAUUSD,Buy,2.000,0.00000,0.00000,1778.84000,1779.05000,0.0000,-23.4400,21.0,18.56,0.01,"",0,03:19:07:25,2.2,2h 0m,1708.0,6.62,258.0,516.0,-1708.0,-3416.0,13.1,87.9,-237.00,-474.00
,66862005,10/15/2021 14:52,10/19/2021 09:33,XAUUSD,Buy,2.000,0.00000,0.00000,1778.61000,1777.54000,0.0000,-23.4400,-107.0,-237.44,-0.07,"",0,03:18:40:38,2.2,1h 59m,1685.0,6.00,281.0,562.0,-1685.0,-3370.0,14.3,80.3,-388.00,-776.00
,66940719,10/15/2021 14:53,10/19/2021 09:12,XAUUSD,Buy,2.000,0.00000,0.00000,1778.53000,1777.43000,0.0000,-23.4400,-110.0,-243.44,-0.07,"from #66939292",0,03:18:19:20,2.2,1h 59m,1677.0,5.80,289.0,578.0,-1677.0,-3354.0,14.7,79.7,-399.00,-798.00
,66944901,10/19/2021 09:09,10/19/2021 09:12,XAUUSD,Sell,2.000,0.00000,0.00000,1776.90000,1777.77000,0.0000,0.0000,-87.0,-174.00,-0.05,"",0,00:00:02:35,,,,,,,,,,,,
,66861853,10/15/2021 14:49,10/19/2021 09:09,XAUUSD,Buy,2.000,0.00000,0.00000,1778.47000,1776.86000,0.0000,-23.4400,-161.0,-345.44,-0.10,"",0,03:18:20:01,2.2,1h 59m,1671.0,5.67,295.0,590.0,-1671.0,-3342.0,15.0,76.8,-456.00,-912.00
,66939292,10/15/2021 14:53,10/19/2021 07:23,XAUUSD,Buy,0.500,1753.40000,0.00000,1778.53000,1775.05000,0.0000,-5.8600,-348.0,-179.86,-0.05,"to #66940719",0,03:16:30:21,0.0,0s,1677.0,2000.00,0.0,0.0,-1677.0,-838.5,0.0,79.2,-348.00,-174.00
,66938829,10/15/2021 15:15,10/19/2021 06:46,XAUUSD,Buy,1.000,0.00000,0.00000,1776.33000,1773.83000,0.0000,-11.7200,-250.0,-261.72,-0.08,"from #66863098",0,03:15:30:29,0.0,0s,1457.0,1666.67,0.0,0.0,-1457.0,-1457.0,0.0,82.8,-250.00,-250.00
,66878765,10/15/2021 19:30,10/19/2021 06:42,XAUUSD,Buy,2.000,0.00000,0.00000,1768.41000,1773.97000,0.0000,-23.4400,556.0,1088.56,0.33,"",0,03:11:12:25,14.5,12h 3m,954.0,1.04,638.0,1276.0,-665.0,-1330.0,49.0,93.7,-82.00,-164.00
,66937795,10/15/2021 14:53,10/19/2021 06:42,XAUUSD,Buy,2.500,1753.40000,0.00000,1778.53000,1774.05000,0.0000,-29.3000,-448.0,-1149.30,-0.35,"to #66939292",0,03:15:49:21,0.0,0s,1677.0,2000.00,0.0,0.0,-1677.0,-4192.5,0.0,73.3,-448.00,-1120.00
,66863098,10/15/2021 15:15,10/19/2021 06:13,XAUUSD,Buy,4.000,0.00000,0.00000,1776.33000,1773.32000,0.0000,-46.8800,-301.0,-1250.88,-0.38,"to #66938829",0,03:14:57:56,0.0,0s,1457.0,1666.67,0.0,0.0,-1457.0,-5828.0,0.0,79.3,-301.00,-1204.00
,66925474,10/18/2021 18:19,10/19/2021 06:13,XAUUSD,Buy,1.000,0.00000,0.00000,1769.06000,1773.31000,0.0000,-5.8600,425.0,419.14,0.13,"",0,00:11:54:40,41.7,4h 58m,536.0,0.94,573.0,573.0,-536.0,-536.0,51.7,86.7,-148.00,-148.00
,66893114,10/18/2021 07:00,10/19/2021 06:13,XAUUSD,Buy,2.000,0.00000,0.00000,1768.04000,1773.31000,0.0000,-11.7200,527.0,1042.28,0.31,"",0,00:23:13:04,30.5,7h 4m,671.0,0.93,675.0,1350.0,-628.0,-1256.0,51.8,88.6,-148.00,-296.00
,66927155,10/18/2021 19:03,10/19/2021 05:59,XAUUSD,Buy,1.000,0.00000,0.00000,1767.52000,1774.02000,0.0000,-5.8600,650.0,644.14,0.19,"",0,00:10:56:29,40.0,4h 22m,382.0,0.53,727.0,727.0,-382.0,-382.0,65.6,93.1,-77.00,-77.00
,66936773,10/15/2021 15:14,10/19/2021 05:59,XAUUSD,Buy,5.000,1749.00000,0.00000,1775.68000,1773.92000,0.0000,-58.6000,-176.0,-938.60,-0.28,"from #66862995",0,03:14:45:30,0.0,0s,1392.0,1428.57,0.0,0.0,-1392.0,-6960.0,0.0,87.4,-176.00,-880.00
,66929100,10/18/2021 19:55,10/19/2021 05:59,XAUUSD,Buy,1.000,0.00000,0.00000,1765.73000,1773.98000,0.0000,-5.8600,825.0,819.14,0.25,"",0,00:10:04:19,50.0,5h 2m,203.0,0.22,906.0,906.0,-203.0,-203.0,81.7,92.7,-81.00,-81.00
,66937436,10/15/2021 14:53,10/19/2021 05:38,XAUUSD,Buy,2.000,1753.40000,0.00000,1778.53000,1771.86000,0.0000,-23.4400,-667.0,-1357.44,-0.41,"to #66937795",0,03:14:45:43,0.0,0s,1677.0,2000.00,0.0,0.0,-1677.0,-3354.0,0.0,60.2,-667.00,-1334.00
,66862032,10/15/2021 14:53,10/19/2021 05:07,XAUUSD,Buy,5.000,1753.40000,0.00000,1778.53000,1772.22000,0.0000,-58.6000,-631.0,-3213.60,-0.96,"to #66937436",0,03:14:14:33,0.0,0s,1677.0,2000.00,0.0,0.0,-1677.0,-8385.0,0.0,62.4,-631.00,-3155.00
,66920051,10/18/2021 16:53,10/19/2021 04:52,XAUUSD,Buy,2.000,0.00000,0.00000,1765.27000,1772.01000,0.0000,-11.7200,674.0,1336.28,0.40,"",0,00:11:58:56,58.4,6h 59m,352.0,0.18,883.0,1766.0,-157.0,-314.0,84.9,79.9,-209.00,-418.00
,66862995,10/15/2021 15:14,10/19/2021 04:52,XAUUSD,Buy,5.000,1749.00000,0.00000,1775.68000,1772.00000,0.0000,-58.6000,-368.0,-1898.60,-0.57,"to #66936773",0,03:13:38:43,0.0,0s,1392.0,1428.57,0.0,0.0,-1392.0,-6960.0,0.0,73.6,-368.00,-1840.00
,66863315,10/15/2021 15:18,10/19/2021 04:48,XAUUSD,Buy,5.000,0.00000,0.00000,1774.12000,1771.05000,0.0000,-58.6000,-307.0,-1593.60,-0.47,"",0,03:13:30:10,0.0,0s,1236.0,1250.00,0.0,0.0,-1236.0,-6180.0,0.0,75.2,-307.00,-1535.00
,66876883,10/15/2021 18:47,10/19/2021 04:48,XAUUSD,Buy,5.000,0.00000,0.00000,1769.62000,1771.05000,0.0000,-58.6000,143.0,656.40,0.19,"",0,03:10:00:40,9.8,8h 2m,954.0,1.75,448.0,2240.0,-786.0,-3930.0,36.3,75.3,-305.00,-1525.00
,66932429,10/18/2021 23:05,10/19/2021 04:32,XAUUSD,Buy,5.000,1756.80000,0.00000,1764.80000,1767.81000,0.0000,-29.3000,301.0,1475.70,0.44,"",0,00:05:27:27,80.0,4h 21m,629.0,0.08,930.0,4650.0,-78.0,-390.0,92.3,37.6,-629.00,-3145.00
,66928286,10/18/2021 19:29,10/18/2021 21:10,XAUUSD,Buy,1.000,0.00000,0.00000,1765.92000,1766.75000,0.0000,0.0000,83.0,83.00,0.02,"",0,00:01:41:42,,,,,,,,,,,,
,66920033,10/18/2021 16:53,10/18/2021 17:32,XAUUSD,Buy,2.000,0.00000,0.00000,1765.34000,1770.06000,0.0000,0.0000,472.0,944.00,0.28,"",0,00:00:38:17,,,,,,,,,,,,
,66863685,10/15/2021 15:22,10/18/2021 17:31,XAUUSD,Buy,5.000,0.00000,0.00000,1774.12000,1770.05000,0.0000,-29.3000,-407.0,-2064.30,-0.61,"",0,03:02:09:01,0.0,0s,1236.0,1250.00,0.0,0.0,-1236.0,-6180.0,0.0,67.1,-407.00,-2035.00
,66877664,10/15/2021 18:58,10/18/2021 16:30,XAUUSD,Buy,5.000,0.00000,0.00000,1768.13000,1768.92000,0.0000,-29.3000,79.0,365.70,0.11,"",0,02:21:31:40,14.3,9h 56m,954.0,2.01,317.0,1585.0,-637.0,-3185.0,33.2,75.1,-238.00,-1190.00
,66869414,10/15/2021 16:34,10/18/2021 16:30,XAUUSD,Buy,2.000,0.00000,0.00000,1767.93000,1768.55000,0.0000,-11.7200,62.0,112.28,0.03,"",0,02:23:55:57,15.3,11h 0m,954.0,1.83,337.0,674.0,-617.0,-1234.0,35.3,71.2,-275.00,-550.00
,66913141,10/18/2021 15:28,10/18/2021 16:18,XAUUSD,Buy,2.000,0.00000,0.00000,1764.59000,1765.94000,0.0000,0.0000,135.0,270.00,0.08,"",0,00:00:49:28,,,,,,,,,,,,
,66878393,10/15/2021 19:18,10/18/2021 16:18,XAUUSD,Buy,2.000,0.00000,0.00000,1767.65000,1766.08000,0.0000,-11.7200,-157.0,-325.72,-0.10,"",0,02:20:59:19,16.0,11h 2m,954.0,1.61,365.0,730.0,-589.0,-1178.0,38.3,45.3,-522.00,-1044.00
,66893655,10/18/2021 07:42,10/18/2021 15:12,XAUUSD,Buy,5.000,1757.40000,0.00000,1767.27000,1767.73000,0.0000,0.0000,46.0,230.00,0.07,"",0,00:07:30:43,25.0,1h 52m,551.0,3.49,158.0,790.0,-551.0,-2755.0,22.3,84.2,-112.00,-560.00
,66893108,10/18/2021 07:00,10/18/2021 15:12,XAUUSD,Buy,0.100,0.00000,0.00000,1768.02000,1767.50000,0.0000,0.0000,-52.0,-5.20,0.00,"",0,00:08:12:25,12.5,1h 1m,626.0,7.55,83.0,8.3,-626.0,-62.6,11.7,81.0,-135.00,-13.50
,66899676,10/18/2021 10:31,10/18/2021 15:07,XAUUSD,Buy,3.000,1756.80000,0.00000,1764.63000,1766.33000,0.0000,0.0000,170.0,510.00,0.15,"",0,00:04:36:48,60.0,2h 46m,287.0,0.68,422.0,1266.0,-287.0,-861.0,59.5,64.5,-252.00,-756.00
,66907221,10/18/2021 13:25,10/18/2021 15:06,XAUUSD,Buy,7.000,1756.00000,0.00000,1761.88000,1766.39000,0.0000,0.0000,451.0,3157.00,0.95,"",0,00:01:40:12,,,,,,,,,,,,
,66906866,10/18/2021 13:15,10/18/2021 13:45,XAUUSD,Buy,3.000,1754.90000,0.00000,1761.06000,1761.72000,0.0000,0.0000,66.0,198.00,0.06,"",0,00:00:30:16,,,,,,,,,,,,
,66907164,10/18/2021 13:23,,,Withdrawal,0.010,0.00000,0.00000,0.00000,0.00000,0.0000,0.0000,0.0,-2500.00,0,"Transfer to 22347448 #14010303",0,00:00:00:00,,,,,,,,,,,,
,66902658,10/18/2021 11:34,10/18/2021 12:15,XAUUSD,Buy,3.000,1744.00000,0.00000,1763.02000,1763.90000,0.0000,0.0000,88.0,264.00,0.08,"",0,00:00:40:37,,,,,,,,,,,,
,66902550,10/18/2021 11:32,10/18/2021 11:49,XAUUSD,Buy,3.000,1754.40000,0.00000,1762.76000,1765.19000,0.0000,0.0000,243.0,729.00,0.22,"",0,00:00:17:16,,,,,,,,,,,,
,66898880,10/18/2021 10:16,,,Withdrawal,0.010,0.00000,0.00000,0.00000,0.00000,0.0000,0.0000,0.0,-1500.00,0,"Transfer to 22347448 #14008221",0,00:00:00:00,,,,,,,,,,,,
,66896219,10/18/2021 09:22,10/18/2021 09:34,XAUUSD,Buy,5.000,1757.00000,0.00000,1763.10000,1765.39000,0.0000,0.0000,229.0,1145.00,0.34,"",0,00:00:11:31,,,,,,,,,,,,
,66892870,10/18/2021 06:47,10/18/2021 06:57,XAUUSD,Sell,20.000,0.00000,0.00000,1767.75000,1768.14000,0.0000,0.0000,-39.0,-780.00,-0.23,"",0,00:00:10:18,,,,,,,,,,,,
,66865816,10/15/2021 15:47,10/15/2021 17:19,XAUUSD,Buy,10.000,1757.00000,0.00000,1773.63000,1775.48000,0.0000,0.0000,185.0,1850.00,0.56,"",0,00:01:31:26,,,,,,,,,,,,
,66868286,10/15/2021 16:15,10/15/2021 17:06,XAUUSD,Buy,10.000,0.00000,0.00000,1767.87000,1772.83000,0.0000,0.0000,496.0,4960.00,1.51,"",0,00:00:50:59,,,,,,,,,,,,
,66868385,10/15/2021 16:16,10/15/2021 16:46,XAUUSD,Buy,2.000,0.00000,0.00000,1767.07000,1773.26000,0.0000,0.0000,619.0,1238.00,0.38,"",0,00:00:30:20,,,,,,,,,,,,
,66868373,10/15/2021 16:16,10/15/2021 16:46,XAUUSD,Buy,2.000,0.00000,0.00000,1767.07000,1773.25000,0.0000,0.0000,618.0,1236.00,0.38,"",0,00:00:30:20,,,,,,,,,,,,
,66866794,10/15/2021 15:57,10/15/2021 16:46,XAUUSD,Buy,10.000,0.00000,0.00000,1767.31000,1773.42000,0.0000,0.0000,611.0,6110.00,1.91,"",0,00:00:49:16,,,,,,,,,,,,
,66865238,10/15/2021 15:38,10/15/2021 16:46,XAUUSD,Buy,5.000,0.00000,0.00000,1773.37000,1773.58000,0.0000,0.0000,21.0,105.00,0.03,"",0,00:01:07:55,,,,,,,,,,,,
,66827889,10/14/2021 17:36,10/15/2021 08:39,XAUUSD,Sell,0.200,0.00000,0.00000,1797.71000,1792.85000,0.0000,-0.8000,486.0,96.40,0.03,"",0,00:15:03:44,93.4,14h 4m,166.0,0.19,597.0,119.4,-112.0,-22.400000000000002,84.2,84.3,-111.00,-22.20
,66840150,10/13/2021 17:17,10/15/2021 08:39,XAUUSD,Sell,0.300,0.00000,0.00000,1783.48000,1792.81000,0.0000,-4.7700,-933.0,-284.67,-0.09,"from #66795729",0,01:15:22:03,0.0,0s,1645.0,1666.67,0.0,0.0,-1645.0,-493.5,0.0,43.3,-933.00,-279.90
,66812531,10/14/2021 13:03,10/15/2021 08:39,XAUUSD,Sell,0.500,0.00000,0.00000,1798.07000,1792.76000,0.0000,-1.9900,531.0,263.51,0.08,"",0,00:19:36:17,89.5,17h 32m,283.0,0.12,633.0,316.5,-76.0,-38.0,89.3,85.6,-102.00,-51.00
,66834750,10/14/2021 21:57,10/15/2021 08:39,XAUUSD,Sell,0.200,0.00000,0.00000,1798.54000,1792.79000,0.0000,-0.8000,575.0,114.20,0.04,"",0,00:10:42:36,100.0,10h 42m,105.0,0.00,680.0,136.0,0.0,0.0,100.0,84.6,-105.00,-21.00
,66827061,10/14/2021 17:17,10/15/2021 04:58,XAUUSD,Sell,0.200,0.00000,0.00000,1797.53000,1794.56000,0.0000,-0.8000,297.0,58.60,0.02,"",0,00:11:41:19,91.0,10h 38m,166.0,0.43,301.0,60.2,-130.0,-26.0,69.8,99.1,-4.00,-0.80
,66821757,10/14/2021 16:01,10/15/2021 04:58,XAUUSD,Sell,0.200,0.00000,0.00000,1798.59000,1794.53000,0.0000,-0.8000,406.0,80.40,0.03,"",0,00:12:57:12,91.7,11h 52m,211.0,0.06,407.0,81.4,-24.0,-4.800000000000001,94.4,99.8,-1.00,-0.20
,66795729,10/13/2021 17:17,10/15/2021 04:58,XAUUSD,Sell,0.100,0.00000,0.00000,1783.48000,1794.59000,0.0000,-1.5900,-1111.0,-112.69,-0.04,"to #66840150",0,01:11:40:39,0.0,0s,1645.0,1666.67,0.0,0.0,-1645.0,-164.5,0.0,32.5,-1111.00,-111.10
,66824504,10/14/2021 16:43,10/15/2021 04:56,XAUUSD,Sell,0.200,0.00000,0.00000,1795.21000,1795.09000,0.0000,-0.8000,12.0,1.60,0.00,"",0,00:12:12:40,25.0,3h 3m,362.0,5.25,69.0,13.8,-362.0,-72.4,16.0,86.8,-57.00,-11.40
,66811807,10/14/2021 12:48,10/14/2021 15:19,XAUUSD,Sell,1.000,0.00000,0.00000,1796.36000,1794.54000,0.0000,0.0000,182.0,182.00,0.06,"",0,00:02:31:03,,,,,,,,,,,,
,66813808,10/14/2021 13:28,10/14/2021 15:19,XAUUSD,Sell,1.000,0.00000,0.00000,1797.82000,1794.71000,0.0000,0.0000,311.0,311.00,0.10,"",0,00:01:50:52,,,,,,,,,,,,
,66811060,10/14/2021 12:30,10/14/2021 15:15,XAUUSD,Sell,0.400,0.00000,0.00000,1797.47000,1795.41000,0.0000,0.0000,206.0,82.40,0.03,"",0,00:02:45:08,,,,,,,,,,,,
,66812940,10/14/2021 13:12,10/14/2021 15:15,XAUUSD,Sell,1.000,0.00000,0.00000,1797.39000,1795.50000,0.0000,0.0000,189.0,189.00,0.06,"",0,00:02:03:13,,,,,,,,,,,,
,66795739,10/13/2021 18:05,10/14/2021 15:15,XAUUSD,Sell,0.400,0.00000,0.00000,1794.94000,1795.53000,0.0000,-4.7700,-59.0,-28.37,-0.01,"from #66795486",0,00:21:10:02,66.7,14h 7m,1147.0,0.77,648.0,259.2,-499.0,-199.60000000000002,56.5,38.4,-707.00,-282.80
,66812672,10/14/2021 13:06,10/14/2021 15:15,XAUUSD,Sell,1.000,0.00000,0.00000,1797.55000,1795.52000,0.0000,0.0000,203.0,203.00,0.06,"",0,00:02:08:59,,,,,,,,,,,,
,66796190,10/14/2021 07:57,,,Withdrawal,0.010,0.00000,0.00000,0.00000,0.00000,0.0000,0.0000,0.0,-5000.00,0,"Transfer to 11366030 #13961709",0,00:00:00:00,,,,,,,,,,,,
,66795486,10/13/2021 18:05,10/14/2021 07:25,XAUUSD,Sell,0.200,0.00000,0.00000,1794.94000,1789.33000,0.0000,-2.3900,561.0,109.81,0.03,"to #66795739",0,00:13:20:15,100.0,13h 20m,286.0,0.00,648.0,129.6,0.0,0.0,100.0,86.6,-87.00,-17.40
,66795479,10/13/2021 17:17,10/14/2021 07:25,XAUUSD,Sell,0.200,0.00000,0.00000,1783.48000,1789.33000,0.0000,-2.3900,-585.0,-119.39,-0.04,"to #66795729",0,00:14:07:52,0.0,0s,1030.0,1111.11,0.0,0.0,-1030.0,-206.0,0.0,43.2,-585.00,-117.00
,66795240,10/13/2021 18:05,10/14/2021 07:04,XAUUSD,Sell,0.400,0.00000,0.00000,1794.94000,1789.09000,0.0000,-4.7800,585.0,229.22,0.07,"to #66795486",0,00:12:58:52,100.0,12h 58m,286.0,0.00,648.0,259.2,0.0,0.0,100.0,90.3,-63.00,-25.20
,66771234,10/13/2021 17:17,10/14/2021 07:04,XAUUSD,Sell,0.400,0.00000,0.00000,1783.48000,1789.09000,0.0000,-4.7800,-561.0,-229.18,-0.07,"to #66795479",0,00:13:46:33,0.0,0s,1030.0,1111.11,0.0,0.0,-1030.0,-412.0,0.0,45.5,-561.00,-224.40
,66776659,10/13/2021 18:05,10/14/2021 06:52,XAUUSD,Sell,2.000,0.00000,0.00000,1794.94000,1788.88000,0.0000,-23.8800,606.0,1188.12,0.37,"to #66795240",0,00:12:47:17,100.0,12h 47m,235.0,0.00,648.0,1296.0,0.0,0.0,100.0,93.5,-42.00,-84.00
,66772451,10/13/2021 17:28,10/14/2021 06:52,XAUUSD,Sell,2.000,0.00000,0.00000,1786.77000,1788.93000,0.0000,-23.8800,-216.0,-455.88,-0.14,"",0,00:13:23:55,0.0,0s,701.0,714.29,0.0,0.0,-701.0,-1402.0,0.0,69.2,-216.00,-432.00
,66770643,10/13/2021 17:13,10/14/2021 06:52,XAUUSD,Sell,2.000,0.00000,0.00000,1785.37000,1788.96000,0.0000,-23.8800,-359.0,-741.88,-0.23,"",0,00:13:39:33,0.0,0s,841.0,909.09,0.0,0.0,-841.0,-1682.0,0.0,57.3,-359.00,-718.00
,66772198,10/13/2021 17:26,10/14/2021 06:52,XAUUSD,Sell,2.000,0.00000,0.00000,1787.98000,1788.95000,0.0000,-23.8800,-97.0,-217.88,-0.07,"",0,00:13:26:37,0.0,0s,580.0,588.24,0.0,0.0,-580.0,-1160.0,0.0,83.3,-97.00,-194.00
,66773789,10/13/2021 17:39,10/14/2021 06:52,XAUUSD,Sell,5.000,0.00000,0.00000,1791.16000,1788.95000,0.0000,-59.7000,221.0,1045.30,0.32,"",0,00:13:13:08,38.5,5h 5m,262.0,0.97,270.0,1350.0,-262.0,-1310.0,50.8,90.8,-49.00,-245.00
,66784353,10/13/2021 17:43,10/14/2021 06:50,XAUUSD,Sell,10.000,0.00000,0.00000,1792.14000,1788.72000,0.0000,-119.4000,342.0,3300.60,1.04,"from #66784050",0,00:13:07:10,61.6,8h 4m,235.0,0.45,368.0,3680.0,-164.0,-1640.0,69.2,95.1,-26.00,-260.00
,66784050,10/13/2021 17:43,10/13/2021 20:56,XAUUSD,Sell,5.000,0.00000,0.00000,1792.14000,1791.48000,0.0000,0.0000,66.0,330.00,0.10,"to #66784353",0,00:03:13:14,,,,,,,,,,,,
,66783924,10/13/2021 17:43,10/13/2021 20:48,XAUUSD,Sell,5.000,0.00000,0.00000,1792.14000,1792.14000,0.0000,0.0000,0.0,0.00,0.00,"to #66784050",0,00:03:05:16,,,,,,,,,,,,
,66779708,10/13/2021 18:56,10/13/2021 20:46,XAUUSD,Sell,1.000,0.00000,0.00000,1794.03000,1792.45000,0.0000,0.0000,158.0,158.00,0.05,"",0,00:01:50:02,,,,,,,,,,,,
,66779204,10/13/2021 18:47,10/13/2021 20:46,XAUUSD,Sell,1.000,0.00000,0.00000,1794.08000,1792.41000,0.0000,0.0000,167.0,167.00,0.05,"",0,00:01:59:22,,,,,,,,,,,,
,66779948,10/13/2021 19:00,10/13/2021 20:46,XAUUSD,Sell,1.000,0.00000,0.00000,1793.99000,1792.45000,0.0000,0.0000,154.0,154.00,0.05,"",0,00:01:46:07,,,,,,,,,,,,
,66776487,10/13/2021 18:03,10/13/2021 20:46,XAUUSD,Sell,3.000,0.00000,0.00000,1794.06000,1792.37000,0.0000,0.0000,169.0,507.00,0.16,"",0,00:02:43:00,,,,,,,,,,,,
,66775499,10/13/2021 17:43,10/13/2021 20:46,XAUUSD,Sell,10.000,0.00000,0.00000,1792.14000,1792.44000,0.0000,0.0000,-30.0,-300.00,-0.09,"to #66783924",0,00:03:03:11,,,,,,,,,,,,
,66775474,10/13/2021 17:43,10/13/2021 17:54,XAUUSD,Sell,15.000,0.00000,0.00000,1792.14000,1792.00000,0.0000,0.0000,14.0,210.00,0.07,"to #66775499",0,00:00:11:07,,,,,,,,,,,,
,66775427,10/13/2021 17:43,10/13/2021 17:54,XAUUSD,Sell,30.000,0.00000,0.00000,1792.14000,1792.06000,0.0000,0.0000,8.0,240.00,0.08,"to #66775474",0,00:00:10:54,,,,,,,,,,,,
,66774302,10/13/2021 17:43,10/13/2021 17:53,XAUUSD,Sell,20.000,0.00000,0.00000,1792.14000,1792.18000,0.0000,0.0000,-4.0,-80.00,-0.03,"to #66775427",0,00:00:10:26,,,,,,,,,,,,
,66750883,10/13/2021 14:27,10/13/2021 15:37,XAUUSD,Sell,0.100,0.00000,0.00000,1771.14000,1765.09000,0.0000,0.0000,605.0,60.50,0.02,"",0,00:01:09:44,,,,,,,,,,,,
,66748558,10/13/2021 13:39,10/13/2021 15:36,XAUUSD,Sell,0.100,0.00000,0.00000,1770.10000,1765.88000,0.0000,0.0000,422.0,42.20,0.01,"",0,00:01:57:52,,,,,,,,,,,,
,66748549,10/13/2021 13:39,10/13/2021 15:36,XAUUSD,Sell,0.100,0.00000,0.00000,1770.10000,1765.34000,0.0000,0.0000,476.0,47.60,0.02,"",0,00:01:57:48,,,,,,,,,,,,
,66745569,10/13/2021 12:46,10/13/2021 15:36,XAUUSD,Sell,0.100,0.00000,0.00000,1767.30000,1765.77000,0.0000,0.0000,153.0,15.30,0.00,"",0,00:02:50:28,,,,,,,,,,,,
,66745279,10/13/2021 12:39,10/13/2021 15:36,XAUUSD,Sell,0.100,0.00000,0.00000,1767.84000,1765.75000,0.0000,0.0000,209.0,20.90,0.01,"",0,00:02:56:53,,,,,,,,,,,,
,66754754,10/13/2021 15:32,10/13/2021 15:36,XAUUSD,Sell,0.150,0.00000,0.00000,1772.36000,1765.45000,0.0000,0.0000,691.0,103.65,0.03,"",0,00:00:04:20,,,,,,,,,,,,
,66753984,10/13/2021 15:29,10/13/2021 15:36,XAUUSD,Sell,0.200,0.00000,0.00000,1774.95000,1764.80000,0.0000,0.0000,1015.0,203.00,0.06,"",0,00:00:07:09,,,,,,,,,,,,
,66753304,10/13/2021 15:17,10/13/2021 15:36,XAUUSD,Sell,0.200,0.00000,0.00000,1776.01000,1765.01000,0.0000,0.0000,1100.0,220.00,0.07,"",0,00:00:18:53,,,,,,,,,,,,
,66742104,10/13/2021 11:41,10/13/2021 11:52,XAUUSD,Sell,0.100,0.00000,0.00000,1767.40000,1767.33000,0.0000,0.0000,7.0,0.70,0.00,"",0,00:00:11:54,,,,,,,,,,,,
,66730719,10/13/2021 07:26,10/13/2021 10:39,XAUUSD,Buy,0.200,0.00000,0.00000,1763.01000,1764.83000,0.0000,0.0000,182.0,36.40,0.01,"",0,00:03:13:03,,,,,,,,,,,,
,66732875,10/13/2021 08:33,10/13/2021 10:39,XAUUSD,Buy,0.250,0.00000,0.00000,1761.73000,1764.82000,0.0000,0.0000,309.0,77.25,0.02,"",0,00:02:06:01,,,,,,,,,,,,
,66714224,10/12/2021 21:11,10/12/2021 22:20,XAUUSD,Buy,0.500,0.00000,0.00000,1759.85000,1759.91000,0.0000,0.0000,6.0,3.00,0.00,"",0,00:01:08:46,,,,,,,,,,,,
,66711392,10/12/2021 19:57,,,Withdrawal,0.010,0.00000,0.00000,0.00000,0.00000,0.0000,0.0000,0.0,-3000.00,0,"Transfer to 11366030 #13943059",0,00:00:00:00,,,,,,,,,,,,
,66705126,10/12/2021 17:55,10/12/2021 19:53,XAUUSD,Sell,0.010,0.00000,0.00000,1762.33000,1761.18000,0.0000,0.0000,115.0,1.15,0.00,"",0,00:01:57:22,,,,,,,,,,,,
,66684263,10/12/2021 14:22,10/12/2021 14:55,XAUUSD,Sell,0.010,0.00000,0.00000,1762.71000,1761.76000,0.0000,0.0000,95.0,0.95,0.00,"",0,00:00:33:00,,,,,,,,,,,,
,66684675,10/12/2021 14:30,10/12/2021 14:55,XAUUSD,Sell,0.020,0.00000,0.00000,1764.13000,1761.93000,0.0000,0.0000,220.0,4.40,0.00,"",0,00:00:25:35,,,,,,,,,,,,
,66684811,10/12/2021 14:32,10/12/2021 14:55,XAUUSD,Sell,0.020,0.00000,0.00000,1763.29000,1761.91000,0.0000,0.0000,138.0,2.76,0.00,"",0,00:00:23:25,,,,,,,,,,,,
,66683700,10/12/2021 13:45,10/12/2021 14:10,XAUUSD,Buy,0.050,0.00000,0.00000,1761.84000,1762.38000,0.0000,0.0000,54.0,2.70,0.00,"from #66681999",0,00:00:25:25,,,,,,,,,,,,
,66681999,10/12/2021 13:45,10/12/2021 14:10,XAUUSD,Buy,0.050,0.00000,0.00000,1761.84000,1762.32000,0.0000,0.0000,48.0,2.40,0.00,"to #66683700",0,00:00:25:21,,,,,,,,,,,,
,66672343,10/12/2021 11:02,10/12/2021 12:45,XAUUSD,Buy,0.500,0.00000,0.00000,1757.59000,1760.68000,0.0000,0.0000,309.0,154.50,0.05,"",0,00:01:43:06,,,,,,,,,,,,
,66666015,10/11/2021 17:47,10/12/2021 12:42,XAUUSD,Buy,1.000,0.00000,0.00000,1756.86000,1760.34000,0.0000,-5.8600,348.0,342.14,0.11,"from #66665554",0,00:18:54:57,47.4,8h 57m,500.0,0.88,554.0,554.0,-487.0,-487.0,53.2,80.2,-206.00,-206.00
,66676432,10/12/2021 12:04,10/12/2021 12:41,XAUUSD,Buy,1.000,0.00000,0.00000,1758.51000,1760.33000,0.0000,0.0000,182.0,182.00,0.06,"",0,00:00:37:17,,,,,,,,,,,,
,66674819,10/12/2021 11:37,10/12/2021 12:41,XAUUSD,Buy,0.500,0.00000,0.00000,1757.51000,1760.28000,0.0000,0.0000,277.0,138.50,0.04,"",0,00:01:04:22,,,,,,,,,,,,
,66674845,10/12/2021 11:37,10/12/2021 12:41,XAUUSD,Buy,2.000,0.00000,0.00000,1757.59000,1760.16000,0.0000,0.0000,257.0,514.00,0.16,"",0,00:01:04:05,,,,,,,,,,,,
,66670362,10/12/2021 10:29,10/12/2021 12:41,XAUUSD,Buy,0.500,0.00000,0.00000,1760.43000,1760.16000,0.0000,0.0000,-27.0,-13.50,0.00,"",0,00:02:12:25,,,,,,,,,,,,
,66677640,10/12/2021 12:21,10/12/2021 12:41,XAUUSD,Buy,0.200,0.00000,0.00000,1759.35000,1760.18000,0.0000,0.0000,83.0,16.60,0.01,"",0,00:00:19:44,,,,,,,,,,,,
,66665554,10/11/2021 17:47,10/12/2021 09:36,XAUUSD,Buy,1.000,0.00000,0.00000,1756.86000,1761.22000,0.0000,-5.8600,436.0,430.14,0.14,"to #66666015",0,00:15:48:39,37.5,5h 55m,500.0,1.01,483.0,483.0,-487.0,-487.0,49.8,95.2,-47.00,-47.00
,66642285,10/11/2021 17:47,10/12/2021 09:26,XAUUSD,Buy,1.000,0.00000,0.00000,1756.86000,1761.12000,0.0000,-5.8600,426.0,420.14,0.13,"to #66665554",0,00:15:39:07,37.5,5h 52m,500.0,1.01,483.0,483.0,-487.0,-487.0,49.8,94.1,-57.00,-57.00
,66597270,10/11/2021 05:51,10/12/2021 09:02,XAUUSD,Buy,10.000,1741.89000,0.00000,1759.94000,1761.35000,0.0000,-58.6000,141.0,1351.40,0.43,"",0,01:03:11:04,10.8,2h 56m,912.0,5.21,175.0,1750.0,-912.0,-9120.0,16.1,96.9,-34.00,-340.00
,66597295,10/11/2021 05:53,10/12/2021 09:02,XAUUSD,Buy,10.000,1739.00000,0.00000,1759.77000,1761.28000,0.0000,-58.6000,151.0,1451.40,0.46,"",0,01:03:09:08,10.8,2h 55m,895.0,4.66,192.0,1920.0,-895.0,-8950.0,17.7,96.2,-41.00,-410.00
,66601703,10/11/2021 08:18,10/12/2021 08:55,XAUUSD,Buy,10.000,0.00000,0.00000,1757.10000,1761.34000,0.0000,-58.6000,424.0,4181.40,1.35,"",0,01:00:37:35,37.5,9h 14m,628.0,1.37,459.0,4590.0,-628.0,-6280.0,42.2,96.8,-35.00,-350.00
,66646086,10/11/2021 19:15,10/12/2021 08:31,XAUUSD,Buy,2.000,0.00000,0.00000,1757.12000,1761.19000,0.0000,-11.7200,407.0,802.28,0.26,"",0,00:13:15:48,46.2,6h 7m,513.0,1.12,457.0,914.0,-513.0,-1026.0,47.1,94.8,-50.00,-100.00
,66597254,10/11/2021 05:50,10/12/2021 08:31,XAUUSD,Buy,2.000,0.00000,0.00000,1760.12000,1761.11000,0.0000,-11.7200,99.0,186.28,0.06,"",0,01:02:40:33,11.2,2h 59m,930.0,5.92,157.0,314.0,-930.0,-1860.0,14.4,94.7,-58.00,-116.00
,66650247,10/11/2021 21:05,10/12/2021 08:11,XAUUSD,Buy,5.000,0.00000,0.00000,1754.76000,1759.40000,0.0000,-29.3000,464.0,2290.70,0.75,"",0,00:11:05:48,63.7,7h 4m,277.0,0.40,693.0,3465.0,-277.0,-1385.0,71.4,76.4,-229.00,-1145.00
,66650832,10/11/2021 21:30,10/12/2021 06:24,XAUUSD,Buy,3.000,0.00000,0.00000,1755.69000,1757.88000,0.0000,-17.5800,219.0,639.42,0.21,"",0,00:08:53:33,55.6,4h 56m,370.0,1.27,291.0,873.0,-370.0,-1110.0,44.0,89.1,-72.00,-216.00
,66642965,10/11/2021 17:59,10/11/2021 20:36,XAUUSD,Buy,5.000,1754.80000,0.00000,1757.76000,1754.78000,0.0000,0.0000,-298.0,-1490.00,-0.48,"[sl]",0,00:02:36:54,,,,,,,,,,,,
,66576136,10/08/2021 19:24,10/11/2021 17:16,XAUUSD,Buy,5.000,0.00000,0.00000,1759.45000,1759.91000,0.0000,-89.2600,46.0,140.74,0.05,"",0,02:21:51:49,2.9,2h 1m,923.0,14.39,60.0,300.0,-863.0,-4315.0,6.5,98.5,-14.00,-70.00
,66603073,10/11/2021 08:50,10/11/2021 17:16,XAUUSD,Buy,5.000,1743.80000,0.00000,1755.69000,1759.87000,0.0000,0.0000,418.0,2090.00,0.68,"",0,00:08:26:07,44.5,3h 45m,487.0,1.17,418.0,2090.0,-487.0,-2435.0,46.2,100.0,0.00,0.00
,66620794,10/11/2021 12:49,10/11/2021 16:34,XAUUSD,Buy,5.000,1741.89000,0.00000,1753.74000,1756.84000,0.0000,0.0000,310.0,1550.00,0.51,"",0,00:03:44:47,,,,,,,,,,,,
,66579778,10/08/2021 21:37,10/11/2021 05:17,XAUUSD,Buy,2.000,0.00000,0.00000,1757.99000,1758.59000,0.0000,-35.7000,60.0,84.30,0.03,"",0,02:07:40:23,5.4,3h 0m,457.0,1.95,206.0,412.0,-402.0,-804.0,33.9,76.0,-146.00,-292.00
,66576408,10/08/2021 19:30,10/11/2021 01:26,XAUUSD,Buy,5.000,1753.89000,0.00000,1757.93000,1750.59000,0.0000,-89.2600,-734.0,-3759.26,-1.22,"[sl]",0,02:05:56:00,0.0,0s,734.0,769.23,0.0,0.0,-734.0,-3670.0,0.0,0.0,-734.00,-3670.00
,66576889,10/08/2021 19:47,10/11/2021 01:26,XAUUSD,Buy,2.000,1751.40000,0.00000,1759.53000,1750.59000,0.0000,-35.7000,-894.0,-1823.70,-0.59,"[sl]",0,02:05:38:42,0.0,0s,894.0,909.09,0.0,0.0,-894.0,-1788.0,0.0,0.0,-894.00,-1788.00
,66576929,10/08/2021 19:50,10/11/2021 01:26,XAUUSD,Buy,2.000,1751.40000,0.00000,1759.32000,1750.59000,0.0000,-35.7000,-873.0,-1781.70,-0.57,"[sl]",0,02:05:36:16,0.0,0s,873.0,909.09,0.0,0.0,-873.0,-1746.0,0.0,0.0,-873.00,-1746.00
,66576769,10/08/2021 19:40,10/11/2021 01:26,XAUUSD,Buy,4.000,1752.89000,0.00000,1759.83000,1750.59000,0.0000,-71.4000,-924.0,-3767.40,-1.20,"[sl]",0,02:05:45:35,0.0,0s,924.0,1000.00,0.0,0.0,-924.0,-3696.0,0.0,0.0,-924.00,-3696.00
,66576507,10/08/2021 19:32,10/08/2021 20:55,XAUUSD,Buy,2.000,0.00000,0.00000,1759.18000,1759.22000,0.0000,0.0000,4.0,8.00,0.00,"",0,00:01:22:31,,,,,,,,,,,,
,66576525,10/08/2021 19:33,10/08/2021 20:55,XAUUSD,Buy,2.000,0.00000,0.00000,1759.17000,1759.23000,0.0000,0.0000,6.0,12.00,0.00,"",0,00:01:21:50,,,,,,,,,,,,
,66576463,10/08/2021 19:31,10/08/2021 20:54,XAUUSD,Buy,2.000,0.00000,0.00000,1758.72000,1759.14000,0.0000,0.0000,42.0,84.00,0.03,"",0,00:01:23:35,,,,,,,,,,,,
,66575687,10/08/2021 19:07,10/08/2021 20:54,XAUUSD,Buy,5.000,0.00000,0.00000,1758.31000,1759.02000,0.0000,0.0000,71.0,355.00,0.11,"",0,00:01:47:17,,,,,,,,,,,,
,66577007,10/08/2021 19:54,10/08/2021 20:54,XAUUSD,Buy,2.000,0.00000,0.00000,1758.90000,1759.04000,0.0000,0.0000,14.0,28.00,0.01,"",0,00:01:00:27,,,,,,,,,,,,
,66577845,10/08/2021 20:19,10/08/2021 20:54,XAUUSD,Buy,5.000,1753.89000,0.00000,1757.34000,1759.06000,0.0000,0.0000,172.0,860.00,0.27,"",0,00:00:35:36,,,,,,,,,,,,
,66571177,10/08/2021 17:47,10/08/2021 18:08,XAUUSD,Buy,0.200,0.00000,0.00000,1760.74000,1759.50000,0.0000,0.0000,-124.0,-24.80,-0.01,"",0,00:00:20:59,,,,,,,,,,,,
,66572042,10/08/2021 17:56,10/08/2021 18:08,XAUUSD,Buy,1.000,0.00000,0.00000,1759.28000,1759.44000,0.0000,0.0000,16.0,16.00,0.01,"",0,00:00:11:31,,,,,,,,,,,,
,66572220,10/08/2021 17:58,10/08/2021 18:08,XAUUSD,Buy,1.000,0.00000,0.00000,1758.42000,1759.30000,0.0000,0.0000,88.0,88.00,0.03,"",0,00:00:09:23,,,,,,,,,,,,
,66570327,10/08/2021 17:40,10/08/2021 17:46,XAUUSD,Buy,1.000,0.00000,0.00000,1758.61000,1759.57000,0.0000,0.0000,96.0,96.00,0.03,"",0,00:00:06:12,,,,,,,,,,,,
,66570632,10/08/2021 17:42,10/08/2021 17:46,XAUUSD,Buy,1.000,0.00000,0.00000,1757.67000,1759.60000,0.0000,0.0000,193.0,193.00,0.06,"",0,00:00:03:36,,,,,,,,,,,,
,66570336,10/08/2021 17:40,10/08/2021 17:46,XAUUSD,Buy,1.000,0.00000,0.00000,1758.57000,1759.46000,0.0000,0.0000,89.0,89.00,0.03,"",0,00:00:06:02,,,,,,,,,,,,
,66570620,10/08/2021 17:42,10/08/2021 17:46,XAUUSD,Buy,1.000,0.00000,0.00000,1757.53000,1759.43000,0.0000,0.0000,190.0,190.00,0.06,"",0,00:00:03:34,,,,,,,,,,,,
,66567380,10/08/2021 14:27,10/08/2021 17:14,XAUUSD,Sell,0.500,0.00000,1750.00000,1762.19000,1765.43000,0.0000,0.0000,-324.0,-162.00,-0.05,"from #66547881",0,00:02:46:36,,,,,,,,,,,,
,66558748,10/08/2021 16:00,10/08/2021 17:14,XAUUSD,Sell,0.500,0.00000,0.00000,1775.93000,1765.24000,0.0000,0.0000,1069.0,534.50,0.17,"",0,00:01:13:25,,,,,,,,,,,,
,66547881,10/08/2021 14:27,10/08/2021 17:12,XAUUSD,Sell,1.000,0.00000,1750.00000,1762.19000,1766.64000,0.0000,0.0000,-445.0,-445.00,-0.14,"to #66567380",0,00:02:44:45,,,,,,,,,,,,
,66557960,10/08/2021 15:58,10/08/2021 17:12,XAUUSD,Sell,0.500,0.00000,0.00000,1775.30000,1766.67000,0.0000,0.0000,863.0,431.50,0.14,"",0,00:01:13:47,,,,,,,,,,,,
,66548959,10/08/2021 15:00,10/08/2021 17:12,XAUUSD,Sell,1.000,0.00000,1745.00000,1761.54000,1767.05000,0.0000,0.0000,-551.0,-551.00,-0.18,"",0,00:02:11:44,,,,,,,,,,,,
,66555190,10/08/2021 15:41,10/08/2021 17:12,XAUUSD,Sell,1.000,0.00000,0.00000,1775.46000,1766.76000,0.0000,0.0000,870.0,870.00,0.28,"",0,00:01:30:24,,,,,,,,,,,,
,66565501,10/08/2021 16:55,10/08/2021 17:12,XAUUSD,Sell,0.500,0.00000,0.00000,1773.75000,1766.61000,0.0000,0.0000,714.0,357.00,0.11,"",0,00:00:16:54,,,,,,,,,,,,
,66549387,10/08/2021 15:10,10/08/2021 16:48,XAUUSD,Sell,0.500,0.00000,0.00000,1763.11000,1771.51000,0.0000,0.0000,-840.0,-420.00,-0.13,"",0,00:01:37:27,,,,,,,,,,,,
,66554553,10/08/2021 15:39,10/08/2021 16:47,XAUUSD,Sell,1.000,0.00000,0.00000,1774.67000,1771.35000,0.0000,0.0000,332.0,332.00,0.11,"",0,00:01:08:37,,,,,,,,,,,,
,66549662,10/08/2021 15:14,10/08/2021 16:47,XAUUSD,Sell,0.500,0.00000,0.00000,1764.33000,1771.26000,0.0000,0.0000,-693.0,-346.50,-0.11,"",0,00:01:32:55,,,,,,,,,,,,
,66561305,10/08/2021 16:23,10/08/2021 16:47,XAUUSD,Sell,1.000,0.00000,0.00000,1779.05000,1771.40000,0.0000,0.0000,765.0,765.00,0.25,"",0,00:00:24:20,,,,,,,,,,,,
,66560284,10/08/2021 16:14,10/08/2021 16:39,XAUUSD,Sell,1.000,0.00000,0.00000,1778.10000,1774.66000,0.0000,0.0000,344.0,344.00,0.11,"",0,00:00:24:39,,,,,,,,,,,,
,66556030,10/08/2021 15:45,10/08/2021 16:39,XAUUSD,Sell,1.000,0.00000,0.00000,1774.20000,1774.48000,0.0000,0.0000,-28.0,-28.00,-0.01,"",0,00:00:53:57,,,,,,,,,,,,
,66559705,10/08/2021 16:08,10/08/2021 16:39,XAUUSD,Sell,2.000,0.00000,0.00000,1777.97000,1774.33000,0.0000,0.0000,364.0,728.00,0.23,"",0,00:00:30:33,,,,,,,,,,,,
,66551945,10/08/2021 15:31,10/08/2021 15:49,XAUUSD,Sell,0.500,0.00000,0.00000,1768.41000,1771.18000,0.0000,0.0000,-277.0,-138.50,-0.04,"",0,00:00:18:01,,,,,,,,,,,,
,66553887,10/08/2021 15:37,10/08/2021 15:49,XAUUSD,Sell,2.000,0.00000,0.00000,1772.52000,1771.37000,0.0000,0.0000,115.0,230.00,0.07,"",0,00:00:12:06,,,,,,,,,,,,
,65817708,09/23/2021 14:22,10/08/2021 15:37,XAUUSD,Buy,1.000,0.00000,0.00000,1773.11000,1773.04000,0.0000,-267.7500,-7.0,-274.75,-0.09,"",0,15:01:14:47,0.3,1h 5m,5009.0,18.28,274.0,274.0,-5009.0,-5009.0,5.2,94.7,-281.00,-281.00
,65817662,09/23/2021 14:21,10/08/2021 15:36,XAUUSD,Buy,1.000,0.00000,0.00000,1772.98000,1772.56000,0.0000,-267.7500,-42.0,-309.75,-0.10,"",0,15:01:14:56,0.3,1h 5m,4996.0,17.42,287.0,287.0,-4996.0,-4996.0,5.4,93.8,-329.00,-329.00
,65820958,09/23/2021 15:12,10/08/2021 15:31,XAUUSD,Buy,0.500,0.00000,0.00000,1773.17000,1768.00000,0.0000,-133.9300,-517.0,-392.43,-0.13,"",0,15:00:19:29,0.3,1h 4m,5015.0,18.73,268.0,134.0,-5015.0,-2507.5,5.1,85.1,-785.00,-392.50
,66547486,10/07/2021 15:42,10/08/2021 14:27,XAUUSD,Buy,1.500,0.00000,0.00000,1755.76000,1762.48000,0.0000,-26.7700,672.0,981.23,0.32,"from #66547360",0,00:22:45:08,78.3,17h 48m,1337.0,0.03,2009.0,3013.5,-66.0,-99.0,96.8,35.6,-1337.00,-2005.50
,66547496,10/07/2021 14:52,10/08/2021 14:27,XAUUSD,Buy,1.500,1739.00000,0.00000,1762.08000,1762.52000,0.0000,-26.7800,44.0,39.22,0.01,"from #66547350",0,00:23:35:00,8.4,1h 58m,1333.0,0.51,1377.0,2065.5,-698.0,-1047.0,66.4,35.8,-1333.00,-1999.50
,66547350,10/07/2021 14:52,10/08/2021 14:17,XAUUSD,Buy,0.500,1739.00000,0.00000,1762.08000,1761.77000,0.0000,-8.9300,-31.0,-24.43,-0.01,"to #66547496",0,00:23:25:14,4.2,59m,1408.0,0.51,1377.0,688.5,-698.0,-349.0,66.4,32.1,-1408.00,-704.00
,66547360,10/07/2021 15:42,10/08/2021 14:17,XAUUSD,Buy,0.500,0.00000,0.00000,1755.76000,1761.74000,0.0000,-8.9300,598.0,290.07,0.09,"to #66547486",0,00:22:35:03,78.3,17h 41m,1411.0,0.03,2009.0,1004.5,-66.0,-33.0,96.8,32.0,-1411.00,-705.50
,66547290,10/07/2021 15:42,10/08/2021 14:13,XAUUSD,Buy,2.000,0.00000,0.00000,1755.76000,1761.72000,0.0000,-35.7100,596.0,1156.29,0.37,"to #66547360",0,00:22:31:34,78.3,17h 38m,1413.0,0.03,2009.0,4018.0,-66.0,-132.0,96.8,31.9,-1413.00,-2826.00
,66547296,10/07/2021 14:52,10/08/2021 14:13,XAUUSD,Buy,1.000,1739.00000,0.00000,1762.08000,1761.72000,0.0000,-17.8500,-36.0,-53.85,-0.02,"to #66547350",0,00:23:21:33,4.2,58m,1413.0,0.51,1377.0,1377.0,-698.0,-698.0,66.4,31.9,-1413.00,-1413.00
,66547274,10/07/2021 14:52,10/08/2021 14:11,XAUUSD,Buy,2.000,1739.00000,0.00000,1762.08000,1761.60000,0.0000,-35.7000,-48.0,-131.70,-0.04,"to #66547296",0,00:23:19:40,4.2,58m,1425.0,0.51,1377.0,2754.0,-698.0,-1396.0,66.4,31.3,-1425.00,-2850.00
,66546661,10/07/2021 15:42,10/08/2021 14:11,XAUUSD,Buy,3.000,0.00000,0.00000,1755.76000,1761.77000,0.0000,-53.5500,601.0,1749.45,0.57,"to #66547290",0,00:22:29:31,78.3,17h 36m,1408.0,0.03,2009.0,6027.0,-66.0,-198.0,96.8,32.1,-1408.00,-4224.00
,66486960,10/07/2021 12:52,10/08/2021 14:11,XAUUSD,Buy,2.000,0.00000,0.00000,1760.89000,1761.88000,0.0000,-35.7000,99.0,162.30,0.05,"",0,01:01:18:46,11.6,2h 56m,1397.0,0.39,1496.0,2992.0,-579.0,-1158.0,72.1,32.7,-1397.00,-2794.00
,66485608,10/07/2021 12:23,10/08/2021 14:11,XAUUSD,Buy,1.500,0.00000,0.00000,1759.78000,1761.80000,0.0000,-26.7800,202.0,276.22,0.09,"",0,01:01:47:27,15.4,3h 58m,1405.0,0.29,1607.0,2410.5,-468.0,-702.0,77.4,32.3,-1405.00,-2107.50
,66546667,10/07/2021 14:52,10/08/2021 14:11,XAUUSD,Buy,3.000,1739.00000,0.00000,1762.08000,1761.80000,0.0000,-53.5500,-28.0,-137.55,-0.04,"to #66547274",0,00:23:19:16,4.2,58m,1405.0,0.51,1377.0,4131.0,-698.0,-2094.0,66.4,32.3,-1405.00,-4215.00
,66493252,10/07/2021 14:52,10/08/2021 13:55,XAUUSD,Buy,3.000,1739.00000,0.00000,1762.08000,1759.40000,0.0000,-53.5500,-268.0,-857.55,-0.28,"to #66546667",0,00:23:03:43,0.0,0s,698.0,714.29,0.0,0.0,-698.0,-2094.0,0.0,61.6,-268.00,-804.00
,66496459,10/07/2021 15:42,10/08/2021 13:55,XAUUSD,Buy,3.000,0.00000,0.00000,1755.76000,1759.38000,0.0000,-53.5500,362.0,1032.45,0.34,"to #66546661",0,00:22:13:33,77.3,17h 10m,388.0,0.11,597.0,1791.0,-66.0,-198.0,90.0,64.6,-235.00,-705.00
,66536320,10/08/2021 10:17,10/08/2021 12:52,XAUUSD,Buy,3.000,0.00000,0.00000,1755.66000,1758.68000,0.0000,0.0000,302.0,906.00,0.30,"",0,00:02:35:14,,,,,,,,,,,,
,66524147,10/07/2021 17:52,10/08/2021 09:35,XAUUSD,Buy,1.000,0.00000,0.00000,1758.74000,1759.56000,0.0000,-17.8500,82.0,64.15,0.02,"from #66508987",0,00:15:42:26,18.8,2h 57m,364.0,3.92,93.0,93.0,-364.0,-364.0,20.4,97.6,-11.00,-11.00
,66485825,10/07/2021 12:27,10/08/2021 09:35,XAUUSD,Buy,1.500,0.00000,0.00000,1759.76000,1759.56000,0.0000,-26.7800,-20.0,-56.78,-0.02,"",0,00:21:08:07,0.0,0s,466.0,476.19,0.0,0.0,-466.0,-699.0,0.0,95.7,-20.00,-30.00
,66508880,10/07/2021 17:51,10/08/2021 09:34,XAUUSD,Buy,2.000,0.00000,0.00000,1758.95000,1759.67000,0.0000,-35.7000,72.0,108.30,0.04,"",0,00:15:43:36,18.8,2h 57m,385.0,5.35,72.0,144.0,-385.0,-770.0,15.8,100.0,0.00,0.00
,66485602,10/07/2021 12:23,10/08/2021 09:34,XAUUSD,Buy,1.500,0.00000,0.00000,1759.73000,1759.69000,0.0000,-26.7800,-4.0,-32.78,-0.01,"",0,00:21:10:51,0.0,0s,463.0,476.19,0.0,0.0,-463.0,-694.5,0.0,99.1,-4.00,-6.00
,66530815,10/08/2021 08:06,10/08/2021 09:12,XAUUSD,Buy,2.500,0.00000,0.00000,1757.42000,1759.26000,0.0000,0.0000,184.0,460.00,0.15,"",0,00:01:06:18,,,,,,,,,,,,
,66485592,10/07/2021 12:23,10/08/2021 05:44,XAUUSD,Buy,0.200,0.00000,0.00000,1759.75000,1759.69000,0.0000,-3.5700,-6.0,-4.77,0.00,"",0,00:17:21:08,0.0,0s,465.0,476.19,0.0,0.0,-465.0,-93.0,0.0,98.7,-6.00,-1.20
,66486085,10/07/2021 12:31,10/08/2021 05:44,XAUUSD,Buy,1.000,0.00000,0.00000,1759.29000,1759.51000,0.0000,-17.8500,22.0,4.15,0.00,"",0,00:17:13:18,11.8,2h 1m,419.0,11.04,38.0,38.0,-419.0,-419.0,8.3,96.5,-16.00,-16.00
,66517750,10/07/2021 21:35,10/08/2021 05:04,XAUUSD,Buy,2.000,0.00000,0.00000,1756.80000,1758.83000,0.0000,-35.7000,203.0,370.30,0.12,"",0,00:07:28:40,50.0,3h 44m,170.0,0.59,287.0,574.0,-170.0,-340.0,62.8,81.6,-84.00,-168.00
,66508987,10/07/2021 17:52,10/08/2021 04:44,XAUUSD,Buy,1.000,0.00000,0.00000,1758.74000,1758.44000,0.0000,-17.8500,-30.0,-47.85,-0.02,"to #66524147",0,00:10:51:11,9.1,59m,364.0,3.92,93.0,93.0,-364.0,-364.0,20.4,73.1,-123.00,-123.00
,66509525,10/07/2021 17:58,10/08/2021 04:43,XAUUSD,Buy,2.000,0.00000,0.00000,1757.25000,1758.37000,0.0000,-35.7000,112.0,188.30,0.06,"",0,00:10:45:03,36.4,3h 54m,269.0,0.89,242.0,484.0,-215.0,-430.0,53.0,71.6,-130.00,-260.00
,66517602,10/07/2021 21:30,10/08/2021 04:25,XAUUSD,Buy,5.000,1744.00000,0.00000,1756.58000,1757.23000,0.0000,-89.2600,65.0,235.74,0.08,"",0,00:06:54:52,42.9,2h 57m,244.0,0.48,309.0,1545.0,-148.0,-740.0,67.6,46.6,-244.00,-1220.00
,66496790,10/07/2021 15:45,10/07/2021 17:11,XAUUSD,Buy,2.000,0.00000,0.00000,1756.44000,1762.52000,0.0000,0.0000,608.0,1216.00,0.40,"",0,00:01:25:48,,,,,,,,,,,,
,66495955,10/07/2021 15:36,10/07/2021 17:06,XAUUSD,Buy,3.000,1744.00000,0.00000,1759.17000,1761.36000,0.0000,0.0000,219.0,657.00,0.22,"",0,00:01:30:01,,,,,,,,,,,,
,66496685,10/07/2021 15:44,10/07/2021 17:03,XAUUSD,Buy,2.000,0.00000,0.00000,1755.58000,1761.50000,0.0000,0.0000,592.0,1184.00,0.39,"",0,00:01:18:57,,,,,,,,,,,,
,66497518,10/07/2021 15:59,10/07/2021 17:01,XAUUSD,Buy,5.000,1744.80000,0.00000,1756.25000,1760.15000,0.0000,0.0000,390.0,1950.00,0.65,"",0,00:01:02:05,,,,,,,,,,,,
,66499545,10/07/2021 16:16,10/07/2021 16:57,XAUUSD,Buy,3.000,0.00000,0.00000,1754.04000,1758.32000,0.0000,0.0000,428.0,1284.00,0.43,"",0,00:00:41:20,,,,,,,,,,,,
,66487672,10/07/2021 13:03,10/07/2021 15:41,XAUUSD,Buy,5.000,1754.40000,0.00000,1760.58000,1754.09000,0.0000,0.0000,-649.0,-3245.00,-1.07,"[sl]",0,00:02:37:42,,,,,,,,,,,,
,66487829,10/07/2021 13:07,10/07/2021 15:41,XAUUSD,Buy,3.000,1754.80000,0.00000,1760.73000,1754.09000,0.0000,0.0000,-664.0,-1992.00,-0.66,"[sl]",0,00:02:33:40,,,,,,,,,,,,
,66487776,10/07/2021 13:06,10/07/2021 15:41,XAUUSD,Buy,3.000,1754.80000,0.00000,1760.64000,1754.09000,0.0000,0.0000,-655.0,-1965.00,-0.64,"[sl]",0,00:02:35:07,,,,,,,,,,,,
,66487646,10/07/2021 13:03,10/07/2021 14:51,XAUUSD,Buy,5.000,1755.40000,0.00000,1760.52000,1761.01000,0.0000,0.0000,49.0,245.00,0.08,"",0,00:01:47:35,,,,,,,,,,,,
,66487532,10/07/2021 13:00,10/07/2021 14:51,XAUUSD,Buy,5.000,1754.40000,0.00000,1760.22000,1761.26000,0.0000,0.0000,104.0,520.00,0.17,"",0,00:01:50:22,,,,,,,,,,,,
,66453362,10/06/2021 19:39,10/07/2021 12:23,XAUUSD,Sell,0.500,0.00000,0.00000,1761.98000,1759.71000,0.0000,-11.3400,227.0,102.16,0.03,"",0,00:16:44:05,47.1,7h 52m,960.0,0.72,557.0,278.5,-403.0,-201.5,58.0,65.6,-330.00,-165.00
,66453376,10/06/2021 20:32,10/07/2021 12:23,XAUUSD,Sell,0.500,0.00000,0.00000,1760.35000,1759.66000,0.0000,-11.3400,69.0,23.16,0.01,"",0,00:15:50:10,37.5,5h 56m,960.0,1.44,394.0,197.0,-566.0,-283.0,41.0,66.1,-325.00,-162.50
,66475821,10/07/2021 09:56,10/07/2021 12:23,XAUUSD,Sell,1.000,0.00000,0.00000,1762.77000,1759.60000,0.0000,0.0000,317.0,317.00,0.10,"",0,00:02:26:18,,,,,,,,,,,,
,66475801,10/07/2021 09:56,10/07/2021 12:22,XAUUSD,Sell,1.000,0.00000,0.00000,1762.97000,1759.49000,0.0000,0.0000,348.0,348.00,0.11,"",0,00:02:26:25,,,,,,,,,,,,
,66475665,10/07/2021 09:53,10/07/2021 12:22,XAUUSD,Sell,1.000,0.00000,0.00000,1763.33000,1759.55000,0.0000,0.0000,378.0,378.00,0.12,"",0,00:02:29:00,,,,,,,,,,,,
,66453928,10/06/2021 19:50,10/07/2021 12:20,XAUUSD,Sell,0.500,0.00000,0.00000,1762.02000,1759.17000,0.0000,-11.3400,285.0,131.16,0.04,"",0,00:16:30:15,47.1,7h 46m,960.0,0.71,561.0,280.5,-399.0,-199.5,58.4,71.3,-276.00,-138.00
,66475653,10/07/2021 09:53,10/07/2021 12:20,XAUUSD,Sell,1.000,0.00000,0.00000,1763.32000,1759.19000,0.0000,0.0000,413.0,413.00,0.14,"",0,00:02:27:14,,,,,,,,,,,,
,66469536,10/07/2021 07:09,10/07/2021 12:20,XAUUSD,Sell,0.300,0.00000,0.00000,1759.62000,1759.19000,0.0000,0.0000,43.0,12.90,0.00,"",0,00:05:10:49,20.0,1h 2m,639.0,14.88,43.0,12.9,-639.0,-191.7,6.3,100.0,0.00,0.00
,66478656,10/07/2021 10:27,10/07/2021 12:20,XAUUSD,Sell,2.000,0.00000,0.00000,1766.35000,1759.19000,0.0000,0.0000,716.0,1432.00,0.47,"",0,00:01:52:53,,,,,,,,,,,,
,66322079,10/04/2021 20:31,10/07/2021 10:28,XAUUSD,Buy,0.500,0.00000,0.00000,1766.24000,1766.42000,0.0000,-44.6400,18.0,-35.64,-0.01,"",0,02:13:56:27,8.1,5h 1m,2229.0,6.29,306.0,153.0,-1923.0,-961.5,13.7,87.1,-288.00,-144.00
,66323031,10/04/2021 21:06,10/07/2021 10:28,XAUUSD,Buy,0.500,0.00000,0.00000,1765.02000,1766.37000,0.0000,-44.6400,135.0,22.86,0.01,"",0,02:13:21:17,9.9,6h 4m,2229.0,4.21,428.0,214.0,-1801.0,-900.5,19.2,86.9,-293.00,-146.50
,66326159,10/04/2021 20:43,10/07/2021 10:28,XAUUSD,Buy,1.000,0.00000,0.00000,1765.69000,1766.31000,0.0000,-89.2500,62.0,-27.25,-0.01,"from #66322360",0,02:13:44:38,11.3,6h 58m,2229.0,5.18,361.0,361.0,-1868.0,-1868.0,16.2,86.6,-299.00,-299.00
,66463729,10/06/2021 23:52,10/07/2021 06:27,XAUUSD,Sell,0.500,0.00000,0.00000,1762.90000,1759.11000,0.0000,-11.3400,379.0,178.16,0.06,"",0,00:06:34:37,85.8,5h 38m,132.0,0.27,409.0,204.5,-110.0,-55.0,78.8,94.2,-30.00,-15.00
,66466494,10/07/2021 03:59,10/07/2021 06:26,XAUUSD,Sell,0.500,0.00000,0.00000,1762.74000,1759.03000,0.0000,0.0000,371.0,185.50,0.06,"",0,00:02:27:11,,,,,,,,,,,,
,66453324,10/06/2021 19:38,10/07/2021 06:26,XAUUSD,Sell,0.500,0.00000,0.00000,1762.61000,1759.05000,0.0000,-11.3400,356.0,166.66,0.06,"",0,00:10:48:42,72.8,7h 52m,183.0,0.48,380.0,190.0,-183.0,-91.5,67.5,95.7,-24.00,-12.00
,66453953,10/06/2021 19:51,10/07/2021 06:26,XAUUSD,Sell,1.000,0.00000,0.00000,1762.01000,1759.03000,0.0000,-22.6900,298.0,275.31,0.09,"",0,00:10:35:26,45.5,4h 49m,243.0,0.76,320.0,320.0,-243.0,-243.0,56.8,96.1,-22.00,-22.00
,66453305,10/06/2021 19:37,10/07/2021 06:26,XAUUSD,Sell,0.500,0.00000,0.00000,1762.41000,1759.02000,0.0000,-11.3400,339.0,158.16,0.05,"",0,00:10:48:51,54.6,5h 54m,203.0,0.56,360.0,180.0,-203.0,-101.5,63.9,96.3,-21.00,-10.50
,66453254,10/06/2021 19:36,10/07/2021 06:26,XAUUSD,Sell,3.000,0.00000,0.00000,1762.35000,1759.04000,0.0000,-68.0600,331.0,924.94,0.31,"",0,00:10:50:23,54.6,5h 55m,209.0,0.59,354.0,1062.0,-209.0,-627.0,62.9,95.9,-23.00,-69.00
,66454791,10/06/2021 20:05,10/07/2021 06:07,XAUUSD,Sell,1.000,0.00000,0.00000,1763.35000,1759.20000,0.0000,-22.6900,415.0,392.31,0.13,"",0,00:10:01:01,90.0,9h 0m,169.0,0.14,454.0,454.0,-65.0,-65.0,87.5,92.5,-39.00,-39.00
,66458872,10/07/2021 01:00,10/07/2021 06:06,XAUUSD,Sell,0.500,0.00000,0.00000,1759.02000,1759.12000,0.0000,0.0000,-10.0,-5.00,0.00,"",0,00:05:06:54,20.0,1h 1m,151.0,7.19,21.0,10.5,-151.0,-75.5,12.2,82.0,-31.00,-15.50
,66458852,10/06/2021 21:13,10/07/2021 06:06,XAUUSD,Sell,0.500,0.00000,0.00000,1762.87000,1759.12000,0.0000,-11.3400,375.0,176.16,0.06,"",0,00:08:53:08,88.9,7h 53m,169.0,0.28,406.0,203.0,-113.0,-56.5,78.2,94.0,-31.00,-15.50
,66382715,10/05/2021 21:28,10/06/2021 19:36,XAUUSD,Buy,1.000,0.00000,0.00000,1762.81000,1762.28000,0.0000,-17.8500,-53.0,-70.85,-0.02,"",0,00:22:07:17,0.0,0s,1580.0,1666.67,0.0,0.0,-1580.0,-1580.0,0.0,96.6,-53.00,-53.00
,66383712,10/05/2021 22:07,10/06/2021 19:36,XAUUSD,Buy,1.000,0.00000,0.00000,1761.56000,1762.31000,0.0000,-17.8500,75.0,57.15,0.02,"",0,00:21:28:49,19.1,4h 6m,1455.0,16.37,89.0,89.0,-1455.0,-1455.0,5.8,99.1,-14.00,-14.00
,66397793,10/06/2021 08:49,10/06/2021 19:26,XAUUSD,Buy,2.000,0.00000,0.00000,1752.53000,1761.76000,0.0000,0.0000,923.0,1846.00,0.62,"",0,00:10:37:33,72.8,7h 44m,552.0,0.56,992.0,1984.0,-552.0,-1104.0,64.2,95.5,-69.00,-138.00
,66363119,10/05/2021 16:30,10/06/2021 19:26,XAUUSD,Buy,2.000,0.00000,0.00000,1753.20000,1761.62000,0.0000,-35.7000,842.0,1648.30,0.56,"",0,01:02:56:05,74.1,19h 57m,1480.0,0.67,925.0,1850.0,-619.0,-1238.0,59.9,94.6,-83.00,-166.00
,66449566,10/06/2021 18:30,10/06/2021 19:12,XAUUSD,Buy,1.000,0.00000,0.00000,1758.65000,1761.58000,0.0000,0.0000,293.0,293.00,0.10,"",0,00:00:41:47,,,,,,,,,,,,
,66377102,10/05/2021 18:59,10/06/2021 19:11,XAUUSD,Buy,1.000,0.00000,0.00000,1761.19000,1761.64000,0.0000,-17.8500,45.0,27.15,0.01,"",0,01:00:12:16,20.0,4h 50m,1472.0,11.26,126.0,126.0,-1418.0,-1418.0,8.2,94.8,-81.00,-81.00
,66448748,10/06/2021 18:20,10/06/2021 19:11,XAUUSD,Buy,1.000,0.00000,0.00000,1756.60000,1761.67000,0.0000,0.0000,507.0,507.00,0.17,"",0,00:00:51:11,,,,,,,,,,,,
,66393327,10/06/2021 07:09,10/06/2021 19:11,XAUUSD,Buy,1.000,0.00000,0.00000,1754.44000,1761.66000,0.0000,0.0000,722.0,722.00,0.25,"",0,00:12:02:00,58.4,7h 1m,743.0,0.93,801.0,801.0,-743.0,-743.0,51.9,94.9,-79.00,-79.00
,66448253,10/06/2021 18:11,10/06/2021 19:11,XAUUSD,Buy,1.000,0.00000,0.00000,1757.28000,1761.68000,0.0000,0.0000,440.0,440.00,0.15,"",0,00:00:59:52,,,,,,,,,,,,
,66336175,10/05/2021 08:17,10/06/2021 19:11,XAUUSD,Buy,2.000,0.00000,0.00000,1760.57000,1761.67000,0.0000,-35.7000,110.0,184.30,0.06,"",0,01:10:53:59,20.0,6h 58m,1480.0,7.22,188.0,376.0,-1356.0,-2712.0,12.2,94.9,-78.00,-156.00
,66435803,10/06/2021 16:18,10/06/2021 19:11,XAUUSD,Buy,1.000,0.00000,0.00000,1757.60000,1761.66000,0.0000,0.0000,406.0,406.00,0.14,"",0,00:02:53:16,,,,,,,,,,,,
,66376676,10/05/2021 18:50,10/06/2021 17:53,XAUUSD,Buy,1.000,0.00000,0.00000,1760.74000,1763.59000,0.0000,-17.8500,285.0,267.15,0.09,"",0,00:23:02:28,13.1,3h 1m,1472.0,4.82,285.0,285.0,-1373.0,-1373.0,17.2,100.0,0.00,0.00
,66381875,10/05/2021 21:00,10/06/2021 17:53,XAUUSD,Buy,1.000,0.00000,0.00000,1762.05000,1763.44000,0.0000,-17.8500,139.0,121.15,0.04,"",0,00:20:52:49,10.0,2h 5m,1504.0,10.82,139.0,139.0,-1504.0,-1504.0,8.5,100.0,0.00,0.00
,66383402,10/05/2021 21:56,10/06/2021 17:53,XAUUSD,Buy,1.000,0.00000,0.00000,1762.65000,1763.62000,0.0000,-17.8500,97.0,79.15,0.03,"",0,00:19:56:06,5.0,59m,1564.0,16.13,97.0,97.0,-1564.0,-1564.0,5.8,100.0,0.00,0.00
,66382567,10/05/2021 21:24,10/06/2021 17:52,XAUUSD,Buy,1.000,0.00000,0.00000,1763.08000,1763.61000,0.0000,-17.8500,53.0,35.15,0.01,"",0,00:20:28:30,5.0,1h 1m,1607.0,30.40,53.0,53.0,-1607.0,-1607.0,3.2,100.0,0.00,0.00
,66383085,10/05/2021 21:38,10/06/2021 17:52,XAUUSD,Buy,1.000,0.00000,0.00000,1761.87000,1763.45000,0.0000,-17.8500,158.0,140.15,0.05,"",0,00:20:13:57,10.0,2h 1m,1486.0,9.41,158.0,158.0,-1486.0,-1486.0,9.6,100.0,0.00,0.00
,66336181,10/05/2021 08:17,10/06/2021 17:39,XAUUSD,Buy,2.000,0.00000,0.00000,1760.50000,1759.72000,0.0000,-35.7000,-78.0,-191.70,-0.07,"",0,01:09:22:01,12.2,4h 4m,1480.0,8.54,158.0,316.0,-1349.0,-2698.0,10.5,84.3,-236.00,-472.00
,66350529,10/05/2021 12:32,10/06/2021 17:39,XAUUSD,Buy,1.500,0.00000,0.00000,1758.35000,1759.80000,0.0000,-26.7800,145.0,190.72,0.07,"",0,01:05:07:17,48.3,14h 3m,1480.0,3.04,373.0,559.5,-1134.0,-1701.0,24.8,84.9,-228.00,-342.00
,66378001,10/05/2021 19:13,10/06/2021 17:39,XAUUSD,Buy,1.000,0.00000,0.00000,1759.02000,1759.80000,0.0000,-17.8500,78.0,60.15,0.02,"",0,00:22:25:45,41.0,9h 11m,1318.0,3.93,306.0,306.0,-1201.0,-1201.0,20.3,84.9,-228.00,-228.00
,66411776,10/06/2021 11:08,10/06/2021 15:48,XAUUSD,Buy,3.000,1739.00000,0.00000,1748.56000,1759.10000,0.0000,0.0000,1054.0,3162.00,1.09,"",0,00:04:40:41,100.0,4h 40m,32.0,0.00,1059.0,3177.0,0.0,0.0,100.0,99.5,-5.00,-15.00
,66348469,10/05/2021 11:52,10/06/2021 15:24,XAUUSD,Buy,1.000,0.00000,0.00000,1757.28000,1758.22000,0.0000,-17.8500,94.0,76.15,0.03,"",0,01:03:31:39,50.0,13h 45m,1480.0,2.27,453.0,453.0,-1027.0,-1027.0,30.6,75.7,-359.00,-359.00
,66350513,10/05/2021 12:32,10/06/2021 15:24,XAUUSD,Buy,1.500,0.00000,0.00000,1757.83000,1758.10000,0.0000,-26.7800,27.0,13.72,0.00,"",0,01:02:52:05,44.5,11h 57m,1480.0,2.72,398.0,597.0,-1082.0,-1623.0,26.9,74.9,-371.00,-556.50
,66369273,10/05/2021 17:19,10/06/2021 15:24,XAUUSD,Buy,2.000,0.00000,0.00000,1751.51000,1758.01000,0.0000,-35.7000,650.0,1264.30,0.44,"",0,00:22:04:28,77.3,17h 3m,1480.0,0.44,1030.0,2060.0,-450.0,-900.0,69.6,74.3,-380.00,-760.00
,66404474,10/06/2021 10:14,10/06/2021 14:29,XAUUSD,Buy,5.000,1739.00000,0.00000,1748.62000,1756.41000,0.0000,0.0000,779.0,3895.00,1.37,"",0,00:04:14:20,100.0,4h 14m,274.0,0.00,1053.0,5265.0,0.0,0.0,100.0,74.0,-274.00,-1370.00
,66393046,10/06/2021 06:56,10/06/2021 14:28,XAUUSD,Buy,4.000,0.00000,0.00000,1756.04000,1756.31000,0.0000,0.0000,27.0,108.00,0.04,"",0,00:07:31:57,25.0,1h 52m,903.0,2.90,311.0,1244.0,-903.0,-3612.0,25.6,76.6,-284.00,-1136.00
,66362230,10/05/2021 16:19,10/05/2021 19:05,XAUUSD,Buy,6.000,0.00000,0.00000,1753.79000,1759.89000,0.0000,0.0000,610.0,3660.00,1.30,"",0,00:02:46:20,,,,,,,,,,,,
,66336914,10/05/2021 08:40,10/05/2021 18:36,XAUUSD,Buy,2.000,0.00000,0.00000,1758.13000,1760.11000,0.0000,0.0000,198.0,396.00,0.14,"",0,00:09:56:03,30.0,2h 58m,557.0,2.05,272.0,544.0,-557.0,-1114.0,32.8,91.1,-74.00,-148.00
,66371070,10/05/2021 17:39,10/05/2021 18:36,XAUUSD,Buy,5.000,1747.00000,0.00000,1752.17000,1759.92000,0.0000,0.0000,775.0,3875.00,1.40,"",0,00:00:56:51,,,,,,,,,,,,
,66354249,10/05/2021 14:05,10/05/2021 16:17,XAUUSD,Buy,5.000,1752.40000,0.00000,1755.86000,1751.73000,0.0000,0.0000,-413.0,-2065.00,-0.74,"[sl]",0,00:02:11:55,,,,,,,,,,,,
,66352708,10/05/2021 13:38,10/05/2021 14:42,XAUUSD,Buy,1.000,0.00000,0.00000,1756.53000,1757.30000,0.0000,0.0000,77.0,77.00,0.03,"",0,00:01:03:36,,,,,,,,,,,,
,66341910,10/05/2021 10:09,10/05/2021 14:41,XAUUSD,Buy,1.000,0.00000,0.00000,1756.50000,1757.22000,0.0000,0.0000,72.0,72.00,0.03,"",0,00:04:32:49,75.0,3h 24m,227.0,3.15,72.0,72.0,-227.0,-227.0,24.1,100.0,0.00,0.00
,66323437,10/04/2021 21:24,10/04/2021 23:09,XAUUSD,Buy,0.500,0.00000,0.00000,1765.24000,1768.27000,0.0000,0.0000,303.0,151.50,0.05,"",0,00:01:44:55,,,,,,,,,,,,
,66320916,10/04/2021 19:56,10/04/2021 23:08,XAUUSD,Buy,0.500,0.00000,0.00000,1768.62000,1768.17000,0.0000,0.0000,-45.0,-22.50,-0.01,"",0,00:03:12:44,,,,,,,,,,,,
,66321652,10/04/2021 20:14,10/04/2021 23:08,XAUUSD,Buy,0.500,0.00000,0.00000,1767.35000,1768.17000,0.0000,0.0000,82.0,41.00,0.01,"",0,00:02:53:58,,,,,,,,,,,,
,66322360,10/04/2021 20:43,10/04/2021 23:00,XAUUSD,Buy,1.000,0.00000,0.00000,1765.69000,1768.08000,0.0000,0.0000,239.0,239.00,0.09,"to #66326159",0,00:02:17:19,,,,,,,,,,,,
,66321749,10/04/2021 20:19,10/04/2021 23:00,XAUUSD,Buy,0.500,0.00000,0.00000,1767.23000,1768.20000,0.0000,0.0000,97.0,48.50,0.02,"",0,00:02:41:19,,,,,,,,,,,,
,66321467,10/04/2021 20:08,10/04/2021 23:00,XAUUSD,Buy,0.500,0.00000,0.00000,1767.46000,1768.26000,0.0000,0.0000,80.0,40.00,0.01,"",0,00:02:52:14,,,,,,,,,,,,
,66324922,10/04/2021 22:17,10/04/2021 23:00,XAUUSD,Buy,0.500,0.00000,0.00000,1764.56000,1768.20000,0.0000,0.0000,364.0,182.00,0.07,"",0,00:00:42:33,,,,,,,,,,,,
,66319847,10/04/2021 19:25,10/04/2021 23:00,XAUUSD,Buy,1.000,0.00000,0.00000,1766.97000,1768.27000,0.0000,0.0000,130.0,130.00,0.05,"",0,00:03:34:31,,,,,,,,,,,,
,66320020,10/04/2021 19:28,10/04/2021 23:00,XAUUSD,Buy,1.000,0.00000,0.00000,1768.31000,1768.28000,0.0000,0.0000,-3.0,-3.00,0.00,"",0,00:03:31:31,,,,,,,,,,,,
,66325109,10/04/2021 22:23,10/04/2021 22:44,XAUUSD,Buy,1.000,0.00000,0.00000,1764.97000,1766.84000,0.0000,0.0000,187.0,187.00,0.07,"",0,00:00:20:40,,,,,,,,,,,,
,66319538,10/04/2021 19:17,,,Withdrawal,0.010,0.00000,0.00000,0.00000,0.00000,0.0000,0.0000,0.0,-1733.44,0,"Transfer to 11366030 #13840150",0,00:00:00:00,,,,,,,,,,,,
,66317584,10/04/2021 18:37,10/04/2021 19:16,XAUUSD,Buy,2.500,0.00000,0.00000,1764.95000,1767.50000,0.0000,0.0000,255.0,637.50,0.23,"",0,00:00:39:01,,,,,,,,,,,,
,65810661,09/23/2021 12:55,10/04/2021 17:56,XAUUSD,Buy,1.000,0.00000,0.00000,1771.44000,1769.37000,0.0000,-160.6500,-207.0,-367.65,-0.13,"",0,11:05:01:47,0.0,0s,4842.0,5000.00,0.0,0.0,-4842.0,-4842.0,0.0,95.7,-207.00,-207.00
,66313999,09/27/2021 09:04,10/04/2021 17:56,XAUUSD,Buy,4.000,1764.89000,1780.00000,1757.73000,1769.30000,0.0000,-499.8300,1157.0,4128.17,1.50,"from #66171835",0,07:08:51:56,39.8,2d 22h ,3471.0,3.00,1157.0,4628.0,-3471.0,-13884.0,25.0,100.0,0.00,0.00
,66171835,09/27/2021 09:04,10/04/2021 17:55,XAUUSD,Buy,3.000,1764.89000,1780.00000,1757.73000,1769.25000,0.0000,-374.8800,1152.0,3081.12,1.13,"to #66313999",0,07:08:50:40,39.8,2d 22h ,3471.0,3.01,1152.0,3456.0,-3471.0,-10413.0,24.9,100.0,0.00,0.00
,66251719,10/01/2021 20:18,10/04/2021 17:55,XAUUSD,Buy,0.500,0.00000,0.00000,1758.78000,1769.21000,0.0000,-8.9300,1043.0,512.57,0.19,"",0,02:21:36:56,87.0,2d 12h ,1484.0,0.92,1043.0,521.5,-957.0,-478.5,52.2,100.0,0.00,0.00
,66251741,10/01/2021 20:20,10/04/2021 17:55,XAUUSD,Buy,0.500,0.00000,0.00000,1758.83000,1769.64000,0.0000,-8.9300,1081.0,531.57,0.20,"",0,02:21:35:12,87.0,2d 12h ,1484.0,0.89,1081.0,540.5,-962.0,-481.0,52.9,100.0,0.00,0.00
,66251683,10/01/2021 20:17,10/04/2021 17:53,XAUUSD,Buy,0.500,0.00000,0.00000,1758.47000,1769.69000,0.0000,-8.9300,1122.0,552.07,0.20,"",0,02:21:36:26,88.5,2d 13h ,1484.0,0.83,1122.0,561.0,-926.0,-463.0,54.8,100.0,0.00,0.00
,66251400,10/01/2021 20:06,10/04/2021 17:53,XAUUSD,Buy,0.500,0.00000,0.00000,1760.15000,1769.45000,0.0000,-8.9300,930.0,456.07,0.17,"",0,02:21:47:15,13.1,9h 8m,1484.0,1.18,930.0,465.0,-1094.0,-547.0,45.9,100.0,0.00,0.00
,66254530,10/01/2021 22:51,10/04/2021 17:53,XAUUSD,Buy,1.000,0.00000,0.00000,1758.94000,1769.22000,0.0000,-17.8500,1028.0,1010.15,0.38,"",0,02:19:01:35,15.0,10h 3m,1484.0,0.95,1028.0,1028.0,-973.0,-973.0,51.4,100.0,0.00,0.00
,65786878,09/23/2021 01:27,10/04/2021 17:53,XAUUSD,Buy,1.000,0.00000,0.00000,1769.25000,1769.14000,0.0000,-160.6500,-11.0,-171.65,-0.06,"",0,11:16:25:50,1.1,3h 5m,5171.0,8.44,548.0,548.0,-4623.0,-4623.0,10.6,89.2,-559.00,-559.00
,65786827,09/23/2021 01:21,10/04/2021 17:53,XAUUSD,Buy,2.000,0.00000,0.00000,1769.56000,1769.17000,0.0000,-321.3100,-39.0,-399.31,-0.15,"",0,11:16:31:17,1.1,3h 5m,5171.0,9.01,517.0,1034.0,-4654.0,-9308.0,10.0,89.2,-556.00,-1112.00
,66252729,10/01/2021 21:08,10/04/2021 17:47,XAUUSD,Buy,0.500,0.00000,0.00000,1759.11000,1769.04000,0.0000,-8.9300,993.0,487.57,0.18,"",0,02:20:39:22,85.3,2d 10h ,1484.0,1.00,993.0,496.5,-990.0,-495.0,50.1,100.0,0.00,0.00
,66301634,10/04/2021 16:07,10/04/2021 17:47,XAUUSD,Buy,0.500,0.00000,0.00000,1752.33000,1768.89000,0.0000,0.0000,1656.0,828.00,0.31,"",0,00:01:39:40,,,,,,,,,,,,
,65819098,09/23/2021 14:45,10/04/2021 17:47,XAUUSD,Buy,1.000,0.00000,0.00000,1772.06000,1768.73000,0.0000,-160.6500,-333.0,-493.65,-0.18,"",0,11:03:02:12,0.0,0s,4904.0,5000.00,0.0,0.0,-4904.0,-4904.0,0.0,93.2,-333.00,-333.00
,66254778,10/01/2021 23:05,10/04/2021 17:45,XAUUSD,Buy,0.500,0.00000,0.00000,1760.23000,1768.74000,0.0000,-8.9300,851.0,416.57,0.16,"",0,02:18:40:47,13.7,9h 8m,1484.0,1.30,851.0,425.5,-1102.0,-551.0,43.6,100.0,0.00,0.00
,66284519,10/04/2021 12:14,10/04/2021 17:45,XAUUSD,Buy,2.000,1745.90000,0.00000,1751.58000,1768.49000,0.0000,0.0000,1691.0,3382.00,1.28,"",0,00:05:31:20,100.0,5h 31m,298.0,0.00,1691.0,3382.0,0.0,0.0,100.0,100.0,0.00,0.00
,65787073,09/23/2021 01:57,10/04/2021 17:45,XAUUSD,Buy,1.000,0.00000,0.00000,1768.91000,1768.31000,0.0000,-160.6500,-60.0,-220.65,-0.08,"",0,11:15:48:13,1.1,3h 4m,5171.0,7.89,582.0,582.0,-4589.0,-4589.0,11.3,87.6,-642.00,-642.00
,65806191,09/23/2021 11:42,10/04/2021 17:45,XAUUSD,Buy,1.000,0.00000,0.00000,1767.72000,1768.39000,0.0000,-160.6500,67.0,-93.65,-0.04,"",0,11:06:02:52,0.8,2h 9m,5021.0,8.12,551.0,551.0,-4470.0,-4470.0,11.0,90.4,-484.00,-484.00
,66302307,10/04/2021 16:16,10/04/2021 17:41,XAUUSD,Buy,0.500,0.00000,0.00000,1751.90000,1767.32000,0.0000,0.0000,1542.0,771.00,0.29,"",0,00:01:24:58,,,,,,,,,,,,
,66254128,10/01/2021 22:26,10/04/2021 17:41,XAUUSD,Buy,0.500,0.00000,0.00000,1758.17000,1766.89000,0.0000,-8.9300,872.0,427.07,0.16,"",0,02:19:14:50,16.5,11h 5m,1484.0,1.03,872.0,436.0,-896.0,-448.0,49.3,100.0,0.00,0.00
,65823654,09/23/2021 15:51,10/04/2021 17:41,XAUUSD,Buy,2.000,0.00000,0.00000,1766.96000,1766.96000,0.0000,-321.3100,0.0,-321.31,-0.12,"",0,11:01:49:45,0.0,0s,4394.0,5000.00,0.0,0.0,-4394.0,-0.0,0.0,100.0,0.00,0.00
,65821266,09/23/2021 15:19,10/04/2021 17:41,XAUUSD,Buy,0.200,0.00000,0.00000,1773.69000,1767.07000,0.0000,-32.1300,-662.0,-164.53,-0.06,"",0,11:02:21:07,0.0,0s,5067.0,10000.00,0.0,0.0,-5067.0,-1013.4000000000001,0.0,86.9,-662.00,-132.40
,66283387,10/04/2021 12:01,10/04/2021 17:27,XAUUSD,Buy,5.000,1744.40000,0.00000,1751.74000,1761.10000,0.0000,0.0000,936.0,4680.00,1.80,"",0,00:05:26:01,100.0,5h 26m,531.0,0.00,1467.0,7335.0,0.0,0.0,100.0,63.8,-531.00,-2655.00
,66285313,10/04/2021 12:30,10/04/2021 15:41,XAUUSD,Buy,2.000,1746.90000,0.00000,1751.79000,1757.81000,0.0000,0.0000,602.0,1204.00,0.47,"",0,00:03:10:33,,,,,,,,,,,,
,65918746,09/27/2021 06:27,10/01/2021 19:05,XAUUSD,Buy,2.000,0.00000,0.00000,1759.90000,1761.72000,0.0000,-214.2100,182.0,149.79,0.06,"",0,04:12:37:51,1.9,2h 3m,3688.0,20.28,182.0,364.0,-3688.0,-7376.0,4.7,100.0,0.00,0.00
,66247717,10/01/2021 18:35,10/01/2021 19:05,XAUUSD,Buy,1.000,0.00000,0.00000,1759.69000,1761.71000,0.0000,0.0000,202.0,202.00,0.08,"",0,00:00:30:15,,,,,,,,,,,,
,65920343,09/27/2021 08:05,10/01/2021 17:35,XAUUSD,Buy,2.000,0.00000,1787.00000,1759.04000,1762.75000,0.0000,-214.2100,371.0,527.79,0.21,"",0,04:09:30:35,2.0,2h 6m,3602.0,9.72,371.0,742.0,-3602.0,-7204.0,9.3,100.0,0.00,0.00
,66179476,09/30/2021 18:51,10/01/2021 17:35,XAUUSD,Buy,1.000,0.00000,0.00000,1758.19000,1763.03000,0.0000,-17.8500,484.0,466.15,0.18,"",0,00:22:43:54,13.1,2h 58m,670.0,1.38,484.0,484.0,-670.0,-670.0,41.9,100.0,0.00,0.00
,66182473,09/30/2021 19:19,10/01/2021 16:45,XAUUSD,Buy,1.000,0.00000,0.00000,1757.61000,1758.77000,0.0000,-17.8500,116.0,98.15,0.04,"",0,00:21:25:43,14.3,3h 3m,612.0,5.28,116.0,116.0,-612.0,-612.0,15.9,100.0,0.00,0.00
,66179836,09/30/2021 18:55,10/01/2021 16:45,XAUUSD,Buy,1.000,0.00000,0.00000,1758.07000,1758.68000,0.0000,-17.8500,61.0,43.15,0.02,"",0,00:21:49:54,9.1,1h 59m,658.0,9.41,70.0,70.0,-658.0,-658.0,9.6,98.8,-9.00,-9.00
,66214109,10/01/2021 10:34,10/01/2021 15:49,XAUUSD,Buy,0.500,0.00000,0.00000,1753.98000,1758.94000,0.0000,0.0000,496.0,248.00,0.10,"",0,00:05:15:46,80.0,4h 12m,76.0,0.15,496.0,248.0,-76.0,-38.0,86.7,100.0,0.00,0.00
,66194797,10/01/2021 02:30,10/01/2021 15:49,XAUUSD,Buy,1.000,0.00000,0.00000,1754.75000,1758.79000,0.0000,0.0000,404.0,404.00,0.16,"",0,00:13:19:25,46.2,6h 9m,333.0,0.65,404.0,404.0,-262.0,-262.0,60.7,100.0,0.00,0.00
,66186037,09/30/2021 20:32,10/01/2021 15:49,XAUUSD,Buy,2.000,0.00000,0.00000,1755.94000,1758.76000,0.0000,-35.7000,282.0,528.30,0.21,"",0,00:19:17:26,26.4,5h 5m,548.0,1.58,282.0,564.0,-445.0,-890.0,38.8,100.0,0.00,0.00
,66195703,10/01/2021 03:25,10/01/2021 12:40,XAUUSD,Buy,1.000,0.00000,0.00000,1753.49000,1755.94000,0.0000,0.0000,245.0,245.00,0.10,"",0,00:09:15:31,55.6,5h 8m,283.0,0.56,245.0,245.0,-136.0,-136.0,64.3,100.0,0.00,0.00
,66209668,10/01/2021 09:47,,,Deposit,0.010,0.00000,0.00000,0.00000,0.00000,0.0000,0.0000,0.0,204.48,0,"IR #75",0,00:00:00:00,,,,,,,,,,,,
,66208858,10/01/2021 09:46,,,Deposit,0.010,0.00000,0.00000,0.00000,0.00000,0.0000,0.0000,0.0,75.93,0,"IR #75 VIP",0,00:00:00:00,,,,,,,,,,,,
,66200929,10/01/2021 05:34,,,Deposit,0.010,0.00000,0.00000,0.00000,0.00000,0.0000,0.0000,0.0,53.81,0,"VIP Rebate",0,00:00:00:00,,,,,,,,,,,,
,66200928,10/01/2021 05:34,,,Deposit,0.010,0.00000,0.00000,0.00000,0.00000,0.0000,0.0000,0.0,147.97,0,"Rebate",0,00:00:00:00,,,,,,,,,,,,
,65822825,09/23/2021 15:44,09/30/2021 18:18,XAUUSD,Buy,1.000,0.00000,0.00000,1769.49000,1762.37000,0.0000,-124.9500,-712.0,-836.95,-0.33,"",0,07:02:34:25,0.0,0s,4647.0,5000.00,0.0,0.0,-4647.0,-4647.0,0.0,84.7,-712.00,-712.00
,65919153,09/27/2021 06:53,09/30/2021 18:18,XAUUSD,Buy,2.000,0.00000,0.00000,1759.27000,1762.68000,0.0000,-178.5100,341.0,503.49,0.20,"",0,03:11:25:28,1.2,1h 0m,3625.0,10.64,341.0,682.0,-3625.0,-7250.0,8.6,100.0,0.00,0.00
,65919983,09/27/2021 07:49,09/30/2021 18:13,XAUUSD,Buy,2.000,0.00000,0.00000,1758.81000,1760.86000,0.0000,-178.5100,205.0,231.49,0.09,"",0,03:10:24:05,1.3,1h 4m,3579.0,17.48,205.0,410.0,-3579.0,-7158.0,5.4,100.0,0.00,0.00
,65919448,09/27/2021 07:12,09/30/2021 18:08,XAUUSD,Buy,2.000,0.00000,0.00000,1758.66000,1759.80000,0.0000,-178.5100,114.0,49.49,0.02,"",0,03:10:56:32,1.3,1h 4m,3564.0,31.35,114.0,228.0,-3564.0,-7128.0,3.1,100.0,0.00,0.00
,66171673,09/27/2021 09:04,09/30/2021 17:50,XAUUSD,Buy,1.500,0.00000,1780.00000,1757.73000,1757.93000,0.0000,-133.8800,20.0,-103.88,-0.04,"to #66171835",0,03:08:45:39,2.5,2h 1m,3471.0,105.26,33.0,49.5,-3471.0,-5206.5,0.9,99.6,-13.00,-19.50
,66170875,09/30/2021 17:42,09/30/2021 17:49,XAUUSD,Buy,1.000,0.00000,0.00000,1753.42000,1757.23000,0.0000,0.0000,381.0,381.00,0.15,"",0,00:00:06:56,,,,,,,,,,,,
,65921705,09/27/2021 09:04,09/30/2021 17:49,XAUUSD,Buy,1.500,0.00000,1780.00000,1757.73000,1757.13000,0.0000,-133.8800,-60.0,-223.88,-0.09,"to #66171673",0,03:08:44:26,1.3,1h 2m,3471.0,105.26,33.0,49.5,-3471.0,-5206.5,0.9,97.3,-93.00,-139.50
,65983525,09/28/2021 09:12,09/30/2021 17:36,XAUUSD,Buy,2.000,0.00000,0.00000,1747.71000,1752.41000,0.0000,-142.8100,470.0,797.19,0.31,"",0,02:08:24:04,5.4,3h 2m,2469.0,2.39,1035.0,2070.0,-2469.0,-4938.0,29.5,83.9,-565.00,-1130.00
,66165481,09/27/2021 09:09,09/30/2021 17:29,XAUUSD,Buy,5.000,0.00000,0.00000,1756.11000,1753.24000,0.0000,-446.2700,-287.0,-1881.27,-0.74,"from #65922026",0,03:08:19:51,2.5,2h 0m,3309.0,16.98,195.0,975.0,-3309.0,-16545.0,5.6,86.2,-482.00,-2410.00
,65968987,09/27/2021 21:45,09/30/2021 17:27,XAUUSD,Buy,1.000,0.00000,0.00000,1751.17000,1751.28000,0.0000,-89.2500,11.0,-78.25,-0.03,"",0,02:19:41:36,11.8,7h 59m,2997.0,4.09,689.0,689.0,-2815.0,-2815.0,19.7,80.7,-678.00,-678.00
,65976303,09/27/2021 09:09,09/30/2021 17:11,XAUUSD,Buy,4.000,0.00000,0.00000,1756.18000,1747.11000,0.0000,-357.0200,-907.0,-3985.02,-1.53,"from #65922040",0,03:08:01:50,2.5,2h 0m,3316.0,17.67,188.0,752.0,-3316.0,-13264.0,5.4,68.8,-1095.00,-4380.00
,65922026,09/27/2021 09:09,09/30/2021 16:56,XAUUSD,Buy,5.000,0.00000,0.00000,1756.11000,1740.79000,0.0000,-446.2800,-1532.0,-8106.28,-3.02,"to #66165481",0,03:07:47:21,1.3,1h 2m,3309.0,26.32,126.0,630.0,-3309.0,-16545.0,3.7,51.7,-1658.00,-8290.00
,65983536,09/28/2021 09:12,09/30/2021 16:03,XAUUSD,Buy,2.000,0.00000,0.00000,1747.54000,1735.46000,0.0000,-142.8100,-1208.0,-2558.81,-0.95,"",0,02:06:50:44,1.9,1h 2m,2452.0,2.50,983.0,1966.0,-2452.0,-4904.0,28.6,36.2,-2191.00,-4382.00
,66119543,09/29/2021 21:09,,,Deposit,0.010,0.00000,0.00000,0.00000,0.00000,0.0000,0.0000,0.0,7000.00,0,"Transfer from 22346741 13783676",0,00:00:00:00,,,,,,,,,,,,
,66119445,09/29/2021 21:07,,,Deposit,0.010,0.00000,0.00000,0.00000,0.00000,0.0000,0.0000,0.0,10000.00,0,"Transfer from 22346741 13783610",0,00:00:00:00,,,,,,,,,,,,
,66117955,09/29/2021 20:43,,,Deposit,0.010,0.00000,0.00000,0.00000,0.00000,0.0000,0.0000,0.0,3000.00,0,"Deposit WALLETO USD 13783045",0,00:00:00:00,,,,,,,,,,,,
,66117535,09/29/2021 20:34,,,Deposit,0.010,0.00000,0.00000,0.00000,0.00000,0.0000,0.0000,0.0,5857.10,0,"Transfer from 10282534 13782824",0,00:00:00:00,,,,,,,,,,,,
,66103707,09/29/2021 17:25,09/29/2021 20:29,XAUUSD,Buy,3.000,1723.00000,0.00000,1728.38000,1722.95000,0.0000,0.0000,-543.0,-1629.00,-0.66,"[sl]",0,00:03:04:11,,,,,,,,,,,,
,66109560,09/29/2021 18:19,09/29/2021 20:25,XAUUSD,Buy,3.000,1723.40000,0.00000,1731.40000,1723.38000,0.0000,0.0000,-802.0,-2406.00,-0.97,"[sl]",0,00:02:06:26,,,,,,,,,,,,
,66103662,09/29/2021 17:25,09/29/2021 20:25,XAUUSD,Buy,6.000,1723.50000,0.00000,1728.33000,1723.42000,0.0000,0.0000,-491.0,-2946.00,-1.17,"[sl]",0,00:03:00:08,,,,,,,,,,,,
,66103195,09/29/2021 17:22,,,Deposit,0.010,0.00000,0.00000,0.00000,0.00000,0.0000,0.0000,0.0,8043.06,0,"Transfer from 22343060 13777671",0,00:00:00:00,,,,,,,,,,,,
,65986585,09/28/2021 09:41,09/29/2021 13:48,XAUUSD,Buy,5.000,0.00000,0.00000,1742.92000,1744.69000,0.0000,-89.2600,177.0,795.74,0.33,"",0,01:04:07:01,14.3,4h 1m,1257.0,5.26,239.0,1195.0,-1257.0,-6285.0,16.0,95.9,-62.00,-310.00
,66021208,09/28/2021 15:44,,,Deposit,0.010,0.00000,0.00000,0.00000,0.00000,0.0000,0.0000,0.0,15000.00,0,"Transfer from 22343060 13759851",0,00:00:00:00,,,,,,,,,,,,
,66020500,09/28/2021 15:40,,,Deposit,0.010,0.00000,0.00000,0.00000,0.00000,0.0000,0.0000,0.0,10000.00,0,"Transfer from 22343060 13759656",0,00:00:00:00,,,,,,,,,,,,
,66019888,09/28/2021 15:38,,,Deposit,0.010,0.00000,0.00000,0.00000,0.00000,0.0000,0.0000,0.0,10000.00,0,"Transfer from 22343060 13759551",0,00:00:00:00,,,,,,,,,,,,
,66011852,09/28/2021 14:05,,,Deposit,0.010,0.00000,0.00000,0.00000,0.00000,0.0000,0.0000,0.0,3500.00,0,"Deposit CONNECT USD 13757736",0,00:00:00:00,,,,,,,,,,,,
,66011686,09/28/2021 14:03,,,Deposit,0.010,0.00000,0.00000,0.00000,0.00000,0.0000,0.0000,0.0,5000.00,0,"Deposit CONNECT USD 13757666",0,00:00:00:00,,,,,,,,,,,,
,65922040,09/27/2021 09:09,09/28/2021 05:14,XAUUSD,Buy,2.000,0.00000,0.00000,1756.18000,1753.02000,0.0000,-35.7000,-316.0,-667.70,-0.33,"to #65976303",0,00:20:05:14,0.0,0s,792.0,833.33,0.0,0.0,-792.0,-1584.0,0.0,60.1,-316.00,-632.00
,65960769,09/27/2021 17:58,09/28/2021 05:14,XAUUSD,Buy,5.000,0.00000,0.00000,1750.16000,1753.03000,0.0000,-89.2600,287.0,1345.74,0.68,"",0,00:11:16:31,66.7,7h 31m,319.0,0.21,287.0,1435.0,-60.0,-300.0,82.7,100.0,0.00,0.00
,65930006,09/27/2021 11:01,09/27/2021 16:53,XAUUSD,Buy,3.000,0.00000,0.00000,1754.62000,1756.45000,0.0000,0.0000,183.0,549.00,0.28,"",0,00:05:52:05,40.0,2h 20m,691.0,3.48,183.0,549.0,-636.0,-1908.0,22.3,100.0,0.00,0.00
,65932325,09/27/2021 11:31,09/27/2021 15:56,XAUUSD,Buy,3.000,0.00000,0.00000,1751.86000,1753.59000,0.0000,0.0000,173.0,519.00,0.26,"",0,00:04:25:14,75.0,3h 18m,360.0,0.88,410.0,1230.0,-360.0,-1080.0,53.2,69.2,-237.00,-711.00
,65932805,09/27/2021 11:37,09/27/2021 15:41,XAUUSD,Buy,3.000,0.00000,0.00000,1750.57000,1752.35000,0.0000,0.0000,178.0,534.00,0.27,"",0,00:04:04:40,75.0,3h 3m,361.0,0.43,539.0,1617.0,-231.0,-693.0,70.0,53.1,-361.00,-1083.00
,65918669,09/27/2021 06:21,09/27/2021 09:04,XAUUSD,Buy,6.000,1756.90000,0.00000,1760.68000,1756.85000,0.0000,0.0000,-383.0,-2298.00,-1.15,"[sl]",0,00:02:42:47,,,,,,,,,,,,
,65852173,09/23/2021 23:25,09/27/2021 09:04,XAUUSD,Buy,10.000,1756.90000,0.00000,1742.99000,1756.85000,0.0000,-357.0200,1386.0,13502.98,7.26,"[sl]",0,03:09:38:20,98.8,3d 8h ,1326.0,0.01,1675.0,16750.0,-15.0,-150.0,99.1,82.9,-289.00,-2890.00
,65852144,09/23/2021 23:25,09/27/2021 09:04,XAUUSD,Buy,10.000,1756.90000,0.00000,1742.46000,1756.85000,0.0000,-357.0200,1439.0,14032.98,8.17,"[sl]",0,03:09:38:31,100.0,3d 9h ,1326.0,0.00,1728.0,17280.0,0.0,0.0,100.0,83.3,-289.00,-2890.00
,65882106,09/24/2021 16:04,09/27/2021 06:15,XAUUSD,Buy,10.000,1743.80000,0.00000,1744.86000,1760.09000,0.0000,-178.5100,1523.0,15051.49,9.60,"",0,02:14:11:31,100.0,2d 14h ,429.0,0.00,1523.0,15230.0,0.0,0.0,100.0,100.0,0.00,0.00
,65898776,09/24/2021 19:57,09/27/2021 06:15,XAUUSD,Buy,1.500,1737.00000,0.00000,1751.48000,1760.19000,0.0000,-26.7800,871.0,1279.72,0.82,"",0,02:10:17:23,10.2,5h 56m,472.0,0.54,871.0,1306.5,-472.0,-708.0,64.9,100.0,0.00,0.00
,65898391,09/24/2021 19:46,09/27/2021 06:15,XAUUSD,Buy,1.500,1743.80000,0.00000,1751.99000,1760.20000,0.0000,-26.7800,821.0,1204.72,0.78,"",0,02:10:28:40,10.2,5h 57m,523.0,0.64,821.0,1231.5,-523.0,-784.5,61.1,100.0,0.00,0.00
,65898233,09/24/2021 19:42,09/27/2021 06:15,XAUUSD,Buy,2.000,1743.80000,0.00000,1752.40000,1760.26000,0.0000,-35.7000,786.0,1536.30,1.01,"",0,02:10:33:01,10.2,5h 58m,564.0,0.72,786.0,1572.0,-564.0,-1128.0,58.2,100.0,0.00,0.00
,65896572,09/24/2021 19:08,09/27/2021 06:15,XAUUSD,Buy,2.000,1743.80000,0.00000,1753.38000,1760.21000,0.0000,-35.7000,683.0,1330.30,0.88,"",0,02:11:07:04,10.2,6h 1m,662.0,0.97,683.0,1366.0,-662.0,-1324.0,50.8,100.0,0.00,0.00
,65865236,09/24/2021 10:45,09/27/2021 06:15,XAUUSD,Buy,2.000,0.00000,0.00000,1753.78000,1760.22000,0.0000,-35.7000,644.0,1252.30,0.83,"",0,02:19:29:04,10.3,6h 57m,1326.0,1.70,644.0,1288.0,-1094.0,-2188.0,37.1,100.0,0.00,0.00
,65863397,09/24/2021 10:12,09/27/2021 06:14,XAUUSD,Buy,5.000,0.00000,0.00000,1753.63000,1760.21000,0.0000,-89.2600,658.0,3200.74,2.18,"",0,02:20:01:57,10.3,7h 0m,1326.0,1.64,658.0,3290.0,-1079.0,-5395.0,37.9,100.0,0.00,0.00
,65897910,09/24/2021 19:30,09/27/2021 06:08,XAUUSD,Buy,1.000,0.00000,0.00000,1752.69000,1759.50000,0.0000,-17.8500,681.0,663.15,0.45,"",0,02:10:37:41,10.2,5h 58m,593.0,0.84,705.0,705.0,-593.0,-593.0,54.3,98.2,-24.00,-24.00
,65896617,09/24/2021 19:09,09/27/2021 06:07,XAUUSD,Buy,1.000,0.00000,0.00000,1753.45000,1759.35000,0.0000,-17.8500,590.0,572.15,0.39,"",0,02:10:58:39,10.2,6h 0m,669.0,1.06,629.0,629.0,-669.0,-669.0,48.5,97.0,-39.00,-39.00
,65898434,09/24/2021 19:48,09/27/2021 06:07,XAUUSD,Buy,1.500,0.00000,0.00000,1751.93000,1759.25000,0.0000,-26.7800,732.0,1071.22,0.74,"",0,02:10:19:20,10.2,5h 56m,517.0,0.66,781.0,1171.5,-517.0,-775.5,60.2,96.2,-49.00,-73.50
,65897999,09/24/2021 19:34,09/27/2021 06:07,XAUUSD,Buy,1.000,0.00000,0.00000,1752.75000,1759.23000,0.0000,-17.8500,648.0,630.15,0.44,"",0,02:10:33:29,10.2,5h 58m,599.0,0.86,699.0,699.0,-599.0,-599.0,53.9,96.1,-51.00,-51.00
,65899170,09/24/2021 20:03,09/27/2021 06:07,XAUUSD,Buy,0.500,1737.00000,0.00000,1751.47000,1759.26000,0.0000,-8.9300,779.0,380.57,0.26,"",0,02:10:04:31,10.4,6h 2m,251.0,0.30,827.0,413.5,-251.0,-125.5,76.7,95.5,-48.00,-24.00
,65899595,09/24/2021 20:20,09/27/2021 06:07,XAUUSD,Buy,0.500,0.00000,0.00000,1751.16000,1759.25000,0.0000,-8.9300,809.0,395.57,0.28,"",0,02:09:47:07,10.4,6h 0m,220.0,0.26,858.0,429.0,-220.0,-110.0,79.6,95.5,-49.00,-24.50
,65901667,09/24/2021 22:08,09/27/2021 06:07,XAUUSD,Buy,3.000,1743.80000,0.00000,1747.04000,1759.23000,0.0000,-53.5500,1219.0,3603.45,2.58,"",0,02:07:58:59,14.3,8h 0m,72.0,0.00,1270.0,3810.0,0.0,0.0,100.0,96.0,-51.00,-153.00
,65904282,09/25/2021 08:34,,,Deposit,0.010,0.00000,0.00000,0.00000,0.00000,0.0000,0.0000,0.0,29.86,0,"CFX Fee from 22303274,#4173866",0,00:00:00:00,,,,,,,,,,,,
,65904271,09/25/2021 08:34,,,Deposit,0.010,0.00000,0.00000,0.00000,0.00000,0.0000,0.0000,0.0,56.72,0,"CFX Fee from 22329777,#4174184",0,00:00:00:00,,,,,,,,,,,,
,65877731,09/24/2021 15:05,09/24/2021 19:04,XAUUSD,Buy,5.000,0.00000,0.00000,1750.94000,1751.80000,0.0000,0.0000,86.0,430.00,0.31,"",0,00:03:59:34,,,,,,,,,,,,
,65886144,09/24/2021 16:52,09/24/2021 19:04,XAUUSD,Buy,3.000,0.00000,0.00000,1743.62000,1751.79000,0.0000,0.0000,817.0,2451.00,1.79,"",0,00:02:11:59,,,,,,,,,,,,
,65852135,09/23/2021 23:25,09/24/2021 16:03,XAUUSD,Buy,10.000,1743.50000,0.00000,1742.28000,1743.48000,0.0000,-178.5100,120.0,1021.49,0.75,"[sl]",0,00:16:38:08,100.0,16h 38m,1326.0,0.00,1382.0,13820.0,0.0,0.0,100.0,8.7,-1262.00,-12620.00
,65852336,09/23/2021 23:30,09/24/2021 09:03,XAUUSD,Buy,5.000,1737.00000,0.00000,1742.64000,1754.78000,0.0000,-89.2600,1214.0,5980.74,4.61,"",0,00:09:33:06,100.0,9h 33m,122.0,0.00,1253.0,6265.0,0.0,0.0,100.0,96.9,-39.00,-195.00
,65852851,09/23/2021 23:50,09/24/2021 07:04,XAUUSD,Buy,5.000,1738.00000,0.00000,1741.44000,1752.03000,0.0000,-89.2600,1059.0,5205.74,4.18,"",0,00:07:14:19,100.0,7h 14m,314.0,0.00,1373.0,6865.0,0.0,0.0,100.0,77.1,-314.00,-1570.00
,65826391,09/23/2021 16:11,09/23/2021 23:24,XAUUSD,Buy,10.000,1739.00000,0.00000,1755.93000,1737.79000,0.0000,0.0000,-1814.0,-18140.00,-12.72,"[sl]",0,00:07:13:02,0.0,0s,1814.0,2000.00,0.0,0.0,-1814.0,-18140.0,0.0,0.0,-1814.00,-18140.00
,65828092,09/23/2021 16:34,09/23/2021 23:24,XAUUSD,Buy,3.000,1739.00000,0.00000,1755.72000,1737.79000,0.0000,0.0000,-1793.0,-5379.00,-3.63,"[sl]",0,00:06:49:19,0.0,0s,1793.0,2000.00,0.0,0.0,-1793.0,-5379.0,0.0,0.0,-1793.00,-5379.00
,65827470,09/23/2021 16:27,09/23/2021 23:24,XAUUSD,Buy,3.000,1739.00000,0.00000,1756.30000,1738.09000,0.0000,0.0000,-1821.0,-5463.00,-3.56,"[sl]",0,00:06:56:31,0.0,0s,1821.0,2000.00,0.0,0.0,-1821.0,-5463.0,0.0,0.0,-1821.00,-5463.00
,65821783,09/23/2021 15:31,09/23/2021 23:24,XAUUSD,Buy,3.000,1739.00000,0.00000,1768.95000,1737.79000,0.0000,0.0000,-3116.0,-9348.00,-5.74,"[sl]",0,00:07:53:05,0.0,0s,3116.0,3333.33,0.0,0.0,-3116.0,-9348.0,0.0,0.0,-3116.00,-9348.00
,65851599,09/23/2021 23:10,09/23/2021 23:24,XAUUSD,Buy,5.000,1743.00000,0.00000,1747.47000,1740.72000,0.0000,0.0000,-675.0,-3375.00,-2.03,"[sl]",0,00:00:14:12,,,,,,,,,,,,
,65839505,09/23/2021 17:55,09/23/2021 23:24,XAUUSD,Buy,5.000,1741.00000,0.00000,1750.37000,1740.72000,0.0000,0.0000,-965.0,-4825.00,-2.82,"[sl]",0,00:05:28:23,33.4,1h 49m,1199.0,4.13,234.0,1170.0,-965.0,-4825.0,19.5,0.0,-1199.00,-5995.00
,65824303,09/23/2021 15:57,09/23/2021 23:24,XAUUSD,Buy,5.000,1741.00000,0.00000,1764.60000,1740.72000,0.0000,0.0000,-2388.0,-11940.00,-6.53,"[sl]",0,00:07:26:54,0.0,0s,2388.0,2500.00,0.0,0.0,-2388.0,-11940.0,0.0,0.0,-2388.00,-11940.00
,65851628,09/23/2021 23:11,09/23/2021 23:24,XAUUSD,Buy,2.000,1743.00000,0.00000,1747.53000,1740.72000,0.0000,0.0000,-681.0,-1362.00,-0.74,"[sl]",0,00:00:12:53,,,,,,,,,,,,
,65846769,09/23/2021 20:02,09/23/2021 23:24,XAUUSD,Buy,2.000,1743.00000,0.00000,1750.77000,1740.72000,0.0000,0.0000,-1005.0,-2010.00,-1.08,"[sl]",0,00:03:21:19,,,,,,,,,,,,
,65845525,09/23/2021 19:20,09/23/2021 23:24,XAUUSD,Buy,2.000,1743.00000,0.00000,1751.64000,1740.72000,0.0000,0.0000,-1092.0,-2184.00,-1.16,"[sl]",0,00:04:03:22,0.0,0s,1092.0,1111.11,0.0,0.0,-1092.0,-2184.0,0.0,0.0,-1092.00,-2184.00
,65851638,09/23/2021 23:11,09/23/2021 23:24,XAUUSD,Buy,2.000,1743.80000,0.00000,1747.64000,1743.59000,0.0000,0.0000,-405.0,-810.00,-0.43,"[sl]",0,00:00:12:27,,,,,,,,,,,,
,65824056,09/23/2021 15:55,09/23/2021 23:24,XAUUSD,Buy,2.000,1744.00000,0.00000,1764.75000,1743.59000,0.0000,0.0000,-2116.0,-4232.00,-2.19,"[sl]",0,00:07:28:57,0.0,0s,2239.0,2500.00,0.0,0.0,-2239.0,-4478.0,0.0,5.5,-2116.00,-4232.00
,65851695,09/23/2021 23:16,09/23/2021 23:24,XAUUSD,Buy,2.000,1743.80000,0.00000,1747.41000,1743.64000,0.0000,0.0000,-377.0,-754.00,-0.39,"[sl]",0,00:00:07:47,,,,,,,,,,,,
,65849740,09/23/2021 21:52,,,Withdrawal,0.010,0.00000,0.00000,0.00000,0.00000,0.0000,0.0000,0.0,-4000.00,0,"Transfer to 11366030 #13710343",0,00:00:00:00,,,,,,,,,,,,
,65793569,09/23/2021 07:43,09/23/2021 17:51,XAUUSD,Buy,2.000,1749.00000,0.00000,1764.22000,1748.71000,0.0000,0.0000,-1551.0,-3102.00,-1.54,"[sl]",0,00:10:08:17,50.0,5h 4m,2602.0,1.48,1051.0,2102.0,-1551.0,-3102.0,40.4,0.0,-2602.00,-5204.00
,65786871,09/23/2021 01:26,09/23/2021 12:20,XAUUSD,Buy,3.000,1753.00000,0.00000,1769.51000,1771.89000,0.0000,0.0000,238.0,714.00,0.36,"",0,00:10:54:01,27.3,2h 58m,642.0,1.23,522.0,1566.0,-642.0,-1926.0,44.8,75.6,-284.00,-852.00
,65805074,09/23/2021 01:26,09/23/2021 12:20,XAUUSD,Buy,5.000,1753.00000,0.00000,1769.40000,1771.95000,0.0000,0.0000,255.0,1275.00,0.64,"from #65786874",0,00:10:53:41,27.3,2h 58m,631.0,1.18,533.0,2665.0,-631.0,-3155.0,45.8,76.1,-278.00,-1390.00
,65786851,09/23/2021 01:24,09/23/2021 11:29,XAUUSD,Buy,2.000,0.00000,0.00000,1769.09000,1769.16000,0.0000,0.0000,7.0,14.00,0.01,"",0,00:10:04:45,20.0,2h 0m,600.0,3.35,179.0,358.0,-600.0,-1200.0,23.0,77.9,-172.00,-344.00
,65786865,09/23/2021 01:25,09/23/2021 11:29,XAUUSD,Buy,2.000,0.00000,0.00000,1769.13000,1769.04000,0.0000,0.0000,-9.0,-18.00,-0.01,"",0,00:10:03:27,10.0,1h 0m,604.0,3.45,175.0,350.0,-604.0,-1208.0,22.5,76.4,-184.00,-368.00
,65786874,09/23/2021 01:26,09/23/2021 11:29,XAUUSD,Buy,5.000,1753.00000,0.00000,1769.40000,1769.19000,0.0000,0.0000,-21.0,-105.00,-0.05,"to #65805074",0,00:10:02:15,10.0,1h 0m,631.0,4.26,148.0,740.0,-631.0,-3155.0,19.0,78.3,-169.00,-845.00
,65786909,09/23/2021 01:30,09/23/2021 11:29,XAUUSD,Buy,3.000,1753.00000,0.00000,1768.91000,1769.24000,0.0000,0.0000,33.0,99.00,0.05,"",0,00:09:58:49,20.0,1h 59m,582.0,2.96,197.0,591.0,-582.0,-1746.0,25.3,78.9,-164.00,-492.00
,65786976,09/23/2021 01:35,09/23/2021 11:24,XAUUSD,Buy,1.000,0.00000,0.00000,1768.85000,1768.49000,0.0000,0.0000,-36.0,-36.00,-0.02,"",0,00:09:48:19,10.0,58m,576.0,2.84,203.0,203.0,-576.0,-576.0,26.1,69.3,-239.00,-239.00
,65787235,09/23/2021 02:17,09/23/2021 11:24,XAUUSD,Buy,1.000,0.00000,0.00000,1768.67000,1768.47000,0.0000,0.0000,-20.0,-20.00,-0.01,"",0,00:09:06:48,22.3,2h 1m,558.0,2.53,221.0,221.0,-558.0,-558.0,28.4,69.1,-241.00,-241.00
,65787171,09/23/2021 02:05,09/23/2021 11:24,XAUUSD,Buy,1.000,0.00000,0.00000,1768.56000,1768.45000,0.0000,0.0000,-11.0,-11.00,-0.01,"",0,00:09:18:37,22.3,2h 4m,547.0,2.36,232.0,232.0,-547.0,-547.0,29.8,68.8,-243.00,-243.00
,65793449,09/23/2021 07:31,09/23/2021 10:46,XAUUSD,Buy,2.000,1753.00000,0.00000,1764.43000,1766.48000,0.0000,0.0000,205.0,410.00,0.21,"",0,00:03:14:44,,,,,,,,,,,,
,65786964,09/23/2021 01:33,09/23/2021 10:46,XAUUSD,Buy,3.000,1757.00000,0.00000,1768.69000,1766.47000,0.0000,0.0000,-222.0,-666.00,-0.33,"",0,00:09:12:43,11.2,1h 1m,560.0,43.10,13.0,39.0,-560.0,-1680.0,2.3,59.0,-235.00,-705.00
,65793151,09/23/2021 07:13,09/23/2021 10:46,XAUUSD,Buy,5.000,1753.00000,0.00000,1764.98000,1766.48000,0.0000,0.0000,150.0,750.00,0.38,"",0,00:03:32:39,,,,,,,,,,,,
,65785906,09/22/2021 23:57,,,Withdrawal,0.010,0.00000,0.00000,0.00000,0.00000,0.0000,0.0000,0.0,-1000.00,0,"Transfer to 11366030 #13696997",0,00:00:00:00,,,,,,,,,,,,
,65783029,09/22/2021 22:25,,,Withdrawal,0.010,0.00000,0.00000,0.00000,0.00000,0.0000,0.0000,0.0,-2200.00,0,"Transfer to 11366030 #13696217",0,00:00:00:00,,,,,,,,,,,,
,65781416,09/22/2021 22:09,09/22/2021 22:24,XAUUSD,Buy,1.000,0.00000,0.00000,1771.10000,1771.38000,0.0000,0.0000,28.0,28.00,0.01,"",0,00:00:15:15,,,,,,,,,,,,
,65781581,09/22/2021 22:10,09/22/2021 22:24,XAUUSD,Buy,1.000,0.00000,0.00000,1770.02000,1771.55000,0.0000,0.0000,153.0,153.00,0.08,"",0,00:00:13:44,,,,,,,,,,,,
,65781108,09/22/2021 22:07,09/22/2021 22:24,XAUUSD,Buy,1.000,0.00000,0.00000,1768.53000,1771.38000,0.0000,0.0000,285.0,285.00,0.14,"",0,00:00:17:08,,,,,,,,,,,,
,65781099,09/22/2021 22:07,09/22/2021 22:24,XAUUSD,Buy,1.000,0.00000,0.00000,1768.38000,1771.40000,0.0000,0.0000,302.0,302.00,0.15,"",0,00:00:17:07,,,,,,,,,,,,
,65781726,09/22/2021 22:12,09/22/2021 22:23,XAUUSD,Buy,2.000,0.00000,0.00000,1770.27000,1773.04000,0.0000,0.0000,277.0,554.00,0.28,"",0,00:00:10:50,,,,,,,,,,,,
,65781910,09/22/2021 22:15,09/22/2021 22:23,XAUUSD,Buy,2.000,0.00000,0.00000,1770.87000,1773.19000,0.0000,0.0000,232.0,464.00,0.23,"",0,00:00:07:54,,,,,,,,,,,,
,65781949,09/22/2021 22:15,09/22/2021 22:21,XAUUSD,Buy,2.000,0.00000,0.00000,1771.49000,1773.57000,0.0000,0.0000,208.0,416.00,0.21,"",0,00:00:05:49,,,,,,,,,,,,
,65777391,09/22/2021 21:48,,,Withdrawal,0.010,0.00000,0.00000,0.00000,0.00000,0.0000,0.0000,0.0,-462.00,0,"Transfer to 11366030 #13695525",0,00:00:00:00,,,,,,,,,,,,
,65754012,09/22/2021 16:17,09/22/2021 21:42,XAUUSD,Sell,0.020,0.00000,0.00000,1772.77000,1776.44000,0.0000,0.0000,-367.0,-7.34,0.00,"from #65753733",0,00:05:24:53,,,,,,,,,,,,
,65773061,09/22/2021 21:35,09/22/2021 21:42,XAUUSD,Sell,0.150,0.00000,0.00000,1785.67000,1776.90000,0.0000,0.0000,877.0,131.55,0.07,"",0,00:00:07:03,,,,,,,,,,,,
,65772407,09/22/2021 21:27,09/22/2021 21:41,XAUUSD,Sell,0.150,0.00000,0.00000,1783.34000,1772.14000,0.0000,0.0000,1120.0,168.00,0.08,"",0,00:00:13:59,,,,,,,,,,,,
,65755900,09/22/2021 17:23,09/22/2021 21:41,XAUUSD,Sell,0.050,0.00000,0.00000,1775.05000,1771.50000,0.0000,0.0000,355.0,17.75,0.01,"",0,00:04:17:58,,,,,,,,,,,,
,65763228,09/22/2021 19:18,09/22/2021 21:41,XAUUSD,Sell,0.050,0.00000,0.00000,1778.18000,1771.10000,0.0000,0.0000,708.0,35.40,0.02,"",0,00:02:22:51,,,,,,,,,,,,
,65771918,09/22/2021 21:20,09/22/2021 21:41,XAUUSD,Sell,0.150,0.00000,0.00000,1782.78000,1772.17000,0.0000,0.0000,1061.0,159.15,0.08,"",0,00:00:21:29,,,,,,,,,,,,
,65761412,09/22/2021 18:44,09/22/2021 21:41,XAUUSD,Sell,0.050,0.00000,0.00000,1777.20000,1772.63000,0.0000,0.0000,457.0,22.85,0.01,"",0,00:02:57:19,,,,,,,,,,,,
,65770226,09/22/2021 21:10,09/22/2021 21:41,XAUUSD,Sell,0.150,0.00000,0.00000,1783.60000,1772.73000,0.0000,0.0000,1087.0,163.05,0.08,"",0,00:00:31:14,,,,,,,,,,,,
,65773179,09/22/2021 21:36,09/22/2021 21:41,XAUUSD,Sell,0.150,0.00000,0.00000,1780.31000,1771.21000,0.0000,0.0000,910.0,136.50,0.07,"",0,00:00:04:48,,,,,,,,,,,,
,65757241,09/22/2021 17:40,09/22/2021 17:57,XAUUSD,Sell,0.050,0.00000,0.00000,1777.36000,1775.22000,0.0000,0.0000,214.0,10.70,0.01,"",0,00:00:16:36,,,,,,,,,,,,
,65754805,09/22/2021 17:13,09/22/2021 17:57,XAUUSD,Sell,0.080,0.00000,0.00000,1773.99000,1775.12000,0.0000,0.0000,-113.0,-9.04,0.00,"",0,00:00:43:53,,,,,,,,,,,,
,65755797,09/22/2021 17:22,09/22/2021 17:57,XAUUSD,Sell,0.050,0.00000,0.00000,1776.21000,1775.17000,0.0000,0.0000,104.0,5.20,0.00,"",0,00:00:34:59,,,,,,,,,,,,
,65753733,09/22/2021 16:17,09/22/2021 17:05,XAUUSD,Sell,0.080,0.00000,0.00000,1772.77000,1773.52000,0.0000,0.0000,-75.0,-6.00,0.00,"to #65754012",0,00:00:47:47,,,,,,,,,,,,
,65753744,09/22/2021 16:48,09/22/2021 17:05,XAUUSD,Sell,0.100,0.00000,0.00000,1775.80000,1773.52000,0.0000,0.0000,228.0,22.80,0.01,"from #65752303",0,00:00:16:28,,,,,,,,,,,,
,65752303,09/22/2021 16:48,09/22/2021 17:03,XAUUSD,Sell,0.100,0.00000,0.00000,1775.80000,1773.54000,0.0000,0.0000,226.0,22.60,0.01,"to #65753744",0,00:00:14:44,,,,,,,,,,,,
,65749899,09/22/2021 16:17,09/22/2021 17:03,XAUUSD,Sell,0.100,0.00000,0.00000,1772.77000,1773.45000,0.0000,0.0000,-68.0,-6.80,0.00,"to #65753733",0,00:00:45:50,,,,,,,,,,,,
,65748196,09/22/2021 15:46,09/22/2021 17:03,XAUUSD,Sell,0.100,0.00000,0.00000,1773.10000,1773.54000,0.0000,0.0000,-44.0,-4.40,0.00,"",0,00:01:16:28,,,,,,,,,,,,
,65751440,09/22/2021 16:39,09/22/2021 17:03,XAUUSD,Sell,0.200,0.00000,0.00000,1775.68000,1773.51000,0.0000,0.0000,217.0,43.40,0.02,"",0,00:00:23:49,,,,,,,,,,,,
,65747422,09/22/2021 15:29,09/22/2021 17:02,XAUUSD,Sell,0.100,0.00000,0.00000,1774.02000,1773.44000,0.0000,0.0000,58.0,5.80,0.00,"",0,00:01:33:52,,,,,,,,,,,,
,65747682,09/22/2021 15:36,09/22/2021 17:02,XAUUSD,Sell,0.100,0.00000,0.00000,1773.00000,1773.41000,0.0000,0.0000,-41.0,-4.10,0.00,"",0,00:01:26:00,,,,,,,,,,,,
,65747496,09/22/2021 15:30,09/22/2021 17:02,XAUUSD,Sell,0.100,0.00000,0.00000,1773.89000,1773.55000,0.0000,0.0000,34.0,3.40,0.00,"",0,00:01:31:49,,,,,,,,,,,,
,65748477,09/22/2021 15:53,09/22/2021 17:02,XAUUSD,Sell,0.100,0.00000,0.00000,1773.53000,1773.59000,0.0000,0.0000,-6.0,-0.60,0.00,"",0,00:01:08:49,,,,,,,,,,,,
,65751751,09/22/2021 16:42,09/22/2021 17:01,XAUUSD,Sell,0.200,0.00000,0.00000,1776.34000,1773.76000,0.0000,0.0000,258.0,51.60,0.03,"",0,00:00:19:14,,,,,,,,,,,,
,65751447,09/22/2021 16:39,09/22/2021 17:01,XAUUSD,Sell,0.500,0.00000,0.00000,1775.64000,1773.52000,0.0000,0.0000,212.0,106.00,0.05,"",0,00:00:21:59,,,,,,,,,,,,
,65742471,09/22/2021 13:01,09/22/2021 14:08,XAUUSD,Sell,0.500,0.00000,0.00000,1775.63000,1775.08000,0.0000,0.0000,55.0,27.50,0.01,"",0,00:01:07:01,,,,,,,,,,,,
,65739006,09/22/2021 11:33,09/22/2021 11:49,XAUUSD,Buy,0.500,0.00000,0.00000,1775.48000,1775.95000,0.0000,0.0000,47.0,23.50,0.01,"",0,00:00:16:37,,,,,,,,,,,,
,65717570,09/21/2021 21:00,09/21/2021 21:36,XAUUSD,Sell,0.020,0.00000,0.00000,1775.96000,1775.22000,0.0000,0.0000,74.0,1.48,0.00,"",0,00:00:36:03,,,,,,,,,,,,
,65717898,09/21/2021 21:13,09/21/2021 21:25,XAUUSD,Sell,0.100,0.00000,0.00000,1775.81000,1775.31000,0.0000,0.0000,50.0,5.00,0.00,"",0,00:00:12:12,,,,,,,,,,,,
,65717442,09/21/2021 20:56,09/21/2021 21:25,XAUUSD,Sell,0.020,0.00000,0.00000,1775.66000,1775.47000,0.0000,0.0000,19.0,0.38,0.00,"",0,00:00:28:56,,,,,,,,,,,,
,65717507,09/21/2021 20:59,09/21/2021 21:24,XAUUSD,Sell,0.020,0.00000,0.00000,1776.07000,1775.49000,0.0000,0.0000,58.0,1.16,0.00,"",0,00:00:25:39,,,,,,,,,,,,
,65717811,09/21/2021 21:08,09/21/2021 21:24,XAUUSD,Sell,0.100,0.00000,0.00000,1775.78000,1775.49000,0.0000,0.0000,29.0,2.90,0.00,"",0,00:00:16:15,,,,,,,,,,,,
,65715358,09/21/2021 19:38,09/21/2021 19:41,XAUUSD,Buy,0.150,0.00000,0.00000,1776.71000,1776.81000,0.0000,0.0000,10.0,1.50,0.00,"",0,00:00:02:55,,,,,,,,,,,,
,65715292,09/21/2021 19:35,09/21/2021 19:41,XAUUSD,Buy,0.150,0.00000,0.00000,1776.48000,1776.84000,0.0000,0.0000,36.0,5.40,0.00,"",0,00:00:05:38,,,,,,,,,,,,
,65709612,09/21/2021 17:56,09/21/2021 18:57,XAUUSD,Sell,0.500,0.00000,0.00000,1777.14000,1777.96000,0.0000,0.0000,-82.0,-41.00,-0.02,"",0,00:01:01:11,,,,,,,,,,,,
,65711418,09/21/2021 18:14,09/21/2021 18:57,XAUUSD,Sell,0.500,0.00000,0.00000,1778.83000,1778.04000,0.0000,0.0000,79.0,39.50,0.02,"",0,00:00:42:43,,,,,,,,,,,,
,65712656,09/21/2021 18:33,09/21/2021 18:57,XAUUSD,Sell,1.500,0.00000,0.00000,1780.48000,1777.82000,0.0000,0.0000,266.0,399.00,0.20,"",0,00:00:23:29,,,,,,,,,,,,
,65711669,09/21/2021 18:19,09/21/2021 18:57,XAUUSD,Sell,0.500,0.00000,0.00000,1779.59000,1777.79000,0.0000,0.0000,180.0,90.00,0.05,"",0,00:00:37:59,,,,,,,,,,,,
,65711018,09/21/2021 18:09,,,Withdrawal,0.010,0.00000,0.00000,0.00000,0.00000,0.0000,0.0000,0.0,-1500.00,0,"Transfer to 11366030 #13677438",0,00:00:00:00,,,,,,,,,,,,
,65709880,09/21/2021 17:59,,,Withdrawal,0.010,0.00000,0.00000,0.00000,0.00000,0.0000,0.0000,0.0,-8000.00,0,"Transfer to 11366030 #13677100",0,00:00:00:00,,,,,,,,,,,,
,65676228,09/21/2021 08:57,09/21/2021 17:29,XAUUSD,Buy,0.500,1769.40000,0.00000,1763.52000,1774.86000,0.0000,0.0000,1134.0,567.00,0.27,"",0,00:08:32:05,,,,,,,,,,,,
,65659432,09/20/2021 19:29,09/21/2021 17:21,XAUUSD,Buy,0.500,1769.40000,0.00000,1760.69000,1773.79000,0.0000,-8.9300,1310.0,646.07,0.31,"",0,00:21:52:10,20.0,4h 22m,0.0,0.00,1310.0,655.0,0.0,0.0,100.0,100.0,0.00,0.00
,65656897,09/20/2021 18:49,09/21/2021 16:58,XAUUSD,Buy,1.000,1763.40000,0.00000,1761.37000,1773.86000,0.0000,-17.8500,1249.0,1231.15,0.60,"",0,00:22:08:15,20.0,4h 25m,0.0,0.00,1249.0,1249.0,0.0,0.0,100.0,100.0,0.00,0.00
,65679258,09/21/2021 10:05,09/21/2021 16:51,XAUUSD,Buy,1.000,0.00000,0.00000,1761.22000,1772.12000,0.0000,0.0000,1090.0,1090.00,0.53,"",0,00:06:45:42,,,,,,,,,,,,
,65698821,09/21/2021 16:00,09/21/2021 16:41,XAUUSD,Buy,2.000,0.00000,0.00000,1772.33000,1773.20000,0.0000,0.0000,87.0,174.00,0.09,"",0,00:00:41:10,,,,,,,,,,,,
,65615078,09/20/2021 07:15,09/21/2021 16:36,XAUUSD,Buy,10.000,1763.40000,0.00000,1746.74000,1771.31000,0.0000,-178.5100,2457.0,24391.49,13.53,"",0,01:09:20:19,12.5,4h 10m,0.0,0.00,2457.0,24570.0,0.0,0.0,100.0,100.0,0.00,0.00
,65695602,09/21/2021 15:20,09/21/2021 16:36,XAUUSD,Buy,5.000,1763.40000,0.00000,1769.18000,1771.41000,0.0000,0.0000,223.0,1115.00,0.62,"",0,00:01:15:45,,,,,,,,,,,,
,65697327,09/21/2021 15:42,09/21/2021 16:34,XAUUSD,Buy,2.000,0.00000,0.00000,1771.96000,1772.04000,0.0000,0.0000,8.0,16.00,0.01,"",0,00:00:52:04,,,,,,,,,,,,
,65699904,09/21/2021 16:11,09/21/2021 16:30,XAUUSD,Buy,2.000,0.00000,0.00000,1771.79000,1772.39000,0.0000,0.0000,60.0,120.00,0.07,"",0,00:00:18:35,,,,,,,,,,,,
,65700007,09/21/2021 16:13,09/21/2021 16:24,XAUUSD,Buy,2.000,0.00000,0.00000,1771.55000,1771.99000,0.0000,0.0000,44.0,88.00,0.05,"",0,00:00:11:26,,,,,,,,,,,,
,65697371,09/21/2021 15:42,09/21/2021 16:24,XAUUSD,Buy,2.000,0.00000,0.00000,1771.88000,1772.15000,0.0000,0.0000,27.0,54.00,0.03,"",0,00:00:41:56,,,,,,,,,,,,
,65695281,09/21/2021 15:17,09/21/2021 15:36,XAUUSD,Buy,10.000,1763.40000,0.00000,1769.34000,1771.92000,0.0000,0.0000,258.0,2580.00,1.46,"",0,00:00:18:50,,,,,,,,,,,,
,65695467,09/21/2021 15:18,09/21/2021 15:21,XAUUSD,Buy,5.000,1763.40000,0.00000,1768.63000,1769.81000,0.0000,0.0000,118.0,590.00,0.34,"",0,00:00:02:35,,,,,,,,,,,,
,65695534,09/21/2021 15:19,09/21/2021 15:21,XAUUSD,Buy,5.000,0.00000,0.00000,1768.15000,1770.57000,0.0000,0.0000,242.0,1210.00,0.69,"",0,00:00:01:21,,,,,,,,,,,,
,65615080,09/20/2021 07:15,09/21/2021 15:15,XAUUSD,Buy,10.000,1749.00000,0.00000,1746.74000,1766.72000,0.0000,-178.5100,1998.0,19801.49,12.80,"",0,01:07:59:52,12.5,3h 59m,0.0,0.00,1998.0,19980.0,0.0,0.0,100.0,100.0,0.00,0.00
,65615084,09/20/2021 07:15,09/21/2021 15:15,XAUUSD,Buy,10.000,1749.00000,0.00000,1746.80000,1766.53000,0.0000,-178.5100,1973.0,19551.49,14.47,"",0,01:07:59:46,12.5,3h 59m,0.0,0.00,1973.0,19730.0,0.0,0.0,100.0,100.0,0.00,0.00
,65676233,09/21/2021 08:57,09/21/2021 12:16,XAUUSD,Buy,0.500,0.00000,0.00000,1763.44000,1764.54000,0.0000,0.0000,110.0,55.00,0.04,"",0,00:03:18:43,,,,,,,,,,,,
,65656621,09/20/2021 18:45,09/21/2021 12:16,XAUUSD,Buy,0.500,0.00000,0.00000,1762.07000,1764.54000,0.0000,-8.9300,247.0,114.57,0.08,"",0,00:17:30:41,25.0,4h 22m,0.0,0.00,247.0,123.5,0.0,0.0,100.0,100.0,0.00,0.00
,65682202,09/21/2021 10:59,09/21/2021 12:16,XAUUSD,Buy,2.000,0.00000,0.00000,1760.50000,1764.49000,0.0000,0.0000,399.0,798.00,0.59,"",0,00:01:16:58,,,,,,,,,,,,
,65656740,09/20/2021 18:47,09/20/2021 22:07,XAUUSD,Buy,1.000,0.00000,0.00000,1761.53000,1762.15000,0.0000,0.0000,62.0,62.00,0.05,"",0,00:03:20:56,,,,,,,,,,,,
,65656649,09/20/2021 18:45,09/20/2021 20:10,XAUUSD,Buy,2.000,0.00000,0.00000,1762.08000,1762.25000,0.0000,0.0000,17.0,34.00,0.03,"",0,00:01:24:32,,,,,,,,,,,,
,65615088,09/20/2021 07:16,09/20/2021 18:08,XAUUSD,Buy,5.000,0.00000,0.00000,1746.85000,1765.71000,0.0000,0.0000,1886.0,9430.00,7.57,"",0,00:10:52:01,,,,,,,,,,,,
,65643147,09/20/2021 15:37,09/20/2021 17:43,XAUUSD,Buy,10.000,1752.80000,0.00000,1758.32000,1764.86000,0.0000,0.0000,654.0,6540.00,5.54,"",0,00:02:06:06,,,,,,,,,,,,
,65647377,09/20/2021 16:35,09/20/2021 16:57,XAUUSD,Buy,5.000,1749.00000,0.00000,1756.05000,1758.74000,0.0000,0.0000,269.0,1345.00,1.15,"",0,00:00:22:05,,,,,,,,,,,,
,65615104,09/20/2021 07:16,09/20/2021 15:33,XAUUSD,Buy,5.000,0.00000,0.00000,1746.90000,1758.05000,0.0000,0.0000,1115.0,5575.00,5.02,"",0,00:08:16:28,,,,,,,,,,,,
,65639229,09/20/2021 14:53,09/20/2021 15:33,XAUUSD,Buy,1.000,0.00000,0.00000,1756.07000,1758.22000,0.0000,0.0000,215.0,215.00,0.19,"",0,00:00:39:26,,,,,,,,,,,,
,65636063,09/20/2021 14:08,09/20/2021 15:33,XAUUSD,Buy,2.000,0.00000,0.00000,1756.88000,1758.25000,0.0000,0.0000,137.0,274.00,0.25,"",0,00:01:24:08,,,,,,,,,,,,
,65615092,09/20/2021 07:16,09/20/2021 10:53,XAUUSD,Buy,15.000,1743.40000,0.00000,1746.91000,1753.42000,0.0000,0.0000,651.0,9765.00,9.68,"",0,00:03:36:57,,,,,,,,,,,,
,65615142,09/20/2021 07:19,09/20/2021 08:53,XAUUSD,Buy,5.000,1744.40000,0.00000,1746.77000,1750.99000,0.0000,0.0000,422.0,2110.00,2.14,"",0,00:01:33:53,,,,,,,,,,,,
,65615020,09/20/2021 07:12,,,Deposit,0.010,0.00000,0.00000,0.00000,0.00000,0.0000,0.0000,0.0,50000.00,0,"Bonus deposit 120% - #65615019",0,00:00:00:00,,,,,,,,,,,,
,65615019,09/20/2021 07:12,,,Deposit,0.000,0.00000,0.00000,0.00000,0.00000,0.0000,0.0000,0.0,48795.61,0,"Deposit CRCB 13644660",0,00:00:00:00,,,,,,,,,,,,

