Tags,Ticket,Open Date,Close Date,Symbol,Action,Units/Lots,SL,TP,Open Price,Close Price,Commission,Swap,Pips,Profit,Gain,Comment,Magic Number,Duration (DD:HH:MM:SS),Profitable(%),Profitable(time duration),Drawdown,Risk:Reward,Max(pips),Max(USD),Min(pips),Min(USD),Entry Accuracy(%),Exit Accuracy(%),ProfitMissed(pips),ProfitMissed(USD)
,3917696,08/01/2021 11:24,,,Withdrawal,0.010,0.00000,0.00000,0.00000,0.00000,0.0000,0.0000,0.0,-5553.52,0,"Transfer to 11366030 #13060902",0,00:00:00:00,,,,,,,,,,,,
,3916800,08/01/2021 04:03,,,Deposit,0.010,0.00000,0.00000,0.00000,0.00000,0.0000,0.0000,0.0,1526.41,0,"VIP Rebate",0,00:00:00:00,,,,,,,,,,,,
,3916799,08/01/2021 04:03,,,Deposit,0.010,0.00000,0.00000,0.00000,0.00000,0.0000,0.0000,0.0,4027.11,0,"Rebate",0,00:00:00:00,,,,,,,,,,,,
,3915353,08/01/2021 02:36,,,Withdrawal,0.010,0.00000,0.00000,0.00000,0.00000,0.0000,0.0000,0.0,-1699.35,0,"Transfer to 11366030 #13059109",0,00:00:00:00,,,,,,,,,,,,
,3914900,08/01/2021 01:25,,,Deposit,0.010,0.00000,0.00000,0.00000,0.00000,0.0000,0.0000,0.0,1219.50,0,"IR #73",0,00:00:00:00,,,,,,,,,,,,
,3914353,08/01/2021 01:23,,,Deposit,0.010,0.00000,0.00000,0.00000,0.00000,0.0000,0.0000,0.0,479.85,0,"IR #73 VIP",0,00:00:00:00,,,,,,,,,,,,
,3464406,07/21/2021 17:06,,,Withdrawal,0.010,0.00000,0.00000,0.00000,0.00000,0.0000,0.0000,0.0,-73.60,0,"Transfer to 11366030 #12927739",0,00:00:00:00,,,,,,,,,,,,
,3444472,07/21/2021 12:30,,,Withdrawal,0.010,0.00000,0.00000,0.00000,0.00000,0.0000,0.0000,0.0,-800.14,0,"Cancellation of #3314692",0,00:00:00:00,,,,,,,,,,,,
,3443706,07/21/2021 12:13,07/21/2021 12:30,XAUUSD,Buy,0.500,0.00000,0.00000,1808.87000,1805.38000,0.0000,0.0000,-349.0,-174.50,-16.65,"[stopout]",0,00:00:17:11,0.0,0s,349.0,357.14,0.0,0.0,-349.0,-174.5,0.0,0.0,-349.00,-174.50
,3443480,07/21/2021 12:09,07/21/2021 12:30,XAUUSD,Buy,0.200,0.00000,0.00000,1808.55000,1805.38000,0.0000,0.0000,-317.0,-63.40,-5.70,"[stopout]",0,00:00:20:49,14.3,2m,352.0,9.06,35.0,7.0,-317.0,-63.400000000000006,9.9,0.0,-352.00,-70.40
,3443056,07/21/2021 12:02,07/21/2021 12:30,XAUUSD,Buy,0.500,0.00000,0.00000,1808.76000,1805.38000,0.0000,0.0000,-338.0,-169.00,-13.20,"[stopout]",0,00:00:28:05,7.2,2m,352.0,24.15,14.0,7.0,-338.0,-169.0,4.0,0.0,-352.00,-176.00
,3443004,07/21/2021 12:02,07/21/2021 12:30,XAUUSD,Buy,1.500,0.00000,0.00000,1808.50000,1805.38000,0.0000,0.0000,-312.0,-468.00,-26.76,"[stopout]",0,00:00:28:21,14.3,4m,352.0,7.80,40.0,60.0,-312.0,-468.0,11.4,0.0,-352.00,-528.00
,3442220,07/21/2021 11:56,07/21/2021 12:30,XAUUSD,Buy,0.500,0.00000,0.00000,1807.49000,1805.38000,0.0000,0.0000,-211.0,-105.50,-5.69,"[stopout]",0,00:00:33:52,47.1,15m,352.0,1.50,141.0,70.5,-211.0,-105.5,40.1,0.0,-352.00,-176.00
,3442188,07/21/2021 11:56,07/21/2021 12:30,XAUUSD,Buy,0.500,0.00000,0.00000,1807.47000,1805.38000,0.0000,0.0000,-209.0,-104.50,-5.34,"[stopout]",0,00:00:34:02,47.1,16m,352.0,1.46,143.0,71.5,-209.0,-104.5,40.6,0.0,-352.00,-176.00
,3441987,07/21/2021 11:53,07/21/2021 12:30,XAUUSD,Buy,0.500,0.00000,0.00000,1806.78000,1805.38000,0.0000,0.0000,-140.0,-70.00,-3.45,"[stopout]",0,00:00:36:52,64.9,23m,352.0,0.66,212.0,106.0,-140.0,-70.0,60.2,0.0,-352.00,-176.00
,3441959,07/21/2021 11:53,07/21/2021 12:30,XAUUSD,Buy,1.000,0.00000,0.00000,1806.74000,1805.38000,0.0000,0.0000,-136.0,-136.00,-6.28,"[stopout]",0,00:00:37:06,64.9,24m,352.0,0.63,216.0,216.0,-136.0,-136.0,61.4,0.0,-352.00,-352.00
,3441171,07/21/2021 11:44,07/21/2021 12:30,XAUUSD,Buy,1.000,0.00000,0.00000,1806.35000,1805.38000,0.0000,0.0000,-97.0,-97.00,-4.29,"[stopout]",0,00:00:45:47,74.0,33m,352.0,0.38,255.0,255.0,-97.0,-97.0,72.4,0.0,-352.00,-352.00
,3440157,07/21/2021 11:31,07/21/2021 12:30,XAUUSD,Buy,3.000,0.00000,0.00000,1804.39000,1805.38000,0.0000,0.0000,99.0,297.00,15.12,"[stopout]",0,00:00:59:10,93.3,55m,352.0,0.07,451.0,1353.0,-31.0,-93.0,93.6,27.0,-352.00,-1056.00
,3440321,07/21/2021 11:32,07/21/2021 12:24,XAUUSD,Buy,0.500,0.00000,0.00000,1804.67000,1806.38000,0.0000,0.0000,171.0,85.50,4.55,"",0,00:00:51:55,86.6,44m,259.0,0.14,423.0,211.5,-59.0,-29.5,87.8,47.7,-252.00,-126.00
,3440771,07/21/2021 11:38,07/21/2021 12:24,XAUUSD,Buy,0.100,0.00000,0.00000,1804.93000,1806.07000,0.0000,0.0000,114.0,11.40,0.61,"",0,00:00:46:33,95.7,44m,283.0,0.15,397.0,39.7,-59.0,-5.9,87.1,37.9,-283.00,-28.30
,3440238,07/21/2021 11:32,07/21/2021 12:21,XAUUSD,Buy,1.000,0.00000,0.00000,1804.67000,1806.19000,0.0000,0.0000,152.0,152.00,8.86,"",0,00:00:49:11,85.8,42m,271.0,0.14,423.0,423.0,-59.0,-59.0,87.8,43.8,-271.00,-271.00
,3425249,07/20/2021 18:13,07/21/2021 11:30,XAUUSD,Buy,5.000,0.00000,0.00000,1808.50000,1803.21000,0.0000,-89.2500,-529.0,-2734.25,-61.44,"from #3406430 [stopout]",0,00:17:17:17,68.3,11h 48m,1030.0,1.06,501.0,2505.0,-529.0,-2645.0,48.6,0.0,-1030.00,-5150.00
,3406352,07/20/2021 18:12,07/21/2021 11:30,XAUUSD,Buy,10.000,0.00000,0.00000,1807.59000,1803.21000,0.0000,-178.5100,-438.0,-4558.51,-50.60,"[stopout]",0,00:17:18:25,79.9,13h 49m,1030.0,0.74,592.0,5920.0,-438.0,-4380.0,57.5,0.0,-1030.00,-10300.00
,3400352,07/20/2021 17:33,07/21/2021 11:30,XAUUSD,Buy,2.000,0.00000,0.00000,1818.98000,1803.21000,0.0000,-35.7000,-1577.0,-3189.70,-26.15,"[stopout]",0,00:17:57:13,0.0,0s,1577.0,1666.67,0.0,0.0,-1577.0,-3154.0,0.0,0.0,-1577.00,-3154.00
,3388451,07/20/2021 13:53,07/21/2021 11:30,XAUUSD,Buy,7.000,0.00000,0.00000,1817.38000,1803.21000,0.0000,-124.9600,-1417.0,-10043.96,-45.16,"from #3379456 [stopout]",0,00:21:37:13,12.4,2h 40m,2073.0,2.16,656.0,4592.0,-1417.0,-9919.0,31.6,0.0,-2073.00,-14511.00
,3406430,07/20/2021 18:13,07/21/2021 07:08,XAUUSD,Buy,5.000,0.00000,0.00000,1808.50000,1808.72000,0.0000,-89.2600,22.0,20.74,0.09,"to #3425249",0,00:12:54:31,72.0,9h 17m,680.0,0.97,346.0,1730.0,-334.0,-1670.0,50.9,52.4,-324.00,-1620.00
,3406176,07/20/2021 18:10,07/20/2021 18:36,XAUUSD,Buy,10.000,0.00000,0.00000,1806.35000,1806.48000,0.0000,0.0000,13.0,130.00,0.59,"",0,00:00:26:31,100.0,26m,398.0,0.00,411.0,4110.0,0.0,0.0,100.0,3.2,-398.00,-3980.00
,3379456,07/20/2021 13:53,07/20/2021 15:43,XAUUSD,Buy,3.000,1809.89000,0.00000,1817.38000,1821.81000,0.0000,0.0000,443.0,1329.00,6.40,"to #3388451",0,00:01:50:07,35.5,39m,271.0,0.39,557.0,1671.0,-218.0,-654.0,71.9,85.3,-114.00,-342.00
,3379476,07/20/2021 13:53,07/20/2021 15:43,XAUUSD,Buy,1.000,0.00000,0.00000,1817.35000,1822.36000,0.0000,0.0000,501.0,501.00,2.47,"",0,00:01:49:48,36.4,39m,271.0,0.38,560.0,560.0,-215.0,-215.0,72.3,92.4,-59.00,-59.00
,3322296,07/19/2021 16:26,07/20/2021 15:06,XAUUSD,Buy,0.500,1799.00000,0.00000,1811.64000,1816.07000,0.0000,-8.9300,443.0,212.57,1.06,"",0,00:22:39:35,72.8,16h 29m,971.0,0.79,734.0,367.0,-580.0,-290.0,55.9,77.9,-291.00,-145.50
,3319167,07/19/2021 16:01,07/20/2021 15:06,XAUUSD,Buy,0.500,0.00000,0.00000,1809.18000,1816.06000,0.0000,-8.9300,688.0,335.07,1.70,"",0,00:23:05:01,80.2,18h 30m,971.0,0.34,980.0,490.0,-334.0,-167.0,74.6,77.8,-292.00,-146.00
,3315454,07/19/2021 15:34,07/20/2021 15:06,XAUUSD,Buy,0.500,0.00000,0.00000,1798.64000,1816.16000,0.0000,-8.9300,1752.0,867.07,4.60,"",0,00:23:32:07,100.0,23h 32m,971.0,0.00,2034.0,1017.0,0.0,0.0,100.0,86.1,-282.00,-141.00
,3371842,07/20/2021 11:56,07/20/2021 13:50,XAUUSD,Buy,1.000,0.00000,0.00000,1813.49000,1816.12000,0.0000,0.0000,263.0,263.00,1.42,"",0,00:01:54:14,98.3,1h 52m,274.0,0.11,537.0,537.0,-61.0,-61.0,89.8,54.2,-274.00,-274.00
,3317076,07/19/2021 15:47,07/20/2021 13:50,XAUUSD,Buy,1.500,0.00000,0.00000,1803.56000,1816.08000,0.0000,-26.7800,1252.0,1851.22,11.06,"",0,00:22:03:33,100.0,22h 3m,971.0,0.00,1542.0,2313.0,0.0,0.0,100.0,81.2,-290.00,-435.00
,3324123,07/19/2021 16:38,07/20/2021 13:50,XAUUSD,Buy,0.500,0.00000,0.00000,1811.17000,1816.18000,0.0000,-8.9300,501.0,241.57,1.46,"",0,00:21:12:07,76.5,16h 13m,971.0,0.68,781.0,390.5,-533.0,-266.5,59.4,78.7,-280.00,-140.00
,3315778,07/19/2021 15:37,07/20/2021 13:50,XAUUSD,Buy,1.000,0.00000,0.00000,1800.41000,1816.32000,0.0000,-17.8500,1591.0,1573.15,10.55,"",0,00:22:13:05,100.0,22h 13m,971.0,0.00,1857.0,1857.0,0.0,0.0,100.0,85.7,-266.00,-266.00
,3315993,07/19/2021 15:39,07/20/2021 13:50,XAUUSD,Buy,2.000,0.00000,0.00000,1801.50000,1816.36000,0.0000,-35.7000,1486.0,2936.30,24.51,"",0,00:22:10:46,100.0,22h 10m,971.0,0.00,1748.0,3496.0,0.0,0.0,100.0,85.0,-262.00,-524.00
,3316688,07/19/2021 15:44,07/20/2021 13:50,XAUUSD,Buy,1.500,0.00000,0.00000,1803.79000,1816.30000,0.0000,-26.7800,1251.0,1849.72,18.26,"",0,00:22:06:03,100.0,22h 6m,971.0,0.00,1519.0,2278.5,0.0,0.0,100.0,82.4,-268.00,-402.00
,3315364,07/19/2021 15:33,07/20/2021 13:50,XAUUSD,Buy,1.000,1798.00000,0.00000,1797.96000,1816.34000,0.0000,-17.8500,1838.0,1820.15,21.90,"",0,00:22:16:59,100.0,22h 16m,971.0,0.00,2102.0,2102.0,0.0,0.0,100.0,87.4,-264.00,-264.00
,3371879,07/20/2021 11:57,07/20/2021 13:49,XAUUSD,Buy,1.000,0.00000,0.00000,1813.36000,1816.11000,0.0000,0.0000,275.0,275.00,3.42,"",0,00:01:52:40,99.2,1h 51m,275.0,0.05,550.0,550.0,-26.0,-26.0,95.5,52.3,-275.00,-275.00
,3362611,07/20/2021 08:56,07/20/2021 13:47,XAUUSD,Buy,2.000,0.00000,0.00000,1815.97000,1816.53000,0.0000,0.0000,56.0,112.00,1.41,"from #3359926",0,00:04:51:03,43.0,2h 5m,561.0,1.41,289.0,578.0,-408.0,-816.0,41.5,66.6,-233.00,-466.00
,3359926,07/20/2021 08:56,07/20/2021 09:51,XAUUSD,Buy,2.000,0.00000,0.00000,1815.97000,1816.28000,0.0000,0.0000,31.0,62.00,0.79,"to #3362611",0,00:00:55:10,74.6,41m,133.0,0.73,153.0,306.0,-111.0,-222.0,58.0,53.8,-122.00,-244.00
,3315225,07/19/2021 15:31,07/20/2021 06:01,XAUUSD,Buy,3.000,1815.80000,0.00000,1796.71000,1815.75000,0.0000,-53.5500,1904.0,5658.45,256.72,"[sl]",0,00:14:29:44,100.0,14h 29m,971.0,0.00,2227.0,6681.0,0.0,0.0,100.0,85.5,-323.00,-969.00
,3335524,07/19/2021 18:11,07/20/2021 06:01,XAUUSD,Buy,1.000,1815.80000,0.00000,1808.71000,1815.75000,0.0000,-17.8500,704.0,686.15,45.20,"[sl]",0,00:11:50:24,67.1,7h 56m,364.0,0.35,1035.0,1035.0,-364.0,-364.0,74.0,76.3,-331.00,-331.00
,3314692,07/19/2021 15:28,,,Deposit,0.010,0.00000,0.00000,0.00000,0.00000,0.0000,0.0000,0.0,828.00,0,"Bonus deposit 120% - #3314691",0,00:00:00:00,,,,,,,,,,,,
,3314691,07/19/2021 15:28,,,Deposit,0.010,0.00000,0.00000,0.00000,0.00000,0.0000,0.0000,0.0,690.00,0,"Deposit CONNECT USD 12887716",0,00:00:00:00,,,,,,,,,,,,
,3313796,07/19/2021 15:20,,,Deposit,0.010,0.00000,0.00000,0.00000,0.00000,0.0000,0.0000,0.0,2556.00,0,"Balance reset",0,00:00:00:00,,,,,,,,,,,,
,3310400,07/19/2021 14:57,,,Withdrawal,0.010,0.00000,0.00000,0.00000,0.00000,0.0000,0.0000,0.0,-17467.55,0,"Cancellation of #2453045",0,00:00:00:00,,,,,,,,,,,,
,3310399,07/19/2021 14:57,,,Withdrawal,0.010,0.00000,0.00000,0.00000,0.00000,0.0000,0.0000,0.0,-20377.02,0,"Cancellation of #2421995",0,00:00:00:00,,,,,,,,,,,,
,3275560,07/19/2021 09:17,07/19/2021 14:57,XAUUSD,Buy,15.000,1798.00000,0.00000,1807.16000,1799.42000,0.0000,0.0000,-774.0,-11610.00,-24.76,"[stopout]",0,00:05:40:20,1.5,5m,811.0,20.92,37.0,555.0,-774.0,-11610.0,4.6,0.0,-811.00,-12165.00
,3265809,07/19/2021 04:42,07/19/2021 14:57,XAUUSD,Buy,22.000,1798.00000,0.00000,1813.47000,1799.42000,0.0000,0.0000,-1405.0,-30910.00,-39.73,"[stopout]",0,00:10:14:31,17.4,1h 46m,1588.0,7.68,183.0,4026.0,-1405.0,-30910.0,11.5,0.0,-1588.00,-34936.00
,3264842,07/19/2021 04:06,07/19/2021 14:57,XAUUSD,Buy,15.000,1798.00000,0.00000,1816.36000,1799.42000,0.0000,0.0000,-1694.0,-25410.00,-24.62,"[stopout]",0,00:10:50:32,0.0,0s,1694.0,2000.00,0.0,0.0,-1694.0,-25410.0,0.0,0.0,-1694.00,-25410.00
,3240625,07/16/2021 17:51,07/19/2021 14:57,XAUUSD,Buy,20.000,1798.00000,1823.00000,1813.58000,1799.42000,0.0000,-357.0200,-1416.0,-28677.02,-21.74,"[stopout]",0,02:21:05:33,7.9,5h 27m,1736.0,4.43,320.0,6400.0,-1416.0,-28320.0,18.4,0.0,-1736.00,-34720.00
,3238663,07/16/2021 17:33,07/19/2021 14:57,XAUUSD,Buy,5.000,1798.00000,0.00000,1817.03000,1799.42000,0.0000,-89.2600,-1761.0,-8894.26,-6.32,"[stopout]",0,02:21:23:52,0.0,0s,1761.0,2000.00,0.0,0.0,-1761.0,-8805.0,0.0,0.0,-1761.00,-8805.00
,3194290,07/16/2021 09:03,07/19/2021 14:57,XAUUSD,Buy,5.000,1798.00000,0.00000,1825.33000,1799.42000,0.0000,-89.2600,-2591.0,-13044.26,-8.48,"[stopout]",0,03:05:53:31,0.4,18m,2629.0,68.49,38.0,190.0,-2591.0,-12955.0,1.4,0.0,-2629.00,-13145.00
,3191766,07/16/2021 07:55,07/19/2021 14:57,XAUUSD,Buy,5.000,1798.00000,0.00000,1826.76000,1799.42000,0.0000,-89.2600,-2734.0,-13759.26,-8.21,"[stopout]",0,03:07:01:29,0.2,9m,2742.0,344.83,8.0,40.0,-2734.0,-13670.0,0.3,0.0,-2742.00,-13710.00
,3187858,07/16/2021 05:25,07/19/2021 14:57,XAUUSD,Buy,20.000,1798.00000,0.00000,1827.10000,1799.42000,0.0000,-357.0200,-2768.0,-55717.02,-24.95,"[stopout]",0,03:09:31:38,1.9,1h 32m,2945.0,15.65,177.0,3540.0,-2768.0,-55360.0,6.0,0.0,-2945.00,-58900.00
,3183375,07/16/2021 02:45,07/19/2021 14:57,XAUUSD,Buy,5.000,1798.00000,0.00000,1830.82000,1799.42000,0.0000,-89.2600,-3140.0,-15789.26,-6.60,"[stopout]",0,03:12:12:01,0.0,0s,3140.0,3333.33,0.0,0.0,-3140.0,-15700.0,0.0,0.0,-3140.00,-15700.00
,3181389,07/16/2021 01:27,07/19/2021 14:57,XAUUSD,Buy,5.000,1798.00000,1853.00000,1829.53000,1799.42000,0.0000,-89.2600,-3011.0,-15144.26,-5.96,"[stopout]",0,03:13:30:21,2.9,2h 28m,3247.0,12.77,236.0,1180.0,-3011.0,-15055.0,7.3,0.0,-3247.00,-16235.00
,3178864,07/15/2021 12:03,07/19/2021 14:57,XAUUSD,Buy,5.000,0.00000,1846.00000,1832.78000,1799.42000,0.0000,-165.4300,-3336.0,-16845.43,-6.21,"from #3133678 [stopout]",0,04:02:53:51,0.2,11m,3342.0,588.24,6.0,30.0,-3336.0,-16680.0,0.2,0.0,-3342.00,-16710.00
,3178815,07/15/2021 12:03,07/19/2021 14:57,XAUUSD,Buy,5.000,1798.00000,1853.00000,1832.81000,1799.42000,0.0000,-165.4300,-3339.0,-16860.43,-5.86,"from #3133656 [stopout]",0,04:02:53:55,0.1,5m,3342.0,1250.00,3.0,15.0,-3339.0,-16695.0,0.1,0.0,-3342.00,-16710.00
,3137385,07/15/2021 13:04,07/19/2021 14:57,XAUUSD,Buy,5.000,0.00000,0.00000,1830.48000,1799.42000,0.0000,-165.4300,-3106.0,-15695.43,-5.17,"[stopout]",0,04:01:52:34,1.0,58m,3247.0,22.08,141.0,705.0,-3106.0,-15530.0,4.3,0.0,-3247.00,-16235.00
,3137345,07/15/2021 13:04,07/19/2021 14:57,XAUUSD,Buy,5.000,1798.00000,0.00000,1830.37000,1799.42000,0.0000,-165.4300,-3095.0,-15640.43,-4.90,"[stopout]",0,04:01:52:43,1.2,1h 10m,3247.0,20.37,152.0,760.0,-3095.0,-15475.0,4.7,0.0,-3247.00,-16235.00
,3136882,07/15/2021 13:02,07/19/2021 14:57,XAUUSD,Buy,5.000,0.00000,0.00000,1831.15000,1799.42000,0.0000,-165.4300,-3173.0,-16030.43,-4.78,"[stopout]",0,04:01:55:09,0.4,23m,3247.0,42.92,74.0,370.0,-3173.0,-15865.0,2.3,0.0,-3247.00,-16235.00
,3297435,07/19/2021 12:18,07/19/2021 14:56,XAUUSD,Buy,15.000,1800.80000,0.00000,1802.96000,1800.77000,0.0000,0.0000,-219.0,-3285.00,-0.97,"[sl]",0,00:02:38:27,65.2,1h 43m,572.0,0.73,330.0,4950.0,-242.0,-3630.0,57.7,4.0,-549.00,-8235.00
,3277045,07/19/2021 09:36,07/19/2021 12:12,XAUUSD,Buy,35.000,1801.80000,0.00000,1806.40000,1801.72000,0.0000,0.0000,-468.0,-16380.00,-4.61,"[sl]",0,00:02:36:45,12.9,20m,581.0,4.14,113.0,3955.0,-468.0,-16380.0,19.4,0.0,-581.00,-20335.00
,3181453,07/16/2021 01:31,07/19/2021 12:10,XAUUSD,Buy,5.000,1802.40000,0.00000,1829.62000,1801.91000,0.0000,-89.2600,-2771.0,-13944.26,-3.78,"[sl]",0,03:10:39:30,2.9,2h 23m,2998.0,12.21,227.0,1135.0,-2771.0,-13855.0,7.6,0.0,-2998.00,-14990.00
,3181532,07/16/2021 01:33,07/19/2021 09:54,XAUUSD,Buy,5.000,1803.89000,1846.00000,1829.67000,1803.84000,0.0000,-89.2600,-2583.0,-13004.26,-3.40,"[sl]",0,03:08:20:47,3.0,2h 24m,2805.0,11.64,222.0,1110.0,-2583.0,-12915.0,7.9,0.0,-2805.00,-14025.00
,3187907,07/16/2021 05:28,07/19/2021 09:14,XAUUSD,Buy,5.000,1807.80000,0.00000,1827.03000,1807.70000,0.0000,-89.2600,-1933.0,-9754.26,-2.49,"[sl]",0,03:03:46:16,2.1,1h 35m,2257.0,11.27,184.0,920.0,-2073.0,-10365.0,8.2,6.2,-2117.00,-10585.00
,3183239,07/16/2021 02:40,07/19/2021 09:14,XAUUSD,Buy,5.000,1807.80000,0.00000,1831.09000,1807.70000,0.0000,-89.2600,-2339.0,-11784.26,-2.92,"[sl]",0,03:06:33:47,0.0,0s,2479.0,2500.00,0.0,0.0,-2479.0,-12395.0,0.0,5.6,-2339.00,-11695.00
,3265181,07/19/2021 04:17,07/19/2021 04:42,XAUUSD,Buy,5.000,1812.89000,0.00000,1815.47000,1812.87000,0.0000,0.0000,-260.0,-1300.00,-0.32,"[sl]",0,00:00:24:31,40.0,9m,309.0,5.31,49.0,245.0,-260.0,-1300.0,15.9,0.0,-309.00,-1545.00
,3264803,07/19/2021 04:06,07/19/2021 04:42,XAUUSD,Buy,15.000,1812.89000,0.00000,1815.90000,1812.87000,0.0000,0.0000,-303.0,-4545.00,-1.11,"[sl]",0,00:00:36:06,8.4,3m,333.0,10.10,30.0,450.0,-303.0,-4545.0,9.0,0.0,-333.00,-4995.00
,3241616,07/16/2021 18:01,07/19/2021 03:49,XAUUSD,Buy,20.000,1804.30000,1822.00000,1813.46000,1815.36000,0.0000,-357.0200,190.0,3442.98,0.85,"",0,02:09:47:29,5.5,3h 10m,643.0,0.92,376.0,7520.0,-344.0,-6880.0,52.2,74.2,-186.00,-3720.00
,3249244,07/16/2021 21:11,07/16/2021 21:23,XAUUSD,Buy,5.000,1809.00000,0.00000,1812.18000,1812.70000,0.0000,0.0000,52.0,260.00,0.06,"",0,00:00:12:13,,,,,,,,,,,,
,3238927,07/16/2021 17:35,07/16/2021 19:25,XAUUSD,Buy,5.000,1803.89000,0.00000,1815.94000,1816.24000,0.0000,0.0000,30.0,150.00,0.04,"",0,00:01:50:06,4.6,5m,611.0,10.96,54.0,270.0,-592.0,-2960.0,8.4,96.3,-24.00,-120.00
,3236956,07/16/2021 17:21,07/16/2021 17:22,XAUUSD,Buy,15.000,1809.00000,0.00000,1814.98000,1815.66000,0.0000,0.0000,68.0,1020.00,0.25,"",0,00:00:01:08,,,,,,,,,,,,
,3216569,07/16/2021 13:46,07/16/2021 15:48,XAUUSD,Buy,20.000,1809.00000,0.00000,1819.42000,1824.71000,0.0000,0.0000,529.0,10580.00,2.69,"",0,00:02:01:48,35.3,42m,401.0,0.64,569.0,11380.0,-362.0,-7240.0,61.1,95.7,-40.00,-800.00
,3219293,07/16/2021 14:16,07/16/2021 15:22,XAUUSD,Buy,5.000,1814.40000,0.00000,1817.18000,1821.17000,0.0000,0.0000,399.0,1995.00,0.51,"",0,00:01:05:47,78.8,51m,210.0,0.32,435.0,2175.0,-138.0,-690.0,75.9,93.7,-36.00,-180.00
,3219257,07/16/2021 14:16,07/16/2021 15:02,XAUUSD,Buy,5.000,1814.40000,0.00000,1816.94000,1817.55000,0.0000,0.0000,61.0,305.00,0.08,"",0,00:00:46:37,71.8,33m,192.0,0.66,172.0,860.0,-114.0,-570.0,60.1,61.2,-111.00,-555.00
,3216919,07/16/2021 13:49,07/16/2021 14:01,XAUUSD,Buy,10.000,1812.80000,0.00000,1818.93000,1819.50000,0.0000,0.0000,57.0,570.00,0.15,"",0,00:00:11:23,100.0,11m,42.0,0.01,88.0,880.0,0.0,0.0,100.0,64.8,-31.00,-310.00
,3214346,07/16/2021 13:15,07/16/2021 13:46,XAUUSD,Buy,15.000,1818.80000,0.00000,1823.45000,1817.73000,0.0000,0.0000,-572.0,-8580.00,-2.15,"[sl]",0,00:00:31:18,0.0,0s,572.0,588.24,0.0,0.0,-572.0,-8580.0,0.0,0.0,-572.00,-8580.00
,3194895,07/16/2021 09:14,07/16/2021 13:46,XAUUSD,Buy,5.000,1818.80000,0.00000,1824.98000,1817.73000,0.0000,0.0000,-725.0,-3625.00,-0.90,"[sl]",0,00:04:32:33,11.1,30m,833.0,6.72,108.0,540.0,-725.0,-3625.0,13.0,0.0,-833.00,-4165.00
,3194356,07/16/2021 09:04,07/16/2021 13:46,XAUUSD,Buy,5.000,1818.80000,0.00000,1825.35000,1817.73000,0.0000,0.0000,-762.0,-3810.00,-0.94,"[sl]",0,00:04:41:58,4.7,13m,833.0,10.74,71.0,355.0,-762.0,-3810.0,8.5,0.0,-833.00,-4165.00
,3183541,07/16/2021 02:51,07/16/2021 04:47,XAUUSD,Buy,20.000,1826.40000,0.00000,1830.32000,1826.39000,0.0000,0.0000,-393.0,-7860.00,-1.89,"[sl]",0,00:01:55:37,24.2,27m,488.0,4.14,95.0,1900.0,-393.0,-7860.0,19.5,0.0,-488.00,-9760.00
,3182863,07/16/2021 02:18,07/16/2021 02:23,XAUUSD,Buy,0.990,0.00000,0.00000,1831.47000,1831.65000,0.0000,0.0000,18.0,17.82,0.00,"",0,00:00:05:16,80.0,4m,22.0,0.45,40.0,39.6,-18.0,-17.82,69.0,62.1,-22.00,-21.78
,3182487,07/16/2021 02:04,07/16/2021 02:06,XAUUSD,Buy,0.120,0.00000,0.00000,1830.64000,1831.11000,0.0000,0.0000,47.0,5.64,0.00,"",0,00:00:02:28,,,,,,,,,,,,
,3134730,07/15/2021 12:20,07/15/2021 23:51,XAUUSD,Buy,3.000,0.00000,0.00000,1832.45000,1829.32000,0.0000,0.0000,-313.0,-939.00,-0.23,"",0,00:11:31:35,2.9,20m,1193.0,30.40,38.0,114.0,-1155.0,-3465.0,3.2,70.6,-351.00,-1053.00
,3178840,07/15/2021 12:19,07/15/2021 23:51,XAUUSD,Buy,5.000,0.00000,0.00000,1832.35000,1829.45000,0.0000,0.0000,-290.0,-1450.00,-0.35,"from #3134664",0,00:11:31:38,2.9,20m,1193.0,23.87,48.0,240.0,-1145.0,-5725.0,4.0,71.7,-338.00,-1690.00
,3133678,07/15/2021 12:03,07/15/2021 22:31,XAUUSD,Buy,5.000,0.00000,0.00000,1832.78000,1829.63000,0.0000,0.0000,-315.0,-1575.00,-0.38,"to #3178864",0,00:10:28:23,1.0,6m,1229.0,54.95,22.0,110.0,-1207.0,-6035.0,1.8,72.6,-337.00,-1685.00
,3134664,07/15/2021 12:19,07/15/2021 22:31,XAUUSD,Buy,5.000,0.00000,0.00000,1832.35000,1829.56000,0.0000,0.0000,-279.0,-1395.00,-0.33,"to #3178840",0,00:10:11:51,4.0,24m,1213.0,23.81,49.0,245.0,-1164.0,-5820.0,4.0,73.0,-328.00,-1640.00
,3133656,07/15/2021 12:03,07/15/2021 22:31,XAUUSD,Buy,5.000,0.00000,0.00000,1832.81000,1829.51000,0.0000,0.0000,-330.0,-1650.00,-0.39,"to #3178815",0,00:10:28:14,0.7,4m,1229.0,63.69,19.0,95.0,-1210.0,-6050.0,1.5,71.6,-349.00,-1745.00
,3176531,07/15/2021 21:17,07/15/2021 22:14,XAUUSD,Buy,5.000,0.00000,0.00000,1828.44000,1828.90000,0.0000,0.0000,46.0,230.00,0.05,"",0,00:00:56:25,87.8,49m,127.0,0.51,110.0,550.0,-56.0,-280.0,66.3,61.4,-64.00,-320.00
,3177434,07/15/2021 21:41,07/15/2021 21:47,XAUUSD,Buy,2.000,0.00000,0.00000,1828.66000,1829.05000,0.0000,0.0000,39.0,78.00,0.02,"",0,00:00:05:56,100.0,5m,34.0,0.02,58.0,116.0,0.0,0.0,100.0,67.2,-19.00,-38.00
,3138047,07/15/2021 13:08,07/15/2021 20:52,XAUUSD,Buy,20.000,1809.00000,0.00000,1828.50000,1829.56000,0.0000,0.0000,106.0,2120.00,0.51,"",0,00:07:43:36,3.9,18m,779.0,5.90,132.0,2640.0,-779.0,-15580.0,14.5,97.1,-26.00,-520.00
,3170036,07/15/2021 13:09,07/15/2021 20:38,XAUUSD,Buy,10.000,1812.80000,0.00000,1828.12000,1828.73000,0.0000,0.0000,61.0,610.00,0.15,"from #3138198",0,00:07:28:22,2.3,10m,741.0,8.14,91.0,910.0,-741.0,-7410.0,10.9,96.4,-30.00,-300.00
,3140728,07/15/2021 13:27,07/15/2021 19:27,XAUUSD,Buy,20.000,1812.80000,0.00000,1825.47000,1826.75000,0.0000,0.0000,128.0,2560.00,0.62,"",0,00:06:00:31,34.8,2h 5m,727.0,1.90,251.0,5020.0,-476.0,-9520.0,34.5,83.1,-123.00,-2460.00
,3138198,07/15/2021 13:09,07/15/2021 19:24,XAUUSD,Buy,10.000,1812.80000,0.00000,1828.12000,1826.31000,0.0000,0.0000,-181.0,-1810.00,-0.43,"to #3170036",0,00:06:14:39,0.0,0s,741.0,769.23,0.0,0.0,-741.0,-7410.0,0.0,75.6,-181.00,-1810.00
,3163431,07/15/2021 17:47,07/15/2021 18:10,XAUUSD,Buy,10.000,1815.88000,0.00000,1822.05000,1822.73000,0.0000,0.0000,68.0,680.00,0.16,"",0,00:00:22:13,43.5,9m,224.0,1.24,108.0,1080.0,-134.0,-1340.0,44.6,83.5,-40.00,-400.00
,3160844,07/15/2021 17:15,07/15/2021 17:25,XAUUSD,Buy,20.000,1819.00000,0.00000,1822.32000,1823.06000,0.0000,0.0000,74.0,1480.00,0.36,"",0,00:00:10:27,70.0,7m,54.0,0.27,94.0,1880.0,-25.0,-500.0,79.0,83.2,-20.00,-400.00
,3155742,07/15/2021 16:20,07/15/2021 16:50,XAUUSD,Buy,5.000,0.00000,0.00000,1824.86000,1826.61000,0.0000,0.0000,175.0,875.00,0.21,"",0,00:00:30:21,86.7,26m,199.0,0.18,194.0,970.0,-34.0,-170.0,85.1,91.7,-19.00,-95.00
,3152682,07/15/2021 15:53,07/15/2021 16:11,XAUUSD,Buy,5.000,0.00000,0.00000,1823.85000,1825.25000,0.0000,0.0000,140.0,700.00,0.17,"",0,00:00:18:27,61.2,11m,114.0,0.52,193.0,965.0,-100.0,-500.0,65.9,81.9,-53.00,-265.00
,3152655,07/15/2021 15:52,07/15/2021 16:11,XAUUSD,Buy,5.000,0.00000,0.00000,1823.80000,1825.09000,0.0000,0.0000,129.0,645.00,0.16,"",0,00:00:18:27,57.9,10m,114.0,0.48,198.0,990.0,-95.0,-475.0,67.6,76.5,-69.00,-345.00
,3139427,07/15/2021 13:17,07/15/2021 15:25,XAUUSD,Buy,5.000,1818.89000,0.00000,1827.92000,1827.01000,0.0000,0.0000,-91.0,-455.00,-0.11,"",0,00:02:07:19,0.0,0s,497.0,500.00,0.0,0.0,-497.0,-2485.0,0.0,81.7,-91.00,-455.00
,3143298,07/15/2021 13:51,07/15/2021 15:25,XAUUSD,Buy,5.000,1820.89000,0.00000,1825.70000,1827.40000,0.0000,0.0000,170.0,850.00,0.21,"",0,00:01:33:10,26.9,25m,316.0,1.35,204.0,1020.0,-275.0,-1375.0,42.6,92.9,-34.00,-170.00
,3145450,07/15/2021 14:16,07/15/2021 14:54,XAUUSD,Buy,5.000,1819.00000,0.00000,1824.81000,1825.18000,0.0000,0.0000,37.0,185.00,0.04,"",0,00:00:37:36,71.1,26m,316.0,0.70,186.0,930.0,-130.0,-650.0,58.9,52.8,-149.00,-745.00
,3144295,07/15/2021 14:02,07/15/2021 14:28,XAUUSD,Buy,5.000,1819.00000,0.00000,1824.50000,1825.54000,0.0000,0.0000,104.0,520.00,0.13,"",0,00:00:26:11,50.0,13m,155.0,0.71,217.0,1085.0,-155.0,-775.0,58.3,69.6,-113.00,-565.00
,3141723,07/15/2021 13:33,07/15/2021 13:42,XAUUSD,Buy,20.000,1820.89000,1830.00000,1824.48000,1826.55000,0.0000,0.0000,207.0,4140.00,1.01,"",0,00:00:08:29,100.0,8m,151.0,0.00,301.0,6020.0,0.0,0.0,100.0,68.8,-94.00,-1880.00
,3120425,07/15/2021 09:35,07/15/2021 12:03,XAUUSD,Sell,0.100,0.00000,0.00000,1831.60000,1832.82000,0.0000,0.0000,-122.0,-12.20,0.00,"",0,00:02:28:22,41.3,1h 1m,296.0,1.36,174.0,17.400000000000002,-237.0,-23.700000000000003,42.3,28.0,-296.00,-29.60
,3119205,07/15/2021 09:15,07/15/2021 12:03,XAUUSD,Sell,0.100,0.00000,0.00000,1830.73000,1832.97000,0.0000,0.0000,-224.0,-22.40,-0.01,"",0,00:02:48:06,8.4,14m,324.0,3.72,87.0,8.700000000000001,-324.0,-32.4,21.2,24.3,-311.00,-31.10
,3118925,07/15/2021 09:11,07/15/2021 12:03,XAUUSD,Sell,0.100,0.00000,0.00000,1831.08000,1832.93000,0.0000,0.0000,-185.0,-18.50,0.00,"",0,00:02:51:46,14.6,25m,314.0,2.37,122.0,12.200000000000001,-289.0,-28.900000000000002,29.7,25.3,-307.00,-30.70
,3120478,07/15/2021 09:36,07/15/2021 12:03,XAUUSD,Sell,0.200,0.00000,0.00000,1831.20000,1832.82000,0.0000,0.0000,-162.0,-32.40,-0.01,"",0,00:02:27:28,19.8,29m,296.0,2.07,134.0,26.8,-277.0,-55.400000000000006,32.6,28.0,-296.00,-59.20
,3124143,07/15/2021 10:16,07/15/2021 12:03,XAUUSD,Sell,1.500,0.00000,0.00000,1831.95000,1832.82000,0.0000,0.0000,-87.0,-130.50,-0.03,"",0,00:01:46:54,72.0,1h 16m,296.0,0.46,209.0,313.5,-96.0,-144.0,68.5,3.0,-296.00,-444.00
,3124175,07/15/2021 10:16,07/15/2021 12:03,XAUUSD,Sell,1.500,0.00000,0.00000,1831.86000,1832.81000,0.0000,0.0000,-95.0,-142.50,-0.03,"",0,00:01:46:25,67.3,1h 11m,295.0,0.53,200.0,300.0,-105.0,-157.5,65.6,3.3,-295.00,-442.50
,3097499,07/14/2021 20:03,07/15/2021 02:13,XAUUSD,Buy,10.000,1815.89000,0.00000,1822.72000,1826.67000,0.0000,-457.0500,395.0,3492.95,0.86,"",0,00:06:09:54,96.3,5h 56m,288.0,0.14,578.0,5780.0,-82.0,-820.0,87.6,72.3,-183.00,-1830.00
,3097455,07/14/2021 20:02,07/15/2021 02:13,XAUUSD,Buy,10.000,1815.89000,0.00000,1822.78000,1826.78000,0.0000,-457.0500,400.0,3542.95,0.88,"",0,00:06:10:18,95.7,5h 54m,288.0,0.15,572.0,5720.0,-88.0,-880.0,86.7,73.9,-172.00,-1720.00
,3097426,07/14/2021 20:02,07/15/2021 02:12,XAUUSD,Buy,10.000,0.00000,0.00000,1822.72000,1826.76000,0.0000,-457.0500,404.0,3582.95,0.90,"",0,00:06:10:18,96.3,5h 56m,288.0,0.14,578.0,5780.0,-82.0,-820.0,87.6,73.6,-174.00,-1740.00
,3097862,07/14/2021 20:12,07/15/2021 02:12,XAUUSD,Buy,10.000,0.00000,0.00000,1822.23000,1826.76000,0.0000,-457.0500,453.0,4072.95,1.03,"",0,00:06:00:43,99.5,5h 58m,288.0,0.02,627.0,6270.0,-11.0,-110.0,98.3,72.7,-174.00,-1740.00
,3088391,07/14/2021 17:38,07/14/2021 17:49,XAUUSD,Buy,3.000,0.00000,0.00000,1820.06000,1822.57000,0.0000,0.0000,251.0,753.00,0.19,"",0,00:00:11:49,100.0,11m,40.0,0.00,268.0,804.0,0.0,0.0,100.0,93.7,-17.00,-51.00
,3088718,07/14/2021 17:42,07/14/2021 17:49,XAUUSD,Buy,5.000,0.00000,0.00000,1821.15000,1822.36000,0.0000,0.0000,121.0,605.00,0.15,"",0,00:00:07:07,100.0,7m,40.0,0.01,159.0,795.0,0.0,0.0,100.0,76.1,-38.00,-190.00
,3088675,07/14/2021 17:42,07/14/2021 17:49,XAUUSD,Buy,5.000,0.00000,0.00000,1821.34000,1822.44000,0.0000,0.0000,110.0,550.00,0.14,"",0,00:00:07:30,85.8,6m,40.0,0.09,140.0,700.0,-13.0,-65.0,91.5,80.4,-30.00,-150.00
,3088237,07/14/2021 17:37,07/14/2021 17:49,XAUUSD,Buy,3.000,0.00000,0.00000,1820.99000,1822.44000,0.0000,0.0000,145.0,435.00,0.11,"",0,00:00:12:37,66.7,8m,80.0,0.46,175.0,525.0,-80.0,-240.0,68.6,88.2,-30.00,-90.00
,3087945,07/14/2021 17:33,07/14/2021 17:49,XAUUSD,Buy,3.000,0.00000,0.00000,1822.06000,1822.34000,0.0000,0.0000,28.0,84.00,0.02,"",0,00:00:16:24,31.3,5m,219.0,3.22,68.0,204.0,-219.0,-657.0,23.7,86.1,-40.00,-120.00
,3088460,07/14/2021 17:38,07/14/2021 17:49,XAUUSD,Buy,3.000,0.00000,0.00000,1820.22000,1822.39000,0.0000,0.0000,217.0,651.00,0.17,"",0,00:00:10:41,91.0,9m,40.0,0.01,252.0,756.0,-3.0,-9.0,98.8,86.3,-35.00,-105.00
,3088509,07/14/2021 17:39,07/14/2021 17:49,XAUUSD,Buy,5.000,0.00000,0.00000,1820.53000,1822.29000,0.0000,0.0000,176.0,880.00,0.23,"",0,00:00:10:00,90.0,9m,45.0,0.00,221.0,1105.0,0.0,0.0,100.0,79.6,-45.00,-225.00
,3065775,07/14/2021 14:19,07/14/2021 17:36,XAUUSD,Sell,0.250,0.00000,0.00000,1816.43000,1821.23000,0.0000,0.0000,-480.0,-120.00,-0.03,"",0,00:03:17:10,0.0,0s,1288.0,1428.57,0.0,0.0,-1288.0,-322.0,0.0,62.7,-480.00,-120.00
,3066405,07/14/2021 14:27,07/14/2021 17:14,XAUUSD,Sell,0.250,0.00000,0.00000,1816.91000,1821.84000,0.0000,0.0000,-493.0,-123.25,-0.03,"",0,00:02:47:14,4.8,8m,1281.0,30.30,41.0,10.25,-1240.0,-310.0,3.2,58.3,-534.00,-133.50
,3068410,07/14/2021 14:58,07/14/2021 16:58,XAUUSD,Sell,0.250,0.00000,0.00000,1816.84000,1822.29000,0.0000,0.0000,-545.0,-136.25,-0.03,"",0,00:02:00:33,0.9,1m,1256.0,138.89,9.0,2.25,-1247.0,-311.75,0.7,55.9,-554.00,-138.50
,3069103,07/14/2021 15:03,07/14/2021 16:56,XAUUSD,Sell,0.500,0.00000,0.00000,1819.64000,1822.45000,0.0000,0.0000,-281.0,-140.50,-0.04,"",0,00:01:52:30,0.0,0s,967.0,1000.00,0.0,0.0,-967.0,-483.5,0.0,70.9,-281.00,-140.50
,3071731,07/14/2021 15:16,07/14/2021 16:56,XAUUSD,Sell,1.000,0.00000,0.00000,1826.45000,1821.98000,0.0000,0.0000,447.0,447.00,0.11,"",0,00:01:40:03,51.0,51m,512.0,0.57,503.0,503.0,-286.0,-286.0,63.8,92.9,-56.00,-56.00
,3069864,07/14/2021 15:07,07/14/2021 16:55,XAUUSD,Sell,0.500,0.00000,0.00000,1821.63000,1822.81000,0.0000,0.0000,-118.0,-59.00,-0.02,"",0,00:01:48:30,0.0,0s,768.0,769.23,0.0,0.0,-768.0,-384.0,0.0,84.6,-118.00,-59.00
,3071142,07/14/2021 15:13,07/14/2021 16:55,XAUUSD,Sell,1.000,0.00000,0.00000,1825.64000,1822.87000,0.0000,0.0000,277.0,277.00,0.07,"",0,00:01:42:29,34.4,35m,526.0,1.14,321.0,321.0,-367.0,-367.0,46.7,93.6,-44.00,-44.00
,3075129,07/14/2021 15:35,07/14/2021 16:54,XAUUSD,Sell,1.000,0.00000,0.00000,1827.48000,1823.13000,0.0000,0.0000,435.0,435.00,0.11,"",0,00:01:18:34,77.3,1h 0m,351.0,0.39,464.0,464.0,-183.0,-183.0,71.7,95.5,-29.00,-29.00
,3076661,07/14/2021 15:45,07/14/2021 16:50,XAUUSD,Sell,1.000,0.00000,0.00000,1826.43000,1823.63000,0.0000,0.0000,280.0,280.00,0.07,"",0,00:01:05:05,40.0,26m,351.0,0.94,308.0,308.0,-288.0,-288.0,51.7,95.3,-28.00,-28.00
,3078596,07/14/2021 16:01,07/14/2021 16:21,XAUUSD,Sell,1.500,0.00000,0.00000,1828.35000,1827.15000,0.0000,0.0000,120.0,180.00,0.05,"",0,00:00:19:53,95.0,18m,154.0,0.45,214.0,321.0,-96.0,-144.0,69.0,69.7,-94.00,-141.00
,3078524,07/14/2021 16:00,,,Withdrawal,0.010,0.00000,0.00000,0.00000,0.00000,0.0000,0.0000,0.0,-2500.00,0,"Transfer to 7332533 #12831503",0,00:00:00:00,,,,,,,,,,,,
,3071265,07/14/2021 15:14,,,Withdrawal,0.010,0.00000,0.00000,0.00000,0.00000,0.0000,0.0000,0.0,-1500.00,0,"Transfer to 7332533 #12829817",0,00:00:00:00,,,,,,,,,,,,
,3071022,07/14/2021 15:12,,,Withdrawal,0.010,0.00000,0.00000,0.00000,0.00000,0.0000,0.0000,0.0,-1500.00,0,"Transfer to 7332533 #12829770",0,00:00:00:00,,,,,,,,,,,,
,3070707,07/14/2021 15:11,,,Withdrawal,0.010,0.00000,0.00000,0.00000,0.00000,0.0000,0.0000,0.0,-1000.00,0,"Transfer to 7332533 #12829695",0,00:00:00:00,,,,,,,,,,,,
,3064220,07/14/2021 13:54,07/14/2021 15:05,XAUUSD,Sell,0.250,1821.00000,1807.00000,1815.78000,1821.00000,0.0000,0.0000,-522.0,-130.50,-0.03,"from #3063592[sl]",0,00:01:11:01,8.5,6m,654.0,6.19,91.0,22.75,-563.0,-140.75,13.9,6.3,-613.00,-153.25
,3063592,07/14/2021 13:54,07/14/2021 14:01,XAUUSD,Sell,0.250,1821.00000,1807.00000,1815.78000,1815.91000,0.0000,0.0000,-13.0,-3.25,0.00,"to #3064220",0,00:00:07:27,71.5,5m,111.0,0.22,91.0,22.75,-20.0,-5.0,82.0,6.3,-104.00,-26.00
,3060800,07/14/2021 13:17,07/14/2021 13:23,XAUUSD,Buy,0.100,0.00000,0.00000,1814.55000,1815.32000,0.0000,0.0000,77.0,7.70,0.00,"",0,00:00:06:01,66.7,4m,38.0,0.31,77.0,7.7,-24.0,-2.4000000000000004,76.2,100.0,0.00,0.00
,3060569,07/14/2021 12:00,07/14/2021 13:14,XAUUSD,Buy,10.000,1812.40000,0.00000,1814.45000,1814.68000,0.0000,0.0000,23.0,230.00,0.06,"from #3056107",0,00:01:13:58,21.7,16m,204.0,1.27,127.0,1270.0,-161.0,-1610.0,44.1,63.9,-104.00,-1040.00
,3056107,07/14/2021 12:00,07/14/2021 13:14,XAUUSD,Buy,10.000,1812.40000,0.00000,1814.45000,1814.83000,0.0000,0.0000,38.0,380.00,0.10,"to #3060569",0,00:01:13:48,21.7,16m,204.0,1.27,127.0,1270.0,-161.0,-1610.0,44.1,69.1,-89.00,-890.00
,3056139,07/14/2021 12:00,07/14/2021 13:13,XAUUSD,Buy,20.000,1809.40000,0.00000,1814.28000,1814.93000,0.0000,0.0000,65.0,1300.00,0.33,"",0,00:01:13:17,30.2,22m,204.0,1.00,144.0,2880.0,-144.0,-2880.0,50.0,72.6,-79.00,-1580.00
,3056195,07/14/2021 12:01,07/14/2021 13:08,XAUUSD,Buy,15.000,1809.40000,0.00000,1814.43000,1814.70000,0.0000,0.0000,27.0,405.00,0.10,"",0,00:01:07:29,15.0,10m,204.0,3.53,45.0,675.0,-159.0,-2385.0,22.1,91.2,-18.00,-270.00
,3056082,07/14/2021 12:00,07/14/2021 13:07,XAUUSD,Buy,2.000,0.00000,0.00000,1814.30000,1814.65000,0.0000,0.0000,35.0,70.00,0.02,"",0,00:01:07:40,20.9,14m,204.0,2.52,58.0,116.0,-146.0,-292.0,28.4,88.7,-23.00,-46.00
,3056295,07/14/2021 12:02,07/14/2021 13:07,XAUUSD,Buy,5.000,1809.40000,0.00000,1814.54000,1814.69000,0.0000,0.0000,15.0,75.00,0.02,"",0,00:01:05:09,9.3,6m,204.0,5.00,34.0,170.0,-170.0,-850.0,16.7,90.7,-19.00,-95.00
,3058993,07/14/2021 12:44,07/14/2021 12:55,XAUUSD,Buy,5.000,0.00000,0.00000,1813.66000,1813.85000,0.0000,0.0000,19.0,95.00,0.02,"",0,00:00:11:01,63.7,7m,80.0,1.54,52.0,260.0,-80.0,-400.0,39.4,75.0,-33.00,-165.00
,3055493,07/14/2021 10:49,07/14/2021 11:52,XAUUSD,Buy,1.500,0.00000,0.00000,1813.53000,1813.34000,0.0000,0.0000,-19.0,-28.50,-0.01,"from #3050844",0,00:01:03:07,38.1,24m,187.0,1.18,158.0,237.0,-187.0,-280.5,45.8,48.7,-177.00,-265.50
,3050844,07/14/2021 10:49,07/14/2021 11:52,XAUUSD,Buy,1.500,0.00000,0.00000,1813.53000,1813.43000,0.0000,0.0000,-10.0,-15.00,0.00,"to #3055493",0,00:01:03:00,38.1,24m,187.0,1.18,158.0,237.0,-187.0,-280.5,45.8,51.3,-168.00,-252.00
,3049088,07/14/2021 10:26,07/14/2021 11:52,XAUUSD,Buy,1.000,0.00000,0.00000,1812.88000,1813.38000,0.0000,0.0000,50.0,50.00,0.01,"",0,00:01:26:25,71.0,1h 1m,194.0,0.55,223.0,223.0,-122.0,-122.0,64.6,49.9,-173.00,-173.00
,3049123,07/14/2021 10:26,07/14/2021 11:52,XAUUSD,Buy,10.000,0.00000,0.00000,1812.73000,1813.38000,0.0000,0.0000,65.0,650.00,0.17,"",0,00:01:26:08,76.8,1h 6m,194.0,0.45,238.0,2380.0,-107.0,-1070.0,69.0,49.9,-173.00,-1730.00
,3049108,07/14/2021 10:26,07/14/2021 11:52,XAUUSD,Buy,10.000,0.00000,0.00000,1812.79000,1813.41000,0.0000,0.0000,62.0,620.00,0.16,"",0,00:01:26:06,75.6,1h 5m,194.0,0.49,232.0,2320.0,-113.0,-1130.0,67.2,50.7,-170.00,-1700.00
,3049687,07/14/2021 10:34,07/14/2021 11:52,XAUUSD,Buy,10.000,1807.89000,0.00000,1813.45000,1813.47000,0.0000,0.0000,2.0,20.00,0.01,"",0,00:01:17:25,41.1,31m,194.0,1.08,166.0,1660.0,-179.0,-1790.0,48.1,52.5,-164.00,-1640.00
,3049163,07/14/2021 10:26,07/14/2021 11:51,XAUUSD,Buy,15.000,0.00000,0.00000,1812.76000,1813.37000,0.0000,0.0000,61.0,915.00,0.23,"",0,00:01:25:03,75.3,1h 4m,194.0,0.47,235.0,3525.0,-110.0,-1650.0,68.1,49.6,-174.00,-2610.00
,3041724,07/14/2021 08:56,07/14/2021 10:17,XAUUSD,Sell,0.100,0.00000,0.00000,1812.00000,1811.99000,0.0000,0.0000,1.0,0.10,0.00,"",0,00:01:21:26,12.4,10m,298.0,1.87,159.0,15.9,-298.0,-29.8,34.8,65.4,-158.00,-15.80
,3043603,07/14/2021 09:20,07/14/2021 10:17,XAUUSD,Sell,0.100,0.00000,0.00000,1812.96000,1811.88000,0.0000,0.0000,108.0,10.80,0.00,"",0,00:00:57:25,59.7,34m,202.0,0.79,255.0,25.5,-202.0,-20.200000000000003,55.8,67.8,-147.00,-14.70
,3045192,07/14/2021 09:39,07/14/2021 10:01,XAUUSD,Sell,0.100,0.00000,0.00000,1814.16000,1812.14000,0.0000,0.0000,202.0,20.20,0.01,"",0,00:00:22:08,100.0,22m,48.0,0.00,250.0,25.0,0.0,0.0,100.0,80.8,-48.00,-4.80
,3044858,07/14/2021 09:35,07/14/2021 10:01,XAUUSD,Sell,0.100,0.00000,0.00000,1814.64000,1812.18000,0.0000,0.0000,246.0,24.60,0.01,"",0,00:00:26:03,100.0,26m,52.0,0.00,298.0,29.8,0.0,0.0,100.0,82.6,-52.00,-5.20
,3044194,07/14/2021 09:29,07/14/2021 10:01,XAUUSD,Sell,0.100,0.00000,0.00000,1813.72000,1812.14000,0.0000,0.0000,158.0,15.80,0.00,"",0,00:00:31:57,65.7,20m,126.0,0.61,206.0,20.6,-126.0,-12.600000000000001,62.0,85.5,-48.00,-4.80
,3045002,07/14/2021 09:37,07/14/2021 09:54,XAUUSD,Sell,0.100,0.00000,0.00000,1814.38000,1812.64000,0.0000,0.0000,174.0,17.40,0.00,"",0,00:00:17:23,100.0,17m,58.0,0.00,232.0,23.200000000000003,0.0,0.0,100.0,75.0,-58.00,-5.80
,3042632,07/14/2021 09:04,07/14/2021 09:54,XAUUSD,Sell,0.100,0.00000,0.00000,1813.17000,1812.63000,0.0000,0.0000,54.0,5.40,0.00,"",0,00:00:49:42,22.0,10m,181.0,1.63,111.0,11.100000000000001,-181.0,-18.1,38.0,80.5,-57.00,-5.70
,3045236,07/14/2021 09:39,07/14/2021 09:54,XAUUSD,Sell,0.500,1818.00000,0.00000,1813.82000,1812.62000,0.0000,0.0000,120.0,60.00,0.02,"",0,00:00:14:29,93.4,13m,56.0,0.02,176.0,88.0,-3.0,-1.5,98.3,68.7,-56.00,-28.00
,3045498,07/14/2021 09:44,,,Withdrawal,0.010,0.00000,0.00000,0.00000,0.00000,0.0000,0.0000,0.0,-3000.00,0,"Transfer to 7332533 #12824996",0,00:00:00:00,,,,,,,,,,,,
,3036829,07/14/2021 06:24,07/14/2021 07:58,XAUUSD,Sell,0.100,0.00000,0.00000,1813.08000,1811.95000,0.0000,0.0000,113.0,11.30,0.00,"",0,00:01:34:20,66.0,1h 2m,131.0,0.43,171.0,17.1,-74.0,-7.4,69.8,76.3,-58.00,-5.80
,3035562,07/14/2021 05:57,07/14/2021 07:58,XAUUSD,Sell,0.100,0.00000,0.00000,1811.53000,1811.94000,0.0000,0.0000,-41.0,-4.10,0.00,"",0,00:02:01:10,3.4,4m,229.0,14.33,16.0,1.6,-229.0,-22.900000000000002,6.5,76.7,-57.00,-5.70
,3038138,07/14/2021 07:18,07/14/2021 07:58,XAUUSD,Sell,0.100,0.00000,0.00000,1813.45000,1811.90000,0.0000,0.0000,155.0,15.50,0.00,"",0,00:00:39:50,70.0,27m,53.0,0.14,208.0,20.8,-30.0,-3.0,87.4,77.7,-53.00,-5.30
,3038404,07/14/2021 07:27,07/14/2021 07:58,XAUUSD,Sell,0.100,0.00000,0.00000,1813.45000,1811.89000,0.0000,0.0000,156.0,15.60,0.00,"",0,00:00:30:30,90.4,27m,52.0,0.12,208.0,20.8,-24.0,-2.4000000000000004,89.7,77.6,-52.00,-5.20
,3035897,07/14/2021 06:01,07/14/2021 07:52,XAUUSD,Sell,0.100,0.00000,0.00000,1811.80000,1811.79000,0.0000,0.0000,1.0,0.10,0.00,"",0,00:01:51:29,3.7,4m,202.0,4.70,43.0,4.3,-202.0,-20.200000000000003,17.6,82.9,-42.00,-4.20
,3036793,07/14/2021 06:23,07/14/2021 07:52,XAUUSD,Sell,0.100,0.00000,0.00000,1813.19000,1811.79000,0.0000,0.0000,140.0,14.00,0.00,"",0,00:01:28:54,72.0,1h 4m,131.0,0.35,182.0,18.2,-63.0,-6.300000000000001,74.3,82.9,-42.00,-4.20
,3035773,07/14/2021 06:00,07/14/2021 07:52,EURUSD,Sell,0.100,0.00000,0.00000,1.17831,1.17823,0.0000,0.0000,0.8,0.80,0.00,"",0,00:01:52:20,24.2,27m,1.8,0.90,2.0,2.0,-1.8,-1.8,52.6,68.4,-1.20,-1.20
,3035939,07/14/2021 06:01,07/14/2021 07:52,EURUSD,Sell,0.100,0.00000,0.00000,1.17831,1.17823,0.0000,0.0000,0.8,0.80,0.00,"",0,00:01:50:37,24.4,26m,1.8,0.90,2.0,2.0,-1.8,-1.8,52.6,68.4,-1.20,-1.20
,3036018,07/14/2021 06:03,07/14/2021 07:52,XAUUSD,Sell,0.100,0.00000,0.00000,1812.38000,1811.79000,0.0000,0.0000,59.0,5.90,0.00,"",0,00:01:48:28,6.5,7m,151.0,1.43,101.0,10.100000000000001,-144.0,-14.4,41.2,82.9,-42.00,-4.20
,3038473,07/14/2021 07:29,07/14/2021 07:52,XAUUSD,Sell,0.200,0.00000,0.00000,1813.44000,1811.77000,0.0000,0.0000,167.0,33.40,0.01,"",0,00:00:22:21,95.7,21m,40.0,0.04,207.0,41.400000000000006,-8.0,-1.6,96.3,81.4,-40.00,-8.00
,3020379,07/13/2021 20:37,07/14/2021 05:33,XAUUSD,Buy,5.000,0.00000,0.00000,1809.19000,1810.64000,0.0000,-76.1700,145.0,648.83,0.17,"",0,00:08:55:54,12.0,1h 4m,495.0,2.56,176.0,880.0,-451.0,-2255.0,28.1,95.1,-31.00,-155.00
,3020398,07/13/2021 20:37,07/14/2021 05:32,XAUUSD,Buy,5.000,0.00000,0.00000,1809.11000,1810.79000,0.0000,-76.1700,168.0,763.83,0.19,"",0,00:08:55:26,13.5,1h 12m,495.0,2.41,184.0,920.0,-443.0,-2215.0,29.3,97.4,-16.00,-80.00
,3020415,07/13/2021 20:37,07/14/2021 05:32,XAUUSD,Buy,5.000,0.00000,0.00000,1809.11000,1810.77000,0.0000,-76.1700,166.0,753.83,0.19,"",0,00:08:54:51,13.5,1h 12m,495.0,2.41,184.0,920.0,-443.0,-2215.0,29.3,97.1,-18.00,-90.00
,3020605,07/13/2021 20:39,07/14/2021 05:32,XAUUSD,Buy,5.000,1801.40000,0.00000,1808.87000,1810.74000,0.0000,-76.1700,187.0,858.83,0.22,"",0,00:08:52:33,16.7,1h 28m,495.0,2.01,208.0,1040.0,-419.0,-2095.0,33.2,96.7,-21.00,-105.00
,3020463,07/13/2021 20:38,07/14/2021 05:27,XAUUSD,Buy,10.000,1797.80000,0.00000,1809.27000,1810.14000,0.0000,-152.3500,87.0,717.65,0.18,"",0,00:08:48:53,9.7,51m,495.0,4.03,114.0,1140.0,-459.0,-4590.0,19.9,95.3,-27.00,-270.00
,3020631,07/13/2021 20:40,07/14/2021 05:26,XAUUSD,Buy,10.000,1797.80000,0.00000,1809.19000,1810.16000,0.0000,-152.3500,97.0,817.65,0.21,"",0,00:08:46:56,10.9,57m,495.0,3.70,122.0,1220.0,-451.0,-4510.0,21.3,95.6,-25.00,-250.00
,3019983,07/13/2021 20:29,07/14/2021 05:21,XAUUSD,Buy,0.100,0.00000,0.00000,1809.94000,1809.97000,0.0000,-1.5200,3.0,-1.22,0.00,"",0,00:08:51:21,2.7,14m,526.0,16.45,32.0,3.2,-526.0,-52.6,5.7,94.8,-29.00,-2.90
,3021325,07/13/2021 20:48,07/14/2021 04:38,XAUUSD,Buy,5.000,1797.00000,0.00000,1808.66000,1809.93000,0.0000,-76.1700,127.0,558.83,0.14,"",0,00:07:49:58,11.1,52m,495.0,2.49,160.0,800.0,-398.0,-1990.0,28.7,94.1,-33.00,-165.00
,3021055,07/13/2021 20:44,07/14/2021 04:32,XAUUSD,Buy,5.000,1802.40000,0.00000,1808.23000,1809.54000,0.0000,-76.1700,131.0,578.83,0.15,"",0,00:07:47:59,16.7,1h 18m,495.0,1.97,180.0,900.0,-355.0,-1775.0,33.6,90.8,-49.00,-245.00
,3020982,07/13/2021 20:43,07/14/2021 04:07,XAUUSD,Buy,10.000,1797.00000,0.00000,1808.10000,1809.04000,0.0000,-152.3500,94.0,787.65,0.20,"",0,00:07:24:15,16.7,1h 14m,495.0,2.24,153.0,1530.0,-342.0,-3420.0,30.9,88.1,-59.00,-590.00
,3029185,07/14/2021 02:49,07/14/2021 04:00,XAUUSD,Buy,10.000,1796.00000,0.00000,1806.09000,1807.46000,0.0000,0.0000,137.0,1370.00,0.36,"",0,00:01:11:28,33.9,24m,143.0,0.62,226.0,2260.0,-141.0,-1410.0,61.6,75.7,-89.00,-890.00
,3029792,07/14/2021 03:09,07/14/2021 03:49,XAUUSD,Buy,10.000,1802.40000,0.00000,1805.15000,1807.34000,0.0000,0.0000,219.0,2190.00,0.57,"",0,00:00:40:31,97.5,39m,100.0,0.00,219.0,2190.0,0.0,0.0,100.0,100.0,0.00,0.00
,3022650,07/13/2021 21:03,07/13/2021 22:08,XAUUSD,Buy,15.000,1802.40000,0.00000,1805.93000,1808.38000,0.0000,0.0000,245.0,3675.00,0.97,"",0,00:01:04:19,100.0,1h 4m,262.0,0.00,370.0,5550.0,0.0,0.0,100.0,66.2,-125.00,-1875.00
,3020075,07/13/2021 20:30,07/13/2021 20:37,XAUUSD,Sell,0.150,0.00000,0.00000,1809.25000,1809.06000,0.0000,0.0000,19.0,2.85,0.00,"",0,00:00:06:44,100.0,6m,91.0,0.01,110.0,16.5,0.0,0.0,100.0,17.3,-91.00,-13.65
,3017586,07/13/2021 19:42,,,Withdrawal,0.010,0.00000,0.00000,0.00000,0.00000,0.0000,0.0000,0.0,-12835.00,0,"Transfer to 11366030 #12818519",0,00:00:00:00,,,,,,,,,,,,
,3017111,07/13/2021 19:31,,,Withdrawal,0.010,0.00000,0.00000,0.00000,0.00000,0.0000,0.0000,0.0,-31371.00,0,"Transfer to 11366030 #12818322",0,00:00:00:00,,,,,,,,,,,,
,3014015,07/13/2021 18:32,07/13/2021 18:40,XAUUSD,Buy,5.000,0.00000,0.00000,1812.85000,1813.65000,0.0000,0.0000,80.0,400.00,0.09,"",0,00:00:07:58,100.0,7m,25.0,0.01,91.0,455.0,0.0,0.0,100.0,87.9,-11.00,-55.00
,3013930,07/13/2021 18:30,07/13/2021 18:39,XAUUSD,Buy,5.000,0.00000,0.00000,1812.67000,1813.59000,0.0000,0.0000,92.0,460.00,0.11,"",0,00:00:09:01,100.0,9m,25.0,0.01,109.0,545.0,0.0,0.0,100.0,84.4,-17.00,-85.00
,3013878,07/13/2021 18:30,07/13/2021 18:39,XAUUSD,Buy,5.000,0.00000,0.00000,1812.64000,1813.65000,0.0000,0.0000,101.0,505.00,0.12,"",0,00:00:09:42,100.0,9m,25.0,0.01,112.0,560.0,0.0,0.0,100.0,90.2,-11.00,-55.00
,3013907,07/13/2021 18:30,07/13/2021 18:39,XAUUSD,Buy,20.000,1807.89000,0.00000,1812.76000,1813.59000,0.0000,0.0000,83.0,1660.00,0.39,"",0,00:00:09:19,88.9,8m,25.0,0.06,100.0,2000.0,-6.0,-120.0,94.3,84.0,-17.00,-340.00
,3014275,07/13/2021 18:36,07/13/2021 18:39,XAUUSD,Buy,5.000,0.00000,0.00000,1813.49000,1813.67000,0.0000,0.0000,18.0,90.00,0.02,"",0,00:00:03:12,,,,,,,,,,,,
,3012385,07/13/2021 17:59,07/13/2021 18:06,XAUUSD,Buy,0.500,0.00000,0.00000,1812.90000,1812.82000,0.0000,0.0000,-8.0,-4.00,0.00,"from #3011788",0,00:00:07:00,28.6,2m,58.0,4.46,13.0,6.5,-58.0,-29.0,18.3,70.4,-21.00,-10.50
,3011788,07/13/2021 17:59,07/13/2021 18:06,XAUUSD,Buy,0.500,0.00000,0.00000,1812.90000,1812.83000,0.0000,0.0000,-7.0,-3.50,0.00,"to #3012385",0,00:00:06:53,28.6,1m,58.0,4.46,13.0,6.5,-58.0,-29.0,18.3,71.8,-20.00,-10.00
,3000658,07/13/2021 16:22,07/13/2021 16:27,XAUUSD,Buy,15.000,0.00000,0.00000,1806.79000,1809.49000,0.0000,0.0000,270.0,4050.00,0.97,"",0,00:00:05:12,100.0,5m,106.0,0.00,328.0,4920.0,0.0,0.0,100.0,82.3,-58.00,-870.00
,3000601,07/13/2021 16:22,07/13/2021 16:27,XAUUSD,Buy,15.000,0.00000,0.00000,1806.55000,1808.94000,0.0000,0.0000,239.0,3585.00,0.87,"",0,00:00:04:48,100.0,4m,113.0,0.00,352.0,5280.0,0.0,0.0,100.0,67.9,-113.00,-1695.00
,2999860,07/13/2021 16:16,07/13/2021 16:27,XAUUSD,Buy,2.000,0.00000,0.00000,1809.85000,1808.79000,0.0000,0.0000,-106.0,-212.00,-0.05,"",0,00:00:11:03,9.1,1m,471.0,21.41,22.0,44.0,-471.0,-942.0,4.5,74.0,-128.00,-256.00
,3000302,07/13/2021 16:20,07/13/2021 16:27,XAUUSD,Buy,2.000,0.00000,0.00000,1806.93000,1808.99000,0.0000,0.0000,206.0,412.00,0.10,"",0,00:00:06:57,71.5,4m,108.0,0.24,314.0,628.0,-75.0,-150.0,80.7,72.2,-108.00,-216.00
,3000452,07/13/2021 16:21,07/13/2021 16:26,XAUUSD,Buy,2.000,0.00000,0.00000,1805.86000,1809.05000,0.0000,0.0000,319.0,638.00,0.15,"",0,00:00:05:30,100.0,5m,106.0,0.00,421.0,842.0,0.0,0.0,100.0,75.8,-102.00,-204.00
,3000543,07/13/2021 16:22,07/13/2021 16:26,XAUUSD,Buy,15.000,0.00000,0.00000,1806.56000,1809.15000,0.0000,0.0000,259.0,3885.00,0.95,"",0,00:00:04:49,100.0,4m,106.0,0.00,351.0,5265.0,0.0,0.0,100.0,73.8,-92.00,-1380.00
,2997553,07/13/2021 16:01,07/13/2021 16:03,XAUUSD,Buy,3.000,0.00000,0.00000,1802.36000,1803.94000,0.0000,0.0000,158.0,474.00,0.12,"",0,00:00:01:22,,,,,,,,,,,,
,2997599,07/13/2021 16:01,07/13/2021 16:02,XAUUSD,Buy,10.000,0.00000,0.00000,1802.90000,1804.43000,0.0000,0.0000,153.0,1530.00,0.38,"",0,00:00:01:06,,,,,,,,,,,,
,2990529,07/13/2021 15:38,07/13/2021 15:39,XAUUSD,Buy,10.000,0.00000,0.00000,1810.90000,1811.50000,0.0000,0.0000,60.0,600.00,0.15,"",0,00:00:00:42,,,,,,,,,,,,
,2965357,07/13/2021 10:26,07/13/2021 15:21,XAUUSD,Buy,5.000,0.00000,0.00000,1811.03000,1813.55000,0.0000,0.0000,252.0,1260.00,0.31,"",0,00:04:55:03,10.9,32m,571.0,1.81,284.0,1420.0,-515.0,-2575.0,35.5,96.0,-32.00,-160.00
,2955575,07/13/2021 07:19,07/13/2021 15:21,XAUUSD,Buy,5.000,0.00000,0.00000,1810.34000,1813.48000,0.0000,0.0000,314.0,1570.00,0.39,"",0,00:08:01:20,23.3,1h 52m,631.0,1.26,353.0,1765.0,-446.0,-2230.0,44.2,95.1,-39.00,-195.00
,2968704,07/13/2021 11:11,07/13/2021 15:20,XAUUSD,Buy,15.000,1798.00000,0.00000,1807.85000,1813.54000,0.0000,0.0000,569.0,8535.00,2.16,"",0,00:04:09:35,67.5,2h 48m,276.0,0.33,594.0,8910.0,-197.0,-2955.0,75.1,96.8,-25.00,-375.00
,2978588,07/13/2021 13:42,07/13/2021 15:20,XAUUSD,Buy,10.000,1804.80000,0.00000,1809.20000,1813.21000,0.0000,0.0000,401.0,4010.00,1.03,"",0,00:01:37:24,30.7,29m,243.0,0.45,459.0,4590.0,-205.0,-2050.0,69.1,91.3,-58.00,-580.00
,2968559,07/13/2021 11:09,07/13/2021 15:19,XAUUSD,Buy,15.000,1802.89000,0.00000,1807.79000,1813.13000,0.0000,0.0000,534.0,8010.00,2.09,"",0,00:04:10:00,70.0,2h 55m,276.0,0.32,600.0,9000.0,-191.0,-2865.0,75.9,91.7,-66.00,-990.00
,2979333,07/13/2021 13:58,07/13/2021 15:07,XAUUSD,Buy,5.000,1803.70000,0.00000,1809.01000,1811.93000,0.0000,0.0000,292.0,1460.00,0.38,"",0,00:01:08:24,20.3,13m,186.0,0.56,334.0,1670.0,-186.0,-930.0,64.2,91.9,-42.00,-210.00
,2978755,07/13/2021 13:45,07/13/2021 15:05,XAUUSD,Buy,5.000,1804.80000,0.00000,1808.63000,1811.53000,0.0000,0.0000,290.0,1450.00,0.38,"",0,00:01:19:53,38.8,30m,243.0,0.41,358.0,1790.0,-148.0,-740.0,70.8,86.6,-68.00,-340.00
,2979638,07/13/2021 14:03,07/13/2021 14:48,XAUUSD,Buy,5.000,1804.40000,0.00000,1808.23000,1808.65000,0.0000,0.0000,42.0,210.00,0.06,"",0,00:00:45:05,28.9,13m,113.0,1.86,58.0,290.0,-108.0,-540.0,34.9,90.4,-16.00,-80.00
,2980398,07/13/2021 14:11,07/13/2021 14:43,XAUUSD,Buy,5.000,1804.40000,0.00000,1807.83000,1808.44000,0.0000,0.0000,61.0,305.00,0.08,"",0,00:00:32:10,68.8,22m,113.0,1.00,68.0,340.0,-68.0,-340.0,50.0,94.9,-7.00,-35.00
,2968536,07/13/2021 11:09,07/13/2021 13:37,XAUUSD,Buy,15.000,1802.89000,0.00000,1807.61000,1809.13000,0.0000,0.0000,152.0,2280.00,0.60,"",0,00:02:27:48,64.9,1h 35m,268.0,0.75,230.0,3450.0,-173.0,-2595.0,57.1,80.6,-78.00,-1170.00
,2973107,07/13/2021 12:23,07/13/2021 13:37,XAUUSD,Buy,1.000,0.00000,0.00000,1809.08000,1809.12000,0.0000,0.0000,4.0,4.00,0.00,"",0,00:01:14:11,20.3,15m,242.0,2.92,83.0,83.0,-242.0,-242.0,25.5,75.7,-79.00,-79.00
,2973555,07/13/2021 12:30,07/13/2021 13:37,XAUUSD,Buy,1.000,0.00000,0.00000,1807.83000,1809.13000,0.0000,0.0000,130.0,130.00,0.03,"",0,00:01:07:04,65.7,44m,125.0,0.56,208.0,208.0,-117.0,-117.0,64.0,76.0,-78.00,-78.00
,2974761,07/13/2021 12:48,07/13/2021 13:23,XAUUSD,Buy,2.000,0.00000,0.00000,1807.55000,1808.93000,0.0000,0.0000,138.0,276.00,0.07,"",0,00:00:35:12,91.5,32m,85.0,0.17,162.0,324.0,-28.0,-56.0,85.3,87.4,-24.00,-48.00
,2974280,07/13/2021 12:42,07/13/2021 13:13,XAUUSD,Buy,2.000,0.00000,0.00000,1806.87000,1807.70000,0.0000,0.0000,83.0,166.00,0.04,"",0,00:00:31:43,100.0,31m,85.0,0.01,153.0,306.0,0.0,0.0,100.0,54.2,-70.00,-140.00
,2969087,07/13/2021 11:15,07/13/2021 11:49,XAUUSD,Buy,5.000,1798.00000,0.00000,1807.28000,1809.08000,0.0000,0.0000,180.0,900.00,0.24,"",0,00:00:33:59,53.0,18m,140.0,0.68,206.0,1030.0,-140.0,-700.0,59.5,92.5,-26.00,-130.00
,2969455,07/13/2021 11:20,07/13/2021 11:49,XAUUSD,Buy,5.000,1798.00000,0.00000,1807.00000,1809.08000,0.0000,0.0000,208.0,1040.00,0.28,"",0,00:00:28:55,89.7,25m,95.0,0.08,234.0,1170.0,-18.0,-90.0,92.9,89.7,-26.00,-130.00
,2967212,07/13/2021 10:58,07/13/2021 11:09,XAUUSD,Sell,15.000,0.00000,0.00000,1810.23000,1807.49000,0.0000,0.0000,274.0,4110.00,1.11,"",0,00:00:11:18,100.0,11m,79.0,0.00,343.0,5145.0,0.0,0.0,100.0,79.9,-69.00,-1035.00
,2955715,07/13/2021 07:24,07/13/2021 10:58,XAUUSD,Buy,5.000,1804.88000,0.00000,1810.08000,1810.30000,0.0000,0.0000,22.0,110.00,0.03,"",0,00:03:33:38,46.3,1h 38m,369.0,1.70,211.0,1055.0,-359.0,-1795.0,37.0,66.8,-189.00,-945.00
,2955454,07/13/2021 07:15,07/13/2021 10:51,XAUUSD,Buy,10.000,1802.89000,0.00000,1810.05000,1810.59000,0.0000,0.0000,54.0,540.00,0.15,"",0,00:03:35:53,44.5,1h 36m,369.0,1.66,214.0,2140.0,-356.0,-3560.0,37.5,71.9,-160.00,-1600.00
,2955413,07/13/2021 07:15,07/13/2021 10:49,XAUUSD,Buy,30.000,1802.89000,0.00000,1810.05000,1810.93000,0.0000,0.0000,88.0,2640.00,0.72,"",0,00:03:34:16,43.8,1h 33m,369.0,1.66,214.0,6420.0,-356.0,-10680.0,37.5,77.9,-126.00,-3780.00
,2956066,07/13/2021 07:42,07/13/2021 10:49,XAUUSD,Buy,5.000,1804.40000,0.00000,1810.01000,1810.94000,0.0000,0.0000,93.0,465.00,0.13,"",0,00:03:06:47,49.8,1h 33m,369.0,1.61,218.0,1090.0,-352.0,-1760.0,38.2,78.1,-125.00,-625.00
,2957336,07/13/2021 08:24,07/13/2021 10:20,XAUUSD,Buy,5.000,1804.80000,0.00000,1808.66000,1810.85000,0.0000,0.0000,219.0,1095.00,0.30,"",0,00:01:55:46,63.8,1h 13m,242.0,0.61,353.0,1765.0,-217.0,-1085.0,61.9,76.5,-134.00,-670.00
,2963027,07/13/2021 10:02,07/13/2021 10:20,XAUUSD,Buy,1.000,0.00000,0.00000,1810.10000,1810.95000,0.0000,0.0000,85.0,85.00,0.02,"",0,00:00:17:46,100.0,17m,132.0,0.01,190.0,190.0,0.0,0.0,100.0,44.7,-105.00,-105.00
,2957397,07/13/2021 08:26,07/13/2021 10:20,XAUUSD,Buy,5.000,1802.90000,0.00000,1808.58000,1810.93000,0.0000,0.0000,235.0,1175.00,0.32,"",0,00:01:53:50,65.8,1h 14m,242.0,0.58,361.0,1805.0,-209.0,-1045.0,63.3,77.9,-126.00,-630.00
,2957749,07/13/2021 08:37,07/13/2021 09:16,XAUUSD,Buy,10.000,1802.80000,0.00000,1807.97000,1808.98000,0.0000,0.0000,101.0,1010.00,0.28,"",0,00:00:38:52,30.8,11m,150.0,1.03,143.0,1430.0,-148.0,-1480.0,49.1,85.6,-42.00,-420.00
,2958508,07/13/2021 08:58,07/13/2021 09:08,XAUUSD,Buy,15.000,1802.84000,0.00000,1806.82000,1808.51000,0.0000,0.0000,169.0,2535.00,0.70,"",0,00:00:10:04,90.0,9m,24.0,0.09,190.0,2850.0,-17.0,-255.0,91.8,89.9,-21.00,-315.00
,2947110,07/13/2021 02:48,07/13/2021 07:15,XAUUSD,Sell,2.000,0.00000,0.00000,1806.86000,1809.96000,0.0000,0.0000,-310.0,-620.00,-0.17,"",0,00:04:26:28,0.4,1m,571.0,43.10,13.0,26.0,-558.0,-1116.0,2.3,43.4,-323.00,-646.00
,2947094,07/13/2021 02:48,07/13/2021 07:15,XAUUSD,Sell,2.000,0.00000,0.00000,1806.87000,1810.15000,0.0000,0.0000,-328.0,-656.00,-0.18,"",0,00:04:26:30,1.2,3m,571.0,39.84,14.0,28.0,-557.0,-1114.0,2.5,40.1,-342.00,-684.00
,2941963,07/12/2021 20:28,07/13/2021 07:15,XAUUSD,Sell,2.000,0.00000,0.00000,1804.97000,1810.15000,0.0000,-21.4500,-518.0,-1057.45,-0.29,"",0,00:10:46:21,1.8,11m,779.0,23.36,32.0,64.0,-747.0,-1494.0,4.1,29.4,-550.00,-1100.00
,2941946,07/12/2021 20:28,07/13/2021 07:15,XAUUSD,Sell,2.000,0.00000,0.00000,1805.00000,1810.14000,0.0000,-21.4500,-514.0,-1049.45,-0.29,"",0,00:10:46:22,1.8,11m,779.0,21.28,35.0,70.0,-744.0,-1488.0,4.5,29.5,-549.00,-1098.00
,2954832,07/13/2021 06:07,07/13/2021 07:15,XAUUSD,Sell,6.000,1820.50000,0.00000,1810.90000,1810.10000,0.0000,0.0000,80.0,480.00,0.13,"from #2954486",0,00:01:07:55,82.4,55m,142.0,0.23,222.0,1332.0,-51.0,-306.0,81.3,48.0,-142.00,-852.00
,2954486,07/13/2021 06:07,07/13/2021 06:55,XAUUSD,Sell,2.000,1820.50000,0.00000,1810.90000,1809.15000,0.0000,0.0000,175.0,350.00,0.10,"to #2954832",0,00:00:48:45,75.0,36m,62.0,0.25,208.0,416.0,-51.0,-102.0,80.3,87.3,-33.00,-66.00
,2953178,07/13/2021 06:07,07/13/2021 06:47,XAUUSD,Sell,2.000,1820.50000,0.00000,1810.90000,1809.56000,0.0000,0.0000,134.0,268.00,0.07,"to #2954486",0,00:00:39:49,70.0,27m,62.0,0.34,151.0,302.0,-51.0,-102.0,74.8,91.6,-17.00,-34.00
,2948992,07/13/2021 04:02,07/13/2021 05:39,XAUUSD,Sell,2.000,1812.88000,0.00000,1807.29000,1812.96000,0.0000,0.0000,-567.0,-1134.00,-0.31,"[sl]",0,00:01:36:49,7.3,7m,602.0,16.21,35.0,70.0,-567.0,-1134.0,5.8,0.0,-602.00,-1204.00
,2941867,07/12/2021 20:26,07/12/2021 20:32,XAUUSD,Buy,2.000,0.00000,0.00000,1805.71000,1805.77000,0.0000,0.0000,6.0,12.00,0.00,"",0,00:00:06:08,66.7,4m,67.0,3.35,20.0,40.0,-67.0,-134.0,23.0,83.9,-14.00,-28.00
,2936024,07/12/2021 17:56,07/12/2021 19:08,XAUUSD,Buy,0.010,0.00000,0.00000,1806.46000,1805.32000,0.0000,0.0000,-114.0,-1.14,0.00,"",0,00:01:11:58,0.0,0s,302.0,303.03,0.0,0.0,-302.0,-3.02,0.0,62.3,-114.00,-1.14
,2936813,07/12/2021 18:05,07/12/2021 19:08,XAUUSD,Buy,0.010,0.00000,0.00000,1805.13000,1805.39000,0.0000,0.0000,26.0,0.26,0.00,"",0,00:01:03:02,30.2,19m,234.0,1.50,113.0,1.1300000000000001,-169.0,-1.69,40.1,69.1,-87.00,-0.87
,2939164,07/12/2021 18:53,07/12/2021 19:08,XAUUSD,Buy,5.000,1802.89000,0.00000,1804.62000,1805.36000,0.0000,0.0000,74.0,370.00,0.10,"",0,00:00:14:55,100.0,14m,96.0,0.01,164.0,820.0,0.0,0.0,100.0,45.1,-90.00,-450.00
,2937149,07/12/2021 18:13,07/12/2021 19:08,XAUUSD,Buy,5.000,1796.89000,0.00000,1804.43000,1805.33000,0.0000,0.0000,90.0,450.00,0.12,"",0,00:00:54:43,49.1,26m,234.0,0.54,183.0,915.0,-99.0,-495.0,64.9,67.0,-93.00,-465.00
,2937594,07/12/2021 18:21,07/12/2021 19:08,XAUUSD,Buy,5.000,0.00000,0.00000,1804.02000,1805.34000,0.0000,0.0000,132.0,660.00,0.18,"",0,00:00:47:19,78.8,37m,234.0,0.19,224.0,1120.0,-43.0,-215.0,83.9,65.5,-92.00,-460.00
,2936986,07/12/2021 18:09,07/12/2021 19:08,XAUUSD,Buy,5.000,1796.89000,0.00000,1805.17000,1805.34000,0.0000,0.0000,17.0,85.00,0.02,"",0,00:00:58:28,32.3,18m,234.0,1.59,109.0,545.0,-173.0,-865.0,38.7,67.4,-92.00,-460.00
,2936918,07/12/2021 18:07,07/12/2021 19:08,XAUUSD,Buy,20.000,0.00000,0.00000,1805.44000,1805.34000,0.0000,0.0000,-10.0,-200.00,-0.06,"",0,00:01:00:15,23.0,13m,234.0,2.44,82.0,1640.0,-200.0,-4000.0,29.1,67.4,-92.00,-1840.00
,2937269,07/12/2021 18:15,07/12/2021 18:58,XAUUSD,Buy,10.000,1796.89000,0.00000,1804.71000,1805.44000,0.0000,0.0000,73.0,730.00,0.20,"",0,00:00:43:28,28.0,12m,234.0,0.82,155.0,1550.0,-127.0,-1270.0,55.0,70.9,-82.00,-820.00
,2937555,07/12/2021 18:20,07/12/2021 18:58,XAUUSD,Buy,5.000,0.00000,0.00000,1803.86000,1805.60000,0.0000,0.0000,174.0,870.00,0.24,"",0,00:00:38:37,81.6,31m,234.0,0.18,240.0,1200.0,-42.0,-210.0,85.1,76.6,-66.00,-330.00
,2899578,07/12/2021 11:45,07/12/2021 17:49,XAUUSD,Buy,5.000,1805.89000,0.00000,1803.08000,1805.76000,0.0000,0.0000,268.0,1340.00,0.37,"[sl]",0,00:06:03:42,20.4,1h 14m,1266.0,2.62,412.0,2060.0,-1080.0,-5400.0,27.6,90.3,-144.00,-720.00
,2903019,07/12/2021 12:37,07/12/2021 17:45,XAUUSD,Buy,5.000,1805.98000,0.00000,1802.97000,1805.96000,0.0000,0.0000,299.0,1495.00,0.42,"[sl]",0,00:05:07:17,13.7,42m,1266.0,2.53,423.0,2115.0,-1069.0,-5345.0,28.4,91.7,-124.00,-620.00
,2922709,07/12/2021 16:34,07/12/2021 17:44,XAUUSD,Buy,5.000,0.00000,0.00000,1801.91000,1806.10000,0.0000,0.0000,419.0,2095.00,0.59,"",0,00:01:10:00,22.9,16m,963.0,1.82,529.0,2645.0,-963.0,-4815.0,35.5,92.6,-110.00,-550.00
,2899114,07/12/2021 11:36,07/12/2021 17:44,XAUUSD,Buy,5.000,1784.00000,0.00000,1804.05000,1806.15000,0.0000,0.0000,210.0,1050.00,0.30,"",0,00:06:08:46,8.2,30m,1266.0,3.74,315.0,1575.0,-1177.0,-5885.0,21.1,93.0,-105.00,-525.00
,2904310,07/12/2021 12:53,07/12/2021 17:42,XAUUSD,Buy,5.000,1788.00000,0.00000,1801.65000,1806.72000,0.0000,0.0000,507.0,2535.00,0.72,"",0,00:04:49:47,27.0,1h 18m,1266.0,1.69,555.0,2775.0,-937.0,-4685.0,37.2,96.8,-48.00,-240.00
,2884105,07/12/2021 06:33,07/12/2021 17:41,XAUUSD,Buy,10.000,1784.00000,0.00000,1804.17000,1806.77000,0.0000,0.0000,260.0,2600.00,0.74,"",0,00:11:08:07,7.1,47m,1372.0,3.92,303.0,3030.0,-1189.0,-11890.0,20.3,97.1,-43.00,-430.00
,2933607,07/12/2021 17:33,07/12/2021 17:41,XAUUSD,Buy,10.000,0.00000,0.00000,1805.73000,1806.73000,0.0000,0.0000,100.0,1000.00,0.29,"",0,00:00:07:45,87.5,6m,50.0,0.24,147.0,1470.0,-35.0,-350.0,80.8,74.2,-47.00,-470.00
,2933245,07/12/2021 11:36,07/12/2021 17:32,XAUUSD,Buy,15.000,1784.00000,0.00000,1804.32000,1804.54000,0.0000,0.0000,22.0,330.00,0.09,"from #2899148",0,00:05:56:22,2.3,8m,1266.0,19.46,62.0,930.0,-1204.0,-18060.0,4.9,96.8,-40.00,-600.00
,2899148,07/12/2021 11:36,07/12/2021 17:32,XAUUSD,Buy,5.000,1784.00000,0.00000,1804.32000,1803.87000,0.0000,0.0000,-45.0,-225.00,-0.06,"to #2933245",0,00:05:55:26,2.0,7m,1266.0,19.46,62.0,310.0,-1204.0,-6020.0,4.9,91.5,-107.00,-535.00
,2912918,07/12/2021 14:43,07/12/2021 17:31,XAUUSD,Buy,5.000,1784.00000,0.00000,1800.41000,1804.27000,0.0000,0.0000,386.0,1930.00,0.56,"",0,00:02:48:09,49.5,1h 23m,1266.0,1.80,453.0,2265.0,-813.0,-4065.0,35.8,94.7,-67.00,-335.00
,2923947,07/12/2021 16:40,07/12/2021 17:31,XAUUSD,Buy,5.000,1784.00000,0.00000,1798.87000,1803.71000,0.0000,0.0000,484.0,2420.00,0.70,"",0,00:00:50:36,9.9,5m,659.0,1.29,509.0,2545.0,-659.0,-3295.0,43.6,97.9,-25.00,-125.00
,2924246,07/12/2021 16:42,07/12/2021 17:31,XAUUSD,Buy,5.000,1784.00000,0.00000,1798.30000,1802.86000,0.0000,0.0000,456.0,2280.00,0.67,"",0,00:00:48:34,14.3,6m,650.0,1.06,566.0,2830.0,-602.0,-3010.0,48.5,90.6,-110.00,-550.00
,2926857,07/12/2021 16:54,07/12/2021 17:15,XAUUSD,Buy,15.000,1784.00000,0.00000,1794.10000,1797.19000,0.0000,0.0000,309.0,4635.00,1.37,"",0,00:00:20:59,57.2,12m,182.0,0.59,309.0,4635.0,-182.0,-2730.0,62.9,100.0,0.00,0.00
,2923499,07/12/2021 16:38,07/12/2021 16:53,XAUUSD,Buy,5.000,1792.84000,0.00000,1799.51000,1792.79000,0.0000,0.0000,-672.0,-3360.00,-0.99,"[sl]",0,00:00:14:27,0.0,0s,672.0,714.29,0.0,0.0,-672.0,-3360.0,0.0,0.0,-672.00,-3360.00
,2884037,07/12/2021 06:31,07/12/2021 16:13,XAUUSD,Buy,10.000,1789.00000,0.00000,1804.10000,1804.69000,0.0000,0.0000,59.0,590.00,0.17,"",0,00:09:41:18,8.0,46m,735.0,2.87,190.0,1900.0,-545.0,-5450.0,25.9,82.2,-131.00,-1310.00
,2906664,07/12/2021 13:14,07/12/2021 15:53,XAUUSD,Buy,5.000,1792.89000,0.00000,1799.94000,1803.07000,0.0000,0.0000,313.0,1565.00,0.46,"",0,00:02:38:39,69.9,1h 50m,288.0,0.39,331.0,1655.0,-129.0,-645.0,72.0,96.1,-18.00,-90.00
,2900238,07/12/2021 11:55,07/12/2021 15:53,XAUUSD,Buy,5.000,1794.40000,0.00000,1802.87000,1803.11000,0.0000,0.0000,24.0,120.00,0.04,"",0,00:03:57:37,16.9,40m,591.0,2.50,169.0,845.0,-422.0,-2110.0,28.6,75.5,-145.00,-725.00
,2913516,07/12/2021 14:50,07/12/2021 15:08,XAUUSD,Buy,5.000,1797.80000,0.00000,1799.55000,1800.47000,0.0000,0.0000,92.0,460.00,0.14,"",0,00:00:18:24,77.8,14m,47.0,0.41,114.0,570.0,-47.0,-235.0,70.8,86.3,-22.00,-110.00
,2913686,07/12/2021 14:51,07/12/2021 15:08,XAUUSD,Buy,5.000,1797.40000,0.00000,1799.40000,1800.42000,0.0000,0.0000,102.0,510.00,0.15,"",0,00:00:16:31,82.4,13m,32.0,0.25,129.0,645.0,-32.0,-160.0,80.1,83.2,-27.00,-135.00
,2906685,07/12/2021 13:14,07/12/2021 13:42,XAUUSD,Buy,5.000,1794.40000,0.00000,1799.93000,1801.24000,0.0000,0.0000,131.0,655.00,0.19,"",0,00:00:27:30,50.0,13m,131.0,0.69,157.0,785.0,-108.0,-540.0,59.2,90.2,-26.00,-130.00
,2884021,07/12/2021 06:31,07/12/2021 11:30,XAUUSD,Buy,10.000,0.00000,0.00000,1804.09000,1803.87000,0.0000,0.0000,-22.0,-220.00,-0.07,"",0,00:04:58:47,10.8,32m,507.0,2.63,191.0,1910.0,-502.0,-5020.0,27.6,69.3,-213.00,-2130.00
,2885743,07/12/2021 07:21,07/12/2021 11:30,XAUUSD,Buy,5.000,1795.80000,0.00000,1803.12000,1803.86000,0.0000,0.0000,74.0,370.00,0.11,"",0,00:04:08:46,31.8,1h 19m,460.0,1.41,288.0,1440.0,-405.0,-2025.0,41.6,69.1,-214.00,-1070.00
,2887801,07/12/2021 08:30,07/12/2021 11:30,XAUUSD,Buy,5.000,1793.80000,0.00000,1801.29000,1803.83000,0.0000,0.0000,254.0,1270.00,0.38,"",0,00:02:59:39,56.7,1h 41m,338.0,0.47,471.0,2355.0,-222.0,-1110.0,68.0,68.7,-217.00,-1085.00
,2887901,07/12/2021 08:32,07/12/2021 11:30,XAUUSD,Buy,15.000,1796.24000,0.00000,1801.73000,1803.88000,0.0000,0.0000,215.0,3225.00,0.97,"",0,00:02:57:24,42.7,1h 15m,338.0,0.62,427.0,6405.0,-266.0,-3990.0,61.6,69.4,-212.00,-3180.00
,2887233,07/12/2021 08:18,07/12/2021 10:44,XAUUSD,Buy,5.000,0.00000,0.00000,1801.70000,1804.18000,0.0000,0.0000,248.0,1240.00,0.37,"",0,00:02:25:52,21.3,31m,338.0,0.97,270.0,1350.0,-263.0,-1315.0,50.7,95.9,-22.00,-110.00
,2887154,07/12/2021 08:17,07/12/2021 10:44,XAUUSD,Buy,30.000,1793.80000,0.00000,1801.52000,1804.28000,0.0000,0.0000,276.0,8280.00,2.56,"",0,00:02:26:44,28.6,41m,338.0,0.85,288.0,8640.0,-245.0,-7350.0,54.0,97.7,-12.00,-360.00
,2891388,07/12/2021 09:51,07/12/2021 10:14,XAUUSD,Buy,5.000,1765.98000,0.00000,1800.34000,1801.22000,0.0000,0.0000,88.0,440.00,0.14,"",0,00:00:22:37,52.2,11m,202.0,0.79,131.0,655.0,-103.0,-515.0,56.0,81.6,-43.00,-215.00
,2890639,07/12/2021 09:39,07/12/2021 10:14,XAUUSD,Buy,5.000,1796.24000,0.00000,1800.10000,1801.34000,0.0000,0.0000,124.0,620.00,0.19,"",0,00:00:34:14,45.8,15m,202.0,0.66,155.0,775.0,-103.0,-515.0,60.1,88.0,-31.00,-155.00
,2884392,07/12/2021 06:43,07/12/2021 08:17,XAUUSD,Buy,8.000,1800.89000,0.00000,1804.12000,1800.41000,0.0000,0.0000,-371.0,-2968.00,-0.91,"[sl]",0,00:01:33:33,0.0,0s,371.0,384.62,0.0,0.0,-371.0,-2968.0,0.0,0.0,-371.00,-2968.00
,2884136,07/12/2021 06:33,07/12/2021 08:17,XAUUSD,Buy,10.000,1800.89000,0.00000,1804.17000,1800.41000,0.0000,0.0000,-376.0,-3760.00,-1.14,"[sl]",0,00:01:43:18,0.0,0s,376.0,384.62,0.0,0.0,-376.0,-3760.0,0.0,0.0,-376.00,-3760.00
,2884121,07/12/2021 06:33,07/12/2021 08:17,XAUUSD,Buy,10.000,1800.89000,0.00000,1804.18000,1800.41000,0.0000,0.0000,-377.0,-3770.00,-1.13,"[sl]",0,00:01:43:21,0.0,0s,377.0,384.62,0.0,0.0,-377.0,-3770.0,0.0,0.0,-377.00,-3770.00
,2793613,07/08/2021 17:04,07/09/2021 20:04,XAUUSD,Buy,5.000,1788.00000,0.00000,1810.54000,1810.92000,0.0000,-89.2600,38.0,100.74,0.03,"",0,01:03:00:02,1.0,16m,1484.0,24.75,60.0,300.0,-1484.0,-7420.0,3.9,98.6,-22.00,-110.00
,2793664,07/08/2021 17:04,07/09/2021 20:02,XAUUSD,Buy,5.000,0.00000,0.00000,1810.53000,1810.71000,0.0000,-89.2600,18.0,0.74,0.00,"",0,01:02:58:01,1.0,16m,1483.0,24.33,61.0,305.0,-1483.0,-7415.0,4.0,97.2,-43.00,-215.00
,2864204,07/08/2021 17:05,07/09/2021 19:57,XAUUSD,Buy,5.000,1789.00000,0.00000,1809.93000,1810.33000,0.0000,-89.2500,40.0,110.75,0.03,"from #2793795",0,01:02:51:55,1.9,30m,1423.0,22.62,63.0,315.0,-1423.0,-7115.0,4.2,98.5,-23.00,-115.00
,2793795,07/08/2021 17:05,07/09/2021 19:50,XAUUSD,Buy,5.000,1789.00000,0.00000,1809.93000,1809.84000,0.0000,-89.2600,-9.0,-134.26,-0.04,"to #2864204",0,01:02:44:57,1.3,20m,1423.0,22.62,63.0,315.0,-1423.0,-7115.0,4.2,95.2,-72.00,-360.00
,2793692,07/08/2021 17:04,07/09/2021 18:26,XAUUSD,Buy,5.000,1788.00000,0.00000,1810.24000,1809.48000,0.0000,-89.2600,-76.0,-469.26,-0.14,"",0,01:01:21:49,0.4,6m,1454.0,45.45,32.0,160.0,-1454.0,-7270.0,2.2,92.7,-108.00,-540.00
,2838817,07/08/2021 17:06,07/09/2021 17:13,XAUUSD,Buy,5.000,1789.00000,0.00000,1809.67000,1806.85000,0.0000,-89.2500,-282.0,-1499.25,-0.45,"from #2793845",0,01:00:07:32,0.0,0s,1397.0,1428.57,0.0,0.0,-1397.0,-6985.0,0.0,79.8,-282.00,-1410.00
,2855142,07/08/2021 18:17,07/09/2021 17:06,XAUUSD,Buy,5.000,1793.80000,0.00000,1795.81000,1806.34000,0.0000,-89.2500,1053.0,5175.75,1.57,"from #2838798",0,00:22:49:03,100.0,22h 49m,1034.0,0.00,1167.0,5835.0,0.0,0.0,100.0,90.2,-114.00,-570.00
,2838798,07/08/2021 18:17,07/09/2021 17:06,XAUUSD,Buy,5.000,1793.80000,0.00000,1795.81000,1806.92000,0.0000,-89.2600,1111.0,5465.74,1.69,"to #2855142",0,00:22:48:35,100.0,22h 48m,1034.0,0.00,1167.0,5835.0,0.0,0.0,100.0,95.2,-56.00,-280.00
,2839679,07/09/2021 13:32,07/09/2021 17:05,XAUUSD,Buy,5.000,1793.80000,0.00000,1804.79000,1808.22000,0.0000,0.0000,343.0,1715.00,0.53,"",0,00:03:32:57,9.4,20m,597.0,1.74,343.0,1715.0,-595.0,-2975.0,36.6,100.0,0.00,0.00
,2839993,07/09/2021 13:37,07/09/2021 17:02,XAUUSD,Buy,5.000,1795.88000,0.00000,1804.78000,1805.79000,0.0000,0.0000,101.0,505.00,0.16,"",0,00:03:25:08,4.9,10m,594.0,2.41,247.0,1235.0,-594.0,-2970.0,29.4,82.6,-146.00,-730.00
,2840641,07/09/2021 13:54,07/09/2021 16:53,XAUUSD,Buy,5.000,1793.80000,0.00000,1804.27000,1804.45000,0.0000,0.0000,18.0,90.00,0.03,"",0,00:02:59:08,2.8,5m,592.0,17.42,34.0,170.0,-592.0,-2960.0,5.4,97.4,-16.00,-80.00
,2841011,07/09/2021 14:00,07/09/2021 16:30,XAUUSD,Buy,5.000,1795.88000,0.00000,1803.22000,1803.42000,0.0000,0.0000,20.0,100.00,0.03,"",0,00:02:29:52,8.7,13m,487.0,8.55,57.0,285.0,-487.0,-2435.0,10.5,93.2,-37.00,-185.00
,2841379,07/09/2021 14:07,07/09/2021 15:21,XAUUSD,Buy,8.000,1796.40000,0.00000,1801.19000,1802.70000,0.0000,0.0000,151.0,1208.00,0.38,"",0,00:01:14:18,23.0,17m,325.0,1.66,171.0,1368.0,-284.0,-2272.0,37.6,95.6,-20.00,-160.00
,2839663,07/09/2021 13:32,07/09/2021 14:06,XAUUSD,Buy,5.000,1799.80000,0.00000,1804.75000,1799.60000,0.0000,0.0000,-515.0,-2575.00,-0.80,"[sl]",0,00:00:34:42,14.3,4m,521.0,86.21,6.0,30.0,-515.0,-2575.0,1.2,0.0,-521.00,-2605.00
,2793845,07/08/2021 17:06,07/09/2021 13:15,XAUUSD,Buy,5.000,1789.00000,0.00000,1809.67000,1803.64000,0.0000,-89.2600,-603.0,-3104.26,-0.95,"to #2838817",0,00:20:09:08,0.0,0s,1397.0,1428.57,0.0,0.0,-1397.0,-6985.0,0.0,56.8,-603.00,-3015.00
,2815387,07/08/2021 18:17,07/09/2021 13:15,XAUUSD,Buy,5.000,1789.40000,0.00000,1795.81000,1803.57000,0.0000,-89.2600,776.0,3790.74,1.18,"to #2838798",0,00:18:57:32,100.0,18h 57m,1033.0,0.00,1150.0,5750.0,0.0,0.0,100.0,67.5,-374.00,-1870.00
,2835245,07/09/2021 12:11,07/09/2021 12:21,XAUUSD,Buy,2.000,0.00000,0.00000,1803.08000,1804.54000,0.0000,0.0000,146.0,292.00,0.09,"",0,00:00:09:22,80.0,7m,110.0,0.07,212.0,424.0,-14.0,-28.0,93.8,70.8,-66.00,-132.00
,2832896,07/09/2021 11:26,07/09/2021 11:34,XAUUSD,Buy,5.000,0.00000,0.00000,1801.99000,1803.42000,0.0000,0.0000,143.0,715.00,0.22,"",0,00:00:08:12,87.5,7m,23.0,0.08,166.0,830.0,-13.0,-65.0,92.7,87.2,-23.00,-115.00
,2818779,07/09/2021 06:29,07/09/2021 11:14,XAUUSD,Buy,5.000,0.00000,0.00000,1805.12000,1805.29000,0.0000,0.0000,17.0,85.00,0.03,"",0,00:04:44:53,15.5,44m,942.0,8.24,102.0,510.0,-840.0,-4200.0,10.8,91.0,-85.00,-425.00
,2819770,07/09/2021 07:13,07/09/2021 10:52,XAUUSD,Buy,5.000,176.40000,0.00000,1803.97000,1805.45000,0.0000,0.0000,148.0,740.00,0.23,"",0,00:03:38:46,7.8,17m,764.0,3.80,191.0,955.0,-725.0,-3625.0,20.9,95.3,-43.00,-215.00
,2820314,07/09/2021 07:32,07/09/2021 10:25,XAUUSD,Buy,5.000,1788.80000,0.00000,1803.26000,1803.91000,0.0000,0.0000,65.0,325.00,0.10,"",0,00:02:53:05,5.3,9m,674.0,6.48,101.0,505.0,-654.0,-3270.0,13.4,95.2,-36.00,-180.00
,2820730,07/09/2021 07:47,07/09/2021 10:20,XAUUSD,Buy,5.000,1788.80000,0.00000,1803.09000,1803.33000,0.0000,0.0000,24.0,120.00,0.04,"",0,00:02:33:30,2.0,3m,643.0,18.21,35.0,175.0,-637.0,-3185.0,5.2,98.4,-11.00,-55.00
,2825565,07/09/2021 09:34,07/09/2021 10:07,XAUUSD,Buy,10.000,1788.00000,0.00000,1798.05000,1800.67000,0.0000,0.0000,262.0,2620.00,0.83,"",0,00:00:32:27,24.3,7m,185.0,0.39,337.0,3370.0,-133.0,-1330.0,71.7,84.0,-75.00,-750.00
,2821719,07/09/2021 08:04,07/09/2021 08:41,XAUUSD,Buy,10.000,1796.40000,0.00000,1801.73000,1802.46000,0.0000,0.0000,73.0,730.00,0.23,"",0,00:00:36:45,27.8,10m,197.0,1.39,142.0,1420.0,-197.0,-1970.0,41.9,79.6,-69.00,-690.00
,2794312,07/08/2021 17:10,07/09/2021 05:45,XAUUSD,Buy,10.000,1789.00000,0.00000,1806.81000,1807.24000,0.0000,-178.5100,43.0,251.49,0.08,"",0,00:12:34:51,1.5,11m,1231.0,20.53,59.0,590.0,-1210.0,-12100.0,4.6,98.7,-16.00,-160.00
,2810777,07/08/2021 18:17,07/09/2021 04:41,XAUUSD,Buy,10.000,1789.00000,0.00000,1795.81000,1806.55000,0.0000,-178.5100,1074.0,10561.49,3.46,"to #2815387",0,00:10:23:33,99.9,10h 22m,505.0,0.01,1085.0,10850.0,-11.0,-110.0,99.0,99.0,-11.00,-110.00
,2796067,07/08/2021 17:29,07/09/2021 04:40,XAUUSD,Buy,2.000,0.00000,0.00000,1806.42000,1806.71000,0.0000,-35.7000,29.0,22.30,0.01,"",0,00:11:10:29,0.6,4m,1171.0,40.49,29.0,58.0,-1171.0,-2342.0,2.4,100.0,0.00,0.00
,2795881,07/08/2021 17:27,07/09/2021 04:38,XAUUSD,Buy,2.000,0.00000,0.00000,1806.20000,1806.35000,0.0000,-35.7000,15.0,-5.70,0.00,"",0,00:11:10:35,0.6,4m,1158.0,32.89,35.0,70.0,-1149.0,-2298.0,3.0,98.3,-20.00,-40.00
,2813797,07/09/2021 03:39,07/09/2021 04:22,XAUUSD,Buy,5.000,0.00000,0.00000,1801.42000,1804.45000,0.0000,0.0000,303.0,1515.00,0.50,"",0,00:00:42:34,44.2,18m,213.0,0.55,361.0,1805.0,-197.0,-985.0,64.7,89.6,-58.00,-290.00
,2814306,07/09/2021 04:03,07/09/2021 04:17,XAUUSD,Buy,5.000,0.00000,0.00000,1800.19000,1803.27000,0.0000,0.0000,308.0,1540.00,0.51,"",0,00:00:14:30,92.9,13m,63.0,0.07,332.0,1660.0,-22.0,-110.0,93.8,93.2,-24.00,-120.00
,2798556,07/08/2021 17:59,07/09/2021 04:17,XAUUSD,Buy,0.500,0.00000,0.00000,1802.86000,1803.12000,0.0000,-8.9300,26.0,4.07,0.00,"",0,00:10:17:51,22.4,2h 18m,815.0,4.97,164.0,82.0,-815.0,-407.5,16.8,85.9,-138.00,-69.00
,2798531,07/08/2021 17:59,07/09/2021 03:04,XAUUSD,Buy,0.500,0.00000,0.00000,1802.91000,1803.22000,0.0000,-8.9300,31.0,6.57,0.00,"",0,00:09:04:59,19.1,1h 44m,820.0,5.16,159.0,79.5,-820.0,-410.0,16.2,86.9,-128.00,-64.00
,2804398,07/08/2021 19:06,07/08/2021 23:28,XAUUSD,Buy,0.500,0.00000,0.00000,1797.97000,1802.45000,0.0000,0.0000,448.0,224.00,0.07,"",0,00:04:22:39,81.7,3h 34m,377.0,0.24,552.0,276.0,-131.0,-65.5,80.8,84.8,-104.00,-52.00
,2805760,07/08/2021 19:56,07/08/2021 23:10,XAUUSD,Buy,3.000,0.00000,0.00000,1798.14000,1803.22000,0.0000,0.0000,508.0,1524.00,0.51,"",0,00:03:13:17,91.3,2h 56m,377.0,0.28,535.0,1605.0,-148.0,-444.0,78.3,96.0,-27.00,-81.00
,2801041,07/08/2021 18:17,07/08/2021 23:09,XAUUSD,Buy,10.000,1789.00000,0.00000,1795.81000,1803.20000,0.0000,0.0000,739.0,7390.00,2.52,"to #2810777",0,00:04:52:22,99.7,4h 51m,377.0,0.01,768.0,7680.0,-11.0,-110.0,98.6,96.3,-29.00,-290.00
,2799882,07/08/2021 18:06,07/08/2021 18:15,XAUUSD,Buy,15.000,1795.89000,0.00000,1800.28000,1793.98000,0.0000,0.0000,-630.0,-9450.00,-3.12,"[sl]",0,00:00:09:37,0.0,0s,630.0,666.67,0.0,0.0,-630.0,-9450.0,0.0,0.0,-630.00,-9450.00
,2794076,07/08/2021 17:08,07/08/2021 18:15,XAUUSD,Buy,20.000,1795.89000,0.00000,1807.44000,1793.98000,0.0000,0.0000,-1346.0,-26920.00,-8.17,"[sl]",0,00:01:07:18,0.0,0s,1346.0,1428.57,0.0,0.0,-1346.0,-26920.0,0.0,0.0,-1346.00,-26920.00
,2795228,07/08/2021 17:19,07/08/2021 17:22,XAUUSD,Buy,10.000,0.00000,0.00000,1805.95000,1806.59000,0.0000,0.0000,64.0,640.00,0.19,"",0,00:00:02:16,,,,,,,,,,,,
,2785565,07/08/2021 15:36,07/08/2021 15:52,XAUUSD,Sell,0.200,0.00000,0.00000,1816.24000,1815.64000,0.0000,0.0000,60.0,12.00,0.00,"",0,00:00:15:31,31.3,4m,244.0,1.75,114.0,22.8,-199.0,-39.800000000000004,36.4,82.7,-54.00,-10.80
,2786277,07/08/2021 15:46,07/08/2021 15:52,XAUUSD,Sell,0.200,0.00000,0.00000,1817.53000,1815.51000,0.0000,0.0000,202.0,40.40,0.01,"",0,00:00:05:42,100.0,5m,43.0,0.00,243.0,48.6,0.0,0.0,100.0,83.1,-41.00,-8.20
,2779756,07/08/2021 14:37,07/08/2021 15:06,XAUUSD,Sell,0.010,0.00000,0.00000,1814.45000,1813.06000,0.0000,0.0000,139.0,1.39,0.00,"",0,00:00:29:06,65.6,19m,175.0,0.48,222.0,2.22,-107.0,-1.07,67.5,74.8,-83.00,-0.83
,2777835,07/08/2021 14:12,07/08/2021 15:06,XAUUSD,Buy,0.010,0.00000,0.00000,1817.04000,1812.49000,0.0000,0.0000,-455.0,-4.55,0.00,"",0,00:00:54:13,0.0,0s,481.0,500.00,0.0,0.0,-481.0,-4.8100000000000005,0.0,5.4,-455.00,-4.55
,2778735,07/08/2021 14:26,07/08/2021 15:06,XAUUSD,Sell,0.050,0.00000,0.00000,1813.78000,1812.99000,0.0000,0.0000,79.0,3.95,0.00,"",0,00:00:39:55,32.5,12m,234.0,1.12,155.0,7.75,-174.0,-8.700000000000001,47.1,76.9,-76.00,-3.80
,2771548,07/08/2021 13:16,07/08/2021 14:00,XAUUSD,Buy,15.000,1803.89000,0.00000,1812.77000,1815.98000,0.0000,0.0000,321.0,4815.00,1.49,"",0,00:00:43:49,36.4,15m,613.0,1.21,505.0,7575.0,-613.0,-9195.0,45.2,83.5,-184.00,-2760.00
,2775917,07/08/2021 13:23,07/08/2021 13:59,XAUUSD,Buy,7.000,1804.40000,0.00000,1807.35000,1816.72000,0.0000,0.0000,937.0,6559.00,2.07,"from #2775307",0,00:00:35:18,100.0,35m,148.0,0.00,1047.0,7329.0,0.0,0.0,100.0,89.5,-110.00,-770.00
,2771521,07/08/2021 13:16,07/08/2021 13:54,XAUUSD,Buy,20.000,1804.87000,0.00000,1812.56000,1814.41000,0.0000,0.0000,185.0,3700.00,1.18,"",0,00:00:37:40,29.0,10m,592.0,1.70,349.0,6980.0,-592.0,-11840.0,37.1,82.6,-164.00,-3280.00
,2775307,07/08/2021 13:23,07/08/2021 13:53,XAUUSD,Buy,8.000,1804.40000,0.00000,1807.35000,1814.46000,0.0000,0.0000,711.0,5688.00,1.85,"to #2775917",0,00:00:29:48,100.0,29m,159.0,0.00,870.0,6960.0,0.0,0.0,100.0,81.7,-159.00,-1272.00
,2772622,07/08/2021 13:23,07/08/2021 13:48,XAUUSD,Buy,15.000,1804.40000,0.00000,1807.35000,1812.68000,0.0000,0.0000,533.0,7995.00,2.66,"to #2775307",0,00:00:24:41,100.0,24m,69.0,0.00,562.0,8430.0,0.0,0.0,100.0,94.8,-29.00,-435.00
,2771835,07/08/2021 13:18,07/08/2021 13:42,XAUUSD,Buy,15.000,1803.89000,0.00000,1812.00000,1812.04000,0.0000,0.0000,4.0,60.00,0.02,"",0,00:00:24:00,12.5,3m,536.0,24.39,22.0,330.0,-536.0,-8040.0,3.9,96.8,-18.00,-270.00
,2771583,07/08/2021 13:16,07/08/2021 13:23,XAUUSD,Buy,15.000,1806.99000,0.00000,1812.89000,1806.85000,0.0000,0.0000,-604.0,-9060.00,-2.93,"[sl]",0,00:00:06:23,0.0,0s,604.0,625.00,0.0,0.0,-604.0,-9060.0,0.0,0.0,-604.00,-9060.00
,2771565,07/08/2021 13:16,07/08/2021 13:23,XAUUSD,Buy,15.000,1806.89000,0.00000,1812.88000,1806.85000,0.0000,0.0000,-603.0,-9045.00,-2.84,"[sl]",0,00:00:06:29,0.0,0s,603.0,625.00,0.0,0.0,-603.0,-9045.0,0.0,0.0,-603.00,-9045.00
,2703183,07/07/2021 16:54,07/08/2021 13:01,XAUUSD,Buy,20.000,1793.40000,0.00000,1807.80000,1812.20000,0.0000,-1071.0700,440.0,7728.93,2.49,"",0,00:20:06:12,10.0,2h 0m,1120.0,1.83,611.0,12220.0,-1120.0,-22400.0,35.3,90.1,-171.00,-3420.00
,2759745,07/07/2021 17:30,07/08/2021 13:00,XAUUSD,Buy,10.000,1789.00000,0.00000,1800.50000,1812.13000,0.0000,-535.5300,1163.0,11094.47,3.70,"from #2755377",0,00:19:30:10,71.4,13h 55m,1086.0,0.29,1341.0,13410.0,-390.0,-3900.0,77.5,89.7,-178.00,-1780.00
,2767723,07/08/2021 12:36,07/08/2021 13:00,XAUUSD,Buy,5.000,0.00000,0.00000,1810.58000,1812.35000,0.0000,0.0000,177.0,885.00,0.30,"",0,00:00:24:14,95.9,23m,106.0,0.02,241.0,1205.0,-4.0,-20.0,98.4,73.9,-64.00,-320.00
,2767374,07/08/2021 12:31,07/08/2021 13:00,XAUUSD,Buy,15.000,0.00000,0.00000,1810.89000,1812.39000,0.0000,0.0000,150.0,2250.00,0.76,"",0,00:00:29:23,72.5,21m,138.0,0.66,210.0,3150.0,-138.0,-2070.0,60.3,82.8,-60.00,-900.00
,2755504,07/07/2021 16:54,07/08/2021 12:30,XAUUSD,Buy,10.000,1809.79000,0.00000,1807.41000,1809.74000,0.0000,-535.5300,233.0,1794.47,0.61,"from #2703147[sl]",0,00:19:36:13,8.5,1h 39m,1086.0,1.66,650.0,6500.0,-1081.0,-10810.0,37.6,75.9,-417.00,-4170.00
,2763354,07/08/2021 11:04,07/08/2021 12:07,XAUUSD,Buy,5.000,1809.79000,0.00000,1807.02000,1813.65000,0.0000,0.0000,663.0,3315.00,1.14,"from #2760545",0,00:01:03:37,88.9,56m,236.0,0.23,711.0,3555.0,-162.0,-810.0,81.4,94.5,-48.00,-240.00
,2760545,07/08/2021 11:04,07/08/2021 11:35,XAUUSD,Buy,5.000,0.00000,0.00000,1807.02000,1812.13000,0.0000,0.0000,511.0,2555.00,0.89,"to #2763354",0,00:00:31:38,77.5,24m,162.0,0.26,634.0,3170.0,-162.0,-810.0,79.6,84.5,-123.00,-615.00
,2761131,07/08/2021 11:09,07/08/2021 11:27,XAUUSD,Buy,5.000,0.00000,0.00000,1806.03000,1810.08000,0.0000,0.0000,405.0,2025.00,0.71,"",0,00:00:18:06,94.5,17m,73.0,0.04,419.0,2095.0,-18.0,-90.0,95.9,96.8,-14.00,-70.00
,2755377,07/07/2021 17:30,07/08/2021 11:00,XAUUSD,Buy,10.000,1789.00000,0.00000,1800.50000,1807.08000,0.0000,-535.5400,658.0,6044.46,2.15,"to #2759745",0,00:17:29:28,68.1,11h 54m,1086.0,0.44,884.0,8840.0,-390.0,-3900.0,69.4,82.3,-226.00,-2260.00
,2703147,07/07/2021 16:54,07/08/2021 10:28,XAUUSD,Buy,10.000,1793.40000,0.00000,1807.41000,1806.45000,0.0000,-535.5400,-96.0,-1495.54,-0.53,"to #2755504",0,00:17:33:54,0.5,5m,1086.0,217.39,5.0,50.0,-1081.0,-10810.0,0.5,90.7,-101.00,-1010.00
,2712403,07/07/2021 17:30,07/08/2021 10:27,XAUUSD,Buy,10.000,1789.00000,0.00000,1800.50000,1805.71000,0.0000,-535.5300,521.0,4674.47,1.69,"to #2755377",0,00:16:57:00,67.0,11h 21m,1086.0,0.56,696.0,6960.0,-390.0,-3900.0,64.1,83.9,-175.00,-1750.00
,2730798,07/08/2021 02:15,07/08/2021 10:27,XAUUSD,Buy,5.000,1789.50000,0.00000,1805.13000,1805.74000,0.0000,0.0000,61.0,305.00,0.11,"",0,00:08:11:45,2.1,10m,853.0,10.54,81.0,405.0,-853.0,-4265.0,8.7,97.9,-20.00,-100.00
,2720017,07/07/2021 19:33,07/08/2021 10:27,XAUUSD,Buy,10.000,0.00000,0.00000,1802.56000,1804.45000,0.0000,-535.5300,189.0,1354.47,0.49,"",0,00:14:53:59,50.9,7h 35m,1086.0,1.22,490.0,4900.0,-596.0,-5960.0,45.1,72.3,-301.00,-3010.00
,2733420,07/08/2021 04:15,07/08/2021 10:27,XAUUSD,Buy,5.000,1789.00000,0.00000,1802.81000,1804.24000,0.0000,0.0000,143.0,715.00,0.26,"",0,00:06:12:05,2.7,10m,621.0,1.98,313.0,1565.0,-621.0,-3105.0,33.5,81.8,-170.00,-850.00
,2734033,07/08/2021 04:26,07/08/2021 10:24,XAUUSD,Buy,5.000,1793.40000,0.00000,1802.26000,1802.64000,0.0000,0.0000,38.0,190.00,0.07,"",0,00:05:57:25,2.9,10m,566.0,14.90,38.0,190.0,-566.0,-2830.0,6.3,100.0,0.00,0.00
,2731120,07/08/2021 02:51,07/08/2021 10:23,XAUUSD,Buy,2.000,0.00000,0.00000,1804.06000,1801.94000,0.0000,0.0000,-212.0,-424.00,-0.15,"",0,00:07:32:01,6.7,30m,803.0,13.09,57.0,114.0,-746.0,-1492.0,7.1,66.5,-269.00,-538.00
,2731015,07/08/2021 02:40,07/08/2021 10:22,XAUUSD,Buy,2.000,0.00000,0.00000,1804.75000,1801.99000,0.0000,0.0000,-276.0,-552.00,-0.20,"",0,00:07:42:17,0.0,0s,815.0,833.33,0.0,0.0,-815.0,-1630.0,0.0,66.1,-276.00,-552.00
,2731500,07/08/2021 03:06,07/08/2021 10:22,XAUUSD,Buy,3.000,0.00000,0.00000,1803.75000,1802.04000,0.0000,0.0000,-171.0,-513.00,-0.19,"",0,00:07:16:32,8.1,35m,803.0,8.13,88.0,264.0,-715.0,-2145.0,11.0,67.7,-259.00,-777.00
,2735115,07/08/2021 04:54,07/08/2021 10:18,XAUUSD,Buy,15.000,1795.40000,0.00000,1800.66000,1801.37000,0.0000,0.0000,71.0,1065.00,0.39,"",0,00:05:24:24,3.1,10m,406.0,2.78,146.0,2190.0,-406.0,-6090.0,26.4,86.4,-75.00,-1125.00
,2743925,07/08/2021 05:49,07/08/2021 10:16,XAUUSD,Buy,10.000,1754.40000,0.00000,1797.54000,1800.02000,0.0000,0.0000,248.0,2480.00,0.91,"from #2737490",0,00:04:26:49,69.0,3h 4m,309.0,0.52,248.0,2480.0,-129.0,-1290.0,65.8,100.0,0.00,0.00
,2737490,07/08/2021 05:49,07/08/2021 08:43,XAUUSD,Buy,10.000,1754.40000,0.00000,1797.54000,1798.87000,0.0000,0.0000,133.0,1330.00,0.49,"to #2743925",0,00:02:54:23,65.0,1h 53m,310.0,0.70,182.0,1820.0,-128.0,-1280.0,58.7,84.2,-49.00,-490.00
,2720455,07/07/2021 19:46,07/07/2021 23:05,XAUUSD,Buy,10.000,0.00000,0.00000,1801.64000,1802.78000,0.0000,0.0000,114.0,1140.00,0.42,"",0,00:03:19:02,89.5,2h 58m,501.0,0.15,591.0,5910.0,-89.0,-890.0,86.9,29.9,-477.00,-4770.00
,2715384,07/07/2021 18:16,07/07/2021 18:52,XAUUSD,Buy,5.000,0.00000,0.00000,1803.49000,1804.76000,0.0000,0.0000,127.0,635.00,0.24,"",0,00:00:35:39,36.2,12m,243.0,1.58,154.0,770.0,-243.0,-1215.0,38.8,93.2,-27.00,-135.00
,2715885,07/07/2021 18:24,07/07/2021 18:44,XAUUSD,Buy,5.000,0.00000,0.00000,1802.21000,1804.31000,0.0000,0.0000,210.0,1050.00,0.39,"",0,00:00:20:18,50.0,10m,115.0,0.43,270.0,1350.0,-115.0,-575.0,70.1,84.4,-60.00,-300.00
,2716078,07/07/2021 18:26,07/07/2021 18:44,XAUUSD,Buy,5.000,0.00000,0.00000,1802.06000,1804.39000,0.0000,0.0000,233.0,1165.00,0.44,"",0,00:00:18:08,55.6,10m,100.0,0.35,285.0,1425.0,-100.0,-500.0,74.0,86.5,-52.00,-260.00
,2709834,07/07/2021 17:31,07/07/2021 17:50,XAUUSD,Buy,10.000,1793.40000,0.00000,1799.30000,1805.26000,0.0000,0.0000,596.0,5960.00,2.28,"",0,00:00:19:03,89.5,17m,145.0,0.21,684.0,6840.0,-145.0,-1450.0,82.5,89.4,-88.00,-880.00
,2709668,07/07/2021 17:30,07/07/2021 17:46,XAUUSD,Buy,20.000,1793.40000,0.00000,1800.50000,1806.33000,0.0000,0.0000,583.0,11660.00,4.67,"to #2712403",0,00:00:16:03,75.0,12m,302.0,0.52,583.0,11660.0,-302.0,-6040.0,65.9,100.0,0.00,0.00
,2706101,07/07/2021 17:12,07/07/2021 17:30,XAUUSD,Buy,15.000,1799.70000,0.00000,1804.25000,1798.89000,0.0000,0.0000,-536.0,-8040.00,-3.12,"[sl]",0,00:00:18:04,0.0,0s,536.0,555.56,0.0,0.0,-536.0,-8040.0,0.0,0.0,-536.00,-8040.00
,2704040,07/07/2021 17:02,07/07/2021 17:30,XAUUSD,Buy,20.000,1799.80000,0.00000,1806.21000,1798.89000,0.0000,0.0000,-732.0,-14640.00,-5.37,"[sl]",0,00:00:27:21,0.0,0s,732.0,769.23,0.0,0.0,-732.0,-14640.0,0.0,0.0,-732.00,-14640.00
,2703896,07/07/2021 17:00,07/07/2021 17:30,XAUUSD,Buy,20.000,1799.00000,0.00000,1806.01000,1798.89000,0.0000,0.0000,-712.0,-14240.00,-4.97,"[sl]",0,00:00:29:14,3.4,59s,728.0,44.64,16.0,320.0,-712.0,-14240.0,2.2,0.0,-728.00,-14560.00
,2697744,07/07/2021 13:31,07/07/2021 16:03,XAUUSD,Sell,2.000,1815.50000,0.00000,1806.44000,1804.98000,0.0000,0.0000,146.0,292.00,0.10,"from #2697149",0,00:02:31:22,17.2,26m,343.0,1.36,232.0,464.0,-316.0,-632.0,42.3,84.3,-86.00,-172.00
,2697149,07/07/2021 13:31,07/07/2021 16:02,XAUUSD,Sell,1.000,1815.50000,0.00000,1806.44000,1804.97000,0.0000,0.0000,147.0,147.00,0.05,"to #2697744",0,00:02:31:10,16.6,25m,343.0,1.36,232.0,232.0,-316.0,-316.0,42.3,84.5,-85.00,-85.00
,2696325,07/07/2021 13:31,07/07/2021 15:58,XAUUSD,Sell,2.000,1815.50000,0.00000,1806.44000,1804.45000,0.0000,0.0000,199.0,398.00,0.14,"to #2697149",0,00:02:26:35,14.3,20m,343.0,1.36,232.0,464.0,-316.0,-632.0,42.3,94.0,-33.00,-66.00
,2691080,07/07/2021 13:31,07/07/2021 15:49,XAUUSD,Sell,3.000,1815.50000,0.00000,1806.44000,1805.93000,0.0000,0.0000,51.0,153.00,0.05,"to #2696325",0,00:02:17:38,9.5,13m,343.0,4.86,65.0,195.0,-316.0,-948.0,17.1,96.3,-14.00,-42.00
,2694382,07/07/2021 15:26,07/07/2021 15:43,XAUUSD,Sell,1.000,0.00000,0.00000,1807.43000,1806.83000,0.0000,0.0000,60.0,60.00,0.02,"",0,00:00:17:41,58.9,10m,123.0,0.83,123.0,123.0,-102.0,-102.0,54.7,72.0,-63.00,-63.00
,2694914,07/07/2021 15:31,07/07/2021 15:40,XAUUSD,Sell,1.000,0.00000,0.00000,1807.80000,1807.44000,0.0000,0.0000,36.0,36.00,0.01,"",0,00:00:08:20,100.0,8m,123.0,0.01,159.0,159.0,0.0,0.0,100.0,22.6,-123.00,-123.00
,2694649,07/07/2021 15:29,07/07/2021 15:38,XAUUSD,Sell,1.000,0.00000,0.00000,1808.21000,1807.76000,0.0000,0.0000,45.0,45.00,0.02,"",0,00:00:08:09,87.5,7m,155.0,0.07,200.0,200.0,-14.0,-14.0,93.5,27.6,-155.00,-155.00
,2693572,07/07/2021 15:17,07/07/2021 15:20,XAUUSD,Sell,2.000,0.00000,0.00000,1808.98000,1807.60000,0.0000,0.0000,138.0,276.00,0.10,"",0,00:00:03:33,,,,,,,,,,,,
,2686307,07/07/2021 13:31,07/07/2021 14:48,XAUUSD,Sell,2.000,1815.50000,0.00000,1806.44000,1806.48000,0.0000,0.0000,-4.0,-8.00,0.00,"to #2691080",0,00:01:17:18,3.9,3m,202.0,10.10,20.0,40.0,-202.0,-404.0,9.0,89.2,-24.00,-48.00
,2687252,07/07/2021 13:47,07/07/2021 14:47,XAUUSD,Sell,5.000,1813.00000,0.00000,1807.44000,1806.67000,0.0000,0.0000,77.0,385.00,0.14,"",0,00:00:59:56,50.0,29m,179.0,0.85,120.0,600.0,-102.0,-510.0,54.1,80.6,-43.00,-215.00
,2689728,07/07/2021 14:27,07/07/2021 14:46,XAUUSD,Sell,5.000,0.00000,0.00000,1807.94000,1806.88000,0.0000,0.0000,106.0,530.00,0.19,"",0,00:00:18:35,68.5,12m,64.0,0.32,164.0,820.0,-52.0,-260.0,75.9,73.1,-58.00,-290.00
,2687541,07/07/2021 13:54,07/07/2021 14:00,XAUUSD,Sell,5.000,0.00000,0.00000,1807.61000,1807.04000,0.0000,0.0000,57.0,285.00,0.10,"",0,00:00:06:26,100.0,6m,37.0,0.01,94.0,470.0,0.0,0.0,100.0,60.6,-37.00,-185.00
,2685467,07/07/2021 07:43,07/07/2021 13:31,XAUUSD,Buy,10.000,1805.87000,1845.00000,1798.12000,1806.46000,0.0000,0.0000,834.0,8340.00,3.02,"from #2664447",0,00:05:48:25,93.4,5h 25m,433.0,0.06,983.0,9830.0,-63.0,-630.0,94.0,85.8,-149.00,-1490.00
,2664447,07/07/2021 07:43,07/07/2021 13:21,XAUUSD,Buy,10.000,1796.90000,1845.00000,1798.12000,1806.36000,0.0000,0.0000,824.0,8240.00,3.08,"to #2685467",0,00:05:37:57,93.2,5h 14m,433.0,0.06,983.0,9830.0,-63.0,-630.0,94.0,84.8,-159.00,-1590.00
,2646320,07/06/2021 18:57,07/07/2021 13:20,XAUUSD,Buy,20.000,1799.89000,1843.00000,1798.34000,1806.82000,0.0000,-357.0200,848.0,16602.98,6.62,"",0,00:18:23:17,46.2,8h 29m,754.0,0.84,902.0,18040.0,-754.0,-15080.0,54.5,96.7,-54.00,-1080.00
,2664487,07/07/2021 07:44,07/07/2021 13:20,XAUUSD,Buy,20.000,1801.40000,0.00000,1798.55000,1806.80000,0.0000,0.0000,825.0,16500.00,7.04,"",0,00:05:36:14,87.3,4h 53m,433.0,0.11,940.0,18800.0,-106.0,-2120.0,89.9,89.0,-115.00,-2300.00
,2679571,07/07/2021 11:49,07/07/2021 13:19,XAUUSD,Buy,0.500,0.00000,0.00000,1804.38000,1807.20000,0.0000,0.0000,282.0,141.00,0.06,"",0,00:01:30:14,64.5,58m,146.0,0.29,357.0,178.5,-102.0,-51.0,77.8,83.7,-75.00,-37.50
,2679558,07/07/2021 11:49,07/07/2021 13:19,XAUUSD,Buy,0.500,0.00000,0.00000,1804.34000,1807.22000,0.0000,0.0000,288.0,144.00,0.06,"",0,00:01:30:12,71.2,1h 4m,146.0,0.27,361.0,180.5,-98.0,-49.0,78.6,84.1,-73.00,-36.50
,2679690,07/07/2021 11:51,07/07/2021 13:19,XAUUSD,Buy,1.000,0.00000,0.00000,1804.54000,1807.23000,0.0000,0.0000,269.0,269.00,0.11,"",0,00:01:27:34,56.9,49m,146.0,0.35,341.0,341.0,-118.0,-118.0,74.3,84.3,-72.00,-72.00
,2679707,07/07/2021 11:51,07/07/2021 13:19,XAUUSD,Buy,3.000,0.00000,0.00000,1804.58000,1807.22000,0.0000,0.0000,264.0,792.00,0.34,"",0,00:01:27:25,55.7,48m,146.0,0.36,337.0,1011.0,-122.0,-366.0,73.4,84.1,-73.00,-219.00
,2679170,07/07/2021 11:44,07/07/2021 13:11,XAUUSD,Buy,0.500,0.00000,0.00000,1805.28000,1807.02000,0.0000,0.0000,174.0,87.00,0.04,"",0,00:01:27:04,36.8,32m,192.0,1.03,187.0,93.5,-192.0,-96.0,49.3,96.6,-13.00,-6.50
,2678992,07/07/2021 11:42,07/07/2021 13:11,XAUUSD,Buy,0.500,0.00000,0.00000,1805.08000,1806.95000,0.0000,0.0000,187.0,93.50,0.04,"",0,00:01:28:53,40.5,35m,172.0,0.83,207.0,103.5,-172.0,-86.0,54.6,94.7,-20.00,-10.00
,2672740,07/07/2021 10:13,07/07/2021 10:27,XAUUSD,Buy,3.000,0.00000,0.00000,1802.58000,1802.79000,0.0000,0.0000,21.0,63.00,0.03,"",0,00:00:13:40,28.6,3m,137.0,3.51,39.0,117.0,-137.0,-411.0,22.2,89.8,-18.00,-54.00
,2673234,07/07/2021 10:18,07/07/2021 10:27,XAUUSD,Buy,2.000,0.00000,0.00000,1802.20000,1802.86000,0.0000,0.0000,66.0,132.00,0.06,"",0,00:00:09:01,55.6,5m,48.0,0.62,77.0,154.0,-48.0,-96.0,61.6,91.2,-11.00,-22.00
,2665578,07/07/2021 08:12,07/07/2021 08:39,XAUUSD,Buy,5.000,0.00000,0.00000,1798.90000,1800.43000,0.0000,0.0000,153.0,765.00,0.33,"",0,00:00:27:12,26.0,7m,141.0,0.75,188.0,940.0,-141.0,-705.0,57.1,89.4,-35.00,-175.00
,2664565,07/07/2021 07:45,07/07/2021 08:35,XAUUSD,Buy,5.000,0.00000,0.00000,1798.56000,1799.53000,0.0000,0.0000,97.0,485.00,0.21,"",0,00:00:49:54,16.0,7m,164.0,1.05,102.0,510.0,-107.0,-535.0,48.8,97.6,-5.00,-25.00
,2664866,07/07/2021 07:54,07/07/2021 08:34,XAUUSD,Buy,5.000,1792.80000,0.00000,1798.33000,1799.02000,0.0000,0.0000,69.0,345.00,0.15,"",0,00:00:40:29,20.0,8m,103.0,0.77,109.0,545.0,-84.0,-420.0,56.5,79.3,-40.00,-200.00
,2664435,07/07/2021 07:43,07/07/2021 07:45,XAUUSD,Buy,20.000,0.00000,0.00000,1798.05000,1798.14000,0.0000,0.0000,9.0,180.00,0.08,"",0,00:00:01:44,,,,,,,,,,,,
,2646290,07/06/2021 18:57,07/07/2021 07:42,XAUUSD,Buy,35.000,1797.89000,1843.00000,1797.34000,1797.28000,0.0000,-624.7900,-6.0,-834.79,-0.36,"[sl]",0,00:12:45:37,32.1,4h 5m,654.0,1.28,511.0,17885.0,-654.0,-22890.0,43.9,55.6,-517.00,-18095.00
,2651019,07/06/2021 19:02,07/07/2021 06:33,XAUUSD,Buy,10.000,1788.00000,0.00000,1795.57000,1800.56000,0.0000,-178.5100,499.0,4811.49,2.12,"from #2647018",0,00:11:31:33,70.3,8h 6m,477.0,0.69,688.0,6880.0,-477.0,-4770.0,59.1,83.8,-189.00,-1890.00
,2651835,07/06/2021 20:33,07/07/2021 04:10,XAUUSD,Buy,5.000,0.00000,0.00000,1794.16000,1796.48000,0.0000,-89.2600,232.0,1070.74,0.47,"",0,00:07:36:31,100.0,7h 36m,343.0,0.00,350.0,1750.0,0.0,0.0,100.0,66.3,-118.00,-590.00
,2650613,07/06/2021 19:21,07/06/2021 20:06,XAUUSD,Buy,10.000,1788.00000,0.00000,1791.49000,1796.07000,0.0000,0.0000,458.0,4580.00,2.07,"from #2648674",0,00:00:45:30,100.0,45m,55.0,0.00,458.0,4580.0,0.0,0.0,100.0,100.0,0.00,0.00
,2647018,07/06/2021 19:02,07/06/2021 20:05,XAUUSD,Buy,10.000,1788.00000,0.00000,1795.57000,1795.85000,0.0000,0.0000,28.0,280.00,0.13,"to #2651019",0,00:01:03:46,7.7,4m,477.0,17.04,28.0,280.0,-477.0,-4770.0,5.5,100.0,0.00,0.00
,2648674,07/06/2021 19:21,07/06/2021 20:00,XAUUSD,Buy,10.000,1788.00000,0.00000,1791.49000,1794.19000,0.0000,0.0000,270.0,2700.00,1.24,"to #2650613",0,00:00:38:49,100.0,38m,55.0,0.00,280.0,2800.0,0.0,0.0,100.0,96.4,-10.00,-100.00
,2648149,07/06/2021 19:16,07/06/2021 19:19,XAUUSD,Buy,20.000,1790.40000,0.00000,1793.09000,1790.32000,0.0000,0.0000,-277.0,-5540.00,-2.47,"[sl]",0,00:00:02:58,,,,,,,,,,,,
,2593402,07/06/2021 08:21,07/06/2021 18:46,XAUUSD,Sell,5.000,1820.50000,0.00000,1802.38000,1800.81000,0.0000,0.0000,157.0,785.00,0.35,"",0,00:10:24:27,2.4,14m,1168.0,7.44,157.0,785.0,-1168.0,-5840.0,11.8,100.0,0.00,0.00
,2593765,07/06/2021 08:33,07/06/2021 18:16,XAUUSD,Sell,5.000,18205.00000,0.00000,1802.42000,1802.48000,0.0000,0.0000,-6.0,-30.00,-0.01,"",0,00:09:43:17,0.9,5m,1166.0,588.24,2.0,10.0,-1164.0,-5820.0,0.2,99.3,-8.00,-40.00
,2593700,07/06/2021 08:31,07/06/2021 18:16,XAUUSD,Sell,5.000,1820.50000,0.00000,1802.54000,1802.31000,0.0000,0.0000,23.0,115.00,0.05,"",0,00:09:45:06,1.8,10m,1166.0,50.25,23.0,115.0,-1152.0,-5760.0,2.0,100.0,0.00,0.00
,2614823,07/06/2021 13:11,07/06/2021 18:05,XAUUSD,Sell,10.000,1820.50000,0.00000,1808.73000,1804.01000,0.0000,0.0000,472.0,4720.00,2.16,"",0,00:04:53:52,61.1,2h 59m,699.0,1.02,524.0,5240.0,-533.0,-5330.0,49.6,95.1,-52.00,-520.00
,2609058,07/06/2021 11:51,07/06/2021 18:04,XAUUSD,Sell,5.000,1816.00000,0.00000,1805.53000,1803.48000,0.0000,0.0000,205.0,1025.00,0.47,"",0,00:06:13:11,4.1,15m,853.0,4.16,205.0,1025.0,-853.0,-4265.0,19.4,100.0,0.00,0.00
,2596662,07/06/2021 09:07,07/06/2021 17:37,XAUUSD,Sell,5.000,1816.00000,0.00000,1805.69000,1805.28000,0.0000,0.0000,41.0,205.00,0.09,"",0,00:08:29:31,19.7,1h 40m,1085.0,3.38,248.0,1240.0,-837.0,-4185.0,22.9,80.9,-207.00,-1035.00
,2614756,07/06/2021 13:10,07/06/2021 17:37,XAUUSD,Sell,10.000,1820.50000,0.00000,1808.78000,1804.82000,0.0000,0.0000,396.0,3960.00,1.86,"",0,00:04:26:35,60.4,2h 41m,699.0,1.33,396.0,3960.0,-528.0,-5280.0,42.9,100.0,0.00,0.00
,2610365,07/06/2021 12:08,07/06/2021 17:36,XAUUSD,Sell,5.000,1820.50000,0.00000,1806.36000,1805.87000,0.0000,0.0000,49.0,245.00,0.12,"",0,00:05:27:33,6.1,19m,775.0,15.72,49.0,245.0,-770.0,-3850.0,6.0,100.0,0.00,0.00
,2609013,07/06/2021 11:50,07/06/2021 17:35,XAUUSD,Sell,1.000,0.00000,0.00000,1805.46000,1805.52000,0.0000,0.0000,-6.0,-6.00,0.00,"",0,00:05:45:09,0.0,0s,860.0,909.09,0.0,0.0,-860.0,-860.0,0.0,99.3,-6.00,-6.00
,2636570,07/06/2021 17:28,07/06/2021 17:32,XAUUSD,Sell,5.000,0.00000,0.00000,1807.73000,1806.97000,0.0000,0.0000,76.0,380.00,0.18,"",0,00:00:03:20,,,,,,,,,,,,
,2623923,07/06/2021 15:36,07/06/2021 15:55,XAUUSD,Sell,10.000,1820.50000,0.00000,1814.46000,1808.75000,0.0000,0.0000,571.0,5710.00,2.76,"from #2623904",0,00:00:19:27,,,,,,,,,,,,
,2623904,07/06/2021 15:36,07/06/2021 15:47,XAUUSD,Sell,9.000,1820.50000,0.00000,1814.46000,1811.89000,0.0000,0.0000,257.0,2313.00,1.13,"to #2623923",0,00:00:11:28,,,,,,,,,,,,
,2623196,07/06/2021 15:36,07/06/2021 15:47,XAUUSD,Sell,1.000,1820.50000,0.00000,1814.46000,1812.05000,0.0000,0.0000,241.0,241.00,0.12,"to #2623904",0,00:00:11:20,,,,,,,,,,,,
,2600672,07/06/2021 10:07,07/06/2021 15:36,XAUUSD,Sell,5.000,1815.00000,0.00000,1805.74000,1815.12000,0.0000,0.0000,-938.0,-4690.00,-2.24,"[sl]",0,00:05:29:22,15.2,50m,1191.0,3.71,253.0,1265.0,-938.0,-4690.0,21.2,0.0,-1191.00,-5955.00
,2620739,07/06/2021 15:03,07/06/2021 15:08,XAUUSD,Sell,10.000,1812.00000,0.00000,1810.21000,1808.30000,0.0000,0.0000,191.0,1910.00,0.92,"",0,00:00:05:38,,,,,,,,,,,,
,2608585,07/06/2021 11:43,07/06/2021 13:10,XAUUSD,Sell,5.000,1809.50000,0.00000,1804.95000,1809.55000,0.0000,0.0000,-460.0,-2300.00,-1.10,"[sl]",0,00:01:27:06,0.0,0s,460.0,476.19,0.0,0.0,-460.0,-2300.0,0.0,0.0,-460.00,-2300.00
,2595792,07/06/2021 09:02,07/06/2021 11:35,XAUUSD,Sell,5.000,1812.00000,0.00000,1805.78000,1803.63000,0.0000,0.0000,215.0,1075.00,0.52,"",0,00:02:32:39,58.1,1h 28m,374.0,1.05,257.0,1285.0,-269.0,-1345.0,48.9,92.0,-42.00,-210.00
,2595106,07/06/2021 08:59,07/06/2021 11:30,XAUUSD,Sell,5.000,1815.00000,0.00000,1803.90000,1804.21000,0.0000,0.0000,-31.0,-155.00,-0.07,"",0,00:02:31:19,3.3,4m,457.0,6.63,69.0,345.0,-457.0,-2285.0,13.1,81.0,-100.00,-500.00
,2595680,07/06/2021 09:01,07/06/2021 11:30,XAUUSD,Sell,5.000,1812.00000,0.00000,1805.97000,1804.31000,0.0000,0.0000,166.0,830.00,0.40,"",0,00:02:29:03,70.0,1h 44m,374.0,0.91,276.0,1380.0,-250.0,-1250.0,52.5,79.1,-110.00,-550.00
,2602998,07/06/2021 10:46,07/06/2021 11:26,XAUUSD,Sell,10.000,1813.00000,0.00000,1807.20000,1805.68000,0.0000,0.0000,152.0,1520.00,0.74,"",0,00:00:39:36,87.5,34m,176.0,0.06,328.0,3280.0,-19.0,-190.0,94.5,49.3,-176.00,-1760.00
,2603561,07/06/2021 10:54,07/06/2021 11:08,XAUUSD,Sell,5.000,1813.00000,0.00000,1808.49000,1805.62000,0.0000,0.0000,287.0,1435.00,0.70,"",0,00:00:13:26,,,,,,,,,,,,
,2603798,07/06/2021 10:57,07/06/2021 11:08,XAUUSD,Sell,5.000,1811.00000,0.00000,1808.19000,1805.50000,0.0000,0.0000,269.0,1345.00,0.66,"",0,00:00:11:09,,,,,,,,,,,,
,2594375,07/06/2021 08:44,07/06/2021 09:00,XAUUSD,Sell,5.000,1804.80000,0.00000,1802.35000,1805.93000,0.0000,0.0000,-358.0,-1790.00,-0.87,"[sl]",0,00:00:15:56,,,,,,,,,,,,
,2593017,07/06/2021 06:54,07/06/2021 08:22,XAUUSD,Buy,5.000,1801.29000,0.00000,1797.80000,1802.42000,0.0000,0.0000,462.0,2310.00,1.14,"from #2592796",0,00:01:28:01,100.0,1h 28m,112.0,0.00,486.0,2430.0,0.0,0.0,100.0,95.1,-24.00,-120.00
,2592796,07/06/2021 06:54,07/06/2021 08:12,XAUUSD,Buy,5.000,1799.40000,0.00000,1797.80000,1802.08000,0.0000,0.0000,428.0,2140.00,1.07,"to #2593017",0,00:01:18:16,100.0,1h 18m,112.0,0.00,433.0,2165.0,0.0,0.0,100.0,98.8,-5.00,-25.00
,2589913,07/06/2021 06:54,07/06/2021 08:08,XAUUSD,Buy,5.000,1799.40000,0.00000,1797.80000,1801.48000,0.0000,0.0000,368.0,1840.00,0.93,"to #2592796",0,00:01:14:17,100.0,1h 14m,112.0,0.00,433.0,2165.0,0.0,0.0,100.0,85.0,-65.00,-325.00
,2590938,07/06/2021 07:32,07/06/2021 07:58,XAUUSD,Buy,5.000,1799.70000,0.00000,1798.71000,1799.70000,0.0000,0.0000,99.0,495.00,0.25,"[sl]",0,00:00:26:17,100.0,26m,105.0,0.01,204.0,1020.0,0.0,0.0,100.0,48.5,-105.00,-525.00
,2589894,07/06/2021 06:53,07/06/2021 07:57,XAUUSD,Buy,20.000,1795.88000,0.00000,1797.72000,1799.90000,0.0000,0.0000,218.0,4360.00,2.25,"",0,00:01:04:11,100.0,1h 4m,112.0,0.00,303.0,6060.0,0.0,0.0,100.0,71.9,-85.00,-1700.00
,2589902,07/06/2021 06:53,07/06/2021 07:54,XAUUSD,Buy,20.000,1794.00000,0.00000,1797.73000,1799.95000,0.0000,0.0000,222.0,4440.00,2.34,"",0,00:01:00:48,100.0,1h 0m,112.0,0.00,228.0,4560.0,0.0,0.0,100.0,97.4,-6.00,-120.00
,2589885,07/06/2021 06:53,07/06/2021 07:54,XAUUSD,Buy,20.000,1798.40000,0.00000,1797.73000,1799.90000,0.0000,0.0000,217.0,4340.00,2.34,"",0,00:01:00:53,100.0,1h 0m,112.0,0.00,228.0,4560.0,0.0,0.0,100.0,95.2,-11.00,-220.00
,2587328,07/06/2021 05:40,07/06/2021 06:21,XAUUSD,Buy,15.000,0.00000,0.00000,1797.79000,1797.92000,0.0000,0.0000,13.0,195.00,0.11,"",0,00:00:41:29,62.5,25m,78.0,0.96,81.0,1215.0,-78.0,-1170.0,50.9,57.2,-68.00,-1020.00
,2587290,07/06/2021 05:39,07/06/2021 06:21,XAUUSD,Buy,20.000,0.00000,0.00000,1797.83000,1797.92000,0.0000,0.0000,9.0,180.00,0.10,"",0,00:00:42:30,55.6,23m,82.0,1.06,77.0,1540.0,-82.0,-1640.0,48.4,57.2,-68.00,-1360.00
,2587297,07/06/2021 05:39,07/06/2021 06:21,XAUUSD,Buy,15.000,0.00000,0.00000,1797.78000,1797.92000,0.0000,0.0000,14.0,210.00,0.11,"",0,00:00:42:18,55.6,23m,77.0,0.94,82.0,1230.0,-77.0,-1155.0,51.6,57.2,-68.00,-1020.00
,2587311,07/06/2021 05:39,07/06/2021 06:21,XAUUSD,Buy,15.000,0.00000,0.00000,1797.68000,1797.98000,0.0000,0.0000,30.0,450.00,0.24,"",0,00:00:41:42,66.7,27m,67.0,0.73,92.0,1380.0,-67.0,-1005.0,57.9,61.0,-62.00,-930.00
,2587389,07/06/2021 05:42,07/06/2021 05:52,XAUUSD,Buy,5.000,0.00000,0.00000,1796.97000,1797.64000,0.0000,0.0000,67.0,335.00,0.18,"",0,00:00:10:13,,,,,,,,,,,,
,2576182,07/05/2021 17:59,07/06/2021 05:29,XAUUSD,Buy,5.000,1793.89000,0.00000,1791.24000,1798.03000,0.0000,-89.2600,679.0,3305.74,1.83,"",0,00:11:29:56,42.8,4h 55m,165.0,0.18,760.0,3800.0,-136.0,-680.0,84.8,91.0,-81.00,-405.00
,2566297,07/05/2021 13:33,07/06/2021 05:29,XAUUSD,Buy,5.000,1786.80000,0.00000,1792.05000,1798.09000,0.0000,-89.2600,604.0,2930.74,1.65,"",0,00:15:56:08,17.3,2h 45m,372.0,0.39,679.0,3395.0,-264.0,-1320.0,72.0,92.0,-75.00,-375.00
,2562287,07/05/2021 11:56,07/06/2021 05:29,XAUUSD,Buy,20.000,1786.80000,1842.00000,1792.93000,1798.12000,0.0000,-357.0200,519.0,10022.98,5.98,"",0,00:17:33:24,8.6,1h 30m,382.0,0.60,591.0,11820.0,-352.0,-7040.0,62.7,92.4,-72.00,-1440.00
,2562270,07/05/2021 11:55,07/06/2021 05:29,XAUUSD,Buy,20.000,1784.40000,1840.00000,1792.90000,1798.20000,0.0000,-357.0200,530.0,10242.98,6.51,"",0,00:17:33:24,8.6,1h 30m,382.0,0.59,594.0,11880.0,-349.0,-6980.0,63.0,93.2,-64.00,-1280.00
,2562303,07/05/2021 11:56,07/06/2021 05:28,XAUUSD,Buy,20.000,1793.89000,0.00000,1792.99000,1798.27000,0.0000,-357.0200,528.0,10202.98,6.94,"",0,00:17:32:31,8.6,1h 30m,382.0,0.61,585.0,11700.0,-358.0,-7160.0,62.0,94.0,-57.00,-1140.00
,2575637,07/05/2021 17:41,07/06/2021 03:11,XAUUSD,Buy,5.000,0.00000,0.00000,1791.19000,1792.43000,0.0000,-89.2600,124.0,530.74,0.36,"",0,00:09:30:12,29.9,2h 50m,165.0,1.04,126.0,630.0,-131.0,-655.0,49.0,99.2,-2.00,-10.00
,2568994,07/05/2021 14:37,07/05/2021 15:07,XAUUSD,Buy,5.000,1788.40000,0.00000,1790.62000,1792.30000,0.0000,0.0000,168.0,840.00,0.58,"",0,00:00:30:43,50.0,15m,121.0,0.72,168.0,840.0,-121.0,-605.0,58.1,100.0,0.00,0.00
,2568967,07/05/2021 14:36,07/05/2021 15:07,XAUUSD,Buy,5.000,1788.40000,0.00000,1790.36000,1792.37000,0.0000,0.0000,201.0,1005.00,0.69,"",0,00:00:30:57,50.0,15m,95.0,0.47,201.0,1005.0,-95.0,-475.0,67.9,100.0,0.00,0.00
,2568076,07/05/2021 14:09,07/05/2021 14:36,XAUUSD,Buy,5.000,1789.88000,0.00000,1791.84000,1789.82000,0.0000,0.0000,-202.0,-1010.00,-0.69,"[sl]",0,00:00:27:16,0.0,0s,202.0,204.08,0.0,0.0,-202.0,-1010.0,0.0,0.0,-202.00,-1010.00
,2567209,07/05/2021 13:45,07/05/2021 14:35,XAUUSD,Buy,5.000,1790.40000,0.00000,1791.93000,1790.40000,0.0000,0.0000,-153.0,-765.00,-0.52,"[sl]",0,00:00:49:15,10.0,4m,324.0,1.70,120.0,600.0,-204.0,-1020.0,37.0,15.7,-273.00,-1365.00
,2562257,07/05/2021 11:55,07/05/2021 12:42,XAUUSD,Buy,5.000,0.00000,0.00000,1792.87000,1792.90000,0.0000,0.0000,3.0,15.00,0.01,"",0,00:00:46:50,22.3,10m,204.0,5.67,36.0,180.0,-204.0,-1020.0,15.0,86.3,-33.00,-165.00
,2564372,07/05/2021 12:15,07/05/2021 12:42,XAUUSD,Buy,5.000,1788.00000,0.00000,1792.05000,1792.95000,0.0000,0.0000,90.0,450.00,0.31,"from #2563173",0,00:00:26:55,40.0,10m,122.0,1.03,118.0,590.0,-122.0,-610.0,49.2,88.3,-28.00,-140.00
,2563173,07/05/2021 12:15,07/05/2021 12:42,XAUUSD,Buy,5.000,1788.00000,0.00000,1792.05000,1792.13000,0.0000,0.0000,8.0,40.00,0.03,"to #2564372",0,00:00:26:31,40.0,10m,122.0,1.03,118.0,590.0,-122.0,-610.0,49.2,54.2,-110.00,-550.00
,2549497,07/05/2021 05:13,07/05/2021 11:06,XAUUSD,Buy,10.000,1789.80000,0.00000,1788.50000,1792.72000,0.0000,0.0000,422.0,4220.00,2.98,"",0,00:05:52:38,26.8,1h 34m,342.0,0.76,450.0,4500.0,-342.0,-3420.0,56.8,96.5,-28.00,-280.00
,2549491,07/05/2021 05:13,07/05/2021 11:02,XAUUSD,Buy,10.000,0.00000,0.00000,1788.48000,1792.93000,0.0000,0.0000,445.0,4450.00,3.24,"",0,00:05:48:40,25.8,1h 29m,340.0,0.75,452.0,4520.0,-340.0,-3400.0,57.1,99.1,-7.00,-70.00
,2549507,07/05/2021 05:13,07/05/2021 11:02,XAUUSD,Buy,20.000,1788.78000,0.00000,1788.51000,1792.70000,0.0000,0.0000,419.0,8380.00,6.50,"",0,00:05:48:25,25.8,1h 29m,343.0,0.76,449.0,8980.0,-343.0,-6860.0,56.7,96.2,-30.00,-600.00
,2549502,07/05/2021 05:13,07/05/2021 11:01,XAUUSD,Buy,10.000,1779.80000,0.00000,1788.51000,1792.67000,0.0000,0.0000,416.0,4160.00,3.33,"",0,00:05:47:52,25.8,1h 29m,343.0,0.76,449.0,4490.0,-343.0,-3430.0,56.7,95.8,-33.00,-330.00
,2550594,07/05/2021 06:19,07/05/2021 09:47,XAUUSD,Buy,5.000,1783.90000,0.00000,1788.05000,1789.23000,0.0000,0.0000,118.0,590.00,0.48,"",0,00:03:28:24,9.6,20m,297.0,1.79,166.0,830.0,-297.0,-1485.0,35.9,89.6,-48.00,-240.00
,2551054,07/05/2021 06:51,07/05/2021 09:39,XAUUSD,Buy,5.000,1782.89000,0.00000,1786.59000,1788.16000,0.0000,0.0000,157.0,785.00,0.64,"",0,00:02:47:58,63.7,1h 46m,269.0,0.93,162.0,810.0,-151.0,-755.0,51.8,98.4,-5.00,-25.00
,2549924,07/05/2021 05:39,07/05/2021 09:34,XAUUSD,Buy,5.000,1782.89000,0.00000,1787.91000,1787.39000,0.0000,0.0000,-52.0,-260.00,-0.21,"",0,00:03:55:03,12.8,30m,314.0,9.13,31.0,155.0,-283.0,-1415.0,9.9,73.6,-83.00,-415.00
,2553508,07/05/2021 09:02,07/05/2021 09:34,XAUUSD,Buy,5.000,1783.89000,0.00000,1785.65000,1787.32000,0.0000,0.0000,167.0,835.00,0.68,"",0,00:00:31:32,66.7,21m,57.0,0.34,167.0,835.0,-57.0,-285.0,74.6,100.0,0.00,0.00
,2551380,07/05/2021 07:02,07/05/2021 08:31,XAUUSD,Buy,10.000,1783.90000,0.00000,1785.79000,1787.97000,0.0000,0.0000,218.0,2180.00,1.81,"",0,00:01:28:59,100.0,1h 28m,123.0,0.00,218.0,2180.0,0.0,0.0,100.0,100.0,0.00,0.00
,2548961,07/05/2021 04:41,07/05/2021 05:13,XAUUSD,Sell,0.500,0.00000,0.00000,1788.83000,1788.44000,0.0000,0.0000,39.0,19.50,0.02,"",0,00:00:31:55,66.7,21m,70.0,0.67,91.0,45.5,-61.0,-30.5,59.9,65.8,-52.00,-26.00
,2548863,07/05/2021 04:34,07/05/2021 04:40,XAUUSD,Buy,10.000,1787.19000,0.00000,1789.03000,1789.12000,0.0000,0.0000,9.0,90.00,0.07,"",0,00:00:06:54,,,,,,,,,,,,
,2548852,07/05/2021 04:33,07/05/2021 04:40,XAUUSD,Buy,15.000,1786.40000,0.00000,1789.09000,1789.17000,0.0000,0.0000,8.0,120.00,0.10,"",0,00:00:07:36,,,,,,,,,,,,
,2548846,07/05/2021 04:33,07/05/2021 04:40,XAUUSD,Buy,10.000,0.00000,0.00000,1788.87000,1789.26000,0.0000,0.0000,39.0,390.00,0.32,"",0,00:00:07:37,,,,,,,,,,,,
,2548839,07/05/2021 04:32,07/05/2021 04:40,XAUUSD,Buy,20.000,1786.40000,0.00000,1788.88000,1789.25000,0.0000,0.0000,37.0,740.00,0.62,"",0,00:00:07:43,,,,,,,,,,,,
,2546326,07/05/2021 02:09,07/05/2021 04:31,XAUUSD,Buy,5.000,1786.40000,0.00000,1787.08000,1787.88000,0.0000,0.0000,80.0,400.00,0.34,"",0,00:02:21:43,24.2,34m,252.0,1.36,186.0,930.0,-252.0,-1260.0,42.5,75.8,-106.00,-530.00
,2546165,07/05/2021 02:04,07/05/2021 04:31,XAUUSD,Buy,5.000,1782.40000,0.00000,1786.97000,1787.89000,0.0000,0.0000,92.0,460.00,0.39,"",0,00:02:26:17,23.4,34m,241.0,1.22,197.0,985.0,-241.0,-1205.0,45.0,76.0,-105.00,-525.00
,2546157,07/05/2021 02:04,07/05/2021 04:31,XAUUSD,Buy,5.000,0.00000,0.00000,1786.97000,1787.85000,0.0000,0.0000,88.0,440.00,0.37,"",0,00:02:26:20,23.4,34m,241.0,1.22,197.0,985.0,-241.0,-1205.0,45.0,75.1,-109.00,-545.00
,2546149,07/05/2021 02:04,07/05/2021 04:30,XAUUSD,Buy,5.000,1779.80000,0.00000,1786.87000,1787.75000,0.0000,0.0000,88.0,440.00,0.37,"",0,00:02:26:37,23.4,34m,231.0,1.12,207.0,1035.0,-231.0,-1155.0,47.3,72.8,-119.00,-595.00
,2546134,07/05/2021 02:03,07/05/2021 04:30,XAUUSD,Buy,5.000,0.00000,0.00000,1786.69000,1787.80000,0.0000,0.0000,111.0,555.00,0.47,"",0,00:02:26:55,26.7,39m,213.0,0.95,225.0,1125.0,-213.0,-1065.0,51.4,74.0,-114.00,-570.00
,2546142,07/05/2021 02:04,07/05/2021 04:30,XAUUSD,Buy,15.000,1786.88000,0.00000,1786.76000,1787.83000,0.0000,0.0000,107.0,1605.00,1.39,"",0,00:02:26:34,26.7,39m,220.0,1.01,218.0,3270.0,-220.0,-3300.0,49.8,74.7,-111.00,-1665.00
,2547072,07/05/2021 03:05,07/05/2021 04:28,XAUUSD,Buy,5.000,1786.89000,0.00000,1785.42000,1788.11000,0.0000,0.0000,269.0,1345.00,1.18,"",0,00:01:23:24,62.5,52m,98.0,0.24,352.0,1760.0,-86.0,-430.0,80.4,81.1,-83.00,-415.00
,2547243,07/05/2021 03:12,07/05/2021 04:16,XAUUSD,Buy,5.000,1783.29000,0.00000,1785.22000,1788.15000,0.0000,0.0000,293.0,1465.00,1.30,"",0,00:01:03:38,69.3,44m,98.0,0.18,372.0,1860.0,-66.0,-330.0,84.9,82.0,-79.00,-395.00
,2546354,07/05/2021 02:11,07/05/2021 03:03,XAUUSD,Buy,5.000,1784.89000,0.00000,1786.64000,1784.89000,0.0000,0.0000,-175.0,-875.00,-0.77,"[sl]",0,00:00:51:47,0.0,0s,175.0,175.44,0.0,0.0,-175.0,-875.0,0.0,0.0,-175.00,-875.00
,2530269,07/02/2021 17:36,07/02/2021 22:33,XAUUSD,Buy,5.000,1789.39000,0.00000,1783.71000,1789.39000,0.0000,0.0000,568.0,2840.00,2.57,"[sl]",0,00:04:57:35,59.4,2h 56m,282.0,0.40,528.0,2640.0,-210.0,-1050.0,71.5,105.4,40.00,200.00
,2538749,07/02/2021 17:32,07/02/2021 22:33,XAUUSD,Buy,15.000,1789.39000,0.00000,1784.75000,1789.39000,0.0000,0.0000,464.0,6960.00,6.72,"from #2530091[sl]",0,00:05:01:12,40.0,2h 0m,314.0,0.74,424.0,6360.0,-314.0,-4710.0,57.5,105.4,40.00,600.00
,2530091,07/02/2021 17:32,07/02/2021 22:29,XAUUSD,Buy,15.000,1788.89000,0.00000,1784.75000,1789.62000,0.0000,0.0000,487.0,7305.00,7.58,"to #2538749",0,00:04:56:58,39.0,1h 55m,314.0,0.74,424.0,6360.0,-314.0,-4710.0,57.5,108.5,63.00,945.00
,2535344,07/02/2021 19:23,07/02/2021 20:39,XAUUSD,Buy,3.000,1779.88000,0.00000,1782.20000,1784.56000,0.0000,0.0000,236.0,708.00,0.74,"from #2533325",0,00:01:16:14,73.4,55m,170.0,0.25,236.0,708.0,-59.0,-177.0,80.0,100.0,0.00,0.00
,2533325,07/02/2021 19:23,07/02/2021 20:32,XAUUSD,Buy,2.000,1779.88000,0.00000,1782.20000,1783.82000,0.0000,0.0000,162.0,324.00,0.34,"to #2535344",0,00:01:09:40,71.5,49m,170.0,0.28,214.0,428.0,-59.0,-118.0,78.4,81.0,-52.00,-104.00
,2504374,07/02/2021 09:57,07/02/2021 17:34,XAUUSD,Sell,2.000,1802.00000,0.00000,1776.24000,1783.73000,0.0000,0.0000,-749.0,-1498.00,-1.55,"",0,00:07:36:38,6.6,30m,2006.0,10.21,179.0,358.0,-1827.0,-3654.0,8.9,53.7,-928.00,-1856.00
,2530020,07/02/2021 17:30,07/02/2021 17:33,XAUUSD,Sell,2.000,0.00000,0.00000,1783.13000,1783.77000,0.0000,0.0000,-64.0,-128.00,-0.13,"",0,00:00:03:08,,,,,,,,,,,,
,2529232,07/02/2021 15:36,07/02/2021 17:30,XAUUSD,Sell,1.000,1801.00000,0.00000,1790.98000,1784.08000,0.0000,0.0000,690.0,690.00,0.72,"from #2529040",0,00:01:53:26,78.3,1h 28m,741.0,0.38,930.0,930.0,-353.0,-353.0,72.5,81.3,-240.00,-240.00
,2529040,07/02/2021 15:36,07/02/2021 17:15,XAUUSD,Sell,0.500,1801.00000,0.00000,1790.98000,1780.14000,0.0000,0.0000,1084.0,542.00,0.57,"to #2529232",0,00:01:39:08,75.0,1h 14m,741.0,0.33,1084.0,542.0,-353.0,-176.5,75.4,100.0,0.00,0.00
,2527772,07/02/2021 15:36,07/02/2021 17:11,XAUUSD,Sell,0.500,1801.00000,0.00000,1790.98000,1783.85000,0.0000,0.0000,713.0,356.50,0.37,"to #2529040",0,00:01:35:05,73.7,1h 10m,741.0,0.38,930.0,465.0,-353.0,-176.5,72.5,83.1,-217.00,-108.50
,2528549,07/02/2021 17:01,07/02/2021 17:10,XAUUSD,Sell,0.500,0.00000,0.00000,1785.63000,1783.23000,0.0000,0.0000,240.0,120.00,0.13,"",0,00:00:09:39,,,,,,,,,,,,
,2527164,07/02/2021 15:36,07/02/2021 16:51,XAUUSD,Sell,2.000,1801.00000,0.00000,1790.98000,1781.83000,0.0000,0.0000,915.0,1830.00,1.96,"to #2527772",0,00:01:14:57,66.7,49m,741.0,0.39,915.0,1830.0,-353.0,-706.0,72.2,100.0,0.00,0.00
,2520482,07/02/2021 15:36,07/02/2021 16:43,XAUUSD,Sell,1.000,1801.00000,0.00000,1790.98000,1785.79000,0.0000,0.0000,519.0,519.00,0.56,"to #2527164",0,00:01:07:14,61.6,41m,741.0,0.68,519.0,519.0,-353.0,-353.0,59.5,100.0,0.00,0.00
,2522928,07/02/2021 15:57,07/02/2021 16:41,XAUUSD,Sell,2.000,1797.70000,0.00000,1790.90000,1786.96000,0.0000,0.0000,394.0,788.00,0.86,"",0,00:00:44:11,55.6,24m,361.0,0.72,504.0,1008.0,-361.0,-722.0,58.3,87.3,-110.00,-220.00
,2524054,07/02/2021 16:04,07/02/2021 16:28,XAUUSD,Sell,2.000,1798.00000,0.00000,1792.06000,1789.38000,0.0000,0.0000,268.0,536.00,0.59,"",0,00:00:24:07,60.0,14m,188.0,0.49,381.0,762.0,-188.0,-376.0,67.0,80.1,-113.00,-226.00
,2520514,07/02/2021 15:36,07/02/2021 15:38,XAUUSD,Sell,2.000,1798.00000,0.00000,1790.12000,1786.94000,0.0000,0.0000,318.0,636.00,0.70,"",0,00:00:01:49,,,,,,,,,,,,
,2504371,07/02/2021 09:57,07/02/2021 15:35,XAUUSD,Sell,2.000,1792.00000,0.00000,1776.20000,1792.37000,0.0000,0.0000,-1617.0,-3234.00,-3.44,"[sl]",0,00:05:38:19,8.9,30m,1792.0,9.24,175.0,350.0,-1617.0,-3234.0,9.8,0.0,-1792.00,-3584.00
,2518888,07/02/2021 11:23,07/02/2021 15:35,XAUUSD,Sell,3.000,1791.00000,1772.00000,1782.84000,1791.02000,0.0000,0.0000,-818.0,-2454.00,-2.54,"from #2518731[sl]",0,00:04:12:19,29.5,1h 14m,1065.0,3.31,247.0,741.0,-818.0,-2454.0,23.2,0.0,-1065.00,-3195.00
,2518731,07/02/2021 11:23,07/02/2021 15:31,XAUUSD,Sell,1.000,1791.00000,1772.00000,1782.84000,1780.72000,0.0000,0.0000,212.0,212.00,0.22,"to #2518888",0,00:04:08:41,32.0,1h 19m,697.0,2.23,247.0,247.0,-551.0,-551.0,31.0,95.6,-35.00,-35.00
,2518527,07/02/2021 11:23,07/02/2021 15:31,XAUUSD,Sell,1.000,1791.00000,1772.00000,1782.84000,1779.52000,0.0000,0.0000,332.0,332.00,0.35,"to #2518731",0,00:04:07:57,32.0,1h 19m,697.0,1.66,332.0,332.0,-551.0,-551.0,37.6,100.0,0.00,0.00
,2518448,07/02/2021 11:23,07/02/2021 15:30,XAUUSD,Sell,2.000,1791.00000,1772.00000,1782.84000,1776.94000,0.0000,0.0000,590.0,1180.00,1.24,"to #2518527",0,00:04:07:28,32.0,1h 19m,697.0,0.93,590.0,1180.0,-551.0,-1102.0,51.7,100.0,0.00,0.00
,2517629,07/02/2021 11:23,07/02/2021 15:30,XAUUSD,Sell,3.000,1791.00000,1772.00000,1782.84000,1779.09000,0.0000,0.0000,375.0,1125.00,1.20,"to #2518448",0,00:04:07:17,32.0,1h 19m,697.0,1.47,375.0,1125.0,-551.0,-1653.0,40.5,100.0,0.00,0.00
,2518004,07/02/2021 11:25,07/02/2021 15:30,XAUUSD,Sell,4.000,1791.00000,0.00000,1782.59000,1780.47000,0.0000,0.0000,212.0,848.00,0.91,"from #2509230",0,00:04:04:42,28.6,1h 9m,697.0,2.59,222.0,888.0,-576.0,-2304.0,27.8,98.7,-10.00,-40.00
,2509230,07/02/2021 11:25,07/02/2021 15:28,XAUUSD,Sell,1.000,1791.00000,0.00000,1782.59000,1781.32000,0.0000,0.0000,127.0,127.00,0.14,"to #2518004",0,00:04:02:59,29.2,1h 10m,697.0,2.59,222.0,222.0,-576.0,-576.0,27.8,88.1,-95.00,-95.00
,2511722,07/02/2021 12:44,07/02/2021 15:23,XAUUSD,Sell,2.000,1792.00000,0.00000,1782.56000,1781.95000,0.0000,0.0000,61.0,122.00,0.13,"",0,00:02:38:07,15.7,24m,650.0,2.64,219.0,438.0,-579.0,-1158.0,27.4,80.2,-158.00,-316.00
,2509111,07/02/2021 11:23,07/02/2021 15:22,XAUUSD,Sell,5.000,1791.00000,0.00000,1782.84000,1781.85000,0.0000,0.0000,99.0,495.00,0.54,"to #2517629",0,00:03:59:30,31.3,1h 14m,697.0,2.23,247.0,1235.0,-551.0,-2755.0,31.0,81.5,-148.00,-740.00
,2512654,07/02/2021 13:16,07/02/2021 15:20,XAUUSD,Sell,2.000,1792.00000,0.00000,1782.60000,1783.94000,0.0000,0.0000,-134.0,-268.00,-0.29,"",0,00:02:04:02,4.0,4m,575.0,2.58,223.0,446.0,-575.0,-1150.0,27.9,55.3,-357.00,-714.00
,2514198,07/02/2021 13:49,07/02/2021 15:20,XAUUSD,Sell,5.000,1790.80000,0.00000,1787.07000,1783.53000,0.0000,0.0000,354.0,1770.00,1.95,"",0,00:01:30:52,79.0,1h 11m,316.0,0.19,670.0,3350.0,-128.0,-640.0,84.0,60.4,-316.00,-1580.00
,2513439,07/02/2021 13:36,07/02/2021 15:06,XAUUSD,Sell,2.000,1792.00000,0.00000,1785.57000,1784.36000,0.0000,0.0000,121.0,242.00,0.27,"",0,00:01:29:23,16.7,14m,278.0,2.30,121.0,242.0,-278.0,-556.0,30.3,100.0,0.00,0.00
,2508316,07/02/2021 11:08,07/02/2021 11:22,XAUUSD,Sell,5.000,1783.00000,0.00000,1780.49000,1783.56000,0.0000,0.0000,-307.0,-1535.00,-1.67,"[sl]",0,00:00:13:57,,,,,,,,,,,,
,2507462,07/02/2021 10:52,07/02/2021 11:22,XAUUSD,Sell,3.000,1783.00000,0.00000,1777.97000,1783.56000,0.0000,0.0000,-559.0,-1677.00,-1.79,"[sl]",0,00:00:29:41,0.0,0s,559.0,588.24,0.0,0.0,-559.0,-1677.0,0.0,0.0,-559.00,-1677.00
,2508462,07/02/2021 11:10,07/02/2021 11:22,XAUUSD,Sell,2.000,1783.00000,0.00000,1780.07000,1783.56000,0.0000,0.0000,-349.0,-698.00,-0.74,"[sl]",0,00:00:12:05,,,,,,,,,,,,
,2504441,07/02/2021 09:59,07/02/2021 11:22,XAUUSD,Sell,2.000,1783.00000,0.00000,1775.95000,1783.56000,0.0000,0.0000,-761.0,-1522.00,-1.59,"[sl]",0,00:01:23:04,23.6,19m,911.0,5.07,150.0,300.0,-761.0,-1522.0,16.5,0.0,-911.00,-1822.00
,2504363,07/02/2021 09:57,07/02/2021 11:07,XAUUSD,Sell,5.000,1781.00000,0.00000,1776.19000,1781.06000,0.0000,0.0000,-487.0,-2435.00,-2.48,"[sl]",0,00:01:10:47,42.9,30m,661.0,2.80,174.0,870.0,-487.0,-2435.0,26.3,0.0,-661.00,-3305.00
,2504303,07/02/2021 09:55,07/02/2021 10:44,XAUUSD,Buy,5.000,0.00000,0.00000,1777.15000,1777.33000,0.0000,0.0000,18.0,90.00,0.09,"",0,00:00:48:55,22.3,10m,270.0,5.87,46.0,230.0,-270.0,-1350.0,14.6,91.1,-28.00,-140.00
,2502833,07/02/2021 08:56,07/02/2021 09:15,XAUUSD,Sell,1.000,0.00000,0.00000,1778.43000,1777.96000,0.0000,0.0000,47.0,47.00,0.05,"",0,00:00:19:02,,,,,,,,,,,,
,2500390,07/01/2021 18:14,07/02/2021 04:45,XAUUSD,Buy,5.000,1778.90000,0.00000,1772.23000,1778.85000,0.0000,-89.2600,662.0,3220.74,3.39,"from #2500343[sl]",0,00:10:31:39,86.1,9h 3m,354.0,0.39,726.0,3630.0,-284.0,-1420.0,71.9,93.7,-64.00,-320.00
,2500394,07/01/2021 17:26,07/02/2021 04:42,XAUUSD,Buy,7.000,1778.48000,0.00000,1777.20000,1779.17000,0.0000,-124.9600,197.0,1254.04,1.34,"from #2500326",0,00:11:16:27,13.4,1h 30m,819.0,3.58,229.0,1603.0,-819.0,-5733.0,21.9,96.9,-32.00,-224.00
,2500326,07/01/2021 17:26,07/02/2021 04:38,XAUUSD,Buy,3.000,1778.48000,0.00000,1777.20000,1779.20000,0.0000,-53.5500,200.0,546.45,0.59,"to #2500394",0,00:11:12:34,13.4,1h 30m,819.0,3.58,229.0,687.0,-819.0,-2457.0,21.9,97.2,-29.00,-87.00
,2500343,07/01/2021 18:14,07/02/2021 04:38,XAUUSD,Buy,2.000,1778.49000,0.00000,1772.23000,1779.13000,0.0000,-35.7000,690.0,1344.30,1.46,"to #2500390",0,00:10:24:33,85.8,8h 55m,354.0,0.39,726.0,1452.0,-284.0,-568.0,71.9,96.4,-36.00,-72.00
,2489080,07/01/2021 18:14,07/02/2021 04:33,XAUUSD,Buy,8.000,1778.49000,0.00000,1772.23000,1778.74000,0.0000,-142.8100,651.0,5065.19,5.84,"to #2500343",0,00:10:19:17,85.8,8h 51m,354.0,0.39,726.0,5808.0,-284.0,-2272.0,71.9,92.6,-75.00,-600.00
,2486219,07/01/2021 17:26,07/02/2021 04:32,XAUUSD,Buy,5.000,1767.00000,0.00000,1777.20000,1778.78000,0.0000,-89.2600,158.0,700.74,0.81,"to #2500326",0,00:11:06:10,13.4,1h 29m,819.0,3.58,229.0,1145.0,-819.0,-4095.0,21.9,93.2,-71.00,-355.00
,2486509,07/01/2021 17:31,07/02/2021 03:40,XAUUSD,Buy,3.000,1764.00000,0.00000,1777.01000,1777.80000,0.0000,-53.5500,79.0,183.45,0.21,"",0,00:10:09:22,5.0,30m,800.0,9.20,87.0,261.0,-800.0,-2400.0,9.8,99.1,-8.00,-24.00
,2495867,07/01/2021 17:38,07/02/2021 03:26,XAUUSD,Buy,2.000,0.00000,0.00000,1775.36000,1776.24000,0.0000,-35.7000,88.0,140.30,0.16,"from #2486756",0,00:09:47:56,53.9,5h 16m,635.0,4.60,138.0,276.0,-635.0,-1270.0,17.9,93.5,-50.00,-100.00
,2486756,07/01/2021 17:38,07/01/2021 21:49,XAUUSD,Buy,1.000,0.00000,0.00000,1775.36000,1775.35000,0.0000,0.0000,-1.0,-1.00,0.00,"to #2495867",0,00:04:11:13,5.9,14m,635.0,4.67,136.0,136.0,-635.0,-635.0,17.6,82.2,-137.00,-137.00
,2486934,07/01/2021 17:40,07/01/2021 20:12,XAUUSD,Buy,1.000,0.00000,0.00000,1774.96000,1774.77000,0.0000,0.0000,-19.0,-19.00,-0.02,"",0,00:02:32:12,0.0,0s,595.0,625.00,0.0,0.0,-595.0,-595.0,0.0,96.8,-19.00,-19.00
,2452787,07/01/2021 04:42,07/01/2021 18:15,XAUUSD,Sell,0.500,0.00000,0.00000,1771.32000,1771.23000,0.0000,0.0000,9.0,4.50,0.01,"",0,00:13:32:37,7.3,59m,955.0,3.98,231.0,115.5,-919.0,-459.5,20.1,80.7,-222.00,-111.00
,2453364,07/01/2021 05:26,07/01/2021 18:14,XAUUSD,Sell,0.500,0.00000,0.00000,1772.50000,1770.93000,0.0000,0.0000,157.0,78.50,0.09,"",0,00:12:48:18,4.0,30m,801.0,4.13,194.0,97.0,-801.0,-400.5,19.5,96.3,-37.00,-18.50
,2486223,07/01/2021 17:26,07/01/2021 18:13,XAUUSD,Buy,15.000,1771.80000,0.00000,1777.34000,1771.51000,0.0000,0.0000,-583.0,-8745.00,-9.27,"[sl]",0,00:00:47:06,,,,,,,,,,,,
,2486287,07/01/2021 17:27,07/01/2021 17:37,XAUUSD,Buy,3.000,1774.75000,0.00000,1777.61000,1774.28000,0.0000,0.0000,-333.0,-999.00,-1.05,"[sl]",0,00:00:09:48,,,,,,,,,,,,
,2485057,07/01/2021 17:12,07/01/2021 17:24,XAUUSD,Sell,0.500,0.00000,0.00000,1778.65000,1777.11000,0.0000,0.0000,154.0,77.00,0.08,"",0,00:00:12:18,,,,,,,,,,,,
,2482396,07/01/2021 16:22,07/01/2021 16:44,XAUUSD,Sell,1.000,0.00000,0.00000,1781.24000,1779.06000,0.0000,0.0000,218.0,218.00,0.23,"",0,00:00:22:15,,,,,,,,,,,,
,2482522,07/01/2021 16:26,07/01/2021 16:32,XAUUSD,Sell,0.500,0.00000,0.00000,1781.85000,1780.48000,0.0000,0.0000,137.0,68.50,0.07,"",0,00:00:06:40,,,,,,,,,,,,
,2482357,07/01/2021 15:30,07/01/2021 16:21,XAUUSD,Buy,10.000,1775.69000,0.00000,1775.51000,1781.16000,0.0000,0.0000,565.0,5650.00,6.32,"from #2480499",0,00:00:50:31,,,,,,,,,,,,
,2480499,07/01/2021 15:30,07/01/2021 16:21,XAUUSD,Buy,5.000,1775.69000,0.00000,1775.51000,1781.13000,0.0000,0.0000,562.0,2810.00,3.25,"to #2482357",0,00:00:50:20,,,,,,,,,,,,
,2478079,07/01/2021 15:12,07/01/2021 16:15,XAUUSD,Buy,15.000,1779.40000,0.00000,1778.18000,1778.95000,0.0000,0.0000,77.0,1155.00,1.35,"[sl]",0,00:01:02:09,50.0,31m,187.0,1.80,104.0,1560.0,-187.0,-2805.0,35.7,90.7,-27.00,-405.00
,2480807,07/01/2021 15:56,07/01/2021 16:01,XAUUSD,Buy,5.000,1775.40000,0.00000,1777.19000,1778.13000,0.0000,0.0000,94.0,470.00,0.55,"",0,00:00:05:22,,,,,,,,,,,,
,2480063,07/01/2021 15:30,07/01/2021 15:53,XAUUSD,Buy,5.000,1769.80000,0.00000,1775.51000,1776.98000,0.0000,0.0000,147.0,735.00,0.87,"to #2480499",0,00:00:22:18,,,,,,,,,,,,
,2478928,07/01/2021 15:30,07/01/2021 15:43,XAUUSD,Buy,5.000,1769.80000,0.00000,1775.51000,1775.94000,0.0000,0.0000,43.0,215.00,0.26,"to #2480063",0,00:00:12:56,,,,,,,,,,,,
,2478076,07/01/2021 15:12,07/01/2021 15:30,XAUUSD,Buy,15.000,1774.80000,0.00000,1778.17000,1774.72000,0.0000,0.0000,-345.0,-5175.00,-5.81,"[sl]",0,00:00:17:25,,,,,,,,,,,,
,2478721,07/01/2021 15:25,07/01/2021 15:30,XAUUSD,Buy,3.000,1774.88000,0.00000,1778.80000,1774.72000,0.0000,0.0000,-408.0,-1224.00,-1.35,"[sl]",0,00:00:04:56,,,,,,,,,,,,
,2478689,07/01/2021 15:24,07/01/2021 15:30,XAUUSD,Buy,3.000,1774.88000,0.00000,1778.59000,1774.72000,0.0000,0.0000,-387.0,-1161.00,-1.27,"[sl]",0,00:00:06:02,,,,,,,,,,,,
,2478092,07/01/2021 15:13,07/01/2021 15:22,XAUUSD,Buy,10.000,1774.89000,0.00000,1777.88000,1778.93000,0.0000,0.0000,105.0,1050.00,1.16,"",0,00:00:09:13,,,,,,,,,,,,
,2477013,07/01/2021 14:57,07/01/2021 15:11,XAUUSD,Buy,2.000,1773.89000,0.00000,1776.55000,1777.20000,0.0000,0.0000,65.0,130.00,0.14,"",0,00:00:14:33,,,,,,,,,,,,
,2475961,07/01/2021 14:32,07/01/2021 15:11,XAUUSD,Buy,20.000,1771.89000,0.00000,1776.58000,1777.19000,0.0000,0.0000,61.0,1220.00,1.37,"",0,00:00:39:18,,,,,,,,,,,,
,2475974,07/01/2021 14:32,07/01/2021 15:11,XAUUSD,Buy,5.000,1773.89000,0.00000,1776.65000,1777.22000,0.0000,0.0000,57.0,285.00,0.32,"",0,00:00:38:41,,,,,,,,,,,,
,2475968,07/01/2021 14:32,07/01/2021 15:11,XAUUSD,Buy,10.000,0.00000,0.00000,1776.58000,1777.24000,0.0000,0.0000,66.0,660.00,0.75,"",0,00:00:38:46,,,,,,,,,,,,
,2475694,07/01/2021 14:25,07/01/2021 14:32,XAUUSD,Sell,1.000,0.00000,0.00000,1777.36000,1776.32000,0.0000,0.0000,104.0,104.00,0.12,"",0,00:00:07:25,,,,,,,,,,,,
,2469022,07/01/2021 12:05,07/01/2021 14:24,XAUUSD,Buy,10.000,0.00000,0.00000,1774.90000,1777.00000,0.0000,0.0000,210.0,2100.00,2.44,"",0,00:02:19:43,77.8,1h 48m,133.0,0.37,270.0,2700.0,-101.0,-1010.0,72.8,83.8,-60.00,-600.00
,2469019,07/01/2021 12:05,07/01/2021 14:24,XAUUSD,Buy,10.000,1771.89000,0.00000,1774.87000,1777.72000,0.0000,0.0000,285.0,2850.00,3.43,"",0,00:02:19:07,77.8,1h 48m,133.0,0.34,285.0,2850.0,-98.0,-980.0,74.4,100.0,0.00,0.00
,2472853,07/01/2021 13:42,07/01/2021 14:24,XAUUSD,Buy,0.500,0.00000,0.00000,1775.01000,1777.68000,0.0000,0.0000,267.0,133.50,0.16,"",0,00:00:41:11,,,,,,,,,,,,
,2472254,07/01/2021 13:22,07/01/2021 14:24,XAUUSD,Buy,0.500,1771.90000,0.00000,1775.43000,1777.65000,0.0000,0.0000,222.0,111.00,0.13,"",0,00:01:01:56,100.0,1h 1m,133.0,0.00,222.0,111.0,0.0,0.0,100.0,100.0,0.00,0.00
,2471929,07/01/2021 13:13,07/01/2021 14:23,XAUUSD,Buy,2.500,1772.89000,0.00000,1775.56000,1777.73000,0.0000,0.0000,217.0,542.50,0.66,"",0,00:01:10:07,80.0,56m,133.0,0.41,217.0,542.5,-90.0,-225.0,70.7,100.0,0.00,0.00
,2472055,07/01/2021 13:15,07/01/2021 14:23,XAUUSD,Buy,0.500,1771.90000,0.00000,1775.31000,1777.69000,0.0000,0.0000,238.0,119.00,0.14,"",0,00:01:08:30,100.0,1h 8m,133.0,0.00,238.0,119.0,0.0,0.0,100.0,100.0,0.00,0.00
,2469001,07/01/2021 12:05,07/01/2021 14:23,XAUUSD,Buy,10.000,1769.89000,0.00000,1774.88000,1777.68000,0.0000,0.0000,280.0,2800.00,3.53,"",0,00:02:18:49,77.8,1h 47m,133.0,0.35,280.0,2800.0,-99.0,-990.0,73.9,100.0,0.00,0.00
,2469696,07/01/2021 12:20,07/01/2021 13:08,XAUUSD,Buy,2.000,1772.78000,0.00000,1774.61000,1775.50000,0.0000,0.0000,89.0,178.00,0.22,"",0,00:00:47:43,,,,,,,,,,,,
,2469180,07/01/2021 12:10,07/01/2021 13:08,XAUUSD,Buy,5.000,1771.89000,0.00000,1773.70000,1775.50000,0.0000,0.0000,180.0,900.00,1.15,"",0,00:00:58:03,,,,,,,,,,,,
,2454054,07/01/2021 06:10,07/01/2021 12:08,XAUUSD,Sell,1.500,1786.80000,0.00000,1773.95000,1773.66000,0.0000,0.0000,29.0,43.50,0.06,"",0,00:05:57:50,8.4,30m,441.0,7.33,53.0,79.5,-388.0,-582.0,12.0,94.6,-24.00,-36.00
,2454104,07/01/2021 06:14,07/01/2021 12:08,XAUUSD,Sell,1.500,1780.50000,0.00000,1774.19000,1773.59000,0.0000,0.0000,60.0,90.00,0.12,"",0,00:05:54:01,12.5,44m,441.0,4.73,77.0,115.5,-364.0,-546.0,17.5,96.1,-17.00,-25.50
,2457016,07/01/2021 08:43,07/01/2021 12:02,XAUUSD,Sell,2.000,1783.50000,0.00000,1775.98000,1774.65000,0.0000,0.0000,133.0,266.00,0.34,"",0,00:03:18:33,35.8,1h 11m,185.0,0.97,190.0,380.0,-185.0,-370.0,50.7,84.8,-57.00,-114.00
,2457267,07/01/2021 08:53,07/01/2021 11:55,XAUUSD,Sell,2.000,1783.50000,0.00000,1776.61000,1775.17000,0.0000,0.0000,144.0,288.00,0.37,"",0,00:03:02:45,50.0,1h 31m,122.0,0.48,253.0,506.0,-122.0,-244.0,67.5,70.9,-109.00,-218.00
,2458674,07/01/2021 09:16,07/01/2021 11:45,XAUUSD,Sell,2.000,1783.50000,0.00000,1777.12000,1774.47000,0.0000,0.0000,265.0,530.00,0.69,"",0,00:02:29:17,70.0,1h 44m,89.0,0.23,304.0,608.0,-71.0,-142.0,81.1,89.6,-39.00,-78.00
,2465684,07/01/2021 11:06,07/01/2021 11:35,XAUUSD,Sell,2.000,1780.50000,0.00000,1777.40000,1775.40000,0.0000,0.0000,200.0,400.00,0.52,"",0,00:00:29:47,,,,,,,,,,,,
,2457505,07/01/2021 08:58,,,Deposit,0.010,0.00000,0.00000,0.00000,0.00000,0.0000,0.0000,0.0,4.48,0,"VIP Rebate",0,00:00:00:00,,,,,,,,,,,,
,2457504,07/01/2021 08:58,,,Deposit,0.010,0.00000,0.00000,0.00000,0.00000,0.0000,0.0000,0.0,22.40,0,"Rebate",0,00:00:00:00,,,,,,,,,,,,
,2454902,07/01/2021 07:09,07/01/2021 08:27,XAUUSD,Sell,2.000,1780.50000,0.00000,1776.30000,1773.83000,0.0000,0.0000,247.0,494.00,0.65,"",0,00:01:18:18,100.0,1h 18m,41.0,0.00,288.0,576.0,0.0,0.0,100.0,85.8,-41.00,-82.00
,2454457,07/01/2021 06:41,07/01/2021 08:20,XAUUSD,Sell,2.000,1780.50000,0.00000,1774.91000,1774.45000,0.0000,0.0000,46.0,92.00,0.12,"",0,00:01:38:38,57.2,56m,103.0,0.60,149.0,298.0,-89.0,-178.0,62.6,56.7,-103.00,-206.00
,2454447,07/01/2021 06:40,07/01/2021 08:19,XAUUSD,Sell,1.500,1780.50000,0.00000,1774.91000,1774.31000,0.0000,0.0000,60.0,90.00,0.12,"",0,00:01:39:20,57.2,56m,89.0,0.60,149.0,223.5,-89.0,-133.5,62.6,62.6,-89.00,-133.50
,2453622,07/01/2021 05:40,07/01/2021 08:19,XAUUSD,Sell,0.500,1780.50000,0.00000,1774.78000,1774.27000,0.0000,0.0000,51.0,25.50,0.03,"",0,00:02:39:20,36.4,57m,191.0,0.91,136.0,68.0,-124.0,-62.0,52.3,67.3,-85.00,-42.50
,2453625,07/01/2021 05:40,07/01/2021 08:19,XAUUSD,Sell,0.500,0.00000,0.00000,1774.74000,1774.30000,0.0000,0.0000,44.0,22.00,0.03,"",0,00:02:39:12,36.4,57m,191.0,0.97,132.0,66.0,-128.0,-64.0,50.8,66.2,-88.00,-44.00
,2453045,07/01/2021 05:01,,,Deposit,0.010,0.00000,0.00000,0.00000,0.00000,0.0000,0.0000,0.0,19351.44,0,"Bonus deposit 120% - #2453044",0,00:00:00:00,,,,,,,,,,,,
,2453044,07/01/2021 05:01,,,Deposit,0.010,0.00000,0.00000,0.00000,0.00000,0.0000,0.0000,0.0,16126.20,0,"Deposit CRCB 12656362",0,00:00:00:00,,,,,,,,,,,,
,2452890,07/01/2021 04:51,,,Withdrawal,0.010,0.00000,0.00000,0.00000,0.00000,0.0000,0.0000,0.0,-3000.00,0,"Transfer to 11366030 #12656401",0,00:00:00:00,,,,,,,,,,,,
,2452790,07/01/2021 04:42,07/01/2021 04:50,XAUUSD,Sell,0.500,0.00000,0.00000,1771.38000,1770.97000,0.0000,0.0000,41.0,20.50,0.05,"",0,00:00:07:25,,,,,,,,,,,,
,2448287,06/30/2021 23:05,07/01/2021 04:42,XAUUSD,Buy,10.000,0.00000,0.00000,1770.68000,1771.65000,0.0000,-535.5300,97.0,434.47,1.01,"",0,00:05:36:24,13.7,46m,443.0,4.57,97.0,970.0,-443.0,-4430.0,18.0,100.0,0.00,0.00
,2448284,06/30/2021 23:05,07/01/2021 04:39,XAUUSD,Buy,10.000,0.00000,0.00000,1770.71000,1771.33000,0.0000,-535.5300,62.0,84.47,0.20,"",0,00:05:34:00,13.7,45m,446.0,7.19,62.0,620.0,-446.0,-4460.0,12.2,100.0,0.00,0.00
,2448283,06/30/2021 23:05,07/01/2021 04:38,XAUUSD,Buy,10.000,0.00000,0.00000,1770.66000,1771.68000,0.0000,-535.5300,102.0,484.47,1.14,"",0,00:05:32:42,13.7,45m,441.0,4.33,102.0,1020.0,-441.0,-4410.0,18.8,100.0,0.00,0.00
,2452546,06/30/2021 23:14,07/01/2021 04:31,XAUUSD,Buy,2.000,0.00000,0.00000,1770.45000,1771.38000,0.0000,-107.1100,93.0,78.89,0.19,"from #2452353",0,00:05:16:38,13.7,43m,420.0,4.52,93.0,186.0,-420.0,-840.0,18.1,100.0,0.00,0.00
,2452353,06/30/2021 23:14,07/01/2021 04:29,XAUUSD,Buy,2.000,0.00000,0.00000,1770.45000,1770.68000,0.0000,-107.1100,23.0,-61.11,-0.14,"to #2452546",0,00:05:14:54,9.6,30m,420.0,15.02,28.0,56.0,-420.0,-840.0,6.3,98.9,-5.00,-10.00
,2448396,06/30/2021 23:14,07/01/2021 04:14,XAUUSD,Buy,1.000,0.00000,0.00000,1770.45000,1769.67000,0.0000,-53.5500,-78.0,-131.55,-0.31,"to #2452353",0,00:04:59:46,0.0,0s,420.0,434.78,0.0,0.0,-420.0,-420.0,0.0,81.4,-78.00,-78.00
,2450627,07/01/2021 02:06,,,Deposit,0.010,0.00000,0.00000,0.00000,0.00000,0.0000,0.0000,0.0,3.04,0,"IR #72",0,00:00:00:00,,,,,,,,,,,,
,2450127,07/01/2021 02:05,,,Deposit,0.010,0.00000,0.00000,0.00000,0.00000,0.0000,0.0000,0.0,0.60,0,"IR #72 VIP",0,00:00:00:00,,,,,,,,,,,,
,2437974,06/30/2021 17:54,06/30/2021 23:05,XAUUSD,Sell,0.500,0.00000,0.00000,1766.66000,1770.59000,0.0000,0.0000,-393.0,-196.50,-0.46,"",0,00:05:11:29,14.3,44m,755.0,2.81,198.0,99.0,-557.0,-278.5,26.2,21.7,-591.00,-295.50
,2437036,06/30/2021 17:37,06/30/2021 23:05,XAUUSD,Sell,0.500,0.00000,0.00000,1762.68000,1770.59000,0.0000,0.0000,-791.0,-395.50,-0.92,"",0,00:05:28:30,0.0,0s,955.0,1000.00,0.0,0.0,-955.0,-477.5,0.0,17.2,-791.00,-395.50
,2447853,06/30/2021 22:55,06/30/2021 23:05,XAUUSD,Sell,0.500,0.00000,0.00000,1770.28000,1770.68000,0.0000,0.0000,-40.0,-20.00,-0.05,"",0,00:00:10:11,,,,,,,,,,,,
,2436675,06/30/2021 12:37,06/30/2021 17:32,XAUUSD,Buy,3.000,1761.36000,1836.00000,1758.55000,1762.22000,0.0000,0.0000,367.0,1101.00,2.62,"from #2436501",0,00:04:54:40,50.0,2h 27m,447.0,0.48,442.0,1326.0,-211.0,-633.0,67.7,88.5,-75.00,-225.00
,2436501,06/30/2021 12:37,06/30/2021 17:31,XAUUSD,Buy,2.000,1761.36000,1836.00000,1758.55000,1762.30000,0.0000,0.0000,375.0,750.00,1.81,"to #2436675",0,00:04:53:39,50.0,2h 26m,447.0,0.48,442.0,884.0,-211.0,-422.0,67.7,89.7,-67.00,-134.00
,2436483,06/30/2021 12:37,06/30/2021 17:28,XAUUSD,Buy,5.000,1759.88000,1836.00000,1758.55000,1761.89000,0.0000,0.0000,334.0,1670.00,4.21,"to #2436501",0,00:04:50:31,47.4,2h 17m,447.0,0.53,397.0,1985.0,-211.0,-1055.0,65.3,89.6,-63.00,-315.00
,2436428,06/30/2021 12:37,06/30/2021 17:27,XAUUSD,Buy,5.000,1759.88000,1836.00000,1758.55000,1761.87000,0.0000,0.0000,332.0,1660.00,4.37,"to #2436483",0,00:04:49:32,47.4,2h 17m,447.0,0.53,397.0,1985.0,-211.0,-1055.0,65.3,89.3,-65.00,-325.00
,2435308,06/30/2021 17:09,06/30/2021 17:26,XAUUSD,Buy,5.000,1761.49000,0.00000,1761.36000,1761.90000,0.0000,0.0000,54.0,270.00,0.72,"",0,00:00:17:31,,,,,,,,,,,,
,2422079,06/30/2021 12:37,06/30/2021 17:25,XAUUSD,Buy,5.000,1759.88000,1836.00000,1758.55000,1761.86000,0.0000,0.0000,331.0,1655.00,4.59,"to #2436428",0,00:04:47:54,47.4,2h 16m,447.0,0.53,397.0,1985.0,-211.0,-1055.0,65.3,89.1,-66.00,-330.00
,2435496,06/30/2021 17:13,06/30/2021 17:17,XAUUSD,Buy,2.000,0.00000,0.00000,1761.87000,1762.10000,0.0000,0.0000,23.0,46.00,0.13,"",0,00:00:04:43,,,,,,,,,,,,
,2433469,06/30/2021 15:31,06/30/2021 17:07,XAUUSD,Buy,6.000,1760.89000,0.00000,1757.27000,1760.79000,0.0000,0.0000,352.0,2112.00,6.22,"from #2429536[sl]",0,00:01:36:31,66.7,1h 4m,173.0,0.13,525.0,3150.0,-67.0,-402.0,88.7,70.8,-173.00,-1038.00
,2427373,06/30/2021 14:57,06/30/2021 16:50,XAUUSD,Buy,0.500,0.00000,0.00000,1761.10000,1761.19000,0.0000,0.0000,9.0,4.50,0.01,"",0,00:01:53:08,12.5,14m,466.0,51.81,9.0,4.5,-466.0,-233.0,1.9,100.0,0.00,0.00
,2429536,06/30/2021 15:31,06/30/2021 16:43,XAUUSD,Buy,1.000,0.00000,0.00000,1757.27000,1757.26000,0.0000,0.0000,-1.0,-1.00,0.00,"to #2433469",0,00:01:12:04,25.0,18m,107.0,0.88,76.0,76.0,-67.0,-67.0,53.1,46.2,-77.00,-77.00
,2427753,06/30/2021 15:04,06/30/2021 15:30,XAUUSD,Buy,3.000,1755.40000,0.00000,1759.82000,1755.36000,0.0000,0.0000,-446.0,-1338.00,-3.79,"[sl]",0,00:00:25:51,,,,,,,,,,,,
,2426680,06/30/2021 14:34,06/30/2021 15:30,XAUUSD,Buy,7.000,1755.40000,0.00000,1758.79000,1755.36000,0.0000,0.0000,-343.0,-2401.00,-6.37,"[sl]",0,00:00:55:47,,,,,,,,,,,,
,2422092,06/30/2021 12:38,06/30/2021 15:02,XAUUSD,Buy,5.000,1759.38000,0.00000,1758.68000,1759.24000,0.0000,0.0000,56.0,280.00,0.75,"[sl]",0,00:02:24:46,60.0,1h 26m,186.0,0.83,223.0,1115.0,-186.0,-930.0,54.5,59.2,-167.00,-835.00
,2422081,06/30/2021 12:37,06/30/2021 14:31,XAUUSD,Buy,5.000,1758.70000,0.00000,1758.60000,1758.67000,0.0000,0.0000,7.0,35.00,0.09,"[sl]",0,00:01:54:19,50.0,57m,224.0,0.77,231.0,1155.0,-178.0,-890.0,56.5,45.2,-224.00,-1120.00
,2421995,06/30/2021 12:34,,,Deposit,0.010,0.00000,0.00000,0.00000,0.00000,0.0000,0.0000,0.0,20377.02,0,"Bonus deposit 120% - #2421994",0,00:00:00:00,,,,,,,,,,,,
,2421994,06/30/2021 12:34,,,Deposit,0.000,0.00000,0.00000,0.00000,0.00000,0.0000,0.0000,0.0,16980.85,0,"Deposit CRCB 12646107",0,00:00:00:00,,,,,,,,,,,,

