Tags,Ticket,Open Date,Close Date,Symbol,Action,Units/Lots,SL,TP,Open Price,Close Price,Commission,Swap,Pips,Profit,Gain,Comment,Magic Number,Duration (DD:HH:MM:SS),Profitable(%),Profitable(time duration),Drawdown,Risk:Reward,Max(pips),Max(USD),Min(pips),Min(USD),Entry Accuracy(%),Exit Accuracy(%),ProfitMissed(pips),ProfitMissed(USD)
,120310476,03/02/2023 13:32,,,Withdrawal,0.010,0.00000,0.00000,0.00000,0.00000,0.0000,0.0000,0.0,-17.03,0,"Transfer to 21410204 #19953912",0,00:00:00:00,,,,,,,,,,,,
,116853619,01/06/2023 15:13,01/06/2023 15:19,XAUUSD,Buy,0.500,0.00000,0.00000,1837.85000,1836.19000,0.0000,0.0000,-166.0,-83.00,-82.98,"[stopout]",0,00:00:05:32,0.0,0s,197.0,200.00,0.0,0.0,-197.0,-98.5,0.0,15.7,-166.00,-83.00
,116639601,01/01/2023 09:45,,,Deposit,0.010,0.00000,0.00000,0.00000,0.00000,0.0000,0.0000,0.0,85.17,0,"Rebate",0,00:00:00:00,,,,,,,,,,,,
,116638656,01/01/2023 02:24,,,Deposit,0.010,0.00000,0.00000,0.00000,0.00000,0.0000,0.0000,0.0,12.81,0,"IR #90",0,00:00:00:00,,,,,,,,,,,,
,116638212,01/01/2023 02:21,,,Deposit,0.010,0.00000,0.00000,0.00000,0.00000,0.0000,0.0000,0.0,2.05,0,"IR #90 VIP",0,00:00:00:00,,,,,,,,,,,,
,116632414,12/30/2022 20:03,,,Withdrawal,0.010,0.00000,0.00000,0.00000,0.00000,0.0000,0.0000,0.0,-1711.18,0,"Withdraw CCTT #19069839",0,00:00:00:00,,,,,,,,,,,,
,116632317,12/30/2022 20:02,,,Withdrawal,0.010,0.00000,0.00000,0.00000,0.00000,0.0000,0.0000,0.0,-720.00,0,"Cancellation of #116598074",0,00:00:00:00,,,,,,,,,,,,
,116622938,12/30/2022 16:54,12/30/2022 19:33,XAUUSD,Buy,0.500,0.00000,0.00000,1820.07000,1819.89000,0.0000,0.0000,-18.0,-9.00,-0.37,"",0,00:02:39:24,9.1,14m,504.0,10.29,49.0,24.5,-504.0,-252.0,8.9,87.9,-67.00,-33.50
,116623028,12/30/2022 16:56,12/30/2022 19:33,XAUUSD,Buy,0.250,0.00000,0.00000,1818.87000,1820.08000,0.0000,0.0000,121.0,30.25,1.26,"",0,00:02:37:36,27.3,43m,384.0,2.27,169.0,42.25,-384.0,-96.0,30.6,91.3,-48.00,-12.00
,116629597,12/30/2022 18:46,12/30/2022 19:22,XAUUSD,Buy,0.350,0.00000,0.00000,1815.47000,1818.01000,0.0000,0.0000,254.0,88.90,3.83,"",0,00:00:36:27,,,,,,,,,,,,
,116623822,12/30/2022 17:06,12/30/2022 17:23,XAUUSD,Buy,0.450,0.00000,0.00000,1814.92000,1818.60000,0.0000,0.0000,368.0,165.60,7.68,"",0,00:00:17:03,,,,,,,,,,,,
,116598206,12/30/2022 02:03,12/30/2022 16:51,XAUUSD,Buy,0.300,1818.00000,1844.00000,1815.61000,1818.06000,0.0000,0.0000,245.0,73.50,3.53,"[sl]",0,00:14:47:37,93.3,13h 48m,600.0,0.11,608.0,182.4,-64.0,-19.2,90.5,46.0,-363.00,-108.90
,116598081,12/30/2022 01:55,12/30/2022 16:47,XAUUSD,Buy,0.300,1815.80000,1844.00000,1815.12000,1820.56000,0.0000,0.0000,544.0,163.20,8.51,"",0,00:14:51:54,93.4,13h 53m,600.0,0.02,657.0,197.1,-16.0,-4.8,97.6,83.2,-113.00,-33.90
,116598093,12/30/2022 01:59,12/30/2022 16:26,XAUUSD,Buy,0.300,0.00000,0.00000,1815.30000,1820.58000,0.0000,0.0000,528.0,158.40,9.00,"",0,00:14:26:56,93.2,13h 27m,600.0,0.05,639.0,191.7,-34.0,-10.2,94.9,83.5,-111.00,-33.30
,116599192,12/30/2022 03:22,12/30/2022 16:26,XAUUSD,Buy,0.350,0.00000,1844.00000,1816.50000,1820.58000,0.0000,0.0000,408.0,142.80,8.83,"",0,00:13:03:49,80.8,10h 33m,600.0,0.29,519.0,181.64999999999998,-153.0,-53.55,77.2,83.5,-111.00,-38.85
,116599195,12/30/2022 03:22,12/30/2022 16:26,XAUUSD,Buy,0.350,0.00000,1840.00000,1816.34000,1820.73000,0.0000,0.0000,439.0,153.65,10.50,"",0,00:13:03:31,80.8,10h 33m,600.0,0.26,535.0,187.25,-137.0,-47.949999999999996,79.6,85.7,-96.00,-33.60
,116598079,12/30/2022 01:55,12/30/2022 14:30,XAUUSD,Buy,0.250,0.00000,1844.00000,1815.13000,1819.81000,0.0000,0.0000,468.0,117.00,8.69,"",0,00:12:35:14,92.2,11h 36m,600.0,0.03,584.0,146.0,-17.0,-4.25,97.2,80.7,-116.00,-29.00
,116599212,12/30/2022 03:24,12/30/2022 11:55,XAUUSD,Buy,0.200,0.00000,0.00000,1816.63000,1815.85000,0.0000,0.0000,-78.0,-15.60,-1.14,"",0,00:08:30:22,70.6,6h 0m,600.0,0.38,434.0,86.80000000000001,-166.0,-33.2,72.3,14.7,-512.00,-102.40
,116599220,12/30/2022 03:25,12/30/2022 11:55,XAUUSD,Buy,0.100,0.00000,0.00000,1816.54000,1815.96000,0.0000,0.0000,-58.0,-5.80,-0.42,"",0,00:08:29:47,76.5,6h 29m,600.0,0.35,443.0,44.300000000000004,-157.0,-15.700000000000001,73.8,16.5,-501.00,-50.10
,116598298,12/30/2022 02:12,12/30/2022 11:54,XAUUSD,Buy,0.300,0.00000,1844.00000,1815.50000,1815.86000,0.0000,0.0000,36.0,10.80,0.80,"",0,00:09:42:03,94.9,9h 12m,600.0,0.10,547.0,164.1,-53.0,-15.899999999999999,91.2,14.8,-511.00,-153.30
,116598078,12/30/2022 01:55,12/30/2022 11:54,XAUUSD,Buy,0.500,0.00000,1844.00000,1815.13000,1815.86000,0.0000,0.0000,73.0,36.50,2.76,"",0,00:09:59:26,95.0,9h 29m,600.0,0.03,584.0,292.0,-17.0,-8.5,97.2,15.0,-511.00,-255.50
,116598074,12/30/2022 01:55,,,Deposit,0.010,0.00000,0.00000,0.00000,0.00000,0.0000,0.0000,0.0,720.00,0,"Bonus deposit 120% - #116598073",0,00:00:00:00,,,,,,,,,,,,
,116598073,12/30/2022 01:55,,,Deposit,0.010,0.00000,0.00000,0.00000,0.00000,0.0000,0.0000,0.0,600.00,0,"Deposit CONNECT USD 19061577",0,00:00:00:00,,,,,,,,,,,,
,116529294,12/28/2022 12:41,12/28/2022 12:50,XAUUSD,Buy,0.010,0.00000,0.00000,1803.51000,1801.63000,0.0000,0.0000,-188.0,-1.88,-65.73,"[stopout]",0,00:00:08:46,,,,,,,,,,,,
,116529293,12/28/2022 12:41,12/28/2022 12:50,XAUUSD,Buy,0.010,0.00000,0.00000,1803.51000,1801.63000,0.0000,0.0000,-188.0,-1.88,-39.66,"[stopout]",0,00:00:08:49,,,,,,,,,,,,
,116529291,12/28/2022 12:41,12/28/2022 12:50,XAUUSD,Buy,0.010,0.00000,0.00000,1803.51000,1801.63000,0.0000,0.0000,-188.0,-1.88,-28.40,"[stopout]",0,00:00:08:51,,,,,,,,,,,,
,116528868,12/28/2022 12:25,12/28/2022 12:31,XAUUSD,Buy,0.050,0.00000,0.00000,1805.20000,1803.38000,0.0000,0.0000,-182.0,-9.10,-57.89,"[stopout]",0,00:00:06:08,,,,,,,,,,,,
,116528816,12/28/2022 12:22,12/28/2022 12:31,XAUUSD,Buy,0.050,0.00000,0.00000,1804.81000,1803.38000,0.0000,0.0000,-143.0,-7.15,-31.26,"[stopout]",0,00:00:08:34,,,,,,,,,,,,
,116528810,12/28/2022 12:22,12/28/2022 12:31,XAUUSD,Buy,0.100,0.00000,0.00000,1804.70000,1803.38000,0.0000,0.0000,-132.0,-13.20,-36.60,"[stopout]",0,00:00:08:47,,,,,,,,,,,,
,116518147,12/28/2022 04:03,12/28/2022 11:00,XAUUSD,Buy,0.150,0.00000,0.00000,1811.70000,1802.57000,0.0000,0.0000,-913.0,-136.95,-79.15,"[stopout]",0,00:06:57:04,10.8,45m,1121.0,74.07,15.0,2.25,-1106.0,-165.9,1.3,17.2,-928.00,-139.20
,116517998,12/28/2022 03:56,12/28/2022 11:00,XAUUSD,Buy,0.050,0.00000,0.00000,1812.89000,1802.57000,0.0000,0.0000,-1032.0,-51.60,-22.97,"[stopout]",0,00:07:03:17,0.0,0s,1225.0,1250.00,0.0,0.0,-1225.0,-61.25,0.0,15.8,-1032.00,-51.60
,116517993,12/28/2022 03:55,12/28/2022 11:00,XAUUSD,Buy,0.050,0.00000,0.00000,1812.85000,1802.57000,0.0000,0.0000,-1028.0,-51.40,-18.62,"[stopout]",0,00:07:04:34,0.0,0s,1221.0,1250.00,0.0,0.0,-1221.0,-61.050000000000004,0.0,15.8,-1028.00,-51.40
,116517969,12/28/2022 03:49,12/28/2022 11:00,XAUUSD,Buy,0.100,0.00000,0.00000,1813.08000,1802.57000,0.0000,0.0000,-1051.0,-105.10,-27.58,"[stopout]",0,00:07:10:12,0.0,0s,1244.0,1250.00,0.0,0.0,-1244.0,-124.4,0.0,15.5,-1051.00,-105.10
,116517828,12/27/2022 23:51,12/28/2022 11:00,XAUUSD,Buy,0.150,0.00000,0.00000,1814.20000,1802.57000,0.0000,-2.0000,-1163.0,-176.45,-31.65,"from #116516299",0,00:11:09:00,2.3,15m,1358.0,714.29,2.0,0.3,-1356.0,-203.4,0.1,14.2,-1165.00,-174.75
,116517110,12/28/2022 02:26,12/28/2022 11:00,XAUUSD,Buy,0.250,0.00000,0.00000,1810.88000,1802.57000,0.0000,0.0000,-831.0,-207.75,-27.15,"[stopout]",0,00:08:33:35,51.5,4h 24m,1358.0,3.07,334.0,83.5,-1024.0,-256.0,24.6,14.2,-1165.00,-291.25
,116516537,12/28/2022 01:06,12/28/2022 11:00,XAUUSD,Buy,0.250,0.00000,0.00000,1814.24000,1802.57000,0.0000,0.0000,-1167.0,-291.75,-27.60,"[stopout]",0,00:09:54:01,0.0,0s,1360.0,1428.57,0.0,0.0,-1360.0,-340.0,0.0,14.2,-1167.00,-291.75
,116516299,12/27/2022 23:51,12/28/2022 03:31,XAUUSD,Buy,0.100,0.00000,0.00000,1814.20000,1814.28000,0.0000,-1.3300,8.0,-0.53,-0.05,"to #116517828",0,00:03:40:08,13.4,29m,371.0,46.51,8.0,0.8,-371.0,-37.1,2.1,100.0,0.00,0.00
,116516630,12/28/2022 01:15,12/28/2022 03:30,XAUUSD,Buy,0.150,0.00000,0.00000,1814.12000,1814.00000,0.0000,0.0000,-12.0,-1.80,-0.17,"",0,00:02:15:51,11.2,15m,363.0,36.36,10.0,1.5,-363.0,-54.449999999999996,2.7,94.1,-22.00,-3.30
,116515504,12/27/2022 18:24,12/27/2022 22:34,XAUUSD,Sell,0.100,1815.50000,0.00000,1822.38000,1814.75000,0.0000,0.0000,763.0,76.30,7.76,"from #116509139",0,00:04:10:23,100.0,4h 10m,349.0,0.00,936.0,93.60000000000001,0.0,0.0,100.0,81.5,-173.00,-17.30
,116509139,12/27/2022 18:24,12/27/2022 22:32,XAUUSD,Sell,0.150,0.00000,0.00000,1822.38000,1814.49000,0.0000,0.0000,789.0,118.35,13.69,"to #116515504",0,00:04:08:25,100.0,4h 8m,349.0,0.00,936.0,140.4,0.0,0.0,100.0,84.3,-147.00,-22.05
,116509132,12/27/2022 18:24,12/27/2022 22:32,XAUUSD,Sell,0.150,0.00000,0.00000,1822.46000,1814.53000,0.0000,0.0000,793.0,118.95,15.95,"",0,00:04:08:20,100.0,4h 8m,349.0,0.00,944.0,141.6,0.0,0.0,100.0,84.0,-151.00,-22.65
,116509208,12/27/2022 18:25,12/27/2022 22:26,XAUUSD,Sell,0.250,0.00000,0.00000,1820.41000,1813.89000,0.0000,0.0000,652.0,163.00,27.97,"",0,00:04:00:35,87.5,3h 30m,349.0,0.17,739.0,184.75,-122.0,-30.5,85.8,89.9,-87.00,-21.75
,116512778,12/27/2022 20:17,12/27/2022 21:34,XAUUSD,Sell,0.050,0.00000,0.00000,1815.56000,1815.05000,0.0000,0.0000,51.0,2.55,0.44,"",0,00:01:17:23,60.0,46m,138.0,0.52,189.0,9.450000000000001,-99.0,-4.95,65.6,52.1,-138.00,-6.90
,116514032,12/27/2022 21:03,12/27/2022 21:34,XAUUSD,Sell,0.050,0.00000,0.00000,1816.15000,1815.01000,0.0000,0.0000,114.0,5.70,0.99,"",0,00:00:31:25,,,,,,,,,,,,
,116510863,12/27/2022 19:22,12/27/2022 19:57,XAUUSD,Sell,0.150,0.00000,0.00000,1819.70000,1812.67000,0.0000,0.0000,703.0,105.45,22.48,"",0,00:00:34:10,,,,,,,,,,,,
,116511488,12/27/2022 19:43,12/27/2022 19:56,XAUUSD,Sell,0.150,0.00000,0.00000,1817.29000,1812.45000,0.0000,0.0000,484.0,72.60,18.31,"",0,00:00:13:03,,,,,,,,,,,,
,116509145,12/27/2022 18:24,12/27/2022 19:56,XAUUSD,Sell,0.250,0.00000,0.00000,1822.50000,1812.44000,0.0000,0.0000,1006.0,251.50,173.45,"",0,00:01:32:26,100.0,1h 32m,79.0,0.00,1006.0,251.5,0.0,0.0,100.0,100.0,0.00,0.00
,116506901,12/27/2022 17:35,,,Withdrawal,0.010,0.00000,0.00000,0.00000,0.00000,0.0000,0.0000,0.0,-1764.31,0,"Cancellation of #116506162",0,00:00:00:00,,,,,,,,,,,,
,116506900,12/27/2022 17:35,,,Withdrawal,0.010,0.00000,0.00000,0.00000,0.00000,0.0000,0.0000,0.0,-3600.00,0,"Cancellation of #115630306",0,00:00:00:00,,,,,,,,,,,,
,116506537,12/27/2022 17:31,12/27/2022 17:35,XAUUSD,Sell,0.350,0.00000,0.00000,1820.97000,1830.26000,0.0000,0.0000,-929.0,-325.15,-5.57,"[stopout]",0,00:00:04:12,,,,,,,,,,,,
,116506313,12/27/2022 17:28,12/27/2022 17:35,XAUUSD,Sell,1.500,0.00000,0.00000,1820.75000,1830.26000,0.0000,0.0000,-951.0,-1426.50,-19.65,"[stopout]",0,00:00:07:00,,,,,,,,,,,,
,116505280,12/27/2022 17:15,12/27/2022 17:35,XAUUSD,Sell,0.150,0.00000,0.00000,1814.90000,1830.26000,0.0000,0.0000,-1536.0,-230.40,-3.08,"[stopout]",0,00:00:20:05,,,,,,,,,,,,
,116505219,12/27/2022 17:14,12/27/2022 17:35,XAUUSD,Sell,0.350,0.00000,0.00000,1814.76000,1830.26000,0.0000,0.0000,-1550.0,-542.50,-6.75,"[stopout]",0,00:00:20:33,,,,,,,,,,,,
,116504943,12/27/2022 17:10,12/27/2022 17:35,XAUUSD,Sell,1.000,0.00000,0.00000,1815.18000,1830.26000,0.0000,0.0000,-1508.0,-1508.00,-15.80,"[stopout]",0,00:00:24:18,,,,,,,,,,,,
,116503931,12/27/2022 16:58,12/27/2022 17:35,XAUUSD,Sell,0.200,0.00000,0.00000,1808.53000,1830.26000,0.0000,0.0000,-2173.0,-434.60,-4.36,"[stopout]",0,00:00:36:14,,,,,,,,,,,,
,116503276,12/27/2022 16:43,12/27/2022 17:35,XAUUSD,Sell,0.200,0.00000,0.00000,1808.19000,1830.26000,0.0000,0.0000,-2207.0,-441.40,-4.24,"[stopout]",0,00:00:51:33,,,,,,,,,,,,
,116503132,12/27/2022 16:41,12/27/2022 17:35,XAUUSD,Sell,0.150,0.00000,0.00000,1807.62000,1830.26000,0.0000,0.0000,-2264.0,-339.60,-3.16,"[stopout]",0,00:00:53:49,,,,,,,,,,,,
,116502966,12/27/2022 16:39,12/27/2022 17:35,XAUUSD,Sell,0.150,0.00000,0.00000,1807.04000,1830.26000,0.0000,0.0000,-2322.0,-348.30,-3.14,"[stopout]",0,00:00:55:52,,,,,,,,,,,,
,116502756,12/27/2022 16:36,12/27/2022 17:35,XAUUSD,Sell,0.150,0.00000,0.00000,1806.32000,1830.26000,0.0000,0.0000,-2394.0,-359.10,-3.13,"[stopout]",0,00:00:58:46,,,,,,,,,,,,
,116500411,12/27/2022 15:45,12/27/2022 17:35,XAUUSD,Sell,0.100,0.00000,0.00000,1807.61000,1830.26000,0.0000,0.0000,-2265.0,-226.50,-1.94,"[stopout]",0,00:01:49:21,14.3,15m,2592.0,6.93,327.0,32.7,-2265.0,-226.5,12.6,0.0,-2592.00,-259.20
,116497652,12/27/2022 14:41,12/27/2022 17:35,XAUUSD,Sell,0.200,0.00000,0.00000,1809.09000,1830.26000,0.0000,0.0000,-2117.0,-423.40,-3.49,"[stopout]",0,00:02:53:32,66.7,1h 55m,2766.0,3.26,649.0,129.8,-2117.0,-423.40000000000003,23.5,0.0,-2766.00,-553.20
,116494637,12/27/2022 12:35,12/27/2022 17:35,XAUUSD,Sell,0.150,0.00000,0.00000,1807.92000,1830.26000,0.0000,0.0000,-2234.0,-335.10,-2.69,"[stopout]",0,00:04:59:55,25.0,1h 14m,2766.0,4.20,532.0,79.8,-2234.0,-335.09999999999997,19.2,0.0,-2766.00,-414.90
,116493957,12/27/2022 12:16,12/27/2022 17:35,XAUUSD,Sell,0.350,0.00000,0.00000,1808.05000,1830.26000,0.0000,0.0000,-2221.0,-777.35,-5.88,"[stopout]",0,00:05:18:25,23.9,1h 16m,2766.0,4.08,545.0,190.75,-2221.0,-777.3499999999999,19.7,0.0,-2766.00,-968.10
,116506162,12/27/2022 17:25,,,Deposit,0.010,0.00000,0.00000,0.00000,0.00000,0.0000,0.0000,0.0,2400.00,0,"Bonus deposit 120% - #116506161",0,00:00:00:00,,,,,,,,,,,,
,116506161,12/27/2022 17:25,,,Deposit,0.010,0.00000,0.00000,0.00000,0.00000,0.0000,0.0000,0.0,2000.00,0,"Deposit CONNECT USD 19037584",0,00:00:00:00,,,,,,,,,,,,
,116505125,12/27/2022 17:13,,,Deposit,0.010,0.00000,0.00000,0.00000,0.00000,0.0000,0.0000,0.0,2000.00,0,"Transfer from 10189649 19037355",0,00:00:00:00,,,,,,,,,,,,
,116500605,12/27/2022 15:53,12/27/2022 16:19,XAUUSD,Sell,0.100,0.00000,0.00000,1807.55000,1803.66000,0.0000,0.0000,389.0,38.90,0.57,"",0,00:00:26:12,,,,,,,,,,,,
,116500357,12/27/2022 15:44,12/27/2022 16:14,XAUUSD,Sell,0.100,0.00000,0.00000,1807.33000,1803.68000,0.0000,0.0000,365.0,36.50,0.54,"",0,00:00:29:22,,,,,,,,,,,,
,116500343,12/27/2022 15:44,12/27/2022 16:14,XAUUSD,Sell,0.100,0.00000,0.00000,1807.05000,1803.59000,0.0000,0.0000,346.0,34.60,0.52,"",0,00:00:29:26,,,,,,,,,,,,
,116497339,12/27/2022 14:27,12/27/2022 15:32,XAUUSD,Sell,0.300,1813.50000,0.00000,1809.45000,1807.38000,0.0000,0.0000,207.0,62.10,0.93,"",0,00:01:05:05,100.0,1h 5m,44.0,0.00,246.0,73.8,0.0,0.0,100.0,84.1,-39.00,-11.70
,116497288,12/27/2022 14:25,12/27/2022 15:27,XAUUSD,Sell,0.500,0.00000,0.00000,1810.12000,1806.95000,0.0000,0.0000,317.0,158.50,2.44,"",0,00:01:02:24,100.0,1h 2m,0.0,0.00,317.0,158.5,0.0,0.0,100.0,100.0,0.00,0.00
,116497421,12/27/2022 14:30,12/27/2022 15:02,XAUUSD,Sell,0.300,1812.50000,0.00000,1809.59000,1808.63000,0.0000,0.0000,96.0,28.80,0.45,"",0,00:00:32:06,,,,,,,,,,,,
,116494508,12/27/2022 12:30,12/27/2022 14:01,XAUUSD,Sell,0.150,1811.00000,0.00000,1807.83000,1811.02000,0.0000,0.0000,-319.0,-47.85,-0.73,"[sl]",0,00:01:31:35,0.0,0s,319.0,322.58,0.0,0.0,-319.0,-47.85,0.0,0.0,-319.00,-47.85
,116494056,12/27/2022 12:20,12/27/2022 13:41,XAUUSD,Sell,0.350,1810.70000,0.00000,1807.70000,1810.77000,0.0000,0.0000,-307.0,-107.45,-1.62,"[sl]",0,00:01:21:03,0.0,0s,307.0,312.50,0.0,0.0,-307.0,-107.44999999999999,0.0,0.0,-307.00,-107.45
,116493450,12/27/2022 12:01,12/27/2022 12:03,XAUUSD,Sell,0.100,0.00000,0.00000,1807.82000,1807.89000,0.0000,0.0000,-7.0,-0.70,-0.01,"",0,00:00:02:29,,,,,,,,,,,,
,116493184,12/27/2022 11:58,12/27/2022 12:03,XAUUSD,Sell,0.200,0.00000,0.00000,1808.81000,1807.82000,0.0000,0.0000,99.0,19.80,0.30,"",0,00:00:04:35,,,,,,,,,,,,
,116482592,12/27/2022 02:12,12/27/2022 05:45,XAUUSD,Buy,0.010,0.00000,0.00000,1803.27000,1804.49000,0.0000,0.0000,122.0,1.22,0.02,"",0,00:03:32:58,66.7,2h 22m,211.0,0.68,310.0,3.1,-211.0,-2.11,59.5,63.9,-188.00,-1.88
,116482164,12/27/2022 01:41,12/27/2022 02:01,XAUUSD,Sell,0.030,0.00000,0.00000,1802.89000,1801.96000,0.0000,0.0000,93.0,2.79,0.04,"",0,00:00:20:18,,,,,,,,,,,,
,116478764,12/24/2022 11:34,,,Withdrawal,0.010,0.00000,0.00000,0.00000,0.00000,0.0000,0.0000,0.0,-137.95,0,"Transfer to 10189649 #19020910",0,00:00:00:00,,,,,,,,,,,,
,116473579,12/23/2022 18:51,12/23/2022 18:55,XAUUSD,Sell,0.050,0.00000,0.00000,1801.56000,1801.49000,0.0000,0.0000,7.0,0.35,0.01,"",0,00:00:03:11,,,,,,,,,,,,
,116473337,12/23/2022 18:41,12/23/2022 18:43,XAUUSD,Sell,0.050,0.00000,0.00000,1802.50000,1802.41000,0.0000,0.0000,9.0,0.45,0.01,"",0,00:00:02:31,,,,,,,,,,,,
,116473317,12/23/2022 18:40,12/23/2022 18:43,XAUUSD,Sell,0.050,0.00000,0.00000,1802.53000,1802.32000,0.0000,0.0000,21.0,1.05,0.02,"",0,00:00:03:26,,,,,,,,,,,,
,116473127,12/23/2022 18:29,12/23/2022 18:31,XAUUSD,Sell,0.050,0.00000,0.00000,1802.47000,1801.83000,0.0000,0.0000,64.0,3.20,0.05,"",0,00:00:02:31,,,,,,,,,,,,
,116472940,12/23/2022 18:18,12/23/2022 18:31,XAUUSD,Sell,0.100,0.00000,0.00000,1802.08000,1801.77000,0.0000,0.0000,31.0,3.10,0.05,"",0,00:00:13:16,30.8,4m,67.0,1.34,50.0,5.0,-67.0,-6.7,42.7,83.8,-19.00,-1.90
,116473024,12/23/2022 18:22,12/23/2022 18:31,XAUUSD,Sell,0.100,0.00000,0.00000,1802.43000,1801.83000,0.0000,0.0000,60.0,6.00,0.09,"",0,00:00:09:14,44.5,4m,32.0,0.38,85.0,8.5,-32.0,-3.2,72.6,78.6,-25.00,-2.50
,116471900,12/23/2022 17:50,12/23/2022 17:50,XAUUSD,Sell,0.100,0.00000,0.00000,1800.29000,1800.07000,0.0000,0.0000,22.0,2.20,0.03,"",0,00:00:00:40,,,,,,,,,,,,
,116469187,12/23/2022 16:47,12/23/2022 16:59,XAUUSD,Buy,0.100,0.00000,0.00000,1793.21000,1794.20000,0.0000,0.0000,99.0,9.90,0.15,"",0,00:00:11:27,33.4,3m,63.0,0.50,126.0,12.600000000000001,-63.0,-6.300000000000001,66.7,85.7,-27.00,-2.70
,116469318,12/23/2022 16:51,12/23/2022 16:59,XAUUSD,Buy,0.100,0.00000,0.00000,1793.07000,1794.16000,0.0000,0.0000,109.0,10.90,0.16,"",0,00:00:07:41,50.0,3m,52.0,0.35,140.0,14.0,-49.0,-4.9,74.1,83.6,-31.00,-3.10
,116469172,12/23/2022 16:47,12/23/2022 16:59,XAUUSD,Buy,0.100,0.00000,0.00000,1792.97000,1794.40000,0.0000,0.0000,143.0,14.30,0.21,"",0,00:00:11:29,41.7,4m,52.0,0.26,150.0,15.0,-39.0,-3.9000000000000004,79.4,96.3,-7.00,-0.70
,116469225,12/23/2022 16:48,12/23/2022 16:55,XAUUSD,Buy,0.100,0.00000,0.00000,1792.82000,1792.89000,0.0000,0.0000,7.0,0.70,0.01,"",0,00:00:07:03,57.2,4m,34.0,0.55,22.0,2.2,-12.0,-1.2000000000000002,64.7,55.9,-15.00,-1.50
,116468778,12/23/2022 16:39,12/23/2022 16:42,XAUUSD,Buy,0.050,0.00000,0.00000,1792.58000,1792.45000,0.0000,0.0000,-13.0,-0.65,-0.01,"",0,00:00:03:24,,,,,,,,,,,,
,116468684,12/23/2022 16:37,12/23/2022 16:42,XAUUSD,Buy,0.100,0.00000,0.00000,1792.76000,1792.82000,0.0000,0.0000,6.0,0.60,0.01,"",0,00:00:04:59,40.0,1m,132.0,4.13,32.0,3.2,-132.0,-13.200000000000001,19.5,84.1,-26.00,-2.60
,116468920,12/23/2022 16:41,12/23/2022 16:42,XAUUSD,Buy,0.100,0.00000,0.00000,1791.93000,1792.86000,0.0000,0.0000,93.0,9.30,0.14,"",0,00:00:01:17,,,,,,,,,,,,
,116467510,12/23/2022 16:08,12/23/2022 16:09,XAUUSD,Buy,0.100,0.00000,0.00000,1795.11000,1795.14000,0.0000,0.0000,3.0,0.30,0.00,"",0,00:00:00:38,,,,,,,,,,,,
,116466128,12/23/2022 15:49,12/23/2022 15:50,XAUUSD,Sell,0.100,0.00000,0.00000,1797.69000,1797.43000,0.0000,0.0000,26.0,2.60,0.04,"",0,00:00:01:06,,,,,,,,,,,,
,116465867,12/23/2022 15:44,12/23/2022 15:44,XAUUSD,Sell,0.100,0.00000,0.00000,1798.89000,1798.47000,0.0000,0.0000,42.0,4.20,0.06,"",0,00:00:00:17,,,,,,,,,,,,
,116463495,12/23/2022 15:10,12/23/2022 15:32,XAUUSD,Sell,0.050,0.00000,0.00000,1796.90000,1795.30000,0.0000,0.0000,160.0,8.00,0.12,"",0,00:00:22:47,13.7,3m,257.0,1.21,212.0,10.600000000000001,-257.0,-12.850000000000001,45.2,88.9,-52.00,-2.60
,116463560,12/23/2022 15:14,12/23/2022 15:32,XAUUSD,Sell,0.050,0.00000,0.00000,1797.34000,1794.85000,0.0000,0.0000,249.0,12.45,0.19,"",0,00:00:18:39,16.7,3m,213.0,0.83,256.0,12.8,-213.0,-10.65,54.6,98.5,-7.00,-0.35
,116463797,12/23/2022 15:22,12/23/2022 15:32,XAUUSD,Sell,0.050,0.00000,0.00000,1797.95000,1795.33000,0.0000,0.0000,262.0,13.10,0.20,"",0,00:00:09:59,40.0,3m,152.0,0.48,317.0,15.850000000000001,-152.0,-7.6000000000000005,67.6,88.3,-55.00,-2.75
,116463629,12/23/2022 15:16,12/23/2022 15:32,XAUUSD,Sell,0.050,0.00000,0.00000,1797.87000,1796.61000,0.0000,0.0000,126.0,6.30,0.10,"",0,00:00:15:56,31.3,4m,183.0,0.52,309.0,15.450000000000001,-160.0,-8.0,65.9,61.0,-183.00,-9.15
,116462712,12/23/2022 14:31,12/23/2022 14:39,XAUUSD,Sell,0.150,0.00000,0.00000,1797.60000,1797.52000,0.0000,0.0000,8.0,1.20,0.02,"",0,00:00:07:57,87.5,6m,39.0,0.93,42.0,6.3,-39.0,-5.85,51.9,58.0,-34.00,-5.10
,116461185,12/23/2022 13:12,12/23/2022 13:20,XAUUSD,Sell,0.050,0.00000,0.00000,1798.75000,1798.55000,0.0000,0.0000,20.0,1.00,0.02,"",0,00:00:07:23,37.5,2m,55.0,1.49,37.0,1.85,-55.0,-2.75,40.2,81.5,-17.00,-0.85
,116461284,12/23/2022 13:16,12/23/2022 13:19,XAUUSD,Sell,0.050,0.00000,0.00000,1799.07000,1798.72000,0.0000,0.0000,35.0,1.75,0.03,"",0,00:00:03:03,,,,,,,,,,,,
,116453041,12/23/2022 06:09,12/23/2022 06:30,XAUUSD,Buy,0.050,0.00000,0.00000,1792.99000,1794.23000,0.0000,0.0000,124.0,6.20,0.09,"",0,00:00:21:15,100.0,21m,58.0,0.01,141.0,7.050000000000001,0.0,0.0,100.0,87.9,-17.00,-0.85
,116452896,12/23/2022 05:45,12/23/2022 06:30,XAUUSD,Buy,0.050,0.00000,0.00000,1793.16000,1794.23000,0.0000,0.0000,107.0,5.35,0.08,"",0,00:00:44:44,55.6,24m,58.0,0.44,124.0,6.2,-54.0,-2.7,69.7,90.4,-17.00,-0.85
,116451762,12/23/2022 03:46,12/23/2022 06:30,XAUUSD,Buy,0.050,0.00000,0.00000,1794.70000,1794.25000,0.0000,0.0000,-45.0,-2.25,-0.03,"",0,00:02:43:59,6.1,10m,305.0,2.86,79.0,3.95,-226.0,-11.3,25.9,59.3,-124.00,-6.20
,116452377,12/23/2022 04:42,12/23/2022 06:30,XAUUSD,Buy,0.050,0.00000,0.00000,1793.42000,1794.25000,0.0000,0.0000,83.0,4.15,0.06,"",0,00:01:47:54,31.9,34m,125.0,1.00,98.0,4.9,-98.0,-4.9,50.0,92.3,-15.00,-0.75
,116447517,12/22/2022 21:06,12/22/2022 21:15,XAUUSD,Buy,0.050,0.00000,0.00000,1786.31000,1786.78000,0.0000,0.0000,47.0,2.35,0.04,"",0,00:00:08:48,,,,,,,,,,,,
,116446734,12/22/2022 20:38,12/22/2022 21:15,XAUUSD,Buy,0.100,0.00000,0.00000,1787.62000,1786.72000,0.0000,0.0000,-90.0,-9.00,-0.14,"",0,00:00:36:12,0.0,0s,210.0,212.77,0.0,0.0,-210.0,-21.0,0.0,57.1,-90.00,-9.00
,116447187,12/22/2022 20:57,12/22/2022 21:15,XAUUSD,Buy,0.100,0.00000,0.00000,1786.03000,1786.73000,0.0000,0.0000,70.0,7.00,0.11,"",0,00:00:17:32,,,,,,,,,,,,
,116446831,12/22/2022 20:42,12/22/2022 21:02,XAUUSD,Buy,0.100,0.00000,0.00000,1786.55000,1786.71000,0.0000,0.0000,16.0,1.60,0.02,"",0,00:00:20:45,50.0,10m,102.0,5.69,16.0,1.6,-91.0,-9.1,15.0,100.0,0.00,0.00
,116446974,12/22/2022 20:47,12/22/2022 21:02,XAUUSD,Buy,0.100,1779.00000,0.00000,1786.11000,1786.70000,0.0000,0.0000,59.0,5.90,0.09,"",0,00:00:15:27,,,,,,,,,,,,
,116431829,12/22/2022 16:01,12/22/2022 16:02,XAUUSD,Buy,0.050,0.00000,0.00000,1808.74000,1809.61000,0.0000,0.0000,87.0,4.35,0.07,"",0,00:00:00:24,,,,,,,,,,,,
,116430957,12/22/2022 15:52,,,Withdrawal,0.010,0.00000,0.00000,0.00000,0.00000,0.0000,0.0000,0.0,-5382.30,0,"Transfer to 10189649 #19004563",0,00:00:00:00,,,,,,,,,,,,
,116430571,12/20/2022 09:31,12/22/2022 15:49,XAUUSD,Sell,0.050,0.00000,0.00000,1793.92000,1809.31000,0.0000,-1.4900,-1539.0,-78.44,-0.65,"from #116430544",0,02:06:17:42,0.0,0s,2771.0,3333.33,0.0,0.0,-2771.0,-138.55,0.0,44.5,-1539.00,-76.95
,116430544,12/20/2022 09:31,12/22/2022 15:47,XAUUSD,Sell,0.050,0.00000,0.00000,1793.92000,1809.84000,0.0000,-1.4900,-1592.0,-81.09,-0.67,"to #116430571",0,02:06:15:14,0.0,0s,2771.0,3333.33,0.0,0.0,-2771.0,-138.55,0.0,42.5,-1592.00,-79.60
,116430509,12/20/2022 12:01,12/22/2022 15:47,XAUUSD,Sell,0.100,0.00000,1805.00000,1807.10000,1809.85000,0.0000,-2.9800,-275.0,-30.48,-0.25,"from #116356436",0,02:03:45:50,6.5,3h 21m,2378.0,1.96,804.0,80.4,-1574.0,-157.4,33.8,54.6,-1079.00,-107.90
,116339167,12/20/2022 09:31,12/22/2022 15:46,XAUUSD,Sell,0.100,0.00000,0.00000,1793.92000,1810.07000,0.0000,-2.9800,-1615.0,-164.48,-1.33,"to #116430544",0,02:06:15:00,0.0,0s,2771.0,3333.33,0.0,0.0,-2771.0,-277.1,0.0,41.7,-1615.00,-161.50
,116430491,12/22/2022 13:56,12/22/2022 15:46,XAUUSD,Sell,0.250,0.00000,0.00000,1815.39000,1810.01000,0.0000,0.0000,538.0,134.50,1.10,"from #116425719",0,00:01:50:46,27.3,30m,448.0,0.73,597.0,149.25,-433.0,-108.25,58.0,94.3,-59.00,-14.75
,116357727,12/20/2022 15:34,12/22/2022 15:46,XAUUSD,Sell,0.100,0.00000,0.00000,1801.84000,1809.99000,0.0000,-2.9700,-815.0,-84.47,-0.69,"",0,02:00:12:05,0.0,0s,2100.0,2500.00,0.0,0.0,-2100.0,-210.0,0.0,61.2,-815.00,-81.50
,116356436,12/20/2022 12:01,12/22/2022 15:46,XAUUSD,Sell,0.200,0.00000,1805.00000,1807.10000,1809.80000,0.0000,-5.9500,-270.0,-59.95,-0.49,"to #116430509",0,02:03:45:13,6.5,3h 21m,2378.0,1.96,804.0,160.8,-1574.0,-314.8,33.8,54.8,-1074.00,-214.80
,116425719,12/22/2022 13:56,12/22/2022 15:46,XAUUSD,Sell,0.250,0.00000,0.00000,1815.39000,1810.06000,0.0000,0.0000,533.0,133.25,1.09,"to #116430491",0,00:01:50:18,27.3,30m,448.0,0.73,597.0,149.25,-433.0,-108.25,58.0,93.8,-64.00,-16.00
,116360476,12/20/2022 16:36,12/22/2022 15:46,XAUUSD,Sell,0.100,0.00000,1807.50000,1806.76000,1811.37000,0.0000,-2.9700,-461.0,-49.07,-0.40,"",0,01:23:09:30,0.0,0s,1608.0,1666.67,0.0,0.0,-1608.0,-160.8,0.0,71.3,-461.00,-46.10
,116430170,12/22/2022 15:42,12/22/2022 15:46,XAUUSD,Sell,0.150,0.00000,0.00000,1813.21000,1810.90000,0.0000,0.0000,231.0,34.65,0.28,"",0,00:00:03:44,,,,,,,,,,,,
,116410034,12/21/2022 22:22,12/22/2022 15:40,XAUUSD,Sell,0.010,0.00000,0.00000,1813.35000,1812.54000,0.0000,-0.2200,81.0,0.59,0.00,"",0,00:17:17:56,2.5,25m,715.0,4.34,158.0,1.58,-686.0,-6.86,18.7,90.9,-77.00,-0.77
,116357560,12/20/2022 15:30,12/22/2022 15:36,XAUUSD,Sell,0.100,0.00000,0.00000,1801.19000,1810.61000,0.0000,-2.9700,-942.0,-97.17,-0.79,"",0,02:00:06:06,0.0,0s,2165.0,2500.00,0.0,0.0,-2165.0,-216.5,0.0,56.5,-942.00,-94.20
,116356792,12/20/2022 09:39,12/22/2022 15:36,XAUUSD,Sell,0.100,0.00000,0.00000,1793.73000,1810.55000,0.0000,-2.9700,-1682.0,-171.17,-1.37,"from #116339404",0,02:05:56:48,0.0,0s,2790.0,3333.33,0.0,0.0,-2790.0,-279.0,0.0,39.7,-1682.00,-168.20
,116425812,12/22/2022 13:58,12/22/2022 15:36,XAUUSD,Sell,0.300,0.00000,0.00000,1815.68000,1810.47000,0.0000,0.0000,521.0,156.30,1.27,"",0,00:01:38:10,30.0,29m,448.0,0.78,521.0,156.29999999999998,-404.0,-121.19999999999999,56.3,100.0,0.00,0.00
,116360010,12/20/2022 16:30,12/22/2022 15:35,XAUUSD,Sell,0.100,0.00000,0.00000,1805.74000,1813.04000,0.0000,-2.9700,-730.0,-75.97,-0.61,"",0,01:23:05:08,0.0,0s,1710.0,2000.00,0.0,0.0,-1710.0,-171.0,0.0,57.3,-730.00,-73.00
,116357847,12/20/2022 15:37,12/22/2022 15:35,XAUUSD,Sell,0.200,0.00000,0.00000,1802.90000,1813.17000,0.0000,-5.9600,-1027.0,-211.36,-1.67,"",0,01:23:58:32,0.0,0s,1994.0,2000.00,0.0,0.0,-1994.0,-398.8,0.0,48.5,-1027.00,-205.40
,116425754,12/22/2022 13:56,12/22/2022 15:35,XAUUSD,Sell,0.300,0.00000,0.00000,1815.64000,1812.75000,0.0000,0.0000,289.0,86.70,0.69,"",0,00:01:38:39,30.0,29m,448.0,1.05,387.0,116.1,-408.0,-122.39999999999999,48.7,87.7,-98.00,-29.40
,116426378,12/22/2022 14:10,12/22/2022 15:33,XAUUSD,Sell,0.250,1821.00000,0.00000,1816.18000,1814.45000,0.0000,0.0000,173.0,43.25,0.35,"",0,00:01:22:51,43.8,36m,448.0,1.09,324.0,81.0,-354.0,-88.5,47.8,77.7,-151.00,-37.75
,116427962,12/22/2022 15:01,12/22/2022 15:31,XAUUSD,Sell,0.250,0.00000,0.00000,1817.81000,1814.99000,0.0000,0.0000,282.0,70.50,0.57,"",0,00:00:29:38,50.0,14m,205.0,0.39,487.0,121.75,-191.0,-47.75,71.8,69.8,-205.00,-51.25
,116428200,12/22/2022 15:08,12/22/2022 15:30,XAUUSD,Sell,0.250,1821.00000,0.00000,1817.73000,1816.90000,0.0000,0.0000,83.0,20.75,0.17,"",0,00:00:21:50,40.0,8m,396.0,0.42,479.0,119.75,-199.0,-49.75,70.6,41.6,-396.00,-99.00
,116426138,12/22/2022 14:02,12/22/2022 14:25,XAUUSD,Sell,0.300,1821.00000,0.00000,1816.41000,1815.42000,0.0000,0.0000,99.0,29.70,0.24,"",0,00:00:22:44,100.0,22m,59.0,0.01,117.0,35.1,0.0,0.0,100.0,84.6,-18.00,-5.40
,116425480,12/22/2022 13:51,12/22/2022 13:55,XAUUSD,Buy,1.000,0.00000,0.00000,1815.07000,1815.63000,0.0000,0.0000,56.0,56.00,0.45,"",0,00:00:04:46,,,,,,,,,,,,
,116425469,12/22/2022 13:51,12/22/2022 13:55,XAUUSD,Buy,1.000,0.00000,0.00000,1814.93000,1816.11000,0.0000,0.0000,118.0,118.00,0.97,"",0,00:00:04:35,,,,,,,,,,,,
,116410238,12/21/2022 22:49,12/22/2022 13:51,XAUUSD,Sell,0.050,0.00000,0.00000,1814.36000,1815.61000,0.0000,-1.1200,-125.0,-7.37,-0.06,"",0,00:15:02:26,13.9,2h 5m,715.0,4.50,130.0,6.5,-585.0,-29.25,18.2,64.3,-255.00,-12.75
,116410454,12/21/2022 23:32,12/22/2022 13:51,XAUUSD,Sell,0.050,0.00000,0.00000,1814.41000,1815.62000,0.0000,-1.1200,-121.0,-7.17,-0.06,"",0,00:14:18:56,14.0,2h 0m,715.0,4.30,135.0,6.75,-580.0,-29.0,18.9,64.2,-256.00,-12.80
,116424991,12/22/2022 13:32,12/22/2022 13:51,XAUUSD,Sell,0.150,0.00000,0.00000,1814.60000,1815.33000,0.0000,0.0000,-73.0,-10.95,-0.09,"",0,00:00:19:18,,,,,,,,,,,,
,116361783,12/20/2022 16:51,12/22/2022 13:50,XAUUSD,Sell,0.250,0.00000,0.00000,1811.70000,1814.98000,0.0000,-7.4400,-328.0,-89.44,-0.73,"",0,01:20:59:02,0.0,0s,1114.0,1250.00,0.0,0.0,-1114.0,-278.5,0.0,70.6,-328.00,-82.00
,116362052,12/20/2022 16:55,12/22/2022 13:50,XAUUSD,Sell,0.250,0.00000,1807.50000,1811.49000,1814.98000,0.0000,-7.4400,-349.0,-94.69,-0.76,"",0,01:20:55:38,0.0,0s,1135.0,1250.00,0.0,0.0,-1135.0,-283.75,0.0,69.3,-349.00,-87.25
,116416011,12/22/2022 08:39,12/22/2022 13:50,XAUUSD,Sell,0.500,1821.50000,0.00000,1816.93000,1815.10000,0.0000,0.0000,183.0,91.50,0.74,"",0,00:05:11:03,77.8,4h 1m,520.0,0.70,305.0,152.5,-215.0,-107.5,58.7,76.5,-122.00,-61.00
,116420667,12/22/2022 11:15,12/22/2022 13:30,XAUUSD,Sell,0.300,1821.00000,0.00000,1816.65000,1814.98000,0.0000,0.0000,167.0,50.10,0.41,"",0,00:02:15:48,88.9,2h 0m,185.0,0.27,245.0,73.5,-67.0,-20.099999999999998,78.5,75.0,-78.00,-23.40
,116410205,12/21/2022 22:43,12/22/2022 13:13,XAUUSD,Sell,0.050,0.00000,0.00000,1813.86000,1814.82000,0.0000,-1.1200,-96.0,-5.92,-0.05,"",0,00:14:29:57,8.7,1h 15m,715.0,7.94,80.0,4.0,-635.0,-31.75,11.2,75.4,-176.00,-8.80
,116420574,12/22/2022 11:11,12/22/2022 13:13,XAUUSD,Sell,0.300,1822.00000,0.00000,1817.27000,1814.80000,0.0000,0.0000,247.0,74.10,0.61,"",0,00:02:02:11,95.9,1h 57m,185.0,0.02,277.0,83.1,-5.0,-1.5,98.2,89.4,-30.00,-9.00
,116421536,12/22/2022 11:44,12/22/2022 12:51,XAUUSD,Sell,0.300,1822.00000,0.00000,1817.43000,1815.21000,0.0000,0.0000,222.0,66.60,0.55,"",0,00:01:07:04,100.0,1h 7m,51.0,0.00,254.0,76.2,0.0,0.0,100.0,87.4,-32.00,-9.60
,116412896,12/22/2022 04:54,12/22/2022 08:52,XAUUSD,Sell,0.500,0.00000,0.00000,1818.31000,1814.85000,0.0000,0.0000,346.0,173.00,1.45,"",0,00:03:58:05,20.9,49m,198.0,0.50,377.0,188.5,-190.0,-95.0,66.5,94.5,-31.00,-15.50
,116413146,12/22/2022 05:15,12/22/2022 08:51,XAUUSD,Sell,0.500,1821.00000,0.00000,1818.47000,1814.74000,0.0000,0.0000,373.0,186.50,1.58,"",0,00:03:36:07,23.3,50m,196.0,0.44,393.0,196.5,-174.0,-87.0,69.3,96.5,-20.00,-10.00
,116409611,12/20/2022 17:12,12/22/2022 07:16,XAUUSD,Sell,0.500,1820.50000,1807.50000,1819.20000,1820.54000,0.0000,-14.8900,-134.0,-81.89,-0.69,"from #116365818[sl]",0,01:14:04:30,92.0,1d 11h ,1080.0,0.51,716.0,358.0,-364.0,-182.0,66.3,21.3,-850.00,-425.00
,116358041,12/20/2022 15:40,12/21/2022 22:12,XAUUSD,Sell,0.200,0.00000,1807.50000,1804.02000,1813.35000,0.0000,-1.4900,-933.0,-188.09,-1.56,"",0,01:06:31:21,0.0,0s,1882.0,2000.00,0.0,0.0,-1882.0,-376.40000000000003,0.0,50.4,-933.00,-186.60
,116360485,12/20/2022 16:36,12/21/2022 22:11,XAUUSD,Sell,0.100,0.00000,1805.00000,1806.86000,1813.35000,0.0000,-0.7400,-649.0,-65.64,-0.54,"",0,01:05:35:14,0.0,0s,1598.0,1666.67,0.0,0.0,-1598.0,-159.8,0.0,59.4,-649.00,-64.90
,116360919,12/20/2022 16:40,12/21/2022 22:11,XAUUSD,Sell,0.100,0.00000,0.00000,1807.35000,1813.35000,0.0000,-0.7400,-600.0,-60.74,-0.50,"",0,01:05:31:18,0.0,0s,1549.0,1666.67,0.0,0.0,-1549.0,-154.9,0.0,61.3,-600.00,-60.00
,116358417,12/20/2022 15:51,12/21/2022 22:04,XAUUSD,Sell,0.350,0.00000,1805.00000,1805.62000,1813.83000,0.0000,-2.6100,-821.0,-289.96,-2.33,"",0,01:06:13:29,1.4,25m,1832.0,15.67,110.0,38.5,-1722.0,-602.6999999999999,6.0,49.2,-931.00,-325.85
,116365818,12/20/2022 17:12,12/21/2022 21:57,XAUUSD,Sell,0.500,1820.50000,1807.50000,1819.20000,1814.09000,0.0000,-3.7300,511.0,251.77,2.06,"to #116409611",0,01:04:44:47,95.7,1d 3h ,1080.0,0.51,716.0,358.0,-364.0,-182.0,66.3,81.0,-205.00,-102.50
,116361751,12/20/2022 16:51,12/21/2022 21:55,XAUUSD,Sell,0.250,0.00000,1805.00000,1811.68000,1814.15000,0.0000,-1.8600,-247.0,-63.61,-0.52,"",0,01:05:04:08,0.0,0s,1116.0,1250.00,0.0,0.0,-1116.0,-279.0,0.0,77.9,-247.00,-61.75
,116394304,12/21/2022 14:52,12/21/2022 21:45,XAUUSD,Sell,0.150,0.00000,1807.50000,1815.38000,1815.49000,0.0000,0.0000,-11.0,-1.65,-0.01,"",0,00:06:52:20,3.7,15m,746.0,9.45,79.0,11.85,-746.0,-111.89999999999999,9.6,89.1,-90.00,-13.50
,116408487,12/21/2022 20:53,12/21/2022 21:33,XAUUSD,Sell,0.100,0.00000,0.00000,1817.02000,1816.88000,0.0000,0.0000,14.0,1.40,0.01,"",0,00:00:40:04,62.5,25m,80.0,0.70,94.0,9.4,-66.0,-6.6000000000000005,58.8,50.0,-80.00,-8.00
,116408375,12/21/2022 20:45,12/21/2022 21:30,XAUUSD,Sell,0.100,0.00000,0.00000,1817.25000,1816.32000,0.0000,0.0000,93.0,9.30,0.08,"",0,00:00:45:28,66.7,30m,59.0,0.37,117.0,11.700000000000001,-43.0,-4.3,73.1,85.0,-24.00,-2.40
,116407944,12/21/2022 18:30,12/21/2022 20:13,XAUUSD,Sell,0.020,0.00000,0.00000,1815.95000,1815.50000,0.0000,0.0000,45.0,0.90,0.01,"from #116405165",0,00:01:43:38,15.0,15m,239.0,3.78,62.0,1.24,-234.0,-4.68,20.9,94.3,-17.00,-0.34
,116405165,12/21/2022 18:30,12/21/2022 20:13,XAUUSD,Sell,0.080,0.00000,0.00000,1815.95000,1815.26000,0.0000,0.0000,69.0,5.52,0.05,"to #116407944",0,00:01:43:09,15.0,15m,239.0,3.39,69.0,5.5200000000000005,-234.0,-18.72,22.8,100.0,0.00,0.00
,116406479,12/21/2022 19:09,12/21/2022 20:13,XAUUSD,Sell,0.150,0.00000,0.00000,1817.20000,1815.50000,0.0000,0.0000,170.0,25.50,0.21,"",0,00:01:03:49,53.9,34m,109.0,0.58,187.0,28.05,-109.0,-16.349999999999998,63.2,94.3,-17.00,-2.55
,116406280,12/21/2022 19:02,12/21/2022 20:02,XAUUSD,Sell,0.150,0.00000,0.00000,1817.23000,1817.21000,0.0000,0.0000,2.0,0.30,0.00,"",0,00:01:00:04,41.7,25m,106.0,2.72,39.0,5.85,-106.0,-15.899999999999999,26.9,74.5,-37.00,-5.55
,116406960,12/21/2022 19:29,12/21/2022 20:02,XAUUSD,Sell,0.150,0.00000,0.00000,1817.67000,1817.38000,0.0000,0.0000,29.0,4.35,0.04,"",0,00:00:32:31,85.8,27m,54.0,0.04,83.0,12.45,-3.0,-0.44999999999999996,96.5,37.2,-54.00,-8.10
,116405453,12/21/2022 18:39,12/21/2022 18:52,XAUUSD,Sell,0.100,0.00000,0.00000,1816.76000,1816.40000,0.0000,0.0000,36.0,3.60,0.03,"",0,00:00:12:46,,,,,,,,,,,,
,116404336,12/21/2022 18:10,12/21/2022 18:22,XAUUSD,Sell,0.100,0.00000,0.00000,1816.52000,1815.29000,0.0000,0.0000,123.0,12.30,0.10,"",0,00:00:12:15,,,,,,,,,,,,
,116404457,12/21/2022 18:12,12/21/2022 18:17,XAUUSD,Sell,0.100,0.00000,0.00000,1816.79000,1815.68000,0.0000,0.0000,111.0,11.10,0.09,"",0,00:00:04:12,,,,,,,,,,,,
,116398186,12/21/2022 16:17,12/21/2022 18:08,XAUUSD,Sell,0.150,0.00000,0.00000,1816.82000,1816.91000,0.0000,0.0000,-9.0,-1.35,-0.01,"",0,00:01:51:02,13.7,15m,651.0,12.30,49.0,7.35,-602.0,-90.3,7.5,91.1,-58.00,-8.70
,116403501,12/21/2022 17:55,12/21/2022 18:02,XAUUSD,Sell,0.100,0.00000,0.00000,1818.87000,1818.12000,0.0000,0.0000,75.0,7.50,0.06,"",0,00:00:06:46,,,,,,,,,,,,
,116403545,12/21/2022 17:56,12/21/2022 18:02,XAUUSD,Sell,0.100,0.00000,0.00000,1818.90000,1818.08000,0.0000,0.0000,82.0,8.20,0.07,"",0,00:00:05:17,,,,,,,,,,,,
,116402983,12/21/2022 17:45,12/21/2022 17:54,XAUUSD,Sell,0.500,1824.50000,0.00000,1821.67000,1819.07000,0.0000,0.0000,260.0,130.00,1.08,"",0,00:00:09:48,,,,,,,,,,,,
,116402784,12/21/2022 17:41,12/21/2022 17:51,XAUUSD,Sell,0.500,1825.50000,0.00000,1822.14000,1819.96000,0.0000,0.0000,218.0,109.00,0.91,"",0,00:00:10:11,,,,,,,,,,,,
,116401109,12/21/2022 17:10,12/21/2022 17:13,XAUUSD,Sell,0.500,1822.00000,0.00000,1819.30000,1817.89000,0.0000,0.0000,141.0,70.50,0.59,"",0,00:00:02:54,,,,,,,,,,,,
,116399315,12/21/2022 16:40,12/21/2022 17:13,XAUUSD,Sell,0.150,0.00000,0.00000,1817.94000,1817.52000,0.0000,0.0000,42.0,6.30,0.05,"",0,00:00:32:47,16.7,5m,236.0,5.62,42.0,6.3,-236.0,-35.4,15.1,100.0,0.00,0.00
,116397672,12/21/2022 15:44,12/21/2022 17:00,XAUUSD,Sell,0.200,1822.00000,0.00000,1818.51000,1818.46000,0.0000,0.0000,5.0,1.00,0.01,"from #116396620",0,00:01:15:54,75.0,56m,390.0,0.44,271.0,54.2,-119.0,-23.8,69.5,31.8,-266.00,-53.20
,116396620,12/21/2022 15:44,12/21/2022 16:05,XAUUSD,Sell,0.150,1820.50000,0.00000,1818.51000,1816.37000,0.0000,0.0000,214.0,32.10,0.27,"to #116397672",0,00:00:20:46,100.0,20m,57.0,0.00,271.0,40.65,0.0,0.0,100.0,79.0,-57.00,-8.55
,116397511,12/21/2022 15:01,12/21/2022 16:04,XAUUSD,Sell,0.050,0.00000,0.00000,1816.11000,1816.30000,0.0000,0.0000,-19.0,-0.95,-0.01,"from #116394842",0,00:01:03:07,0.0,0s,315.0,322.58,0.0,0.0,-315.0,-15.75,0.0,94.0,-19.00,-0.95
,116394842,12/21/2022 15:01,12/21/2022 16:03,XAUUSD,Sell,0.100,0.00000,0.00000,1816.11000,1816.42000,0.0000,0.0000,-31.0,-3.10,-0.03,"to #116397511",0,00:01:01:32,0.0,0s,315.0,322.58,0.0,0.0,-315.0,-31.5,0.0,90.2,-31.00,-3.10
,116396114,12/21/2022 15:30,12/21/2022 16:03,XAUUSD,Sell,0.350,1822.00000,0.00000,1818.08000,1816.51000,0.0000,0.0000,157.0,54.95,0.47,"",0,00:00:32:32,83.4,27m,54.0,0.28,193.0,67.55,-54.0,-18.9,78.1,85.4,-36.00,-12.60
,116396547,12/21/2022 15:42,12/21/2022 15:49,XAUUSD,Sell,0.350,1822.00000,0.00000,1818.74000,1817.61000,0.0000,0.0000,113.0,39.55,0.34,"",0,00:00:06:52,,,,,,,,,,,,
,116395400,12/21/2022 15:15,12/21/2022 15:49,XAUUSD,Sell,0.150,0.00000,0.00000,1816.62000,1817.75000,0.0000,0.0000,-113.0,-16.95,-0.14,"",0,00:00:33:43,0.0,0s,264.0,270.27,0.0,0.0,-264.0,-39.6,0.0,57.2,-113.00,-16.95
,116393492,12/21/2022 14:24,12/21/2022 14:33,XAUUSD,Sell,0.100,0.00000,0.00000,1814.10000,1813.88000,0.0000,0.0000,22.0,2.20,0.02,"",0,00:00:08:34,,,,,,,,,,,,
,116391062,12/21/2022 12:46,12/21/2022 13:01,XAUUSD,Sell,0.050,0.00000,1805.00000,1813.36000,1813.21000,0.0000,0.0000,15.0,0.75,0.01,"",0,00:00:14:46,,,,,,,,,,,,
,116389670,12/20/2022 16:49,12/21/2022 11:46,XAUUSD,Sell,0.350,0.00000,1807.50000,1811.92000,1813.85000,0.0000,-2.6100,-193.0,-70.16,-0.59,"from #116361622",0,00:18:57:01,0.0,0s,850.0,909.09,0.0,0.0,-850.0,-297.5,0.0,77.3,-193.00,-67.55
,116389683,12/20/2022 19:44,12/21/2022 11:46,XAUUSD,Sell,0.300,0.00000,1810.00000,1819.03000,1813.79000,0.0000,-2.2300,524.0,154.97,1.33,"from #116371625",0,00:16:02:22,99.5,15h 57m,492.0,0.04,678.0,203.4,-28.0,-8.4,96.0,78.2,-154.00,-46.20
,116371625,12/20/2022 19:44,12/21/2022 11:46,XAUUSD,Sell,0.200,0.00000,1810.00000,1819.03000,1813.84000,0.0000,-1.4900,519.0,102.31,0.88,"to #116389683",0,00:16:02:07,99.5,15h 57m,492.0,0.04,678.0,135.6,-28.0,-5.6000000000000005,96.0,77.5,-159.00,-31.80
,116361622,12/20/2022 16:49,12/21/2022 11:46,XAUUSD,Sell,0.500,0.00000,1807.50000,1811.92000,1813.78000,0.0000,-3.7200,-186.0,-96.72,-0.83,"to #116389670",0,00:18:56:33,0.0,0s,850.0,909.09,0.0,0.0,-850.0,-425.0,0.0,78.1,-186.00,-93.00
,116388657,12/21/2022 10:52,12/21/2022 11:29,XAUUSD,Sell,0.100,0.00000,1809.00000,1815.78000,1814.39000,0.0000,0.0000,139.0,13.90,0.12,"from #116388594",0,00:00:37:16,100.0,37m,21.0,0.01,154.0,15.4,0.0,0.0,100.0,90.3,-15.00,-1.50
,116388594,12/21/2022 10:52,12/21/2022 11:05,XAUUSD,Sell,0.050,0.00000,1809.00000,1815.78000,1815.05000,0.0000,0.0000,73.0,3.65,0.03,"to #116388657",0,00:00:13:06,,,,,,,,,,,,
,116388182,12/21/2022 10:52,12/21/2022 11:03,XAUUSD,Sell,0.100,0.00000,1809.00000,1815.78000,1815.11000,0.0000,0.0000,67.0,6.70,0.06,"to #116388594",0,00:00:11:07,,,,,,,,,,,,
,116384491,12/21/2022 10:02,12/21/2022 10:07,XAUUSD,Sell,0.250,0.00000,0.00000,1816.08000,1815.67000,0.0000,0.0000,41.0,10.25,0.09,"",0,00:00:04:38,,,,,,,,,,,,
,116374598,12/20/2022 21:57,12/21/2022 08:27,XAUUSD,Sell,1.000,1821.50000,1810.00000,1818.66000,1814.81000,0.0000,-7.4500,385.0,377.55,3.35,"",0,00:10:29:38,96.9,10h 10m,275.0,0.12,545.0,545.0,-65.0,-65.0,89.3,73.8,-160.00,-160.00
,116369523,12/20/2022 19:06,12/20/2022 20:22,XAUUSD,Sell,0.100,0.00000,0.00000,1818.34000,1815.07000,0.0000,0.0000,327.0,32.70,0.29,"",0,00:01:16:00,60.0,45m,139.0,0.39,355.0,35.5,-139.0,-13.9,71.9,94.3,-28.00,-2.80
,116369103,12/20/2022 18:55,12/20/2022 20:22,XAUUSD,Sell,0.200,0.00000,1807.50000,1817.65000,1815.03000,0.0000,0.0000,262.0,52.40,0.47,"",0,00:01:27:19,35.3,30m,214.0,0.75,286.0,57.2,-214.0,-42.800000000000004,57.2,95.2,-24.00,-4.80
,116367268,12/20/2022 18:13,12/20/2022 18:35,XAUUSD,Sell,0.100,0.00000,0.00000,1816.71000,1816.08000,0.0000,0.0000,63.0,6.30,0.06,"",0,00:00:22:46,100.0,22m,151.0,0.00,214.0,21.400000000000002,0.0,0.0,100.0,29.4,-151.00,-15.10
,116363679,12/20/2022 17:12,12/20/2022 17:48,XAUUSD,Sell,0.500,0.00000,0.00000,1819.20000,1814.91000,0.0000,0.0000,429.0,214.50,1.96,"to #116365818",0,00:00:35:50,100.0,35m,94.0,0.00,463.0,231.5,0.0,0.0,100.0,92.7,-34.00,-17.00
,116363492,12/20/2022 17:09,,,Deposit,0.010,0.00000,0.00000,0.00000,0.00000,0.0000,0.0000,0.0,1700.00,0,"Deposit CONNECT USD 18982528",0,00:00:00:00,,,,,,,,,,,,
,116361339,12/20/2022 16:45,12/20/2022 16:49,XAUUSD,Sell,0.700,1811.00000,0.00000,1808.38000,1811.68000,0.0000,0.0000,-330.0,-231.00,-2.44,"[sl]",0,00:00:03:31,,,,,,,,,,,,
,116339404,12/20/2022 09:39,12/20/2022 15:12,XAUUSD,Sell,0.100,0.00000,0.00000,1793.73000,1800.10000,0.0000,0.0000,-637.0,-63.70,-0.67,"to #116356792",0,00:05:32:47,0.0,0s,1489.0,1666.67,0.0,0.0,-1489.0,-148.9,0.0,57.2,-637.00,-63.70
,116339885,12/20/2022 09:50,12/20/2022 15:12,XAUUSD,Sell,0.150,0.00000,0.00000,1794.47000,1800.19000,0.0000,0.0000,-572.0,-85.80,-0.89,"",0,00:05:22:21,0.0,0s,1441.0,1666.67,0.0,0.0,-1441.0,-216.15,0.0,60.3,-572.00,-85.80
,116355126,12/20/2022 10:50,12/20/2022 15:12,XAUUSD,Sell,0.750,0.00000,0.00000,1804.15000,1800.12000,0.0000,0.0000,403.0,302.25,3.24,"from #116344226",0,00:04:21:56,27.0,1h 10m,660.0,1.08,437.0,327.75,-473.0,-354.75,48.0,96.3,-34.00,-25.50
,116339927,12/20/2022 09:51,12/20/2022 15:05,XAUUSD,Sell,0.150,0.00000,0.00000,1794.84000,1800.42000,0.0000,0.0000,-558.0,-83.70,-0.89,"",0,00:05:14:06,0.0,0s,1404.0,1428.57,0.0,0.0,-1404.0,-210.6,0.0,60.3,-558.00,-83.70
,116350446,12/20/2022 12:01,12/20/2022 15:05,XAUUSD,Sell,0.200,0.00000,0.00000,1807.10000,1800.43000,0.0000,0.0000,667.0,133.40,1.44,"to #116356436",0,00:03:03:59,67.6,2h 4m,409.0,0.25,703.0,140.6,-178.0,-35.6,79.8,95.9,-36.00,-7.20
,116342930,12/20/2022 10:29,12/20/2022 15:05,XAUUSD,Sell,0.100,0.00000,0.00000,1796.66000,1800.40000,0.0000,0.0000,-374.0,-37.40,-0.40,"",0,00:04:35:38,0.0,0s,1222.0,1250.00,0.0,0.0,-1222.0,-122.2,0.0,69.4,-374.00,-37.40
,116352599,12/20/2022 13:21,12/20/2022 15:03,XAUUSD,Sell,0.300,0.00000,0.00000,1807.04000,1800.55000,0.0000,0.0000,649.0,194.70,2.13,"",0,00:01:42:06,60.0,1h 1m,184.0,0.26,697.0,209.1,-184.0,-55.199999999999996,79.1,94.6,-48.00,-14.40
,116345362,12/20/2022 11:01,12/20/2022 15:03,XAUUSD,Sell,0.150,0.00000,0.00000,1803.71000,1800.66000,0.0000,0.0000,305.0,45.75,0.50,"",0,00:04:01:57,18.8,45m,660.0,1.42,364.0,54.6,-517.0,-77.55,41.3,93.3,-59.00,-8.85
,116341602,12/20/2022 10:15,12/20/2022 15:03,XAUUSD,Sell,0.100,0.00000,0.00000,1797.70000,1800.47000,0.0000,0.0000,-277.0,-27.70,-0.30,"",0,00:04:47:24,3.6,10m,1241.0,9.09,123.0,12.3,-1118.0,-111.80000000000001,9.9,67.8,-400.00,-40.00
,116341471,12/20/2022 10:13,12/20/2022 14:59,XAUUSD,Sell,0.200,0.00000,0.00000,1797.05000,1801.34000,0.0000,0.0000,-429.0,-85.80,-0.93,"",0,00:04:46:42,5.3,15m,1256.0,16.21,73.0,14.600000000000001,-1183.0,-236.60000000000002,5.8,60.0,-502.00,-100.40
,116344283,12/20/2022 10:51,12/20/2022 14:59,XAUUSD,Sell,0.350,0.00000,0.00000,1803.20000,1801.44000,0.0000,0.0000,176.0,61.60,0.67,"",0,00:04:08:31,14.3,35m,660.0,2.43,234.0,81.89999999999999,-568.0,-198.79999999999998,29.2,92.8,-58.00,-20.30
,116350087,12/20/2022 11:57,12/20/2022 14:51,XAUUSD,Sell,0.500,0.00000,0.00000,1806.78000,1800.03000,0.0000,0.0000,675.0,337.50,3.84,"",0,00:02:54:07,48.6,1h 24m,409.0,0.31,675.0,337.5,-210.0,-105.0,76.3,100.0,0.00,0.00
,116349917,12/20/2022 11:51,12/20/2022 14:51,XAUUSD,Sell,0.500,0.00000,0.00000,1806.72000,1799.85000,0.0000,0.0000,687.0,343.50,4.07,"",0,00:02:59:35,50.0,1h 29m,409.0,0.31,687.0,343.5,-216.0,-108.0,76.1,100.0,0.00,0.00
,116353018,12/20/2022 13:40,12/20/2022 14:48,XAUUSD,Sell,0.300,0.00000,0.00000,1807.51000,1804.50000,0.0000,0.0000,301.0,90.30,1.08,"",0,00:01:07:49,84.7,57m,190.0,0.25,491.0,147.29999999999998,-121.0,-36.3,80.2,69.0,-190.00,-57.00
,116344226,12/20/2022 10:50,12/20/2022 14:48,XAUUSD,Sell,0.750,0.00000,0.00000,1804.15000,1804.31000,0.0000,0.0000,-16.0,-12.00,-0.14,"to #116355126",0,00:03:57:45,17.1,40m,660.0,2.53,187.0,140.25,-473.0,-354.75,28.3,69.2,-203.00,-152.25
,116344245,12/20/2022 10:50,,,Deposit,0.010,0.00000,0.00000,0.00000,0.00000,0.0000,0.0000,0.0,2459.29,0,"Transfer from 10189649 18976015",0,00:00:00:00,,,,,,,,,,,,
,116341093,12/20/2022 10:06,12/20/2022 10:44,XAUUSD,Sell,0.500,1802.00000,0.00000,1796.69000,1802.03000,0.0000,0.0000,-534.0,-267.00,-4.32,"[sl]",0,00:00:38:07,28.6,10m,571.0,14.45,37.0,18.5,-534.0,-267.0,6.5,0.0,-571.00,-285.50
,116343306,12/20/2022 10:34,12/20/2022 10:44,XAUUSD,Sell,0.300,1801.50000,0.00000,1796.74000,1801.49000,0.0000,0.0000,-475.0,-142.50,-2.25,"[sl]",0,00:00:09:27,,,,,,,,,,,,
,116339382,12/20/2022 09:39,12/20/2022 10:44,XAUUSD,Sell,0.200,1801.50000,0.00000,1794.01000,1801.50000,0.0000,0.0000,-749.0,-149.80,-2.31,"[sl]",0,00:01:05:14,0.0,0s,774.0,833.33,0.0,0.0,-774.0,-154.8,0.0,3.2,-749.00,-149.80
,116343179,12/20/2022 10:32,12/20/2022 10:43,XAUUSD,Sell,0.300,1801.00000,0.00000,1796.27000,1801.16000,0.0000,0.0000,-489.0,-146.70,-2.22,"[sl]",0,00:00:11:23,,,,,,,,,,,,
,116336769,12/20/2022 08:15,12/20/2022 08:23,XAUUSD,Buy,0.010,0.00000,0.00000,1790.12000,1790.72000,0.0000,0.0000,60.0,0.60,0.01,"from #116336700",0,00:00:08:00,,,,,,,,,,,,
,116336700,12/20/2022 08:15,12/20/2022 08:18,XAUUSD,Buy,0.010,0.00000,0.00000,1790.12000,1789.72000,0.0000,0.0000,-40.0,-0.40,-0.01,"to #116336769",0,00:00:03:04,,,,,,,,,,,,
,116334565,12/20/2022 07:22,12/20/2022 07:29,XAUUSD,Sell,0.200,1793.00000,0.00000,1790.59000,1790.13000,0.0000,0.0000,46.0,9.20,0.14,"",0,00:00:06:59,,,,,,,,,,,,
,116334727,12/20/2022 06:54,12/20/2022 07:29,XAUUSD,Sell,0.100,0.00000,0.00000,1789.79000,1790.10000,0.0000,0.0000,-31.0,-3.10,-0.05,"from #116333959",0,00:00:35:21,,,,,,,,,,,,
,116333959,12/20/2022 06:54,12/20/2022 07:26,XAUUSD,Sell,0.100,0.00000,0.00000,1789.79000,1790.18000,0.0000,0.0000,-39.0,-3.90,-0.06,"to #116334727",0,00:00:31:44,,,,,,,,,,,,
,116334386,12/20/2022 07:15,12/20/2022 07:25,XAUUSD,Sell,0.200,0.00000,0.00000,1790.95000,1790.18000,0.0000,0.0000,77.0,15.40,0.23,"",0,00:00:10:08,,,,,,,,,,,,
,116327154,12/19/2022 21:53,,,Withdrawal,0.010,0.00000,0.00000,0.00000,0.00000,0.0000,0.0000,0.0,-1843.47,0,"Transfer to 10189649 #18970014",0,00:00:00:00,,,,,,,,,,,,
,116323709,12/19/2022 19:11,12/19/2022 21:44,XAUUSD,Sell,0.050,0.00000,0.00000,1788.29000,1787.31000,0.0000,0.0000,98.0,4.90,0.06,"",0,00:02:33:48,40.0,1h 1m,168.0,1.37,123.0,6.15,-168.0,-8.4,42.3,91.4,-25.00,-1.25
,116324162,12/19/2022 19:24,12/19/2022 21:44,XAUUSD,Sell,0.050,0.00000,0.00000,1789.06000,1787.33000,0.0000,0.0000,173.0,8.65,0.10,"",0,00:02:20:26,77.8,1h 49m,91.0,0.46,200.0,10.0,-91.0,-4.55,68.7,90.7,-27.00,-1.35
,116323086,12/19/2022 18:52,12/19/2022 21:44,XAUUSD,Sell,0.020,0.00000,0.00000,1787.97000,1787.26000,0.0000,0.0000,71.0,1.42,0.02,"",0,00:02:52:31,27.3,47m,200.0,2.20,91.0,1.82,-200.0,-4.0,31.3,93.1,-20.00,-0.40
,116323052,12/19/2022 18:51,12/19/2022 21:44,XAUUSD,Sell,0.020,0.00000,0.00000,1788.25000,1787.23000,0.0000,0.0000,102.0,2.04,0.02,"",0,00:02:53:34,36.4,1h 3m,172.0,1.45,119.0,2.38,-172.0,-3.44,40.9,94.2,-17.00,-0.34
,116322257,12/19/2022 18:33,12/19/2022 21:44,XAUUSD,Sell,0.020,0.00000,0.00000,1787.71000,1787.26000,0.0000,0.0000,45.0,0.90,0.01,"",0,00:03:11:13,25.0,47m,226.0,3.48,65.0,1.3,-226.0,-4.5200000000000005,22.3,93.1,-20.00,-0.40
,116324169,12/19/2022 19:24,12/19/2022 21:44,XAUUSD,Sell,0.100,0.00000,0.00000,1789.06000,1787.29000,0.0000,0.0000,177.0,17.70,0.21,"",0,00:02:20:03,77.8,1h 48m,91.0,0.46,200.0,20.0,-91.0,-9.1,68.7,92.1,-23.00,-2.30
,116324507,12/19/2022 19:43,12/19/2022 21:44,XAUUSD,Sell,0.100,0.00000,0.00000,1789.43000,1787.30000,0.0000,0.0000,213.0,21.30,0.25,"",0,00:02:01:25,100.0,2h 1m,63.0,0.00,237.0,23.700000000000003,0.0,0.0,100.0,89.9,-24.00,-2.40
,116324714,12/19/2022 19:54,12/19/2022 21:44,XAUUSD,Sell,0.200,0.00000,0.00000,1790.37000,1787.34000,0.0000,0.0000,303.0,60.60,0.73,"",0,00:01:50:23,100.0,1h 50m,63.0,0.00,331.0,66.2,0.0,0.0,100.0,91.5,-28.00,-5.60
,116325310,12/19/2022 20:22,12/19/2022 21:12,XAUUSD,Sell,0.040,0.00000,0.00000,1788.56000,1788.66000,0.0000,0.0000,-10.0,-0.40,0.00,"",0,00:00:50:02,,,,,,,,,,,,
,116325322,12/19/2022 20:22,12/19/2022 21:12,XAUUSD,Sell,0.050,0.00000,0.00000,1788.83000,1788.68000,0.0000,0.0000,15.0,0.75,0.01,"",0,00:00:49:38,,,,,,,,,,,,
,116325689,12/19/2022 20:42,12/19/2022 21:12,XAUUSD,Sell,0.050,0.00000,0.00000,1788.84000,1788.68000,0.0000,0.0000,16.0,0.80,0.01,"",0,00:00:29:57,,,,,,,,,,,,
,116325934,12/19/2022 20:55,12/19/2022 21:12,XAUUSD,Sell,0.150,0.00000,0.00000,1789.55000,1788.67000,0.0000,0.0000,88.0,13.20,0.16,"",0,00:00:17:16,,,,,,,,,,,,
,116316347,12/19/2022 17:01,12/19/2022 18:10,XAUUSD,Sell,0.050,0.00000,0.00000,1791.28000,1785.20000,0.0000,0.0000,608.0,30.40,0.37,"",0,00:01:08:31,100.0,1h 8m,0.0,0.00,608.0,30.400000000000002,0.0,0.0,100.0,100.0,0.00,0.00
,116313169,12/19/2022 16:55,12/19/2022 18:09,XAUUSD,Sell,0.050,0.00000,0.00000,1790.93000,1785.01000,0.0000,0.0000,592.0,29.60,0.36,"",0,00:01:14:40,80.0,59m,247.0,0.42,592.0,29.6,-247.0,-12.350000000000001,70.6,100.0,0.00,0.00
,116290594,12/19/2022 09:43,12/19/2022 18:09,XAUUSD,Sell,0.100,0.00000,0.00000,1793.11000,1785.04000,0.0000,0.0000,807.0,80.70,0.99,"",0,00:08:26:24,35.3,2h 58m,400.0,0.50,807.0,80.7,-400.0,-40.0,66.9,100.0,0.00,0.00
,116310841,12/19/2022 16:34,12/19/2022 18:06,XAUUSD,Sell,0.200,0.00000,0.00000,1791.23000,1785.29000,0.0000,0.0000,594.0,118.80,1.48,"",0,00:01:32:29,83.4,1h 17m,255.0,0.37,594.0,118.80000000000001,-217.0,-43.400000000000006,73.2,100.0,0.00,0.00
,116310739,12/19/2022 16:32,12/19/2022 18:06,XAUUSD,Sell,0.200,0.00000,0.00000,1791.69000,1785.29000,0.0000,0.0000,640.0,128.00,1.62,"",0,00:01:34:10,83.4,1h 18m,255.0,0.27,640.0,128.0,-171.0,-34.2,78.9,100.0,0.00,0.00
,116318199,12/19/2022 17:18,12/19/2022 18:06,XAUUSD,Sell,0.250,0.00000,0.00000,1792.67000,1785.34000,0.0000,0.0000,733.0,183.25,2.37,"",0,00:00:48:09,,,,,,,,,,,,
,116318644,12/19/2022 17:29,12/19/2022 18:06,XAUUSD,Sell,0.250,0.00000,0.00000,1793.47000,1785.26000,0.0000,0.0000,821.0,205.25,2.72,"",0,00:00:37:19,,,,,,,,,,,,
,116317936,12/19/2022 17:07,12/19/2022 17:48,XAUUSD,Sell,0.050,0.00000,0.00000,1790.78000,1788.50000,0.0000,0.0000,228.0,11.40,0.15,"",0,00:00:41:45,,,,,,,,,,,,
,116313129,12/19/2022 16:53,12/19/2022 17:48,XAUUSD,Sell,0.010,0.00000,0.00000,1790.89000,1788.33000,0.0000,0.0000,256.0,2.56,0.03,"",0,00:00:55:37,,,,,,,,,,,,
,116302172,12/19/2022 14:04,12/19/2022 17:48,XAUUSD,Sell,0.050,0.00000,0.00000,1795.47000,1788.53000,0.0000,0.0000,694.0,34.70,0.46,"",0,00:03:44:02,100.0,3h 44m,296.0,0.00,934.0,46.7,0.0,0.0,100.0,74.3,-240.00,-12.00
,116301144,12/19/2022 13:58,12/19/2022 17:48,XAUUSD,Sell,0.050,0.00000,0.00000,1795.11000,1788.55000,0.0000,0.0000,656.0,32.80,0.44,"",0,00:03:50:27,100.0,3h 50m,296.0,0.00,898.0,44.900000000000006,0.0,0.0,100.0,73.1,-242.00,-12.10
,116310757,12/19/2022 16:32,12/19/2022 17:48,XAUUSD,Sell,0.200,0.00000,0.00000,1791.88000,1788.57000,0.0000,0.0000,331.0,66.20,0.90,"",0,00:01:15:58,80.0,1h 0m,255.0,0.26,575.0,115.0,-152.0,-30.400000000000002,79.1,66.4,-244.00,-48.80
,116302200,12/19/2022 14:06,12/19/2022 17:38,XAUUSD,Sell,0.050,0.00000,0.00000,1795.85000,1791.69000,0.0000,0.0000,416.0,20.80,0.28,"",0,00:03:32:10,100.0,3h 32m,296.0,0.00,602.0,30.1,0.0,0.0,100.0,69.1,-186.00,-9.30
,116310784,12/19/2022 16:32,12/19/2022 17:38,XAUUSD,Sell,0.200,0.00000,0.00000,1791.55000,1791.66000,0.0000,0.0000,-11.0,-2.20,-0.03,"",0,00:01:05:08,50.0,32m,255.0,1.08,172.0,34.4,-185.0,-37.0,48.2,48.7,-183.00,-36.60
,116310946,12/19/2022 16:35,12/19/2022 17:38,XAUUSD,Sell,0.200,0.00000,0.00000,1791.61000,1791.68000,0.0000,0.0000,-7.0,-1.40,-0.02,"",0,00:01:02:09,50.0,31m,255.0,1.01,178.0,35.6,-179.0,-35.800000000000004,49.9,48.2,-185.00,-37.00
,116310726,12/19/2022 16:32,12/19/2022 16:40,XAUUSD,Sell,0.500,0.00000,0.00000,1791.65000,1790.64000,0.0000,0.0000,101.0,50.50,0.69,"",0,00:00:08:26,,,,,,,,,,,,
,116290824,12/19/2022 09:54,12/19/2022 16:32,XAUUSD,Sell,0.100,0.00000,0.00000,1793.29000,1792.50000,0.0000,0.0000,79.0,7.90,0.11,"",0,00:06:37:41,29.7,1h 58m,382.0,1.34,285.0,28.5,-382.0,-38.2,42.7,69.1,-206.00,-20.60
,116285690,12/19/2022 03:43,12/19/2022 16:31,XAUUSD,Sell,0.200,0.00000,0.00000,1794.41000,1792.41000,0.0000,0.0000,200.0,40.00,0.55,"",0,00:12:48:40,59.7,7h 38m,639.0,0.68,397.0,79.4,-270.0,-54.0,59.5,70.5,-197.00,-39.40
,116295627,12/19/2022 11:06,12/19/2022 16:31,XAUUSD,Sell,0.100,0.00000,0.00000,1796.88000,1792.43000,0.0000,0.0000,445.0,44.50,0.62,"",0,00:05:25:28,95.5,5h 10m,199.0,0.04,644.0,64.4,-23.0,-2.3000000000000003,96.6,70.2,-199.00,-19.90
,116285787,12/19/2022 03:51,12/19/2022 16:05,XAUUSD,Sell,0.200,0.00000,0.00000,1794.08000,1792.27000,0.0000,0.0000,181.0,36.20,0.50,"",0,00:12:14:01,55.2,6h 45m,639.0,0.90,336.0,67.2,-303.0,-60.6,52.6,75.7,-155.00,-31.00
,116289077,12/19/2022 08:50,12/19/2022 16:05,XAUUSD,Sell,0.100,0.00000,0.00000,1792.82000,1792.38000,0.0000,0.0000,44.0,4.40,0.06,"",0,00:07:14:14,17.3,1h 15m,429.0,3.02,142.0,14.200000000000001,-429.0,-42.900000000000006,24.9,82.8,-98.00,-9.80
,116302252,12/19/2022 14:08,12/19/2022 16:05,XAUUSD,Sell,0.050,0.00000,0.00000,1795.36000,1792.34000,0.0000,0.0000,302.0,15.10,0.21,"",0,00:01:56:29,100.0,1h 56m,139.0,0.00,396.0,19.8,0.0,0.0,100.0,76.3,-94.00,-4.70
,116294141,12/19/2022 10:44,12/19/2022 16:05,XAUUSD,Sell,0.100,0.00000,0.00000,1797.03000,1792.37000,0.0000,0.0000,466.0,46.60,0.65,"",0,00:05:21:01,95.5,5h 6m,140.0,0.01,563.0,56.300000000000004,-8.0,-0.8,98.6,83.0,-97.00,-9.70
,116299240,12/19/2022 12:26,12/19/2022 14:35,XAUUSD,Sell,0.050,0.00000,0.00000,1796.75000,1794.18000,0.0000,0.0000,257.0,12.85,0.18,"",0,00:02:09:04,100.0,2h 9m,75.0,0.00,283.0,14.15,0.0,0.0,100.0,90.8,-26.00,-1.30
,116295876,12/19/2022 11:12,12/19/2022 14:35,XAUUSD,Sell,0.250,0.00000,0.00000,1797.92000,1794.28000,0.0000,0.0000,364.0,91.00,1.30,"",0,00:03:23:42,100.0,3h 23m,140.0,0.00,400.0,100.0,0.0,0.0,100.0,91.0,-36.00,-9.00
,116292812,12/19/2022 10:23,12/19/2022 14:35,XAUUSD,Sell,0.750,0.00000,0.00000,1797.50000,1794.28000,0.0000,0.0000,322.0,241.50,3.56,"",0,00:04:12:16,100.0,4h 12m,140.0,0.00,358.0,268.5,0.0,0.0,100.0,89.9,-36.00,-27.00
,116286258,12/19/2022 04:12,12/19/2022 14:35,XAUUSD,Sell,0.500,0.00000,0.00000,1793.99000,1794.35000,0.0000,0.0000,-36.0,-18.00,-0.26,"",0,00:10:23:13,45.3,4h 42m,639.0,0.95,327.0,163.5,-312.0,-156.0,51.2,43.2,-363.00,-181.50
,116285779,12/19/2022 03:50,12/19/2022 07:29,XAUUSD,Sell,0.200,0.00000,0.00000,1794.08000,1791.84000,0.0000,0.0000,224.0,44.80,0.66,"",0,00:03:39:02,64.3,2h 20m,165.0,0.67,247.0,49.400000000000006,-165.0,-33.0,60.0,94.4,-23.00,-4.60
,116285703,12/19/2022 03:44,12/19/2022 07:29,XAUUSD,Sell,0.200,0.00000,0.00000,1794.35000,1791.84000,0.0000,0.0000,251.0,50.20,0.75,"",0,00:03:45:16,73.4,2h 45m,152.0,0.50,274.0,54.800000000000004,-138.0,-27.6,66.5,94.4,-23.00,-4.60
,116287153,12/19/2022 06:09,12/19/2022 07:29,XAUUSD,Sell,0.100,0.00000,0.00000,1793.96000,1791.84000,0.0000,0.0000,212.0,21.20,0.32,"",0,00:01:19:38,100.0,1h 19m,23.0,0.00,235.0,23.5,0.0,0.0,100.0,90.2,-23.00,-2.30
,116286368,12/19/2022 04:19,12/19/2022 05:41,XAUUSD,Sell,0.200,0.00000,0.00000,1794.44000,1793.40000,0.0000,0.0000,104.0,20.80,0.31,"",0,00:01:21:51,40.0,32m,129.0,0.92,141.0,28.200000000000003,-129.0,-25.8,52.2,86.3,-37.00,-7.40
,116286799,12/19/2022 05:13,12/19/2022 05:41,XAUUSD,Sell,0.200,0.00000,0.00000,1795.82000,1793.39000,0.0000,0.0000,243.0,48.60,0.73,"",0,00:00:28:05,,,,,,,,,,,,
,116286089,12/19/2022 04:03,12/19/2022 04:49,XAUUSD,Sell,0.200,0.00000,0.00000,1794.77000,1794.33000,0.0000,0.0000,44.0,8.80,0.13,"",0,00:00:45:51,,,,,,,,,,,,
,116274594,12/16/2022 17:58,12/16/2022 18:08,XAUUSD,Buy,0.020,0.00000,0.00000,1787.76000,1789.66000,0.0000,0.0000,190.0,3.80,0.06,"",0,00:00:10:17,,,,,,,,,,,,
,116271952,12/16/2022 17:15,,,Withdrawal,0.010,0.00000,0.00000,0.00000,0.00000,0.0000,0.0000,0.0,-1021.71,0,"Transfer to 10189649 #18948980",0,00:00:00:00,,,,,,,,,,,,
,116268844,12/16/2022 17:03,12/16/2022 17:14,XAUUSD,Sell,0.020,0.00000,0.00000,1792.41000,1790.19000,0.0000,0.0000,222.0,4.44,0.06,"",0,00:00:11:28,,,,,,,,,,,,
,116267905,12/16/2022 17:00,12/16/2022 17:14,XAUUSD,Sell,0.020,0.00000,0.00000,1792.51000,1790.18000,0.0000,0.0000,233.0,4.66,0.06,"",0,00:00:14:35,,,,,,,,,,,,
,116266887,12/16/2022 16:58,12/16/2022 17:14,XAUUSD,Sell,0.020,0.00000,0.00000,1792.02000,1790.18000,0.0000,0.0000,184.0,3.68,0.05,"",0,00:00:16:11,,,,,,,,,,,,
,116256461,12/16/2022 15:52,12/16/2022 16:09,XAUUSD,Sell,0.020,0.00000,0.00000,1785.50000,1784.74000,0.0000,0.0000,76.0,1.52,0.02,"",0,00:00:16:47,,,,,,,,,,,,
,116257091,12/16/2022 16:03,12/16/2022 16:09,XAUUSD,Sell,0.020,0.00000,0.00000,1786.07000,1784.74000,0.0000,0.0000,133.0,2.66,0.03,"",0,00:00:06:10,,,,,,,,,,,,
,116254581,12/16/2022 15:19,12/16/2022 15:38,XAUUSD,Sell,0.050,0.00000,0.00000,1785.05000,1784.47000,0.0000,0.0000,58.0,2.90,0.04,"",0,00:00:19:26,,,,,,,,,,,,
,116255602,12/16/2022 15:29,12/16/2022 15:37,XAUUSD,Sell,0.050,0.00000,0.00000,1785.86000,1784.85000,0.0000,0.0000,101.0,5.05,0.07,"",0,00:00:07:38,,,,,,,,,,,,
,116252825,12/16/2022 15:07,12/16/2022 15:20,XAUUSD,Sell,0.050,0.00000,0.00000,1785.12000,1784.86000,0.0000,0.0000,26.0,1.30,0.02,"",0,00:00:12:41,,,,,,,,,,,,
,116247298,12/16/2022 13:31,12/16/2022 13:47,XAUUSD,Sell,0.050,0.00000,0.00000,1783.14000,1783.10000,0.0000,0.0000,4.0,0.20,0.00,"",0,00:00:15:59,,,,,,,,,,,,
,116248310,12/16/2022 13:42,12/16/2022 13:47,XAUUSD,Sell,0.050,0.00000,0.00000,1783.95000,1783.15000,0.0000,0.0000,80.0,4.00,0.05,"",0,00:00:05:12,,,,,,,,,,,,
,116229712,12/16/2022 09:27,12/16/2022 12:20,XAUUSD,Buy,0.150,0.00000,0.00000,1781.60000,1780.73000,0.0000,0.0000,-87.0,-13.05,-0.17,"",0,00:02:52:40,0.0,0s,667.0,714.29,0.0,0.0,-667.0,-100.05,0.0,87.0,-87.00,-13.05
,116240419,12/16/2022 11:51,12/16/2022 12:20,XAUUSD,Buy,0.350,0.00000,0.00000,1776.79000,1780.60000,0.0000,0.0000,381.0,133.35,1.78,"",0,00:00:29:06,,,,,,,,,,,,
,116237442,12/16/2022 11:00,12/16/2022 12:20,XAUUSD,Buy,0.250,0.00000,0.00000,1777.81000,1780.97000,0.0000,0.0000,316.0,79.00,1.07,"",0,00:01:20:00,80.0,1h 4m,168.0,0.53,316.0,79.0,-168.0,-42.0,65.3,100.0,0.00,0.00
,116229936,12/16/2022 09:35,12/16/2022 12:20,XAUUSD,Buy,0.500,0.00000,0.00000,1781.26000,1781.21000,0.0000,0.0000,-5.0,-2.50,-0.03,"",0,00:02:44:46,0.0,0s,633.0,666.67,0.0,0.0,-633.0,-316.5,0.0,99.2,-5.00,-2.50
,116237296,12/16/2022 10:59,12/16/2022 12:20,XAUUSD,Buy,0.250,0.00000,0.00000,1778.14000,1781.25000,0.0000,0.0000,311.0,77.75,1.06,"",0,00:01:20:16,50.0,40m,201.0,0.65,311.0,77.75,-201.0,-50.25,60.7,100.0,0.00,0.00
,116230293,12/16/2022 09:44,12/16/2022 12:05,XAUUSD,Buy,0.300,0.00000,0.00000,1779.05000,1778.71000,0.0000,0.0000,-34.0,-10.20,-0.14,"",0,00:02:20:28,0.0,0s,412.0,416.67,0.0,0.0,-412.0,-123.6,0.0,91.7,-34.00,-10.20
,116233840,12/16/2022 10:23,12/16/2022 12:05,XAUUSD,Buy,0.500,0.00000,0.00000,1776.43000,1778.64000,0.0000,0.0000,221.0,110.50,1.53,"",0,00:01:41:41,71.5,1h 12m,288.0,0.65,231.0,115.5,-150.0,-75.0,60.6,97.4,-10.00,-5.00
,116239244,12/16/2022 11:39,12/16/2022 11:47,XAUUSD,Buy,1.000,0.00000,0.00000,1776.21000,1777.39000,0.0000,0.0000,118.0,118.00,1.66,"",0,00:00:08:49,,,,,,,,,,,,
,116237696,12/16/2022 11:04,12/16/2022 11:22,XAUUSD,Buy,0.250,0.00000,0.00000,1776.34000,1779.17000,0.0000,0.0000,283.0,70.75,1.01,"",0,00:00:18:01,,,,,,,,,,,,
,116230241,12/16/2022 09:43,12/16/2022 11:22,XAUUSD,Buy,0.500,0.00000,0.00000,1779.13000,1779.01000,0.0000,0.0000,-12.0,-6.00,-0.09,"",0,00:01:39:03,0.0,0s,420.0,434.78,0.0,0.0,-420.0,-210.0,0.0,97.1,-12.00,-6.00
,116230235,12/16/2022 09:43,12/16/2022 11:22,XAUUSD,Buy,0.500,0.00000,0.00000,1779.27000,1778.44000,0.0000,0.0000,-83.0,-41.50,-0.59,"",0,00:01:39:01,0.0,0s,434.0,434.78,0.0,0.0,-434.0,-217.0,0.0,80.9,-83.00,-41.50
,116233560,12/16/2022 10:18,12/16/2022 11:22,XAUUSD,Buy,0.300,0.00000,0.00000,1776.22000,1778.68000,0.0000,0.0000,246.0,73.80,1.05,"",0,00:01:04:09,75.0,48m,288.0,0.52,246.0,73.8,-129.0,-38.699999999999996,65.6,100.0,0.00,0.00
,116238528,12/16/2022 11:20,12/16/2022 11:21,XAUUSD,Buy,1.000,0.00000,0.00000,1775.17000,1776.83000,0.0000,0.0000,166.0,166.00,2.43,"",0,00:00:01:23,,,,,,,,,,,,
,116230664,12/16/2022 09:52,12/16/2022 10:59,XAUUSD,Buy,1.000,0.00000,0.00000,1778.34000,1778.24000,0.0000,0.0000,-10.0,-10.00,-0.15,"",0,00:01:07:03,0.0,0s,330.0,333.33,0.0,0.0,-330.0,-330.0,0.0,97.0,-10.00,-10.00
,116236289,12/16/2022 10:52,12/16/2022 10:59,XAUUSD,Buy,0.200,0.00000,0.00000,1777.38000,1778.24000,0.0000,0.0000,86.0,17.20,0.25,"",0,00:00:06:54,,,,,,,,,,,,
,116232607,12/16/2022 10:13,12/16/2022 10:45,XAUUSD,Buy,0.300,0.00000,0.00000,1777.34000,1777.42000,0.0000,0.0000,8.0,2.40,0.04,"",0,00:00:32:24,,,,,,,,,,,,
,116233698,12/16/2022 10:20,12/16/2022 10:38,XAUUSD,Buy,0.500,0.00000,0.00000,1776.21000,1776.80000,0.0000,0.0000,59.0,29.50,0.43,"",0,00:00:17:18,,,,,,,,,,,,
,116235226,12/16/2022 10:31,12/16/2022 10:38,XAUUSD,Buy,0.500,0.00000,0.00000,1776.09000,1776.98000,0.0000,0.0000,89.0,44.50,0.66,"",0,00:00:06:23,,,,,,,,,,,,
,116231928,12/16/2022 10:00,12/16/2022 10:02,XAUUSD,Buy,0.300,0.00000,0.00000,1778.02000,1778.69000,0.0000,0.0000,67.0,20.10,0.30,"",0,00:00:02:16,,,,,,,,,,,,
,116230905,12/16/2022 09:56,12/16/2022 10:02,XAUUSD,Buy,1.000,0.00000,0.00000,1777.40000,1778.76000,0.0000,0.0000,136.0,136.00,2.06,"",0,00:00:05:55,,,,,,,,,,,,
,116230427,12/16/2022 09:46,12/16/2022 10:02,XAUUSD,Buy,0.300,0.00000,0.00000,1778.88000,1778.66000,0.0000,0.0000,-22.0,-6.60,-0.10,"",0,00:00:15:40,,,,,,,,,,,,
,116229285,12/16/2022 09:11,12/16/2022 09:26,XAUUSD,Buy,0.010,0.00000,0.00000,1784.88000,1780.99000,0.0000,0.0000,-389.0,-3.89,-0.06,"",0,00:00:15:09,,,,,,,,,,,,
,116229393,12/16/2022 09:15,12/16/2022 09:26,XAUUSD,Sell,0.010,0.00000,0.00000,1784.36000,1781.20000,0.0000,0.0000,316.0,3.16,0.05,"",0,00:00:11:17,,,,,,,,,,,,
,116229399,12/16/2022 09:15,12/16/2022 09:26,XAUUSD,Sell,0.010,0.00000,0.00000,1784.23000,1781.20000,0.0000,0.0000,303.0,3.03,0.05,"",0,00:00:11:06,,,,,,,,,,,,
,116228410,12/16/2022 09:02,,,Withdrawal,0.010,0.00000,0.00000,0.00000,0.00000,0.0000,0.0000,0.0,-507.36,0,"Transfer to 10189649 #18943408",0,00:00:00:00,,,,,,,,,,,,
,116227314,12/16/2022 08:03,12/16/2022 08:56,XAUUSD,Buy,0.200,0.00000,0.00000,1779.68000,1783.63000,0.0000,0.0000,395.0,79.00,1.12,"",0,00:00:52:33,,,,,,,,,,,,
,116227354,12/16/2022 08:08,12/16/2022 08:55,XAUUSD,Buy,0.300,0.00000,0.00000,1779.72000,1783.58000,0.0000,0.0000,386.0,115.80,1.68,"",0,00:00:47:01,,,,,,,,,,,,
,116227306,12/16/2022 08:03,12/16/2022 08:55,XAUUSD,Buy,0.500,0.00000,0.00000,1779.55000,1783.58000,0.0000,0.0000,403.0,201.50,3.00,"",0,00:00:52:38,,,,,,,,,,,,
,116227333,12/16/2022 08:05,12/16/2022 08:43,XAUUSD,Buy,0.300,0.00000,0.00000,1779.62000,1782.80000,0.0000,0.0000,318.0,95.40,1.44,"",0,00:00:37:53,,,,,,,,,,,,
,116227565,12/16/2022 08:29,12/16/2022 08:42,XAUUSD,Buy,0.100,0.00000,0.00000,1781.31000,1782.86000,0.0000,0.0000,155.0,15.50,0.23,"",0,00:00:13:41,,,,,,,,,,,,
,116227471,12/16/2022 08:22,12/16/2022 08:42,XAUUSD,Buy,0.100,0.00000,0.00000,1781.33000,1782.83000,0.0000,0.0000,150.0,15.00,0.23,"",0,00:00:20:39,,,,,,,,,,,,
,116226821,12/16/2022 07:23,12/16/2022 08:02,XAUUSD,Sell,0.150,0.00000,0.00000,1778.48000,1779.48000,0.0000,0.0000,-100.0,-15.00,-0.23,"",0,00:00:39:50,,,,,,,,,,,,
,116222518,12/15/2022 22:10,12/15/2022 22:11,XAUUSD,Sell,0.020,0.00000,0.00000,1778.02000,1777.94000,0.0000,0.0000,8.0,0.16,0.00,"",0,00:00:01:04,,,,,,,,,,,,
,116218280,12/15/2022 19:20,,,Withdrawal,0.010,0.00000,0.00000,0.00000,0.00000,0.0000,0.0000,0.0,-244.57,0,"Transfer to 10189649 #18939079",0,00:00:00:00,,,,,,,,,,,,
,116217786,12/15/2022 19:11,12/15/2022 19:17,XAUUSD,Buy,0.100,0.00000,0.00000,1778.11000,1779.08000,0.0000,0.0000,97.0,9.70,0.14,"",0,00:00:06:06,,,,,,,,,,,,
,116217828,12/15/2022 18:36,12/15/2022 19:16,XAUUSD,Buy,0.200,0.00000,0.00000,1778.10000,1778.43000,0.0000,0.0000,33.0,6.60,0.10,"from #116216270",0,00:00:39:59,,,,,,,,,,,,
,116216270,12/15/2022 18:36,12/15/2022 19:12,XAUUSD,Buy,0.300,0.00000,0.00000,1778.10000,1778.06000,0.0000,0.0000,-4.0,-1.20,-0.02,"to #116217828",0,00:00:35:47,,,,,,,,,,,,
,116216262,12/15/2022 18:36,12/15/2022 19:02,XAUUSD,Buy,0.150,0.00000,0.00000,1778.03000,1778.73000,0.0000,0.0000,70.0,10.50,0.15,"",0,00:00:26:25,,,,,,,,,,,,
,116214897,12/15/2022 18:04,12/15/2022 19:02,XAUUSD,Buy,0.050,0.00000,0.00000,1778.80000,1778.77000,0.0000,0.0000,-3.0,-0.15,0.00,"",0,00:00:57:56,,,,,,,,,,,,
,116215004,12/15/2022 18:06,12/15/2022 19:02,XAUUSD,Buy,0.050,0.00000,0.00000,1778.19000,1778.91000,0.0000,0.0000,72.0,3.60,0.05,"",0,00:00:55:35,,,,,,,,,,,,
,116215168,12/15/2022 18:11,12/15/2022 19:02,XAUUSD,Buy,0.200,0.00000,0.00000,1779.21000,1779.13000,0.0000,0.0000,-8.0,-1.60,-0.02,"",0,00:00:50:59,,,,,,,,,,,,
,116215120,12/15/2022 18:09,12/15/2022 19:02,XAUUSD,Buy,0.200,0.00000,0.00000,1778.97000,1779.19000,0.0000,0.0000,22.0,4.40,0.06,"",0,00:00:53:17,,,,,,,,,,,,
,116215096,12/15/2022 18:08,12/15/2022 19:00,XAUUSD,Buy,0.200,0.00000,0.00000,1778.77000,1779.22000,0.0000,0.0000,45.0,9.00,0.13,"",0,00:00:52:03,,,,,,,,,,,,
,116215467,12/15/2022 18:17,12/15/2022 19:00,XAUUSD,Buy,0.200,0.00000,0.00000,1777.70000,1778.85000,0.0000,0.0000,115.0,23.00,0.34,"",0,00:00:43:45,,,,,,,,,,,,
,116215055,12/15/2022 18:07,12/15/2022 19:00,XAUUSD,Buy,0.200,0.00000,0.00000,1778.64000,1778.65000,0.0000,0.0000,1.0,0.20,0.00,"",0,00:00:52:53,,,,,,,,,,,,
,116215038,12/15/2022 18:07,12/15/2022 19:00,XAUUSD,Buy,0.050,0.00000,0.00000,1778.33000,1778.74000,0.0000,0.0000,41.0,2.05,0.03,"",0,00:00:53:12,,,,,,,,,,,,
,116215447,12/15/2022 18:16,12/15/2022 18:54,XAUUSD,Buy,0.200,0.00000,0.00000,1777.67000,1777.93000,0.0000,0.0000,26.0,5.20,0.08,"",0,00:00:38:11,,,,,,,,,,,,
,116215539,12/15/2022 18:19,12/15/2022 18:54,XAUUSD,Buy,0.200,0.00000,0.00000,1777.44000,1777.74000,0.0000,0.0000,30.0,6.00,0.09,"",0,00:00:35:15,,,,,,,,,,,,
,116216577,12/15/2022 18:44,12/15/2022 18:52,XAUUSD,Buy,1.000,0.00000,0.00000,1775.17000,1776.40000,0.0000,0.0000,123.0,123.00,1.85,"",0,00:00:07:25,,,,,,,,,,,,
,116214399,12/15/2022 17:57,12/15/2022 18:02,XAUUSD,Buy,0.050,0.00000,0.00000,1779.21000,1778.63000,0.0000,0.0000,-58.0,-2.90,-0.04,"",0,00:00:05:18,,,,,,,,,,,,
,116213027,12/15/2022 17:41,12/15/2022 18:02,XAUUSD,Buy,0.200,0.00000,0.00000,1778.27000,1778.65000,0.0000,0.0000,38.0,7.60,0.11,"",0,00:00:21:01,,,,,,,,,,,,
,116212975,12/15/2022 17:40,12/15/2022 18:02,XAUUSD,Buy,0.500,0.00000,0.00000,1778.59000,1778.69000,0.0000,0.0000,10.0,5.00,0.08,"",0,00:00:22:03,,,,,,,,,,,,
,116213059,12/15/2022 17:42,12/15/2022 17:47,XAUUSD,Buy,0.200,0.00000,0.00000,1778.07000,1778.25000,0.0000,0.0000,18.0,3.60,0.05,"",0,00:00:05:02,,,,,,,,,,,,
,116210038,12/15/2022 16:59,12/15/2022 17:11,XAUUSD,Sell,0.010,1782.50000,0.00000,1783.57000,1782.72000,0.0000,0.0000,85.0,0.85,0.01,"from #116208960[sl]",0,00:00:12:39,,,,,,,,,,,,
,116208960,12/15/2022 16:59,12/15/2022 17:11,XAUUSD,Sell,0.010,1782.50000,0.00000,1783.57000,1781.82000,0.0000,0.0000,175.0,1.75,0.03,"to #116210038",0,00:00:12:31,,,,,,,,,,,,
,116207259,12/15/2022 16:59,12/15/2022 17:07,XAUUSD,Sell,0.030,1782.50000,0.00000,1783.57000,1781.08000,0.0000,0.0000,249.0,7.47,0.11,"to #116208960",0,00:00:08:11,,,,,,,,,,,,
,116208592,12/15/2022 17:04,12/15/2022 17:06,XAUUSD,Sell,0.050,0.00000,0.00000,1784.07000,1781.32000,0.0000,0.0000,275.0,13.75,0.21,"",0,00:00:02:11,,,,,,,,,,,,
,116207216,12/15/2022 16:58,12/15/2022 17:02,XAUUSD,Sell,0.050,0.00000,0.00000,1784.64000,1784.52000,0.0000,0.0000,12.0,0.60,0.01,"",0,00:00:04:16,,,,,,,,,,,,
,116206819,12/15/2022 16:52,12/15/2022 17:02,XAUUSD,Sell,0.050,0.00000,0.00000,1784.12000,1783.88000,0.0000,0.0000,24.0,1.20,0.02,"",0,00:00:09:56,,,,,,,,,,,,
,116206968,12/15/2022 16:54,12/15/2022 17:02,XAUUSD,Sell,0.050,0.00000,0.00000,1784.75000,1784.04000,0.0000,0.0000,71.0,3.55,0.05,"",0,00:00:07:20,,,,,,,,,,,,
,116206068,12/15/2022 16:42,12/15/2022 16:46,XAUUSD,Sell,0.050,0.00000,0.00000,1784.93000,1784.57000,0.0000,0.0000,36.0,1.80,0.03,"",0,00:00:04:02,,,,,,,,,,,,
,116205496,12/15/2022 16:35,,,Withdrawal,0.010,0.00000,0.00000,0.00000,0.00000,0.0000,0.0000,0.0,-580.36,0,"Transfer to 10189649 #18936420",0,00:00:00:00,,,,,,,,,,,,
,116204493,12/15/2022 16:22,12/15/2022 16:25,XAUUSD,Sell,0.010,0.00000,0.00000,1782.81000,1782.46000,0.0000,0.0000,35.0,0.35,0.00,"",0,00:00:03:03,,,,,,,,,,,,
,116203221,12/15/2022 16:16,12/15/2022 16:25,XAUUSD,Sell,0.010,0.00000,0.00000,1781.43000,1782.87000,0.0000,0.0000,-144.0,-1.44,-0.02,"",0,00:00:08:33,,,,,,,,,,,,
,116203558,12/15/2022 16:19,12/15/2022 16:25,XAUUSD,Sell,0.010,0.00000,0.00000,1782.00000,1782.95000,0.0000,0.0000,-95.0,-0.95,-0.01,"",0,00:00:05:57,,,,,,,,,,,,
,116204626,12/15/2022 16:24,12/15/2022 16:25,XAUUSD,Sell,0.050,0.00000,0.00000,1784.11000,1783.31000,0.0000,0.0000,80.0,4.00,0.06,"",0,00:00:00:45,,,,,,,,,,,,
,116204601,12/15/2022 16:24,12/15/2022 16:24,EURUSD,Sell,0.200,0.00000,0.00000,1.07164,1.07148,0.0000,0.0000,1.6,3.20,0.04,"",0,00:00:00:38,,,,,,,,,,,,
,116201240,12/15/2022 16:04,12/15/2022 16:05,XAUUSD,Buy,0.050,0.00000,0.00000,1778.21000,1778.23000,0.0000,0.0000,2.0,0.10,0.00,"",0,00:00:00:31,,,,,,,,,,,,
,116198837,12/15/2022 13:42,12/15/2022 15:44,XAUUSD,Buy,0.150,0.00000,0.00000,1779.27000,1781.35000,0.0000,0.0000,208.0,31.20,0.44,"from #116192106",0,00:02:01:54,25.0,30m,468.0,2.25,208.0,31.2,-468.0,-70.2,30.8,100.0,0.00,0.00
,116192106,12/15/2022 13:42,12/15/2022 15:42,XAUUSD,Buy,0.100,0.00000,0.00000,1779.27000,1779.08000,0.0000,0.0000,-19.0,-1.90,-0.03,"to #116198837",0,00:02:00:53,12.5,15m,468.0,3.39,138.0,13.8,-468.0,-46.800000000000004,22.8,74.1,-157.00,-15.70
,116197916,12/15/2022 15:35,12/15/2022 15:42,XAUUSD,Buy,0.050,0.00000,0.00000,1777.22000,1779.26000,0.0000,0.0000,204.0,10.20,0.14,"",0,00:00:07:30,,,,,,,,,,,,
,116197684,12/15/2022 15:32,12/15/2022 15:42,XAUUSD,Buy,0.100,0.00000,0.00000,1777.48000,1778.66000,0.0000,0.0000,118.0,11.80,0.17,"",0,00:00:10:39,,,,,,,,,,,,
,116198617,12/15/2022 15:39,12/15/2022 15:40,XAUUSD,Buy,0.050,0.00000,0.00000,1776.95000,1777.13000,0.0000,0.0000,18.0,0.90,0.01,"",0,00:00:01:07,,,,,,,,,,,,
,116197828,12/15/2022 15:34,12/15/2022 15:34,XAUUSD,Buy,0.100,0.00000,0.00000,1776.20000,1776.87000,0.0000,0.0000,67.0,6.70,0.09,"",0,00:00:00:32,,,,,,,,,,,,
,116197749,12/15/2022 15:32,12/15/2022 15:34,XAUUSD,Buy,0.100,0.00000,0.00000,1777.41000,1776.73000,0.0000,0.0000,-68.0,-6.80,-0.10,"",0,00:00:01:43,,,,,,,,,,,,
,116197133,12/15/2022 15:26,12/15/2022 15:31,XAUUSD,Buy,0.250,0.00000,0.00000,1775.20000,1777.55000,0.0000,0.0000,235.0,58.75,0.83,"",0,00:00:04:37,,,,,,,,,,,,
,116187393,12/15/2022 11:27,12/15/2022 15:31,XAUUSD,Buy,0.200,0.00000,0.00000,1778.95000,1777.64000,0.0000,0.0000,-131.0,-26.20,-0.37,"",0,00:04:04:09,29.5,1h 12m,479.0,2.56,170.0,34.0,-436.0,-87.2,28.1,50.3,-301.00,-60.20
,116194921,12/15/2022 15:09,12/15/2022 15:31,XAUUSD,Buy,0.250,0.00000,0.00000,1776.78000,1777.55000,0.0000,0.0000,77.0,19.25,0.27,"",0,00:00:21:17,,,,,,,,,,,,
,116196759,12/15/2022 15:24,12/15/2022 15:30,XAUUSD,Buy,0.250,0.00000,0.00000,1775.47000,1776.65000,0.0000,0.0000,118.0,29.50,0.42,"",0,00:00:05:53,,,,,,,,,,,,
,116196444,12/15/2022 15:21,12/15/2022 15:30,XAUUSD,Buy,0.250,0.00000,0.00000,1776.50000,1776.01000,0.0000,0.0000,-49.0,-12.25,-0.17,"",0,00:00:09:08,,,,,,,,,,,,
,116194192,12/15/2022 14:51,12/15/2022 15:18,XAUUSD,Buy,0.200,0.00000,0.00000,1778.21000,1778.70000,0.0000,0.0000,49.0,9.80,0.14,"",0,00:00:27:10,,,,,,,,,,,,
,116194347,12/15/2022 14:57,12/15/2022 15:17,XAUUSD,Buy,0.200,0.00000,0.00000,1778.02000,1778.61000,0.0000,0.0000,59.0,11.80,0.17,"",0,00:00:19:46,,,,,,,,,,,,
,116192862,12/15/2022 14:00,12/15/2022 15:17,XAUUSD,Buy,0.250,0.00000,0.00000,1778.41000,1778.56000,0.0000,0.0000,15.0,3.75,0.05,"",0,00:01:16:55,40.0,30m,466.0,4.55,84.0,21.0,-382.0,-95.5,18.0,85.2,-69.00,-17.25
,116194671,12/15/2022 15:01,12/15/2022 15:17,XAUUSD,Buy,0.200,0.00000,0.00000,1777.82000,1778.38000,0.0000,0.0000,56.0,11.20,0.16,"",0,00:00:15:26,,,,,,,,,,,,
,116194268,12/15/2022 14:54,12/15/2022 15:17,XAUUSD,Buy,0.200,0.00000,0.00000,1777.78000,1778.17000,0.0000,0.0000,39.0,7.80,0.11,"",0,00:00:22:09,,,,,,,,,,,,
,116193326,12/15/2022 14:13,12/15/2022 15:16,EURUSD,Buy,0.500,0.00000,0.00000,1.06207,1.06350,0.0000,0.0000,14.3,71.50,1.03,"",0,00:01:03:32,100.0,1h 3m,3.2,0.06,17.5,87.5,0.0,0.0,100.0,81.7,-3.20,-16.00
,116193991,12/15/2022 14:03,12/15/2022 15:16,EURUSD,Buy,0.500,0.00000,0.00000,1.06244,1.06344,0.0000,0.0000,10.0,50.00,0.73,"from #116192973",0,00:01:13:45,40.0,29m,3.8,0.25,13.8,69.0,-3.4,-17.0,80.2,77.9,-3.80,-19.00
,116194808,12/15/2022 15:07,12/15/2022 15:16,XAUUSD,Buy,0.500,0.00000,0.00000,1777.08000,1777.96000,0.0000,0.0000,88.0,44.00,0.64,"",0,00:00:09:12,,,,,,,,,,,,
,116194754,12/15/2022 15:04,12/15/2022 15:15,EURUSD,Buy,0.500,0.00000,0.00000,1.06199,1.06223,0.0000,0.0000,2.4,12.00,0.18,"",0,00:00:11:16,,,,,,,,,,,,
,116191556,12/15/2022 13:15,12/15/2022 14:40,XAUUSD,Buy,0.800,1766.00000,0.00000,1779.09000,1779.51000,0.0000,0.0000,42.0,33.60,0.49,"",0,00:01:24:59,40.0,33m,102.0,2.43,42.0,33.6,-102.0,-81.60000000000001,29.2,100.0,0.00,0.00
,116193395,12/15/2022 14:15,12/15/2022 14:40,XAUUSD,Buy,0.500,0.00000,0.00000,1778.18000,1779.67000,0.0000,0.0000,149.0,74.50,1.11,"",0,00:00:24:38,,,,,,,,,,,,
,116193128,12/15/2022 14:07,12/15/2022 14:40,XAUUSD,Buy,0.500,0.00000,0.00000,1777.79000,1779.69000,0.0000,0.0000,190.0,95.00,1.43,"",0,00:00:33:13,,,,,,,,,,,,
,116192973,12/15/2022 14:03,12/15/2022 14:40,EURUSD,Buy,0.500,0.00000,0.00000,1.06244,1.06218,0.0000,0.0000,-2.6,-13.00,-0.20,"to #116193991",0,00:00:37:24,,,,,,,,,,,,
,116193473,12/15/2022 14:18,12/15/2022 14:40,EURUSD,Buy,1.000,0.00000,0.00000,1.06181,1.06223,0.0000,0.0000,4.2,42.00,0.64,"",0,00:00:21:52,,,,,,,,,,,,
,116171195,12/14/2022 22:16,,,Withdrawal,0.010,0.00000,0.00000,0.00000,0.00000,0.0000,0.0000,0.0,-794.16,0,"Transfer to 10189649 #18926599",0,00:00:00:00,,,,,,,,,,,,
,116170639,12/13/2022 22:29,12/14/2022 22:13,XAUUSD,Buy,0.100,0.00000,0.00000,1811.21000,1813.51000,0.0000,-1.3300,230.0,21.67,0.29,"from #116162139",0,00:23:43:48,14.8,3h 30m,1119.0,4.37,230.0,23.0,-1004.0,-100.4,18.6,100.0,0.00,0.00
,116162139,12/13/2022 22:29,12/14/2022 22:12,XAUUSD,Buy,0.200,0.00000,0.00000,1811.21000,1811.90000,0.0000,-2.6600,69.0,11.14,0.15,"to #116170639",0,00:23:42:50,14.8,3h 30m,1119.0,8.73,115.0,23.0,-1004.0,-200.8,10.3,95.9,-46.00,-9.20
,116170402,12/14/2022 19:28,12/14/2022 22:11,XAUUSD,Buy,0.100,0.00000,0.00000,1809.23000,1810.35000,0.0000,0.0000,112.0,11.20,0.15,"from #116159153",0,00:02:42:39,18.2,29m,806.0,2.72,296.0,29.6,-806.0,-80.60000000000001,26.9,83.3,-184.00,-18.40
,116159153,12/14/2022 19:28,12/14/2022 22:10,XAUUSD,Buy,0.100,0.00000,0.00000,1809.23000,1808.00000,0.0000,0.0000,-123.0,-12.30,-0.17,"to #116170402",0,00:02:41:34,9.1,14m,806.0,2.72,296.0,29.6,-806.0,-80.60000000000001,26.9,62.0,-419.00,-41.90
,116158151,12/14/2022 18:43,12/14/2022 22:09,XAUUSD,Buy,0.050,0.00000,0.00000,1811.19000,1808.36000,0.0000,0.0000,-283.0,-14.15,-0.19,"",0,00:03:26:17,7.2,14m,1002.0,10.02,100.0,5.0,-1002.0,-50.1,9.1,65.2,-383.00,-19.15
,116170112,12/14/2022 22:04,12/14/2022 22:09,XAUUSD,Buy,0.030,0.00000,0.00000,1806.81000,1808.49000,0.0000,0.0000,168.0,5.04,0.07,"",0,00:00:04:48,,,,,,,,,,,,
,116159575,12/14/2022 19:49,12/14/2022 21:57,XAUUSD,Buy,0.100,0.00000,0.00000,1808.73000,1805.98000,0.0000,0.0000,-275.0,-27.50,-0.37,"",0,00:02:07:19,12.5,15m,798.0,18.02,42.0,4.2,-756.0,-75.60000000000001,5.3,60.3,-317.00,-31.70
,116163271,12/14/2022 21:01,12/14/2022 21:57,XAUUSD,Buy,0.200,0.00000,0.00000,1803.46000,1805.62000,0.0000,0.0000,216.0,43.20,0.59,"",0,00:00:55:39,,,,,,,,,,,,
,116167441,12/14/2022 21:40,12/14/2022 21:52,XAUUSD,Buy,0.200,0.00000,0.00000,1799.11000,1803.27000,0.0000,0.0000,416.0,83.20,1.14,"",0,00:00:11:53,,,,,,,,,,,,
,116163714,12/14/2022 21:03,12/14/2022 21:46,XAUUSD,Buy,0.100,0.00000,0.00000,1802.25000,1802.16000,0.0000,0.0000,-9.0,-0.90,-0.01,"",0,00:00:43:27,,,,,,,,,,,,
,116159668,12/14/2022 19:55,12/14/2022 21:43,EURUSD,Buy,0.300,0.00000,0.00000,1.06569,1.06614,0.0000,0.0000,4.5,13.50,0.19,"",0,00:01:48:07,71.5,1h 17m,33.5,0.44,23.3,69.9,-10.2,-30.599999999999998,69.6,43.9,-18.80,-56.40
,116164072,12/14/2022 21:05,12/14/2022 21:43,EURUSD,Buy,0.200,0.00000,0.00000,1.06465,1.06600,0.0000,0.0000,13.5,27.00,0.37,"",0,00:00:38:41,,,,,,,,,,,,
,116165018,12/14/2022 21:11,12/14/2022 21:23,XAUUSD,Buy,0.200,0.00000,0.00000,1798.13000,1801.74000,0.0000,0.0000,361.0,72.20,1.01,"",0,00:00:12:34,,,,,,,,,,,,
,116165445,12/14/2022 21:15,12/14/2022 21:18,XAUUSD,Buy,0.200,0.00000,0.00000,1800.91000,1801.59000,0.0000,0.0000,68.0,13.60,0.19,"",0,00:00:02:38,,,,,,,,,,,,
,116159624,12/14/2022 19:53,12/14/2022 21:00,XAUUSD,Buy,0.100,0.00000,0.00000,1808.71000,1809.53000,0.0000,0.0000,82.0,8.20,0.11,"",0,00:01:06:34,40.0,26m,798.0,9.20,82.0,8.200000000000001,-754.0,-75.4,9.8,100.0,0.00,0.00
,116153180,12/13/2022 22:29,12/14/2022 20:59,XAUUSD,Buy,0.200,0.00000,0.00000,1811.21000,1809.60000,0.0000,-2.6600,-161.0,-34.86,-0.49,"to #116162139",0,00:22:30:34,13.4,3h 0m,742.0,5.45,115.0,23.0,-627.0,-125.4,15.5,62.8,-276.00,-55.20
,116159528,12/14/2022 19:46,12/14/2022 20:56,XAUUSD,Buy,0.100,0.00000,0.00000,1808.66000,1808.86000,0.0000,0.0000,20.0,2.00,0.03,"",0,00:01:09:23,50.0,34m,182.0,2.71,49.0,4.9,-133.0,-13.3,26.9,84.1,-29.00,-2.90
,116159208,12/14/2022 19:30,12/14/2022 20:55,EURUSD,Buy,0.100,0.00000,0.00000,1.06598,1.06779,0.0000,0.0000,18.1,18.10,0.25,"",0,00:01:25:42,100.0,1h 25m,3.1,0.05,20.4,20.4,0.0,0.0,100.0,88.7,-2.30,-2.30
,116159788,12/14/2022 20:00,12/14/2022 20:43,EURUSD,Buy,0.300,0.00000,0.00000,1.06531,1.06790,0.0000,0.0000,25.9,77.70,1.10,"",0,00:00:43:23,,,,,,,,,,,,
,116159554,12/14/2022 19:48,12/14/2022 20:43,EURUSD,Buy,0.100,0.00000,0.00000,1.06605,1.06789,0.0000,0.0000,18.4,18.40,0.26,"",0,00:00:55:37,,,,,,,,,,,,
,116159852,12/14/2022 20:04,12/14/2022 20:40,XAUUSD,Buy,0.300,0.00000,0.00000,1808.84000,1809.88000,0.0000,0.0000,104.0,31.20,0.44,"",0,00:00:36:15,,,,,,,,,,,,
,116160415,12/14/2022 20:29,12/14/2022 20:40,XAUUSD,Buy,0.300,0.00000,0.00000,1807.71000,1809.78000,0.0000,0.0000,207.0,62.10,0.89,"",0,00:00:11:28,,,,,,,,,,,,
,116159222,12/14/2022 19:30,12/14/2022 20:40,EURUSD,Buy,0.100,0.00000,0.00000,1.06608,1.06801,0.0000,0.0000,19.3,19.30,0.28,"",0,00:01:09:44,100.0,1h 9m,0.1,0.05,19.4,19.4,0.0,0.0,100.0,99.5,-0.10,-0.10
,116158317,12/14/2022 18:51,12/14/2022 20:40,EURUSD,Buy,0.100,0.00000,0.00000,1.06604,1.06802,0.0000,0.0000,19.8,19.80,0.29,"",0,00:01:49:17,71.5,1h 18m,10.2,0.46,19.8,19.8,-9.2,-9.2,68.3,100.0,0.00,0.00
,116159692,12/14/2022 19:56,12/14/2022 20:40,EURUSD,Buy,0.300,0.00000,0.00000,1.06570,1.06802,0.0000,0.0000,23.2,69.60,1.02,"",0,00:00:43:32,,,,,,,,,,,,
,116158396,12/14/2022 18:56,12/14/2022 19:44,EURUSD,Buy,0.100,0.00000,0.00000,1.06551,1.06615,0.0000,0.0000,6.4,6.40,0.09,"",0,00:00:47:50,,,,,,,,,,,,
,116158799,12/14/2022 19:17,12/14/2022 19:26,XAUUSD,Buy,0.500,1804.00000,0.00000,1808.57000,1810.41000,0.0000,0.0000,184.0,92.00,1.36,"",0,00:00:09:02,,,,,,,,,,,,
,116157114,12/14/2022 18:08,12/14/2022 19:25,XAUUSD,Buy,0.100,0.00000,0.00000,1810.99000,1810.90000,0.0000,0.0000,-9.0,-0.90,-0.01,"",0,00:01:16:51,20.0,15m,322.0,9.74,30.0,3.0,-292.0,-29.200000000000003,9.3,87.9,-39.00,-3.90
,116158402,12/14/2022 18:56,12/14/2022 19:25,XAUUSD,Buy,0.100,1806.00000,0.00000,1811.03000,1811.01000,0.0000,0.0000,-2.0,-0.20,0.00,"",0,00:00:29:13,,,,,,,,,,,,
,116158309,12/14/2022 18:50,12/14/2022 19:25,XAUUSD,Buy,0.100,1806.50000,0.00000,1810.95000,1810.88000,0.0000,0.0000,-7.0,-0.70,-0.01,"",0,00:00:35:02,,,,,,,,,,,,
,116158639,12/14/2022 19:09,12/14/2022 19:25,XAUUSD,Buy,0.300,1806.80000,0.00000,1810.46000,1810.89000,0.0000,0.0000,43.0,12.90,0.19,"",0,00:00:15:53,,,,,,,,,,,,
,116158733,12/14/2022 19:14,12/14/2022 19:25,EURUSD,Buy,0.500,1.06280,0.00000,1.06565,1.06616,0.0000,0.0000,5.1,25.50,0.38,"",0,00:00:10:50,,,,,,,,,,,,
,116158500,12/14/2022 19:01,12/14/2022 19:25,EURUSD,Buy,0.100,0.00000,0.00000,1.06530,1.06633,0.0000,0.0000,10.3,10.30,0.15,"",0,00:00:24:15,,,,,,,,,,,,
,116158769,12/14/2022 19:16,12/14/2022 19:25,EURUSD,Buy,0.500,1.06390,0.00000,1.06600,1.06633,0.0000,0.0000,3.3,16.50,0.25,"",0,00:00:09:11,,,,,,,,,,,,
,116157844,12/14/2022 18:27,,,Withdrawal,0.010,0.00000,0.00000,0.00000,0.00000,0.0000,0.0000,0.0,-1089.82,0,"Transfer to 10189649 #18923440",0,00:00:00:00,,,,,,,,,,,,
,116135505,12/14/2022 06:04,12/14/2022 17:59,XAUUSD,Buy,0.500,0.00000,0.00000,1810.09000,1811.89000,0.0000,0.0000,180.0,90.00,1.17,"",0,00:11:55:20,25.6,3h 3m,742.0,2.27,227.0,113.5,-515.0,-257.5,30.6,93.7,-47.00,-23.50
,116155937,12/14/2022 17:39,12/14/2022 17:57,XAUUSD,Buy,0.100,0.00000,0.00000,1810.31000,1812.20000,0.0000,0.0000,189.0,18.90,0.25,"",0,00:00:18:03,,,,,,,,,,,,
,116148181,12/14/2022 14:09,12/14/2022 17:31,XAUUSD,Buy,0.500,1807.00000,0.00000,1806.68000,1810.86000,0.0000,0.0000,418.0,209.00,2.80,"",0,00:03:21:39,85.8,2h 53m,174.0,0.34,510.0,255.0,-174.0,-87.0,74.6,86.5,-92.00,-46.00
,116155145,12/14/2022 17:23,12/14/2022 17:31,XAUUSD,Buy,0.100,0.00000,0.00000,1810.50000,1810.80000,0.0000,0.0000,30.0,3.00,0.04,"",0,00:00:08:02,,,,,,,,,,,,
,116154483,12/14/2022 17:08,12/14/2022 17:31,XAUUSD,Buy,0.200,0.00000,0.00000,1809.29000,1810.95000,0.0000,0.0000,166.0,33.20,0.45,"",0,00:00:22:22,,,,,,,,,,,,
,116132456,12/13/2022 22:25,12/14/2022 16:43,XAUUSD,Buy,0.350,0.00000,0.00000,1811.31000,1811.55000,0.0000,-4.6600,24.0,3.74,0.05,"",0,00:18:18:37,8.3,1h 31m,742.0,6.07,105.0,36.75,-637.0,-222.95,14.2,89.1,-81.00,-28.35
,116132494,12/13/2022 22:29,12/14/2022 16:39,XAUUSD,Buy,0.500,0.00000,0.00000,1811.21000,1811.53000,0.0000,-6.6500,32.0,9.35,0.13,"to #116153180",0,00:18:09:41,9.6,1h 44m,742.0,5.45,115.0,57.5,-627.0,-313.5,15.5,88.8,-83.00,-41.50
,116132635,12/13/2022 22:40,12/14/2022 16:38,XAUUSD,Buy,0.200,0.00000,0.00000,1810.75000,1811.75000,0.0000,-2.6600,100.0,17.34,0.23,"",0,00:17:57:42,15.3,2h 44m,742.0,3.61,161.0,32.2,-581.0,-116.2,21.7,91.8,-61.00,-12.20
,116137562,12/14/2022 09:18,12/14/2022 16:38,XAUUSD,Buy,0.200,0.00000,0.00000,1810.64000,1812.07000,0.0000,0.0000,143.0,28.60,0.39,"",0,00:07:19:46,6.9,30m,570.0,3.99,143.0,28.6,-570.0,-114.0,20.1,100.0,0.00,0.00
,116137351,12/14/2022 09:11,12/14/2022 16:38,XAUUSD,Buy,0.200,0.00000,0.00000,1810.92000,1811.76000,0.0000,0.0000,84.0,16.80,0.23,"",0,00:07:26:57,6.7,29m,598.0,7.12,84.0,16.8,-598.0,-119.60000000000001,12.3,100.0,0.00,0.00
,116132484,12/13/2022 22:27,12/14/2022 16:38,XAUUSD,Buy,0.350,0.00000,0.00000,1810.66000,1811.17000,0.0000,-4.6600,51.0,13.19,0.18,"",0,00:18:10:43,17.9,3h 15m,742.0,3.36,170.0,59.49999999999999,-572.0,-200.2,22.9,84.0,-119.00,-41.65
,116138089,12/14/2022 09:38,12/14/2022 16:30,XAUUSD,Buy,0.500,0.00000,0.00000,1809.11000,1809.45000,0.0000,0.0000,34.0,17.00,0.23,"",0,00:06:52:32,21.5,1h 28m,427.0,1.72,243.0,121.5,-417.0,-208.5,36.8,68.3,-209.00,-104.50
,116135698,12/14/2022 06:46,12/14/2022 16:18,XAUUSD,Buy,0.500,0.00000,0.00000,1809.68000,1809.64000,0.0000,0.0000,-4.0,-2.00,-0.03,"",0,00:09:32:13,18.5,1h 45m,742.0,1.77,268.0,134.0,-474.0,-237.0,36.1,63.3,-272.00,-136.00
,116142313,12/14/2022 11:32,12/14/2022 16:02,XAUUSD,Buy,0.100,0.00000,0.00000,1809.31000,1809.34000,0.0000,0.0000,3.0,0.30,0.00,"",0,00:04:30:24,11.2,30m,437.0,14.58,30.0,3.0,-437.0,-43.7,6.4,94.2,-27.00,-2.70
,116141218,12/14/2022 11:08,12/14/2022 15:20,XAUUSD,Buy,0.500,0.00000,0.00000,1808.93000,1809.15000,0.0000,0.0000,22.0,11.00,0.15,"",0,00:04:12:09,5.9,14m,399.0,18.15,22.0,11.0,-399.0,-199.5,5.2,100.0,0.00,0.00
,116142393,12/14/2022 11:36,12/14/2022 15:20,XAUUSD,Buy,0.100,0.00000,0.00000,1808.84000,1809.23000,0.0000,0.0000,39.0,3.90,0.05,"",0,00:03:44:17,6.7,15m,390.0,10.00,39.0,3.9000000000000004,-390.0,-39.0,9.1,100.0,0.00,0.00
,116137911,12/14/2022 09:31,12/14/2022 15:20,XAUUSD,Buy,0.500,0.00000,0.00000,1808.76000,1809.09000,0.0000,0.0000,33.0,16.50,0.23,"",0,00:05:49:12,26.1,1h 31m,427.0,8.49,45.0,22.5,-382.0,-191.0,10.5,97.2,-12.00,-6.00
,116147740,12/14/2022 13:57,,,Deposit,0.010,0.00000,0.00000,0.00000,0.00000,0.0000,0.0000,0.0,429.80,0,"Transfer from 10189649 18920580",0,00:00:00:00,,,,,,,,,,,,
,116142376,12/14/2022 11:35,12/14/2022 11:45,XAUUSD,Buy,0.100,0.00000,0.00000,1808.62000,1808.70000,0.0000,0.0000,8.0,0.80,0.01,"",0,00:00:09:36,,,,,,,,,,,,
,116141858,12/14/2022 11:20,12/14/2022 11:22,XAUUSD,Buy,0.500,1807.00000,0.00000,1808.42000,1806.74000,0.0000,0.0000,-168.0,-84.00,-1.21,"[sl]",0,00:00:02:12,,,,,,,,,,,,
,116138393,12/14/2022 09:51,12/14/2022 10:18,XAUUSD,Buy,1.000,0.00000,0.00000,1808.30000,1809.70000,0.0000,0.0000,140.0,140.00,2.06,"",0,00:00:27:18,,,,,,,,,,,,
,116132390,12/13/2022 22:18,12/14/2022 08:53,XAUUSD,Buy,0.100,0.00000,0.00000,1810.99000,1812.54000,0.0000,-1.3300,155.0,14.17,0.21,"",0,00:10:34:16,16.7,1h 45m,297.0,1.30,155.0,15.5,-201.0,-20.1,43.5,100.0,0.00,0.00
,116132365,12/13/2022 22:17,12/14/2022 08:53,XAUUSD,Buy,0.100,0.00000,0.00000,1810.84000,1812.54000,0.0000,-1.3300,170.0,15.67,0.23,"",0,00:10:35:32,23.9,2h 31m,297.0,1.09,170.0,17.0,-186.0,-18.6,47.8,100.0,0.00,0.00
,116132359,12/13/2022 22:17,12/14/2022 05:47,XAUUSD,Buy,0.100,0.00000,0.00000,1810.81000,1811.47000,0.0000,-1.3300,66.0,5.27,0.08,"",0,00:07:30:16,20.0,1h 30m,200.0,1.27,114.0,11.4,-145.0,-14.5,44.0,81.5,-48.00,-4.80
,116132662,12/13/2022 22:43,12/14/2022 05:47,XAUUSD,Buy,0.200,0.00000,0.00000,1810.88000,1811.47000,0.0000,-2.6600,59.0,9.14,0.14,"",0,00:07:04:05,20.7,1h 27m,200.0,1.42,107.0,21.400000000000002,-152.0,-30.400000000000002,41.3,81.5,-48.00,-9.60
,116132763,12/13/2022 22:54,12/14/2022 05:47,XAUUSD,Buy,0.100,0.00000,0.00000,1810.82000,1811.41000,0.0000,-1.3300,59.0,4.57,0.07,"",0,00:06:53:02,21.5,1h 28m,200.0,1.29,113.0,11.3,-146.0,-14.600000000000001,43.6,79.2,-54.00,-5.40
,116132796,12/13/2022 22:57,12/14/2022 05:47,XAUUSD,Buy,0.100,0.00000,0.00000,1810.69000,1811.41000,0.0000,-1.3300,72.0,5.87,0.09,"",0,00:06:49:59,25.0,1h 42m,200.0,1.06,126.0,12.600000000000001,-133.0,-13.3,48.6,79.2,-54.00,-5.40
,116133112,12/13/2022 23:29,12/14/2022 05:47,XAUUSD,Buy,0.200,0.00000,0.00000,1810.34000,1811.52000,0.0000,-2.6600,118.0,20.94,0.31,"",0,00:06:17:47,50.0,3h 8m,200.0,0.61,161.0,32.2,-98.0,-19.6,62.2,83.4,-43.00,-8.60
,116133108,12/13/2022 23:29,12/14/2022 05:47,XAUUSD,Buy,0.200,0.00000,0.00000,1810.33000,1811.58000,0.0000,-2.6600,125.0,22.34,0.33,"",0,00:06:17:53,50.0,3h 8m,200.0,0.60,162.0,32.4,-97.0,-19.400000000000002,62.5,85.7,-37.00,-7.40
,116131018,12/13/2022 21:26,12/13/2022 21:55,XAUUSD,Buy,0.100,0.00000,0.00000,1809.91000,1811.39000,0.0000,0.0000,148.0,14.80,0.22,"",0,00:00:28:28,,,,,,,,,,,,
,116130899,12/13/2022 21:17,12/13/2022 21:55,XAUUSD,Buy,0.150,0.00000,0.00000,1811.20000,1811.49000,0.0000,0.0000,29.0,4.35,0.07,"",0,00:00:37:25,,,,,,,,,,,,
,116131004,12/13/2022 21:26,12/13/2022 21:55,XAUUSD,Buy,0.100,0.00000,0.00000,1809.89000,1811.46000,0.0000,0.0000,157.0,15.70,0.24,"",0,00:00:29:01,,,,,,,,,,,,
,116130896,12/13/2022 21:17,12/13/2022 21:54,XAUUSD,Buy,0.150,0.00000,0.00000,1811.20000,1811.63000,0.0000,0.0000,43.0,6.45,0.10,"",0,00:00:37:26,,,,,,,,,,,,
,116130959,12/13/2022 21:22,12/13/2022 21:54,XAUUSD,Buy,0.350,0.00000,0.00000,1809.89000,1811.56000,0.0000,0.0000,167.0,58.45,0.88,"",0,00:00:32:20,,,,,,,,,,,,
,116130837,12/13/2022 21:13,12/13/2022 21:54,XAUUSD,Buy,0.150,0.00000,0.00000,1811.59000,1811.70000,0.0000,0.0000,11.0,1.65,0.02,"",0,00:00:41:24,,,,,,,,,,,,
,116130800,12/13/2022 21:11,12/13/2022 21:54,XAUUSD,Buy,0.150,0.00000,0.00000,1811.69000,1811.87000,0.0000,0.0000,18.0,2.70,0.04,"",0,00:00:43:15,,,,,,,,,,,,
,116130793,12/13/2022 21:10,12/13/2022 21:54,XAUUSD,Buy,0.350,0.00000,0.00000,1811.65000,1811.80000,0.0000,0.0000,15.0,5.25,0.08,"",0,00:00:43:58,,,,,,,,,,,,
,116129547,12/13/2022 20:29,,,Withdrawal,0.010,0.00000,0.00000,0.00000,0.00000,0.0000,0.0000,0.0,-1261.27,0,"Transfer to 10189649 #18914242",0,00:00:00:00,,,,,,,,,,,,
,116129263,12/13/2022 19:21,12/13/2022 20:27,XAUUSD,Buy,0.500,0.00000,0.00000,1807.99000,1813.36000,0.0000,0.0000,537.0,268.50,3.54,"from #116127156",0,00:01:05:47,100.0,1h 5m,19.0,0.00,556.0,278.0,0.0,0.0,100.0,96.6,-19.00,-9.50
,116126688,12/13/2022 19:13,12/13/2022 20:24,XAUUSD,Buy,0.500,0.00000,0.00000,1812.62000,1813.17000,0.0000,0.0000,55.0,27.50,0.36,"",0,00:01:10:57,40.0,28m,421.0,4.53,93.0,46.5,-421.0,-210.5,18.1,92.6,-38.00,-19.00
,116126734,12/13/2022 19:15,12/13/2022 20:21,XAUUSD,Buy,0.500,0.00000,0.00000,1812.46000,1812.59000,0.0000,0.0000,13.0,6.50,0.09,"",0,00:01:06:11,50.0,33m,405.0,3.72,109.0,54.5,-405.0,-202.5,21.2,81.3,-96.00,-48.00
,116126693,12/13/2022 19:13,12/13/2022 20:20,XAUUSD,Buy,0.500,0.00000,0.00000,1812.63000,1811.77000,0.0000,0.0000,-86.0,-43.00,-0.57,"",0,00:01:06:11,20.0,13m,422.0,4.59,92.0,46.0,-422.0,-211.0,17.9,65.4,-178.00,-89.00
,116126725,12/13/2022 19:14,12/13/2022 20:19,XAUUSD,Buy,0.100,0.00000,0.00000,1812.27000,1811.94000,0.0000,0.0000,-33.0,-3.30,-0.04,"",0,00:01:04:52,20.0,12m,386.0,3.02,128.0,12.8,-386.0,-38.6,24.9,68.7,-161.00,-16.10
,116127156,12/13/2022 19:21,12/13/2022 20:19,XAUUSD,Buy,1.000,0.00000,0.00000,1807.99000,1811.64000,0.0000,0.0000,365.0,365.00,5.04,"to #116129263",0,00:00:57:40,,,,,,,,,,,,
,116126784,12/13/2022 19:16,12/13/2022 20:19,XAUUSD,Buy,0.500,0.00000,0.00000,1811.85000,1812.01000,0.0000,0.0000,16.0,8.00,0.11,"",0,00:01:03:13,50.0,31m,344.0,2.02,170.0,85.0,-344.0,-172.0,33.1,70.0,-154.00,-77.00
,116126855,12/13/2022 19:18,12/13/2022 20:13,XAUUSD,Buy,0.500,0.00000,0.00000,1811.51000,1809.75000,0.0000,0.0000,-176.0,-88.00,-1.20,"",0,00:00:54:07,,,,,,,,,,,,
,116128537,12/13/2022 19:57,12/13/2022 20:13,XAUUSD,Buy,0.250,0.00000,0.00000,1808.51000,1809.99000,0.0000,0.0000,148.0,37.00,0.51,"",0,00:00:15:58,,,,,,,,,,,,
,116127115,12/13/2022 19:21,12/13/2022 19:38,XAUUSD,Buy,1.500,0.00000,0.00000,1807.87000,1808.73000,0.0000,0.0000,86.0,129.00,1.80,"",0,00:00:16:52,,,,,,,,,,,,
,116127384,12/13/2022 19:27,,,Deposit,0.010,0.00000,0.00000,0.00000,0.00000,0.0000,0.0000,0.0,450.87,0,"Transfer from 10189649 18913590",0,00:00:00:00,,,,,,,,,,,,
,116126062,12/13/2022 19:00,12/13/2022 19:04,XAUUSD,Buy,0.100,0.00000,0.00000,1809.34000,1810.21000,0.0000,0.0000,87.0,8.70,0.13,"",0,00:00:04:02,,,,,,,,,,,,
,116126099,12/13/2022 19:00,12/13/2022 19:04,XAUUSD,Buy,0.100,0.00000,0.00000,1808.97000,1810.11000,0.0000,0.0000,114.0,11.40,0.17,"",0,00:00:03:15,,,,,,,,,,,,
,116125490,12/13/2022 18:53,12/13/2022 18:58,XAUUSD,Buy,0.150,0.00000,0.00000,1807.27000,1807.89000,0.0000,0.0000,62.0,9.30,0.14,"",0,00:00:04:22,,,,,,,,,,,,
,116125388,12/13/2022 18:52,12/13/2022 18:58,XAUUSD,Buy,0.150,0.00000,0.00000,1808.68000,1808.09000,0.0000,0.0000,-59.0,-8.85,-0.13,"",0,00:00:05:57,,,,,,,,,,,,
,116125620,12/13/2022 18:55,12/13/2022 18:57,XAUUSD,Buy,0.150,0.00000,0.00000,1807.67000,1808.07000,0.0000,0.0000,40.0,6.00,0.09,"",0,00:00:01:57,,,,,,,,,,,,
,116123453,12/13/2022 18:29,12/13/2022 18:35,XAUUSD,Buy,0.150,0.00000,0.00000,1813.04000,1814.30000,0.0000,0.0000,126.0,18.90,0.28,"",0,00:00:06:12,,,,,,,,,,,,
,116123440,12/13/2022 18:28,12/13/2022 18:35,XAUUSD,Buy,0.150,0.00000,0.00000,1812.99000,1814.18000,0.0000,0.0000,119.0,17.85,0.27,"",0,00:00:06:30,,,,,,,,,,,,
,116123003,12/13/2022 18:18,12/13/2022 18:20,XAUUSD,Buy,0.050,0.00000,0.00000,1812.70000,1813.03000,0.0000,0.0000,33.0,1.65,0.02,"",0,00:00:01:46,,,,,,,,,,,,
,116122677,12/13/2022 18:11,12/13/2022 18:15,XAUUSD,Buy,0.050,0.00000,0.00000,1812.08000,1813.17000,0.0000,0.0000,109.0,5.45,0.08,"",0,00:00:03:30,,,,,,,,,,,,
,116122649,12/13/2022 18:10,12/13/2022 18:15,XAUUSD,Buy,0.050,1808.00000,0.00000,1812.15000,1813.29000,0.0000,0.0000,114.0,5.70,0.09,"",0,00:00:04:22,,,,,,,,,,,,
,116122349,12/13/2022 18:04,12/13/2022 18:10,XAUUSD,Buy,0.150,0.00000,0.00000,1811.18000,1811.83000,0.0000,0.0000,65.0,9.75,0.15,"",0,00:00:05:42,,,,,,,,,,,,
,116121675,12/13/2022 17:57,12/13/2022 18:10,XAUUSD,Buy,0.050,0.00000,0.00000,1811.47000,1811.82000,0.0000,0.0000,35.0,1.75,0.03,"",0,00:00:12:13,,,,,,,,,,,,
,116122162,12/13/2022 18:01,12/13/2022 18:10,XAUUSD,Buy,0.150,0.00000,0.00000,1811.38000,1811.80000,0.0000,0.0000,42.0,6.30,0.10,"",0,00:00:08:53,,,,,,,,,,,,
,116122169,12/13/2022 18:01,12/13/2022 18:10,XAUUSD,Buy,0.150,0.00000,0.00000,1811.22000,1811.84000,0.0000,0.0000,62.0,9.30,0.14,"",0,00:00:08:45,,,,,,,,,,,,
,116120561,12/13/2022 17:42,,,Withdrawal,0.010,0.00000,0.00000,0.00000,0.00000,0.0000,0.0000,0.0,-5114.87,0,"Transfer to 10189649 #18911970",0,00:00:00:00,,,,,,,,,,,,
,116103073,12/13/2022 14:59,12/13/2022 17:41,XAUUSD,Sell,0.100,0.00000,0.00000,1788.96000,1813.31000,0.0000,0.0000,-2435.0,-243.50,-2.04,"",0,00:02:42:09,0.0,0s,3305.0,3333.33,0.0,0.0,-3305.0,-330.5,0.0,26.3,-2435.00,-243.50
,116104511,12/13/2022 15:24,12/13/2022 17:41,XAUUSD,Sell,0.100,0.00000,0.00000,1788.82000,1813.00000,0.0000,0.0000,-2418.0,-241.80,-1.98,"",0,00:02:17:34,0.0,0s,3319.0,3333.33,0.0,0.0,-3319.0,-331.90000000000003,0.0,27.1,-2418.00,-241.80
,116104631,12/13/2022 15:25,12/13/2022 17:41,XAUUSD,Sell,0.100,0.00000,0.00000,1788.33000,1812.99000,0.0000,0.0000,-2466.0,-246.60,-1.98,"",0,00:02:16:03,0.0,0s,3368.0,5000.00,0.0,0.0,-3368.0,-336.8,0.0,26.8,-2466.00,-246.60
,116109772,12/13/2022 15:47,12/13/2022 17:41,XAUUSD,Sell,0.200,0.00000,0.00000,1809.09000,1812.91000,0.0000,0.0000,-382.0,-76.40,-0.61,"",0,00:01:54:07,0.0,0s,1292.0,1428.57,0.0,0.0,-1292.0,-258.40000000000003,0.0,70.4,-382.00,-76.40
,116104737,12/13/2022 15:26,12/13/2022 17:41,XAUUSD,Sell,0.100,0.00000,0.00000,1788.22000,1812.80000,0.0000,0.0000,-2458.0,-245.80,-1.92,"",0,00:02:14:43,0.0,0s,3379.0,5000.00,0.0,0.0,-3379.0,-337.90000000000003,0.0,27.3,-2458.00,-245.80
,116099949,12/13/2022 13:07,12/13/2022 17:41,XAUUSD,Sell,0.020,0.00000,0.00000,1786.56000,1812.86000,0.0000,0.0000,-2630.0,-52.60,-0.41,"",0,00:04:34:29,0.0,0s,3545.0,5000.00,0.0,0.0,-3545.0,-70.9,0.0,25.8,-2630.00,-52.60
,116119661,12/13/2022 17:01,12/13/2022 17:41,XAUUSD,Sell,0.500,1826.50000,0.00000,1822.98000,1812.57000,0.0000,0.0000,1041.0,520.50,4.23,"from #116117490",0,00:00:39:32,,,,,,,,,,,,
,116108877,12/13/2022 15:41,12/13/2022 17:32,XAUUSD,Sell,0.200,0.00000,0.00000,1808.56000,1813.72000,0.0000,0.0000,-516.0,-103.20,-0.83,"",0,00:01:50:23,0.0,0s,1345.0,1428.57,0.0,0.0,-1345.0,-269.0,0.0,61.6,-516.00,-103.20
,116117490,12/13/2022 17:01,12/13/2022 17:32,XAUUSD,Sell,0.500,1826.50000,0.00000,1822.98000,1813.65000,0.0000,0.0000,933.0,466.50,3.91,"to #116119661",0,00:00:30:18,,,,,,,,,,,,
,116105871,12/13/2022 15:30,12/13/2022 17:31,XAUUSD,Sell,0.350,0.00000,0.00000,1802.38000,1813.92000,0.0000,0.0000,-1154.0,-403.90,-3.27,"",0,00:02:00:30,0.0,0s,1963.0,2000.00,0.0,0.0,-1963.0,-687.05,0.0,41.2,-1154.00,-403.90
,116108769,12/13/2022 15:41,12/13/2022 17:31,XAUUSD,Sell,0.200,0.00000,0.00000,1809.43000,1813.63000,0.0000,0.0000,-420.0,-84.00,-0.68,"",0,00:01:49:42,0.0,0s,1258.0,1428.57,0.0,0.0,-1258.0,-251.60000000000002,0.0,66.6,-420.00,-84.00
,116106138,12/13/2022 15:31,12/13/2022 17:31,XAUUSD,Sell,0.200,0.00000,0.00000,1808.21000,1813.52000,0.0000,0.0000,-531.0,-106.20,-0.85,"",0,00:01:59:45,0.0,0s,1380.0,1428.57,0.0,0.0,-1380.0,-276.0,0.0,61.5,-531.00,-106.20
,116106832,12/13/2022 15:32,12/13/2022 17:30,XAUUSD,Sell,0.100,0.00000,0.00000,1806.52000,1813.61000,0.0000,0.0000,-709.0,-70.90,-0.56,"",0,00:01:58:06,0.0,0s,1549.0,1666.67,0.0,0.0,-1549.0,-154.9,0.0,54.2,-709.00,-70.90
,116116963,12/13/2022 16:57,12/13/2022 17:30,XAUUSD,Sell,1.000,1828.00000,0.00000,1823.72000,1813.86000,0.0000,0.0000,986.0,986.00,8.49,"",0,00:00:32:39,,,,,,,,,,,,
,116112628,12/13/2022 16:08,12/13/2022 17:28,XAUUSD,Sell,0.650,0.00000,0.00000,1814.78000,1815.85000,0.0000,0.0000,-107.0,-69.55,-0.60,"",0,00:01:20:33,20.0,16m,723.0,24.15,30.0,19.5,-723.0,-469.95,4.0,81.8,-137.00,-89.05
,116113362,12/13/2022 16:16,12/13/2022 17:26,XAUUSD,Sell,0.150,0.00000,0.00000,1817.28000,1816.39000,0.0000,0.0000,89.0,13.35,0.11,"",0,00:01:10:22,50.0,35m,473.0,1.69,280.0,42.0,-473.0,-70.95,37.2,74.6,-191.00,-28.65
,116113322,12/13/2022 16:15,12/13/2022 17:26,XAUUSD,Sell,0.150,0.00000,0.00000,1817.23000,1816.48000,0.0000,0.0000,75.0,11.25,0.10,"",0,00:01:10:59,50.0,35m,478.0,1.74,275.0,41.25,-478.0,-71.7,36.5,73.4,-200.00,-30.00
,116115046,12/13/2022 16:34,12/13/2022 17:11,XAUUSD,Sell,0.200,0.00000,0.00000,1817.71000,1817.75000,0.0000,0.0000,-4.0,-0.80,-0.01,"",0,00:00:37:02,,,,,,,,,,,,
,116114181,12/13/2022 16:26,12/13/2022 17:10,XAUUSD,Sell,1.000,0.00000,0.00000,1818.85000,1818.71000,0.0000,0.0000,14.0,14.00,0.12,"",0,00:00:44:00,,,,,,,,,,,,
,116116891,12/13/2022 16:56,,,Deposit,0.010,0.00000,0.00000,0.00000,0.00000,0.0000,0.0000,0.0,1950.00,0,"Deposit CONNECT USD 18911058",0,00:00:00:00,,,,,,,,,,,,
,116114145,12/13/2022 16:26,,,Deposit,0.010,0.00000,0.00000,0.00000,0.00000,0.0000,0.0000,0.0,1950.00,0,"Deposit CONNECT USD 18910183",0,00:00:00:00,,,,,,,,,,,,
,116112297,12/13/2022 16:04,,,Deposit,0.010,0.00000,0.00000,0.00000,0.00000,0.0000,0.0000,0.0,1063.62,0,"Transfer from 10189649 18909335",0,00:00:00:00,,,,,,,,,,,,
,116103007,12/13/2022 14:58,12/13/2022 15:22,XAUUSD,Sell,0.300,0.00000,0.00000,1789.22000,1788.47000,0.0000,0.0000,75.0,22.50,0.34,"",0,00:00:23:49,,,,,,,,,,,,
,116102588,12/13/2022 14:48,12/13/2022 15:08,XAUUSD,Sell,0.300,0.00000,0.00000,1788.64000,1787.09000,0.0000,0.0000,155.0,46.50,0.70,"",0,00:00:19:51,,,,,,,,,,,,
,116100158,12/13/2022 13:16,12/13/2022 15:08,XAUUSD,Sell,0.100,0.00000,0.00000,1786.55000,1787.23000,0.0000,0.0000,-68.0,-6.80,-0.10,"",0,00:01:51:31,0.0,0s,252.0,256.41,0.0,0.0,-252.0,-25.200000000000003,0.0,73.0,-68.00,-6.80
,116101210,12/13/2022 13:59,12/13/2022 15:07,XAUUSD,Sell,0.150,0.00000,0.00000,1787.34000,1786.97000,0.0000,0.0000,37.0,5.55,0.08,"",0,00:01:08:13,20.0,13m,173.0,4.68,37.0,5.55,-173.0,-25.95,17.6,100.0,0.00,0.00
,116101649,12/13/2022 14:16,12/13/2022 15:07,XAUUSD,Sell,0.150,0.00000,0.00000,1787.56000,1787.09000,0.0000,0.0000,47.0,7.05,0.11,"",0,00:00:51:03,,,,,,,,,,,,
,116102089,12/13/2022 14:30,12/13/2022 15:07,XAUUSD,Sell,0.100,0.00000,0.00000,1787.85000,1787.41000,0.0000,0.0000,44.0,4.40,0.07,"",0,00:00:36:40,,,,,,,,,,,,
,116101614,12/13/2022 14:14,12/13/2022 15:07,XAUUSD,Sell,0.150,0.00000,0.00000,1787.84000,1787.46000,0.0000,0.0000,38.0,5.70,0.09,"",0,00:00:52:52,,,,,,,,,,,,
,116092842,12/13/2022 11:13,,,Withdrawal,0.010,0.00000,0.00000,0.00000,0.00000,0.0000,0.0000,0.0,-551.44,0,"Transfer to 10189649 #18904606",0,00:00:00:00,,,,,,,,,,,,
,116081293,12/12/2022 22:11,12/12/2022 23:46,XAUUSD,Buy,0.060,0.00000,0.00000,1781.74000,1781.14000,0.0000,0.0000,-60.0,-3.60,-0.05,"from #116080170",0,00:01:34:40,0.0,0s,196.0,196.08,0.0,0.0,-196.0,-11.76,0.0,69.4,-60.00,-3.60
,116080170,12/12/2022 22:11,12/12/2022 23:35,XAUUSD,Buy,0.090,0.00000,0.00000,1781.74000,1781.09000,0.0000,0.0000,-65.0,-5.85,-0.08,"to #116081293",0,00:01:24:07,0.0,0s,196.0,196.08,0.0,0.0,-196.0,-17.64,0.0,66.8,-65.00,-5.85
,116081203,12/12/2022 22:17,12/12/2022 23:35,XAUUSD,Buy,0.100,0.00000,0.00000,1780.72000,1781.11000,0.0000,0.0000,39.0,3.90,0.05,"from #116080296",0,00:01:17:54,80.0,1h 2m,40.0,0.70,57.0,5.7,-40.0,-4.0,58.8,81.4,-18.00,-1.80
,116080847,12/12/2022 22:56,12/12/2022 23:35,XAUUSD,Buy,0.300,0.00000,0.00000,1780.19000,1781.11000,0.0000,0.0000,92.0,27.60,0.39,"",0,00:00:39:08,,,,,,,,,,,,
,116080296,12/12/2022 22:17,12/12/2022 23:15,XAUUSD,Buy,0.050,0.00000,0.00000,1780.72000,1780.60000,0.0000,0.0000,-12.0,-0.60,-0.01,"to #116081203",0,00:00:57:45,,,,,,,,,,,,
,116080612,12/12/2022 22:37,12/12/2022 23:15,XAUUSD,Buy,0.150,0.00000,0.00000,1780.49000,1780.62000,0.0000,0.0000,13.0,1.95,0.03,"",0,00:00:37:25,,,,,,,,,,,,
,116080793,12/12/2022 22:50,12/12/2022 23:15,XAUUSD,Buy,0.300,0.00000,0.00000,1779.98000,1780.64000,0.0000,0.0000,66.0,19.80,0.28,"",0,00:00:25:02,,,,,,,,,,,,
,116079763,12/12/2022 21:42,12/12/2022 21:57,XAUUSD,Buy,0.700,0.00000,0.00000,1779.85000,1781.36000,0.0000,0.0000,151.0,105.70,1.51,"from #116079743",0,00:00:15:13,,,,,,,,,,,,
,116079743,12/12/2022 21:42,12/12/2022 21:57,XAUUSD,Buy,0.300,0.00000,0.00000,1779.85000,1781.58000,0.0000,0.0000,173.0,51.90,0.75,"to #116079763",0,00:00:15:02,,,,,,,,,,,,
,116079623,12/12/2022 21:42,12/12/2022 21:56,XAUUSD,Buy,1.000,0.00000,0.00000,1779.85000,1781.47000,0.0000,0.0000,162.0,162.00,2.39,"to #116079743",0,00:00:14:18,,,,,,,,,,,,
,116078354,12/12/2022 20:58,12/12/2022 21:56,XAUUSD,Buy,0.050,0.00000,0.00000,1781.00000,1781.68000,0.0000,0.0000,68.0,3.40,0.05,"",0,00:00:58:15,,,,,,,,,,,,
,116079507,12/12/2022 21:44,12/12/2022 21:56,XAUUSD,Buy,0.500,0.00000,0.00000,1779.71000,1781.49000,0.0000,0.0000,178.0,89.00,1.33,"",0,00:00:11:18,,,,,,,,,,,,
,116079446,12/12/2022 21:42,12/12/2022 21:52,XAUUSD,Buy,1.000,0.00000,0.00000,1779.85000,1780.00000,0.0000,0.0000,15.0,15.00,0.22,"to #116079623",0,00:00:10:10,,,,,,,,,,,,
,116074898,12/12/2022 18:50,12/12/2022 18:54,XAUUSD,Buy,0.150,0.00000,0.00000,1784.31000,1784.43000,0.0000,0.0000,12.0,1.80,0.03,"",0,00:00:03:10,,,,,,,,,,,,
,116074883,12/12/2022 18:50,12/12/2022 18:54,XAUUSD,Buy,0.150,0.00000,0.00000,1784.35000,1784.36000,0.0000,0.0000,1.0,0.15,0.00,"",0,00:00:03:24,,,,,,,,,,,,
,116067847,12/12/2022 14:36,12/12/2022 18:31,XAUUSD,Sell,0.020,1791.50000,0.00000,1792.53000,1782.27000,0.0000,0.0000,1026.0,20.52,0.31,"from #116062539",0,00:03:55:10,100.0,3h 55m,275.0,0.00,1040.0,20.8,0.0,0.0,100.0,98.7,-14.00,-0.28
,116062539,12/12/2022 14:36,12/12/2022 16:44,XAUUSD,Sell,0.030,0.00000,0.00000,1792.53000,1786.38000,0.0000,0.0000,615.0,18.45,0.28,"to #116067847",0,00:02:07:55,100.0,2h 7m,87.0,0.00,615.0,18.45,0.0,0.0,100.0,100.0,0.00,0.00
,116050685,12/12/2022 09:38,12/12/2022 09:51,XAUUSD,Buy,0.080,0.00000,0.00000,1789.53000,1791.22000,0.0000,0.0000,169.0,13.52,0.20,"",0,00:00:12:57,,,,,,,,,,,,
,116050697,12/12/2022 09:39,12/12/2022 09:51,XAUUSD,Buy,0.200,1784.00000,0.00000,1789.73000,1791.07000,0.0000,0.0000,134.0,26.80,0.41,"",0,00:00:11:52,,,,,,,,,,,,
,116041170,12/09/2022 22:39,,,Withdrawal,0.010,0.00000,0.00000,0.00000,0.00000,0.0000,0.0000,0.0,-167.03,0,"Transfer to 10189649 #18881454",0,00:00:00:00,,,,,,,,,,,,
,116040460,12/09/2022 21:19,12/09/2022 22:38,XAUUSD,Sell,0.050,0.00000,0.00000,1798.31000,1797.49000,0.0000,0.0000,82.0,4.10,0.06,"",0,00:01:18:51,80.0,1h 3m,0.0,1.00,179831.0,8991.550000000001,179831.0,8991.550000000001,0,0,-179749.00,-8987.45
,116040479,12/09/2022 21:20,12/09/2022 22:38,XAUUSD,Sell,0.050,0.00000,0.00000,1798.10000,1797.50000,0.0000,0.0000,60.0,3.00,0.04,"",0,00:01:17:29,60.0,46m,0.0,1.00,179810.0,8990.5,179810.0,8990.5,0,0,-179750.00,-8987.50
,116040671,12/09/2022 21:40,12/09/2022 22:38,XAUUSD,Sell,0.150,0.00000,0.00000,1799.68000,1797.53000,0.0000,0.0000,215.0,32.25,0.48,"",0,00:00:57:39,,,,,,,,,,,,
,116040845,12/09/2022 22:02,12/09/2022 22:12,XAUUSD,Sell,0.050,0.00000,0.00000,1799.03000,1798.73000,0.0000,0.0000,30.0,1.50,0.02,"",0,00:00:10:53,,,,,,,,,,,,
,116040726,12/09/2022 21:45,12/09/2022 22:12,XAUUSD,Sell,0.030,0.00000,0.00000,1798.95000,1798.69000,0.0000,0.0000,26.0,0.78,0.01,"",0,00:00:27:36,,,,,,,,,,,,
,116040496,12/09/2022 21:22,12/09/2022 22:12,XAUUSD,Sell,0.050,0.00000,0.00000,1797.94000,1798.77000,0.0000,0.0000,-83.0,-4.15,-0.06,"",0,00:00:50:36,,,,,,,,,,,,
,116040531,12/09/2022 21:26,12/09/2022 22:12,XAUUSD,Sell,0.050,0.00000,0.00000,1798.26000,1798.66000,0.0000,0.0000,-40.0,-2.00,-0.03,"",0,00:00:46:25,,,,,,,,,,,,
,116040662,12/09/2022 21:39,12/09/2022 22:12,XAUUSD,Sell,0.150,0.00000,0.00000,1799.72000,1798.62000,0.0000,0.0000,110.0,16.50,0.25,"",0,00:00:33:28,,,,,,,,,,,,
,116040650,12/09/2022 21:36,12/09/2022 22:11,XAUUSD,Sell,0.150,0.00000,0.00000,1799.66000,1798.81000,0.0000,0.0000,85.0,12.75,0.19,"",0,00:00:34:35,,,,,,,,,,,,
,116040580,12/09/2022 21:31,12/09/2022 22:11,XAUUSD,Sell,0.050,0.00000,0.00000,1798.78000,1798.73000,0.0000,0.0000,5.0,0.25,0.00,"",0,00:00:40:22,,,,,,,,,,,,
,116040643,12/09/2022 21:36,12/09/2022 22:11,XAUUSD,Sell,0.150,0.00000,0.00000,1799.77000,1798.80000,0.0000,0.0000,97.0,14.55,0.22,"",0,00:00:34:51,,,,,,,,,,,,
,116039989,12/09/2022 20:46,12/09/2022 21:19,XAUUSD,Buy,0.100,0.00000,0.00000,1798.56000,1798.28000,0.0000,0.0000,-28.0,-2.80,-0.04,"",0,00:00:32:57,,,,,,,,,,,,
,116040405,12/09/2022 21:14,12/09/2022 21:18,XAUUSD,Buy,0.500,0.00000,0.00000,1797.27000,1798.52000,0.0000,0.0000,125.0,62.50,0.94,"",0,00:00:03:33,,,,,,,,,,,,
,116040004,12/09/2022 20:47,12/09/2022 21:17,XAUUSD,Buy,0.200,0.00000,0.00000,1798.18000,1798.22000,0.0000,0.0000,4.0,0.80,0.01,"",0,00:00:29:52,,,,,,,,,,,,
,116039880,12/09/2022 20:41,12/09/2022 21:17,XAUUSD,Buy,0.100,0.00000,0.00000,1798.53000,1797.99000,0.0000,0.0000,-54.0,-5.40,-0.08,"",0,00:00:35:57,,,,,,,,,,,,
,116040385,12/09/2022 21:13,12/09/2022 21:17,XAUUSD,Buy,0.500,0.00000,0.00000,1797.35000,1797.90000,0.0000,0.0000,55.0,27.50,0.42,"",0,00:00:04:09,,,,,,,,,,,,
,116039866,12/09/2022 20:40,12/09/2022 21:17,XAUUSD,Buy,0.100,0.00000,0.00000,1798.82000,1797.92000,0.0000,0.0000,-90.0,-9.00,-0.14,"",0,00:00:36:21,,,,,,,,,,,,
,116039860,12/09/2022 20:40,12/09/2022 21:17,XAUUSD,Buy,0.100,0.00000,0.00000,1798.71000,1797.92000,0.0000,0.0000,-79.0,-7.90,-0.12,"",0,00:00:36:26,,,,,,,,,,,,
,116040328,12/09/2022 21:09,12/09/2022 21:17,XAUUSD,Buy,0.500,0.00000,0.00000,1797.55000,1798.03000,0.0000,0.0000,48.0,24.00,0.36,"",0,00:00:07:18,,,,,,,,,,,,
,116039856,12/09/2022 20:40,12/09/2022 20:40,EURUSD,Buy,0.100,0.00000,0.00000,1.05549,1.05527,0.0000,0.0000,-2.2,-2.20,-0.03,"",0,00:00:00:07,,,,,,,,,,,,
,116038791,12/09/2022 19:46,,,Withdrawal,0.010,0.00000,0.00000,0.00000,0.00000,0.0000,0.0000,0.0,-1556.86,0,"Transfer to 10189649 #18880578",0,00:00:00:00,,,,,,,,,,,,
,116035111,12/09/2022 17:58,12/09/2022 19:45,XAUUSD,Sell,0.030,0.00000,0.00000,1796.83000,1799.50000,0.0000,0.0000,-267.0,-8.01,-0.10,"",0,00:01:47:00,0.0,0s,899.0,909.09,0.0,0.0,-899.0,-26.97,0.0,70.3,-267.00,-8.01
,116035029,12/09/2022 17:55,12/09/2022 19:45,XAUUSD,Sell,0.030,0.00000,0.00000,1796.19000,1799.49000,0.0000,0.0000,-330.0,-9.90,-0.12,"",0,00:01:49:55,0.0,0s,963.0,1000.00,0.0,0.0,-963.0,-28.89,0.0,65.7,-330.00,-9.90
,116035018,12/09/2022 17:55,12/09/2022 19:45,XAUUSD,Sell,0.030,0.00000,0.00000,1796.05000,1799.55000,0.0000,0.0000,-350.0,-10.50,-0.13,"",0,00:01:50:19,0.0,0s,977.0,1000.00,0.0,0.0,-977.0,-29.31,0.0,64.2,-350.00,-10.50
,116037849,12/09/2022 19:08,12/09/2022 19:45,XAUUSD,Sell,0.150,0.00000,0.00000,1803.69000,1799.50000,0.0000,0.0000,419.0,62.85,0.77,"",0,00:00:36:56,,,,,,,,,,,,
,116035692,12/09/2022 18:10,12/09/2022 19:45,XAUUSD,Sell,0.150,0.00000,0.00000,1797.05000,1799.45000,0.0000,0.0000,-240.0,-36.00,-0.44,"",0,00:01:35:16,0.0,0s,877.0,909.09,0.0,0.0,-877.0,-131.54999999999998,0.0,72.6,-240.00,-36.00
,116035733,12/09/2022 18:11,12/09/2022 19:45,XAUUSD,Sell,0.150,0.00000,0.00000,1797.43000,1799.47000,0.0000,0.0000,-204.0,-30.60,-0.37,"",0,00:01:33:34,0.0,0s,839.0,909.09,0.0,0.0,-839.0,-125.85,0.0,75.7,-204.00,-30.60
,116036719,12/09/2022 18:36,12/09/2022 19:45,XAUUSD,Sell,0.200,0.00000,0.00000,1803.94000,1799.35000,0.0000,0.0000,459.0,91.80,1.13,"",0,00:01:08:59,100.0,1h 8m,54.0,0.00,513.0,102.60000000000001,0.0,0.0,100.0,89.5,-54.00,-10.80
,116036620,12/09/2022 18:34,12/09/2022 19:45,XAUUSD,Sell,0.500,0.00000,0.00000,1804.03000,1799.27000,0.0000,0.0000,476.0,238.00,3.03,"",0,00:01:10:36,100.0,1h 10m,46.0,0.00,522.0,261.0,0.0,0.0,100.0,91.2,-46.00,-23.00
,116036601,12/09/2022 18:34,12/09/2022 19:45,XAUUSD,Sell,0.500,0.00000,0.00000,1804.16000,1799.40000,0.0000,0.0000,476.0,238.00,3.12,"",0,00:01:11:00,100.0,1h 11m,59.0,0.00,535.0,267.5,0.0,0.0,100.0,89.0,-59.00,-29.50
,116035473,12/09/2022 18:01,12/09/2022 19:45,XAUUSD,Sell,0.100,0.00000,0.00000,1796.30000,1799.50000,0.0000,0.0000,-320.0,-32.00,-0.42,"",0,00:01:43:44,0.0,0s,952.0,1000.00,0.0,0.0,-952.0,-95.2,0.0,66.4,-320.00,-32.00
,116036255,12/09/2022 18:28,12/09/2022 19:45,XAUUSD,Sell,0.500,0.00000,0.00000,1801.72000,1799.39000,0.0000,0.0000,233.0,116.50,1.55,"",0,00:01:17:01,66.7,51m,296.0,1.02,291.0,145.5,-296.0,-148.0,49.6,90.1,-58.00,-29.00
,116037255,12/09/2022 18:52,12/09/2022 19:44,XAUUSD,Sell,1.000,0.00000,0.00000,1805.11000,1799.06000,0.0000,0.0000,605.0,605.00,8.73,"",0,00:00:52:57,,,,,,,,,,,,
,116034320,12/09/2022 17:14,12/09/2022 17:39,XAUUSD,Buy,0.100,0.00000,0.00000,1793.78000,1795.16000,0.0000,0.0000,138.0,13.80,0.20,"from #116033107",0,00:00:25:00,,,,,,,,,,,,
,116033107,12/09/2022 17:14,12/09/2022 17:38,XAUUSD,Buy,0.100,0.00000,0.00000,1793.78000,1794.16000,0.0000,0.0000,38.0,3.80,0.05,"to #116034320",0,00:00:23:59,,,,,,,,,,,,
,116033117,12/09/2022 17:14,12/09/2022 17:38,XAUUSD,Buy,0.500,0.00000,0.00000,1794.07000,1794.24000,0.0000,0.0000,17.0,8.50,0.12,"",0,00:00:23:37,,,,,,,,,,,,
,116032931,12/09/2022 17:11,12/09/2022 17:38,XAUUSD,Buy,0.200,0.00000,0.00000,1794.90000,1794.14000,0.0000,0.0000,-76.0,-15.20,-0.22,"",0,00:00:26:31,,,,,,,,,,,,
,116033979,12/09/2022 17:32,12/09/2022 17:38,XAUUSD,Buy,0.200,0.00000,0.00000,1793.42000,1794.17000,0.0000,0.0000,75.0,15.00,0.22,"",0,00:00:05:28,,,,,,,,,,,,
,116033303,12/09/2022 17:18,12/09/2022 17:32,XAUUSD,Buy,0.200,0.00000,0.00000,1793.39000,1792.73000,0.0000,0.0000,-66.0,-13.20,-0.19,"",0,00:00:13:48,,,,,,,,,,,,
,116033610,12/09/2022 17:24,12/09/2022 17:32,XAUUSD,Buy,0.500,0.00000,0.00000,1791.58000,1792.56000,0.0000,0.0000,98.0,49.00,0.71,"",0,00:00:07:38,,,,,,,,,,,,
,116030727,12/09/2022 16:32,12/09/2022 17:32,XAUUSD,Buy,0.020,0.00000,0.00000,1796.91000,1792.77000,0.0000,0.0000,-414.0,-8.28,-0.12,"",0,00:00:59:29,,,,,,,,,,,,
,116030722,12/09/2022 16:32,12/09/2022 17:32,XAUUSD,Buy,0.020,0.00000,0.00000,1796.95000,1792.82000,0.0000,0.0000,-413.0,-8.26,-0.12,"",0,00:00:59:29,,,,,,,,,,,,
,116030300,12/09/2022 16:20,12/09/2022 17:32,XAUUSD,Buy,0.050,0.00000,0.00000,1796.98000,1792.85000,0.0000,0.0000,-413.0,-20.65,-0.30,"",0,00:01:11:18,20.0,14m,638.0,4.60,114.0,5.7,-524.0,-26.200000000000003,17.9,17.4,-527.00,-26.35
,116030228,12/09/2022 16:19,12/09/2022 17:31,XAUUSD,Buy,0.050,0.00000,0.00000,1797.29000,1792.94000,0.0000,0.0000,-435.0,-21.75,-0.31,"",0,00:01:12:50,20.0,14m,638.0,6.69,83.0,4.15,-555.0,-27.75,13.0,18.8,-518.00,-25.90
,116030138,12/09/2022 16:17,12/09/2022 17:31,XAUUSD,Buy,0.100,0.00000,0.00000,1797.08000,1793.08000,0.0000,0.0000,-400.0,-40.00,-0.57,"",0,00:01:14:42,20.0,14m,638.0,5.14,104.0,10.4,-534.0,-53.400000000000006,16.3,21.0,-504.00,-50.40
,116033685,12/09/2022 17:26,12/09/2022 17:31,XAUUSD,Buy,0.500,0.00000,0.00000,1791.31000,1792.93000,0.0000,0.0000,162.0,81.00,1.18,"",0,00:00:04:56,,,,,,,,,,,,
,116033330,12/09/2022 17:19,12/09/2022 17:31,XAUUSD,Buy,0.200,0.00000,0.00000,1793.29000,1793.03000,0.0000,0.0000,-26.0,-5.20,-0.08,"",0,00:00:12:20,,,,,,,,,,,,
,116033584,12/09/2022 17:24,12/09/2022 17:31,XAUUSD,Buy,1.000,0.00000,0.00000,1791.21000,1793.30000,0.0000,0.0000,209.0,209.00,3.13,"",0,00:00:07:35,,,,,,,,,,,,
,116033758,12/09/2022 17:28,12/09/2022 17:31,XAUUSD,Buy,0.500,0.00000,0.00000,1791.17000,1792.85000,0.0000,0.0000,168.0,84.00,1.27,"",0,00:00:03:07,,,,,,,,,,,,
,116030708,12/09/2022 16:32,12/09/2022 16:32,XAUUSD,Sell,0.020,0.00000,0.00000,1796.68000,1797.02000,0.0000,0.0000,-34.0,-0.68,-0.01,"",0,00:00:00:12,,,,,,,,,,,,
,116028718,12/09/2022 15:55,12/09/2022 16:06,XAUUSD,Sell,0.010,0.00000,0.00000,1797.26000,1797.34000,0.0000,0.0000,-8.0,-0.08,0.00,"",0,00:00:11:46,,,,,,,,,,,,
,116028806,12/09/2022 15:56,12/09/2022 16:06,XAUUSD,Sell,0.010,0.00000,0.00000,1797.97000,1797.35000,0.0000,0.0000,62.0,0.62,0.01,"",0,00:00:10:12,,,,,,,,,,,,
,116027265,12/09/2022 15:41,12/09/2022 15:42,XAUUSD,Sell,0.010,0.00000,0.00000,1796.97000,1796.63000,0.0000,0.0000,34.0,0.34,0.01,"",0,00:00:00:24,,,,,,,,,,,,
,116027216,12/09/2022 15:41,12/09/2022 15:42,XAUUSD,Sell,0.010,0.00000,0.00000,1797.92000,1796.71000,0.0000,0.0000,121.0,1.21,0.02,"",0,00:00:00:40,,,,,,,,,,,,
,116026722,12/09/2022 15:37,12/09/2022 15:41,XAUUSD,Sell,0.100,0.00000,0.00000,1797.48000,1797.43000,0.0000,0.0000,5.0,0.50,0.01,"",0,00:00:04:26,,,,,,,,,,,,
,116027228,12/09/2022 15:41,12/09/2022 15:41,XAUUSD,Sell,0.050,0.00000,0.00000,1797.26000,1797.61000,0.0000,0.0000,-35.0,-1.75,-0.03,"",0,00:00:00:08,,,,,,,,,,,,
,116026361,12/09/2022 15:35,,,Withdrawal,0.010,0.00000,0.00000,0.00000,0.00000,0.0000,0.0000,0.0,-1579.62,0,"Transfer to 10189649 #18877238",0,00:00:00:00,,,,,,,,,,,,
,116021722,12/09/2022 14:12,12/09/2022 15:34,XAUUSD,Sell,0.150,0.00000,0.00000,1799.76000,1798.47000,0.0000,0.0000,129.0,19.35,0.24,"",0,00:01:22:01,33.4,27m,315.0,0.37,444.0,66.6,-163.0,-24.45,73.1,48.1,-315.00,-47.25
,116020589,12/09/2022 13:41,12/09/2022 15:34,XAUUSD,Sell,0.020,0.00000,0.00000,1798.38000,1796.40000,0.0000,0.0000,198.0,3.96,0.05,"",0,00:01:52:32,25.0,28m,301.0,0.98,306.0,6.12,-301.0,-6.0200000000000005,50.4,82.2,-108.00,-2.16
,116020682,12/09/2022 13:43,12/09/2022 15:34,XAUUSD,Sell,0.050,0.00000,0.00000,1798.80000,1796.50000,0.0000,0.0000,230.0,11.50,0.14,"",0,00:01:50:15,25.0,27m,259.0,0.74,348.0,17.400000000000002,-259.0,-12.950000000000001,57.3,80.6,-118.00,-5.90
,116020541,12/09/2022 13:40,12/09/2022 15:34,XAUUSD,Sell,0.100,0.00000,0.00000,1798.21000,1796.59000,0.0000,0.0000,162.0,16.20,0.20,"",0,00:01:53:43,25.0,28m,318.0,1.10,289.0,28.900000000000002,-318.0,-31.8,47.6,79.1,-127.00,-12.70
,116021411,12/09/2022 14:00,12/09/2022 15:33,XAUUSD,Sell,0.150,0.00000,0.00000,1800.28000,1796.13000,0.0000,0.0000,415.0,62.25,0.77,"",0,00:01:33:40,50.0,46m,114.0,0.22,496.0,74.39999999999999,-111.0,-16.65,81.7,86.7,-81.00,-12.15
,116022056,12/09/2022 14:27,12/09/2022 15:31,XAUUSD,Sell,0.150,0.00000,0.00000,1800.47000,1793.01000,0.0000,0.0000,746.0,111.90,1.41,"",0,00:01:03:46,60.0,38m,114.0,0.12,746.0,111.89999999999999,-92.0,-13.799999999999999,89.0,100.0,0.00,0.00
,116022573,12/09/2022 14:42,12/09/2022 15:30,XAUUSD,Sell,0.300,0.00000,0.00000,1800.87000,1792.17000,0.0000,0.0000,870.0,261.00,3.39,"",0,00:00:48:30,,,,,,,,,,,,
,116023864,12/09/2022 15:11,12/09/2022 15:30,XAUUSD,Sell,0.300,0.00000,0.00000,1801.04000,1793.08000,0.0000,0.0000,796.0,238.80,3.20,"",0,00:00:19:13,,,,,,,,,,,,
,116024445,12/09/2022 15:24,12/09/2022 15:30,XAUUSD,Sell,0.300,0.00000,0.00000,1802.44000,1792.78000,0.0000,0.0000,966.0,289.80,4.04,"",0,00:00:05:35,,,,,,,,,,,,
,116019069,12/09/2022 13:02,12/09/2022 13:06,XAUUSD,Buy,0.080,0.00000,0.00000,1794.98000,1794.94000,0.0000,0.0000,-4.0,-0.32,0.00,"",0,00:00:03:49,,,,,,,,,,,,
,116016311,12/09/2022 11:52,12/09/2022 13:06,XAUUSD,Buy,0.800,0.00000,0.00000,1792.46000,1794.97000,0.0000,0.0000,251.0,200.80,2.88,"",0,00:01:13:49,100.0,1h 13m,86.0,0.00,251.0,200.8,0.0,0.0,100.0,100.0,0.00,0.00
,116018276,12/09/2022 12:38,12/09/2022 13:06,XAUUSD,Buy,0.200,0.00000,0.00000,1793.17000,1795.07000,0.0000,0.0000,190.0,38.00,0.55,"",0,00:00:28:21,,,,,,,,,,,,
,116017312,12/09/2022 12:09,12/09/2022 13:06,XAUUSD,Buy,0.100,0.00000,0.00000,1794.24000,1794.79000,0.0000,0.0000,55.0,5.50,0.08,"",0,00:00:56:09,,,,,,,,,,,,
,116016526,12/09/2022 11:59,12/09/2022 13:05,XAUUSD,Buy,0.350,0.00000,0.00000,1792.89000,1794.79000,0.0000,0.0000,190.0,66.50,0.97,"",0,00:01:06:29,100.0,1h 6m,86.0,0.01,190.0,66.5,0.0,0.0,100.0,100.0,0.00,0.00
,116016491,12/09/2022 11:58,12/09/2022 13:05,XAUUSD,Buy,0.350,0.00000,0.00000,1793.09000,1794.79000,0.0000,0.0000,170.0,59.50,0.88,"",0,00:01:07:38,80.0,54m,86.0,0.07,170.0,59.49999999999999,-12.0,-4.199999999999999,93.4,100.0,0.00,0.00
,116017729,12/09/2022 12:21,12/09/2022 12:53,XAUUSD,Buy,0.100,0.00000,0.00000,1793.92000,1793.83000,0.0000,0.0000,-9.0,-0.90,-0.01,"",0,00:00:32:05,,,,,,,,,,,,
,116018191,12/09/2022 12:34,12/09/2022 12:53,XAUUSD,Buy,0.200,0.00000,0.00000,1793.20000,1793.82000,0.0000,0.0000,62.0,12.40,0.18,"",0,00:00:18:28,,,,,,,,,,,,
,116017838,12/09/2022 12:25,12/09/2022 12:53,XAUUSD,Buy,0.200,0.00000,0.00000,1793.81000,1793.88000,0.0000,0.0000,7.0,1.40,0.02,"",0,00:00:28:11,,,,,,,,,,,,
,116017131,12/09/2022 12:08,12/09/2022 12:53,XAUUSD,Buy,0.100,0.00000,0.00000,1793.91000,1793.88000,0.0000,0.0000,-3.0,-0.30,0.00,"",0,00:00:44:46,,,,,,,,,,,,
,116018124,12/09/2022 12:33,12/09/2022 12:53,XAUUSD,Buy,0.200,0.00000,0.00000,1793.25000,1793.92000,0.0000,0.0000,67.0,13.40,0.20,"",0,00:00:19:57,,,,,,,,,,,,
,116017797,12/09/2022 12:23,12/09/2022 12:53,XAUUSD,Buy,0.200,0.00000,0.00000,1793.67000,1793.92000,0.0000,0.0000,25.0,5.00,0.07,"",0,00:00:29:21,,,,,,,,,,,,
,116016831,12/09/2022 12:03,12/09/2022 12:52,XAUUSD,Buy,0.100,0.00000,0.00000,1793.83000,1793.91000,0.0000,0.0000,8.0,0.80,0.01,"",0,00:00:49:44,,,,,,,,,,,,
,116016793,12/09/2022 12:02,12/09/2022 12:52,XAUUSD,Buy,0.100,0.00000,0.00000,1793.91000,1793.90000,0.0000,0.0000,-1.0,-0.10,0.00,"",0,00:00:50:23,,,,,,,,,,,,
,116010319,12/09/2022 08:45,12/09/2022 09:57,XAUUSD,Sell,0.200,0.00000,0.00000,1794.58000,1792.97000,0.0000,0.0000,161.0,32.20,0.48,"",0,00:01:11:16,100.0,1h 11m,22.0,0.01,183.0,36.6,0.0,0.0,100.0,88.0,-22.00,-4.40
,116011234,12/09/2022 09:20,12/09/2022 09:57,XAUUSD,Sell,0.200,0.00000,0.00000,1795.36000,1793.06000,0.0000,0.0000,230.0,46.00,0.69,"",0,00:00:36:55,,,,,,,,,,,,
,115994771,12/08/2022 17:41,12/08/2022 17:50,XAUUSD,Sell,0.150,0.00000,0.00000,1792.24000,1790.58000,0.0000,0.0000,166.0,24.90,0.37,"",0,00:00:09:52,,,,,,,,,,,,
,115991602,12/08/2022 16:55,12/08/2022 16:57,XAUUSD,Buy,0.500,0.00000,0.00000,1791.77000,1791.84000,0.0000,0.0000,7.0,3.50,0.05,"",0,00:00:02:12,,,,,,,,,,,,
,115991416,12/08/2022 16:52,12/08/2022 16:57,XAUUSD,Buy,0.020,0.00000,0.00000,1790.45000,1792.19000,0.0000,0.0000,174.0,3.48,0.05,"",0,00:00:04:45,,,,,,,,,,,,
,115991580,12/08/2022 16:55,12/08/2022 16:57,XAUUSD,Buy,0.500,0.00000,0.00000,1791.67000,1792.39000,0.0000,0.0000,72.0,36.00,0.54,"",0,00:00:02:05,,,,,,,,,,,,
,115986528,12/08/2022 15:41,12/08/2022 15:47,XAUUSD,Sell,0.100,0.00000,0.00000,1790.02000,1788.31000,0.0000,0.0000,171.0,17.10,0.26,"",0,00:00:06:01,,,,,,,,,,,,
,115985356,12/08/2022 15:28,,,Withdrawal,0.010,0.00000,0.00000,0.00000,0.00000,0.0000,0.0000,0.0,-1274.65,0,"Withdraw CCTT #18866326",0,00:00:00:00,,,,,,,,,,,,
,115984791,12/08/2022 15:17,12/08/2022 15:24,XAUUSD,Buy,0.020,0.00000,0.00000,1787.73000,1789.49000,0.0000,0.0000,176.0,3.52,0.04,"",0,00:00:06:48,,,,,,,,,,,,
,115983822,12/08/2022 14:54,12/08/2022 15:15,XAUUSD,Buy,0.200,1784.30000,0.00000,1785.09000,1786.86000,0.0000,0.0000,177.0,35.40,0.45,"",0,00:00:21:55,,,,,,,,,,,,
,115983331,12/08/2022 14:38,12/08/2022 15:10,XAUUSD,Buy,0.200,0.00000,0.00000,1785.48000,1787.03000,0.0000,0.0000,155.0,31.00,0.40,"",0,00:00:31:47,,,,,,,,,,,,
,115981801,12/08/2022 13:57,12/08/2022 15:10,XAUUSD,Buy,0.200,0.00000,0.00000,1784.44000,1787.15000,0.0000,0.0000,271.0,54.20,0.70,"",0,00:01:12:16,,,,,,,,,,,,
,115983035,12/08/2022 14:31,12/08/2022 15:10,XAUUSD,Buy,0.500,0.00000,0.00000,1785.55000,1787.08000,0.0000,0.0000,153.0,76.50,1.00,"",0,00:00:38:30,,,,,,,,,,,,
,115984352,12/08/2022 15:05,12/08/2022 15:08,XAUUSD,Buy,0.650,0.00000,0.00000,1786.84000,1788.31000,0.0000,0.0000,147.0,95.55,1.26,"from #115984313",0,00:00:03:03,,,,,,,,,,,,
,115984313,12/08/2022 15:05,12/08/2022 15:06,XAUUSD,Buy,0.500,0.00000,0.00000,1786.84000,1787.13000,0.0000,0.0000,29.0,14.50,0.19,"to #115984352",0,00:00:01:26,,,,,,,,,,,,
,115984291,12/08/2022 15:05,12/08/2022 15:05,XAUUSD,Buy,8.000,0.00000,0.00000,1786.84000,1786.77000,0.0000,0.0000,-7.0,-56.00,-0.73,"to #115984313",0,00:00:00:37,,,,,,,,,,,,
,115983894,12/08/2022 14:56,12/08/2022 15:02,XAUUSD,Buy,0.350,0.00000,0.00000,1785.21000,1785.98000,0.0000,0.0000,77.0,26.95,0.35,"",0,00:00:06:23,,,,,,,,,,,,
,115983044,12/08/2022 14:32,12/08/2022 15:02,XAUUSD,Buy,0.200,0.00000,0.00000,1785.64000,1786.07000,0.0000,0.0000,43.0,8.60,0.11,"",0,00:00:30:45,,,,,,,,,,,,
,115983052,12/08/2022 14:32,12/08/2022 15:02,XAUUSD,Buy,0.300,0.00000,0.00000,1785.75000,1786.02000,0.0000,0.0000,27.0,8.10,0.11,"",0,00:00:30:33,,,,,,,,,,,,
,115983646,12/08/2022 14:46,12/08/2022 15:02,XAUUSD,Buy,0.200,0.00000,0.00000,1785.55000,1786.02000,0.0000,0.0000,47.0,9.40,0.12,"",0,00:00:16:19,,,,,,,,,,,,
,115981707,12/08/2022 13:53,12/08/2022 14:29,XAUUSD,Buy,0.500,0.00000,0.00000,1783.79000,1785.68000,0.0000,0.0000,189.0,94.50,1.26,"",0,00:00:35:47,,,,,,,,,,,,
,115981533,12/08/2022 13:46,12/08/2022 14:29,XAUUSD,Buy,0.500,0.00000,0.00000,1784.66000,1785.66000,0.0000,0.0000,100.0,50.00,0.67,"",0,00:00:43:02,,,,,,,,,,,,
,115981584,12/08/2022 13:49,12/08/2022 14:28,XAUUSD,Buy,0.200,0.00000,0.00000,1784.66000,1785.79000,0.0000,0.0000,113.0,22.60,0.31,"",0,00:00:39:09,,,,,,,,,,,,
,115981315,12/08/2022 13:39,12/08/2022 14:28,XAUUSD,Buy,0.500,0.00000,0.00000,1785.20000,1785.78000,0.0000,0.0000,58.0,29.00,0.39,"",0,00:00:49:43,,,,,,,,,,,,
,115981438,12/08/2022 13:43,12/08/2022 14:13,XAUUSD,Buy,0.050,0.00000,0.00000,1785.49000,1786.55000,0.0000,0.0000,106.0,5.30,0.07,"",0,00:00:29:17,,,,,,,,,,,,
,115981360,12/08/2022 13:40,12/08/2022 14:13,XAUUSD,Buy,0.250,0.00000,0.00000,1785.57000,1786.47000,0.0000,0.0000,90.0,22.50,0.31,"",0,00:00:32:46,,,,,,,,,,,,
,115980564,12/08/2022 13:11,12/08/2022 13:39,XAUUSD,Sell,0.050,0.00000,0.00000,1782.38000,1785.19000,0.0000,0.0000,-281.0,-14.05,-0.19,"",0,00:00:28:13,,,,,,,,,,,,
,115966050,12/07/2022 20:20,12/07/2022 23:31,XAUUSD,Sell,0.020,0.00000,0.00000,1785.27000,1785.91000,0.0000,0.0000,-64.0,-1.28,-0.02,"from #115962952",0,00:03:11:28,0.0,0s,456.0,476.19,0.0,0.0,-456.0,-9.120000000000001,0.0,86.0,-64.00,-1.28
,115962952,12/07/2022 20:20,12/07/2022 23:30,XAUUSD,Sell,0.030,0.00000,0.00000,1785.27000,1786.00000,0.0000,0.0000,-73.0,-2.19,-0.03,"to #115966050",0,00:03:10:13,0.0,0s,456.0,476.19,0.0,0.0,-456.0,-13.68,0.0,84.0,-73.00,-2.19
,115962691,12/07/2022 20:11,12/07/2022 23:30,XAUUSD,Sell,0.050,0.00000,0.00000,1784.18000,1785.96000,0.0000,0.0000,-178.0,-8.90,-0.12,"",0,00:03:18:29,0.0,0s,565.0,588.24,0.0,0.0,-565.0,-28.25,0.0,68.5,-178.00,-8.90
,115962680,12/07/2022 20:11,12/07/2022 23:30,XAUUSD,Sell,0.050,0.00000,0.00000,1784.35000,1785.94000,0.0000,0.0000,-159.0,-7.95,-0.11,"",0,00:03:18:34,0.0,0s,548.0,555.56,0.0,0.0,-548.0,-27.400000000000002,0.0,71.0,-159.00,-7.95
,115962982,12/07/2022 20:21,12/07/2022 23:30,XAUUSD,Sell,0.050,0.00000,0.00000,1785.72000,1785.99000,0.0000,0.0000,-27.0,-1.35,-0.02,"",0,00:03:08:46,0.0,0s,411.0,416.67,0.0,0.0,-411.0,-20.55,0.0,93.4,-27.00,-1.35
,115963150,12/07/2022 20:29,12/07/2022 23:30,XAUUSD,Sell,0.200,0.00000,0.00000,1785.52000,1786.09000,0.0000,0.0000,-57.0,-11.40,-0.15,"",0,00:03:00:31,0.0,0s,431.0,434.78,0.0,0.0,-431.0,-86.2,0.0,86.8,-57.00,-11.40
,115964433,12/07/2022 21:23,12/07/2022 23:29,XAUUSD,Sell,0.200,0.00000,0.00000,1786.73000,1786.07000,0.0000,0.0000,66.0,13.20,0.18,"",0,00:02:06:23,50.0,1h 3m,90.0,0.90,100.0,20.0,-90.0,-18.0,52.6,82.1,-34.00,-6.80
,115965173,12/07/2022 22:09,12/07/2022 23:29,XAUUSD,Sell,0.500,0.00000,0.00000,1789.46000,1786.08000,0.0000,0.0000,338.0,169.00,2.34,"",0,00:01:20:21,,,,,,,,,,,,
,115964968,12/07/2022 21:58,12/07/2022 22:45,XAUUSD,Sell,0.500,0.00000,0.00000,1789.87000,1787.44000,0.0000,0.0000,243.0,121.50,1.71,"",0,00:00:47:27,,,,,,,,,,,,
,115963337,12/07/2022 20:35,12/07/2022 22:45,XAUUSD,Sell,1.000,0.00000,0.00000,1786.60000,1787.43000,0.0000,0.0000,-83.0,-83.00,-1.16,"",0,00:02:10:16,0.0,0s,323.0,333.33,0.0,0.0,-323.0,-323.0,0.0,74.3,-83.00,-83.00
,115964865,12/07/2022 21:52,12/07/2022 22:45,XAUUSD,Sell,1.000,0.00000,0.00000,1789.90000,1787.41000,0.0000,0.0000,249.0,249.00,3.60,"",0,00:00:52:51,,,,,,,,,,,,
,115965201,12/07/2022 22:10,12/07/2022 22:45,XAUUSD,Sell,0.350,0.00000,0.00000,1789.32000,1787.32000,0.0000,0.0000,200.0,70.00,1.02,"",0,00:00:35:08,,,,,,,,,,,,
,115963356,12/07/2022 20:36,12/07/2022 22:45,XAUUSD,Sell,0.200,0.00000,0.00000,1786.68000,1787.23000,0.0000,0.0000,-55.0,-11.00,-0.16,"",0,00:02:09:35,0.0,0s,315.0,322.58,0.0,0.0,-315.0,-63.0,0.0,82.5,-55.00,-11.00
,115964612,12/07/2022 21:35,12/07/2022 22:45,XAUUSD,Sell,0.200,0.00000,0.00000,1787.68000,1787.12000,0.0000,0.0000,56.0,11.20,0.16,"",0,00:01:09:37,,,,,,,,,,,,
,115964575,12/07/2022 21:33,12/07/2022 22:45,XAUUSD,Sell,0.200,0.00000,0.00000,1787.04000,1787.04000,0.0000,0.0000,0.0,0.00,0.00,"",0,00:01:12:11,,,,,,,,,,,,
,115964522,12/07/2022 21:29,12/07/2022 22:45,XAUUSD,Sell,0.200,0.00000,0.00000,1787.34000,1787.03000,0.0000,0.0000,31.0,6.20,0.09,"",0,00:01:16:04,,,,,,,,,,,,
,115964476,12/07/2022 21:25,12/07/2022 22:45,XAUUSD,Sell,0.200,0.00000,0.00000,1787.20000,1787.11000,0.0000,0.0000,9.0,1.80,0.03,"",0,00:01:19:37,,,,,,,,,,,,
,115963556,12/07/2022 20:42,12/07/2022 21:05,XAUUSD,Sell,1.500,0.00000,0.00000,1788.39000,1786.79000,0.0000,0.0000,160.0,240.00,3.64,"",0,00:00:22:43,,,,,,,,,,,,
,115950162,12/07/2022 16:11,12/07/2022 17:45,XAUUSD,Sell,0.050,0.00000,0.00000,1776.83000,1780.05000,0.0000,0.0000,-322.0,-16.10,-0.24,"",0,00:01:34:23,,,,,,,,,,,,
,115951966,12/07/2022 16:40,12/07/2022 17:45,XAUUSD,Sell,0.050,0.00000,0.00000,1784.02000,1780.35000,0.0000,0.0000,367.0,18.35,0.28,"",0,00:01:04:30,,,,,,,,,,,,
,115950117,12/07/2022 16:09,,,Withdrawal,0.010,0.00000,0.00000,0.00000,0.00000,0.0000,0.0000,0.0,-1148.11,0,"Transfer to 10189649 #18855612",0,00:00:00:00,,,,,,,,,,,,
,115941238,12/07/2022 12:51,12/07/2022 15:12,XAUUSD,Buy,0.100,0.00000,0.00000,1773.42000,1775.01000,0.0000,0.0000,159.0,15.90,0.21,"",0,00:02:20:56,60.0,1h 24m,192.0,0.73,262.0,26.200000000000003,-192.0,-19.200000000000003,57.7,77.3,-103.00,-10.30
,115941005,12/07/2022 12:49,12/07/2022 15:12,XAUUSD,Buy,0.100,0.00000,0.00000,1773.68000,1774.88000,0.0000,0.0000,120.0,12.00,0.16,"",0,00:02:23:14,60.0,1h 25m,218.0,0.92,236.0,23.6,-218.0,-21.8,52.0,74.4,-116.00,-11.60
,115941796,12/07/2022 13:03,12/07/2022 15:12,XAUUSD,Buy,0.300,0.00000,0.00000,1772.79000,1774.84000,0.0000,0.0000,205.0,61.50,0.80,"",0,00:02:08:44,75.0,1h 36m,120.0,0.32,325.0,97.5,-103.0,-30.9,75.9,72.0,-120.00,-36.00
,115941016,12/07/2022 12:49,12/07/2022 15:06,XAUUSD,Buy,0.100,0.00000,0.00000,1773.73000,1774.19000,0.0000,0.0000,46.0,4.60,0.06,"",0,00:02:16:55,60.0,1h 22m,223.0,0.97,231.0,23.1,-223.0,-22.3,50.9,59.3,-185.00,-18.50
,115942185,12/07/2022 13:18,12/07/2022 15:06,XAUUSD,Buy,0.150,0.00000,0.00000,1773.65000,1774.14000,0.0000,0.0000,49.0,7.35,0.10,"",0,00:01:48:26,,,,,,,,,,,,
,115940990,12/07/2022 12:49,12/07/2022 15:06,XAUUSD,Buy,0.100,0.00000,0.00000,1773.74000,1774.20000,0.0000,0.0000,46.0,4.60,0.06,"",0,00:02:17:26,60.0,1h 22m,224.0,0.97,230.0,23.0,-224.0,-22.400000000000002,50.7,59.5,-184.00,-18.40
,115941791,12/07/2022 13:03,12/07/2022 15:06,XAUUSD,Buy,0.300,0.00000,0.00000,1772.82000,1774.13000,0.0000,0.0000,131.0,39.30,0.52,"",0,00:02:02:38,75.0,1h 31m,191.0,0.33,322.0,96.6,-106.0,-31.799999999999997,75.2,55.4,-191.00,-57.30
,115942675,12/07/2022 13:31,12/07/2022 15:01,XAUUSD,Buy,0.100,0.00000,0.00000,1774.29000,1774.36000,0.0000,0.0000,7.0,0.70,0.01,"",0,00:01:29:22,,,,,,,,,,,,
,115940949,12/07/2022 12:48,12/07/2022 15:01,XAUUSD,Buy,0.150,0.00000,0.00000,1773.84000,1774.35000,0.0000,0.0000,51.0,7.65,0.10,"",0,00:02:12:30,60.0,1h 19m,234.0,1.06,220.0,33.0,-234.0,-35.1,48.5,62.8,-169.00,-25.35
,115941262,12/07/2022 12:52,12/07/2022 15:01,XAUUSD,Buy,0.300,0.00000,0.00000,1773.12000,1774.43000,0.0000,0.0000,131.0,39.30,0.52,"",0,00:02:08:05,60.0,1h 16m,162.0,0.55,292.0,87.6,-162.0,-48.6,64.3,64.5,-161.00,-48.30
,115943187,12/07/2022 13:50,12/07/2022 14:41,XAUUSD,Buy,1.000,0.00000,0.00000,1772.08000,1773.20000,0.0000,0.0000,112.0,112.00,1.50,"",0,00:00:51:15,,,,,,,,,,,,
,115943274,12/07/2022 13:54,12/07/2022 14:41,XAUUSD,Buy,1.000,0.00000,0.00000,1771.64000,1773.21000,0.0000,0.0000,157.0,157.00,2.15,"",0,00:00:47:17,,,,,,,,,,,,
,115934000,12/07/2022 10:41,12/07/2022 10:56,XAUUSD,Buy,0.150,0.00000,0.00000,1772.74000,1775.32000,0.0000,0.0000,258.0,38.70,0.53,"",0,00:00:15:15,,,,,,,,,,,,
,115933255,12/07/2022 10:17,12/07/2022 10:56,XAUUSD,Buy,0.100,0.00000,0.00000,1772.35000,1775.45000,0.0000,0.0000,310.0,31.00,0.43,"",0,00:00:39:10,,,,,,,,,,,,
,115933274,12/07/2022 10:17,12/07/2022 10:56,XAUUSD,Buy,0.500,0.00000,0.00000,1772.36000,1775.45000,0.0000,0.0000,309.0,154.50,2.19,"",0,00:00:38:42,,,,,,,,,,,,
,115931563,12/07/2022 09:31,12/07/2022 09:35,XAUUSD,Buy,0.250,0.00000,0.00000,1774.31000,1774.58000,0.0000,0.0000,27.0,6.75,0.10,"",0,00:00:03:22,,,,,,,,,,,,
,115931525,12/07/2022 09:30,12/07/2022 09:34,XAUUSD,Buy,0.500,0.00000,0.00000,1774.19000,1774.78000,0.0000,0.0000,59.0,29.50,0.42,"",0,00:00:03:26,,,,,,,,,,,,
,115931522,12/07/2022 09:30,12/07/2022 09:34,XAUUSD,Buy,0.500,0.00000,0.00000,1774.24000,1774.99000,0.0000,0.0000,75.0,37.50,0.54,"",0,00:00:03:25,,,,,,,,,,,,
,115924517,12/06/2022 23:01,12/07/2022 07:19,XAUUSD,Buy,0.010,0.00000,0.00000,1772.32000,1773.66000,0.0000,-0.1300,134.0,1.21,0.02,"",0,00:08:17:32,37.5,3h 6m,369.0,1.23,227.0,2.27,-280.0,-2.8000000000000003,44.8,81.7,-93.00,-0.93
,115928463,12/07/2022 07:08,12/07/2022 07:19,XAUUSD,Buy,0.500,0.00000,0.00000,1772.69000,1773.66000,0.0000,0.0000,97.0,48.50,0.70,"",0,00:00:11:14,,,,,,,,,,,,
,115922835,12/06/2022 21:27,12/06/2022 21:47,XAUUSD,Buy,0.100,0.00000,0.00000,1770.92000,1771.31000,0.0000,0.0000,39.0,3.90,0.06,"",0,00:00:19:40,,,,,,,,,,,,
,115922527,12/06/2022 21:13,12/06/2022 21:25,XAUUSD,Buy,0.050,0.00000,0.00000,1769.46000,1770.19000,0.0000,0.0000,73.0,3.65,0.05,"",0,00:00:11:15,,,,,,,,,,,,
,115922501,12/06/2022 21:12,12/06/2022 21:24,XAUUSD,Buy,0.350,0.00000,0.00000,1769.52000,1770.21000,0.0000,0.0000,69.0,24.15,0.35,"",0,00:00:11:49,,,,,,,,,,,,
,115918357,12/06/2022 19:11,12/06/2022 19:50,XAUUSD,Buy,0.500,0.00000,0.00000,1771.36000,1772.28000,0.0000,0.0000,92.0,46.00,0.67,"",0,00:00:39:34,,,,,,,,,,,,
,115918351,12/06/2022 19:11,12/06/2022 19:50,XAUUSD,Buy,0.100,0.00000,0.00000,1771.31000,1772.28000,0.0000,0.0000,97.0,9.70,0.14,"",0,00:00:39:34,,,,,,,,,,,,
,115916443,12/06/2022 18:22,12/06/2022 18:45,XAUUSD,Buy,0.100,0.00000,0.00000,1774.26000,1774.85000,0.0000,0.0000,59.0,5.90,0.09,"",0,00:00:22:21,,,,,,,,,,,,
,115916440,12/06/2022 18:22,12/06/2022 18:44,XAUUSD,Buy,0.100,0.00000,0.00000,1774.31000,1774.86000,0.0000,0.0000,55.0,5.50,0.08,"",0,00:00:22:24,,,,,,,,,,,,
,115916401,12/06/2022 18:21,12/06/2022 18:44,XAUUSD,Buy,0.150,0.00000,0.00000,1774.50000,1774.85000,0.0000,0.0000,35.0,5.25,0.08,"",0,00:00:23:49,,,,,,,,,,,,
,115916398,12/06/2022 18:21,12/06/2022 18:44,XAUUSD,Buy,0.150,0.00000,0.00000,1774.60000,1774.85000,0.0000,0.0000,25.0,3.75,0.05,"",0,00:00:23:47,,,,,,,,,,,,
,115916369,12/06/2022 18:20,12/06/2022 18:44,XAUUSD,Buy,0.150,0.00000,0.00000,1774.69000,1774.85000,0.0000,0.0000,16.0,2.40,0.04,"",0,00:00:24:42,,,,,,,,,,,,
,115914686,12/06/2022 17:52,12/06/2022 18:11,XAUUSD,Buy,0.200,0.00000,0.00000,1772.85000,1775.03000,0.0000,0.0000,218.0,43.60,0.64,"",0,00:00:18:39,,,,,,,,,,,,
,115914653,12/06/2022 17:51,12/06/2022 18:08,XAUUSD,Buy,0.200,0.00000,0.00000,1772.98000,1774.04000,0.0000,0.0000,106.0,21.20,0.31,"",0,00:00:16:38,,,,,,,,,,,,
,115914640,12/06/2022 17:51,12/06/2022 18:08,XAUUSD,Buy,0.250,0.00000,0.00000,1772.95000,1774.05000,0.0000,0.0000,110.0,27.50,0.41,"",0,00:00:17:11,,,,,,,,,,,,
,115914637,12/06/2022 17:51,12/06/2022 18:08,XAUUSD,Buy,0.250,0.00000,0.00000,1772.96000,1774.11000,0.0000,0.0000,115.0,28.75,0.43,"",0,00:00:17:11,,,,,,,,,,,,
,115906175,12/06/2022 15:04,12/06/2022 15:54,XAUUSD,Sell,0.050,0.00000,0.00000,1778.76000,1776.86000,0.0000,0.0000,190.0,9.50,0.14,"",0,00:00:50:16,,,,,,,,,,,,
,115906223,12/06/2022 15:05,12/06/2022 15:54,XAUUSD,Sell,0.100,0.00000,0.00000,1778.97000,1776.99000,0.0000,0.0000,198.0,19.80,0.30,"",0,00:00:48:43,,,,,,,,,,,,
,115906172,12/06/2022 15:04,12/06/2022 15:54,XAUUSD,Sell,0.020,0.00000,0.00000,1778.79000,1777.09000,0.0000,0.0000,170.0,3.40,0.05,"",0,00:00:49:51,,,,,,,,,,,,
,115906033,12/06/2022 15:00,12/06/2022 15:54,XAUUSD,Sell,0.300,0.00000,0.00000,1779.37000,1777.09000,0.0000,0.0000,228.0,68.40,1.04,"",0,00:00:53:17,,,,,,,,,,,,
,115901321,12/06/2022 13:05,12/06/2022 13:43,XAUUSD,Buy,0.050,0.00000,0.00000,1775.11000,1776.35000,0.0000,0.0000,124.0,6.20,0.09,"",0,00:00:37:54,,,,,,,,,,,,
,115886256,12/06/2022 03:16,,,Withdrawal,0.010,0.00000,0.00000,0.00000,0.00000,0.0000,0.0000,0.0,-1552.21,0,"Transfer to 10189649 #18833981",0,00:00:00:00,,,,,,,,,,,,
,115877701,12/05/2022 18:56,12/06/2022 03:12,XAUUSD,Buy,0.300,0.00000,0.00000,1773.18000,1771.84000,0.0000,-3.9900,-134.0,-44.19,-0.54,"",0,00:08:15:51,5.9,29m,646.0,10.43,62.0,18.599999999999998,-646.0,-193.79999999999998,8.8,72.3,-196.00,-58.80
,115886202,12/05/2022 18:51,12/06/2022 03:12,XAUUSD,Buy,0.500,0.00000,1773.50000,1773.85000,1771.87000,0.0000,-6.6500,-198.0,-105.65,-1.27,"from #115877388",0,00:08:21:16,0.0,0s,713.0,714.29,0.0,0.0,-713.0,-356.5,0.0,72.2,-198.00,-99.00
,115879530,12/05/2022 19:32,12/06/2022 03:12,XAUUSD,Buy,0.100,0.00000,1773.50000,1770.97000,1771.97000,0.0000,-1.3300,100.0,8.67,0.10,"",0,00:07:40:00,13.4,1h 1m,425.0,1.50,283.0,28.3,-425.0,-42.5,40.0,74.2,-183.00,-18.30
,115877388,12/05/2022 18:51,12/06/2022 03:12,XAUUSD,Buy,0.500,0.00000,1773.50000,1773.85000,1771.91000,0.0000,-6.6500,-194.0,-103.65,-1.23,"to #115886202",0,00:08:21:01,0.0,0s,713.0,714.29,0.0,0.0,-713.0,-356.5,0.0,72.8,-194.00,-97.00
,115878573,12/05/2022 19:07,12/06/2022 03:10,XAUUSD,Buy,0.300,0.00000,1773.50000,1772.47000,1771.27000,0.0000,-3.9900,-120.0,-39.99,-0.47,"",0,00:08:02:58,6.3,30m,575.0,4.32,133.0,39.9,-575.0,-172.5,18.8,64.3,-253.00,-75.90
,115882206,12/05/2022 21:12,12/06/2022 03:07,XAUUSD,Buy,1.000,0.00000,1773.50000,1767.14000,1771.09000,0.0000,-13.3000,395.0,381.70,4.74,"",0,00:05:55:45,91.7,5h 26m,271.0,0.06,666.0,666.0,-42.0,-42.0,94.1,61.7,-271.00,-271.00
,115885890,12/05/2022 19:43,12/06/2022 03:06,XAUUSD,Buy,0.500,0.00000,1773.50000,1770.69000,1770.88000,0.0000,-6.6500,19.0,2.85,0.04,"from #115879858",0,00:07:23:33,13.4,59m,397.0,1.28,311.0,155.5,-397.0,-198.5,43.9,58.8,-292.00,-146.00
,115879488,12/05/2022 19:30,12/06/2022 03:05,XAUUSD,Buy,0.100,0.00000,1772.00000,1770.81000,1770.96000,0.0000,-1.3300,15.0,0.17,0.00,"",0,00:07:35:14,13.4,1h 1m,409.0,1.37,299.0,29.900000000000002,-409.0,-40.900000000000006,42.2,59.9,-284.00,-28.40
,115879858,12/05/2022 19:43,12/06/2022 02:54,XAUUSD,Buy,0.500,0.00000,1772.00000,1770.69000,1770.07000,0.0000,-6.6500,-62.0,-37.65,-0.47,"to #115885890",0,00:07:11:40,0.0,0s,397.0,400.00,0.0,0.0,-397.0,-198.5,0.0,84.4,-62.00,-31.00
,115885762,12/05/2022 19:17,12/06/2022 02:34,XAUUSD,Buy,0.450,0.00000,1772.00000,1770.37000,1770.40000,0.0000,-5.9900,3.0,-4.64,-0.06,"from #115879056",0,00:07:16:46,6.7,29m,365.0,121.95,3.0,1.35,-365.0,-164.25,0.8,100.0,0.00,0.00
,115879056,12/05/2022 19:17,12/06/2022 02:30,XAUUSD,Buy,0.200,0.00000,1772.00000,1770.37000,1770.09000,0.0000,-2.6600,-28.0,-8.26,-0.10,"to #115885762",0,00:07:12:50,0.0,0s,365.0,370.37,0.0,0.0,-365.0,-73.0,0.0,92.3,-28.00,-5.60
,115878970,12/05/2022 19:15,12/06/2022 02:30,XAUUSD,Buy,0.650,0.00000,1772.00000,1770.23000,1770.16000,0.0000,-8.6500,-7.0,-13.20,-0.16,"",0,00:07:14:30,13.4,58m,351.0,29.33,12.0,7.800000000000001,-351.0,-228.15,3.3,94.8,-19.00,-12.35
,115885066,12/06/2022 01:07,12/06/2022 01:17,XAUUSD,Buy,0.200,0.00000,0.00000,1768.36000,1769.53000,0.0000,0.0000,117.0,23.40,0.29,"",0,00:00:09:28,,,,,,,,,,,,
,115879687,12/05/2022 19:36,12/06/2022 01:17,XAUUSD,Buy,0.500,0.00000,1772.00000,1770.34000,1769.70000,0.0000,-6.6500,-64.0,-38.65,-0.48,"",0,00:05:40:52,0.0,0s,362.0,370.37,0.0,0.0,-362.0,-181.0,0.0,82.3,-64.00,-32.00
,115882202,12/05/2022 21:11,,,Deposit,0.010,0.00000,0.00000,0.00000,0.00000,0.0000,0.0000,0.0,1450.00,0,"Deposit WALLETO USD 18831643",0,00:00:00:00,,,,,,,,,,,,
,115874559,12/05/2022 17:51,12/05/2022 18:30,XAUUSD,Buy,0.200,0.00000,0.00000,1777.95000,1776.74000,0.0000,0.0000,-121.0,-24.20,-0.36,"",0,00:00:38:44,,,,,,,,,,,,
,115874565,12/05/2022 17:51,12/05/2022 18:29,XAUUSD,Buy,0.200,0.00000,0.00000,1777.92000,1776.82000,0.0000,0.0000,-110.0,-22.00,-0.33,"",0,00:00:38:38,,,,,,,,,,,,
,115875396,12/05/2022 18:07,12/05/2022 18:29,XAUUSD,Buy,0.200,0.00000,0.00000,1777.61000,1776.85000,0.0000,0.0000,-76.0,-15.20,-0.23,"",0,00:00:22:47,,,,,,,,,,,,
,115876267,12/05/2022 18:25,12/05/2022 18:29,XAUUSD,Buy,0.500,0.00000,0.00000,1775.39000,1776.86000,0.0000,0.0000,147.0,73.50,1.10,"",0,00:00:04:03,,,,,,,,,,,,
,115874812,12/05/2022 17:58,12/05/2022 18:29,XAUUSD,Buy,0.200,0.00000,0.00000,1777.77000,1776.99000,0.0000,0.0000,-78.0,-15.60,-0.23,"",0,00:00:31:42,,,,,,,,,,,,
,115875915,12/05/2022 18:19,12/05/2022 18:29,XAUUSD,Buy,0.500,0.00000,0.00000,1776.71000,1777.08000,0.0000,0.0000,37.0,18.50,0.28,"",0,00:00:10:06,,,,,,,,,,,,
,115876252,12/05/2022 18:25,12/05/2022 18:29,XAUUSD,Buy,0.500,0.00000,0.00000,1775.31000,1776.67000,0.0000,0.0000,136.0,68.00,1.03,"",0,00:00:03:37,,,,,,,,,,,,
,115875339,12/05/2022 18:05,12/05/2022 18:29,XAUUSD,Buy,0.200,0.00000,0.00000,1778.33000,1776.72000,0.0000,0.0000,-161.0,-32.20,-0.49,"",0,00:00:23:55,,,,,,,,,,,,
,115876079,12/05/2022 18:22,12/05/2022 18:29,XAUUSD,Buy,0.300,0.00000,0.00000,1775.83000,1776.73000,0.0000,0.0000,90.0,27.00,0.41,"",0,00:00:06:26,,,,,,,,,,,,
,115874764,12/05/2022 17:56,12/05/2022 18:02,XAUUSD,Buy,0.500,0.00000,0.00000,1777.85000,1777.92000,0.0000,0.0000,7.0,3.50,0.05,"",0,00:00:06:34,,,,,,,,,,,,
,115861619,12/05/2022 15:00,,,Withdrawal,0.010,0.00000,0.00000,0.00000,0.00000,0.0000,0.0000,0.0,-1074.45,0,"Transfer to 10189649 #18824851",0,00:00:00:00,,,,,,,,,,,,
,115857521,12/05/2022 13:47,12/05/2022 14:59,XAUUSD,Buy,0.100,0.00000,0.00000,1795.68000,1797.52000,0.0000,0.0000,184.0,18.40,0.24,"",0,00:01:11:34,,,,,,,,,,,,
,115860285,12/05/2022 14:40,12/05/2022 14:59,XAUUSD,Buy,0.200,0.00000,0.00000,1794.69000,1797.55000,0.0000,0.0000,286.0,57.20,0.75,"",0,00:00:18:27,,,,,,,,,,,,
,115856240,12/05/2022 13:13,12/05/2022 14:56,XAUUSD,Buy,0.200,0.00000,0.00000,1796.23000,1797.00000,0.0000,0.0000,77.0,15.40,0.20,"",0,00:01:42:55,,,,,,,,,,,,
,115860029,12/05/2022 14:33,12/05/2022 14:56,XAUUSD,Buy,0.200,0.00000,0.00000,1794.58000,1796.86000,0.0000,0.0000,228.0,45.60,0.60,"",0,00:00:22:25,,,,,,,,,,,,
,115858230,12/05/2022 14:01,12/05/2022 14:56,XAUUSD,Buy,0.350,0.00000,0.00000,1794.36000,1796.84000,0.0000,0.0000,248.0,86.80,1.16,"",0,00:00:54:30,,,,,,,,,,,,
,115857528,12/05/2022 13:47,12/05/2022 14:54,XAUUSD,Buy,0.500,0.00000,0.00000,1795.97000,1796.43000,0.0000,0.0000,46.0,23.00,0.31,"",0,00:01:06:19,,,,,,,,,,,,
,115857607,12/05/2022 13:50,12/05/2022 14:23,XAUUSD,Buy,0.350,0.00000,0.00000,1795.38000,1795.05000,0.0000,0.0000,-33.0,-11.55,-0.16,"",0,00:00:33:26,,,,,,,,,,,,
,115858225,12/05/2022 14:01,12/05/2022 14:23,XAUUSD,Buy,0.350,0.00000,0.00000,1794.49000,1795.07000,0.0000,0.0000,58.0,20.30,0.27,"",0,00:00:21:54,,,,,,,,,,,,
,115857248,12/05/2022 13:36,12/05/2022 14:22,XAUUSD,Buy,0.100,0.00000,0.00000,1795.16000,1795.29000,0.0000,0.0000,13.0,1.30,0.02,"",0,00:00:46:01,,,,,,,,,,,,
,115842304,12/05/2022 07:47,12/05/2022 10:04,XAUUSD,Sell,0.150,0.00000,0.00000,1807.87000,1799.80000,0.0000,0.0000,807.0,121.05,1.66,"",0,00:02:16:48,100.0,2h 16m,256.0,0.00,1063.0,159.45,0.0,0.0,100.0,75.9,-256.00,-38.40
,115831599,12/02/2022 20:54,12/02/2022 21:55,XAUUSD,Buy,0.010,0.00000,0.00000,1795.57000,1797.01000,0.0000,0.0000,144.0,1.44,0.02,"",0,00:01:01:07,,,,,,,,,,,,
,115831948,12/02/2022 21:14,12/02/2022 21:55,XAUUSD,Buy,0.020,0.00000,0.00000,1794.69000,1796.99000,0.0000,0.0000,230.0,4.60,0.06,"",0,00:00:40:23,,,,,,,,,,,,
,115831596,12/02/2022 20:54,12/02/2022 21:55,XAUUSD,Buy,0.010,0.00000,0.00000,1795.70000,1796.95000,0.0000,0.0000,125.0,1.25,0.02,"",0,00:01:01:11,,,,,,,,,,,,
,115831585,12/02/2022 20:52,12/02/2022 21:55,XAUUSD,Buy,0.010,0.00000,0.00000,1795.40000,1796.93000,0.0000,0.0000,153.0,1.53,0.02,"",0,00:01:02:22,,,,,,,,,,,,
,115831946,12/02/2022 21:14,12/02/2022 21:55,XAUUSD,Buy,0.020,0.00000,0.00000,1794.69000,1796.98000,0.0000,0.0000,229.0,4.58,0.06,"",0,00:00:40:15,,,,,,,,,,,,
,115831760,12/02/2022 21:03,12/02/2022 21:55,XAUUSD,Buy,0.020,0.00000,0.00000,1795.35000,1796.97000,0.0000,0.0000,162.0,3.24,0.04,"",0,00:00:51:38,,,,,,,,,,,,
,115831660,12/02/2022 20:58,12/02/2022 21:54,XAUUSD,Buy,0.030,0.00000,0.00000,1795.65000,1796.95000,0.0000,0.0000,130.0,3.90,0.05,"",0,00:00:56:04,,,,,,,,,,,,
,115831647,12/02/2022 20:57,12/02/2022 21:54,XAUUSD,Buy,0.030,0.00000,0.00000,1795.28000,1796.95000,0.0000,0.0000,167.0,5.01,0.07,"",0,00:00:57:14,,,,,,,,,,,,
,115831556,12/02/2022 20:51,12/02/2022 21:54,XAUUSD,Buy,0.010,0.00000,0.00000,1795.70000,1797.04000,0.0000,0.0000,134.0,1.34,0.02,"",0,00:01:03:52,,,,,,,,,,,,
,115831525,12/02/2022 20:47,12/02/2022 21:54,XAUUSD,Buy,0.020,0.00000,0.00000,1795.71000,1797.13000,0.0000,0.0000,142.0,2.84,0.04,"",0,00:01:07:22,,,,,,,,,,,,
,115831457,12/02/2022 20:42,12/02/2022 20:47,XAUUSD,Sell,0.020,0.00000,0.00000,1795.35000,1795.70000,0.0000,0.0000,-35.0,-0.70,-0.01,"",0,00:00:04:51,,,,,,,,,,,,
,115831339,12/02/2022 20:35,12/02/2022 20:47,XAUUSD,Sell,0.040,0.00000,0.00000,1795.29000,1795.64000,0.0000,0.0000,-35.0,-1.40,-0.02,"",0,00:00:11:50,,,,,,,,,,,,
,115829977,12/02/2022 19:25,12/02/2022 20:13,XAUUSD,Sell,0.050,0.00000,0.00000,1795.52000,1795.49000,0.0000,0.0000,3.0,0.15,0.00,"",0,00:00:47:59,,,,,,,,,,,,
,115828621,12/02/2022 18:51,12/02/2022 20:13,XAUUSD,Sell,0.010,0.00000,0.00000,1795.07000,1795.41000,0.0000,0.0000,-34.0,-0.34,0.00,"",0,00:01:22:27,,,,,,,,,,,,
,115830848,12/02/2022 20:05,12/02/2022 20:13,XAUUSD,Sell,0.050,0.00000,0.00000,1796.14000,1795.39000,0.0000,0.0000,75.0,3.75,0.05,"",0,00:00:08:19,,,,,,,,,,,,
,115828926,12/02/2022 18:59,12/02/2022 20:13,XAUUSD,Sell,0.050,0.00000,0.00000,1795.45000,1795.38000,0.0000,0.0000,7.0,0.35,0.00,"",0,00:01:13:28,,,,,,,,,,,,
,115830134,12/02/2022 19:31,12/02/2022 20:13,XAUUSD,Sell,0.100,0.00000,0.00000,1796.15000,1795.20000,0.0000,0.0000,95.0,9.50,0.13,"",0,00:00:41:43,,,,,,,,,,,,
,115827826,12/02/2022 15:20,12/02/2022 18:41,XAUUSD,Buy,0.010,1791.00000,0.00000,1800.41000,1793.23000,0.0000,0.0000,-718.0,-7.18,-0.10,"from #115827764",0,00:03:21:04,0.0,0s,1814.0,2000.00,0.0,0.0,-1814.0,-18.14,0.0,60.4,-718.00,-7.18
,115827814,12/02/2022 16:45,12/02/2022 18:41,XAUUSD,Buy,0.010,1791.00000,0.00000,1784.35000,1793.30000,0.0000,0.0000,895.0,8.95,0.12,"from #115827755",0,00:01:56:09,,,,,,,,,,,,
,115827764,12/02/2022 15:20,12/02/2022 18:36,XAUUSD,Buy,0.010,0.00000,0.00000,1800.41000,1792.06000,0.0000,0.0000,-835.0,-8.35,-0.11,"to #115827826",0,00:03:15:29,0.0,0s,1814.0,2000.00,0.0,0.0,-1814.0,-18.14,0.0,54.0,-835.00,-8.35
,115827755,12/02/2022 16:45,12/02/2022 18:35,XAUUSD,Buy,0.010,0.00000,0.00000,1784.35000,1792.20000,0.0000,0.0000,785.0,7.85,0.11,"to #115827814",0,00:01:50:31,,,,,,,,,,,,
,115827653,12/02/2022 15:20,12/02/2022 18:35,XAUUSD,Buy,0.030,0.00000,0.00000,1800.41000,1792.43000,0.0000,0.0000,-798.0,-23.94,-0.33,"to #115827764",0,00:03:14:44,0.0,0s,1814.0,2000.00,0.0,0.0,-1814.0,-54.419999999999995,0.0,56.0,-798.00,-23.94
,115827648,12/02/2022 16:45,12/02/2022 18:35,XAUUSD,Buy,0.030,0.00000,0.00000,1784.35000,1792.37000,0.0000,0.0000,802.0,24.06,0.33,"to #115827755",0,00:01:49:47,,,,,,,,,,,,
,115814970,12/02/2022 15:20,12/02/2022 18:33,XAUUSD,Buy,0.100,0.00000,0.00000,1800.41000,1791.80000,0.0000,0.0000,-861.0,-86.10,-1.17,"to #115827653",0,00:03:13:13,0.0,0s,1814.0,2000.00,0.0,0.0,-1814.0,-181.4,0.0,52.5,-861.00,-86.10
,115823275,12/02/2022 16:45,12/02/2022 18:33,XAUUSD,Buy,0.100,0.00000,0.00000,1784.35000,1792.01000,0.0000,0.0000,766.0,76.60,1.05,"to #115827648",0,00:01:48:17,,,,,,,,,,,,
,115823584,12/02/2022 16:52,12/02/2022 18:30,XAUUSD,Buy,0.150,0.00000,1793.50000,1784.14000,1790.90000,0.0000,0.0000,676.0,101.40,1.42,"",0,00:01:38:10,,,,,,,,,,,,
,115822423,12/02/2022 16:30,12/02/2022 18:15,XAUUSD,Buy,0.100,0.00000,0.00000,1785.46000,1789.31000,0.0000,0.0000,385.0,38.50,0.54,"",0,00:01:45:17,,,,,,,,,,,,
,115822415,12/02/2022 16:30,12/02/2022 18:15,XAUUSD,Buy,0.100,0.00000,0.00000,1785.36000,1789.37000,0.0000,0.0000,401.0,40.10,0.57,"",0,00:01:45:16,,,,,,,,,,,,
,115815006,12/02/2022 15:21,12/02/2022 18:15,XAUUSD,Buy,0.150,0.00000,0.00000,1800.40000,1789.42000,0.0000,0.0000,-1098.0,-164.70,-2.27,"",0,00:02:53:44,0.0,0s,1813.0,2000.00,0.0,0.0,-1813.0,-271.95,0.0,39.4,-1098.00,-164.70
,115822406,12/02/2022 16:30,12/02/2022 18:15,XAUUSD,Buy,0.100,0.00000,0.00000,1785.72000,1789.56000,0.0000,0.0000,384.0,38.40,0.53,"",0,00:01:45:10,,,,,,,,,,,,
,115824592,12/02/2022 17:11,12/02/2022 18:15,XAUUSD,Buy,0.010,0.00000,0.00000,1786.17000,1789.44000,0.0000,0.0000,327.0,3.27,0.05,"",0,00:01:04:16,,,,,,,,,,,,
,115822563,12/02/2022 16:32,12/02/2022 18:15,XAUUSD,Buy,0.300,0.00000,1792.00000,1784.43000,1789.46000,0.0000,0.0000,503.0,150.90,2.14,"",0,00:01:42:37,,,,,,,,,,,,
,115824238,12/02/2022 17:03,12/02/2022 18:15,XAUUSD,Buy,0.050,0.00000,1792.00000,1786.03000,1789.54000,0.0000,0.0000,351.0,17.55,0.25,"",0,00:01:11:12,,,,,,,,,,,,
,115824196,12/02/2022 17:03,12/02/2022 18:15,XAUUSD,Buy,0.050,0.00000,0.00000,1786.39000,1789.56000,0.0000,0.0000,317.0,15.85,0.23,"",0,00:01:12:05,,,,,,,,,,,,
,115824171,12/02/2022 17:02,12/02/2022 18:15,XAUUSD,Buy,0.050,0.00000,1792.00000,1786.36000,1789.77000,0.0000,0.0000,341.0,17.05,0.24,"",0,00:01:12:41,,,,,,,,,,,,
,115824163,12/02/2022 17:02,12/02/2022 18:14,XAUUSD,Buy,0.050,0.00000,0.00000,1786.50000,1789.62000,0.0000,0.0000,312.0,15.60,0.22,"",0,00:01:12:42,,,,,,,,,,,,
,115824127,12/02/2022 17:01,12/02/2022 18:14,XAUUSD,Buy,0.050,0.00000,0.00000,1786.20000,1789.80000,0.0000,0.0000,360.0,18.00,0.26,"",0,00:01:13:38,,,,,,,,,,,,
,115823580,12/02/2022 16:52,12/02/2022 18:14,XAUUSD,Buy,0.150,0.00000,0.00000,1784.07000,1789.84000,0.0000,0.0000,577.0,86.55,1.26,"",0,00:01:22:11,,,,,,,,,,,,
,115822154,12/02/2022 16:24,12/02/2022 18:14,XAUUSD,Buy,0.050,0.00000,0.00000,1786.04000,1789.52000,0.0000,0.0000,348.0,17.40,0.25,"",0,00:01:49:52,,,,,,,,,,,,
,115822330,12/02/2022 16:29,12/02/2022 18:14,XAUUSD,Buy,0.100,0.00000,0.00000,1785.69000,1789.30000,0.0000,0.0000,361.0,36.10,0.53,"",0,00:01:44:51,,,,,,,,,,,,
,115821326,12/02/2022 16:10,12/02/2022 18:14,XAUUSD,Buy,0.150,0.00000,0.00000,1783.56000,1789.15000,0.0000,0.0000,559.0,83.85,1.24,"",0,00:02:04:08,75.0,1h 33m,140.0,0.18,699.0,104.85,-129.0,-19.349999999999998,84.4,83.1,-140.00,-21.00
,115817821,12/02/2022 15:37,12/02/2022 18:14,XAUUSD,Buy,0.250,0.00000,1791.00000,1786.86000,1789.17000,0.0000,0.0000,231.0,57.75,0.86,"",0,00:02:36:49,40.0,1h 2m,459.0,1.24,369.0,92.25,-459.0,-114.75,44.6,83.3,-138.00,-34.50
,115814963,12/02/2022 15:20,12/02/2022 18:14,XAUUSD,Buy,0.150,0.00000,0.00000,1800.31000,1789.20000,0.0000,0.0000,-1111.0,-166.65,-2.43,"",0,00:02:53:41,0.0,0s,1804.0,2000.00,0.0,0.0,-1804.0,-270.59999999999997,0.0,38.4,-1111.00,-166.65
,115816797,12/02/2022 15:32,12/02/2022 18:14,XAUUSD,Buy,0.250,0.00000,1792.00000,1786.94000,1788.95000,0.0000,0.0000,201.0,50.25,0.74,"",0,00:02:41:59,40.0,1h 4m,467.0,1.29,361.0,90.25,-467.0,-116.75,43.6,80.7,-160.00,-40.00
,115825366,12/02/2022 17:30,12/02/2022 17:35,XAUUSD,Buy,0.500,0.00000,0.00000,1781.78000,1784.32000,0.0000,0.0000,254.0,127.00,1.90,"",0,00:00:04:47,,,,,,,,,,,,
,115822695,12/02/2022 16:34,12/02/2022 16:48,XAUUSD,Buy,0.300,0.00000,0.00000,1784.19000,1784.38000,0.0000,0.0000,19.0,5.70,0.09,"",0,00:00:14:08,,,,,,,,,,,,
,115821307,12/02/2022 16:09,12/02/2022 16:46,XAUUSD,Buy,0.150,0.00000,0.00000,1783.47000,1784.68000,0.0000,0.0000,121.0,18.15,0.27,"",0,00:00:36:17,,,,,,,,,,,,
,115819801,12/02/2022 15:54,12/02/2022 16:46,XAUUSD,Buy,0.150,0.00000,0.00000,1785.61000,1785.23000,0.0000,0.0000,-38.0,-5.70,-0.09,"",0,00:00:51:49,,,,,,,,,,,,
,115820575,12/02/2022 16:00,12/02/2022 16:46,XAUUSD,Buy,0.100,0.00000,0.00000,1785.47000,1785.51000,0.0000,0.0000,4.0,0.40,0.01,"",0,00:00:45:59,,,,,,,,,,,,
,115818550,12/02/2022 15:43,12/02/2022 16:46,XAUUSD,Buy,0.200,0.00000,0.00000,1784.62000,1785.23000,0.0000,0.0000,61.0,12.20,0.18,"",0,00:01:02:31,,,,,,,,,,,,
,115819861,12/02/2022 15:54,12/02/2022 16:45,XAUUSD,Buy,0.150,0.00000,0.00000,1784.73000,1785.20000,0.0000,0.0000,47.0,7.05,0.11,"",0,00:00:51:00,,,,,,,,,,,,
,115821176,12/02/2022 16:06,12/02/2022 16:24,XAUUSD,Buy,0.150,0.00000,0.00000,1783.55000,1785.44000,0.0000,0.0000,189.0,28.35,0.43,"",0,00:00:17:09,,,,,,,,,,,,
,115816603,12/02/2022 15:31,12/02/2022 16:24,XAUUSD,Buy,0.500,0.00000,0.00000,1785.98000,1785.39000,0.0000,0.0000,-59.0,-29.50,-0.44,"",0,00:00:52:44,,,,,,,,,,,,
,115819956,12/02/2022 15:55,12/02/2022 16:15,XAUUSD,Buy,0.150,0.00000,0.00000,1784.28000,1784.59000,0.0000,0.0000,31.0,4.65,0.07,"",0,00:00:19:27,,,,,,,,,,,,
,115820834,12/02/2022 16:02,12/02/2022 16:15,XAUUSD,Buy,0.200,0.00000,0.00000,1783.57000,1784.05000,0.0000,0.0000,48.0,9.60,0.14,"",0,00:00:12:21,,,,,,,,,,,,
,115821283,12/02/2022 16:09,12/02/2022 16:14,XAUUSD,Buy,0.150,0.00000,0.00000,1783.56000,1783.20000,0.0000,0.0000,-36.0,-5.40,-0.08,"",0,00:00:05:21,,,,,,,,,,,,
,115790808,12/01/2022 19:38,12/01/2022 20:19,XAUUSD,Sell,0.050,0.00000,0.00000,1801.60000,1799.92000,0.0000,0.0000,168.0,8.40,0.13,"",0,00:00:40:51,,,,,,,,,,,,
,115790556,12/01/2022 19:33,12/01/2022 20:18,XAUUSD,Sell,0.050,0.00000,0.00000,1801.70000,1800.19000,0.0000,0.0000,151.0,7.55,0.11,"",0,00:00:45:24,,,,,,,,,,,,
,115790249,12/01/2022 19:26,12/01/2022 20:18,XAUUSD,Sell,0.100,0.00000,0.00000,1801.70000,1800.12000,0.0000,0.0000,158.0,15.80,0.24,"",0,00:00:52:03,,,,,,,,,,,,
,115790112,12/01/2022 19:22,12/01/2022 20:18,XAUUSD,Sell,0.050,0.00000,0.00000,1800.61000,1800.09000,0.0000,0.0000,52.0,2.60,0.04,"",0,00:00:56:07,,,,,,,,,,,,
,115789916,12/01/2022 19:13,12/01/2022 20:18,XAUUSD,Sell,0.250,0.00000,0.00000,1800.01000,1800.01000,0.0000,0.0000,0.0,0.00,0.00,"",0,00:01:05:11,,,,,,,,,,,,
,115786020,12/01/2022 17:45,,,Withdrawal,0.010,0.00000,0.00000,0.00000,0.00000,0.0000,0.0000,0.0,-3997.48,0,"Transfer to 10189649 #18789038",0,00:00:00:00,,,,,,,,,,,,
,115777766,12/01/2022 16:06,12/01/2022 17:44,XAUUSD,Sell,0.050,1800.00000,0.00000,1792.49000,1796.28000,0.0000,0.0000,-379.0,-18.95,-0.18,"",0,00:01:38:07,,,,,,,,,,,,
,115776994,12/01/2022 15:59,12/01/2022 17:33,XAUUSD,Sell,0.050,0.00000,0.00000,1790.13000,1796.35000,0.0000,0.0000,-622.0,-31.10,-0.29,"",0,00:01:34:27,,,,,,,,,,,,
,115772382,12/01/2022 15:11,12/01/2022 17:33,XAUUSD,Sell,0.100,0.00000,0.00000,1785.30000,1796.27000,0.0000,0.0000,-1097.0,-109.70,-1.02,"",0,00:02:21:34,0.0,0s,1631.0,1666.67,0.0,0.0,-1631.0,-163.10000000000002,0.0,32.7,-1097.00,-109.70
,115774193,12/01/2022 15:32,12/01/2022 17:33,XAUUSD,Sell,0.050,0.00000,0.00000,1787.99000,1796.14000,0.0000,0.0000,-815.0,-40.75,-0.38,"",0,00:02:00:45,0.0,0s,1362.0,1428.57,0.0,0.0,-1362.0,-68.10000000000001,0.0,40.2,-815.00,-40.75
,115776759,12/01/2022 15:55,12/01/2022 17:30,XAUUSD,Sell,0.050,0.00000,0.00000,1790.53000,1795.86000,0.0000,0.0000,-533.0,-26.65,-0.25,"",0,00:01:35:16,,,,,,,,,,,,
,115776953,12/01/2022 15:58,12/01/2022 17:30,XAUUSD,Sell,0.050,0.00000,0.00000,1790.83000,1796.00000,0.0000,0.0000,-517.0,-25.85,-0.24,"",0,00:01:32:25,,,,,,,,,,,,
,115775698,12/01/2022 15:44,12/01/2022 17:30,XAUUSD,Sell,0.050,0.00000,0.00000,1789.28000,1795.66000,0.0000,0.0000,-638.0,-31.90,-0.29,"",0,00:01:46:02,,,,,,,,,,,,
,115773358,12/01/2022 15:27,12/01/2022 17:30,XAUUSD,Sell,0.100,0.00000,0.00000,1786.89000,1795.78000,0.0000,0.0000,-889.0,-88.90,-0.81,"",0,00:02:03:21,0.0,0s,1472.0,1666.67,0.0,0.0,-1472.0,-147.20000000000002,0.0,39.6,-889.00,-88.90
,115780704,12/01/2022 16:42,12/01/2022 17:30,XAUUSD,Sell,0.350,0.00000,0.00000,1797.25000,1795.95000,0.0000,0.0000,130.0,45.50,0.42,"",0,00:00:48:34,,,,,,,,,,,,
,115780115,12/01/2022 16:34,12/01/2022 17:19,XAUUSD,Sell,0.350,0.00000,0.00000,1798.44000,1797.46000,0.0000,0.0000,98.0,34.30,0.31,"",0,00:00:45:12,,,,,,,,,,,,
,115779377,12/01/2022 16:27,12/01/2022 17:19,XAUUSD,Sell,0.200,0.00000,0.00000,1798.59000,1797.43000,0.0000,0.0000,116.0,23.20,0.21,"",0,00:00:51:35,,,,,,,,,,,,
,115781519,12/01/2022 16:52,12/01/2022 17:19,XAUUSD,Sell,1.000,0.00000,0.00000,1801.96000,1797.32000,0.0000,0.0000,464.0,464.00,4.46,"",0,00:00:26:36,,,,,,,,,,,,
,115779355,12/01/2022 16:27,12/01/2022 17:19,XAUUSD,Sell,0.500,0.00000,0.00000,1798.74000,1797.26000,0.0000,0.0000,148.0,74.00,0.72,"",0,00:00:51:41,,,,,,,,,,,,
,115778612,12/01/2022 16:16,12/01/2022 17:19,XAUUSD,Sell,0.500,0.00000,0.00000,1796.89000,1797.10000,0.0000,0.0000,-21.0,-10.50,-0.10,"",0,00:01:02:21,,,,,,,,,,,,
,115778635,12/01/2022 16:17,12/01/2022 17:19,XAUUSD,Sell,0.100,0.00000,0.00000,1796.27000,1797.21000,0.0000,0.0000,-94.0,-9.40,-0.09,"",0,00:01:01:49,,,,,,,,,,,,
,115778715,12/01/2022 16:19,12/01/2022 17:19,XAUUSD,Sell,0.100,0.00000,0.00000,1796.41000,1797.17000,0.0000,0.0000,-76.0,-7.60,-0.07,"",0,00:00:59:54,,,,,,,,,,,,
,115780716,12/01/2022 16:42,12/01/2022 17:18,XAUUSD,Sell,0.350,0.00000,0.00000,1797.63000,1797.42000,0.0000,0.0000,21.0,7.35,0.07,"",0,00:00:36:45,,,,,,,,,,,,
,115781985,12/01/2022 16:58,12/01/2022 17:18,XAUUSD,Sell,0.500,0.00000,0.00000,1802.33000,1797.54000,0.0000,0.0000,479.0,239.50,2.37,"",0,00:00:20:24,,,,,,,,,,,,
,115783345,12/01/2022 17:09,12/01/2022 17:18,XAUUSD,Sell,0.800,0.00000,0.00000,1801.67000,1797.48000,0.0000,0.0000,419.0,335.20,3.43,"",0,00:00:08:54,,,,,,,,,,,,
,115783338,12/01/2022 17:09,,,Deposit,0.010,0.00000,0.00000,0.00000,0.00000,0.0000,0.0000,0.0,2500.00,0,"Deposit CONNECT USD 18788157",0,00:00:00:00,,,,,,,,,,,,
,115762098,12/01/2022 12:34,12/01/2022 13:06,XAUUSD,Sell,0.020,0.00000,0.00000,1778.93000,1777.25000,0.0000,0.0000,168.0,3.36,0.05,"",0,00:00:32:13,,,,,,,,,,,,
,115749984,11/30/2022 21:32,12/01/2022 10:09,XAUUSD,Sell,0.010,0.00000,0.00000,1761.07000,1775.74000,0.0000,-0.2200,-1467.0,-14.89,-0.20,"from #115731331",0,00:12:36:33,0.0,0s,2162.0,2500.00,0.0,0.0,-2162.0,-21.62,0.0,32.1,-1467.00,-14.67
,115731304,11/30/2022 21:32,12/01/2022 10:09,XAUUSD,Sell,0.020,0.00000,0.00000,1761.12000,1775.84000,0.0000,-0.4500,-1472.0,-29.89,-0.41,"",0,00:12:36:49,0.0,0s,2157.0,2500.00,0.0,0.0,-2157.0,-43.14,0.0,31.8,-1472.00,-29.44
,115749970,12/01/2022 09:14,12/01/2022 10:08,XAUUSD,Sell,0.050,0.00000,0.00000,1780.21000,1776.06000,0.0000,0.0000,415.0,20.75,0.28,"from #115747212",0,00:00:54:18,,,,,,,,,,,,
,115731331,11/30/2022 21:32,12/01/2022 10:08,XAUUSD,Sell,0.010,0.00000,0.00000,1761.07000,1775.69000,0.0000,-0.2300,-1462.0,-14.85,-0.20,"to #115749984",0,00:12:35:28,0.0,0s,2162.0,2500.00,0.0,0.0,-2162.0,-21.62,0.0,32.4,-1462.00,-14.62
,115731503,11/30/2022 21:36,12/01/2022 10:08,XAUUSD,Sell,0.020,0.00000,0.00000,1762.91000,1775.84000,0.0000,-0.4500,-1293.0,-26.31,-0.36,"",0,00:12:31:28,0.0,0s,1978.0,2000.00,0.0,0.0,-1978.0,-39.56,0.0,34.6,-1293.00,-25.86
,115747212,12/01/2022 09:14,12/01/2022 10:07,XAUUSD,Sell,0.050,0.00000,0.00000,1780.21000,1776.06000,0.0000,0.0000,415.0,20.75,0.28,"to #115749970",0,00:00:53:19,,,,,,,,,,,,
,115747686,12/01/2022 09:26,12/01/2022 10:04,XAUUSD,Sell,0.100,1782.00000,0.00000,1780.02000,1776.38000,0.0000,0.0000,364.0,36.40,0.50,"",0,00:00:38:17,,,,,,,,,,,,
,115734883,11/30/2022 22:57,12/01/2022 10:04,XAUUSD,Sell,0.100,0.00000,0.00000,1769.03000,1776.42000,0.0000,-2.2300,-739.0,-76.13,-1.03,"",0,00:11:07:19,13.1,1h 27m,1429.0,21.69,63.0,6.300000000000001,-1366.0,-136.6,4.4,43.9,-802.00,-80.20
,115747472,12/01/2022 09:20,12/01/2022 10:04,XAUUSD,Sell,0.100,0.00000,0.00000,1780.66000,1776.40000,0.0000,0.0000,426.0,42.60,0.58,"",0,00:00:43:55,,,,,,,,,,,,
,115746877,12/01/2022 09:06,12/01/2022 10:00,XAUUSD,Sell,0.200,0.00000,0.00000,1780.56000,1776.12000,0.0000,0.0000,444.0,88.80,1.23,"",0,00:00:53:06,,,,,,,,,,,,
,115739620,12/01/2022 02:29,12/01/2022 09:59,XAUUSD,Sell,0.250,0.00000,0.00000,1775.23000,1775.73000,0.0000,0.0000,-50.0,-12.50,-0.17,"",0,00:07:30:21,13.4,1h 0m,927.0,4.12,181.0,45.25,-746.0,-186.5,19.5,75.1,-231.00,-57.75
,115740720,12/01/2022 03:15,12/01/2022 05:30,XAUUSD,Sell,0.300,0.00000,0.00000,1779.08000,1775.59000,0.0000,0.0000,349.0,104.70,1.47,"",0,00:02:14:51,100.0,2h 14m,314.0,0.00,566.0,169.79999999999998,0.0,0.0,100.0,61.7,-217.00,-65.10
,115735637,11/30/2022 23:52,12/01/2022 05:30,XAUUSD,Sell,0.020,0.00000,0.00000,1767.95000,1775.59000,0.0000,-0.4500,-764.0,-15.73,-0.22,"",0,00:05:38:04,0.0,0s,1042.0,1111.11,0.0,0.0,-1042.0,-20.84,0.0,26.7,-764.00,-15.28
,115737312,12/01/2022 01:10,12/01/2022 05:30,XAUUSD,Sell,0.100,0.00000,0.00000,1770.11000,1775.31000,0.0000,0.0000,-520.0,-52.00,-0.72,"",0,00:04:19:25,0.0,0s,826.0,833.33,0.0,0.0,-826.0,-82.60000000000001,0.0,37.0,-520.00,-52.00
,115739493,12/01/2022 02:25,,,Deposit,0.010,0.00000,0.00000,0.00000,0.00000,0.0000,0.0000,0.0,1.33,0,"IR #89",0,00:00:00:00,,,,,,,,,,,,
,115736848,12/01/2022 00:17,,,Deposit,0.010,0.00000,0.00000,0.00000,0.00000,0.0000,0.0000,0.0,4.18,0,"Rebate",0,00:00:00:00,,,,,,,,,,,,
,115728981,11/30/2022 20:52,11/30/2022 21:10,XAUUSD,Sell,0.030,0.00000,0.00000,1756.61000,1758.76000,0.0000,0.0000,-215.0,-6.45,-0.09,"from #115727281",0,00:00:18:24,,,,,,,,,,,,
,115728379,11/30/2022 21:01,11/30/2022 21:10,XAUUSD,Sell,0.050,0.00000,0.00000,1761.07000,1759.07000,0.0000,0.0000,200.0,10.00,0.14,"",0,00:00:08:47,,,,,,,,,,,,
,115727281,11/30/2022 20:52,11/30/2022 21:08,XAUUSD,Sell,0.020,0.00000,0.00000,1756.61000,1760.06000,0.0000,0.0000,-345.0,-6.90,-0.10,"to #115728981",0,00:00:16:38,,,,,,,,,,,,
,115728908,11/30/2022 21:08,11/30/2022 21:08,XAUUSD,Sell,0.050,0.00000,0.00000,1761.31000,1760.04000,0.0000,0.0000,127.0,6.35,0.09,"",0,00:00:00:39,,,,,,,,,,,,
,115725956,11/30/2022 16:49,11/30/2022 20:39,XAUUSD,Buy,0.050,0.00000,0.00000,1757.71000,1757.82000,0.0000,0.0000,11.0,0.55,0.01,"from #115725902",0,00:03:50:16,25.0,57m,1095.0,4.06,270.0,13.5,-1095.0,-54.75,19.8,81.0,-259.00,-12.95
,115726137,11/30/2022 16:19,11/30/2022 20:39,XAUUSD,Buy,0.080,0.00000,0.00000,1759.83000,1758.00000,0.0000,0.0000,-183.0,-14.64,-0.20,"from #115725939",0,00:04:19:47,11.2,29m,1307.0,22.57,58.0,4.64,-1307.0,-104.56,4.2,82.3,-241.00,-19.28
,115725939,11/30/2022 16:19,11/30/2022 20:38,XAUUSD,Buy,0.070,0.00000,0.00000,1759.83000,1757.58000,0.0000,0.0000,-225.0,-15.75,-0.22,"to #115726137",0,00:04:19:16,11.2,29m,1307.0,22.57,58.0,4.0600000000000005,-1307.0,-91.49000000000001,4.2,79.3,-283.00,-19.81
,115722233,11/30/2022 19:05,11/30/2022 20:38,XAUUSD,Buy,0.100,0.00000,0.00000,1752.67000,1757.69000,0.0000,0.0000,502.0,50.20,0.70,"",0,00:01:33:32,,,,,,,,,,,,
,115725902,11/30/2022 16:49,11/30/2022 20:37,XAUUSD,Buy,0.050,0.00000,0.00000,1757.71000,1757.18000,0.0000,0.0000,-53.0,-2.65,-0.04,"to #115725956",0,00:03:48:42,12.5,28m,1095.0,4.06,270.0,13.5,-1095.0,-54.75,19.8,76.3,-323.00,-16.15
,115725543,11/30/2022 20:33,11/30/2022 20:37,XAUUSD,Buy,0.100,0.00000,0.00000,1753.34000,1756.77000,0.0000,0.0000,343.0,34.30,0.48,"",0,00:00:03:53,,,,,,,,,,,,
,115712262,11/30/2022 16:19,11/30/2022 20:37,XAUUSD,Buy,0.050,0.00000,0.00000,1759.83000,1756.60000,0.0000,0.0000,-323.0,-16.15,-0.23,"to #115725939",0,00:04:18:06,11.2,28m,1307.0,22.57,58.0,2.9000000000000004,-1307.0,-65.35000000000001,4.2,72.1,-381.00,-19.05
,115714028,11/30/2022 16:49,11/30/2022 20:36,XAUUSD,Buy,0.150,0.00000,0.00000,1757.71000,1756.33000,0.0000,0.0000,-138.0,-20.70,-0.29,"to #115725902",0,00:03:47:59,12.5,28m,1095.0,4.06,270.0,40.5,-1095.0,-164.25,19.8,70.1,-408.00,-61.20
,115712328,11/30/2022 16:20,11/30/2022 20:36,XAUUSD,Buy,0.200,0.00000,0.00000,1759.60000,1756.60000,0.0000,0.0000,-300.0,-60.00,-0.83,"",0,00:04:16:13,11.2,28m,1284.0,15.87,81.0,16.2,-1284.0,-256.8,5.9,72.1,-381.00,-76.20
,115716818,11/30/2022 17:22,11/30/2022 20:36,XAUUSD,Buy,0.300,0.00000,0.00000,1751.79000,1756.80000,0.0000,0.0000,501.0,150.30,2.12,"",0,00:03:14:14,85.8,2h 46m,700.0,0.58,862.0,258.59999999999997,-503.0,-150.9,63.2,73.6,-361.00,-108.30
,115714210,11/30/2022 16:51,11/30/2022 20:36,XAUUSD,Buy,0.250,0.00000,0.00000,1755.98000,1755.66000,0.0000,0.0000,-32.0,-8.00,-0.11,"",0,00:03:44:28,12.5,28m,922.0,2.08,443.0,110.75,-922.0,-230.5,32.5,65.2,-475.00,-118.75
,115716804,11/30/2022 17:22,11/30/2022 20:36,XAUUSD,Buy,0.030,0.00000,0.00000,1751.85000,1755.36000,0.0000,0.0000,351.0,10.53,0.15,"",0,00:03:13:32,85.8,2h 46m,700.0,0.59,856.0,25.68,-509.0,-15.27,62.7,63.0,-505.00,-15.15
,115723441,11/30/2022 19:40,11/30/2022 20:32,XAUUSD,Buy,0.100,0.00000,0.00000,1752.28000,1754.28000,0.0000,0.0000,200.0,20.00,0.28,"",0,00:00:51:30,,,,,,,,,,,,
,115715344,11/30/2022 17:03,11/30/2022 20:31,XAUUSD,Buy,0.350,0.00000,0.00000,1754.41000,1753.81000,0.0000,0.0000,-60.0,-21.00,-0.30,"",0,00:03:28:25,14.3,29m,765.0,1.28,600.0,210.0,-765.0,-267.75,44.0,51.6,-660.00,-231.00
,115715660,11/30/2022 17:07,11/30/2022 20:31,XAUUSD,Buy,0.350,0.00000,0.00000,1752.77000,1754.53000,0.0000,0.0000,176.0,61.60,0.88,"",0,00:03:23:56,71.5,2h 25m,700.0,0.79,764.0,267.4,-601.0,-210.35,56.0,56.9,-588.00,-205.80
,115715633,11/30/2022 17:07,11/30/2022 20:31,XAUUSD,Buy,0.350,0.00000,0.00000,1752.52000,1755.03000,0.0000,0.0000,251.0,87.85,1.27,"",0,00:03:24:09,71.5,2h 25m,700.0,0.73,789.0,276.15,-576.0,-201.6,57.8,60.6,-538.00,-188.30
,115710661,11/30/2022 15:46,11/30/2022 16:50,XAUUSD,Sell,0.010,0.00000,0.00000,1756.43000,1756.19000,0.0000,0.0000,24.0,0.24,0.00,"",0,00:01:03:30,,,,,,,,,,,,
,115710640,11/30/2022 15:46,11/30/2022 16:48,XAUUSD,Sell,0.010,0.00000,0.00000,1756.89000,1757.79000,0.0000,0.0000,-90.0,-0.90,-0.01,"",0,00:01:02:30,,,,,,,,,,,,
,115712221,11/30/2022 16:18,11/30/2022 16:47,XAUUSD,Buy,0.200,0.00000,0.00000,1759.52000,1759.89000,0.0000,0.0000,37.0,7.40,0.11,"",0,00:00:28:47,,,,,,,,,,,,
,115712670,11/30/2022 16:30,11/30/2022 16:46,XAUUSD,Buy,0.350,0.00000,0.00000,1759.33000,1760.24000,0.0000,0.0000,91.0,31.85,0.46,"",0,00:00:16:27,,,,,,,,,,,,
,115712126,11/30/2022 16:17,11/30/2022 16:46,XAUUSD,Buy,0.050,0.00000,0.00000,1759.78000,1760.23000,0.0000,0.0000,45.0,2.25,0.03,"",0,00:00:29:19,,,,,,,,,,,,
,115712080,11/30/2022 16:16,11/30/2022 16:46,XAUUSD,Buy,0.300,0.00000,0.00000,1760.02000,1760.33000,0.0000,0.0000,31.0,9.30,0.14,"",0,00:00:30:20,,,,,,,,,,,,
,115712538,11/30/2022 16:26,11/30/2022 16:46,XAUUSD,Buy,0.200,0.00000,0.00000,1758.43000,1760.82000,0.0000,0.0000,239.0,47.80,0.70,"",0,00:00:20:18,,,,,,,,,,,,
,115709932,11/30/2022 15:38,11/30/2022 15:39,XAUUSD,Buy,0.050,0.00000,0.00000,1757.29000,1758.57000,0.0000,0.0000,128.0,6.40,0.09,"",0,00:00:01:13,,,,,,,,,,,,
,115703968,11/30/2022 05:09,11/30/2022 15:38,XAUUSD,Sell,0.020,0.00000,0.00000,1753.17000,1756.91000,0.0000,0.0000,-374.0,-7.48,-0.11,"from #115683509",0,00:10:29:13,0.0,0s,1048.0,1111.11,0.0,0.0,-1048.0,-20.96,0.0,64.3,-374.00,-7.48
,115709319,11/30/2022 15:31,11/30/2022 15:38,XAUUSD,Sell,0.010,0.00000,0.00000,1760.35000,1756.62000,0.0000,0.0000,373.0,3.73,0.05,"",0,00:00:06:18,,,,,,,,,,,,
,115704415,11/30/2022 13:39,11/30/2022 15:34,XAUUSD,Sell,0.030,0.00000,0.00000,1760.32000,1757.47000,0.0000,0.0000,285.0,8.55,0.13,"",0,00:01:54:02,,,,,,,,,,,,
,115708338,11/30/2022 15:18,11/30/2022 15:33,XAUUSD,Sell,0.010,0.00000,0.00000,1759.91000,1757.18000,0.0000,0.0000,273.0,2.73,0.04,"",0,00:00:15:54,,,,,,,,,,,,
,115704411,11/30/2022 13:39,11/30/2022 15:33,XAUUSD,Sell,0.010,0.00000,0.00000,1760.41000,1757.07000,0.0000,0.0000,334.0,3.34,0.05,"",0,00:01:54:02,,,,,,,,,,,,
,115706936,11/30/2022 14:37,11/30/2022 15:33,XAUUSD,Sell,0.050,0.00000,0.00000,1760.91000,1756.70000,0.0000,0.0000,421.0,21.05,0.31,"",0,00:00:56:45,,,,,,,,,,,,
,115708246,11/30/2022 15:17,11/30/2022 15:33,XAUUSD,Sell,0.100,0.00000,0.00000,1762.41000,1756.87000,0.0000,0.0000,554.0,55.40,0.82,"",0,00:00:16:36,,,,,,,,,,,,
,115709340,11/30/2022 15:32,11/30/2022 15:33,XAUUSD,Sell,0.050,0.00000,0.00000,1760.67000,1756.77000,0.0000,0.0000,390.0,19.50,0.29,"",0,00:00:01:33,,,,,,,,,,,,
,115683509,11/30/2022 05:09,11/30/2022 13:21,XAUUSD,Sell,0.010,0.00000,0.00000,1753.17000,1759.60000,0.0000,0.0000,-643.0,-6.43,-0.10,"to #115703968",0,00:08:12:08,0.0,0s,877.0,909.09,0.0,0.0,-877.0,-8.77,0.0,26.7,-643.00,-6.43
,115700700,11/30/2022 12:21,11/30/2022 13:21,XAUUSD,Sell,0.100,0.00000,0.00000,1760.45000,1759.51000,0.0000,0.0000,94.0,9.40,0.14,"",0,00:00:59:21,,,,,,,,,,,,
,115676709,11/29/2022 20:19,11/29/2022 21:06,XAUUSD,Buy,0.150,0.00000,0.00000,1750.86000,1751.70000,0.0000,0.0000,84.0,12.60,0.19,"",0,00:00:46:37,,,,,,,,,,,,
,115676654,11/29/2022 20:17,11/29/2022 21:06,XAUUSD,Buy,0.150,0.00000,0.00000,1751.20000,1751.68000,0.0000,0.0000,48.0,7.20,0.11,"",0,00:00:48:41,,,,,,,,,,,,
,115676238,11/29/2022 20:02,11/29/2022 21:06,XAUUSD,Buy,0.200,0.00000,0.00000,1751.42000,1751.65000,0.0000,0.0000,23.0,4.60,0.07,"",0,00:01:03:27,,,,,,,,,,,,
,115677015,11/29/2022 20:36,11/29/2022 21:06,XAUUSD,Buy,0.150,0.00000,0.00000,1750.23000,1751.65000,0.0000,0.0000,142.0,21.30,0.32,"",0,00:00:29:24,,,,,,,,,,,,
,115676978,11/29/2022 20:33,11/29/2022 21:06,XAUUSD,Buy,0.350,0.00000,0.00000,1749.87000,1751.65000,0.0000,0.0000,178.0,62.30,0.94,"",0,00:00:32:25,,,,,,,,,,,,
,115675907,11/29/2022 19:58,11/29/2022 20:59,XAUUSD,Buy,0.500,0.00000,0.00000,1751.39000,1751.51000,0.0000,0.0000,12.0,6.00,0.09,"",0,00:01:01:43,,,,,,,,,,,,
,115658904,11/29/2022 14:26,11/29/2022 15:16,XAUUSD,Sell,0.010,0.00000,0.00000,1754.87000,1753.37000,0.0000,0.0000,150.0,1.50,0.02,"",0,00:00:50:22,,,,,,,,,,,,
,115656225,11/29/2022 12:54,11/29/2022 13:31,XAUUSD,Sell,0.010,0.00000,0.00000,1755.06000,1754.67000,0.0000,0.0000,39.0,0.39,0.01,"",0,00:00:37:37,,,,,,,,,,,,
,115655314,11/29/2022 12:38,11/29/2022 13:31,XAUUSD,Sell,0.010,0.00000,0.00000,1755.13000,1754.65000,0.0000,0.0000,48.0,0.48,0.01,"",0,00:00:53:01,,,,,,,,,,,,
,115655208,11/29/2022 12:34,11/29/2022 13:31,XAUUSD,Sell,0.010,0.00000,0.00000,1755.33000,1754.62000,0.0000,0.0000,71.0,0.71,0.01,"",0,00:00:57:36,,,,,,,,,,,,
,115645261,11/29/2022 10:08,11/29/2022 12:01,XAUUSD,Sell,0.010,0.00000,0.00000,1753.38000,1754.35000,0.0000,0.0000,-97.0,-0.97,-0.01,"",0,00:01:53:14,,,,,,,,,,,,
,115648383,11/29/2022 11:07,11/29/2022 12:01,XAUUSD,Sell,0.020,0.00000,0.00000,1756.49000,1754.32000,0.0000,0.0000,217.0,4.34,0.07,"",0,00:00:53:36,,,,,,,,,,,,
,115642934,11/29/2022 08:37,11/29/2022 09:44,XAUUSD,Sell,0.020,0.00000,0.00000,1753.23000,1752.99000,0.0000,0.0000,24.0,0.48,0.01,"from #115642113",0,00:01:06:42,,,,,,,,,,,,
,115642113,11/29/2022 08:37,11/29/2022 09:29,XAUUSD,Sell,0.030,0.00000,0.00000,1753.23000,1753.51000,0.0000,0.0000,-28.0,-0.84,-0.01,"to #115642934",0,00:00:52:19,,,,,,,,,,,,
,115641237,11/29/2022 08:37,11/29/2022 09:01,XAUUSD,Sell,0.100,0.00000,0.00000,1753.23000,1753.08000,0.0000,0.0000,15.0,1.50,0.02,"to #115642113",0,00:00:24:01,,,,,,,,,,,,
,115639938,11/29/2022 07:01,,,Withdrawal,0.010,0.00000,0.00000,0.00000,0.00000,0.0000,0.0000,0.0,-3456.20,0,"Transfer to 10189649 #18748542",0,00:00:00:00,,,,,,,,,,,,
,115639924,11/28/2022 20:00,11/29/2022 07:01,XAUUSD,Buy,0.150,0.00000,1756.00000,1742.85000,1753.41000,0.0000,-1.9900,1056.0,156.41,1.58,"from #115639682",0,00:11:00:53,41.0,4h 30m,276.0,0.24,1131.0,169.65,-276.0,-41.4,80.4,94.7,-75.00,-11.25
,115639682,11/28/2022 20:00,11/29/2022 07:00,XAUUSD,Buy,0.200,0.00000,1756.00000,1742.85000,1753.52000,0.0000,-2.6600,1067.0,210.74,2.18,"to #115639924",0,00:11:00:45,41.0,4h 30m,276.0,0.24,1131.0,226.20000000000002,-276.0,-55.2,80.4,95.5,-64.00,-12.80
,115630654,11/28/2022 20:00,11/29/2022 06:58,XAUUSD,Buy,0.150,0.00000,1756.00000,1742.85000,1753.81000,0.0000,-2.0000,1096.0,162.40,1.70,"to #115639682",0,00:10:58:49,38.1,4h 11m,276.0,0.25,1096.0,164.4,-276.0,-41.4,79.9,100.0,0.00,0.00
,115631335,11/28/2022 20:25,11/29/2022 06:54,XAUUSD,Buy,0.500,1737.00000,0.00000,1742.11000,1753.48000,0.0000,-6.6500,1137.0,561.85,6.27,"",0,00:10:28:50,42.9,4h 29m,202.0,0.17,1161.0,580.5,-202.0,-101.0,85.2,98.2,-24.00,-12.00
,115633196,11/28/2022 21:44,11/29/2022 06:17,XAUUSD,Buy,0.500,0.00000,0.00000,1740.70000,1750.69000,0.0000,-6.6500,999.0,492.85,5.82,"",0,00:08:33:05,94.2,8h 3m,162.0,0.06,1040.0,520.0,-61.0,-30.5,94.5,96.3,-41.00,-20.50
,115631074,11/28/2022 20:14,11/29/2022 06:11,XAUUSD,Buy,0.500,0.00000,1756.00000,1742.05000,1750.41000,0.0000,-6.6500,836.0,411.35,5.10,"",0,00:09:56:34,40.0,3h 58m,196.0,0.22,905.0,452.5,-196.0,-98.0,82.2,93.7,-69.00,-34.50
,115630359,11/28/2022 19:59,11/29/2022 06:11,XAUUSD,Buy,2.000,0.00000,1756.00000,1742.96000,1750.37000,0.0000,-26.6000,741.0,1455.40,22.03,"",0,00:10:12:02,33.4,3h 24m,287.0,0.35,814.0,1628.0,-287.0,-574.0,73.9,93.4,-73.00,-146.00
,115633280,11/28/2022 21:48,11/29/2022 03:01,XAUUSD,Buy,0.150,0.00000,0.00000,1740.55000,1741.03000,0.0000,-2.0000,48.0,5.20,0.08,"",0,00:05:12:32,91.0,4h 44m,177.0,0.20,225.0,33.75,-46.0,-6.8999999999999995,83.0,34.7,-177.00,-26.55
,115630306,11/28/2022 19:57,,,Deposit,0.010,0.00000,0.00000,0.00000,0.00000,0.0000,0.0000,0.0,3600.00,0,"Bonus deposit 120% - #115630305",0,00:00:00:00,,,,,,,,,,,,
,115630305,11/28/2022 19:57,,,Deposit,0.000,0.00000,0.00000,0.00000,0.00000,0.0000,0.0000,0.0,3000.00,0,"Deposit WALLETO USD 18744389",0,00:00:00:00,,,,,,,,,,,,

