Tags,Ticket,Open Date,Close Date,Symbol,Action,Units/Lots,SL,TP,Open Price,Close Price,Commission,Swap,Pips,Profit,Gain,Comment,Magic Number,Duration (DD:HH:MM:SS),Profitable(%),Profitable(time duration),Drawdown,Risk:Reward,Max(pips),Max(USD),Min(pips),Min(USD),Entry Accuracy(%),Exit Accuracy(%),ProfitMissed(pips),ProfitMissed(USD)
,96631205,08/01/2023 14:22,,,Withdrawal,0.010,0.00000,0.00000,0.00000,0.00000,0.0000,0.0000,0.0,-1178.19,0,"Transfer to 10189649 #22404963",0,00:00:00:00,,,,,,,,,,,,
,96578744,08/01/2023 03:45,,,Deposit,0.010,0.00000,0.00000,0.00000,0.00000,0.0000,0.0000,0.0,178.95,0,"IR #97",0,00:00:00:00,,,,,,,,,,,,
,96576949,08/01/2023 03:41,,,Deposit,0.010,0.00000,0.00000,0.00000,0.00000,0.0000,0.0000,0.0,52.43,0,"IR #97 VIP",0,00:00:00:00,,,,,,,,,,,,
,96573165,08/01/2023 02:23,,,Deposit,0.010,0.00000,0.00000,0.00000,0.00000,0.0000,0.0000,0.0,211.68,0,"VIP Rebate",0,00:00:00:00,,,,,,,,,,,,
,96573164,08/01/2023 02:23,,,Deposit,0.010,0.00000,0.00000,0.00000,0.00000,0.0000,0.0000,0.0,731.36,0,"Rebate",0,00:00:00:00,,,,,,,,,,,,
,96122606,07/25/2023 15:30,07/25/2023 15:34,XAUUSD,Buy,0.100,0.00000,0.00000,1958.88000,1956.63000,0.0000,0.0000,-225.0,-22.50,-85.65,"[stopout]",0,00:00:03:50,,,,,,,,,,,,
,96062274,07/24/2023 22:13,07/24/2023 23:28,XAUUSD,Sell,0.200,0.00000,0.00000,1953.70000,1955.50000,0.0000,0.0000,-180.0,-36.00,-57.81,"[stopout]",0,00:01:15:32,8.0,6m,203.0,7.83,23.0,4.6000000000000005,-180.0,-36.0,11.3,0.0,-203.00,-40.60
,96062273,07/24/2023 22:13,07/24/2023 23:28,XAUUSD,Sell,0.500,0.00000,0.00000,1953.70000,1955.50000,0.0000,0.0000,-180.0,-90.00,-59.11,"[stopout]",0,00:01:15:36,8.0,6m,203.0,7.83,23.0,11.5,-180.0,-90.0,11.3,0.0,-203.00,-101.50
,96058814,07/24/2023 21:14,07/24/2023 22:11,XAUUSD,Buy,5.000,0.00000,0.00000,1955.72000,1953.80000,0.0000,0.0000,-192.0,-960.00,-86.31,"[stopout]",0,00:00:56:37,19.3,10m,275.0,2.53,78.0,390.0,-197.0,-985.0,28.4,1.8,-270.00,-1350.00
,96058589,07/24/2023 21:13,,,Withdrawal,0.010,0.00000,0.00000,0.00000,0.00000,0.0000,0.0000,0.0,-13.74,0,"Cancellation of #93972710",0,00:00:00:00,,,,,,,,,,,,
,96058588,07/24/2023 21:13,,,Withdrawal,0.010,0.00000,0.00000,0.00000,0.00000,0.0000,0.0000,0.0,-1.58,0,"Cancellation of #93947831",0,00:00:00:00,,,,,,,,,,,,
,96058585,07/24/2023 21:13,,,Withdrawal,0.010,0.00000,0.00000,0.00000,0.00000,0.0000,0.0000,0.0,-1.58,0,"Cancellation of #93947687",0,00:00:00:00,,,,,,,,,,,,
,96058583,07/24/2023 21:13,,,Withdrawal,0.010,0.00000,0.00000,0.00000,0.00000,0.0000,0.0000,0.0,-1.58,0,"Cancellation of #93947334",0,00:00:00:00,,,,,,,,,,,,
,96038517,07/24/2023 16:46,07/24/2023 21:12,XAUUSD,Buy,2.000,0.00000,0.00000,1963.91000,1956.57000,0.0000,0.0000,-734.0,-1468.00,-56.49,"[stopout]",0,00:04:25:59,0.0,0s,734.0,769.23,0.0,0.0,-734.0,-1468.0,0.0,0.0,-734.00,-1468.00
,96038428,07/24/2023 16:45,07/24/2023 21:12,XAUUSD,Buy,5.000,0.00000,0.00000,1964.35000,1956.57000,0.0000,0.0000,-778.0,-3890.00,-59.95,"[stopout]",0,00:04:26:11,0.4,1m,795.0,45.87,17.0,85.0,-778.0,-3890.0,2.1,0.0,-795.00,-3975.00
,95875305,07/21/2023 05:10,07/24/2023 21:12,XAUUSD,Buy,3.500,0.00000,0.00000,1972.22000,1956.57000,0.0000,-46.5500,-1565.0,-5524.05,-45.98,"[stopout]",0,03:16:02:00,0.0,0s,1708.0,2000.00,0.0,0.0,-1708.0,-5978.0,0.0,8.4,-1565.00,-5477.50
,95838527,07/20/2023 17:12,07/24/2023 21:12,XAUUSD,Buy,2.500,0.00000,0.00000,1972.90000,1956.57000,0.0000,-66.5000,-1633.0,-4149.00,-25.67,"[stopout]",0,04:03:59:39,0.5,29m,1825.0,36.36,49.0,122.5,-1776.0,-4440.0,2.7,7.8,-1682.00,-4205.00
,95838426,07/20/2023 17:11,07/24/2023 21:12,XAUUSD,Buy,2.500,0.00000,0.00000,1972.62000,1956.57000,0.0000,-66.5000,-1605.0,-4079.00,-20.15,"[stopout]",0,04:04:00:25,0.9,54m,1825.0,22.73,77.0,192.5,-1748.0,-4370.0,4.2,7.8,-1682.00,-4205.00
,95837610,07/20/2023 17:08,07/24/2023 21:12,XAUUSD,Buy,1.000,0.00000,0.00000,1973.92000,1956.57000,0.0000,-26.6000,-1735.0,-1761.60,-8.01,"[stopout]",0,04:04:03:39,0.0,0s,1878.0,2000.00,0.0,0.0,-1878.0,-1878.0,0.0,7.6,-1735.00,-1735.00
,95837245,07/20/2023 17:06,07/24/2023 21:12,XAUUSD,Buy,1.000,0.00000,0.00000,1974.63000,1956.57000,0.0000,-26.6000,-1806.0,-1832.60,-7.69,"[stopout]",0,04:04:05:18,0.0,0s,1949.0,2000.00,0.0,0.0,-1949.0,-1949.0,0.0,7.3,-1806.00,-1806.00
,95830802,07/20/2023 16:36,07/24/2023 21:12,XAUUSD,Buy,5.000,0.00000,0.00000,1975.26000,1956.57000,0.0000,-133.0000,-1869.0,-9478.00,-28.45,"[stopout]",0,04:04:35:18,0.3,18m,2081.0,29.24,69.0,345.0,-2012.0,-10060.0,3.3,6.9,-1938.00,-9690.00
,95830157,07/20/2023 16:34,07/24/2023 21:12,XAUUSD,Buy,3.500,0.00000,0.00000,1977.78000,1956.57000,0.0000,-93.1000,-2121.0,-7516.60,-18.41,"[stopout]",0,04:04:37:33,0.0,0s,2264.0,2500.00,0.0,0.0,-2264.0,-7924.0,0.0,6.3,-2121.00,-7423.50
,95800877,07/20/2023 12:50,07/24/2023 21:12,XAUUSD,Buy,5.000,0.00000,0.00000,1981.95000,1956.57000,0.0000,-133.0000,-2538.0,-12823.00,-23.90,"[stopout]",0,04:08:21:28,0.6,37m,2794.0,23.75,113.0,565.0,-2681.0,-13405.0,4.0,5.1,-2651.00,-13255.00
,95800817,07/20/2023 12:48,07/24/2023 21:12,XAUUSD,Buy,5.000,0.00000,0.00000,1981.73000,1956.57000,0.0000,-133.0000,-2516.0,-12713.00,-19.16,"[stopout]",0,04:08:23:50,0.9,56m,2794.0,19.72,135.0,675.0,-2659.0,-13295.0,4.8,5.1,-2651.00,-13255.00
,95800801,07/20/2023 12:47,07/24/2023 21:12,XAUUSD,Buy,10.000,0.00000,0.00000,1981.82000,1956.57000,0.0000,-266.0000,-2525.0,-25516.00,-27.77,"[stopout]",0,04:08:24:12,0.8,50m,2794.0,21.19,126.0,1260.0,-2668.0,-26680.0,4.5,5.1,-2651.00,-26510.00
,96037322,07/24/2023 16:40,,,Withdrawal,0.010,0.00000,0.00000,0.00000,0.00000,0.0000,0.0000,0.0,-2000.00,0,"Transfer to 25020603 #22269811",0,00:00:00:00,,,,,,,,,,,,
,96036598,07/24/2023 16:35,,,Withdrawal,0.010,0.00000,0.00000,0.00000,0.00000,0.0000,0.0000,0.0,-1000.00,0,"Transfer to 25020603 #22269701",0,00:00:00:00,,,,,,,,,,,,
,96036373,07/24/2023 16:33,,,Withdrawal,0.010,0.00000,0.00000,0.00000,0.00000,0.0000,0.0000,0.0,-1500.00,0,"Transfer to 25020603 #22269668",0,00:00:00:00,,,,,,,,,,,,
,96035672,07/24/2023 16:29,,,Withdrawal,0.010,0.00000,0.00000,0.00000,0.00000,0.0000,0.0000,0.0,-1000.00,0,"Transfer to 25020603 #22269545",0,00:00:00:00,,,,,,,,,,,,
,96034742,07/24/2023 16:22,,,Withdrawal,0.010,0.00000,0.00000,0.00000,0.00000,0.0000,0.0000,0.0,-1000.00,0,"Transfer to 25020603 #22269390",0,00:00:00:00,,,,,,,,,,,,
,96033408,07/24/2023 16:15,,,Withdrawal,0.010,0.00000,0.00000,0.00000,0.00000,0.0000,0.0000,0.0,-900.00,0,"Transfer to 25020603 #22269269",0,00:00:00:00,,,,,,,,,,,,
,95889739,07/21/2023 10:02,07/24/2023 15:56,XAUUSD,Buy,2.000,0.00000,0.00000,1970.66000,1966.61000,0.0000,-26.6000,-405.0,-836.60,-0.84,"",0,03:05:54:39,0.2,9m,1391.0,357.14,4.0,8.0,-1387.0,-2774.0,0.3,70.6,-409.00,-818.00
,95877126,07/21/2023 06:22,07/24/2023 15:43,XAUUSD,Buy,2.000,0.00000,0.00000,1970.48000,1966.62000,0.0000,-26.6000,-386.0,-798.60,-0.79,"",0,03:09:21:51,1.7,1h 22m,1519.0,9.13,150.0,300.0,-1369.0,-2738.0,9.9,64.7,-536.00,-1072.00
,95890619,07/21/2023 10:09,07/24/2023 15:38,XAUUSD,Buy,2.000,0.00000,0.00000,1970.14000,1967.26000,0.0000,-26.6000,-288.0,-602.60,-0.59,"",0,03:05:28:13,0.3,13m,1352.0,78.74,17.0,34.0,-1335.0,-2670.0,1.3,77.4,-305.00,-610.00
,95988923,07/24/2023 09:45,07/24/2023 10:05,XAUUSD,Buy,3.200,1958.50000,0.00000,1960.93000,1963.58000,0.0000,0.0000,265.0,848.00,0.84,"",0,00:00:19:52,80.0,15m,63.0,0.21,306.0,979.2,-63.0,-201.60000000000002,82.9,88.9,-41.00,-131.20
,95988904,07/24/2023 09:44,,,Deposit,0.010,0.00000,0.00000,0.00000,0.00000,0.0000,0.0000,0.0,2522.66,0,"Transfer from 10189649 22262793",0,00:00:00:00,,,,,,,,,,,,
,95953547,07/21/2023 18:14,,,Deposit,0.010,0.00000,0.00000,0.00000,0.00000,0.0000,0.0000,0.0,1550.00,0,"Deposit CONNECT USD 22240338",0,00:00:00:00,,,,,,,,,,,,
,95952198,07/21/2023 18:03,,,Deposit,0.010,0.00000,0.00000,0.00000,0.00000,0.0000,0.0000,0.0,1480.00,0,"Deposit CONNECT USD 22240126",0,00:00:00:00,,,,,,,,,,,,
,95946400,07/21/2023 17:15,,,Deposit,0.010,0.00000,0.00000,0.00000,0.00000,0.0000,0.0000,0.0,2200.00,0,"Transfer from 10189649 22239160",0,00:00:00:00,,,,,,,,,,,,
,95941166,07/21/2023 16:49,,,Deposit,0.010,0.00000,0.00000,0.00000,0.00000,0.0000,0.0000,0.0,3500.00,0,"Transfer from 10189649 22238611",0,00:00:00:00,,,,,,,,,,,,
,95936747,07/21/2023 16:22,,,Deposit,0.010,0.00000,0.00000,0.00000,0.00000,0.0000,0.0000,0.0,1500.00,0,"Transfer from 10189649 22237956",0,00:00:00:00,,,,,,,,,,,,
,95925331,07/21/2023 10:57,07/21/2023 15:18,XAUUSD,Buy,1.000,1959.00000,0.00000,1965.16000,1967.01000,0.0000,0.0000,185.0,185.00,0.21,"from #95923273",0,00:04:21:04,13.5,35m,381.0,2.05,185.0,185.0,-380.0,-380.0,32.7,100.0,0.00,0.00
,95923273,07/21/2023 10:57,07/21/2023 15:06,XAUUSD,Buy,1.000,1959.00000,0.00000,1965.16000,1966.76000,0.0000,0.0000,160.0,160.00,0.18,"to #95925331",0,00:04:08:56,9.3,23m,381.0,2.28,167.0,167.0,-380.0,-380.0,30.5,98.7,-7.00,-7.00
,95922443,07/21/2023 10:57,07/21/2023 14:55,XAUUSD,Buy,1.000,1959.00000,0.00000,1965.16000,1966.05000,0.0000,0.0000,89.0,89.00,0.10,"to #95923273",0,00:03:58:02,5.5,13m,381.0,2.71,140.0,140.0,-380.0,-380.0,26.9,90.2,-51.00,-51.00
,95922334,07/21/2023 10:57,07/21/2023 14:49,XAUUSD,Buy,1.000,1959.00000,0.00000,1965.16000,1965.72000,0.0000,0.0000,56.0,56.00,0.06,"to #95922443",0,00:03:51:26,3.1,7m,381.0,3.84,99.0,99.0,-380.0,-380.0,20.7,91.0,-43.00,-43.00
,95922046,07/21/2023 10:57,07/21/2023 14:48,XAUUSD,Buy,1.000,1959.00000,0.00000,1965.16000,1965.14000,0.0000,0.0000,-2.0,-2.00,0.00,"to #95922334",0,00:03:50:23,2.2,5m,381.0,14.62,26.0,26.0,-380.0,-380.0,6.4,93.1,-28.00,-28.00
,95921772,07/21/2023 10:57,07/21/2023 14:44,XAUUSD,Buy,1.000,1959.00000,0.00000,1965.16000,1965.19000,0.0000,0.0000,3.0,3.00,0.00,"to #95922046",0,00:03:47:01,1.4,3m,381.0,31.75,12.0,12.0,-380.0,-380.0,3.1,97.7,-9.00,-9.00
,95901910,07/21/2023 10:57,07/21/2023 14:39,XAUUSD,Buy,2.000,1959.00000,0.00000,1965.16000,1964.64000,0.0000,0.0000,-52.0,-104.00,-0.12,"to #95921772",0,00:03:41:39,0.5,1m,381.0,384.62,1.0,2.0,-380.0,-760.0,0.3,86.1,-53.00,-106.00
,95906958,07/21/2023 11:21,07/21/2023 12:09,XAUUSD,Buy,3.000,1960.50000,0.00000,1962.67000,1963.32000,0.0000,0.0000,65.0,195.00,0.22,"",0,00:00:47:36,70.9,33m,373.0,0.49,250.0,750.0,-123.0,-369.0,67.0,50.4,-185.00,-555.00
,95903202,07/21/2023 11:01,07/21/2023 11:21,XAUUSD,Buy,2.000,1962.00000,0.00000,1964.46000,1961.89000,0.0000,0.0000,-257.0,-514.00,-0.59,"[sl]",0,00:00:20:05,10.0,2m,288.0,8.29,31.0,62.0,-257.0,-514.0,10.8,0.0,-288.00,-576.00
,95881444,07/21/2023 08:33,07/21/2023 09:19,XAUUSD,Buy,2.000,0.00000,0.00000,1970.24000,1971.26000,0.0000,0.0000,102.0,204.00,0.23,"",0,00:00:46:05,19.6,9m,201.0,1.93,104.0,208.0,-201.0,-402.0,34.1,99.3,-2.00,-4.00
,95876132,07/21/2023 05:37,07/21/2023 05:44,XAUUSD,Buy,2.000,0.00000,0.00000,1970.86000,1971.72000,0.0000,0.0000,86.0,172.00,0.20,"",0,00:00:07:03,100.0,7m,15.0,0.01,101.0,202.0,0.0,0.0,100.0,85.1,-15.00,-30.00
,95874004,07/21/2023 04:19,07/21/2023 04:36,XAUUSD,Buy,1.500,0.00000,0.00000,1971.97000,1973.57000,0.0000,0.0000,160.0,240.00,0.28,"",0,00:00:17:18,47.1,8m,29.0,0.18,164.0,246.0,-29.0,-43.5,85.0,97.9,-4.00,-6.00
,95873850,07/21/2023 04:12,07/21/2023 04:34,XAUUSD,Buy,3.000,0.00000,0.00000,1972.27000,1973.26000,0.0000,0.0000,99.0,297.00,0.34,"",0,00:00:22:17,27.3,6m,67.0,0.60,112.0,336.0,-67.0,-201.0,62.6,92.7,-13.00,-39.00
,95872417,07/21/2023 03:06,07/21/2023 03:50,XAUUSD,Buy,3.000,0.00000,0.00000,1972.50000,1972.85000,0.0000,0.0000,35.0,105.00,0.12,"",0,00:00:44:43,29.6,13m,71.0,1.01,70.0,210.0,-71.0,-213.0,49.6,75.2,-35.00,-105.00
,95844661,07/20/2023 17:41,07/21/2023 02:58,XAUUSD,Buy,5.000,0.00000,1979.00000,1969.25000,1972.11000,0.0000,-66.5000,286.0,1363.50,1.60,"",0,00:09:16:53,69.7,6h 28m,546.0,1.08,352.0,1760.0,-379.0,-1895.0,48.2,91.0,-66.00,-330.00
,95840816,07/20/2023 17:19,07/21/2023 02:50,XAUUSD,Buy,2.500,0.00000,1979.00000,1972.66000,1972.42000,0.0000,-33.2500,-24.0,-93.25,-0.11,"",0,00:09:31:26,0.9,5m,762.0,17.15,42.0,105.0,-720.0,-1800.0,5.5,91.3,-66.00,-165.00
,95840412,07/20/2023 17:16,07/21/2023 02:34,XAUUSD,Buy,2.500,0.00000,0.00000,1972.92000,1972.19000,0.0000,-33.2500,-73.0,-215.75,-0.25,"",0,00:09:18:10,0.2,1m,762.0,46.73,16.0,40.0,-746.0,-1865.0,2.1,88.3,-89.00,-222.50
,95843672,07/20/2023 17:35,07/21/2023 02:29,XAUUSD,Buy,2.500,0.00000,1979.00000,1971.27000,1971.59000,0.0000,-33.2500,32.0,46.75,0.05,"",0,00:08:54:38,5.7,30m,581.0,10.57,55.0,137.5,-581.0,-1452.5,8.6,96.4,-23.00,-57.50
,95851467,07/20/2023 18:41,07/20/2023 20:58,XAUUSD,Buy,1.000,0.00000,0.00000,1969.33000,1970.63000,0.0000,0.0000,130.0,130.00,0.15,"",0,00:02:16:25,15.4,21m,387.0,2.69,144.0,144.0,-387.0,-387.0,27.1,97.4,-14.00,-14.00
,95852148,07/20/2023 18:51,07/20/2023 20:58,XAUUSD,Buy,1.000,0.00000,0.00000,1967.87000,1970.63000,0.0000,0.0000,276.0,276.00,0.32,"",0,00:02:07:02,63.0,1h 20m,380.0,0.83,290.0,290.0,-241.0,-241.0,54.6,97.4,-14.00,-14.00
,95859744,07/20/2023 20:19,07/20/2023 20:39,XAUUSD,Buy,1.000,0.00000,0.00000,1968.71000,1968.95000,0.0000,0.0000,24.0,24.00,0.03,"",0,00:00:19:24,50.0,9m,64.0,0.94,63.0,63.0,-59.0,-59.0,51.6,68.0,-39.00,-39.00
,95856044,07/20/2023 19:26,07/20/2023 20:09,XAUUSD,Buy,10.000,1963.00000,1976.00000,1966.68000,1968.76000,0.0000,0.0000,208.0,2080.00,2.50,"",0,00:00:42:33,86.1,36m,176.0,0.27,244.0,2440.0,-65.0,-650.0,79.0,88.3,-36.00,-360.00
,95852143,07/20/2023 18:51,07/20/2023 19:00,XAUUSD,Buy,1.000,0.00000,0.00000,1967.75000,1968.22000,0.0000,0.0000,47.0,47.00,0.06,"",0,00:00:09:30,100.0,9m,104.0,0.01,151.0,151.0,0.0,0.0,100.0,31.1,-104.00,-104.00
,95851817,07/20/2023 18:46,07/20/2023 19:00,XAUUSD,Buy,1.000,0.00000,0.00000,1967.92000,1968.41000,0.0000,0.0000,49.0,49.00,0.06,"",0,00:00:14:15,78.6,11m,96.0,0.33,134.0,134.0,-44.0,-44.0,75.3,52.2,-85.00,-85.00
,95846011,07/20/2023 17:46,07/20/2023 17:59,XAUUSD,Buy,3.000,0.00000,0.00000,1967.58000,1970.80000,0.0000,0.0000,322.0,966.00,1.18,"",0,00:00:13:36,100.0,13m,24.0,0.00,322.0,966.0,0.0,0.0,100.0,100.0,0.00,0.00
,95845522,07/20/2023 17:44,07/20/2023 17:59,XAUUSD,Buy,3.000,0.00000,0.00000,1966.83000,1970.63000,0.0000,0.0000,380.0,1140.00,1.41,"",0,00:00:14:57,100.0,14m,24.0,0.00,380.0,1140.0,0.0,0.0,100.0,100.0,0.00,0.00
,95845441,07/20/2023 17:44,,,Deposit,0.010,0.00000,0.00000,0.00000,0.00000,0.0000,0.0000,0.0,22824.40,0,"Transfer from 10189649 22221807",0,00:00:00:00,,,,,,,,,,,,
,95833991,07/20/2023 16:48,07/20/2023 16:54,XAUUSD,Buy,1.000,0.00000,0.00000,1974.73000,1975.89000,0.0000,0.0000,116.0,116.00,0.20,"",0,00:00:05:46,83.4,4m,24.0,0.20,122.0,122.0,-24.0,-24.0,83.6,95.9,-6.00,-6.00
,95834017,07/20/2023 16:48,07/20/2023 16:52,XAUUSD,Buy,1.000,0.00000,0.00000,1974.35000,1974.53000,0.0000,0.0000,18.0,18.00,0.03,"",0,00:00:03:48,,,,,,,,,,,,
,95832271,07/20/2023 16:42,07/20/2023 16:48,XAUUSD,Buy,2.000,0.00000,0.00000,1973.59000,1974.05000,0.0000,0.0000,46.0,92.00,0.16,"",0,00:00:05:20,83.4,4m,75.0,0.55,121.0,242.0,-66.0,-132.0,64.7,59.9,-75.00,-150.00
,95827607,07/20/2023 16:19,07/20/2023 16:27,XAUUSD,Buy,3.500,0.00000,0.00000,1977.98000,1979.68000,0.0000,0.0000,170.0,595.00,1.04,"",0,00:00:07:24,87.5,6m,19.0,0.06,189.0,661.5,-12.0,-42.0,94.0,90.5,-19.00,-66.50
,95804324,07/20/2023 13:46,07/20/2023 16:27,XAUUSD,Buy,5.000,0.00000,0.00000,1981.83000,1979.81000,0.0000,0.0000,-202.0,-1010.00,-1.73,"",0,00:02:40:17,2.5,4m,939.0,20.37,44.0,220.0,-895.0,-4475.0,4.7,73.8,-246.00,-1230.00
,95817032,07/20/2023 15:37,07/20/2023 16:17,XAUUSD,Buy,10.000,0.00000,0.00000,1976.09000,1978.07000,0.0000,0.0000,198.0,1980.00,3.51,"",0,00:00:39:21,22.5,8m,321.0,1.39,231.0,2310.0,-321.0,-3210.0,41.8,94.0,-33.00,-330.00
,95822724,07/20/2023 15:51,07/20/2023 16:14,XAUUSD,Buy,5.000,0.00000,0.00000,1974.49000,1977.24000,0.0000,0.0000,275.0,1375.00,2.50,"",0,00:00:22:32,39.2,8m,294.0,0.45,295.0,1475.0,-132.0,-660.0,69.1,95.3,-20.00,-100.00
,95823000,07/20/2023 15:55,07/20/2023 16:14,XAUUSD,Buy,5.000,0.00000,0.00000,1974.14000,1977.22000,0.0000,0.0000,308.0,1540.00,2.88,"",0,00:00:18:21,52.7,9m,294.0,0.29,330.0,1650.0,-97.0,-485.0,77.3,94.8,-22.00,-110.00
,95825096,07/20/2023 16:07,,,Deposit,0.010,0.00000,0.00000,0.00000,0.00000,0.0000,0.0000,0.0,15000.00,0,"Transfer from 10189649 22219258",0,00:00:00:00,,,,,,,,,,,,
,95816149,07/20/2023 15:33,,,Deposit,0.010,0.00000,0.00000,0.00000,0.00000,0.0000,0.0000,0.0,15000.00,0,"Transfer from 10189649 22218416",0,00:00:00:00,,,,,,,,,,,,
,95805936,07/20/2023 13:57,07/20/2023 14:27,XAUUSD,Buy,5.000,0.00000,0.00000,1980.92000,1981.43000,0.0000,0.0000,51.0,255.00,1.10,"",0,00:00:30:02,60.0,18m,228.0,1.56,89.0,445.0,-139.0,-695.0,39.0,83.3,-38.00,-190.00
,95795289,07/20/2023 11:44,,,Withdrawal,0.010,0.00000,0.00000,0.00000,0.00000,0.0000,0.0000,0.0,-22797.54,0,"Transfer to 10189649 #22214595",0,00:00:00:00,,,,,,,,,,,,
,95781684,07/20/2023 10:09,07/20/2023 11:43,XAUUSD,Buy,5.000,0.00000,0.00000,1982.52000,1983.18000,0.0000,0.0000,66.0,330.00,0.72,"",0,00:01:33:49,25.6,24m,456.0,5.18,87.0,435.0,-451.0,-2255.0,16.2,96.1,-21.00,-105.00
,95781454,07/20/2023 10:06,07/20/2023 11:41,XAUUSD,Buy,0.050,0.00000,0.00000,1982.55000,1983.28000,0.0000,0.0000,73.0,3.65,0.01,"",0,00:01:35:05,23.2,22m,456.0,6.22,73.0,3.6500000000000004,-454.0,-22.700000000000003,13.9,100.0,0.00,0.00
,95781670,07/20/2023 10:09,07/20/2023 11:40,XAUUSD,Buy,5.000,0.00000,0.00000,1982.50000,1982.99000,0.0000,0.0000,49.0,245.00,0.54,"",0,00:01:31:01,23.1,21m,456.0,6.33,71.0,355.0,-449.0,-2245.0,13.7,95.8,-22.00,-110.00
,95781513,07/20/2023 10:07,07/20/2023 11:40,XAUUSD,Buy,5.000,0.00000,0.00000,1982.46000,1982.81000,0.0000,0.0000,35.0,175.00,0.39,"",0,00:01:32:59,23.7,22m,456.0,5.93,75.0,375.0,-445.0,-2225.0,14.4,92.3,-40.00,-200.00
,95782113,07/20/2023 10:15,07/20/2023 11:23,XAUUSD,Buy,5.000,0.00000,0.00000,1982.46000,1982.69000,0.0000,0.0000,23.0,115.00,0.25,"",0,00:01:07:41,4.5,3m,445.0,13.91,32.0,160.0,-445.0,-2225.0,6.7,98.1,-9.00,-45.00
,95781727,07/20/2023 10:10,07/20/2023 11:22,XAUUSD,Buy,5.000,0.00000,0.00000,1982.19000,1982.38000,0.0000,0.0000,19.0,95.00,0.21,"",0,00:01:12:32,7.0,5m,456.0,8.53,49.0,245.0,-418.0,-2090.0,10.5,93.6,-30.00,-150.00
,95781895,07/20/2023 10:11,07/20/2023 11:22,XAUUSD,Buy,5.000,0.00000,0.00000,1982.15000,1982.29000,0.0000,0.0000,14.0,70.00,0.16,"",0,00:01:10:50,5.7,4m,456.0,7.81,53.0,265.0,-414.0,-2070.0,11.3,91.6,-39.00,-195.00
,95783096,07/20/2023 10:18,07/20/2023 11:21,XAUUSD,Buy,5.000,0.00000,0.00000,1981.29000,1981.95000,0.0000,0.0000,66.0,330.00,0.74,"",0,00:01:03:00,11.2,7m,328.0,4.69,70.0,350.0,-328.0,-1640.0,17.6,99.0,-4.00,-20.00
,95783893,07/20/2023 10:21,07/20/2023 11:17,XAUUSD,Buy,3.000,0.00000,0.00000,1981.28000,1981.62000,0.0000,0.0000,34.0,102.00,0.23,"",0,00:00:56:03,7.2,4m,327.0,7.79,42.0,126.0,-327.0,-981.0,11.4,97.8,-8.00,-24.00
,95783913,07/20/2023 10:21,07/20/2023 11:16,XAUUSD,Buy,3.000,0.00000,0.00000,1981.13000,1981.40000,0.0000,0.0000,27.0,81.00,0.18,"",0,00:00:54:51,5.5,3m,312.0,5.48,57.0,171.0,-312.0,-936.0,15.4,91.9,-30.00,-90.00
,95787359,07/20/2023 10:45,07/20/2023 11:13,XAUUSD,Buy,10.000,0.00000,0.00000,1978.92000,1980.17000,0.0000,0.0000,125.0,1250.00,2.89,"",0,00:00:28:17,75.0,21m,100.0,0.69,132.0,1320.0,-91.0,-910.0,59.2,96.9,-7.00,-70.00
,95786907,07/20/2023 10:44,,,Deposit,0.010,0.00000,0.00000,0.00000,0.00000,0.0000,0.0000,0.0,15978.00,0,"Transfer from 10189649 22213531",0,00:00:00:00,,,,,,,,,,,,
,95766841,07/20/2023 05:10,07/20/2023 08:23,XAUUSD,Sell,0.050,0.00000,0.00000,1983.98000,1984.00000,0.0000,0.0000,-2.0,-0.10,0.00,"from #95766038",0,00:03:12:39,4.7,9m,346.0,15.92,21.0,1.05,-334.0,-16.7,5.9,93.5,-23.00,-1.15
,95766038,07/20/2023 05:10,07/20/2023 07:45,XAUUSD,Sell,0.050,0.00000,0.00000,1983.98000,1984.69000,0.0000,0.0000,-71.0,-3.55,-0.01,"to #95766841",0,00:02:35:18,2.0,3m,346.0,27.86,12.0,0.6000000000000001,-334.0,-16.7,3.5,76.0,-83.00,-4.15
,95766061,07/20/2023 05:48,07/20/2023 07:45,XAUUSD,Sell,0.100,0.00000,0.00000,1985.40000,1984.69000,0.0000,0.0000,71.0,7.10,0.03,"from #95761820",0,00:01:56:51,43.6,50m,192.0,1.48,130.0,13.0,-192.0,-19.200000000000003,40.4,81.7,-59.00,-5.90
,95761820,07/20/2023 05:48,07/20/2023 07:25,XAUUSD,Sell,0.100,0.00000,0.00000,1985.40000,1984.53000,0.0000,0.0000,87.0,8.70,0.03,"to #95766061",0,00:01:36:27,32.0,30m,192.0,1.78,108.0,10.8,-192.0,-19.200000000000003,36.0,93.0,-21.00,-2.10
,95760505,07/20/2023 05:10,07/20/2023 07:25,XAUUSD,Sell,0.100,0.00000,0.00000,1983.98000,1984.54000,0.0000,0.0000,-56.0,-5.60,-0.02,"to #95766038",0,00:02:14:39,2.3,3m,346.0,27.86,12.0,1.2000000000000002,-334.0,-33.4,3.5,80.3,-68.00,-6.80
,95761342,07/20/2023 05:35,07/20/2023 07:24,XAUUSD,Sell,0.200,0.00000,0.00000,1985.66000,1984.62000,0.0000,0.0000,104.0,20.80,0.08,"",0,00:01:48:59,56.0,1h 1m,270.0,1.24,134.0,26.8,-166.0,-33.2,44.7,90.0,-30.00,-6.00
,95764488,07/20/2023 06:34,07/20/2023 07:24,XAUUSD,Sell,0.200,0.00000,0.00000,1985.69000,1984.61000,0.0000,0.0000,108.0,21.60,0.08,"",0,00:00:49:54,88.0,43m,55.0,0.15,137.0,27.400000000000002,-21.0,-4.2,86.7,81.6,-29.00,-5.80
,95743406,07/19/2023 20:37,07/19/2023 20:41,XAUUSD,Sell,0.050,0.00000,0.00000,1977.45000,1977.37000,0.0000,0.0000,8.0,0.40,0.00,"from #95743390",0,00:00:04:29,100.0,4m,15.0,0.04,23.0,1.1500000000000001,0.0,0.0,100.0,34.8,-15.00,-0.75
,95743390,07/19/2023 20:37,07/19/2023 20:41,XAUUSD,Sell,0.050,0.00000,0.00000,1977.45000,1977.37000,0.0000,0.0000,8.0,0.40,0.00,"to #95743406",0,00:00:04:23,100.0,4m,15.0,0.04,23.0,1.1500000000000001,0.0,0.0,100.0,34.8,-15.00,-0.75
,95743381,07/19/2023 20:37,07/19/2023 20:41,XAUUSD,Sell,0.100,0.00000,0.00000,1977.45000,1977.36000,0.0000,0.0000,9.0,0.90,0.00,"to #95743390",0,00:00:04:06,100.0,4m,14.0,0.04,23.0,2.3000000000000003,0.0,0.0,100.0,39.1,-14.00,-1.40
,95743311,07/19/2023 20:37,07/19/2023 20:40,XAUUSD,Sell,0.300,0.00000,0.00000,1977.45000,1977.40000,0.0000,0.0000,5.0,1.50,0.01,"to #95743381",0,00:00:03:46,,,,,,,,,,,,
,95742525,07/19/2023 20:21,,,Withdrawal,0.010,0.00000,0.00000,0.00000,0.00000,0.0000,0.0000,0.0,-45976.09,0,"Transfer to 10189649 #22205727",0,00:00:00:00,,,,,,,,,,,,
,95742482,07/19/2023 10:48,07/19/2023 20:20,XAUUSD,Buy,2.000,0.00000,0.00000,1979.22000,1978.35000,0.0000,0.0000,-87.0,-174.00,-0.24,"from #95742413",0,00:09:32:15,0.9,5m,811.0,114.94,7.0,14.0,-804.0,-1608.0,0.9,88.4,-94.00,-188.00
,95742413,07/19/2023 10:48,07/19/2023 20:19,XAUUSD,Buy,2.000,0.00000,0.00000,1979.22000,1978.34000,0.0000,0.0000,-88.0,-176.00,-0.24,"to #95742482",0,00:09:31:21,0.9,5m,811.0,114.94,7.0,14.0,-804.0,-1608.0,0.9,88.3,-95.00,-190.00
,95687191,07/19/2023 10:48,07/19/2023 20:17,XAUUSD,Buy,1.000,0.00000,0.00000,1979.22000,1978.35000,0.0000,0.0000,-87.0,-87.00,-0.12,"to #95742413",0,00:09:29:15,0.9,5m,811.0,114.94,7.0,7.0,-804.0,-804.0,0.9,88.4,-94.00,-94.00
,95741925,07/19/2023 10:48,07/19/2023 20:17,XAUUSD,Buy,2.000,0.00000,0.00000,1979.23000,1978.44000,0.0000,0.0000,-79.0,-158.00,-0.21,"from #95687200",0,00:09:28:57,0.9,5m,811.0,135.14,6.0,12.0,-805.0,-1610.0,0.7,89.5,-85.00,-170.00
,95741915,07/19/2023 10:48,07/19/2023 20:09,XAUUSD,Buy,2.000,0.00000,0.00000,1979.25000,1978.62000,0.0000,0.0000,-63.0,-126.00,-0.17,"from #95687206",0,00:09:21:09,0.9,5m,811.0,204.08,4.0,8.0,-807.0,-1614.0,0.5,91.7,-67.00,-134.00
,95687200,07/19/2023 10:48,07/19/2023 20:09,XAUUSD,Buy,3.000,0.00000,0.00000,1979.23000,1978.76000,0.0000,0.0000,-47.0,-141.00,-0.19,"to #95741925",0,00:09:20:58,0.9,5m,811.0,135.14,6.0,18.0,-805.0,-2415.0,0.7,93.5,-53.00,-159.00
,95687206,07/19/2023 10:48,07/19/2023 20:09,XAUUSD,Buy,3.000,0.00000,0.00000,1979.25000,1978.83000,0.0000,0.0000,-42.0,-126.00,-0.17,"to #95741915",0,00:09:20:47,0.9,5m,811.0,204.08,4.0,12.0,-807.0,-2421.0,0.5,94.3,-46.00,-138.00
,95724283,07/19/2023 16:57,07/19/2023 20:08,XAUUSD,Buy,2.000,0.00000,0.00000,1977.68000,1978.74000,0.0000,0.0000,106.0,212.00,0.29,"",0,00:03:11:15,3.7,7m,773.0,6.50,119.0,238.0,-773.0,-1546.0,13.3,98.5,-13.00,-26.00
,95724463,07/19/2023 16:59,07/19/2023 20:04,XAUUSD,Buy,2.000,0.00000,0.00000,1977.41000,1977.65000,0.0000,0.0000,24.0,48.00,0.06,"",0,00:03:04:14,5.5,10m,746.0,24.10,31.0,62.0,-746.0,-1492.0,4.0,99.1,-7.00,-14.00
,95725169,07/19/2023 17:01,07/19/2023 19:53,XAUUSD,Buy,2.000,0.00000,0.00000,1976.42000,1977.42000,0.0000,0.0000,100.0,200.00,0.27,"",0,00:02:52:27,11.1,19m,736.0,5.39,120.0,240.0,-647.0,-1294.0,15.6,97.4,-20.00,-40.00
,95735554,07/19/2023 18:36,07/19/2023 19:40,XAUUSD,Buy,2.000,0.00000,0.00000,1974.80000,1975.80000,0.0000,0.0000,100.0,200.00,0.27,"",0,00:01:04:42,23.5,15m,303.0,2.63,100.0,200.0,-263.0,-526.0,27.5,100.0,0.00,0.00
,95737281,07/19/2023 19:05,07/19/2023 19:29,XAUUSD,Buy,1.000,0.00000,0.00000,1974.10000,1974.54000,0.0000,0.0000,44.0,44.00,0.06,"",0,00:00:24:23,20.9,5m,193.0,3.45,56.0,56.0,-193.0,-193.0,22.5,95.2,-12.00,-12.00
,95737932,07/19/2023 19:15,07/19/2023 19:27,XAUUSD,Buy,1.000,0.00000,0.00000,1973.21000,1974.23000,0.0000,0.0000,102.0,102.00,0.14,"",0,00:00:11:55,100.0,11m,29.0,0.01,102.0,102.0,0.0,0.0,100.0,100.0,0.00,0.00
,95735981,07/19/2023 18:40,07/19/2023 18:53,XAUUSD,Buy,2.000,0.00000,0.00000,1973.86000,1974.90000,0.0000,0.0000,104.0,208.00,0.28,"",0,00:00:13:16,77.0,10m,66.0,0.49,134.0,268.0,-66.0,-132.0,67.0,85.0,-30.00,-60.00
,95736133,07/19/2023 18:42,07/19/2023 18:49,XAUUSD,Buy,2.000,0.00000,0.00000,1973.34000,1974.53000,0.0000,0.0000,119.0,238.00,0.33,"",0,00:00:06:17,100.0,6m,5.0,0.01,124.0,248.0,0.0,0.0,100.0,96.0,-5.00,-10.00
,95726441,07/19/2023 17:12,07/19/2023 18:31,XAUUSD,Buy,3.000,0.00000,0.00000,1975.24000,1976.00000,0.0000,0.0000,76.0,228.00,0.31,"",0,00:01:18:50,25.4,20m,529.0,5.46,97.0,291.0,-529.0,-1587.0,15.5,96.6,-21.00,-63.00
,95733323,07/19/2023 18:01,07/19/2023 18:14,XAUUSD,Buy,2.000,0.00000,0.00000,1974.42000,1976.07000,0.0000,0.0000,165.0,330.00,0.46,"",0,00:00:13:12,38.5,5m,88.0,0.53,165.0,330.0,-88.0,-176.0,65.2,100.0,0.00,0.00
,95733745,07/19/2023 18:07,07/19/2023 18:13,XAUUSD,Buy,2.000,0.00000,0.00000,1974.01000,1975.28000,0.0000,0.0000,127.0,254.00,0.35,"",0,00:00:05:47,66.7,3m,38.0,0.25,150.0,300.0,-38.0,-76.0,79.8,87.8,-23.00,-46.00
,95727572,07/19/2023 17:19,07/19/2023 17:56,XAUUSD,Buy,2.000,0.00000,0.00000,1974.16000,1975.19000,0.0000,0.0000,103.0,206.00,0.29,"",0,00:00:36:13,13.6,4m,421.0,3.40,124.0,248.0,-421.0,-842.0,22.8,96.1,-21.00,-42.00
,95729279,07/19/2023 17:35,07/19/2023 17:55,XAUUSD,Buy,2.000,0.00000,0.00000,1972.91000,1974.82000,0.0000,0.0000,191.0,382.00,0.53,"",0,00:00:19:43,40.0,7m,375.0,1.19,249.0,498.0,-296.0,-592.0,45.7,89.4,-58.00,-116.00
,95730350,07/19/2023 17:43,07/19/2023 17:53,XAUUSD,Buy,3.000,0.00000,0.00000,1971.23000,1974.02000,0.0000,0.0000,279.0,837.00,1.18,"",0,00:00:10:07,90.0,9m,128.0,0.43,295.0,885.0,-128.0,-384.0,69.7,96.2,-16.00,-48.00
,95725019,07/19/2023 17:00,07/19/2023 17:08,XAUUSD,Buy,2.000,0.00000,0.00000,1976.30000,1976.64000,0.0000,0.0000,34.0,68.00,0.10,"",0,00:00:07:22,100.0,7m,67.0,0.01,101.0,202.0,0.0,0.0,100.0,33.7,-67.00,-134.00
,95687186,07/19/2023 10:47,07/19/2023 16:52,XAUUSD,Buy,2.000,0.00000,0.00000,1979.18000,1979.53000,0.0000,0.0000,35.0,70.00,0.10,"",0,00:06:04:39,2.8,10m,716.0,20.49,35.0,70.0,-716.0,-1432.0,4.7,100.0,0.00,0.00
,95717254,07/19/2023 15:51,07/19/2023 16:52,XAUUSD,Buy,2.000,0.00000,0.00000,1977.92000,1979.71000,0.0000,0.0000,179.0,358.00,0.51,"",0,00:01:01:13,29.6,18m,278.0,1.30,179.0,358.0,-232.0,-464.0,43.6,100.0,0.00,0.00
,95722890,07/19/2023 16:48,07/19/2023 16:52,XAUUSD,Buy,2.000,0.00000,0.00000,1977.73000,1979.64000,0.0000,0.0000,191.0,382.00,0.55,"",0,00:00:03:52,,,,,,,,,,,,
,95719515,07/19/2023 16:20,07/19/2023 16:36,XAUUSD,Buy,2.000,0.00000,0.00000,1977.41000,1978.75000,0.0000,0.0000,134.0,268.00,0.39,"",0,00:00:16:13,43.8,7m,181.0,1.31,138.0,276.0,-181.0,-362.0,43.3,98.7,-4.00,-8.00
,95719427,07/19/2023 16:19,07/19/2023 16:36,XAUUSD,Buy,2.000,0.00000,0.00000,1977.28000,1978.76000,0.0000,0.0000,148.0,296.00,0.43,"",0,00:00:17:23,41.2,7m,168.0,1.11,151.0,302.0,-168.0,-336.0,47.3,99.1,-3.00,-6.00
,95719767,07/19/2023 16:24,07/19/2023 16:35,XAUUSD,Buy,2.000,0.00000,0.00000,1976.76000,1977.43000,0.0000,0.0000,67.0,134.00,0.19,"",0,00:00:10:32,54.6,5m,116.0,1.05,110.0,220.0,-116.0,-232.0,48.7,81.0,-43.00,-86.00
,95717073,07/19/2023 15:48,07/19/2023 16:16,XAUUSD,Buy,2.000,0.00000,0.00000,1977.58000,1978.30000,0.0000,0.0000,72.0,144.00,0.21,"",0,00:00:28:08,35.8,10m,181.0,1.45,80.0,160.0,-116.0,-232.0,40.8,95.9,-8.00,-16.00
,95718591,07/19/2023 16:05,07/19/2023 16:16,XAUUSD,Buy,2.000,0.00000,0.00000,1977.26000,1978.09000,0.0000,0.0000,83.0,166.00,0.24,"",0,00:00:10:32,54.6,5m,49.0,0.40,112.0,224.0,-45.0,-90.0,71.3,81.5,-29.00,-58.00
,95718465,07/19/2023 16:03,07/19/2023 16:16,XAUUSD,Buy,2.000,0.00000,0.00000,1977.24000,1978.11000,0.0000,0.0000,87.0,174.00,0.25,"",0,00:00:13:12,61.6,8m,72.0,0.38,114.0,228.0,-43.0,-86.0,72.6,82.8,-27.00,-54.00
,95718896,07/19/2023 16:11,07/19/2023 16:14,XAUUSD,Buy,2.000,0.00000,0.00000,1977.05000,1977.46000,0.0000,0.0000,41.0,82.00,0.12,"",0,00:00:02:58,,,,,,,,,,,,
,95717350,07/19/2023 15:52,07/19/2023 15:56,XAUUSD,Buy,2.000,0.00000,0.00000,1977.48000,1977.88000,0.0000,0.0000,40.0,80.00,0.12,"",0,00:00:04:22,100.0,4m,38.0,0.01,75.0,150.0,0.0,0.0,100.0,53.3,-35.00,-70.00
,95689948,07/19/2023 11:23,07/19/2023 15:45,XAUUSD,Buy,2.000,0.00000,0.00000,1978.37000,1978.86000,0.0000,0.0000,49.0,98.00,0.14,"",0,00:04:22:35,13.3,34m,674.0,6.91,92.0,184.0,-635.0,-1270.0,12.7,94.1,-43.00,-86.00
,95689645,07/19/2023 11:17,07/19/2023 15:45,XAUUSD,Buy,2.000,0.00000,0.00000,1978.46000,1978.78000,0.0000,0.0000,32.0,64.00,0.09,"",0,00:04:28:08,9.3,24m,674.0,7.76,83.0,166.0,-644.0,-1288.0,11.4,93.0,-51.00,-102.00
,95714568,07/19/2023 15:36,07/19/2023 15:45,XAUUSD,Buy,2.000,0.00000,0.00000,1976.63000,1978.31000,0.0000,0.0000,168.0,336.00,0.49,"",0,00:00:08:22,88.9,7m,88.0,0.39,225.0,450.0,-88.0,-176.0,71.9,81.8,-57.00,-114.00
,95714433,07/19/2023 15:36,07/19/2023 15:43,XAUUSD,Buy,2.000,0.00000,0.00000,1976.65000,1977.10000,0.0000,0.0000,45.0,90.00,0.13,"",0,00:00:06:53,85.8,5m,109.0,0.58,154.0,308.0,-90.0,-180.0,63.1,55.3,-109.00,-218.00
,95700851,07/19/2023 13:47,07/19/2023 15:26,XAUUSD,Buy,5.000,0.00000,0.00000,1974.85000,1977.92000,0.0000,0.0000,307.0,1535.00,2.31,"",0,00:01:38:58,35.4,35m,419.0,0.73,444.0,2220.0,-325.0,-1625.0,57.7,82.2,-137.00,-685.00
,95699392,07/19/2023 13:29,07/19/2023 15:25,XAUUSD,Buy,1.000,0.00000,0.00000,1976.95000,1978.02000,0.0000,0.0000,107.0,107.00,0.16,"",0,00:01:56:15,5.2,6m,535.0,2.29,234.0,234.0,-535.0,-535.0,30.4,83.5,-127.00,-127.00
,95696160,07/19/2023 12:45,07/19/2023 15:25,XAUUSD,Buy,2.000,0.00000,0.00000,1978.16000,1978.11000,0.0000,0.0000,-5.0,-10.00,-0.02,"",0,00:02:39:52,1.3,2m,656.0,5.81,113.0,226.0,-656.0,-1312.0,14.7,84.7,-118.00,-236.00
,95699340,07/19/2023 13:29,07/19/2023 15:25,XAUUSD,Buy,1.000,0.00000,0.00000,1976.93000,1978.70000,0.0000,0.0000,177.0,177.00,0.27,"",0,00:01:56:09,5.2,6m,533.0,2.26,236.0,236.0,-533.0,-533.0,30.7,92.3,-59.00,-59.00
,95688722,07/19/2023 11:02,07/19/2023 15:25,XAUUSD,Buy,2.000,0.00000,0.00000,1978.29000,1978.98000,0.0000,0.0000,69.0,138.00,0.21,"",0,00:04:22:53,13.3,34m,674.0,6.27,100.0,200.0,-627.0,-1254.0,13.8,95.7,-31.00,-62.00
,95687195,07/19/2023 10:48,07/19/2023 15:25,XAUUSD,Buy,5.000,0.00000,0.00000,1979.28000,1979.20000,0.0000,0.0000,-8.0,-40.00,-0.06,"",0,00:04:36:55,1.8,4m,726.0,769.23,1.0,5.0,-726.0,-3630.0,0.1,98.8,-9.00,-45.00
,95690438,07/19/2023 11:36,07/19/2023 15:21,XAUUSD,Buy,2.000,0.00000,0.00000,1978.22000,1977.57000,0.0000,0.0000,-65.0,-130.00,-0.20,"",0,00:03:44:33,8.9,19m,674.0,5.80,107.0,214.0,-620.0,-1240.0,14.7,76.3,-172.00,-344.00
,95700523,07/19/2023 13:44,07/19/2023 15:20,XAUUSD,Buy,5.000,0.00000,0.00000,1975.28000,1977.91000,0.0000,0.0000,263.0,1315.00,2.03,"",0,00:01:36:04,20.9,20m,419.0,1.32,279.0,1395.0,-368.0,-1840.0,43.1,97.5,-16.00,-80.00
,95697746,07/19/2023 13:03,07/19/2023 15:20,XAUUSD,Buy,3.000,0.00000,0.00000,1977.29000,1977.71000,0.0000,0.0000,42.0,126.00,0.19,"",0,00:02:17:13,9.5,13m,646.0,7.30,78.0,234.0,-569.0,-1707.0,12.1,94.4,-36.00,-108.00
,95704748,07/19/2023 14:24,07/19/2023 15:07,XAUUSD,Buy,8.000,0.00000,0.00000,1972.89000,1975.44000,0.0000,0.0000,255.0,2040.00,3.26,"",0,00:00:42:36,58.2,24m,129.0,0.44,294.0,2352.0,-129.0,-1032.0,69.5,90.8,-39.00,-312.00
,95701256,07/19/2023 13:52,07/19/2023 15:05,XAUUSD,Buy,2.500,0.00000,0.00000,1974.54000,1974.70000,0.0000,0.0000,16.0,40.00,0.06,"",0,00:01:12:46,23.3,16m,419.0,2.35,125.0,312.5,-294.0,-735.0,29.8,74.0,-109.00,-272.50
,95705923,07/19/2023 14:38,07/19/2023 15:01,XAUUSD,Buy,2.000,0.00000,0.00000,1972.73000,1973.62000,0.0000,0.0000,89.0,178.00,0.29,"",0,00:00:22:23,82.7,18m,67.0,0.42,116.0,232.0,-49.0,-98.0,70.3,83.6,-27.00,-54.00
,95705749,07/19/2023 14:36,,,Deposit,0.010,0.00000,0.00000,0.00000,0.00000,0.0000,0.0000,0.0,10000.00,0,"Deposit WALLETO USD 22199509",0,00:00:00:00,,,,,,,,,,,,
,95704458,07/19/2023 14:20,,,Deposit,0.010,0.00000,0.00000,0.00000,0.00000,0.0000,0.0000,0.0,10000.00,0,"Deposit WALLETO USD 22199176",0,00:00:00:00,,,,,,,,,,,,
,95691078,07/19/2023 11:50,07/19/2023 12:23,XAUUSD,Buy,2.000,0.00000,0.00000,1977.87000,1978.77000,0.0000,0.0000,90.0,180.00,0.43,"",0,00:00:32:19,66.7,21m,85.0,0.94,90.0,180.0,-85.0,-170.0,51.4,100.0,0.00,0.00
,95692610,07/19/2023 12:06,07/19/2023 12:12,XAUUSD,Buy,3.000,0.00000,0.00000,1977.48000,1978.02000,0.0000,0.0000,54.0,162.00,0.39,"",0,00:00:06:09,83.4,5m,22.0,0.10,58.0,174.0,-6.0,-18.0,90.6,93.8,-4.00,-12.00
,95687455,07/19/2023 10:52,07/19/2023 11:46,XAUUSD,Buy,5.000,0.00000,0.00000,1978.78000,1978.73000,0.0000,0.0000,-5.0,-25.00,-0.06,"",0,00:00:53:39,9.1,4m,165.0,11.70,13.0,65.0,-152.0,-760.0,7.9,89.1,-18.00,-90.00
,95687685,07/19/2023 10:54,07/19/2023 11:09,XAUUSD,Buy,3.000,0.00000,0.00000,1978.32000,1978.50000,0.0000,0.0000,18.0,54.00,0.13,"",0,00:00:14:45,,,,,,,,,,,,
,95678601,07/19/2023 10:04,07/19/2023 10:28,XAUUSD,Buy,2.000,0.00000,0.00000,1977.47000,1979.87000,0.0000,0.0000,240.0,480.00,1.16,"",0,00:00:23:39,100.0,23m,106.0,0.00,299.0,598.0,0.0,0.0,100.0,80.3,-59.00,-118.00
,95676555,07/19/2023 09:58,07/19/2023 10:28,XAUUSD,Buy,2.000,0.00000,0.00000,1976.47000,1979.71000,0.0000,0.0000,324.0,648.00,1.58,"",0,00:00:29:49,100.0,29m,106.0,0.00,399.0,798.0,0.0,0.0,100.0,81.2,-75.00,-150.00
,95676539,07/19/2023 09:58,07/19/2023 10:28,XAUUSD,Buy,2.000,0.00000,0.00000,1976.39000,1979.77000,0.0000,0.0000,338.0,676.00,1.68,"",0,00:00:30:11,100.0,30m,106.0,0.00,407.0,814.0,0.0,0.0,100.0,83.0,-69.00,-138.00
,95676455,07/19/2023 09:57,07/19/2023 10:28,XAUUSD,Buy,10.000,0.00000,0.00000,1976.38000,1979.77000,0.0000,0.0000,339.0,3390.00,9.20,"",0,00:00:30:53,100.0,30m,106.0,0.00,408.0,4080.0,0.0,0.0,100.0,83.1,-69.00,-690.00
,95676450,07/19/2023 09:57,07/19/2023 10:28,XAUUSD,Buy,2.000,0.00000,0.00000,1976.36000,1979.89000,0.0000,0.0000,353.0,706.00,1.95,"",0,00:00:30:53,100.0,30m,106.0,0.00,410.0,820.0,0.0,0.0,100.0,86.1,-57.00,-114.00
,95639528,07/18/2023 17:35,07/18/2023 18:56,XAUUSD,Sell,1.000,0.00000,0.00000,1979.57000,1978.66000,0.0000,0.0000,91.0,91.00,0.25,"from #95630577",0,00:01:20:47,19.8,15m,461.0,3.72,124.0,124.0,-461.0,-461.0,21.2,94.4,-33.00,-33.00
,95630577,07/18/2023 17:35,07/18/2023 18:41,XAUUSD,Sell,1.000,0.00000,0.00000,1979.57000,1979.23000,0.0000,0.0000,34.0,34.00,0.09,"to #95639528",0,00:01:06:19,6.1,4m,461.0,6.15,75.0,75.0,-461.0,-461.0,14.0,92.4,-41.00,-41.00
,95636335,07/18/2023 18:10,07/18/2023 18:38,XAUUSD,Sell,2.000,0.00000,0.00000,1982.30000,1980.21000,0.0000,0.0000,209.0,418.00,1.17,"",0,00:00:28:53,71.5,20m,198.0,0.63,218.0,436.0,-137.0,-274.0,61.4,97.5,-9.00,-18.00
,95634502,07/18/2023 17:55,07/18/2023 18:36,XAUUSD,Sell,2.000,0.00000,0.00000,1982.32000,1980.69000,0.0000,0.0000,163.0,326.00,0.92,"",0,00:00:41:44,51.3,21m,290.0,1.13,165.0,330.0,-186.0,-372.0,47.0,99.4,-2.00,-4.00
,95632901,07/18/2023 17:46,07/18/2023 18:36,XAUUSD,Sell,2.000,0.00000,0.00000,1980.66000,1980.57000,0.0000,0.0000,9.0,18.00,0.05,"",0,00:00:50:04,2.0,1m,352.0,39.22,9.0,18.0,-352.0,-704.0,2.5,100.0,0.00,0.00
,95637864,07/18/2023 18:20,07/18/2023 18:23,XAUUSD,Sell,2.000,0.00000,0.00000,1982.42000,1981.57000,0.0000,0.0000,85.0,170.00,0.48,"",0,00:00:03:02,,,,,,,,,,,,
,95544684,07/18/2023 05:08,07/18/2023 07:11,XAUUSD,Buy,5.000,0.00000,0.00000,1956.59000,1960.50000,0.0000,0.0000,391.0,1955.00,5.90,"",0,00:02:03:20,99.2,2h 2m,150.0,0.01,419.0,2095.0,-3.0,-15.0,99.3,93.4,-28.00,-140.00
,95544679,07/18/2023 05:07,07/18/2023 07:11,XAUUSD,Buy,5.000,0.00000,0.00000,1956.42000,1960.48000,0.0000,0.0000,406.0,2030.00,6.53,"",0,00:02:03:27,100.0,2h 3m,150.0,0.00,436.0,2180.0,0.0,0.0,100.0,93.1,-30.00,-150.00
,95544678,07/18/2023 05:07,07/18/2023 07:11,XAUUSD,Buy,5.000,0.00000,0.00000,1956.45000,1960.48000,0.0000,0.0000,403.0,2015.00,6.93,"",0,00:02:03:24,100.0,2h 3m,150.0,0.00,433.0,2165.0,0.0,0.0,100.0,93.1,-30.00,-150.00
,95544676,07/18/2023 05:07,07/18/2023 07:11,XAUUSD,Buy,2.000,0.00000,0.00000,1956.48000,1960.48000,0.0000,0.0000,400.0,800.00,2.83,"",0,00:02:03:26,100.0,2h 3m,150.0,0.00,430.0,860.0,0.0,0.0,100.0,93.0,-30.00,-60.00
,95491283,07/17/2023 15:29,07/18/2023 04:38,XAUUSD,Buy,5.000,0.00000,0.00000,1955.38000,1957.86000,0.0000,-66.5000,248.0,1173.50,4.33,"",0,00:13:08:51,24.1,3h 10m,827.0,2.32,357.0,1785.0,-827.0,-4135.0,30.2,90.8,-109.00,-545.00
,95491241,07/17/2023 15:29,07/18/2023 04:38,XAUUSD,Buy,5.000,0.00000,0.00000,1955.36000,1957.86000,0.0000,-66.5000,250.0,1183.50,4.57,"",0,00:13:09:02,24.7,3h 14m,825.0,2.30,359.0,1795.0,-825.0,-4125.0,30.3,90.8,-109.00,-545.00
,95524366,07/17/2023 19:16,07/18/2023 04:03,XAUUSD,Buy,5.000,0.00000,0.00000,1955.14000,1955.54000,0.0000,-66.5000,40.0,133.50,0.52,"",0,00:08:47:36,39.3,3h 27m,295.0,1.63,155.0,775.0,-253.0,-1265.0,38.0,71.8,-115.00,-575.00
,95524408,07/17/2023 19:16,07/18/2023 04:03,XAUUSD,Buy,2.000,1948.00000,0.00000,1954.85000,1955.69000,0.0000,-26.6000,84.0,141.40,0.55,"",0,00:08:46:45,58.1,5h 6m,295.0,1.22,184.0,368.0,-224.0,-448.0,45.1,75.5,-100.00,-200.00
,95524534,07/17/2023 19:20,07/18/2023 04:03,XAUUSD,Buy,2.000,1949.00000,0.00000,1954.69000,1955.74000,0.0000,-26.6000,105.0,183.40,0.72,"",0,00:08:42:54,72.3,6h 18m,295.0,1.04,200.0,400.0,-208.0,-416.0,49.0,76.7,-95.00,-190.00
,95528655,07/17/2023 20:25,07/17/2023 20:52,XAUUSD,Buy,2.000,0.00000,0.00000,1953.65000,1954.56000,0.0000,0.0000,91.0,182.00,0.72,"",0,00:00:26:24,63.0,16m,62.0,0.53,116.0,232.0,-62.0,-124.0,65.2,86.0,-25.00,-50.00
,95528652,07/17/2023 20:25,07/17/2023 20:52,XAUUSD,Buy,2.000,0.00000,0.00000,1953.65000,1954.58000,0.0000,0.0000,93.0,186.00,0.74,"",0,00:00:26:21,63.0,16m,62.0,0.53,116.0,232.0,-62.0,-124.0,65.2,87.1,-23.00,-46.00
,95523771,07/17/2023 19:09,,,Withdrawal,0.010,0.00000,0.00000,0.00000,0.00000,0.0000,0.0000,0.0,-15398.10,0,"Transfer to 10189649 #22161449",0,00:00:00:00,,,,,,,,,,,,
,95491251,07/17/2023 15:29,07/17/2023 18:59,XAUUSD,Buy,5.000,0.00000,0.00000,1955.21000,1954.97000,0.0000,0.0000,-24.0,-120.00,-0.30,"",0,00:03:29:55,0.0,0s,926.0,1000.00,0.0,0.0,-926.0,-4630.0,0.0,97.4,-24.00,-120.00
,95492548,07/17/2023 15:32,07/17/2023 18:58,XAUUSD,Buy,2.000,0.00000,0.00000,1953.94000,1954.73000,0.0000,0.0000,79.0,158.00,0.39,"",0,00:03:26:11,6.8,14m,799.0,9.08,88.0,176.0,-799.0,-1598.0,9.9,99.0,-9.00,-18.00
,95494620,07/17/2023 15:41,07/17/2023 18:42,XAUUSD,Buy,2.000,0.00000,0.00000,1952.39000,1953.76000,0.0000,0.0000,137.0,274.00,0.68,"",0,00:03:01:10,33.2,1h 0m,644.0,3.66,176.0,352.0,-644.0,-1288.0,21.5,95.2,-39.00,-78.00
,95496732,07/17/2023 15:49,07/17/2023 17:13,XAUUSD,Buy,1.000,0.00000,0.00000,1950.14000,1953.24000,0.0000,0.0000,310.0,310.00,0.78,"",0,00:01:24:06,31.0,26m,539.0,1.35,310.0,310.0,-419.0,-419.0,42.5,100.0,0.00,0.00
,95505186,07/17/2023 16:38,07/17/2023 17:08,XAUUSD,Buy,2.000,0.00000,0.00000,1948.23000,1951.05000,0.0000,0.0000,282.0,564.00,1.44,"",0,00:00:30:08,63.4,19m,228.0,0.68,337.0,674.0,-228.0,-456.0,59.6,90.3,-55.00,-110.00
,95500354,07/17/2023 16:11,07/17/2023 16:23,XAUUSD,Buy,1.000,0.00000,0.00000,1948.04000,1951.15000,0.0000,0.0000,311.0,311.00,0.80,"",0,00:00:11:06,100.0,11m,48.0,0.00,324.0,324.0,0.0,0.0,100.0,96.0,-13.00,-13.00
,95500398,07/17/2023 16:12,07/17/2023 16:20,XAUUSD,Buy,2.000,0.00000,0.00000,1948.68000,1950.67000,0.0000,0.0000,199.0,398.00,1.03,"",0,00:00:08:15,87.5,7m,34.0,0.03,205.0,410.0,-6.0,-12.0,97.2,97.2,-6.00,-12.00
,95487321,07/14/2023 23:49,07/17/2023 15:09,XAUUSD,Buy,2.000,0.00000,0.00000,1955.73000,1958.07000,0.0000,-26.6000,234.0,441.40,1.16,"from #95415162",0,02:15:20:34,5.2,3h 17m,499.0,1.08,383.0,766.0,-412.0,-824.0,48.2,81.3,-149.00,-298.00
,95415162,07/14/2023 23:49,07/17/2023 15:09,XAUUSD,Buy,3.000,0.00000,0.00000,1955.73000,1958.35000,0.0000,-39.9000,262.0,746.10,2.00,"to #95487321",0,02:15:20:29,5.2,3h 17m,499.0,1.08,383.0,1149.0,-412.0,-1236.0,48.2,84.8,-121.00,-363.00
,95415163,07/14/2023 23:49,07/17/2023 15:09,XAUUSD,Buy,5.000,0.00000,0.00000,1955.63000,1958.37000,0.0000,-66.5000,274.0,1303.50,3.61,"",0,02:15:20:18,5.2,3h 17m,499.0,1.02,393.0,1965.0,-402.0,-2010.0,49.4,85.0,-119.00,-595.00
,95431292,07/17/2023 03:48,07/17/2023 15:08,XAUUSD,Buy,5.000,1919.50000,0.00000,1954.48000,1958.54000,0.0000,0.0000,406.0,2030.00,5.96,"",0,00:11:19:43,43.7,4h 57m,566.0,0.69,515.0,2575.0,-354.0,-1770.0,59.3,87.5,-109.00,-545.00
,95432564,07/17/2023 04:16,07/17/2023 11:31,XAUUSD,Buy,3.000,0.00000,0.00000,1954.07000,1956.18000,0.0000,0.0000,211.0,633.00,1.89,"",0,00:07:15:10,24.4,1h 46m,566.0,1.22,257.0,771.0,-313.0,-939.0,45.1,91.9,-46.00,-138.00
,95434386,07/17/2023 04:47,07/17/2023 11:24,XAUUSD,Buy,1.000,0.00000,0.00000,1953.72000,1955.92000,0.0000,0.0000,220.0,220.00,0.66,"",0,00:06:36:19,26.8,1h 46m,566.0,0.97,288.0,288.0,-278.0,-278.0,50.9,88.0,-68.00,-68.00
,95450495,07/17/2023 09:55,07/17/2023 11:24,XAUUSD,Buy,1.000,0.00000,0.00000,1952.99000,1955.98000,0.0000,0.0000,299.0,299.00,0.91,"",0,00:01:28:28,33.8,29m,373.0,0.57,358.0,358.0,-205.0,-205.0,63.6,89.5,-59.00,-59.00
,95457606,07/17/2023 10:29,07/17/2023 11:23,XAUUSD,Buy,2.000,0.00000,0.00000,1952.29000,1955.84000,0.0000,0.0000,355.0,710.00,2.20,"",0,00:00:54:37,46.3,25m,166.0,0.30,369.0,738.0,-111.0,-222.0,76.9,97.1,-14.00,-28.00
,95459069,07/17/2023 10:38,07/17/2023 11:16,XAUUSD,Buy,2.000,0.00000,0.00000,1951.99000,1954.24000,0.0000,0.0000,225.0,450.00,1.42,"",0,00:00:38:28,52.7,20m,81.0,0.31,265.0,530.0,-81.0,-162.0,76.6,88.4,-40.00,-80.00
,95457436,07/17/2023 10:28,,,Deposit,0.010,0.00000,0.00000,0.00000,0.00000,0.0000,0.0000,0.0,10398.31,0,"Deposit CCTT 22152128",0,00:00:00:00,,,,,,,,,,,,
,95450129,07/17/2023 09:52,07/17/2023 10:03,XAUUSD,Buy,1.000,0.00000,0.00000,1952.72000,1953.38000,0.0000,0.0000,66.0,66.00,0.31,"",0,00:00:11:18,72.8,8m,75.0,0.18,141.0,141.0,-25.0,-25.0,84.9,54.8,-75.00,-75.00
,95436480,07/17/2023 05:39,07/17/2023 06:09,XAUUSD,Buy,2.000,0.00000,0.00000,1952.62000,1952.80000,0.0000,0.0000,18.0,36.00,0.17,"",0,00:00:30:23,73.4,22m,100.0,0.75,118.0,236.0,-89.0,-178.0,57.0,51.7,-100.00,-200.00
,95415059,07/14/2023 23:27,,,Withdrawal,0.010,0.00000,0.00000,0.00000,0.00000,0.0000,0.0000,0.0,-78414.67,0,"Transfer to 10189649 #22134003",0,00:00:00:00,,,,,,,,,,,,
,95411261,07/14/2023 21:28,07/14/2023 22:04,XAUUSD,Sell,0.100,0.00000,0.00000,1960.38000,1958.94000,0.0000,0.0000,144.0,14.40,0.01,"",0,00:00:35:28,,,,,,,,,,,,
,95411403,07/14/2023 21:32,07/14/2023 22:00,XAUUSD,Sell,0.100,0.00000,0.00000,1960.87000,1959.27000,0.0000,0.0000,160.0,16.00,0.02,"",0,00:00:27:44,,,,,,,,,,,,
,95410968,07/14/2023 21:13,07/14/2023 21:58,XAUUSD,Sell,0.100,0.00000,0.00000,1960.21000,1959.61000,0.0000,0.0000,60.0,6.00,0.01,"",0,00:00:44:42,,,,,,,,,,,,
,95411242,07/14/2023 21:26,07/14/2023 21:58,XAUUSD,Sell,0.100,0.00000,0.00000,1960.48000,1959.63000,0.0000,0.0000,85.0,8.50,0.01,"",0,00:00:31:48,,,,,,,,,,,,
,95410143,07/14/2023 20:36,07/14/2023 21:58,XAUUSD,Sell,0.100,0.00000,0.00000,1959.61000,1959.68000,0.0000,0.0000,-7.0,-0.70,0.00,"from #95409977",0,00:01:21:36,14.7,11m,130.0,1.36,55.0,5.5,-75.0,-7.5,42.3,52.3,-62.00,-6.20
,95410787,07/14/2023 21:03,07/14/2023 21:58,XAUUSD,Sell,0.200,0.00000,0.00000,1960.24000,1959.70000,0.0000,0.0000,54.0,10.80,0.01,"",0,00:00:54:51,,,,,,,,,,,,
,95411404,07/14/2023 21:32,07/14/2023 21:58,XAUUSD,Sell,0.100,0.00000,0.00000,1960.79000,1959.67000,0.0000,0.0000,112.0,11.20,0.01,"",0,00:00:25:16,,,,,,,,,,,,
,95409977,07/14/2023 20:36,07/14/2023 20:44,XAUUSD,Sell,0.200,0.00000,0.00000,1959.61000,1959.69000,0.0000,0.0000,-8.0,-1.60,0.00,"to #95410143",0,00:00:07:37,75.0,5m,63.0,0.15,55.0,11.0,-8.0,-1.6,87.3,0.0,-63.00,-12.60
,95407933,07/14/2023 18:59,07/14/2023 19:45,XAUUSD,Buy,0.300,1956.89000,0.00000,1958.87000,1958.47000,0.0000,0.0000,-40.0,-12.00,-0.01,"from #95407920",0,00:00:46:35,17.1,7m,166.0,5.64,25.0,7.5,-141.0,-42.3,15.1,60.8,-65.00,-19.50
,95407920,07/14/2023 18:59,07/14/2023 19:43,XAUUSD,Buy,0.200,1956.89000,0.00000,1958.87000,1958.47000,0.0000,0.0000,-40.0,-8.00,-0.01,"to #95407933",0,00:00:44:56,17.8,7m,166.0,5.64,25.0,5.0,-141.0,-28.200000000000003,15.1,60.8,-65.00,-13.00
,95407917,07/14/2023 18:59,07/14/2023 19:43,XAUUSD,Buy,0.500,0.00000,0.00000,1958.87000,1958.58000,0.0000,0.0000,-29.0,-14.50,-0.01,"to #95407920",0,00:00:44:18,17.8,7m,166.0,5.64,25.0,12.5,-141.0,-70.5,15.1,67.5,-54.00,-27.00
,95407915,07/14/2023 18:59,07/14/2023 19:43,XAUUSD,Buy,1.000,0.00000,0.00000,1958.87000,1958.79000,0.0000,0.0000,-8.0,-8.00,-0.01,"to #95407917",0,00:00:44:04,17.8,7m,166.0,5.64,25.0,25.0,-141.0,-141.0,15.1,80.1,-33.00,-33.00
,95406007,07/14/2023 18:59,07/14/2023 19:42,XAUUSD,Buy,1.000,0.00000,0.00000,1958.87000,1958.78000,0.0000,0.0000,-9.0,-9.00,-0.01,"to #95407915",0,00:00:43:55,18.2,7m,166.0,5.64,25.0,25.0,-141.0,-141.0,15.1,79.5,-34.00,-34.00
,95406335,07/14/2023 19:02,07/14/2023 19:39,XAUUSD,Buy,3.000,1955.40000,0.00000,1958.86000,1958.93000,0.0000,0.0000,7.0,21.00,0.02,"",0,00:00:37:16,21.7,8m,166.0,5.39,26.0,78.0,-140.0,-420.0,15.7,88.6,-19.00,-57.00
,95406003,07/14/2023 18:58,07/14/2023 19:39,XAUUSD,Buy,3.000,1955.80000,0.00000,1958.80000,1958.86000,0.0000,0.0000,6.0,18.00,0.02,"",0,00:00:40:20,26.9,10m,166.0,4.19,32.0,96.0,-134.0,-402.0,19.3,84.3,-26.00,-78.00
,95406000,07/14/2023 18:58,07/14/2023 19:37,XAUUSD,Buy,5.000,0.00000,0.00000,1958.81000,1958.82000,0.0000,0.0000,1.0,5.00,0.01,"",0,00:00:38:21,25.7,9m,166.0,4.36,31.0,155.0,-135.0,-675.0,18.7,81.9,-30.00,-150.00
,95407532,07/14/2023 19:31,07/14/2023 19:37,XAUUSD,Buy,3.000,0.00000,0.00000,1957.74000,1958.86000,0.0000,0.0000,112.0,336.00,0.34,"",0,00:00:05:21,83.4,4m,9.0,0.04,121.0,363.0,-5.0,-15.0,96.0,92.9,-9.00,-27.00
,95405815,07/14/2023 17:41,07/14/2023 18:58,XAUUSD,Sell,0.200,1964.50000,0.00000,1956.27000,1958.79000,0.0000,0.0000,-252.0,-50.40,-0.05,"from #95398630",0,00:01:17:02,0.0,0s,555.0,555.56,0.0,0.0,-555.0,-111.0,0.0,54.6,-252.00,-50.40
,95398630,07/14/2023 17:41,07/14/2023 18:53,XAUUSD,Sell,0.300,1964.50000,0.00000,1956.27000,1958.26000,0.0000,0.0000,-199.0,-59.70,-0.06,"to #95405815",0,00:01:12:10,0.0,0s,555.0,555.56,0.0,0.0,-555.0,-166.5,0.0,64.1,-199.00,-59.70
,95400162,07/14/2023 17:51,07/14/2023 18:53,XAUUSD,Sell,0.500,0.00000,0.00000,1959.33000,1958.24000,0.0000,0.0000,109.0,54.50,0.05,"",0,00:01:02:21,77.5,48m,271.0,1.39,179.0,89.5,-249.0,-124.5,41.8,83.6,-70.00,-35.00
,95400517,07/14/2023 17:55,07/14/2023 18:53,XAUUSD,Sell,0.500,0.00000,0.00000,1959.10000,1958.32000,0.0000,0.0000,78.0,39.00,0.04,"",0,00:00:58:11,74.2,43m,272.0,1.74,156.0,78.0,-272.0,-136.0,36.4,81.8,-78.00,-39.00
,95399337,07/14/2023 17:46,07/14/2023 18:10,XAUUSD,Sell,0.500,1965.00000,0.00000,1957.83000,1959.24000,0.0000,0.0000,-141.0,-70.50,-0.07,"",0,00:00:24:03,0.0,0s,399.0,400.00,0.0,0.0,-399.0,-199.5,0.0,64.7,-141.00,-70.50
,95401568,07/14/2023 18:03,07/14/2023 18:10,XAUUSD,Sell,0.500,0.00000,0.00000,1961.26000,1958.97000,0.0000,0.0000,229.0,114.50,0.12,"",0,00:00:07:04,100.0,7m,68.0,0.00,269.0,134.5,0.0,0.0,100.0,85.1,-40.00,-20.00
,95398624,07/14/2023 17:41,07/14/2023 17:42,XAUUSD,Sell,0.500,1959.20000,0.00000,1956.27000,1956.42000,0.0000,0.0000,-15.0,-7.50,-0.01,"to #95398630",0,00:00:00:41,,,,,,,,,,,,
,95398611,07/14/2023 17:41,07/14/2023 17:42,XAUUSD,Sell,1.000,1959.20000,0.00000,1956.27000,1956.12000,0.0000,0.0000,15.0,15.00,0.02,"to #95398624",0,00:00:00:35,,,,,,,,,,,,
,95398581,07/14/2023 17:41,07/14/2023 17:42,XAUUSD,Sell,3.000,1959.20000,0.00000,1956.27000,1956.14000,0.0000,0.0000,13.0,39.00,0.04,"to #95398611",0,00:00:00:27,,,,,,,,,,,,
,95391528,07/14/2023 16:51,07/14/2023 17:02,XAUUSD,Sell,0.150,0.00000,0.00000,1959.22000,1955.01000,0.0000,0.0000,421.0,63.15,0.06,"from #95391445",0,00:00:11:18,36.4,4m,138.0,0.28,499.0,74.85,-138.0,-20.7,78.3,87.8,-78.00,-11.70
,95391445,07/14/2023 16:51,07/14/2023 17:01,XAUUSD,Sell,0.100,0.00000,0.00000,1959.22000,1954.42000,0.0000,0.0000,480.0,48.00,0.05,"to #95391528",0,00:00:10:31,30.0,3m,138.0,0.28,499.0,49.900000000000006,-138.0,-13.8,78.3,97.0,-19.00,-1.90
,95388801,07/14/2023 16:51,07/14/2023 17:01,XAUUSD,Sell,0.250,0.00000,0.00000,1959.22000,1952.97000,0.0000,0.0000,625.0,156.25,0.16,"to #95391445",0,00:00:10:15,30.0,3m,138.0,0.22,625.0,156.25,-138.0,-34.5,81.9,100.0,0.00,0.00
,95391205,07/14/2023 16:08,07/14/2023 17:01,XAUUSD,Sell,0.100,0.00000,0.00000,1954.83000,1953.00000,0.0000,0.0000,183.0,18.30,0.02,"from #95391050",0,00:00:53:13,3.8,2m,577.0,3.15,183.0,18.3,-577.0,-57.7,24.1,100.0,0.00,0.00
,95391235,07/14/2023 16:11,07/14/2023 17:01,XAUUSD,Sell,0.300,0.00000,0.00000,1956.10000,1952.74000,0.0000,0.0000,336.0,100.80,0.10,"from #95383011",0,00:00:50:01,20.0,10m,522.0,1.34,336.0,100.8,-450.0,-135.0,42.7,100.0,0.00,0.00
,95383011,07/14/2023 16:11,07/14/2023 17:01,XAUUSD,Sell,0.200,0.00000,0.00000,1956.10000,1955.01000,0.0000,0.0000,109.0,21.80,0.02,"to #95391235",0,00:00:49:42,20.0,9m,522.0,2.41,187.0,37.4,-450.0,-90.0,29.4,87.8,-78.00,-15.60
,95391050,07/14/2023 16:08,07/14/2023 17:01,XAUUSD,Sell,0.100,0.00000,0.00000,1954.83000,1956.05000,0.0000,0.0000,-122.0,-12.20,-0.01,"to #95391205",0,00:00:52:45,1.9,1m,577.0,9.62,60.0,6.0,-577.0,-57.7,9.4,71.4,-182.00,-18.20
,95386797,07/14/2023 16:43,07/14/2023 17:00,XAUUSD,Sell,0.500,0.00000,0.00000,1957.29000,1955.30000,0.0000,0.0000,199.0,99.50,0.10,"",0,00:00:16:54,11.8,1m,331.0,1.63,203.0,101.5,-331.0,-165.5,38.0,99.3,-4.00,-2.00
,95390959,07/14/2023 16:08,07/14/2023 17:00,XAUUSD,Sell,0.300,0.00000,0.00000,1954.83000,1955.36000,0.0000,0.0000,-53.0,-15.90,-0.02,"to #95391050",0,00:00:52:25,0.0,0s,577.0,588.24,0.0,0.0,-577.0,-173.1,0.0,90.8,-53.00,-15.90
,95387398,07/14/2023 16:47,07/14/2023 17:00,XAUUSD,Sell,0.500,0.00000,0.00000,1958.90000,1955.84000,0.0000,0.0000,306.0,153.00,0.16,"",0,00:00:13:13,15.4,2m,170.0,0.47,364.0,182.0,-170.0,-85.0,68.2,89.1,-58.00,-29.00
,95382586,07/14/2023 16:08,07/14/2023 17:00,XAUUSD,Sell,0.500,0.00000,0.00000,1954.83000,1955.83000,0.0000,0.0000,-100.0,-50.00,-0.05,"to #95390959",0,00:00:52:13,0.0,0s,577.0,588.24,0.0,0.0,-577.0,-288.5,0.0,82.7,-100.00,-50.00
,95383126,07/14/2023 16:13,07/14/2023 17:00,XAUUSD,Sell,0.500,0.00000,0.00000,1956.39000,1955.33000,0.0000,0.0000,106.0,53.00,0.05,"",0,00:00:46:41,38.3,17m,522.0,3.73,113.0,56.5,-421.0,-210.5,21.2,98.7,-7.00,-3.50
,95389977,07/14/2023 16:57,07/14/2023 17:00,XAUUSD,Sell,0.500,0.00000,0.00000,1959.76000,1955.61000,0.0000,0.0000,415.0,207.50,0.21,"",0,00:00:03:22,,,,,,,,,,,,
,95380800,07/14/2023 15:53,07/14/2023 16:47,XAUUSD,Buy,0.500,0.00000,0.00000,1958.80000,1958.82000,0.0000,0.0000,2.0,1.00,0.00,"",0,00:00:53:41,5.6,3m,385.0,6.21,62.0,31.0,-385.0,-192.5,13.9,86.6,-60.00,-30.00
,95381007,07/14/2023 15:56,07/14/2023 16:03,XAUUSD,Sell,0.500,0.00000,0.00000,1957.66000,1956.80000,0.0000,0.0000,86.0,43.00,0.04,"",0,00:00:07:22,100.0,7m,114.0,0.01,200.0,100.0,0.0,0.0,100.0,43.0,-114.00,-57.00
,95381092,07/14/2023 15:58,07/14/2023 16:03,XAUUSD,Sell,0.500,0.00000,0.00000,1958.18000,1956.28000,0.0000,0.0000,190.0,95.00,0.10,"",0,00:00:05:26,100.0,5m,62.0,0.00,252.0,126.0,0.0,0.0,100.0,75.4,-62.00,-31.00
,95380944,07/14/2023 15:55,07/14/2023 16:03,XAUUSD,Sell,1.000,0.00000,0.00000,1957.37000,1956.15000,0.0000,0.0000,122.0,122.00,0.12,"",0,00:00:07:45,62.5,4m,80.0,0.47,171.0,171.0,-80.0,-80.0,68.1,80.5,-49.00,-49.00
,95380779,07/14/2023 15:17,07/14/2023 15:53,XAUUSD,Sell,0.050,0.00000,0.00000,1959.75000,1958.64000,0.0000,0.0000,111.0,5.55,0.01,"from #95380668",0,00:00:36:09,61.2,22m,373.0,0.98,284.0,14.200000000000001,-277.0,-13.850000000000001,50.6,69.2,-173.00,-8.65
,95380668,07/14/2023 15:17,07/14/2023 15:53,XAUUSD,Sell,0.050,0.00000,0.00000,1959.75000,1958.48000,0.0000,0.0000,127.0,6.35,0.01,"to #95380779",0,00:00:35:50,60.0,21m,373.0,0.98,284.0,14.200000000000001,-277.0,-13.850000000000001,50.6,72.0,-157.00,-7.85
,95375298,07/14/2023 15:17,07/14/2023 15:51,XAUUSD,Sell,0.050,0.00000,0.00000,1959.75000,1957.98000,0.0000,0.0000,177.0,8.85,0.01,"to #95380668",0,00:00:34:12,58.9,20m,373.0,0.98,284.0,14.200000000000001,-277.0,-13.850000000000001,50.6,80.9,-107.00,-5.35
,95376526,07/14/2023 15:25,07/14/2023 15:39,XAUUSD,Sell,0.150,0.00000,0.00000,1961.14000,1957.90000,0.0000,0.0000,324.0,48.60,0.05,"",0,00:00:14:09,57.2,8m,136.0,0.32,423.0,63.449999999999996,-136.0,-20.4,75.7,82.3,-99.00,-14.85
,95377065,07/14/2023 15:29,07/14/2023 15:37,XAUUSD,Sell,0.150,0.00000,0.00000,1961.14000,1958.00000,0.0000,0.0000,314.0,47.10,0.05,"",0,00:00:07:37,75.0,5m,90.0,0.25,364.0,54.6,-90.0,-13.5,80.2,89.0,-50.00,-7.50
,95373200,07/14/2023 13:18,07/14/2023 14:54,XAUUSD,Buy,0.500,1953.90000,0.00000,1957.21000,1958.63000,0.0000,0.0000,142.0,71.00,0.07,"from #95372944",0,00:01:36:27,43.8,42m,188.0,0.71,265.0,132.5,-188.0,-94.0,58.5,72.8,-123.00,-61.50
,95372944,07/14/2023 13:18,07/14/2023 14:54,XAUUSD,Buy,0.500,1953.90000,0.00000,1957.21000,1958.66000,0.0000,0.0000,145.0,72.50,0.07,"to #95373200",0,00:01:36:20,43.8,42m,188.0,0.71,265.0,132.5,-188.0,-94.0,58.5,73.5,-120.00,-60.00
,95371871,07/14/2023 13:18,07/14/2023 14:51,XAUUSD,Buy,1.000,1953.90000,0.00000,1957.21000,1958.75000,0.0000,0.0000,154.0,154.00,0.16,"to #95372944",0,00:01:32:33,42.0,38m,188.0,0.71,265.0,265.0,-188.0,-188.0,58.5,75.5,-111.00,-111.00
,95365935,07/14/2023 13:18,07/14/2023 14:39,XAUUSD,Buy,1.500,1953.90000,0.00000,1957.21000,1958.95000,0.0000,0.0000,174.0,261.00,0.27,"to #95371871",0,00:01:21:14,33.4,27m,188.0,0.71,265.0,397.5,-188.0,-282.0,58.5,79.9,-91.00,-136.50
,95365927,07/14/2023 13:18,07/14/2023 14:35,XAUUSD,Buy,3.500,1951.00000,0.00000,1957.18000,1959.03000,0.0000,0.0000,185.0,647.50,0.67,"",0,00:01:16:49,31.2,23m,185.0,0.69,268.0,938.0,-185.0,-647.5,59.2,81.7,-83.00,-290.50
,95365929,07/14/2023 13:18,07/14/2023 14:35,XAUUSD,Buy,3.500,1953.00000,0.00000,1957.20000,1959.12000,0.0000,0.0000,192.0,672.00,0.70,"",0,00:01:16:40,29.9,22m,187.0,0.70,266.0,931.0,-187.0,-654.5,58.7,83.7,-74.00,-259.00
,95368314,07/14/2023 13:51,07/14/2023 14:16,XAUUSD,Buy,3.500,0.00000,0.00000,1956.47000,1957.73000,0.0000,0.0000,126.0,441.00,0.46,"",0,00:00:25:13,64.0,16m,64.0,0.47,136.0,476.0,-64.0,-224.0,68.0,95.0,-10.00,-35.00
,95353902,07/12/2023 17:32,07/14/2023 13:17,XAUUSD,Sell,0.030,0.00000,0.00000,1954.24000,1956.80000,0.0000,-0.8900,-256.0,-8.57,-0.01,"from #95353282",0,01:19:45:30,0.6,15m,967.0,12.82,70.0,2.1,-897.0,-26.91,7.2,66.3,-326.00,-9.78
,95353919,07/13/2023 05:04,07/14/2023 13:17,XAUUSD,Sell,0.050,1968.50000,0.00000,1958.77000,1956.80000,0.0000,-0.3700,197.0,9.48,0.01,"from #95353301",0,01:08:12:41,24.6,7h 55m,887.0,1.00,443.0,22.150000000000002,-444.0,-22.200000000000003,49.9,72.3,-246.00,-12.30
,95353301,07/13/2023 05:04,07/14/2023 10:41,XAUUSD,Sell,0.050,1968.50000,0.00000,1958.77000,1955.43000,0.0000,-0.3700,334.0,16.33,0.02,"to #95353919",0,01:05:36:34,18.0,5h 19m,887.0,1.00,443.0,22.150000000000002,-444.0,-22.200000000000003,49.9,87.7,-109.00,-5.45
,95353282,07/12/2023 17:32,07/14/2023 10:41,XAUUSD,Sell,0.020,0.00000,0.00000,1954.24000,1955.44000,0.0000,-0.6000,-120.0,-3.00,0.00,"to #95353902",0,01:17:09:11,0.7,17m,967.0,12.82,70.0,1.4000000000000001,-897.0,-17.94,7.2,80.4,-190.00,-3.80
,95266321,07/13/2023 05:04,07/14/2023 10:34,XAUUSD,Sell,0.100,1968.50000,0.00000,1958.77000,1955.61000,0.0000,-0.7500,316.0,30.85,0.03,"from #95232285",0,01:05:29:33,17.6,5h 11m,887.0,1.00,443.0,44.300000000000004,-444.0,-44.400000000000006,49.9,85.7,-127.00,-12.70
,95275337,07/12/2023 17:32,07/14/2023 10:34,XAUUSD,Sell,0.100,0.00000,0.00000,1954.24000,1955.38000,0.0000,-2.9800,-114.0,-14.38,-0.02,"from #95232275",0,01:17:02:13,0.7,17m,967.0,12.82,70.0,7.0,-897.0,-89.7,7.2,81.0,-184.00,-18.40
,95290882,07/13/2023 16:28,07/14/2023 10:26,XAUUSD,Sell,0.200,0.00000,0.00000,1959.46000,1955.82000,0.0000,-1.4900,364.0,71.31,0.07,"",0,00:17:57:57,31.1,5h 35m,826.0,0.83,451.0,90.2,-375.0,-75.0,54.6,89.5,-87.00,-17.40
,95339000,07/14/2023 08:00,07/14/2023 10:26,XAUUSD,Sell,0.200,0.00000,0.00000,1960.05000,1955.77000,0.0000,0.0000,428.0,85.60,0.09,"",0,00:02:26:18,76.8,1h 52m,231.0,0.22,467.0,93.4,-103.0,-20.6,81.9,93.2,-39.00,-7.80
,95338744,07/14/2023 07:58,07/14/2023 10:26,XAUUSD,Sell,0.200,0.00000,0.00000,1960.60000,1955.80000,0.0000,0.0000,480.0,96.00,0.10,"",0,00:02:27:34,91.3,2h 14m,231.0,0.09,522.0,104.4,-48.0,-9.600000000000001,91.6,92.6,-42.00,-8.40
,95268407,07/13/2023 14:13,07/13/2023 15:31,XAUUSD,Sell,0.200,0.00000,0.00000,1959.59000,1957.06000,0.0000,0.0000,253.0,50.60,0.05,"",0,00:01:18:15,,,,,,,,,,,,
,95232275,07/12/2023 17:32,07/13/2023 15:31,XAUUSD,Sell,0.350,0.00000,0.00000,1954.24000,1957.11000,0.0000,-7.8200,-287.0,-108.27,-0.11,"to #95275337",0,00:21:59:39,0.0,0s,854.0,909.09,0.0,0.0,-854.0,-298.9,0.0,66.4,-287.00,-100.45
,95237086,07/13/2023 09:32,07/13/2023 15:31,XAUUSD,Sell,0.500,0.00000,0.00000,1961.51000,1956.15000,0.0000,0.0000,536.0,268.00,0.28,"",0,00:05:59:15,100.0,5h 59m,53.0,0.00,536.0,268.0,0.0,0.0,100.0,100.0,0.00,0.00
,95232285,07/13/2023 05:04,07/13/2023 13:38,XAUUSD,Sell,0.500,1968.50000,0.00000,1958.77000,1959.26000,0.0000,0.0000,-49.0,-24.50,-0.03,"to #95266321",0,00:08:33:51,25.0,2h 8m,740.0,1.18,339.0,169.5,-401.0,-200.5,45.8,47.6,-388.00,-194.00
,95241674,07/13/2023 10:01,07/13/2023 13:38,XAUUSD,Sell,0.350,0.00000,0.00000,1962.22000,1959.25000,0.0000,0.0000,297.0,103.95,0.11,"",0,00:03:37:37,,,,,,,,,,,,
,95228787,07/13/2023 05:04,07/13/2023 09:02,XAUUSD,Sell,0.800,1968.50000,0.00000,1958.77000,1956.54000,0.0000,0.0000,223.0,178.40,0.19,"to #95232285",0,00:03:57:32,,,,,,,,,,,,
,95228770,07/12/2023 17:32,07/13/2023 09:02,XAUUSD,Sell,0.500,0.00000,0.00000,1954.24000,1956.34000,0.0000,-11.1700,-210.0,-116.17,-0.12,"to #95232275",0,00:15:30:10,0.0,0s,854.0,909.09,0.0,0.0,-854.0,-427.0,0.0,75.4,-210.00,-105.00
,95228021,07/13/2023 05:04,07/13/2023 08:08,XAUUSD,Sell,1.000,1968.50000,0.00000,1958.77000,1955.79000,0.0000,0.0000,298.0,298.00,0.31,"to #95228787",0,00:03:03:57,,,,,,,,,,,,
,95228027,07/12/2023 19:04,07/13/2023 08:08,XAUUSD,Sell,1.000,1968.50000,1949.00000,1955.80000,1955.83000,0.0000,-22.3400,-3.0,-25.34,-0.03,"from #95196877",0,00:13:04:14,7.7,1h 0m,445.0,10.60,42.0,42.0,-445.0,-445.0,8.6,90.8,-45.00,-45.00
,95185043,07/12/2023 17:32,07/13/2023 08:08,XAUUSD,Sell,1.000,0.00000,0.00000,1954.24000,1955.79000,0.0000,-22.3400,-155.0,-177.34,-0.19,"to #95228770",0,00:14:36:33,0.0,0s,601.0,625.00,0.0,0.0,-601.0,-601.0,0.0,74.2,-155.00,-155.00
,95206397,07/12/2023 21:10,07/13/2023 08:08,XAUUSD,Sell,1.000,0.00000,0.00000,1957.07000,1955.96000,0.0000,-22.3400,111.0,88.66,0.09,"",0,00:10:58:19,27.3,2h 59m,325.0,1.88,169.0,169.0,-318.0,-318.0,34.7,88.1,-58.00,-58.00
,95227827,07/12/2023 19:19,07/13/2023 08:03,XAUUSD,Sell,0.500,0.00000,0.00000,1956.25000,1956.21000,0.0000,-11.1700,4.0,-9.17,-0.01,"from #95197746",0,00:12:44:00,15.4,1h 57m,400.0,4.60,87.0,43.5,-400.0,-200.0,17.9,83.0,-83.00,-41.50
,95196877,07/12/2023 19:04,07/13/2023 08:02,XAUUSD,Sell,1.000,1968.50000,1949.00000,1955.80000,1956.97000,0.0000,-22.3400,-117.0,-139.34,-0.15,"to #95228027",0,00:12:58:07,7.7,59m,445.0,10.60,42.0,42.0,-445.0,-445.0,8.6,67.4,-159.00,-159.00
,95227497,07/13/2023 05:04,07/13/2023 08:02,XAUUSD,Sell,1.500,1968.50000,0.00000,1958.77000,1956.97000,0.0000,0.0000,180.0,270.00,0.29,"to #95228021",0,00:02:57:39,,,,,,,,,,,,
,95197746,07/12/2023 19:19,07/13/2023 08:00,XAUUSD,Sell,0.500,0.00000,0.00000,1956.25000,1957.28000,0.0000,-11.1700,-103.0,-62.67,-0.07,"to #95227827",0,00:12:40:23,7.7,58m,400.0,4.60,87.0,43.5,-400.0,-200.0,17.9,61.0,-190.00,-95.00
,95220496,07/13/2023 05:04,07/13/2023 07:59,XAUUSD,Sell,1.000,1968.50000,0.00000,1958.77000,1957.45000,0.0000,0.0000,132.0,132.00,0.14,"to #95227497",0,00:02:55:00,,,,,,,,,,,,
,95207201,07/12/2023 21:40,07/13/2023 07:59,XAUUSD,Sell,1.000,0.00000,0.00000,1957.60000,1957.34000,0.0000,-22.3400,26.0,3.66,0.00,"",0,00:10:19:18,50.0,5h 9m,325.0,4.42,60.0,60.0,-265.0,-265.0,18.5,89.5,-34.00,-34.00
,95224496,07/13/2023 06:54,07/13/2023 07:57,XAUUSD,Sell,2.000,1964.00000,0.00000,1959.85000,1958.43000,0.0000,0.0000,142.0,284.00,0.30,"",0,00:01:02:37,,,,,,,,,,,,
,95200324,07/12/2023 19:40,07/12/2023 20:27,XAUUSD,Sell,5.000,1963.00000,1950.00000,1958.33000,1956.37000,0.0000,0.0000,196.0,980.00,1.05,"",0,00:00:46:23,,,,,,,,,,,,
,95199355,07/12/2023 19:32,07/12/2023 20:12,XAUUSD,Sell,2.000,1963.00000,0.00000,1958.26000,1957.63000,0.0000,0.0000,63.0,126.00,0.14,"",0,00:00:40:13,,,,,,,,,,,,
,95200970,07/12/2023 19:45,07/12/2023 20:12,XAUUSD,Sell,2.000,1963.00000,1950.00000,1958.74000,1957.72000,0.0000,0.0000,102.0,204.00,0.22,"",0,00:00:27:07,,,,,,,,,,,,
,95186628,07/12/2023 17:42,07/12/2023 18:12,XAUUSD,Sell,2.000,1962.00000,0.00000,1956.23000,1954.25000,0.0000,0.0000,198.0,396.00,0.43,"",0,00:00:29:56,,,,,,,,,,,,
,95188870,07/12/2023 17:56,07/12/2023 18:07,XAUUSD,Sell,2.000,1961.50000,0.00000,1957.09000,1954.65000,0.0000,0.0000,244.0,488.00,0.53,"",0,00:00:11:44,,,,,,,,,,,,
,95185413,07/12/2023 17:36,07/12/2023 18:07,XAUUSD,Sell,2.000,1962.00000,0.00000,1954.31000,1954.60000,0.0000,0.0000,-29.0,-58.00,-0.06,"",0,00:00:31:15,,,,,,,,,,,,
,95183532,07/12/2023 17:19,07/12/2023 17:27,XAUUSD,Sell,2.000,0.00000,0.00000,1955.71000,1955.42000,0.0000,0.0000,29.0,58.00,0.06,"",0,00:00:07:26,,,,,,,,,,,,
,95183521,07/12/2023 17:19,07/12/2023 17:27,XAUUSD,Sell,2.000,0.00000,0.00000,1956.02000,1955.52000,0.0000,0.0000,50.0,100.00,0.11,"",0,00:00:07:25,,,,,,,,,,,,
,95176240,07/12/2023 16:55,07/12/2023 17:04,XAUUSD,Sell,2.000,0.00000,0.00000,1955.76000,1953.81000,0.0000,0.0000,195.0,390.00,0.43,"",0,00:00:09:14,,,,,,,,,,,,
,95157992,07/12/2023 16:06,07/12/2023 16:10,XAUUSD,Buy,1.000,0.00000,0.00000,1943.85000,1944.27000,0.0000,0.0000,42.0,42.00,0.05,"from #95157932",0,00:00:04:13,,,,,,,,,,,,
,95157932,07/12/2023 16:06,07/12/2023 16:10,XAUUSD,Buy,2.000,0.00000,0.00000,1943.85000,1944.12000,0.0000,0.0000,27.0,54.00,0.06,"to #95157992",0,00:00:03:47,,,,,,,,,,,,
,95156959,07/12/2023 16:06,07/12/2023 16:09,XAUUSD,Buy,2.000,0.00000,0.00000,1943.85000,1944.02000,0.0000,0.0000,17.0,34.00,0.04,"to #95157932",0,00:00:03:30,,,,,,,,,,,,
,95156934,07/12/2023 16:06,07/12/2023 16:09,XAUUSD,Buy,0.500,0.00000,0.00000,1943.66000,1944.04000,0.0000,0.0000,38.0,19.00,0.02,"",0,00:00:03:31,,,,,,,,,,,,
,95139506,07/12/2023 10:25,07/12/2023 15:32,XAUUSD,Buy,2.000,1928.40000,0.00000,1935.22000,1944.63000,0.0000,0.0000,941.0,1882.00,2.10,"from #95111695",0,00:05:07:37,60.0,3h 4m,114.0,0.10,941.0,1882.0,-96.0,-192.0,90.7,100.0,0.00,0.00
,95111695,07/12/2023 10:25,07/12/2023 15:31,XAUUSD,Buy,3.000,1928.40000,0.00000,1935.22000,1943.08000,0.0000,0.0000,786.0,2358.00,2.70,"to #95139506",0,00:05:06:16,60.0,3h 3m,114.0,0.12,794.0,2382.0,-96.0,-288.0,89.2,99.1,-8.00,-24.00
,95111498,07/12/2023 10:22,07/12/2023 15:31,XAUUSD,Buy,3.500,1932.40000,0.00000,1935.08000,1943.27000,0.0000,0.0000,819.0,2866.50,3.40,"",0,00:05:08:52,60.0,3h 5m,114.0,0.10,819.0,2866.5,-82.0,-287.0,90.9,100.0,0.00,0.00
,95132201,07/12/2023 14:45,07/12/2023 15:30,XAUUSD,Buy,1.000,0.00000,0.00000,1935.53000,1942.55000,0.0000,0.0000,702.0,702.00,0.84,"",0,00:00:45:10,,,,,,,,,,,,
,95132144,07/12/2023 14:44,07/12/2023 15:30,XAUUSD,Buy,1.000,0.00000,0.00000,1935.91000,1942.83000,0.0000,0.0000,692.0,692.00,0.83,"",0,00:00:46:09,,,,,,,,,,,,
,95132596,07/12/2023 14:53,07/12/2023 15:27,XAUUSD,Buy,1.000,1933.00000,0.00000,1934.66000,1934.89000,0.0000,0.0000,23.0,23.00,0.03,"",0,00:00:33:33,,,,,,,,,,,,
,95111656,07/12/2023 10:24,07/12/2023 14:40,XAUUSD,Buy,1.500,1931.40000,0.00000,1935.02000,1935.61000,0.0000,0.0000,59.0,88.50,0.11,"",0,00:04:16:02,50.0,2h 8m,114.0,1.29,59.0,88.5,-76.0,-114.0,43.7,100.0,0.00,0.00
,95126365,07/12/2023 13:19,07/12/2023 14:33,XAUUSD,Buy,2.000,1931.00000,0.00000,1934.38000,1934.91000,0.0000,0.0000,53.0,106.00,0.13,"",0,00:01:14:07,,,,,,,,,,,,
,95130615,07/12/2023 14:21,07/12/2023 14:33,XAUUSD,Buy,1.000,1932.40000,0.00000,1934.29000,1934.93000,0.0000,0.0000,64.0,64.00,0.08,"",0,00:00:11:49,,,,,,,,,,,,
,95111737,07/12/2023 10:25,07/12/2023 12:41,XAUUSD,Buy,1.500,1932.00000,0.00000,1935.04000,1935.49000,0.0000,0.0000,45.0,67.50,0.08,"",0,00:02:15:08,,,,,,,,,,,,
,95111508,07/12/2023 10:22,07/12/2023 12:25,XAUUSD,Buy,1.500,0.00000,0.00000,1935.06000,1935.35000,0.0000,0.0000,29.0,43.50,0.05,"",0,00:02:02:24,,,,,,,,,,,,
,95113607,07/12/2023 10:37,07/12/2023 11:34,XAUUSD,Buy,1.500,1929.00000,0.00000,1934.63000,1935.01000,0.0000,0.0000,38.0,57.00,0.07,"",0,00:00:57:36,,,,,,,,,,,,
,95065462,07/11/2023 22:58,07/12/2023 04:31,XAUUSD,Buy,3.500,0.00000,0.00000,1932.71000,1936.61000,0.0000,-46.5500,390.0,1318.45,1.62,"",0,00:05:33:00,83.4,4h 37m,91.0,0.00,481.0,1683.5,0.0,0.0,100.0,81.1,-91.00,-318.50
,95065443,07/11/2023 22:58,07/12/2023 01:43,XAUUSD,Buy,5.000,0.00000,0.00000,1932.68000,1933.26000,0.0000,-66.5000,58.0,223.50,0.28,"",0,00:02:45:18,,,,,,,,,,,,
,95065697,07/11/2023 23:02,07/12/2023 01:43,XAUUSD,Buy,3.500,1927.89000,0.00000,1932.71000,1933.26000,0.0000,-46.5500,55.0,145.95,0.18,"",0,00:02:41:23,,,,,,,,,,,,
,95065737,07/11/2023 23:04,07/12/2023 01:43,XAUUSD,Buy,3.500,1928.90000,0.00000,1932.53000,1933.26000,0.0000,-46.5500,73.0,208.95,0.26,"",0,00:02:38:44,,,,,,,,,,,,
,95065954,07/11/2023 23:24,,,Withdrawal,0.010,0.00000,0.00000,0.00000,0.00000,0.0000,0.0000,0.0,-5000.00,0,"Transfer to 10189649 #22068574",0,00:00:00:00,,,,,,,,,,,,
,95041921,07/11/2023 15:34,07/11/2023 17:05,XAUUSD,Buy,2.000,0.00000,0.00000,1933.33000,1933.37000,0.0000,0.0000,4.0,8.00,0.01,"from #95026086",0,00:01:31:04,,,,,,,,,,,,
,95031649,07/11/2023 15:55,07/11/2023 17:05,XAUUSD,Buy,1.000,0.00000,0.00000,1932.63000,1933.44000,0.0000,0.0000,81.0,81.00,0.09,"",0,00:01:10:40,,,,,,,,,,,,
,95030866,07/11/2023 15:34,07/11/2023 17:05,XAUUSD,Buy,2.000,0.00000,0.00000,1933.29000,1933.56000,0.0000,0.0000,27.0,54.00,0.06,"from #95026092",0,00:01:30:53,,,,,,,,,,,,
,95026086,07/11/2023 15:34,07/11/2023 17:05,XAUUSD,Buy,3.000,0.00000,0.00000,1933.33000,1933.79000,0.0000,0.0000,46.0,138.00,0.16,"to #95041921",0,00:01:30:21,,,,,,,,,,,,
,95037232,07/11/2023 16:36,07/11/2023 17:04,XAUUSD,Buy,1.500,0.00000,0.00000,1932.45000,1933.20000,0.0000,0.0000,75.0,112.50,0.13,"",0,00:00:28:15,,,,,,,,,,,,
,95035150,07/11/2023 16:23,07/11/2023 16:54,XAUUSD,Buy,1.500,0.00000,0.00000,1931.77000,1932.86000,0.0000,0.0000,109.0,163.50,0.19,"",0,00:00:31:15,,,,,,,,,,,,
,95039261,07/11/2023 16:46,07/11/2023 16:54,XAUUSD,Buy,1.500,0.00000,0.00000,1930.81000,1932.81000,0.0000,0.0000,200.0,300.00,0.35,"",0,00:00:08:05,,,,,,,,,,,,
,95031754,07/11/2023 15:55,07/11/2023 16:11,XAUUSD,Buy,1.000,0.00000,0.00000,1932.17000,1932.61000,0.0000,0.0000,44.0,44.00,0.05,"",0,00:00:15:44,,,,,,,,,,,,
,95026092,07/11/2023 15:34,07/11/2023 15:51,XAUUSD,Buy,3.000,0.00000,0.00000,1933.29000,1933.01000,0.0000,0.0000,-28.0,-84.00,-0.10,"to #95030866",0,00:00:16:15,,,,,,,,,,,,
,95026373,07/11/2023 15:36,07/11/2023 15:50,XAUUSD,Buy,3.000,0.00000,0.00000,1932.52000,1932.70000,0.0000,0.0000,18.0,54.00,0.06,"",0,00:00:13:55,,,,,,,,,,,,
,95026895,07/11/2023 15:39,07/11/2023 15:45,XAUUSD,Buy,1.500,0.00000,0.00000,1930.54000,1931.28000,0.0000,0.0000,74.0,111.00,0.13,"",0,00:00:05:28,,,,,,,,,,,,
,95022579,07/11/2023 15:11,07/11/2023 15:13,XAUUSD,Buy,5.000,0.00000,0.00000,1935.79000,1936.28000,0.0000,0.0000,49.0,245.00,0.29,"",0,00:00:01:49,,,,,,,,,,,,
,94990692,07/11/2023 11:10,07/11/2023 11:15,XAUUSD,Buy,5.000,0.00000,0.00000,1933.50000,1934.11000,0.0000,0.0000,61.0,305.00,0.36,"",0,00:00:05:25,,,,,,,,,,,,
,94973489,07/10/2023 01:06,07/11/2023 10:58,XAUUSD,Buy,0.500,0.00000,1966.50000,1925.87000,1932.36000,0.0000,-6.6500,649.0,317.85,0.38,"from #94971651",0,01:09:51:43,24.3,8h 13m,1191.0,1.16,1028.0,514.0,-1191.0,-595.5,46.3,82.9,-379.00,-189.50
,94987117,07/11/2023 10:47,07/11/2023 10:58,XAUUSD,Buy,5.000,0.00000,0.00000,1931.43000,1931.97000,0.0000,0.0000,54.0,270.00,0.32,"",0,00:00:10:54,,,,,,,,,,,,
,94987083,07/11/2023 10:46,07/11/2023 10:58,XAUUSD,Buy,5.000,0.00000,0.00000,1931.33000,1932.02000,0.0000,0.0000,69.0,345.00,0.41,"",0,00:00:11:20,,,,,,,,,,,,
,94971651,07/10/2023 01:06,07/11/2023 09:48,XAUUSD,Buy,1.000,0.00000,1966.50000,1925.87000,1935.48000,0.0000,-13.3000,961.0,947.70,1.15,"to #94973489",0,01:08:41:49,21.9,7h 9m,1191.0,1.16,1028.0,1028.0,-1191.0,-1191.0,46.3,97.0,-67.00,-67.00
,94971595,07/10/2023 01:06,07/11/2023 09:44,XAUUSD,Buy,1.500,0.00000,1966.50000,1925.87000,1934.86000,0.0000,-19.9500,899.0,1328.55,1.64,"to #94971651",0,01:08:38:24,21.9,7h 8m,1191.0,1.16,1028.0,1542.0,-1191.0,-1786.5,46.3,94.2,-129.00,-193.50
,94937970,07/10/2023 01:06,07/11/2023 09:44,XAUUSD,Buy,2.000,0.00000,1966.50000,1925.87000,1935.33000,0.0000,-26.6000,946.0,1865.40,2.36,"to #94971595",0,01:08:38:09,21.9,7h 8m,1191.0,1.16,1028.0,2056.0,-1191.0,-2382.0,46.3,96.3,-82.00,-164.00
,94939042,07/11/2023 04:55,07/11/2023 09:44,XAUUSD,Buy,5.000,1929.50000,1966.00000,1925.96000,1935.22000,0.0000,0.0000,926.0,4630.00,6.22,"",0,00:04:48:42,100.0,4h 48m,93.0,0.00,1019.0,5095.0,0.0,0.0,100.0,90.9,-93.00,-465.00
,94753604,07/04/2023 12:23,07/11/2023 09:43,XAUUSD,Buy,1.500,0.00000,0.00000,1930.11000,1936.30000,0.0000,-139.6500,619.0,788.85,1.07,"from #94746196",0,06:21:20:06,2.5,4h 8m,0.0,0.00,619.0,928.5,0.0,0.0,100.0,100.0,0.00,0.00
,94939044,07/11/2023 04:55,07/11/2023 09:41,XAUUSD,Buy,5.000,1922.00000,0.00000,1925.90000,1936.67000,0.0000,0.0000,1077.0,5385.00,7.89,"",0,00:04:46:01,100.0,4h 46m,43.0,0.00,1077.0,5385.0,0.0,0.0,100.0,100.0,0.00,0.00
,94939076,07/11/2023 04:58,07/11/2023 05:57,XAUUSD,Buy,3.000,1923.20000,0.00000,1925.64000,1927.68000,0.0000,0.0000,204.0,612.00,0.90,"",0,00:00:58:53,,,,,,,,,,,,
,94939052,07/11/2023 04:56,07/11/2023 05:37,XAUUSD,Buy,5.000,1923.00000,0.00000,1925.94000,1926.82000,0.0000,0.0000,88.0,440.00,0.65,"",0,00:00:41:04,,,,,,,,,,,,
,94938121,07/11/2023 04:38,07/11/2023 04:55,XAUUSD,Sell,10.000,0.00000,0.00000,1925.51000,1925.94000,0.0000,0.0000,-43.0,-430.00,-0.64,"",0,00:00:16:46,,,,,,,,,,,,
,94938145,07/11/2023 04:39,07/11/2023 04:55,XAUUSD,Sell,3.000,1928.60000,0.00000,1925.44000,1925.98000,0.0000,0.0000,-54.0,-162.00,-0.24,"",0,00:00:15:57,,,,,,,,,,,,
,94918808,07/10/2023 01:06,07/11/2023 04:38,XAUUSD,Buy,3.000,0.00000,1966.50000,1925.87000,1925.64000,0.0000,-39.9000,-23.0,-108.90,-0.16,"from #94784092",0,01:03:31:48,3.8,1h 2m,1191.0,27.10,44.0,132.0,-1191.0,-3573.0,3.6,94.6,-67.00,-201.00
,94918784,07/10/2023 15:21,07/11/2023 04:38,XAUUSD,Buy,3.500,1924.00000,0.00000,1919.62000,1925.64000,0.0000,-46.5500,602.0,2060.45,3.13,"from #94866790",0,00:13:17:07,100.0,13h 17m,105.0,0.00,669.0,2341.5,0.0,0.0,100.0,90.0,-67.00,-234.50
,94866930,07/10/2023 15:21,07/11/2023 04:37,XAUUSD,Buy,5.000,1921.90000,0.00000,1919.96000,1925.76000,0.0000,-66.5000,580.0,2833.50,4.50,"",0,00:13:16:36,100.0,13h 16m,105.0,0.00,635.0,3175.0,0.0,0.0,100.0,91.3,-55.00,-275.00
,94784092,07/10/2023 01:06,07/10/2023 20:05,XAUUSD,Buy,2.000,0.00000,1966.50000,1925.87000,1925.86000,0.0000,0.0000,-1.0,-2.00,0.00,"to #94918808",0,00:18:59:23,5.3,1h 0m,1353.0,8.67,140.0,280.0,-1213.0,-2426.0,10.3,89.6,-141.00,-282.00
,94866790,07/10/2023 15:21,07/10/2023 20:05,XAUUSD,Buy,1.500,0.00000,0.00000,1919.62000,1926.08000,0.0000,0.0000,646.0,969.00,1.56,"to #94918784",0,00:04:44:15,79.6,3h 46m,656.0,0.98,667.0,1000.5,-656.0,-984.0,50.4,98.4,-21.00,-31.50
,94830922,07/10/2023 10:27,07/10/2023 19:39,XAUUSD,Buy,1.500,0.00000,0.00000,1924.35000,1924.73000,0.0000,0.0000,38.0,57.00,0.09,"",0,00:09:11:54,20.9,1h 55m,1289.0,7.06,160.0,240.0,-1129.0,-1693.5,12.4,90.5,-122.00,-183.00
,94903321,07/10/2023 17:52,07/10/2023 18:06,XAUUSD,Buy,1.000,0.00000,0.00000,1922.20000,1923.04000,0.0000,0.0000,84.0,84.00,0.14,"",0,00:00:13:31,57.2,7m,104.0,0.93,112.0,112.0,-104.0,-104.0,51.9,87.0,-28.00,-28.00
,94868833,07/10/2023 15:29,07/10/2023 16:28,XAUUSD,Buy,2.000,0.00000,0.00000,1918.69000,1921.52000,0.0000,0.0000,283.0,566.00,0.92,"",0,00:00:58:45,22.1,12m,563.0,1.79,315.0,630.0,-563.0,-1126.0,35.9,96.4,-32.00,-64.00
,94830382,07/10/2023 10:23,07/10/2023 15:20,XAUUSD,Buy,5.000,1918.00000,0.00000,1924.72000,1917.74000,0.0000,0.0000,-698.0,-3490.00,-5.38,"[sl]",0,00:04:57:16,14.9,44m,821.0,5.68,123.0,615.0,-698.0,-3490.0,15.0,0.0,-821.00,-4105.00
,94786410,07/10/2023 01:51,07/10/2023 15:20,XAUUSD,Buy,3.500,1918.00000,0.00000,1927.02000,1917.74000,0.0000,0.0000,-928.0,-3248.00,-4.77,"[sl]",0,00:13:28:49,0.0,0s,928.0,1000.00,0.0,0.0,-928.0,-3248.0,0.0,0.0,-928.00,-3248.00
,94836406,07/10/2023 11:12,07/10/2023 14:59,XAUUSD,Buy,1.500,0.00000,0.00000,1924.26000,1924.59000,0.0000,0.0000,33.0,49.50,0.07,"",0,00:03:46:43,31.3,1h 10m,319.0,0.89,169.0,253.5,-150.0,-225.0,53.0,57.4,-136.00,-204.00
,94851868,07/10/2023 13:04,07/10/2023 14:36,XAUUSD,Buy,1.000,1918.00000,0.00000,1923.88000,1924.43000,0.0000,0.0000,55.0,55.00,0.08,"",0,00:01:32:26,43.5,40m,162.0,0.63,177.0,177.0,-112.0,-112.0,61.2,57.8,-122.00,-122.00
,94784095,07/10/2023 01:06,07/10/2023 09:07,XAUUSD,Buy,5.000,1919.40000,0.00000,1925.73000,1919.37000,0.0000,0.0000,-636.0,-3180.00,-4.47,"[sl]",0,00:08:00:31,13.1,1h 2m,839.0,3.13,203.0,1015.0,-636.0,-3180.0,24.2,0.0,-839.00,-4195.00
,94787191,07/10/2023 02:02,07/10/2023 03:14,XAUUSD,Buy,1.500,1923.00000,0.00000,1924.97000,1922.99000,0.0000,0.0000,-198.0,-297.00,-0.42,"[sl]",0,00:01:12:11,4.2,3m,208.0,19.80,10.0,15.0,-198.0,-297.0,4.8,0.0,-208.00,-312.00
,94758104,07/07/2023 17:10,07/10/2023 01:05,XAUUSD,Sell,2.000,0.00000,0.00000,1926.48000,1925.59000,0.0000,-14.8900,89.0,163.11,0.23,"from #94754707",0,02:07:55:29,92.9,2d 3h ,787.0,4.14,190.0,380.0,-787.0,-1574.0,19.4,89.7,-101.00,-202.00
,94759161,07/07/2023 18:27,07/10/2023 01:05,XAUUSD,Sell,0.500,0.00000,0.00000,1929.63000,1925.55000,0.0000,-3.7200,408.0,200.28,0.28,"from #94755901",0,02:06:38:05,99.6,2d 6h ,225.0,0.31,505.0,252.5,-159.0,-79.5,76.1,85.4,-97.00,-48.50
,94780209,07/09/2023 00:51,,,Withdrawal,0.010,0.00000,0.00000,0.00000,0.00000,0.0000,0.0000,0.0,-8929.00,0,"Transfer to 10189649 #22023769",0,00:00:00:00,,,,,,,,,,,,
,94755901,07/07/2023 18:27,07/07/2023 19:00,XAUUSD,Sell,0.500,0.00000,0.00000,1929.63000,1928.06000,0.0000,0.0000,157.0,78.50,0.10,"to #94759161",0,00:00:32:28,54.6,17m,165.0,0.55,289.0,144.5,-160.0,-80.0,64.4,70.6,-132.00,-66.00
,94754707,07/07/2023 17:10,07/07/2023 18:57,XAUUSD,Sell,1.000,0.00000,0.00000,1926.48000,1926.91000,0.0000,0.0000,-43.0,-43.00,-0.05,"to #94758104",0,00:01:46:58,0.0,0s,791.0,833.33,0.0,0.0,-791.0,-791.0,0.0,94.6,-43.00,-43.00
,94755318,07/07/2023 18:18,07/07/2023 18:57,XAUUSD,Sell,2.000,0.00000,0.00000,1928.66000,1927.07000,0.0000,0.0000,159.0,318.00,0.40,"",0,00:00:39:13,20.6,8m,257.0,1.34,192.0,384.0,-257.0,-514.0,42.8,92.7,-33.00,-66.00
,94740750,07/07/2023 17:14,07/07/2023 18:13,XAUUSD,Sell,2.000,1936.00000,0.00000,1927.36000,1928.53000,0.0000,0.0000,-117.0,-234.00,-0.29,"",0,00:00:58:56,0.0,0s,703.0,714.29,0.0,0.0,-703.0,-1406.0,0.0,83.4,-117.00,-234.00
,94740758,07/07/2023 17:14,07/07/2023 18:13,XAUUSD,Sell,2.000,1936.50000,0.00000,1927.13000,1928.24000,0.0000,0.0000,-111.0,-222.00,-0.28,"",0,00:00:58:50,0.0,0s,726.0,769.23,0.0,0.0,-726.0,-1452.0,0.0,84.7,-111.00,-222.00
,94740780,07/07/2023 17:14,07/07/2023 18:13,XAUUSD,Sell,1.000,0.00000,0.00000,1927.13000,1927.92000,0.0000,0.0000,-79.0,-79.00,-0.10,"",0,00:00:58:23,0.0,0s,726.0,769.23,0.0,0.0,-726.0,-726.0,0.0,89.1,-79.00,-79.00
,94754356,07/07/2023 17:10,07/07/2023 18:12,XAUUSD,Sell,2.000,0.00000,0.00000,1926.48000,1928.60000,0.0000,0.0000,-212.0,-424.00,-0.53,"to #94754707",0,00:01:01:52,0.0,0s,791.0,833.33,0.0,0.0,-791.0,-1582.0,0.0,73.2,-212.00,-424.00
,94740101,07/07/2023 17:10,07/07/2023 18:09,XAUUSD,Sell,3.000,0.00000,0.00000,1926.48000,1929.75000,0.0000,0.0000,-327.0,-981.00,-1.20,"to #94754356",0,00:00:58:58,0.0,0s,791.0,833.33,0.0,0.0,-791.0,-2373.0,0.0,58.7,-327.00,-981.00
,94746196,07/04/2023 12:23,07/07/2023 18:04,XAUUSD,Buy,1.500,0.00000,0.00000,1930.11000,1932.67000,0.0000,-99.7500,256.0,284.25,0.35,"to #94753604",0,03:05:41:12,1.6,1h 14m,3111.0,6.12,437.0,655.5,-2674.0,-4011.0,14.0,94.2,-181.00,-271.50
,94744340,07/04/2023 12:23,07/07/2023 17:39,XAUUSD,Buy,0.500,0.00000,0.00000,1930.11000,1931.32000,0.0000,-33.2500,121.0,27.25,0.03,"to #94746196",0,03:05:16:23,1.0,46m,3111.0,6.12,437.0,218.5,-2674.0,-1337.0,14.0,89.8,-316.00,-158.00
,94259031,07/04/2023 12:23,07/07/2023 17:39,XAUUSD,Buy,5.000,0.00000,0.00000,1930.19000,1931.18000,0.0000,-332.5000,99.0,162.50,0.20,"",0,03:05:16:03,0.9,41m,3111.0,6.25,429.0,2145.0,-2682.0,-13410.0,13.8,89.4,-330.00,-1650.00
,94259037,07/04/2023 12:23,07/07/2023 17:33,XAUUSD,Buy,1.500,0.00000,0.00000,1930.11000,1929.09000,0.0000,-99.7500,-102.0,-252.75,-0.31,"to #94744340",0,03:05:09:53,0.8,37m,3111.0,6.12,437.0,655.5,-2674.0,-4011.0,14.0,82.7,-539.00,-808.50
,94695191,07/04/2023 12:24,07/07/2023 17:27,XAUUSD,Buy,1.000,0.00000,1962.00000,1930.42000,1927.09000,0.0000,-66.5000,-333.0,-399.50,-0.49,"from #94688175",0,03:05:03:14,0.6,27m,3111.0,6.67,406.0,406.0,-2705.0,-2705.0,13.1,76.2,-739.00,-739.00
,94392877,07/04/2023 12:23,07/07/2023 17:22,XAUUSD,Buy,1.000,0.00000,0.00000,1930.24000,1928.24000,0.0000,-66.5000,-200.0,-266.50,-0.32,"from #94292156",0,03:04:59:03,0.7,32m,3111.0,6.34,424.0,424.0,-2687.0,-2687.0,13.6,79.9,-624.00,-624.00
,94737669,07/07/2023 17:03,07/07/2023 17:10,XAUUSD,Buy,1.500,0.00000,0.00000,1922.60000,1926.27000,0.0000,0.0000,367.0,550.50,0.68,"",0,00:00:06:42,100.0,6m,71.0,0.00,438.0,657.0,0.0,0.0,100.0,83.8,-71.00,-106.50
,94737617,07/07/2023 17:03,07/07/2023 17:08,XAUUSD,Buy,1.500,0.00000,0.00000,1922.21000,1926.34000,0.0000,0.0000,413.0,619.50,0.77,"",0,00:00:05:00,100.0,5m,0.0,0.00,413.0,619.5,0.0,0.0,100.0,100.0,0.00,0.00
,94735125,07/07/2023 16:55,07/07/2023 17:02,XAUUSD,Sell,8.000,0.00000,0.00000,1924.90000,1922.75000,0.0000,0.0000,215.0,1720.00,2.17,"",0,00:00:06:09,100.0,6m,76.0,0.00,291.0,2328.0,0.0,0.0,100.0,73.9,-76.00,-608.00
,94259043,07/04/2023 12:23,07/07/2023 16:46,XAUUSD,Buy,5.000,0.00000,1962.00000,1930.15000,1926.80000,0.0000,-332.5000,-335.0,-2007.50,-2.47,"",0,03:04:23:38,0.8,36m,3111.0,6.19,433.0,2165.0,-2678.0,-13390.0,13.9,75.3,-768.00,-3840.00
,94719653,07/07/2023 16:10,07/07/2023 16:32,XAUUSD,Buy,2.000,1914.00000,0.00000,1917.69000,1923.86000,0.0000,0.0000,617.0,1234.00,1.54,"",0,00:00:22:03,100.0,22m,79.0,0.00,646.0,1292.0,0.0,0.0,100.0,95.5,-29.00,-58.00
,94708299,07/07/2023 15:48,07/07/2023 15:55,XAUUSD,Buy,3.000,1914.00000,0.00000,1919.51000,1922.14000,0.0000,0.0000,263.0,789.00,1.00,"",0,00:00:06:11,100.0,6m,55.0,0.00,318.0,954.0,0.0,0.0,100.0,82.7,-55.00,-165.00
,94708270,07/07/2023 15:48,07/07/2023 15:48,XAUUSD,Buy,3.000,1919.28000,0.00000,1919.61000,1919.03000,0.0000,0.0000,-58.0,-174.00,-0.22,"[sl]",0,00:00:00:01,,,,,,,,,,,,
,94688175,07/04/2023 12:24,07/07/2023 15:30,XAUUSD,Buy,2.000,0.00000,1962.00000,1930.42000,1925.85000,0.0000,-133.0000,-457.0,-1047.00,-1.30,"to #94695191",0,03:03:06:06,0.6,27m,3111.0,6.67,406.0,812.0,-2705.0,-5410.0,13.1,72.3,-863.00,-1726.00
,94259140,07/04/2023 12:24,07/07/2023 14:32,XAUUSD,Buy,2.000,0.00000,1962.00000,1930.42000,1917.75000,0.0000,-133.0000,-1267.0,-2667.00,-3.21,"to #94688175",0,03:02:08:16,0.6,26m,3111.0,6.67,406.0,812.0,-2705.0,-5410.0,13.1,46.2,-1673.00,-3346.00
,94540449,07/06/2023 15:17,07/07/2023 14:32,XAUUSD,Buy,3.000,1914.00000,1927.00000,1919.96000,1917.72000,0.0000,-39.9000,-224.0,-711.90,-0.85,"",0,00:23:14:50,0.0,0s,1659.0,1666.67,0.0,0.0,-1659.0,-4977.0,0.0,86.5,-224.00,-672.00
,94642496,07/06/2023 21:22,07/07/2023 08:45,XAUUSD,Buy,0.500,1908.00000,0.00000,1910.55000,1913.98000,0.0000,-6.6500,343.0,164.85,0.20,"from #94624086",0,00:11:23:05,76.7,8h 43m,254.0,0.28,362.0,181.0,-101.0,-50.5,78.2,95.9,-19.00,-9.50
,94624086,07/06/2023 21:22,07/07/2023 08:43,XAUUSD,Buy,0.500,1908.00000,0.00000,1910.55000,1914.27000,0.0000,-6.6500,372.0,179.35,0.22,"to #94642496",0,00:11:21:03,76.5,8h 41m,254.0,0.27,372.0,186.0,-101.0,-50.5,78.6,100.0,0.00,0.00
,94619113,07/06/2023 21:22,07/06/2023 22:06,XAUUSD,Buy,1.000,1908.00000,0.00000,1910.55000,1910.72000,0.0000,0.0000,17.0,17.00,0.02,"to #94624086",0,00:00:43:55,55.6,24m,62.0,1.52,29.0,29.0,-44.0,-44.0,39.7,83.6,-12.00,-12.00
,94565279,07/06/2023 15:43,07/06/2023 16:40,XAUUSD,Buy,2.000,1902.00000,0.00000,1904.74000,1914.28000,0.0000,0.0000,954.0,1908.00,2.34,"from #94556387",0,00:00:57:46,100.0,57m,355.0,0.00,954.0,1908.0,0.0,0.0,100.0,100.0,0.00,0.00
,94556387,07/06/2023 15:43,07/06/2023 16:02,XAUUSD,Buy,1.000,1907.40000,0.00000,1904.74000,1909.07000,0.0000,0.0000,433.0,433.00,0.53,"to #94565279",0,00:00:19:40,,,,,,,,,,,,
,94554429,07/06/2023 15:40,,,Deposit,0.010,0.00000,0.00000,0.00000,0.00000,0.0000,0.0000,0.0,4400.00,0,"Deposit WALLETO USD 21986523",0,00:00:00:00,,,,,,,,,,,,
,94549856,07/06/2023 15:30,,,Deposit,0.010,0.00000,0.00000,0.00000,0.00000,0.0000,0.0000,0.0,10000.00,0,"Deposit WALLETO USD 21986089",0,00:00:00:00,,,,,,,,,,,,
,94404784,07/05/2023 16:47,07/06/2023 14:43,XAUUSD,Buy,2.000,0.00000,0.00000,1925.85000,1926.49000,0.0000,-79.8000,64.0,48.20,0.07,"",0,00:21:56:19,0.8,10m,1108.0,9.48,117.0,234.0,-1108.0,-2216.0,9.6,95.7,-53.00,-106.00
,94408635,07/05/2023 16:58,07/06/2023 13:55,XAUUSD,Buy,1.500,0.00000,0.00000,1923.99000,1924.65000,0.0000,-59.8500,66.0,39.15,0.06,"",0,00:20:57:35,5.2,1h 5m,1043.0,7.62,121.0,181.5,-922.0,-1383.0,11.6,94.7,-55.00,-82.50
,94437623,07/05/2023 20:28,07/06/2023 13:34,XAUUSD,Buy,3.500,0.00000,0.00000,1920.14000,1922.78000,0.0000,-139.6500,264.0,784.35,1.19,"",0,00:17:06:14,10.3,1h 45m,625.0,2.03,264.0,924.0,-537.0,-1879.5,33.0,100.0,0.00,0.00
,94462175,07/05/2023 21:37,07/06/2023 06:11,XAUUSD,Buy,1.000,1911.40000,0.00000,1916.76000,1918.50000,0.0000,-39.9000,174.0,134.10,0.20,"from #94460637",0,00:08:34:16,50.5,4h 19m,295.0,0.71,281.0,281.0,-199.0,-199.0,58.5,77.7,-107.00,-107.00
,94460637,07/05/2023 21:37,07/06/2023 05:01,XAUUSD,Buy,1.000,1911.40000,0.00000,1916.76000,1918.89000,0.0000,-39.9000,213.0,173.10,0.26,"to #94462175",0,00:07:24:18,42.7,3h 9m,295.0,0.72,277.0,277.0,-199.0,-199.0,58.2,86.6,-64.00,-64.00
,94459892,07/05/2023 21:37,07/06/2023 04:51,XAUUSD,Buy,1.000,1911.40000,0.00000,1916.76000,1918.59000,0.0000,-39.9000,183.0,143.10,0.22,"to #94460637",0,00:07:13:29,41.4,2h 59m,295.0,1.00,199.0,199.0,-199.0,-199.0,50.0,96.0,-16.00,-16.00
,94456319,07/05/2023 21:37,07/06/2023 04:39,XAUUSD,Buy,1.000,1911.40000,0.00000,1916.76000,1918.31000,0.0000,-39.9000,155.0,115.10,0.18,"to #94459892",0,00:07:02:02,39.3,2h 45m,295.0,1.17,170.0,170.0,-199.0,-199.0,46.1,95.9,-15.00,-15.00
,94445074,07/05/2023 21:37,07/06/2023 03:09,XAUUSD,Buy,1.000,1911.40000,0.00000,1916.76000,1917.22000,0.0000,-39.9000,46.0,6.10,0.01,"to #94456319",0,00:05:31:25,34.9,1h 55m,295.0,1.93,103.0,103.0,-199.0,-199.0,34.1,81.1,-57.00,-57.00
,94452697,07/06/2023 01:01,07/06/2023 01:10,XAUUSD,Buy,2.000,1911.40000,0.00000,1915.86000,1917.10000,0.0000,0.0000,124.0,248.00,0.38,"",0,00:00:08:25,,,,,,,,,,,,
,94422763,07/05/2023 17:45,07/05/2023 18:06,XAUUSD,Buy,5.000,1916.50000,0.00000,1920.34000,1922.96000,0.0000,0.0000,262.0,1310.00,2.06,"from #94419882",0,00:00:20:36,100.0,20m,62.0,0.00,324.0,1620.0,0.0,0.0,100.0,80.9,-62.00,-310.00
,94419882,07/05/2023 17:45,07/05/2023 17:59,XAUUSD,Buy,3.000,1916.50000,0.00000,1920.34000,1922.22000,0.0000,0.0000,188.0,564.00,0.89,"to #94422763",0,00:00:13:49,,,,,,,,,,,,
,94292156,07/04/2023 12:23,07/05/2023 16:12,XAUUSD,Buy,2.000,1919.00000,0.00000,1930.24000,1930.65000,0.0000,-26.6000,41.0,55.40,0.09,"to #94392877",0,01:03:49:09,1.2,20m,909.0,21.65,41.0,82.0,-886.0,-1772.0,4.4,100.0,0.00,0.00
,94291761,07/04/2023 12:23,07/05/2023 16:02,XAUUSD,Buy,3.000,1919.00000,1952.00000,1930.13000,1929.67000,0.0000,-39.9000,-46.0,-177.90,-0.28,"from #94277056",0,01:03:39:29,1.0,16m,909.0,25.77,34.0,102.0,-875.0,-2625.0,3.7,91.2,-80.00,-240.00
,94293182,07/04/2023 17:42,07/05/2023 13:07,XAUUSD,Buy,1.000,0.00000,0.00000,1928.45000,1929.25000,0.0000,-13.3000,80.0,66.70,0.11,"",0,00:19:25:28,2.6,30m,707.0,7.95,89.0,89.0,-707.0,-707.0,11.2,98.9,-9.00,-9.00
,94294668,07/04/2023 18:16,07/05/2023 12:07,XAUUSD,Buy,1.000,0.00000,0.00000,1927.87000,1928.12000,0.0000,-13.3000,25.0,11.70,0.02,"",0,00:17:50:38,1.0,10m,649.0,22.42,29.0,29.0,-649.0,-649.0,4.3,99.4,-4.00,-4.00
,94296639,07/04/2023 19:13,07/05/2023 11:04,XAUUSD,Buy,2.000,0.00000,0.00000,1926.29000,1927.38000,0.0000,-26.6000,109.0,191.40,0.30,"",0,00:15:50:42,10.0,1h 35m,552.0,4.23,116.0,232.0,-491.0,-982.0,19.1,98.8,-7.00,-14.00
,94340334,07/05/2023 09:43,07/05/2023 11:04,XAUUSD,Buy,1.500,1922.90000,0.00000,1921.74000,1927.35000,0.0000,0.0000,561.0,841.50,1.36,"from #94336378",0,00:01:20:57,93.8,1h 15m,62.0,0.01,571.0,856.5,-5.0,-7.5,99.1,98.3,-10.00,-15.00
,94336378,07/05/2023 09:43,07/05/2023 10:36,XAUUSD,Buy,0.500,1922.90000,0.00000,1921.74000,1924.42000,0.0000,0.0000,268.0,134.00,0.22,"to #94340334",0,00:00:52:30,91.0,47m,62.0,0.02,320.0,160.0,-5.0,-2.5,98.5,84.0,-52.00,-26.00
,94327473,07/05/2023 09:43,07/05/2023 10:21,XAUUSD,Buy,1.000,1922.90000,0.00000,1921.74000,1923.57000,0.0000,0.0000,183.0,183.00,0.30,"to #94336378",0,00:00:37:24,87.5,32m,62.0,0.02,213.0,213.0,-5.0,-5.0,97.7,86.2,-30.00,-30.00
,94315514,07/05/2023 06:13,07/05/2023 09:20,XAUUSD,Buy,2.000,1922.50000,0.00000,1924.91000,1922.57000,0.0000,0.0000,-234.0,-468.00,-0.75,"[sl]",0,00:03:06:57,55.3,1h 43m,367.0,1.80,131.0,262.0,-236.0,-472.0,35.7,0.5,-365.00,-730.00
,94259082,07/04/2023 12:23,07/04/2023 17:20,XAUUSD,Buy,2.000,1925.50000,0.00000,1930.24000,1929.28000,0.0000,0.0000,-96.0,-192.00,-0.31,"to #94292156",0,00:04:56:34,5.0,14m,422.0,17.36,23.0,46.0,-399.0,-798.0,5.5,71.8,-119.00,-238.00
,94277056,07/04/2023 12:23,07/04/2023 17:18,XAUUSD,Buy,1.000,1925.50000,1952.00000,1930.13000,1929.21000,0.0000,0.0000,-92.0,-92.00,-0.15,"to #94291761",0,00:04:55:03,5.1,15m,422.0,11.42,34.0,34.0,-388.0,-388.0,8.1,70.1,-126.00,-126.00
,94278932,07/04/2023 15:40,07/04/2023 16:59,XAUUSD,Buy,3.000,0.00000,1960.00000,1927.20000,1928.30000,0.0000,0.0000,110.0,330.00,0.53,"",0,00:01:18:57,66.7,52m,68.0,0.43,158.0,474.0,-68.0,-204.0,69.9,78.8,-48.00,-144.00
,94259049,07/04/2023 12:23,07/04/2023 15:14,XAUUSD,Buy,1.000,1925.00000,0.00000,1930.13000,1930.18000,0.0000,0.0000,5.0,5.00,0.01,"to #94277056",0,00:02:51:07,11.8,20m,271.0,6.97,34.0,34.0,-237.0,-237.0,12.5,89.3,-29.00,-29.00
,94260001,07/04/2023 12:30,07/04/2023 15:14,XAUUSD,Buy,2.500,1926.40000,0.00000,1930.07000,1929.89000,0.0000,0.0000,-18.0,-45.00,-0.07,"",0,00:02:43:15,12.5,20m,271.0,5.78,40.0,100.0,-231.0,-577.5,14.8,78.6,-58.00,-145.00
,94267949,07/04/2023 13:31,07/04/2023 15:04,XAUUSD,Buy,2.500,1926.40000,0.00000,1929.50000,1929.81000,0.0000,0.0000,31.0,77.50,0.12,"",0,00:01:33:31,27.8,25m,184.0,5.61,31.0,77.5,-174.0,-435.0,15.1,100.0,0.00,0.00
,94254465,07/04/2023 11:54,07/04/2023 12:23,XAUUSD,Sell,0.500,0.00000,0.00000,1928.40000,1930.31000,0.0000,0.0000,-191.0,-95.50,-0.15,"",0,00:00:29:06,0.0,0s,191.0,192.31,0.0,0.0,-191.0,-95.5,0.0,0.0,-191.00,-95.50
,94256165,07/04/2023 12:02,07/04/2023 12:23,XAUUSD,Sell,0.500,0.00000,0.00000,1928.64000,1930.22000,0.0000,0.0000,-158.0,-79.00,-0.13,"",0,00:00:21:27,0.0,0s,158.0,158.73,0.0,0.0,-158.0,-79.0,0.0,0.0,-158.00,-79.00
,94257212,07/04/2023 12:08,07/04/2023 12:23,XAUUSD,Sell,0.500,0.00000,0.00000,1929.44000,1930.22000,0.0000,0.0000,-78.0,-39.00,-0.06,"",0,00:00:15:03,,,,,,,,,,,,
,94258759,07/04/2023 12:20,07/04/2023 12:23,XAUUSD,Sell,0.500,0.00000,0.00000,1929.44000,1930.13000,0.0000,0.0000,-69.0,-34.50,-0.06,"",0,00:00:03:19,,,,,,,,,,,,
,94252279,07/04/2023 01:09,07/04/2023 11:49,XAUUSD,Buy,0.500,0.00000,0.00000,1921.71000,1927.72000,0.0000,0.0000,601.0,300.50,0.48,"from #94249483",0,00:10:40:30,62.8,6h 42m,172.0,0.15,679.0,339.5,-104.0,-52.0,86.7,90.0,-78.00,-39.00
,94249483,07/04/2023 01:09,07/04/2023 11:49,XAUUSD,Buy,0.500,0.00000,0.00000,1921.71000,1927.79000,0.0000,0.0000,608.0,304.00,0.49,"to #94252279",0,00:10:40:22,62.8,6h 42m,172.0,0.15,679.0,339.5,-104.0,-52.0,86.7,90.9,-71.00,-35.50
,94252080,07/04/2023 11:34,07/04/2023 11:46,XAUUSD,Buy,2.000,0.00000,0.00000,1927.47000,1927.56000,0.0000,0.0000,9.0,18.00,0.03,"from #94250148",0,00:00:12:37,,,,,,,,,,,,
,94250148,07/04/2023 11:34,07/04/2023 11:46,XAUUSD,Buy,3.000,0.00000,0.00000,1927.47000,1927.56000,0.0000,0.0000,9.0,27.00,0.04,"to #94252080",0,00:00:12:32,,,,,,,,,,,,
,94250128,07/04/2023 11:33,07/04/2023 11:45,XAUUSD,Buy,5.000,0.00000,0.00000,1927.21000,1927.33000,0.0000,0.0000,12.0,60.00,0.10,"",0,00:00:11:24,,,,,,,,,,,,
,94250122,07/04/2023 11:33,07/04/2023 11:45,XAUUSD,Buy,8.000,0.00000,0.00000,1927.13000,1927.36000,0.0000,0.0000,23.0,184.00,0.30,"",0,00:00:11:22,,,,,,,,,,,,
,94250118,07/04/2023 11:33,07/04/2023 11:45,XAUUSD,Buy,8.000,0.00000,0.00000,1927.13000,1927.31000,0.0000,0.0000,18.0,144.00,0.23,"",0,00:00:11:21,,,,,,,,,,,,
,94249465,07/04/2023 01:09,07/04/2023 11:25,XAUUSD,Buy,1.000,0.00000,0.00000,1921.71000,1926.72000,0.0000,0.0000,501.0,501.00,0.82,"to #94249483",0,00:10:16:19,61.0,6h 15m,172.0,0.17,627.0,627.0,-104.0,-104.0,85.8,82.8,-126.00,-126.00
,94207904,07/04/2023 01:09,07/04/2023 11:25,XAUUSD,Buy,3.000,0.00000,0.00000,1921.71000,1926.97000,0.0000,0.0000,526.0,1578.00,2.66,"to #94249465",0,00:10:16:02,61.0,6h 15m,172.0,0.17,627.0,1881.0,-104.0,-312.0,85.8,86.2,-101.00,-303.00
,94207909,07/04/2023 01:09,07/04/2023 11:24,XAUUSD,Buy,5.000,0.00000,0.00000,1921.71000,1927.07000,0.0000,0.0000,536.0,2680.00,4.73,"",0,00:10:15:39,61.0,6h 15m,172.0,0.17,627.0,3135.0,-104.0,-520.0,85.8,87.6,-91.00,-455.00
,94208043,07/04/2023 01:18,07/04/2023 11:24,XAUUSD,Buy,2.500,1925.80000,0.00000,1921.71000,1927.07000,0.0000,0.0000,536.0,1340.00,2.42,"",0,00:10:06:01,62.5,6h 18m,172.0,0.17,627.0,1567.5,-104.0,-260.0,85.8,87.6,-91.00,-227.50
,94207913,07/04/2023 01:09,07/04/2023 11:24,XAUUSD,Buy,5.000,1922.50000,0.00000,1921.79000,1927.05000,0.0000,0.0000,526.0,2630.00,5.00,"",0,00:10:15:16,61.0,6h 15m,172.0,0.18,619.0,3095.0,-112.0,-560.0,84.7,87.3,-93.00,-465.00
,94207905,07/04/2023 01:09,07/04/2023 11:24,XAUUSD,Buy,5.000,0.00000,0.00000,1921.71000,1927.03000,0.0000,0.0000,532.0,2660.00,5.32,"",0,00:10:15:34,61.0,6h 15m,172.0,0.17,627.0,3135.0,-104.0,-520.0,85.8,87.0,-95.00,-475.00
,94198231,07/03/2023 17:57,07/04/2023 01:08,XAUUSD,Sell,0.700,0.00000,0.00000,1929.61000,1921.60000,0.0000,-5.2100,801.0,555.49,1.12,"from #94193976",0,00:07:11:17,100.0,7h 11m,107.0,0.00,902.0,631.4,0.0,0.0,100.0,88.8,-101.00,-70.70
,94198234,07/03/2023 17:36,07/03/2023 19:24,XAUUSD,Sell,0.250,0.00000,0.00000,1926.64000,1925.48000,0.0000,0.0000,116.0,29.00,0.06,"from #94191164",0,00:01:48:31,57.2,1h 2m,70.0,0.52,134.0,33.5,-70.0,-17.5,65.7,91.2,-18.00,-4.50
,94200090,07/03/2023 18:50,07/03/2023 19:08,XAUUSD,Sell,0.250,0.00000,0.00000,1927.71000,1926.49000,0.0000,0.0000,122.0,30.50,0.06,"",0,00:00:18:05,,,,,,,,,,,,
,94191164,07/03/2023 17:36,07/03/2023 18:20,XAUUSD,Sell,0.250,0.00000,0.00000,1926.64000,1927.52000,0.0000,0.0000,-88.0,-22.00,-0.04,"to #94198234",0,00:00:44:26,,,,,,,,,,,,
,94193976,07/03/2023 17:57,07/03/2023 18:20,XAUUSD,Sell,0.300,0.00000,0.00000,1929.61000,1927.62000,0.0000,0.0000,199.0,59.70,0.12,"to #94198231",0,00:00:23:47,,,,,,,,,,,,
,94191487,07/03/2023 17:40,07/03/2023 18:12,XAUUSD,Sell,0.500,0.00000,0.00000,1927.43000,1927.05000,0.0000,0.0000,38.0,19.00,0.04,"",0,00:00:31:54,,,,,,,,,,,,
,94196094,07/03/2023 18:02,07/03/2023 18:12,XAUUSD,Sell,0.500,0.00000,0.00000,1929.23000,1927.01000,0.0000,0.0000,222.0,111.00,0.23,"",0,00:00:09:05,,,,,,,,,,,,
,94193224,07/03/2023 17:50,07/03/2023 18:08,XAUUSD,Sell,0.500,0.00000,0.00000,1928.01000,1927.98000,0.0000,0.0000,3.0,1.50,0.00,"",0,00:00:17:51,,,,,,,,,,,,
,94196303,07/03/2023 18:04,07/03/2023 18:08,XAUUSD,Sell,0.500,0.00000,0.00000,1929.63000,1927.87000,0.0000,0.0000,176.0,88.00,0.18,"",0,00:00:03:40,,,,,,,,,,,,
,94192679,07/03/2023 17:45,07/03/2023 17:48,XAUUSD,Sell,0.500,0.00000,0.00000,1928.96000,1927.69000,0.0000,0.0000,127.0,63.50,0.13,"",0,00:00:02:57,,,,,,,,,,,,
,94188111,07/03/2023 16:54,07/03/2023 17:23,XAUUSD,Sell,0.100,0.00000,0.00000,1926.33000,1925.74000,0.0000,0.0000,59.0,5.90,0.01,"from #94188089",0,00:00:29:48,,,,,,,,,,,,
,94188089,07/03/2023 16:54,07/03/2023 17:17,XAUUSD,Sell,0.100,0.00000,0.00000,1926.33000,1925.06000,0.0000,0.0000,127.0,12.70,0.03,"to #94188111",0,00:00:23:00,,,,,,,,,,,,
,94187480,07/03/2023 16:54,07/03/2023 17:16,XAUUSD,Sell,0.300,0.00000,0.00000,1926.33000,1924.93000,0.0000,0.0000,140.0,42.00,0.09,"to #94188089",0,00:00:22:52,,,,,,,,,,,,
,94186701,07/03/2023 16:54,07/03/2023 17:15,XAUUSD,Sell,0.500,0.00000,0.00000,1926.33000,1926.10000,0.0000,0.0000,23.0,11.50,0.02,"to #94187480",0,00:00:21:04,,,,,,,,,,,,
,94176137,07/03/2023 16:54,07/03/2023 17:11,XAUUSD,Sell,0.500,0.00000,0.00000,1926.33000,1925.84000,0.0000,0.0000,49.0,24.50,0.05,"to #94186701",0,00:00:17:25,,,,,,,,,,,,
,94180867,07/03/2023 17:01,07/03/2023 17:10,XAUUSD,Sell,1.000,0.00000,0.00000,1929.84000,1926.86000,0.0000,0.0000,298.0,298.00,0.61,"",0,00:00:09:05,,,,,,,,,,,,
,94176563,06/30/2023 23:27,07/03/2023 17:01,XAUUSD,Buy,0.100,1924.00000,0.00000,1918.62000,1929.94000,0.0000,-1.3300,1132.0,111.87,0.23,"from #94174775",0,02:17:34:39,81.4,2d 5h ,929.0,0.69,1132.0,113.2,-786.0,-78.60000000000001,59.0,100.0,0.00,0.00
,94174775,06/30/2023 23:27,07/03/2023 16:54,XAUUSD,Buy,0.200,1924.00000,0.00000,1918.62000,1926.21000,0.0000,-2.6600,759.0,149.14,0.31,"to #94176563",0,02:17:27:38,81.3,2d 5h ,929.0,1.04,759.0,151.8,-786.0,-157.20000000000002,49.1,100.0,0.00,0.00
,94174425,06/30/2023 23:27,07/03/2023 16:48,XAUUSD,Buy,0.200,1921.40000,0.00000,1918.62000,1924.27000,0.0000,-2.6600,565.0,110.34,0.23,"to #94174775",0,02:17:20:56,81.3,2d 5h ,929.0,1.08,731.0,146.20000000000002,-786.0,-157.20000000000002,48.2,89.1,-166.00,-33.20
,94172187,06/30/2023 23:27,07/03/2023 16:46,XAUUSD,Buy,0.500,0.00000,0.00000,1918.62000,1924.49000,0.0000,-6.6500,587.0,286.85,0.60,"to #94174425",0,02:17:19:45,81.3,2d 5h ,929.0,1.08,731.0,365.5,-786.0,-393.0,48.2,90.5,-144.00,-72.00
,94172153,06/30/2023 23:27,07/03/2023 16:35,XAUUSD,Buy,1.000,0.00000,0.00000,1918.62000,1923.28000,0.0000,-13.3000,466.0,452.70,0.95,"to #94172187",0,02:17:08:27,81.3,2d 4h ,929.0,1.64,479.0,479.0,-786.0,-786.0,37.9,99.0,-13.00,-13.00
,94172128,06/30/2023 23:27,07/03/2023 16:35,XAUUSD,Buy,1.000,0.00000,0.00000,1918.62000,1923.86000,0.0000,-13.3000,524.0,510.70,1.09,"to #94172153",0,02:17:08:14,81.3,2d 4h ,929.0,1.50,524.0,524.0,-786.0,-786.0,40.0,100.0,0.00,0.00
,94172097,06/30/2023 23:27,07/03/2023 16:35,XAUUSD,Buy,0.500,0.00000,0.00000,1918.62000,1923.80000,0.0000,-6.6500,518.0,252.35,0.54,"to #94172128",0,02:17:08:00,81.3,2d 4h ,929.0,1.52,518.0,259.0,-786.0,-393.0,39.7,100.0,0.00,0.00
,94054612,06/30/2023 23:27,07/03/2023 16:35,XAUUSD,Buy,1.500,0.00000,0.00000,1918.62000,1923.84000,0.0000,-19.9500,522.0,763.05,1.66,"to #94172097",0,02:17:07:51,81.3,2d 4h ,929.0,1.51,522.0,783.0,-786.0,-1179.0,39.9,100.0,0.00,0.00
,94054613,06/30/2023 23:27,07/03/2023 16:31,XAUUSD,Buy,5.000,0.00000,0.00000,1918.62000,1922.67000,0.0000,-66.5000,405.0,1958.50,4.44,"",0,02:17:04:36,81.3,2d 4h ,929.0,1.64,479.0,2395.0,-786.0,-3930.0,37.9,94.2,-74.00,-370.00
,94054615,06/30/2023 23:27,07/03/2023 16:31,XAUUSD,Buy,5.000,0.00000,0.00000,1918.62000,1922.88000,0.0000,-66.5000,426.0,2063.50,4.91,"",0,02:17:04:19,81.3,2d 4h ,929.0,1.64,479.0,2395.0,-786.0,-3930.0,37.9,95.8,-53.00,-265.00
,94158555,07/03/2023 04:38,07/03/2023 16:31,XAUUSD,Buy,3.000,1919.20000,0.00000,1918.73000,1922.88000,0.0000,0.0000,415.0,1245.00,3.05,"from #94086310",0,00:11:53:39,25.0,2h 58m,929.0,1.70,468.0,1404.0,-797.0,-2391.0,37.0,95.8,-53.00,-159.00
,94165588,07/03/2023 16:08,07/03/2023 16:31,XAUUSD,Buy,1.500,1921.00000,0.00000,1920.16000,1922.91000,0.0000,0.0000,275.0,412.50,1.02,"",0,00:00:22:46,,,,,,,,,,,,
,94086310,07/03/2023 04:38,07/03/2023 15:41,XAUUSD,Buy,4.000,0.00000,0.00000,1918.73000,1919.07000,0.0000,0.0000,34.0,136.00,0.34,"to #94158555",0,00:11:03:46,18.2,2h 0m,929.0,6.04,132.0,528.0,-797.0,-3188.0,14.2,89.5,-98.00,-392.00
,94094180,07/03/2023 09:18,07/03/2023 15:37,XAUUSD,Buy,3.000,0.00000,0.00000,1915.44000,1917.65000,0.0000,0.0000,221.0,663.00,1.68,"",0,00:06:18:36,12.0,45m,490.0,1.10,427.0,1281.0,-468.0,-1404.0,47.7,77.0,-206.00,-618.00
,94111863,07/03/2023 10:45,07/03/2023 15:36,XAUUSD,Buy,2.000,1913.80000,0.00000,1913.44000,1917.06000,0.0000,0.0000,362.0,724.00,1.87,"",0,00:04:50:52,26.4,1h 16m,265.0,0.24,627.0,1254.0,-149.0,-298.0,80.8,65.9,-265.00,-530.00
,94123209,07/03/2023 11:24,07/03/2023 12:37,XAUUSD,Buy,2.000,1911.40000,0.00000,1912.30000,1913.26000,0.0000,0.0000,96.0,192.00,0.50,"",0,00:01:13:27,80.0,58m,133.0,0.14,183.0,366.0,-25.0,-50.0,88.0,58.2,-87.00,-174.00
,94086225,07/03/2023 04:38,07/03/2023 07:29,XAUUSD,Buy,1.000,0.00000,0.00000,1918.73000,1919.54000,0.0000,0.0000,81.0,81.00,0.21,"to #94086310",0,00:02:51:25,18.2,31m,396.0,4.89,81.0,81.0,-396.0,-396.0,17.0,100.0,0.00,0.00
,94079253,07/03/2023 04:38,07/03/2023 07:27,XAUUSD,Buy,2.000,0.00000,0.00000,1918.73000,1919.32000,0.0000,0.0000,59.0,118.00,0.31,"to #94086225",0,00:02:49:15,18.2,30m,396.0,5.21,76.0,152.0,-396.0,-792.0,16.1,96.4,-17.00,-34.00
,94084979,07/03/2023 04:45,07/03/2023 07:27,XAUUSD,Buy,3.000,1912.00000,0.00000,1918.14000,1919.22000,0.0000,0.0000,108.0,324.00,0.85,"from #94079674",0,00:02:42:08,40.0,1h 4m,337.0,2.50,135.0,405.0,-337.0,-1011.0,28.6,94.3,-27.00,-81.00
,94079674,07/03/2023 04:45,07/03/2023 06:55,XAUUSD,Buy,2.000,1912.00000,0.00000,1918.14000,1918.68000,0.0000,0.0000,54.0,108.00,0.28,"to #94084979",0,00:02:10:44,25.0,32m,337.0,6.24,54.0,108.0,-337.0,-674.0,13.8,100.0,0.00,0.00
,94079907,07/03/2023 04:53,07/03/2023 06:51,XAUUSD,Buy,3.000,1911.80000,0.00000,1917.47000,1918.30000,0.0000,0.0000,83.0,249.00,0.66,"",0,00:01:58:26,37.5,44m,270.0,3.21,84.0,252.0,-270.0,-810.0,23.7,99.7,-1.00,-3.00
,94080665,07/03/2023 05:09,07/03/2023 06:44,XAUUSD,Buy,3.000,1911.80000,0.00000,1917.12000,1917.91000,0.0000,0.0000,79.0,237.00,0.63,"",0,00:01:34:32,33.4,31m,235.0,2.98,79.0,237.0,-235.0,-705.0,25.2,100.0,0.00,0.00
,94083179,07/03/2023 06:04,07/03/2023 06:42,XAUUSD,Buy,3.000,1913.80000,0.00000,1915.26000,1917.54000,0.0000,0.0000,228.0,684.00,1.86,"",0,00:00:37:56,,,,,,,,,,,,
,94083311,07/03/2023 06:13,07/03/2023 06:29,XAUUSD,Buy,5.000,1914.00000,0.00000,1915.44000,1916.45000,0.0000,0.0000,101.0,505.00,1.39,"",0,00:00:15:39,,,,,,,,,,,,
,94054623,06/30/2023 23:28,07/03/2023 04:13,XAUUSD,Buy,5.000,1916.20000,0.00000,1918.55000,1916.13000,0.0000,-66.5000,-242.0,-1276.50,-3.40,"[sl]",0,02:04:45:05,95.8,2d 2h ,334.0,2.63,92.0,460.0,-242.0,-1210.0,27.5,0.0,-334.00,-1670.00
,94054668,06/30/2023 23:33,07/03/2023 04:12,XAUUSD,Buy,1.000,1916.50000,0.00000,1918.55000,1916.46000,0.0000,-13.3000,-209.0,-222.30,-0.59,"[sl]",0,02:04:39:26,2.4,1h 15m,301.0,2.27,92.0,92.0,-209.0,-209.0,30.6,0.0,-301.00,-301.00
,94054647,06/30/2023 23:30,07/03/2023 04:00,XAUUSD,Buy,3.000,1916.70000,0.00000,1918.62000,1916.63000,0.0000,-39.9000,-199.0,-636.90,-1.66,"[sl]",0,02:04:30:18,1.5,47m,288.0,2.39,85.0,255.0,-203.0,-609.0,29.5,1.4,-284.00,-852.00
,94061058,07/01/2023 09:56,,,Withdrawal,0.010,0.00000,0.00000,0.00000,0.00000,0.0000,0.0000,0.0,-4000.00,0,"Transfer to 10189649 #21905862",0,00:00:00:00,,,,,,,,,,,,
,94060355,07/01/2023 04:56,,,Deposit,0.010,0.00000,0.00000,0.00000,0.00000,0.0000,0.0000,0.0,5.44,0,"VIP Rebate",0,00:00:00:00,,,,,,,,,,,,
,94060354,07/01/2023 04:56,,,Deposit,0.010,0.00000,0.00000,0.00000,0.00000,0.0000,0.0000,0.0,24.00,0,"Rebate",0,00:00:00:00,,,,,,,,,,,,
,94057192,07/01/2023 03:24,,,Deposit,0.010,0.00000,0.00000,0.00000,0.00000,0.0000,0.0000,0.0,4.98,0,"IR #96",0,00:00:00:00,,,,,,,,,,,,
,94055836,07/01/2023 03:17,,,Deposit,0.010,0.00000,0.00000,0.00000,0.00000,0.0000,0.0000,0.0,1.49,0,"IR #96 VIP",0,00:00:00:00,,,,,,,,,,,,
,94053601,06/30/2023 22:30,06/30/2023 23:25,XAUUSD,Sell,0.500,0.00000,0.00000,1918.46000,1918.38000,0.0000,0.0000,8.0,4.00,0.01,"",0,00:00:55:06,,,,,,,,,,,,
,94054516,06/30/2023 22:27,06/30/2023 23:19,XAUUSD,Sell,0.500,0.00000,0.00000,1918.57000,1918.66000,0.0000,0.0000,-9.0,-4.50,-0.01,"from #94053574",0,00:00:51:48,,,,,,,,,,,,
,94053638,06/30/2023 22:33,06/30/2023 23:19,XAUUSD,Sell,0.500,0.00000,0.00000,1918.98000,1918.66000,0.0000,0.0000,32.0,16.00,0.04,"",0,00:00:45:48,,,,,,,,,,,,
,94053881,06/30/2023 22:46,06/30/2023 23:19,XAUUSD,Sell,0.500,0.00000,0.00000,1919.69000,1918.66000,0.0000,0.0000,103.0,51.50,0.12,"",0,00:00:32:32,,,,,,,,,,,,
,94053878,06/30/2023 22:46,06/30/2023 23:17,XAUUSD,Sell,0.500,0.00000,0.00000,1919.76000,1918.79000,0.0000,0.0000,97.0,48.50,0.11,"",0,00:00:30:34,,,,,,,,,,,,
,94053574,06/30/2023 22:27,06/30/2023 23:17,XAUUSD,Sell,0.500,0.00000,0.00000,1918.57000,1918.79000,0.0000,0.0000,-22.0,-11.00,-0.03,"to #94054516",0,00:00:49:29,,,,,,,,,,,,
,94053784,06/30/2023 22:41,06/30/2023 23:17,XAUUSD,Sell,0.500,0.00000,0.00000,1919.29000,1918.96000,0.0000,0.0000,33.0,16.50,0.04,"",0,00:00:35:36,,,,,,,,,,,,
,94054128,06/30/2023 22:59,06/30/2023 23:17,XAUUSD,Sell,1.000,0.00000,0.00000,1919.90000,1919.03000,0.0000,0.0000,87.0,87.00,0.21,"",0,00:00:17:39,,,,,,,,,,,,
,94053571,06/30/2023 20:56,06/30/2023 22:30,XAUUSD,Buy,0.500,0.00000,0.00000,1918.68000,1918.64000,0.0000,0.0000,-4.0,-2.00,0.00,"from #94053568",0,00:01:34:14,71.5,1h 7m,0.0,1.00,0.0,0.0,0.0,0.0,0,0,-4.00,-2.00
,94053568,06/30/2023 20:56,06/30/2023 22:27,XAUUSD,Buy,0.500,0.00000,0.00000,1918.68000,1918.57000,0.0000,0.0000,-11.0,-5.50,-0.01,"to #94053571",0,00:01:31:31,66.7,1h 1m,0.0,1.00,0.0,0.0,0.0,0.0,0,0,-11.00,-5.50
,94051181,06/30/2023 20:56,06/30/2023 22:27,XAUUSD,Buy,2.000,0.00000,0.00000,1918.68000,1918.65000,0.0000,0.0000,-3.0,-6.00,-0.01,"to #94053568",0,00:01:31:18,66.7,1h 0m,0.0,1.00,0.0,0.0,0.0,0.0,0,0,-3.00,-6.00
,94051173,06/30/2023 20:56,06/30/2023 22:27,XAUUSD,Buy,5.000,1916.30000,0.00000,1918.54000,1918.63000,0.0000,0.0000,9.0,45.00,0.11,"",0,00:01:31:12,83.4,1h 16m,0.0,1.00,0.0,0.0,0.0,0.0,0,0,9.00,45.00
,94051163,06/30/2023 20:55,06/30/2023 22:27,XAUUSD,Buy,5.000,0.00000,0.00000,1918.47000,1918.63000,0.0000,0.0000,16.0,80.00,0.19,"",0,00:01:31:34,83.4,1h 16m,0.0,1.00,0.0,0.0,0.0,0.0,0,0,16.00,80.00
,94051170,06/30/2023 20:55,06/30/2023 22:25,XAUUSD,Buy,5.000,0.00000,0.00000,1918.57000,1918.80000,0.0000,0.0000,23.0,115.00,0.27,"",0,00:01:29:05,83.4,1h 14m,0.0,1.00,0.0,0.0,0.0,0.0,0,0,23.00,115.00
,94053305,06/30/2023 22:15,06/30/2023 22:24,XAUUSD,Buy,1.500,1917.00000,0.00000,1918.56000,1919.04000,0.0000,0.0000,48.0,72.00,0.17,"",0,00:00:09:32,,,,,,,,,,,,
,94053135,06/30/2023 22:06,06/30/2023 22:24,XAUUSD,Buy,1.500,1916.30000,0.00000,1918.60000,1919.04000,0.0000,0.0000,44.0,66.00,0.16,"",0,00:00:17:52,,,,,,,,,,,,
,94050943,06/30/2023 20:07,06/30/2023 20:52,XAUUSD,Sell,1.000,0.00000,0.00000,1920.65000,1918.32000,0.0000,0.0000,233.0,233.00,0.56,"from #94048405",0,00:00:45:24,,,,,,,,,,,,
,94048405,06/30/2023 20:07,06/30/2023 20:47,XAUUSD,Sell,1.000,0.00000,0.00000,1920.65000,1918.51000,0.0000,0.0000,214.0,214.00,0.52,"to #94050943",0,00:00:40:21,,,,,,,,,,,,
,94049730,06/30/2023 20:23,06/30/2023 20:37,XAUUSD,Sell,2.000,0.00000,0.00000,1922.19000,1919.55000,0.0000,0.0000,264.0,528.00,1.29,"",0,00:00:13:57,,,,,,,,,,,,
,94049656,06/30/2023 20:22,06/30/2023 20:35,XAUUSD,Sell,2.000,0.00000,0.00000,1922.53000,1920.19000,0.0000,0.0000,234.0,468.00,1.16,"",0,00:00:13:35,,,,,,,,,,,,
,94049247,06/30/2023 20:15,06/30/2023 20:35,XAUUSD,Sell,2.000,0.00000,0.00000,1921.68000,1920.27000,0.0000,0.0000,141.0,282.00,0.70,"",0,00:00:20:32,,,,,,,,,,,,
,93947849,06/30/2023 07:14,06/30/2023 19:46,XAUUSD,Buy,5.000,1903.00000,0.00000,1908.39000,1918.71000,0.0000,0.0000,1032.0,5160.00,14.76,"",0,00:12:31:59,43.2,5h 24m,751.0,0.60,1164.0,5820.0,-695.0,-3475.0,62.6,92.9,-132.00,-660.00
,93947845,06/30/2023 07:14,06/30/2023 19:27,XAUUSD,Buy,5.000,0.00000,0.00000,1908.33000,1917.87000,0.0000,0.0000,954.0,4770.00,15.80,"",0,00:12:12:50,40.9,4h 59m,751.0,0.65,1068.0,5340.0,-689.0,-3445.0,60.8,93.5,-114.00,-570.00
,94003852,06/30/2023 07:15,06/30/2023 19:27,XAUUSD,Buy,2.000,1904.00000,0.00000,1908.49000,1917.85000,0.0000,0.0000,936.0,1872.00,6.61,"from #93947935",0,00:12:11:24,39.6,4h 49m,751.0,0.67,1052.0,2104.0,-705.0,-1410.0,59.9,93.4,-116.00,-232.00
,93947844,06/30/2023 07:14,06/30/2023 19:27,XAUUSD,Buy,5.000,0.00000,0.00000,1908.38000,1918.10000,0.0000,0.0000,972.0,4860.00,20.72,"",0,00:12:12:50,40.9,4h 59m,751.0,0.65,1063.0,5315.0,-694.0,-3470.0,60.5,94.8,-91.00,-455.00
,93947935,06/30/2023 07:15,06/30/2023 15:30,XAUUSD,Buy,1.000,1904.00000,0.00000,1908.49000,1909.23000,0.0000,0.0000,74.0,74.00,0.32,"to #94003852",0,00:08:15:18,12.2,1h 0m,751.0,1.83,386.0,386.0,-705.0,-705.0,35.4,71.4,-312.00,-312.00
,93948613,06/30/2023 07:42,06/30/2023 15:27,XAUUSD,Buy,2.000,0.00000,0.00000,1907.59000,1907.04000,0.0000,0.0000,-55.0,-110.00,-0.47,"",0,00:07:44:15,9.7,45m,751.0,4.52,136.0,272.0,-615.0,-1230.0,18.1,74.6,-191.00,-382.00
,93974982,06/30/2023 11:39,06/30/2023 15:16,XAUUSD,Buy,2.000,1904.00000,0.00000,1901.47000,1906.45000,0.0000,0.0000,498.0,996.00,4.43,"",0,00:03:36:43,100.0,3h 36m,147.0,0.00,550.0,1100.0,0.0,0.0,100.0,90.5,-52.00,-104.00
,93974968,06/30/2023 11:39,,,Deposit,0.010,0.00000,0.00000,0.00000,0.00000,0.0000,0.0000,0.0,3000.15,0,"Transfer from 22664098 21892224",0,00:00:00:00,,,,,,,,,,,,
,93972710,06/30/2023 11:27,,,Deposit,0.010,0.00000,0.00000,0.00000,0.00000,0.0000,0.0000,0.0,2000.00,0,"Share Bonus 50% - #93972709",0,00:00:00:00,,,,,,,,,,,,
,93972709,06/30/2023 11:27,,,Deposit,0.010,0.00000,0.00000,0.00000,0.00000,0.0000,0.0000,0.0,4000.00,0,"Deposit WALLETO USD 21891963",0,00:00:00:00,,,,,,,,,,,,
,93948496,06/30/2023 07:39,,,Deposit,0.010,0.00000,0.00000,0.00000,0.00000,0.0000,0.0000,0.0,1500.00,0,"Deposit WALLETO USD 21889139",0,00:00:00:00,,,,,,,,,,,,
,93947831,06/30/2023 07:13,,,Deposit,0.010,0.00000,0.00000,0.00000,0.00000,0.0000,0.0000,0.0,1000.00,0,"Share Bonus 50% - #93947830",0,00:00:00:00,,,,,,,,,,,,
,93947830,06/30/2023 07:13,,,Deposit,0.010,0.00000,0.00000,0.00000,0.00000,0.0000,0.0000,0.0,2000.00,0,"Deposit WALLETO USD 21888991",0,00:00:00:00,,,,,,,,,,,,
,93947687,06/30/2023 07:03,,,Deposit,0.010,0.00000,0.00000,0.00000,0.00000,0.0000,0.0000,0.0,1000.00,0,"Share Bonus 50% - #93947686",0,00:00:00:00,,,,,,,,,,,,
,93947686,06/30/2023 07:03,,,Deposit,0.010,0.00000,0.00000,0.00000,0.00000,0.0000,0.0000,0.0,2000.00,0,"Deposit WALLETO USD 21888952",0,00:00:00:00,,,,,,,,,,,,
,93947334,06/30/2023 06:59,,,Deposit,0.010,0.00000,0.00000,0.00000,0.00000,0.0000,0.0000,0.0,1000.00,0,"Share Bonus 50% - #93947333",0,00:00:00:00,,,,,,,,,,,,
,93947333,06/30/2023 06:59,,,Deposit,0.010,0.00000,0.00000,0.00000,0.00000,0.0000,0.0000,0.0,2000.00,0,"Deposit WALLETO USD 21888940",0,00:00:00:00,,,,,,,,,,,,
,93947316,06/30/2023 06:57,,,Deposit,0.010,0.00000,0.00000,0.00000,0.00000,0.0000,0.0000,0.0,1000.00,0,"Share Bonus 50% - #93947315",0,00:00:00:00,,,,,,,,,,,,
,93947315,06/30/2023 06:57,,,Deposit,0.000,0.00000,0.00000,0.00000,0.00000,0.0000,0.0000,0.0,2000.00,0,"Deposit WALLETO USD 21888931",0,00:00:00:00,,,,,,,,,,,,

