Tags,Ticket,Open Date,Close Date,Symbol,Action,Units/Lots,SL,TP,Open Price,Close Price,Commission,Swap,Pips,Profit,Gain,Comment,Magic Number,Duration (DD:HH:MM:SS),Profitable(%),Profitable(time duration),Drawdown,Risk:Reward,Max(pips),Max(USD),Min(pips),Min(USD),Entry Accuracy(%),Exit Accuracy(%),ProfitMissed(pips),ProfitMissed(USD)
,88782313,12/01/2020 19:53,,,Withdrawal,0.010,0.00000,0.00000,0.00000,0.00000,0.0000,0.0000,0.0,-62.29,0,"Transfer to 10189649 #9793396",0,00:00:00:00,,,,,,,,,,,,
,88742621,12/01/2020 12:35,12/01/2020 13:02,XAUUSD,Sell,1.000,0.00000,0.00000,1796.26000,1800.95000,0.0000,0.0000,-469.0,-469.00,-88.28,"[stopout]",0,00:00:26:41,0.0,0s,469.0,476.19,0.0,0.0,-469.0,-469.0,0.0,0.0,-469.00,-469.00
,88742617,12/01/2020 12:35,,,Deposit,0.010,0.00000,0.00000,0.00000,0.00000,0.0000,0.0000,0.0,501.24,0,"Transfer from 10189649 #9784301",0,00:00:00:00,,,,,,,,,,,,
,88718142,12/01/2020 04:15,,,Deposit,0.010,0.00000,0.00000,0.00000,0.00000,0.0000,0.0000,0.0,26.59,0,"Rebate",0,00:00:00:00,,,,,,,,,,,,
,88715632,12/01/2020 02:36,,,Deposit,0.010,0.00000,0.00000,0.00000,0.00000,0.0000,0.0000,0.0,1.81,0,"IR #65",0,00:00:00:00,,,,,,,,,,,,
,88715016,12/01/2020 02:32,,,Deposit,0.010,0.00000,0.00000,0.00000,0.00000,0.0000,0.0000,0.0,0.35,0,"IR #65 VIP",0,00:00:00:00,,,,,,,,,,,,
,88505350,11/25/2020 15:44,11/26/2020 09:50,XAUUSD,Sell,0.010,0.00000,0.00000,1814.06000,1818.20000,0.0000,0.1000,-414.0,-4.04,-75.66,"[stopout]",0,00:18:05:44,95.0,17h 11m,1316.0,0.46,902.0,9.02,-414.0,-4.14,68.5,0.0,-1316.00,-13.16
,88505349,11/25/2020 15:44,11/26/2020 09:50,XAUUSD,Sell,0.010,0.00000,0.00000,1814.06000,1818.20000,0.0000,0.1000,-414.0,-4.04,-43.07,"[stopout]",0,00:18:05:48,95.0,17h 11m,1316.0,0.46,902.0,9.02,-414.0,-4.14,68.5,0.0,-1316.00,-13.16
,88495320,11/25/2020 13:47,11/25/2020 13:53,XAUUSD,Sell,0.030,0.00000,0.00000,1810.11000,1813.67000,0.0000,0.0000,-356.0,-10.68,-53.24,"[stopout]",0,00:00:06:00,16.7,1m,380.0,24.39,15.0,0.44999999999999996,-365.0,-10.95,3.9,2.4,-371.00,-11.13
,88494324,11/25/2020 13:38,11/25/2020 13:53,XAUUSD,Sell,0.030,0.00000,0.00000,1810.53000,1813.67000,0.0000,0.0000,-314.0,-9.42,-31.95,"[stopout]",0,00:00:15:27,26.7,4m,380.0,5.67,57.0,1.71,-323.0,-9.69,15.0,2.4,-371.00,-11.13
,88494318,11/25/2020 13:38,11/25/2020 13:53,XAUUSD,Sell,0.050,0.00000,0.00000,1810.57000,1813.67000,0.0000,0.0000,-310.0,-15.50,-34.46,"[stopout]",0,00:00:15:32,26.7,4m,380.0,5.23,61.0,3.0500000000000003,-319.0,-15.950000000000001,16.1,2.4,-371.00,-18.55
,88494310,11/25/2020 13:37,11/25/2020 13:53,XAUUSD,Sell,0.100,0.00000,0.00000,1810.71000,1813.67000,0.0000,0.0000,-296.0,-29.60,-39.69,"[stopout]",0,00:00:15:39,25.0,3m,380.0,4.07,75.0,7.5,-305.0,-30.5,19.7,2.4,-371.00,-37.10
,88492046,11/25/2020 13:09,11/25/2020 13:37,XAUUSD,Sell,0.100,0.00000,0.00000,1807.28000,1811.35000,0.0000,0.0000,-407.0,-40.70,-35.31,"[stopout]",0,00:00:28:23,0.0,0s,407.0,416.67,0.0,0.0,-407.0,-40.7,0.0,0.0,-407.00,-40.70
,88492016,11/25/2020 13:08,11/25/2020 13:37,XAUUSD,Sell,0.100,0.00000,0.00000,1806.99000,1811.35000,0.0000,0.0000,-436.0,-43.60,-27.44,"[stopout]",0,00:00:28:54,3.5,1m,471.0,12.47,35.0,3.5,-436.0,-43.6,7.4,0.0,-471.00,-47.10
,88491998,11/25/2020 13:08,11/25/2020 13:37,XAUUSD,Sell,0.050,0.00000,0.00000,1806.63000,1811.35000,0.0000,0.0000,-472.0,-23.60,-12.93,"[stopout]",0,00:00:29:14,0.0,0s,472.0,476.19,0.0,0.0,-472.0,-23.6,0.0,0.0,-472.00,-23.60
,88491972,11/25/2020 13:08,11/25/2020 13:37,XAUUSD,Sell,0.050,0.00000,0.00000,1806.54000,1811.35000,0.0000,0.0000,-481.0,-24.05,-11.64,"[stopout]",0,00:00:29:30,0.0,0s,481.0,500.00,0.0,0.0,-481.0,-24.05,0.0,0.0,-481.00,-24.05
,88488054,11/25/2020 12:25,11/25/2020 13:37,XAUUSD,Sell,0.050,0.00000,0.00000,1809.33000,1811.35000,0.0000,0.0000,-202.0,-10.10,-4.66,"[stopout]",0,00:01:12:00,51.4,37m,474.0,0.74,272.0,13.600000000000001,-202.0,-10.100000000000001,57.4,0.0,-474.00,-23.70
,88487986,11/25/2020 12:24,11/25/2020 13:37,XAUUSD,Sell,0.050,0.00000,0.00000,1809.88000,1811.35000,0.0000,0.0000,-147.0,-7.35,-3.28,"[stopout]",0,00:01:12:39,78.1,56m,474.0,0.45,327.0,16.35,-147.0,-7.3500000000000005,69.0,0.0,-474.00,-23.70
,88487304,11/25/2020 12:15,11/25/2020 13:37,XAUUSD,Sell,0.050,0.00000,0.00000,1810.53000,1811.35000,0.0000,0.0000,-82.0,-4.10,-1.80,"[stopout]",0,00:01:21:36,85.4,1h 9m,474.0,0.21,392.0,19.6,-82.0,-4.1000000000000005,82.7,0.0,-474.00,-23.70
,88487302,11/25/2020 12:15,11/25/2020 13:37,XAUUSD,Sell,0.020,0.00000,0.00000,1810.53000,1811.35000,0.0000,0.0000,-82.0,-1.64,-0.71,"[stopout]",0,00:01:21:41,85.4,1h 9m,474.0,0.21,392.0,7.84,-82.0,-1.6400000000000001,82.7,0.0,-474.00,-9.48
,88487298,11/25/2020 12:15,11/25/2020 13:37,XAUUSD,Sell,0.020,0.00000,0.00000,1810.55000,1811.35000,0.0000,0.0000,-80.0,-1.60,-0.69,"[stopout]",0,00:01:21:46,85.4,1h 9m,474.0,0.20,394.0,7.88,-80.0,-1.6,83.1,0.0,-474.00,-9.48
,88487297,11/25/2020 12:15,11/25/2020 13:37,XAUUSD,Sell,0.020,0.00000,0.00000,1810.53000,1811.35000,0.0000,0.0000,-82.0,-1.64,-0.70,"[stopout]",0,00:01:21:50,85.4,1h 9m,474.0,0.21,392.0,7.84,-82.0,-1.6400000000000001,82.7,0.0,-474.00,-9.48
,88487293,11/25/2020 12:15,11/25/2020 13:37,XAUUSD,Sell,0.020,0.00000,0.00000,1810.70000,1811.35000,0.0000,0.0000,-65.0,-1.30,-0.55,"[stopout]",0,00:01:21:54,87.9,1h 11m,474.0,0.16,409.0,8.18,-65.0,-1.3,86.3,0.0,-474.00,-9.48
,88487280,11/25/2020 12:15,11/25/2020 13:37,XAUUSD,Sell,0.020,0.00000,0.00000,1810.90000,1811.35000,0.0000,0.0000,-45.0,-0.90,-0.38,"[stopout]",0,00:01:22:16,94.0,1h 17m,474.0,0.10,429.0,8.58,-45.0,-0.9,90.5,0.0,-474.00,-9.48
,88487102,11/25/2020 12:12,11/25/2020 13:37,XAUUSD,Sell,0.020,0.00000,0.00000,1811.38000,1811.35000,0.0000,0.0000,3.0,0.06,0.03,"[stopout]",0,00:01:25:03,100.0,1h 25m,474.0,0.00,477.0,9.540000000000001,0.0,0.0,100.0,0.6,-474.00,-9.48
,88486813,11/25/2020 12:08,11/25/2020 13:37,XAUUSD,Sell,0.020,0.00000,0.00000,1811.49000,1811.35000,0.0000,0.0000,14.0,0.28,0.12,"[stopout]",0,00:01:29:28,97.8,1h 27m,474.0,0.09,488.0,9.76,-45.0,-0.9,91.6,11.1,-474.00,-9.48
,88486797,11/25/2020 12:07,11/25/2020 13:37,XAUUSD,Sell,0.020,0.00000,0.00000,1811.80000,1811.35000,0.0000,0.0000,45.0,0.90,0.38,"[stopout]",0,00:01:29:38,96.7,1h 26m,474.0,0.03,519.0,10.38,-14.0,-0.28,97.4,11.1,-474.00,-9.48
,88486610,11/25/2020 12:05,11/25/2020 13:37,XAUUSD,Sell,0.020,0.00000,0.00000,1811.91000,1811.35000,0.0000,0.0000,56.0,1.12,0.48,"[stopout]",0,00:01:31:38,96.8,1h 28m,474.0,0.08,530.0,10.6,-44.0,-0.88,92.3,17.4,-474.00,-9.48
,88486604,11/25/2020 12:05,11/25/2020 13:37,XAUUSD,Sell,0.020,0.00000,0.00000,1811.87000,1811.35000,0.0000,0.0000,52.0,1.04,0.45,"[stopout]",0,00:01:31:43,96.8,1h 28m,474.0,0.09,526.0,10.52,-48.0,-0.96,91.6,17.4,-474.00,-9.48
,88486593,11/25/2020 12:05,11/25/2020 13:37,XAUUSD,Sell,0.020,0.00000,0.00000,1812.35000,1811.35000,0.0000,0.0000,100.0,2.00,0.87,"[stopout]",0,00:01:31:58,99.0,1h 31m,474.0,0.00,574.0,11.48,0.0,0.0,100.0,17.4,-474.00,-9.48
,88486587,11/25/2020 12:05,11/25/2020 13:37,XAUUSD,Sell,0.020,0.00000,0.00000,1812.35000,1811.35000,0.0000,0.0000,100.0,2.00,0.88,"[stopout]",0,00:01:32:05,99.0,1h 31m,474.0,0.00,574.0,11.48,0.0,0.0,100.0,17.4,-474.00,-9.48
,88486513,11/25/2020 12:04,11/25/2020 13:37,XAUUSD,Sell,0.020,0.00000,0.00000,1812.56000,1811.35000,0.0000,0.0000,121.0,2.42,1.07,"[stopout]",0,00:01:33:04,100.0,1h 33m,474.0,0.00,595.0,11.9,0.0,0.0,100.0,20.3,-474.00,-9.48
,88486446,11/25/2020 12:03,11/25/2020 13:37,XAUUSD,Sell,0.020,0.00000,0.00000,1812.72000,1811.35000,0.0000,0.0000,137.0,2.74,1.23,"[stopout]",0,00:01:34:29,100.0,1h 34m,474.0,0.00,611.0,12.22,0.0,0.0,100.0,22.4,-474.00,-9.48
,88486394,11/25/2020 12:02,11/25/2020 13:37,XAUUSD,Sell,0.020,0.00000,0.00000,1812.98000,1811.35000,0.0000,0.0000,163.0,3.26,1.49,"[stopout]",0,00:01:34:56,100.0,1h 34m,474.0,0.00,637.0,12.74,0.0,0.0,100.0,25.6,-474.00,-9.48
,88486217,11/25/2020 12:00,11/25/2020 13:37,XAUUSD,Sell,0.080,0.00000,0.00000,1813.20000,1811.35000,0.0000,0.0000,185.0,14.80,7.24,"[stopout]",0,00:01:37:08,100.0,1h 37m,474.0,0.00,659.0,52.72,0.0,0.0,100.0,28.1,-474.00,-37.92
,88485474,11/25/2020 11:55,11/25/2020 13:37,XAUUSD,Sell,0.030,0.00000,0.00000,1812.84000,1811.35000,0.0000,0.0000,149.0,4.47,2.23,"[stopout]",0,00:01:42:09,94.2,1h 36m,474.0,0.09,623.0,18.689999999999998,-56.0,-1.68,91.8,30.2,-474.00,-14.22
,88485036,11/25/2020 11:50,11/25/2020 13:37,XAUUSD,Sell,0.030,0.00000,0.00000,1811.62000,1811.35000,0.0000,0.0000,27.0,0.81,0.41,"[stopout]",0,00:01:46:47,81.4,1h 26m,474.0,0.36,501.0,15.03,-178.0,-5.34,73.8,30.2,-474.00,-14.22
,88485022,11/25/2020 11:50,11/25/2020 13:37,XAUUSD,Sell,0.030,0.00000,0.00000,1812.01000,1811.35000,0.0000,0.0000,66.0,1.98,1.00,"[stopout]",0,00:01:46:56,86.0,1h 31m,474.0,0.26,540.0,16.2,-139.0,-4.17,79.5,30.2,-474.00,-14.22
,88484779,11/25/2020 11:48,11/25/2020 13:37,XAUUSD,Sell,0.020,0.00000,0.00000,1812.76000,1811.35000,0.0000,0.0000,141.0,2.82,1.45,"[stopout]",0,00:01:49:12,89.0,1h 37m,474.0,0.10,615.0,12.3,-64.0,-1.28,90.6,30.2,-474.00,-9.48
,88484667,11/25/2020 11:46,11/25/2020 13:37,XAUUSD,Sell,0.010,0.00000,0.00000,1812.74000,1811.35000,0.0000,0.0000,139.0,1.39,0.72,"[stopout]",0,00:01:50:45,89.2,1h 38m,474.0,0.11,613.0,6.13,-66.0,-0.66,90.3,30.2,-474.00,-4.74
,88484638,11/25/2020 11:46,11/25/2020 13:37,XAUUSD,Sell,0.010,0.00000,0.00000,1812.82000,1811.35000,0.0000,0.0000,147.0,1.47,0.77,"[stopout]",0,00:01:51:02,90.1,1h 40m,474.0,0.09,621.0,6.21,-58.0,-0.58,91.5,30.2,-474.00,-4.74
,88484632,11/25/2020 11:46,11/25/2020 13:37,XAUUSD,Sell,0.030,0.00000,0.00000,1812.89000,1811.35000,0.0000,0.0000,154.0,4.62,2.47,"[stopout]",0,00:01:51:08,91.0,1h 41m,474.0,0.08,628.0,18.84,-51.0,-1.53,92.5,30.2,-474.00,-14.22
,88484478,11/25/2020 11:45,11/25/2020 13:37,XAUUSD,Sell,0.010,0.00000,0.00000,1813.31000,1811.35000,0.0000,0.0000,196.0,1.96,1.06,"[stopout]",0,00:01:52:14,97.4,1h 49m,474.0,0.01,670.0,6.7,-9.0,-0.09,98.7,30.2,-474.00,-4.74
,88484286,11/25/2020 11:43,11/25/2020 13:37,XAUUSD,Sell,0.030,0.00000,0.00000,1813.90000,1811.35000,0.0000,0.0000,255.0,7.65,4.31,"[stopout]",0,00:01:54:17,100.0,1h 54m,474.0,0.00,729.0,21.869999999999997,0.0,0.0,100.0,35.0,-474.00,-14.22
,88484471,11/25/2020 11:45,11/25/2020 13:37,XAUUSD,Sell,0.050,0.00000,0.00000,1813.41000,1811.18000,0.0000,0.0000,223.0,11.15,6.71,"",0,00:01:52:18,100.0,1h 52m,457.0,0.00,680.0,34.0,0.0,0.0,100.0,32.8,-457.00,-22.85
,88484001,11/25/2020 11:40,11/25/2020 13:37,XAUUSD,Sell,0.030,0.00000,0.00000,1813.77000,1811.13000,0.0000,0.0000,264.0,7.92,5.00,"",0,00:01:56:38,98.3,1h 54m,452.0,0.03,716.0,21.48,-24.0,-0.72,96.8,38.9,-452.00,-13.56
,88484036,11/25/2020 11:40,11/25/2020 13:37,XAUUSD,Sell,0.010,0.00000,0.00000,1813.47000,1810.99000,0.0000,0.0000,248.0,2.48,1.59,"",0,00:01:56:27,96.6,1h 52m,438.0,0.08,686.0,6.86,-54.0,-0.54,92.7,40.8,-438.00,-4.38
,88486135,11/25/2020 12:00,,,Deposit,0.010,0.00000,0.00000,0.00000,0.00000,0.0000,0.0000,0.0,11.96,0,"Transfer from 34020312 #9721882",0,00:00:00:00,,,,,,,,,,,,
,88485797,11/25/2020 11:58,,,Deposit,0.010,0.00000,0.00000,0.00000,0.00000,0.0000,0.0000,0.0,16.86,0,"Transfer from 21052198 #9721862",0,00:00:00:00,,,,,,,,,,,,
,88485601,11/25/2020 11:56,,,Deposit,0.010,0.00000,0.00000,0.00000,0.00000,0.0000,0.0000,0.0,14.90,0,"Transfer from 21047906 #9721845",0,00:00:00:00,,,,,,,,,,,,
,88485469,11/25/2020 11:55,,,Deposit,0.010,0.00000,0.00000,0.00000,0.00000,0.0000,0.0000,0.0,15.41,0,"Transfer from 21068690 #9721834",0,00:00:00:00,,,,,,,,,,,,
,88485332,11/25/2020 11:53,,,Deposit,0.010,0.00000,0.00000,0.00000,0.00000,0.0000,0.0000,0.0,12.86,0,"Transfer from 21047900 #9721818",0,00:00:00:00,,,,,,,,,,,,
,88485181,11/25/2020 11:52,,,Deposit,0.010,0.00000,0.00000,0.00000,0.00000,0.0000,0.0000,0.0,14.03,0,"Transfer from 21047278 #9721806",0,00:00:00:00,,,,,,,,,,,,
,88484767,11/25/2020 11:48,,,Deposit,0.010,0.00000,0.00000,0.00000,0.00000,0.0000,0.0000,0.0,10.47,0,"Transfer from 22100892 #9721758",0,00:00:00:00,,,,,,,,,,,,
,88484624,11/25/2020 11:46,,,Deposit,0.010,0.00000,0.00000,0.00000,0.00000,0.0000,0.0000,0.0,11.04,0,"Transfer from 22151046 #9721736",0,00:00:00:00,,,,,,,,,,,,
,88484451,11/25/2020 11:45,,,Deposit,0.010,0.00000,0.00000,0.00000,0.00000,0.0000,0.0000,0.0,15.98,0,"Transfer from 36278 #9721721",0,00:00:00:00,,,,,,,,,,,,
,88484277,11/25/2020 11:43,,,Deposit,0.010,0.00000,0.00000,0.00000,0.00000,0.0000,0.0000,0.0,16.90,0,"Transfer from 21047945 #9721694",0,00:00:00:00,,,,,,,,,,,,
,88480780,11/25/2020 11:03,11/25/2020 11:40,XAUUSD,Sell,0.250,0.00000,0.00000,1810.91000,1814.04000,0.0000,0.0000,-313.0,-78.25,-83.55,"[stopout]",0,00:00:36:30,2.8,1m,332.0,16.47,19.0,4.75,-313.0,-78.25,5.7,0.0,-332.00,-83.00
,88480720,11/25/2020 11:02,,,Deposit,0.010,0.00000,0.00000,0.00000,0.00000,0.0000,0.0000,0.0,90.26,0,"Transfer from 3082005 #9721151",0,00:00:00:00,,,,,,,,,,,,
,87812762,11/12/2020 10:11,11/12/2020 10:17,XAUUSD,Buy,0.010,0.00000,0.00000,1869.72000,1865.63000,0.0000,0.0000,-409.0,-4.09,-54.61,"[stopout]",0,00:00:05:58,0.0,0s,409.0,416.67,0.0,0.0,-409.0,-4.09,0.0,0.0,-409.00,-4.09
,87810086,11/12/2020 09:52,11/12/2020 10:17,XAUUSD,Buy,0.050,0.00000,0.00000,1868.25000,1865.63000,0.0000,0.0000,-262.0,-13.10,-63.62,"[stopout]",0,00:00:25:02,68.0,17m,437.0,1.50,175.0,8.75,-262.0,-13.100000000000001,40.0,0.0,-437.00,-21.85
,87808852,11/12/2020 09:39,11/12/2020 09:52,XAUUSD,Buy,0.050,0.00000,0.00000,1871.42000,1867.39000,0.0000,0.0000,-403.0,-20.15,-49.46,"[stopout]",0,00:00:12:37,0.0,0s,403.0,416.67,0.0,0.0,-403.0,-20.150000000000002,0.0,0.0,-403.00,-20.15
,87808669,11/12/2020 09:36,11/12/2020 09:52,XAUUSD,Buy,0.080,0.00000,0.00000,1870.50000,1867.39000,0.0000,0.0000,-311.0,-24.88,-37.92,"[stopout]",0,00:00:16:13,43.8,7m,434.0,2.53,123.0,9.84,-311.0,-24.88,28.3,0.0,-434.00,-34.72
,87808667,11/12/2020 09:36,11/12/2020 09:52,XAUUSD,Buy,0.080,0.00000,0.00000,1870.55000,1867.39000,0.0000,0.0000,-316.0,-25.28,-27.81,"[stopout]",0,00:00:16:16,43.8,7m,434.0,2.68,118.0,9.44,-316.0,-25.28,27.2,0.0,-434.00,-34.72
,87808665,11/12/2020 09:36,11/12/2020 09:52,XAUUSD,Buy,0.080,0.00000,0.00000,1870.56000,1867.39000,0.0000,0.0000,-317.0,-25.36,-21.81,"[stopout]",0,00:00:16:20,43.8,7m,434.0,2.71,117.0,9.36,-317.0,-25.36,27.0,0.0,-434.00,-34.72
,87799942,11/12/2020 05:33,11/12/2020 06:16,XAUUSD,Sell,0.050,0.00000,0.00000,1870.47000,1870.03000,0.0000,0.0000,44.0,2.20,1.93,"",0,00:00:43:02,55.9,24m,158.0,0.72,92.0,4.6000000000000005,-66.0,-3.3000000000000003,58.2,69.6,-48.00,-2.40
,87799939,11/12/2020 05:33,11/12/2020 06:16,XAUUSD,Sell,0.050,0.00000,0.00000,1870.52000,1870.00000,0.0000,0.0000,52.0,2.60,2.33,"",0,00:00:43:01,62.8,27m,158.0,0.63,97.0,4.8500000000000005,-61.0,-3.0500000000000003,61.4,71.5,-45.00,-2.25
,87799938,11/12/2020 05:33,11/12/2020 06:14,XAUUSD,Sell,0.150,0.00000,0.00000,1870.57000,1870.29000,0.0000,0.0000,28.0,4.20,3.92,"",0,00:00:40:31,65.9,26m,158.0,0.55,102.0,15.299999999999999,-56.0,-8.4,64.6,53.2,-74.00,-11.10
,87788774,11/11/2020 20:54,11/12/2020 05:19,XAUUSD,Buy,0.020,0.00000,0.00000,1865.01000,1871.35000,0.0000,-0.8600,634.0,11.82,12.38,"",0,00:08:24:51,58.5,4h 55m,492.0,0.32,718.0,14.36,-230.0,-4.6000000000000005,75.7,91.1,-84.00,-1.68
,87785322,11/11/2020 19:22,11/12/2020 05:19,XAUUSD,Buy,0.030,0.00000,0.00000,1861.55000,1871.42000,0.0000,-1.2900,987.0,28.32,42.19,"",0,00:09:56:24,99.9,9h 55m,492.0,0.04,1064.0,31.919999999999998,-42.0,-1.26,96.2,93.0,-77.00,-2.31
,87785315,11/11/2020 19:22,11/12/2020 05:18,XAUUSD,Buy,0.020,0.00000,0.00000,1861.56000,1871.51000,0.0000,-0.8600,995.0,19.04,39.60,"",0,00:09:56:24,99.7,9h 54m,492.0,0.04,1063.0,21.26,-43.0,-0.86,96.1,93.9,-68.00,-1.36
,87785314,11/11/2020 19:22,11/12/2020 05:18,XAUUSD,Buy,0.020,0.00000,0.00000,1861.44000,1871.38000,0.0000,-0.8600,994.0,19.02,65.45,"",0,00:09:56:27,99.9,9h 55m,492.0,0.03,1075.0,21.5,-31.0,-0.62,97.2,92.7,-81.00,-1.62
,87784949,11/11/2020 19:11,11/11/2020 19:22,XAUUSD,Buy,0.020,0.00000,0.00000,1864.36000,1860.98000,0.0000,0.0000,-338.0,-6.76,-18.87,"[stopout]",0,00:00:10:12,0.0,0s,338.0,344.83,0.0,0.0,-338.0,-6.76,0.0,0.0,-338.00,-6.76
,87784947,11/11/2020 19:11,11/11/2020 19:22,XAUUSD,Buy,0.100,0.00000,0.00000,1864.46000,1860.98000,0.0000,0.0000,-348.0,-34.80,-49.28,"[stopout]",0,00:00:10:20,0.0,0s,348.0,357.14,0.0,0.0,-348.0,-34.800000000000004,0.0,0.0,-348.00,-34.80
,87783839,11/11/2020 18:49,11/11/2020 19:22,XAUUSD,Buy,0.020,0.00000,0.00000,1862.92000,1860.98000,0.0000,0.0000,-194.0,-3.88,-5.21,"[stopout]",0,00:00:32:16,69.7,22m,362.0,1.15,168.0,3.36,-194.0,-3.88,46.4,0.0,-362.00,-7.24
,87783834,11/11/2020 18:49,11/11/2020 19:22,XAUUSD,Buy,0.300,0.00000,0.00000,1863.14000,1860.98000,0.0000,0.0000,-216.0,-64.80,-46.52,"[stopout]",0,00:00:32:26,66.7,21m,362.0,1.48,146.0,43.8,-216.0,-64.8,40.3,0.0,-362.00,-108.60
,87783830,11/11/2020 18:49,,,Deposit,0.010,0.00000,0.00000,0.00000,0.00000,0.0000,0.0000,0.0,136.50,0,"Transfer from 10189649 #9592871",0,00:00:00:00,,,,,,,,,,,,
,87606462,11/09/2020 20:36,11/09/2020 20:54,XAUUSD,Sell,0.020,0.00000,0.00000,1856.23000,1860.03000,0.0000,0.0000,-380.0,-7.60,-73.08,"[stopout]",0,00:00:17:44,,,,,,,,,,,,
,87606461,11/09/2020 20:36,11/09/2020 20:54,XAUUSD,Sell,0.020,0.00000,0.00000,1856.23000,1860.03000,0.0000,0.0000,-380.0,-7.60,-42.22,"[stopout]",0,00:00:17:47,,,,,,,,,,,,
,87605190,11/09/2020 20:21,,,Withdrawal,0.010,0.00000,0.00000,0.00000,0.00000,0.0000,0.0000,0.0,-1498.81,0,"Cancellation of #87604659",0,00:00:00:00,,,,,,,,,,,,
,87604865,11/09/2020 20:16,11/09/2020 20:21,XAUUSD,Buy,2.000,0.00000,0.00000,1860.19000,1858.35000,0.0000,0.0000,-184.0,-368.00,-19.52,"[stopout]",0,00:00:04:40,,,,,,,,,,,,
,87604684,11/09/2020 20:15,11/09/2020 20:21,XAUUSD,Buy,2.000,0.00000,0.00000,1861.17000,1858.35000,0.0000,0.0000,-282.0,-564.00,-23.03,"[stopout]",0,00:00:06:29,,,,,,,,,,,,
,87604661,11/09/2020 20:14,11/09/2020 20:21,XAUUSD,Buy,2.000,0.00000,0.00000,1861.11000,1858.35000,0.0000,0.0000,-276.0,-552.00,-18.40,"[stopout]",0,00:00:06:33,,,,,,,,,,,,
,87604659,11/09/2020 20:14,,,Deposit,0.010,0.00000,0.00000,0.00000,0.00000,0.0000,0.0000,0.0,1500.00,0,"Bonus deposit 100% - #87604657",0,00:00:00:00,,,,,,,,,,,,
,87604657,11/09/2020 20:14,,,Deposit,0.010,0.00000,0.00000,0.00000,0.00000,0.0000,0.0000,0.0,1500.00,0,"Deposit CONNECTUM USD #9568151",0,00:00:00:00,,,,,,,,,,,,
,87565450,11/09/2020 15:33,11/09/2020 15:36,XAUUSD,Buy,0.030,0.00000,0.00000,1893.33000,1888.66000,0.0000,0.0000,-467.0,-14.01,-94.53,"[stopout]",0,00:00:02:42,,,,,,,,,,,,
,87564461,11/09/2020 15:29,11/09/2020 15:33,XAUUSD,Buy,0.100,0.00000,0.00000,1895.41000,1891.92000,0.0000,0.0000,-349.0,-34.90,-70.19,"[stopout]",0,00:00:03:42,,,,,,,,,,,,
,87564453,11/09/2020 15:29,11/09/2020 15:33,XAUUSD,Buy,0.100,0.00000,0.00000,1894.97000,1891.92000,0.0000,0.0000,-305.0,-30.50,-38.02,"[stopout]",0,00:00:03:48,,,,,,,,,,,,
,87564045,11/09/2020 15:26,11/09/2020 15:27,XAUUSD,Buy,0.200,0.00000,0.00000,1896.09000,1891.52000,0.0000,0.0000,-457.0,-91.40,-53.26,"[stopout]",0,00:00:00:46,,,,,,,,,,,,
,87564033,11/09/2020 15:26,11/09/2020 15:27,XAUUSD,Buy,0.200,0.00000,0.00000,1896.90000,1891.52000,0.0000,0.0000,-538.0,-107.60,-38.54,"[stopout]",0,00:00:00:54,,,,,,,,,,,,
,87563847,11/09/2020 15:24,11/09/2020 15:27,XAUUSD,Buy,0.200,0.00000,0.00000,1893.71000,1891.52000,0.0000,0.0000,-219.0,-43.80,-13.56,"[stopout]",0,00:00:02:14,,,,,,,,,,,,
,87563814,11/09/2020 15:24,11/09/2020 15:27,XAUUSD,Buy,1.000,0.00000,0.00000,1893.35000,1891.52000,0.0000,0.0000,-183.0,-183.00,-36.16,"[stopout]",0,00:00:02:22,,,,,,,,,,,,
,87563787,11/09/2020 15:24,,,Deposit,0.010,0.00000,0.00000,0.00000,0.00000,0.0000,0.0000,0.0,506.02,0,"Transfer from 21065213 #9562376",0,00:00:00:00,,,,,,,,,,,,
,87560566,11/09/2020 15:10,,,Withdrawal,0.010,0.00000,0.00000,0.00000,0.00000,0.0000,0.0000,0.0,-63.03,0,"Cancellation of #87525425",0,00:00:00:00,,,,,,,,,,,,
,87558822,11/09/2020 15:03,11/09/2020 15:10,XAUUSD,Buy,0.500,0.00000,0.00000,1910.42000,1898.07000,0.0000,0.0000,-1235.0,-617.50,-90.74,"[stopout]",0,00:00:06:51,,,,,,,,,,,,
,87556544,11/09/2020 14:53,11/09/2020 15:10,XAUUSD,Buy,0.500,0.00000,0.00000,1910.52000,1898.07000,0.0000,0.0000,-1245.0,-622.50,-47.77,"[stopout]",0,00:00:16:10,,,,,,,,,,,,
,87553109,11/09/2020 14:39,11/09/2020 15:10,XAUUSD,Buy,0.500,0.00000,0.00000,1913.99000,1898.07000,0.0000,0.0000,-1592.0,-796.00,-37.92,"[stopout]",0,00:00:30:51,0.0,0s,1813.0,2000.00,0.0,0.0,-1813.0,-906.5,0.0,12.2,-1592.00,-796.00
,87554875,11/09/2020 14:46,11/09/2020 14:56,XAUUSD,Buy,0.500,0.00000,0.00000,1910.16000,1911.90000,0.0000,0.0000,174.0,87.00,4.32,"",0,00:00:10:49,,,,,,,,,,,,
,87554474,11/09/2020 14:45,11/09/2020 14:49,XAUUSD,Buy,0.500,0.00000,0.00000,1910.10000,1913.57000,0.0000,0.0000,347.0,173.50,9.44,"",0,00:00:04:07,,,,,,,,,,,,
,87525461,11/09/2020 11:24,11/09/2020 13:44,XAUUSD,Sell,0.500,0.00000,0.00000,1959.57000,1953.91000,0.0000,0.0000,566.0,283.00,18.19,"",0,00:02:20:20,89.3,2h 5m,136.0,0.07,693.0,346.5,-47.0,-23.5,93.6,82.8,-127.00,-63.50
,87525429,11/09/2020 11:23,11/09/2020 13:44,XAUUSD,Sell,1.000,0.00000,0.00000,1959.63000,1954.12000,0.0000,0.0000,551.0,551.00,54.85,"",0,00:02:20:37,89.3,2h 5m,148.0,0.06,699.0,699.0,-41.0,-41.0,94.5,80.0,-148.00,-148.00
,87525425,11/09/2020 11:23,,,Deposit,0.010,0.00000,0.00000,0.00000,0.00000,0.0000,0.0000,0.0,500.00,0,"Bonus deposit 100% - #87525424",0,00:00:00:00,,,,,,,,,,,,
,87525424,11/09/2020 11:23,,,Deposit,0.010,0.00000,0.00000,0.00000,0.00000,0.0000,0.0000,0.0,500.00,0,"Deposit CONNECTUM USD #9558023",0,00:00:00:00,,,,,,,,,,,,
,87397338,11/05/2020 19:48,11/06/2020 01:47,XAUUSD,Buy,0.010,0.00000,0.00000,1947.75000,1944.38000,0.0000,-0.1400,-337.0,-3.51,-43.66,"[stopout]",0,00:05:59:05,58.4,3h 29m,795.0,0.74,458.0,4.58,-337.0,-3.37,57.6,0.0,-795.00,-7.95
,87396773,11/05/2020 19:40,11/06/2020 01:47,XAUUSD,Buy,0.010,0.00000,0.00000,1947.09000,1944.38000,0.0000,-0.1400,-271.0,-2.85,-26.17,"[stopout]",0,00:06:07:30,64.0,3h 55m,795.0,0.52,524.0,5.24,-271.0,-2.71,65.9,0.0,-795.00,-7.95
,87396433,11/05/2020 19:35,11/06/2020 01:47,XAUUSD,Buy,0.010,0.00000,0.00000,1945.81000,1944.38000,0.0000,-0.1400,-143.0,-1.57,-12.60,"[stopout]",0,00:06:11:55,88.0,5h 27m,795.0,0.22,652.0,6.5200000000000005,-143.0,-1.43,82.0,0.0,-795.00,-7.95
,87396045,11/05/2020 19:31,11/06/2020 01:47,XAUUSD,Buy,0.010,0.00000,0.00000,1944.78000,1944.38000,0.0000,-0.1400,-40.0,-0.54,-4.15,"[stopout]",0,00:06:16:04,96.0,6h 1m,795.0,0.05,755.0,7.55,-40.0,-0.4,95.0,0.0,-795.00,-7.95
,87395488,11/05/2020 19:27,11/06/2020 01:47,XAUUSD,Buy,0.020,0.00000,0.00000,1944.42000,1944.38000,0.0000,-0.2900,-4.0,-0.37,-2.77,"[stopout]",0,00:06:19:38,96.2,6h 5m,795.0,0.01,791.0,15.82,-4.0,-0.08,99.5,0.0,-795.00,-15.90
,87394949,11/05/2020 19:20,11/05/2020 19:27,XAUUSD,Buy,0.020,0.00000,0.00000,1948.31000,1944.46000,0.0000,0.0000,-385.0,-7.70,-36.54,"[stopout]",0,00:00:06:49,,,,,,,,,,,,
,87394902,11/05/2020 19:19,11/05/2020 19:27,XAUUSD,Buy,0.050,0.00000,0.00000,1948.04000,1944.46000,0.0000,0.0000,-358.0,-17.90,-45.93,"[stopout]",0,00:00:07:18,,,,,,,,,,,,
,87394713,11/05/2020 19:18,11/05/2020 19:27,XAUUSD,Buy,0.100,0.00000,0.00000,1947.77000,1944.46000,0.0000,0.0000,-331.0,-33.10,-45.93,"[stopout]",0,00:00:09:02,,,,,,,,,,,,
,87394709,11/05/2020 19:18,11/05/2020 19:27,XAUUSD,Buy,0.100,0.00000,0.00000,1947.95000,1944.46000,0.0000,0.0000,-349.0,-34.90,-32.63,"[stopout]",0,00:00:09:06,,,,,,,,,,,,
,87393660,11/05/2020 19:04,11/05/2020 19:17,XAUUSD,Sell,0.100,0.00000,0.00000,1943.67000,1948.86000,0.0000,0.0000,-519.0,-51.90,-32.67,"[stopout]",0,00:00:13:43,,,,,,,,,,,,
,87393501,11/05/2020 19:01,11/05/2020 19:17,XAUUSD,Sell,0.100,0.00000,0.00000,1944.48000,1948.86000,0.0000,0.0000,-438.0,-43.80,-21.61,"[stopout]",0,00:00:16:14,,,,,,,,,,,,
,87393452,11/05/2020 19:00,11/05/2020 19:17,XAUUSD,Sell,0.100,0.00000,0.00000,1945.29000,1948.86000,0.0000,0.0000,-357.0,-35.70,-14.98,"[stopout]",0,00:00:16:51,,,,,,,,,,,,
,87393445,11/05/2020 19:00,11/05/2020 19:17,XAUUSD,Sell,0.100,0.00000,0.00000,1945.69000,1948.86000,0.0000,0.0000,-317.0,-31.70,-11.74,"[stopout]",0,00:00:17:00,,,,,,,,,,,,
,87393404,11/05/2020 19:00,11/05/2020 19:17,XAUUSD,Sell,0.100,0.00000,0.00000,1945.77000,1948.86000,0.0000,0.0000,-309.0,-30.90,-10.27,"[stopout]",0,00:00:17:27,,,,,,,,,,,,
,87393012,11/05/2020 18:56,11/05/2020 19:17,XAUUSD,Sell,0.200,0.00000,0.00000,1945.94000,1948.86000,0.0000,0.0000,-292.0,-58.40,-16.25,"[stopout]",0,00:00:21:04,,,,,,,,,,,,
,87393001,11/05/2020 18:56,11/05/2020 19:17,XAUUSD,Sell,0.200,0.00000,0.00000,1946.37000,1948.86000,0.0000,0.0000,-249.0,-49.80,-12.17,"[stopout]",0,00:00:21:15,,,,,,,,,,,,
,87392994,11/05/2020 18:56,11/05/2020 19:17,XAUUSD,Sell,0.200,0.00000,0.00000,1946.91000,1948.86000,0.0000,0.0000,-195.0,-39.00,-8.70,"[stopout]",0,00:00:21:20,,,,,,,,,,,,
,87391838,11/05/2020 18:46,11/05/2020 19:17,XAUUSD,Sell,0.100,0.00000,0.00000,1947.51000,1948.86000,0.0000,0.0000,-135.0,-13.50,-2.92,"[stopout]",0,00:00:31:19,,,,,,,,,,,,
,87390520,11/05/2020 18:33,11/05/2020 19:17,XAUUSD,Sell,0.100,0.00000,0.00000,1943.81000,1948.86000,0.0000,0.0000,-505.0,-50.50,-9.86,"[stopout]",0,00:00:44:26,,,,,,,,,,,,
,87390474,11/05/2020 18:32,11/05/2020 19:17,XAUUSD,Sell,0.100,0.00000,0.00000,1944.48000,1948.86000,0.0000,0.0000,-438.0,-43.80,-7.88,"[stopout]",0,00:00:44:58,,,,,,,,,,,,
,87390427,11/05/2020 18:32,11/05/2020 19:17,XAUUSD,Sell,0.100,0.00000,0.00000,1944.76000,1948.86000,0.0000,0.0000,-410.0,-41.00,-6.87,"[stopout]",0,00:00:45:19,,,,,,,,,,,,
,87390139,11/05/2020 18:29,11/05/2020 19:17,XAUUSD,Sell,0.100,0.00000,0.00000,1945.87000,1948.86000,0.0000,0.0000,-299.0,-29.90,-4.77,"[stopout]",0,00:00:48:29,,,,,,,,,,,,
,87390134,11/05/2020 18:29,11/05/2020 19:17,XAUUSD,Sell,0.100,0.00000,0.00000,1946.22000,1948.86000,0.0000,0.0000,-264.0,-26.40,-4.04,"[stopout]",0,00:00:48:35,,,,,,,,,,,,
,87390119,11/05/2020 18:28,11/05/2020 19:17,XAUUSD,Sell,0.100,0.00000,0.00000,1946.45000,1948.86000,0.0000,0.0000,-241.0,-24.10,-3.56,"[stopout]",0,00:00:48:46,,,,,,,,,,,,
,87390084,11/05/2020 18:28,11/05/2020 19:17,XAUUSD,Sell,0.100,0.00000,0.00000,1947.08000,1948.86000,0.0000,0.0000,-178.0,-17.80,-2.56,"[stopout]",0,00:00:49:27,,,,,,,,,,,,
,87390077,11/05/2020 18:28,11/05/2020 19:17,XAUUSD,Sell,0.500,0.00000,0.00000,1947.42000,1948.86000,0.0000,0.0000,-144.0,-72.00,-9.39,"[stopout]",0,00:00:49:34,,,,,,,,,,,,
,87390018,11/05/2020 18:27,11/05/2020 19:16,XAUUSD,Sell,0.100,0.00000,0.00000,1948.93000,1947.79000,0.0000,0.0000,114.0,11.40,1.51,"",0,00:00:49:29,,,,,,,,,,,,
,87391804,11/05/2020 18:46,,,Deposit,0.010,0.00000,0.00000,0.00000,0.00000,0.0000,0.0000,0.0,347.16,0,"Transfer from 10189649 #9529705",0,00:00:00:00,,,,,,,,,,,,
,87390034,11/05/2020 18:27,11/05/2020 18:45,XAUUSD,Sell,0.500,0.00000,0.00000,1948.67000,1948.29000,0.0000,0.0000,38.0,19.00,4.88,"",0,00:00:17:39,,,,,,,,,,,,
,87390012,11/05/2020 18:27,,,Deposit,0.010,0.00000,0.00000,0.00000,0.00000,0.0000,0.0000,0.0,366.94,0,"Transfer from 21061525 #9529459",0,00:00:00:00,,,,,,,,,,,,
,87387724,11/05/2020 18:02,11/05/2020 18:17,XAUUSD,Sell,0.300,0.00000,0.00000,1946.51000,1950.53000,0.0000,0.0000,-402.0,-120.60,-84.18,"[stopout]",0,00:00:15:02,,,,,,,,,,,,
,87384245,11/05/2020 17:29,11/05/2020 18:01,XAUUSD,Sell,2.000,0.00000,0.00000,1942.97000,1947.27000,0.0000,0.0000,-430.0,-860.00,-85.72,"[stopout]",0,00:00:32:10,,,,,,,,,,,,
,87384212,11/05/2020 17:28,,,Deposit,0.010,0.00000,0.00000,0.00000,0.00000,0.0000,0.0000,0.0,1003.27,0,"Transfer from 21065213 #9528392",0,00:00:00:00,,,,,,,,,,,,
,87382695,11/05/2020 17:20,,,Deposit,0.010,0.00000,0.00000,0.00000,0.00000,0.0000,0.0000,0.0,41.07,0,"Balance reset",0,00:00:00:00,,,,,,,,,,,,
,87381486,11/05/2020 17:12,11/05/2020 17:18,XAUUSD,Sell,0.500,0.00000,0.00000,1939.01000,1944.14000,0.0000,0.0000,-513.0,-256.50,-119.06,"[stopout]",0,00:00:05:54,,,,,,,,,,,,
,87380879,11/05/2020 17:06,11/05/2020 17:18,XAUUSD,Sell,3.000,0.00000,0.00000,1938.00000,1944.14000,0.0000,0.0000,-614.0,-1842.00,-89.53,"[stopout]",0,00:00:11:59,,,,,,,,,,,,
,87380622,11/05/2020 17:04,11/05/2020 17:18,XAUUSD,Sell,0.500,0.00000,0.00000,1936.67000,1944.14000,0.0000,0.0000,-747.0,-373.50,-15.36,"[stopout]",0,00:00:13:59,,,,,,,,,,,,
,87380313,11/05/2020 17:02,11/05/2020 17:18,XAUUSD,Sell,0.500,0.00000,0.00000,1935.63000,1944.14000,0.0000,0.0000,-851.0,-425.50,-14.90,"[stopout]",0,00:00:16:28,,,,,,,,,,,,
,87379253,11/05/2020 16:52,11/05/2020 17:18,XAUUSD,Sell,0.500,0.00000,0.00000,1932.71000,1944.14000,0.0000,0.0000,-1143.0,-571.50,-16.67,"[stopout]",0,00:00:25:57,,,,,,,,,,,,
,87367815,11/05/2020 15:01,11/05/2020 17:18,XAUUSD,Sell,0.500,0.00000,0.00000,1926.27000,1944.14000,0.0000,0.0000,-1787.0,-893.50,-20.68,"[stopout]",0,00:02:17:20,0.0,0s,1787.0,2000.00,0.0,0.0,-1787.0,-893.5,0.0,0.0,-1787.00,-893.50
,87370946,11/05/2020 15:25,11/05/2020 16:12,XAUUSD,Sell,0.500,0.00000,0.00000,1928.87000,1928.46000,0.0000,0.0000,41.0,20.50,0.48,"",0,00:00:46:58,,,,,,,,,,,,
,87373994,11/05/2020 15:57,11/05/2020 16:12,XAUUSD,Sell,0.500,1935.50000,0.00000,1931.19000,1928.39000,0.0000,0.0000,280.0,140.00,3.36,"",0,00:00:14:30,,,,,,,,,,,,
,87374002,11/05/2020 15:57,11/05/2020 16:12,XAUUSD,Sell,0.500,1935.50000,0.00000,1931.18000,1928.18000,0.0000,0.0000,300.0,150.00,3.74,"",0,00:00:14:19,,,,,,,,,,,,
,87332551,11/05/2020 09:39,11/05/2020 09:45,XAUUSD,Sell,0.100,0.00000,0.00000,1910.27000,1909.23000,0.0000,0.0000,104.0,10.40,0.26,"",0,00:00:06:17,,,,,,,,,,,,
,87308094,11/04/2020 21:04,,,Withdrawal,0.010,0.00000,0.00000,0.00000,0.00000,0.0000,0.0000,0.0,-358.00,0,"Withdraw CC-REFUND USD #9517299",0,00:00:00:00,,,,,,,,,,,,
,87301144,11/04/2020 19:11,11/04/2020 20:59,XAUUSD,Buy,0.150,0.00000,0.00000,1897.56000,1897.84000,0.0000,0.0000,28.0,4.20,0.10,"",0,00:01:47:54,28.6,30m,304.0,3.90,78.0,11.7,-304.0,-45.6,20.4,86.9,-50.00,-7.50
,87303703,11/04/2020 19:41,11/04/2020 20:59,XAUUSD,Buy,0.020,0.00000,0.00000,1895.73000,1897.71000,0.0000,0.0000,198.0,3.96,0.09,"",0,00:01:17:20,80.0,1h 1m,74.0,0.28,261.0,5.22,-74.0,-1.48,77.9,81.2,-63.00,-1.26
,87303602,11/04/2020 19:41,11/04/2020 20:59,XAUUSD,Buy,0.020,0.00000,0.00000,1895.94000,1897.78000,0.0000,0.0000,184.0,3.68,0.08,"",0,00:01:18:06,60.0,46m,95.0,0.40,240.0,4.8,-95.0,-1.9000000000000001,71.6,83.3,-56.00,-1.12
,87307326,11/04/2020 20:44,11/04/2020 20:59,XAUUSD,Buy,0.050,0.00000,0.00000,1896.00000,1897.75000,0.0000,0.0000,175.0,8.75,0.20,"",0,00:00:14:26,,,,,,,,,,,,
,87300697,11/04/2020 19:07,11/04/2020 20:59,XAUUSD,Buy,0.150,0.00000,0.00000,1899.40000,1897.69000,0.0000,0.0000,-171.0,-25.65,-0.59,"",0,00:01:51:59,0.0,0s,488.0,500.00,0.0,0.0,-488.0,-73.2,0.0,65.0,-171.00,-25.65
,87301572,11/04/2020 19:15,11/04/2020 20:58,XAUUSD,Buy,0.150,0.00000,0.00000,1896.32000,1897.69000,0.0000,0.0000,137.0,20.55,0.47,"",0,00:01:43:16,33.4,34m,180.0,0.89,202.0,30.299999999999997,-180.0,-27.0,52.9,83.0,-65.00,-9.75
,87303087,11/04/2020 19:32,11/04/2020 20:39,XAUUSD,Buy,0.020,0.00000,0.00000,1895.92000,1897.46000,0.0000,0.0000,154.0,3.08,0.07,"",0,00:01:07:34,50.0,33m,93.0,0.60,154.0,3.08,-93.0,-1.86,62.3,100.0,0.00,0.00
,87301619,11/04/2020 19:16,11/04/2020 20:35,XAUUSD,Buy,0.150,0.00000,0.00000,1896.44000,1896.88000,0.0000,0.0000,44.0,6.60,0.15,"",0,00:01:18:38,20.0,15m,192.0,4.37,44.0,6.6,-192.0,-28.799999999999997,18.6,100.0,0.00,0.00
,87301798,11/04/2020 19:18,11/04/2020 20:32,XAUUSD,Buy,0.150,0.00000,0.00000,1894.21000,1896.61000,0.0000,0.0000,240.0,36.00,0.84,"",0,00:01:13:38,100.0,1h 13m,32.0,0.00,240.0,36.0,0.0,0.0,100.0,100.0,0.00,0.00
,87305356,11/04/2020 20:06,11/04/2020 20:32,XAUUSD,Buy,1.000,1889.34000,0.00000,1894.42000,1896.88000,0.0000,0.0000,246.0,246.00,6.07,"",0,00:00:25:32,,,,,,,,,,,,
,87265557,11/04/2020 14:06,,,Withdrawal,0.010,0.00000,0.00000,0.00000,0.00000,0.0000,0.0000,0.0,-1000.00,0,"Withdraw CC-REFUND USD #9512380",0,00:00:00:00,,,,,,,,,,,,
,87265510,11/04/2020 14:05,,,Withdrawal,0.010,0.00000,0.00000,0.00000,0.00000,0.0000,0.0000,0.0,-500.00,0,"Withdraw CC-REFUND USD #9512367",0,00:00:00:00,,,,,,,,,,,,
,87265268,11/04/2020 14:03,,,Withdrawal,0.010,0.00000,0.00000,0.00000,0.00000,0.0000,0.0000,0.0,-600.00,0,"Withdraw CC-REFUND USD #9512348",0,00:00:00:00,,,,,,,,,,,,
,87263359,11/04/2020 12:00,11/04/2020 13:58,XAUUSD,Buy,0.200,0.00000,0.00000,1890.81000,1901.89000,0.0000,0.0000,1108.0,221.60,3.74,"from #87263234",0,00:01:58:02,57.2,1h 7m,289.0,0.25,1154.0,230.8,-289.0,-57.800000000000004,80.0,96.8,-46.00,-9.20
,87263234,11/04/2020 12:00,11/04/2020 13:53,XAUUSD,Buy,0.200,0.00000,0.00000,1890.81000,1900.51000,0.0000,0.0000,970.0,194.00,3.38,"to #87263359",0,00:01:52:43,57.2,1h 4m,289.0,0.25,1154.0,230.8,-289.0,-57.800000000000004,80.0,87.2,-184.00,-36.80
,87263091,11/04/2020 12:00,11/04/2020 13:52,XAUUSD,Buy,0.300,0.00000,0.00000,1890.81000,1900.58000,0.0000,0.0000,977.0,293.10,5.39,"to #87263234",0,00:01:51:51,57.2,1h 3m,289.0,0.25,1154.0,346.2,-289.0,-86.7,80.0,87.7,-177.00,-53.10
,87262616,11/04/2020 12:00,11/04/2020 13:51,XAUUSD,Buy,0.300,0.00000,0.00000,1890.81000,1900.40000,0.0000,0.0000,959.0,287.70,5.58,"to #87263091",0,00:01:51:15,57.2,1h 3m,289.0,0.25,1154.0,346.2,-289.0,-86.7,80.0,86.5,-195.00,-58.50
,87251434,11/04/2020 12:00,11/04/2020 13:49,XAUUSD,Buy,0.500,0.00000,0.00000,1890.81000,1898.40000,0.0000,0.0000,759.0,379.50,7.95,"to #87262616",0,00:01:48:54,57.2,1h 2m,395.0,0.25,1154.0,577.0,-289.0,-144.5,80.0,72.6,-395.00,-197.50
,87245726,11/04/2020 11:13,11/04/2020 13:47,XAUUSD,Buy,0.500,0.00000,0.00000,1895.04000,1897.61000,0.0000,0.0000,257.0,128.50,2.77,"",0,00:02:34:22,18.2,28m,712.0,0.97,731.0,365.5,-712.0,-356.0,50.7,67.2,-474.00,-237.00
,87249959,11/04/2020 11:50,11/04/2020 13:46,XAUUSD,Buy,0.500,0.00000,0.00000,1893.92000,1896.53000,0.0000,0.0000,261.0,130.50,2.89,"",0,00:01:55:57,37.5,43m,600.0,0.71,843.0,421.5,-600.0,-300.0,58.4,59.7,-582.00,-291.00
,87259660,11/04/2020 13:19,11/04/2020 13:40,XAUUSD,Buy,0.500,0.00000,0.00000,1890.75000,1893.09000,0.0000,0.0000,234.0,117.00,2.66,"",0,00:00:20:18,,,,,,,,,,,,
,87248526,11/04/2020 11:40,11/04/2020 13:40,XAUUSD,Buy,0.500,0.00000,0.00000,1892.71000,1893.52000,0.0000,0.0000,81.0,40.50,0.93,"",0,00:01:59:39,25.0,29m,479.0,2.74,175.0,87.5,-479.0,-239.5,26.8,85.6,-94.00,-47.00
,87249076,11/04/2020 11:45,11/04/2020 13:35,XAUUSD,Buy,0.500,0.00000,0.00000,1891.62000,1892.55000,0.0000,0.0000,93.0,46.50,1.08,"",0,00:01:50:26,42.9,47m,370.0,1.30,284.0,142.0,-370.0,-185.0,43.4,70.8,-191.00,-95.50
,87255639,11/04/2020 12:44,11/04/2020 13:35,XAUUSD,Buy,0.500,1891.48000,0.00000,1888.38000,1892.72000,0.0000,0.0000,434.0,217.00,5.30,"",0,00:00:51:03,,,,,,,,,,,,
,87250451,11/04/2020 11:55,11/04/2020 13:35,XAUUSD,Buy,0.500,0.00000,0.00000,1892.72000,1892.83000,0.0000,0.0000,11.0,5.50,0.13,"",0,00:01:40:04,28.6,28m,480.0,2.76,174.0,87.0,-480.0,-240.0,26.6,75.1,-163.00,-81.50
,87258680,11/04/2020 13:12,11/04/2020 13:28,XAUUSD,Buy,0.500,1887.34000,0.00000,1889.66000,1891.21000,0.0000,0.0000,155.0,77.50,1.93,"",0,00:00:16:15,,,,,,,,,,,,
,87222380,11/04/2020 08:03,11/04/2020 09:16,XAUUSD,Sell,0.020,0.00000,0.00000,1896.46000,1894.71000,0.0000,0.0000,175.0,3.50,0.09,"",0,00:01:13:23,60.0,44m,298.0,0.72,416.0,8.32,-298.0,-5.96,58.3,66.2,-241.00,-4.82
,87223651,11/04/2020 08:37,11/04/2020 09:16,XAUUSD,Sell,0.020,0.00000,0.00000,1898.91000,1894.81000,0.0000,0.0000,410.0,8.20,0.20,"",0,00:00:39:00,,,,,,,,,,,,
,87220058,11/04/2020 07:13,,,Withdrawal,0.010,0.00000,0.00000,0.00000,0.00000,0.0000,0.0000,0.0,-721.00,0,"Withdraw CC-REFUND USD #9507216",0,00:00:00:00,,,,,,,,,,,,
,87152804,11/03/2020 15:10,11/04/2020 04:32,XAUUSD,Sell,0.050,0.00000,0.00000,1900.20000,1890.14000,0.0000,0.1700,1006.0,50.47,1.08,"",0,00:13:22:00,9.3,1h 14m,1525.0,1.12,1366.0,68.3,-1525.0,-76.25,47.3,87.5,-360.00,-18.00
,87148632,11/03/2020 14:03,11/04/2020 04:32,XAUUSD,Sell,0.050,0.00000,0.00000,1899.25000,1890.63000,0.0000,0.1700,862.0,43.27,0.93,"",0,00:14:29:27,5.2,45m,1620.0,1.27,1271.0,63.550000000000004,-1620.0,-81.0,44.0,85.9,-409.00,-20.45
,87154826,11/03/2020 15:33,11/04/2020 04:32,XAUUSD,Sell,0.100,0.00000,0.00000,1906.79000,1890.45000,0.0000,0.3300,1634.0,163.73,3.67,"",0,00:12:59:36,40.4,5h 14m,1497.0,0.43,2025.0,202.5,-866.0,-86.60000000000001,70.0,86.5,-391.00,-39.10
,87163659,11/03/2020 17:06,11/04/2020 04:32,XAUUSD,Sell,0.200,0.00000,0.00000,1906.22000,1891.49000,0.0000,0.6600,1473.0,295.26,7.08,"",0,00:11:25:53,26.1,2h 59m,1059.0,0.47,1968.0,393.6,-923.0,-184.60000000000002,68.1,82.9,-495.00,-99.00
,87148837,11/03/2020 14:05,11/03/2020 17:00,XAUUSD,Sell,0.050,0.00000,0.00000,1901.26000,1903.11000,0.0000,0.0000,-185.0,-9.25,-0.22,"",0,00:02:54:43,33.4,58m,737.0,4.90,125.0,6.25,-612.0,-30.6,17.0,57.9,-310.00,-15.50
,87149903,11/03/2020 14:24,11/03/2020 17:00,XAUUSD,Sell,0.050,0.00000,0.00000,1901.33000,1902.81000,0.0000,0.0000,-148.0,-7.40,-0.18,"",0,00:02:35:43,27.3,42m,737.0,4.59,132.0,6.6000000000000005,-605.0,-30.25,17.9,62.0,-280.00,-14.00
,87154613,11/03/2020 15:31,11/03/2020 17:00,XAUUSD,Sell,0.200,0.00000,0.00000,1906.81000,1902.39000,0.0000,0.0000,442.0,88.40,2.16,"",0,00:01:28:45,83.4,1h 14m,541.0,0.09,633.0,126.60000000000001,-57.0,-11.4,91.7,72.3,-191.00,-38.20
,87155284,11/03/2020 15:37,11/03/2020 16:50,XAUUSD,Sell,0.100,0.00000,0.00000,1906.97000,1903.25000,0.0000,0.0000,372.0,37.20,0.92,"",0,00:01:12:57,80.0,58m,277.0,0.06,649.0,64.9,-41.0,-4.1000000000000005,94.1,59.9,-277.00,-27.70
,87156738,11/03/2020 15:58,11/03/2020 16:50,XAUUSD,Sell,0.200,0.00000,0.00000,1906.94000,1903.24000,0.0000,0.0000,370.0,74.00,1.86,"",0,00:00:51:57,,,,,,,,,,,,
,87141172,11/03/2020 12:33,11/03/2020 13:06,XAUUSD,Sell,0.200,0.00000,0.00000,1898.62000,1898.11000,0.0000,0.0000,51.0,10.20,0.26,"",0,00:00:32:32,,,,,,,,,,,,
,87140134,11/03/2020 12:17,11/03/2020 13:05,XAUUSD,Sell,0.300,0.00000,0.00000,1898.46000,1897.91000,0.0000,0.0000,55.0,16.50,0.42,"",0,00:00:48:44,,,,,,,,,,,,
,87134987,11/03/2020 11:33,11/03/2020 11:39,XAUUSD,Buy,0.100,0.00000,0.00000,1897.51000,1898.95000,0.0000,0.0000,144.0,14.40,0.37,"",0,00:00:06:04,,,,,,,,,,,,
,87129245,11/03/2020 10:34,11/03/2020 11:39,XAUUSD,Buy,0.200,0.00000,0.00000,1894.70000,1898.90000,0.0000,0.0000,420.0,84.00,2.18,"",0,00:01:05:01,100.0,1h 5m,151.0,0.00,571.0,114.2,0.0,0.0,100.0,73.6,-151.00,-30.20
,87130091,11/03/2020 10:45,11/03/2020 11:39,XAUUSD,Buy,0.500,0.00000,0.00000,1894.40000,1898.83000,0.0000,0.0000,443.0,221.50,6.09,"",0,00:00:54:38,,,,,,,,,,,,
,87128048,11/03/2020 10:26,11/03/2020 11:39,XAUUSD,Buy,0.200,0.00000,0.00000,1895.34000,1898.70000,0.0000,0.0000,336.0,67.20,1.88,"",0,00:01:13:27,100.0,1h 13m,171.0,0.00,507.0,101.4,0.0,0.0,100.0,66.3,-171.00,-34.20
,87125145,11/03/2020 10:10,11/03/2020 11:39,XAUUSD,Buy,0.500,0.00000,0.00000,1893.45000,1898.84000,0.0000,0.0000,539.0,269.50,8.16,"",0,00:01:29:11,100.0,1h 29m,157.0,0.00,696.0,348.0,0.0,0.0,100.0,77.4,-157.00,-78.50
,87124219,11/03/2020 10:04,11/03/2020 11:39,XAUUSD,Buy,0.500,0.00000,0.00000,1890.55000,1898.90000,0.0000,0.0000,835.0,417.50,14.47,"",0,00:01:34:59,100.0,1h 34m,151.0,0.00,986.0,493.0,0.0,0.0,100.0,84.7,-151.00,-75.50
,87124075,11/03/2020 10:03,11/03/2020 11:39,XAUUSD,Buy,2.000,0.00000,0.00000,1890.64000,1898.91000,0.0000,0.0000,827.0,1654.00,134.33,"",0,00:01:35:58,100.0,1h 35m,150.0,0.00,977.0,1954.0,0.0,0.0,100.0,84.6,-150.00,-300.00
,87130685,11/03/2020 10:50,11/03/2020 11:26,XAUUSD,Buy,0.200,0.00000,0.00000,1895.69000,1897.01000,0.0000,0.0000,132.0,26.40,2.19,"",0,00:00:35:18,,,,,,,,,,,,
,87132569,11/03/2020 11:06,11/03/2020 11:26,XAUUSD,Buy,0.400,0.00000,0.00000,1895.59000,1897.00000,0.0000,0.0000,141.0,56.40,4.91,"",0,00:00:19:27,,,,,,,,,,,,
,87113957,11/03/2020 05:48,11/03/2020 10:02,XAUUSD,Sell,1.000,0.00000,0.00000,1891.85000,1890.84000,0.0000,0.0000,101.0,101.00,9.64,"",0,00:04:14:23,41.2,1h 44m,423.0,0.55,301.0,301.0,-167.0,-167.0,64.3,57.3,-200.00,-200.00
,87111692,11/03/2020 03:58,11/03/2020 10:02,XAUUSD,Sell,1.000,0.00000,0.00000,1897.07000,1890.90000,0.0000,0.0000,617.0,617.00,143.33,"",0,00:06:04:34,100.0,6h 4m,423.0,0.00,823.0,823.0,0.0,0.0,100.0,75.0,-206.00,-206.00
,87102398,11/02/2020 20:28,11/03/2020 03:57,XAUUSD,Sell,0.500,0.00000,0.00000,1891.24000,1897.90000,0.0000,1.6500,-666.0,-331.35,-43.49,"[stopout]",0,00:07:29:04,0.0,0s,666.0,666.67,0.0,0.0,-666.0,-333.0,0.0,0.0,-666.00,-333.00
,87096241,11/02/2020 18:38,11/03/2020 03:57,XAUUSD,Sell,0.500,0.00000,0.00000,1891.13000,1897.90000,0.0000,1.6500,-677.0,-336.85,-30.66,"[stopout]",0,00:09:18:56,0.0,0s,677.0,714.29,0.0,0.0,-677.0,-338.5,0.0,0.0,-677.00,-338.50
,87094133,11/02/2020 18:10,11/03/2020 03:57,XAUUSD,Sell,2.000,0.00000,0.00000,1894.28000,1897.90000,0.0000,6.6100,-362.0,-717.39,-39.50,"[stopout]",0,00:09:46:58,41.1,4h 1m,586.0,1.62,224.0,448.0,-362.0,-724.0,38.2,0.0,-586.00,-1172.00
,87091995,11/02/2020 17:49,11/03/2020 03:57,XAUUSD,Sell,0.500,0.00000,0.00000,1890.64000,1897.90000,0.0000,1.6500,-726.0,-361.35,-16.60,"[stopout]",0,00:10:08:41,0.0,0s,726.0,769.23,0.0,0.0,-726.0,-363.0,0.0,0.0,-726.00,-363.00
,87089510,11/02/2020 17:21,11/03/2020 03:57,XAUUSD,Sell,0.500,0.00000,0.00000,1890.18000,1897.90000,0.0000,1.6500,-772.0,-384.35,-15.00,"[stopout]",0,00:10:36:24,0.0,0s,772.0,833.33,0.0,0.0,-772.0,-386.0,0.0,0.0,-772.00,-386.00
,87082601,11/02/2020 14:17,11/03/2020 03:57,XAUUSD,Sell,1.500,0.00000,0.00000,1890.67000,1897.90000,0.0000,4.9600,-723.0,-1079.54,-29.65,"from #87074016 [stopout]",0,00:13:40:18,18.6,2h 32m,952.0,3.16,229.0,343.5,-723.0,-1084.5,24.1,0.0,-952.00,-1428.00
,87076813,11/02/2020 14:58,11/03/2020 03:57,XAUUSD,Sell,1.000,0.00000,0.00000,1889.09000,1897.90000,0.0000,3.3000,-881.0,-877.70,-19.42,"[stopout]",0,00:12:59:38,0.0,0s,881.0,909.09,0.0,0.0,-881.0,-881.0,0.0,0.0,-881.00,-881.00
,87096902,11/02/2020 18:49,11/02/2020 20:59,XAUUSD,Sell,0.500,0.00000,0.00000,1893.07000,1892.77000,0.0000,0.0000,30.0,15.00,0.33,"",0,00:02:09:34,37.5,48m,171.0,0.93,103.0,51.5,-96.0,-48.0,51.8,63.3,-73.00,-36.50
,87094041,11/02/2020 18:09,,,Deposit,0.010,0.00000,0.00000,0.00000,0.00000,0.0000,0.0000,0.0,1000.00,0,"Transfer from 21065213 #9487153",0,00:00:00:00,,,,,,,,,,,,
,87082991,11/02/2020 16:18,11/02/2020 17:09,XAUUSD,Sell,1.000,0.00000,0.00000,1890.23000,1889.54000,0.0000,0.0000,69.0,69.00,2.01,"",0,00:00:51:28,,,,,,,,,,,,
,87074016,11/02/2020 14:17,11/02/2020 16:13,XAUUSD,Sell,0.500,0.00000,0.00000,1890.67000,1889.49000,0.0000,0.0000,118.0,59.00,1.75,"to #87082601",0,00:01:56:28,71.5,1h 23m,275.0,0.20,229.0,114.5,-46.0,-23.0,83.3,59.6,-111.00,-55.50
,87076804,11/02/2020 14:57,11/02/2020 16:02,XAUUSD,Sell,0.500,0.00000,0.00000,1889.09000,1888.38000,0.0000,0.0000,71.0,35.50,1.06,"",0,00:01:04:09,20.0,12m,204.0,2.87,71.0,35.5,-204.0,-102.0,25.8,100.0,0.00,0.00
,87079087,11/02/2020 15:22,11/02/2020 15:29,XAUUSD,Sell,0.300,0.00000,0.00000,1892.32000,1890.89000,0.0000,0.0000,143.0,42.90,1.30,"from #87078549",0,00:00:06:49,,,,,,,,,,,,
,87078549,11/02/2020 15:22,11/02/2020 15:29,XAUUSD,Sell,0.700,0.00000,0.00000,1892.32000,1890.21000,0.0000,0.0000,211.0,147.70,4.69,"to #87079087",0,00:00:06:34,,,,,,,,,,,,
,87078524,11/02/2020 15:22,,,Deposit,0.010,0.00000,0.00000,0.00000,0.00000,0.0000,0.0000,0.0,1000.00,0,"Transfer from 21065213 #9485360",0,00:00:00:00,,,,,,,,,,,,
,87074255,11/02/2020 14:20,11/02/2020 14:56,XAUUSD,Sell,1.000,0.00000,0.00000,1891.08000,1889.95000,0.0000,0.0000,113.0,113.00,5.55,"",0,00:00:35:41,,,,,,,,,,,,
,87074253,11/02/2020 14:20,,,Deposit,0.010,0.00000,0.00000,0.00000,0.00000,0.0000,0.0000,0.0,1000.00,0,"Transfer from 21065213 #9484701",0,00:00:00:00,,,,,,,,,,,,
,87074005,11/02/2020 14:17,,,Deposit,0.010,0.00000,0.00000,0.00000,0.00000,0.0000,0.0000,0.0,1000.00,0,"Transfer from 21065213 #9484661",0,00:00:00:00,,,,,,,,,,,,
,87064379,11/02/2020 12:02,11/02/2020 14:14,XAUUSD,Sell,0.050,0.00000,0.00000,1886.53000,1892.00000,0.0000,0.0000,-547.0,-27.35,-42.56,"[stopout]",0,00:02:11:15,0.0,0s,547.0,555.56,0.0,0.0,-547.0,-27.35,0.0,0.0,-547.00,-27.35
,87062839,11/02/2020 11:52,11/02/2020 14:14,XAUUSD,Sell,0.200,0.00000,0.00000,1886.64000,1892.00000,0.0000,0.0000,-536.0,-107.20,-62.52,"[stopout]",0,00:02:21:34,0.0,0s,536.0,555.56,0.0,0.0,-536.0,-107.2,0.0,0.0,-536.00,-107.20
,87062061,11/02/2020 11:43,11/02/2020 14:14,XAUUSD,Sell,0.200,0.00000,0.00000,1887.90000,1892.00000,0.0000,0.0000,-410.0,-82.00,-32.35,"[stopout]",0,00:02:31:03,40.0,1h 0m,533.0,3.33,123.0,24.6,-410.0,-82.0,23.1,0.0,-533.00,-106.60
,87061968,11/02/2020 11:41,11/02/2020 14:14,XAUUSD,Sell,0.050,0.00000,0.00000,1887.79000,1892.00000,0.0000,0.0000,-421.0,-21.05,-7.67,"[stopout]",0,00:02:32:29,40.0,1h 0m,533.0,3.76,112.0,5.6000000000000005,-421.0,-21.05,21.0,0.0,-533.00,-26.65
,87061565,11/02/2020 11:37,11/02/2020 13:14,XAUUSD,Sell,0.200,0.00000,0.00000,1888.90000,1888.63000,0.0000,0.0000,27.0,5.40,2.01,"",0,00:01:36:04,100.0,1h 36m,196.0,0.00,223.0,44.6,0.0,0.0,100.0,12.1,-196.00,-39.20
,87062419,11/02/2020 11:47,11/02/2020 12:19,XAUUSD,Sell,0.200,0.00000,0.00000,1887.95000,1887.84000,0.0000,0.0000,11.0,2.20,0.82,"",0,00:00:32:21,,,,,,,,,,,,
,87062416,11/02/2020 11:47,,,Deposit,0.010,0.00000,0.00000,0.00000,0.00000,0.0000,0.0000,0.0,79.64,0,"Transfer from 21052473 #9483104",0,00:00:00:00,,,,,,,,,,,,
,87062053,11/02/2020 11:43,,,Deposit,0.010,0.00000,0.00000,0.00000,0.00000,0.0000,0.0000,0.0,104.56,0,"Transfer from 21065213 #9483073",0,00:00:00:00,,,,,,,,,,,,
,87056604,11/02/2020 10:57,11/02/2020 11:36,XAUUSD,Sell,0.500,0.00000,0.00000,1883.69000,1890.91000,0.0000,0.0000,-722.0,-361.00,-81.36,"[stopout]",0,00:00:39:16,,,,,,,,,,,,
,87055014,11/02/2020 10:42,11/02/2020 11:36,XAUUSD,Sell,0.500,0.00000,0.00000,1882.57000,1890.91000,0.0000,0.0000,-834.0,-417.00,-48.45,"[stopout]",0,00:00:54:04,,,,,,,,,,,,
,87052185,11/02/2020 10:20,11/02/2020 11:36,XAUUSD,Sell,0.200,0.00000,0.00000,1883.36000,1890.91000,0.0000,0.0000,-755.0,-151.00,-14.93,"[stopout]",0,00:01:16:03,0.0,0s,755.0,769.23,0.0,0.0,-755.0,-151.0,0.0,0.0,-755.00,-151.00
,87052104,11/02/2020 10:20,11/02/2020 11:36,XAUUSD,Sell,1.000,0.00000,0.00000,1883.29000,1890.91000,0.0000,0.0000,-762.0,-762.00,-42.96,"[stopout]",0,00:01:16:41,0.0,0s,762.0,769.23,0.0,0.0,-762.0,-762.0,0.0,0.0,-762.00,-762.00
,87051502,11/02/2020 10:15,,,Deposit,0.010,0.00000,0.00000,0.00000,0.00000,0.0000,0.0000,0.0,1324.35,0,"Transfer from 10189649 #9482008",0,00:00:00:00,,,,,,,,,,,,
,87024147,11/01/2020 04:07,,,Deposit,0.010,0.00000,0.00000,0.00000,0.00000,0.0000,0.0000,0.0,80.14,0,"VIP Rebate",0,00:00:00:00,,,,,,,,,,,,
,87024146,11/01/2020 04:07,,,Deposit,0.010,0.00000,0.00000,0.00000,0.00000,0.0000,0.0000,0.0,291.90,0,"Rebate",0,00:00:00:00,,,,,,,,,,,,
,87022669,11/01/2020 02:12,,,Deposit,0.010,0.00000,0.00000,0.00000,0.00000,0.0000,0.0000,0.0,59.53,0,"IR #64",0,00:00:00:00,,,,,,,,,,,,
,87021980,11/01/2020 02:09,,,Deposit,0.010,0.00000,0.00000,0.00000,0.00000,0.0000,0.0000,0.0,17.79,0,"IR #64 VIP",0,00:00:00:00,,,,,,,,,,,,
,86878603,10/29/2020 13:44,,,Deposit,0.010,0.00000,0.00000,0.00000,0.00000,0.0000,0.0000,0.0,142.80,0,"Balance reset",0,00:00:00:00,,,,,,,,,,,,
,86878404,10/29/2020 13:43,,,Withdrawal,0.010,0.00000,0.00000,0.00000,0.00000,0.0000,0.0000,0.0,-8526.60,0,"Cancellation of #86870969",0,00:00:00:00,,,,,,,,,,,,
,86871723,10/29/2020 12:51,10/29/2020 13:43,XAUUSD,Buy,5.000,0.00000,0.00000,1878.94000,1875.25000,0.0000,0.0000,-369.0,-1845.00,-18.04,"[stopout]",0,00:00:51:19,,,,,,,,,,,,
,86871046,10/29/2020 12:42,10/29/2020 13:43,XAUUSD,Buy,5.000,0.00000,0.00000,1878.14000,1875.25000,0.0000,0.0000,-289.0,-1445.00,-12.38,"[stopout]",0,00:01:00:12,0.0,0s,289.0,294.12,0.0,0.0,-289.0,-1445.0,0.0,0.0,-289.00,-1445.00
,86871035,10/29/2020 12:42,10/29/2020 13:43,XAUUSD,Buy,5.000,0.00000,0.00000,1878.11000,1875.25000,0.0000,0.0000,-286.0,-1430.00,-10.91,"[stopout]",0,00:01:00:24,0.0,0s,286.0,294.12,0.0,0.0,-286.0,-1430.0,0.0,0.0,-286.00,-1430.00
,86870981,10/29/2020 12:42,10/29/2020 13:43,XAUUSD,Buy,20.000,0.00000,0.00000,1878.12000,1875.25000,0.0000,0.0000,-287.0,-5740.00,-30.46,"[stopout]",0,00:01:00:59,0.0,0s,287.0,294.12,0.0,0.0,-287.0,-5740.0,0.0,0.0,-287.00,-5740.00
,86869059,10/29/2020 12:22,10/29/2020 13:43,XAUUSD,Buy,0.200,0.00000,0.00000,1878.14000,1875.25000,0.0000,0.0000,-289.0,-57.80,-0.31,"[stopout]",0,00:01:20:58,0.0,0s,289.0,294.12,0.0,0.0,-289.0,-57.800000000000004,0.0,0.0,-289.00,-57.80
,86868956,10/29/2020 12:21,10/29/2020 13:43,XAUUSD,Buy,0.200,0.00000,0.00000,1877.76000,1875.25000,0.0000,0.0000,-251.0,-50.20,-0.26,"[stopout]",0,00:01:22:01,0.0,0s,251.0,256.41,0.0,0.0,-251.0,-50.2,0.0,0.0,-251.00,-50.20
,86868790,10/29/2020 12:19,10/29/2020 13:43,XAUUSD,Buy,0.300,0.00000,0.00000,1877.79000,1875.25000,0.0000,0.0000,-254.0,-76.20,-0.40,"[stopout]",0,00:01:23:41,0.0,0s,254.0,256.41,0.0,0.0,-254.0,-76.2,0.0,0.0,-254.00,-76.20
,86868511,10/29/2020 12:16,10/29/2020 13:05,XAUUSD,Buy,0.500,0.00000,0.00000,1877.09000,1877.50000,0.0000,0.0000,41.0,20.50,0.11,"",0,00:00:49:57,,,,,,,,,,,,
,86867798,10/29/2020 12:09,10/29/2020 13:04,XAUUSD,Buy,2.000,0.00000,0.00000,1876.60000,1876.91000,0.0000,0.0000,31.0,62.00,0.33,"",0,00:00:55:02,,,,,,,,,,,,
,86870969,10/29/2020 12:42,,,Deposit,0.010,0.00000,0.00000,0.00000,0.00000,0.0000,0.0000,0.0,9000.00,0,"Bonus deposit 100% - #86870968",0,00:00:00:00,,,,,,,,,,,,
,86870968,10/29/2020 12:42,,,Deposit,0.010,0.00000,0.00000,0.00000,0.00000,0.0000,0.0000,0.0,9000.00,0,"Deposit CONNECTUM USD #9452089",0,00:00:00:00,,,,,,,,,,,,
,86867743,10/29/2020 12:09,,,Withdrawal,0.010,0.00000,0.00000,0.00000,0.00000,0.0000,0.0000,0.0,-9732.00,0,"Cancellation of #86835535",0,00:00:00:00,,,,,,,,,,,,
,86849650,10/29/2020 10:01,10/29/2020 12:09,XAUUSD,Buy,1.500,0.00000,0.00000,1882.26000,1876.36000,0.0000,0.0000,-590.0,-885.00,-7.65,"[stopout]",0,00:02:08:06,0.0,0s,590.0,625.00,0.0,0.0,-590.0,-885.0,0.0,0.0,-590.00,-885.00
,86844624,10/29/2020 09:13,10/29/2020 12:09,XAUUSD,Buy,1.500,0.00000,0.00000,1882.39000,1876.36000,0.0000,0.0000,-603.0,-904.50,-7.26,"[stopout]",0,00:02:55:36,25.0,43m,767.0,3.68,164.0,246.0,-603.0,-904.5,21.4,0.0,-767.00,-1150.50
,86844039,10/29/2020 09:07,10/29/2020 12:09,XAUUSD,Buy,1.500,0.00000,0.00000,1882.62000,1876.36000,0.0000,0.0000,-626.0,-939.00,-7.00,"[stopout]",0,00:03:01:36,25.0,45m,767.0,4.44,141.0,211.5,-626.0,-939.0,18.4,0.0,-767.00,-1150.50
,86844031,10/29/2020 09:07,10/29/2020 12:09,XAUUSD,Buy,0.500,0.00000,0.00000,1882.55000,1876.36000,0.0000,0.0000,-619.0,-309.50,-2.26,"[stopout]",0,00:03:01:44,25.0,45m,767.0,4.18,148.0,74.0,-619.0,-309.5,19.3,0.0,-767.00,-383.50
,86841479,10/29/2020 08:23,10/29/2020 12:09,XAUUSD,Buy,0.500,0.00000,0.00000,1883.75000,1876.36000,0.0000,0.0000,-739.0,-369.50,-2.62,"[stopout]",0,00:03:45:40,6.7,15m,767.0,26.46,28.0,14.0,-739.0,-369.5,3.7,0.0,-767.00,-383.50
,86836801,10/29/2020 05:34,10/29/2020 12:09,XAUUSD,Buy,5.000,0.00000,0.00000,1880.58000,1876.36000,0.0000,0.0000,-422.0,-2110.00,-13.03,"[stopout]",0,00:06:34:50,69.3,4h 33m,767.0,1.22,345.0,1725.0,-422.0,-2110.0,45.0,0.0,-767.00,-3835.00
,86835550,10/29/2020 04:13,10/29/2020 12:09,XAUUSD,Buy,5.000,0.00000,0.00000,1878.46000,1876.36000,0.0000,0.0000,-210.0,-1050.00,-6.09,"[stopout]",0,00:07:55:13,75.0,5h 56m,767.0,0.38,557.0,2785.0,-210.0,-1050.0,72.6,0.0,-767.00,-3835.00
,86835540,10/29/2020 04:13,10/29/2020 12:09,XAUUSD,Buy,15.000,0.00000,0.00000,1878.30000,1876.36000,0.0000,0.0000,-194.0,-2910.00,-14.44,"[stopout]",0,00:07:55:45,81.3,6h 26m,767.0,0.34,573.0,8595.0,-194.0,-2910.0,74.7,0.0,-767.00,-11505.00
,86835716,10/29/2020 04:24,10/29/2020 11:47,XAUUSD,Buy,5.000,0.00000,0.00000,1877.97000,1878.28000,0.0000,0.0000,31.0,155.00,0.78,"",0,00:07:23:30,86.7,6h 24m,688.0,0.14,606.0,3030.0,-82.0,-410.0,88.1,16.4,-575.00,-2875.00
,86835535,10/29/2020 04:13,,,Deposit,0.010,0.00000,0.00000,0.00000,0.00000,0.0000,0.0000,0.0,10000.00,0,"Bonus deposit 100% - #86835534",0,00:00:00:00,,,,,,,,,,,,
,86835534,10/29/2020 04:13,,,Deposit,0.010,0.00000,0.00000,0.00000,0.00000,0.0000,0.0000,0.0,10000.00,0,"Deposit CONNECTUM USD #9448365",0,00:00:00:00,,,,,,,,,,,,
,86830149,10/28/2020 22:20,,,Deposit,0.010,0.00000,0.00000,0.00000,0.00000,0.0000,0.0000,0.0,330.00,0,"Balance reset",0,00:00:00:00,,,,,,,,,,,,
,86829689,10/28/2020 22:04,,,Withdrawal,0.010,0.00000,0.00000,0.00000,0.00000,0.0000,0.0000,0.0,-4544.86,0,"Cancellation of #86799215",0,00:00:00:00,,,,,,,,,,,,
,86808307,10/28/2020 19:36,10/28/2020 22:04,XAUUSD,Buy,5.000,0.00000,0.00000,1881.18000,1875.53000,0.0000,0.0000,-565.0,-2825.00,-40.13,"[stopout]",0,00:02:27:55,0.0,0s,565.0,588.24,0.0,0.0,-565.0,-2825.0,0.0,0.0,-565.00,-2825.00
,86807549,10/28/2020 19:25,10/28/2020 22:04,XAUUSD,Buy,5.000,0.00000,0.00000,1879.57000,1875.53000,0.0000,0.0000,-404.0,-2020.00,-22.30,"[stopout]",0,00:02:39:04,36.4,57m,552.0,2.73,148.0,740.0,-404.0,-2020.0,26.8,0.0,-552.00,-2760.00
,86807519,10/28/2020 19:24,10/28/2020 22:04,XAUUSD,Buy,20.000,0.00000,0.00000,1879.30000,1875.53000,0.0000,0.0000,-377.0,-7540.00,-45.42,"[stopout]",0,00:02:39:25,45.5,1h 12m,552.0,2.15,175.0,3500.0,-377.0,-7540.0,31.7,0.0,-552.00,-11040.00
,86821295,10/28/2020 21:07,,,Deposit,0.010,0.00000,0.00000,0.00000,0.00000,0.0000,0.0000,0.0,500.00,0,"Transfer from 7801200 #9446719",0,00:00:00:00,,,,,,,,,,,,
,86820492,10/28/2020 21:04,,,Deposit,0.010,0.00000,0.00000,0.00000,0.00000,0.0000,0.0000,0.0,118.19,0,"Transfer from 21070492 #9446691",0,00:00:00:00,,,,,,,,,,,,
,86807508,10/28/2020 19:24,10/28/2020 19:45,XAUUSD,Buy,0.010,0.00000,0.00000,1879.16000,1880.33000,0.0000,0.0000,117.0,1.17,0.01,"",0,00:00:20:59,,,,,,,,,,,,
,86802221,10/28/2020 18:14,10/28/2020 19:23,XAUUSD,Sell,3.000,0.00000,0.00000,1881.72000,1879.09000,0.0000,0.0000,263.0,789.00,5.19,"",0,00:01:08:13,40.0,27m,503.0,0.22,413.0,1239.0,-90.0,-270.0,82.1,70.2,-150.00,-450.00
,86805231,10/28/2020 18:50,10/28/2020 19:20,XAUUSD,Sell,3.000,1885.30000,0.00000,1881.28000,1879.75000,0.0000,0.0000,153.0,459.00,3.12,"",0,00:00:29:30,,,,,,,,,,,,
,86802456,10/28/2020 18:16,10/28/2020 19:05,XAUUSD,Sell,3.000,0.00000,0.00000,1881.95000,1880.92000,0.0000,0.0000,103.0,309.00,2.14,"",0,00:00:48:30,,,,,,,,,,,,
,86801469,10/28/2020 18:07,10/28/2020 18:44,XAUUSD,Sell,0.500,0.00000,0.00000,1882.24000,1882.19000,0.0000,0.0000,5.0,2.50,0.02,"",0,00:00:37:39,,,,,,,,,,,,
,86801587,10/28/2020 18:09,10/28/2020 18:44,XAUUSD,Sell,0.500,0.00000,0.00000,1882.51000,1882.19000,0.0000,0.0000,32.0,16.00,0.11,"",0,00:00:35:39,,,,,,,,,,,,
,86804183,10/28/2020 18:35,10/28/2020 18:44,XAUUSD,Sell,1.000,1885.30000,0.00000,1883.38000,1882.17000,0.0000,0.0000,121.0,121.00,0.85,"",0,00:00:09:12,,,,,,,,,,,,
,86800901,10/28/2020 18:01,10/28/2020 18:07,XAUUSD,Buy,0.500,0.00000,0.00000,1881.99000,1882.67000,0.0000,0.0000,68.0,34.00,0.24,"",0,00:00:05:13,,,,,,,,,,,,
,86799215,10/28/2020 17:49,,,Deposit,0.010,0.00000,0.00000,0.00000,0.00000,0.0000,0.0000,0.0,4750.00,0,"Bonus deposit 50% - #86799214",0,00:00:00:00,,,,,,,,,,,,
,86799214,10/28/2020 17:49,,,Deposit,0.010,0.00000,0.00000,0.00000,0.00000,0.0000,0.0000,0.0,9500.00,0,"Deposit PAYDOO USD #9444784",0,00:00:00:00,,,,,,,,,,,,
,86791662,10/28/2020 16:56,,,Deposit,0.010,0.00000,0.00000,0.00000,0.00000,0.0000,0.0000,0.0,120.00,0,"Balance reset",0,00:00:00:00,,,,,,,,,,,,
,86791155,10/28/2020 16:53,,,Withdrawal,0.010,0.00000,0.00000,0.00000,0.00000,0.0000,0.0000,0.0,-8850.00,0,"Cancellation of #86781052",0,00:00:00:00,,,,,,,,,,,,
,86782282,10/28/2020 16:03,10/28/2020 16:53,XAUUSD,Buy,5.000,0.00000,0.00000,1877.09000,1870.82000,0.0000,0.0000,-627.0,-3135.00,-26.42,"[stopout]",0,00:00:50:05,,,,,,,,,,,,
,86782214,10/28/2020 16:03,10/28/2020 16:53,XAUUSD,Buy,5.000,0.00000,0.00000,1876.23000,1870.82000,0.0000,0.0000,-541.0,-2705.00,-18.57,"[stopout]",0,00:00:50:19,,,,,,,,,,,,
,86781522,10/28/2020 16:01,10/28/2020 16:53,XAUUSD,Buy,10.000,0.00000,0.00000,1876.55000,1870.82000,0.0000,0.0000,-573.0,-5730.00,-28.23,"[stopout]",0,00:00:52:32,,,,,,,,,,,,
,86781052,10/28/2020 16:00,,,Deposit,0.010,0.00000,0.00000,0.00000,0.00000,0.0000,0.0000,0.0,10000.00,0,"Bonus deposit 100% - #86781044",0,00:00:00:00,,,,,,,,,,,,
,86781044,10/28/2020 16:00,,,Deposit,0.010,0.00000,0.00000,0.00000,0.00000,0.0000,0.0000,0.0,10000.00,0,"Deposit CONNECTUM USD #9442683",0,00:00:00:00,,,,,,,,,,,,
,86778166,10/28/2020 15:53,,,Withdrawal,0.010,0.00000,0.00000,0.00000,0.00000,0.0000,0.0000,0.0,-4770.00,0,"Cancellation of #86772502",0,00:00:00:00,,,,,,,,,,,,
,86774205,10/28/2020 15:29,10/28/2020 15:53,XAUUSD,Buy,5.000,0.00000,0.00000,1880.02000,1876.54000,0.0000,0.0000,-348.0,-1740.00,-25.55,"[stopout]",0,00:00:24:08,,,,,,,,,,,,
,86773378,10/28/2020 15:21,10/28/2020 15:53,XAUUSD,Buy,5.000,0.00000,0.00000,1880.16000,1876.54000,0.0000,0.0000,-362.0,-1810.00,-21.00,"[stopout]",0,00:00:31:32,,,,,,,,,,,,
,86772601,10/28/2020 15:16,10/28/2020 15:53,XAUUSD,Buy,20.000,0.00000,0.00000,1879.73000,1876.54000,0.0000,0.0000,-319.0,-6380.00,-42.53,"[stopout]",0,00:00:37:03,,,,,,,,,,,,
,86772502,10/28/2020 15:15,,,Deposit,0.010,0.00000,0.00000,0.00000,0.00000,0.0000,0.0000,0.0,5000.00,0,"Bonus deposit 50% - #86772501",0,00:00:00:00,,,,,,,,,,,,
,86772501,10/28/2020 15:15,,,Deposit,0.010,0.00000,0.00000,0.00000,0.00000,0.0000,0.0000,0.0,10000.00,0,"Deposit CONNECTUM USD #9441707",0,00:00:00:00,,,,,,,,,,,,
,86760429,10/28/2020 14:08,,,Withdrawal,0.010,0.00000,0.00000,0.00000,0.00000,0.0000,0.0000,0.0,-2623.00,0,"Cancellation of #86755834",0,00:00:00:00,,,,,,,,,,,,
,86755872,10/28/2020 13:29,10/28/2020 14:08,XAUUSD,Buy,15.000,0.00000,0.00000,1894.23000,1888.16000,0.0000,0.0000,-607.0,-9105.00,-77.63,"[stopout]",0,00:00:38:49,,,,,,,,,,,,
,86755789,10/28/2020 13:28,10/28/2020 14:08,XAUUSD,Buy,3.000,0.00000,0.00000,1894.21000,1888.16000,0.0000,0.0000,-605.0,-1815.00,-13.40,"[stopout]",0,00:00:39:51,,,,,,,,,,,,
,86755682,10/28/2020 13:27,10/28/2020 14:08,XAUUSD,Buy,3.000,0.00000,0.00000,1893.50000,1888.16000,0.0000,0.0000,-534.0,-1602.00,-10.58,"[stopout]",0,00:00:40:53,,,,,,,,,,,,
,86755615,10/28/2020 13:26,10/28/2020 14:08,XAUUSD,Buy,20.000,0.00000,0.00000,1893.09000,1888.16000,0.0000,0.0000,-493.0,-9860.00,-39.43,"[stopout]",0,00:00:41:37,,,,,,,,,,,,
,86755834,10/28/2020 13:29,,,Deposit,0.010,0.00000,0.00000,0.00000,0.00000,0.0000,0.0000,0.0,5000.00,0,"Bonus deposit 50% - #86755833",0,00:00:00:00,,,,,,,,,,,,
,86755833,10/28/2020 13:29,,,Deposit,0.010,0.00000,0.00000,0.00000,0.00000,0.0000,0.0000,0.0,10000.00,0,"Deposit LPB-CC-BZ USD #9438958",0,00:00:00:00,,,,,,,,,,,,
,86755604,10/28/2020 13:26,,,Deposit,0.010,0.00000,0.00000,0.00000,0.00000,0.0000,0.0000,0.0,10000.00,0,"Deposit CONNECTUM USD #9438921",0,00:00:00:00,,,,,,,,,,,,
,86754394,10/28/2020 13:15,,,Withdrawal,0.010,0.00000,0.00000,0.00000,0.00000,0.0000,0.0000,0.0,-1244.14,0,"Cancellation of #86746227",0,00:00:00:00,,,,,,,,,,,,
,86753770,10/28/2020 13:10,10/28/2020 13:15,XAUUSD,Buy,5.000,0.00000,0.00000,1895.74000,1893.95000,0.0000,0.0000,-179.0,-895.00,-41.74,"[stopout]",0,00:00:05:17,,,,,,,,,,,,
,86737702,10/28/2020 11:04,10/28/2020 13:07,XAUUSD,Buy,2.000,0.00000,0.00000,1903.06000,1894.07000,0.0000,0.0000,-899.0,-1798.00,-45.61,"[stopout]",0,00:02:03:09,0.0,0s,899.0,909.09,0.0,0.0,-899.0,-1798.0,0.0,0.0,-899.00,-1798.00
,86734563,10/28/2020 10:42,10/28/2020 13:07,XAUUSD,Buy,2.000,0.00000,0.00000,1903.91000,1894.07000,0.0000,0.0000,-984.0,-1968.00,-33.30,"[stopout]",0,00:02:24:57,20.0,28m,997.0,75.76,13.0,26.0,-984.0,-1968.0,1.3,0.0,-997.00,-1994.00
,86734516,10/28/2020 10:42,10/28/2020 13:07,XAUUSD,Buy,3.000,0.00000,0.00000,1903.80000,1894.07000,0.0000,0.0000,-973.0,-2919.00,-33.06,"[stopout]",0,00:02:25:13,20.0,29m,997.0,40.65,24.0,72.0,-973.0,-2919.0,2.4,0.0,-997.00,-2991.00
,86732438,10/28/2020 10:32,10/28/2020 13:07,XAUUSD,Buy,1.000,0.00000,0.00000,1903.37000,1894.07000,0.0000,0.0000,-930.0,-930.00,-9.53,"[stopout]",0,00:02:35:36,20.0,31m,997.0,13.89,67.0,67.0,-930.0,-930.0,6.7,0.0,-997.00,-997.00
,86730743,10/28/2020 10:25,10/28/2020 13:07,XAUUSD,Buy,3.000,0.00000,0.00000,1903.43000,1894.07000,0.0000,0.0000,-936.0,-2808.00,-22.34,"[stopout]",0,00:02:42:04,16.7,27m,997.0,15.36,61.0,183.0,-936.0,-2808.0,6.1,0.0,-997.00,-2991.00
,86729616,10/28/2020 10:21,10/28/2020 13:07,XAUUSD,Buy,5.000,0.00000,0.00000,1903.07000,1894.07000,0.0000,0.0000,-900.0,-4500.00,-26.37,"[stopout]",0,00:02:46:21,16.7,27m,997.0,9.29,97.0,485.0,-900.0,-4500.0,9.7,0.0,-997.00,-4985.00
,86727494,10/28/2020 10:14,10/28/2020 13:07,XAUUSD,Buy,3.000,0.00000,0.00000,1906.33000,1894.07000,0.0000,0.0000,-1226.0,-3678.00,-17.73,"[stopout]",0,00:02:53:32,0.0,0s,1226.0,1250.00,0.0,0.0,-1226.0,-3678.0,0.0,0.0,-1226.00,-3678.00
,86726477,10/28/2020 10:10,10/28/2020 13:07,XAUUSD,Buy,2.000,0.00000,0.00000,1906.72000,1894.07000,0.0000,0.0000,-1265.0,-2530.00,-10.87,"[stopout]",0,00:02:57:21,0.0,0s,1265.0,1428.57,0.0,0.0,-1265.0,-2530.0,0.0,0.0,-1265.00,-2530.00
,86723848,10/28/2020 10:01,10/28/2020 13:07,XAUUSD,Buy,2.000,0.00000,0.00000,1906.88000,1894.07000,0.0000,0.0000,-1281.0,-2562.00,-9.92,"[stopout]",0,00:03:06:20,0.0,0s,1281.0,1428.57,0.0,0.0,-1281.0,-2562.0,0.0,0.0,-1281.00,-2562.00
,86723649,10/28/2020 10:00,10/28/2020 13:07,XAUUSD,Buy,1.000,0.00000,0.00000,1906.60000,1894.07000,0.0000,0.0000,-1253.0,-1253.00,-4.63,"[stopout]",0,00:03:07:10,0.0,0s,1253.0,1428.57,0.0,0.0,-1253.0,-1253.0,0.0,0.0,-1253.00,-1253.00
,86723638,10/28/2020 10:00,10/28/2020 13:07,XAUUSD,Buy,1.000,0.00000,0.00000,1906.37000,1894.07000,0.0000,0.0000,-1230.0,-1230.00,-4.34,"[stopout]",0,00:03:07:16,0.0,0s,1230.0,1250.00,0.0,0.0,-1230.0,-1230.0,0.0,0.0,-1230.00,-1230.00
,86722315,10/28/2020 09:49,10/28/2020 13:07,XAUUSD,Buy,1.000,0.00000,0.00000,1907.34000,1894.07000,0.0000,0.0000,-1327.0,-1327.00,-4.48,"[stopout]",0,00:03:18:29,0.0,0s,1327.0,1428.57,0.0,0.0,-1327.0,-1327.0,0.0,0.0,-1327.00,-1327.00
,86721658,10/28/2020 09:43,10/28/2020 13:07,XAUUSD,Buy,1.000,0.00000,0.00000,1907.95000,1894.07000,0.0000,0.0000,-1388.0,-1388.00,-4.47,"[stopout]",0,00:03:24:23,0.0,0s,1388.0,1428.57,0.0,0.0,-1388.0,-1388.0,0.0,0.0,-1388.00,-1388.00
,86721624,10/28/2020 09:42,10/28/2020 13:07,XAUUSD,Buy,1.000,0.00000,0.00000,1907.47000,1894.07000,0.0000,0.0000,-1340.0,-1340.00,-4.14,"[stopout]",0,00:03:24:49,0.0,0s,1340.0,1428.57,0.0,0.0,-1340.0,-1340.0,0.0,0.0,-1340.00,-1340.00
,86719829,10/28/2020 09:24,10/28/2020 13:07,XAUUSD,Buy,2.000,0.00000,0.00000,1906.43000,1894.07000,0.0000,0.0000,-1236.0,-2472.00,-7.09,"[stopout]",0,00:03:43:16,0.0,0s,1236.0,1250.00,0.0,0.0,-1236.0,-2472.0,0.0,0.0,-1236.00,-2472.00
,86750662,10/28/2020 12:47,,,Deposit,0.010,0.00000,0.00000,0.00000,0.00000,0.0000,0.0000,0.0,2000.00,0,"Transfer from 21065213 #9438224",0,00:00:00:00,,,,,,,,,,,,
,86746227,10/28/2020 12:01,,,Deposit,0.010,0.00000,0.00000,0.00000,0.00000,0.0000,0.0000,0.0,1250.00,0,"Bonus deposit 25% - #86746221",0,00:00:00:00,,,,,,,,,,,,
,86746221,10/28/2020 12:01,,,Deposit,0.010,0.00000,0.00000,0.00000,0.00000,0.0000,0.0000,0.0,5000.00,0,"Deposit CONNECTUM USD #9437582",0,00:00:00:00,,,,,,,,,,,,
,86741437,10/28/2020 11:26,,,Deposit,0.010,0.00000,0.00000,0.00000,0.00000,0.0000,0.0000,0.0,2500.00,0,"Transfer from 21070492 #9437045",0,00:00:00:00,,,,,,,,,,,,
,86737565,10/28/2020 11:03,,,Deposit,0.010,0.00000,0.00000,0.00000,0.00000,0.0000,0.0000,0.0,7008.79,0,"Transfer from 10189649 #9436756",0,00:00:00:00,,,,,,,,,,,,
,86728845,10/28/2020 10:18,,,Deposit,0.010,0.00000,0.00000,0.00000,0.00000,0.0000,0.0000,0.0,9000.00,0,"Transfer from 10189649 #9436124",0,00:00:00:00,,,,,,,,,,,,
,86727441,10/28/2020 10:14,,,Deposit,0.010,0.00000,0.00000,0.00000,0.00000,0.0000,0.0000,0.0,3000.00,0,"Transfer from 10189649 #9436021",0,00:00:00:00,,,,,,,,,,,,
,86710261,10/28/2020 06:41,10/28/2020 08:20,XAUUSD,Buy,0.010,0.00000,0.00000,1908.74000,1909.55000,0.0000,0.0000,81.0,0.81,0.02,"",0,00:01:38:43,,,,,,,,,,,,
,86711768,10/28/2020 07:40,10/28/2020 08:20,XAUUSD,Buy,1.000,0.00000,0.00000,1908.68000,1909.55000,0.0000,0.0000,87.0,87.00,1.74,"",0,00:00:39:46,,,,,,,,,,,,
,86690489,10/27/2020 20:05,,,Withdrawal,0.010,0.00000,0.00000,0.00000,0.00000,0.0000,0.0000,0.0,-147.00,0,"Transfer to 10189649 #9431777",0,00:00:00:00,,,,,,,,,,,,
,86681296,10/27/2020 17:44,10/27/2020 17:48,XAUUSD,Sell,2.000,0.00000,0.00000,1909.57000,1909.36000,0.0000,0.0000,21.0,42.00,0.82,"",0,00:00:04:23,,,,,,,,,,,,
,86681249,10/27/2020 17:43,10/27/2020 17:48,XAUUSD,Sell,3.000,0.00000,0.00000,1909.67000,1909.32000,0.0000,0.0000,35.0,105.00,2.10,"",0,00:00:04:56,,,,,,,,,,,,
,86679742,10/27/2020 17:33,,,Withdrawal,0.010,0.00000,0.00000,0.00000,0.00000,0.0000,0.0000,0.0,-28116.00,0,"Transfer to 10189649 #9430428",0,00:00:00:00,,,,,,,,,,,,
,86460065,10/23/2020 15:44,10/27/2020 15:46,XAUUSD,Buy,0.500,0.00000,0.00000,1911.73000,1905.43000,0.0000,-11.6000,-630.0,-326.60,-0.98,"",0,04:00:01:50,0.0,0s,1829.0,2000.00,0.0,0.0,-1829.0,-914.5,0.0,65.6,-630.00,-315.00
,86460524,10/23/2020 15:51,10/27/2020 15:45,XAUUSD,Buy,0.500,0.00000,0.00000,1911.67000,1905.98000,0.0000,-11.6000,-569.0,-296.10,-0.88,"",0,03:23:54:10,0.0,0s,1823.0,2000.00,0.0,0.0,-1823.0,-911.5,0.0,68.8,-569.00,-284.50
,86624810,10/27/2020 07:19,10/27/2020 15:45,XAUUSD,Buy,0.500,0.00000,0.00000,1908.01000,1905.87000,0.0000,0.0000,-214.0,-107.00,-0.32,"",0,00:08:26:06,11.8,59m,1053.0,7.16,129.0,64.5,-924.0,-462.0,12.3,67.4,-343.00,-171.50
,86667019,10/27/2020 15:31,10/27/2020 15:42,XAUUSD,Buy,0.500,0.00000,0.00000,1904.73000,1905.14000,0.0000,0.0000,41.0,20.50,0.06,"",0,00:00:11:17,,,,,,,,,,,,
,86668247,10/27/2020 15:40,10/27/2020 15:42,XAUUSD,Buy,1.500,0.00000,0.00000,1906.22000,1905.48000,0.0000,0.0000,-74.0,-111.00,-0.33,"",0,00:00:01:54,,,,,,,,,,,,
,86667673,10/27/2020 15:35,10/27/2020 15:42,XAUUSD,Buy,1.500,0.00000,0.00000,1904.90000,1905.58000,0.0000,0.0000,68.0,102.00,0.30,"",0,00:00:06:25,,,,,,,,,,,,
,86666273,10/27/2020 15:19,10/27/2020 15:42,XAUUSD,Buy,1.000,0.00000,0.00000,1905.40000,1905.73000,0.0000,0.0000,33.0,33.00,0.10,"",0,00:00:22:47,,,,,,,,,,,,
,86666521,10/27/2020 15:23,10/27/2020 15:42,XAUUSD,Buy,1.000,0.00000,0.00000,1904.79000,1905.78000,0.0000,0.0000,99.0,99.00,0.29,"",0,00:00:18:55,,,,,,,,,,,,
,86667313,10/27/2020 15:32,10/27/2020 15:42,XAUUSD,Buy,1.500,0.00000,0.00000,1903.00000,1905.75000,0.0000,0.0000,275.0,412.50,1.24,"",0,00:00:09:12,,,,,,,,,,,,
,86633909,10/27/2020 09:58,10/27/2020 15:11,XAUUSD,Buy,0.500,0.00000,0.00000,1905.06000,1906.03000,0.0000,0.0000,97.0,48.50,0.15,"",0,00:05:12:37,9.1,28m,629.0,6.49,97.0,48.5,-629.0,-314.5,13.4,100.0,0.00,0.00
,86460073,10/23/2020 15:44,10/27/2020 15:11,XAUUSD,Buy,0.500,0.00000,0.00000,1911.83000,1906.15000,0.0000,-11.6000,-568.0,-295.60,-0.88,"",0,03:23:26:53,0.0,0s,1839.0,2000.00,0.0,0.0,-1839.0,-919.5,0.0,69.1,-568.00,-284.00
,86629752,10/27/2020 09:09,10/27/2020 15:11,XAUUSD,Buy,1.000,0.00000,0.00000,1906.28000,1906.39000,0.0000,0.0000,11.0,11.00,0.03,"",0,00:06:01:24,8.4,30m,751.0,68.49,11.0,11.0,-751.0,-751.0,1.4,100.0,0.00,0.00
,86663109,10/27/2020 14:45,10/27/2020 15:04,XAUUSD,Buy,1.500,0.00000,0.00000,1903.90000,1904.83000,0.0000,0.0000,93.0,139.50,0.42,"",0,00:00:19:30,,,,,,,,,,,,
,86662104,10/27/2020 14:32,10/27/2020 15:01,XAUUSD,Buy,1.000,0.00000,0.00000,1901.93000,1904.94000,0.0000,0.0000,301.0,301.00,0.91,"",0,00:00:29:53,,,,,,,,,,,,
,86649047,10/27/2020 11:51,10/27/2020 15:01,XAUUSD,Buy,1.000,0.00000,0.00000,1900.85000,1904.87000,0.0000,0.0000,402.0,402.00,1.23,"",0,00:03:10:23,71.5,2h 16m,217.0,0.52,402.0,402.0,-208.0,-208.0,65.9,100.0,0.00,0.00
,86631671,10/27/2020 09:31,10/27/2020 15:01,XAUUSD,Buy,1.000,0.00000,0.00000,1905.36000,1904.99000,0.0000,0.0000,-37.0,-37.00,-0.11,"",0,00:05:29:21,0.0,0s,659.0,666.67,0.0,0.0,-659.0,-659.0,0.0,94.4,-37.00,-37.00
,86638790,10/27/2020 10:24,10/27/2020 15:01,XAUUSD,Buy,2.000,0.00000,0.00000,1902.31000,1905.35000,0.0000,0.0000,304.0,608.00,1.89,"",0,00:04:36:08,40.0,1h 50m,354.0,1.16,304.0,608.0,-354.0,-708.0,46.2,100.0,0.00,0.00
,86633487,10/27/2020 09:54,10/27/2020 15:00,XAUUSD,Buy,1.000,0.00000,0.00000,1904.31000,1905.58000,0.0000,0.0000,127.0,127.00,0.40,"",0,00:05:06:53,9.1,27m,554.0,4.36,127.0,127.0,-554.0,-554.0,18.6,100.0,0.00,0.00
,86631649,10/27/2020 09:31,10/27/2020 15:00,XAUUSD,Buy,1.000,0.00000,0.00000,1905.29000,1905.28000,0.0000,0.0000,-1.0,-1.00,0.00,"",0,00:05:29:21,0.0,0s,652.0,666.67,0.0,0.0,-652.0,-652.0,0.0,99.8,-1.00,-1.00
,86633459,10/27/2020 09:53,10/27/2020 15:00,XAUUSD,Buy,1.000,0.00000,0.00000,1904.19000,1905.40000,0.0000,0.0000,121.0,121.00,0.38,"",0,00:05:06:51,9.1,27m,542.0,4.48,121.0,121.0,-542.0,-542.0,18.3,100.0,0.00,0.00
,86652200,10/27/2020 12:31,10/27/2020 14:53,XAUUSD,Buy,2.000,0.00000,0.00000,1899.16000,1903.22000,0.0000,0.0000,406.0,812.00,2.61,"",0,00:02:22:24,100.0,2h 22m,0.0,0.00,406.0,812.0,0.0,0.0,100.0,100.0,0.00,0.00
,86636652,10/27/2020 10:13,10/27/2020 14:53,XAUUSD,Buy,2.000,0.00000,0.00000,1902.96000,1903.23000,0.0000,0.0000,27.0,54.00,0.17,"",0,00:04:40:48,11.2,31m,419.0,15.53,27.0,54.0,-419.0,-838.0,6.1,100.0,0.00,0.00
,86662483,10/27/2020 14:36,10/27/2020 14:53,XAUUSD,Buy,5.000,1897.80000,0.00000,1901.93000,1903.21000,0.0000,0.0000,128.0,640.00,2.11,"",0,00:00:16:56,,,,,,,,,,,,
,86602128,10/26/2020 18:52,10/27/2020 14:17,XAUUSD,Buy,0.500,0.00000,0.00000,1903.72000,1903.82000,0.0000,-5.8000,10.0,-0.80,0.00,"",0,00:19:24:39,48.8,9h 28m,1053.0,0.89,558.0,279.0,-495.0,-247.5,53.0,48.0,-548.00,-274.00
,86652744,10/27/2020 12:42,10/27/2020 14:08,XAUUSD,Buy,2.000,0.00000,0.00000,1900.42000,1902.75000,0.0000,0.0000,233.0,466.00,1.56,"",0,00:01:25:38,,,,,,,,,,,,
,86637243,10/27/2020 10:15,10/27/2020 14:08,XAUUSD,Buy,5.000,0.00000,0.00000,1902.79000,1902.78000,0.0000,0.0000,-1.0,-5.00,-0.02,"",0,00:03:52:41,0.0,0s,402.0,416.67,0.0,0.0,-402.0,-2010.0,0.0,99.8,-1.00,-5.00
,86637582,10/27/2020 10:17,10/27/2020 13:15,XAUUSD,Buy,2.000,0.00000,0.00000,1902.49000,1901.99000,0.0000,0.0000,-50.0,-100.00,-0.33,"",0,00:02:57:27,0.0,0s,372.0,384.62,0.0,0.0,-372.0,-744.0,0.0,86.6,-50.00,-100.00
,86652087,10/27/2020 12:30,10/27/2020 13:14,XAUUSD,Buy,3.000,0.00000,0.00000,1899.30000,1901.90000,0.0000,0.0000,260.0,780.00,2.67,"",0,00:00:44:31,,,,,,,,,,,,
,86645499,10/27/2020 11:13,10/27/2020 13:12,XAUUSD,Buy,5.000,0.00000,0.00000,1900.13000,1902.48000,0.0000,0.0000,235.0,1175.00,4.19,"",0,00:01:58:52,,,,,,,,,,,,
,86651085,10/27/2020 12:15,10/27/2020 12:29,XAUUSD,Buy,3.000,1898.80000,0.00000,1900.46000,1898.90000,0.0000,0.0000,-156.0,-468.00,-1.64,"[sl]",0,00:00:13:45,,,,,,,,,,,,
,86646165,10/27/2020 11:19,10/27/2020 12:20,XAUUSD,Buy,5.000,0.00000,0.00000,1898.61000,1901.16000,0.0000,0.0000,255.0,1275.00,4.68,"",0,00:01:01:26,,,,,,,,,,,,
,86649121,10/27/2020 11:52,10/27/2020 12:20,XAUUSD,Buy,1.000,0.00000,0.00000,1900.85000,1901.02000,0.0000,0.0000,17.0,17.00,0.06,"",0,00:00:28:03,,,,,,,,,,,,
,86645482,10/27/2020 11:13,,,Deposit,0.010,0.00000,0.00000,0.00000,0.00000,0.0000,0.0000,0.0,7500.00,0,"Transfer from 10189649 #9426881",0,00:00:00:00,,,,,,,,,,,,
,86621734,10/27/2020 04:57,,,Withdrawal,0.010,0.00000,0.00000,0.00000,0.00000,0.0000,0.0000,0.0,-60000.00,0,"Transfer to 10189649 #9424516",0,00:00:00:00,,,,,,,,,,,,
,86601602,10/26/2020 18:45,10/27/2020 04:36,XAUUSD,Buy,0.500,0.00000,0.00000,1904.23000,1909.58000,0.0000,-5.8000,535.0,261.70,0.33,"",0,00:09:50:46,25.0,2h 27m,240.0,0.45,535.0,267.5,-240.0,-120.0,69.0,100.0,0.00,0.00
,86460901,10/23/2020 15:54,10/27/2020 04:36,XAUUSD,Buy,1.000,0.00000,0.00000,1910.12000,1909.56000,0.0000,-23.2000,-56.0,-79.20,-0.10,"",0,03:12:41:59,0.0,0s,1668.0,2000.00,0.0,0.0,-1668.0,-1668.0,0.0,96.6,-56.00,-56.00
,86461056,10/23/2020 15:56,10/27/2020 04:36,XAUUSD,Buy,1.000,0.00000,0.00000,1910.21000,1909.45000,0.0000,-23.2000,-76.0,-99.20,-0.12,"",0,03:12:39:41,0.0,0s,1677.0,2000.00,0.0,0.0,-1677.0,-1677.0,0.0,95.5,-76.00,-76.00
,86588215,10/26/2020 17:13,10/27/2020 04:36,XAUUSD,Buy,1.000,0.00000,0.00000,1904.09000,1909.48000,0.0000,-11.6000,539.0,527.40,0.67,"",0,00:11:22:31,39.2,4h 27m,308.0,0.42,539.0,539.0,-226.0,-226.0,70.5,100.0,0.00,0.00
,86577250,10/26/2020 16:26,10/27/2020 04:24,XAUUSD,Buy,0.700,0.00000,0.00000,1904.87000,1908.82000,0.0000,-8.1200,395.0,268.38,0.34,"",0,00:11:58:35,16.7,2h 0m,308.0,0.77,395.0,276.5,-304.0,-212.79999999999998,56.5,100.0,0.00,0.00
,86464138,10/23/2020 16:33,10/27/2020 04:24,XAUUSD,Buy,1.000,0.00000,0.00000,1908.91000,1908.83000,0.0000,-23.2000,-8.0,-31.20,-0.04,"",0,03:11:51:28,0.0,0s,1547.0,1666.67,0.0,0.0,-1547.0,-1547.0,0.0,99.5,-8.00,-8.00
,86463287,10/23/2020 16:24,10/27/2020 04:24,XAUUSD,Buy,1.000,0.00000,0.00000,1909.24000,1908.80000,0.0000,-23.2000,-44.0,-67.20,-0.09,"",0,03:12:00:30,0.0,0s,1580.0,1666.67,0.0,0.0,-1580.0,-1580.0,0.0,97.2,-44.00,-44.00
,86461188,10/23/2020 15:57,10/27/2020 04:24,XAUUSD,Buy,0.500,0.00000,0.00000,1910.02000,1908.83000,0.0000,-11.6000,-119.0,-71.10,-0.09,"",0,03:12:26:55,0.0,0s,1658.0,1666.67,0.0,0.0,-1658.0,-829.0,0.0,92.8,-119.00,-59.50
,86464727,10/23/2020 16:36,10/27/2020 04:24,XAUUSD,Buy,1.300,0.00000,0.00000,1905.31000,1908.82000,0.0000,-30.1400,351.0,426.16,0.54,"",0,03:11:48:12,1.2,1h 0m,1187.0,3.38,351.0,456.3,-1187.0,-1543.1000000000001,22.8,100.0,0.00,0.00
,86606352,10/26/2020 19:43,10/26/2020 21:03,XAUUSD,Buy,3.000,0.00000,0.00000,1901.81000,1903.66000,0.0000,0.0000,185.0,555.00,0.71,"",0,00:01:19:45,,,,,,,,,,,,
,86605930,10/26/2020 19:36,10/26/2020 20:18,XAUUSD,Buy,3.000,0.00000,0.00000,1901.41000,1902.91000,0.0000,0.0000,150.0,450.00,0.58,"",0,00:00:41:52,,,,,,,,,,,,
,86585377,10/26/2020 17:01,10/26/2020 19:16,XAUUSD,Buy,0.500,0.00000,0.00000,1900.93000,1904.58000,0.0000,0.0000,365.0,182.50,0.24,"",0,00:02:15:08,100.0,2h 15m,33.0,0.00,398.0,199.0,0.0,0.0,100.0,91.7,-33.00,-16.50
,86592203,10/26/2020 17:35,10/26/2020 17:59,XAUUSD,Buy,1.000,0.00000,0.00000,1902.77000,1904.70000,0.0000,0.0000,193.0,193.00,0.25,"",0,00:00:23:48,,,,,,,,,,,,
,86577550,10/26/2020 16:27,10/26/2020 17:59,XAUUSD,Buy,1.000,0.00000,0.00000,1904.51000,1904.73000,0.0000,0.0000,22.0,22.00,0.03,"",0,00:01:31:51,,,,,,,,,,,,
,86586100,10/26/2020 17:03,10/26/2020 17:59,XAUUSD,Buy,0.500,0.00000,0.00000,1900.06000,1904.77000,0.0000,0.0000,471.0,235.50,0.31,"",0,00:00:55:25,,,,,,,,,,,,
,86579534,10/26/2020 16:33,10/26/2020 16:44,XAUUSD,Buy,1.000,0.00000,0.00000,1903.19000,1905.66000,0.0000,0.0000,247.0,247.00,0.32,"",0,00:00:10:38,,,,,,,,,,,,
,86464670,10/23/2020 16:35,10/26/2020 16:05,XAUUSD,Buy,1.500,0.00000,0.00000,1905.45000,1907.99000,0.0000,-17.3900,254.0,363.61,0.48,"",0,02:23:29:39,0.7,30m,1201.0,4.73,254.0,381.0,-1201.0,-1801.5,17.5,100.0,0.00,0.00
,86560983,10/26/2020 14:37,10/26/2020 16:03,XAUUSD,Buy,2.000,0.00000,0.00000,1905.45000,1907.22000,0.0000,0.0000,177.0,354.00,0.47,"",0,00:01:25:49,,,,,,,,,,,,
,86562312,10/26/2020 14:47,10/26/2020 15:53,XAUUSD,Buy,1.500,1897.39000,0.00000,1903.05000,1904.89000,0.0000,0.0000,184.0,276.00,0.36,"",0,00:01:06:10,,,,,,,,,,,,
,86561640,10/26/2020 14:43,10/26/2020 15:34,XAUUSD,Buy,1.500,0.00000,0.00000,1904.41000,1904.45000,0.0000,0.0000,4.0,6.00,0.01,"",0,00:00:50:58,,,,,,,,,,,,
,86562368,10/26/2020 14:47,10/26/2020 15:34,XAUUSD,Buy,3.000,1897.39000,0.00000,1903.12000,1904.34000,0.0000,0.0000,122.0,366.00,0.49,"",0,00:00:46:19,,,,,,,,,,,,
,86562660,10/26/2020 14:49,10/26/2020 15:30,XAUUSD,Buy,3.000,1897.39000,0.00000,1902.81000,1903.81000,0.0000,0.0000,100.0,300.00,0.40,"",0,00:00:41:23,,,,,,,,,,,,
,86564022,10/26/2020 14:55,10/26/2020 15:09,XAUUSD,Buy,5.000,1898.39000,0.00000,1901.36000,1902.20000,0.0000,0.0000,84.0,420.00,0.56,"",0,00:00:14:06,,,,,,,,,,,,
,86458554,10/22/2020 17:36,10/26/2020 14:37,XAUUSD,Buy,7.000,0.00000,0.00000,1897.52000,1904.86000,0.0000,-162.3400,734.0,4975.66,7.14,"from #86458385",0,03:21:00:33,95.7,3d 17h ,2027.0,0.25,1619.0,11333.0,-408.0,-2856.0,79.9,56.3,-885.00,-6195.00
,86464668,10/23/2020 16:35,10/26/2020 14:37,XAUUSD,Buy,1.500,0.00000,0.00000,1905.35000,1904.77000,0.0000,-17.3900,-58.0,-104.39,-0.15,"",0,02:22:01:11,0.0,0s,1191.0,1250.00,0.0,0.0,-1191.0,-1786.5,0.0,95.1,-58.00,-87.00
,86556695,10/26/2020 14:01,10/26/2020 14:32,XAUUSD,Buy,2.000,0.00000,0.00000,1903.88000,1905.16000,0.0000,0.0000,128.0,256.00,0.37,"",0,00:00:31:45,,,,,,,,,,,,
,86552271,10/26/2020 13:23,10/26/2020 14:27,XAUUSD,Buy,2.000,0.00000,0.00000,1904.07000,1904.25000,0.0000,0.0000,18.0,36.00,0.05,"",0,00:01:03:32,,,,,,,,,,,,
,86557867,10/26/2020 14:08,10/26/2020 14:27,XAUUSD,Buy,3.000,0.00000,0.00000,1902.61000,1904.26000,0.0000,0.0000,165.0,495.00,0.72,"",0,00:00:18:52,,,,,,,,,,,,
,86546397,10/26/2020 12:22,10/26/2020 12:56,XAUUSD,Buy,5.000,0.00000,0.00000,1902.77000,1904.32000,0.0000,0.0000,155.0,775.00,1.14,"",0,00:00:34:17,,,,,,,,,,,,
,86467104,10/23/2020 16:58,10/26/2020 12:20,XAUUSD,Buy,1.300,0.00000,0.00000,1904.90000,1902.14000,0.0000,-15.0700,-276.0,-373.87,-0.55,"",0,02:19:22:09,0.0,0s,1146.0,1250.00,0.0,0.0,-1146.0,-1489.8,0.0,75.9,-276.00,-358.80
,86464773,10/23/2020 16:36,10/26/2020 12:20,XAUUSD,Buy,1.300,0.00000,0.00000,1905.40000,1902.16000,0.0000,-15.0700,-324.0,-436.27,-0.63,"",0,02:19:44:02,0.0,0s,1196.0,1250.00,0.0,0.0,-1196.0,-1554.8,0.0,72.9,-324.00,-421.20
,86525801,10/26/2020 10:01,10/26/2020 12:20,XAUUSD,Buy,3.000,1888.80000,0.00000,1899.45000,1902.19000,0.0000,0.0000,274.0,822.00,1.21,"",0,00:02:18:48,50.0,1h 9m,255.0,0.93,274.0,822.0,-255.0,-765.0,51.8,100.0,0.00,0.00
,86512526,10/26/2020 04:54,10/26/2020 11:55,XAUUSD,Buy,3.000,1889.80000,0.00000,1899.41000,1901.89000,0.0000,0.0000,248.0,744.00,1.10,"",0,00:07:00:22,14.3,1h 0m,347.0,1.01,248.0,744.0,-251.0,-753.0,49.7,100.0,0.00,0.00
,86511567,10/26/2020 04:32,10/26/2020 11:17,XAUUSD,Buy,1.000,0.00000,0.00000,1899.83000,1900.64000,0.0000,0.0000,81.0,81.00,0.12,"",0,00:06:45:28,15.4,1h 2m,347.0,3.62,81.0,81.0,-293.0,-293.0,21.7,100.0,0.00,0.00
,86511473,10/26/2020 04:30,10/26/2020 11:17,XAUUSD,Buy,3.000,1893.80000,0.00000,1900.25000,1900.74000,0.0000,0.0000,49.0,147.00,0.22,"",0,00:06:47:23,15.4,1h 2m,347.0,6.84,49.0,147.0,-335.0,-1005.0,12.8,100.0,0.00,0.00
,86537336,10/26/2020 11:08,10/26/2020 11:17,XAUUSD,Buy,1.000,0.00000,0.00000,1898.38000,1900.75000,0.0000,0.0000,237.0,237.00,0.35,"",0,00:00:09:07,,,,,,,,,,,,
,86531210,10/26/2020 10:30,10/26/2020 11:17,XAUUSD,Buy,3.000,183.39000,0.00000,1897.40000,1900.64000,0.0000,0.0000,324.0,972.00,1.47,"",0,00:00:46:34,,,,,,,,,,,,
,86532986,10/26/2020 10:42,10/26/2020 10:49,XAUUSD,Buy,3.000,1894.40000,0.00000,1897.38000,1900.74000,0.0000,0.0000,336.0,1008.00,1.55,"",0,00:00:07:21,,,,,,,,,,,,
,86529892,10/26/2020 10:23,10/26/2020 10:49,XAUUSD,Buy,5.000,1894.38000,0.00000,1899.31000,1900.47000,0.0000,0.0000,116.0,580.00,0.90,"",0,00:00:25:37,,,,,,,,,,,,
,86513702,10/26/2020 05:17,10/26/2020 09:45,XAUUSD,Buy,3.000,1889.80000,0.00000,1898.99000,1900.16000,0.0000,0.0000,117.0,351.00,0.55,"",0,00:04:27:52,11.2,30m,200.0,1.71,117.0,351.0,-200.0,-600.0,36.9,100.0,0.00,0.00
,86512055,10/26/2020 04:46,10/26/2020 09:40,XAUUSD,Buy,1.000,0.00000,0.00000,1899.64000,1899.88000,0.0000,0.0000,24.0,24.00,0.04,"",0,00:04:53:42,10.0,29m,265.0,11.05,24.0,24.0,-265.0,-265.0,8.3,100.0,0.00,0.00
,86516623,10/26/2020 07:34,10/26/2020 09:23,XAUUSD,Buy,8.000,1891.80000,0.00000,1896.70000,1899.65000,0.0000,0.0000,295.0,2360.00,3.83,"",0,00:01:49:04,,,,,,,,,,,,
,86516424,10/26/2020 07:28,10/26/2020 07:33,XAUUSD,Buy,3.000,1895.80000,0.00000,1898.46000,1895.67000,0.0000,0.0000,-279.0,-837.00,-1.34,"[sl]",0,00:00:04:31,,,,,,,,,,,,
,86472834,10/23/2020 17:47,10/26/2020 00:55,XAUUSD,Buy,2.000,1892.80000,0.00000,1899.95000,1893.28000,0.0000,-23.1900,-667.0,-1357.19,-2.13,"[sl]",0,02:07:08:27,97.3,2d 5h ,1122.0,1.47,455.0,910.0,-667.0,-1334.0,40.6,0.0,-1122.00,-2244.00
,86484812,10/23/2020 19:29,10/23/2020 21:32,XAUUSD,Buy,1.000,1892.80000,0.00000,1897.33000,1903.94000,0.0000,0.0000,661.0,661.00,1.05,"from #86484276",0,00:02:03:15,100.0,2h 3m,241.0,0.00,717.0,717.0,0.0,0.0,100.0,92.2,-56.00,-56.00
,86472711,10/23/2020 17:45,10/23/2020 21:02,XAUUSD,Buy,2.000,0.00000,0.00000,1900.00000,1903.02000,0.0000,0.0000,302.0,604.00,0.96,"",0,00:03:16:28,100.0,3h 16m,241.0,0.00,450.0,900.0,0.0,0.0,100.0,67.1,-148.00,-296.00
,86470620,10/23/2020 17:23,10/23/2020 20:31,XAUUSD,Buy,5.000,0.00000,0.00000,1901.87000,1902.88000,0.0000,0.0000,101.0,505.00,0.81,"",0,00:03:08:12,71.5,2h 14m,463.0,1.76,263.0,1315.0,-463.0,-2315.0,36.2,77.7,-162.00,-810.00
,86470897,10/23/2020 17:24,10/23/2020 20:31,XAUUSD,Buy,3.000,0.00000,0.00000,1901.05000,1902.85000,0.0000,0.0000,180.0,540.00,0.88,"",0,00:03:06:19,71.5,2h 13m,381.0,1.10,345.0,1035.0,-381.0,-1143.0,47.5,77.3,-165.00,-495.00
,86471065,10/23/2020 17:26,10/23/2020 20:31,XAUUSD,Buy,3.000,0.00000,0.00000,1901.23000,1902.85000,0.0000,0.0000,162.0,486.00,0.80,"",0,00:03:05:01,71.5,2h 12m,399.0,1.22,327.0,981.0,-399.0,-1197.0,45.0,77.3,-165.00,-495.00
,86484276,10/23/2020 19:29,10/23/2020 19:44,XAUUSD,Buy,2.000,1892.80000,0.00000,1897.33000,1899.26000,0.0000,0.0000,193.0,386.00,0.64,"to #86484812",0,00:00:14:23,,,,,,,,,,,,
,86483954,10/23/2020 19:23,10/23/2020 19:43,XAUUSD,Buy,3.000,1892.80000,0.00000,1897.03000,1899.31000,0.0000,0.0000,228.0,684.00,1.14,"",0,00:00:20:50,,,,,,,,,,,,
,86479701,10/23/2020 18:46,10/23/2020 19:43,XAUUSD,Buy,2.000,1892.80000,0.00000,1897.62000,1899.30000,0.0000,0.0000,168.0,336.00,0.56,"",0,00:00:57:09,,,,,,,,,,,,
,86477447,10/23/2020 18:26,10/23/2020 19:14,XAUUSD,Buy,2.000,0.00000,0.00000,1897.27000,1897.45000,0.0000,0.0000,18.0,36.00,0.06,"",0,00:00:48:02,,,,,,,,,,,,
,86472983,10/23/2020 17:49,10/23/2020 18:07,XAUUSD,Buy,3.000,1893.80000,0.00000,1897.08000,1900.72000,0.0000,0.0000,364.0,1092.00,1.87,"",0,00:00:18:40,,,,,,,,,,,,
,86473315,10/23/2020 17:51,10/23/2020 18:00,XAUUSD,Buy,3.000,1893.80000,0.00000,1896.49000,1897.61000,0.0000,0.0000,112.0,336.00,0.58,"",0,00:00:09:13,,,,,,,,,,,,
,86470984,10/23/2020 17:25,10/23/2020 17:35,XAUUSD,Buy,3.000,0.00000,0.00000,1900.47000,1901.28000,0.0000,0.0000,81.0,243.00,0.42,"",0,00:00:10:27,,,,,,,,,,,,
,86471612,10/23/2020 17:29,10/23/2020 17:34,XAUUSD,Buy,3.000,0.00000,0.00000,1899.67000,1901.19000,0.0000,0.0000,152.0,456.00,0.79,"",0,00:00:04:56,,,,,,,,,,,,
,86467664,10/23/2020 17:00,10/23/2020 17:13,XAUUSD,Buy,3.000,0.00000,0.00000,1904.35000,1905.42000,0.0000,0.0000,107.0,321.00,0.56,"",0,00:00:12:53,,,,,,,,,,,,
,86458385,10/22/2020 17:36,10/23/2020 15:30,XAUUSD,Buy,0.500,1898.80000,0.00000,1897.52000,1913.79000,0.0000,-5.8000,1627.0,807.70,1.43,"to #86458554",0,00:21:53:48,100.0,21h 53m,1045.0,0.00,1627.0,813.5,0.0,0.0,100.0,100.0,0.00,0.00
,86458094,10/22/2020 17:36,10/23/2020 15:29,XAUUSD,Buy,1.500,1898.80000,0.00000,1897.52000,1913.73000,0.0000,-17.3900,1621.0,2414.11,4.47,"to #86458385",0,00:21:52:51,100.0,21h 52m,539.0,0.00,1621.0,2431.5,0.0,0.0,100.0,100.0,0.00,0.00
,86439306,10/22/2020 17:36,10/23/2020 15:27,XAUUSD,Buy,1.000,1898.80000,0.00000,1897.52000,1912.99000,0.0000,-11.6000,1547.0,1535.40,2.93,"to #86458094",0,00:21:50:48,100.0,21h 50m,539.0,0.00,1619.0,1619.0,0.0,0.0,100.0,95.6,-72.00,-72.00
,86442261,10/23/2020 12:12,10/23/2020 14:38,XAUUSD,Buy,2.000,1905.40000,0.00000,1910.28000,1911.26000,0.0000,0.0000,98.0,196.00,0.38,"",0,00:02:25:51,80.0,1h 56m,347.0,0.01,343.0,686.0,-4.0,-8.0,98.8,29.4,-245.00,-490.00
,86452959,10/23/2020 12:04,10/23/2020 14:38,XAUUSD,Buy,1.000,1905.40000,0.00000,1911.33000,1911.55000,0.0000,0.0000,22.0,22.00,0.04,"from #86441784",0,00:02:34:02,40.0,1h 1m,347.0,0.46,238.0,238.0,-109.0,-109.0,68.6,37.8,-216.00,-216.00
,86441784,10/23/2020 12:04,10/23/2020 14:33,XAUUSD,Buy,1.000,1905.40000,0.00000,1911.33000,1911.30000,0.0000,0.0000,-3.0,-3.00,-0.01,"to #86452959",0,00:02:28:56,20.0,29m,347.0,0.46,238.0,238.0,-109.0,-109.0,68.6,30.5,-241.00,-241.00
,86446048,10/23/2020 12:51,10/23/2020 14:18,XAUUSD,Buy,0.500,0.00000,0.00000,1909.73000,1911.30000,0.0000,0.0000,157.0,78.50,0.15,"",0,00:01:27:13,,,,,,,,,,,,
,86445739,10/23/2020 12:47,10/23/2020 14:17,XAUUSD,Buy,2.000,0.00000,0.00000,1909.70000,1911.53000,0.0000,0.0000,183.0,366.00,0.71,"",0,00:01:30:08,,,,,,,,,,,,
,86447299,10/23/2020 13:10,10/23/2020 13:42,XAUUSD,Buy,2.000,0.00000,0.00000,1909.00000,1910.76000,0.0000,0.0000,176.0,352.00,0.68,"",0,00:00:31:16,,,,,,,,,,,,
,86442213,10/23/2020 12:11,10/23/2020 13:42,XAUUSD,Buy,2.000,0.00000,0.00000,1910.17000,1910.76000,0.0000,0.0000,59.0,118.00,0.23,"",0,00:01:30:32,,,,,,,,,,,,
,86439105,10/22/2020 17:36,10/23/2020 11:31,XAUUSD,Buy,5.000,1898.80000,0.00000,1897.52000,1910.14000,0.0000,-57.9800,1262.0,6252.02,13.88,"to #86439306",0,00:17:54:18,100.0,17h 54m,329.0,0.00,1342.0,6710.0,0.0,0.0,100.0,94.0,-80.00,-400.00
,86382711,10/22/2020 17:36,10/23/2020 11:28,XAUUSD,Buy,5.000,1898.80000,0.00000,1897.52000,1910.04000,0.0000,-57.9800,1252.0,6202.02,15.97,"to #86439105",0,00:17:52:10,100.0,17h 52m,329.0,0.00,1342.0,6710.0,0.0,0.0,100.0,93.3,-90.00,-450.00
,86436842,10/23/2020 11:12,10/23/2020 11:28,XAUUSD,Buy,1.000,0.00000,0.00000,1908.17000,1910.06000,0.0000,0.0000,189.0,189.00,0.49,"",0,00:00:16:05,,,,,,,,,,,,
,86423350,10/23/2020 09:05,10/23/2020 11:28,XAUUSD,Buy,1.500,1900.40000,0.00000,1905.81000,1910.11000,0.0000,0.0000,430.0,645.00,1.70,"",0,00:02:22:52,100.0,2h 22m,83.0,0.00,513.0,769.5,0.0,0.0,100.0,83.8,-83.00,-124.50
,86421763,10/23/2020 08:20,10/23/2020 10:42,XAUUSD,Buy,2.000,0.00000,0.00000,1905.71000,1908.59000,0.0000,0.0000,288.0,576.00,1.54,"",0,00:02:22:28,100.0,2h 22m,235.0,0.00,523.0,1046.0,0.0,0.0,100.0,55.1,-235.00,-470.00
,86420733,10/23/2020 07:35,10/23/2020 10:01,XAUUSD,Buy,5.000,0.00000,0.00000,1905.17000,1906.80000,0.0000,0.0000,163.0,815.00,2.23,"",0,00:02:26:17,100.0,2h 26m,394.0,0.00,557.0,2785.0,0.0,0.0,100.0,29.3,-394.00,-1970.00
,86421832,10/23/2020 08:23,10/23/2020 09:55,XAUUSD,Buy,2.000,0.00000,0.00000,1905.45000,1906.17000,0.0000,0.0000,72.0,144.00,0.39,"",0,00:01:32:10,,,,,,,,,,,,
,86424339,10/23/2020 09:15,10/23/2020 09:55,XAUUSD,Buy,3.000,0.00000,0.00000,1904.09000,1906.12000,0.0000,0.0000,203.0,609.00,1.70,"",0,00:00:40:28,,,,,,,,,,,,
,86424195,10/23/2020 09:13,10/23/2020 09:39,XAUUSD,Buy,3.000,1900.31000,0.00000,1903.58000,1904.69000,0.0000,0.0000,111.0,333.00,0.94,"",0,00:00:26:28,,,,,,,,,,,,
,86380791,10/22/2020 17:23,10/23/2020 07:05,XAUUSD,Buy,0.200,0.00000,0.00000,1896.59000,1906.33000,0.0000,-2.3200,974.0,192.48,0.54,"",0,00:13:41:13,100.0,13h 41m,326.0,0.00,1025.0,205.0,0.0,0.0,100.0,95.0,-51.00,-10.20
,86380810,10/22/2020 17:23,10/23/2020 07:05,XAUUSD,Buy,0.200,0.00000,0.00000,1896.28000,1906.35000,0.0000,-2.3200,1007.0,199.08,0.57,"",0,00:13:41:05,100.0,13h 41m,326.0,0.00,1056.0,211.20000000000002,0.0,0.0,100.0,95.4,-49.00,-9.80
,86381393,10/22/2020 17:25,10/23/2020 07:04,XAUUSD,Buy,1.500,0.00000,0.00000,1897.01000,1906.39000,0.0000,-17.3900,938.0,1389.61,4.12,"",0,00:13:39:27,100.0,13h 39m,326.0,0.00,983.0,1474.5,0.0,0.0,100.0,95.4,-45.00,-67.50
,86383997,10/22/2020 17:49,10/23/2020 06:42,XAUUSD,Buy,5.000,0.00000,0.00000,1896.23000,1905.32000,0.0000,-57.9800,909.0,4487.02,15.34,"",0,00:12:52:52,100.0,12h 52m,326.0,0.00,1061.0,5305.0,0.0,0.0,100.0,85.7,-152.00,-760.00
,86383932,10/22/2020 17:48,10/23/2020 06:42,XAUUSD,Buy,10.000,0.00000,0.00000,1896.73000,1905.28000,0.0000,-115.9600,855.0,8434.04,40.51,"",0,00:12:53:35,100.0,12h 53m,326.0,0.00,1011.0,10110.0,0.0,0.0,100.0,84.6,-156.00,-1560.00
,86383915,10/22/2020 17:48,,,Deposit,0.010,0.00000,0.00000,0.00000,0.00000,0.0000,0.0000,0.0,10000.00,0,"Deposit CONNECTUM USD #9392458",0,00:00:00:00,,,,,,,,,,,,
,86382693,10/22/2020 17:36,,,Deposit,0.010,0.00000,0.00000,0.00000,0.00000,0.0000,0.0000,0.0,10000.00,0,"Deposit CONNECTUM USD #9392328",0,00:00:00:00,,,,,,,,,,,,
,86365403,10/22/2020 15:17,10/22/2020 17:21,XAUUSD,Buy,2.000,0.00000,0.00000,1907.58000,1899.75000,0.0000,0.0000,-783.0,-1566.00,-65.65,"[stopout]",0,00:02:03:47,0.0,0s,1075.0,1111.11,0.0,0.0,-1075.0,-2150.0,0.0,27.2,-783.00,-1566.00
,86360612,10/22/2020 14:18,10/22/2020 17:21,XAUUSD,Buy,2.000,0.00000,0.00000,1916.19000,1899.75000,0.0000,0.0000,-1644.0,-3288.00,-57.95,"[stopout]",0,00:03:03:38,0.0,0s,1936.0,2000.00,0.0,0.0,-1936.0,-3872.0,0.0,15.1,-1644.00,-3288.00
,86359305,10/22/2020 14:04,10/22/2020 17:21,XAUUSD,Buy,2.000,0.00000,0.00000,1916.80000,1899.75000,0.0000,0.0000,-1705.0,-3410.00,-37.54,"[stopout]",0,00:03:17:19,0.0,0s,1997.0,2000.00,0.0,0.0,-1997.0,-3994.0,0.0,14.6,-1705.00,-3410.00
,86358010,10/22/2020 13:53,10/22/2020 17:21,XAUUSD,Buy,5.000,0.00000,0.00000,1917.31000,1899.75000,0.0000,0.0000,-1756.0,-8780.00,-49.15,"[stopout]",0,00:03:28:32,0.0,0s,2048.0,2500.00,0.0,0.0,-2048.0,-10240.0,0.0,14.3,-1756.00,-8780.00
,86357979,10/22/2020 13:52,10/22/2020 17:21,XAUUSD,Buy,0.200,0.00000,0.00000,1917.26000,1899.75000,0.0000,0.0000,-1751.0,-350.20,-1.92,"[stopout]",0,00:03:28:59,0.0,0s,2043.0,2500.00,0.0,0.0,-2043.0,-408.6,0.0,14.3,-1751.00,-350.20
,86355458,10/22/2020 13:30,10/22/2020 17:21,XAUUSD,Buy,0.500,0.00000,0.00000,1918.38000,1899.75000,0.0000,0.0000,-1863.0,-931.50,-4.87,"[stopout]",0,00:03:51:06,0.0,0s,2155.0,2500.00,0.0,0.0,-2155.0,-1077.5,0.0,13.5,-1863.00,-931.50
,86365362,10/22/2020 15:17,,,Deposit,0.010,0.00000,0.00000,0.00000,0.00000,0.0000,0.0000,0.0,5000.00,0,"Transfer from 10189649 #9390758",0,00:00:00:00,,,,,,,,,,,,
,86364478,10/22/2020 15:11,,,Deposit,0.010,0.00000,0.00000,0.00000,0.00000,0.0000,0.0000,0.0,3000.00,0,"Transfer from 10189649 #9390668",0,00:00:00:00,,,,,,,,,,,,
,86364211,10/22/2020 15:08,,,Deposit,0.010,0.00000,0.00000,0.00000,0.00000,0.0000,0.0000,0.0,3000.00,0,"Transfer from 10189649 #9390615",0,00:00:00:00,,,,,,,,,,,,
,86360577,10/22/2020 14:17,,,Deposit,0.010,0.00000,0.00000,0.00000,0.00000,0.0000,0.0000,0.0,3000.00,0,"Transfer from 10189649 #9390067",0,00:00:00:00,,,,,,,,,,,,
,86331571,10/22/2020 09:07,10/22/2020 09:28,XAUUSD,Buy,0.300,0.00000,0.00000,1913.90000,1916.03000,0.0000,0.0000,213.0,63.90,1.26,"",0,00:00:21:20,,,,,,,,,,,,
,86329529,10/22/2020 08:24,10/22/2020 09:28,XAUUSD,Buy,0.300,0.00000,0.00000,1914.88000,1916.07000,0.0000,0.0000,119.0,35.70,0.71,"",0,00:01:04:41,,,,,,,,,,,,
,86331208,10/22/2020 09:01,10/22/2020 09:28,XAUUSD,Buy,0.500,0.00000,0.00000,1915.14000,1916.04000,0.0000,0.0000,90.0,45.00,0.90,"",0,00:00:26:47,,,,,,,,,,,,
,86324390,10/22/2020 04:07,,,Withdrawal,0.010,0.00000,0.00000,0.00000,0.00000,0.0000,0.0000,0.0,-1265.00,0,"Transfer to 10189649 #9386074",0,00:00:00:00,,,,,,,,,,,,
,86296535,10/21/2020 17:41,10/21/2020 17:52,XAUUSD,Sell,1.000,0.00000,0.00000,1929.51000,1929.17000,0.0000,0.0000,34.0,34.00,0.55,"",0,00:00:10:56,,,,,,,,,,,,
,86296497,10/21/2020 17:41,10/21/2020 17:52,XAUUSD,Sell,1.000,0.00000,0.00000,1930.17000,1928.58000,0.0000,0.0000,159.0,159.00,2.62,"",0,00:00:11:03,,,,,,,,,,,,
,86295793,10/21/2020 17:38,10/21/2020 17:52,XAUUSD,Sell,0.300,0.00000,0.00000,1929.37000,1928.56000,0.0000,0.0000,81.0,24.30,0.40,"",0,00:00:14:06,,,,,,,,,,,,
,86296483,10/21/2020 17:41,10/21/2020 17:52,XAUUSD,Sell,1.000,0.00000,0.00000,1930.18000,1928.56000,0.0000,0.0000,162.0,162.00,2.75,"",0,00:00:11:00,,,,,,,,,,,,
,86296360,10/21/2020 17:40,10/21/2020 17:52,XAUUSD,Sell,1.000,0.00000,0.00000,1930.72000,1928.71000,0.0000,0.0000,201.0,201.00,3.54,"",0,00:00:11:22,,,,,,,,,,,,
,86268303,10/21/2020 15:13,10/21/2020 15:18,XAUUSD,Buy,0.200,0.00000,0.00000,1917.94000,1919.19000,0.0000,0.0000,125.0,25.00,0.44,"",0,00:00:04:49,,,,,,,,,,,,
,86267630,10/21/2020 15:06,10/21/2020 15:18,XAUUSD,Buy,0.500,0.00000,0.00000,1918.24000,1919.27000,0.0000,0.0000,103.0,51.50,0.92,"",0,00:00:11:59,,,,,,,,,,,,
,86249983,10/21/2020 12:04,10/21/2020 12:23,XAUUSD,Buy,0.500,0.00000,0.00000,1916.81000,1917.59000,0.0000,0.0000,78.0,39.00,0.70,"",0,00:00:18:26,,,,,,,,,,,,
,86241437,10/21/2020 11:12,10/21/2020 11:28,XAUUSD,Sell,0.500,0.00000,0.00000,1921.26000,1919.75000,0.0000,0.0000,151.0,75.50,1.37,"",0,00:00:16:42,,,,,,,,,,,,
,86242306,10/21/2020 11:18,10/21/2020 11:26,XAUUSD,Sell,0.500,0.00000,0.00000,1921.84000,1919.66000,0.0000,0.0000,218.0,109.00,2.02,"",0,00:00:07:55,,,,,,,,,,,,
,86241055,10/21/2020 11:10,10/21/2020 11:26,XAUUSD,Sell,1.000,0.00000,0.00000,1921.34000,1919.64000,0.0000,0.0000,170.0,170.00,3.26,"",0,00:00:15:46,,,,,,,,,,,,
,86242317,10/21/2020 11:18,10/21/2020 11:26,XAUUSD,Sell,0.500,0.00000,0.00000,1921.74000,1919.18000,0.0000,0.0000,256.0,128.00,2.52,"",0,00:00:07:38,,,,,,,,,,,,
,86153894,10/20/2020 16:25,10/20/2020 16:33,XAUUSD,Buy,0.500,0.00000,0.00000,1901.88000,1903.61000,0.0000,0.0000,173.0,86.50,1.73,"",0,00:00:08:15,,,,,,,,,,,,
,86145747,10/20/2020 15:05,,,Withdrawal,0.010,0.00000,0.00000,0.00000,0.00000,0.0000,0.0000,0.0,-870.00,0,"Transfer to 10189649 #9367610",0,00:00:00:00,,,,,,,,,,,,
,86113902,10/20/2020 10:27,10/20/2020 10:41,XAUUSD,Buy,0.500,0.00000,0.00000,1900.83000,1901.58000,0.0000,0.0000,75.0,37.50,0.64,"",0,00:00:13:30,,,,,,,,,,,,
,86113924,10/20/2020 10:27,10/20/2020 10:41,XAUUSD,Buy,0.500,0.00000,0.00000,1900.71000,1901.42000,0.0000,0.0000,71.0,35.50,0.61,"",0,00:00:13:17,,,,,,,,,,,,
,86101638,10/20/2020 08:06,10/20/2020 09:37,XAUUSD,Buy,0.300,0.00000,0.00000,1902.91000,1901.81000,0.0000,0.0000,-110.0,-33.00,-0.57,"",0,00:01:30:56,,,,,,,,,,,,
,86102084,10/20/2020 08:15,10/20/2020 09:37,XAUUSD,Buy,0.500,0.00000,0.00000,1902.96000,1901.81000,0.0000,0.0000,-115.0,-57.50,-0.98,"",0,00:01:22:40,,,,,,,,,,,,
,86102092,10/20/2020 08:15,10/20/2020 09:34,XAUUSD,Buy,0.500,0.00000,0.00000,1902.91000,1902.59000,0.0000,0.0000,-32.0,-16.00,-0.27,"",0,00:01:19:38,,,,,,,,,,,,
,86102198,10/20/2020 08:17,10/20/2020 09:32,XAUUSD,Buy,1.000,0.00000,0.00000,1902.65000,1903.51000,0.0000,0.0000,86.0,86.00,1.48,"",0,00:01:14:19,,,,,,,,,,,,
,86102865,10/20/2020 08:27,10/20/2020 09:32,XAUUSD,Buy,1.000,0.00000,0.00000,1901.78000,1903.31000,0.0000,0.0000,153.0,153.00,2.70,"",0,00:01:05:06,,,,,,,,,,,,
,86103311,10/20/2020 08:33,10/20/2020 09:32,XAUUSD,Buy,2.000,0.00000,0.00000,1900.16000,1903.39000,0.0000,0.0000,323.0,646.00,12.87,"",0,00:00:58:56,,,,,,,,,,,,
,86095052,10/20/2020 04:12,10/20/2020 04:17,XAUUSD,Buy,0.300,0.00000,0.00000,1902.55000,1903.18000,0.0000,0.0000,63.0,18.90,0.38,"",0,00:00:05:05,,,,,,,,,,,,
,86062609,10/19/2020 19:25,,,Withdrawal,0.010,0.00000,0.00000,0.00000,0.00000,0.0000,0.0000,0.0,-424.00,0,"Transfer to 10189649 #9358286",0,00:00:00:00,,,,,,,,,,,,
,86054243,10/19/2020 18:17,10/19/2020 19:04,XAUUSD,Buy,0.100,0.00000,0.00000,1907.41000,1908.31000,0.0000,0.0000,90.0,9.00,0.17,"",0,00:00:47:24,,,,,,,,,,,,
,86054374,10/19/2020 18:18,10/19/2020 19:02,XAUUSD,Buy,0.200,0.00000,0.00000,1907.29000,1908.11000,0.0000,0.0000,82.0,16.40,0.30,"",0,00:00:44:19,,,,,,,,,,,,
,86056682,10/19/2020 18:37,10/19/2020 19:00,XAUUSD,Buy,0.500,0.00000,0.00000,1906.66000,1908.26000,0.0000,0.0000,160.0,80.00,1.50,"",0,00:00:22:52,,,,,,,,,,,,
,86055181,10/19/2020 18:25,10/19/2020 19:00,XAUUSD,Buy,0.500,0.00000,0.00000,1905.12000,1908.25000,0.0000,0.0000,313.0,156.50,3.03,"",0,00:00:34:47,,,,,,,,,,,,
,86052332,10/19/2020 17:58,10/19/2020 19:00,XAUUSD,Buy,0.200,0.00000,0.00000,1908.98000,1908.26000,0.0000,0.0000,-72.0,-14.40,-0.28,"",0,00:01:01:32,,,,,,,,,,,,
,86057053,10/19/2020 18:43,10/19/2020 19:00,XAUUSD,Buy,1.000,1903.69000,0.00000,1906.42000,1908.18000,0.0000,0.0000,176.0,176.00,3.52,"",0,00:00:16:58,,,,,,,,,,,,
,86015712,10/19/2020 12:09,,,Withdrawal,0.010,0.00000,0.00000,0.00000,0.00000,0.0000,0.0000,0.0,-11871.00,0,"Transfer to 10189649 #9353391",0,00:00:00:00,,,,,,,,,,,,
,85949818,10/16/2020 17:17,10/19/2020 08:44,XAUUSD,Buy,0.100,0.00000,0.00000,1908.97000,1906.00000,0.0000,-1.4400,-297.0,-31.14,-0.18,"",0,02:15:27:07,0.8,30m,1026.0,7.39,139.0,13.9,-1026.0,-102.60000000000001,11.9,62.6,-436.00,-43.60
,85947560,10/16/2020 17:06,10/19/2020 08:44,XAUUSD,Buy,0.500,0.00000,0.00000,1906.64000,1906.01000,0.0000,-7.1800,-63.0,-38.68,-0.23,"",0,02:15:38:20,2.4,1h 31m,793.0,2.13,372.0,186.0,-793.0,-396.5,31.9,62.7,-435.00,-217.50
,85947069,10/16/2020 17:04,10/19/2020 08:44,XAUUSD,Buy,1.000,0.00000,0.00000,1906.72000,1906.14000,0.0000,-14.3600,-58.0,-72.36,-0.43,"",0,02:15:39:34,2.4,1h 31m,801.0,2.20,364.0,364.0,-801.0,-801.0,31.2,63.8,-422.00,-422.00
,85949826,10/16/2020 17:17,10/19/2020 08:44,XAUUSD,Buy,0.500,0.00000,0.00000,1908.98000,1906.11000,0.0000,-7.1800,-287.0,-150.68,-0.88,"",0,02:15:26:49,0.8,30m,1027.0,7.45,138.0,69.0,-1027.0,-513.5,11.8,63.5,-425.00,-212.50
,85948993,10/16/2020 17:12,10/19/2020 08:44,XAUUSD,Buy,0.500,0.00000,0.00000,1909.22000,1906.18000,0.0000,-7.1800,-304.0,-159.18,-0.92,"",0,02:15:31:18,0.8,30m,1051.0,9.23,114.0,57.0,-1051.0,-525.5,9.8,64.1,-418.00,-209.00
,85951042,10/16/2020 17:23,10/19/2020 08:44,XAUUSD,Buy,0.500,0.00000,0.00000,1908.35000,1906.04000,0.0000,-7.1800,-231.0,-122.68,-0.70,"",0,02:15:20:28,1.6,1h 0m,964.0,4.80,201.0,100.5,-964.0,-482.0,17.3,62.9,-432.00,-216.00
,85954675,10/16/2020 17:46,10/19/2020 08:44,XAUUSD,Buy,2.000,0.00000,0.00000,1903.95000,1906.02000,0.0000,-28.7200,207.0,385.28,2.26,"",0,02:14:57:46,3.2,2h 0m,524.0,0.82,641.0,1282.0,-524.0,-1048.0,55.0,62.7,-434.00,-868.00
,85976669,10/16/2020 22:10,10/19/2020 08:43,XAUUSD,Buy,1.500,0.00000,0.00000,1902.04000,1905.99000,0.0000,-21.5400,395.0,570.96,3.46,"",0,02:10:33:33,6.9,4h 2m,437.0,0.22,832.0,1248.0,-182.0,-273.0,82.1,56.9,-437.00,-655.50
,85978665,10/16/2020 22:21,10/19/2020 08:43,XAUUSD,Buy,1.500,0.00000,0.00000,1901.24000,1906.08000,0.0000,-21.5400,484.0,704.46,4.46,"",0,02:10:22:07,9.5,5h 32m,428.0,0.11,912.0,1368.0,-102.0,-153.0,89.9,57.8,-428.00,-642.00
,85985279,10/17/2020 10:08,,,Deposit,0.010,0.00000,0.00000,0.00000,0.00000,0.0000,0.0000,0.0,2000.00,0,"Transfer from 10189649 #9342665",0,00:00:00:00,,,,,,,,,,,,
,85951749,10/16/2020 17:26,10/16/2020 21:59,XAUUSD,Buy,1.000,0.00000,0.00000,1906.17000,1903.28000,0.0000,0.0000,-289.0,-289.00,-2.05,"",0,00:04:32:42,0.0,0s,582.0,588.24,0.0,0.0,-582.0,-582.0,0.0,50.3,-289.00,-289.00
,85973657,10/16/2020 20:38,10/16/2020 21:59,XAUUSD,Buy,1.500,0.00000,0.00000,1902.40000,1903.27000,0.0000,0.0000,87.0,130.50,0.94,"",0,00:01:21:08,,,,,,,,,,,,
,85974356,10/16/2020 20:59,10/16/2020 21:40,XAUUSD,Buy,1.500,0.00000,0.00000,1902.22000,1902.72000,0.0000,0.0000,50.0,75.00,0.54,"",0,00:00:40:56,,,,,,,,,,,,
,85953492,10/16/2020 17:34,10/16/2020 20:03,XAUUSD,Buy,2.000,0.00000,0.00000,1903.72000,1903.07000,0.0000,0.0000,-65.0,-130.00,-0.93,"",0,00:02:29:04,0.0,0s,175.0,175.44,0.0,0.0,-175.0,-350.0,0.0,62.9,-65.00,-130.00
,85961082,10/16/2020 18:26,10/16/2020 20:03,XAUUSD,Buy,2.000,0.00000,0.00000,1898.85000,1902.97000,0.0000,0.0000,412.0,824.00,6.25,"",0,00:01:36:26,,,,,,,,,,,,
,85960488,10/16/2020 18:24,,,Deposit,0.010,0.00000,0.00000,0.00000,0.00000,0.0000,0.0000,0.0,5000.00,0,"Transfer from 10189649 #9339867",0,00:00:00:00,,,,,,,,,,,,
,85955275,10/16/2020 17:51,10/16/2020 18:23,XAUUSD,Buy,2.000,1898.40000,0.00000,1901.16000,1898.25000,0.0000,0.0000,-291.0,-582.00,-6.65,"[sl]",0,00:00:31:55,,,,,,,,,,,,
,85954730,10/16/2020 17:47,,,Deposit,0.010,0.00000,0.00000,0.00000,0.00000,0.0000,0.0000,0.0,3000.00,0,"Transfer from 10189649 #9339526",0,00:00:00:00,,,,,,,,,,,,
,85944507,10/16/2020 16:50,10/16/2020 16:54,XAUUSD,Buy,0.500,0.00000,0.00000,1907.97000,1908.55000,0.0000,0.0000,58.0,29.00,0.51,"",0,00:00:03:41,,,,,,,,,,,,
,85932075,10/16/2020 15:06,10/16/2020 15:20,XAUUSD,Buy,0.500,0.00000,0.00000,1910.09000,1912.73000,0.0000,0.0000,264.0,132.00,2.36,"",0,00:00:13:48,,,,,,,,,,,,
,85930511,10/16/2020 14:45,10/16/2020 15:20,XAUUSD,Buy,0.500,0.00000,0.00000,1910.11000,1913.02000,0.0000,0.0000,291.0,145.50,2.67,"",0,00:00:35:13,,,,,,,,,,,,
,85929272,10/16/2020 14:33,10/16/2020 15:18,XAUUSD,Buy,1.000,0.00000,0.00000,1910.27000,1912.60000,0.0000,0.0000,233.0,233.00,4.47,"",0,00:00:45:11,,,,,,,,,,,,
,85931014,10/16/2020 14:54,10/16/2020 15:18,XAUUSD,Buy,0.500,0.00000,0.00000,1910.01000,1913.01000,0.0000,0.0000,300.0,150.00,2.96,"",0,00:00:24:16,,,,,,,,,,,,
,85904308,10/16/2020 10:05,10/16/2020 10:14,XAUUSD,Buy,0.100,1904.29000,0.00000,1906.31000,1905.88000,0.0000,0.0000,-43.0,-4.30,-0.08,"",0,00:00:08:48,,,,,,,,,,,,
,85904383,10/16/2020 10:06,10/16/2020 10:13,XAUUSD,Buy,0.990,1903.40000,0.00000,1906.14000,1906.10000,0.0000,0.0000,-4.0,-3.96,-0.08,"",0,00:00:07:41,,,,,,,,,,,,
,85904001,10/16/2020 10:04,10/16/2020 10:12,XAUUSD,Buy,0.100,0.00000,0.00000,1905.67000,1905.91000,0.0000,0.0000,24.0,2.40,0.05,"",0,00:00:07:44,,,,,,,,,,,,
,85902525,10/16/2020 09:58,10/16/2020 10:12,XAUUSD,Buy,0.100,0.00000,0.00000,1905.60000,1906.13000,0.0000,0.0000,53.0,5.30,0.10,"",0,00:00:13:24,,,,,,,,,,,,
,85904524,10/16/2020 10:07,10/16/2020 10:12,XAUUSD,Buy,1.000,0.00000,0.00000,1905.64000,1906.13000,0.0000,0.0000,49.0,49.00,0.98,"",0,00:00:05:10,,,,,,,,,,,,
,85874647,10/15/2020 17:46,10/15/2020 17:50,XAUUSD,Buy,0.010,0.00000,0.00000,1897.57000,1898.87000,0.0000,0.0000,130.0,1.30,0.03,"",0,00:00:03:45,,,,,,,,,,,,
,85874570,10/15/2020 17:46,10/15/2020 17:50,XAUUSD,Buy,0.010,0.00000,0.00000,1897.31000,1898.64000,0.0000,0.0000,133.0,1.33,0.03,"",0,00:00:03:57,,,,,,,,,,,,
,85874746,10/15/2020 17:48,10/15/2020 17:50,XAUUSD,Buy,0.030,0.00000,0.00000,1897.37000,1898.57000,0.0000,0.0000,120.0,3.60,0.07,"",0,00:00:01:57,,,,,,,,,,,,
,85874298,10/15/2020 17:44,10/15/2020 17:50,XAUUSD,Buy,0.020,0.00000,0.00000,1897.37000,1898.85000,0.0000,0.0000,148.0,2.96,0.06,"",0,00:00:05:59,,,,,,,,,,,,
,85867969,10/15/2020 16:47,,,Withdrawal,0.010,0.00000,0.00000,0.00000,0.00000,0.0000,0.0000,0.0,-5379.00,0,"Transfer to 10189649 #9329692",0,00:00:00:00,,,,,,,,,,,,
,85863106,10/15/2020 16:01,10/15/2020 16:42,XAUUSD,Buy,1.000,0.00000,0.00000,1897.19000,1898.19000,0.0000,0.0000,100.0,100.00,0.97,"",0,00:00:40:58,,,,,,,,,,,,
,85863199,10/15/2020 16:02,10/15/2020 16:42,XAUUSD,Buy,1.000,0.00000,0.00000,1896.54000,1897.69000,0.0000,0.0000,115.0,115.00,1.13,"",0,00:00:39:58,,,,,,,,,,,,
,85863399,10/15/2020 16:04,10/15/2020 16:34,XAUUSD,Buy,1.000,0.00000,0.00000,1895.58000,1896.32000,0.0000,0.0000,74.0,74.00,0.73,"",0,00:00:29:52,,,,,,,,,,,,
,85864877,10/15/2020 16:16,10/15/2020 16:33,XAUUSD,Buy,2.000,0.00000,0.00000,1892.99000,1896.23000,0.0000,0.0000,324.0,648.00,6.86,"",0,00:00:16:42,,,,,,,,,,,,
,85863692,10/15/2020 16:07,10/15/2020 16:33,XAUUSD,Buy,0.200,0.00000,0.00000,1895.35000,1895.90000,0.0000,0.0000,55.0,11.00,0.12,"",0,00:00:26:00,,,,,,,,,,,,
,85862453,10/15/2020 15:55,10/15/2020 16:33,XAUUSD,Buy,0.150,0.00000,0.00000,1895.57000,1896.61000,0.0000,0.0000,104.0,15.60,0.17,"",0,00:00:37:44,,,,,,,,,,,,
,85862446,10/15/2020 15:55,10/15/2020 16:33,XAUUSD,Buy,0.150,0.00000,0.00000,1895.39000,1896.62000,0.0000,0.0000,123.0,18.45,0.20,"",0,00:00:37:48,,,,,,,,,,,,
,85862485,10/15/2020 15:55,10/15/2020 16:33,XAUUSD,Buy,0.150,0.00000,0.00000,1895.52000,1896.28000,0.0000,0.0000,76.0,11.40,0.12,"",0,00:00:37:04,,,,,,,,,,,,
,85865814,10/15/2020 16:30,10/15/2020 16:32,XAUUSD,Buy,1.500,0.00000,0.00000,1894.10000,1896.55000,0.0000,0.0000,245.0,367.50,4.07,"",0,00:00:02:26,,,,,,,,,,,,
,85864565,10/15/2020 16:14,10/15/2020 16:32,XAUUSD,Buy,2.000,0.00000,0.00000,1893.11000,1896.61000,0.0000,0.0000,350.0,700.00,8.41,"",0,00:00:18:07,,,,,,,,,,,,
,85863007,10/15/2020 16:00,10/15/2020 16:19,XAUUSD,Buy,1.000,0.00000,0.00000,1892.86000,1894.98000,0.0000,0.0000,212.0,212.00,2.61,"",0,00:00:18:50,,,,,,,,,,,,
,85863722,10/15/2020 16:07,10/15/2020 16:19,XAUUSD,Buy,1.000,0.00000,0.00000,1895.16000,1895.38000,0.0000,0.0000,22.0,22.00,0.27,"",0,00:00:12:02,,,,,,,,,,,,
,85863374,10/15/2020 16:04,10/15/2020 16:19,XAUUSD,Buy,1.000,0.00000,0.00000,1895.49000,1895.39000,0.0000,0.0000,-10.0,-10.00,-0.12,"",0,00:00:15:05,,,,,,,,,,,,
,85864557,10/15/2020 16:14,,,Deposit,0.010,0.00000,0.00000,0.00000,0.00000,0.0000,0.0000,0.0,3000.00,0,"Transfer from 10189649 #9329258",0,00:00:00:00,,,,,,,,,,,,
,85860297,10/15/2020 15:31,10/15/2020 15:39,XAUUSD,Buy,0.010,0.00000,0.00000,1896.13000,1896.28000,0.0000,0.0000,15.0,0.15,0.00,"",0,00:00:08:00,,,,,,,,,,,,
,85860603,10/15/2020 15:33,10/15/2020 15:37,XAUUSD,Buy,0.010,0.00000,0.00000,1895.51000,1895.69000,0.0000,0.0000,18.0,0.18,0.00,"",0,00:00:03:03,,,,,,,,,,,,
,85860687,10/15/2020 15:34,10/15/2020 15:36,XAUUSD,Buy,0.100,0.00000,0.00000,1895.48000,1895.40000,0.0000,0.0000,-8.0,-0.80,-0.02,"",0,00:00:02:07,,,,,,,,,,,,
,85857816,10/15/2020 15:08,10/15/2020 15:20,XAUUSD,Buy,0.150,0.00000,0.00000,1893.14000,1893.35000,0.0000,0.0000,21.0,3.15,0.06,"",0,00:00:12:12,,,,,,,,,,,,
,85858916,10/15/2020 15:17,10/15/2020 15:20,XAUUSD,Buy,0.150,0.00000,0.00000,1891.14000,1893.53000,0.0000,0.0000,239.0,35.85,0.71,"",0,00:00:03:29,,,,,,,,,,,,
,85858430,10/15/2020 15:12,10/15/2020 15:20,XAUUSD,Buy,0.150,0.00000,0.00000,1891.03000,1893.39000,0.0000,0.0000,236.0,35.40,0.70,"",0,00:00:08:00,,,,,,,,,,,,
,85854198,10/15/2020 14:18,10/15/2020 14:29,XAUUSD,Buy,0.200,0.00000,0.00000,1894.41000,1895.92000,0.0000,0.0000,151.0,30.20,0.60,"",0,00:00:10:05,,,,,,,,,,,,
,85853994,10/15/2020 14:16,,,Deposit,0.010,0.00000,0.00000,0.00000,0.00000,0.0000,0.0000,0.0,5000.00,0,"Transfer from 10189649 #9327789",0,00:00:00:00,,,,,,,,,,,,
,85853835,10/15/2020 14:15,,,Withdrawal,0.010,0.00000,0.00000,0.00000,0.00000,0.0000,0.0000,0.0,-16688.00,0,"Transfer to 10189649 #9327771",0,00:00:00:00,,,,,,,,,,,,
,85852324,10/15/2020 13:49,10/15/2020 14:02,XAUUSD,Buy,0.050,0.00000,0.00000,1896.35000,1896.69000,0.0000,0.0000,34.0,1.70,0.01,"from #85851478",0,00:00:13:05,,,,,,,,,,,,
,85851478,10/15/2020 13:49,10/15/2020 14:01,XAUUSD,Buy,0.050,0.00000,0.00000,1896.35000,1896.69000,0.0000,0.0000,34.0,1.70,0.01,"to #85852324",0,00:00:11:57,,,,,,,,,,,,
,85851347,10/15/2020 13:47,10/15/2020 14:01,XAUUSD,Buy,0.100,1885.40000,0.00000,1896.60000,1896.73000,0.0000,0.0000,13.0,1.30,0.01,"",0,00:00:13:43,,,,,,,,,,,,
,85850118,10/15/2020 11:39,10/15/2020 13:39,XAUUSD,Buy,0.200,1891.80000,0.00000,1897.22000,1896.44000,0.0000,0.0000,-78.0,-15.60,-0.09,"from #85850004",0,00:01:59:45,,,,,,,,,,,,
,85850266,10/15/2020 13:33,10/15/2020 13:38,XAUUSD,Buy,0.200,1891.80000,0.00000,1897.06000,1896.58000,0.0000,0.0000,-48.0,-9.60,-0.06,"",0,00:00:05:55,,,,,,,,,,,,
,85850004,10/15/2020 11:39,10/15/2020 13:31,XAUUSD,Buy,0.800,0.00000,0.00000,1897.22000,1895.87000,0.0000,0.0000,-135.0,-108.00,-0.64,"to #85850118",0,00:01:52:01,,,,,,,,,,,,
,85848287,10/15/2020 13:12,10/15/2020 13:30,XAUUSD,Buy,0.500,0.00000,0.00000,1895.77000,1896.54000,0.0000,0.0000,77.0,38.50,0.23,"",0,00:00:17:48,,,,,,,,,,,,
,85848219,10/15/2020 13:11,10/15/2020 13:30,XAUUSD,Buy,0.500,0.00000,0.00000,1895.81000,1896.64000,0.0000,0.0000,83.0,41.50,0.25,"",0,00:00:18:51,,,,,,,,,,,,
,85848461,10/15/2020 13:15,10/15/2020 13:30,XAUUSD,Buy,0.500,0.00000,0.00000,1895.42000,1896.56000,0.0000,0.0000,114.0,57.00,0.34,"",0,00:00:15:06,,,,,,,,,,,,
,85847506,10/15/2020 11:39,10/15/2020 13:30,XAUUSD,Buy,1.500,0.00000,0.00000,1897.22000,1896.64000,0.0000,0.0000,-58.0,-87.00,-0.52,"to #85850004",0,00:01:51:12,,,,,,,,,,,,
,85848575,10/15/2020 13:16,10/15/2020 13:30,XAUUSD,Buy,2.000,0.00000,0.00000,1893.87000,1896.53000,0.0000,0.0000,266.0,532.00,3.28,"",0,00:00:13:45,,,,,,,,,,,,
,85836747,10/15/2020 11:37,10/15/2020 13:02,XAUUSD,Buy,0.500,0.00000,0.00000,1896.33000,1896.88000,0.0000,0.0000,55.0,27.50,0.17,"",0,00:01:25:01,,,,,,,,,,,,
,85843100,10/15/2020 12:17,10/15/2020 13:02,XAUUSD,Buy,1.000,0.00000,0.00000,1893.56000,1896.81000,0.0000,0.0000,325.0,325.00,2.05,"",0,00:00:44:19,,,,,,,,,,,,
,85847035,10/15/2020 11:39,10/15/2020 13:01,XAUUSD,Buy,3.000,0.00000,0.00000,1897.22000,1897.26000,0.0000,0.0000,4.0,12.00,0.08,"to #85847506",0,00:01:22:32,,,,,,,,,,,,
,85839217,10/15/2020 11:51,10/15/2020 12:58,XAUUSD,Buy,1.500,0.00000,0.00000,1893.94000,1896.63000,0.0000,0.0000,269.0,403.50,2.61,"",0,00:01:06:44,,,,,,,,,,,,
,85837186,10/15/2020 11:39,10/15/2020 12:58,XAUUSD,Buy,5.000,0.00000,0.00000,1897.22000,1896.51000,0.0000,0.0000,-71.0,-355.00,-2.24,"to #85847035",0,00:01:18:55,,,,,,,,,,,,
,85841679,10/15/2020 12:05,,,Deposit,0.010,0.00000,0.00000,0.00000,0.00000,0.0000,0.0000,0.0,5000.00,0,"Transfer from 10189649 #9326331",0,00:00:00:00,,,,,,,,,,,,
,85838096,10/15/2020 11:45,,,Deposit,0.010,0.00000,0.00000,0.00000,0.00000,0.0000,0.0000,0.0,5000.00,0,"Transfer from 10189649 #9325989",0,00:00:00:00,,,,,,,,,,,,
,85819276,10/15/2020 09:23,10/15/2020 11:02,XAUUSD,Buy,0.300,0.00000,0.00000,1898.82000,1902.10000,0.0000,0.0000,328.0,98.40,1.72,"",0,00:01:38:55,,,,,,,,,,,,
,85818537,10/15/2020 09:14,10/15/2020 11:01,XAUUSD,Buy,0.500,0.00000,0.00000,1898.12000,1901.51000,0.0000,0.0000,339.0,169.50,3.05,"",0,00:01:46:40,,,,,,,,,,,,
,85818101,10/15/2020 09:08,10/15/2020 11:01,XAUUSD,Buy,1.500,0.00000,0.00000,1897.87000,1901.56000,0.0000,0.0000,369.0,553.50,11.07,"",0,00:01:52:25,,,,,,,,,,,,
,85794270,10/14/2020 18:45,,,Withdrawal,0.010,0.00000,0.00000,0.00000,0.00000,0.0000,0.0000,0.0,-426.00,0,"Transfer to 10189649 #9320431",0,00:00:00:00,,,,,,,,,,,,
,85772254,10/14/2020 14:54,10/14/2020 15:10,XAUUSD,Buy,0.300,0.00000,0.00000,1900.01000,1901.03000,0.0000,0.0000,102.0,30.60,0.57,"",0,00:00:16:15,,,,,,,,,,,,
,85766083,10/14/2020 13:29,10/14/2020 13:49,XAUUSD,Buy,1.500,0.00000,0.00000,1898.63000,1898.29000,0.0000,0.0000,-34.0,-51.00,-0.94,"",0,00:00:20:00,,,,,,,,,,,,
,85765982,10/14/2020 13:28,10/14/2020 13:49,XAUUSD,Buy,1.500,0.00000,0.00000,1897.67000,1898.28000,0.0000,0.0000,61.0,91.50,1.71,"",0,00:00:20:59,,,,,,,,,,,,
,85765969,10/14/2020 13:28,10/14/2020 13:44,XAUUSD,Buy,1.500,0.00000,0.00000,1897.44000,1898.40000,0.0000,0.0000,96.0,144.00,2.76,"",0,00:00:16:10,,,,,,,,,,,,
,85744077,10/14/2020 09:22,10/14/2020 09:43,XAUUSD,Buy,0.300,0.00000,0.00000,1896.96000,1897.39000,0.0000,0.0000,43.0,12.90,0.25,"",0,00:00:20:20,,,,,,,,,,,,
,85742942,10/14/2020 08:58,10/14/2020 09:43,XAUUSD,Buy,0.300,0.00000,0.00000,1895.59000,1897.50000,0.0000,0.0000,191.0,57.30,1.11,"",0,00:00:44:35,,,,,,,,,,,,
,85742513,10/14/2020 08:44,10/14/2020 09:43,XAUUSD,Buy,0.300,0.00000,0.00000,1894.42000,1897.37000,0.0000,0.0000,295.0,88.50,1.75,"",0,00:00:58:26,,,,,,,,,,,,
,85743472,10/14/2020 09:08,10/14/2020 09:43,XAUUSD,Buy,0.300,0.00000,0.00000,1895.57000,1897.31000,0.0000,0.0000,174.0,52.20,1.04,"",0,00:00:34:31,,,,,,,,,,,,
,85725711,10/13/2020 20:20,,,Withdrawal,0.010,0.00000,0.00000,0.00000,0.00000,0.0000,0.0000,0.0,-764.00,0,"Transfer to 10189649 #9310729",0,00:00:00:00,,,,,,,,,,,,
,85725239,10/13/2020 20:12,10/13/2020 20:12,XAUUSD,Buy,0.050,0.00000,0.00000,1890.73000,1890.89000,0.0000,0.0000,16.0,0.80,0.01,"",0,00:00:00:21,,,,,,,,,,,,
,85720778,10/13/2020 18:50,10/13/2020 18:51,XAUUSD,Buy,0.050,0.00000,0.00000,1893.64000,1893.94000,0.0000,0.0000,30.0,1.50,0.03,"",0,00:00:00:46,,,,,,,,,,,,
,85709330,10/13/2020 17:07,10/13/2020 18:37,XAUUSD,Buy,0.150,0.00000,0.00000,1894.28000,1893.62000,0.0000,0.0000,-66.0,-9.90,-0.17,"",0,00:01:29:45,,,,,,,,,,,,
,85709335,10/13/2020 17:07,10/13/2020 18:37,XAUUSD,Buy,0.150,0.00000,0.00000,1894.25000,1893.57000,0.0000,0.0000,-68.0,-10.20,-0.18,"",0,00:01:29:37,,,,,,,,,,,,
,85715667,10/13/2020 17:51,10/13/2020 18:37,XAUUSD,Buy,0.300,0.00000,0.00000,1888.79000,1893.45000,0.0000,0.0000,466.0,139.80,2.48,"",0,00:00:45:44,,,,,,,,,,,,
,85716296,10/13/2020 17:56,10/13/2020 18:37,XAUUSD,Buy,0.300,0.00000,0.00000,1889.00000,1893.39000,0.0000,0.0000,439.0,131.70,2.39,"",0,00:00:40:13,,,,,,,,,,,,
,85718601,10/13/2020 18:21,10/13/2020 18:36,XAUUSD,Buy,0.300,0.00000,0.00000,1891.36000,1893.45000,0.0000,0.0000,209.0,62.70,1.15,"",0,00:00:15:04,,,,,,,,,,,,
,85709675,10/13/2020 17:09,10/13/2020 18:01,XAUUSD,Buy,0.500,0.00000,0.00000,1892.23000,1892.55000,0.0000,0.0000,32.0,16.00,0.29,"",0,00:00:52:19,,,,,,,,,,,,
,85711143,10/13/2020 17:16,10/13/2020 18:01,XAUUSD,Buy,1.000,0.00000,0.00000,1889.73000,1892.61000,0.0000,0.0000,288.0,288.00,5.60,"",0,00:00:45:17,,,,,,,,,,,,
,85709663,10/13/2020 17:09,10/13/2020 17:30,XAUUSD,Buy,0.150,0.00000,0.00000,1892.28000,1892.24000,0.0000,0.0000,-4.0,-0.60,-0.01,"",0,00:00:20:43,,,,,,,,,,,,
,85704904,10/13/2020 16:40,10/13/2020 16:41,XAUUSD,Buy,0.500,0.00000,0.00000,1895.64000,1896.83000,0.0000,0.0000,119.0,59.50,1.17,"",0,00:00:00:47,,,,,,,,,,,,
,85704442,10/13/2020 16:39,10/13/2020 16:41,XAUUSD,Buy,0.500,0.00000,0.00000,1894.40000,1896.09000,0.0000,0.0000,169.0,84.50,1.69,"",0,00:00:01:41,,,,,,,,,,,,
,85694816,10/13/2020 15:42,,,Withdrawal,0.010,0.00000,0.00000,0.00000,0.00000,0.0000,0.0000,0.0,-73.00,0,"Transfer to 10189649 #9306852",0,00:00:00:00,,,,,,,,,,,,
,85691291,10/13/2020 14:56,10/13/2020 15:14,XAUUSD,Buy,0.100,0.00000,0.00000,1920.40000,1921.31000,0.0000,0.0000,91.0,9.10,0.18,"",0,00:00:18:22,,,,,,,,,,,,
,85692335,10/13/2020 15:08,10/13/2020 15:14,XAUUSD,Buy,0.300,0.00000,0.00000,1919.89000,1921.53000,0.0000,0.0000,164.0,49.20,0.98,"",0,00:00:06:29,,,,,,,,,,,,
,85691279,10/13/2020 14:56,10/13/2020 15:14,XAUUSD,Buy,0.100,0.00000,0.00000,1920.16000,1921.59000,0.0000,0.0000,143.0,14.30,0.29,"",0,00:00:18:32,,,,,,,,,,,,
,85684887,10/13/2020 13:13,,,Withdrawal,0.010,0.00000,0.00000,0.00000,0.00000,0.0000,0.0000,0.0,-4316.00,0,"Transfer to 10189649 #9305625",0,00:00:00:00,,,,,,,,,,,,
,85598143,10/12/2020 05:58,10/13/2020 11:27,XAUUSD,Buy,0.030,0.00000,0.00000,1927.27000,1921.22000,0.0000,-0.4300,-605.0,-18.58,-0.20,"",0,01:05:29:14,3.4,1h 0m,1903.0,4.91,322.0,9.66,-1581.0,-47.43,16.9,51.3,-927.00,-27.81
,85602283,10/12/2020 09:00,10/13/2020 11:27,XAUUSD,Buy,0.150,0.00000,0.00000,1930.24000,1921.18000,0.0000,-2.1500,-906.0,-138.05,-1.46,"",0,01:02:26:54,0.0,0s,1878.0,2000.00,0.0,0.0,-1878.0,-281.7,0.0,51.8,-906.00,-135.90
,85662828,10/13/2020 08:58,10/13/2020 11:27,XAUUSD,Buy,0.300,0.00000,0.00000,1914.77000,1921.20000,0.0000,0.0000,643.0,192.90,2.08,"",0,00:02:29:07,,,,,,,,,,,,
,85598727,10/12/2020 06:24,10/13/2020 11:09,XAUUSD,Buy,0.200,0.00000,0.00000,1928.82000,1920.43000,0.0000,-2.8700,-839.0,-170.67,-1.81,"",0,01:04:44:46,0.0,0s,1736.0,2000.00,0.0,0.0,-1736.0,-347.20000000000005,0.0,51.7,-839.00,-167.80
,85598732,10/12/2020 06:24,10/13/2020 11:09,XAUUSD,Buy,0.200,0.00000,0.00000,1929.31000,1920.44000,0.0000,-2.8700,-887.0,-180.27,-1.87,"",0,01:04:44:33,0.0,0s,1785.0,2000.00,0.0,0.0,-1785.0,-357.0,0.0,50.3,-887.00,-177.40
,85604102,10/12/2020 09:34,10/13/2020 11:08,XAUUSD,Buy,0.300,0.00000,0.00000,1928.32000,1920.43000,0.0000,-4.3100,-789.0,-241.01,-2.44,"",0,01:01:34:46,0.0,0s,1686.0,2000.00,0.0,0.0,-1686.0,-505.79999999999995,0.0,53.2,-789.00,-236.70
,85662704,10/13/2020 08:56,10/13/2020 11:08,XAUUSD,Buy,0.300,0.00000,0.00000,1915.16000,1920.43000,0.0000,0.0000,527.0,158.10,1.63,"",0,00:02:12:11,,,,,,,,,,,,
,85640956,10/12/2020 18:04,10/13/2020 11:07,XAUUSD,Buy,0.500,0.00000,0.00000,1923.04000,1920.53000,0.0000,-7.1800,-251.0,-132.68,-1.35,"",0,00:17:03:28,17.7,3h 1m,1363.0,5.65,205.0,102.5,-1158.0,-579.0,15.0,66.5,-456.00,-228.00
,85667055,10/13/2020 10:01,10/13/2020 11:07,XAUUSD,Buy,0.300,0.00000,0.00000,1915.36000,1920.59000,0.0000,0.0000,523.0,156.90,1.62,"",0,00:01:06:05,,,,,,,,,,,,
,85662742,10/13/2020 08:57,10/13/2020 10:30,XAUUSD,Buy,0.300,0.00000,0.00000,1915.11000,1918.29000,0.0000,0.0000,318.0,95.40,0.99,"",0,00:01:32:47,,,,,,,,,,,,
,85641815,10/12/2020 18:13,10/13/2020 10:29,XAUUSD,Buy,0.500,0.00000,0.00000,1923.11000,1918.05000,0.0000,-7.1800,-506.0,-260.18,-2.64,"",0,00:16:16:12,18.8,3h 3m,1363.0,5.89,198.0,99.0,-1165.0,-582.5,14.5,48.3,-704.00,-352.00
,85661017,10/13/2020 08:07,10/13/2020 10:29,XAUUSD,Buy,0.500,0.00000,0.00000,1911.79000,1918.19000,0.0000,0.0000,640.0,320.00,3.36,"",0,00:02:22:36,,,,,,,,,,,,
,85659986,10/13/2020 07:37,10/13/2020 10:29,XAUUSD,Buy,0.500,0.00000,0.00000,1911.35000,1918.14000,0.0000,0.0000,679.0,339.50,3.69,"",0,00:02:52:33,,,,,,,,,,,,
,85663384,10/13/2020 09:05,10/13/2020 09:21,XAUUSD,Buy,1.000,0.00000,0.00000,1914.10000,1917.18000,0.0000,0.0000,308.0,308.00,3.47,"",0,00:00:16:12,,,,,,,,,,,,
,85659871,10/13/2020 07:34,10/13/2020 09:21,XAUUSD,Buy,2.000,0.00000,0.00000,1911.17000,1917.21000,0.0000,0.0000,604.0,1208.00,15.73,"",0,00:01:47:15,,,,,,,,,,,,
,85650566,10/12/2020 22:07,,,Withdrawal,0.010,0.00000,0.00000,0.00000,0.00000,0.0000,0.0000,0.0,-3000.00,0,"Transfer to 10189649 #9301223",0,00:00:00:00,,,,,,,,,,,,
,85602563,10/12/2020 09:03,10/12/2020 19:45,XAUUSD,Buy,0.300,0.00000,0.00000,1931.05000,1924.45000,0.0000,0.0000,-660.0,-198.00,-1.82,"",0,00:10:42:08,0.0,0s,1104.0,1111.11,0.0,0.0,-1104.0,-331.2,0.0,40.2,-660.00,-198.00
,85644598,10/12/2020 18:45,10/12/2020 19:45,XAUUSD,Buy,0.500,0.00000,0.00000,1922.92000,1924.37000,0.0000,0.0000,145.0,72.50,0.67,"",0,00:00:59:56,,,,,,,,,,,,
,85631548,10/12/2020 16:07,10/12/2020 19:27,XAUUSD,Buy,0.500,0.00000,0.00000,1921.26000,1923.68000,0.0000,0.0000,242.0,121.00,1.13,"",0,00:03:19:39,,,,,,,,,,,,
,85631703,10/12/2020 16:09,10/12/2020 17:55,XAUUSD,Buy,0.500,0.00000,0.00000,1921.65000,1924.24000,0.0000,0.0000,259.0,129.50,1.23,"",0,00:01:45:46,,,,,,,,,,,,
,85638156,10/12/2020 17:33,10/12/2020 17:50,XAUUSD,Buy,0.500,0.00000,0.00000,1922.86000,1924.63000,0.0000,0.0000,177.0,88.50,0.85,"",0,00:00:17:09,,,,,,,,,,,,
,85631070,10/12/2020 16:02,10/12/2020 17:04,XAUUSD,Buy,1.000,0.00000,0.00000,1924.23000,1924.57000,0.0000,0.0000,34.0,34.00,0.33,"",0,00:01:02:13,,,,,,,,,,,,
,85601570,10/12/2020 08:43,10/12/2020 15:52,XAUUSD,Buy,1.000,0.00000,0.00000,1930.35000,1927.25000,0.0000,0.0000,-310.0,-310.00,-2.89,"",0,00:07:08:15,0.0,0s,1034.0,1111.11,0.0,0.0,-1034.0,-1034.0,0.0,70.0,-310.00,-310.00
,85602938,10/12/2020 09:09,10/12/2020 15:52,XAUUSD,Buy,0.500,0.00000,0.00000,1927.43000,1927.25000,0.0000,0.0000,-18.0,-9.00,-0.08,"",0,00:06:42:19,0.0,0s,742.0,769.23,0.0,0.0,-742.0,-371.0,0.0,97.6,-18.00,-9.00
,85604341,10/12/2020 09:41,10/12/2020 15:50,XAUUSD,Buy,0.300,0.00000,0.00000,1928.39000,1927.03000,0.0000,0.0000,-136.0,-40.80,-0.38,"",0,00:06:08:53,0.0,0s,838.0,909.09,0.0,0.0,-838.0,-251.39999999999998,0.0,83.8,-136.00,-40.80
,85608584,10/12/2020 10:29,10/12/2020 15:50,XAUUSD,Buy,0.300,0.00000,0.00000,1925.26000,1926.92000,0.0000,0.0000,166.0,49.80,0.46,"",0,00:05:20:37,20.0,1h 4m,525.0,3.16,166.0,49.8,-525.0,-157.5,24.0,100.0,0.00,0.00
,85616626,10/12/2020 12:25,10/12/2020 15:50,XAUUSD,Buy,1.000,0.00000,0.00000,1922.15000,1927.02000,0.0000,0.0000,487.0,487.00,4.75,"",0,00:03:24:33,,,,,,,,,,,,
,85608205,10/12/2020 10:25,10/12/2020 15:45,XAUUSD,Buy,1.500,0.00000,0.00000,1925.21000,1926.28000,0.0000,0.0000,107.0,160.50,1.59,"",0,00:05:20:56,20.0,1h 4m,520.0,4.86,107.0,160.5,-520.0,-780.0,17.1,100.0,0.00,0.00
,85623567,10/12/2020 14:10,,,Deposit,0.010,0.00000,0.00000,0.00000,0.00000,0.0000,0.0000,0.0,3000.00,0,"Transfer from 10189649 #9297020",0,00:00:00:00,,,,,,,,,,,,
,85616656,10/12/2020 12:26,,,Deposit,0.010,0.00000,0.00000,0.00000,0.00000,0.0000,0.0000,0.0,1500.00,0,"Transfer from 10189649 #9296046",0,00:00:00:00,,,,,,,,,,,,
,85601426,10/12/2020 08:39,10/12/2020 08:49,XAUUSD,Buy,1.000,0.00000,0.00000,1930.25000,1931.35000,0.0000,0.0000,110.0,110.00,2.01,"",0,00:00:10:13,,,,,,,,,,,,
,85601421,10/12/2020 08:39,10/12/2020 08:49,XAUUSD,Buy,1.000,0.00000,0.00000,1930.04000,1931.47000,0.0000,0.0000,143.0,143.00,2.68,"",0,00:00:10:16,,,,,,,,,,,,
,85599571,10/12/2020 07:12,10/12/2020 08:35,XAUUSD,Buy,0.300,0.00000,0.00000,1927.94000,1929.21000,0.0000,0.0000,127.0,38.10,0.72,"",0,00:01:23:30,,,,,,,,,,,,
,85598296,10/12/2020 06:05,10/12/2020 08:35,XAUUSD,Buy,0.500,0.00000,0.00000,1927.41000,1929.37000,0.0000,0.0000,196.0,98.00,1.88,"",0,00:02:29:42,,,,,,,,,,,,
,85598440,10/12/2020 06:13,10/12/2020 08:35,XAUUSD,Buy,0.500,0.00000,0.00000,1927.42000,1929.75000,0.0000,0.0000,233.0,116.50,2.29,"",0,00:02:21:52,,,,,,,,,,,,
,85598148,10/12/2020 05:58,10/12/2020 08:31,XAUUSD,Buy,0.500,0.00000,0.00000,1927.12000,1928.88000,0.0000,0.0000,176.0,88.00,1.76,"",0,00:02:32:50,,,,,,,,,,,,
,85588054,10/10/2020 07:30,,,Withdrawal,0.010,0.00000,0.00000,0.00000,0.00000,0.0000,0.0000,0.0,-656.00,0,"Transfer to 10189649 #9284555",0,00:00:00:00,,,,,,,,,,,,
,85567803,10/09/2020 16:47,10/09/2020 18:57,XAUUSD,Sell,0.050,0.00000,0.00000,1918.59000,1920.89000,0.0000,0.0000,-230.0,-11.50,-0.20,"",0,00:02:09:17,,,,,,,,,,,,
,85567810,10/09/2020 16:47,10/09/2020 18:55,XAUUSD,Sell,0.050,0.00000,0.00000,1918.60000,1921.01000,0.0000,0.0000,-241.0,-12.05,-0.21,"",0,00:02:07:53,,,,,,,,,,,,
,85568344,10/09/2020 16:50,10/09/2020 18:55,XAUUSD,Sell,0.080,0.00000,0.00000,1919.88000,1921.29000,0.0000,0.0000,-141.0,-11.28,-0.20,"",0,00:02:05:10,,,,,,,,,,,,
,85569526,10/09/2020 16:58,10/09/2020 18:54,XAUUSD,Sell,0.200,0.00000,0.00000,1923.40000,1922.32000,0.0000,0.0000,108.0,21.60,0.38,"",0,00:01:55:25,,,,,,,,,,,,
,85570794,10/09/2020 17:07,10/09/2020 18:54,XAUUSD,Sell,0.200,0.00000,0.00000,1927.17000,1922.37000,0.0000,0.0000,480.0,96.00,1.72,"",0,00:01:46:33,,,,,,,,,,,,
,85572853,10/09/2020 17:32,10/09/2020 18:54,XAUUSD,Sell,0.150,0.00000,0.00000,1927.67000,1922.40000,0.0000,0.0000,527.0,79.05,1.44,"",0,00:01:22:05,,,,,,,,,,,,
,85556351,10/09/2020 13:59,10/09/2020 14:52,XAUUSD,Sell,0.200,0.00000,0.00000,1915.89000,1914.53000,0.0000,0.0000,136.0,27.20,0.50,"",0,00:00:52:42,,,,,,,,,,,,
,85555228,10/09/2020 13:45,10/09/2020 14:52,XAUUSD,Sell,0.500,0.00000,0.00000,1915.90000,1914.49000,0.0000,0.0000,141.0,70.50,1.31,"",0,00:01:07:08,,,,,,,,,,,,
,85555927,10/09/2020 13:53,10/09/2020 14:48,XAUUSD,Sell,0.500,0.00000,0.00000,1917.47000,1915.54000,0.0000,0.0000,193.0,96.50,1.82,"",0,00:00:55:25,,,,,,,,,,,,
,85532845,10/09/2020 08:39,10/09/2020 08:59,XAUUSD,Sell,0.300,0.00000,0.00000,1909.44000,1908.76000,0.0000,0.0000,68.0,20.40,0.39,"",0,00:00:19:53,,,,,,,,,,,,
,85533115,10/09/2020 08:49,10/09/2020 08:59,XAUUSD,Sell,0.500,0.00000,0.00000,1910.02000,1908.80000,0.0000,0.0000,122.0,61.00,1.17,"",0,00:00:09:15,,,,,,,,,,,,
,85516159,10/08/2020 19:54,10/08/2020 20:26,XAUUSD,Buy,0.100,0.00000,0.00000,1886.27000,1886.91000,0.0000,0.0000,64.0,6.40,0.12,"",0,00:00:31:55,,,,,,,,,,,,
,85516178,10/08/2020 19:55,10/08/2020 20:26,XAUUSD,Buy,0.100,0.00000,0.00000,1886.13000,1886.70000,0.0000,0.0000,57.0,5.70,0.11,"",0,00:00:31:09,,,,,,,,,,,,
,85516312,10/08/2020 19:57,10/08/2020 20:26,XAUUSD,Buy,0.500,0.00000,0.00000,1885.56000,1886.56000,0.0000,0.0000,100.0,50.00,0.97,"",0,00:00:28:59,,,,,,,,,,,,
,85517044,10/08/2020 20:09,10/08/2020 20:26,XAUUSD,Buy,0.500,0.00000,0.00000,1883.23000,1886.36000,0.0000,0.0000,313.0,156.50,3.13,"",0,00:00:17:27,,,,,,,,,,,,
,85515593,10/08/2020 19:43,,,Withdrawal,0.010,0.00000,0.00000,0.00000,0.00000,0.0000,0.0000,0.0,-1084.00,0,"Transfer to 10189649 #9272452",0,00:00:00:00,,,,,,,,,,,,
,85514016,10/08/2020 19:02,10/08/2020 19:26,XAUUSD,Buy,0.050,0.00000,0.00000,1889.77000,1889.42000,0.0000,0.0000,-35.0,-1.75,-0.03,"",0,00:00:23:16,,,,,,,,,,,,
,85513975,10/08/2020 19:02,10/08/2020 19:24,XAUUSD,Buy,0.050,0.00000,0.00000,1889.72000,1889.29000,0.0000,0.0000,-43.0,-2.15,-0.04,"",0,00:00:22:05,,,,,,,,,,,,
,85504446,10/08/2020 17:13,10/08/2020 18:45,XAUUSD,Buy,0.400,0.00000,0.00000,1889.84000,1889.49000,0.0000,0.0000,-35.0,-14.00,-0.23,"",0,00:01:31:39,,,,,,,,,,,,
,85511384,10/08/2020 18:30,10/08/2020 18:45,XAUUSD,Buy,0.200,0.00000,0.00000,1889.22000,1889.53000,0.0000,0.0000,31.0,6.20,0.10,"",0,00:00:15:23,,,,,,,,,,,,
,85511418,10/08/2020 18:30,10/08/2020 18:45,XAUUSD,Buy,0.200,0.00000,0.00000,1888.93000,1889.58000,0.0000,0.0000,65.0,13.00,0.21,"",0,00:00:15:10,,,,,,,,,,,,
,85504456,10/08/2020 17:13,10/08/2020 18:21,XAUUSD,Buy,1.000,0.00000,0.00000,1889.66000,1888.90000,0.0000,0.0000,-76.0,-76.00,-1.23,"",0,00:01:07:20,,,,,,,,,,,,
,85504195,10/08/2020 17:10,10/08/2020 18:18,XAUUSD,Buy,0.500,0.00000,0.00000,1889.45000,1889.39000,0.0000,0.0000,-6.0,-3.00,-0.05,"",0,00:01:08:23,,,,,,,,,,,,
,85509090,10/08/2020 18:02,10/08/2020 18:18,XAUUSD,Buy,0.500,0.00000,0.00000,1888.04000,1889.38000,0.0000,0.0000,134.0,67.00,1.10,"",0,00:00:16:12,,,,,,,,,,,,
,85504583,10/08/2020 17:15,10/08/2020 18:15,XAUUSD,Buy,1.000,0.00000,0.00000,1889.15000,1889.20000,0.0000,0.0000,5.0,5.00,0.08,"",0,00:00:59:33,,,,,,,,,,,,
,85505444,10/08/2020 17:26,10/08/2020 18:14,XAUUSD,Buy,0.500,1882.79000,0.00000,1887.46000,1889.04000,0.0000,0.0000,158.0,79.00,1.31,"",0,00:00:47:43,,,,,,,,,,,,
,85504920,10/08/2020 17:20,10/08/2020 18:10,XAUUSD,Buy,1.500,1879.80000,0.00000,1888.19000,1889.02000,0.0000,0.0000,83.0,124.50,2.11,"",0,00:00:49:55,,,,,,,,,,,,
,85507384,10/08/2020 17:46,10/08/2020 18:09,XAUUSD,Buy,2.000,0.00000,0.00000,1886.74000,1888.91000,0.0000,0.0000,217.0,434.00,7.96,"",0,00:00:22:57,,,,,,,,,,,,
,85481468,10/08/2020 12:14,10/08/2020 13:34,XAUUSD,Buy,0.500,0.00000,0.00000,1892.90000,1893.48000,0.0000,0.0000,58.0,29.00,0.53,"",0,00:01:19:34,,,,,,,,,,,,
,85486247,10/08/2020 13:22,10/08/2020 13:34,XAUUSD,Buy,0.500,0.00000,0.00000,1892.34000,1893.47000,0.0000,0.0000,113.0,56.50,1.05,"",0,00:00:11:41,,,,,,,,,,,,
,85477318,10/08/2020 11:17,10/08/2020 13:11,XAUUSD,Buy,0.600,0.00000,0.00000,1891.82000,1891.90000,0.0000,0.0000,8.0,4.80,0.09,"",0,00:01:54:01,,,,,,,,,,,,
,85477354,10/08/2020 11:18,10/08/2020 13:11,XAUUSD,Buy,1.000,0.00000,0.00000,1891.89000,1891.88000,0.0000,0.0000,-1.0,-1.00,-0.02,"",0,00:01:53:42,,,,,,,,,,,,
,85482728,10/08/2020 12:36,10/08/2020 13:11,XAUUSD,Buy,1.000,0.00000,0.00000,1891.37000,1891.90000,0.0000,0.0000,53.0,53.00,1.00,"",0,00:00:35:46,,,,,,,,,,,,
,85482706,10/08/2020 12:35,10/08/2020 13:08,XAUUSD,Buy,1.000,0.00000,0.00000,1891.18000,1892.47000,0.0000,0.0000,129.0,129.00,2.49,"",0,00:00:32:23,,,,,,,,,,,,
,85477829,10/08/2020 11:21,10/08/2020 13:08,XAUUSD,Buy,1.000,0.00000,0.00000,1890.98000,1892.36000,0.0000,0.0000,138.0,138.00,2.74,"",0,00:01:46:29,,,,,,,,,,,,
,85469200,10/08/2020 09:55,10/08/2020 10:19,XAUUSD,Sell,0.500,0.00000,0.00000,1893.85000,1892.98000,0.0000,0.0000,87.0,43.50,0.87,"",0,00:00:23:24,,,,,,,,,,,,
,85455231,10/07/2020 22:05,,,Withdrawal,0.010,0.00000,0.00000,0.00000,0.00000,0.0000,0.0000,0.0,-3316.00,0,"Transfer to 10189649 #9264215",0,00:00:00:00,,,,,,,,,,,,
,85450265,10/07/2020 19:48,10/07/2020 19:54,XAUUSD,Buy,0.100,0.00000,0.00000,1886.37000,1886.79000,0.0000,0.0000,42.0,4.20,0.05,"",0,00:00:05:36,,,,,,,,,,,,
,85450257,10/07/2020 19:48,10/07/2020 19:54,XAUUSD,Buy,0.100,0.00000,0.00000,1886.22000,1886.86000,0.0000,0.0000,64.0,6.40,0.08,"",0,00:00:05:38,,,,,,,,,,,,
,85441242,10/07/2020 17:31,10/07/2020 17:32,XAUUSD,Buy,2.000,0.00000,0.00000,1884.06000,1884.68000,0.0000,0.0000,62.0,124.00,1.52,"",0,00:00:00:52,,,,,,,,,,,,
,85433835,10/07/2020 16:33,10/07/2020 16:52,XAUUSD,Buy,0.200,0.00000,0.00000,1889.95000,1887.77000,0.0000,0.0000,-218.0,-43.60,-0.53,"",0,00:00:19:21,,,,,,,,,,,,
,85433848,10/07/2020 16:33,10/07/2020 16:52,XAUUSD,Buy,0.200,0.00000,0.00000,1889.85000,1887.74000,0.0000,0.0000,-211.0,-42.20,-0.51,"",0,00:00:19:14,,,,,,,,,,,,
,85433859,10/07/2020 16:33,10/07/2020 16:51,XAUUSD,Buy,0.200,0.00000,0.00000,1889.75000,1887.72000,0.0000,0.0000,-203.0,-40.60,-0.49,"",0,00:00:18:31,,,,,,,,,,,,
,85434081,10/07/2020 16:34,10/07/2020 16:51,XAUUSD,Buy,0.500,0.00000,0.00000,1888.01000,1887.87000,0.0000,0.0000,-14.0,-7.00,-0.08,"",0,00:00:17:02,,,,,,,,,,,,
,85434289,10/07/2020 16:35,10/07/2020 16:51,XAUUSD,Buy,0.500,0.00000,0.00000,1887.52000,1887.66000,0.0000,0.0000,14.0,7.00,0.08,"",0,00:00:15:47,,,,,,,,,,,,
,85434614,10/07/2020 16:38,10/07/2020 16:51,XAUUSD,Buy,1.500,0.00000,0.00000,1884.71000,1887.65000,0.0000,0.0000,294.0,441.00,5.61,"",0,00:00:13:29,,,,,,,,,,,,
,85430641,10/07/2020 16:02,10/07/2020 16:05,EURUSD,Sell,0.500,0.00000,0.00000,1.17734,1.17734,0.0000,0.0000,0.0,0.00,0.00,"",0,00:00:02:25,,,,,,,,,,,,
,85388952,10/07/2020 04:33,10/07/2020 04:51,XAUUSD,Buy,0.500,1868.80000,0.00000,1874.91000,1877.49000,0.0000,0.0000,258.0,129.00,1.67,"",0,00:00:18:07,,,,,,,,,,,,
,85389040,10/07/2020 04:35,10/07/2020 04:51,XAUUSD,Buy,1.000,1869.80000,0.00000,1875.53000,1877.54000,0.0000,0.0000,201.0,201.00,2.67,"",0,00:00:16:33,,,,,,,,,,,,
,85388579,10/07/2020 04:16,10/07/2020 04:29,XAUUSD,Buy,0.500,1873.90000,0.00000,1879.26000,1873.18000,0.0000,0.0000,-608.0,-304.00,-3.88,"[sl]",0,00:00:12:50,,,,,,,,,,,,
,85332052,10/06/2020 13:40,10/06/2020 14:42,XAUUSD,Buy,0.200,0.00000,0.00000,1913.67000,1916.88000,0.0000,0.0000,321.0,64.20,0.83,"",0,00:01:02:28,,,,,,,,,,,,
,85331764,10/06/2020 13:34,10/06/2020 14:42,XAUUSD,Buy,0.300,1910.89000,0.00000,1913.09000,1916.83000,0.0000,0.0000,374.0,112.20,1.46,"",0,00:01:08:22,,,,,,,,,,,,
,85331945,10/06/2020 13:37,10/06/2020 14:41,XAUUSD,Buy,1.000,1916.34000,0.00000,1913.48000,1916.31000,0.0000,0.0000,283.0,283.00,3.83,"[sl]",0,00:01:04:07,,,,,,,,,,,,
,85333674,10/06/2020 13:57,10/06/2020 14:41,XAUUSD,Buy,1.000,1916.36000,0.00000,1913.12000,1916.43000,0.0000,0.0000,331.0,331.00,4.69,"[sl]",0,00:00:44:36,,,,,,,,,,,,
,85331780,10/06/2020 13:34,10/06/2020 14:41,XAUUSD,Buy,0.500,1916.36000,0.00000,1912.99000,1916.50000,0.0000,0.0000,351.0,175.50,2.55,"[sl]",0,00:01:07:08,,,,,,,,,,,,
,85323986,10/06/2020 11:36,10/06/2020 12:20,XAUUSD,Buy,0.500,0.00000,0.00000,1907.60000,1912.01000,0.0000,0.0000,441.0,220.50,3.31,"",0,00:00:43:46,,,,,,,,,,,,
,85320676,10/06/2020 11:02,10/06/2020 12:15,XAUUSD,Buy,0.500,0.00000,0.00000,1911.04000,1911.78000,0.0000,0.0000,74.0,37.00,0.56,"",0,00:01:13:07,,,,,,,,,,,,
,85323235,10/06/2020 11:28,10/06/2020 12:15,XAUUSD,Buy,1.000,0.00000,0.00000,1907.95000,1911.78000,0.0000,0.0000,383.0,383.00,6.14,"",0,00:00:47:23,,,,,,,,,,,,
,85323718,10/06/2020 11:33,10/06/2020 12:07,XAUUSD,Buy,2.000,1904.80000,0.00000,1908.04000,1909.81000,0.0000,0.0000,177.0,354.00,6.02,"",0,00:00:33:55,,,,,,,,,,,,
,85322786,10/06/2020 11:23,10/06/2020 12:07,XAUUSD,Buy,0.500,0.00000,0.00000,1909.65000,1909.85000,0.0000,0.0000,20.0,10.00,0.17,"",0,00:00:44:24,,,,,,,,,,,,
,85325062,10/06/2020 11:49,10/06/2020 12:07,XAUUSD,Buy,1.500,0.00000,0.00000,1907.54000,1909.89000,0.0000,0.0000,235.0,352.50,6.39,"",0,00:00:18:09,,,,,,,,,,,,
,85283757,10/05/2020 17:12,10/05/2020 17:43,XAUUSD,Sell,0.500,0.00000,0.00000,1912.80000,1911.22000,0.0000,0.0000,158.0,79.00,1.45,"",0,00:00:30:53,,,,,,,,,,,,
,85283742,10/05/2020 17:12,10/05/2020 17:43,XAUUSD,Sell,0.500,0.00000,0.00000,1912.76000,1911.06000,0.0000,0.0000,170.0,85.00,1.59,"",0,00:00:30:58,,,,,,,,,,,,
,85285548,10/05/2020 17:28,10/05/2020 17:43,XAUUSD,Sell,0.500,0.00000,0.00000,1915.40000,1911.27000,0.0000,0.0000,413.0,206.50,4.01,"",0,00:00:14:27,,,,,,,,,,,,
,85266943,10/05/2020 13:51,10/05/2020 14:47,XAUUSD,Buy,0.500,0.00000,0.00000,1900.15000,1900.77000,0.0000,0.0000,62.0,31.00,0.61,"",0,00:00:56:02,,,,,,,,,,,,
,85267846,10/05/2020 14:06,10/05/2020 14:47,XAUUSD,Buy,0.500,1897.34000,0.00000,1899.71000,1900.66000,0.0000,0.0000,95.0,47.50,0.94,"",0,00:00:40:21,,,,,,,,,,,,
,85267546,10/05/2020 14:01,10/05/2020 14:33,XAUUSD,Buy,0.200,0.00000,0.00000,1899.43000,1899.61000,0.0000,0.0000,18.0,3.60,0.07,"",0,00:00:31:56,,,,,,,,,,,,
,85268428,10/05/2020 14:18,10/05/2020 14:33,XAUUSD,Buy,0.500,1897.48000,0.00000,1899.15000,1899.65000,0.0000,0.0000,50.0,25.00,0.50,"",0,00:00:15:01,,,,,,,,,,,,
,85261708,10/05/2020 12:22,10/05/2020 13:21,XAUUSD,Sell,0.500,0.00000,0.00000,1899.59000,1899.50000,0.0000,0.0000,9.0,4.50,0.09,"",0,00:00:58:42,,,,,,,,,,,,
,85263556,10/05/2020 12:52,10/05/2020 13:20,XAUUSD,Sell,0.500,0.00000,0.00000,1900.67000,1899.49000,0.0000,0.0000,118.0,59.00,1.19,"",0,00:00:28:05,,,,,,,,,,,,
,85261404,10/05/2020 12:16,10/05/2020 13:19,XAUUSD,Sell,1.000,1902.50000,0.00000,1899.80000,1899.44000,0.0000,0.0000,36.0,36.00,0.73,"",0,00:01:02:27,,,,,,,,,,,,
,85263379,10/05/2020 12:50,10/05/2020 13:19,XAUUSD,Sell,1.000,0.00000,0.00000,1900.95000,1899.42000,0.0000,0.0000,153.0,153.00,3.20,"",0,00:00:28:42,,,,,,,,,,,,
,85261521,10/05/2020 12:18,10/05/2020 12:49,XAUUSD,Sell,0.500,1901.80000,0.00000,1899.36000,1901.68000,0.0000,0.0000,-232.0,-116.00,-2.37,"[sl]",0,00:00:30:36,,,,,,,,,,,,
,85260839,10/05/2020 12:08,,,Withdrawal,0.010,0.00000,0.00000,0.00000,0.00000,0.0000,0.0000,0.0,-8000.00,0,"Transfer to 10189649 #9232878",0,00:00:00:00,,,,,,,,,,,,
,85251648,10/05/2020 10:38,10/05/2020 11:44,XAUUSD,Buy,1.000,0.00000,0.00000,1889.79000,1894.93000,0.0000,0.0000,514.0,514.00,4.15,"",0,00:01:05:59,,,,,,,,,,,,
,85247793,10/05/2020 10:09,10/05/2020 11:43,XAUUSD,Buy,2.000,0.00000,0.00000,1890.98000,1895.05000,0.0000,0.0000,407.0,814.00,7.03,"",0,00:01:33:11,,,,,,,,,,,,
,85247754,10/05/2020 10:09,10/05/2020 11:40,XAUUSD,Buy,8.000,0.00000,0.00000,1890.93000,1895.40000,0.0000,0.0000,447.0,3576.00,44.70,"",0,00:01:30:34,,,,,,,,,,,,
,85247727,10/05/2020 10:09,,,Deposit,0.010,0.00000,0.00000,0.00000,0.00000,0.0000,0.0000,0.0,8000.00,0,"Transfer from 10189649 #9231515",0,00:00:00:00,,,,,,,,,,,,
,85247377,10/05/2020 10:08,,,Deposit,0.010,0.00000,0.00000,0.00000,0.00000,0.0000,0.0000,0.0,19.00,0,"Balance reset",0,00:00:00:00,,,,,,,,,,,,
,85242320,10/05/2020 09:05,10/05/2020 10:07,XAUUSD,Buy,1.000,0.00000,0.00000,1892.63000,1887.55000,0.0000,0.0000,-508.0,-508.00,-103.89,"[stopout]",0,00:01:02:35,,,,,,,,,,,,
,85242187,10/05/2020 09:03,10/05/2020 10:07,XAUUSD,Buy,3.000,0.00000,0.00000,1892.40000,1887.55000,0.0000,0.0000,-485.0,-1455.00,-74.85,"[stopout]",0,00:01:04:12,,,,,,,,,,,,
,85241566,10/05/2020 08:49,10/05/2020 10:07,XAUUSD,Buy,1.000,0.00000,0.00000,1894.64000,1887.55000,0.0000,0.0000,-709.0,-709.00,-26.72,"[stopout]",0,00:01:18:19,,,,,,,,,,,,
,85241562,10/05/2020 08:49,10/05/2020 10:07,XAUUSD,Buy,1.000,0.00000,0.00000,1894.71000,1887.55000,0.0000,0.0000,-716.0,-716.00,-21.25,"[stopout]",0,00:01:18:25,,,,,,,,,,,,
,85240912,10/05/2020 08:29,10/05/2020 10:07,XAUUSD,Buy,1.000,0.00000,0.00000,1894.22000,1887.55000,0.0000,0.0000,-667.0,-667.00,-16.53,"[stopout]",0,00:01:38:28,,,,,,,,,,,,
,85240877,10/05/2020 08:28,10/05/2020 10:07,XAUUSD,Buy,0.500,0.00000,0.00000,1894.33000,1887.55000,0.0000,0.0000,-678.0,-339.00,-7.75,"[stopout]",0,00:01:39:30,,,,,,,,,,,,
,85240815,10/05/2020 08:27,10/05/2020 10:07,XAUUSD,Buy,1.000,0.00000,0.00000,1893.80000,1887.55000,0.0000,0.0000,-625.0,-625.00,-12.50,"[stopout]",0,00:01:40:24,,,,,,,,,,,,
,85224322,10/03/2020 01:32,,,Deposit,0.010,0.00000,0.00000,0.00000,0.00000,0.0000,0.0000,0.0,5000.00,0,"Transfer from 10189649 #9220421",0,00:00:00:00,,,,,,,,,,,,
,85211694,10/02/2020 17:24,,,Withdrawal,0.010,0.00000,0.00000,0.00000,0.00000,0.0000,0.0000,0.0,-4351.90,0,"Transfer to 10189649 #9217797",0,00:00:00:00,,,,,,,,,,,,
,85209341,10/02/2020 16:59,10/02/2020 17:06,XAUUSD,Sell,0.200,1905.55000,0.00000,1902.15000,1903.68000,0.0000,0.0000,-153.0,-30.60,-0.70,"",0,00:00:07:36,,,,,,,,,,,,
,85209857,10/02/2020 17:03,10/02/2020 17:06,XAUUSD,Sell,0.200,1905.55000,0.00000,1902.33000,1903.39000,0.0000,0.0000,-106.0,-21.20,-0.48,"",0,00:00:02:57,,,,,,,,,,,,
,85209596,10/02/2020 17:00,10/02/2020 17:06,XAUUSD,Sell,0.200,1905.55000,0.00000,1902.51000,1903.40000,0.0000,0.0000,-89.0,-17.80,-0.40,"",0,00:00:06:15,,,,,,,,,,,,
,85209387,10/02/2020 16:59,10/02/2020 17:05,XAUUSD,Sell,0.200,1905.55000,0.00000,1902.97000,1902.98000,0.0000,0.0000,-1.0,-0.20,0.00,"",0,00:00:05:35,,,,,,,,,,,,
,85209330,10/02/2020 16:59,10/02/2020 17:04,XAUUSD,Sell,0.200,1903.50000,0.00000,1902.21000,1903.62000,0.0000,0.0000,-141.0,-28.20,-0.63,"[sl]",0,00:00:05:32,,,,,,,,,,,,
,85193370,10/02/2020 13:47,10/02/2020 16:13,XAUUSD,Sell,0.100,0.00000,0.00000,1907.40000,1903.75000,0.0000,0.0000,365.0,36.50,0.83,"",0,00:02:25:50,,,,,,,,,,,,
,85198794,10/02/2020 15:21,10/02/2020 16:13,XAUUSD,Sell,0.100,0.00000,0.00000,1907.11000,1903.91000,0.0000,0.0000,320.0,32.00,0.73,"",0,00:00:52:34,,,,,,,,,,,,
,85199015,10/02/2020 15:23,10/02/2020 16:12,XAUUSD,Sell,0.500,0.00000,0.00000,1907.61000,1904.45000,0.0000,0.0000,316.0,158.00,3.74,"",0,00:00:48:40,,,,,,,,,,,,
,85199143,10/02/2020 15:25,10/02/2020 16:12,XAUUSD,Sell,0.500,0.00000,0.00000,1908.59000,1903.83000,0.0000,0.0000,476.0,238.00,5.97,"",0,00:00:46:26,,,,,,,,,,,,
,85199411,10/02/2020 15:29,10/02/2020 16:12,XAUUSD,Sell,1.000,0.00000,0.00000,1908.47000,1903.20000,0.0000,0.0000,527.0,527.00,15.24,"",0,00:00:42:55,,,,,,,,,,,,
,85199448,10/02/2020 15:29,10/02/2020 16:12,XAUUSD,Sell,1.000,0.00000,0.00000,1909.11000,1903.29000,0.0000,0.0000,582.0,582.00,20.23,"",0,00:00:42:39,,,,,,,,,,,,
,85200769,10/02/2020 15:32,10/02/2020 15:38,XAUUSD,Sell,1.000,0.00000,0.00000,1909.05000,1906.79000,0.0000,0.0000,226.0,226.00,8.53,"from #85200140",0,00:00:05:20,,,,,,,,,,,,
,85200140,10/02/2020 15:32,10/02/2020 15:37,XAUUSD,Sell,1.000,0.00000,0.00000,1909.05000,1907.83000,0.0000,0.0000,122.0,122.00,4.83,"to #85200769",0,00:00:04:31,,,,,,,,,,,,
,85199284,10/02/2020 15:27,,,Withdrawal,0.010,0.00000,0.00000,0.00000,0.00000,0.0000,0.0000,0.0,-1000.00,0,"Transfer to 21068690 #9216498",0,00:00:00:00,,,,,,,,,,,,
,85198795,10/02/2020 15:21,,,Withdrawal,0.010,0.00000,0.00000,0.00000,0.00000,0.0000,0.0000,0.0,-1500.00,0,"Transfer to 21068690 #9216425",0,00:00:00:00,,,,,,,,,,,,
,85179554,10/02/2020 10:37,,,Withdrawal,0.010,0.00000,0.00000,0.00000,0.00000,0.0000,0.0000,0.0,-1500.00,0,"Transfer to 10189649 #9213505",0,00:00:00:00,,,,,,,,,,,,
,85174353,10/02/2020 10:06,10/02/2020 10:18,XAUUSD,Sell,0.500,0.00000,0.00000,1913.05000,1912.09000,0.0000,0.0000,96.0,48.00,0.74,"",0,00:00:12:02,,,,,,,,,,,,
,85174359,10/02/2020 10:06,10/02/2020 10:18,XAUUSD,Sell,0.500,0.00000,0.00000,1912.99000,1912.18000,0.0000,0.0000,81.0,40.50,0.63,"",0,00:00:11:56,,,,,,,,,,,,
,85175196,10/02/2020 10:10,10/02/2020 10:18,XAUUSD,Sell,0.500,0.00000,0.00000,1914.16000,1912.18000,0.0000,0.0000,198.0,99.00,1.56,"",0,00:00:07:58,,,,,,,,,,,,
,85175085,10/02/2020 10:10,10/02/2020 10:18,XAUUSD,Sell,0.500,0.00000,0.00000,1914.47000,1912.43000,0.0000,0.0000,204.0,102.00,1.63,"",0,00:00:08:22,,,,,,,,,,,,
,85175465,10/02/2020 10:12,10/02/2020 10:17,XAUUSD,Sell,3.000,0.00000,0.00000,1914.06000,1912.41000,0.0000,0.0000,165.0,495.00,8.62,"",0,00:00:04:38,,,,,,,,,,,,
,85175624,10/02/2020 10:14,10/02/2020 10:15,XAUUSD,Sell,3.000,0.00000,0.00000,1914.75000,1913.93000,0.0000,0.0000,82.0,246.00,4.47,"",0,00:00:01:06,,,,,,,,,,,,
,85172470,10/02/2020 09:51,10/02/2020 09:54,XAUUSD,Sell,0.500,0.00000,0.00000,1912.32000,1913.23000,0.0000,0.0000,-91.0,-45.50,-0.82,"",0,00:00:02:35,,,,,,,,,,,,
,85171327,10/02/2020 09:38,10/02/2020 09:54,XAUUSD,Sell,0.100,0.00000,0.00000,1914.01000,1913.26000,0.0000,0.0000,75.0,7.50,0.14,"",0,00:00:15:52,,,,,,,,,,,,
,85172202,10/02/2020 09:48,10/02/2020 09:54,XAUUSD,Sell,0.200,0.00000,0.00000,1914.55000,1913.14000,0.0000,0.0000,141.0,28.20,0.51,"",0,00:00:05:57,,,,,,,,,,,,
,85172380,10/02/2020 09:50,10/02/2020 09:53,XAUUSD,Sell,2.000,0.00000,0.00000,1914.36000,1912.21000,0.0000,0.0000,215.0,430.00,8.47,"",0,00:00:02:37,,,,,,,,,,,,
,85172377,10/02/2020 09:50,10/02/2020 09:53,XAUUSD,Sell,0.100,0.00000,0.00000,1914.73000,1912.27000,0.0000,0.0000,246.0,24.60,0.49,"",0,00:00:02:39,,,,,,,,,,,,
,85163378,10/02/2020 08:20,,,Withdrawal,0.010,0.00000,0.00000,0.00000,0.00000,0.0000,0.0000,0.0,-1800.00,0,"Transfer to 10189649 #9211936",0,00:00:00:00,,,,,,,,,,,,
,85160121,10/02/2020 07:47,10/02/2020 08:15,XAUUSD,Buy,0.400,0.00000,0.00000,1895.40000,1898.66000,0.0000,0.0000,326.0,130.40,1.94,"",0,00:00:28:42,,,,,,,,,,,,
,85161237,10/02/2020 08:00,10/02/2020 08:15,XAUUSD,Buy,0.500,1893.98000,0.00000,1891.60000,1897.33000,0.0000,0.0000,573.0,286.50,4.45,"",0,00:00:15:34,,,,,,,,,,,,
,85159943,10/02/2020 07:39,10/02/2020 08:15,XAUUSD,Buy,0.800,0.00000,0.00000,1895.65000,1897.11000,0.0000,0.0000,146.0,116.80,1.85,"",0,00:00:35:55,,,,,,,,,,,,
,85158933,10/02/2020 06:53,10/02/2020 08:15,XAUUSD,Buy,0.800,0.00000,0.00000,1895.24000,1897.32000,0.0000,0.0000,208.0,166.40,2.70,"",0,00:01:22:15,,,,,,,,,,,,
,85160964,10/02/2020 07:58,10/02/2020 08:15,XAUUSD,Buy,0.500,0.00000,0.00000,1891.91000,1897.31000,0.0000,0.0000,540.0,270.00,4.59,"",0,00:00:16:42,,,,,,,,,,,,
,85160796,10/02/2020 07:56,10/02/2020 08:15,XAUUSD,Buy,1.500,0.00000,0.00000,1892.78000,1897.17000,0.0000,0.0000,439.0,658.50,12.60,"",0,00:00:18:37,,,,,,,,,,,,
,85161756,10/02/2020 08:02,10/02/2020 08:10,XAUUSD,Buy,0.500,0.00000,0.00000,1890.57000,1895.06000,0.0000,0.0000,449.0,224.50,4.49,"",0,00:00:08:03,,,,,,,,,,,,
,85150791,10/01/2020 21:46,,,Withdrawal,0.010,0.00000,0.00000,0.00000,0.00000,0.0000,0.0000,0.0,-1072.00,0,"Transfer to 10189649 #9209559",0,00:00:00:00,,,,,,,,,,,,
,85137602,10/01/2020 17:44,10/01/2020 17:50,XAUUSD,Buy,0.100,0.00000,0.00000,1901.57000,1903.24000,0.0000,0.0000,167.0,16.70,0.28,"",0,00:00:05:15,,,,,,,,,,,,
,85137384,10/01/2020 17:42,10/01/2020 17:50,XAUUSD,Buy,0.100,0.00000,0.00000,1901.87000,1903.39000,0.0000,0.0000,152.0,15.20,0.25,"",0,00:00:07:55,,,,,,,,,,,,
,85137457,10/01/2020 17:43,10/01/2020 17:49,XAUUSD,Buy,0.500,0.00000,0.00000,1903.03000,1903.55000,0.0000,0.0000,52.0,26.00,0.43,"",0,00:00:06:55,,,,,,,,,,,,
,85137554,10/01/2020 17:44,10/01/2020 17:49,XAUUSD,Buy,0.500,0.00000,0.00000,1901.31000,1903.33000,0.0000,0.0000,202.0,101.00,1.71,"",0,00:00:05:34,,,,,,,,,,,,
,85137390,10/01/2020 17:42,10/01/2020 17:49,XAUUSD,Buy,2.000,0.00000,0.00000,1901.90000,1903.46000,0.0000,0.0000,156.0,312.00,5.57,"",0,00:00:07:33,,,,,,,,,,,,
,85121704,10/01/2020 15:01,10/01/2020 15:08,XAUUSD,Sell,0.100,0.00000,0.00000,1899.52000,1897.92000,0.0000,0.0000,160.0,16.00,0.29,"",0,00:00:07:36,,,,,,,,,,,,
,85120989,10/01/2020 14:53,10/01/2020 15:08,XAUUSD,Sell,0.100,0.00000,0.00000,1899.39000,1897.88000,0.0000,0.0000,151.0,15.10,0.27,"",0,00:00:15:18,,,,,,,,,,,,
,85121741,10/01/2020 15:01,10/01/2020 15:08,XAUUSD,Sell,0.100,0.00000,0.00000,1899.28000,1897.95000,0.0000,0.0000,133.0,13.30,0.24,"",0,00:00:07:04,,,,,,,,,,,,
,85114766,10/01/2020 13:56,10/01/2020 14:17,XAUUSD,Buy,0.500,0.00000,0.00000,1897.13000,1899.09000,0.0000,0.0000,196.0,98.00,1.80,"",0,00:00:21:17,,,,,,,,,,,,
,85115083,10/01/2020 14:00,10/01/2020 14:17,XAUUSD,Buy,1.500,0.00000,0.00000,1896.87000,1899.16000,0.0000,0.0000,229.0,343.50,6.72,"",0,00:00:16:51,,,,,,,,,,,,
,85085236,10/01/2020 07:09,,,Withdrawal,0.010,0.00000,0.00000,0.00000,0.00000,0.0000,0.0000,0.0,-28000.00,0,"Transfer to 10189649 #9200402",0,00:00:00:00,,,,,,,,,,,,
,85085109,09/30/2020 21:37,10/01/2020 07:00,XAUUSD,Buy,1.000,0.00000,0.00000,1893.81000,1892.02000,0.0000,-43.0800,-179.0,-222.08,-0.67,"from #85084762",0,00:09:23:38,10.0,56m,872.0,15.58,56.0,56.0,-872.0,-872.0,6.0,74.7,-235.00,-235.00
,85084760,09/30/2020 22:07,10/01/2020 07:00,XAUUSD,Buy,1.000,0.00000,0.00000,1890.04000,1891.98000,0.0000,-43.0800,194.0,150.92,0.45,"from #85072743",0,00:08:53:37,55.6,4h 56m,495.0,1.14,433.0,433.0,-495.0,-495.0,46.7,74.2,-239.00,-239.00
,85084762,09/30/2020 21:37,10/01/2020 07:00,XAUUSD,Buy,1.500,0.00000,0.00000,1893.81000,1891.99000,0.0000,-64.6200,-182.0,-337.62,-1.01,"to #85085109",0,00:09:23:28,10.0,56m,872.0,15.58,56.0,84.0,-872.0,-1308.0,6.0,74.4,-238.00,-357.00
,85084737,09/30/2020 21:37,10/01/2020 06:46,XAUUSD,Buy,0.500,0.00000,0.00000,1893.81000,1892.24000,0.0000,-21.5400,-157.0,-100.04,-0.30,"to #85084762",0,00:09:09:37,11.2,1h 1m,872.0,15.58,56.0,28.0,-872.0,-436.0,6.0,77.0,-213.00,-106.50
,85072743,09/30/2020 22:07,10/01/2020 06:46,XAUUSD,Buy,1.000,0.00000,0.00000,1890.04000,1892.13000,0.0000,-43.0800,209.0,165.92,0.50,"to #85084760",0,00:08:39:32,50.0,4h 19m,495.0,1.14,433.0,433.0,-495.0,-495.0,46.7,75.9,-224.00,-224.00
,85072067,09/30/2020 21:54,10/01/2020 06:45,XAUUSD,Buy,2.000,0.00000,0.00000,1889.61000,1892.48000,0.0000,-86.1600,287.0,487.84,1.48,"",0,00:08:51:09,44.5,3h 56m,452.0,0.95,476.0,952.0,-452.0,-904.0,51.3,79.6,-189.00,-378.00
,85084362,09/30/2020 21:37,10/01/2020 06:45,XAUUSD,Buy,4.000,0.00000,0.00000,1893.81000,1892.45000,0.0000,-172.3200,-136.0,-716.32,-2.13,"to #85084737",0,00:09:08:08,11.2,1h 1m,872.0,15.58,56.0,224.0,-872.0,-3488.0,6.0,79.3,-192.00,-768.00
,85071942,09/30/2020 21:51,10/01/2020 06:25,XAUUSD,Buy,2.000,0.00000,0.00000,1889.70000,1891.86000,0.0000,-86.1600,216.0,345.84,1.04,"",0,00:08:33:18,44.5,3h 48m,461.0,0.99,467.0,934.0,-461.0,-922.0,50.3,73.0,-251.00,-502.00
,85071013,09/30/2020 21:37,10/01/2020 06:24,XAUUSD,Buy,3.000,0.00000,0.00000,1893.81000,1891.86000,0.0000,-129.2400,-195.0,-714.24,-2.10,"to #85084362",0,00:08:47:32,11.2,59m,872.0,15.58,56.0,168.0,-872.0,-2616.0,6.0,73.0,-251.00,-753.00
,85072749,09/30/2020 22:07,10/01/2020 06:24,XAUUSD,Buy,2.000,0.00000,0.00000,1890.03000,1891.93000,0.0000,-86.1600,190.0,293.84,0.87,"",0,00:08:17:06,50.0,4h 8m,494.0,1.14,434.0,868.0,-494.0,-988.0,46.8,73.7,-244.00,-488.00
,85071010,09/30/2020 21:37,10/01/2020 06:24,XAUUSD,Buy,1.000,0.00000,0.00000,1893.76000,1891.93000,0.0000,-43.0800,-183.0,-226.08,-0.67,"",0,00:08:47:21,11.2,59m,867.0,14.22,61.0,61.0,-867.0,-867.0,6.6,73.7,-244.00,-244.00
,85071280,09/30/2020 21:41,10/01/2020 05:37,XAUUSD,Buy,2.000,0.00000,0.00000,1892.50000,1890.87000,0.0000,-86.1600,-163.0,-412.16,-1.20,"",0,00:07:56:08,0.0,0s,741.0,769.23,0.0,0.0,-741.0,-1482.0,0.0,78.0,-163.00,-326.00
,85071876,09/30/2020 21:50,10/01/2020 05:37,XAUUSD,Buy,5.000,0.00000,0.00000,1888.82000,1890.77000,0.0000,-215.4000,195.0,759.60,2.26,"",0,00:07:47:02,37.5,2h 55m,373.0,1.04,359.0,1795.0,-373.0,-1865.0,49.0,77.6,-164.00,-820.00
,85073537,09/30/2020 22:21,10/01/2020 05:26,XAUUSD,Buy,3.000,0.00000,0.00000,1886.71000,1889.76000,0.0000,-129.2400,305.0,785.76,2.39,"",0,00:07:05:18,85.8,6h 4m,369.0,0.28,570.0,1710.0,-162.0,-486.0,77.9,63.8,-265.00,-795.00
,85079429,10/01/2020 03:39,,,Deposit,0.010,0.00000,0.00000,0.00000,0.00000,0.0000,0.0000,0.0,14.12,0,"VIP Rebate",0,00:00:00:00,,,,,,,,,,,,
,85079428,10/01/2020 03:39,,,Deposit,0.010,0.00000,0.00000,0.00000,0.00000,0.0000,0.0000,0.0,51.02,0,"Rebate",0,00:00:00:00,,,,,,,,,,,,
,85078851,10/01/2020 02:50,,,Deposit,0.010,0.00000,0.00000,0.00000,0.00000,0.0000,0.0000,0.0,7.98,0,"IR #63",0,00:00:00:00,,,,,,,,,,,,
,85078082,10/01/2020 02:48,,,Deposit,0.010,0.00000,0.00000,0.00000,0.00000,0.0000,0.0000,0.0,2.39,0,"IR #63 VIP",0,00:00:00:00,,,,,,,,,,,,
,85075820,10/01/2020 00:03,,,Deposit,0.010,0.00000,0.00000,0.00000,0.00000,0.0000,0.0000,0.0,3000.00,0,"Transfer from 10189649 #9198903",0,00:00:00:00,,,,,,,,,,,,
,85072968,09/30/2020 22:12,,,Deposit,0.010,0.00000,0.00000,0.00000,0.00000,0.0000,0.0000,0.0,5000.00,0,"Transfer from 10189649 #9198183",0,00:00:00:00,,,,,,,,,,,,
,85072725,09/30/2020 22:06,,,Withdrawal,0.010,0.00000,0.00000,0.00000,0.00000,0.0000,0.0000,0.0,-4500.00,0,"Transfer to 21065213 #9198149",0,00:00:00:00,,,,,,,,,,,,
,85072697,09/30/2020 22:05,,,Deposit,0.010,0.00000,0.00000,0.00000,0.00000,0.0000,0.0000,0.0,5000.00,0,"Transfer from 10189649 #9198134",0,00:00:00:00,,,,,,,,,,,,
,85072608,09/30/2020 22:04,,,Deposit,0.010,0.00000,0.00000,0.00000,0.00000,0.0000,0.0000,0.0,5000.00,0,"Transfer from 10189649 #9198127",0,00:00:00:00,,,,,,,,,,,,
,85071884,09/30/2020 21:50,,,Deposit,0.010,0.00000,0.00000,0.00000,0.00000,0.0000,0.0000,0.0,5000.00,0,"Transfer from 10189649 #9198023",0,00:00:00:00,,,,,,,,,,,,
,85071787,09/30/2020 21:49,,,Deposit,0.010,0.00000,0.00000,0.00000,0.00000,0.0000,0.0000,0.0,3000.00,0,"Transfer from 10189649 #9198006",0,00:00:00:00,,,,,,,,,,,,
,85071686,09/30/2020 21:47,,,Deposit,0.010,0.00000,0.00000,0.00000,0.00000,0.0000,0.0000,0.0,3000.00,0,"Transfer from 21066278 #9197998",0,00:00:00:00,,,,,,,,,,,,
,85068003,09/30/2020 20:30,09/30/2020 20:37,XAUUSD,Buy,1.000,0.00000,0.00000,1891.95000,1892.50000,0.0000,0.0000,55.0,55.00,0.67,"",0,00:00:06:30,,,,,,,,,,,,
,85067995,09/30/2020 20:30,09/30/2020 20:36,XAUUSD,Buy,1.000,0.00000,0.00000,1891.55000,1892.80000,0.0000,0.0000,125.0,125.00,1.54,"",0,00:00:06:36,,,,,,,,,,,,
,85067956,09/30/2020 20:30,09/30/2020 20:36,XAUUSD,Buy,1.000,0.00000,0.00000,1890.67000,1892.73000,0.0000,0.0000,206.0,206.00,2.61,"",0,00:00:06:55,,,,,,,,,,,,
,85067942,09/30/2020 20:29,09/30/2020 20:36,XAUUSD,Buy,1.000,0.00000,0.00000,1891.19000,1892.77000,0.0000,0.0000,158.0,158.00,2.04,"",0,00:00:07:13,,,,,,,,,,,,
,85064429,09/30/2020 19:27,09/30/2020 19:39,XAUUSD,Buy,1.000,0.00000,0.00000,1895.62000,1897.29000,0.0000,0.0000,167.0,167.00,2.21,"",0,00:00:12:02,,,,,,,,,,,,
,85062030,09/30/2020 18:51,,,Withdrawal,0.010,0.00000,0.00000,0.00000,0.00000,0.0000,0.0000,0.0,-20000.00,0,"Transfer to 10189649 #9196338",0,00:00:00:00,,,,,,,,,,,,
,85060174,09/30/2020 17:31,09/30/2020 18:34,XAUUSD,Buy,3.000,1897.89000,0.00000,1887.12000,1897.85000,0.0000,0.0000,1073.0,3219.00,13.22,"from #85058785[sl]",0,00:01:02:42,,,,,,,,,,,,
,85058785,09/30/2020 17:31,09/30/2020 18:28,XAUUSD,Buy,5.000,1897.89000,0.00000,1887.12000,1900.76000,0.0000,0.0000,1364.0,6820.00,38.91,"to #85060174",0,00:00:57:00,,,,,,,,,,,,
,85050933,09/30/2020 17:14,09/30/2020 18:15,XAUUSD,Buy,1.000,1887.80000,0.00000,1887.78000,1899.76000,0.0000,0.0000,1198.0,1198.00,7.34,"",0,00:01:00:59,,,,,,,,,,,,
,85053469,09/30/2020 17:31,09/30/2020 18:15,XAUUSD,Buy,2.000,1889.80000,0.00000,1887.12000,1899.68000,0.0000,0.0000,1256.0,2512.00,18.18,"to #85058785",0,00:00:43:14,,,,,,,,,,,,
,85053514,09/30/2020 17:32,09/30/2020 18:09,XAUUSD,Buy,2.000,1887.80000,0.00000,1887.01000,1895.72000,0.0000,0.0000,871.0,1742.00,14.42,"",0,00:00:37:23,,,,,,,,,,,,
,85053460,09/30/2020 17:31,09/30/2020 18:09,XAUUSD,Buy,3.000,1887.40000,0.00000,1886.87000,1895.74000,0.0000,0.0000,887.0,2661.00,28.26,"",0,00:00:37:48,,,,,,,,,,,,
,85052510,09/30/2020 17:24,09/30/2020 17:31,XAUUSD,Buy,1.000,1885.88000,0.00000,1888.91000,1885.41000,0.0000,0.0000,-350.0,-350.00,-3.58,"[sl]",0,00:00:06:24,,,,,,,,,,,,
,85049460,09/30/2020 17:01,09/30/2020 17:31,XAUUSD,Buy,1.500,1885.80000,0.00000,1887.10000,1885.41000,0.0000,0.0000,-169.0,-253.50,-2.53,"[sl]",0,00:00:29:38,,,,,,,,,,,,
,85052425,09/30/2020 17:23,09/30/2020 17:31,XAUUSD,Buy,1.000,1886.34000,0.00000,1889.25000,1886.20000,0.0000,0.0000,-305.0,-305.00,-2.95,"[sl]",0,00:00:07:15,,,,,,,,,,,,
,85052870,09/30/2020 17:27,09/30/2020 17:31,XAUUSD,Buy,3.000,1886.23000,0.00000,1889.00000,1886.23000,0.0000,0.0000,-277.0,-831.00,-7.45,"[sl]",0,00:00:03:32,,,,,,,,,,,,
,85050839,09/30/2020 17:13,09/30/2020 17:31,XAUUSD,Buy,2.000,1886.39000,0.00000,1887.37000,1886.40000,0.0000,0.0000,-97.0,-194.00,-1.71,"[sl]",0,00:00:17:32,,,,,,,,,,,,
,85050362,09/30/2020 17:10,09/30/2020 17:31,XAUUSD,Buy,3.000,1886.39000,0.00000,1884.87000,1886.40000,0.0000,0.0000,153.0,459.00,4.21,"[sl]",0,00:00:21:04,,,,,,,,,,,,
,85049882,09/30/2020 17:05,09/30/2020 17:31,XAUUSD,Buy,4.000,1886.39000,0.00000,1884.80000,1886.40000,0.0000,0.0000,160.0,640.00,6.24,"[sl]",0,00:00:25:35,,,,,,,,,,,,
,85049718,09/30/2020 17:03,09/30/2020 17:31,XAUUSD,Buy,1.500,1886.39000,0.00000,1885.18000,1886.40000,0.0000,0.0000,122.0,183.00,1.82,"[sl]",0,00:00:27:16,,,,,,,,,,,,
,85040313,09/30/2020 15:26,09/30/2020 15:37,XAUUSD,Buy,0.500,1885.98000,0.00000,1886.89000,1888.18000,0.0000,0.0000,129.0,64.50,0.64,"",0,00:00:11:46,,,,,,,,,,,,
,85040307,09/30/2020 15:25,09/30/2020 15:37,XAUUSD,Buy,0.500,1886.38000,0.00000,1886.90000,1888.08000,0.0000,0.0000,118.0,59.00,0.59,"",0,00:00:11:46,,,,,,,,,,,,
,85040321,09/30/2020 15:26,09/30/2020 15:37,XAUUSD,Buy,0.500,0.00000,0.00000,1886.67000,1888.33000,0.0000,0.0000,166.0,83.00,0.84,"",0,00:00:11:01,,,,,,,,,,,,
,85040303,09/30/2020 15:25,09/30/2020 15:37,XAUUSD,Buy,0.500,1886.38000,0.00000,1886.97000,1888.17000,0.0000,0.0000,120.0,60.00,0.61,"",0,00:00:11:14,,,,,,,,,,,,
,85037771,09/30/2020 14:42,09/30/2020 15:37,XAUUSD,Buy,0.500,1878.80000,0.00000,1885.68000,1888.19000,0.0000,0.0000,251.0,125.50,1.30,"",0,00:00:54:59,,,,,,,,,,,,
,85039842,09/30/2020 15:18,09/30/2020 15:36,XAUUSD,Buy,3.000,1886.38000,0.00000,1885.13000,1887.58000,0.0000,0.0000,245.0,735.00,8.22,"",0,00:00:18:01,,,,,,,,,,,,
,85038811,09/30/2020 15:01,09/30/2020 15:35,XAUUSD,Buy,2.000,1886.38000,0.00000,1884.20000,1887.71000,0.0000,0.0000,351.0,702.00,8.52,"",0,00:00:34:41,,,,,,,,,,,,
,85039768,09/30/2020 15:16,09/30/2020 15:35,XAUUSD,Buy,3.000,1886.38000,0.00000,1884.54000,1887.69000,0.0000,0.0000,315.0,945.00,12.96,"",0,00:00:19:02,,,,,,,,,,,,
,85039939,09/30/2020 15:19,09/30/2020 15:30,XAUUSD,Buy,3.000,0.00000,0.00000,1884.55000,1887.19000,0.0000,0.0000,264.0,792.00,12.18,"",0,00:00:11:21,,,,,,,,,,,,
,85038556,09/30/2020 14:58,09/30/2020 15:16,XAUUSD,Buy,2.000,1878.80000,0.00000,1884.04000,1884.43000,0.0000,0.0000,39.0,78.00,1.21,"",0,00:00:17:39,,,,,,,,,,,,
,85038337,09/30/2020 14:53,09/30/2020 15:15,XAUUSD,Buy,0.500,1878.80000,0.00000,1884.65000,1884.43000,0.0000,0.0000,-22.0,-11.00,-0.17,"",0,00:00:22:47,,,,,,,,,,,,
,85039322,09/30/2020 15:08,09/30/2020 15:13,XAUUSD,Buy,1.500,0.00000,0.00000,1883.26000,1884.34000,0.0000,0.0000,108.0,162.00,2.58,"",0,00:00:04:17,,,,,,,,,,,,
,85037991,09/30/2020 14:45,09/30/2020 15:04,XAUUSD,Buy,0.500,1882.24000,0.00000,1884.77000,1881.97000,0.0000,0.0000,-280.0,-140.00,-2.18,"[sl]",0,00:00:19:32,,,,,,,,,,,,
,85032790,09/30/2020 13:12,09/30/2020 13:46,XAUUSD,Buy,0.500,1879.40000,0.00000,1884.17000,1886.79000,0.0000,0.0000,262.0,131.00,2.09,"",0,00:00:34:39,,,,,,,,,,,,
,85030222,09/30/2020 12:33,09/30/2020 13:46,XAUUSD,Buy,0.300,0.00000,0.00000,1883.51000,1886.79000,0.0000,0.0000,328.0,98.40,1.59,"",0,00:01:13:18,,,,,,,,,,,,
,85030161,09/30/2020 12:32,09/30/2020 13:46,XAUUSD,Buy,0.300,0.00000,0.00000,1883.12000,1886.81000,0.0000,0.0000,369.0,110.70,1.82,"",0,00:01:14:18,,,,,,,,,,,,
,85032797,09/30/2020 13:12,09/30/2020 13:46,XAUUSD,Buy,0.500,1879.40000,0.00000,1884.16000,1886.86000,0.0000,0.0000,270.0,135.00,2.27,"",0,00:00:34:24,,,,,,,,,,,,
,85025943,09/30/2020 11:45,,,Withdrawal,0.010,0.00000,0.00000,0.00000,0.00000,0.0000,0.0000,0.0,-15000.00,0,"Transfer to 10189649 #9192008",0,00:00:00:00,,,,,,,,,,,,
,84972996,09/29/2020 15:56,09/30/2020 10:25,XAUUSD,Sell,0.500,0.00000,1880.50000,1883.60000,1885.15000,0.0000,1.6500,-155.0,-75.85,-0.36,"",0,00:18:29:04,0.0,0s,1510.0,1666.67,0.0,0.0,-1510.0,-755.0,0.0,89.7,-155.00,-77.50
,85011725,09/30/2020 09:24,09/30/2020 10:25,XAUUSD,Sell,0.500,0.00000,0.00000,1886.46000,1885.23000,0.0000,0.0000,123.0,61.50,0.29,"",0,00:01:01:06,,,,,,,,,,,,
,84945261,09/29/2020 08:39,09/30/2020 10:25,XAUUSD,Sell,0.500,0.00000,1880.50000,1878.47000,1885.27000,0.0000,1.6500,-680.0,-338.35,-1.59,"",0,01:01:45:41,0.0,0s,2023.0,2500.00,0.0,0.0,-2023.0,-1011.5,0.0,66.4,-680.00,-340.00
,84930837,09/28/2020 19:50,09/30/2020 10:25,XAUUSD,Sell,0.500,0.00000,1880.50000,1874.90000,1885.23000,0.0000,3.3000,-1033.0,-513.20,-2.35,"",0,01:14:34:28,0.0,0s,2380.0,2500.00,0.0,0.0,-2380.0,-1190.0,0.0,56.6,-1033.00,-516.50
,84930784,09/28/2020 19:49,09/30/2020 10:25,XAUUSD,Sell,1.500,0.00000,1880.00000,1875.36000,1885.26000,0.0000,9.9200,-990.0,-1475.08,-6.34,"",0,01:14:35:37,0.0,0s,2334.0,2500.00,0.0,0.0,-2334.0,-3501.0,0.0,57.6,-990.00,-1485.00
,85012133,09/30/2020 09:30,09/30/2020 10:25,XAUUSD,Sell,0.200,0.00000,0.00000,1887.54000,1885.27000,0.0000,0.0000,227.0,45.40,0.20,"",0,00:00:54:40,,,,,,,,,,,,
,85012632,09/30/2020 09:39,09/30/2020 10:24,XAUUSD,Sell,0.200,0.00000,0.00000,1888.68000,1884.88000,0.0000,0.0000,380.0,76.00,0.33,"",0,00:00:44:29,,,,,,,,,,,,
,85012646,09/30/2020 09:40,09/30/2020 10:24,XAUUSD,Sell,0.200,0.00000,0.00000,1888.55000,1884.91000,0.0000,0.0000,364.0,72.80,0.32,"",0,00:00:44:09,,,,,,,,,,,,
,85007903,09/30/2020 08:06,09/30/2020 09:15,XAUUSD,Sell,0.500,1893.90000,0.00000,1890.94000,1884.50000,0.0000,0.0000,644.0,322.00,1.41,"",0,00:01:09:21,,,,,,,,,,,,
,84972877,09/29/2020 15:53,09/30/2020 09:11,XAUUSD,Sell,0.800,0.00000,1880.50000,1882.11000,1884.94000,0.0000,2.6400,-283.0,-223.76,-0.97,"",0,00:17:17:27,0.0,0s,1659.0,1666.67,0.0,0.0,-1659.0,-1327.2,0.0,82.9,-283.00,-226.40
,85007756,09/30/2020 08:00,09/30/2020 09:11,XAUUSD,Sell,0.500,1893.90000,1880.50000,1889.92000,1885.03000,0.0000,0.0000,489.0,244.50,1.08,"",0,00:01:11:05,,,,,,,,,,,,
,84986251,09/29/2020 18:08,09/30/2020 09:10,XAUUSD,Sell,0.300,0.00000,1880.50000,1887.99000,1886.25000,0.0000,0.9900,174.0,53.19,0.23,"",0,00:15:01:57,20.0,3h 0m,1071.0,6.16,174.0,52.199999999999996,-1071.0,-321.3,14.0,100.0,0.00,0.00
,84986234,09/29/2020 18:08,09/30/2020 09:10,XAUUSD,Sell,0.300,0.00000,1880.50000,1888.04000,1886.25000,0.0000,0.9900,179.0,54.69,0.24,"",0,00:15:02:08,20.0,3h 0m,1066.0,5.96,179.0,53.699999999999996,-1066.0,-319.8,14.4,100.0,0.00,0.00
,84986297,09/29/2020 18:09,09/30/2020 09:10,XAUUSD,Sell,0.300,0.00000,1880.50000,1888.20000,1886.36000,0.0000,0.9900,184.0,56.19,0.25,"",0,00:15:00:52,20.0,3h 0m,1050.0,5.71,184.0,55.199999999999996,-1050.0,-315.0,14.9,100.0,0.00,0.00
,84975297,09/29/2020 16:28,09/30/2020 09:09,XAUUSD,Sell,0.500,0.00000,1880.50000,1886.22000,1886.83000,0.0000,1.6500,-61.0,-28.85,-0.13,"",0,00:16:41:18,0.0,0s,1248.0,1250.00,0.0,0.0,-1248.0,-624.0,0.0,95.1,-61.00,-30.50
,84979524,09/29/2020 17:05,09/30/2020 09:09,XAUUSD,Sell,0.500,0.00000,1880.50000,1887.85000,1887.02000,0.0000,1.6500,83.0,43.15,0.19,"",0,00:16:04:19,18.8,3h 1m,1085.0,13.09,83.0,41.5,-1085.0,-542.5,7.1,100.0,0.00,0.00
,85007630,09/30/2020 07:59,09/30/2020 09:03,XAUUSD,Sell,1.500,1893.90000,1880.50000,1890.35000,1888.53000,0.0000,0.0000,182.0,273.00,1.22,"",0,00:01:03:29,,,,,,,,,,,,
,84973119,09/29/2020 15:59,09/30/2020 07:32,XAUUSD,Sell,0.500,0.00000,1885.00000,1884.12000,1889.85000,0.0000,1.6500,-573.0,-284.85,-1.26,"",0,00:15:33:04,0.0,0s,1458.0,1666.67,0.0,0.0,-1458.0,-729.0,0.0,60.7,-573.00,-286.50
,84979301,09/29/2020 17:03,09/30/2020 07:32,XAUUSD,Sell,0.500,0.00000,1885.00000,1886.85000,1889.85000,0.0000,1.6500,-300.0,-148.35,-0.65,"",0,00:14:28:30,0.0,0s,1185.0,1250.00,0.0,0.0,-1185.0,-592.5,0.0,74.7,-300.00,-150.00
,84975144,09/29/2020 16:26,09/30/2020 07:32,XAUUSD,Sell,1.000,0.00000,1885.00000,1885.02000,1889.84000,0.0000,3.3000,-482.0,-478.70,-2.06,"",0,00:15:05:59,0.0,0s,1368.0,1428.57,0.0,0.0,-1368.0,-1368.0,0.0,64.8,-482.00,-482.00
,84991505,09/29/2020 19:38,09/30/2020 07:32,XAUUSD,Sell,1.000,0.00000,1885.80000,1893.08000,1889.84000,0.0000,3.3000,324.0,327.30,1.43,"",0,00:11:53:24,41.7,4h 57m,562.0,1.03,548.0,548.0,-562.0,-562.0,49.4,79.8,-224.00,-224.00
,84992055,09/29/2020 19:49,09/30/2020 07:32,XAUUSD,Sell,2.000,0.00000,1885.80000,1894.78000,1889.84000,0.0000,6.6100,494.0,994.61,4.55,"",0,00:11:42:23,50.0,5h 51m,392.0,0.55,718.0,1436.0,-392.0,-784.0,64.7,79.8,-224.00,-448.00
,84992461,09/29/2020 19:57,09/30/2020 07:31,XAUUSD,Sell,1.000,1901.50000,1885.00000,1895.36000,1889.77000,0.0000,3.3000,559.0,562.30,2.64,"",0,00:11:34:18,58.4,6h 45m,334.0,0.43,776.0,776.0,-334.0,-334.0,69.9,80.5,-217.00,-217.00
,84993631,09/29/2020 20:18,09/30/2020 04:35,XAUUSD,Sell,0.500,0.00000,1885.50000,1896.11000,1895.81000,0.0000,1.6500,30.0,16.65,0.08,"",0,00:08:16:58,50.0,4h 8m,322.0,0.74,352.0,176.0,-259.0,-129.5,57.6,47.3,-322.00,-161.00
,84994198,09/29/2020 20:34,09/30/2020 04:35,XAUUSD,Sell,1.000,0.00000,1885.80000,1897.38000,1895.80000,0.0000,3.3000,158.0,161.30,0.76,"",0,00:08:01:11,87.5,7h 1m,321.0,0.28,479.0,479.0,-132.0,-132.0,78.4,47.5,-321.00,-321.00
,84991890,09/29/2020 19:47,,,Deposit,0.010,0.00000,0.00000,0.00000,0.00000,0.0000,0.0000,0.0,7233.42,0,"Withdraw canceled 9176761",0,00:00:00:00,,,,,,,,,,,,
,84980138,09/29/2020 17:12,09/29/2020 18:01,XAUUSD,Sell,0.500,0.00000,0.00000,1888.21000,1886.25000,0.0000,0.0000,196.0,98.00,0.71,"",0,00:00:49:13,,,,,,,,,,,,
,84980123,09/29/2020 17:12,09/29/2020 17:38,XAUUSD,Sell,0.500,0.00000,0.00000,1888.50000,1887.72000,0.0000,0.0000,78.0,39.00,0.28,"",0,00:00:26:45,,,,,,,,,,,,
,84977599,09/29/2020 16:47,09/29/2020 17:38,XAUUSD,Sell,0.500,0.00000,0.00000,1887.65000,1887.68000,0.0000,0.0000,-3.0,-1.50,-0.01,"",0,00:00:51:46,,,,,,,,,,,,
,84979834,09/29/2020 17:08,09/29/2020 17:38,XAUUSD,Sell,0.500,0.00000,0.00000,1888.37000,1887.47000,0.0000,0.0000,90.0,45.00,0.33,"",0,00:00:29:51,,,,,,,,,,,,
,84981517,09/29/2020 17:26,09/29/2020 17:38,XAUUSD,Sell,1.000,0.00000,0.00000,1890.41000,1887.25000,0.0000,0.0000,316.0,316.00,2.36,"",0,00:00:12:26,,,,,,,,,,,,
,84979822,09/29/2020 17:08,09/29/2020 17:38,XAUUSD,Sell,0.500,0.00000,0.00000,1888.33000,1887.32000,0.0000,0.0000,101.0,50.50,0.38,"",0,00:00:29:47,,,,,,,,,,,,
,84979653,09/29/2020 17:06,09/29/2020 17:38,XAUUSD,Sell,0.500,0.00000,0.00000,1888.55000,1887.40000,0.0000,0.0000,115.0,57.50,0.43,"",0,00:00:31:35,,,,,,,,,,,,
,84979621,09/29/2020 17:06,09/29/2020 17:38,XAUUSD,Sell,0.500,0.00000,0.00000,1888.34000,1887.46000,0.0000,0.0000,88.0,44.00,0.33,"",0,00:00:32:01,,,,,,,,,,,,
,84979723,09/29/2020 17:07,09/29/2020 17:38,XAUUSD,Sell,0.500,0.00000,0.00000,1888.51000,1887.38000,0.0000,0.0000,113.0,56.50,0.43,"",0,00:00:30:40,,,,,,,,,,,,
,84979850,09/29/2020 17:09,09/29/2020 17:38,XAUUSD,Sell,2.000,0.00000,0.00000,1888.31000,1887.38000,0.0000,0.0000,93.0,186.00,1.43,"",0,00:00:29:16,,,,,,,,,,,,
,84975671,09/29/2020 16:31,09/29/2020 17:01,XAUUSD,Sell,2.000,0.00000,0.00000,1888.35000,1885.66000,0.0000,0.0000,269.0,538.00,4.31,"",0,00:00:29:18,,,,,,,,,,,,
,84973388,09/29/2020 16:01,09/29/2020 16:15,XAUUSD,Sell,0.500,0.00000,0.00000,1884.71000,1882.53000,0.0000,0.0000,218.0,109.00,0.88,"",0,00:00:13:36,,,,,,,,,,,,
,84972604,09/29/2020 15:47,,,Withdrawal,0.010,0.00000,0.00000,0.00000,0.00000,0.0000,0.0000,0.0,-2000.00,0,"Transfer to 21066278 #9184255",0,00:00:00:00,,,,,,,,,,,,
,84945561,09/29/2020 08:49,09/29/2020 15:41,XAUUSD,Sell,0.500,0.00000,0.00000,1878.23000,1878.75000,0.0000,0.0000,-52.0,-26.00,-0.18,"",0,00:06:52:08,0.0,0s,857.0,909.09,0.0,0.0,-857.0,-428.5,0.0,93.9,-52.00,-26.00
,84959219,09/29/2020 12:08,09/29/2020 15:40,XAUUSD,Sell,1.000,0.00000,0.00000,1885.35000,1879.55000,0.0000,0.0000,580.0,580.00,4.20,"",0,00:03:32:11,,,,,,,,,,,,
,84930868,09/28/2020 19:52,09/29/2020 15:39,XAUUSD,Sell,0.500,0.00000,1874.50000,1875.48000,1880.79000,0.0000,1.6500,-531.0,-263.85,-1.87,"",0,00:19:47:20,0.0,0s,1132.0,1250.00,0.0,0.0,-1132.0,-566.0,0.0,53.1,-531.00,-265.50
,84947022,09/29/2020 09:28,09/29/2020 15:39,XAUUSD,Sell,1.000,0.00000,0.00000,1880.89000,1881.24000,0.0000,0.0000,-35.0,-35.00,-0.25,"",0,00:06:11:23,0.0,0s,591.0,625.00,0.0,0.0,-591.0,-591.0,0.0,94.1,-35.00,-35.00
,84966568,09/29/2020 14:07,09/29/2020 15:39,XAUUSD,Sell,1.000,0.00000,0.00000,1887.77000,1881.16000,0.0000,0.0000,661.0,661.00,4.91,"",0,00:01:32:25,,,,,,,,,,,,
,84967078,09/29/2020 14:10,09/29/2020 15:04,XAUUSD,Sell,1.500,0.00000,0.00000,1887.88000,1882.95000,0.0000,0.0000,493.0,739.50,5.82,"",0,00:00:53:31,,,,,,,,,,,,
,84968043,09/29/2020 14:25,09/29/2020 15:02,XAUUSD,Sell,1.500,1891.80000,0.00000,1888.94000,1884.29000,0.0000,0.0000,465.0,697.50,5.81,"",0,00:00:36:55,,,,,,,,,,,,
,84967981,09/29/2020 14:24,,,Deposit,0.010,0.00000,0.00000,0.00000,0.00000,0.0000,0.0000,0.0,3000.00,0,"Transfer from 21065213 #9183452",0,00:00:00:00,,,,,,,,,,,,
,84948287,09/29/2020 09:54,09/29/2020 10:22,XAUUSD,Sell,0.500,0.00000,0.00000,1882.48000,1880.33000,0.0000,0.0000,215.0,107.50,1.21,"",0,00:00:27:55,,,,,,,,,,,,
,84948441,09/29/2020 09:57,09/29/2020 10:18,XAUUSD,Sell,0.500,0.00000,0.00000,1883.13000,1880.14000,0.0000,0.0000,299.0,149.50,1.71,"",0,00:00:20:45,,,,,,,,,,,,
,84949131,09/29/2020 10:01,09/29/2020 10:18,XAUUSD,Sell,0.500,0.00000,0.00000,1882.82000,1879.89000,0.0000,0.0000,293.0,146.50,1.70,"",0,00:00:17:02,,,,,,,,,,,,
,84931383,09/28/2020 20:07,09/29/2020 08:32,XAUUSD,Sell,1.000,0.00000,1874.50000,1876.40000,1876.85000,0.0000,3.3000,-45.0,-41.70,-0.48,"",0,00:12:24:38,0.0,0s,835.0,909.09,0.0,0.0,-835.0,-835.0,0.0,94.6,-45.00,-45.00
,84936707,09/28/2020 23:04,09/29/2020 08:31,XAUUSD,Sell,1.000,0.00000,1874.50000,1882.09000,1876.60000,0.0000,3.3000,549.0,552.30,6.82,"",0,00:09:27:29,33.4,3h 9m,536.0,0.48,549.0,549.0,-266.0,-266.0,67.4,100.0,0.00,0.00
,84931654,09/28/2020 20:15,09/29/2020 08:26,XAUUSD,Sell,1.000,0.00000,1874.50000,1877.15000,1878.67000,0.0000,3.3000,-152.0,-148.70,-1.80,"",0,00:12:10:57,0.0,0s,760.0,769.23,0.0,0.0,-760.0,-760.0,0.0,80.0,-152.00,-152.00
,84932402,09/28/2020 20:34,09/29/2020 08:26,XAUUSD,Sell,1.000,0.00000,1874.50000,1878.92000,1878.64000,0.0000,3.3000,28.0,31.30,0.38,"",0,00:11:51:42,16.7,1h 58m,583.0,16.21,36.0,36.0,-583.0,-583.0,5.8,98.7,-8.00,-8.00
,84934288,09/28/2020 21:43,09/28/2020 22:33,XAUUSD,Sell,1.000,0.00000,0.00000,1881.85000,1877.77000,0.0000,0.0000,408.0,408.00,5.22,"",0,00:00:49:37,,,,,,,,,,,,
,84934235,09/28/2020 21:42,09/28/2020 22:32,XAUUSD,Sell,2.000,0.00000,0.00000,1881.07000,1878.14000,0.0000,0.0000,293.0,586.00,8.11,"",0,00:00:50:10,,,,,,,,,,,,
,84934224,09/28/2020 21:42,,,Deposit,0.010,0.00000,0.00000,0.00000,0.00000,0.0000,0.0000,0.0,3000.00,0,"Transfer from 21065213 #9178069",0,00:00:00:00,,,,,,,,,,,,
,84930722,09/28/2020 19:47,09/28/2020 20:30,XAUUSD,Sell,2.000,1878.90000,0.00000,1875.31000,1878.37000,0.0000,0.0000,-306.0,-612.00,-12.65,"[sl]",0,00:00:42:17,,,,,,,,,,,,
,84928303,09/28/2020 18:52,,,Withdrawal,0.010,0.00000,0.00000,0.00000,0.00000,0.0000,0.0000,0.0,-7233.42,0,"Withdraw LPB-CC-BZ USD #9176761",0,00:00:00:00,,,,,,,,,,,,
,84901378,09/28/2020 13:00,09/28/2020 18:47,XAUUSD,Buy,0.050,0.00000,0.00000,1852.58000,1871.97000,0.0000,0.0000,1939.0,96.95,0.81,"",0,00:05:46:43,100.0,5h 46m,255.0,0.00,2194.0,109.7,0.0,0.0,100.0,88.4,-255.00,-12.75
,84901727,09/28/2020 13:05,09/28/2020 18:47,XAUUSD,Buy,0.150,0.00000,0.00000,1853.51000,1871.97000,0.0000,0.0000,1846.0,276.90,2.37,"",0,00:05:42:02,100.0,5h 42m,255.0,0.00,2101.0,315.15,0.0,0.0,100.0,87.9,-255.00,-38.25
,84902178,09/28/2020 13:09,09/28/2020 18:45,XAUUSD,Buy,0.200,0.00000,0.00000,1855.19000,1872.10000,0.0000,0.0000,1691.0,338.20,2.98,"",0,00:05:36:32,100.0,5h 36m,242.0,0.00,1933.0,386.6,0.0,0.0,100.0,87.5,-242.00,-48.40
,84901707,09/28/2020 13:05,09/28/2020 18:45,XAUUSD,Buy,0.050,0.00000,0.00000,1853.50000,1872.09000,0.0000,0.0000,1859.0,92.95,0.83,"",0,00:05:40:09,100.0,5h 40m,243.0,0.00,2102.0,105.10000000000001,0.0,0.0,100.0,88.4,-243.00,-12.15
,84901724,09/28/2020 13:05,09/28/2020 18:45,XAUUSD,Buy,0.150,0.00000,0.00000,1853.71000,1872.03000,0.0000,0.0000,1832.0,274.80,2.50,"",0,00:05:39:57,100.0,5h 39m,249.0,0.00,2081.0,312.15,0.0,0.0,100.0,88.0,-249.00,-37.35
,84902021,09/28/2020 13:07,09/28/2020 18:44,XAUUSD,Buy,0.200,0.00000,0.00000,1855.02000,1871.52000,0.0000,0.0000,1650.0,330.00,3.10,"",0,00:05:36:41,100.0,5h 36m,300.0,0.00,1950.0,390.0,0.0,0.0,100.0,84.6,-300.00,-60.00
,84901699,09/28/2020 13:05,09/28/2020 18:44,XAUUSD,Buy,0.150,0.00000,0.00000,1853.34000,1871.66000,0.0000,0.0000,1832.0,274.80,2.65,"",0,00:05:38:44,100.0,5h 38m,286.0,0.00,2118.0,317.7,0.0,0.0,100.0,86.5,-286.00,-42.90
,84901886,09/28/2020 13:06,09/28/2020 18:43,XAUUSD,Buy,0.300,0.00000,0.00000,1854.86000,1871.51000,0.0000,0.0000,1665.0,499.50,5.05,"",0,00:05:37:27,100.0,5h 37m,301.0,0.00,1966.0,589.8,0.0,0.0,100.0,84.7,-301.00,-90.30
,84901905,09/28/2020 13:06,09/28/2020 18:43,XAUUSD,Buy,0.300,0.00000,0.00000,1854.79000,1871.49000,0.0000,0.0000,1670.0,501.00,5.34,"",0,00:05:37:13,100.0,5h 37m,303.0,0.00,1973.0,591.9,0.0,0.0,100.0,84.6,-303.00,-90.90
,84901916,09/28/2020 13:06,09/28/2020 18:43,XAUUSD,Buy,0.300,0.00000,0.00000,1854.80000,1871.40000,0.0000,0.0000,1660.0,498.00,5.60,"",0,00:05:37:06,100.0,5h 37m,312.0,0.00,1972.0,591.6,0.0,0.0,100.0,84.2,-312.00,-93.60
,84902190,09/28/2020 13:09,09/28/2020 18:43,XAUUSD,Buy,0.150,0.00000,0.00000,1855.15000,1871.48000,0.0000,0.0000,1633.0,244.95,2.83,"",0,00:05:34:24,100.0,5h 34m,304.0,0.00,1937.0,290.55,0.0,0.0,100.0,84.3,-304.00,-45.60
,84902669,09/28/2020 13:13,09/28/2020 18:43,XAUUSD,Buy,0.200,0.00000,0.00000,1855.95000,1871.44000,0.0000,0.0000,1549.0,309.80,3.72,"",0,00:05:29:58,100.0,5h 29m,308.0,0.00,1857.0,371.40000000000003,0.0,0.0,100.0,83.4,-308.00,-61.60
,84902340,09/28/2020 13:10,09/28/2020 18:43,XAUUSD,Buy,0.200,0.00000,0.00000,1855.50000,1871.38000,0.0000,0.0000,1588.0,317.60,3.96,"",0,00:05:32:43,100.0,5h 32m,314.0,0.00,1902.0,380.40000000000003,0.0,0.0,100.0,83.5,-314.00,-62.80
,84902400,09/28/2020 13:11,09/28/2020 18:43,XAUUSD,Buy,0.300,0.00000,0.00000,1855.55000,1871.40000,0.0000,0.0000,1585.0,475.50,6.31,"",0,00:05:32:07,100.0,5h 32m,312.0,0.00,1897.0,569.1,0.0,0.0,100.0,83.6,-312.00,-93.60
,84902684,09/28/2020 13:13,09/28/2020 18:43,XAUUSD,Buy,0.200,0.00000,0.00000,1856.43000,1871.38000,0.0000,0.0000,1495.0,299.00,4.13,"",0,00:05:29:35,100.0,5h 29m,314.0,0.00,1809.0,361.8,0.0,0.0,100.0,82.6,-314.00,-62.80
,84902673,09/28/2020 13:13,09/28/2020 18:43,XAUUSD,Buy,0.200,0.00000,0.00000,1856.29000,1871.43000,0.0000,0.0000,1514.0,302.80,4.37,"",0,00:05:29:35,100.0,5h 29m,309.0,0.00,1823.0,364.6,0.0,0.0,100.0,83.0,-309.00,-61.80
,84902665,09/28/2020 13:13,09/28/2020 18:43,XAUUSD,Buy,0.200,0.00000,0.00000,1856.20000,1871.47000,0.0000,0.0000,1527.0,305.40,4.61,"",0,00:05:29:41,100.0,5h 29m,305.0,0.00,1832.0,366.40000000000003,0.0,0.0,100.0,83.4,-305.00,-61.00
,84922923,09/28/2020 17:40,09/28/2020 18:43,XAUUSD,Buy,0.500,0.00000,0.00000,1868.63000,1871.44000,0.0000,0.0000,281.0,140.50,2.16,"",0,00:01:02:20,,,,,,,,,,,,
,84922794,09/28/2020 17:39,09/28/2020 18:43,XAUUSD,Buy,0.500,0.00000,0.00000,1868.83000,1871.30000,0.0000,0.0000,247.0,123.50,1.94,"",0,00:01:03:21,,,,,,,,,,,,
,84920729,09/28/2020 17:09,09/28/2020 18:42,XAUUSD,Buy,0.500,0.00000,0.00000,1867.43000,1871.39000,0.0000,0.0000,396.0,198.00,3.21,"",0,00:01:33:44,,,,,,,,,,,,
,84902687,09/28/2020 13:13,09/28/2020 18:42,XAUUSD,Buy,0.200,0.00000,0.00000,1856.44000,1871.34000,0.0000,0.0000,1490.0,298.00,5.08,"",0,00:05:29:04,100.0,5h 29m,318.0,0.00,1808.0,361.6,0.0,0.0,100.0,82.4,-318.00,-63.60
,84902296,09/28/2020 13:10,09/28/2020 18:42,XAUUSD,Buy,0.150,0.00000,0.00000,1855.20000,1871.27000,0.0000,0.0000,1607.0,241.05,4.28,"",0,00:05:32:36,100.0,5h 32m,325.0,0.00,1932.0,289.8,0.0,0.0,100.0,83.2,-325.00,-48.75
,84920015,09/28/2020 17:00,09/28/2020 17:32,XAUUSD,Buy,1.000,0.00000,0.00000,1867.90000,1870.47000,0.0000,0.0000,257.0,257.00,4.78,"",0,00:00:32:36,,,,,,,,,,,,
,84902769,09/28/2020 13:14,09/28/2020 16:19,XAUUSD,Buy,0.300,0.00000,0.00000,1857.68000,1871.30000,0.0000,0.0000,1362.0,408.60,8.23,"",0,00:03:05:11,,,,,,,,,,,,
,84902738,09/28/2020 13:14,09/28/2020 16:19,XAUUSD,Buy,0.300,0.00000,0.00000,1857.47000,1871.30000,0.0000,0.0000,1383.0,414.90,9.12,"",0,00:03:05:20,,,,,,,,,,,,
,84914291,09/28/2020 15:48,09/28/2020 16:19,XAUUSD,Buy,0.350,0.00000,0.00000,1867.47000,1871.13000,0.0000,0.0000,366.0,128.10,2.90,"",0,00:00:31:20,,,,,,,,,,,,
,84902922,09/28/2020 13:15,09/28/2020 15:37,XAUUSD,Buy,0.300,0.00000,0.00000,1857.85000,1868.84000,0.0000,0.0000,1099.0,329.70,8.06,"",0,00:02:22:11,,,,,,,,,,,,
,84903424,09/28/2020 13:19,09/28/2020 15:37,XAUUSD,Buy,0.300,0.00000,0.00000,1858.48000,1869.02000,0.0000,0.0000,1054.0,316.20,8.37,"",0,00:02:17:54,,,,,,,,,,,,
,84903883,09/28/2020 13:25,09/28/2020 15:37,XAUUSD,Buy,0.300,0.00000,0.00000,1861.10000,1869.07000,0.0000,0.0000,797.0,239.10,6.76,"",0,00:02:12:06,,,,,,,,,,,,
,84903459,09/28/2020 13:19,09/28/2020 15:37,XAUUSD,Buy,0.300,0.00000,0.00000,1858.62000,1869.19000,0.0000,0.0000,1057.0,317.10,9.85,"",0,00:02:17:17,,,,,,,,,,,,
,84903890,09/28/2020 13:25,09/28/2020 15:37,XAUUSD,Buy,0.300,0.00000,0.00000,1861.24000,1869.27000,0.0000,0.0000,803.0,240.90,8.09,"",0,00:02:11:55,,,,,,,,,,,,
,84903952,09/28/2020 13:25,09/28/2020 15:00,XAUUSD,Buy,0.500,0.00000,0.00000,1860.88000,1864.94000,0.0000,0.0000,406.0,203.00,7.31,"",0,00:01:35:02,,,,,,,,,,,,
,84903911,09/28/2020 13:25,09/28/2020 15:00,XAUUSD,Buy,0.300,0.00000,0.00000,1861.35000,1865.03000,0.0000,0.0000,368.0,110.40,4.14,"",0,00:01:35:27,,,,,,,,,,,,
,84904058,09/28/2020 13:27,09/28/2020 15:00,XAUUSD,Buy,0.500,0.00000,0.00000,1860.23000,1864.89000,0.0000,0.0000,466.0,233.00,9.58,"",0,00:01:33:42,,,,,,,,,,,,
,84901876,09/28/2020 13:06,09/28/2020 15:00,XAUUSD,Buy,0.300,0.00000,0.00000,1854.40000,1864.79000,0.0000,0.0000,1039.0,311.70,14.70,"",0,00:01:54:19,,,,,,,,,,,,
,84901375,09/28/2020 13:00,09/28/2020 15:00,XAUUSD,Buy,0.050,0.00000,0.00000,1852.61000,1864.77000,0.0000,0.0000,1216.0,60.80,2.95,"",0,00:01:59:44,,,,,,,,,,,,
,84902694,09/28/2020 13:13,09/28/2020 14:13,XAUUSD,Buy,0.500,0.00000,0.00000,1856.54000,1858.76000,0.0000,0.0000,222.0,111.00,5.70,"",0,00:00:59:16,,,,,,,,,,,,
,84901898,09/28/2020 13:06,09/28/2020 13:59,XAUUSD,Buy,0.500,0.00000,0.00000,1854.82000,1857.50000,0.0000,0.0000,268.0,134.00,7.38,"",0,00:00:53:19,,,,,,,,,,,,
,84901865,09/28/2020 13:06,09/28/2020 13:59,XAUUSD,Buy,0.300,0.00000,0.00000,1854.09000,1857.50000,0.0000,0.0000,341.0,102.30,5.97,"",0,00:00:53:27,,,,,,,,,,,,
,84903345,09/28/2020 13:18,09/28/2020 13:38,XAUUSD,Buy,1.000,0.00000,0.00000,1857.70000,1857.57000,0.0000,0.0000,-13.0,-13.00,-0.75,"",0,00:00:20:17,,,,,,,,,,,,
,84901688,09/28/2020 13:05,09/28/2020 13:38,XAUUSD,Buy,3.000,0.00000,0.00000,1853.31000,1856.59000,0.0000,0.0000,328.0,984.00,132.71,"",0,00:00:33:15,,,,,,,,,,,,
,84901633,09/28/2020 13:04,,,Deposit,0.010,0.00000,0.00000,0.00000,0.00000,0.0000,0.0000,0.0,270.00,0,"Share Bonus 60% - #84901627",0,00:00:00:00,,,,,,,,,,,,
,84901627,09/28/2020 13:04,,,Deposit,0.010,0.00000,0.00000,0.00000,0.00000,0.0000,0.0000,0.0,450.00,0,"Deposit LPB-CC-BZ USD #9172543",0,00:00:00:00,,,,,,,,,,,,
,84899989,09/28/2020 12:36,09/28/2020 12:43,XAUUSD,Buy,0.100,0.00000,0.00000,1852.57000,1850.80000,0.0000,0.0000,-177.0,-17.70,-45.19,"[stopout]",0,00:00:06:39,,,,,,,,,,,,
,84899956,09/28/2020 12:36,09/28/2020 12:43,XAUUSD,Buy,0.200,0.00000,0.00000,1852.22000,1850.80000,0.0000,0.0000,-142.0,-28.40,-42.03,"[stopout]",0,00:00:07:01,,,,,,,,,,,,
,84899843,09/28/2020 12:34,09/28/2020 12:43,XAUUSD,Buy,0.150,0.00000,0.00000,1850.75000,1850.80000,0.0000,0.0000,5.0,0.75,1.12,"[stopout]",0,00:00:08:38,,,,,,,,,,,,
,84899837,09/28/2020 12:34,09/28/2020 12:43,XAUUSD,Buy,0.150,0.00000,0.00000,1850.97000,1850.80000,0.0000,0.0000,-17.0,-2.55,-3.68,"[stopout]",0,00:00:08:43,,,,,,,,,,,,
,84899902,09/28/2020 12:35,,,Withdrawal,0.010,0.00000,0.00000,0.00000,0.00000,0.0000,0.0000,0.0,-32.63,0,"Cancellation of #84898286",0,00:00:00:00,,,,,,,,,,,,
,84899654,09/28/2020 12:31,09/28/2020 12:34,XAUUSD,Buy,1.000,0.00000,0.00000,1853.09000,1850.78000,0.0000,0.0000,-231.0,-231.00,-69.37,"[stopout]",0,00:00:02:34,,,,,,,,,,,,
,84899630,09/28/2020 12:31,09/28/2020 12:34,XAUUSD,Buy,1.000,0.00000,0.00000,1853.69000,1850.78000,0.0000,0.0000,-291.0,-291.00,-46.63,"[stopout]",0,00:00:02:51,,,,,,,,,,,,
,84898511,09/28/2020 12:16,09/28/2020 12:34,XAUUSD,Buy,1.000,0.00000,0.00000,1853.45000,1850.78000,0.0000,0.0000,-267.0,-267.00,-29.97,"[stopout]",0,00:00:17:11,,,,,,,,,,,,
,84898329,09/28/2020 12:13,09/28/2020 12:34,XAUUSD,Buy,1.000,0.00000,0.00000,1851.88000,1850.78000,0.0000,0.0000,-110.0,-110.00,-10.99,"[stopout]",0,00:00:21:05,,,,,,,,,,,,
,84898306,09/28/2020 12:12,09/28/2020 12:34,XAUUSD,Buy,1.000,0.00000,0.00000,1851.87000,1850.78000,0.0000,0.0000,-109.0,-109.00,-9.82,"[stopout]",0,00:00:21:24,,,,,,,,,,,,
,84898301,09/28/2020 12:12,09/28/2020 12:34,XAUUSD,Buy,1.000,0.00000,0.00000,1851.84000,1850.78000,0.0000,0.0000,-106.0,-106.00,-8.72,"[stopout]",0,00:00:21:27,,,,,,,,,,,,
,84898291,09/28/2020 12:12,09/28/2020 12:34,XAUUSD,Buy,4.000,0.00000,0.00000,1851.74000,1850.78000,0.0000,0.0000,-96.0,-384.00,-24.00,"[stopout]",0,00:00:21:39,,,,,,,,,,,,
,84898286,09/28/2020 12:12,,,Deposit,0.010,0.00000,0.00000,0.00000,0.00000,0.0000,0.0000,0.0,600.00,0,"Share Bonus 60% - #84898283",0,00:00:00:00,,,,,,,,,,,,
,84898283,09/28/2020 12:12,,,Deposit,0.000,0.00000,0.00000,0.00000,0.00000,0.0000,0.0000,0.0,1000.00,0,"Deposit LPB-CC-BZ USD #9172000",0,00:00:00:00,,,,,,,,,,,,

