Tags,Ticket,Open Date,Close Date,Symbol,Action,Units/Lots,SL,TP,Open Price,Close Price,Commission,Swap,Pips,Profit,Gain,Comment,Magic Number,Duration (DD:HH:MM:SS),Profitable(%),Profitable(time duration),Drawdown,Risk:Reward,Max(pips),Max(USD),Min(pips),Min(USD),Entry Accuracy(%),Exit Accuracy(%),ProfitMissed(pips),ProfitMissed(USD)
,64514020,04/04/2019 22:49,,,Withdrawal,0.010,0.00000,0.00000,0.00000,0.00000,0.0000,0.0000,0.0,-6.41,0,"Transfer to 20050761 #5328721",0,00:00:00:00,,,,,,,,,,,,
,64237119,04/02/2019 07:34,,,Withdrawal,0.010,0.00000,0.00000,0.00000,0.00000,0.0000,0.0000,0.0,-400.00,0,"Transfer to 20063993 #5312279",0,00:00:00:00,,,,,,,,,,,,
,64229451,04/02/2019 05:18,,,Withdrawal,0.010,0.00000,0.00000,0.00000,0.00000,0.0000,0.0000,0.0,-100.00,0,"Transfer to 3082005 #5311821",0,00:00:00:00,,,,,,,,,,,,
,64111631,04/01/2019 04:34,,,Deposit,0.010,0.00000,0.00000,0.00000,0.00000,0.0000,0.0000,0.0,111.67,0,"VIP Rebate",0,00:00:00:00,,,,,,,,,,,,
,64111630,04/01/2019 04:34,,,Deposit,0.010,0.00000,0.00000,0.00000,0.00000,0.0000,0.0000,0.0,373.75,0,"Rebate",0,00:00:00:00,,,,,,,,,,,,
,64103393,04/01/2019 01:26,,,Deposit,0.010,0.00000,0.00000,0.00000,0.00000,0.0000,0.0000,0.0,16.15,0,"IR #45",0,00:00:00:00,,,,,,,,,,,,
,64103151,04/01/2019 01:26,,,Deposit,0.010,0.00000,0.00000,0.00000,0.00000,0.0000,0.0000,0.0,4.84,0,"IR #45 VIP",0,00:00:00:00,,,,,,,,,,,,
,63074129,03/17/2019 21:07,,,Withdrawal,0.010,0.00000,0.00000,0.00000,0.00000,0.0000,0.0000,0.0,-3061.00,0,"Transfer to 20050759 #5237471",0,00:00:00:00,,,,,,,,,,,,
,63073199,03/17/2019 09:32,,,Withdrawal,0.010,0.00000,0.00000,0.00000,0.00000,0.0000,0.0000,0.0,-1700.00,0,"Transfer to 20050759 #5234604",0,00:00:00:00,,,,,,,,,,,,
,63072024,03/16/2019 10:24,,,Deposit,0.010,0.00000,0.00000,0.00000,0.00000,0.0000,0.0000,0.0,531.00,0,"Transfer from 20050761 #5232734",0,00:00:00:00,,,,,,,,,,,,
,63072022,03/16/2019 10:24,,,Deposit,0.010,0.00000,0.00000,0.00000,0.00000,0.0000,0.0000,0.0,1379.00,0,"Transfer from 7241926 #5232733",0,00:00:00:00,,,,,,,,,,,,
,63066649,03/15/2019 20:29,,,Deposit,0.010,0.00000,0.00000,0.00000,0.00000,0.0000,0.0000,0.0,1067.00,0,"Transfer from 7241926 #5231811",0,00:00:00:00,,,,,,,,,,,,
,63014663,03/15/2019 07:03,,,Deposit,0.010,0.00000,0.00000,0.00000,0.00000,0.0000,0.0000,0.0,1784.00,0,"Transfer from 20050761 #5228882",0,00:00:00:00,,,,,,,,,,,,
,62844381,03/12/2019 23:23,,,Withdrawal,0.010,0.00000,0.00000,0.00000,0.00000,0.0000,0.0000,0.0,-6352.00,0,"Withdraw CC-REFUND USD #5217885",0,00:00:00:00,,,,,,,,,,,,
,62844217,03/12/2019 23:11,,,Deposit,0.010,0.00000,0.00000,0.00000,0.00000,0.0000,0.0000,0.0,6352.00,0,"Transfer from 2949289 #5217848",0,00:00:00:00,,,,,,,,,,,,
,62604573,03/08/2019 06:04,,,Withdrawal,0.010,0.00000,0.00000,0.00000,0.00000,0.0000,0.0000,0.0,-3646.78,0,"Withdraw CC-REFUND USD #5197454",0,00:00:00:00,,,,,,,,,,,,
,62602258,03/08/2019 04:57,03/08/2019 05:17,EURUSD,Sell,1.000,0.00000,0.00000,1.11984,1.11976,0.0000,0.0000,0.8,8.00,0.22,"",0,00:00:20:17,5.0,1m,2.4,3.00,0.8,8.0,-2.4,-24.0,25.0,100.0,0.00,0.00
,62602874,03/08/2019 05:05,03/08/2019 05:17,EURUSD,Sell,1.000,0.00000,0.00000,1.11991,1.11972,0.0000,0.0000,1.9,19.00,0.52,"",0,00:00:12:00,58.4,7m,1.4,0.58,1.9,19.0,-1.1,-11.0,63.3,100.0,0.00,0.00
,62600872,03/08/2019 03:54,03/08/2019 04:29,EURUSD,Buy,1.000,0.00000,0.00000,1.11877,1.11940,0.0000,0.0000,6.3,63.00,1.77,"",0,00:00:35:41,2.9,1m,0.0,0.16,6.3,63.0,0.0,0.0,100.0,100.0,0.00,0.00
,62590156,03/07/2019 21:57,03/08/2019 04:29,EURUSD,Buy,5.000,0.00000,0.00000,1.11855,1.11937,0.0000,-30.0000,8.2,380.00,11.96,"",0,00:06:32:28,99.8,6h 31m,13.0,0.08,13.1,655.0,0.0,0.0,100.0,62.6,-4.90,-245.00
,62590163,03/07/2019 21:57,03/08/2019 04:29,EURUSD,Buy,3.000,0.00000,0.00000,1.11857,1.11937,0.0000,-18.0000,8.0,222.00,7.51,"",0,00:06:32:18,99.5,6h 30m,13.0,0.01,12.9,387.0,-0.1,-3.0,99.2,62.3,-4.90,-147.00
,62588012,03/07/2019 21:40,03/08/2019 04:29,EURUSD,Buy,3.000,0.00000,0.00000,1.11932,1.11941,0.0000,-18.0000,0.9,9.00,0.31,"",0,00:06:48:47,52.9,3h 36m,13.0,1.41,5.4,162.0,-7.6,-228.0,41.5,65.4,-4.50,-135.00
,62586741,03/07/2019 21:35,03/07/2019 21:39,EURUSD,Buy,50.000,0.00000,0.00000,1.12056,1.11856,0.0000,0.0000,-20.0,-10000.00,-77.25,"[stopout]",0,00:00:04:19,0.0,0s,20.0,20.00,0.0,0.0,-20.0,-10000.0,0.0,0.0,-20.00,-10000.00
,62586348,03/07/2019 21:32,03/07/2019 21:39,EURUSD,Buy,10.000,0.00000,0.00000,1.12099,1.11856,0.0000,0.0000,-24.3,-2430.00,-15.80,"[stopout]",0,00:00:06:46,0.0,0s,24.3,24.33,0.0,0.0,-24.3,-2430.0,0.0,0.0,-24.30,-2430.00
,62586079,03/07/2019 21:29,03/07/2019 21:39,EURUSD,Buy,3.000,0.00000,0.00000,1.12119,1.11856,0.0000,0.0000,-26.3,-789.00,-4.88,"[stopout]",0,00:00:10:25,0.0,0s,26.3,26.32,0.0,0.0,-26.3,-789.0,0.0,0.0,-26.30,-789.00
,62585813,03/07/2019 21:21,03/07/2019 21:39,EURUSD,Buy,3.000,0.00000,0.00000,1.12119,1.11856,0.0000,0.0000,-26.3,-789.00,-4.65,"[stopout]",0,00:00:18:15,0.0,0s,26.3,26.32,0.0,0.0,-26.3,-789.0,0.0,0.0,-26.30,-789.00
,62585396,03/07/2019 21:12,03/07/2019 21:39,EURUSD,Buy,3.000,0.00000,0.00000,1.12125,1.11856,0.0000,0.0000,-26.9,-807.00,-4.54,"[stopout]",0,00:00:26:54,0.0,0s,26.9,26.95,0.0,0.0,-26.9,-807.0,0.0,0.0,-26.90,-807.00
,62585351,03/07/2019 21:12,03/07/2019 21:39,EURUSD,Buy,3.000,0.00000,0.00000,1.12129,1.11856,0.0000,0.0000,-27.3,-819.00,-4.41,"[stopout]",0,00:00:27:17,0.0,0s,27.3,27.32,0.0,0.0,-27.3,-819.0,0.0,0.0,-27.30,-819.00
,62585272,03/07/2019 21:10,03/07/2019 21:39,EURUSD,Buy,3.000,0.00000,0.00000,1.12143,1.11856,0.0000,0.0000,-28.7,-861.00,-4.43,"[stopout]",0,00:00:28:53,0.0,0s,28.7,28.74,0.0,0.0,-28.7,-861.0,0.0,0.0,-28.70,-861.00
,62585170,03/07/2019 21:07,03/07/2019 21:39,EURUSD,Buy,2.000,0.00000,0.00000,1.12180,1.11856,0.0000,0.0000,-32.4,-648.00,-3.23,"[stopout]",0,00:00:32:04,0.0,0s,32.4,32.47,0.0,0.0,-32.4,-648.0,0.0,0.0,-32.40,-648.00
,62519659,03/07/2019 10:24,03/07/2019 14:47,EURUSD,Sell,4.000,0.00000,0.00000,1.13074,1.12854,0.0000,0.0000,22.0,880.00,4.58,"",0,00:04:22:48,48.0,2h 6m,12.0,0.50,24.1,964.0,-12.0,-480.0,66.8,94.2,-2.10,-84.00
,62517000,03/07/2019 09:41,03/07/2019 14:47,EURUSD,Sell,3.000,0.00000,0.00000,1.13050,1.12858,0.0000,0.0000,19.2,576.00,3.09,"",0,00:05:06:04,40.6,2h 4m,14.4,0.66,21.7,651.0,-14.4,-432.0,60.1,93.1,-2.50,-75.00
,62516101,03/07/2019 09:06,03/07/2019 14:47,EURUSD,Sell,3.000,0.00000,0.00000,1.13012,1.12879,0.0000,0.0000,13.3,399.00,2.19,"",0,00:05:40:59,36.4,2h 4m,18.2,1.02,17.9,537.0,-18.2,-546.0,49.6,87.3,-4.60,-138.00
,62514718,03/07/2019 08:12,03/07/2019 14:47,EURUSD,Sell,3.000,0.00000,0.00000,1.13044,1.12865,0.0000,0.0000,17.9,537.00,3.03,"",0,00:06:34:17,31.4,2h 3m,15.0,0.71,21.1,633.0,-15.0,-450.0,58.4,91.1,-3.20,-96.00
,62514716,03/07/2019 08:12,03/07/2019 14:46,EURUSD,Sell,3.000,0.00000,0.00000,1.13044,1.12831,0.0000,0.0000,21.3,639.00,3.75,"",0,00:06:34:15,31.3,2h 3m,15.0,0.70,21.3,639.0,-15.0,-450.0,58.7,100.0,0.00,0.00
,62527770,03/07/2019 13:00,03/07/2019 14:32,EURUSD,Sell,4.000,0.00000,0.00000,1.13169,1.13105,0.0000,0.0000,6.4,256.00,1.52,"",0,00:01:31:35,1.1,1m,0.0,0.16,6.4,256.0,0.0,0.0,100.0,100.0,0.00,0.00
,62518878,03/07/2019 10:06,03/07/2019 14:32,EURUSD,Sell,6.000,0.00000,0.00000,1.13085,1.13105,0.0000,0.0000,-2.0,-120.00,-0.71,"",0,00:04:25:32,47.8,2h 6m,27.2,0.43,25.2,1512.0,-10.9,-654.0,69.8,24.7,-27.20,-1632.00
,62519864,03/07/2019 10:28,03/07/2019 14:32,EURUSD,Sell,4.000,0.00000,0.00000,1.13117,1.13106,0.0000,0.0000,1.1,44.00,0.26,"",0,00:04:03:35,68.1,2h 45m,27.3,0.27,28.4,1136.0,-7.7,-308.0,78.7,24.4,-27.30,-1092.00
,62528096,03/07/2019 13:05,03/07/2019 14:32,EURUSD,Sell,4.000,0.00000,0.00000,1.13188,1.13106,0.0000,0.0000,8.2,328.00,1.98,"",0,00:01:26:54,1.2,1m,0.0,0.12,8.2,328.0,0.0,0.0,100.0,100.0,0.00,0.00
,62478337,03/06/2019 16:22,03/06/2019 19:43,EURUSD,Sell,5.000,0.00000,0.00000,1.13136,1.13073,0.0000,0.0000,6.3,315.00,1.94,"",0,00:03:20:15,73.2,2h 26m,7.8,0.88,8.9,445.0,-7.8,-390.0,53.3,84.4,-2.60,-130.00
,62478030,03/06/2019 16:20,03/06/2019 19:42,EURUSD,Sell,2.000,0.00000,0.00000,1.13103,1.13077,0.0000,0.0000,2.6,52.00,0.32,"",0,00:03:22:18,61.4,2h 4m,11.8,2.11,5.6,112.0,-11.8,-236.0,32.2,82.8,-3.00,-60.00
,62477814,03/06/2019 16:19,03/06/2019 19:42,EURUSD,Sell,2.000,0.00000,0.00000,1.13077,1.13077,0.0000,0.0000,0.0,0.00,0.00,"",0,00:03:22:54,10.9,22m,14.4,4.80,3.0,0.0,-14.4,-0.0,17.2,82.8,-3.00,0.00
,62477719,03/06/2019 16:17,03/06/2019 19:42,EURUSD,Sell,2.000,0.00000,0.00000,1.13075,1.13077,0.0000,0.0000,-0.2,-4.00,-0.02,"",0,00:03:25:23,9.8,20m,14.6,5.22,2.8,56.0,-14.6,-292.0,16.1,82.8,-3.00,-60.00
,62474772,03/06/2019 15:47,03/06/2019 19:42,EURUSD,Sell,5.000,0.00000,0.00000,1.13045,1.13077,0.0000,0.0000,-3.2,-160.00,-0.98,"",0,00:03:54:45,0.0,0s,19.5,19.53,0.0,0.0,-19.5,-975.0,0.0,83.6,-3.20,-160.00
,62486142,03/06/2019 17:38,03/06/2019 19:42,EURUSD,Sell,5.000,0.00000,0.00000,1.13153,1.13077,0.0000,0.0000,7.6,380.00,2.38,"",0,00:02:04:23,100.0,2h 4m,6.0,0.09,10.6,530.0,0.0,0.0,100.0,71.7,-3.00,-150.00
,62458584,03/06/2019 10:03,03/06/2019 19:42,EURUSD,Sell,5.000,0.00000,0.00000,1.13008,1.13077,0.0000,0.0000,-6.9,-345.00,-2.12,"",0,00:09:39:23,4.4,25m,31.7,2.73,8.5,425.0,-23.2,-1160.0,26.8,51.4,-15.40,-770.00
,62457260,03/06/2019 09:27,03/06/2019 19:42,EURUSD,Sell,5.000,0.00000,0.00000,1.12966,1.13080,0.0000,0.0000,-11.4,-570.00,-3.38,"",0,00:10:14:40,0.7,4m,31.7,6.37,4.3,215.0,-27.4,-1370.0,13.6,50.5,-15.70,-785.00
,62487104,03/06/2019 17:49,03/06/2019 19:42,EURUSD,Sell,10.000,0.00000,0.00000,1.13207,1.13084,0.0000,0.0000,12.3,1230.00,7.86,"",0,00:01:52:56,100.0,1h 52m,6.0,0.06,16.0,1600.0,0.0,0.0,100.0,76.9,-3.70,-370.00
,62490137,03/06/2019 18:14,03/06/2019 19:42,EURUSD,Sell,3.000,0.00000,0.00000,1.13210,1.13085,0.0000,0.0000,12.5,375.00,2.45,"",0,00:01:27:25,100.0,1h 27m,2.4,0.07,14.3,429.0,0.0,0.0,100.0,87.4,-1.80,-54.00
,62465829,03/06/2019 12:36,03/06/2019 15:42,EURUSD,Sell,3.000,0.00000,0.00000,1.13044,1.13033,0.0000,0.0000,1.1,33.00,0.22,"",0,00:03:05:22,22.6,41m,23.5,0.94,12.1,363.0,-11.4,-342.0,51.5,53.2,-11.00,-330.00
,62458271,03/06/2019 09:59,03/06/2019 15:40,EURUSD,Sell,5.000,0.00000,0.00000,1.12993,1.12996,0.0000,0.0000,-0.3,-15.00,-0.10,"",0,00:05:40:50,3.6,12m,23.5,2.36,7.0,350.0,-16.5,-825.0,29.8,68.9,-7.30,-365.00
,62457233,03/06/2019 09:26,03/06/2019 15:39,EURUSD,Sell,5.000,0.00000,0.00000,1.12966,1.12971,0.0000,0.0000,-0.5,-25.00,-0.16,"",0,00:06:12:37,1.1,4m,23.5,4.47,4.3,215.0,-19.2,-960.0,18.3,79.6,-4.80,-240.00
,62457252,03/06/2019 09:27,03/06/2019 15:38,EURUSD,Sell,5.000,0.00000,0.00000,1.12982,1.12960,0.0000,0.0000,2.2,110.00,0.72,"",0,00:06:11:45,1.9,7m,23.5,2.98,5.9,295.0,-17.6,-880.0000000000001,25.1,84.3,-3.70,-185.00
,62457589,03/06/2019 09:37,03/06/2019 15:37,EURUSD,Sell,5.000,0.00000,0.00000,1.12991,1.12992,0.0000,0.0000,-0.1,-5.00,-0.03,"",0,00:05:59:38,3.1,11m,23.5,2.46,6.8,340.0,-16.7,-835.0,28.9,70.6,-6.90,-345.00
,62458079,03/06/2019 09:51,03/06/2019 15:35,EURUSD,Sell,5.000,0.00000,0.00000,1.13006,1.13012,0.0000,0.0000,-0.6,-30.00,-0.20,"",0,00:05:44:19,6.7,23m,23.5,1.83,8.3,415.00000000000006,-15.2,-760.0,35.3,62.1,-8.90,-445.00
,62459027,03/06/2019 10:12,03/06/2019 15:34,EURUSD,Sell,15.000,0.00000,1.12200,1.13038,1.13018,0.0000,0.0000,2.0,300.00,2.01,"",0,00:05:22:26,37.3,2h 0m,23.5,1.04,11.5,1725.0,-12.0,-1800.0,48.9,59.6,-9.50,-1425.00
,62439143,03/05/2019 22:32,,,Withdrawal,0.010,0.00000,0.00000,0.00000,0.00000,0.0000,0.0000,0.0,-500.00,0,"Withdraw CC-REFUND USD #5185709",0,00:00:00:00,,,,,,,,,,,,
,62438332,03/05/2019 21:56,,,Withdrawal,0.010,0.00000,0.00000,0.00000,0.00000,0.0000,0.0000,0.0,-3000.00,0,"Withdraw CC-REFUND USD #5185579",0,00:00:00:00,,,,,,,,,,,,
,62438025,03/05/2019 21:44,,,Withdrawal,0.010,0.00000,0.00000,0.00000,0.00000,0.0000,0.0000,0.0,-10000.00,0,"Withdraw CC-REFUND USD #5185526",0,00:00:00:00,,,,,,,,,,,,
,62430141,03/05/2019 19:01,03/05/2019 20:07,EURUSD,Buy,3.000,0.00000,0.00000,1.12999,1.12970,0.0000,0.0000,-2.9,-87.00,-0.31,"",0,00:01:06:18,98.5,1h 5m,11.0,0.36,8.1,243.0,-2.9,-87.0,73.6,0.0,-11.00,-330.00
,62431090,03/05/2019 19:21,03/05/2019 20:00,EURUSD,Buy,2.000,0.00000,0.00000,1.12934,1.12961,0.0000,0.0000,2.7,54.00,0.19,"",0,00:00:38:55,100.0,38m,11.9,0.07,14.6,292.0,0.0,0.0,100.0,18.5,-11.90,-238.00
,62431119,03/05/2019 19:21,03/05/2019 19:48,EURUSD,Buy,5.000,0.00000,0.00000,1.12945,1.12952,0.0000,0.0000,0.7,35.00,0.12,"",0,00:00:26:27,3.8,1m,0.0,1.43,0.7,35.0,0.0,0.0,100.0,100.0,0.00,0.00
,62431033,03/05/2019 19:20,03/05/2019 19:47,EURUSD,Buy,3.000,0.00000,0.00000,1.12924,1.12950,0.0000,0.0000,2.6,78.00,0.28,"",0,00:00:27:34,3.8,1m,0.0,0.38,2.6,78.0,0.0,0.0,100.0,100.0,0.00,0.00
,62431082,03/05/2019 19:21,03/05/2019 19:44,EURUSD,Buy,2.000,0.00000,0.00000,1.12928,1.12934,0.0000,0.0000,0.6,12.00,0.04,"",0,00:00:23:28,4.4,1m,0.0,1.67,0.6,12.0,0.0,0.0,100.0,100.0,0.00,0.00
,62431326,03/05/2019 19:28,03/05/2019 19:41,EURUSD,Buy,5.000,0.00000,0.00000,1.12924,1.12940,0.0000,0.0000,1.6,80.00,0.28,"",0,00:00:13:22,7.7,1m,0.0,0.63,1.6,80.0,0.0,0.0,100.0,100.0,0.00,0.00
,62403586,03/05/2019 14:58,03/05/2019 15:49,EURUSD,Buy,2.000,0.00000,0.00000,1.13253,1.13267,0.0000,0.0000,1.4,28.00,0.10,"",0,00:00:50:42,2.0,1m,32.5,23.26,1.4,28.0,-32.5,-650.0,4.1,100.0,0.00,0.00
,62402860,03/05/2019 14:50,03/05/2019 15:46,EURUSD,Buy,3.000,0.00000,0.00000,1.13272,1.13285,0.0000,0.0000,1.3,39.00,0.14,"",0,00:00:55:30,7.2,3m,37.0,13.25,2.6,78.0,-34.4,-1032.0,7.0,96.5,-1.30,-39.00
,62403287,03/05/2019 14:54,03/05/2019 15:46,EURUSD,Buy,2.000,0.00000,0.00000,1.13266,1.13286,0.0000,0.0000,2.0,40.00,0.14,"",0,00:00:51:16,5.8,2m,35.4,16.92,2.0,40.0,-33.8,-676.0,5.6,100.0,0.00,0.00
,62403052,03/05/2019 14:51,03/05/2019 15:46,EURUSD,Buy,3.000,0.00000,0.00000,1.13283,1.13286,0.0000,0.0000,0.3,9.00,0.03,"",0,00:00:54:09,3.7,2m,35.9,89.29,0.4,12.0,-35.5,-1065.0,1.1,99.7,-0.10,-3.00
,62398943,03/05/2019 13:59,03/05/2019 14:38,EURUSD,Sell,2.000,0.00000,0.00000,1.13328,1.13310,0.0000,0.0000,1.8,36.00,0.13,"",0,00:00:38:19,2.6,59s,0.0,0.56,1.8,36.0,0.0,0.0,100.0,100.0,0.00,0.00
,62398690,03/05/2019 13:56,03/05/2019 14:38,EURUSD,Sell,3.000,0.00000,0.00000,1.13321,1.13315,0.0000,0.0000,0.6,18.00,0.06,"",0,00:00:42:02,2.4,1m,0.0,1.67,0.6,18.0,0.0,0.0,100.0,100.0,0.00,0.00
,62399493,03/05/2019 14:07,03/05/2019 14:37,EURUSD,Sell,3.000,0.00000,0.00000,1.13332,1.13315,0.0000,0.0000,1.7,51.00,0.18,"",0,00:00:30:02,3.4,1m,0.0,0.59,1.7,51.0,0.0,0.0,100.0,100.0,0.00,0.00
,62398769,03/05/2019 13:57,03/05/2019 14:37,EURUSD,Sell,3.000,0.00000,0.00000,1.13317,1.13313,0.0000,0.0000,0.4,12.00,0.04,"",0,00:00:40:10,2.5,1m,0.0,2.50,0.4,12.0,0.0,0.0,100.0,100.0,0.00,0.00
,62399284,03/05/2019 14:03,03/05/2019 14:36,EURUSD,Sell,3.000,0.00000,0.00000,1.13328,1.13310,0.0000,0.0000,1.8,54.00,0.19,"",0,00:00:33:20,3.1,1m,0.0,0.56,1.8,54.0,0.0,0.0,100.0,100.0,0.00,0.00
,62398940,03/05/2019 13:59,03/05/2019 14:36,EURUSD,Sell,1.000,0.00000,0.00000,1.13328,1.13313,0.0000,0.0000,1.5,15.00,0.05,"",0,00:00:36:49,2.8,1m,0.0,0.67,1.5,15.0,0.0,0.0,100.0,100.0,0.00,0.00
,62400102,03/05/2019 14:15,03/05/2019 14:36,EURUSD,Sell,3.000,0.00000,0.00000,1.13374,1.13311,0.0000,0.0000,6.3,189.00,0.68,"",0,00:00:20:43,4.8,59s,0.0,0.16,6.3,189.0,0.0,0.0,100.0,100.0,0.00,0.00
,62399811,03/05/2019 14:13,03/05/2019 14:36,EURUSD,Sell,10.000,0.00000,0.00000,1.13361,1.13313,0.0000,0.0000,4.8,480.00,1.76,"",0,00:00:22:59,4.4,1m,0.0,0.21,4.8,480.0,0.0,0.0,100.0,100.0,0.00,0.00
,62394349,03/05/2019 12:45,03/05/2019 13:13,EURUSD,Buy,3.000,0.00000,0.00000,1.13267,1.13272,0.0000,0.0000,0.5,15.00,0.06,"",0,00:00:28:28,3.6,1m,0.0,2.00,0.5,15.0,0.0,0.0,100.0,100.0,0.00,0.00
,62396091,03/05/2019 13:01,03/05/2019 13:13,EURUSD,Buy,5.000,0.00000,0.00000,1.13247,1.13274,0.0000,0.0000,2.7,135.00,0.50,"",0,00:00:12:34,7.7,58s,0.0,0.37,2.7,135.0,0.0,0.0,100.0,100.0,0.00,0.00
,62394178,03/05/2019 12:43,03/05/2019 13:13,EURUSD,Buy,5.000,0.00000,0.00000,1.13267,1.13272,0.0000,0.0000,0.5,25.00,0.09,"",0,00:00:29:53,3.4,1m,0.0,2.00,0.5,25.0,0.0,0.0,100.0,100.0,0.00,0.00
,62394690,03/05/2019 12:52,03/05/2019 13:13,EURUSD,Buy,2.000,0.00000,0.00000,1.13271,1.13273,0.0000,0.0000,0.2,4.00,0.01,"",0,00:00:20:46,4.8,59s,0.0,5.00,0.2,4.0,0.0,0.0,100.0,100.0,0.00,0.00
,62396173,03/05/2019 13:02,03/05/2019 13:13,EURUSD,Buy,3.000,0.00000,0.00000,1.13247,1.13273,0.0000,0.0000,2.6,78.00,0.29,"",0,00:00:10:29,9.1,57s,0.0,0.38,2.6,78.0,0.0,0.0,100.0,100.0,0.00,0.00
,62383456,03/05/2019 10:11,03/05/2019 10:55,EURUSD,Buy,5.000,0.00000,0.00000,1.13207,1.13350,0.0000,0.0000,14.3,715.00,2.72,"",0,00:00:44:49,2.3,1m,0.0,0.07,14.3,715.0,0.0,0.0,100.0,100.0,0.00,0.00
,62379717,03/05/2019 09:25,03/05/2019 10:55,EURUSD,Buy,5.000,0.00000,0.00000,1.13237,1.13361,0.0000,0.0000,12.4,620.00,2.41,"",0,00:01:30:18,100.0,1h 30m,2.5,0.08,12.4,620.0,0.0,0.0,100.0,100.0,0.00,0.00
,62383416,03/05/2019 10:10,03/05/2019 10:55,EURUSD,Buy,5.000,0.00000,0.00000,1.13194,1.13361,0.0000,0.0000,16.7,835.00,3.36,"",0,00:00:45:17,2.3,1m,0.0,0.06,16.7,835.0,0.0,0.0,100.0,100.0,0.00,0.00
,62379457,03/05/2019 09:18,03/05/2019 10:55,EURUSD,Buy,5.000,0.00000,0.00000,1.13256,1.13362,0.0000,0.0000,10.6,530.00,2.18,"",0,00:01:37:14,100.0,1h 37m,3.6,0.09,10.6,530.0,0.0,0.0,100.0,100.0,0.00,0.00
,62379213,03/05/2019 09:13,03/05/2019 10:55,EURUSD,Buy,15.000,0.00000,0.00000,1.13282,1.13354,0.0000,0.0000,7.2,1080.00,4.65,"",0,00:01:42:01,85.3,1h 27m,3.6,0.26,7.2,1080.0,-1.9,-285.0,79.1,100.0,0.00,0.00
,62379710,03/05/2019 09:25,03/05/2019 10:05,EURUSD,Buy,0.500,0.00000,0.00000,1.13237,1.13252,0.0000,0.0000,1.5,7.50,0.03,"",0,00:00:40:06,2.5,1m,0.0,0.67,1.5,7.5,0.0,0.0,100.0,100.0,0.00,0.00
,62379438,03/05/2019 09:17,03/05/2019 10:05,EURUSD,Buy,5.000,0.00000,0.00000,1.13248,1.13255,0.0000,0.0000,0.7,35.00,0.15,"",0,00:00:47:31,2.1,59s,0.0,1.43,0.7,35.0,0.0,0.0,100.0,100.0,0.00,0.00
,62380259,03/05/2019 09:32,03/05/2019 10:05,EURUSD,Buy,15.000,0.00000,0.00000,1.13206,1.13257,0.0000,0.0000,5.1,765.00,3.41,"",0,00:00:32:26,3.1,1m,0.0,0.20,5.1,765.0,0.0,0.0,100.0,100.0,0.00,0.00
,62376885,03/05/2019 08:28,03/05/2019 08:56,EURUSD,Sell,0.500,0.00000,0.00000,1.13301,1.13248,0.0000,0.0000,5.3,26.50,0.12,"",0,00:00:27:19,3.6,59s,0.0,0.19,5.3,26.5,0.0,0.0,100.0,100.0,0.00,0.00
,62376888,03/05/2019 08:28,03/05/2019 08:55,EURUSD,Sell,2.000,0.00000,0.00000,1.13303,1.13248,0.0000,0.0000,5.5,110.00,0.49,"",0,00:00:27:09,3.8,1m,0.0,0.18,5.5,110.0,0.0,0.0,100.0,100.0,0.00,0.00
,62376564,03/05/2019 08:09,03/05/2019 08:52,EURUSD,Sell,2.000,0.00000,0.00000,1.13280,1.13248,0.0000,0.0000,3.2,64.00,0.29,"",0,00:00:43:10,2.4,1m,0.0,0.31,3.2,64.0,0.0,0.0,100.0,100.0,0.00,0.00
,62376900,03/05/2019 08:29,03/05/2019 08:52,EURUSD,Sell,2.000,0.00000,0.00000,1.13296,1.13241,0.0000,0.0000,5.5,110.00,0.50,"",0,00:00:22:44,4.4,1m,0.0,0.18,5.5,110.0,0.0,0.0,100.0,100.0,0.00,0.00
,62358178,03/04/2019 19:39,,,Withdrawal,0.010,0.00000,0.00000,0.00000,0.00000,0.0000,0.0000,0.0,-860.00,0,"Withdraw CC-REFUND USD #5178851",0,00:00:00:00,,,,,,,,,,,,
,62350180,03/04/2019 17:52,03/04/2019 18:03,EURUSD,Buy,2.000,0.00000,0.00000,1.13157,1.13210,0.0000,0.0000,5.3,106.00,0.46,"",0,00:00:10:54,100.0,10m,12.8,0.06,18.1,362.0,0.0,0.0,100.0,29.3,-12.80,-256.00
,62350152,03/04/2019 17:52,03/04/2019 18:03,EURUSD,Buy,2.000,0.00000,0.00000,1.13155,1.13214,0.0000,0.0000,5.9,118.00,0.52,"",0,00:00:11:21,100.0,11m,12.4,0.05,18.3,366.0,0.0,0.0,100.0,32.2,-12.40,-248.00
,62350147,03/04/2019 17:51,03/04/2019 18:03,EURUSD,Buy,2.000,0.00000,0.00000,1.13146,1.13215,0.0000,0.0000,6.9,138.00,0.61,"",0,00:00:11:21,100.0,11m,12.3,0.05,19.2,384.0,0.0,0.0,100.0,35.9,-12.30,-246.00
,62325029,03/04/2019 11:41,03/04/2019 12:25,EURUSD,Sell,5.000,1.13530,0.00000,1.13445,1.13410,0.0000,0.0000,3.5,175.00,0.78,"",0,00:00:44:11,100.0,44m,4.3,0.13,7.8,390.0,0.0,0.0,100.0,44.9,-4.30,-215.00
,62316169,03/04/2019 09:39,03/04/2019 10:15,EURUSD,Sell,0.200,0.00000,0.00000,1.13626,1.13466,0.0000,0.0000,16.0,32.00,0.14,"from #62312478",0,00:00:35:43,2.8,1m,0.0,0.06,16.0,32.0,0.0,0.0,100.0,100.0,0.00,0.00
,62312478,03/04/2019 09:39,03/04/2019 10:14,EURUSD,Sell,1.800,0.00000,0.00000,1.13626,1.13485,0.0000,0.0000,14.1,253.80,1.15,"to #62316169",0,00:00:34:44,2.9,1m,0.0,0.07,14.1,253.79999999999998,0.0,0.0,100.0,100.0,0.00,0.00
,62307748,03/04/2019 07:25,03/04/2019 10:09,EURUSD,Sell,3.000,1.13602,0.00000,1.13623,1.13534,0.0000,0.0000,8.9,267.00,1.22,"",0,00:02:44:42,92.1,2h 31m,18.1,0.08,27.0,810.0,-2.2,-66.0,92.5,38.0,-18.10,-543.00
,62310804,03/04/2019 09:02,03/04/2019 10:08,EURUSD,Sell,2.000,0.00000,0.00000,1.13652,1.13524,0.0000,0.0000,12.8,256.00,1.18,"",0,00:01:06:04,1.6,1m,0.0,0.08,12.8,256.0,0.0,0.0,100.0,100.0,0.00,0.00
,62306993,03/04/2019 06:46,03/04/2019 10:08,EURUSD,Sell,3.000,0.00000,0.00000,1.13633,1.13524,0.0000,0.0000,10.9,327.00,1.54,"",0,00:03:21:45,76.3,2h 33m,17.1,0.19,28.0,840.0,-5.4,-162.0,83.8,48.8,-17.10,-513.00
,62306996,03/04/2019 06:46,03/04/2019 10:08,EURUSD,Sell,3.000,0.00000,0.00000,1.13633,1.13523,0.0000,0.0000,11.0,330.00,1.57,"",0,00:03:21:34,76.3,2h 33m,17.0,0.19,28.0,840.0,-5.4,-162.0,83.8,49.1,-17.00,-510.00
,62309851,03/04/2019 08:54,03/04/2019 10:07,EURUSD,Sell,5.000,1.13602,0.00000,1.13670,1.13517,0.0000,0.0000,15.3,765.00,3.79,"",0,00:01:13:26,1.4,1m,0.0,0.07,15.3,765.0,0.0,0.0,100.0,100.0,0.00,0.00
,62312485,03/04/2019 09:39,03/04/2019 10:07,EURUSD,Sell,15.000,1.13602,1.13330,1.13622,1.13519,0.0000,0.0000,10.3,1545.00,8.28,"",0,00:00:27:26,3.6,59s,0.0,0.10,10.3,1545.0,0.0,0.0,100.0,100.0,0.00,0.00
,62293771,03/04/2019 00:02,03/04/2019 04:13,EURUSD,Sell,5.000,0.00000,0.00000,1.13732,1.13713,0.0000,0.0000,1.9,95.00,0.51,"",0,00:04:11:46,98.5,4h 7m,9.7,0.07,11.6,580.0,-0.8,-40.0,93.5,21.8,-9.70,-485.00
,62293927,03/04/2019 00:02,03/04/2019 04:13,EURUSD,Sell,5.000,0.00000,0.00000,1.13768,1.13713,0.0000,0.0000,5.5,275.00,1.50,"",0,00:04:11:01,100.0,4h 11m,9.7,0.07,15.2,760.0,0.0,0.0,100.0,36.2,-9.70,-485.00
,62293624,03/04/2019 00:02,03/04/2019 04:13,EURUSD,Sell,5.000,0.00000,0.00000,1.13732,1.13714,0.0000,0.0000,1.8,90.00,0.49,"",0,00:04:11:40,98.5,4h 7m,9.8,0.07,11.6,580.0,-0.8,-40.0,93.5,21.0,-9.80,-490.00
,62296273,03/04/2019 00:55,03/04/2019 04:13,EURUSD,Sell,5.000,0.00000,0.00000,1.13766,1.13714,0.0000,0.0000,5.2,260.00,1.45,"",0,00:03:18:20,100.0,3h 18m,9.8,0.07,15.0,750.0,0.0,0.0,100.0,34.7,-9.80,-490.00
,62286680,03/01/2019 23:48,,,Withdrawal,0.010,0.00000,0.00000,0.00000,0.00000,0.0000,0.0000,0.0,-6000.00,0,"Withdraw CC-REFUND USD #5168728",0,00:00:00:00,,,,,,,,,,,,
,62286637,03/01/2019 23:43,,,Withdrawal,0.010,0.00000,0.00000,0.00000,0.00000,0.0000,0.0000,0.0,-720.00,0,"Transfer to 7241927 #5168719",0,00:00:00:00,,,,,,,,,,,,
,62283926,03/01/2019 22:09,,,Deposit,0.010,0.00000,0.00000,0.00000,0.00000,0.0000,0.0000,0.0,20000.00,0,"Transfer from 20050761 #5168456",0,00:00:00:00,,,,,,,,,,,,
,62261154,03/01/2019 17:02,03/01/2019 21:50,EURUSD,Sell,3.000,0.00000,0.00000,1.14029,1.13596,0.0000,0.0000,43.3,1299.00,38.67,"",0,00:04:47:46,100.0,4h 47m,12.5,0.02,47.6,1428.0,0.0,0.0,100.0,91.0,-4.30,-129.00
,62263360,03/01/2019 17:27,03/01/2019 21:19,EURUSD,Sell,0.500,0.00000,0.00000,1.13886,1.13578,0.0000,0.0000,30.8,154.00,4.81,"",0,00:03:52:00,100.0,3h 52m,4.8,0.03,33.3,166.5,0.0,0.0,100.0,92.5,-2.50,-12.50
,62263169,03/01/2019 17:25,03/01/2019 21:19,EURUSD,Sell,0.500,0.00000,0.00000,1.13926,1.13579,0.0000,0.0000,34.7,173.50,5.72,"",0,00:03:54:40,100.0,3h 54m,4.8,0.03,37.3,186.5,0.0,0.0,100.0,93.0,-2.60,-13.00
,62263281,03/01/2019 17:26,03/01/2019 21:19,EURUSD,Sell,0.500,0.00000,0.00000,1.13912,1.13581,0.0000,0.0000,33.1,165.50,5.77,"",0,00:03:52:55,100.0,3h 52m,4.8,0.03,35.9,179.5,0.0,0.0,100.0,92.2,-2.80,-14.00
,62263406,03/01/2019 17:28,03/01/2019 21:19,EURUSD,Sell,0.500,0.00000,0.00000,1.13868,1.13580,0.0000,0.0000,28.8,144.00,5.29,"",0,00:03:51:11,100.0,3h 51m,4.8,0.03,31.5,157.5,0.0,0.0,100.0,91.4,-2.70,-13.50
,62263423,03/01/2019 17:28,03/01/2019 21:19,EURUSD,Sell,0.500,0.00000,0.00000,1.13864,1.13581,0.0000,0.0000,28.3,141.50,5.48,"",0,00:03:51:03,100.0,3h 51m,4.8,0.03,31.1,155.5,0.0,0.0,100.0,91.0,-2.80,-14.00
,62262815,03/01/2019 17:18,03/01/2019 21:19,EURUSD,Sell,0.500,0.00000,0.00000,1.13946,1.13572,0.0000,0.0000,37.4,187.00,7.81,"",0,00:04:01:05,100.0,4h 1m,4.8,0.03,39.3,196.5,0.0,0.0,100.0,95.2,-1.90,-9.50
,62261701,03/01/2019 17:05,03/01/2019 21:19,EURUSD,Sell,0.500,0.00000,0.00000,1.13971,1.13572,0.0000,0.0000,39.9,199.50,9.09,"",0,00:04:13:35,100.0,4h 13m,4.8,0.02,41.8,209.0,0.0,0.0,100.0,95.5,-1.90,-9.50
,62261174,03/01/2019 17:03,03/01/2019 21:19,EURUSD,Sell,0.500,0.00000,0.00000,1.14015,1.13569,0.0000,0.0000,44.6,223.00,11.31,"",0,00:04:15:53,100.0,4h 15m,4.8,0.02,46.2,231.0,0.0,0.0,100.0,96.5,-1.60,-8.00
,62261387,03/01/2019 17:04,03/01/2019 21:19,EURUSD,Sell,0.500,0.00000,0.00000,1.13990,1.13569,0.0000,0.0000,42.1,210.50,11.96,"",0,00:04:14:17,100.0,4h 14m,4.8,0.02,43.7,218.5,0.0,0.0,100.0,96.3,-1.60,-8.00
,62261168,03/01/2019 17:03,03/01/2019 21:18,EURUSD,Sell,0.500,0.00000,0.00000,1.14019,1.13578,0.0000,0.0000,44.1,220.50,14.32,"",0,00:04:15:07,100.0,4h 15m,4.8,0.02,46.6,233.0,0.0,0.0,100.0,94.6,-2.50,-12.50
,62261161,03/01/2019 17:03,03/01/2019 20:05,EURUSD,Sell,1.000,0.00000,0.00000,1.14024,1.13658,0.0000,0.0000,36.6,366.00,31.18,"",0,00:03:02:51,100.0,3h 2m,3.7,0.03,38.9,389.0,0.0,0.0,100.0,94.1,-2.30,-23.00
,62261093,03/01/2019 17:02,,,Withdrawal,0.010,0.00000,0.00000,0.00000,0.00000,0.0000,0.0000,0.0,-3367.53,0,"Cancellation of #61603861",0,00:00:00:00,,,,,,,,,,,,
,62243887,03/01/2019 13:54,03/01/2019 17:00,EURUSD,Sell,5.000,0.00000,1.12880,1.13848,1.14047,0.0000,0.0000,-19.9,-995.00,-17.97,"[stopout]",0,00:03:05:27,48.4,1h 29m,30.8,2.08,10.7,535.0,-22.3,-1115.0,32.4,7.3,-30.60,-1530.00
,62243762,03/01/2019 13:52,03/01/2019 17:00,EURUSD,Sell,15.000,0.00000,1.12880,1.13828,1.14047,0.0000,0.0000,-21.9,-3285.00,-37.24,"[stopout]",0,00:03:07:08,42.6,1h 19m,30.8,2.79,8.7,1305.0,-24.3,-3645.0,26.4,7.3,-30.60,-4590.00
,62243708,03/01/2019 13:52,03/01/2019 17:00,EURUSD,Sell,15.000,0.00000,1.12880,1.13825,1.14047,0.0000,0.0000,-22.2,-3330.00,-27.40,"[stopout]",0,00:03:07:55,41.0,1h 17m,30.8,2.93,8.4,1260.0,-24.6,-3690.0,25.5,7.3,-30.60,-4590.00
,62243238,03/01/2019 13:47,03/01/2019 17:00,EURUSD,Sell,5.000,0.00000,1.12800,1.13816,1.14047,0.0000,0.0000,-23.1,-1155.00,-8.68,"[stopout]",0,00:03:12:26,36.8,1h 10m,30.8,3.40,7.5,375.0,-25.5,-1275.0,22.7,7.3,-30.60,-1530.00
,62243075,03/01/2019 13:46,03/01/2019 17:00,EURUSD,Sell,5.000,0.00000,0.00000,1.13814,1.14047,0.0000,0.0000,-23.3,-1165.00,-8.05,"[stopout]",0,00:03:13:45,35.1,1h 8m,30.8,3.52,7.3,365.0,-25.7,-1285.0,22.1,7.3,-30.60,-1530.00
,62242600,03/01/2019 13:43,03/01/2019 17:00,EURUSD,Sell,5.000,0.00000,0.00000,1.13781,1.14047,0.0000,0.0000,-26.6,-1330.00,-8.42,"[stopout]",0,00:03:17:02,16.3,32m,30.8,7.25,4.0,200.0,-29.0,-1450.0,12.1,7.3,-30.60,-1530.00
,62242024,03/01/2019 13:30,03/01/2019 17:00,EURUSD,Sell,5.000,0.00000,0.00000,1.13776,1.14047,0.0000,0.0000,-27.1,-1355.00,-7.90,"[stopout]",0,00:03:29:42,14.8,31m,31.2,8.43,3.5,175.0,-29.5,-1475.0,10.6,7.3,-30.60,-1530.00
,62240866,03/01/2019 13:03,03/01/2019 17:00,EURUSD,Sell,5.000,0.00000,0.00000,1.13755,1.14047,0.0000,0.0000,-29.2,-1460.00,-7.84,"[stopout]",0,00:03:56:16,1.7,4m,31.6,22.57,1.4,70.0,-31.6,-1580.0,4.2,7.3,-30.60,-1530.00
,62239056,03/01/2019 12:38,03/01/2019 17:00,EURUSD,Sell,10.000,0.00000,1.12880,1.13741,1.14047,0.0000,0.0000,-30.6,-3060.00,-14.12,"[stopout]",0,00:04:22:04,0.0,0s,33.0,33.00,0.0,0.0,-33.0,-3300.0,0.0,7.3,-30.60,-3060.00
,62238169,03/01/2019 12:25,03/01/2019 17:00,EURUSD,Sell,10.000,0.00000,1.12880,1.13675,1.14047,0.0000,0.0000,-37.2,-3720.00,-14.65,"[stopout]",0,00:04:35:01,0.0,0s,39.6,39.68,0.0,0.0,-39.6,-3960.0,0.0,6.1,-37.20,-3720.00
,62237778,03/01/2019 12:18,03/01/2019 17:00,EURUSD,Sell,3.000,0.00000,1.13610,1.13622,1.14047,0.0000,0.0000,-42.5,-1275.00,-4.78,"[stopout]",0,00:04:41:46,0.0,0s,44.9,45.05,0.0,0.0,-44.9,-1347.0,0.0,5.3,-42.50,-1275.00
,62237505,03/01/2019 12:13,03/01/2019 17:00,EURUSD,Sell,3.000,0.00000,1.13610,1.13621,1.14047,0.0000,0.0000,-42.6,-1278.00,-4.57,"[stopout]",0,00:04:46:55,0.0,0s,45.0,45.05,0.0,0.0,-45.0,-1350.0,0.0,5.3,-42.60,-1278.00
,62237481,03/01/2019 12:12,03/01/2019 17:00,EURUSD,Sell,3.000,0.00000,0.00000,1.13615,1.14047,0.0000,0.0000,-43.2,-1296.00,-4.43,"[stopout]",0,00:04:47:44,0.0,0s,45.6,45.66,0.0,0.0,-45.6,-1368.0,0.0,5.3,-43.20,-1296.00
,62237357,03/01/2019 12:10,03/01/2019 17:00,EURUSD,Sell,3.000,0.00000,0.00000,1.13586,1.14047,0.0000,0.0000,-46.1,-1383.00,-4.52,"[stopout]",0,00:04:49:57,0.0,0s,48.5,48.54,0.0,0.0,-48.5,-1455.0,0.0,4.9,-46.10,-1383.00
,62237317,03/01/2019 12:09,03/01/2019 17:00,EURUSD,Sell,3.000,0.00000,0.00000,1.13587,1.14047,0.0000,0.0000,-46.0,-1380.00,-4.31,"[stopout]",0,00:04:51:05,0.0,0s,48.4,48.54,0.0,0.0,-48.4,-1452.0,0.0,5.0,-46.00,-1380.00
,62235344,03/01/2019 11:48,03/01/2019 17:00,EURUSD,Sell,3.000,0.00000,1.13510,1.13587,1.14047,0.0000,0.0000,-46.0,-1380.00,-4.13,"[stopout]",0,00:05:11:53,0.0,0s,48.4,48.54,0.0,0.0,-48.4,-1452.0,0.0,5.0,-46.00,-1380.00
,61923069,02/25/2019 19:59,03/01/2019 17:00,EURUSD,Sell,5.000,0.00000,1.13020,1.13471,1.14047,0.0000,-15.6000,-57.6,-2895.60,-7.98,"[stopout]",0,03:21:00:17,0.0,0s,70.4,70.42,0.0,0.0,-70.4,-3520.0000000000005,0.0,18.2,-57.60,-2880.00
,61843156,02/22/2019 19:25,03/01/2019 17:00,EURUSD,Sell,2.000,0.00000,1.13020,1.13321,1.14047,0.0000,-7.2800,-72.6,-1459.28,-3.87,"[stopout]",0,06:21:34:48,29.6,2d 1h ,86.4,85.47,1.0,20.0,-85.4,-1708.0,1.2,14.8,-73.60,-1472.00
,62234169,03/01/2019 11:21,03/01/2019 12:06,EURUSD,Sell,3.000,0.00000,0.00000,1.13637,1.13586,0.0000,0.0000,5.1,153.00,0.41,"",0,00:00:45:29,2.3,1m,0.0,0.20,5.1,153.0,0.0,0.0,100.0,100.0,0.00,0.00
,62226238,03/01/2019 09:43,03/01/2019 12:06,EURUSD,Sell,3.000,0.00000,1.13400,1.13670,1.13586,0.0000,0.0000,8.4,252.00,0.67,"",0,00:02:23:25,100.0,2h 23m,7.5,0.09,11.2,336.0,0.0,0.0,100.0,75.0,-2.80,-84.00
,62235325,03/01/2019 11:47,03/01/2019 12:06,EURUSD,Sell,3.000,0.00000,1.13400,1.13593,1.13586,0.0000,0.0000,0.7,21.00,0.06,"",0,00:00:19:25,5.3,1m,0.0,1.43,0.7,21.0,0.0,0.0,100.0,100.0,0.00,0.00
,62225598,03/01/2019 09:26,03/01/2019 10:31,EURUSD,Sell,3.000,0.00000,0.00000,1.13685,1.13561,0.0000,0.0000,12.4,372.00,1.01,"",0,00:01:05:29,1.6,1m,0.0,0.08,12.4,372.0,0.0,0.0,100.0,100.0,0.00,0.00
,62229355,03/01/2019 10:29,,,Withdrawal,0.010,0.00000,0.00000,0.00000,0.00000,0.0000,0.0000,0.0,-3800.00,0,"Transfer to 20050761 #5165133",0,00:00:00:00,,,,,,,,,,,,
,62216179,03/01/2019 05:04,03/01/2019 10:16,EURUSD,Sell,3.000,0.00000,0.00000,1.13697,1.13616,0.0000,0.0000,8.1,243.00,0.60,"",0,00:05:11:50,59.3,3h 4m,11.7,0.28,16.5,495.0,-4.7,-141.0,77.8,60.4,-8.40,-252.00
,62216273,03/01/2019 05:09,03/01/2019 10:14,EURUSD,Sell,3.000,0.00000,0.00000,1.13708,1.13661,0.0000,0.0000,4.7,141.00,0.35,"",0,00:05:04:40,68.6,3h 29m,12.9,0.18,17.6,528.0,-3.2,-96.0,84.6,38.0,-12.90,-387.00
,62226815,03/01/2019 09:55,03/01/2019 10:14,EURUSD,Sell,3.000,0.00000,0.00000,1.13690,1.13661,0.0000,0.0000,2.9,87.00,0.22,"",0,00:00:19:25,5.3,1m,0.0,0.34,2.9,87.0,0.0,0.0,100.0,100.0,0.00,0.00
,62216433,03/01/2019 05:15,03/01/2019 10:06,EURUSD,Sell,3.000,0.00000,0.00000,1.13704,1.13687,0.0000,0.0000,1.7,51.00,0.13,"",0,00:04:51:24,66.4,3h 13m,15.5,0.21,17.2,516.0,-3.6,-108.0,82.7,25.5,-15.50,-465.00
,62227000,03/01/2019 09:59,03/01/2019 10:06,EURUSD,Sell,5.000,0.00000,0.00000,1.13722,1.13685,0.0000,0.0000,3.7,185.00,0.46,"",0,00:00:07:10,14.3,1m,0.0,0.27,3.7,185.0,0.0,0.0,100.0,100.0,0.00,0.00
,62227649,03/01/2019 10:05,,,Deposit,0.010,0.00000,0.00000,0.00000,0.00000,0.0000,0.0000,0.0,2000.00,0,"Withdraw canceled 5162739",0,00:00:00:00,,,,,,,,,,,,
,62219366,03/01/2019 08:35,03/01/2019 08:57,EURUSD,Sell,10.000,1.13820,0.00000,1.13714,1.13631,0.0000,0.0000,8.3,830.00,2.23,"",0,00:00:22:10,4.6,1m,0.0,0.12,8.3,830.0000000000001,0.0,0.0,100.0,100.0,0.00,0.00
,62217600,03/01/2019 06:56,03/01/2019 08:40,EURUSD,Sell,3.000,0.00000,0.00000,1.13730,1.13713,0.0000,0.0000,1.7,51.00,0.14,"",0,00:01:43:42,100.0,1h 43m,9.2,0.09,10.9,327.0,0.0,0.0,100.0,15.6,-9.20,-276.00
,62174248,02/28/2019 17:44,03/01/2019 04:55,EURUSD,Sell,5.000,0.00000,0.00000,1.13734,1.13707,0.0000,-2.6000,2.7,132.40,0.36,"",0,00:11:10:56,67.4,7h 32m,12.9,1.54,8.4,420.0,-12.9,-645.0,39.4,73.2,-5.70,-285.00
,62210007,03/01/2019 03:21,,,Deposit,0.010,0.00000,0.00000,0.00000,0.00000,0.0000,0.0000,0.0,365.77,0,"VIP Rebate",0,00:00:00:00,,,,,,,,,,,,
,62210006,03/01/2019 03:21,,,Deposit,0.010,0.00000,0.00000,0.00000,0.00000,0.0000,0.0000,0.0,1633.89,0,"Rebate",0,00:00:00:00,,,,,,,,,,,,
,62206702,03/01/2019 02:48,,,Deposit,0.010,0.00000,0.00000,0.00000,0.00000,0.0000,0.0000,0.0,62.55,0,"IR #44",0,00:00:00:00,,,,,,,,,,,,
,62206434,03/01/2019 02:48,,,Deposit,0.010,0.00000,0.00000,0.00000,0.00000,0.0000,0.0000,0.0,15.11,0,"IR #44 VIP",0,00:00:00:00,,,,,,,,,,,,
,62198117,02/28/2019 21:33,,,Withdrawal,0.010,0.00000,0.00000,0.00000,0.00000,0.0000,0.0000,0.0,-550.00,0,"Withdraw CC-REFUND USD #5163061",0,00:00:00:00,,,,,,,,,,,,
,62195426,02/28/2019 20:05,02/28/2019 21:27,EURUSD,Sell,2.000,0.00000,0.00000,1.13833,1.13806,0.0000,0.0000,2.7,54.00,0.15,"",0,00:01:22:19,100.0,1h 22m,5.1,0.13,7.8,156.0,0.0,0.0,100.0,34.6,-5.10,-102.00
,62195760,02/28/2019 20:17,,,Withdrawal,0.010,0.00000,0.00000,0.00000,0.00000,0.0000,0.0000,0.0,-2730.00,0,"Transfer to 20050759 #5162762",0,00:00:00:00,,,,,,,,,,,,
,62195560,02/28/2019 20:10,,,Withdrawal,0.010,0.00000,0.00000,0.00000,0.00000,0.0000,0.0000,0.0,-2000.00,0,"Withdraw LPB-CC-BZ USD #5162739",0,00:00:00:00,,,,,,,,,,,,
,62192218,02/28/2019 19:44,02/28/2019 19:47,EURUSD,Sell,2.000,0.00000,0.00000,1.13796,1.13782,0.0000,0.0000,1.4,28.00,0.07,"",0,00:00:03:05,,,,,,,,,,,,
,62174889,02/28/2019 17:47,02/28/2019 19:16,EURUSD,Sell,2.000,0.00000,0.00000,1.13767,1.13763,0.0000,0.0000,0.4,8.00,0.02,"",0,00:01:28:57,1.2,1m,0.0,2.50,0.4,8.0,0.0,0.0,100.0,100.0,0.00,0.00
,62175815,02/28/2019 17:52,02/28/2019 19:02,EURUSD,Sell,3.000,0.00000,0.00000,1.13786,1.13751,0.0000,0.0000,3.5,105.00,0.26,"",0,00:01:09:31,1.5,1m,0.0,0.29,3.5,105.0,0.0,0.0,100.0,100.0,0.00,0.00
,62183295,02/28/2019 18:25,02/28/2019 18:32,EURUSD,Sell,5.000,0.00000,0.00000,1.13914,1.13849,0.0000,0.0000,6.5,325.00,0.82,"",0,00:00:07:16,14.3,1m,0.0,0.15,6.5,325.0,0.0,0.0,100.0,100.0,0.00,0.00
,62182656,02/28/2019 18:24,02/28/2019 18:29,EURUSD,Sell,5.000,0.00000,0.00000,1.13926,1.13894,0.0000,0.0000,3.2,160.00,0.40,"",0,00:00:04:36,20.0,55s,0.0,0.31,3.2,160.0,0.0,0.0,100.0,100.0,0.00,0.00
,62180617,02/28/2019 18:02,02/28/2019 18:06,EURUSD,Sell,3.000,0.00000,0.00000,1.13861,1.13852,0.0000,0.0000,0.9,27.00,0.07,"",0,00:00:04:05,25.0,1m,0.0,1.11,0.9,27.0,0.0,0.0,100.0,100.0,0.00,0.00
,62176709,02/28/2019 17:56,02/28/2019 17:58,EURUSD,Sell,3.000,0.00000,0.00000,1.13844,1.13848,0.0000,0.0000,-0.4,-12.00,-0.03,"",0,00:00:01:45,,,,,,,,,,,,
,62098696,02/27/2019 19:26,02/28/2019 17:30,EURUSD,Sell,5.000,0.00000,1.13020,1.13667,1.13631,0.0000,-7.8000,3.6,172.20,0.44,"from #62097621",0,00:22:04:19,1.9,25m,51.2,12.71,4.0,200.0,-50.8,-2540.0,7.3,99.3,-0.40,-20.00
,62111125,02/28/2019 04:06,02/28/2019 17:22,EURUSD,Sell,5.000,0.00000,0.00000,1.13774,1.13654,0.0000,0.0000,12.0,600.00,1.55,"",0,00:13:16:09,31.5,4h 10m,50.2,2.44,17.0,850.0,-41.5,-2075.0,29.1,91.5,-5.00,-250.00
,62100205,02/27/2019 20:04,02/28/2019 17:17,EURUSD,Sell,2.000,0.00000,1.13370,1.13704,1.13721,0.0000,-3.1200,-1.7,-37.12,-0.10,"",0,00:21:12:53,7.9,1h 40m,51.2,6.12,7.7,154.0,-47.1,-942.0,14.1,82.8,-9.40,-188.00
,62110775,02/28/2019 03:53,02/28/2019 17:17,EURUSD,Sell,2.000,0.00000,0.00000,1.13736,1.13717,0.0000,0.0000,1.9,38.00,0.10,"",0,00:13:23:41,9.0,1h 12m,50.2,3.43,13.2,264.0,-45.3,-906.0,22.6,80.7,-11.30,-226.00
,62101215,02/27/2019 20:32,02/28/2019 17:14,EURUSD,Sell,2.000,0.00000,1.13370,1.13724,1.13746,0.0000,-3.1200,-2.2,-47.12,-0.12,"",0,00:20:41:53,17.4,3h 36m,51.2,4.65,9.7,194.0,-45.1,-902.0,17.7,78.3,-11.90,-238.00
,62120924,02/28/2019 09:58,02/28/2019 17:14,EURUSD,Sell,5.000,0.00000,0.00000,1.13805,1.13748,0.0000,0.0000,5.7,285.00,0.74,"",0,00:07:16:19,13.8,1h 0m,38.4,1.91,20.1,1005.0000000000001,-38.4,-1920.0,34.4,75.4,-14.40,-720.00
,62130803,02/28/2019 11:46,02/28/2019 17:10,EURUSD,Sell,3.000,0.00000,0.00000,1.13905,1.13767,0.0000,0.0000,13.8,414.00,1.09,"",0,00:05:23:30,61.5,3h 18m,33.9,0.94,30.1,903.0,-28.4,-852.0,51.5,72.1,-16.30,-489.00
,62111033,02/28/2019 04:02,02/28/2019 16:46,EURUSD,Sell,2.000,0.00000,0.00000,1.13773,1.13845,0.0000,0.0000,-7.2,-144.00,-0.38,"",0,00:12:44:37,30.7,3h 54m,50.2,2.46,16.9,338.0,-41.6,-832.0,28.9,58.8,-24.10,-482.00
,62130172,02/28/2019 11:36,02/28/2019 16:46,EURUSD,Sell,3.000,0.00000,0.00000,1.13920,1.13845,0.0000,0.0000,7.5,225.00,0.59,"",0,00:05:10:00,58.8,3h 2m,33.9,0.85,31.6,948.0,-26.9,-807.0,54.0,58.8,-24.10,-723.00
,62162721,02/28/2019 16:27,02/28/2019 16:42,EURUSD,Sell,5.000,0.00000,0.00000,1.13900,1.13853,0.0000,0.0000,4.7,235.00,0.62,"",0,00:00:15:22,100.0,15m,3.9,0.13,7.5,375.0,0.0,0.0,100.0,62.7,-2.80,-140.00
,62134675,02/28/2019 12:06,02/28/2019 15:56,EURUSD,Sell,3.000,0.00000,0.00000,1.13937,1.13855,0.0000,0.0000,8.2,246.00,0.66,"",0,00:03:49:11,60.0,2h 17m,25.1,0.72,33.3,998.9999999999999,-24.1,-723.0,58.0,56.3,-25.10,-753.00
,62128470,02/28/2019 11:04,02/28/2019 15:55,EURUSD,Sell,5.000,0.00000,0.00000,1.13843,1.13850,0.0000,0.0000,-0.7,-35.00,-0.09,"",0,00:04:51:41,23.8,1h 9m,34.6,1.45,23.9,1195.0,-34.6,-1730.0,40.9,57.9,-24.60,-1230.00
,62118938,02/28/2019 09:24,02/28/2019 15:52,EURUSD,Sell,2.000,0.00000,0.00000,1.13805,1.13861,0.0000,0.0000,-5.6,-112.00,-0.30,"",0,00:06:28:06,11.1,43m,38.4,1.91,20.1,402.0,-38.4,-768.0,34.4,56.1,-25.70,-514.00
,62129701,02/28/2019 11:32,02/28/2019 15:52,EURUSD,Sell,3.000,0.00000,0.00000,1.13884,1.13860,0.0000,0.0000,2.4,72.00,0.19,"",0,00:04:19:34,43.9,1h 53m,30.5,1.09,28.0,840.0,-30.5,-915.0,47.9,56.2,-25.60,-768.00
,62134817,02/28/2019 12:08,02/28/2019 15:42,EURUSD,Sell,3.000,0.00000,0.00000,1.13946,1.13918,0.0000,0.0000,2.8,84.00,0.22,"",0,00:03:33:37,59.4,2h 6m,31.4,0.68,34.2,1026.0,-23.2,-696.0,59.6,45.3,-31.40,-942.00
,62136454,02/28/2019 12:32,02/28/2019 15:30,EURUSD,Sell,15.000,0.00000,0.00000,1.13972,1.13971,0.0000,0.0000,0.1,15.00,0.04,"",0,00:02:58:39,66.3,1h 58m,36.7,0.55,36.8,5520.0,-20.4,-3060.0,64.3,35.8,-36.70,-5505.00
,62137964,02/28/2019 12:48,02/28/2019 15:30,EURUSD,Sell,10.000,0.00000,0.00000,1.14024,1.13996,0.0000,0.0000,2.8,280.00,0.75,"",0,00:02:42:25,75.4,2h 2m,39.2,0.36,42.0,4200.0,-15.2,-1520.0,73.4,31.5,-39.20,-3920.00
,62121610,02/28/2019 10:02,02/28/2019 10:39,EURUSD,Sell,5.000,0.00000,0.00000,1.13825,1.13841,0.0000,0.0000,-1.6,-80.00,-0.21,"",0,00:00:37:32,0.0,0s,17.3,17.30,0.0,0.0,-17.3,-865.0,0.0,90.8,-1.60,-80.00
,62122958,02/28/2019 10:11,02/28/2019 10:39,EURUSD,Sell,5.000,0.00000,0.00000,1.13874,1.13840,0.0000,0.0000,3.4,170.00,0.46,"",0,00:00:28:07,3.6,1m,12.4,3.65,3.4,170.0,-12.4,-620.0,21.5,100.0,0.00,0.00
,62123331,02/28/2019 10:16,02/28/2019 10:32,EURUSD,Sell,5.000,0.00000,0.00000,1.13886,1.13869,0.0000,0.0000,1.7,85.00,0.23,"",0,00:00:16:19,6.3,1m,10.4,6.12,1.7,85.0,-10.4,-520.0,14.0,100.0,0.00,0.00
,62119986,02/28/2019 09:40,02/28/2019 09:53,EURUSD,Sell,5.000,0.00000,0.00000,1.13806,1.13797,0.0000,0.0000,0.9,45.00,0.12,"",0,00:00:13:16,7.7,1m,12.0,13.33,0.9,45.0,-12.0,-600.0,7.0,100.0,0.00,0.00
,62119349,02/28/2019 09:29,02/28/2019 09:32,EURUSD,Sell,2.000,0.00000,0.00000,1.13810,1.13796,0.0000,0.0000,1.4,28.00,0.08,"",0,00:00:02:25,,,,,,,,,,,,
,62101434,02/27/2019 20:40,02/27/2019 21:07,EURUSD,Sell,2.000,0.00000,0.00000,1.13760,1.13705,0.0000,0.0000,5.5,110.00,0.30,"",0,00:00:26:23,100.0,26m,1.1,0.18,5.7,114.0,0.0,0.0,100.0,96.5,-0.20,-4.00
,62097621,02/27/2019 19:26,02/27/2019 19:46,EURUSD,Sell,5.000,0.00000,0.00000,1.13667,1.13654,0.0000,0.0000,1.3,65.00,0.18,"to #62098696",0,00:00:20:12,25.0,5m,3.4,2.62,1.3,65.0,-3.4,-170.0,27.7,100.0,0.00,0.00
,62097622,02/27/2019 19:26,02/27/2019 19:32,EURUSD,Sell,10.000,0.00000,0.00000,1.13669,1.13668,0.0000,0.0000,0.1,10.00,0.03,"",0,00:00:06:47,,,,,,,,,,,,
,61867164,02/25/2019 03:04,02/27/2019 19:24,EURUSD,Sell,5.000,0.00000,1.13020,1.13445,1.13694,0.0000,-5.2000,-24.9,-1250.20,-3.28,"",0,02:16:19:42,5.1,3h 16m,63.4,9.57,6.0,300.0,-57.4,-2870.0,9.5,51.3,-30.90,-1545.00
,61849066,02/22/2019 21:58,02/27/2019 19:24,EURUSD,Sell,3.000,0.00000,1.13200,1.13380,1.13683,0.0000,-4.6800,-30.3,-913.68,-2.34,"",0,04:21:25:38,1.1,1h 17m,69.8,10.83,5.9,177.0,-63.9,-1917.0,8.5,48.1,-36.20,-1086.00
,62003502,02/26/2019 18:40,02/27/2019 19:23,EURUSD,Sell,5.000,0.00000,1.13200,1.13721,1.13684,0.0000,-2.6000,3.7,182.40,0.47,"",0,01:00:43:30,9.5,2h 20m,29.8,3.87,7.7,385.0,-29.8,-1490.0,20.5,89.3,-4.00,-200.00
,62094167,02/27/2019 18:54,02/27/2019 19:18,EURUSD,Sell,5.000,0.00000,0.00000,1.13677,1.13678,0.0000,0.0000,-0.1,-5.00,-0.01,"",0,00:00:24:02,20.0,4m,4.8,24.04,0.2,10.0,-4.8,-240.0,4.0,94.0,-0.30,-15.00
,62083542,02/27/2019 17:19,02/27/2019 18:33,EURUSD,Sell,3.000,0.00000,0.00000,1.13773,1.13670,0.0000,0.0000,10.3,309.00,0.80,"",0,00:01:14:46,100.0,1h 14m,9.5,0.08,12.9,387.0,0.0,0.0,100.0,79.8,-2.60,-78.00
,61995837,02/26/2019 17:32,02/27/2019 18:33,EURUSD,Sell,5.000,0.00000,1.13020,1.13549,1.13670,0.0000,-2.6000,-12.1,-607.60,-1.55,"from #61992674",0,01:01:01:29,0.0,0s,47.0,47.17,0.0,0.0,-47.0,-2350.0,0.0,74.3,-12.10,-605.00
,61999029,02/26/2019 18:08,02/27/2019 18:33,EURUSD,Sell,5.000,0.00000,1.13020,1.13646,1.13659,0.0000,-2.6000,-1.3,-67.60,-0.17,"",0,01:00:25:20,0.7,10m,37.3,188.68,0.2,10.0,-37.3,-1864.9999999999998,0.5,96.0,-1.50,-75.00
,62090487,02/27/2019 18:12,02/27/2019 18:33,EURUSD,Sell,5.000,0.00000,0.00000,1.13828,1.13657,0.0000,0.0000,17.1,855.00,2.23,"",0,00:00:21:08,100.0,21m,2.2,0.06,17.1,855.0000000000001,0.0,0.0,100.0,100.0,0.00,0.00
,62084494,02/27/2019 17:30,02/27/2019 18:26,EURUSD,Sell,3.000,0.00000,0.00000,1.13812,1.13764,0.0000,0.0000,4.8,144.00,0.38,"",0,00:00:55:48,100.0,55m,12.0,0.06,16.8,504.0,0.0,0.0,100.0,28.6,-12.00,-360.00
,62082089,02/27/2019 17:09,02/27/2019 18:02,EURUSD,Sell,5.000,0.00000,0.00000,1.13826,1.13818,0.0000,0.0000,0.8,40.00,0.10,"",0,00:00:53:02,100.0,53m,17.4,0.06,18.2,910.0,0.0,0.0,100.0,4.4,-17.40,-870.00
,62085434,02/27/2019 17:41,02/27/2019 18:02,EURUSD,Sell,5.000,0.00000,0.00000,1.13885,1.13825,0.0000,0.0000,6.0,300.00,0.79,"",0,00:00:20:42,100.0,20m,14.7,0.05,20.7,1035.0,0.0,0.0,100.0,29.0,-14.70,-735.00
,62086743,02/27/2019 17:46,02/27/2019 17:51,EURUSD,Sell,5.000,0.00000,0.00000,1.13927,1.13883,0.0000,0.0000,4.4,220.00,0.59,"",0,00:00:05:32,,,,,,,,,,,,
,62008217,02/26/2019 19:24,02/27/2019 17:15,EURUSD,Sell,5.000,0.00000,1.13580,1.13731,1.13753,0.0000,-2.6000,-2.2,-112.60,-0.30,"",0,00:21:51:03,4.2,55m,28.8,3.35,8.6,430.0,-28.8,-1440.0,23.0,71.1,-10.80,-540.00
,62043018,02/27/2019 09:47,02/27/2019 17:15,EURUSD,Sell,5.000,0.00000,1.13480,1.13786,1.13750,0.0000,0.0000,3.6,180.00,0.48,"",0,00:07:27:57,16.7,1h 14m,23.3,1.65,14.1,705.0,-23.3,-1165.0,37.7,71.9,-10.50,-525.00
,62082099,02/27/2019 17:09,02/27/2019 17:15,EURUSD,Sell,3.000,0.00000,0.00000,1.13823,1.13748,0.0000,0.0000,7.5,225.00,0.60,"",0,00:00:05:46,,,,,,,,,,,,
,62045458,02/27/2019 10:14,02/27/2019 17:07,EURUSD,Sell,5.000,0.00000,1.13100,1.13884,1.13845,0.0000,0.0000,3.9,195.00,0.53,"",0,00:06:52:40,61.5,4h 13m,20.0,0.56,23.9,1195.0,-13.5,-675.0,63.9,46.5,-20.00,-1000.00
,62043108,02/27/2019 09:50,02/27/2019 16:58,EURUSD,Sell,5.000,0.00000,1.13580,1.13807,1.13811,0.0000,0.0000,-0.4,-20.00,-0.05,"",0,00:07:08:11,16.5,1h 10m,21.2,1.31,16.2,810.0,-21.2,-1060.0,43.3,55.6,-16.60,-830.00
,62078872,02/27/2019 16:46,02/27/2019 16:54,EURUSD,Sell,3.840,0.00000,0.00000,1.13866,1.13839,0.0000,0.0000,2.7,103.68,0.28,"",0,00:00:08:03,,,,,,,,,,,,
,62077331,02/27/2019 16:26,02/27/2019 16:36,EURUSD,Sell,3.840,0.00000,0.00000,1.13887,1.13840,0.0000,0.0000,4.7,180.48,0.49,"",0,00:00:09:26,,,,,,,,,,,,
,62077689,02/27/2019 16:32,02/27/2019 16:35,EURUSD,Sell,3.840,0.00000,0.00000,1.13882,1.13850,0.0000,0.0000,3.2,122.88,0.33,"",0,00:00:02:15,,,,,,,,,,,,
,62071957,02/27/2019 15:25,02/27/2019 16:06,EURUSD,Sell,3.840,0.00000,0.00000,1.13830,1.13826,0.0000,0.0000,0.4,15.36,0.04,"",0,00:00:41:34,25.0,10m,9.4,6.72,1.4,53.76,-9.4,-360.96,13.0,90.7,-1.00,-38.40
,62074107,02/27/2019 15:48,02/27/2019 15:58,EURUSD,Sell,3.840,0.00000,0.00000,1.13880,1.13862,0.0000,0.0000,1.8,69.12,0.19,"",0,00:00:09:58,,,,,,,,,,,,
,62044665,02/27/2019 10:05,02/27/2019 15:01,EURUSD,Sell,5.000,0.00000,1.13580,1.13837,1.13848,0.0000,0.0000,-1.1,-55.00,-0.15,"",0,00:04:55:30,17.0,50m,18.2,5.06,3.6,180.0,-18.2,-910.0,16.5,78.4,-4.70,-235.00
,62046387,02/27/2019 10:23,02/27/2019 14:57,EURUSD,Sell,5.000,0.00000,0.00000,1.13909,1.13834,0.0000,0.0000,7.5,375.00,1.03,"",0,00:04:33:46,60.0,2h 44m,12.4,1.02,10.8,540.0,-11.0,-550.0,49.5,84.9,-3.30,-165.00
,62067207,02/27/2019 10:12,02/27/2019 14:56,EURUSD,Sell,5.000,0.00000,1.13050,1.13868,1.13847,0.0000,0.0000,2.1,105.00,0.29,"from #62045306",0,00:04:44:00,38.6,1h 49m,15.1,2.25,6.7,335.0,-15.1,-755.0,30.7,78.9,-4.60,-230.00
,62045306,02/27/2019 10:12,02/27/2019 14:25,EURUSD,Sell,10.000,0.00000,1.13050,1.13868,1.13872,0.0000,0.0000,-0.4,-40.00,-0.11,"to #62067207",0,00:04:13:21,31.4,1h 19m,15.1,2.25,6.7,670.0,-15.1,-1510.0,30.7,67.4,-7.10,-710.00
,62048700,02/27/2019 10:48,02/27/2019 14:25,EURUSD,Sell,5.000,0.00000,1.13580,1.13917,1.13881,0.0000,0.0000,3.6,180.00,0.50,"",0,00:03:36:45,61.4,2h 13m,12.4,0.88,11.6,580.0,-10.2,-509.99999999999994,53.2,63.3,-8.00,-400.00
,62046319,02/27/2019 10:22,02/27/2019 10:39,EURUSD,Sell,5.000,0.00000,0.00000,1.13916,1.13878,0.0000,0.0000,3.8,190.00,0.53,"",0,00:00:16:30,,,,,,,,,,,,
,62034176,02/27/2019 06:24,02/27/2019 07:00,EURUSD,Sell,15.000,0.00000,0.00000,1.13780,1.13762,0.0000,0.0000,1.8,270.00,0.76,"",0,00:00:35:59,100.0,35m,3.1,0.20,4.9,735.0,0.0,0.0,100.0,36.7,-3.10,-465.00
,62025302,02/26/2019 23:04,02/27/2019 05:57,EURUSD,Sell,10.000,0.00000,0.00000,1.13908,1.13799,0.0000,-5.2000,10.9,1084.80,3.14,"",0,00:06:52:39,77.2,5h 18m,5.0,0.24,15.2,1520.0,-3.7,-370.0,80.4,77.2,-4.30,-430.00
,62004183,02/26/2019 18:48,02/26/2019 19:03,EURUSD,Sell,5.000,0.00000,0.00000,1.13772,1.13751,0.0000,0.0000,2.1,105.00,0.30,"",0,00:00:14:38,,,,,,,,,,,,
,62004220,02/26/2019 18:49,02/26/2019 19:00,EURUSD,Sell,5.000,0.00000,0.00000,1.13765,1.13741,0.0000,0.0000,2.4,120.00,0.35,"",0,00:00:10:11,,,,,,,,,,,,
,62001247,02/26/2019 18:18,02/26/2019 18:25,EURUSD,Sell,5.000,0.00000,0.00000,1.13708,1.13673,0.0000,0.0000,3.5,175.00,0.51,"",0,00:00:07:29,,,,,,,,,,,,
,61992674,02/26/2019 17:32,02/26/2019 17:59,EURUSD,Sell,5.000,0.00000,0.00000,1.13549,1.13583,0.0000,0.0000,-3.4,-170.00,-0.50,"to #61995837",0,00:00:27:04,0.0,0s,25.0,25.00,0.0,0.0,-25.0,-1250.0,0.0,86.4,-3.40,-170.00
,61994114,02/26/2019 17:47,02/26/2019 17:58,EURUSD,Sell,3.000,0.00000,0.00000,1.13562,1.13532,0.0000,0.0000,3.0,90.00,0.26,"",0,00:00:11:03,,,,,,,,,,,,
,61995250,02/26/2019 17:55,02/26/2019 17:58,EURUSD,Sell,2.000,0.00000,0.00000,1.13589,1.13521,0.0000,0.0000,6.8,136.00,0.40,"",0,00:00:02:42,,,,,,,,,,,,
,61993167,02/26/2019 17:35,02/26/2019 17:38,EURUSD,Sell,10.000,0.00000,0.00000,1.13572,1.13555,0.0000,0.0000,1.7,170.00,0.50,"",0,00:00:02:45,,,,,,,,,,,,
,61873217,02/25/2019 08:05,02/26/2019 17:14,EURUSD,Sell,5.000,0.00000,0.00000,1.13436,1.13491,0.0000,-2.6000,-5.5,-277.60,-0.81,"",0,01:09:09:36,2.1,41m,39.1,6.67,5.1,254.99999999999997,-34.0,-1700.0,13.0,72.9,-10.60,-530.00
,61921567,02/25/2019 19:40,02/26/2019 17:12,EURUSD,Sell,5.000,0.00000,0.00000,1.13460,1.13487,0.0000,-2.6000,-2.7,-137.60,-0.40,"",0,00:21:32:15,0.0,0s,31.6,31.65,0.0,0.0,-31.6,-1580.0,0.0,91.5,-2.70,-135.00
,61953984,02/26/2019 10:14,02/26/2019 17:11,EURUSD,Sell,5.000,0.00000,0.00000,1.13510,1.13484,0.0000,0.0000,2.6,130.00,0.38,"",0,00:06:56:39,6.0,24m,30.0,7.82,3.4,170.0,-26.6,-1330.0,11.3,97.3,-0.80,-40.00
,61954232,02/26/2019 10:19,02/26/2019 17:02,EURUSD,Sell,5.000,0.00000,0.00000,1.13535,1.13532,0.0000,0.0000,0.3,15.00,0.04,"",0,00:06:43:23,7.5,30m,30.0,4.08,5.9,295.0,-24.1,-1205.0,19.7,81.3,-5.60,-280.00
,61959404,02/26/2019 11:47,02/26/2019 17:01,EURUSD,Sell,10.000,0.00000,0.00000,1.13617,1.13539,0.0000,0.0000,7.8,780.00,2.34,"",0,00:05:13:41,36.6,1h 54m,30.0,1.13,14.1,1410.0,-15.9,-1590.0,47.0,79.0,-6.30,-630.00
,61980837,02/26/2019 15:38,02/26/2019 16:53,EURUSD,Sell,10.000,0.00000,0.00000,1.13633,1.13617,0.0000,0.0000,1.6,160.00,0.48,"",0,00:01:14:32,26.7,19m,21.0,2.13,6.7,670.0,-14.3,-1430.0,31.9,75.7,-5.10,-510.00
,61982456,02/26/2019 15:51,02/26/2019 16:06,EURUSD,Sell,10.000,0.00000,0.00000,1.13711,1.13659,0.0000,0.0000,5.2,520.00,1.59,"",0,00:00:14:58,,,,,,,,,,,,
,61976907,02/26/2019 14:42,02/26/2019 14:45,EURUSD,Sell,10.000,0.00000,0.00000,1.13663,1.13638,0.0000,0.0000,2.5,250.00,0.77,"",0,00:00:02:12,,,,,,,,,,,,
,61962486,02/26/2019 12:01,02/26/2019 14:08,EURUSD,Sell,10.000,0.00000,0.00000,1.13642,1.13636,0.0000,0.0000,0.6,60.00,0.19,"",0,00:02:06:58,40.0,50m,15.8,1.14,7.4,740.0,-8.4,-840.0,46.8,57.0,-6.80,-680.00
,61971570,02/26/2019 13:23,,,Deposit,0.010,0.00000,0.00000,0.00000,0.00000,0.0000,0.0000,0.0,3500.00,0,"Withdraw canceled 5129554",0,00:00:00:00,,,,,,,,,,,,
,61966653,02/26/2019 12:49,02/26/2019 13:02,EURUSD,Sell,10.000,0.00000,0.00000,1.13659,1.13572,0.0000,0.0000,8.7,870.00,3.10,"",0,00:00:12:26,,,,,,,,,,,,
,61963548,02/26/2019 12:12,02/26/2019 12:43,EURUSD,Sell,10.000,0.00000,0.00000,1.13683,1.13631,0.0000,0.0000,5.2,520.00,1.89,"",0,00:00:30:38,100.0,30m,1.2,0.16,6.4,640.0,0.0,0.0,100.0,81.3,-1.20,-120.00
,61955266,02/26/2019 10:33,02/26/2019 11:58,EURUSD,Sell,5.000,1.13680,0.00000,1.13558,1.13686,0.0000,0.0000,-12.8,-640.00,-2.27,"[sl]",0,00:01:25:30,0.0,0s,12.8,12.80,0.0,0.0,-12.8,-640.0,0.0,0.0,-12.80,-640.00
,61950325,02/26/2019 09:14,02/26/2019 10:01,EURUSD,Sell,10.000,1.13620,0.00000,1.13530,1.13494,0.0000,0.0000,3.6,360.00,1.30,"",0,00:00:46:48,10.0,4m,14.4,4.00,3.6,360.0,-14.4,-1440.0,20.0,100.0,0.00,0.00
,61952374,02/26/2019 09:49,02/26/2019 09:59,EURUSD,Sell,10.000,1.13620,0.00000,1.13554,1.13517,0.0000,0.0000,3.7,370.00,1.35,"",0,00:00:09:37,,,,,,,,,,,,
,61913349,02/25/2019 18:28,02/26/2019 09:04,EURUSD,Sell,5.000,0.00000,0.00000,1.13486,1.13495,0.0000,-2.6000,-0.9,-47.60,-0.17,"",0,00:14:36:06,1.2,10m,18.1,12.08,1.5,75.0,-18.1,-905.0000000000001,7.7,87.8,-2.40,-120.00
,61927201,02/25/2019 21:07,02/26/2019 09:04,EURUSD,Sell,10.000,0.00000,0.00000,1.13579,1.13494,0.0000,-5.2000,8.5,844.80,3.17,"",0,00:11:56:43,36.4,4h 20m,11.4,0.81,10.8,1080.0,-8.8,-880.0000000000001,55.1,88.3,-2.30,-230.00
,61925749,02/25/2019 20:28,02/26/2019 09:01,EURUSD,Sell,5.000,0.00000,0.00000,1.13509,1.13502,0.0000,-2.6000,0.7,32.40,0.12,"",0,00:12:32:36,4.0,30m,15.8,4.16,3.8,190.0,-15.8,-790.0,19.4,84.2,-3.10,-155.00
,61927639,02/25/2019 21:14,02/26/2019 08:43,EURUSD,Sell,10.000,0.00000,0.00000,1.13586,1.13580,0.0000,-5.2000,0.6,54.80,0.21,"",0,00:11:28:36,42.1,4h 49m,11.4,0.70,11.5,1150.0,-8.1,-810.0,58.7,44.4,-10.90,-1090.00
,61927966,02/25/2019 21:20,02/26/2019 07:34,EURUSD,Sell,10.000,0.00000,1.13500,1.13598,1.13582,0.0000,-5.2000,1.6,154.80,0.59,"",0,00:10:14:10,52.5,5h 22m,11.4,0.61,11.4,1140.0,-6.9,-690.0,62.3,46.4,-9.80,-980.00
,61929026,02/25/2019 21:31,02/25/2019 22:53,EURUSD,Sell,10.000,0.00000,1.13500,1.13625,1.13621,0.0000,0.0000,0.4,40.00,0.15,"",0,00:01:22:02,100.0,1h 22m,4.9,0.19,5.3,530.0,0.0,0.0,100.0,7.5,-4.90,-490.00
,61924778,02/25/2019 20:05,02/25/2019 20:09,EURUSD,Sell,5.000,0.00000,0.00000,1.13472,1.13463,0.0000,0.0000,0.9,45.00,0.17,"",0,00:00:04:04,,,,,,,,,,,,
,61887382,02/25/2019 12:07,02/25/2019 17:55,EURUSD,Sell,5.000,0.00000,0.00000,1.13491,1.13429,0.0000,0.0000,6.2,310.00,1.19,"",0,00:05:47:30,38.6,2h 14m,11.9,1.06,10.6,530.0,-11.2,-560.0,48.6,79.8,-4.40,-220.00
,61872243,02/25/2019 07:13,02/25/2019 17:55,EURUSD,Sell,5.000,0.00000,0.00000,1.13411,1.13431,0.0000,0.0000,-2.0,-100.00,-0.38,"",0,00:10:42:07,3.9,25m,25.8,9.93,2.6,130.0,-25.8,-1290.0,9.2,83.8,-4.60,-230.00
,61836946,02/22/2019 17:50,02/25/2019 17:53,EURUSD,Sell,3.000,0.00000,0.00000,1.13517,1.13429,0.0000,-1.5600,8.8,262.44,1.02,"",0,03:00:03:37,91.7,2d 18h ,35.8,0.74,20.6,618.0,-15.2,-456.0,57.5,67.0,-11.80,-354.00
,61887562,02/25/2019 12:13,02/25/2019 17:53,EURUSD,Sell,5.000,0.00000,0.00000,1.13508,1.13430,0.0000,0.0000,7.8,390.00,1.53,"",0,00:05:40:24,42.7,2h 25m,11.9,0.77,12.3,615.0,-9.5,-475.0,56.4,79.4,-4.50,-225.00
,61904647,02/25/2019 16:11,02/25/2019 17:47,EURUSD,Sell,5.000,0.00000,0.00000,1.13551,1.13515,0.0000,0.0000,3.6,180.00,0.71,"",0,00:01:35:27,100.0,1h 35m,13.0,0.06,16.6,830.0000000000001,0.0,0.0,100.0,21.7,-13.00,-650.00
,61905363,02/25/2019 16:27,02/25/2019 16:59,EURUSD,Sell,5.000,0.00000,0.00000,1.13583,1.13533,0.0000,0.0000,5.0,250.00,1.00,"",0,00:00:31:54,100.0,31m,8.6,0.07,13.6,680.0,0.0,0.0,100.0,36.8,-8.60,-430.00
,61902511,02/25/2019 15:37,02/25/2019 15:43,EURUSD,Sell,5.000,0.00000,0.00000,1.13548,1.13507,0.0000,0.0000,4.1,205.00,0.83,"",0,00:00:05:34,,,,,,,,,,,,
,61890899,02/25/2019 12:50,02/25/2019 14:44,EURUSD,Sell,15.000,0.00000,0.00000,1.13643,1.13602,0.0000,0.0000,4.1,615.00,2.54,"",0,00:01:54:33,100.0,1h 54m,10.6,0.07,14.6,2190.0,0.0,0.0,100.0,28.1,-10.50,-1575.00
,61882207,02/25/2019 10:23,02/25/2019 11:52,EURUSD,Sell,2.000,0.00000,0.00000,1.13525,1.13493,0.0000,0.0000,3.2,64.00,0.27,"",0,00:01:28:28,5.6,4m,14.4,4.50,3.2,64.0,-14.4,-288.0,18.2,100.0,0.00,0.00
,61877035,02/25/2019 09:25,02/25/2019 10:14,EURUSD,Sell,5.000,0.00000,0.00000,1.13530,1.13463,0.0000,0.0000,6.7,335.00,1.41,"",0,00:00:48:34,88.9,43m,7.3,0.13,6.7,335.0,-0.9,-45.0,88.2,100.0,0.00,0.00
,61876739,02/25/2019 09:18,02/25/2019 09:22,EURUSD,Sell,20.000,0.00000,0.00000,1.13546,1.13539,0.0000,0.0000,0.7,140.00,0.59,"",0,00:00:03:58,,,,,,,,,,,,
,61867138,02/25/2019 03:02,02/25/2019 04:39,EURUSD,Sell,5.000,1.13680,0.00000,1.13437,1.13427,0.0000,0.0000,1.0,50.00,0.21,"",0,00:01:37:46,83.4,1h 21m,1.7,0.04,2.7,135.0,-0.1,-5.0,96.4,39.3,-1.70,-85.00
,61867292,02/25/2019 03:11,02/25/2019 04:14,EURUSD,Sell,5.000,1.13680,0.00000,1.13448,1.13446,0.0000,0.0000,0.2,10.00,0.04,"",0,00:01:03:14,100.0,1h 3m,3.3,0.29,3.5,175.0,0.0,0.0,100.0,5.7,-3.30,-165.00
,61867534,02/25/2019 03:34,02/25/2019 03:59,EURUSD,Sell,5.000,1.13680,0.00000,1.13464,1.13450,0.0000,0.0000,1.4,70.00,0.30,"",0,00:00:25:20,,,,,,,,,,,,
,61839840,02/22/2019 18:15,02/25/2019 00:05,EURUSD,Sell,10.000,1.13580,0.00000,1.13345,1.13305,0.0000,-5.2000,4.0,394.80,1.71,"",0,02:05:50:12,94.5,2d 2h ,11.0,2.20,4.0,400.0,-8.8,-880.0000000000001,31.2,100.0,0.00,0.00
,61849071,02/22/2019 21:58,02/22/2019 22:00,EURUSD,Sell,2.000,0.00000,0.00000,1.13382,1.13375,0.0000,0.0000,0.7,14.00,0.06,"",0,00:00:01:21,,,,,,,,,,,,
,61844582,02/22/2019 19:52,02/22/2019 21:55,EURUSD,Sell,2.000,0.00000,0.00000,1.13435,1.13409,0.0000,0.0000,2.6,52.00,0.23,"",0,00:02:02:19,100.0,2h 2m,0.0,0.08,12.4,248.0,0.0,0.0,100.0,21.0,-9.80,-196.00
,61843995,02/22/2019 19:44,02/22/2019 21:55,EURUSD,Sell,2.000,1.13580,0.00000,1.13379,1.13409,0.0000,0.0000,-3.0,-60.00,-0.26,"",0,00:02:10:48,88.9,1h 56m,0.3,0.15,6.8,136.0,0.0,0.0,100.0,44.1,-9.80,-196.00
,61844252,02/22/2019 19:48,02/22/2019 21:55,EURUSD,Sell,2.000,0.00000,0.00000,1.13436,1.13407,0.0000,0.0000,2.9,58.00,0.25,"",0,00:02:06:52,100.0,2h 6m,0.0,0.08,12.5,250.0,0.0,0.0,100.0,23.2,-9.60,-192.00
,61844160,02/22/2019 19:45,02/22/2019 21:14,EURUSD,Sell,2.000,0.00000,0.00000,1.13411,1.13422,0.0000,0.0000,-1.1,-22.00,-0.10,"",0,00:01:28:23,80.0,1h 10m,0.0,0.10,10.0,200.0,0.0,0.0,100.0,11.0,-11.10,-222.00
,61847463,02/22/2019 20:54,02/22/2019 21:14,EURUSD,Sell,10.000,0.00000,0.00000,1.13468,1.13424,0.0000,0.0000,4.4,440.00,1.94,"",0,00:00:19:33,,,,,,,,,,,,
,61832398,02/22/2019 17:01,02/22/2019 19:32,EURUSD,Sell,3.000,1.13680,0.00000,1.13341,1.13336,0.0000,0.0000,0.5,15.00,0.07,"",0,00:02:31:17,10.0,15m,11.6,23.20,0.5,15.0,-11.6,-348.0,4.1,100.0,0.00,0.00
,61839881,02/22/2019 18:16,02/22/2019 19:32,EURUSD,Sell,5.000,1.13680,0.00000,1.13360,1.13340,0.0000,0.0000,2.0,100.00,0.44,"",0,00:01:15:11,20.0,15m,7.3,3.65,2.0,100.0,-7.3,-365.0,21.5,100.0,0.00,0.00
,61843099,02/22/2019 19:25,02/22/2019 19:31,EURUSD,Sell,2.000,0.00000,0.00000,1.13325,1.13330,0.0000,0.0000,-0.5,-10.00,-0.04,"",0,00:00:06:59,,,,,,,,,,,,
,61832637,02/22/2019 17:03,02/22/2019 19:20,EURUSD,Sell,3.000,1.13680,0.00000,1.13384,1.13370,0.0000,0.0000,1.4,42.00,0.19,"",0,00:02:16:36,11.2,15m,7.3,5.22,1.4,42.0,-7.3,-219.0,16.1,100.0,0.00,0.00
,61840160,02/22/2019 18:26,02/22/2019 19:17,EURUSD,Sell,5.000,1.13680,0.00000,1.13382,1.13396,0.0000,0.0000,-1.4,-70.00,-0.31,"",0,00:00:50:43,,,,,,,,,,,,
,61840822,02/22/2019 18:42,02/22/2019 19:17,EURUSD,Sell,5.000,1.13680,0.00000,1.13419,1.13395,0.0000,0.0000,2.4,120.00,0.53,"",0,00:00:34:39,,,,,,,,,,,,
,61840182,02/22/2019 18:27,02/22/2019 18:32,EURUSD,Sell,5.000,1.13580,0.00000,1.13391,1.13390,0.0000,0.0000,0.1,5.00,0.02,"",0,00:00:05:15,,,,,,,,,,,,
,61839378,02/22/2019 18:07,02/22/2019 18:23,EURUSD,Sell,3.000,1.13460,0.00000,1.13405,1.13396,0.0000,0.0000,0.9,27.00,0.12,"",0,00:00:15:36,,,,,,,,,,,,
,61839327,02/22/2019 18:06,02/22/2019 18:23,EURUSD,Sell,3.000,1.13460,0.00000,1.13399,1.13396,0.0000,0.0000,0.3,9.00,0.04,"",0,00:00:17:10,,,,,,,,,,,,
,61833337,02/22/2019 17:13,02/22/2019 18:02,EURUSD,Sell,3.000,0.00000,0.00000,1.13415,1.13397,0.0000,0.0000,1.8,54.00,0.24,"",0,00:00:48:59,,,,,,,,,,,,
,61836668,02/22/2019 17:48,02/22/2019 18:02,EURUSD,Sell,3.000,0.00000,0.00000,1.13538,1.13399,0.0000,0.0000,13.9,417.00,1.90,"",0,00:00:13:44,,,,,,,,,,,,
,61834929,02/22/2019 17:39,02/22/2019 17:56,EURUSD,Sell,3.000,1.13770,0.00000,1.13430,1.13436,0.0000,0.0000,-0.6,-18.00,-0.08,"",0,00:00:17:25,,,,,,,,,,,,
,61836491,02/22/2019 17:46,02/22/2019 17:56,EURUSD,Sell,3.000,0.00000,0.00000,1.13524,1.13435,0.0000,0.0000,8.9,267.00,1.23,"",0,00:00:09:45,,,,,,,,,,,,
,61829482,02/22/2019 16:34,02/22/2019 16:55,EURUSD,Sell,10.000,1.13470,0.00000,1.13360,1.13346,0.0000,0.0000,1.4,140.00,0.65,"",0,00:00:21:06,,,,,,,,,,,,
,61828341,02/22/2019 16:13,02/22/2019 16:27,EURUSD,Sell,5.000,1.13580,0.00000,1.13395,1.13384,0.0000,0.0000,1.1,55.00,0.26,"",0,00:00:14:14,,,,,,,,,,,,
,61828298,02/22/2019 16:12,02/22/2019 16:17,EURUSD,Sell,5.000,1.13580,0.00000,1.13408,1.13397,0.0000,0.0000,1.1,55.00,0.26,"",0,00:00:04:48,,,,,,,,,,,,
,61824437,02/22/2019 15:38,,,Withdrawal,0.010,0.00000,0.00000,0.00000,0.00000,0.0000,0.0000,0.0,-1924.20,0,"Withdraw CARDPAY USD #5137590",0,00:00:00:00,,,,,,,,,,,,
,61824353,02/22/2019 15:35,,,Withdrawal,0.010,0.00000,0.00000,0.00000,0.00000,0.0000,0.0000,0.0,-1000.00,0,"Withdraw CARDPAY USD #5137575",0,00:00:00:00,,,,,,,,,,,,
,61824167,02/22/2019 15:33,,,Deposit,0.010,0.00000,0.00000,0.00000,0.00000,0.0000,0.0000,0.0,0.10,0,"Deposit CARDPAY USD #5137539",0,00:00:00:00,,,,,,,,,,,,
,61822516,02/22/2019 15:17,,,Withdrawal,0.010,0.00000,0.00000,0.00000,0.00000,0.0000,0.0000,0.0,-675.00,0,"Withdraw CC-REFUND USD #5137461",0,00:00:00:00,,,,,,,,,,,,
,61817239,02/22/2019 14:20,02/22/2019 15:02,EURUSD,Sell,2.000,1.13420,0.00000,1.13328,1.13214,0.0000,0.0000,11.4,228.00,0.92,"",0,00:00:41:55,,,,,,,,,,,,
,61819524,02/22/2019 14:56,02/22/2019 15:01,EURUSD,Sell,4.000,0.00000,0.00000,1.13311,1.13202,0.0000,0.0000,10.9,436.00,1.79,"",0,00:00:04:58,,,,,,,,,,,,
,61817353,02/22/2019 14:22,02/22/2019 15:01,EURUSD,Sell,2.000,1.13880,0.00000,1.13333,1.13203,0.0000,0.0000,13.0,260.00,1.08,"",0,00:00:38:30,,,,,,,,,,,,
,61818507,02/22/2019 14:35,02/22/2019 15:01,EURUSD,Sell,4.000,1.13388,0.00000,1.13295,1.13197,0.0000,0.0000,9.8,392.00,1.65,"",0,00:00:25:34,,,,,,,,,,,,
,61817215,02/22/2019 14:20,02/22/2019 14:31,EURUSD,Sell,2.000,1.13420,0.00000,1.13334,1.13344,0.0000,0.0000,-1.0,-20.00,-0.08,"",0,00:00:10:55,,,,,,,,,,,,
,61817064,02/22/2019 14:01,02/22/2019 14:31,EURUSD,Sell,5.000,1.13470,0.00000,1.13364,1.13344,0.0000,0.0000,2.0,100.00,0.42,"from #61816292",0,00:00:29:23,,,,,,,,,,,,
,61816292,02/22/2019 14:01,02/22/2019 14:19,EURUSD,Sell,5.000,1.13470,0.00000,1.13364,1.13357,0.0000,0.0000,0.7,35.00,0.15,"to #61817064",0,00:00:17:49,,,,,,,,,,,,
,61816266,02/22/2019 10:30,02/22/2019 14:05,EURUSD,Sell,5.000,1.13440,0.00000,1.13458,1.13378,0.0000,0.0000,8.0,400.00,1.72,"from #61807668",0,00:03:34:38,100.0,3h 34m,14.8,0.05,21.5,1075.0,0.0,0.0,100.0,37.2,-13.50,-675.00
,61807668,02/22/2019 10:30,02/22/2019 14:01,EURUSD,Sell,5.000,1.13580,0.00000,1.13458,1.13390,0.0000,0.0000,6.8,340.00,1.49,"to #61816266",0,00:03:30:41,100.0,3h 30m,14.8,0.05,21.5,1075.0,0.0,0.0,100.0,31.6,-14.70,-735.00
,61802744,02/22/2019 08:26,02/22/2019 13:52,EURUSD,Sell,3.840,1.13800,0.00000,1.13375,1.13369,0.0000,0.0000,0.6,23.04,0.10,"",0,00:05:26:40,41.0,2h 13m,12.6,0.83,13.2,506.87999999999994,-11.0,-422.4,54.5,47.9,-12.60,-483.84
,61813715,02/22/2019 12:52,02/22/2019 13:44,EURUSD,Sell,4.000,1.13580,0.00000,1.13403,1.13389,0.0000,0.0000,1.4,56.00,0.25,"",0,00:00:51:46,,,,,,,,,,,,
,61814446,02/22/2019 13:05,02/22/2019 13:34,EURUSD,Sell,4.000,1.13580,0.00000,1.13424,1.13420,0.0000,0.0000,0.4,16.00,0.07,"",0,00:00:29:55,,,,,,,,,,,,
,61809276,02/22/2019 11:14,02/22/2019 11:28,EURUSD,Sell,4.000,1.13570,0.00000,1.13469,1.13400,0.0000,0.0000,6.9,276.00,1.23,"",0,00:00:13:22,,,,,,,,,,,,
,61809357,02/22/2019 11:16,02/22/2019 11:27,EURUSD,Sell,4.000,1.13570,0.00000,1.13467,1.13399,0.0000,0.0000,6.8,272.00,1.22,"",0,00:00:11:07,,,,,,,,,,,,
,61807278,02/22/2019 10:24,02/22/2019 11:09,EURUSD,Sell,3.840,0.00000,0.00000,1.13500,1.13459,0.0000,0.0000,4.1,157.44,0.71,"",0,00:00:44:53,,,,,,,,,,,,
,61807043,02/22/2019 10:20,02/22/2019 11:08,EURUSD,Sell,3.840,0.00000,0.00000,1.13476,1.13462,0.0000,0.0000,1.4,53.76,0.24,"",0,00:00:47:59,,,,,,,,,,,,
,61797954,02/22/2019 02:51,,,Withdrawal,0.010,0.00000,0.00000,0.00000,0.00000,0.0000,0.0000,0.0,-2000.00,0,"Withdraw CC-REFUND USD #5135388",0,00:00:00:00,,,,,,,,,,,,
,61785027,02/21/2019 19:01,02/22/2019 02:16,EURUSD,Buy,5.000,1.13140,0.00000,1.13386,1.13386,0.0000,-30.0000,0.0,-30.00,-0.12,"",0,00:07:15:51,20.7,1h 30m,6.9,2.82,2.2,0.0,-6.2,-0.0,26.2,73.8,-2.20,0.00
,61784987,02/21/2019 19:00,02/22/2019 02:16,EURUSD,Buy,5.000,1.13140,0.00000,1.13382,1.13386,0.0000,-30.0000,0.4,-10.00,-0.04,"",0,00:07:16:14,34.5,2h 30m,6.9,2.23,2.6,130.0,-5.8,-290.0,31.0,73.8,-2.20,-110.00
,61785396,02/21/2019 19:10,02/22/2019 02:16,EURUSD,Buy,5.000,1.13140,0.00000,1.13331,1.13386,0.0000,-30.0000,5.5,245.00,1.03,"",0,00:07:06:16,96.6,6h 51m,6.9,0.09,7.7,385.0,-0.7,-35.0,91.7,73.8,-2.20,-110.00
,61785571,02/21/2019 19:14,02/21/2019 21:42,EURUSD,Buy,5.000,1.13140,0.00000,1.13287,1.13349,0.0000,0.0000,6.2,310.00,1.32,"",0,00:02:28:40,100.0,2h 28m,5.7,0.10,10.2,509.99999999999994,0.0,0.0,100.0,60.8,-4.00,-200.00
,61773699,02/21/2019 16:32,02/21/2019 17:39,EURUSD,Buy,5.000,1.13280,0.00000,1.13493,1.13507,0.0000,0.0000,1.4,70.00,0.30,"",0,00:01:07:10,25.0,16m,22.8,16.29,1.4,70.0,-22.8,-1140.0,5.8,100.0,0.00,0.00
,61773691,02/21/2019 16:32,02/21/2019 17:39,EURUSD,Buy,1.000,0.00000,0.00000,1.13495,1.13501,0.0000,0.0000,0.6,6.00,0.03,"",0,00:01:06:53,25.0,16m,23.0,38.46,0.6,6.0,-23.0,-230.0,2.5,100.0,0.00,0.00
,61774852,02/21/2019 16:52,02/21/2019 17:37,EURUSD,Buy,5.000,1.13280,0.00000,1.13467,1.13490,0.0000,0.0000,2.3,115.00,0.49,"",0,00:00:44:46,,,,,,,,,,,,
,61774333,02/21/2019 16:47,02/21/2019 17:35,EURUSD,Buy,5.000,1.13280,0.00000,1.13472,1.13477,0.0000,0.0000,0.5,25.00,0.11,"",0,00:00:47:17,,,,,,,,,,,,
,61773842,02/21/2019 16:35,02/21/2019 17:34,EURUSD,Buy,2.000,1.13340,0.00000,1.13481,1.13472,0.0000,0.0000,-0.9,-18.00,-0.08,"",0,00:00:59:25,,,,,,,,,,,,
,61775189,02/21/2019 16:58,02/21/2019 17:34,EURUSD,Buy,5.000,1.13280,0.00000,1.13422,1.13471,0.0000,0.0000,4.9,245.00,1.06,"",0,00:00:36:42,,,,,,,,,,,,
,61773731,02/21/2019 16:33,02/21/2019 16:45,EURUSD,Buy,2.000,0.00000,0.00000,1.13471,1.13489,0.0000,0.0000,1.8,36.00,0.16,"",0,00:00:11:54,,,,,,,,,,,,
,61770308,02/21/2019 15:55,02/21/2019 16:09,EURUSD,Sell,2.000,1.13770,0.00000,1.13601,1.13555,0.0000,0.0000,4.6,92.00,0.40,"",0,00:00:14:18,,,,,,,,,,,,
,61770227,02/21/2019 15:54,02/21/2019 16:09,EURUSD,Sell,2.000,1.13770,0.00000,1.13625,1.13555,0.0000,0.0000,7.0,140.00,0.61,"",0,00:00:15:36,,,,,,,,,,,,
,61770178,02/21/2019 15:52,02/21/2019 16:09,EURUSD,Sell,2.000,0.00000,0.00000,1.13633,1.13555,0.0000,0.0000,7.8,156.00,0.69,"",0,00:00:17:17,,,,,,,,,,,,
,61772018,02/21/2019 16:03,02/21/2019 16:09,EURUSD,Sell,2.000,1.13770,0.00000,1.13625,1.13554,0.0000,0.0000,7.1,142.00,0.63,"",0,00:00:06:36,,,,,,,,,,,,
,61772147,02/21/2019 16:07,02/21/2019 16:09,EURUSD,Sell,2.000,0.00000,0.00000,1.13579,1.13555,0.0000,0.0000,2.4,48.00,0.21,"",0,00:00:02:32,,,,,,,,,,,,
,61772045,02/21/2019 16:03,02/21/2019 16:09,EURUSD,Sell,5.000,1.13770,0.00000,1.13616,1.13555,0.0000,0.0000,6.1,305.00,1.38,"",0,00:00:05:31,,,,,,,,,,,,
,61739702,02/21/2019 10:24,02/21/2019 15:49,EURUSD,Buy,1.000,0.00000,0.00000,1.13632,1.13643,0.0000,0.0000,1.1,11.00,0.05,"",0,00:05:24:24,4.6,14m,22.0,20.00,1.1,11.0,-22.0,-220.0,4.8,100.0,0.00,0.00
,61739563,02/21/2019 10:24,02/21/2019 15:48,EURUSD,Buy,1.000,0.00000,0.00000,1.13613,1.13621,0.0000,0.0000,0.8,8.00,0.04,"",0,00:05:23:54,13.7,44m,20.7,11.17,1.8,18.0,-20.1,-201.0,8.2,95.4,-1.00,-10.00
,61768655,02/21/2019 15:32,02/21/2019 15:47,EURUSD,Buy,3.000,0.00000,0.00000,1.13615,1.13621,0.0000,0.0000,0.6,18.00,0.08,"",0,00:00:15:05,,,,,,,,,,,,
,61739581,02/21/2019 10:24,02/21/2019 15:47,EURUSD,Buy,1.000,0.00000,0.00000,1.13616,1.13623,0.0000,0.0000,0.7,7.00,0.03,"",0,00:05:23:26,13.7,44m,20.7,13.61,1.5,15.0,-20.4,-204.0,6.8,96.3,-0.80,-8.00
,61740180,02/21/2019 10:27,02/21/2019 15:47,EURUSD,Buy,1.000,0.00000,0.00000,1.13603,1.13620,0.0000,0.0000,1.7,17.00,0.08,"",0,00:05:20:45,13.7,43m,20.7,6.83,2.8,28.0,-19.1,-191.0,12.8,95.0,-1.10,-11.00
,61769577,02/21/2019 15:40,02/21/2019 15:47,EURUSD,Buy,3.000,0.00000,0.00000,1.13576,1.13621,0.0000,0.0000,4.5,135.00,0.62,"",0,00:00:07:14,,,,,,,,,,,,
,61769607,02/21/2019 15:41,02/21/2019 15:46,EURUSD,Buy,5.000,0.00000,0.00000,1.13597,1.13631,0.0000,0.0000,3.4,170.00,0.78,"",0,00:00:05:41,,,,,,,,,,,,
,61741115,02/21/2019 10:35,02/21/2019 15:31,EURUSD,Buy,5.000,0.00000,0.00000,1.13561,1.13607,0.0000,0.0000,4.6,230.00,1.07,"",0,00:04:55:53,15.0,44m,20.7,2.13,7.0,350.0,-14.9,-745.0,32.0,89.0,-2.40,-120.00
,61741518,02/21/2019 10:43,02/21/2019 15:31,EURUSD,Buy,5.000,0.00000,0.00000,1.13533,1.13636,0.0000,0.0000,10.3,515.00,2.45,"",0,00:04:47:45,30.0,1h 26m,20.7,1.17,10.3,515.0,-12.1,-605.0,46.0,100.0,0.00,0.00
,61745443,02/21/2019 11:07,02/21/2019 14:04,EURUSD,Buy,10.000,0.00000,1.14500,1.13448,1.13525,0.0000,0.0000,7.7,770.00,3.80,"",0,00:02:56:46,91.7,2h 42m,10.6,0.20,18.3,1830.0,-3.6,-360.0,83.6,51.6,-10.60,-1060.00
,61748525,02/21/2019 11:40,02/21/2019 14:02,EURUSD,Buy,5.000,0.00000,1.14120,1.13329,1.13511,0.0000,0.0000,18.2,910.00,4.70,"",0,00:02:21:24,100.0,2h 21m,12.0,0.03,30.2,1510.0,0.0,0.0,100.0,60.3,-12.00,-600.00
,61748023,02/21/2019 11:30,02/21/2019 13:09,EURUSD,Buy,15.000,0.00000,1.14120,1.13329,1.13464,0.0000,0.0000,13.5,2025.00,11.69,"",0,00:01:39:03,100.0,1h 39m,7.7,0.05,21.2,3180.0,0.0,0.0,100.0,63.7,-7.70,-1155.00
,61733985,02/21/2019 09:37,02/21/2019 10:16,EURUSD,Buy,5.000,0.00000,0.00000,1.13398,1.13555,0.0000,0.0000,15.7,785.00,4.75,"",0,00:00:39:13,,,,,,,,,,,,
,61733801,02/21/2019 09:31,02/21/2019 10:15,EURUSD,Buy,5.000,0.00000,0.00000,1.13372,1.13571,0.0000,0.0000,19.9,995.00,6.40,"",0,00:00:43:38,,,,,,,,,,,,
,61736896,02/21/2019 10:08,02/21/2019 10:14,EURUSD,Buy,15.000,1.13280,0.00000,1.13428,1.13431,0.0000,0.0000,0.3,45.00,0.29,"",0,00:00:06:00,,,,,,,,,,,,
,61729909,02/21/2019 08:43,02/21/2019 10:03,EURUSD,Buy,5.000,1.13080,0.00000,1.13326,1.13357,0.0000,0.0000,3.1,155.00,1.01,"",0,00:01:20:42,66.7,53m,9.9,1.25,4.4,220.00000000000003,-5.5,-275.0,44.4,86.9,-1.30,-65.00
,61729967,02/21/2019 08:45,02/21/2019 09:44,EURUSD,Buy,5.000,0.00000,0.00000,1.13323,1.13366,0.0000,0.0000,4.3,215.00,1.42,"",0,00:00:58:22,,,,,,,,,,,,
,61732353,02/21/2019 09:08,02/21/2019 09:28,EURUSD,Buy,5.000,1.13080,0.00000,1.13301,1.13353,0.0000,0.0000,5.2,260.00,1.75,"",0,00:00:19:33,,,,,,,,,,,,
,61726622,02/21/2019 07:54,02/21/2019 08:28,EURUSD,Sell,3.000,0.00000,0.00000,1.13377,1.13317,0.0000,0.0000,6.0,180.00,1.23,"",0,00:00:34:10,,,,,,,,,,,,
,61726226,02/21/2019 07:43,02/21/2019 08:27,EURUSD,Sell,3.000,0.00000,0.00000,1.13391,1.13306,0.0000,0.0000,8.5,255.00,1.77,"",0,00:00:43:42,,,,,,,,,,,,
,61728551,02/21/2019 08:10,02/21/2019 08:27,EURUSD,Sell,3.000,0.00000,0.00000,1.13311,1.13306,0.0000,0.0000,0.5,15.00,0.10,"",0,00:00:16:42,,,,,,,,,,,,
,61728572,02/21/2019 08:11,02/21/2019 08:27,EURUSD,Sell,3.000,0.00000,0.00000,1.13316,1.13306,0.0000,0.0000,1.0,30.00,0.21,"",0,00:00:16:04,,,,,,,,,,,,
,61722566,02/21/2019 05:22,02/21/2019 05:47,EURUSD,Buy,2.000,0.00000,0.00000,1.13455,1.13467,0.0000,0.0000,1.2,24.00,0.17,"from #61722037",0,00:00:25:15,,,,,,,,,,,,
,61722037,02/21/2019 05:22,02/21/2019 05:40,EURUSD,Buy,3.000,0.00000,0.00000,1.13455,1.13458,0.0000,0.0000,0.3,9.00,0.06,"to #61722566",0,00:00:18:51,,,,,,,,,,,,
,61707187,02/20/2019 22:41,,,Withdrawal,0.010,0.00000,0.00000,0.00000,0.00000,0.0000,0.0000,0.0,-5825.00,0,"Withdraw CC-REFUND USD #5130888",0,00:00:00:00,,,,,,,,,,,,
,61703404,02/20/2019 18:11,02/20/2019 21:19,EURUSD,Sell,5.000,1.13840,0.00000,1.13549,1.13393,0.0000,0.0000,15.6,780.00,4.02,"from #61702521",0,00:03:07:53,84.7,2h 39m,12.5,0.66,18.8,940.0,-12.5,-625.0,60.1,89.8,-3.20,-160.00
,61702521,02/20/2019 18:11,02/20/2019 21:17,EURUSD,Sell,5.000,1.13840,0.00000,1.13549,1.13401,0.0000,0.0000,14.8,740.00,3.97,"to #61703404",0,00:03:05:52,84.7,2h 37m,12.5,0.66,18.8,940.0,-12.5,-625.0,60.1,87.2,-4.00,-200.00
,61702206,02/20/2019 18:11,02/20/2019 21:12,EURUSD,Sell,5.000,1.13840,0.00000,1.13549,1.13410,0.0000,0.0000,13.9,695.00,3.87,"to #61702521",0,00:03:00:47,83.4,2h 30m,12.5,0.70,17.8,890.0,-12.5,-625.0,58.7,87.1,-3.90,-195.00
,61689526,02/20/2019 18:11,02/20/2019 21:10,EURUSD,Sell,5.000,1.13840,0.00000,1.13549,1.13544,0.0000,0.0000,0.5,25.00,0.14,"to #61702206",0,00:02:59:18,83.4,2h 29m,17.3,0.70,17.8,890.0,-12.5,-625.0,58.7,42.9,-17.30,-865.00
,61690054,02/20/2019 18:15,02/20/2019 21:02,EURUSD,Sell,5.000,0.00000,0.00000,1.13537,1.13518,0.0000,0.0000,1.9,95.00,0.53,"",0,00:02:47:08,91.0,2h 32m,14.7,0.59,16.6,830.0000000000001,-9.8,-490.00000000000006,62.9,44.3,-14.70,-735.00
,61691637,02/20/2019 18:37,02/20/2019 21:02,EURUSD,Sell,5.000,1.13840,0.00000,1.13609,1.13557,0.0000,0.0000,5.2,260.00,1.48,"",0,00:02:24:50,100.0,2h 24m,18.6,0.04,23.8,1190.0,0.0,0.0,100.0,21.8,-18.60,-930.00
,61699589,02/20/2019 20:22,02/20/2019 20:59,EURUSD,Sell,10.000,0.00000,0.00000,1.13690,1.13664,0.0000,0.0000,2.6,260.00,1.50,"",0,00:00:36:58,,,,,,,,,,,,
,61693316,02/20/2019 18:59,02/20/2019 19:28,EURUSD,Sell,10.000,0.00000,0.00000,1.13679,1.13622,0.0000,0.0000,5.7,570.00,3.40,"",0,00:00:28:22,,,,,,,,,,,,
,61687531,02/20/2019 17:53,02/20/2019 18:11,EURUSD,Sell,5.000,1.13620,0.00000,1.13460,1.13637,0.0000,0.0000,-17.7,-885.00,-5.02,"[sl]",0,00:00:17:18,,,,,,,,,,,,
,61687127,02/20/2019 17:44,02/20/2019 18:11,EURUSD,Sell,5.000,1.13620,1.13120,1.13440,1.13637,0.0000,0.0000,-19.7,-985.00,-5.29,"[sl]",0,00:00:26:41,,,,,,,,,,,,
,61687117,02/20/2019 17:44,02/20/2019 18:11,EURUSD,Sell,5.000,1.13620,1.13120,1.13445,1.13637,0.0000,0.0000,-19.2,-960.00,-4.90,"[sl]",0,00:00:26:49,,,,,,,,,,,,
,61687379,02/20/2019 17:50,,,Withdrawal,0.010,0.00000,0.00000,0.00000,0.00000,0.0000,0.0000,0.0,-3500.00,0,"Withdraw LPB-CC-BZ USD #5129554",0,00:00:00:00,,,,,,,,,,,,
,61685501,02/20/2019 17:29,02/20/2019 17:34,EURUSD,Buy,10.000,1.13340,0.00000,1.13480,1.13488,0.0000,0.0000,0.8,80.00,0.35,"",0,00:00:05:18,,,,,,,,,,,,
,61685395,02/20/2019 17:27,02/20/2019 17:34,EURUSD,Buy,10.000,1.13340,0.00000,1.13469,1.13489,0.0000,0.0000,2.0,200.00,0.88,"",0,00:00:07:07,,,,,,,,,,,,
,61684309,02/20/2019 17:06,02/20/2019 17:30,EURUSD,Buy,5.000,1.13280,0.00000,1.13431,1.13449,0.0000,0.0000,1.8,90.00,0.40,"",0,00:00:23:23,,,,,,,,,,,,
,61683934,02/20/2019 17:02,02/20/2019 17:29,EURUSD,Buy,5.000,1.13280,0.00000,1.13455,1.13462,0.0000,0.0000,0.7,35.00,0.15,"",0,00:00:27:06,,,,,,,,,,,,
,61684673,02/20/2019 17:17,02/20/2019 17:29,EURUSD,Buy,10.000,1.13280,0.00000,1.13427,1.13461,0.0000,0.0000,3.4,340.00,1.52,"",0,00:00:11:23,,,,,,,,,,,,
,61684440,02/20/2019 17:11,02/20/2019 17:25,EURUSD,Buy,5.000,1.13280,0.00000,1.13410,1.13420,0.0000,0.0000,1.0,50.00,0.22,"",0,00:00:13:16,,,,,,,,,,,,
,61683498,02/20/2019 16:55,02/20/2019 17:03,EURUSD,Buy,5.000,0.00000,0.00000,1.13353,1.13432,0.0000,0.0000,7.9,395.00,1.80,"",0,00:00:07:46,,,,,,,,,,,,
,61683495,02/20/2019 16:55,02/20/2019 17:02,EURUSD,Buy,5.000,0.00000,0.00000,1.13351,1.13432,0.0000,0.0000,8.1,405.00,1.89,"",0,00:00:07:52,,,,,,,,,,,,
,61676033,02/20/2019 14:23,02/20/2019 16:39,EURUSD,Sell,5.000,1.13630,0.00000,1.13359,1.13317,0.0000,0.0000,4.2,210.00,0.99,"",0,00:02:16:25,11.2,15m,24.8,5.91,4.2,210.0,-24.8,-1240.0,14.5,100.0,0.00,0.00
,61676717,02/20/2019 14:31,02/20/2019 15:53,EURUSD,Sell,5.000,1.13630,0.00000,1.13403,1.13354,0.0000,0.0000,4.9,245.00,1.16,"",0,00:01:21:48,40.0,32m,10.8,1.76,4.9,245.00000000000003,-8.6,-430.0,36.3,100.0,0.00,0.00
,61677707,02/20/2019 14:50,02/20/2019 14:58,EURUSD,Sell,5.000,0.00000,0.00000,1.13430,1.13397,0.0000,0.0000,3.3,165.00,0.79,"",0,00:00:07:40,,,,,,,,,,,,
,61628561,02/19/2019 19:09,02/20/2019 14:11,EURUSD,Sell,5.000,0.00000,1.13080,1.13249,1.13284,0.0000,-2.6000,-3.5,-177.60,-0.84,"",0,00:19:01:19,0.0,0s,30.4,30.49,0.0,0.0,-30.4,-1520.0,0.0,88.5,-3.50,-175.00
,61628622,02/19/2019 19:10,02/20/2019 14:09,EURUSD,Sell,5.000,0.00000,1.13100,1.13256,1.13284,0.0000,-2.6000,-2.8,-142.60,-0.67,"",0,00:18:58:19,0.0,0s,29.7,29.76,0.0,0.0,-29.7,-1485.0,0.0,90.6,-2.80,-140.00
,61629203,02/19/2019 19:22,02/20/2019 14:05,EURUSD,Sell,5.000,0.00000,1.13050,1.13329,1.13306,0.0000,-2.6000,2.3,112.40,0.53,"",0,00:18:42:39,4.0,44m,22.4,9.75,2.3,114.99999999999999,-22.4,-1120.0,9.3,100.0,0.00,0.00
,61669577,02/20/2019 12:49,02/20/2019 13:06,EURUSD,Sell,10.000,0.00000,0.00000,1.13441,1.13390,0.0000,0.0000,5.1,510.00,2.48,"",0,00:00:16:15,,,,,,,,,,,,
,61628887,02/19/2019 19:19,02/20/2019 12:06,EURUSD,Sell,5.000,0.00000,1.13260,1.13293,1.13459,0.0000,-2.6000,-16.6,-832.60,-3.89,"",0,00:16:47:35,0.0,0s,26.0,26.04,0.0,0.0,-26.0,-1300.0,0.0,36.2,-16.60,-830.00
,61665233,02/20/2019 11:22,02/20/2019 11:51,EURUSD,Sell,10.000,0.00000,0.00000,1.13556,1.13482,0.0000,0.0000,7.4,740.00,3.58,"",0,00:00:28:41,,,,,,,,,,,,
,61661384,02/20/2019 10:09,02/20/2019 10:40,EURUSD,Sell,10.000,0.00000,0.00000,1.13498,1.13449,0.0000,0.0000,4.9,490.00,2.43,"",0,00:00:30:18,,,,,,,,,,,,
,61641778,02/19/2019 22:37,02/20/2019 07:54,EURUSD,Sell,10.000,0.00000,0.00000,1.13406,1.13403,0.0000,-5.2000,0.3,24.80,0.12,"",0,00:09:16:28,32.5,3h 0m,16.3,2.12,6.9,690.0,-14.6,-1460.0,32.1,69.3,-6.60,-660.00
,61651830,02/20/2019 04:43,02/20/2019 05:47,EURUSD,Sell,10.000,0.00000,1.13300,1.13513,1.13453,0.0000,0.0000,6.0,600.00,3.07,"",0,00:01:04:03,100.0,1h 4m,7.8,0.07,13.8,1380.0,0.0,0.0,100.0,43.5,-7.80,-780.00
,61630885,02/19/2019 19:31,02/19/2019 21:42,EURUSD,Sell,15.000,0.00000,0.00000,1.13468,1.13391,0.0000,0.0000,7.7,1155.00,6.28,"",0,00:02:10:41,100.0,2h 10m,3.2,0.13,7.7,1155.0,0.0,0.0,100.0,100.0,0.00,0.00
,61632473,02/19/2019 19:41,02/19/2019 19:51,EURUSD,Sell,5.000,0.00000,0.00000,1.13540,1.13500,0.0000,0.0000,4.0,200.00,1.10,"",0,00:00:09:32,,,,,,,,,,,,
,61625736,02/19/2019 18:21,02/19/2019 19:05,EURUSD,Sell,5.000,0.00000,0.00000,1.13288,1.13252,0.0000,0.0000,3.6,180.00,1.00,"",0,00:00:43:15,,,,,,,,,,,,
,61626298,02/19/2019 18:31,02/19/2019 19:04,EURUSD,Sell,5.000,0.00000,0.00000,1.13319,1.13250,0.0000,0.0000,6.9,345.00,1.95,"",0,00:00:32:37,,,,,,,,,,,,
,61625597,02/19/2019 18:20,02/19/2019 19:04,EURUSD,Sell,5.000,0.00000,0.00000,1.13297,1.13246,0.0000,0.0000,5.1,255.00,1.47,"",0,00:00:43:58,,,,,,,,,,,,
,61627265,02/19/2019 18:57,02/19/2019 19:03,EURUSD,Sell,5.000,0.00000,0.00000,1.13329,1.13241,0.0000,0.0000,8.8,440.00,2.59,"",0,00:00:06:05,,,,,,,,,,,,
,61626447,02/19/2019 18:37,02/19/2019 18:52,EURUSD,Sell,5.000,0.00000,0.00000,1.13324,1.13310,0.0000,0.0000,1.4,70.00,0.41,"",0,00:00:15:18,,,,,,,,,,,,
,61624883,02/19/2019 18:13,02/19/2019 18:15,EURUSD,Sell,1.000,0.00000,0.00000,1.13389,1.13339,0.0000,0.0000,5.0,50.00,0.30,"",0,00:00:02:19,,,,,,,,,,,,
,61624871,02/19/2019 18:13,02/19/2019 18:15,EURUSD,Sell,1.000,0.00000,0.00000,1.13396,1.13338,0.0000,0.0000,5.8,58.00,0.35,"",0,00:00:02:15,,,,,,,,,,,,
,61624905,02/19/2019 18:13,02/19/2019 18:14,EURUSD,Sell,5.000,0.00000,0.00000,1.13380,1.13377,0.0000,0.0000,0.3,15.00,0.09,"",0,00:00:00:41,,,,,,,,,,,,
,61621124,02/19/2019 17:51,02/19/2019 18:10,EURUSD,Buy,5.000,1.13130,0.00000,1.13292,1.13357,0.0000,0.0000,6.5,325.00,1.98,"from #61620145",0,00:00:19:29,,,,,,,,,,,,
,61620145,02/19/2019 17:51,02/19/2019 17:57,EURUSD,Buy,5.000,1.13130,0.00000,1.13292,1.13354,0.0000,0.0000,6.2,310.00,1.92,"to #61621124",0,00:00:05:54,,,,,,,,,,,,
,61616824,02/19/2019 17:13,02/19/2019 17:45,EURUSD,Sell,10.000,1.13380,0.00000,1.13239,1.13218,0.0000,0.0000,2.1,210.00,1.32,"",0,00:00:31:36,,,,,,,,,,,,
,61617383,02/19/2019 17:15,02/19/2019 17:29,EURUSD,Sell,10.000,0.00000,0.00000,1.13257,1.13226,0.0000,0.0000,3.1,310.00,1.98,"",0,00:00:13:19,,,,,,,,,,,,
,61615831,02/19/2019 17:06,02/19/2019 17:10,EURUSD,Sell,5.000,1.13270,0.00000,1.13186,1.13279,0.0000,0.0000,-9.3,-465.00,-2.89,"[sl]",0,00:00:04:02,,,,,,,,,,,,
,61611357,02/19/2019 15:31,02/19/2019 17:02,EURUSD,Buy,15.000,0.00000,0.00000,1.12932,1.13181,0.0000,0.0000,24.9,3735.00,30.25,"from #61607043",0,00:01:31:49,100.0,1h 31m,17.5,0.02,42.4,6360.0,0.0,0.0,100.0,58.7,-17.50,-2625.00
,61607043,02/19/2019 15:31,02/19/2019 16:53,EURUSD,Buy,5.000,0.00000,0.00000,1.12932,1.13175,0.0000,0.0000,24.3,1215.00,10.91,"to #61611357",0,00:01:22:29,100.0,1h 22m,18.1,0.02,42.4,2120.0,0.0,0.0,100.0,57.3,-18.10,-905.00
,61603872,02/19/2019 15:31,02/19/2019 16:12,EURUSD,Buy,10.000,0.00000,0.00000,1.12932,1.13059,0.0000,0.0000,12.7,1270.00,12.88,"to #61607043",0,00:00:41:30,,,,,,,,,,,,
,61594047,02/19/2019 13:40,02/19/2019 15:31,EURUSD,Sell,0.100,0.00000,0.00000,1.12757,1.12934,0.0000,0.0000,-17.7,-17.70,-0.18,"",0,00:01:50:55,0.0,0s,50.4,50.51,0.0,0.0,-50.4,-50.4,0.0,64.9,-17.70,-17.70
,61593528,02/19/2019 13:38,02/19/2019 15:31,EURUSD,Sell,0.500,0.00000,0.00000,1.12774,1.12934,0.0000,0.0000,-16.0,-80.00,-0.80,"",0,00:01:53:25,0.0,0s,48.7,48.78,0.0,0.0,-48.7,-243.5,0.0,67.1,-16.00,-80.00
,61593454,02/19/2019 13:37,02/19/2019 15:31,EURUSD,Sell,1.000,0.00000,0.00000,1.12759,1.12933,0.0000,0.0000,-17.4,-174.00,-1.72,"",0,00:01:54:14,0.0,0s,50.2,50.25,0.0,0.0,-50.2,-502.0,0.0,65.3,-17.40,-174.00
,61603861,02/19/2019 15:30,,,Deposit,0.010,0.00000,0.00000,0.00000,0.00000,0.0000,0.0000,0.0,3250.00,0,"Share Bonus 50% - #61603860",0,00:00:00:00,,,,,,,,,,,,
,61603860,02/19/2019 15:30,,,Deposit,0.010,0.00000,0.00000,0.00000,0.00000,0.0000,0.0000,0.0,6500.00,0,"Deposit LPB-CC-BZ USD #5122697",0,00:00:00:00,,,,,,,,,,,,
,61591580,02/19/2019 13:21,,,Withdrawal,0.010,0.00000,0.00000,0.00000,0.00000,0.0000,0.0000,0.0,-190.45,0,"Cancellation of #61589195",0,00:00:00:00,,,,,,,,,,,,
,61589249,02/19/2019 12:56,02/19/2019 13:19,EURUSD,Buy,0.500,0.00000,0.00000,1.13122,1.12916,0.0000,0.0000,-20.6,-103.00,-15.19,"[stopout]",0,00:00:23:06,,,,,,,,,,,,
,61589236,02/19/2019 12:56,02/19/2019 13:19,EURUSD,Buy,0.500,0.00000,0.00000,1.13108,1.12916,0.0000,0.0000,-19.2,-96.00,-12.40,"[stopout]",0,00:00:23:25,,,,,,,,,,,,
,61589225,02/19/2019 12:55,02/19/2019 13:19,EURUSD,Buy,2.000,0.00000,0.00000,1.13103,1.12916,0.0000,0.0000,-18.7,-374.00,-32.58,"[stopout]",0,00:00:23:46,,,,,,,,,,,,
,61589219,02/19/2019 12:55,02/19/2019 13:19,EURUSD,Buy,10.000,0.00000,1.14120,1.13102,1.12916,0.0000,0.0000,-18.6,-1860.00,-61.83,"[stopout]",0,00:00:23:56,,,,,,,,,,,,
,61587952,02/19/2019 12:18,02/19/2019 13:19,EURUSD,Buy,0.030,0.00000,0.00000,1.13086,1.12916,0.0000,0.0000,-17.0,-5.10,-0.17,"[stopout]",0,00:01:01:01,0.0,0s,21.3,21.32,0.0,0.0,-21.3,-6.39,0.0,20.2,-17.00,-5.10
,61587947,02/19/2019 12:18,02/19/2019 13:19,EURUSD,Buy,0.020,0.00000,0.00000,1.13086,1.12916,0.0000,0.0000,-17.0,-3.40,-0.11,"[stopout]",0,00:01:01:10,0.0,0s,21.3,21.32,0.0,0.0,-21.3,-4.260000000000001,0.0,20.2,-17.00,-3.40
,61587946,02/19/2019 12:18,02/19/2019 13:19,EURUSD,Buy,0.020,0.00000,0.00000,1.13086,1.12916,0.0000,0.0000,-17.0,-3.40,-0.11,"[stopout]",0,00:01:01:12,0.0,0s,21.3,21.32,0.0,0.0,-21.3,-4.260000000000001,0.0,20.2,-17.00,-3.40
,61589195,02/19/2019 12:55,,,Deposit,0.010,0.00000,0.00000,0.00000,0.00000,0.0000,0.0000,0.0,1000.00,0,"Share Bonus 50% - #61589193",0,00:00:00:00,,,,,,,,,,,,
,61589193,02/19/2019 12:55,,,Deposit,0.010,0.00000,0.00000,0.00000,0.00000,0.0000,0.0000,0.0,2000.00,0,"Deposit LPB-CC-BZ USD #5121942",0,00:00:00:00,,,,,,,,,,,,
,61244308,02/12/2019 10:06,02/12/2019 10:28,EURUSD,Buy,0.030,0.00000,0.00000,1.12894,1.12697,0.0000,0.0000,-19.7,-5.91,-22.86,"[stopout]",0,00:00:21:45,,,,,,,,,,,,
,61244305,02/12/2019 10:06,02/12/2019 10:28,EURUSD,Buy,0.050,0.00000,0.00000,1.12889,1.12697,0.0000,0.0000,-19.2,-9.60,-27.08,"[stopout]",0,00:00:21:51,,,,,,,,,,,,
,61242485,02/12/2019 09:20,02/12/2019 10:28,EURUSD,Buy,0.030,0.00000,0.00000,1.12851,1.12697,0.0000,0.0000,-15.4,-4.62,-11.53,"[stopout]",0,00:01:08:05,,,,,,,,,,,,
,61240419,02/12/2019 07:37,02/12/2019 10:28,EURUSD,Buy,0.140,0.00000,0.00000,1.12816,1.12697,0.0000,0.0000,-11.9,-16.66,-29.37,"[stopout]",0,00:02:51:22,0.0,0s,15.5,15.50,0.0,0.0,-15.5,-21.7,0.0,23.2,-11.90,-16.66
,61240407,02/12/2019 07:36,02/12/2019 10:28,EURUSD,Buy,0.200,0.00000,0.00000,1.12816,1.12697,0.0000,0.0000,-11.9,-23.80,-29.55,"[stopout]",0,00:02:51:45,0.0,0s,15.5,15.50,0.0,0.0,-15.5,-31.0,0.0,23.2,-11.90,-23.80
,61240405,02/12/2019 07:36,,,Deposit,0.010,0.00000,0.00000,0.00000,0.00000,0.0000,0.0000,0.0,14.00,0,"Transfer from 3097233 #5094739",0,00:00:00:00,,,,,,,,,,,,
,59245716,01/01/2019 03:06,,,Deposit,0.010,0.00000,0.00000,0.00000,0.00000,0.0000,0.0000,0.0,65.13,0,"Rebate",0,00:00:00:00,,,,,,,,,,,,
,59243844,01/01/2019 01:40,,,Deposit,0.010,0.00000,0.00000,0.00000,0.00000,0.0000,0.0000,0.0,1.31,0,"IR #42",0,00:00:00:00,,,,,,,,,,,,
,59242991,01/01/2019 01:38,,,Deposit,0.010,0.00000,0.00000,0.00000,0.00000,0.0000,0.0000,0.0,0.09,0,"IR #42 VIP",0,00:00:00:00,,,,,,,,,,,,
,58114524,12/14/2018 10:42,,,Withdrawal,0.010,0.00000,0.00000,0.00000,0.00000,0.0000,0.0000,0.0,-421.11,0,"Cancellation of #57880003",0,00:00:00:00,,,,,,,,,,,,
,58070148,12/13/2018 21:04,12/14/2018 10:38,EURUSD,Buy,1.000,0.00000,0.00000,1.13641,1.13139,0.0000,-6.0000,-50.2,-508.00,-54.68,"[stopout]",0,00:13:34:11,,,,,,,,,,,,
,58070141,12/13/2018 21:03,12/14/2018 10:38,EURUSD,Buy,3.000,0.00000,0.00000,1.13636,1.13139,0.0000,-18.0000,-49.7,-1509.00,-61.89,"[stopout]",0,00:13:34:57,,,,,,,,,,,,
,57970977,12/13/2018 15:27,12/14/2018 10:38,EURUSD,Buy,3.000,0.00000,0.00000,1.13844,1.13139,0.0000,-18.0000,-70.5,-2133.00,-46.66,"[stopout]",0,00:19:11:10,0.0,0s,70.5,70.92,0.0,0.0,-70.5,-2115.0,0.0,0.0,-70.50,-2115.00
,57954915,12/13/2018 12:13,12/14/2018 10:38,EURUSD,Buy,3.000,0.00000,1.14200,1.13831,1.13139,0.0000,-18.0000,-69.2,-2094.00,-31.42,"[stopout]",0,00:22:24:47,0.0,0s,69.2,69.44,0.0,0.0,-69.2,-2076.0,0.0,0.0,-69.20,-2076.00
,58058237,12/13/2018 20:23,12/13/2018 21:03,EURUSD,Sell,2.000,0.00000,0.00000,1.13668,1.13631,0.0000,0.0000,3.7,74.00,1.12,"",0,00:00:39:50,,,,,,,,,,,,
,58058132,12/13/2018 20:20,12/13/2018 21:03,EURUSD,Sell,5.000,0.00000,0.00000,1.13673,1.13625,0.0000,0.0000,4.8,240.00,3.78,"",0,00:00:42:26,,,,,,,,,,,,
,58058618,12/13/2018 20:29,12/13/2018 20:43,EURUSD,Sell,2.000,0.00000,0.00000,1.13694,1.13690,0.0000,0.0000,0.4,8.00,0.13,"",0,00:00:13:32,,,,,,,,,,,,
,58053068,12/13/2018 16:46,12/13/2018 20:20,EURUSD,Buy,1.500,0.00000,1.14200,1.13435,1.13673,0.0000,0.0000,23.8,357.00,5.96,"from #58052781",0,00:03:33:53,,,,,,,,,,,,
,58014773,12/13/2018 17:07,12/13/2018 20:20,EURUSD,Buy,1.500,0.00000,0.00000,1.13519,1.13669,0.0000,0.0000,15.0,225.00,3.91,"",0,00:03:13:23,,,,,,,,,,,,
,58052781,12/13/2018 16:46,12/13/2018 19:28,EURUSD,Buy,1.500,0.00000,1.14200,1.13435,1.13490,0.0000,0.0000,5.5,82.50,1.45,"to #58053068",0,00:02:42:07,,,,,,,,,,,,
,57993685,12/13/2018 16:46,12/13/2018 19:21,EURUSD,Buy,2.000,0.00000,1.14200,1.13435,1.13621,0.0000,0.0000,18.6,372.00,7.01,"to #58052781",0,00:02:35:00,,,,,,,,,,,,
,57994662,12/13/2018 16:54,12/13/2018 18:03,EURUSD,Buy,1.500,0.00000,0.00000,1.13446,1.13475,0.0000,0.0000,2.9,43.50,0.83,"",0,00:01:08:41,,,,,,,,,,,,
,57994863,12/13/2018 16:57,12/13/2018 17:24,EURUSD,Buy,0.500,0.00000,0.00000,1.13475,1.13321,0.0000,0.0000,-15.4,-77.00,-1.44,"",0,00:00:26:57,,,,,,,,,,,,
,57991511,12/13/2018 16:03,12/13/2018 16:21,EURUSD,Buy,1.500,0.00000,0.00000,1.13484,1.13573,0.0000,0.0000,8.9,133.50,2.56,"from #57989888",0,00:00:17:43,,,,,,,,,,,,
,57989888,12/13/2018 16:03,12/13/2018 16:20,EURUSD,Buy,1.500,0.00000,0.00000,1.13484,1.13592,0.0000,0.0000,10.8,162.00,3.21,"to #57991511",0,00:00:17:24,,,,,,,,,,,,
,57989929,12/13/2018 16:03,12/13/2018 16:06,EURUSD,Buy,2.000,0.00000,0.00000,1.13502,1.13541,0.0000,0.0000,3.9,78.00,1.57,"",0,00:00:02:55,,,,,,,,,,,,
,57975600,12/13/2018 15:57,,,Deposit,0.010,0.00000,0.00000,0.00000,0.00000,0.0000,0.0000,0.0,250.00,0,"Tradable 50% - #57975598",0,00:00:00:00,,,,,,,,,,,,
,57975598,12/13/2018 15:57,,,Deposit,0.010,0.00000,0.00000,0.00000,0.00000,0.0000,0.0000,0.0,500.00,0,"Deposit LPB-CC-BZ USD #4896920",0,00:00:00:00,,,,,,,,,,,,
,57958549,12/13/2018 13:58,12/13/2018 15:29,EURUSD,Buy,1.000,0.00000,1.14200,1.13788,1.13804,0.0000,0.0000,1.6,16.00,0.38,"",0,00:01:30:15,,,,,,,,,,,,
,57961381,12/13/2018 14:58,12/13/2018 15:25,EURUSD,Buy,3.000,0.00000,0.00000,1.13663,1.13814,0.0000,0.0000,15.1,453.00,12.09,"",0,00:00:27:10,,,,,,,,,,,,
,57955889,12/13/2018 12:40,12/13/2018 14:47,EURUSD,Buy,2.000,0.00000,0.00000,1.13789,1.13828,0.0000,0.0000,3.9,78.00,2.13,"",0,00:02:07:03,,,,,,,,,,,,
,57958941,12/13/2018 14:05,12/13/2018 14:46,EURUSD,Buy,1.000,0.00000,0.00000,1.13819,1.13863,0.0000,0.0000,4.4,44.00,1.21,"",0,00:00:40:54,,,,,,,,,,,,
,57959341,12/13/2018 14:25,12/13/2018 14:26,.DE30C,Buy,1.000,0.00000,0.00000,10922.30000,10929.60000,0.0000,0.0000,7.3,8.31,0.23,"",0,00:00:00:23,,,,,,,,,,,,
,57954644,12/13/2018 12:06,12/13/2018 13:38,EURUSD,Buy,5.000,0.00000,0.00000,1.13744,1.13789,0.0000,0.0000,4.5,225.00,6.63,"",0,00:01:32:28,,,,,,,,,,,,
,57952647,12/13/2018 10:33,12/13/2018 11:59,EURUSD,Sell,2.000,0.00000,0.00000,1.13838,1.13774,0.0000,0.0000,6.4,128.00,3.92,"from #57948532",0,00:01:25:52,,,,,,,,,,,,
,57948532,12/13/2018 10:33,12/13/2018 11:27,EURUSD,Sell,1.000,0.00000,0.00000,1.13838,1.13760,0.0000,0.0000,7.8,78.00,2.45,"to #57952647",0,00:00:53:59,,,,,,,,,,,,
,57948359,12/13/2018 10:30,12/13/2018 11:24,EURUSD,Sell,3.000,0.00000,0.00000,1.13838,1.13767,0.0000,0.0000,7.1,213.00,7.16,"",0,00:00:54:17,,,,,,,,,,,,
,57949692,12/13/2018 10:57,12/13/2018 11:24,EURUSD,Sell,3.000,0.00000,0.00000,1.13860,1.13767,0.0000,0.0000,9.3,279.00,10.36,"",0,00:00:26:51,,,,,,,,,,,,
,57881375,12/12/2018 19:58,12/13/2018 10:30,EURUSD,Buy,0.400,0.00000,0.00000,1.13768,1.13839,0.0000,-7.2000,7.1,21.20,0.79,"",0,00:14:32:23,,,,,,,,,,,,
,57881190,12/12/2018 19:55,12/13/2018 10:30,EURUSD,Buy,1.000,0.00000,0.00000,1.13758,1.13839,0.0000,-18.0000,8.1,63.00,2.41,"",0,00:14:35:20,,,,,,,,,,,,
,57881176,12/12/2018 19:55,12/13/2018 10:30,EURUSD,Buy,1.000,0.00000,0.00000,1.13738,1.13836,0.0000,-18.0000,9.8,80.00,3.16,"",0,00:14:35:10,,,,,,,,,,,,
,57881171,12/12/2018 19:55,12/13/2018 10:30,EURUSD,Buy,1.000,0.00000,0.00000,1.13735,1.13834,0.0000,-18.0000,9.9,81.00,3.31,"",0,00:14:35:01,,,,,,,,,,,,
,57880011,12/12/2018 19:18,12/13/2018 10:06,EURUSD,Buy,5.000,0.00000,0.00000,1.13630,1.13819,0.0000,-90.0000,18.9,855.00,53.64,"",0,00:14:47:47,,,,,,,,,,,,
,57880822,12/12/2018 19:44,12/13/2018 07:35,EURUSD,Buy,0.100,0.00000,0.00000,1.13647,1.13656,0.0000,-1.8000,0.9,-0.90,-0.06,"",0,00:11:51:18,,,,,,,,,,,,
,57880364,12/12/2018 19:26,12/12/2018 23:01,EURUSD,Buy,0.500,0.00000,0.00000,1.13655,1.13681,0.0000,0.0000,2.6,13.00,0.82,"",0,00:03:35:28,,,,,,,,,,,,
,57880014,12/12/2018 19:18,12/12/2018 23:01,EURUSD,Buy,1.000,0.00000,0.00000,1.13631,1.13713,0.0000,0.0000,8.2,82.00,5.47,"",0,00:03:42:33,,,,,,,,,,,,
,57880003,12/12/2018 19:18,,,Deposit,0.010,0.00000,0.00000,0.00000,0.00000,0.0000,0.0000,0.0,500.00,0,"Tradable 50% - #57880002",0,00:00:00:00,,,,,,,,,,,,
,57880002,12/12/2018 19:18,,,Deposit,0.010,0.00000,0.00000,0.00000,0.00000,0.0000,0.0000,0.0,1000.00,0,"Deposit LPB-CC-BZ USD #4894208",0,00:00:00:00,,,,,,,,,,,,
,57872506,12/12/2018 18:32,,,Withdrawal,0.010,0.00000,0.00000,0.00000,0.00000,0.0000,0.0000,0.0,-361.90,0,"Cancellation of #57842096",0,00:00:00:00,,,,,,,,,,,,
,57872479,12/12/2018 18:31,12/12/2018 18:32,EURUSD,Buy,1.000,0.00000,0.00000,1.13584,1.13571,0.0000,0.0000,-1.3,-13.00,-3.47,"[stopout]",0,00:00:00:19,,,,,,,,,,,,
,57854494,12/12/2018 17:35,12/12/2018 18:31,EURUSD,Buy,1.000,0.00000,0.00000,1.13783,1.13566,0.0000,0.0000,-21.7,-217.00,-36.66,"[stopout]",0,00:00:56:19,,,,,,,,,,,,
,57853378,12/12/2018 17:27,12/12/2018 18:31,EURUSD,Buy,0.500,0.00000,0.00000,1.13742,1.13566,0.0000,0.0000,-17.6,-88.00,-12.94,"[stopout]",0,00:01:04:12,,,,,,,,,,,,
,57853251,12/12/2018 17:25,12/12/2018 18:31,EURUSD,Buy,0.300,0.00000,0.00000,1.13727,1.13566,0.0000,0.0000,-16.1,-48.30,-6.63,"[stopout]",0,00:01:05:58,,,,,,,,,,,,
,57853241,12/12/2018 17:25,12/12/2018 18:31,EURUSD,Buy,0.500,0.00000,0.00000,1.13717,1.13566,0.0000,0.0000,-15.1,-75.50,-9.39,"[stopout]",0,00:01:06:09,,,,,,,,,,,,
,57852343,12/12/2018 17:16,12/12/2018 18:31,EURUSD,Buy,0.200,0.00000,0.00000,1.13700,1.13566,0.0000,0.0000,-13.4,-26.80,-3.23,"[stopout]",0,00:01:14:43,,,,,,,,,,,,
,57852300,12/12/2018 17:16,12/12/2018 18:31,EURUSD,Buy,0.500,0.00000,0.00000,1.13697,1.13566,0.0000,0.0000,-13.1,-65.50,-7.31,"[stopout]",0,00:01:14:54,,,,,,,,,,,,
,57851598,12/12/2018 17:03,12/12/2018 18:31,EURUSD,Buy,0.500,0.00000,0.00000,1.13669,1.13566,0.0000,0.0000,-10.3,-51.50,-5.44,"[stopout]",0,00:01:28:01,,,,,,,,,,,,
,57842104,12/12/2018 16:58,12/12/2018 18:31,EURUSD,Buy,1.000,0.00000,0.00000,1.13659,1.13566,0.0000,0.0000,-9.3,-93.00,-8.94,"[stopout]",0,00:01:32:57,,,,,,,,,,,,
,57842103,12/12/2018 16:58,12/12/2018 18:31,EURUSD,Buy,2.000,0.00000,0.00000,1.13659,1.13566,0.0000,0.0000,-9.3,-186.00,-15.17,"[stopout]",0,00:01:33:03,,,,,,,,,,,,
,57842098,12/12/2018 16:58,12/12/2018 18:31,EURUSD,Buy,3.000,0.00000,0.00000,1.13658,1.13566,0.0000,0.0000,-9.2,-276.00,-18.37,"[stopout]",0,00:01:33:10,,,,,,,,,,,,
,57842096,12/12/2018 16:58,,,Deposit,0.010,0.00000,0.00000,0.00000,0.00000,0.0000,0.0000,0.0,500.00,0,"Tradable 50% - #57842094",0,00:00:00:00,,,,,,,,,,,,
,57842094,12/12/2018 16:58,,,Deposit,0.010,0.00000,0.00000,0.00000,0.00000,0.0000,0.0000,0.0,1000.00,0,"Deposit LPB-CC-BZ USD #4893692",0,00:00:00:00,,,,,,,,,,,,
,57841943,12/12/2018 16:53,,,Withdrawal,0.010,0.00000,0.00000,0.00000,0.00000,0.0000,0.0000,0.0,-499.88,0,"Cancellation of #57839604",0,00:00:00:00,,,,,,,,,,,,
,57841476,12/12/2018 16:49,12/12/2018 16:53,EURUSD,Buy,0.500,0.00000,0.00000,1.13669,1.13598,0.0000,0.0000,-7.1,-35.50,-6.60,"[stopout]",0,00:00:04:00,,,,,,,,,,,,
,57841466,12/12/2018 16:49,12/12/2018 16:53,EURUSD,Buy,2.000,0.00000,0.00000,1.13663,1.13598,0.0000,0.0000,-6.5,-130.00,-19.46,"[stopout]",0,00:00:04:06,,,,,,,,,,,,
,57839637,12/12/2018 16:27,12/12/2018 16:44,EURUSD,Sell,5.000,0.00000,0.00000,1.13443,1.13659,0.0000,0.0000,-21.6,-1080.00,-61.79,"[stopout]",0,00:00:16:46,,,,,,,,,,,,
,57839635,12/12/2018 16:27,12/12/2018 16:44,EURUSD,Sell,5.000,0.00000,0.00000,1.13453,1.13659,0.0000,0.0000,-20.6,-1030.00,-37.08,"[stopout]",0,00:00:17:00,,,,,,,,,,,,
,57839634,12/12/2018 16:27,12/12/2018 16:44,EURUSD,Sell,5.000,0.00000,0.00000,1.13462,1.13659,0.0000,0.0000,-19.7,-985.00,-26.18,"[stopout]",0,00:00:17:05,,,,,,,,,,,,
,57838894,12/12/2018 16:12,12/12/2018 16:44,EURUSD,Sell,0.200,0.00000,0.00000,1.13446,1.13659,0.0000,0.0000,-21.3,-42.60,-1.12,"[stopout]",0,00:00:31:31,,,,,,,,,,,,
,57838821,12/12/2018 16:11,12/12/2018 16:44,EURUSD,Sell,1.000,0.00000,0.00000,1.13455,1.13659,0.0000,0.0000,-20.4,-204.00,-5.09,"[stopout]",0,00:00:33:03,,,,,,,,,,,,
,57839604,12/12/2018 16:26,,,Deposit,0.010,0.00000,0.00000,0.00000,0.00000,0.0000,0.0000,0.0,1250.00,0,"Tradable 50% - #57839602",0,00:00:00:00,,,,,,,,,,,,
,57839602,12/12/2018 16:26,,,Deposit,0.010,0.00000,0.00000,0.00000,0.00000,0.0000,0.0000,0.0,2500.00,0,"Deposit LPB-CC-BZ USD #4893535",0,00:00:00:00,,,,,,,,,,,,
,57823264,12/12/2018 15:21,12/12/2018 16:14,EURUSD,Buy,0.200,0.00000,0.00000,1.13507,1.13460,0.0000,0.0000,-4.7,-9.40,-3.50,"",0,00:00:52:30,,,,,,,,,,,,
,57816970,12/12/2018 15:00,12/12/2018 16:12,EURUSD,Buy,0.100,0.00000,0.00000,1.13466,1.13446,0.0000,0.0000,-2.0,-2.00,-0.74,"",0,00:01:12:26,,,,,,,,,,,,
,57810618,12/12/2018 14:59,12/12/2018 16:11,EURUSD,Buy,1.000,0.00000,0.00000,1.13414,1.13450,0.0000,0.0000,3.6,36.00,15.33,"",0,00:01:11:47,,,,,,,,,,,,
,54287158,11/01/2018 02:57,,,Deposit,0.010,0.00000,0.00000,0.00000,0.00000,0.0000,0.0000,0.0,228.71,0,"Rebate",0,00:00:00:00,,,,,,,,,,,,
,54283658,11/01/2018 01:48,,,Deposit,0.010,0.00000,0.00000,0.00000,0.00000,0.0000,0.0000,0.0,5.72,0,"IR #40",0,00:00:00:00,,,,,,,,,,,,
,54283096,11/01/2018 01:46,,,Deposit,0.010,0.00000,0.00000,0.00000,0.00000,0.0000,0.0000,0.0,0.45,0,"IR #40 VIP",0,00:00:00:00,,,,,,,,,,,,
,53459508,10/11/2018 00:21,,,Withdrawal,0.010,0.00000,0.00000,0.00000,0.00000,0.0000,0.0000,0.0,-1076.11,0,"Cancellation of #53400580",0,00:00:00:00,,,,,,,,,,,,
,53459507,10/11/2018 00:21,,,Withdrawal,0.010,0.00000,0.00000,0.00000,0.00000,0.0000,0.0000,0.0,-500.00,0,"Cancellation of #53399739",0,00:00:00:00,,,,,,,,,,,,
,53454031,10/10/2018 21:47,10/11/2018 00:20,EURJPY,Buy,10.000,0.00000,0.00000,129.75500,129.22600,0.0000,-27.7800,-52.9,-4745.27,-75.07,"[stopout]",0,00:02:33:15,,,,,,,,,,,,
,53453089,10/10/2018 21:26,10/11/2018 00:20,EURJPY,Buy,15.000,0.00000,0.00000,129.88300,129.22600,0.0000,-41.6800,-65.7,-8830.11,-58.28,"[stopout]",0,00:02:53:44,,,,,,,,,,,,
,53451622,10/10/2018 20:34,10/11/2018 00:20,EURJPY,Buy,5.000,0.00000,0.00000,130.13100,129.22600,0.0000,-13.8900,-90.5,-4049.17,-21.09,"[stopout]",0,00:03:45:41,,,,,,,,,,,,
,53449390,10/10/2018 19:15,10/11/2018 00:20,EURJPY,Buy,15.000,0.00000,0.00000,130.18400,129.22600,0.0000,-41.6800,-95.8,-12856.47,-40.10,"[stopout]",0,00:05:04:51,,,,,,,,,,,,
,53458911,10/11/2018 00:12,,,Deposit,0.010,0.00000,0.00000,0.00000,0.00000,0.0000,0.0000,0.0,250.00,0,"Tradable 50% - #53458910",0,00:00:00:00,,,,,,,,,,,,
,53458910,10/11/2018 00:12,,,Deposit,0.010,0.00000,0.00000,0.00000,0.00000,0.0000,0.0000,0.0,500.00,0,"Deposit LPB-CC-BZ USD #4709991",0,00:00:00:00,,,,,,,,,,,,
,53458903,10/11/2018 00:11,,,Deposit,0.010,0.00000,0.00000,0.00000,0.00000,0.0000,0.0000,0.0,80.00,0,"Deposit EPAYEWBZ USD #4709973",0,00:00:00:00,,,,,,,,,,,,
,53458882,10/11/2018 00:10,,,Deposit,0.010,0.00000,0.00000,0.00000,0.00000,0.0000,0.0000,0.0,250.00,0,"Tradable 50% - #53458881",0,00:00:00:00,,,,,,,,,,,,
,53458881,10/11/2018 00:10,,,Deposit,0.010,0.00000,0.00000,0.00000,0.00000,0.0000,0.0000,0.0,500.00,0,"Deposit LPB-CC-BZ USD #4709986",0,00:00:00:00,,,,,,,,,,,,
,53458543,10/11/2018 00:00,,,Deposit,0.010,0.00000,0.00000,0.00000,0.00000,0.0000,0.0000,0.0,18.00,0,"Transfer from 766963 #4709964",0,00:00:00:00,,,,,,,,,,,,
,53457830,10/10/2018 23:32,,,Deposit,0.010,0.00000,0.00000,0.00000,0.00000,0.0000,0.0000,0.0,375.00,0,"Tradable 50% - #53457829",0,00:00:00:00,,,,,,,,,,,,
,53457829,10/10/2018 23:32,,,Deposit,0.010,0.00000,0.00000,0.00000,0.00000,0.0000,0.0000,0.0,750.00,0,"Deposit LPB-CC-BZ USD #4709904",0,00:00:00:00,,,,,,,,,,,,
,53457743,10/10/2018 23:28,,,Deposit,0.010,0.00000,0.00000,0.00000,0.00000,0.0000,0.0000,0.0,500.00,0,"Tradable 50% - #53457742",0,00:00:00:00,,,,,,,,,,,,
,53457742,10/10/2018 23:28,,,Deposit,0.010,0.00000,0.00000,0.00000,0.00000,0.0000,0.0000,0.0,1000.00,0,"Deposit LPB-CC-BZ USD #4709896",0,00:00:00:00,,,,,,,,,,,,
,53457687,10/10/2018 23:24,,,Deposit,0.010,0.00000,0.00000,0.00000,0.00000,0.0000,0.0000,0.0,300.00,0,"Tradable 50% - #53457686",0,00:00:00:00,,,,,,,,,,,,
,53457686,10/10/2018 23:24,,,Deposit,0.010,0.00000,0.00000,0.00000,0.00000,0.0000,0.0000,0.0,600.00,0,"Deposit CARDPAY USD #4709885",0,00:00:00:00,,,,,,,,,,,,
,53456422,10/10/2018 22:36,,,Deposit,0.010,0.00000,0.00000,0.00000,0.00000,0.0000,0.0000,0.0,1250.00,0,"Tradable 50% - #53456421",0,00:00:00:00,,,,,,,,,,,,
,53456421,10/10/2018 22:36,,,Deposit,0.010,0.00000,0.00000,0.00000,0.00000,0.0000,0.0000,0.0,2500.00,0,"Deposit CARDPAY USD #4709775",0,00:00:00:00,,,,,,,,,,,,
,53451734,10/10/2018 20:39,10/10/2018 20:49,EURJPY,Buy,3.000,0.00000,0.00000,130.08000,130.13600,0.0000,0.0000,5.6,148.91,0.65,"",0,00:00:09:55,,,,,,,,,,,,
,53449398,10/10/2018 19:15,10/10/2018 20:18,EURJPY,Buy,15.000,0.00000,0.00000,130.18000,130.18200,0.0000,0.0000,0.2,26.60,0.12,"",0,00:01:02:51,,,,,,,,,,,,
,53449503,10/10/2018 19:17,10/10/2018 20:18,EURJPY,Buy,5.000,0.00000,0.00000,130.15500,130.18900,0.0000,0.0000,3.4,150.72,0.66,"",0,00:01:00:44,,,,,,,,,,,,
,53450620,10/10/2018 20:03,10/10/2018 20:15,EURJPY,Buy,5.000,0.00000,0.00000,130.03300,130.11500,0.0000,0.0000,8.2,363.63,1.62,"",0,00:00:12:29,,,,,,,,,,,,
,53449691,10/10/2018 19:27,10/10/2018 19:36,EURJPY,Buy,5.000,0.00000,0.00000,130.12000,130.13800,0.0000,0.0000,1.8,79.84,0.36,"",0,00:00:09:10,,,,,,,,,,,,
,53449233,10/10/2018 19:11,10/10/2018 19:14,EURJPY,Buy,2.000,0.00000,0.00000,130.07900,130.10300,0.0000,0.0000,2.4,42.58,0.19,"",0,00:00:03:23,,,,,,,,,,,,
,53449227,10/10/2018 19:10,10/10/2018 19:14,EURJPY,Buy,2.000,0.00000,0.00000,130.07200,130.10800,0.0000,0.0000,3.6,63.87,0.29,"",0,00:00:03:27,,,,,,,,,,,,
,53431948,10/10/2018 13:37,10/10/2018 13:41,EURJPY,Buy,5.000,0.00000,0.00000,130.11200,130.13600,0.0000,0.0000,2.4,105.98,0.48,"",0,00:00:04:19,,,,,,,,,,,,
,53431938,10/10/2018 13:36,10/10/2018 13:41,EURJPY,Buy,10.000,0.00000,0.00000,130.11400,130.14100,0.0000,0.0000,2.7,238.45,1.09,"",0,00:00:04:57,,,,,,,,,,,,
,53428690,10/10/2018 11:56,10/10/2018 13:18,EURJPY,Buy,5.000,0.00000,0.00000,130.08000,130.10500,0.0000,0.0000,2.5,110.42,0.51,"",0,00:01:22:07,,,,,,,,,,,,
,53428684,10/10/2018 11:55,10/10/2018 13:18,EURJPY,Buy,5.000,0.00000,0.00000,130.07900,130.11200,0.0000,0.0000,3.3,145.75,0.67,"",0,00:01:22:08,,,,,,,,,,,,
,53428695,10/10/2018 11:56,10/10/2018 13:17,EURJPY,Buy,5.000,0.00000,0.00000,130.07700,130.13200,0.0000,0.0000,5.5,242.93,1.13,"",0,00:01:21:22,,,,,,,,,,,,
,53428675,10/10/2018 11:55,10/10/2018 13:17,EURJPY,Buy,5.000,0.00000,0.00000,130.07300,130.12400,0.0000,0.0000,5.1,225.26,1.06,"",0,00:01:21:56,,,,,,,,,,,,
,53430331,10/10/2018 12:37,10/10/2018 12:44,EURJPY,Buy,10.000,0.00000,0.00000,130.00900,130.03200,0.0000,0.0000,2.3,203.17,0.97,"",0,00:00:07:10,,,,,,,,,,,,
,53427557,10/10/2018 11:26,10/10/2018 11:41,EURJPY,Buy,5.000,0.00000,0.00000,130.03400,130.09700,0.0000,0.0000,6.3,278.37,1.34,"",0,00:00:15:07,,,,,,,,,,,,
,53427579,10/10/2018 11:26,10/10/2018 11:41,EURJPY,Buy,5.000,0.00000,0.00000,130.02800,130.08700,0.0000,0.0000,5.9,260.68,1.27,"",0,00:00:14:04,,,,,,,,,,,,
,53426213,10/10/2018 10:41,10/10/2018 11:04,EURJPY,Buy,5.000,0.00000,0.00000,129.93200,129.97100,0.0000,0.0000,3.9,172.44,0.85,"",0,00:00:22:12,,,,,,,,,,,,
,53426205,10/10/2018 10:41,10/10/2018 11:02,EURJPY,Buy,5.000,0.00000,0.00000,129.92500,129.98600,0.0000,0.0000,6.1,269.70,1.34,"",0,00:00:21:19,,,,,,,,,,,,
,53426349,10/10/2018 10:46,10/10/2018 10:53,EURJPY,Buy,5.000,0.00000,0.00000,129.90200,129.96500,0.0000,0.0000,6.3,278.60,1.41,"",0,00:00:07:22,,,,,,,,,,,,
,53420350,10/10/2018 06:45,10/10/2018 07:07,EURJPY,Buy,3.000,0.00000,0.00000,130.08400,130.13400,0.0000,0.0000,5.0,132.70,0.68,"",0,00:00:21:26,,,,,,,,,,,,
,53420004,10/10/2018 05:56,10/10/2018 07:07,EURJPY,Buy,5.000,0.00000,0.00000,130.07800,130.15000,0.0000,0.0000,7.2,318.44,1.65,"",0,00:01:10:59,,,,,,,,,,,,
,53415195,10/09/2018 22:57,10/10/2018 04:05,XAUUSD,Buy,5.000,0.00000,0.00000,1190.66000,1190.92000,0.0000,-12.5000,26.0,117.50,0.61,"",0,00:05:08:25,,,,,,,,,,,,
,53415199,10/09/2018 22:57,10/10/2018 04:05,XAUUSD,Buy,5.000,0.00000,0.00000,1190.61000,1190.92000,0.0000,-12.5000,31.0,142.50,0.75,"",0,00:05:08:01,,,,,,,,,,,,
,53415147,10/09/2018 22:54,10/10/2018 04:05,XAUUSD,Buy,5.000,0.00000,0.00000,1190.40000,1191.04000,0.0000,-12.5000,64.0,307.50,1.64,"",0,00:05:11:05,,,,,,,,,,,,
,53415543,10/09/2018 23:33,10/10/2018 04:01,XAUUSD,Buy,5.000,0.00000,0.00000,1190.19000,1190.24000,0.0000,-12.5000,5.0,12.50,0.07,"",0,00:04:28:35,,,,,,,,,,,,
,53414856,10/09/2018 22:30,10/09/2018 23:27,EURJPY,Buy,5.000,0.00000,0.00000,129.83300,129.86900,0.0000,0.0000,3.6,159.34,0.86,"",0,00:00:57:22,,,,,,,,,,,,
,53414845,10/09/2018 22:29,10/09/2018 23:27,EURJPY,Buy,5.000,0.00000,0.00000,129.83300,129.86800,0.0000,0.0000,3.5,154.91,0.84,"",0,00:00:57:24,,,,,,,,,,,,
,53414914,10/09/2018 22:34,10/09/2018 23:26,EURJPY,Buy,5.000,0.00000,0.00000,129.82500,129.87500,0.0000,0.0000,5.0,221.30,1.22,"",0,00:00:52:32,,,,,,,,,,,,
,53414860,10/09/2018 22:30,10/09/2018 23:26,EURJPY,Buy,5.000,0.00000,0.00000,129.83000,129.87500,0.0000,0.0000,4.5,199.17,1.11,"",0,00:00:56:20,,,,,,,,,,,,
,53414812,10/09/2018 22:26,10/09/2018 23:17,EURJPY,Buy,5.000,0.00000,0.00000,129.82200,129.83500,0.0000,0.0000,1.3,57.55,0.32,"",0,00:00:50:53,,,,,,,,,,,,
,53415201,10/09/2018 22:58,10/09/2018 23:11,EURJPY,Buy,5.000,0.00000,0.00000,129.80100,129.84200,0.0000,0.0000,4.1,181.48,1.02,"",0,00:00:13:46,,,,,,,,,,,,
,53414869,10/09/2018 22:31,10/09/2018 22:46,EURJPY,Buy,5.000,0.00000,0.00000,129.80700,129.83100,0.0000,0.0000,2.4,106.23,0.60,"",0,00:00:15:23,,,,,,,,,,,,
,53414027,10/09/2018 21:50,10/09/2018 22:23,EURJPY,Sell,1.000,0.00000,0.00000,129.97700,129.83400,0.0000,0.0000,14.3,126.57,0.72,"",0,00:00:32:28,,,,,,,,,,,,
,53413936,10/09/2018 21:47,10/09/2018 22:22,EURJPY,Sell,3.000,0.00000,0.00000,129.93800,129.83500,0.0000,0.0000,10.3,273.50,1.58,"",0,00:00:35:08,,,,,,,,,,,,
,53414001,10/09/2018 21:49,10/09/2018 22:17,EURJPY,Sell,2.000,0.00000,0.00000,129.97400,129.88100,0.0000,0.0000,9.3,164.56,0.96,"",0,00:00:27:33,,,,,,,,,,,,
,53413962,10/09/2018 17:13,10/09/2018 21:49,EURJPY,Buy,2.000,0.00000,130.55000,129.60300,129.95300,0.0000,0.0000,35.0,619.42,3.76,"from #53413953",0,00:04:36:29,,,,,,,,,,,,
,53413953,10/09/2018 17:13,10/09/2018 21:48,EURJPY,Buy,2.000,0.00000,130.55000,129.60300,129.94600,0.0000,0.0000,34.3,607.03,3.82,"to #53413962",0,00:04:35:48,,,,,,,,,,,,
,53413943,10/09/2018 17:13,10/09/2018 21:48,EURJPY,Buy,3.000,0.00000,130.55000,129.60300,129.94800,0.0000,0.0000,34.5,915.86,6.12,"to #53413953",0,00:04:35:27,,,,,,,,,,,,
,53413928,10/09/2018 17:13,10/09/2018 21:47,EURJPY,Buy,3.000,0.00000,130.55000,129.60300,129.94000,0.0000,0.0000,33.7,894.66,6.36,"to #53413943",0,00:04:34:54,,,,,,,,,,,,
,53400584,10/09/2018 17:13,10/09/2018 21:47,EURJPY,Buy,10.000,0.00000,130.55000,129.60300,129.95000,0.0000,0.0000,34.7,3070.47,27.93,"to #53413928",0,00:04:34:27,,,,,,,,,,,,
,53413739,10/09/2018 21:36,10/09/2018 21:47,EURJPY,Buy,3.000,0.00000,0.00000,129.93100,129.95800,0.0000,0.0000,2.7,71.68,0.66,"",0,00:00:10:42,,,,,,,,,,,,
,53413301,10/09/2018 21:30,10/09/2018 21:44,EURJPY,Buy,5.000,0.00000,0.00000,129.94600,129.96000,0.0000,0.0000,1.4,61.94,0.57,"",0,00:00:14:21,,,,,,,,,,,,
,53408708,10/09/2018 17:51,10/09/2018 21:44,EURJPY,Buy,3.000,0.00000,0.00000,129.94700,129.95800,0.0000,0.0000,1.1,29.20,0.27,"from #53404736",0,00:03:53:05,,,,,,,,,,,,
,53409593,10/09/2018 19:17,10/09/2018 21:34,EURJPY,Buy,2.000,0.00000,0.00000,129.82900,129.93600,0.0000,0.0000,10.7,189.37,1.78,"",0,00:02:16:53,,,,,,,,,,,,
,53410200,10/09/2018 19:46,10/09/2018 21:25,EURJPY,Buy,2.000,0.00000,0.00000,129.82700,129.88800,0.0000,0.0000,6.1,107.96,1.02,"",0,00:01:38:44,,,,,,,,,,,,
,53412844,10/09/2018 21:08,10/09/2018 21:25,EURJPY,Buy,5.000,0.00000,0.00000,129.87800,129.89000,0.0000,0.0000,1.2,53.09,0.51,"",0,00:00:16:16,,,,,,,,,,,,
,53411535,10/09/2018 20:24,10/09/2018 20:28,EURJPY,Buy,8.000,0.00000,0.00000,129.85800,129.89400,0.0000,0.0000,3.6,254.80,2.49,"",0,00:00:04:12,,,,,,,,,,,,
,53409709,10/09/2018 19:21,10/09/2018 20:22,EURJPY,Buy,2.000,0.00000,0.00000,129.82400,129.82700,0.0000,0.0000,0.3,5.31,0.05,"",0,00:01:01:57,,,,,,,,,,,,
,53411048,10/09/2018 20:08,10/09/2018 20:22,EURJPY,Buy,3.000,0.00000,0.00000,129.75900,129.81500,0.0000,0.0000,5.6,148.64,1.48,"",0,00:00:14:22,,,,,,,,,,,,
,53409628,10/09/2018 19:19,10/09/2018 19:34,EURJPY,Buy,2.000,0.00000,0.00000,129.81900,129.86900,0.0000,0.0000,5.0,88.44,0.89,"",0,00:00:15:32,,,,,,,,,,,,
,53404736,10/09/2018 17:51,10/09/2018 18:55,EURJPY,Buy,2.000,0.00000,0.00000,129.94700,129.95300,0.0000,0.0000,0.6,10.60,0.11,"to #53408708",0,00:01:04:14,,,,,,,,,,,,
,53404820,10/09/2018 17:53,10/09/2018 18:51,EURJPY,Buy,2.000,0.00000,0.00000,129.90300,129.92500,0.0000,0.0000,2.2,38.90,0.39,"",0,00:00:58:18,,,,,,,,,,,,
,53404800,10/09/2018 17:53,10/09/2018 18:50,EURJPY,Buy,2.000,0.00000,0.00000,129.88600,129.91300,0.0000,0.0000,2.7,47.74,0.48,"",0,00:00:57:52,,,,,,,,,,,,
,53405462,10/09/2018 18:02,10/09/2018 18:37,EURJPY,Buy,2.000,0.00000,0.00000,129.75500,129.81700,0.0000,0.0000,6.2,109.70,1.12,"",0,00:00:34:28,,,,,,,,,,,,
,53405651,10/09/2018 18:07,10/09/2018 18:33,EURJPY,Buy,1.000,0.00000,0.00000,129.70000,129.79700,0.0000,0.0000,9.7,85.80,0.89,"",0,00:00:26:15,,,,,,,,,,,,
,53400705,10/09/2018 17:16,10/09/2018 18:33,EURJPY,Buy,1.000,0.00000,0.00000,129.69000,129.83100,0.0000,0.0000,14.1,124.69,1.30,"",0,00:01:16:45,,,,,,,,,,,,
,53405487,10/09/2018 18:03,10/09/2018 18:27,EURJPY,Buy,2.000,0.00000,0.00000,129.75200,129.75500,0.0000,0.0000,0.3,5.30,0.06,"",0,00:00:24:36,,,,,,,,,,,,
,53405643,10/09/2018 18:07,10/09/2018 18:27,EURJPY,Buy,1.000,0.00000,0.00000,129.69400,129.74800,0.0000,0.0000,5.4,47.76,0.50,"",0,00:00:20:46,,,,,,,,,,,,
,53400696,10/09/2018 17:16,10/09/2018 17:29,EURJPY,Buy,1.000,0.00000,0.00000,129.68600,130.03900,0.0000,0.0000,35.3,311.64,3.39,"",0,00:00:13:29,,,,,,,,,,,,
,53400632,10/09/2018 17:14,10/09/2018 17:29,EURJPY,Buy,1.000,0.00000,0.00000,129.64000,130.03000,0.0000,0.0000,39.0,344.28,3.89,"",0,00:00:14:49,,,,,,,,,,,,
,53400670,10/09/2018 17:15,10/09/2018 17:29,EURJPY,Buy,2.000,0.00000,0.00000,129.66400,130.05800,0.0000,0.0000,39.4,695.63,8.52,"",0,00:00:13:54,,,,,,,,,,,,
,53400641,10/09/2018 17:14,10/09/2018 17:27,EURJPY,Buy,0.500,0.00000,0.00000,129.64300,130.01700,0.0000,0.0000,37.4,165.16,2.07,"",0,00:00:12:19,,,,,,,,,,,,
,53400628,10/09/2018 17:14,10/09/2018 17:26,EURJPY,Buy,1.000,0.00000,0.00000,129.64000,130.00800,0.0000,0.0000,36.8,325.04,4.24,"",0,00:00:12:27,,,,,,,,,,,,
,53400614,10/09/2018 17:14,10/09/2018 17:26,EURJPY,Buy,1.000,0.00000,0.00000,129.62600,130.01000,0.0000,0.0000,38.4,339.17,4.63,"",0,00:00:12:35,,,,,,,,,,,,
,53400586,10/09/2018 17:13,10/09/2018 17:26,EURJPY,Buy,1.000,0.00000,0.00000,129.60800,130.01300,0.0000,0.0000,40.5,357.74,5.13,"",0,00:00:13:35,,,,,,,,,,,,
,53400778,10/09/2018 17:17,10/09/2018 17:24,EURJPY,Buy,1.000,0.00000,0.00000,129.82300,129.91800,0.0000,0.0000,9.5,83.92,1.22,"",0,00:00:06:49,,,,,,,,,,,,
,53400006,10/09/2018 16:59,10/09/2018 17:24,EURJPY,Buy,0.500,0.00000,0.00000,129.65200,129.90600,0.0000,0.0000,25.4,112.19,1.66,"",0,00:00:25:04,,,,,,,,,,,,
,53399816,10/09/2018 16:52,10/09/2018 17:24,EURJPY,Buy,3.000,0.00000,0.00000,129.63200,129.90800,0.0000,0.0000,27.6,731.42,12.10,"",0,00:00:31:14,,,,,,,,,,,,
,53400580,10/09/2018 17:12,,,Deposit,0.010,0.00000,0.00000,0.00000,0.00000,0.0000,0.0000,0.0,1750.00,0,"Tradable 50% - #53400579",0,00:00:00:00,,,,,,,,,,,,
,53400579,10/09/2018 17:12,,,Deposit,0.010,0.00000,0.00000,0.00000,0.00000,0.0000,0.0000,0.0,3500.00,0,"Deposit LPB-CC-BZ USD #4706086",0,00:00:00:00,,,,,,,,,,,,
,53399801,10/09/2018 16:52,,,Withdrawal,0.010,0.00000,0.00000,0.00000,0.00000,0.0000,0.0000,0.0,-1750.00,0,"Cancellation of #53399112",0,00:00:00:00,,,,,,,,,,,,
,53399739,10/09/2018 16:50,,,Deposit,0.010,0.00000,0.00000,0.00000,0.00000,0.0000,0.0000,0.0,500.00,0,"Tradable 50% - #53399738",0,00:00:00:00,,,,,,,,,,,,
,53399738,10/09/2018 16:50,,,Deposit,0.010,0.00000,0.00000,0.00000,0.00000,0.0000,0.0000,0.0,1000.00,0,"Deposit CARDPAY USD #4706001",0,00:00:00:00,,,,,,,,,,,,
,53399130,10/09/2018 16:34,10/09/2018 16:49,EURJPY,Buy,1.000,0.00000,0.00000,129.77800,129.55100,0.0000,0.0000,-22.7,-200.57,-16.09,"[stopout]",0,00:00:15:39,,,,,,,,,,,,
,53399128,10/09/2018 16:34,10/09/2018 16:49,EURJPY,Buy,2.000,0.00000,0.00000,129.78000,129.55100,0.0000,0.0000,-22.9,-404.68,-24.51,"[stopout]",0,00:00:15:50,,,,,,,,,,,,
,53399126,10/09/2018 16:34,10/09/2018 16:49,EURJPY,Buy,2.000,0.00000,0.00000,129.75000,129.55100,0.0000,0.0000,-19.9,-351.67,-17.56,"[stopout]",0,00:00:15:56,,,,,,,,,,,,
,53399119,10/09/2018 16:33,10/09/2018 16:49,EURJPY,Buy,3.000,0.00000,0.00000,129.74100,129.55100,0.0000,0.0000,-19.0,-503.64,-20.09,"[stopout]",0,00:00:16:18,,,,,,,,,,,,
,53399117,10/09/2018 16:33,10/09/2018 16:49,EURJPY,Buy,15.000,0.00000,0.00000,129.75800,129.55100,0.0000,0.0000,-20.7,-2743.51,-52.26,"[stopout]",0,00:00:16:25,,,,,,,,,,,,
,53399112,10/09/2018 16:33,,,Deposit,0.010,0.00000,0.00000,0.00000,0.00000,0.0000,0.0000,0.0,1750.00,0,"Tradable 50% - #53399111",0,00:00:00:00,,,,,,,,,,,,
,53399111,10/09/2018 16:33,,,Deposit,0.010,0.00000,0.00000,0.00000,0.00000,0.0000,0.0000,0.0,3500.00,0,"Deposit CARDPAY USD #4705939",0,00:00:00:00,,,,,,,,,,,,
,53395018,10/09/2018 14:49,,,Withdrawal,0.010,0.00000,0.00000,0.00000,0.00000,0.0000,0.0000,0.0,-980.95,0,"Cancellation of #53393768",0,00:00:00:00,,,,,,,,,,,,
,53393811,10/09/2018 14:14,10/09/2018 14:48,EURJPY,Buy,1.000,0.00000,0.00000,129.60900,129.37200,0.0000,0.0000,-23.7,-209.47,-17.60,"[stopout]",0,00:00:34:44,,,,,,,,,,,,
,53393805,10/09/2018 14:13,10/09/2018 14:48,EURJPY,Buy,3.000,0.00000,0.00000,129.60900,129.37200,0.0000,0.0000,-23.7,-628.43,-34.55,"[stopout]",0,00:00:34:52,,,,,,,,,,,,
,53393793,10/09/2018 14:13,10/09/2018 14:48,EURJPY,Buy,3.000,0.00000,0.00000,129.60600,129.37200,0.0000,0.0000,-23.4,-620.47,-25.44,"[stopout]",0,00:00:35:17,,,,,,,,,,,,
,53393774,10/09/2018 14:12,10/09/2018 14:48,EURJPY,Buy,15.000,0.00000,0.00000,129.58400,129.37200,0.0000,0.0000,-21.2,-2810.68,-53.54,"[stopout]",0,00:00:35:56,,,,,,,,,,,,
,53393768,10/09/2018 14:12,,,Deposit,0.010,0.00000,0.00000,0.00000,0.00000,0.0000,0.0000,0.0,1750.00,0,"Tradable 50% - #53393767",0,00:00:00:00,,,,,,,,,,,,
,53393767,10/09/2018 14:12,,,Deposit,0.010,0.00000,0.00000,0.00000,0.00000,0.0000,0.0000,0.0,3500.00,0,"Deposit CARDPAY USD #4705489",0,00:00:00:00,,,,,,,,,,,,
,53380784,10/09/2018 09:32,,,Withdrawal,0.010,0.00000,0.00000,0.00000,0.00000,0.0000,0.0000,0.0,-414.45,0,"Cancellation of #53375868",0,00:00:00:00,,,,,,,,,,,,
,53375924,10/09/2018 05:50,10/09/2018 09:29,EURJPY,Buy,1.000,0.00000,0.00000,130.07000,129.82800,0.0000,0.0000,-24.2,-213.87,-34.04,"[stopout]",0,00:03:39:29,,,,,,,,,,,,
,53375894,10/09/2018 05:45,10/09/2018 09:29,EURJPY,Buy,1.000,0.00000,0.00000,130.03400,129.82800,0.0000,0.0000,-20.6,-182.05,-22.47,"[stopout]",0,00:03:44:45,,,,,,,,,,,,
,53375883,10/09/2018 05:45,10/09/2018 09:29,EURJPY,Buy,3.000,0.00000,0.00000,130.03100,129.82800,0.0000,0.0000,-20.3,-538.20,-39.91,"[stopout]",0,00:03:44:51,,,,,,,,,,,,
,53375878,10/09/2018 05:44,10/09/2018 09:29,EURJPY,Buy,5.000,0.00000,0.00000,130.03200,129.82800,0.0000,0.0000,-20.4,-901.43,-40.06,"[stopout]",0,00:03:45:00,,,,,,,,,,,,
,53375868,10/09/2018 05:43,,,Deposit,0.010,0.00000,0.00000,0.00000,0.00000,0.0000,0.0000,0.0,750.00,0,"Tradable 50% - #53375867",0,00:00:00:00,,,,,,,,,,,,
,53375867,10/09/2018 05:43,,,Deposit,0.000,0.00000,0.00000,0.00000,0.00000,0.0000,0.0000,0.0,1500.00,0,"Deposit BLINGSPAY USD #4704273",0,00:00:00:00,,,,,,,,,,,,

