trading_day_utc,label_traded,feature_close,feature_sma_120,feature_sma_240,feature_above_sma_120,feature_above_sma_240,feature_trend_label,feature_volume_backed_candle,feature_resistance,feature_support,feature_distance_to_resistance_pct,feature_distance_to_support_pct,feature_trendline_slope,feature_trendline_r_squared,feature_trendline_price_above,sample_weight
2021-01-03,0,1913.035,1896.182125,1830.3818,True,True,偏多,False,1965.415,1764.245,0.02738057589118860867678845395,0.07777693560232823759105296035,3.583918796992481203007518797,0.7826341287412834197897476743,True,0.578183
2021-01-04,0,1941.668,1896.162708333333333333333333,1831.698133333333333333333333,True,True,偏多,True,1965.415,1764.245,0.01223020619384982396578611792,0.09137658961264232608252286179,4.069159398496240601503759398,0.7657323603570063822027725440,True,0.578183
2021-01-05,0,1950.108,1896.309983333333333333333333,1833.047966666666666666666667,True,True,偏多,False,1965.415,1764.245,0.007849308858791410527006709372,0.09530908031760292250480486209,4.549294736842105263157894737,0.7643362415873712884433626100,True,0.578183
2021-01-06,0,1923.985,1895.81215,1834.2879125,True,True,偏多,False,1965.415,1764.245,0.02153343191345046868868520285,0.08302559531389277982936457405,4.524447368421052631578947368,0.7619520603063817307140741582,False,0.578183
2021-01-07,0,1916.425,1895.072733333333333333333333,1835.5394,True,True,偏多,False,1965.415,1764.245,0.02556322318901078831678776889,0.07940827321705780294037074240,4.246431578947368421052631579,0.7305550211240174661799732186,False,0.578183
2021-01-08,0,1848.508,1894.4139,1836.663858333333333333333333,False,True,盤整,False,1959.225,1764.245,0.05989533180272955269871701935,0.04558433071428416863762558777,2.712245112781954887218045113,0.3433621783503441452394339377,False,0.578183
2021-01-10,0,1844.665,1893.514208333333333333333333,1837.7207625,False,True,盤整,False,1959.225,1764.245,0.06210341715162373655921264837,0.04359599168412692819563443769,1.485750375939849624060150376,0.0987447758412576846029525121,False,0.578183
2021-01-11,0,1847.175,1892.74385,1838.698679166666666666666667,False,True,盤整,True,1959.225,1764.245,0.06066019732835275488245564172,0.04489558379687901795985762042,0.4982105263157894736842105263,0.0103182948069528149758224100,False,0.578183
2021-01-12,0,1858.745,1892.108183333333333333333333,1839.70575,False,True,盤整,False,1959.225,1764.245,0.05405797998111629083064110462,0.05084075545596625680230478091,0.004219548872180451127819548872,0.0000007042735805652435944820,False,0.578183
2021-01-13,0,1848.265,1891.430516666666666666666667,1840.6603625,False,True,盤整,False,1959.225,1764.245,0.06003468117396585446351037324,0.04545884924510283969019594052,-0.6449345864661654135338345865,0.0151829300613331391927746989,False,0.578183
2021-01-14,0,1846.758,1890.740458333333333333333333,1841.434354166666666666666667,False,True,盤整,False,1959.225,1764.245,0.06089969557462320455630894790,0.04467992016279339252896156399,-1.232893233082706766917293233,0.0514832071387865960648508983,False,0.578183
2021-01-15,0,1827.478,1889.692125,1842.184895833333333333333333,False,False,偏空,False,1959.225,1764.245,0.07209224953734053159600279730,0.03460123733363684815904760550,-2.104976691729323308270676692,0.1302613891980054376303368637,False,0.578183
2021-01-17,0,1810.325,1888.7126,1842.865133333333333333333333,False,False,偏空,False,1959.225,1764.245,0.08225042464750804413572148647,0.02545399306754312071036968500,-3.378821804511278195488721805,0.2793251751220256952322591288,False,0.578183
2021-01-18,0,1837.185,1887.652241666666666666666667,1843.511120833333333333333333,False,False,偏空,False,1959.225,1764.245,0.06642771413875031638076731521,0.03970204415995122973462117315,-4.055657142857142857142857143,0.3801889544766630832395564805,False,0.578183
2021-01-19,0,1840.785,1886.550575,1844.157025,False,False,偏空,False,1959.225,1764.245,0.06434211491293116795280274448,0.04158008675646531235315368172,-4.523753383458646616541353383,0.4541746795424256454877332634,True,0.578183
2021-01-20,0,1869.815,1885.734383333333333333333333,1844.793720833333333333333333,False,True,盤整,True,1959.225,1764.245,0.04781756483930228391578846036,0.05646013108248677008153213018,-4.377802255639097744360902256,0.4278750515403970245499394995,True,0.578183
2021-01-21,0,1869.431,1884.875741666666666666666667,1845.395191666666666666666667,False,True,盤整,False,1959.225,1764.245,0.04803279714522761203810143300,0.05626631846802583245918143007,-4.391312030075187969924812030,0.4304268118826551645372573764,True,0.578183
2021-01-22,0,1855.198,1884.130991666666666666666667,1845.977358333333333333333333,False,True,盤整,False,1959.225,1764.245,0.05607326010485134201308970794,0.04902603387886360377706314905,-4.564946616541353383458646617,0.4609472458687968940131536496,True,0.578183
2021-01-24,0,1856.742,1883.538383333333333333333333,1846.5665,False,True,盤整,False,1959.225,1764.245,0.05519506748918266511987125837,0.04981682969416321707593192808,-4.423561654135338345864661654,0.4380750754167943219548572740,True,0.578183
2021-01-25,0,1855.395,1882.889191666666666666666667,1847.2889875,False,True,盤整,False,1959.225,1764.245,0.05596112957079220327746921814,0.04912700530075805960455859803,-4.199916541353383458646616541,0.4034576366217160283207778823,True,0.578183
2021-01-26,0,1851.245,1882.197775,1848.021891666666666666666667,False,True,盤整,False,1959.225,1764.245,0.05832831418855959097796347863,0.04699540039270869063792204705,-3.730737593984962406015037594,0.3409595932734015098955571191,True,0.578183
2021-01-27,0,1839.817,1881.44235,1848.6425125,False,False,偏空,False,1959.225,1764.245,0.06490210711173991761137113093,0.04107582438905608546937005148,-2.879798496240601503759398496,0.2579195237914566267347834794,True,0.578183
2021-01-28,0,1843.775,1880.722908333333333333333333,1849.2939875,False,False,偏空,True,1959.225,1764.245,0.06261610012067632981247711895,0.04313433038196092256376184730,-1.685893984962406015037593985,0.1460612507724008988289245470,True,0.578183
2021-01-29,0,1847.048,1879.887575,1849.858529166666666666666667,False,False,偏空,True,1959.225,1776.75,0.06073312658902205032029487052,0.03805964977629168272833191124,-0.6978015037593984962406015038,0.0410661496779988940141732419,True,0.578183
2021-01-31,0,1855.897,1879.154983333333333333333333,1850.390441666666666666666667,False,True,盤整,False,1959.225,1802.948,0.05567550354356949766069992031,0.02853013933424107049044208811,0.4130315789473684210526315789,0.0332318209432081688171884053,True,0.578183
2021-02-01,1,1857.585,1878.477125,1850.9316375,False,True,盤整,True,1959.225,1802.948,0.05471620410371530777864808340,0.02941292053930237378101136691,0.5666248120300751879699248120,0.0608893635337772507690018144,True,3.697619
2021-02-02,1,1836.325,1877.590375,1851.395708333333333333333333,False,False,偏空,False,1959.225,1802.948,0.06692715069500224633439069881,0.01817597647475256286332757001,0.3421751879699248120300751880,0.0214435630834842834907098067,False,3.697619
2021-02-03,0,1834.225,1876.566266666666666666666667,1851.915779166666666666666667,False,False,偏空,False,1959.225,1802.948,0.06814867314533386034973899058,0.01705188839973285720127029127,0.1398984962406015037593984962,0.0034203855728174064052441907,False,0.578183
2021-02-04,0,1795.775,1875.2491,1852.294945833333333333333333,False,False,偏空,False,1959.225,1784.888,0.09101919783937297267196614275,0.006062563517144408403057175871,-0.4095060150375939849624060150,0.0182641815103691820100062447,False,0.578183
2021-02-05,0,1814.048,1874.03535,1852.714,False,False,偏空,False,1959.225,1784.888,0.08002930462699994707968036127,0.01607454709026442519712819065,-0.7686496240601503759398496241,0.0567524037596229663699874596,False,0.578183
2021-02-07,0,1817.885,1872.959241666666666666666667,1853.255791666666666666666667,False,False,偏空,False,1959.225,1784.888,0.07774969263732304298676758981,0.01815131320188020694378357267,-1.045319548872180451127819549,0.0974804684049623071181052537,False,0.578183
2021-02-08,0,1830.378,1871.964741666666666666666667,1853.803958333333333333333333,False,False,偏空,False,1959.225,1784.888,0.07039365639228618350963571459,0.02485278997015916930819754171,-1.404521052631578947368421053,0.1776358974927439301513217856,True,0.578183
2021-02-09,0,1836.035,1871.0288,1854.3735,False,False,偏空,False,1959.225,1784.888,0.06709567083416165813832524979,0.02785731208827718425847001827,-1.958106015037593984962406015,0.3960144469901345027270631440,True,0.578183
2021-02-10,0,1841.925,1870.403025,1854.950208333333333333333333,False,False,偏空,False,1959.225,1784.888,0.06368337473024145934280711755,0.03096597309879609647515506875,-2.042104511278195488721804511,0.4324980989556581181732205827,True,0.578183
2021-02-11,0,1826.665,1869.757416666666666666666667,1855.4629875,False,False,偏空,False,1959.225,1784.888,0.07256940927865810096542058889,0.02287064130532965814749830976,-2.294388721804511278195488722,0.5265100236364439032519227338,True,0.578183
2021-02-12,0,1823.648,1869.497666666666666666666667,1856.021291666666666666666667,False,False,偏空,False,1959.225,1784.888,0.07434384267139272491182508905,0.02125410166874309077190334977,-2.110171428571428571428571429,0.4867616713667186870657593653,True,0.578183
2021-02-14,0,1820.762,1869.106391666666666666666667,1856.465641666666666666666667,False,False,偏空,False,1959.225,1784.888,0.07604673208250172180658427625,0.01970273984189037337114900245,-1.903821804511278195488721805,0.4450797561338515399204795758,True,0.578183
2021-02-15,0,1818.595,1868.753033333333333333333333,1856.953920833333333333333333,False,False,偏空,False,1959.225,1784.888,0.07732892700133894572458408827,0.01853463800351370151133154991,-1.879974436090225563909774436,0.4387017219758921758229309900,True,0.578183
2021-02-16,0,1788.265,1868.134841666666666666666667,1857.2958375,False,False,偏空,False,1959.225,1784.888,0.09560104346950815455203786911,0.001888422577190740745918529972,-2.209991729323308270676691729,0.4734390721160623889073833710,False,0.578183
2021-02-17,0,1778.085,1867.26515,1857.6304625,False,False,偏空,False,1959.225,1769.418,0.1018736449607302238081981458,0.004874345152228380532989142814,-2.603733082706766917293233083,0.5074362233532668724051949565,False,0.578183
2021-02-18,0,1771.446,1866.221633333333333333333333,1857.917883333333333333333333,False,False,偏空,False,1959.225,1768.305,0.1060032312585311660643338832,0.001773127716001503856171737665,-3.041587969924812030075187970,0.5488994900680554291983073841,False,0.578183
2021-02-19,0,1783.398,1865.353883333333333333333333,1858.189383333333333333333333,False,False,偏空,False,1959.225,1760.44,0.09859100436358008700245262134,0.01287317805672093385772553294,-3.369143609022556390977443609,0.6069399099470313888172598252,False,0.578183
2021-02-21,0,1783.151,1864.353575,1858.399645833333333333333333,False,False,偏空,False,1959.225,1760.44,0.09874317991017025479053652775,0.01273644239887704406413141680,-3.552892481203007518796992481,0.6370067458127742596858182930,False,0.578183
2021-02-22,0,1810.335,1863.6158,1858.685925,False,False,偏空,False,1959.225,1760.44,0.08224444646985226491229523817,0.02756119723697547691449372630,-3.205455639097744360902255639,0.5541849965901521868355437475,True,0.578183
2021-02-23,0,1805.705,1862.805716666666666666666667,1858.884370833333333333333333,False,False,偏空,False,1959.225,1760.44,0.08501942454609141581819843219,0.02506777131369742012122688922,-2.729233082706766917293233083,0.4612096048597666104345042739,True,0.578183
2021-02-24,0,1802.965,1861.890883333333333333333333,1859.1690375,False,False,偏空,False,1959.225,1760.44,0.08666834908054232888602940157,0.02358614837226457529680276655,-2.190024060150375939849624060,0.3632050833283048283359841284,True,0.578183
2021-02-25,0,1769.775,1860.9728,1859.268108333333333333333333,False,False,偏空,False,1959.225,1760.44,0.1070475060389032504131881171,0.005274681809834583492251839923,-2.378506766917293233082706767,0.3912489071726172628077281442,False,0.578183
2021-02-26,0,1733.188,1859.692133333333333333333333,1859.2087875,False,False,偏空,False,1959.225,1717.09,0.1304168964936290812075781739,0.009288086462634174711571970265,-3.022743609022556390977443609,0.4357425639936132905395864364,False,0.578183
2021-02-28,0,1739.085,1858.390858333333333333333333,1859.263858333333333333333333,False,False,偏空,False,1959.225,1717.09,0.1265838070019579261508206902,0.01264745541477271093707323104,-4.037907518796992481203007519,0.6101208145393667198756220095,False,0.578183
2021-03-01,0,1724.905,1856.684916666666666666666667,1859.227429166666666666666667,False,False,偏空,False,1959.225,1717.09,0.1358451624872094405199126908,0.004530684298555572625738808804,-4.881873684210526315789473684,0.6959041812469834730814857095,False,0.578183
2021-03-02,0,1736.416,1855.080066666666666666666667,1859.252045833333333333333333,False,False,偏空,False,1959.225,1707.066,0.1283154497539760057497742476,0.01690263162744411477433978954,-5.366763157894736842105263158,0.7540335800581675921643065864,False,0.578183
2021-03-03,0,1710.374,1853.291391666666666666666667,1859.184154166666666666666667,False,False,偏空,False,1959.225,1701.797,0.1454950788540985772702344633,0.005014692692943180848165372018,-5.903913533834586466165413534,0.7807683666326646486804331668,False,0.578183
2021-03-04,0,1694.195,1851.631975,1859.106683333333333333333333,False,False,偏空,False,1959.225,1690.258,0.1564341767033901056253855076,0.002323817506249280631804485316,-6.402414285714285714285714286,0.7926434004828609553736583172,False,0.578183
2021-03-05,0,1699.398,1849.97525,1859.0586,False,False,偏空,False,1927.518,1687.138,0.1342357705493357059382204757,0.007214319423701804992120739226,-6.520293233082706766917293233,0.7962318057373225885683853797,False,0.578183
2021-03-07,0,1707.685,1848.320058333333333333333333,1859.0001,False,False,偏空,False,1916.548,1687.138,0.1223076855509066367626347951,0.01203207851565130571504697880,-6.546407518796992481203007519,0.7979789832540960011517421142,True,0.578183
2021-03-08,0,1684.554,1846.533275,1858.816179166666666666666667,False,False,偏空,False,1875.522,1676.696,0.1133641308025744499731086092,0.004664736185364197289015371428,-6.771684210526315789473684211,0.8067726348035280022613420912,False,0.578183
2021-03-09,0,1715.744,1844.992075,1858.716341666666666666666667,False,False,偏空,False,1875.522,1676.696,0.09312461532722830445567637130,0.02275863998358729507432344219,-6.387793984962406015037593985,0.7727001976542149460471313374,True,0.578183
2021-03-10,0,1726.584,1843.522566666666666666666667,1858.653616666666666666666667,False,False,偏空,False,1875.522,1676.696,0.08626165885934307279576319484,0.02889404743702015077169717778,-5.725340601503759398496240602,0.7017425193372955481542698999,True,0.578183
2021-03-11,0,1722.595,1841.955208333333333333333333,1858.637533333333333333333333,False,False,偏空,False,1875.522,1676.696,0.08877710663272562616285313727,0.02664526484751203852327447833,-5.460405263157894736842105263,0.6629940793692192106983976609,True,0.578183
2021-03-12,0,1726.958,1840.336041666666666666666667,1858.747991666666666666666667,False,False,偏空,False,1875.522,1676.696,0.08602641175986908772535290378,0.02910435575155852082100433247,-5.195126315789473684210526316,0.6188016420553332182580943657,True,0.578183
2021-03-14,0,1725.235,1838.838683333333333333333333,1858.802229166666666666666667,False,False,偏空,False,1875.522,1676.696,0.08711103125081510634783087521,0.02813471787901358365671922955,-4.982405263157894736842105263,0.5822874689427335322007387695,True,0.578183
2021-03-15,0,1730.618,1837.416683333333333333333333,1858.9933125,False,False,偏空,False,1875.522,1676.696,0.08372962721987174523782833647,0.03115765582005965499029826339,-4.434578195488721804511278195,0.4948405128960341708420788484,True,0.578183
2021-03-16,0,1731.585,1836.026433333333333333333333,1859.203104166666666666666667,False,False,偏空,False,1875.522,1676.696,0.08312442068971491437036010360,0.03169870378872535855877707418,-3.797468421052631578947368421,0.3955692218677464100020424251,True,0.578183
2021-03-17,0,1748.384,1834.745066666666666666666667,1859.416420833333333333333333,False,False,偏空,False,1875.522,1676.696,0.07271743507147171330783168915,0.04100243424785401833922067463,-2.413609022556390977443609023,0.2089299872985221850310318130,True,0.578183
2021-03-18,0,1735.114,1833.327975,1859.50775,False,False,偏空,False,1875.522,1676.696,0.08092148412150440835587748125,0.03366810480464107833836854524,-1.199266917293233082706766917,0.0744800374664169103312555933,True,0.578183
2021-03-19,0,1744.858,1832.205833333333333333333333,1859.547054166666666666666667,False,False,偏空,False,1875.522,1676.696,0.07488517690264766531144654751,0.03906449693900592483743662808,0.2171639097744360902255639098,0.0042563440370111434241837695,True,0.578183
2021-03-21,0,1738.088,1831.120358333333333333333333,1859.594483333333333333333333,False,False,偏空,False,1875.522,1676.696,0.07907194572426712571515366311,0.03532157175010701414427808028,1.100206766917293233082706767,0.1461571651681956842397964353,True,0.578183
2021-03-22,0,1739.198,1829.960025,1859.633941666666666666666667,False,False,偏空,False,1875.522,1676.696,0.07838325481055061010879727323,0.03593725383768840580543445887,1.469066917293233082706766917,0.2537946916495639815485021855,True,0.578183
2021-03-23,0,1727.045,1828.710191666666666666666667,1859.610679166666666666666667,False,False,偏空,False,1875.522,1676.696,0.08597170311138389561360589909,0.02915326468042233989270690688,1.748385714285714285714285714,0.3742814229154573722832257081,False,0.578183
2021-03-24,0,1734.498,1827.374941666666666666666667,1859.654304166666666666666667,False,False,偏空,False,1875.522,1676.696,0.08130536904626007063715265166,0.03332491591226971723230583143,1.928386466165413533834586466,0.4458878616634799602929660571,False,0.578183
2021-03-25,0,1727.218,1825.815466666666666666666667,1859.65765,False,False,偏空,False,1875.522,1676.696,0.08586293102549880790959797779,0.02925050572654986226405699802,2.171714285714285714285714286,0.5811081633182856361024242895,False,0.578183
2021-03-26,0,1731.808,1824.374575,1859.6755375,False,False,偏空,False,1875.522,1676.696,0.08298494983277591973244147157,0.03182338919787874868345682662,2.083255639097744360902255639,0.5475234916743965533141626536,False,0.578183
2021-03-28,0,1731.015,1822.58255,1859.708191666666666666666667,False,False,偏空,False,1875.522,1676.696,0.08348107902011247736154799352,0.03137985517167673301502297785,1.695778947368421052631578947,0.4424219355697693141117435110,False,0.578183
2021-03-29,0,1711.858,1820.59555,1859.577316666666666666666667,False,False,偏空,False,1871.636,1676.696,0.09333601268329499292581510850,0.02054025509125172765498072854,1.061415037593984962406015038,0.1973236953934236797497252085,False,0.578183
2021-03-30,0,1685.398,1818.319908333333333333333333,1859.312204166666666666666667,False,False,偏空,False,1871.636,1676.696,0.1105009024574610863428104222,0.005163172140942376815446559210,0.1611616541353383458646616541,0.0033662177415217956169296809,False,0.578183
2021-03-31,0,1707.358,1816.958575,1859.112204166666666666666667,False,False,偏空,False,1863.975,1676.696,0.09173061537182008694134446320,0.01795874093189594683716010350,-0.7570894736842105263157894737,0.1019570132278587940313185272,False,0.578183
2021-04-01,0,1728.805,1815.7278,1858.946620833333333333333333,False,False,偏空,False,1855.232,1676.696,0.07312970520099143628113060756,0.03014162962277411275418569474,-0.9107729323308270676691729323,0.1530146103333633759191711419,True,0.578183
2021-04-04,0,1727.968,1814.58205,1858.805175,False,False,偏空,False,1855.232,1676.696,0.07364951202800051852812089113,0.02967184577492175781032982092,-0.9248962406015037593984962406,0.1578539009966428423030940970,True,0.578183
2021-04-05,0,1729.308,1813.362383333333333333333333,1858.653341666666666666666667,False,False,偏空,False,1855.232,1676.696,0.07281756633289153811813742838,0.03042373018571590485905344797,-0.9849421052631578947368421053,0.1803570609974680996387782805,True,0.578183
2021-04-06,0,1743.155,1812.152941666666666666666667,1858.537745833333333333333333,False,False,偏空,False,1855.232,1676.696,0.06429548720567017849818289251,0.03812569737057232431998301930,-0.7883789473684210526315789474,0.1090957674904901297365458032,True,0.578183
2021-04-07,0,1736.728,1810.872383333333333333333333,1858.394079166666666666666667,False,False,偏空,False,1855.232,1676.696,0.06823405852845120249112123487,0.03456614967916680101892754651,-0.7351917293233082706766917293,0.0938651025047103461887905419,True,0.578183
2021-04-08,0,1754.055,1809.741608333333333333333333,1858.315108333333333333333333,False,False,偏空,False,1855.232,1676.696,0.05768177166622483331480483793,0.04410295002152156004230198027,-0.3667639097744360902255639098,0.0203140137461811455079816247,True,0.578183
2021-04-09,0,1743.028,1808.57905,1858.149358333333333333333333,False,False,偏空,False,1855.232,1676.696,0.06437303359441156424337417414,0.03805561356444073187579315995,-0.1758398496240601503759398496,0.0045202217592988085634093120,True,0.578183
2021-04-11,0,1741.678,1807.499325,1858.039233333333333333333333,False,False,偏空,False,1847.402,1676.696,0.06070238011848343953359920720,0.03730999645169773057936082330,0.2438383458646616541353383459,0.0090651645143106218575349492,True,0.578183
2021-04-12,0,1731.868,1806.4066,1857.857358333333333333333333,False,False,偏空,False,1830.615,1676.696,0.05701762489981915480856508695,0.03185693135966482433996124416,0.3239315789473684210526315789,0.0160621306135012150719995370,False,0.578183
2021-04-13,0,1746.545,1805.375158333333333333333333,1857.739554166666666666666667,False,False,偏空,False,1826.915,1676.696,0.04601656413089843090215253543,0.03999267124522986811104208595,0.7724300751879699248120300752,0.0902846584409717441578237310,True,0.578183
2021-04-14,0,1736.538,1804.246325,1857.578220833333333333333333,False,False,偏空,False,1826.915,1676.696,0.05204435491765800690799740633,0.03446051857200936576107174159,0.9685398496240601503759398496,0.1426043641162905646724422538,False,0.578183
2021-04-15,0,1763.845,1803.649491666666666666666667,1857.486958333333333333333333,False,False,偏空,False,1826.375,1676.696,0.03545096082705679920854723629,0.04940853646437186941029398842,1.574606766917293233082706767,0.3071627265838110177920122601,True,0.578183
2021-04-16,0,1775.748,1803.371908333333333333333333,1857.409720833333333333333333,False,False,偏空,False,1815.875,1676.696,0.02259723789636817836765126583,0.05578043731430360614231298585,2.121763909774436090225563910,0.4192977737961020050165131523,True,0.578183
2021-04-18,0,1776.675,1803.1093,1857.2748875,False,False,偏空,False,1815.875,1676.696,0.02206368638045787777730873683,0.05627309440387240209942730100,2.726605263157894736842105263,0.5594906553772490174487660284,True,0.578183
2021-04-19,0,1772.005,1802.799775,1857.142625,False,False,偏空,False,1815.875,1676.696,0.02475726648626837960389502287,0.05378596561522117601248303475,3.086360902255639097744360902,0.6393467104888238820257231891,True,0.578183
2021-04-20,0,1776.838,1802.718025,1857.054083333333333333333333,False,False,偏空,False,1815.875,1676.696,0.02196992635231799409963091739,0.05635966812956499129352253835,3.520284210526315789473684211,0.7353252398997271693875912018,True,0.578183
2021-04-21,0,1793.468,1802.775108333333333333333333,1857.027166666666666666666667,False,False,偏空,False,1815.875,1676.696,0.01249367147894470378060829633,0.06510960886951983531348203592,4.111543609022556390977443609,0.8227959619786442365469074025,True,0.578183
2021-04-22,0,1783.048,1802.811133333333333333333333,1856.947333333333333333333333,False,False,偏空,False,1815.875,1676.696,0.01841060924888169022931519510,0.05964617890264311448710298321,4.157552631578947368421052632,0.8281117030147062224594358102,False,0.578183
2021-04-23,0,1776.818,1802.525075,1856.8125,False,False,偏空,False,1813.745,1676.696,0.02078265753723791632007329957,0.05634904644144757651036853521,3.589719548872180451127819549,0.8217144189127057383553075498,False,0.578183
2021-04-25,0,1774.798,1802.061016666666666666666667,1856.653583333333333333333333,False,False,偏空,False,1804.105,1676.696,0.01651286512605941633921156098,0.05527502284767055180364187924,3.202292481203007518796992481,0.7846479387191609174365887649,False,0.578183
2021-04-26,0,1779.975,1801.563158333333333333333333,1856.5778625,False,False,偏空,False,1797.748,1676.696,0.009984971699040716864000898889,0.05802272503827300945237994916,3.126045864661654135338345865,0.7707366650424501909517690585,False,0.578183
2021-04-27,0,1775.385,1801.039633333333333333333333,1856.436766666666666666666667,False,False,偏空,False,1797.748,1676.696,0.01259614111868693269347212013,0.05558737963878257392058623904,2.894064661654135338345864662,0.7233445532898389134292272990,False,0.578183
2021-04-28,0,1783.805,1800.610141666666666666666667,1856.3327125,False,False,偏空,False,1797.748,1676.696,0.007816437334798366413369174321,0.06004524037100467820193350731,2.732223308270676691729323308,0.6978621536286277623229223599,False,0.578183
2021-04-29,0,1773.068,1799.85325,1856.146295833333333333333333,False,False,偏空,False,1797.748,1676.696,0.01391937590662061466339700451,0.05435324533520428996519028035,2.553682706766917293233082707,0.6416734822281342411667011384,False,0.578183
2021-04-30,0,1768.428,1799.006858333333333333333333,1855.8353375,False,False,偏空,False,1797.748,1676.696,0.01657969677023887882345224120,0.05187205812167642674737111152,2.162395488721804511278195489,0.5240591694786119021814582615,False,0.578183
2021-05-02,0,1768.985,1798.462916666666666666666667,1855.4147125,False,False,偏空,False,1797.748,1676.696,0.01625960649751128471976868091,0.05217059500221878647925222656,2.004980451127819548872180451,0.4627250768141342132749390753,False,0.578183
2021-05-03,0,1792.468,1798.09575,1855.0262125,False,False,偏空,False,1797.798,1676.696,0.002973553781713257921480327682,0.06458804285487941765208639708,1.986475187969924812030075188,0.4590573249546344250882651434,True,0.578183
2021-05-04,0,1778.588,1797.592333333333333333333333,1854.515754166666666666666667,False,False,偏空,False,1798.878,1676.696,0.01140792583779942291300739688,0.05728814092977125674973630768,1.674022556390977443609022556,0.3765186548008206775426449614,False,0.578183
2021-05-05,0,1785.178,1797.153,1853.980933333333333333333333,False,False,偏空,False,1798.878,1676.696,0.007674304747201679608420000695,0.06076816989678340199128602302,1.245314285714285714285714286,0.3006984247309024654840485129,False,0.578183
2021-05-06,0,1814.638,1797.04775,1853.354779166666666666666667,True,False,盤整,False,1817.948,1677.788,0.001824055266119192918918263588,0.07541449038320590663261763503,1.389039849624060150375939850,0.3144433807378011777059685488,True,0.578183
2021-05-07,0,1830.618,1796.867441666666666666666667,1852.832529166666666666666667,True,False,盤整,True,1843.175,1677.788,0.006859432169901093510497547823,0.08348546774914263926171380375,1.500650375939849624060150376,0.3133780239321541978812593988,True,0.578183
2021-05-09,0,1836.155,1796.632108333333333333333333,1852.28985,True,False,盤整,False,1843.175,1677.788,0.003823206646497708526785592720,0.08624925455639638265832677525,1.981050375939849624060150376,0.3681636332882307561604118438,True,0.578183
2021-05-10,0,1836.085,1796.236608333333333333333333,1851.786891666666666666666667,True,False,盤整,False,1845.296,1677.788,0.005016652279170081995114605261,0.08621441817780767230275286820,2.539655639097744360902255639,0.4597092274166091034508958468,True,0.578183
2021-05-11,1,1835.448,1795.858358333333333333333333,1851.203058333333333333333333,True,False,盤整,False,1845.296,1677.788,0.005365447563755551778094503358,0.08589728502251221500146013398,3.013065413533834586466165414,0.5399839191925086135231387432,True,3.697619
2021-05-12,1,1817.518,1795.312883333333333333333333,1850.518320833333333333333333,True,False,盤整,False,1845.296,1677.788,0.01528347999854746968118059904,0.07687956873054352143967762630,3.068215037593984962406015038,0.5516955366551881197825466963,False,3.697619
2021-05-13,1,1824.948,1794.862658333333333333333333,1849.892529166666666666666667,True,False,盤整,True,1845.296,1677.788,0.01114990673706867264163143279,0.08063791406659258236399064521,3.237377443609022556390977444,0.5862460722462002932141127104,False,3.697619
2021-05-14,0,1842.688,1794.68385,1849.108666666666666666666667,True,False,盤整,False,1845.85,1677.788,0.001715971450402889691580994721,0.08948883370380661294804112253,3.850201503759398496240601504,0.7094946424488818872444294109,True,0.578183
2021-05-16,0,1847.005,1794.471158333333333333333333,1848.3197375,True,False,盤整,False,1848.005,1677.788,0.0005414170508471823303131285514,0.09161696909320765238859667408,4.286155639097744360902255639,0.7757407238565797987828664531,True,0.578183
2021-05-17,1,1868.875,1794.385741666666666666666667,1847.485141666666666666666667,True,True,偏多,False,1868.955,1677.788,0.00004280650123737542639288341917,0.1022470737743294762892114240,4.839993984962406015037593985,0.8139374312772253417122147169,True,3.697619
2021-05-18,1,1870.025,1794.235133333333333333333333,1846.800670833333333333333333,True,True,偏多,False,1874.848,1677.788,0.002579109904947794815577331854,0.1027991604390315637491477387,5.239934586466165413533834586,0.8425200616087697962776931971,True,3.697619
2021-05-19,1,1865.805,1794.145133333333333333333333,1846.128879166666666666666667,True,True,偏多,False,1890.022,1677.788,0.01297938423361498120114374225,0.1007699089669070454843887759,5.518133082706766917293233083,0.8705708646044260339159652142,False,3.697619
2021-05-20,0,1873.908,1794.10555,1845.486379166666666666666667,True,True,偏多,False,1890.022,1677.788,0.008599141473327399210633606346,0.1046582863192856853164616406,5.710547368421052631578947368,0.8844076429258160247642485501,False,0.578183
2021-05-21,0,1880.898,1793.988216666666666666666667,1845.36935,True,True,偏多,False,1890.022,1677.788,0.004850874422749133658497164652,0.1079856536611767357932221737,5.987611278195488721804511278,0.9061957682133916014946897812,False,0.578183
2021-05-23,0,1883.435,1793.8688,1845.209754166666666666666667,True,True,偏多,False,1890.022,1677.788,0.003497333329793701401959717219,0.1091872031686785049656611457,5.985381954887218045112781955,0.9060846019523080156418971362,False,0.578183
2021-05-24,0,1877.348,1793.571408333333333333333333,1844.876766666666666666666667,True,True,偏多,False,1890.022,1677.788,0.006751012598623164165620865178,0.1062988854490483384007653349,5.656966917293233082706766917,0.8898900735566166724318600206,False,0.578183
2021-05-25,0,1898.188,1793.209075,1844.685891666666666666666667,True,True,偏多,False,1900.118,1677.788,0.001016759140822721458569962512,0.1161107329727087095693366516,5.471271428571428571428571429,0.8919339953869746491451158629,True,0.578183
2021-05-26,0,1896.078,1792.758825,1844.534404166666666666666667,True,True,偏多,False,1912.648,1677.788,0.008739091957187415285658079467,0.1151271202977936561681534198,5.431927067669172932330827068,0.8899618307815167905649009816,False,0.578183
2021-05-27,0,1897.908,1792.541516666666666666666667,1844.176833333333333333333333,True,True,偏多,False,1912.648,1677.788,0.007766446002651340317865776423,0.1159803320287390115853877006,5.043763157894736842105263158,0.8919124759273536804963939410,False,0.578183
2021-05-28,0,1902.648,1792.426708333333333333333333,1843.749720833333333333333333,True,True,偏多,False,1912.648,1677.788,0.005255832923378365309820839167,0.1181826591150859223566313895,4.647937593984962406015037594,0.9049381719207313249558571304,False,0.578183
2021-05-30,0,1903.748,1792.887041666666666666666667,1843.650470833333333333333333,True,True,偏多,False,1912.648,1705.638,0.004674988496376621275504951286,0.1040631428109182517854253819,4.556337593984962406015037594,0.9004076412700423789169364774,False,0.578183
2021-05-31,1,1907.998,1793.414816666666666666666667,1843.4645125,True,True,偏多,False,1912.648,1721.148,0.002437109472861082663608662064,0.09792987204389103133231795840,4.643767669172932330827067669,0.9086328819321502530842122406,False,3.697619
2021-06-01,1,1898.795,1793.844983333333333333333333,1843.294416666666666666666667,True,True,偏多,False,1916.485,1721.148,0.009316434896868803635990193781,0.09355775636653772524153476284,4.570791729323308270676691729,0.8975877232862320351095403958,False,3.697619
2021-06-02,1,1907.688,1794.252841666666666666666667,1843.1805125,True,True,偏多,False,1916.485,1723.578,0.004611341057866904860752911378,0.09650949211820800885679419276,4.529557894736842105263157895,0.8927909624400234868830126597,False,3.697619
2021-06-03,1,1870.868,1794.4412,1842.935858333333333333333333,True,True,偏多,False,1916.485,1723.578,0.02438279985546815702657803757,0.07872816254273417472531466677,3.844592481203007518796992481,0.7191080878634027281569802242,False,3.697619
2021-06-04,1,1890.708,1794.80745,1842.773954166666666666666667,True,True,偏多,False,1916.485,1723.578,0.01363351717980777571153239950,0.08839545820930572039680373701,3.106687218045112781954887218,0.6369054450902610909767108981,False,3.697619
2021-06-06,1,1889.198,1795.321783333333333333333333,1842.506954166666666666666667,True,True,偏多,False,1916.485,1723.578,0.01444369515529870347099668748,0.08766683005169389338756445857,2.354466165413533834586466165,0.5371239648500188072201217796,False,3.697619
2021-06-07,1,1898.658,1796.057891666666666666666667,1842.385245833333333333333333,True,True,偏多,False,1916.485,1723.578,0.009389263363912826849279859775,0.09221249956548256716059448305,1.920876691729323308270676692,0.4674183616116902684908254135,False,3.697619
2021-06-08,1,1893.285,1796.525391666666666666666667,1842.088816666666666666666667,True,True,偏多,False,1916.485,1723.578,0.01225383394470457432452060836,0.08963626712301634460738874496,1.394527819548872180451127820,0.3563050111246386279360722429,False,3.697619
2021-06-09,1,1888.598,1796.923833333333333333333333,1841.737204166666666666666667,True,True,偏多,False,1916.485,1723.578,0.01476597984324880149190034089,0.08737698546752670499492215919,1.076943609022556390977443609,0.2400455264633874010496808186,False,3.697619
2021-06-10,0,1898.228,1797.160608333333333333333333,1841.447495833333333333333333,True,True,偏多,False,1916.485,1732.505,0.009617917341857774724637925476,0.08730405409676814376355211281,0.8854300751879699248120300752,0.1826839986894335446306056260,False,0.578183
2021-06-11,0,1877.048,1797.224083333333333333333333,1841.0499125,True,True,偏多,False,1916.485,1734.248,0.02101011801509604442720697606,0.07607690373394819951327829656,0.2823030075187969924812030075,0.0220554412738970853529631222,False,0.578183
2021-06-13,0,1873.584,1797.3773,1840.754145833333333333333333,True,True,偏多,False,1916.485,1756.028,0.02289782577135586127977181701,0.06274391753985943517878034825,-0.2592744360902255639097744361,0.0185139996812589902358419262,False,0.578183
2021-06-14,0,1866.758,1797.460766666666666666666667,1840.499575,True,True,偏多,False,1916.485,1756.028,0.02663816091855505641331120584,0.05931674057376478365165704392,-0.7875105263157894736842105263,0.1416609752706094414856487995,False,0.578183
2021-06-15,0,1857.785,1797.480683333333333333333333,1840.1849375,True,True,偏多,False,1916.485,1756.028,0.03159676711783118068021864748,0.05477329185024101281902911263,-1.382611278195488721804511278,0.3237664058641322758937498196,False,0.578183
2021-06-16,0,1818.688,1797.209375,1839.703575,True,False,盤整,False,1916.485,1756.028,0.05377337949114966393356089665,0.03445340817116514762290178414,-2.593779699248120300751879699,0.5171562748391247791990681764,False,0.578183
2021-06-17,0,1776.638,1796.682883333333333333333333,1839.062616666666666666666667,False,False,偏空,False,1916.485,1756.028,0.07871440327179763125633922048,0.01160056241057548020474626795,-3.988399248120300751879699248,0.5309413328055397772289128336,False,0.578183
2021-06-18,0,1763.198,1796.011408333333333333333333,1838.367158333333333333333333,False,False,偏空,False,1916.485,1756.028,0.08693691803189431929936399656,0.004066474667053841939475884160,-5.425552631578947368421052632,0.6000431370956185334152850543,False,0.578183
2021-06-20,0,1769.298,1795.363491666666666666666667,1837.625533333333333333333333,False,False,偏空,False,1916.485,1756.028,0.08318949097325605974799044593,0.007500149776917172799607527957,-6.546848872180451127819548872,0.6752086211743723418124330173,False,0.578183
2021-06-21,0,1783.498,1794.760166666666666666666667,1836.957575,False,False,偏空,True,1916.485,1756.028,0.07456526444100301766528473819,0.01540231612258606401577125402,-7.197047368421052631578947368,0.7272312227928424635922207197,False,0.578183
2021-06-22,0,1777.438,1794.092275,1836.2847,False,False,偏空,False,1916.485,1756.028,0.07822888899640943875398185478,0.01204542718227021139415270744,-7.737275939849624060150375940,0.7670214040718505121928029017,False,0.578183
2021-06-23,0,1777.225,1793.599775,1835.595075,False,False,偏空,False,1916.485,1756.028,0.07835811447621994964059137138,0.01192702105811025615777405787,-8.023502255639097744360902256,0.7870738598868817576437148791,True,0.578183
2021-06-24,0,1775.148,1793.107466666666666666666667,1834.836866666666666666666667,False,False,偏空,False,1916.485,1756.028,0.07961984014853972739174423766,0.01077093290249601723349264399,-8.288059398496240601503759398,0.8075372597544552009445019932,True,0.578183
2021-06-25,0,1780.938,1792.983825,1834.1164625,False,False,偏空,False,1916.485,1756.028,0.07610989265207435632234249592,0.01398701133896856600285916747,-8.143551127819548872180451128,0.7967795469530475465355539051,True,0.578183
2021-06-27,0,1781.838,1792.715408333333333333333333,1833.375379166666666666666667,False,False,偏空,False,1916.485,1760.767,0.07556635339464081470930578425,0.01182542969675133205151085564,-8.376952631578947368421052632,0.8225705264929769004080355367,True,0.578183
2021-06-28,0,1778.018,1792.383183333333333333333333,1832.6712125,False,False,偏空,False,1916.485,1760.767,0.07787716434816745387279543852,0.009702376466379980405147754410,-8.217782706766917293233082707,0.8086097536913295880814556782,True,0.578183
2021-06-29,0,1761.358,1791.808016666666666666666667,1831.886379166666666666666667,False,False,偏空,False,1916.485,1750.488,0.08807238505743863541653655872,0.006171374587108356166094570212,-8.150996240601503759398496241,0.8037366345578769539189833011,True,0.578183
2021-06-30,0,1768.138,1791.242208333333333333333333,1831.135504166666666666666667,False,False,偏空,False,1916.485,1750.488,0.08390012544269734602163405798,0.009982252516489097570438506497,-7.645743609022556390977443609,0.7684909963900501818250604086,True,0.578183
2021-07-01,0,1775.428,1790.688066666666666666666667,1830.545545833333333333333333,False,False,偏空,False,1916.485,1750.488,0.07944957497572416341299112101,0.01404731704129933739920740238,-6.924914285714285714285714286,0.7096760743599939458138306152,True,0.578183
2021-07-02,0,1786.978,1790.357341666666666666666667,1830.057379166666666666666667,False,False,偏空,False,1916.485,1750.488,0.07247263256738471318617240951,0.02041994921034282458989422366,-5.935861654135338345864661654,0.6125436663498367926843270717,True,0.578183
2021-07-04,0,1786.108,1790.044508333333333333333333,1829.7710875,False,False,偏空,False,1916.485,1750.488,0.07299502605665502869927238442,0.01994280301079218054003453319,-4.654372932330827067669172932,0.5020031830934213137377814540,True,0.578183
2021-07-05,0,1791.118,1789.797475,1829.451933333333333333333333,True,False,盤整,False,1916.485,1750.488,0.06999371342368286176566814693,0.02268415592942508533776110787,-3.467132330827067669172932331,0.3648087801700168332640894464,True,0.578183
2021-07-06,0,1795.428,1789.604416666666666666666667,1829.178725,True,False,盤整,False,1916.485,1750.488,0.06742514876675645027258124525,0.02503024348511886859289261391,-2.143796992481203007518796992,0.2032771191005083458420614749,True,0.578183
2021-07-07,0,1803.248,1789.729275,1828.932058333333333333333333,True,False,盤整,False,1916.485,1750.488,0.06279613231236080672209257961,0.02925831610516135329139419536,-0.6989984962406015037593984962,0.0363731569887948612267883806,True,0.578183
2021-07-08,0,1803.648,1789.9423,1828.603725,True,False,盤整,False,1916.485,1750.488,0.06256043307785111063799588390,0.02947360017032148179689163296,0.7053390977443609022556390977,0.0853307844251199276105021615,True,0.578183
2021-07-09,0,1807.838,1790.245566666666666666666667,1828.2336,True,False,盤整,False,1916.485,1750.488,0.06009775212159496592061899352,0.03172297517808564705465865857,1.633621804511278195488721805,0.5533201138369626806062724571,True,0.578183
2021-07-11,0,1806.368,1790.436983333333333333333333,1827.895433333333333333333333,True,False,盤整,False,1916.485,1750.488,0.06096044659781395596024730288,0.03093500327729454906198515474,1.893272932330827067669172932,0.6406528518468478865901608552,True,0.578183
2021-07-12,0,1806.998,1790.635708333333333333333333,1827.494641666666666666666667,True,False,盤整,False,1916.485,1750.488,0.06059054852301994800215606215,0.03127286250455174825871417677,1.905006766917293233082706767,0.6427147787749921124154792447,True,0.578183
2021-07-13,0,1805.948,1790.59915,1827.107475,True,False,盤整,False,1916.485,1750.488,0.06120718868981831149069629912,0.03070963283549692460691005500,1.932191729323308270676691729,0.6497245339258163765792683895,False,0.578183
2021-07-14,0,1826.258,1790.770425,1826.788070833333333333333333,True,False,盤整,False,1916.485,1750.488,0.04940539617074914935348674722,0.04148920908217787410103063204,2.418617293233082706766917293,0.7474684170251304735437976523,True,0.578183
2021-07-15,0,1829.408,1790.990783333333333333333333,1826.440833333333333333333333,True,True,偏多,False,1916.485,1750.488,0.04759845808042820409662579370,0.04313963861533348493064423026,2.790057894736842105263157895,0.7978781429264543751136808954,True,0.578183
2021-07-16,0,1811.548,1791.338891666666666666666667,1826.155845833333333333333333,True,False,盤整,False,1916.485,1750.488,0.05792670136259155153493034686,0.03370597963730466981829904590,2.824842105263157894736842105,0.8080091052685545635246651354,False,0.578183
2021-07-18,0,1815.588,1792.025558333333333333333333,1825.858845833333333333333333,True,False,盤整,False,1916.485,1750.488,0.05557262991383507712102084834,0.03585615238699528747711485205,2.832932330827067669172932331,0.8099606737249198615648450759,False,0.578183
2021-07-19,0,1811.378,1792.628,1825.509429166666666666666667,True,False,盤整,False,1916.485,1750.488,0.05802598905363761732780236925,0.03361529178338259601253852040,2.811488721804511278195488722,0.8030354014851452160348411984,False,0.578183
2021-07-20,0,1809.648,1793.334191666666666666666667,1825.009554166666666666666667,True,False,盤整,False,1916.485,1750.488,0.05903744816671529490818103852,0.03269144054534362483753746585,2.733766917293233082706766917,0.7762967283374816127196760246,False,0.578183
2021-07-21,0,1802.448,1793.884458333333333333333333,1824.4822625,True,False,盤整,False,1916.485,1750.488,0.06326784462020540953192547025,0.02882746131927245612633485127,2.451052631578947368421052632,0.6722666348643066873157973062,False,0.578183
2021-07-22,0,1807.038,1794.689991666666666666666667,1823.990691666666666666666667,True,False,盤整,False,1916.485,1750.488,0.06056707163878125418502543942,0.03129430593047849574829084945,1.934120300751879699248120301,0.5689396269256268535194606582,False,0.578183
2021-07-23,0,1801.698,1795.58585,1823.6089125,True,False,盤整,False,1916.485,1750.488,0.06371045535933325118860097530,0.02842318745982956078099659321,1.379263157894736842105263158,0.4036445449670719264355448767,False,0.578183
2021-07-25,0,1800.198,1796.42585,1823.20055,True,False,盤整,False,1916.485,1750.488,0.06459678324273218834817059012,0.02761362916745824625957811307,0.8676165413533834586466165414,0.2184677841456157956046436755,False,0.578183
2021-07-26,0,1797.618,1797.175291666666666666666667,1822.747675,True,False,盤整,False,1916.485,1750.488,0.06612472727798675803201792594,0.02621802852441397449291228726,0.4642330827067669172932330827,0.0714462394824152230206068704,False,0.578183
2021-07-27,0,1799.808,1798.135741666666666666666667,1822.334508333333333333333333,True,False,盤整,False,1916.485,1750.488,0.06482747048574070123035345992,0.02740292297845103477704288457,0.06239849624060150375939849624,0.0015789574072698539183969462,False,0.578183
2021-07-28,0,1809.238,1798.914858333333333333333333,1821.953466666666666666666667,True,False,盤整,False,1916.485,1750.488,0.05927744166328586952075956839,0.03247223416709133900570295340,-0.1462180451127819548872180451,0.0102398169040425603703396814,True,0.578183
2021-07-29,0,1830.138,1799.777808333333333333333333,1821.6501875,True,True,偏多,False,1909.498,1750.488,0.04336285023315181696680796749,0.04352130822921550178183284539,-0.01545864661654135338345864662,0.0000940172068016438234037998,True,0.578183
2021-07-30,0,1813.398,1800.5345,1821.244854166666666666666667,True,False,盤整,False,1909.498,1750.488,0.05299443365438806042578628630,0.03469177753587463976468486234,-0.05256390977443609022556390977,0.0011033744021993447802556588,True,0.578183
2021-08-01,0,1813.815,1801.258308333333333333333333,1820.797175,True,False,盤整,False,1903.688,1750.488,0.04954915468225811342391588999,0.03491370398855451079630502560,-0.09265939849624060150375939850,0.0034854168644458310425918325,True,0.578183
2021-08-02,0,1812.395,1801.984641666666666666666667,1820.4116625,True,False,盤整,False,1903.688,1750.488,0.05037146979549160089274137260,0.03415756498997183285100654107,-0.1021714285714285714285714286,0.0042452140118529555307442170,True,0.578183
2021-08-03,0,1811.058,1802.654975,1820.035829166666666666666667,True,False,盤整,False,1903.688,1750.488,0.05114689866365406298417830903,0.03344453904844571515655489774,-0.1608466165413533834586466165,0.0106402564693423562632817415,True,0.578183
2021-08-04,0,1811.518,1803.321083333333333333333333,1819.673758333333333333333333,True,False,盤整,False,1903.688,1750.488,0.05087998021548778427815787643,0.03368997713519821497771482260,-0.2100556390977443609022556391,0.0183142020019592249194910894,True,0.578183
2021-08-05,0,1803.405,1803.779591666666666666666667,1819.262329166666666666666667,False,False,偏空,False,1902.948,1750.488,0.05519725186522162243090154458,0.02934282648656291847921016078,-0.3985406015037593984962406015,0.0646411422099092527145616410,False,0.578183
2021-08-06,0,1762.568,1804.008375,1818.668175,False,False,偏空,False,1902.948,1750.488,0.07964515411603977832344624434,0.006853636285238356761271054507,-0.8459030075187969924812030075,0.1348462882703884419634800732,False,0.578183
2021-08-08,0,1718.975,1803.792683333333333333333333,1817.999258333333333333333333,False,False,偏空,False,1902.948,1670.488,0.1070248258409808170566762169,0.02820692563882546284849983275,-1.770511278195488721804511278,0.2020158087053565448092235009,False,0.578183
2021-08-09,0,1731.395,1803.736908333333333333333333,1817.428633333333333333333333,False,False,偏空,True,1877.888,1670.488,0.08460980885355450373831505809,0.03517799231255721542455649924,-2.633626315789473684210526316,0.3091553986441819033877494346,False,0.578183
2021-08-10,0,1726.818,1803.633741666666666666666667,1816.796883333333333333333333,False,False,偏空,False,1873.778,1670.488,0.08510451014524981787310533015,0.03262069308983343930860113805,-3.377806766917293233082706767,0.3928733068171864247662030124,False,0.578183
2021-08-11,0,1752.235,1803.843658333333333333333333,1816.276925,False,False,偏空,False,1869.068,1670.488,0.06667655879491050001854774046,0.04665298889703721247435418194,-3.691872180451127819548872180,0.4411142182165770266373602241,False,0.578183
2021-08-12,0,1753.328,1804.000575,1815.687758333333333333333333,False,False,偏空,False,1862.928,1670.488,0.06250969584698356496901891717,0.04724729200697188432512342243,-3.928702255639097744360902256,0.4788526700922564279606106435,True,0.578183
2021-08-13,0,1779.218,1804.433908333333333333333333,1815.1246875,False,False,偏空,False,1833.976,1670.488,0.03077644223473458564380531222,0.06111111735605192843147944771,-3.824667669172932330827067669,0.4572561842815457978039240718,True,0.578183
2021-08-15,0,1778.778,1804.825325,1814.59995,False,False,偏空,False,1833.976,1670.488,0.03103141594960135553734080363,0.06087887302406483552191448286,-3.619512781954887218045112782,0.4170760474021973780836953055,True,0.578183
2021-08-16,0,1787.408,1805.295266666666666666666667,1813.938908333333333333333333,False,False,偏空,False,1833.976,1670.488,0.02605336890066509716863749071,0.06541315692891606169380466016,-3.332891729323308270676691729,0.3583088914171307250517156363,True,0.578183
2021-08-17,0,1786.048,1805.913516666666666666666667,1813.254533333333333333333333,False,False,偏空,False,1833.976,1670.488,0.02683466513777905185079012434,0.06470150858207618160318199735,-3.067894736842105263157894737,0.3073130346263032085169532964,True,0.578183
2021-08-18,0,1787.388,1806.763433333333333333333333,1812.541670833333333333333333,False,False,偏空,False,1833.976,1670.488,0.02606484993745062627700309054,0.06540269935794578457503351259,-2.803213533834586466165413534,0.2588624653908261068438515286,True,0.578183
2021-08-19,0,1778.928,1807.35985,1812.1592125,False,False,偏空,False,1833.976,1670.488,0.03094447892213737711700529757,0.06095806013509259509097613844,-2.609427067669172932330827068,0.2273394786548411736005362479,True,0.578183
2021-08-20,0,1780.458,1807.790291666666666666666667,1811.759045833333333333333333,False,False,偏空,False,1833.976,1670.488,0.03005855796654568655930103378,0.06176500653202715256411552533,-2.213490225563909774436090226,0.1700533292251332219509209887,True,0.578183
2021-08-22,0,1778.538,1808.211708333333333333333333,1811.396879166666666666666667,False,False,偏空,False,1833.976,1670.488,0.03117054569539700585537109693,0.06075214586362506733058275955,-1.471703759398496240601503759,0.0866914022039200379321191242,True,0.578183
2021-08-23,0,1804.728,1808.840208333333333333333333,1811.101295833333333333333333,False,False,偏空,False,1833.976,1670.488,0.01620632028760012589154709186,0.07438240000709248152630202446,-0.5424962406015037593984962406,0.0121720415565762710292217787,True,0.578183
2021-08-24,0,1801.708,1809.32815,1810.740545833333333333333333,False,False,偏空,False,1833.976,1670.488,0.01790967237754397493933534180,0.07283089157621545777673185666,0.3631902255639097744360902256,0.0057147129981729238248376202,True,0.578183
2021-08-25,0,1791.555,1809.785041666666666666666667,1810.3287125,False,False,偏空,False,1833.976,1670.488,0.02367831297392488648129697386,0.06757649081384607226682965357,1.119618796992481203007518797,0.0582892228973209546376820731,True,0.578183
2021-08-26,0,1793.418,1810.113066666666666666666667,1809.9273375,False,False,偏空,False,1833.976,1670.488,0.02261491743698345840177805732,0.06854509099384527198901761887,1.912889473684210526315789474,0.1819900577693349262973991570,False,0.578183
2021-08-27,0,1816.158,1810.722483333333333333333333,1809.650766666666666666666667,True,True,偏多,False,1833.976,1670.488,0.009810820424214192818025744456,0.08020777927911558355605624621,3.064806766917293233082706767,0.4550718305795700821104150781,True,0.578183
2021-08-29,0,1818.368,1811.361566666666666666666667,1809.430445833333333333333333,True,True,偏多,False,1833.976,1670.488,0.008583521047444741658454174293,0.08132567225116148106433901169,4.113218045112781954887218045,0.7617706001124575223563023952,True,0.578183
2021-08-30,0,1810.348,1812.015566666666666666666667,1809.211083333333333333333333,False,True,盤整,False,1833.976,1670.488,0.01305163427142184817504700754,0.07725586461829438317936661901,4.379762406015037593984962406,0.8168572524109304191033723424,False,0.578183
2021-08-31,0,1814.448,1812.581425,1808.978291666666666666666667,True,True,偏多,False,1833.976,1670.488,0.01076250187384813452906889588,0.07934093454317787007398393341,3.944718045112781954887218045,0.8050255135672792805551121420,False,0.578183
2021-09-01,0,1813.058,1813.219091666666666666666667,1808.732708333333333333333333,False,True,盤整,False,1833.976,1670.488,0.01153741358522452122325926694,0.07863510157976192708672309435,3.542353383458646616541353383,0.7821283922297120252120047089,False,0.578183
2021-09-02,0,1809.418,1813.598866666666666666666667,1808.624179166666666666666667,False,True,盤整,False,1833.976,1670.488,0.01357231993933961085829808259,0.07678159496589511102464991506,2.892918796992481203007518797,0.7836552760001769135972581556,False,0.578183
2021-09-03,0,1827.288,1814.028366666666666666666667,1808.7001375,True,True,偏多,False,1833.976,1670.488,0.003660068910866814645529330899,0.08581022805381527159374986319,2.775880451127819548872180451,0.7861960453563523002802780038,True,0.578183
2021-09-05,0,1827.488,1814.451808333333333333333333,1808.780554166666666666666667,True,True,偏多,False,1833.976,1670.488,0.003550228510392407501444605929,0.08591027683902712357071564902,2.566095488721804511278195489,0.7986238557075071217382286348,True,0.578183
2021-09-06,0,1823.448,1814.8805,1808.8401375,True,True,偏多,False,1833.976,1670.488,0.005773677121585041086995625869,0.08388503538351518661349267980,2.595866917293233082706766917,0.8044156004198324864516243263,False,0.578183
2021-09-07,0,1795.608,1815.036916666666666666666667,1808.877470833333333333333333,False,False,偏空,False,1833.976,1670.488,0.02136769272580652347282925895,0.06968113307581610240096947663,2.154465413533834586466165414,0.6080293666606400994239299828,False,0.578183
2021-09-08,0,1790.648,1815.013416666666666666666667,1808.8942625,False,False,偏空,False,1833.976,1670.488,0.02419682707042366785655248826,0.06710419915025175243822348111,1.753161654135338345864661654,0.4095906322757908006976150719,False,0.578183
2021-09-09,0,1794.664,1815.110216666666666666666667,1808.960675,False,False,偏空,False,1833.976,1670.488,0.02190493596572951817164661463,0.06919178186000276374853454463,1.382883458646616541353383459,0.2661614619996982126550257096,False,0.578183
2021-09-10,0,1787.048,1815.195466666666666666666667,1808.860270833333333333333333,False,False,偏空,False,1833.976,1670.488,0.02626006688124773369265962638,0.06522488483801218545892443852,0.9120067669172932330827067669,0.1155057220918247194221689156,False,0.578183
2021-09-12,0,1787.278,1815.299466666666666666666667,1808.680241666666666666666667,False,False,偏空,False,1833.908,1670.488,0.02608995354947579503580304799,0.06534517853406129320676470029,0.3113481203007518796992481203,0.0144695007668828344475893517,False,0.578183
2021-09-13,0,1792.938,1815.407491666666666666666667,1808.485325,False,False,偏空,True,1833.908,1670.488,0.02285076226841084298508927805,0.06829572467090328834572082247,-0.1968518796992481203007518797,0.0063890024378634669004217222,False,0.578183
2021-09-14,0,1803.618,1815.642766666666666666666667,1808.3412,False,False,偏空,True,1833.908,1670.488,0.01679402179397189427029448586,0.07381274748865890670862677130,-0.6015631578947368421052631579,0.0716562548867391103767527188,True,0.578183
2021-09-15,0,1794.968,1815.735791666666666666666667,1808.172966666666666666666667,False,False,偏空,False,1833.908,1670.488,0.02169398005981165123835076726,0.06934942572792384042501036230,-0.7540338345864661654135338346,0.1093606582465169630119649190,False,0.578183
2021-09-16,0,1753.778,1815.575041666666666666666667,1807.714145833333333333333333,False,False,偏空,False,1833.908,1670.488,0.04568993338951680315296462836,0.04749175779374584468501714584,-1.527940601503759398496240602,0.2620691905489248664030398755,False,0.578183
2021-09-17,0,1753.488,1815.450541666666666666666667,1807.2287,False,False,偏空,False,1833.908,1670.488,0.04586287445366036151944011023,0.04733422755102971905139926820,-2.394225563909774436090225564,0.4696298167344465531044123232,False,0.578183
2021-09-19,0,1754.014,1815.325783333333333333333333,1806.89435,False,False,偏空,False,1833.908,1670.488,0.04554923734930279917948203378,0.04761991637466975748198132968,-3.166336842105263157894736842,0.6574887037213741304482389998,False,0.578183
2021-09-20,0,1764.878,1815.095866666666666666666667,1806.595808333333333333333333,False,False,偏空,False,1833.908,1670.488,0.03911318516067399559629617458,0.05348245034500968338888013789,-3.364941353383458646616541353,0.6960655592320327100769611809,True,0.578183
2021-09-21,0,1774.824,1815.0645,1806.328416666666666666666667,False,False,偏空,False,1833.908,1670.488,0.03329006143707770460620320663,0.05878667405894894366990755140,-3.309452631578947368421052632,0.6834498581407293269930514546,True,0.578183
2021-09-22,0,1766.844,1814.911716666666666666666667,1806.032358333333333333333333,False,False,偏空,False,1833.908,1670.488,0.03795694469913586032496360743,0.05453565793018512104068044491,-3.429115789473684210526315789,0.7106812106137788184459729688,True,0.578183
2021-09-23,0,1746.118,1814.340716666666666666666667,1805.694233333333333333333333,False,False,偏空,False,1833.908,1670.488,0.05027724357689457413531044294,0.04331322396309985923059037247,-3.714708270676691729323308271,0.7460031505431650581315493593,False,0.578183
2021-09-24,0,1749.878,1813.667883333333333333333333,1805.2676625,False,False,偏空,False,1833.908,1670.488,0.04802049057134268789024149112,0.04536887714457807915751840985,-3.865781954887218045112781955,0.7682717748198051012558082645,True,0.578183
2021-09-26,0,1749.448,1812.945325,1804.788716666666666666666667,False,False,偏空,False,1833.908,1670.488,0.04827808543037575280888600290,0.04513423662778202038585885376,-3.985464661654135338345864662,0.7875206641590462918716655495,True,0.578183
2021-09-27,0,1751.204,1812.237983333333333333333333,1804.237295833333333333333333,False,False,偏空,True,1833.908,1670.488,0.04722693643915843042843666415,0.04609171746980934260086203549,-3.707723308270676691729323308,0.7613496522364992067664730926,True,0.578183
2021-09-28,0,1735.245,1811.402958333333333333333333,1803.630658333333333333333333,False,False,偏空,False,1833.908,1670.488,0.05685825344547888050390578852,0.03731864952787646701186287815,-3.540397744360902255639097744,0.7590676622907580614085587931,False,0.578183
2021-09-29,0,1728.728,1810.663041666666666666666667,1802.9879625,False,False,偏空,False,1833.908,1670.488,0.06084242286814351361232073525,0.03368951043773225169026012189,-3.391250375939849624060150376,0.7616183547995916844726093626,False,0.578183
2021-09-30,0,1752.978,1810.063291666666666666666667,1802.462975,False,False,偏空,True,1833.908,1670.488,0.04616715098535178422090864803,0.04705706517708721957719948568,-3.192817293233082706766917293,0.7151600901570810408345636630,True,0.578183
2021-10-01,0,1760.098,1809.375041666666666666666667,1802.029445833333333333333333,False,False,偏空,False,1833.908,1670.488,0.04193516497376850607182100088,0.05091193785800563377721013262,-2.906880451127819548872180451,0.6315017584618739241260071307,True,0.578183
2021-10-03,0,1763.058,1808.675483333333333333333333,1801.573320833333333333333333,False,False,偏空,False,1833.908,1670.488,0.04018585888836328697070657914,0.05250536284115440331514901949,-2.469307518796992481203007519,0.5082191820029186912467801114,True,0.578183
2021-10-04,0,1767.955,1807.834483333333333333333333,1801.1101125,False,False,偏空,True,1833.908,1670.488,0.03730468252868427081006021081,0.05512979685568920023416885611,-2.034502255639097744360902256,0.3706448443213827421165217603,True,0.578183
2021-10-05,0,1759.228,1806.911175,1800.573154166666666666666667,False,False,偏空,False,1833.908,1706.485,0.04245043848779123570111435243,0.02998076428979074912404759360,-1.692025563909774436090225564,0.2804912581041158587702781320,True,0.578183
2021-10-06,0,1763.908,1806.062033333333333333333333,1800.103583333333333333333333,False,False,偏空,False,1833.908,1717.598,0.03968460940139735178932234561,0.02625420373398159087662168322,-1.151142857142857142857142857,0.1534295329715856962409391286,True,0.578183
2021-10-07,1,1755.028,1805.071366666666666666666667,1799.588458333333333333333333,False,False,偏空,False,1833.908,1721.548,0.04494515187222084206063948837,0.01907661872061300446488603031,-0.5248315789473684210526315789,0.0492444554754236562635055417,True,3.697619
2021-10-08,0,1756.608,1804.035616666666666666666667,1799.011916666666666666666667,False,False,偏空,False,1833.908,1721.548,0.04400526469195176157685721572,0.01995892082923452472037016796,0.06053984962406015037593984962,0.0010947048291698386509230995,True,0.578183
2021-10-10,0,1753.878,1802.955975,1798.4123875,False,False,偏空,False,1833.908,1721.548,0.04563031180047871060586882326,0.01843343721741192945005296834,0.01422706766917293233082706767,0.0000604651636313529457348841,False,0.578183
2021-10-11,0,1753.198,1801.921391666666666666666667,1797.7464,False,False,偏空,False,1833.908,1721.548,0.04603587273086097520074743412,0.01805272422167946803498520989,-0.04652932330827067669172932331,0.0006463970797321838436438017,False,0.578183
2021-10-12,0,1760.298,1800.772308333333333333333333,1796.990691666666666666666667,False,False,偏空,False,1833.908,1721.548,0.04181678329464670186525236068,0.02201331819953212467434491205,0.002884210526315789473684210526,0.0000024608889726116326187456,True,0.578183
2021-10-13,0,1791.638,1799.901975,1796.3304,False,False,偏空,False,1833.908,1721.548,0.02359293562650490779945502384,0.03912062593001488023808380934,0.6620992481203007518796992481,0.0852139142072037850199564635,True,0.578183
2021-10-14,0,1795.288,1799.046808333333333333333333,1795.7941625,False,False,偏空,False,1833.908,1721.548,0.02151186884778375391580626618,0.04107418976788125359273832388,1.490258646616541353383458647,0.3247287592648339361869446581,True,0.578183
2021-10-15,0,1766.658,1797.913558333333333333333333,1795.170133333333333333333333,False,False,偏空,False,1833.908,1721.548,0.03806622447581818325901221402,0.02553408752571239028719763531,1.752645112781954887218045113,0.4494645520300430383512755532,False,0.578183
2021-10-17,0,1770.874,1796.806275,1794.846658333333333333333333,False,False,偏空,False,1833.908,1721.548,0.03559485316290148254477732464,0.02785404269304309623383707706,1.748287218045112781954887218,0.4479392779147911633312089994,False,0.578183
2021-10-18,0,1763.884,1795.605325,1794.510070833333333333333333,False,False,偏空,False,1833.908,1721.548,0.03969875570048824072331287091,0.02400157833508325944336475641,1.666213533834586466165413534,0.4138410810688956559602086382,False,0.578183
2021-10-19,0,1768.598,1794.52035,1794.182666666666666666666667,False,False,偏空,False,1833.908,1721.548,0.03692755504642660457605402698,0.02660299287910537046858585162,1.623631578947368421052631579,0.3977943418689938492330036766,False,0.578183
2021-10-20,0,1781.368,1793.467683333333333333333333,1793.8602625,False,False,偏空,False,1833.908,1721.548,0.02949418649038267219350521622,0.03358093330519016845480552025,1.762407518796992481203007519,0.4408542353191179752836049853,True,0.578183
2021-10-21,0,1784.564,1792.748483333333333333333333,1793.594841666666666666666667,False,False,偏空,False,1833.908,1721.548,0.02765045131471888931974420643,0.03531170638878740129241652303,1.649496992481203007518796992,0.4193177701821931432332568832,True,0.578183
2021-10-22,0,1791.628,1791.922816666666666666666667,1793.365133333333333333333333,False,False,偏空,False,1833.908,1721.548,0.02359864882665374731808165534,0.03911526276660110246100194907,1.460436842105263157894736842,0.4024640991845797002359820836,True,0.578183
2021-10-24,0,1794.308,1791.132066666666666666666667,1793.226925,True,True,偏多,False,1833.908,1721.548,0.02206978957904662967561867862,0.04055045176190486806055593577,1.597970676691729323308270677,0.4351607401809921109679735685,True,0.578183
2021-10-25,1,1807.778,1790.374733333333333333333333,1793.2163125,True,True,偏多,False,1833.908,1721.548,0.01445420842603461265708510669,0.04769944097118119592118058744,1.978203759398496240601503759,0.5094818455584290698308070679,True,3.697619
2021-10-26,1,1793.468,1789.542925,1793.034158333333333333333333,True,True,偏多,False,1833.908,1721.548,0.02254849264107304953308338928,0.04010107791162150648910379221,2.129045864661654135338345865,0.5568846412424755485036696575,False,3.697619
2021-10-27,1,1796.518,1788.775591666666666666666667,1792.8497125,True,True,偏多,False,1833.908,1721.548,0.02081248281397681515019610157,0.04173072577062962909361331197,2.355051127819548872180451128,0.6313213071439657359208709107,False,3.697619
2021-10-28,0,1799.484,1787.952725,1792.556666666666666666666667,True,True,偏多,False,1833.908,1721.548,0.01912992835724018663127874435,0.04331019336654285339575122646,2.442681203007518796992481203,0.6529584111974219553121659701,False,0.578183
2021-10-29,1,1782.988,1787.168891666666666666666667,1792.1964875,False,False,偏空,False,1833.908,1721.548,0.02855880129311021723085068436,0.03445900925861531317092431357,2.308013533834586466165413534,0.5998123041126547164323734792,False,3.697619
2021-10-31,0,1779.958,1786.388675,1791.8829875,False,False,偏空,False,1833.908,1721.548,0.03030970393683446463343517094,0.03281538103708065021758940379,1.961157894736842105263157895,0.4797912874349098000948408009,False,0.578183
2021-11-01,1,1791.978,1785.765508333333333333333333,1791.6131375,True,True,偏多,False,1830.098,1721.548,0.02127258258750944487041693592,0.03930293787088903993240988450,1.773475187969924812030075188,0.4277780526587115578689045688,False,3.697619
2021-11-02,1,1787.038,1785.17595,1791.328316666666666666666667,True,False,盤整,False,1828.378,1721.548,0.02313325178311821013319246709,0.03664723413827797730098632486,1.418927819548872180451127820,0.3259564077657486000966459123,False,3.697619
2021-11-03,1,1777.164,1784.829916666666666666666667,1791.019645833333333333333333,False,False,偏空,False,1827.128,1721.548,0.02811445651611218773281475429,0.03129480453126441904067379263,0.8627218045112781954887218045,0.1536592737753246791553615649,False,3.697619
2021-11-04,1,1791.214,1784.951383333333333333333333,1790.817133333333333333333333,True,True,偏多,False,1813.748,1721.548,0.01258029470515527457914018091,0.03889317524315910885019880372,0.5832962406015037593984962406,0.0854884261694337991442642380,False,3.697619
2021-11-05,1,1817.588,1785.404633333333333333333333,1790.708020833333333333333333,True,True,偏多,False,1818.128,1721.548,0.0002970970318906154750141396180,0.05283925730143464855621846095,1.128993984962406015037593985,0.2362181705919362747954672882,True,3.697619
2021-11-07,0,1815.713,1785.791425,1790.577458333333333333333333,True,True,偏多,False,1818.423,1721.548,0.001492526627280853306662451610,0.05186116968926256517412168112,1.666515037593984962406015038,0.4276765261747971289692552722,True,0.578183
2021-11-08,1,1824.508,1786.133175,1790.446670833333333333333333,True,True,偏多,False,1826.403,1721.548,0.001038636169312494108000622634,0.05643165171103661918720005612,1.846912030075187969924812030,0.4525509454295646140941719638,True,3.697619
2021-11-09,1,1829.813,1786.569633333333333333333333,1790.330954166666666666666667,True,True,偏多,True,1832.633,1721.548,0.001541141089280707919333833567,0.05916724823793469605910549329,2.082670676691729323308270677,0.4858876241468121644109240311,True,3.697619
2021-11-10,1,1848.444,1787.163125,1790.38145,True,True,偏多,False,1868.458,1721.548,0.01082748517131165455918599644,0.06865017279398239816840542640,2.385587969924812030075187970,0.4953690392176417659778957373,True,3.697619
2021-11-11,1,1862.198,1787.888541666666666666666667,1790.498004166666666666666667,True,True,偏多,False,1868.458,1721.548,0.003361618904112237259410653432,0.07552902537753772692270102320,2.832264661654135338345864662,0.5119369019567019180381182041,True,3.697619
2021-11-12,1,1864.448,1788.584458333333333333333333,1790.784141666666666666666667,True,True,偏多,False,1868.568,1721.548,0.002209769325827268982562130990,0.07664466909240697514760400934,3.371963909774436090225563910,0.5641859198757382951791224090,True,3.697619
2021-11-14,0,1865.438,1789.281125,1790.998266666666666666666667,True,True,偏多,False,1869.364,1721.548,0.002104599563212500227828531423,0.07713469973271692760627798941,3.851336842105263157894736842,0.6172600000281188888428787225,True,0.578183
2021-11-15,1,1862.258,1789.983125,1791.183154166666666666666667,True,True,偏多,False,1870.468,1721.548,0.004408626516841382880352776039,0.07555881086294165470090610431,4.275203007518796992481203008,0.6763424086726175531797886882,True,3.697619
2021-11-16,1,1850.208,1790.723541666666666666666667,1791.265779166666666666666667,True,True,偏多,False,1877.118,1721.548,0.01454431069371659835002334873,0.06953812760511250626956536779,4.463031578947368421052631579,0.7095105880287442031776261961,False,3.697619
2021-11-17,1,1866.378,1791.542208333333333333333333,1791.392208333333333333333333,True,True,偏多,False,1877.118,1721.548,0.005754461314910484371333138303,0.07759950020842508859405758105,5.010484210526315789473684211,0.8025402104193973992738225849,False,3.697619
2021-11-18,1,1859.448,1792.242375,1791.465220833333333333333333,True,True,偏多,False,1877.118,1721.548,0.009502820191798856434812912219,0.07416179425291807030903795105,5.144869172932330827067669173,0.8228438048037084296948562801,False,3.697619
2021-11-19,1,1845.175,1792.72735,1791.542345833333333333333333,True,True,偏多,False,1877.118,1721.548,0.01731163710759142086793935535,0.06700014903735418049778476296,5.024293984962406015037593985,0.7993049521750334324904943923,False,3.697619
2021-11-21,0,1844.878,1793.2171,1791.630804166666666666666667,True,True,偏多,False,1877.118,1721.548,0.01747541029813353511722726381,0.06684994888550896048410789223,4.873139097744360902255639098,0.7686340065594363723034435035,False,0.578183
2021-11-22,1,1808.928,1793.365516666666666666666667,1791.581495833333333333333333,True,True,偏多,False,1877.118,1721.548,0.03769635939075518760282332962,0.04830485237665622954589679633,3.879687969924812030075187970,0.5315210776234287650497856301,False,3.697619
2021-11-23,0,1790.718,1793.326266666666666666666667,1791.465341666666666666666667,False,False,偏空,False,1877.118,1721.548,0.04824880299410627468981715714,0.03862696415627697940155848101,2.539244360902255639097744361,0.2399045009255177803138273870,False,0.578183
2021-11-24,0,1789.528,1793.211933333333333333333333,1791.470604166666666666666667,False,False,偏空,False,1877.118,1721.548,0.04894586729014578145745693837,0.03798767049188389340652954299,1.355409774436090225563909774,0.0676252677709659087374637354,False,0.578183
2021-11-25,0,1792.528,1793.119266666666666666666667,1791.530783333333333333333333,False,True,盤整,False,1877.118,1721.548,0.04719033677577142449099818803,0.03959770781823212803370435497,0.1401165413533834586466165414,0.0007408765474855370107554197,False,0.578183
2021-11-26,0,1792.665,1792.992825,1791.619195833333333333333333,False,True,盤整,False,1877.118,1722.098,0.04711030783777225527357314389,0.03936429840488881079286983346,-1.237380451127819548872180451,0.0628432621025912651580765613,False,0.578183
2021-11-28,0,1795.425,1792.901633333333333333333333,1791.669308333333333333333333,True,True,偏多,False,1877.118,1745.77,0.04550064747900914825180667530,0.02765640447247866104125764095,-2.376916541353383458646616541,0.2365478798396351601116314199,False,0.578183
2021-11-29,0,1786.685,1792.732358333333333333333333,1791.684033333333333333333333,False,False,偏空,False,1877.118,1745.77,0.05061496570464295608906998156,0.02289995158631767771039662839,-3.231210526315789473684210526,0.3936312018128561672498123012,False,0.578183
2021-11-30,0,1773.098,1792.458608333333333333333333,1791.528879166666666666666667,False,False,偏空,False,1877.118,1745.77,0.05866568006957314260125497857,0.01541257166834546088259080998,-4.262739097744360902255639098,0.5876764749342304958629744233,False,0.578183
2021-12-01,0,1781.645,1792.086833333333333333333333,1791.428629166666666666666667,False,False,偏空,False,1877.118,1745.77,0.05358699404202296192563613964,0.02013588565623342472827078346,-4.969216541353383458646616541,0.7273771979791110076793218990,True,0.578183
2021-12-02,0,1768.885,1791.582475,1791.286629166666666666666667,False,False,偏空,False,1877.118,1745.77,0.06118713200688569353010512272,0.01306755385454679077497971886,-5.709760902255639097744360902,0.8476663735977954167276336122,True,0.578183
2021-12-03,0,1782.788,1791.342808333333333333333333,1791.34085,False,False,偏空,True,1877.118,1750.068,0.05291150714498863577722084735,0.01835327588025048407326053350,-5.865896240601503759398496241,0.8714323924525427603781577874,True,0.578183
2021-12-05,0,1782.775,1791.069366666666666666666667,1791.5474625,False,False,偏空,False,1877.118,1750.068,0.05291918497847456914080576629,0.01834611770975024890970537505,-5.706318045112781954887218045,0.8520120399044957655677284462,True,0.578183
2021-12-06,0,1780.825,1790.814758333333333333333333,1791.721379166666666666666667,False,False,偏空,False,1877.118,1750.068,0.05407212949054511251807448795,0.01727120856906209200791767860,-5.419637593984962406015037594,0.8199896641310060481201979338,True,0.578183
2021-12-07,0,1784.598,1790.606008333333333333333333,1791.9701,False,False,偏空,True,1877.118,1750.068,0.05184360847653084896430456607,0.01934889538148087132228098429,-4.937676691729323308270676692,0.7637003781019947062626235712,True,0.578183
2021-12-08,0,1783.355,1790.4469,1792.165679166666666666666667,False,False,偏空,False,1877.118,1750.658,0.05257674439469427006961597663,0.01833454359900300276725609876,-4.402119548872180451127819549,0.6996243220140268292696774032,True,0.578183
2021-12-09,0,1776.218,1790.190066666666666666666667,1792.440029166666666666666667,False,False,偏空,False,1877.118,1757.829,0.05680609024342732705107143380,0.01035289587201570978337118529,-4.040131578947368421052631579,0.6523764988049974644398299823,True,0.578183
2021-12-10,0,1782.288,1790.028316666666666666666667,1792.807083333333333333333333,False,False,偏空,False,1877.118,1758.644,0.05320688912229673318790229189,0.01326609391972565601070085194,-3.224850375939849624060150376,0.5725231048353555841724646704,True,0.578183
2021-12-12,0,1783.098,1789.885816666666666666666667,1793.155833333333333333333333,False,False,偏空,False,1877.118,1758.644,0.05272845351180922192723002325,0.01371433314377560851955416920,-2.380967669172932330827067669,0.4836389946040562252570386453,True,0.578183
2021-12-13,0,1785.668,1789.786233333333333333333333,1793.4807625,False,False,偏空,False,1877.118,1758.644,0.05121332744944748967893247793,0.01513383226893241072808607199,-1.610921804511278195488721805,0.3634929571031897680833243583,True,0.578183
2021-12-14,0,1772.358,1789.557483333333333333333333,1793.8466125,False,False,偏空,False,1877.118,1758.644,0.05910769720338667470116082642,0.007737714389530783284189763016,-0.9462240601503759398496240602,0.3861109025315257150692561148,False,0.578183
2021-12-15,0,1779.345,1789.308375,1794.111616666666666666666667,False,False,偏空,False,1877.118,1752.928,0.05494887163534896268008733551,0.01484647440490742379920701157,-0.6402909774436090225563909774,0.2899739235774997992310469472,True,0.578183
2021-12-16,0,1798.648,1789.045958333333333333333333,1794.411883333333333333333333,True,True,偏多,False,1877.118,1752.928,0.04362721332912276332000480361,0.02541909256285832469721702078,-0.3016413533834586466165413534,0.0540827837723639279205504023,True,0.578183
2021-12-17,0,1797.708,1788.915208333333333333333333,1794.724854166666666666666667,True,True,偏多,False,1877.118,1752.928,0.04417291350986923349064475432,0.02490949586918453942464515928,-0.007134586466165413533834586466,0.0000264663969175751581069893,True,0.578183
2021-12-19,0,1799.948,1788.79965,1795.028979166666666666666667,True,True,偏多,False,1877.118,1752.928,0.04287346078886723394231388907,0.02612297688599892885794478507,0.3544398496240601503759398496,0.0573231239138082934555979382,True,0.578183
2021-12-20,1,1791.515,1788.62565,1795.305145833333333333333333,True,False,盤整,False,1877.118,1752.928,0.04778246344574284892953729106,0.02153875351308808466577170719,0.5865481203007518796992481203,0.1589183579546708596100337139,True,3.697619
2021-12-21,1,1790.455,1788.453958333333333333333333,1795.554466666666666666666667,True,False,盤整,False,1877.118,1752.928,0.04840278029886257962361522630,0.02095947678104169052000748413,0.8488218045112781954887218045,0.3541356121466951769458555868,False,3.697619
2021-12-22,1,1803.568,1788.387708333333333333333333,1795.854395833333333333333333,True,True,偏多,False,1877.118,1752.928,0.04078027554270202177017999876,0.02807767713776247970689211607,1.167897744360902255639097744,0.5300687901904539342374402419,True,3.697619
2021-12-23,1,1808.355,1788.428958333333333333333333,1796.104275,True,True,偏多,False,1877.118,1752.928,0.03802516651874217175278084226,0.03065050833492317603567883518,1.315439849624060150375939850,0.5593764912048375830747619932,True,3.697619
2021-12-26,0,1807.178,1788.800708333333333333333333,1796.404541666666666666666667,True,True,偏多,False,1877.118,1752.928,0.03870122367580835977418937150,0.03001917907367176891263616534,1.528102255639097744360902256,0.6421445861841078714460885171,True,0.578183
2021-12-27,1,1812.274,1789.5782,1796.685441666666666666666667,True,True,偏多,False,1877.118,1752.928,0.03578046145340053435628387319,0.03274670386486811596921878259,1.573695488721804511278195489,0.6458973810743580442180735310,True,3.697619
2021-12-28,1,1806.428,1790.203475,1796.970191666666666666666667,True,True,偏多,False,1877.118,1752.928,0.03913247580307656878657771027,0.02961645855799400806453398641,1.690048872180451127819548872,0.6950756350437833658811023433,False,3.697619
2021-12-29,1,1804.485,1790.8507,1797.242220833333333333333333,True,True,偏多,False,1877.118,1752.928,0.04025137366062893290883548492,0.02857158690706766750624139297,1.742890977443609022556390977,0.7191439056316126056638379653,False,3.697619
2021-12-30,1,1815.588,1791.378641666666666666666667,1797.61115,True,True,偏多,False,1877.118,1752.928,0.03388984725609554590578919887,0.03451223515467165458242729077,1.890911278195488721804511278,0.7545621173282062704047524720,True,3.697619
2021-12-31,1,1829.058,1792.009725,1798.00515,True,True,偏多,False,1877.118,1752.928,0.02627582066834403283001413843,0.04162251825803227672386550891,2.238658646616541353383458647,0.7974332151939889631799008341,True,3.697619
2022-01-02,0,1828.354,1792.419191666666666666666667,1798.42655,True,True,偏多,False,1877.118,1752.928,0.02667098384667301846360168764,0.04125349904887127985061973775,2.489865413533834586466165414,0.8360592649797005640166697961,True,0.578183
2022-01-03,1,1804.028,1792.629608333333333333333333,1798.727466666666666666666667,True,True,偏多,False,1877.118,1752.928,0.04051489223005407898325303155,0.02832550270838368362353577661,2.213200751879699248120300752,0.7370615836845129204394040213,False,3.697619
2022-01-04,0,1813.788,1792.849441666666666666666667,1799.072354166666666666666667,True,True,偏多,False,1877.118,1752.928,0.03491587771007416522768923380,0.03355408680617580444903152959,2.129987218045112781954887218,0.7107107379338562881754838100,False,0.578183
2022-01-05,1,1810.178,1793.050525,1799.482020833333333333333333,True,True,偏多,False,1877.118,1752.928,0.03697978872795934985399225932,0.03162672400172800685899397739,1.960623308270676691729323308,0.6487951803855120414532793086,False,3.697619
2022-01-06,1,1791.278,1793.082941666666666666666667,1799.9231875,False,False,偏空,False,1877.118,1752.928,0.04792109320831272421142893510,0.02140929548623943352176490751,1.521116541353383458646616541,0.4074780021412359823434567269,False,3.697619
2022-01-07,1,1795.808,1793.223608333333333333333333,1800.291729166666666666666667,True,False,盤整,False,1877.118,1752.928,0.04527766888219676045546071740,0.02387783103761649352269284912,0.9277300751879699248120300752,0.2007732662813063960733137545,False,3.697619
2022-01-09,0,1795.048,1793.345191666666666666666667,1800.567741666666666666666667,True,False,盤整,False,1877.118,1752.928,0.04572022586582642915398362606,0.02346455359411001822792482429,0.3985443609022556390977443609,0.0459618073242495446913517732,False,0.578183
2022-01-10,0,1801.088,1793.533108333333333333333333,1800.872408333333333333333333,True,True,偏多,True,1877.118,1752.928,0.04221337324994669888422997655,0.02673939307796176533295430318,0.2368150375939849624060150376,0.0164153439909477860510310513,False,0.578183
2022-01-11,0,1820.588,1793.665275,1801.252741666666666666666667,True,True,偏多,False,1877.118,1752.928,0.03105040789019811181881897497,0.03716381740404748356025635674,0.3351458646616541353383458647,0.0308462060763489502628508568,True,0.578183
2022-01-12,0,1825.168,1793.860775,1801.5944625,True,True,偏多,False,1877.118,1752.928,0.02846313325677417092563533877,0.03957991812260569985886230747,0.4998676691729323308270676692,0.0615921870457112139435704785,True,0.578183
2022-01-13,1,1820.728,1794.103883333333333333333333,1801.9444625,True,True,偏多,False,1877.118,1752.928,0.03097112803230356209164685774,0.03723785211190249175055252624,0.4300834586466165413533834586,0.0480078639661284866962610328,True,3.697619
2022-01-14,0,1817.418,1794.303883333333333333333333,1802.208475,True,True,偏多,False,1870.814,1752.928,0.02938014259790538005015907183,0.03548440699938043972272751783,0.2523473684210526315789473684,0.0188750807336889580951258215,True,0.578183
2022-01-16,0,1816.268,1794.3048,1802.513641666666666666666667,True,True,偏多,False,1870.814,1752.928,0.03003191159013978113362124973,0.03487370806510933408505793198,0.2246842105263157894736842105,0.0151210727739296011767849620,True,0.578183
2022-01-17,0,1818.938,1794.30955,1802.835558333333333333333333,True,True,偏多,False,1865.668,1752.928,0.02569081518996249459849648531,0.03629040681980364366459989290,0.2916503759398496240601503759,0.0249482459085403324266422122,True,0.578183
2022-01-18,0,1814.158,1794.3413,1803.178433333333333333333333,True,True,偏多,False,1848.984,1752.928,0.01919678440356352644036517216,0.03375119476914359168275310089,0.2558323308270676691729323308,0.0193384711039610221523748848,False,0.578183
2022-01-19,0,1838.414,1794.541016666666666666666667,1803.561220833333333333333333,True,True,偏多,True,1848.984,1752.928,0.005749521054561159782290604837,0.04649986346927297115883582262,0.6364954887218045112781954887,0.0925050209315749205441650409,True,0.578183
2022-01-20,0,1838.808,1794.7556,1803.987345833333333333333333,True,True,偏多,True,1847.804,1752.928,0.004892299794214512880083184324,0.04670416922267033861066517004,0.8911736842105263157894736842,0.1526069721533112242698791087,True,0.578183
2022-01-21,0,1834.328,1794.963183333333333333333333,1804.281025,True,True,偏多,False,1847.804,1752.928,0.007346559612021405114025408760,0.04437592404411860910371536606,1.002481203007518796992481203,0.1815224745289578295600006218,True,0.578183
2022-01-23,0,1834.598,1795.0241,1804.526233333333333333333333,True,True,偏多,False,1847.804,1752.928,0.007198307204085036612925556443,0.04451656439176320916080798082,1.248079699248120300751879699,0.2594781591668149461862611508,True,0.578183
2022-01-24,0,1843.538,1795.15785,1804.804829166666666666666667,True,True,偏多,True,1847.804,1752.928,0.002314028785953964605014922394,0.04915005820330256278959262028,1.805490225563909774436090226,0.4786534586249530322660758965,True,0.578183
2022-01-25,0,1849.398,1795.3741,1805.1273,True,True,偏多,True,1853.748,1752.928,0.002352116742853620475419568962,0.05216292004208937178476455582,2.413724812030075187969924812,0.7201287760252092053846134624,True,0.578183
2022-01-26,0,1821.828,1795.5926,1805.314758333333333333333333,True,True,偏多,False,1853.748,1752.928,0.01752086366001620350549009017,0.03781915746162645430852967459,2.212362406015037593984962406,0.6330339020280309344158128438,False,0.578183
2022-01-27,0,1797.158,1795.64685,1805.330133333333333333333333,True,False,盤整,False,1853.748,1752.928,0.03148860589886921461552072773,0.02461108038358341336710517384,1.785909774436090225563909774,0.3778514234370221617357329387,False,0.578183
2022-01-28,0,1791.028,1795.61655,1805.363383333333333333333333,False,False,偏空,False,1853.748,1752.928,0.03501899467791681648751443305,0.02127269925428301511757493462,1.239893233082706766917293233,0.1620516214081101294865517842,False,0.578183
2022-01-30,0,1789.408,1795.636216666666666666666667,1805.415841666666666666666667,False,False,偏空,False,1853.748,1752.928,0.03595602568000143064074822511,0.02038663066220783633469840305,0.4011097744360902255639097744,0.0166835862032746872143264178,False,0.578183
2022-01-31,0,1797.748,1795.723466666666666666666667,1805.511466666666666666666667,True,False,盤整,False,1853.748,1752.928,0.03115008332647289831500299263,0.02493119169093777325854346660,-0.2441924812030075187969924812,0.0062647283022014631699403155,False,0.578183
2022-02-01,0,1800.578,1795.787133333333333333333333,1805.5973125,True,False,盤整,False,1853.748,1752.928,0.02952940666830317820166635380,0.02646372442626756519295470677,-0.8639834586466165413533834586,0.0813533477097182249018812119,False,0.578183
2022-02-02,0,1807.755,1795.821608333333333333333333,1805.7321875,True,True,偏多,False,1853.748,1752.928,0.02544205381813354132611996648,0.03032877795940268454519556024,-1.294193233082706766917293233,0.1884322132360008345364139764,True,0.578183
2022-02-03,0,1805.608,1795.910275,1805.823033333333333333333333,True,False,盤整,False,1853.748,1752.928,0.02666137943562500830745100819,0.02917576794077119729199250336,-1.457205263157894736842105263,0.2325029231947309922541862391,True,0.578183
2022-02-04,0,1807.558,1796.358441666666666666666667,1805.966741666666666666666667,True,True,偏多,False,1853.748,1752.928,0.02555381348758933323301382307,0.03022309657560089358128480525,-1.497518045112781954887218045,0.2436510919360676797794785889,True,0.578183
2022-02-06,0,1809.934,1796.828825,1806.139683333333333333333333,True,True,偏多,False,1853.748,1752.928,0.02420751253913126113990896906,0.03149617610365902845076118798,-1.547512030075187969924812030,0.2586743947059102916094233387,True,0.578183
2022-02-07,0,1821.878,1797.394358333333333333333333,1806.360070833333333333333333,True,True,偏多,True,1853.748,1752.928,0.01749293860510967254667985452,0.03784556375344562039829231156,-1.462909022556390977443609023,0.2302255602763059212016841355,True,0.578183
2022-02-08,0,1825.838,1797.902358333333333333333333,1806.4991125,True,True,偏多,False,1853.748,1752.928,0.01528613162832628086391016070,0.03993234887213432955169078527,-1.346599248120300751879699248,0.1927641155723119252609990508,True,0.578183
2022-02-09,0,1832.508,1798.383058333333333333333333,1806.723779166666666666666667,True,True,偏多,False,1853.748,1752.928,0.01159067245545449187670667741,0.04342682269327064329323528192,-1.107236842105263157894736842,0.1259759957945641124582680277,True,0.578183
2022-02-10,0,1826.708,1798.881925,1806.896820833333333333333333,True,True,偏多,False,1853.748,1752.928,0.01480258475903100002846650915,0.04038959702371698158654804161,-1.046611278195488721804511278,0.1116851345325274316313451736,True,0.578183
2022-02-11,0,1857.898,1799.813425,1807.077070833333333333333333,True,True,偏多,False,1865.378,1752.928,0.004026055251687659925356505040,0.05649933419380396555677437620,-0.1762969924812030075187969925,0.0027018159501782020851656895,True,0.578183
2022-02-13,0,1859.404,1800.726141666666666666666667,1807.1970125,True,True,偏多,False,1865.378,1775.418,0.003212857453248460259308896829,0.04516823670380401461973836778,0.6924533834586466165413533835,0.0360713019996143674123909626,True,0.578183
2022-02-14,0,1870.948,1801.738641666666666666666667,1807.341983333333333333333333,True,True,偏多,True,1874.018,1780.158,0.001640879383072111036757836134,0.04852620169026611108379281519,1.624409774436090225563909774,0.1579524092142997269870533935,True,0.578183
2022-02-15,0,1852.848,1802.585675,1807.411829166666666666666667,True,True,偏多,False,1879.378,1780.158,0.01431849779366683073840919493,0.03923149659335250382114452993,2.246990225563909774436090226,0.2829832951486928349781067171,True,0.578183
2022-02-16,0,1869.788,1803.706866666666666666666667,1807.5549125,True,True,偏多,False,1879.378,1780.158,0.005128923706858745483445182021,0.04793591572948377035257473040,3.225284962406015037593984962,0.5096762480686584849803130882,True,0.578183
2022-02-17,0,1899.878,1805.133116666666666666666667,1807.898079166666666666666667,True,True,偏多,False,1901.016,1780.158,0.0005989858296164280022190898573,0.06301457251465620424048280995,4.686489473684210526315789474,0.7904377026387760311632761307,True,0.578183
2022-02-18,0,1897.768,1806.3397,1808.201495833333333333333333,True,True,偏多,False,1902.358,1780.158,0.002418630728308202056310360381,0.06197280173340471543413104236,5.606325563909774436090225564,0.9039308724617170377424186978,True,0.578183
2022-02-20,0,1904.758,1807.5452,1808.460120833333333333333333,True,True,偏多,False,1906.348,1780.158,0.0008347517112410080440664903363,0.06541513410102490710105955717,6.122296992481203007518796992,0.9295524358845579823444898228,True,0.578183
2022-02-21,0,1909.448,1808.765116666666666666666667,1808.7203,True,True,偏多,False,1914.023,1780.158,0.002395980408997783652657731449,0.06771066821405977015346843695,6.446674436090225563909774436,0.9410191602491934364886922454,True,0.578183
2022-02-22,0,1898.148,1809.850058333333333333333333,1808.842270833333333333333333,True,True,偏多,False,1914.023,1780.158,0.008363415286900705319079439538,0.06216059021741191940775956353,6.405969172932330827067669173,0.9385799252696726722886546466,False,0.578183
2022-02-23,0,1910.623,1811.111683333333333333333333,1809.011429166666666666666667,True,True,偏多,False,1914.023,1780.158,0.001779524270355794942277989954,0.06828400997999081974832292922,6.511643609022556390977443609,0.9440463639805633405441357740,False,0.578183
2022-02-24,0,1906.398,1812.2991,1809.180566666666666666666667,True,True,偏多,False,1974.398,1780.158,0.03566936180168044658040975704,0.06621912108594322906339599601,6.431908270676691729323308271,0.9387024602788621539210514921,False,0.578183
2022-02-25,0,1888.528,1813.4116,1809.241483333333333333333333,True,True,偏多,False,1974.398,1780.158,0.04546927554158582769225555565,0.05738331653012293172248438996,6.051080451127819548872180451,0.8931756407250978146887558373,False,0.578183
2022-02-27,0,1910.038,1814.690183333333333333333333,1809.3629,True,True,偏多,False,1974.398,1780.158,0.03369566469358201250446326199,0.06799864714733424151770802466,5.822175187969924812030075188,0.8780801407268523016417299755,False,0.578183
2022-02-28,0,1906.178,1815.95935,1809.4576625,True,True,偏多,False,1974.398,1780.158,0.03578889274768673229887240331,0.06611134951720143659196570310,5.411878947368421052631578947,0.8475147895325960635689474516,False,0.578183
2022-03-01,0,1942.188,1817.534266666666666666666667,1809.727829166666666666666667,True,True,偏多,True,1974.398,1780.158,0.01658438832903920732699409120,0.08342652719510160705348812782,5.405226315789473684210526316,0.8475903706093131457677294851,True,0.578183
2022-03-02,0,1928.668,1818.93735,1809.854829166666666666666667,True,True,偏多,False,1974.398,1780.158,0.02371066456227821480939176675,0.07700132941491226068976101641,5.195142105263157894736842105,0.8374927914652297487962877707,False,0.578183
2022-03-03,0,1934.807,1820.130425,1810.0162,True,True,偏多,False,1974.398,1780.158,0.02046250607941774037410449724,0.07992993616417554825881857984,4.974697744360902255639097744,0.8297778960629735607923156687,False,0.578183
2022-03-04,0,1969.848,1821.585091666666666666666667,1810.31595,True,True,偏多,True,1974.398,1780.158,0.002309822889887950745438226706,0.09629677010611986305542356568,5.196291729323308270676691729,0.8215177482332633957711497190,True,0.578183
2022-03-06,0,1988.608,1823.434675,1810.674116666666666666666667,True,True,偏多,False,1991.358,1780.158,0.001382876866632337796086508754,0.1048220664907312049433573635,5.387780451127819548872180451,0.8070565216461706082169531206,True,0.578183
2022-03-07,0,1998.608,1825.332458333333333333333333,1811.069366666666666666666667,True,True,偏多,True,2002.518,1780.158,0.001956361627692874240471368072,0.1093010735471888434350307814,5.971141353383458646616541353,0.8070938857520041495458229077,True,0.578183
2022-03-08,0,2043.648,1827.663825,1811.634575,True,True,偏多,False,2070.358,1780.158,0.01306976543905799824627333083,0.1289312053739195791055993987,7.010115789473684210526315789,0.7760986488519093549732297776,True,0.578183
2022-03-09,0,1989.728,1829.506575,1812.0134625,True,True,偏多,False,2070.358,1780.158,0.04052312677913765097540970424,0.1053259541002589298637803760,7.184019548872180451127819549,0.7893323842274546056617645200,False,0.578183
2022-03-10,0,1995.168,1831.288241666666666666666667,1812.3779625,True,True,偏多,False,2070.358,1780.158,0.03768604949558132447994354360,0.1077653611124476735793677525,6.971231578947368421052631579,0.7793629699949009548288438385,False,0.578183
2022-03-11,0,1988.248,1832.985608333333333333333333,1812.867045833333333333333333,True,True,偏多,False,2070.358,1780.158,0.04129766508001013958017309712,0.1046599820545525507884328313,6.713045112781954887218045113,0.7599788783455240722914195775,False,0.578183
2022-03-13,0,1974.108,1834.506275,1813.214545833333333333333333,True,True,偏多,False,2070.358,1780.158,0.04875619773588881661996202842,0.09824690442468193229549751077,6.549828571428571428571428571,0.7385630340437850505424561786,False,0.578183
2022-03-14,0,1952.058,1835.820858333333333333333333,1813.4764625,True,True,偏多,False,2070.358,1780.158,0.06060270750151890978649199973,0.08806090802629839892052387788,5.926672180451127819548872180,0.6421118846852945190079164017,False,0.578183
2022-03-15,0,1917.853,1836.73815,1813.556441666666666666666667,True,True,偏多,False,2070.358,1780.158,0.07951860752622854827768343038,0.07179643069620038657811625813,4.843602255639097744360902256,0.4402854157507662919431050165,False,0.578183
2022-03-16,0,1926.898,1837.850066666666666666666667,1813.696495833333333333333333,True,True,偏多,False,2070.358,1780.158,0.07445126830792288953540872428,0.07615348606931970451990712534,3.944107518796992481203007519,0.3008016068044286523852359444,False,0.578183
2022-03-17,0,1943.778,1839.077233333333333333333333,1813.9264125,True,True,偏多,False,2070.358,1780.158,0.06512060533661765901250039871,0.08417627938993033155020789411,3.081093984962406015037593985,0.1986961762669746570765216471,False,0.578183
2022-03-18,0,1921.198,1840.091516666666666666666667,1814.022120833333333333333333,True,True,偏多,False,2070.358,1780.158,0.07763905646372732014087043605,0.07341252697535600182802605458,2.023866165413533834586466165,0.0877863075355684756013825569,False,0.578183
2022-03-20,0,1918.938,1841.224433333333333333333333,1814.1966625,True,True,偏多,False,2070.358,1780.158,0.07890822944774661818151498381,0.07232125269289575796612501290,0.8517398496240601503759398496,0.0160538170928740377577902972,False,0.578183
2022-03-21,0,1935.488,1842.520516666666666666666667,1814.454595833333333333333333,True,True,偏多,False,2070.358,1780.158,0.06968268467693935586270749289,0.08025366212552079888896237021,-0.3849729323308270676691729323,0.0037632750063755538799015011,False,0.578183
2022-03-22,0,1919.543,1843.583558333333333333333333,1814.674533333333333333333333,True,True,偏多,False,2070.358,1780.158,0.07856818003035097416416303256,0.07261363772522939053722682951,-1.580456390977443609022556391,0.0653109397099857371582779189,False,0.578183
2022-03-23,0,1945.968,1844.907975,1815.0419625,True,True,偏多,False,2070.358,1780.158,0.06392191444052522960295338875,0.08520695098788880392688882859,-2.473680451127819548872180451,0.1763872618883704398558220498,True,0.578183
2022-03-24,0,1959.155,1846.424566666666666666666667,1815.627241666666666666666667,True,True,偏多,False,2070.358,1780.158,0.05676069529975933501943439901,0.09136438923923834510286322420,-2.669774436090225563909774436,0.2074504810421701202211627063,True,0.578183
2022-03-25,0,1957.688,1847.81185,1816.381616666666666666666667,True,True,偏多,False,2070.358,1780.158,0.05755258243397313565798022974,0.09068350012872326948931596863,-3.125813533834586466165413534,0.2957674142662183577065124913,True,0.578183
2022-03-27,0,1957.063,1848.974141666666666666666667,1817.1893875,True,True,偏多,False,2070.358,1780.158,0.05789031829838896346208578876,0.09039310436097356089201011925,-3.537488721804511278195488722,0.3896095591232904045024000601,True,0.578183
2022-03-28,0,1923.918,1849.87585,1817.8336375,True,True,偏多,False,2070.358,1785.458,0.07611551012049370087498531642,0.07196772419614557377185514144,-3.902852631578947368421052632,0.4506984612853135768465595298,True,0.578183
2022-03-29,0,1916.268,1850.640516666666666666666667,1818.386845833333333333333333,True,True,偏多,False,2070.358,1785.458,0.08041150820240175173827460460,0.06826289433419542569202220149,-4.012224060150375939849624060,0.4654171754676833824292955419,True,0.578183
2022-03-30,0,1933.958,1851.508391666666666666666667,1819.0390125,True,True,偏多,False,2070.358,1788.538,0.07052893599550765838761751806,0.07519294627908155192615351523,-3.602204511278195488721804511,0.4062906852060419850530281222,True,0.578183
2022-03-31,0,1936.675,1852.24365,1819.7033875,True,True,偏多,False,2070.358,1788.538,0.06902706959092258639162482089,0.07649037654743310054603895852,-2.344994736842105263157894737,0.2974253722331442922666320305,True,0.578183
2022-04-01,0,1924.778,1852.76515,1820.326845833333333333333333,True,True,偏多,False,2070.358,1788.538,0.07563469657279956441729903397,0.07078218890698044138077222412,-1.948248872180451127819548872,0.2385444589067435932976690455,True,0.578183
2022-04-03,0,1924.578,1853.266233333333333333333333,1820.925345833333333333333333,True,True,偏多,False,2070.358,1792.018,0.07574647533121546645550349219,0.06887743702775361663699782498,-1.370796240601503759398496241,0.1587656807207434207706715317,False,0.578183
2022-04-04,0,1931.428,1853.81615,1821.5486375,True,True,偏多,False,2070.358,1806.678,0.07193123429918174532004299410,0.06458951615074442329716665597,-0.6985992481203007518796992481,0.0608822326143017801692378781,True,0.578183
2022-04-05,0,1920.518,1854.30165,1822.1423875,True,True,偏多,False,2070.358,1808.638,0.07802061735427629420812509958,0.05825511658833710488524450174,-0.3200789473684210526315789474,0.0171102890956531880128353685,False,0.578183
2022-04-06,0,1923.632,1854.913516666666666666666667,1822.818529166666666666666667,True,True,偏多,False,2070.358,1815.314,0.07627550383857203456794230913,0.05630910693937301937168855582,-0.1646443609022556390977443609,0.0048879651667893445860939384,False,0.578183
2022-04-07,0,1932.848,1855.467433333333333333333333,1823.504820833333333333333333,True,True,偏多,True,2070.358,1820.838,0.07114372159631797223578884630,0.05795075453424169929554729601,-0.3748857142857142857142857143,0.0268688758813272677025543801,True,0.578183
2022-04-08,0,1947.138,1856.198183333333333333333333,1824.220279166666666666666667,True,True,偏多,False,2070.358,1820.838,0.06328262300874411572266577921,0.06486443179682179691424028497,-0.2607172932330827067669172932,0.0124456264509311191906841749,True,0.578183
2022-04-10,0,1944.578,1857.026541666666666666666667,1824.876945833333333333333333,True,True,偏多,False,2070.358,1820.838,0.06468241438502338296535289405,0.06363334358405782642815047789,0.05296992481203007518796992481,0.0005113813484518059522804258,True,0.578183
2022-04-11,0,1952.638,1857.924541666666666666666667,1825.570820833333333333333333,True,True,偏多,False,2070.358,1844.398,0.06028767236937927050482475502,0.05543270181160051171799381145,0.1240706766917293233082706767,0.0026957608995602382645948357,True,0.578183
2022-04-12,0,1965.758,1859.231458333333333333333333,1826.2984875,True,True,偏多,False,2070.358,1844.398,0.05321102597573048157504636888,0.06173699916266396982741517521,0.2996375939849624060150375940,0.0137444680659822245106047465,True,0.578183
2022-04-13,0,1977.062,1860.784325,1827.055295833333333333333333,True,True,偏多,False,2070.358,1844.398,0.04718921308487037836952002517,0.06710158811408038796962361322,0.8276,0.0784810115045150158334400361,True,0.578183
2022-04-14,0,1973.218,1862.315075,1827.763504166666666666666667,True,True,偏多,False,2070.358,1850.188,0.04922922860018507838464883252,0.06234992788429864313015591790,0.9863676691729323308270676692,0.1015637419005676743763618342,True,0.578183
2022-04-17,0,1986.622,1863.932525,1828.525895833333333333333333,True,True,偏多,False,2070.358,1867.698,0.04214994095504831820044276163,0.05986241972554416491914415525,1.673143609022556390977443609,0.2262801286934440847230047293,True,0.578183
2022-04-18,0,1977.058,1865.469133333333333333333333,1829.230979166666666666666667,True,True,偏多,False,2070.358,1877.938,0.04719133176669576714491937009,0.05013509972899125872887897067,2.370372932330827067669172932,0.4125402789884773627393413951,True,0.578183
2022-04-19,0,1949.618,1866.754075,1829.827854166666666666666667,True,True,偏多,False,2070.358,1877.938,0.06193008066195531637479752444,0.03676617675872914591473816922,2.625517293233082706766917293,0.5138999050732879515072979710,False,0.578183
2022-04-20,0,1956.662,1868.17055,1830.451454166666666666666667,True,True,偏多,False,2070.358,1877.938,0.05810712325378629523136852456,0.04023382679277258923615831452,2.983557142857142857142857143,0.6643280438200459021328434394,False,0.578183
2022-04-21,0,1950.848,1869.6518,1831.055204166666666666666667,True,True,偏多,False,2070.358,1877.938,0.06126053900662686175447805262,0.03737349091266977232465061348,2.735800751879699248120300752,0.5878478381891619845650095843,False,0.578183
2022-04-22,0,1930.708,1870.893991666666666666666667,1831.4904125,True,True,偏多,False,2070.358,1877.938,0.07233097910196673966234148302,0.02733194247913200753298789874,2.039044360902255639097744361,0.3545681790730681649093721844,False,0.578183
2022-04-24,0,1932.508,1872.257516666666666666666667,1831.919995833333333333333333,True,True,偏多,False,2070.358,1877.938,0.07133217559772068213947885339,0.02823791673824894903410490409,1.625603759398496240601503759,0.2242131879657163327698935721,False,0.578183
2022-04-25,0,1899.258,1873.2281,1832.285454166666666666666667,True,True,偏多,False,2070.358,1882.828,0.09008781324074980860946748678,0.008650746765315718033042377602,0.7822436090225563909774436090,0.0409529793551648048656840543,False,0.578183
2022-04-26,0,1906.453,1874.25875,1832.664058333333333333333333,True,True,偏多,False,2070.358,1889.998,0.08597379531517430537233280862,0.008631211994211239406374035972,-0.08991203007518796992481203008,0.0004887687053533642792469789,False,0.578183
2022-04-27,0,1885.513,1875.13115,1832.972954166666666666666667,True,True,偏多,False,2070.358,1881.248,0.09803432805819954569393051122,0.002261983873884719967457132356,-1.236812030075187969924812030,0.0727729097875909043920992478,False,0.578183
2022-04-28,0,1895.428,1876.054733333333333333333333,1833.330370833333333333333333,True,True,偏多,False,2070.358,1871.938,0.09229050114274981692789174793,0.01239297931654486480098426318,-2.075166917293233082706766917,0.1791438937155943832469831486,False,0.578183
2022-04-29,0,1895.748,1876.991341666666666666666667,1833.719120833333333333333333,True,True,偏多,False,2070.358,1871.938,0.09210612380970466538801570673,0.01255968620301854465888926165,-3.027078195488721804511278195,0.3471409489451344274557476220,False,0.578183
2022-05-01,0,1897.118,1877.998841666666666666666667,1834.094454166666666666666667,True,True,偏多,False,2070.358,1871.938,0.09131746153902920113561728896,0.01327276426664024061761050182,-3.873001503759398496240601504,0.5237647075714504527318502897,False,0.578183
2022-05-02,0,1863.098,1878.672258333333333333333333,1834.3502875,False,True,盤整,False,2070.358,1854.468,0.1112448191131116022882317516,0.004632069810605775970990253867,-5.019538345864661654135338346,0.6877291059431451707200841843,False,0.578183
2022-05-03,0,1868.278,1879.382091666666666666666667,1834.633954166666666666666667,False,True,盤整,False,2070.358,1850.308,0.1081637743419341232942848976,0.009618482902437431688431807258,-5.761556390977443609022556391,0.7812968845845480985962374138,False,0.578183
2022-05-04,0,1893.814,1880.283308333333333333333333,1835.034770833333333333333333,True,True,偏多,False,2070.358,1850.308,0.09322140400271621183495316858,0.02297268897579170921748387117,-6.060609022556390977443609023,0.8346842156376984578559207119,True,0.578183
2022-05-05,0,1874.078,1881.130975,1835.344229166666666666666667,False,True,盤整,False,2070.358,1850.308,0.1047341679481857211919674635,0.01268357026761959747673255862,-6.438004511278195488721804511,0.8824210949764762479450619056,True,0.578183
2022-05-06,0,1883.148,1881.996,1835.6521875,True,True,偏多,False,2059.068,1850.308,0.09341804255427613761637428391,0.01743888425126437221078746864,-6.360535338345864661654135338,0.8732097756120175877068120933,True,0.578183
2022-05-08,0,1881.128,1882.683333333333333333333333,1835.864645833333333333333333,False,True,盤整,False,2009.062,1850.308,0.06800919448331001399160503698,0.01638378674922705950897546578,-6.009213533834586466165413534,0.8405582027009931366939086313,True,0.578183
2022-05-09,0,1854.565,1883.157141666666666666666667,1836.036175,False,True,盤整,False,1998.268,1850.308,0.07748609512203670402493307056,0.002295416984575897852056951361,-5.953796240601503759398496241,0.8379518815018116965422746280,True,0.578183
2022-05-10,0,1833.463,1883.436433333333333333333333,1836.118041666666666666666667,False,False,偏空,False,1998.268,1833.218,0.08988727888154819595486791934,0.0001336269125692746458477754937,-5.809768421052631578947368421,0.8417968367182517375592426169,False,0.578183
2022-05-11,0,1853.963,1883.956833333333333333333333,1836.291241666666666666666667,False,True,盤整,False,1998.268,1831.838,0.07783596544267604046035438679,0.01193389512088428949229299614,-5.293579699248120300751879699,0.8304573959046688658926983255,True,0.578183
2022-05-12,0,1821.248,1884.213441666666666666666667,1836.3337,False,False,偏空,False,1998.268,1810.734,0.09719708683276522472502372000,0.005772964472713216431809396634,-5.492906015037593984962406015,0.8311487157017738484563060809,False,0.578183
2022-05-13,0,1810.678,1884.272691666666666666666667,1836.3302,False,False,偏空,False,1998.268,1798.968,0.1036020761283894762072549620,0.006467190742915084846670694624,-5.538973684210526315789473684,0.8297762311702534904537010556,False,0.578183
2022-05-15,0,1813.078,1884.31205,1836.370504166666666666666667,False,False,偏空,False,1998.268,1798.968,0.1021412206204035347624316218,0.007782345822959629977309304950,-5.423030827067669172932330827,0.8313160156114315953730811274,False,0.578183
2022-05-16,0,1826.254,1884.471016666666666666666667,1836.6358625,False,False,偏空,False,1998.268,1786.638,0.09418952675805227531329157938,0.02169249184396036914908879050,-5.229686466165413533834586466,0.8199016593964887903099433403,True,0.578183
2022-05-17,0,1814.428,1884.488966666666666666666667,1837.033583333333333333333333,False,False,偏空,False,1998.268,1786.638,0.1013211877241753323912549850,0.01531612166478912362463542229,-5.019790225563909774436090226,0.8160401867581073033703644335,False,0.578183
2022-05-18,0,1815.938,1884.568216666666666666666667,1837.385845833333333333333333,False,False,偏空,False,1998.268,1786.638,0.1004054103168720517991253005,0.01613491209501645981305529154,-5.135758646616541353383458647,0.8282626758869703074231279701,True,0.578183
2022-05-19,0,1841.944,1884.880375,1837.8655375,False,True,盤整,False,1998.268,1786.638,0.08486902967734089635732682427,0.03002588569467909990748904418,-4.641314285714285714285714286,0.7517540833141413405220098109,True,0.578183
2022-05-20,0,1845.738,1885.131625,1838.255133333333333333333333,False,True,盤整,False,1998.268,1786.638,0.08263903110842383913643214801,0.03201971244022716116805310396,-4.326295488721804511278195489,0.6830364561505162526241376025,True,0.578183
2022-05-22,0,1846.218,1885.274625,1838.642175,False,True,盤整,False,1998.268,1786.638,0.08235755474163939469770092156,0.03227137856959470658394620787,-3.788054887218045112781954887,0.5796852223195511999352843225,True,0.578183
2022-05-23,0,1853.758,1885.486325,1838.952758333333333333333333,False,True,盤整,False,1998.268,1786.638,0.07795515919553685000954817188,0.03620753086433072709598556014,-3.063047368421052631578947368,0.4321748984865482504746815095,True,0.578183
2022-05-24,0,1867.345,1886.013966666666666666666667,1839.3217875,False,True,盤整,False,1998.268,1786.638,0.07011184328552035108670331406,0.04322018694992087696703073080,-2.059165413533834586466165414,0.2264977898446973191047267578,True,0.578183
2022-05-25,0,1853.908,1886.3483,1839.598870833333333333333333,False,True,盤整,False,1998.268,1786.638,0.07786794166700828735838024325,0.03628551147090362628566250321,-1.739627067669172932330827068,0.1642329421600871557051614846,True,0.578183
2022-05-26,0,1852.628,1886.70205,1839.8762875,False,True,盤整,False,1998.268,1786.638,0.07861265186535019442651196031,0.03561967108345550212994729649,-1.342765413533834586466165414,0.1012601971357751006106209532,True,0.578183
2022-05-27,0,1852.838,1887.21505,1840.148995833333333333333333,False,True,盤整,False,1998.268,1786.638,0.07849040229097201158439108006,0.03572897360697481377217004401,-0.5161699248120300751879699248,0.0184781279915988356863848805,True,0.578183
2022-05-29,0,1849.753,1887.664591666666666666666667,1840.4441,False,True,盤整,False,1998.268,1786.638,0.08028909805795692722217506878,0.03412077180034307283188620318,0.01635112781954887218045112782,0.0000203727434678852603556213,True,0.578183
2022-05-30,0,1852.358,1888.142175,1840.743683333333333333333333,False,True,盤整,False,1998.268,1786.638,0.07876987061896242518994708366,0.03547910285160859833790228455,0.7658759398496240601503759398,0.0542333288674882696903231802,True,0.578183
2022-05-31,0,1836.328,1888.435841666666666666666667,1840.984475,False,False,偏空,False,1998.268,1786.638,0.08818685986381517898763183919,0.02705943600489672868899238045,1.300806766917293233082706767,0.2009830494109139848149835695,False,0.578183
2022-06-01,0,1845.864,1888.646475,1841.155875,False,True,盤整,False,1998.268,1786.638,0.08256512939198120771627812233,0.03208578746863257531432434892,1.619918796992481203007518797,0.3223181323686230801533644302,False,0.578183
2022-06-02,0,1869.718,1889.017725,1841.43925,False,True,盤整,False,1998.268,1786.638,0.06875368371059165071952026990,0.04443450830553056664160049804,1.959696992481203007518796992,0.4097175885440865328871584272,True,0.578183
2022-06-03,0,1850.338,1889.264475,1841.684179166666666666666667,False,True,盤整,False,1998.268,1786.638,0.07994755552769277829239846990,0.03442614268312059742598379323,2.291783458646616541353383459,0.5676330581515944301791457862,False,0.578183
2022-06-05,0,1851.458,1889.548141666666666666666667,1841.9260125,False,True,盤整,False,1998.268,1786.638,0.07929426430413220283689935175,0.03501024597911483814377641837,2.128768421052631578947368421,0.5172847005739324628736812448,False,0.578183
2022-06-06,0,1839.288,1889.739975,1842.0223875,False,False,偏空,False,1998.268,1786.638,0.08643562074019946848998090565,0.02862520714537364458420867205,1.579572932330827067669172932,0.3470545444553312717027954249,False,0.578183
2022-06-07,0,1853.458,1890.027641666666666666666667,1842.168595833333333333333333,False,True,盤整,False,1998.268,1786.638,0.07812963660358098214256810783,0.03605153178545184190847594065,1.227678195488721804511278195,0.2612905809266481181898727091,False,0.578183
2022-06-08,0,1852.643,1890.34835,1842.344825,False,True,盤整,False,1998.268,1786.638,0.07860391883379582574732422814,0.03562747922832407538851251968,1.011460902255639097744360902,0.1968283961945833633722956134,False,0.578183
2022-06-09,0,1846.794,1890.418183333333333333333333,1842.4796,False,True,盤整,False,1998.268,1786.638,0.08201997623990547944167026750,0.03257320524108265458952108356,0.4852774436090225563909774436,0.0673871494165526270456522557,False,0.578183
2022-06-10,0,1871.038,1890.686766666666666666666667,1842.721183333333333333333333,False,True,盤整,False,1998.268,1786.638,0.06799968787378984285728029041,0.04510865091997062593063315657,0.2806082706766917293233082707,0.0332673080684619651665177792,True,0.578183
2022-06-12,0,1876.883,1891.041391666666666666666667,1843.0022875,False,True,盤整,False,1998.268,1786.638,0.06467371700846563158172352779,0.04808237913604630656252947040,0.4872030075187969924812030075,0.0768490693027336596978041798,True,0.578183
2022-06-13,0,1820.878,1890.927058333333333333333333,1842.975579166666666666666667,False,False,偏空,False,1998.268,1786.638,0.09742003582886936961180265784,0.01880411537730699146236046567,-0.09890827067669172932330827068,0.0021520567287253005480237632,False,0.578183
2022-06-14,0,1810.773,1890.654016666666666666666667,1842.905933333333333333333333,False,False,偏空,False,1998.268,1786.638,0.1035441769896060964019233775,0.01332856189041917457351087077,-0.7844142857142857142857142857,0.0882084401327247957526538468,False,0.578183
2022-06-15,0,1833.708,1890.523266666666666666666667,1842.948683333333333333333333,False,False,偏空,True,1981.848,1786.638,0.08078712641271129318299314831,0.02566929958313973653384290192,-0.9699240601503759398496240602,0.1280364937263055197557471109,False,0.578183
2022-06-16,0,1850.634,1890.763316666666666666666667,1843.177958333333333333333333,False,True,盤整,True,1958.208,1786.638,0.05812818742117566196233290861,0.03458058157366610577780371484,-0.6689518796992481203007518797,0.0653796959733233707024581727,True,0.578183
2022-06-17,0,1838.778,1891.11015,1843.3785,False,False,偏空,False,1957.278,1786.638,0.06444497378150054003256510574,0.02835578846386023761432864653,-0.7243849624060150375939849624,0.0757360574811140923764132835,False,0.578183
2022-06-19,0,1838.318,1891.504233333333333333333333,1843.560391666666666666666667,False,False,偏空,False,1955.482,1786.638,0.06373434846419389898809672755,0.02811265515541924737722200403,-0.7838481203007518796992481203,0.0876044935974752788232174215,False,0.578183
2022-06-20,0,1838.988,1891.9174,1843.776808333333333333333333,False,False,偏空,False,1934.328,1786.638,0.05184373144359832690588519338,0.02846674366553778491213645766,-0.8089052631578947368421052632,0.0928355262051357306914981348,True,0.578183
2022-06-21,0,1831.325,1892.197208333333333333333333,1843.9603375,False,False,偏空,False,1932.663,1786.638,0.05533589068024517767190422235,0.02440145796076611196811052107,-0.9713172932330827067669172932,0.1284045123273361723692088087,False,0.578183
2022-06-22,0,1836.428,1892.495958333333333333333333,1844.141545833333333333333333,False,False,偏空,False,1919.838,1786.638,0.04541969519088142851230758843,0.02711241605987275297479672495,-0.9919864661654135338345864662,0.1333299491758649614214742342,True,0.578183
2022-06-23,0,1824.448,1892.635066666666666666666667,1844.2283375,False,False,偏空,False,1919.838,1786.638,0.05228430736310379906689585014,0.02072407654260357105272389238,-1.412948872180451127819548872,0.2533350630084486527686497129,False,0.578183
2022-06-24,0,1825.858,1892.803816666666666666666667,1844.357045833333333333333333,False,False,偏空,False,1919.838,1786.638,0.05147169166495970661464363603,0.02148031226962885394154419456,-1.645335338345864661654135338,0.3243825210612583878353566048,False,0.578183
2022-06-26,0,1830.928,1892.998566666666666666666667,1844.678504166666666666666667,False,False,偏空,False,1919.838,1786.638,0.04856007445404734648222103764,0.02418991899189918991899189919,-1.398566917293233082706766917,0.2647426572417923681669496154,True,0.578183
2022-06-27,0,1823.443,1893.111141666666666666666667,1844.969983333333333333333333,False,False,偏空,False,1909.633,1786.638,0.04726772375116743435358275526,0.02018434357421646851587902665,-1.506396240601503759398496241,0.2955390315217976264465070778,False,0.578183
2022-06-28,0,1818.298,1893.081308333333333333333333,1845.237833333333333333333333,False,False,偏空,False,1909.633,1786.638,0.05023104023652888580419711180,0.01741188738039639267050835452,-1.629597744360902255639097744,0.3283852073102098732871776089,False,0.578183
2022-06-29,0,1818.763,1893.02235,1845.462354166666666666666667,False,False,偏空,False,1909.633,1786.638,0.04996252947745253229805092802,0.01766310398880997689088682803,-1.888449624060150375939849624,0.4138082063746629062847087468,False,0.578183
2022-06-30,0,1806.428,1892.805016666666666666666667,1845.5940375,False,False,偏空,False,1909.633,1786.638,0.05713208608369666546355570219,0.01095532177313460597377808581,-2.068914285714285714285714286,0.4521478497784544976204013728,False,0.578183
2022-07-01,0,1810.598,1892.670766666666666666666667,1845.776345833333333333333333,False,False,偏空,False,1909.633,1784.397,0.05469739831812473006155977196,0.01447090961107877066030118226,-2.131954135338345864661654135,0.4670452645979247322024181486,False,0.578183
2022-07-03,0,1807.924,1892.254316666666666666666667,1846.033870833333333333333333,False,False,偏空,False,1892.373,1784.397,0.04671048119279350238173728542,0.01301326825685150481989287160,-2.262321052631578947368421053,0.4998816713427072295284927037,False,0.578183
2022-07-04,0,1809.108,1891.835183333333333333333333,1846.2806625,False,False,偏空,False,1885.558,1784.397,0.04225839474481346608383800193,0.01365921769181276076386816044,-1.934522556390977443609022556,0.4559115727931258201532678460,False,0.578183
2022-07-05,0,1769.364,1890.98865,1846.363645833333333333333333,False,False,偏空,False,1881.988,1763.748,0.06365225018707286912133399346,0.003174021851919672831593725203,-1.989078195488721804511278195,0.4498431516860353765994902974,False,0.578183
2022-07-06,0,1739.818,1890.046733333333333333333333,1846.316204166666666666666667,False,False,偏空,False,1878.763,1732.128,0.07986180163672292159294822792,0.004420002551991070330344898145,-3.188326315789473684210526316,0.5490004207602438846961220393,False,0.578183
2022-07-07,0,1741.628,1888.978733333333333333333333,1846.3428,False,False,偏空,False,1878.763,1732.128,0.07873954713635747702724117894,0.005454666553362715803834113829,-4.399375187969924812030075188,0.7197647305648621007650359051,False,0.578183
2022-07-08,0,1741.838,1887.661733333333333333333333,1846.397425,False,False,偏空,False,1878.763,1732.128,0.07860949181267144246479867818,0.005574571228782470011562498924,-5.141315037593984962406015038,0.7842203580536406890276248954,False,0.578183
2022-07-10,0,1741.828,1886.362233333333333333333333,1846.350966666666666666666667,False,False,偏空,False,1878.763,1732.128,0.07861568421221842799633488496,0.005568862137937844609226628576,-5.477994736842105263157894737,0.8030188213692299524780876359,False,0.578183
2022-07-11,0,1733.104,1884.931783333333333333333333,1846.238491666666666666666667,False,False,偏空,False,1878.763,1731.128,0.08404515828248045125970513022,0.001140150850727942466233994036,-5.962884962406015037593984962,0.8367387420344447966047075917,False,0.578183
2022-07-12,0,1725.218,1883.396533333333333333333333,1846.080825,False,False,偏空,False,1878.763,1723.048,0.08900034662286157459521057629,0.001257812056215504359449066727,-6.408787218045112781954887218,0.8640177438997666006041119162,False,0.578183
2022-07-13,0,1731.914,1882.01125,1845.930654166666666666666667,False,False,偏空,True,1878.763,1706.948,0.08479000689410675125901170612,0.01441526542310992347195068577,-6.578378195488721804511278195,0.8768550644879966741181330270,True,0.578183
2022-07-14,0,1711.504,1880.351925,1845.731804166666666666666667,False,False,偏空,False,1878.763,1697.438,0.09772632725369032149501257374,0.008218502556815525993512139031,-6.999521804511278195488721805,0.9006326830152123214033270268,False,0.578183
2022-07-15,0,1707.798,1878.696925,1845.4980125,False,False,偏空,False,1878.763,1697.438,0.1001084437386623008107516229,0.006066291212426762415695533078,-7.212852631578947368421052632,0.9104420394568159313452557033,True,0.578183
2022-07-17,0,1710.174,1877.210641666666666666666667,1845.311120833333333333333333,False,False,偏空,False,1878.763,1697.438,0.09858002752936250931191796858,0.007447195431575968293284776871,-7.387969924812030075187969925,0.9228683056127036413688829191,True,0.578183
2022-07-18,0,1708.144,1875.528191666666666666666667,1845.1091875,False,False,偏空,False,1878.763,1697.438,0.09988560683408424582470798715,0.006267621465169212900083365337,-7.397983458646616541353383459,0.9235310946074531435916157217,True,0.578183
2022-07-19,0,1709.888,1873.892441666666666666666667,1844.925895833333333333333333,False,False,偏空,False,1878.763,1697.438,0.09876377868024104502751057379,0.007281178650297563349178425721,-7.126016541353383458646616541,0.9072743923792802405119070589,True,0.578183
2022-07-20,0,1695.308,1871.835108333333333333333333,1844.6846875,False,False,偏空,False,1878.763,1692.338,0.1082133747967920873375221494,0.001751894051110476680343630774,-6.998504511278195488721804511,0.9014095413268065130659709574,True,0.578183
2022-07-21,0,1718.036,1870.079841666666666666666667,1844.508595833333333333333333,False,False,偏空,False,1878.763,1680.748,0.09355275442423790886803303307,0.02170385253859639728154706886,-6.434859398496240601503759398,0.8505192398586427940056334244,True,0.578183
2022-07-22,0,1726.618,1868.344933333333333333333333,1844.237679166666666666666667,False,False,偏空,False,1878.763,1680.748,0.08811734848125062984400718630,0.02656638584794088790919589625,-5.590502255639097744360902256,0.7640647578760050219724410307,True,0.578183
2022-07-24,0,1724.598,1866.301183333333333333333333,1843.9431375,False,False,偏空,False,1878.763,1680.748,0.08939184667963200699525338659,0.02542621526871769537016742452,-4.831201503759398496240601504,0.6728081432791910322780901722,True,0.578183
2022-07-25,0,1718.878,1864.053433333333333333333333,1843.744054166666666666666667,False,False,偏空,False,1878.763,1680.748,0.09301707276490827155853993128,0.02218307523861495696611394177,-3.964720300751879699248120301,0.5877623589412762763456739932,True,0.578183
2022-07-26,0,1717.814,1861.713483333333333333333333,1843.522970833333333333333333,False,False,偏空,False,1878.763,1680.748,0.09369407863715163574170428230,0.02157742339973943628355572839,-3.017735338345864661654135338,0.5000801975444417540881890770,True,0.578183
2022-07-27,0,1738.628,1859.17165,1843.4177375,False,False,偏空,False,1878.763,1680.748,0.08060091060307322785552746188,0.03329061765944181273970049947,-1.619209022556390977443609023,0.3138527791430778665263619713,True,0.578183
2022-07-28,0,1754.738,1857.2134,1843.3599875,False,False,偏空,False,1878.763,1680.748,0.07068006733768801952200271494,0.04216583900274570904602282506,-0.5120917293233082706766917293,0.0389397763299898547083476896,True,0.578183
2022-07-29,0,1765.698,1855.30115,1843.294695833333333333333333,False,False,偏空,False,1878.763,1680.748,0.06403416665817144268159107616,0.04811128516881142754876541742,0.3070751879699248120300751880,0.0106494631407921885421664418,True,0.578183
2022-07-31,0,1762.078,1853.4164,1843.201004166666666666666667,False,False,偏空,False,1878.763,1680.748,0.06622011057399275173970732283,0.04615573203910383081793200982,1.064189473684210526315789474,0.1088653526339690835846678918,True,0.578183
2022-08-01,0,1772.158,1851.733483333333333333333333,1843.119879166666666666666667,False,False,偏空,False,1878.763,1680.748,0.06015547146473395713023330877,0.05158117955622467071220511941,1.937867669172932330827067669,0.2877263832825046568674522924,True,0.578183
2022-08-02,0,1756.648,1850.105066666666666666666667,1842.9629625,False,False,偏空,False,1878.763,1680.748,0.06951591895473652091938737869,0.04320729024824552215355609092,2.544222556390977443609022556,0.4640072015591752197655639104,True,0.578183
2022-08-03,0,1763.615,1848.81975,1842.77895,False,False,偏空,False,1878.763,1680.748,0.06529089398763335535250040400,0.04698701247154282538989518687,3.090072932330827067669172932,0.6114670416582745098970294667,True,0.578183
2022-08-04,0,1793.264,1847.706133333333333333333333,1842.7781,False,False,偏空,False,1878.763,1680.748,0.04767786561264822134387351779,0.06274368971885901908475271906,3.889083458646616541353383459,0.7184319359256866691542782203,True,0.578183
2022-08-05,0,1774.718,1846.2973,1842.687266666666666666666667,False,False,偏空,False,1878.763,1680.748,0.05862621554523028447336421899,0.05294925729045403269702566830,4.426552631578947368421052632,0.8390393602435831842067136495,False,0.578183
2022-08-07,0,1774.438,1845.0743,1842.582908333333333333333333,False,False,偏空,False,1878.763,1680.748,0.05879326299369152373878377266,0.05279981605443526344679273099,4.573391729323308270676691729,0.8615364902899368594676793213,False,0.578183
2022-08-08,0,1789.034,1843.991766666666666666666667,1842.6081,False,False,偏空,False,1878.763,1680.748,0.05015499984908056526594799204,0.06052763670226502123492342795,4.775591729323308270676691729,0.8798702383045373843945756826,False,0.578183
2022-08-09,0,1793.968,1842.812433333333333333333333,1842.666475,False,False,偏空,False,1877.363,1680.748,0.04648633643409469957100684070,0.06311149362753404743005449373,4.963633834586466165413533835,0.8960542277398331539116610666,False,0.578183
2022-08-10,0,1791.528,1841.745641666666666666666667,1842.6646,False,False,偏空,False,1857.418,1680.748,0.03677866045074372267695509085,0.06183548345323098494692798550,4.958760150375939849624060150,0.8956191859314775494166782531,False,0.578183
2022-08-11,0,1788.828,1840.436141666666666666666667,1842.672058333333333333333333,False,False,偏空,False,1857.418,1680.748,0.03834354113419512664157761395,0.06041944781723005230240134882,4.817462406015037593984962406,0.8811019028985279205346620257,False,0.578183
2022-08-12,0,1801.778,1839.124666666666666666666667,1842.774616666666666666666667,False,False,偏空,False,1857.418,1680.748,0.03088060793283079269477149793,0.06717253734921838317484173966,4.512247368421052631578947368,0.8817810963424145974898052973,False,0.578183
2022-08-14,0,1799.015,1837.802391666666666666666667,1842.807120833333333333333333,False,False,偏空,False,1852.953,1680.748,0.02998196235162019216071016640,0.06573986320291937532483053226,4.366318796992481203007518797,0.8702045680877493527919593921,False,0.578183
2022-08-15,0,1778.384,1836.3134,1842.643770833333333333333333,False,False,偏空,False,1847.778,1680.748,0.03902081890075484259867385222,0.05490152857875464466616883643,3.939393984962406015037593985,0.7878246517333011540055688203,False,0.578183
2022-08-16,0,1775.488,1835.076483333333333333333333,1842.476166666666666666666667,False,False,偏空,False,1847.778,1680.748,0.04071556664984500036046427799,0.05335997765121476461682647250,3.361359398496240601503759398,0.6742815234337537820346064283,False,0.578183
2022-08-17,0,1764.865,1833.814791666666666666666667,1842.227654166666666666666667,False,False,偏空,False,1847.778,1680.748,0.04697979732160816833015556431,0.04766200247611007074195476708,2.464725563909774436090225564,0.4808597403845398180133290361,False,0.578183
2022-08-18,0,1758.378,1832.351625,1841.930008333333333333333333,False,False,偏空,False,1847.778,1680.748,0.05084231035647625254638081232,0.04414864153213927835766826018,1.389466917293233082706766917,0.2334010917892773658340037402,False,0.578183
2022-08-19,0,1746.498,1830.766816666666666666666667,1841.505233333333333333333333,False,False,偏空,False,1846.238,1680.748,0.05710856811745561689735688217,0.03764676512655611400642886508,0.4121375939849624060150375940,0.0226400510089061675966163174,False,0.578183
2022-08-21,0,1745.538,1829.27315,1841.01915,False,False,偏空,False,1840.948,1680.748,0.05465936576574099217547827661,0.03711749615304851570117637084,-0.3363721804511278195488721805,0.0138132352070657511939312538,False,0.578183
2022-08-22,0,1735.084,1827.694033333333333333333333,1840.480133333333333333333333,False,False,偏空,False,1840.948,1680.748,0.06101376071706038439637504582,0.03131606308397749042697644610,-1.047337593984962406015037594,0.1058013229826687929518861357,False,0.578183
2022-08-23,0,1745.868,1826.1477,1839.981925,False,False,偏空,False,1840.948,1680.748,0.05446001645027000895829467062,0.03729949801474109153727544121,-1.615367669172932330827067669,0.2311572684185317701684794169,False,0.578183
2022-08-24,0,1750.908,1824.734283333333333333333333,1839.517966666666666666666667,False,False,偏空,False,1832.958,1680.748,0.04686139991364480600922492787,0.04007063763487287738704717781,-1.927863909774436090225563910,0.3109517284293144246007796447,False,0.578183
2022-08-25,0,1756.255,1823.339475,1839.126495833333333333333333,False,False,偏空,False,1832.958,1680.748,0.04367418171051470316098744203,0.04299318720800794873181855710,-2.376914285714285714285714286,0.4719831731512297017098233034,True,0.578183
2022-08-26,0,1737.338,1821.710225,1838.588829166666666666666667,False,False,偏空,False,1825.008,1680.748,0.05046225892716328083539299779,0.03257282117814725747091239586,-2.985611278195488721804511278,0.6568979660573471989344683933,False,0.578183
2022-08-28,0,1734.654,1819.939525,1838.068854166666666666666667,False,False,偏空,False,1814.198,1680.748,0.04585583061521202499172745689,0.03107593791038443401393015552,-3.124994736842105263157894737,0.6787989446351716846539824640,False,0.578183
2022-08-29,0,1739.348,1818.229275,1837.627908333333333333333333,False,False,偏空,False,1814.198,1680.748,0.04303336652584761646318045612,0.03369078528276112658306445864,-3.402017293233082706766917293,0.7531834793463649826910618809,True,0.578183
2022-08-30,0,1723.198,1816.317275,1837.120908333333333333333333,False,False,偏空,False,1814.198,1680.748,0.05280878923954182862329227402,0.02463442970569835851712919815,-3.860987218045112781954887218,0.8413524486017177662354564661,False,0.578183
2022-08-31,0,1708.818,1814.176108333333333333333333,1836.703783333333333333333333,False,False,偏空,False,1812.058,1680.748,0.06041603026185351511980796082,0.01642655917716222558517056819,-4.217869924812030075187969925,0.8644128954009425997277230281,False,0.578183
2022-09-01,0,1697.018,1811.842408333333333333333333,1836.313366666666666666666667,False,False,偏空,False,1807.768,1680.748,0.06526153523415779915121701714,0.009587405672774242818874048478,-4.544793233082706766917293233,0.8696735769481489088263491518,False,0.578183
2022-09-02,0,1711.278,1809.659575,1835.987325,False,False,偏空,False,1807.768,1680.748,0.05638476039544714534984964453,0.01784046776736450769541827804,-4.560739097744360902255639098,0.8710935750822549339436276550,True,0.578183
2022-09-04,0,1707.995,1807.337683333333333333333333,1835.635104166666666666666667,False,False,偏空,False,1807.768,1680.748,0.05841527639132433057473821645,0.01595262281212767016296886115,-4.545539849624060150375939850,0.8697723702538634792848301280,True,0.578183
2022-09-05,0,1713.928,1805.144933333333333333333333,1835.307033333333333333333333,False,False,偏空,False,1807.768,1680.748,0.05475142479730770487441712837,0.01935903958626033298948380562,-4.119556390977443609022556391,0.8479734028874619126106804077,True,0.578183
2022-09-06,0,1703.374,1803.0929,1834.9234875,False,False,偏空,False,1807.768,1680.748,0.06128659941973988096565991967,0.01328304881957808443712302759,-3.755865413533834586466165414,0.8531352793783819835664562599,True,0.578183
2022-09-07,0,1716.528,1801.091783333333333333333333,1834.631166666666666666666667,False,False,偏空,False,1807.768,1680.748,0.05315380815227016395887512467,0.02084440218860397267041376546,-3.386191729323308270676691729,0.8047500466047382808850056555,True,0.578183
2022-09-08,0,1710.558,1799.089366666666666666666667,1834.370583333333333333333333,False,False,偏空,False,1807.768,1680.748,0.05682940888294930660053619930,0.01742706181257811778378751261,-3.054513533834586466165413534,0.7714178219091639700093750735,True,0.578183
2022-09-09,0,1715.938,1797.299616666666666666666667,1834.096804166666666666666667,False,False,偏空,False,1807.768,1680.748,0.05351591957285169977003831141,0.02050773396241589148325871914,-2.716070676691729323308270677,0.7066954519902436039426261366,True,0.578183
2022-09-11,0,1718.335,1795.514841666666666666666667,1833.886179166666666666666667,False,False,偏空,False,1807.768,1680.748,0.05204631227321796972068892271,0.02187408159642910142667174911,-2.372236842105263157894736842,0.6210027874321523747021156529,True,0.578183
2022-09-12,0,1725.155,1794.063983333333333333333333,1833.646041666666666666666667,False,False,偏空,False,1807.768,1680.748,0.04788729128686987546046587118,0.02574087545756758088403650686,-2.058338345864661654135338346,0.5048557262941786769627248114,True,0.578183
2022-09-13,0,1702.064,1792.360741666666666666666667,1833.309745833333333333333333,False,False,偏空,False,1807.768,1680.748,0.06210342266800778349110256724,0.01252361838332753644986322488,-2.057374436090225563909774436,0.5046349804725318915216080081,False,0.578183
2022-09-14,0,1697.384,1790.793,1832.962075,False,False,偏空,False,1807.768,1680.748,0.06503183722716839560170238438,0.009800964307428372130289904936,-2.222956390977443609022556391,0.5483241968596605261969051268,False,0.578183
2022-09-15,0,1662.355,1788.850725,1832.452729166666666666666667,False,False,偏空,False,1807.768,1660.24,0.08747409548501974608311702374,0.001272291417898102390885220064,-2.661987218045112781954887218,0.5589107533385078551205627288,False,0.578183
2022-09-16,0,1673.898,1787.001975,1831.996658333333333333333333,False,False,偏空,False,1807.768,1654.048,0.07997500445068934905233174303,0.01185854813136762216096799208,-2.730955639097744360902255639,0.5645952870127670855884366827,False,0.578183
2022-09-18,0,1677.848,1785.174725,1831.586783333333333333333333,False,False,偏空,False,1807.768,1654.048,0.07743252070509366760278642642,0.01418483676709690031516561691,-2.543264661654135338345864662,0.5510454169951638680733083567,False,0.578183
2022-09-19,0,1675.635,1783.612533333333333333333333,1831.142395833333333333333333,False,False,偏空,False,1807.768,1654.048,0.07885547866928060108555860912,0.01288287723758455749611341372,-2.567972180451127819548872180,0.5546009928375063620802810359,False,0.578183
2022-09-20,0,1666.281,1781.929225,1830.655658333333333333333333,False,False,偏空,False,1807.768,1654.048,0.08491184860176644875624219444,0.007341498822827602307173880036,-2.675900751879699248120300752,0.5670096110012770623109575002,False,0.578183
2022-09-21,0,1666.938,1780.038591666666666666666667,1830.16095,False,False,偏空,True,1807.768,1653.649,0.08448424596475693757056351226,0.007972102141771319629164372040,-2.597511278195488721804511278,0.5594201565606841578988342780,False,0.578183
2022-09-22,0,1672.605,1778.35965,1829.7453125,False,False,偏空,True,1807.768,1653.649,0.08080987441745062342872345832,0.01133321973807324502796535942,-2.584277443609022556390977444,0.5568255339477655860622229808,True,0.578183
2022-09-23,0,1643.598,1776.3634,1829.1797,False,False,偏空,False,1807.768,1639.617,0.09988452164093653070884729721,0.002422125118185833762270336177,-3.136402255639097744360902256,0.6307875069359053039155573966,False,0.578183
2022-09-25,0,1643.925,1774.386708333333333333333333,1828.535020833333333333333333,False,False,偏空,False,1807.768,1639.617,0.09966573900877473120732393509,0.002620557507185546785893517040,-3.772096240601503759398496241,0.7500672503141927138476863761,False,0.578183
2022-09-26,0,1627.508,1772.494566666666666666666667,1827.825854166666666666666667,False,False,偏空,False,1807.768,1621.033,0.1107582881313025803867016322,0.003978475067403662531919965985,-4.337321804511278195488721805,0.7936095180929727028798429158,False,0.578183
2022-09-27,0,1628.718,1770.788358333333333333333333,1827.112395833333333333333333,False,False,偏空,True,1807.768,1621.033,0.1099330884781773149188502859,0.004718434989973709383699326710,-4.811128571428571428571428571,0.8429028083758624106808196951,False,0.578183
2022-09-28,0,1656.095,1769.139458333333333333333333,1826.548145833333333333333333,False,False,偏空,True,1807.768,1614.71,0.09158472189095432327251757900,0.02498950845211174479724895009,-4.680942857142857142857142857,0.8203962291121014176102550965,True,0.578183
2022-09-29,0,1664.455,1767.83285,1826.023145833333333333333333,False,False,偏空,False,1807.768,1614.71,0.08610205743020988852206878528,0.02988665959728559798853078035,-4.511003759398496240601503759,0.7812560718450830868673989559,True,0.578183
2022-09-30,0,1659.978,1766.577016666666666666666667,1825.424854166666666666666667,False,False,偏空,False,1807.768,1614.71,0.08903130041482477478617186493,0.02727024093090390354570964194,-4.138802255639097744360902256,0.7154683800724471135680674976,True,0.578183
2022-10-02,0,1664.085,1765.335408333333333333333333,1824.823729166666666666666667,False,False,偏空,False,1807.768,1614.71,0.08634354615299098303271767969,0.02967096031753185684625484876,-3.717154887218045112781954887,0.6285593878212394336049843529,True,0.578183
2022-10-03,0,1700.918,1764.290941666666666666666667,1824.380979166666666666666667,False,False,偏空,False,1807.768,1614.71,0.06281901890626120718341507351,0.05068321929687380579193118069,-2.614490225563909774436090226,0.3362931465882829185074105354,True,0.578183
2022-10-04,0,1725.424,1763.549241666666666666666667,1824.019104166666666666666667,False,False,偏空,False,1807.768,1614.71,0.04772392177227162714787785495,0.06416625710549986554029618227,-1.101306015037593984962406015,0.0566793428739439062743257629,True,0.578183
2022-10-05,0,1718.248,1762.735158333333333333333333,1823.6516875,False,False,偏空,False,1807.768,1614.71,0.05209958050293089239737220704,0.06025789059553684916263542865,0.4063879699248120300751879699,0.0081125376496540087358067154,True,0.578183
2022-10-06,0,1711.825,1761.650833333333333333333333,1823.265604166666666666666667,False,False,偏空,False,1807.768,1614.71,0.05604720108655966585369415682,0.05673185051042016561272326318,1.468116541353383458646616541,0.1007468691006931462355750577,True,0.578183
2022-10-07,0,1694.458,1760.390166666666666666666667,1822.760895833333333333333333,False,False,偏空,False,1802.548,1614.71,0.06379030934965635029018128511,0.04706401693048750691961677421,2.193172180451127819548872180,0.2270827295426638450449141204,True,0.578183
2022-10-09,0,1696.568,1759.143083333333333333333333,1822.208854166666666666666667,False,False,偏空,False,1802.548,1614.71,0.06246728689919885321425371692,0.04824917126811303761476109416,2.399681203007518796992481203,0.2630849159333958361349630973,True,0.578183
2022-10-10,0,1669.998,1757.61175,1821.5490375,False,False,偏空,False,1802.308,1614.71,0.07922763979358059111448037662,0.03310662647500176646918140022,2.357428571428571428571428571,0.2537108848447231128046060396,False,0.578183
2022-10-11,0,1663.955,1755.916833333333333333333333,1820.9654,False,False,偏空,False,1801.588,1614.71,0.08271437629022419476488246377,0.02959515131118329522132509593,2.297080451127819548872180451,0.2399690940346799505185056066,False,0.578183
2022-10-12,0,1674.438,1754.42125,1820.384775,False,False,偏空,False,1783.038,1614.71,0.06485758206634106488266510913,0.03567047570587862912810148838,2.372439097744360902255639098,0.2560773952721945942533752548,False,0.578183
2022-10-13,0,1663.345,1752.843891666666666666666667,1819.772970833333333333333333,False,False,偏空,False,1782.194,1614.71,0.07145180344426441898704117306,0.02923927387282854729475845360,2.143431578947368421052631579,0.2083885470158194141747934883,False,0.578183
2022-10-14,1,1643.618,1751.100391666666666666666667,1819.157720833333333333333333,False,False,偏空,False,1772.294,1614.71,0.07828826406135732268690170100,0.01758802836182129910964713212,1.647398496240601503759398496,0.1169615360814129677668510332,False,3.697619
2022-10-16,0,1647.398,1749.4141,1818.539345833333333333333333,False,False,偏空,False,1765.368,1614.71,0.07160989633349075329701747847,0.01984219963846016566731293834,1.329912030075187969924812030,0.0736826609217169367252886158,False,0.578183
2022-10-17,1,1650.568,1747.732516666666666666666667,1817.937345833333333333333333,False,False,偏空,False,1765.368,1614.71,0.06955181489038924782256774638,0.02172464266846321993398636106,0.6376112781954887218045112782,0.0172842580365532500850030138,False,3.697619
2022-10-18,1,1652.198,1746.1981,1817.316970833333333333333333,False,False,偏空,False,1765.368,1614.71,0.06849663297014038269021025325,0.02268977447013009336653355106,-0.03672180451127819548872180451,0.0000587234365506320490590141,False,3.697619
2022-10-19,1,1627.018,1744.374383333333333333333333,1816.510429166666666666666667,False,False,偏空,False,1765.368,1614.71,0.08503286380359651829297524674,0.007564759578566432577881744394,-1.342425563909774436090225564,0.0782592237675390019398634188,False,3.697619
2022-10-20,1,1626.828,1742.3503,1815.6840125,False,False,偏空,False,1765.368,1614.71,0.08515958663116199131069787341,0.007448851384411873904309490616,-2.631001503759398496240601504,0.2974597874966918721478804873,False,3.697619
2022-10-21,1,1657.298,1740.741633333333333333333333,1815.003054166666666666666667,False,False,偏空,True,1765.368,1614.71,0.06520855030296301570387462001,0.02569724937820476462289823556,-3.049181203007518796992481203,0.4003984712481876751879455863,True,3.697619
2022-10-23,0,1661.148,1739.155716666666666666666667,1814.351929166666666666666667,False,False,偏空,False,1758.684,1614.71,0.05871602048703667584104486777,0.02795536580726100263191479627,-3.282169924812030075187969925,0.4623910302137521697435936212,True,0.578183
2022-10-24,1,1651.588,1737.59155,1813.6657625,False,False,偏空,False,1745.418,1614.71,0.05681198943077813595158114493,0.02232881323913712136440807272,-3.717446616541353383458646617,0.5840121553793503214417288063,True,3.697619
2022-10-25,1,1652.598,1735.917716666666666666666667,1812.972679166666666666666667,False,False,偏空,True,1745.418,1614.71,0.05616610936234946429803255238,0.02292632570050308665507280052,-4.060830827067669172932330827,0.6854605382194128599469010187,True,3.697619
2022-10-26,1,1667.358,1734.373675,1812.3610125,False,False,偏空,False,1740.334,1614.71,0.04376744526370461532556295649,0.03157570239864504203656323357,-3.594510526315789473684210526,0.5744399110038645286951230838,True,3.697619
2022-10-27,1,1661.728,1732.831458333333333333333333,1811.624820833333333333333333,False,False,偏空,False,1735.035,1614.71,0.04411492133489957441891813823,0.02829464268520479885998189836,-2.771215789473684210526315789,0.4452403268423767735407345207,True,3.697619
2022-10-28,1,1644.498,1730.943625,1810.815195833333333333333333,False,False,偏空,False,1735.035,1614.71,0.05505449079293498684704998121,0.01811373440405521928272335996,-2.211585714285714285714285714,0.3727690229044445298703048736,True,3.697619
2022-10-30,0,1643.368,1728.997666666666666666666667,1810.019529166666666666666667,False,False,偏空,False,1735.035,1614.71,0.05577995920572872296405917603,0.01743857736063985668456486922,-1.658612030075187969924812030,0.2946799166642091819789496941,True,0.578183
2022-10-31,1,1632.248,1727.42575,1809.176404166666666666666667,False,False,偏空,False,1735.035,1614.71,0.06297266101719836691483156971,0.01074469075777700447481020041,-1.435768421052631578947368421,0.2593248643814474795532546047,False,3.697619
2022-11-01,1,1646.688,1726.058375,1808.356195833333333333333333,False,False,偏空,False,1735.035,1614.71,0.05365132921354865038185740104,0.01941958646689597543675547523,-0.8797744360902255639097744361,0.1495391033257017536011809931,True,3.697619
2022-11-02,1,1633.578,1724.390625,1807.456945833333333333333333,False,False,偏空,False,1735.035,1614.71,0.06210722720310875881041492968,0.01155010657587210405624953323,-0.8555849624060150375939849624,0.1438778789518477776374319720,False,3.697619
2022-11-03,1,1629.588,1722.548575,1806.655945833333333333333333,False,False,偏空,False,1735.035,1614.71,0.06470776662567471041760248603,0.009129915046011629933455572820,-0.9290443609022556390977443609,0.1616250038312858690186321526,False,3.697619
2022-11-04,1,1681.148,1721.234991666666666666666667,1806.172570833333333333333333,False,False,偏空,False,1735.035,1614.71,0.03205369188197588790516956270,0.03951942363194674115544853874,-0.04873157894736842105263157895,0.0004004008160757591995496211,True,3.697619
2022-11-06,0,1672.527,1719.8534,1805.678816666666666666666667,False,False,偏空,False,1735.035,1614.71,0.03737338769418969021127910043,0.03456864971387606896630069350,0.5231812030075187969924812030,0.0423968638549938885285486419,True,0.578183
2022-11-07,1,1673.918,1718.477816666666666666666667,1805.197608333333333333333333,False,False,偏空,False,1735.035,1614.71,0.03651134643393523458138331746,0.03537090825237556439443270220,0.7896789473684210526315789474,0.0858518495776361941482828057,True,3.697619
2022-11-08,1,1711.367,1717.478166666666666666666667,1804.8376875,False,False,偏空,False,1735.035,1614.71,0.01382987985627863573388992542,0.05647941090368109236651168335,1.605282706766917293233082707,0.2064696275522805433532011488,True,3.697619
2022-11-09,1,1706.348,1716.394166666666666666666667,1804.4450625,False,False,偏空,False,1731.71,1614.71,0.01486332213593006819242030348,0.05370416820015612290107293471,2.303045112781954887218045113,0.3239480634293205572094708070,True,3.697619
2022-11-10,0,1752.078,1715.791083333333333333333333,1804.213075,True,False,盤整,False,1756.998,1614.71,0.002808094160191498323704766569,0.07840290215389954100216999471,3.595950375939849624060150376,0.4415284101182832592969418147,True,0.578183
2022-11-11,0,1771.198,1715.335583333333333333333333,1804.0697,True,False,盤整,False,1772.448,1614.71,0.0007057370209315954512143758067,0.08835149994523480717570819299,4.614224060150375939849624060,0.4842393850279390828404551324,True,0.578183
2022-11-13,0,1763.348,1714.772416666666666666666667,1803.885491666666666666666667,True,False,盤整,False,1772.448,1614.71,0.005160637605282678178102110304,0.08429306070044029879524631553,5.300542857142857142857142857,0.5267524806232815806014472855,True,0.578183
2022-11-14,0,1769.298,1714.321208333333333333333333,1803.716175,True,False,盤整,False,1774.938,1614.71,0.003187704954168263345123320096,0.08737250593173111595672407927,6.347673684210526315789473684,0.6192672608253679726355535616,True,0.578183
2022-11-15,0,1780.648,1714.007458333333333333333333,1803.544383333333333333333333,True,False,盤整,True,1786.367,1614.71,0.003211752126192262592045143116,0.09318967027733723902758995602,7.449315789473684210526315789,0.7093466338364495159106127001,True,0.578183
2022-11-16,0,1773.738,1713.63225,1803.3273,True,False,盤整,False,1786.367,1614.71,0.007119991791346861825139902285,0.08965698428967525079803217837,8.121596992481203007518796992,0.7630581789461409745450212425,True,0.578183
2022-11-17,0,1759.978,1713.245166666666666666666667,1803.025091666666666666666667,True,False,盤整,False,1786.367,1614.71,0.01499393742421780272253403168,0.08253966810948773223301654907,8.429569924812030075187969925,0.7917366610547152025695482117,False,0.578183
2022-11-18,1,1750.398,1712.7435,1802.707133333333333333333333,True,False,盤整,False,1786.367,1614.71,0.02054904084671029103095410301,0.07751837010782690565231450219,8.672264661654135338345864662,0.8195787008624487648626587698,False,3.697619
2022-11-20,0,1752.157,1712.278775,1802.266545833333333333333333,True,False,盤整,False,1786.367,1614.71,0.01952450608021998028715463283,0.07844445446384085444397962055,8.726321052631578947368421053,0.8254307752347229449627922663,False,0.578183
2022-11-21,0,1738.358,1711.689191666666666666666667,1801.7621875,True,False,盤整,False,1786.367,1614.71,0.02761744128654742003660926000,0.07112919203064040893762964821,8.175212781954887218045112782,0.7674974355954085947450329948,False,0.578183
2022-11-22,1,1740.998,1711.452808333333333333333333,1801.220729166666666666666667,True,False,盤整,False,1786.367,1614.71,0.02605919133738235196134630827,0.07253770538507224017488819631,7.502833834586466165413533835,0.6991458947378998509626832139,False,3.697619
2022-11-23,1,1752.198,1711.555975,1800.801354166666666666666667,True,False,盤整,False,1786.367,1614.71,0.01950065004069174830698357149,0.07846601810982548775880351421,6.668063909774436090225563910,0.6306545971324457424392074355,False,3.697619
2022-11-24,1,1755.207,1711.669133333333333333333333,1800.323933333333333333333333,True,False,盤整,False,1786.367,1614.71,0.01775289182415521360158659349,0.08004582935232140710468907656,5.923903759398496240601503759,0.5621342085882354268017808447,False,3.697619
2022-11-25,1,1754.417,1711.773958333333333333333333,1799.717845833333333333333333,True,False,盤整,False,1786.367,1616.477,0.01821117784426393497099036318,0.07862440913420241595926168066,4.798271428571428571428571429,0.4715449939428472877996114716,False,3.697619
2022-11-27,0,1750.717,1711.848033333333333333333333,1799.105133333333333333333333,True,False,盤整,False,1786.367,1616.477,0.02036308552438800788476949730,0.07667715570249217891869445490,3.375069172932330827067669173,0.3606331529182241102493747115,False,0.578183
2022-11-28,1,1741.108,1711.914733333333333333333333,1798.423258333333333333333333,True,False,盤整,False,1786.367,1616.477,0.02599436680550545974172768145,0.07158142975622419746506247746,2.446551879699248120300751880,0.2300480728905256408880233166,False,3.697619
2022-11-29,0,1748.725,1712.110625,1797.753579166666666666666667,True,False,盤整,False,1786.367,1616.477,0.02152539707501179430728101903,0.07562538420849476046834122003,1.400562406015037593984962406,0.1086820510135717392644186123,False,0.578183
2022-11-30,0,1773.248,1712.455075,1797.2331625,True,False,盤整,False,1786.367,1616.477,0.007398288338686974410798715126,0.08840895351355253185115674739,0.6122812030075187969924812030,0.0366863077477548758398982055,True,0.578183
2022-12-01,0,1802.098,1713.210025,1796.780975,True,True,偏多,False,1804.298,1616.477,0.001220799312800968648763829714,0.1030027223824675461600867433,0.6780744360902255639097744361,0.0425108801697824381557736799,True,0.578183
2022-12-02,0,1797.248,1713.955441666666666666666667,1796.326183333333333333333333,True,True,偏多,False,1804.298,1616.477,0.003922663984046720319065593619,0.1005821122071077558578448828,0.4588969924812030075187969925,0.0238668755538513515913180053,True,0.578183
2022-12-04,0,1798.788,1714.693891666666666666666667,1795.952266666666666666666667,True,True,偏多,False,1804.298,1616.477,0.003063173648034120752417739055,0.1013521326582120850261398230,0.8470804511278195488721804511,0.0674601361539428904444202441,True,0.578183
2022-12-05,0,1769.157,1715.202333333333333333333333,1795.3652625,True,False,盤整,False,1809.758,1616.477,0.02294934819238767390344666980,0.08630098968039580432940660439,1.043618045112781954887218045,0.1027831653791039572902527532,False,0.578183
2022-12-06,0,1770.798,1715.709916666666666666666667,1794.801179166666666666666667,True,False,盤整,False,1809.758,1616.477,0.02200138016871489577015560216,0.08714771532382575539389585938,1.142720300751879699248120301,0.1223779711483556343535649352,False,0.578183
2022-12-07,0,1786.868,1716.472916666666666666666667,1794.1540125,True,False,盤整,False,1809.758,1616.477,0.01281012363532169136164506835,0.09535735152232845403241873490,1.554138345864661654135338346,0.2119996246842732271181043669,True,0.578183
2022-12-08,0,1789.078,1717.064933333333333333333333,1793.5723875,True,False,盤整,False,1809.758,1616.477,0.01155902649297571151173956641,0.09647483228791589858016251947,2.149917293233082706766917293,0.3885655864061990146987437407,True,0.578183
2022-12-09,0,1795.397,1717.638091666666666666666667,1792.9915125,True,True,偏多,False,1809.758,1616.477,0.007998788011787922114161937443,0.09965483957030116458922455591,2.714185714285714285714285714,0.5615989877765650638316648259,True,0.578183
2022-12-11,0,1794.848,1718.223508333333333333333333,1792.262345833333333333333333,True,True,偏多,False,1809.758,1616.477,0.008307110128545704148763572180,0.09937944605894203854588243684,3.020778195488721804511278195,0.6432178956714305694009887625,False,0.578183
2022-12-12,0,1781.915,1718.748816666666666666666667,1791.401125,True,False,盤整,False,1809.758,1616.477,0.01562532444027913789378281231,0.09284281236759329148696767242,2.938914285714285714285714286,0.6201053015776156776283414909,False,0.578183
2022-12-13,0,1809.575,1719.513491666666666666666667,1790.6134875,True,True,偏多,False,1824.358,1616.477,0.008169321525772626169128110192,0.1067090338891728720832239614,3.232572932330827067669172932,0.6692083915987660989024440598,True,0.578183
2022-12-14,0,1807.575,1720.08805,1789.62985,True,True,偏多,False,1824.358,1616.477,0.009284815291205067562895038933,0.1057206478292740273570944497,3.193438345864661654135338346,0.6646329161013156025819585056,True,0.578183
2022-12-15,0,1776.475,1720.269191666666666666666667,1788.741295833333333333333333,True,False,盤整,False,1824.358,1616.477,0.02695393968392462601500161837,0.09006487566669950322971052224,2.647616541353383458646616541,0.5228334507594025875151986030,False,0.578183
2022-12-16,0,1792.598,1720.493358333333333333333333,1787.897254166666666666666667,True,True,偏多,False,1824.358,1616.477,0.01771730192714707926707493816,0.09824902181080197567999071738,2.455616541353383458646616541,0.4773712209055248716674681104,False,0.578183
2022-12-18,0,1790.965,1720.734083333333333333333333,1787.075241666666666666666667,True,True,偏多,False,1824.358,1616.477,0.01864525549075498404491433389,0.09742680621899367100976289319,2.227046616541353383458646617,0.4198019157799318553461735620,False,0.578183
2022-12-19,0,1787.125,1720.858808333333333333333333,1786.296145833333333333333333,True,True,偏多,False,1824.358,1616.477,0.02083402112331258305938308736,0.09548744491851437364482059173,1.877374436090225563909774436,0.3302983513299019468712306464,False,0.578183
2022-12-20,0,1817.135,1721.362866666666666666666667,1785.733966666666666666666667,True,True,偏多,False,1824.358,1616.477,0.003974938570882185418254560063,0.1104254774686525767210471429,1.848810526315789473684210526,0.3261220881783145865211247366,True,0.578183
2022-12-21,0,1814.845,1721.789783333333333333333333,1785.304766666666666666666667,True,True,偏多,False,1824.358,1616.477,0.005241769958315999437968531748,0.1093029983276808763282814786,1.535934586466165413533834586,0.2886099074139886616564087908,True,0.578183
2022-12-22,0,1793.415,1721.791041666666666666666667,1784.7485875,True,True,偏多,False,1824.358,1616.477,0.01725367525084824204102229545,0.09865981939484168471881856681,0.9263015037593984962406015038,0.1574507593182733200041813104,False,0.578183
2022-12-23,1,1798.198,1721.986708333333333333333333,1784.142004166666666666666667,True,True,偏多,False,1824.358,1616.477,0.01454789739505883111870884074,0.1010572806776561869160125859,0.7049992481203007518796992481,0.1014874618049207970418356805,False,3.697619
2022-12-26,1,1801.685,1722.213766666666666666666667,1783.644033333333333333333333,True,True,偏多,False,1824.358,1616.477,0.01258433077924276441220302106,0.1027971038222552776983767973,0.9515187969924812030075187970,0.1852565739286956734948503733,False,3.697619
2022-12-27,1,1812.335,1722.407941666666666666666667,1783.199854166666666666666667,True,True,偏多,False,1833.215,1616.477,0.01152104881271950274093917515,0.1080694242510352666587579007,1.274223308270676691729323308,0.3021254560079402190821005623,True,3.697619
2022-12-28,1,1805.695,1722.505666666666666666666667,1782.65905,True,True,偏多,False,1833.215,1616.477,0.01524066910524756395736821556,0.1047895685594743298286809234,1.503699248120300751879699248,0.4086906335565257084191155312,False,3.697619
2022-12-29,1,1814.895,1722.700391666666666666666667,1782.223016666666666666666667,True,True,偏多,False,1833.215,1616.477,0.01009424787659892170070444847,0.1093275368547491728171602214,1.386359398496240601503759398,0.3847150490594888435091454820,True,3.697619
2022-12-30,1,1823.463,1722.989016666666666666666667,1781.712579166666666666666667,True,True,偏多,True,1833.215,1616.477,0.005348065740845852095710195381,0.1135125856680393295613895100,1.348551127819548872180451128,0.3791281976775715937292267194,True,3.697619
2023-01-02,0,1829.295,1723.218325,1781.171495833333333333333333,True,True,偏多,False,1833.215,1616.477,0.002142902046963447666997395171,0.1163388081200681136722070524,1.568598496240601503759398496,0.4293796220580868073455846882,True,0.578183
2023-01-03,0,1836.348,1723.529433333333333333333333,1780.6659125,True,True,偏多,False,1849.865,1629.198,0.007360805250420944178336568014,0.1128054159669082330800044436,1.860497744360902255639097744,0.4868310225054157052999035812,True,0.578183
2023-01-04,0,1854.648,1724.164966666666666666666667,1780.239183333333333333333333,True,True,偏多,False,1865.035,1664.557,0.005600523657319340381571058228,0.1024943816832088892339678473,2.442516541353383458646616541,0.5650214833058571448663666480,True,0.578183
2023-01-05,0,1832.725,1724.641941666666666666666667,1779.8592125,True,True,偏多,False,1865.035,1664.557,0.01762948614767627440014186526,0.09175844712109017992333819858,2.613581954887218045112781955,0.6095327064355044472553825322,False,0.578183
2023-01-06,1,1865.598,1725.481383333333333333333333,1779.6480875,True,True,偏多,False,1869.765,1664.557,0.002233600164665699684497946503,0.1077622295907264051526641860,2.993098496240601503759398496,0.6228827797151589319130281308,True,3.697619
2023-01-08,0,1869.585,1726.408108333333333333333333,1779.379866666666666666666667,True,True,偏多,False,1869.808,1702.048,0.0001192778076418028599929930974,0.08961186573490908410155194869,3.740469924812030075187969925,0.7415450335119058886023352357,True,0.578183
2023-01-09,0,1870.415,1727.44075,1779.103783333333333333333333,True,True,偏多,False,1881.445,1703.838,0.005897087010102036179136715649,0.08905884522953462199565337104,4.377878947368421052631578947,0.8379235806590490235613483475,True,0.578183
2023-01-10,0,1877.165,1728.537641666666666666666667,1778.905395833333333333333333,True,True,偏多,False,1881.445,1728.137,0.002280033987422522793680896458,0.07938993109289806703193379378,4.526167669172932330827067669,0.8407656402405709199450458091,True,0.578183
2023-01-11,0,1876.845,1729.718983333333333333333333,1778.706508333333333333333333,True,True,偏多,False,1886.548,1728.137,0.005169846204667940080294323719,0.07923296809273008692779638169,4.773045112781954887218045113,0.8614524851193373323260912569,True,0.578183
2023-01-12,1,1897.955,1730.986375,1778.5670375,True,True,偏多,False,1901.475,1728.137,0.001854627744071908975713333562,0.08947419722806915864707013601,5.169022556390977443609022556,0.8708140642679243295552059997,True,3.697619
2023-01-13,1,1919.398,1732.390458333333333333333333,1778.562370833333333333333333,True,True,偏多,False,1921.798,1728.137,0.001250392050007346053293793158,0.09964634744852292229126007217,5.649809774436090225563909774,0.8617324877061524627318540108,True,3.697619
2023-01-15,0,1916.845,1733.728708333333333333333333,1778.534091666666666666666667,True,True,偏多,False,1922.047,1728.137,0.002713834451924907856399448051,0.09844718795729440825940542923,6.369060902255639097744360902,0.9174740097033587109715414235,True,0.578183
2023-01-16,1,1917.845,1735.232933333333333333333333,1778.471579166666666666666667,True,True,偏多,False,1928.885,1728.137,0.005756461027872429732329776390,0.09891727433656004525913199450,6.9165,0.9595933099441847667883249017,True,3.697619
2023-01-17,1,1908.558,1736.682133333333333333333333,1778.310829166666666666666667,True,True,偏多,False,1928.885,1728.137,0.01065044918729218603783589495,0.09453262620260950937828454781,6.838012030075187969924812030,0.9552551558780872293123495630,False,3.697619
2023-01-18,0,1906.795,1738.077525,1778.1534,True,True,偏多,False,1928.885,1728.137,0.01158488458381734795822309163,0.09369544182777907431055776840,6.636712030075187969924812030,0.9419064576560497813607220444,False,0.578183
2023-01-19,0,1931.575,1739.814,1778.0656375,True,True,偏多,False,1935.045,1728.137,0.001796461436910293413406158187,0.1053223405769902799528881871,6.681166165413533834586466165,0.9429238658108957795958370498,False,0.578183
2023-01-20,1,1925.298,1741.618,1777.897054166666666666666667,True,True,偏多,False,1937.435,1728.137,0.006303959179306268432211532968,0.1024054458063115424209654817,6.608783458646616541353383459,0.9388188577539963024266730416,False,3.697619
2023-01-22,0,1927.165,1743.535891666666666666666667,1777.68915,True,True,偏多,False,1937.435,1728.137,0.005329071459890564637693191813,0.1032750179668061634577215755,6.288360902255639097744360902,0.9275946201647666760496304098,False,0.578183
2023-01-23,1,1931.225,1745.368783333333333333333333,1777.514179166666666666666667,True,True,偏多,False,1937.435,1739.348,0.003215575606156714002770262398,0.09935507255757356082279382257,5.988539849624060150375939850,0.9162107302760222950601729475,False,3.697619
2023-01-24,0,1936.925,1747.276533333333333333333333,1777.307108333333333333333333,True,True,偏多,False,1942.348,1739.348,0.002799798649921912309459581553,0.1020054984059785484724498884,5.730499248120300751879699248,0.9067801468586723840343447714,False,0.578183
2023-01-25,0,1948.175,1749.228591666666666666666667,1777.1867625,True,True,偏多,False,1948.725,1739.348,0.0002823155004042244664878668497,0.1071910890962054230241123102,5.554637593984962406015037594,0.9041758438823994963475815907,False,0.578183
2023-01-26,1,1930.655,1751.1226,1777.10775,True,True,偏多,False,1949.085,1739.348,0.009545983099000080283634310636,0.09908916921977256423338193515,5.061086466165413533834586466,0.8691942003924676028701875920,False,3.697619
2023-01-27,1,1927.598,1752.881516666666666666666667,1776.98665,True,True,偏多,False,1949.085,1740.057,0.01114703376948928147881456611,0.09729258901492946143334865465,4.670996240601503759398496241,0.8195046490935221406473961910,False,3.697619
2023-01-29,1,1928.875,1754.700825,1776.895095833333333333333333,True,True,偏多,False,1949.085,1744.717,0.01047761000583241526796707926,0.09547430497051390058972198821,3.843296992481203007518796992,0.7913568857610181756605163450,False,3.697619
2023-01-30,1,1921.985,1756.417883333333333333333333,1776.85875,True,True,偏多,False,1949.085,1766.0,0.01410000598339737302840552866,0.08115828167233355099025226524,3.291630075187969924812030075,0.6965657524546609352702288608,False,3.697619
2023-01-31,1,1927.198,1758.158408333333333333333333,1776.836625,True,True,偏多,False,1949.085,1766.0,0.01135690261197863426591351797,0.08364371486479334245884439482,2.792594736842105263157894737,0.6150523975024668599237408063,False,3.697619
2023-02-01,1,1952.985,1760.056991666666666666666667,1777.0604875,True,True,偏多,False,1956.025,1766.0,0.001556591576484202387627145114,0.09574318287134821824028346352,2.588414285714285714285714286,0.6094337837732864545452087869,True,3.697619
2023-02-02,1,1915.025,1761.831666666666666666666667,1777.096204166666666666666667,True,True,偏多,False,1959.625,1766.0,0.02328951319173378937611780525,0.07781882743045129959138914636,1.824361654135338345864661654,0.4108537500298360961643029338,False,3.697619
2023-02-03,1,1864.548,1763.2247,1777.00885,True,True,偏多,False,1959.625,1767.118,0.05099198304361164207089332106,0.05225395109163185930316623654,0.2772240601503759398496240602,0.0076826749798056413455951648,False,3.697619
2023-02-05,0,1865.425,1764.91695,1776.8838375,True,True,偏多,False,1959.625,1768.588,0.05049787581918329603173539542,0.05191149469959928702574480346,-0.9055774436090225563909774436,0.0592061925279406792422104231,False,0.578183
2023-02-06,0,1868.445,1766.538175,1776.770075,True,True,偏多,False,1959.625,1773.608,0.04879993791628867855355656709,0.05075718043613807203316126512,-1.657745112781954887218045113,0.1554048258398772429421980592,False,0.578183
2023-02-07,1,1872.865,1768.163316666666666666666667,1776.669020833333333333333333,True,True,偏多,False,1959.625,1773.608,0.04632474844689820141868207265,0.05299741305433119845797748369,-2.310459398496240601503759398,0.2597138022423411240238553135,False,3.697619
2023-02-08,1,1874.855,1769.823483333333333333333333,1776.718008333333333333333333,True,True,偏多,False,1959.625,1773.608,0.04521416322862301351304500881,0.05400257619922607348301601991,-2.852820300751879699248120301,0.3556162428997298651512878229,False,3.697619
2023-02-09,0,1862.305,1771.457016666666666666666667,1776.693120833333333333333333,True,True,偏多,False,1959.625,1773.608,0.05225782028185501300807332848,0.04762753684278353975315536392,-3.656457142857142857142857143,0.5025643020296413711512610251,False,0.578183
2023-02-10,0,1864.698,1773.105016666666666666666667,1776.571804166666666666666667,True,True,偏多,False,1959.625,1773.608,0.05090743916709300916287784939,0.04884973330802092349538638428,-4.384191729323308270676691729,0.6479078784649460830769561711,False,0.578183
2023-02-12,0,1862.598,1774.688291666666666666666667,1776.523970833333333333333333,True,True,偏多,False,1959.625,1773.608,0.05209229259346353856280313841,0.04777735184940604467523319578,-4.687359398496240601503759398,0.6918444819767692591676197929,True,0.578183
2023-02-13,0,1854.355,1776.4446,1776.404,True,True,偏多,False,1959.625,1773.608,0.05676906525449549843476572717,0.04354452087113848211372687538,-5.103669924812030075187969925,0.7504077539089129816015791898,True,0.578183
2023-02-14,0,1854.825,1778.2021,1776.294404166666666666666667,True,True,偏多,True,1959.625,1774.205,0.05650128718342700793875432992,0.04346501691534241774830509617,-5.377106015037593984962406015,0.7880616771377046992087417890,True,0.578183
2023-02-15,0,1836.335,1779.942325,1776.218445833333333333333333,True,True,偏多,False,1959.625,1783.785,0.06713916578402088943466197616,0.02861678288547568934862103048,-5.741797744360902255639097744,0.8211338840558250095305654792,False,0.578183
2023-02-16,0,1834.255,1781.655133333333333333333333,1776.221745833333333333333333,True,True,偏多,False,1959.625,1783.785,0.06834927531886242643471055006,0.02751525823835835257366069603,-5.903512030075187969924812030,0.8335679378374490279469202109,True,0.578183
2023-02-17,0,1841.898,1783.203491666666666666666667,1776.171475,True,True,偏多,False,1959.625,1784.505,0.06391613433534321661677248143,0.03115970591205376193469996710,-5.624018045112781954887218045,0.8143642555966921453966504239,True,0.578183
2023-02-19,0,1838.595,1784.654658333333333333333333,1776.243754166666666666666667,True,True,偏多,False,1959.625,1784.627,0.06582743888675863906950687889,0.02935284823465744223170410014,-5.508526315789473684210526316,0.8032496120339498091846742165,True,0.578183
2023-02-20,0,1841.675,1786.1688,1776.372908333333333333333333,True,True,偏多,False,1959.625,1784.627,0.06404495907258338197564716902,0.03097614942918810322125239252,-5.258866917293233082706766917,0.7761640685455202778391205009,True,0.578183
2023-02-21,0,1835.435,1787.596716666666666666666667,1776.4660625,True,True,偏多,False,1959.625,1791.065,0.06766243424583273175023904415,0.02417410586591189554519773242,-4.948979699248120300751879699,0.7481874927157812424936051424,True,0.578183
2023-02-22,0,1825.055,1788.631191666666666666666667,1776.461066666666666666666667,True,True,偏多,False,1959.625,1796.905,0.07373476415779250488341447244,0.01542419269556259948330324292,-4.755656390977443609022556391,0.7328249006603175409185991946,True,0.578183
2023-02-23,0,1823.115,1789.445283333333333333333333,1776.4972625,True,True,偏多,False,1959.625,1796.905,0.07487733905979600847999166262,0.01437649298042087306615325967,-4.361977443609022556390977444,0.7109057408634166164635011710,True,0.578183
2023-02-24,0,1810.665,1790.215425,1776.475291666666666666666667,True,True,偏多,False,1959.625,1796.905,0.08226811696255243239362333728,0.007599417893425896010581747590,-3.582476691729323308270676692,0.8190063202441478927982454904,False,0.578183
2023-02-26,0,1811.625,1791.047091666666666666666667,1776.3489625,True,True,偏多,False,1959.625,1804.205,0.08169461119160974263437521562,0.004095770371903677637480162837,-3.174615037593984962406015038,0.8799530335951839045668354251,False,0.578183
2023-02-27,0,1817.105,1792.06915,1776.229658333333333333333333,True,True,偏多,False,1959.625,1806.538,0.07843245161947163207409588329,0.005815294107935424755311333137,-3.329984210526315789473684211,0.9096477719565596586106303912,True,0.578183
2023-02-28,0,1825.395,1793.142708333333333333333333,1776.142895833333333333333333,True,True,偏多,False,1959.625,1804.594,0.07353476918694309998657824745,0.01139534183012443882009099400,-3.281734586466165413533834586,0.8977014637602000988666859446,True,0.578183
2023-03-01,0,1836.475,1794.530016666666666666666667,1776.070883333333333333333333,True,True,偏多,False,1959.625,1804.594,0.06705781456322574497338651493,0.01735988782858465266339046271,-2.967319548872180451127819549,0.8010445912713145890443653642,True,0.578183
2023-03-02,0,1837.765,1795.978433333333333333333333,1775.947633333333333333333333,True,True,偏多,False,1959.625,1804.594,0.06630880444452908832195628930,0.01804964182036332175223709234,-2.516611278195488721804511278,0.6730504029095807327109844734,True,0.578183
2023-03-03,0,1855.798,1797.489766666666666666666667,1775.955508333333333333333333,True,True,偏多,False,1959.625,1804.594,0.05594736065024318379478801033,0.02759136500847613802795347338,-1.724085714285714285714285714,0.3762823641793608776918749435,True,0.578183
2023-03-05,0,1852.255,1799.064016666666666666666667,1775.953954166666666666666667,True,True,偏多,False,1959.625,1804.594,0.05796718054479539804184629006,0.02573133828765477755492629255,-1.151675187969924812030075188,0.1810896493079823605939458215,True,0.578183
2023-03-06,0,1846.255,1800.752658333333333333333333,1775.926525,True,True,偏多,False,1959.625,1804.594,0.06140538549658633287384462060,0.02256513861844653095049167098,-0.6120819548872180451127819549,0.0591936266034137843572320934,True,0.578183
2023-03-07,0,1813.865,1802.139883333333333333333333,1775.776991666666666666666667,True,True,偏多,False,1959.625,1804.594,0.08035879186157735002329280294,0.005111185231535974286950792920,-0.5406270676691729323308270677,0.0488684074446305706600305626,False,0.578183
2023-03-08,0,1815.175,1803.511608333333333333333333,1775.6220625,True,True,偏多,False,1959.625,1804.594,0.07957910394314597766055614472,0.005829190023000537138292451141,-0.5073278195488721804511278195,0.0439934926090382304314102757,False,0.578183
2023-03-09,0,1831.415,1805.005083333333333333333333,1775.601591666666666666666667,True,True,偏多,False,1959.625,1804.594,0.07000597898346360600956091328,0.01464496031756865592997764024,-0.1756902255639097744360902256,0.0060832793006850878476678141,True,0.578183
2023-03-10,0,1867.448,1807.008666666666666666666667,1775.691525,True,True,偏多,True,1959.625,1804.594,0.04935987508085901187074553080,0.03365769756373403703878233825,0.4139601503759398496240601504,0.0248040845464619684814772662,True,0.578183
2023-03-12,0,1877.675,1809.099058333333333333333333,1775.724679166666666666666667,True,True,偏多,False,1959.625,1804.594,0.04364440065506543997230617652,0.03892100603139520950111174724,1.070081954887218045112781955,0.1173528569588334216920912537,True,0.578183
2023-03-13,0,1912.005,1811.221616666666666666666667,1775.981625,True,True,偏多,True,1959.625,1804.594,0.02490579261037497286879479918,0.05617715434844574151218223802,2.272018045112781954887218045,0.2838802667724900625890317094,True,0.578183
2023-03-14,0,1902.958,1813.2367,1776.196208333333333333333333,True,True,偏多,False,1959.625,1804.594,0.02977837661156998735652599795,0.05169005306475497620021040927,3.187134586466165413533834586,0.4219432083222161022404578731,True,0.578183
2023-03-15,0,1921.105,1815.482675,1776.5371125,True,True,偏多,True,1959.625,1804.594,0.02005096025464511309897168557,0.06064790836523771475270742619,4.313339097744360902255639098,0.5634540774706433057298972844,True,0.578183
2023-03-16,0,1921.265,1817.721566666666666666666667,1776.819641666666666666666667,True,True,偏多,True,1959.625,1804.594,0.01996601197648424345418253078,0.06072613616549512951102528803,5.223859398496240601503759398,0.6682780997083902138899391457,True,0.578183
2023-03-17,0,1987.798,1820.3919,1777.3827875,True,True,偏多,True,1988.998,1804.594,0.0006036830704125871944734827181,0.09216429435988968698026660657,6.791888721804511278195488722,0.6952179394683812395874555484,True,0.578183
2023-03-19,0,1976.895,1823.018291666666666666666667,1777.924875,True,True,偏多,False,1990.548,1804.594,0.006906284855796590107213584940,0.08715738569827937245023129706,7.928803007518796992481203008,0.7498641780490354105916125240,True,0.578183
2023-03-20,0,1976.525,1825.785183333333333333333333,1778.364404166666666666666667,True,True,偏多,False,2009.695,1804.594,0.01678197847231884241282048039,0.08698650409177723529932583701,8.632604511278195488721804511,0.7802547195355213809576641557,True,0.578183
2023-03-21,0,1943.035,1828.282408333333333333333333,1778.6400375,True,True,偏多,False,2009.695,1804.594,0.03430715349955096022459708652,0.07124987455192520978778045686,8.623721804511278195488721805,0.7796026210264289055450978906,False,0.578183
2023-03-22,0,1969.555,1831.0933,1779.259525,True,True,偏多,False,2009.695,1804.594,0.02038023817562850491608510552,0.08375546760562665170558831817,8.882613533834586466165413534,0.7942524122933272039855791944,False,0.578183
2023-03-23,0,1991.205,1833.964275,1780.011325,True,True,偏多,False,2009.695,1804.594,0.009285834457024766410289246964,0.09371762324823410949651090671,9.352437593984962406015037594,0.8164676710623240337532598542,True,0.578183
2023-03-24,0,1977.988,1836.834358333333333333333333,1780.612491666666666666666667,True,True,偏多,False,2009.695,1804.594,0.01602992535849560260224025626,0.08766180583502023268088582944,9.559056390977443609022556391,0.8302807342132787687263090720,False,0.578183
2023-03-26,0,1975.665,1839.718333333333333333333333,1781.133454166666666666666667,True,True,偏多,False,2009.695,1804.594,0.01722458007810028522041945370,0.08658907254013205680112772155,9.540056390977443609022556391,0.8289569442196246551656513682,False,0.578183
2023-03-27,1,1958.035,1842.025725,1781.630358333333333333333333,True,True,偏多,False,2009.695,1804.594,0.02638359375598495430367690057,0.07836478918916158291348213898,9.346562406015037593984962406,0.8102711321198146358949146415,False,3.697619
2023-03-28,1,1971.835,1844.519958333333333333333333,1782.186679166666666666666667,True,True,偏多,False,2009.695,1804.594,0.01920038948492140569570983373,0.08481490591251296381289509518,9.140529323308270676691729323,0.7930651040854228620257303958,False,3.697619
2023-03-29,1,1963.145,1846.930183333333333333333333,1782.704,True,True,偏多,False,2009.695,1804.594,0.02371195199539514401636150157,0.08076377445374641200726385468,8.535796992481203007518796992,0.7413410901906167481571384086,False,3.697619
2023-03-30,1,1978.385,1849.155333333333333333333333,1783.31675,True,True,偏多,False,2009.695,1804.594,0.01582603992650571046585977957,0.08784488357928310212622922232,7.461583458646616541353383459,0.6906897593264612622693029270,False,3.697619
2023-03-31,1,1968.748,1851.342,1783.868083333333333333333333,True,True,偏多,False,2009.695,1804.594,0.02079849731910838766566366036,0.08337989422719413556229644424,6.022984210526315789473684211,0.6199477462856214389675212829,False,3.697619
2023-04-02,0,1956.995,1853.049641666666666666666667,1784.4203625,True,True,偏多,False,2009.695,1804.594,0.02692904171957516498509193943,0.07787500734544544058620487022,4.441969172932330827067669173,0.5103646615961932507484335314,False,0.578183
2023-04-03,0,1984.848,1854.830058333333333333333333,1785.082820833333333333333333,True,True,偏多,False,2009.695,1804.594,0.01251833893577744996090380724,0.09081501455023256188887007972,3.638954135338345864661654135,0.4529750152813412819226416457,False,0.578183
2023-04-04,0,2021.755,1856.98345,1785.877933333333333333333333,True,True,偏多,False,2024.848,1804.594,0.001529858959171610803485090923,0.1074121246145057140949323731,3.348119548872180451127819549,0.4476257730016515436736341107,True,0.578183
2023-04-05,0,2020.165,1859.074008333333333333333333,1786.697608333333333333333333,True,True,偏多,False,2031.968,1804.594,0.005842592065499600280175134209,0.1067096004534283090737637767,3.359961654135338345864661654,0.4485039229334325400629638640,True,0.578183
2023-04-06,0,2006.476,1860.955908333333333333333333,1787.481683333333333333333333,True,True,偏多,False,2031.968,1804.594,0.01270486165795155287180110801,0.1006152079566364113002099203,2.870752631578947368421052632,0.4098699164541809223639831733,True,0.578183
2023-04-09,0,2005.358,1862.886075,1788.2591625,True,True,偏多,False,2031.968,1804.594,0.01326945114039488211082509956,0.1001137951428124055654900522,2.496437593984962406015037594,0.3676120272260832979944031015,True,0.578183
2023-04-10,0,1992.275,1864.821883333333333333333333,1789.033525,True,True,偏多,False,2031.968,1804.594,0.01992345434239751038385765017,0.09420436435733018785057283759,1.811052631578947368421052632,0.2713747268802471870456520739,False,0.578183
2023-04-11,0,2004.615,1866.940358333333333333333333,1789.841929166666666666666667,True,True,偏多,False,2031.968,1804.594,0.01364501412989526667215400463,0.09978025705684133861115476039,2.245692481203007518796992481,0.3934656758927406778889174544,True,0.578183
2023-04-12,0,2018.075,1869.156341666666666666666667,1790.717558333333333333333333,True,True,偏多,False,2031.968,1804.594,0.006884283289768715236054160524,0.1057844728268275460525500787,2.675176691729323308270676692,0.4906521711107372670603007174,True,0.578183
2023-04-13,0,2039.675,1871.667316666666666666666667,1791.678254166666666666666667,True,True,偏多,False,2048.538,1804.594,0.004345300109086006349050706608,0.1152541458810839962248887690,3.345465413533834586466165414,0.5947347829136027303103308992,True,0.578183
2023-04-14,1,2003.498,1873.854816666666666666666667,1792.6538125,True,True,偏多,False,2048.538,1804.594,0.02248068128842654197808033749,0.09927836214460907872131641759,2.875187969924812030075187970,0.5174690211217347786621446949,False,3.697619
2023-04-16,0,2002.765,1875.942875,1793.749425,True,True,偏多,False,2048.538,1804.594,0.02285490309646913142580382621,0.09894870341752527131241059236,2.722254135338345864661654135,0.4791160816809628146266152068,False,0.578183
2023-04-17,1,1993.905,1877.932025,1794.800579166666666666666667,True,True,偏多,False,2048.538,1804.594,0.02740000150458522346852031566,0.09494484441334968315942835792,2.734651127819548872180451128,0.4833851471985403329623984901,False,3.697619
2023-04-18,1,2005.608,1880.025283333333333333333333,1795.899620833333333333333333,True,True,偏多,False,2048.538,1804.594,0.02140498043486065073533811193,0.1002259663902417620990741960,2.701484210526315789473684211,0.4745407901657582732976383383,False,3.697619
2023-04-19,1,1993.635,1882.0496,1796.948816666666666666666667,True,True,偏多,False,2048.538,1804.594,0.02753914332362744434161719673,0.09482227188025892402571182789,2.419061654135338345864661654,0.3934922267547945882868478271,False,3.697619
2023-04-20,1,2005.195,1884.250325,1798.082529166666666666666667,True,True,偏多,False,2048.538,1804.594,0.02161535411767932794566114518,0.1000406444261031969459329392,1.996390977443609022556390977,0.3094803913375305938758891886,False,3.697619
2023-04-21,1,1982.248,1886.19635,1799.1534875,True,True,偏多,False,2048.538,1804.594,0.03344182968024182645158426191,0.08962248921426582344893272688,1.392883458646616541353383459,0.1583793911518150911314853904,False,3.697619
2023-04-23,0,1984.605,1887.957658333333333333333333,1800.206366666666666666666667,True,True,偏多,False,2048.538,1804.594,0.03221447088967325991822050232,0.09070369166660368184097087330,0.6701781954887218045112781955,0.0419797961111051288137879794,False,0.578183
2023-04-24,1,1994.935,1889.564633333333333333333333,1801.387329166666666666666667,True,True,偏多,False,2048.538,1804.594,0.02686954712810191810760751603,0.09541213122232052673395373784,0.3034052631578947368421052632,0.0091216304918693915678739974,False,3.697619
2023-04-25,0,2000.125,1891.255275,1802.605358333333333333333333,True,True,偏多,False,2048.538,1804.594,0.02420498718830073120429973127,0.09775939003812261733641647397,-0.1662751879699248120300751880,0.0032080284128901090201380415,True,0.578183
2023-04-26,0,1991.585,1892.861916666666666666666667,1803.777904166666666666666667,True,True,偏多,False,2048.538,1804.594,0.02859682112488294499104984221,0.09389054446584002189211105727,-0.9907127819548872180451127820,0.1702100848317816351660977585,False,0.578183
2023-04-27,0,1986.825,1894.675816666666666666666667,1804.939075,True,True,偏多,False,2048.538,1804.594,0.03106111509569287682609188026,0.09171970354711663080543077523,-1.495381203007518796992481203,0.3946150350511990424981808883,False,0.578183
2023-04-28,0,1989.548,1896.498733333333333333333333,1806.104325,True,True,偏多,False,2048.538,1809.248,0.02964995064205538142331826123,0.09062359892799771606415125446,-1.381380451127819548872180451,0.3600714063441826465172678928,True,0.578183
2023-04-30,0,1986.748,1898.1644,1807.318658333333333333333333,True,True,偏多,False,2048.538,1809.248,0.03110107572777221872124698251,0.08934197995920972362876419153,-1.284053383458646616541353383,0.3314623532573128896726580515,False,0.578183
2023-05-01,0,1981.335,1899.766541666666666666666667,1808.4157375,True,True,偏多,False,2048.538,1809.248,0.03391804010932023105633322987,0.08685406556690312339912230895,-1.429945864661654135338345865,0.3828330805491260199961165103,False,0.578183
2023-05-02,0,2015.785,1901.603108333333333333333333,1809.6206,True,True,偏多,False,2048.538,1809.248,0.01624826060318932822696864993,0.1024598357463717608772760984,-1.063542105263157894736842105,0.1976401697933558654385760544,True,0.578183
2023-05-03,0,2051.795,1903.744333333333333333333333,1810.983920833333333333333333,True,True,偏多,False,2079.778,1809.248,0.01363830207208809846987637654,0.1182121020862220640950972198,-0.4049631578947368421052631579,0.0170066550347947505563252429,True,0.578183
2023-05-04,0,2049.755,1905.976333333333333333333333,1812.362575,True,True,偏多,False,2079.778,1809.248,0.01464711636268724798817419643,0.1173345107098165390497888772,0.3298112781954887218045112782,0.0083933180607906438424809689,True,0.578183
2023-05-05,0,2016.298,1907.699025,1813.606258333333333333333333,True,True,偏多,False,2079.778,1809.248,0.03148344143574015348921637575,0.1026881939078449713286428891,0.7312751879699248120300751880,0.0414917386015996478534556046,True,0.578183
2023-05-07,0,2015.975,1909.435691666666666666666667,1814.761870833333333333333333,True,True,偏多,False,2079.778,1811.805,0.03164870596113543074690906385,0.1012760574907922965314550032,1.471849624060150375939849624,0.1945826734505752433175653140,False,0.578183
2023-05-08,0,2021.185,1911.474941666666666666666667,1815.872066666666666666666667,True,True,偏多,True,2079.778,1827.675,0.02898942946835643446789878215,0.09574086488866679695327246145,1.751275939849624060150375940,0.2637686411700813318350475216,True,0.578183
2023-05-09,0,2036.204,1913.504991666666666666666667,1816.999175,True,True,偏多,True,2079.778,1871.328,0.02139962400623906052635197652,0.08097224050242510082486823521,2.207088721804511278195488722,0.3703891440854351193930368416,True,0.578183
2023-05-10,0,2031.418,1915.508766666666666666666667,1818.121425,True,True,偏多,False,2079.778,1871.328,0.02380603105810817862202658439,0.07880702051473404291977328152,2.404351127819548872180451128,0.4161416795958358063560732658,True,0.578183
2023-05-11,0,2016.224,1917.417925,1819.138366666666666666666667,True,True,偏多,False,2079.778,1885.565,0.03152129922072150713412795404,0.06480381148126398654117796435,2.512930075187969924812030075,0.4508348824842226984404677849,False,0.578183
2023-05-12,0,2009.798,1919.02345,1820.193158333333333333333333,True,True,偏多,False,2079.778,1885.565,0.03481941966307061704708632410,0.06181367480711991951429944701,2.324697744360902255639097744,0.3943908286348059522585600032,False,0.578183
2023-05-14,0,2009.504,1920.645608333333333333333333,1821.217695833333333333333333,True,True,偏多,False,2079.778,1907.455,0.03497081866968167269137060688,0.05078317833654473939837890345,2.290486466165413533834586466,0.3832805250898141030930963096,False,0.578183
2023-05-15,0,2014.345,1922.486691666666666666666667,1822.138866666666666666666667,True,True,偏多,True,2079.778,1918.135,0.03248351201010750392807587578,0.04776242401376129709657481712,1.956631578947368421052631579,0.3034472263993828853382582832,False,0.578183
2023-05-16,0,1989.625,1924.081916666666666666666667,1823.0343125,True,True,偏多,False,2079.778,1934.175,0.04531155368473958660551611485,0.02786957341207513978764842621,1.258583458646616541353383459,0.1291404549002840560405443461,False,0.578183
2023-05-17,0,1982.625,1925.58975,1823.901758333333333333333333,True,True,偏多,False,2079.778,1934.175,0.04900220667044953029443288569,0.02443729903536977491961414791,0.6160917293233082706766917293,0.0290704392760245450494897739,False,0.578183
2023-05-18,0,1958.295,1926.806083333333333333333333,1824.6070125,True,True,偏多,False,2079.778,1934.175,0.06203508664424920658021391057,0.01231683684021048922659762702,-0.2735127819548872180451127820,0.0044587465009845294742015146,False,0.578183
2023-05-19,0,1977.448,1928.237358333333333333333333,1825.3715125,True,True,偏多,False,2079.778,1934.175,0.05174851626945436744733616257,0.02188325559003321452700652558,-0.9614428571428571428571428571,0.0520755124366581722778405894,False,0.578183
2023-05-21,0,1980.695,1929.619025,1826.159708333333333333333333,True,True,偏多,False,2079.778,1943.895,0.05002436013621481348718505373,0.01857933705088365447481818251,-1.656886466165413533834586466,0.1510306742493985101455331150,False,0.578183
2023-05-22,0,1969.645,1930.837208333333333333333333,1826.9131125,True,True,偏多,False,2079.778,1943.895,0.05591515222286249552584348956,0.01307342186028446750556572377,-2.457974436090225563909774436,0.3055757591920645793748067887,False,0.578183
2023-05-23,0,1974.945,1932.050958333333333333333333,1827.634641666666666666666667,True,True,偏多,False,2079.778,1943.895,0.05308147821838076503396297112,0.01572195681398722496069510797,-3.197629323308270676691729323,0.4952850200891945740460549734,True,0.578183
2023-05-24,0,1959.715,1933.079016666666666666666667,1828.304225,True,True,偏多,False,2079.778,1943.895,0.06126554116287317288483274354,0.008072602393715412700316117395,-4.222575187969924812030075188,0.7799618041803796834074836948,False,0.578183
2023-05-25,0,1940.465,1933.794158333333333333333333,1828.9795625,True,True,偏多,False,2079.778,1938.658,0.07179361647852447738042170305,0.0009312200941526902056981187499,-4.946062406015037593984962406,0.8641432625975647802110734908,False,0.578183
2023-05-26,0,1945.788,1934.73635,1829.689145833333333333333333,True,True,偏多,False,2079.778,1936.655,0.06886156148562947248107193589,0.004693728196494170999101649306,-4.911664661654135338345864662,0.8632850667920714244329179990,False,0.578183
2023-05-28,0,1943.615,1935.386491666666666666666667,1830.4339375,True,True,偏多,False,2079.778,1936.655,0.07005656984536546589730990963,0.003580956104989928560954715826,-4.781111278195488721804511278,0.8606804714070885310910859010,False,0.578183
2023-05-29,0,1941.338,1935.984433333333333333333333,1831.196270833333333333333333,True,True,偏多,False,2079.778,1936.655,0.07131164176459740653095957530,0.002412253816697556015490347379,-5.051745864661654135338345865,0.8926893952186646021855071386,True,0.578183
2023-05-30,0,1958.378,1936.717458333333333333333333,1832.079104166666666666666667,True,True,偏多,False,2079.778,1931.905,0.06199007546040652008958433969,0.01351781933824828506039181404,-4.971330075187969924812030075,0.8787320856055715424540494225,True,0.578183
2023-05-31,0,1966.245,1937.459791666666666666666667,1832.998716666666666666666667,True,True,偏多,False,2079.778,1931.905,0.05774102413483568934695320268,0.01746476151242596929680685774,-4.609653383458646616541353383,0.8129599554821254552804844673,True,0.578183
2023-06-01,0,1976.895,1938.293541666666666666666667,1834.0062625,True,True,偏多,False,2079.778,1931.905,0.05204272356397279572258516512,0.02275791076410229172515485142,-3.776075187969924812030075188,0.6727779907695028398036215398,True,0.578183
2023-06-02,0,1947.738,1938.7084,1834.8473875,True,True,偏多,False,2079.778,1931.905,0.06779145860480208323706781918,0.008128916722885726930418772956,-3.345407518796992481203007519,0.6362562940124413218237071564,True,0.578183
2023-06-04,0,1949.255,1938.957208333333333333333333,1835.673833333333333333333333,True,True,偏多,False,2079.778,1931.905,0.06696045412221592351949847506,0.008900836473421897083757640740,-3.007139097744360902255639098,0.5900873696758524660284093417,True,0.578183
2023-06-05,0,1961.195,1939.326791666666666666666667,1836.52775,True,True,偏多,False,2079.778,1931.905,0.06046466567577420909190570035,0.01493477191202302677704154865,-2.499057142857142857142857143,0.4858169963353766587184121274,True,0.578183
2023-06-06,0,1963.295,1939.705541666666666666666667,1837.4692375,True,True,偏多,False,2079.778,1931.905,0.05933036043997463447928100464,0.01598842761785671536880601234,-1.892530075187969924812030075,0.3562956130573804350117181920,True,0.578183
2023-06-07,0,1944.405,1940.004266666666666666666667,1838.3432,True,True,偏多,False,2079.778,1931.905,0.06962181232819294334256494917,0.006428701839380170283454321502,-1.409936090225563909774436090,0.2977148378820480699296724514,False,0.578183
2023-06-08,0,1965.275,1940.4916,1839.2845625,True,True,偏多,False,2079.778,1931.905,0.05826309295136812914223200315,0.01697981198559997964661434150,-0.9143421052631578947368421053,0.1528238762694709867862165594,True,0.578183
2023-06-09,0,1960.798,1940.735125,1840.2745625,True,True,偏多,False,2079.778,1931.905,0.06067937645795232349278202038,0.01473532714741651103275299138,-0.5566150375939849624060150376,0.0660642854549403143400893146,True,0.578183
2023-06-11,0,1959.905,1941.023516666666666666666667,1841.320758333333333333333333,True,True,偏多,False,2079.778,1931.905,0.06116265839415685964370722050,0.01428640673910215035932864093,-0.5629804511278195488721804511,0.0675987114543303262218465159,True,0.578183
2023-06-12,0,1959.855,1941.295933333333333333333333,1842.4159125,True,True,偏多,False,2079.778,1931.905,0.06118973087294723334124208168,0.01426125912376170686096675519,-0.2700654135338345864661654135,0.0174765349162016802334033276,True,0.578183
2023-06-13,0,1943.795,1941.400683333333333333333333,1843.384733333333333333333333,True,True,偏多,False,2079.778,1931.905,0.06995748008406236254337520160,0.006116900187519774461813102719,-0.1288548872180451127819548872,0.0045461091964313149938130849,False,0.578183
2023-06-14,0,1945.185,1941.469516666666666666666667,1844.373025,True,True,偏多,False,2079.778,1931.905,0.06919290453093150522957970579,0.006827114130532571452072682033,-0.08677218045112781954887218045,0.0021213626619980275806570954,False,0.578183
2023-06-15,0,1958.125,1941.552433333333333333333333,1845.3905125,True,True,偏多,False,2079.778,1924.898,0.06212729013724864347270986275,0.01696878391318225343121608682,0.2606338345864661654135338346,0.0229106935748178739269133391,True,0.578183
2023-06-16,0,1957.358,1941.774958333333333333333333,1846.448779166666666666666667,True,True,偏多,False,2079.778,1924.898,0.06254348974484994569210129164,0.01658357847670175818628988667,0.3819022556390977443609022556,0.0496693037951310862861854944,False,0.578183
2023-06-18,0,1957.035,1942.020266666666666666666667,1847.450891666666666666666667,True,True,偏多,False,2079.778,1924.898,0.06271885786406477145273334406,0.01642126993129913363838664102,0.1981533834586466165413533835,0.0149185861865999648540292668,False,0.578183
2023-06-19,0,1952.385,1942.216183333333333333333333,1848.458504166666666666666667,True,True,偏多,False,2079.778,1924.898,0.06524993789647021463492087882,0.01407867812956973137982518817,0.007106015037593984962406015038,0.0000201506082843146275452876,False,0.578183
2023-06-20,0,1937.205,1942.343016666666666666666667,1849.38045,False,True,盤整,False,2079.778,1924.898,0.07359727029405767587839180675,0.006352967290503586352502703637,-0.4450293233082706766917293233,0.0708408012751558633387024447,False,0.578183
2023-06-21,0,1933.755,1942.397658333333333333333333,1850.278033333333333333333333,False,True,盤整,False,2079.778,1919.075,0.07551266835767716179143686765,0.007591447727349121269240415668,-0.9727639097744360902255639098,0.2960884455830939725884917433,False,0.578183
2023-06-22,0,1914.365,1942.075825,1851.066408333333333333333333,False,True,盤整,False,2079.778,1912.224,0.08640619735525879338579633455,0.001118386514588388316752552413,-1.497042857142857142857142857,0.4072269701805204193309614099,False,0.578183
2023-06-23,0,1920.388,1942.120516666666666666666667,1851.976091666666666666666667,False,True,盤整,False,2079.778,1910.065,0.08299885231526129094745436860,0.005375476205850067798798992704,-1.744878195488721804511278195,0.4585303447347780340119663919,False,0.578183
2023-06-25,0,1925.235,1942.626241666666666666666667,1852.925470833333333333333333,False,True,盤整,False,2079.778,1910.065,0.08027227844912439260661685457,0.007879557560505600614989858381,-1.686354887218045112781954887,0.4487191856009752826152223639,False,0.578183
2023-06-26,0,1922.295,1943.100158333333333333333333,1854.008554166666666666666667,False,True,盤整,False,2079.778,1910.065,0.08192447048970111247233124989,0.006362186865179381936695460374,-2.052521052631578947368421053,0.5795457915162182972401082819,False,0.578183
2023-06-27,0,1915.385,1943.491325,1855.01475,False,True,盤整,False,2079.778,1910.065,0.08582765344826235978667474163,0.002777509482427814773531169974,-2.455188721804511278195488722,0.6982412626102782482071111415,False,0.578183
2023-06-28,0,1909.498,1943.7966,1855.979958333333333333333333,False,True,盤整,False,2079.778,1902.695,0.08917527014953668451079812600,0.003562716483599354385288698915,-2.702497744360902255639097744,0.7368660018926642022299816270,False,0.578183
2023-06-29,0,1908.625,1944.078016666666666666666667,1856.95075,False,True,盤整,False,2079.778,1892.915,0.08967345602200537035824219006,0.008231056388761542995612024363,-2.851380451127819548872180451,0.7580408004311479505938179190,False,0.578183
2023-06-30,0,1919.538,1944.554958333333333333333333,1858.0059875,False,True,盤整,False,2059.525,1892.915,0.07292744399954572402317641016,0.01386948317772297292369309698,-3.060415789473684210526315789,0.8328931856370686062032546330,True,0.578183
2023-07-02,0,1918.105,1945.000016666666666666666667,1859.052516666666666666666667,False,True,盤整,False,2052.925,1892.915,0.07028812291297921646625184753,0.01313275342069386191058362290,-2.923002255639097744360902256,0.8062503005909221458164936405,True,0.578183
2023-07-03,0,1921.155,1945.487991666666666666666667,1860.088141666666666666666667,False,True,盤整,False,2048.114,1892.915,0.06608472507423919465113434366,0.01469949067097657398804365082,-2.741774436090225563909774436,0.7609637901894276729761539498,True,0.578183
2023-07-04,0,1926.245,1946.087075,1861.2658375,False,True,盤整,False,2048.114,1892.915,0.06326765286866416265843649172,0.01730309488149222970079091704,-2.442318796992481203007518797,0.6724277248950089278242227393,True,0.578183
2023-07-05,0,1916.765,1946.603241666666666666666667,1862.402670833333333333333333,False,True,盤整,False,2048.114,1892.915,0.06852639734135379141417962035,0.01244283988908395134510490331,-2.228464661654135338345864662,0.6247217141274161880351210884,True,0.578183
2023-07-06,0,1911.495,1947.229575,1863.58595,False,True,盤整,False,2048.114,1892.915,0.07147232925014190463485387092,0.009720140518285425805455938938,-2.278678195488721804511278195,0.6401316157111730039870407458,True,0.578183
2023-07-07,0,1923.838,1947.9761,1864.815616666666666666666667,False,True,盤整,True,2041.214,1892.915,0.06101137413857091917302808241,0.01607359871257351190692771429,-2.082044360902255639097744361,0.5635854031856627357948131946,True,0.578183
2023-07-09,0,1924.775,1948.666741666666666666666667,1865.935116666666666666666667,False,True,盤整,False,2022.494,1892.915,0.05076905092803054902521073892,0.01655258406826771960359003000,-1.635608270676691729323308271,0.4312915474303743393842133247,True,0.578183
2023-07-10,0,1924.735,1949.384575,1867.019616666666666666666667,False,True,盤整,False,2022.114,1892.915,0.05059345832023629226880583561,0.01653214598373282555780406134,-1.151703759398496240601503759,0.2868461649906366663346265921,True,0.578183
2023-07-11,0,1933.235,1950.147575,1868.1581875,False,True,盤整,False,2022.114,1892.915,0.04597423489643007704702221923,0.02085623320496473527532865896,-0.5024135338345864661654135338,0.0819850622439992533081943472,True,0.578183
2023-07-12,0,1957.685,1951.166325,1869.381520833333333333333333,True,True,偏多,False,2018.235,1892.915,0.03092938853799257796836569724,0.03308499579860907142875385979,0.4585308270676691729323308271,0.0585958612371132797398121167,True,0.578183
2023-07-13,0,1959.908,1952.2901,1870.460645833333333333333333,True,True,偏多,False,1992.985,1892.915,0.01687681258508052418787004288,0.03418170648826373482836949489,1.203578195488721804511278195,0.2743755183422287322180577714,True,0.578183
2023-07-14,0,1954.748,1953.387041666666666666666667,1871.4161625,True,True,偏多,False,1985.944,1892.915,0.01595909037891329214814390397,0.03163221039233701735466668849,1.786297744360902255639097744,0.4906802655343487879618579700,True,0.578183
2023-07-16,0,1953.265,1954.575375,1872.3954,False,True,盤整,False,1985.194,1892.915,0.01634647628457992131124041029,0.03089698530409340258490271417,2.010105263157894736842105263,0.5479759040950664162405743498,True,0.578183
2023-07-17,0,1955.355,1955.773125,1873.410108333333333333333333,False,True,盤整,False,1985.194,1892.915,0.01526014457732739067841900831,0.03193282038299950648347742482,2.300373684210526315789473684,0.6308284447027827832867106882,True,0.578183
2023-07-18,0,1977.395,1957.108875,1874.5890125,True,True,偏多,True,1985.194,1892.915,0.003944077940927331160440883081,0.04272287529805628111732860658,2.929448872180451127819548872,0.7353755683250921293858264775,True,0.578183
2023-07-19,1,1977.695,1958.378041666666666666666667,1875.760375,True,True,偏多,False,1985.194,1892.915,0.003791787914718902560809427136,0.04286808633282685146091788673,3.437952631578947368421052632,0.8158768425480524499268433256,True,3.697619
2023-07-20,1,1972.115,1959.508375,1877.019195833333333333333333,True,True,偏多,False,1987.385,1892.915,0.007742956166349325470370642686,0.04015992982153677650644105440,3.674328571428571428571428571,0.8529705305695813737086601295,False,3.697619
2023-07-21,1,1961.428,1960.5389,1878.258666666666666666666667,True,True,偏多,False,1987.385,1892.915,0.01323372563254934670046517129,0.03493016312604898064063529225,3.579772180451127819548872180,0.8355558167060720590454093798,False,3.697619
2023-07-23,0,1961.028,1961.415816666666666666666667,1879.452791666666666666666667,False,True,盤整,False,1987.385,1892.915,0.01344039962713433974425658379,0.03473331334381763034490073574,3.387627067669172932330827068,0.8008429816821725022346080283,False,0.578183
2023-07-24,1,1954.345,1962.266566666666666666666667,1880.665291666666666666666667,False,True,盤整,False,1987.385,1892.915,0.01690591988620228260619286769,0.03143252598696750062041246556,3.193519548872180451127819549,0.7469129436032489932043807221,False,3.697619
2023-07-25,1,1965.235,1963.258066666666666666666667,1882.0053625,True,True,偏多,False,1987.385,1892.915,0.01127091670970647276279935987,0.03679967026844117879032278582,3.080015789473684210526315789,0.7230921086350943384873223713,False,3.697619
2023-07-26,0,1971.885,1964.5749,1883.357391666666666666666667,True,True,偏多,False,1987.385,1892.915,0.007860498964189088106050809251,0.04004797440012982501515047784,3.038797744360902255639097744,0.7152682788608183430811031100,False,0.578183
2023-07-27,0,1947.385,1965.67665,1884.594129166666666666666667,False,True,盤整,False,1987.385,1892.915,0.02054036566985983767976029393,0.02797084295093163396041358026,2.651662406015037593984962406,0.5814921920812567551048205405,False,0.578183
2023-07-28,0,1958.465,1966.7354,1885.870241666666666666666667,False,True,盤整,True,1987.385,1892.915,0.01476666675176732798390576293,0.03347009009607013656103121577,2.241339097744360902255639098,0.4839321099960051368212775185,False,0.578183
2023-07-30,0,1957.875,1967.488958333333333333333333,1887.2488125,False,True,盤整,False,1987.385,1892.915,0.01507246376811594202898550725,0.03317882908765881376492370555,1.676669924812030075187969925,0.3621840089598139128998725286,False,0.578183
2023-07-31,0,1963.815,1968.206791666666666666666667,1888.652925,False,True,盤整,False,1987.385,1892.915,0.01200214887858581383684308349,0.03610319709341256686602353073,1.322003007518796992481203008,0.2754869761158686250134914001,False,0.578183
2023-08-01,0,1952.045,1968.540458333333333333333333,1889.8810375,False,True,盤整,False,1987.385,1892.915,0.01810409083806981908716243734,0.03029130988271274483938638710,0.7538721804511278195488721805,0.1185311487345158021888438446,False,0.578183
2023-08-02,0,1935.965,1968.815516666666666666666667,1891.026108333333333333333333,False,True,盤整,False,1987.385,1892.915,0.02656039752784786915052699816,0.02223697225931253922462441211,-0.08561203007518796992481203008,0.0019027688765734418639041640,False,0.578183
2023-08-03,0,1935.745,1968.937516666666666666666667,1892.210095833333333333333333,False,True,盤整,False,1987.385,1892.915,0.02667706748564506172042288628,0.02212584818764868306517645661,-0.8109157894736842105263157895,0.1791819981236408822337553087,False,0.578183
2023-08-04,0,1942.568,1969.115041666666666666666667,1893.418304166666666666666667,False,True,盤整,False,1987.385,1892.915,0.02307100703810625934330226793,0.02556049517957672524205072873,-1.056469924812030075187969925,0.2761923138320456980519813523,False,0.578183
2023-08-06,0,1943.785,1968.748266666666666666666667,1894.570083333333333333333333,False,True,盤整,False,1987.385,1892.915,0.02243046427459827089930213475,0.02617058985433059726255733016,-1.226806015037593984962406015,0.3487340417625045526873589230,False,0.578183
2023-08-07,0,1936.605,1968.412516666666666666666667,1895.715404166666666666666667,False,True,盤整,False,1987.385,1892.915,0.02622114473524544241081686766,0.02256009872947761675716008169,-1.556942105263157894736842105,0.4932254529469706612575344275,False,0.578183
2023-08-08,0,1925.408,1967.986541666666666666666667,1896.8858625,False,True,盤整,False,1987.385,1892.915,0.03218902175538898768468812844,0.01687590370456547391513902508,-2.043168421052631578947368421,0.6658794968706862965360273969,False,0.578183
2023-08-09,0,1916.535,1967.765708333333333333333333,1898.024058333333333333333333,False,True,盤整,False,1987.385,1892.915,0.03696775691547506306954999517,0.01232432488840537741288314589,-2.581261654135338345864661654,0.7971815112993792293160818218,False,0.578183
2023-08-10,0,1912.315,1967.288708333333333333333333,1899.191004166666666666666667,False,True,盤整,False,1987.385,1892.915,0.03925608490233042150482530336,0.01014477217404036468887186473,-2.773264661654135338345864662,0.8005082961024462241845403002,False,0.578183
2023-08-11,0,1913.378,1966.64015,1900.3022125,False,True,盤整,False,1987.385,1892.915,0.03867871377218719981101486481,0.01069469806802419595082623507,-2.847480451127819548872180451,0.8039826183731013135886674809,False,0.578183
2023-08-13,0,1913.565,1966.103291666666666666666667,1901.468825,False,True,盤整,False,1987.385,1892.915,0.03857721059906509577673086621,0.01079137630548217593862764003,-2.910412781954887218045112782,0.8103073408702538657019066952,False,0.578183
2023-08-14,0,1907.505,1965.535291666666666666666667,1902.6268125,False,True,盤整,False,1987.385,1892.915,0.04187669232846047585720614101,0.007648734865701531581830716040,-3.140613533834586466165413534,0.8434082439639576453745861366,False,0.578183
2023-08-15,0,1901.345,1965.062875,1903.5443,False,False,偏空,False,1987.385,1892.915,0.04525217674856483173753316731,0.004433703509883792788788988847,-3.384042857142857142857142857,0.8710131928335000832935024863,False,0.578183
2023-08-16,0,1893.165,1964.407291666666666666666667,1904.463625,False,False,偏空,False,1987.385,1891.148,0.04976850934810225204881772059,0.001065411625505436662942744029,-3.760101503759398496240601504,0.9152026518438213995372125032,False,0.578183
2023-08-17,0,1891.195,1963.807708333333333333333333,1905.368945833333333333333333,False,False,偏空,False,1987.385,1884.925,0.05086202110305917686965119937,0.003315364095188491932349651940,-3.900355639097744360902255639,0.9227254213024895167966587763,False,0.578183
2023-08-18,0,1889.258,1963.064983333333333333333333,1906.110158333333333333333333,False,False,偏空,False,1987.385,1884.925,0.05193943865792813898366448627,0.002293493000955930846925089109,-3.851942857142857142857142857,0.9223399215648985421540151024,False,0.578183
2023-08-20,0,1889.955,1962.408375,1906.8751875,False,False,偏空,False,1987.385,1884.925,0.05155149196673994883476061599,0.002661439028971589270644010043,-4.056163909774436090225563910,0.9532353771599541824408053180,True,0.578183
2023-08-21,0,1894.655,1961.888875,1907.469258333333333333333333,False,False,偏空,False,1987.385,1884.755,0.04894294739675560986037035766,0.005225225700721239486872280178,-3.931933834586466165413533835,0.9388598198313569036547227583,True,0.578183
2023-08-22,0,1898.475,1961.1691,1907.999579166666666666666667,False,False,偏空,False,1987.385,1884.755,0.04683232594582493843743004253,0.007226853132119200937594648336,-3.666493233082706766917293233,0.9028216510116163690641540761,True,0.578183
2023-08-23,0,1917.805,1960.30285,1908.64315,False,True,盤整,False,1987.385,1884.755,0.03628106090035222559123581386,0.01723324321294396458451198115,-2.941796992481203007518796992,0.7488995735032478992603350818,True,0.578183
2023-08-24,0,1915.805,1959.433183333333333333333333,1909.253595833333333333333333,False,True,盤整,False,1987.385,1884.755,0.03736288400959387829137099026,0.01620728623215828333259387046,-2.362326315789473684210526316,0.5901730567670547002570737436,True,0.578183
2023-08-25,0,1914.778,1958.669033333333333333333333,1909.812470833333333333333333,False,True,盤整,False,1987.385,1884.755,0.03791927837065184580144538949,0.01567962447866018932743116957,-1.996925563909774436090225564,0.4593253356627017696493810503,True,0.578183
2023-08-27,0,1914.905,1957.915258333333333333333333,1910.400666666666666666666667,False,True,盤整,False,1987.385,1884.755,0.03785044166681898057605990898,0.01574490640527859084393220551,-1.601324060150375939849624060,0.3263537052028964057781156803,True,0.578183
2023-08-28,0,1921.155,1957.322591666666666666666667,1911.0722375,False,True,盤整,False,1987.385,1884.755,0.03447405336893691555340407203,0.01894693556740606562198260942,-0.9773669172932330827067669173,0.1464841063951773049281691832,True,0.578183
2023-08-29,0,1936.125,1956.751841666666666666666667,1911.8461,False,True,盤整,False,1987.385,1884.755,0.02647556330298921815481954936,0.02653237781651494609077409775,-0.08813684210526315789473684211,0.0013301527064058601143367115,True,0.578183
2023-08-30,0,1944.145,1956.135758333333333333333333,1912.64605,False,True,盤整,True,1987.385,1884.755,0.02224113942118514822711268964,0.03054813298390809327493576868,0.8138150375939849624060150376,0.1015777270735921230150484737,True,0.578183
2023-08-31,0,1939.805,1955.303508333333333333333333,1913.4854125,False,True,盤整,False,1987.385,1884.755,0.02452823866316459644139488248,0.02837914120233734834171475999,1.465633834586466165413533835,0.2880044912683069611517035551,True,0.578183
2023-09-01,0,1939.238,1954.768008333333333333333333,1914.3114125,False,True,盤整,False,1987.385,1884.755,0.02482779318474576096384249896,0.02809505589308790359924877710,1.947603007518796992481203008,0.4435031503426289892585558944,True,0.578183
2023-09-03,0,1940.428,1954.248533333333333333333333,1915.095704166666666666666667,False,True,盤整,False,1987.385,1884.755,0.02419930036053901510388429769,0.02869109289290816252909152002,2.345800751879699248120300752,0.5689292363210918357773811931,True,0.578183
2023-09-04,0,1937.515,1953.778616666666666666666667,1915.855320833333333333333333,False,True,盤整,False,1987.385,1884.755,0.02573915556782786197784275219,0.02723075692317220769903716874,2.676893233082706766917293233,0.6843216429939199970844403939,False,0.578183
2023-09-05,0,1926.525,1953.119591666666666666666667,1916.5724375,False,True,盤整,False,1987.385,1884.755,0.03159055812927421133906904919,0.02168152502562904711851649992,2.817642105263157894736842105,0.7451943668210336614728102391,False,0.578183
2023-09-06,0,1917.055,1952.481425,1917.2655125,False,False,偏空,False,1987.385,1884.755,0.03668648004360855583173148397,0.01684876020771443698798417364,2.707932330827067669172932331,0.6951294277026140886495367774,False,0.578183
2023-09-07,0,1920.128,1951.772533333333333333333333,1918.011429166666666666666667,False,True,盤整,True,1987.385,1884.755,0.03502735234317712152523165122,0.01842220935270981934537697487,2.530498496240601503759398496,0.6268221370902125018939715375,False,0.578183
2023-09-08,0,1918.258,1951.239283333333333333333333,1918.717816666666666666666667,False,False,偏空,False,1987.385,1884.755,0.03603634130549696651858092081,0.01746532531077675682833070421,2.168947368421052631578947368,0.5053828722099932782075361210,False,0.578183
2023-09-10,0,1918.785,1950.690783333333333333333333,1919.324220833333333333333333,False,False,偏空,False,1987.385,1884.755,0.03575179084681191483152098854,0.01773518137779897174514080525,1.746085714285714285714285714,0.3744655595667574048936026853,False,0.578183
2023-09-11,0,1921.545,1950.0792,1919.821916666666666666666667,False,True,盤整,False,1987.385,1884.755,0.03426409477790007519990424372,0.01914605174481992355110080690,1.290579699248120300751879699,0.2496739086248052366352028558,False,0.578183
2023-09-12,0,1912.795,1949.35145,1920.3033625,False,False,偏空,False,1987.385,1884.755,0.03899529222943389124291939283,0.01465917675443526358025820854,0.6725270676691729323308270677,0.0859961373710190402943090561,False,0.578183
2023-09-13,0,1909.155,1948.664533333333333333333333,1920.763225,False,False,偏空,False,1987.385,1884.755,0.04097624341659006209553441182,0.01278052332052662041583842066,0.04233909774436090225563909774,0.0004125013685681612436900744,False,0.578183
2023-09-14,0,1909.745,1948.0222,1921.349008333333333333333333,False,False,偏空,True,1987.385,1884.755,0.04065464237372005162992965029,0.01308551665274683269232279702,-0.5409090225563909774436090226,0.0793259260542153611670448728,False,0.578183
2023-09-15,0,1922.738,1947.46545,1921.982091666666666666666667,False,True,盤整,False,1987.385,1884.755,0.03362236560571435109723737712,0.01975464155802818688765708068,-0.6502796992481203007518796992,0.1163501056154965993387006426,True,0.578183
2023-09-17,0,1923.175,1946.935675,1922.5500375,False,True,盤整,False,1982.085,1884.755,0.03063163778647288988261598658,0.01997738115356116838041259896,-0.7924045112781954887218045113,0.1778938068662392392849611548,True,0.578183
2023-09-18,0,1934.055,1946.541675,1923.154108333333333333333333,False,True,盤整,False,1982.085,1884.755,0.02483383357763869176419491690,0.02549048501723063718456817412,-0.8063992481203007518796992481,0.1856518567471219424472660398,True,0.578183
2023-09-19,0,1931.315,1945.837758333333333333333333,1923.720433333333333333333333,False,True,盤整,False,1982.085,1884.755,0.02628778837217129261668862925,0.02410792646461089982731972775,-0.8865195488721804511278195489,0.2331263129817934809486257274,True,0.578183
2023-09-20,0,1929.308,1944.817033333333333333333333,1924.280683333333333333333333,False,True,盤整,False,1982.085,1884.755,0.02735540411380660837979213272,0.02309273584103730456723343292,-0.9213037593984962406015037594,0.2539155001533925556928826243,True,0.578183
2023-09-21,0,1921.295,1943.746533333333333333333333,1924.861433333333333333333333,False,False,偏空,False,1982.085,1884.755,0.03164011773309148256774727462,0.01901842247026094379051629240,-0.8464511278195488721804511278,0.2216939684031936541583047513,True,0.578183
2023-09-22,0,1924.818,1942.9842,1925.3416125,False,False,偏空,False,1982.085,1884.755,0.02975190381636081956839555740,0.02081391591308892581012854202,-0.5723375939849624060150375940,0.1212297971487597616786646120,True,0.578183
2023-09-24,0,1924.665,1942.223283333333333333333333,1925.8294875,False,False,偏空,False,1972.295,1884.755,0.02474716379214045041604642886,0.02073607614831672005258057896,-0.3398729323308270676691729323,0.0491524348592717074436375547,True,0.578183
2023-09-25,0,1916.165,1941.348116666666666666666667,1926.411529166666666666666667,False,False,偏空,False,1972.295,1884.755,0.02929288448541748753369360154,0.01639211654528707078983281711,-0.2150225563909774436090225564,0.0224217993171795065734022874,False,0.578183
2023-09-26,0,1901.465,1940.225291666666666666666667,1926.865141666666666666666667,False,False,偏空,False,1972.295,1884.755,0.03725022548403467852419055833,0.008787960861756592942809886062,-0.2466864661654135338345864662,0.0278456165691966611337723219,False,0.578183
2023-09-27,0,1877.505,1938.942683333333333333333333,1927.225725,False,False,偏空,False,1964.595,1872.445,0.04638602826623630829212172537,0.002695066058412627396464989441,-0.6080398496240601503759398496,0.0849153150627556865958862182,False,0.578183
2023-09-28,0,1866.645,1937.696191666666666666666667,1927.557058333333333333333333,False,False,偏空,False,1954.675,1857.565,0.04715947595820308628582296045,0.004864342175400250181475320696,-1.207821804511278195488721805,0.1836075296930736534618024375,False,0.578183
2023-09-29,0,1848.098,1936.348691666666666666666667,1927.686070833333333333333333,False,False,偏空,False,1952.905,1846.205,0.05671073720116573904630598594,0.001024296330605844495259450527,-2.132042105263157894736842105,0.3174628622139195215408310132,False,0.578183
2023-10-01,0,1848.285,1935.0052,1927.825404166666666666666667,False,False,偏空,False,1952.905,1845.595,0.05660382462661331991548922379,0.001455403252204070259727260677,-2.901375187969924812030075188,0.4241723209461307337655324015,False,0.578183
2023-10-02,0,1824.845,1933.426033333333333333333333,1927.9563625,False,False,偏空,False,1952.905,1820.405,0.07017582315210332932386038266,0.002433083357764632064641106505,-3.927057142857142857142857143,0.5240714907996479869136693774,False,0.578183
2023-10-03,0,1823.255,1932.039616666666666666666667,1928.060766666666666666666667,False,False,偏空,False,1952.905,1815.245,0.07110908786757749190321704863,0.004393241757187008948282055993,-4.826661654135338345864661654,0.6127349898481267307679391766,False,0.578183
2023-10-04,0,1822.425,1930.704616666666666666666667,1928.147183333333333333333333,False,False,偏空,False,1952.905,1815.245,0.07159691070963139772555797907,0.003939805478963469004211421595,-5.550890225563909774436090226,0.6816999126394804925184673009,False,0.578183
2023-10-05,0,1821.138,1929.561641666666666666666667,1928.1838625,False,False,偏空,False,1952.905,1812.924,0.07235420929111357843282606810,0.004510366594953265485646886727,-6.282609774436090225563909774,0.7604350712099935152814274429,False,0.578183
2023-10-06,0,1832.698,1928.355391666666666666666667,1928.296375,False,False,偏空,False,1952.905,1810.288,0.06559018452576474683772230886,0.01222787387774745211704274245,-6.768830075187969924812030075,0.8236989535557824833101063668,True,0.578183
2023-10-08,0,1847.865,1927.248475,1928.43375,False,False,偏空,False,1952.905,1810.288,0.05684397940325727258214209371,0.02033535999653654352455401233,-6.914090225563909774436090226,0.8457642671904603494100790916,True,0.578183
2023-10-09,0,1862.418,1926.354916666666666666666667,1928.5960625,False,False,偏空,False,1952.905,1810.288,0.04858576323897213192741908637,0.02799049407812854042433009131,-6.553245112781954887218045113,0.7902178130514319742108339664,True,0.578183
2023-10-10,0,1859.495,1925.392833333333333333333333,1928.721895833333333333333333,False,False,偏空,False,1952.905,1810.288,0.05023406892731628748665632336,0.02646256107168881873842091536,-6.136550375939849624060150376,0.7284887152318797427595389667,True,0.578183
2023-10-11,0,1875.195,1924.6885,1928.883758333333333333333333,False,False,偏空,False,1952.905,1810.288,0.04144102346689277648457893712,0.03461346686611259095720711713,-5.228021052631578947368421053,0.5897591670791390864341532621,True,0.578183
2023-10-12,0,1870.505,1924.1055,1928.949829166666666666666667,False,False,偏空,False,1952.905,1810.288,0.04405227465310170248141544663,0.03219291047070176235829361590,-4.341243609022556390977443609,0.4602048004769696125213681748,True,0.578183
2023-10-13,0,1932.738,1923.99675,1929.36655,True,True,偏多,True,1952.905,1810.288,0.01043441997828986650027060057,0.06335571608774702003065081765,-2.505669172932330827067669173,0.1509886216486668190957106455,True,0.578183
2023-10-15,0,1925.765,1923.848,1929.617245833333333333333333,True,False,盤整,False,1952.905,1810.288,0.01409310066389201174598146711,0.05996422201047375977858149878,-0.9013879699248120300751879699,0.0192085395511306549580591701,True,0.578183
2023-10-16,0,1919.355,1923.664808333333333333333333,1929.824620833333333333333333,False,False,偏空,False,1952.905,1810.288,0.01747983046387979295127790325,0.05682481875421691141034357896,0.6602263157894736842105263158,0.0105173212766959910324515934,True,0.578183
2023-10-17,0,1924.548,1923.382891666666666666666667,1930.050175,True,False,盤整,True,1952.905,1810.288,0.01473436879724485957222163334,0.05936978448965679214028436807,2.301825563909774436090225564,0.1278985448795842987753644187,True,0.578183
2023-10-18,0,1950.745,1923.253725,1930.356758333333333333333333,True,True,偏多,False,1962.545,1810.288,0.006048971034143365739755836873,0.07200172241887073912787165929,4.183633082706766917293233083,0.3651443328990042277350534853,True,0.578183
2023-10-19,0,1977.035,1923.254891666666666666666667,1930.774216666666666666666667,True,True,偏多,True,1982.205,1810.288,0.002615027048079573705068448459,0.08434195651569142680832661030,6.156906766917293233082706767,0.6031816473870616833910205836,True,0.578183
2023-10-20,0,1980.648,1923.529141666666666666666667,1931.118770833333333333333333,True,True,偏多,False,1997.135,1810.288,0.008324043444367701883424010728,0.08601225457527031557348908034,7.689839849624060150375939850,0.7517907345580000291052784085,True,0.578183
2023-10-22,0,1971.445,1923.714058333333333333333333,1931.335633333333333333333333,True,True,偏多,False,1997.135,1810.288,0.01303105082819962007562980453,0.08174562313429996779012348810,8.764725563909774436090225564,0.8543020117389957722240360588,True,0.578183
2023-10-23,0,1973.455,1923.816225,1931.571508333333333333333333,True,True,偏多,False,1997.135,1810.288,0.01199926018074899098281947143,0.08268088200643034677760577262,9.417884210526315789473684211,0.9040552643334892958184628333,False,0.578183
2023-10-24,0,1972.725,1923.894808333333333333333333,1931.800175,True,True,偏多,False,1997.135,1810.288,0.01237374697436287368994664740,0.08234143126893003332953148564,9.875060150375939849624060150,0.9394796958762468077047618408,False,0.578183
2023-10-25,0,1982.895,1924.215558333333333333333333,1932.1099125,True,True,偏多,False,1997.135,1810.288,0.007181419086739338189868853368,0.08704797783039444852097564420,9.920288721804511278195488722,0.9416204699425916918922811739,False,0.578183
2023-10-26,0,1984.345,1924.374475,1932.4330375,True,True,偏多,False,1997.135,1810.288,0.006445451773759099350163404045,0.08771508986592553210253257372,9.723457142857142857142857143,0.9329286152700518397243956568,False,0.578183
2023-10-27,0,2005.648,1924.748225,1932.741675,True,True,偏多,False,2009.395,1810.288,0.001868224135042639585809673482,0.09740492848196692540266288003,9.575608270676691729323308271,0.9296223942386905095145035011,False,0.578183
2023-10-29,0,2002.695,1925.104808333333333333333333,1933.0641625,True,True,偏多,False,2009.395,1810.288,0.003345491949597916807102429476,0.09607404023078901180659061914,9.089729323308270676691729323,0.9199527260570057601723898882,False,0.578183
2023-10-30,0,1995.445,1925.401391666666666666666667,1933.3486625,True,True,偏多,False,2009.395,1810.288,0.006990921824455196710508182385,0.09278982883517210446792570078,8.409787218045112781954887218,0.8981283356945667588474611789,False,0.578183
2023-10-31,0,1983.625,1925.733308333333333333333333,1933.566995833333333333333333,True,True,偏多,False,2009.395,1810.288,0.01299136681580439851282374441,0.08738395614090364862310164472,7.555734586466165413533834586,0.8501484831735697360562608187,False,0.578183
2023-11-01,0,1985.025,1926.065308333333333333333333,1933.7674125,True,True,偏多,False,2009.395,1810.288,0.01227692346443999445850807924,0.08802760670520522411556529515,6.747315789473684210526315789,0.7953553198385803327333833630,False,0.578183
2023-11-02,0,1984.885,1926.288308333333333333333333,1933.920370833333333333333333,True,True,偏多,False,2009.395,1810.288,0.01234832244689238923161795268,0.08796328250755081528652793487,5.706372932330827067669172932,0.7369161703531281764578911475,False,0.578183
2023-11-03,0,1992.058,1926.577475,1934.176216666666666666666667,True,True,偏多,False,2009.395,1810.288,0.008703059850666998651645685015,0.09124734319984659081211490830,4.827239849624060150375939850,0.6870986889556352915285634730,False,0.578183
2023-11-05,0,1988.415,1926.838975,1934.429620833333333333333333,True,True,偏多,False,2009.395,1810.288,0.01055111734723385208822102026,0.08958240608726045619249502745,3.646277443609022556390977444,0.6651247096785539313897671149,False,0.578183
2023-11-06,0,1976.665,1927.041308333333333333333333,1934.628745833333333333333333,True,True,偏多,False,2009.395,1810.288,0.01655819271348458135293537347,0.08417056000890388609096634989,3.102775939849624060150375940,0.5469450046112680093303489924,False,0.578183
2023-11-07,0,1968.808,1927.304666666666666666666667,1934.823841666666666666666667,True,True,偏多,False,2009.395,1810.288,0.02061501172282924490351522342,0.08051572321932864961946517893,2.270875939849624060150375940,0.3677952208674043499840622355,False,0.578183
2023-11-08,0,1950.805,1927.44675,1934.922204166666666666666667,True,True,偏多,False,2009.395,1810.288,0.03003375529589067077437263079,0.07203026442929969935488170268,1.015853383458646616541353383,0.1024376638393493947911818254,False,0.578183
2023-11-09,0,1959.055,1927.819166666666666666666667,1934.947495833333333333333333,True,True,偏多,False,2009.395,1810.288,0.02569606264244750657842684355,0.07593814364578840308209825656,-0.08661052631578947368421052632,0.0011964428142920212667391093,False,0.578183
2023-11-10,0,1938.148,1927.967166666666666666666667,1935.043841666666666666666667,True,True,偏多,False,2009.395,1810.288,0.03676035060274034800231974029,0.06597019422665348569871857051,-1.125999248120300751879699248,0.1672865684863540209765393255,False,0.578183
2023-11-12,0,1940.248,1928.092275,1935.359258333333333333333333,True,True,偏多,False,2009.395,1810.288,0.03563822769048080451571139360,0.06698112818567523326914909847,-1.701339849624060150375939850,0.2985445688850178383149186262,False,0.578183
2023-11-13,0,1946.445,1928.293525,1935.696841666666666666666667,True,True,偏多,False,2009.395,1810.288,0.03234101143366496356177544190,0.06995162976606069012995486644,-2.075785714285714285714285714,0.3925634889197183520705394688,False,0.578183
2023-11-14,0,1962.375,1928.685108333333333333333333,1936.088216666666666666666667,True,True,偏多,False,2009.395,1810.288,0.02396076183196381935155105421,0.07750149691063125039811452959,-2.316537593984962406015037594,0.4793674495270164535340717052,True,0.578183
2023-11-15,0,1960.305,1929.1085,1936.45255,True,True,偏多,False,2009.395,1810.288,0.02504202152216109227900760341,0.07652737711733633286656923285,-2.541484962406015037593984962,0.5621318323404040739660038896,True,0.578183
2023-11-16,0,1982.505,1929.724166666666666666666667,1936.901091666666666666666667,True,True,偏多,False,2009.395,1810.288,0.01356364801097601267083815678,0.08686838116423413812323298050,-2.441041353383458646616541353,0.5141813085127112376074789622,True,0.578183
2023-11-17,0,1980.398,1930.231333333333333333333333,1937.393145833333333333333333,True,True,偏多,False,2009.395,1810.288,0.01464200630378338091636125668,0.08589687527456602157748089020,-2.224825563909774436090225564,0.4291271108018229322641942843,True,0.578183
2023-11-19,0,1974.515,1930.701416666666666666666667,1937.850716666666666666666667,True,True,偏多,False,2009.395,1810.288,0.01766509750495691346989007427,0.08317333623699997214505840675,-2.066003007518796992481203008,0.3751234883761904443403079089,True,0.578183
2023-11-20,0,1981.195,1931.20175,1938.344870833333333333333333,True,True,偏多,False,2009.395,1810.288,0.01423383362061785942322689084,0.08626460292904030143423539833,-1.460606766917293233082706767,0.2155314655616213053542525293,True,0.578183
2023-11-21,0,1999.255,1931.810166666666666666666667,1938.948620833333333333333333,True,True,偏多,True,2009.395,1810.288,0.005071889278756336735433949146,0.09451870821881150728646420792,-0.6070654135338345864661654135,0.0383700902990707654073714441,True,0.578183
2023-11-22,0,1990.348,1932.423358333333333333333333,1939.5133,True,True,偏多,False,2009.395,1810.288,0.009569683291565093139491184456,0.09046659177189114667384799040,0.009932330827067669172932330827,0.0000106189693158236344086786,True,0.578183
2023-11-23,0,1994.025,1933.111108333333333333333333,1940.170341666666666666666667,True,True,偏多,False,2009.395,1810.288,0.007708027732851895036421308660,0.09214377954137987236870149572,0.5004917293233082706766917293,0.0255596927069551308588735793,True,0.578183
2023-11-24,0,2000.505,1933.750,1940.86305,True,True,偏多,False,2009.395,1810.288,0.004443877920824991689598376410,0.09508449116598058990104998488,1.090088721804511278195488722,0.1109210140136016970964437817,True,0.578183
2023-11-26,0,2002.298,1934.396025,1941.531383333333333333333333,True,True,偏多,False,2009.395,1810.288,0.003544427452856667688825539455,0.09589481685543310735964376931,1.679811278195488721804511278,0.2403578543615953093773675623,True,0.578183
2023-11-27,0,2015.115,1935.149191666666666666666667,1942.266883333333333333333333,True,True,偏多,False,2018.085,1810.288,0.001473861293276066130220855882,0.1016453155278979115335849319,2.539706766917293233082706767,0.4700385326945742808397002138,True,0.578183
2023-11-28,0,2044.315,1936.074858333333333333333333,1943.111216666666666666666667,True,True,偏多,False,2044.425,1810.288,0.00005380775467577159097301541103,0.1144769763955163465512897963,3.724551879699248120300751880,0.6818256237757438249410250330,True,0.578183
2023-11-29,0,2043.945,1936.793691666666666666666667,1943.980008333333333333333333,True,True,偏多,False,2045.195,1810.288,0.0006115624441949269672129142418,0.1143166768186032403024543224,4.634524812030075187969924812,0.8114984914700129336907434992,True,0.578183
2023-11-30,0,2040.005,1937.461166666666666666666667,1944.875633333333333333333333,True,True,偏多,False,2047.118,1810.288,0.003486756159911372766243219992,0.1126060965536849174389278458,5.262981203007518796992481203,0.8951751045051963349149149745,True,0.578183
2023-12-01,0,2071.668,1938.4355,1945.911270833333333333333333,True,True,偏多,True,2075.265,1810.288,0.001736282068362305157003921478,0.1261688648953403730713608551,5.952445112781954887218045113,0.9021279473731479302554243634,True,0.578183
2023-12-03,0,2117.915,1939.807583333333333333333333,1947.191479166666666666666667,True,True,偏多,False,2145.135,1810.288,0.01285226272064742919333401010,0.1452499274050186150057957944,7.251094736842105263157894737,0.8776822656565136945328828226,True,0.578183
2023-12-04,0,2033.955,1940.462583333333333333333333,1948.117854166666666666666667,True,True,偏多,False,2145.135,1844.135,0.05466197629741070967646776846,0.09332556521653625571853851241,6.781318045112781954887218045,0.8300000988793964274309866687,False,0.578183
2023-12-05,0,2018.875,1940.80825,1948.9585625,True,True,偏多,False,2145.135,1844.135,0.06253978081852516872020308340,0.08655315460343012816543867253,5.9852,0.7289093547783989135034242468,False,0.578183
2023-12-06,0,2027.025,1941.219333333333333333333333,1949.7986875,True,True,偏多,False,2145.135,1852.888,0.05826765826765826765826765827,0.08590767257433924100590767257,5.285121804511278195488721805,0.6420636118054348697856814200,False,0.578183
2023-12-07,0,2028.015,1941.685166666666666666666667,1950.596770833333333333333333,True,True,偏多,False,2145.135,1858.535,0.05775105213718833440581060791,0.08356940160699008636523891589,4.729539849624060150375939850,0.5612139034730333519543091052,False,0.578183
2023-12-08,0,2004.418,1942.043416666666666666666667,1951.291158333333333333333333,True,True,偏多,False,2145.135,1867.825,0.07020342064379785054813916059,0.06814596556207337990379252232,3.705466917293233082706766917,0.3885259543776690121383621171,False,0.578183
2023-12-10,0,2006.935,1942.425975,1951.920895833333333333333333,True,True,偏多,False,2145.135,1870.045,0.06886122370679668250341939325,0.06820848707108102654047091709,3.001542105263157894736842105,0.2679710519394743539544659451,False,0.578183
2023-12-11,0,1982.895,1942.663891666666666666666667,1952.465229166666666666666667,True,True,偏多,False,2145.135,1908.085,0.08181976352756953847783165523,0.03772766586228721137528714329,1.884183458646616541353383459,0.1064791297006756818110841625,False,0.578183
2023-12-12,0,1982.415,1942.807058333333333333333333,1953.0325625,True,True,偏多,False,2145.135,1908.085,0.08208170337694176042856818577,0.03749467190270452957629961436,0.6633233082706766917293233083,0.0135899227087143772797234065,False,0.578183
2023-12-13,0,2032.765,1943.314391666666666666666667,1953.944645833333333333333333,True,True,偏多,False,2145.135,1912.315,0.05527938546757741303101932589,0.05925426697134198985126170512,0.2553428571428571428571428571,0.0021537466403385027809107489,True,0.578183
2023-12-14,0,2035.445,1944.048225,1954.8624375,True,True,偏多,True,2145.135,1923.678,0.05388993561604464871318065583,0.05491035129910167064204633385,0.09325714285714285714285714286,0.0002929605909048158887474722,True,0.578183
2023-12-15,0,2019.485,1944.556725,1955.6460625,True,True,偏多,False,2145.135,1931.515,0.06221883301930937838112191970,0.04356061074977036224582009770,-0.4918864661654135338345864662,0.0086469300654796726751061318,False,0.578183
2023-12-17,0,2017.345,1945.052308333333333333333333,1956.270633333333333333333333,True,True,偏多,False,2145.135,1931.515,0.06334563498063048214360954621,0.04254601964463192959062530207,-1.093358646616541353383458647,0.0449771761981219204742503367,True,0.578183
2023-12-18,0,2027.535,1945.583308333333333333333333,1956.89505,True,True,偏多,False,2145.135,1931.515,0.05800146483291287203426821239,0.04735799875217937051641525300,-1.482011278195488721804511278,0.0860367427834285288878265399,True,0.578183
2023-12-19,0,2040.865,1946.323475,1957.431966666666666666666667,True,True,偏多,False,2145.135,1931.515,0.05109108147770675669385285161,0.05358022211170263589213397260,-1.692571428571428571428571429,0.1159083349950755491565905113,True,0.578183
2023-12-20,0,2032.115,1947.124725,1957.970120833333333333333333,True,True,偏多,False,2145.135,1931.515,0.05561693112840562665006655627,0.04950507230151836879310472094,-1.883753383458646616541353383,0.1454847519689553346666572108,True,0.578183
2023-12-21,0,2052.675,1948.099141666666666666666667,1958.518329166666666666666667,True,True,偏多,True,2145.135,1931.515,0.04504366253790785194928568819,0.05902541805205402706224804219,-1.345732330827067669172932331,0.0729039497402510083092947769,True,0.578183
2023-12-22,0,2052.908,1949.018641666666666666666667,1959.066841666666666666666667,True,True,偏多,True,2145.135,1931.515,0.04492505265701141989801783616,0.05913221634871119407201881429,-0.8227962406015037593984962406,0.0267485459151696827547292601,True,0.578183
2023-12-25,0,2054.775,1949.943558333333333333333333,1959.3459125,True,True,偏多,False,2145.135,1931.515,0.04397561776836879950359528416,0.05998710321081383606477594870,-0.3488774436090225563909774436,0.0046796493784566912913151399,True,0.578183
2023-12-26,0,2066.048,1951.02225,1959.717383333333333333333333,True,True,偏多,False,2145.135,1931.515,0.03827936233814509633851682052,0.06511610572455238213245771637,0.7638157894736842105263157895,0.0229833791574688169015337740,True,0.578183
2023-12-27,0,2079.435,1952.305808333333333333333333,1960.146175,True,True,偏多,False,2145.135,1931.515,0.03159512079002228970850254997,0.07113470726423283247612933321,2.806418796992481203007518797,0.4494333817220496834289705254,True,0.578183
2023-12-28,0,2066.655,1953.556808333333333333333333,1960.661258333333333333333333,True,True,偏多,False,2145.135,1931.515,0.03797440792004470992981411992,0.06539069172164681574815341700,3.398630827067669172932330827,0.5935365829495291336657249824,True,0.578183
2023-12-29,1,2062.688,1954.809916666666666666666667,1961.0493125,True,True,偏多,False,2145.135,1931.515,0.03997065964411486371181681379,0.06359323368342667432011045781,3.646893233082706766917293233,0.6472408274860291325148842184,False,3.697619
2024-01-01,0,2063.615,1956.061891666666666666666667,1961.351020833333333333333333,True,True,偏多,False,2145.135,1931.515,0.03950349265730283991926788669,0.06401387855777361571804818244,3.971198496240601503759398496,0.7255725171700922707060385826,False,0.578183
2024-01-02,1,2059.455,1957.277641666666666666666667,1961.690466666666666666666667,True,True,偏多,False,2145.135,1931.515,0.04160323969205445129900871833,0.06212323163166954364140027337,4.196684210526315789473684211,0.7847134507131264375523906563,False,3.697619
2024-01-03,0,2042.895,1958.405891666666666666666667,1961.970591666666666666666667,True,True,偏多,False,2145.135,1931.515,0.05004662501009596675306366700,0.05452066797363545360872683129,3.765736090225563909774436090,0.6822300415930847110047311186,False,0.578183
2024-01-04,1,2044.098,1959.5955,1962.3291875,True,True,偏多,False,2145.135,1931.515,0.04942864774585171552440245037,0.05507710491375658114239141176,3.333855639097744360902255639,0.5794613091043374170003010272,False,3.697619
2024-01-05,0,2045.355,1960.86375,1962.635520833333333333333333,True,True,偏多,False,2145.135,1931.515,0.04878370747376372316786083589,0.05565781979167430592733290798,2.484469172932330827067669173,0.4448506520433391192971177975,False,0.578183
2024-01-07,0,2044.195,1962.13875,1962.973229166666666666666667,True,True,偏多,False,2145.135,1931.515,0.04937885084348606664237022398,0.05512194286748573399308774359,1.517007518796992481203007519,0.2913546778943716803542077660,False,0.578183
2024-01-08,1,2030.665,1963.317141666666666666666667,1963.1910625,True,True,偏多,False,2145.135,1931.515,0.05637069629899564920851051257,0.04882636968677748422314857448,1.058357894736842105263157895,0.1401031402183049638955108129,False,3.697619
2024-01-09,0,2030.665,1964.489725,1963.44905,True,True,偏多,False,2145.135,1931.515,0.05637069629899564920851051257,0.04882636968677748422314857448,0.6451819548872180451127819549,0.0508100094114114051195930223,False,0.578183
2024-01-10,0,2026.695,1965.590058333333333333333333,1963.739466666666666666666667,True,True,偏多,False,2145.135,1931.515,0.05843997246749017489064708799,0.04696315923214889265528360212,-0.06952030075187969924812030075,0.0006295378360339444605994787,False,0.578183
2024-01-11,0,2035.125,1966.728808333333333333333333,1963.948954166666666666666667,True,True,偏多,True,2145.135,1931.515,0.05405564768748848350838400590,0.05091087771021436029727903691,-0.7084255639097744360902255639,0.0767239434924989617446195902,False,0.578183
2024-01-12,1,2048.675,1967.819391666666666666666667,1964.061120833333333333333333,True,True,偏多,False,2145.135,1937.978,0.04708409093682502105019097709,0.05403346065139663441004551722,-1.019601503759398496240601504,0.1766991080215726016349422174,True,3.697619
2024-01-14,0,2047.505,1968.916891666666666666666667,1964.1750375,True,True,偏多,False,2145.135,1955.325,0.04768242324194568511432206515,0.04502064708022691031279532895,-1.168807518796992481203007519,0.2361755693068973058655850710,True,0.578183
2024-01-15,0,2053.895,1970.0762,1964.372616666666666666666667,True,True,偏多,False,2145.135,1956.365,0.04442291353744957751004798200,0.04748538751980992212357496367,-1.374870676691729323308270677,0.3542817619629863223563726719,True,0.578183
2024-01-16,1,2028.045,1971.019033333333333333333333,1964.467145833333333333333333,True,True,偏多,False,2145.135,1965.355,0.05773540527946865084354637101,0.03091154288982739534872253821,-1.658339849624060150375939850,0.4557898681885894882742077040,False,3.697619
2024-01-17,0,2009.465,1971.75495,1964.538770833333333333333333,True,True,偏多,False,2145.135,1965.355,0.06751548297681223609269133824,0.02195111634191190192414398857,-2.166521052631578947368421053,0.5695426251049715714451140722,False,0.578183
2024-01-18,0,2023.675,1972.484533333333333333333333,1964.6181875,True,True,偏多,False,2145.135,1965.355,0.06001951894449454581392763166,0.02881885678283321185467033985,-2.376895488721804511278195489,0.6351014054157923519350227062,True,0.578183
2024-01-19,0,2029.375,1973.194783333333333333333333,1964.665270833333333333333333,True,True,偏多,False,2145.135,1972.935,0.05704219279334770557437634740,0.02781151832460732984293193717,-2.281079699248120300751879699,0.6089853347775581949155421709,True,0.578183
2024-01-21,0,2027.535,1973.925866666666666666666667,1964.6146875,True,True,偏多,False,2145.135,1972.935,0.05800146483291287203426821239,0.02692925152956669058733881289,-1.945028571428571428571428571,0.5563314951492066935454683108,True,0.578183
2024-01-22,0,2020.635,1974.604175,1964.686091666666666666666667,True,True,偏多,False,2145.135,1972.935,0.06161429451632778804682686383,0.02360644054962920072155535265,-1.831293233082706766917293233,0.5342958820527437063169815243,False,0.578183
2024-01-23,0,2029.255,1975.3444,1964.796466666666666666666667,True,True,偏多,False,2145.135,1972.935,0.05710470098632256665623590924,0.02775402795607254879253716265,-1.587848872180451127819548872,0.4615307700000409331386598576,True,0.578183
2024-01-24,0,2016.265,1976.00065,1964.889633333333333333333333,True,True,偏多,False,2145.135,1972.935,0.06391520955826739044718824162,0.02149023069884167011776725778,-1.465063909774436090225563910,0.4397085577653033969387533805,False,0.578183
2024-01-25,1,2020.565,1976.784316666666666666666667,1964.951954166666666666666667,True,True,偏多,False,2145.135,1972.935,0.06165107284348684650085495889,0.02357261459047345668167072081,-1.275331578947368421052631579,0.3925284431465968633854764982,False,3.697619
2024-01-26,1,2017.915,1977.624816666666666666666667,1965.053120833333333333333333,True,True,偏多,False,2145.135,1972.935,0.06304527197627253873428761866,0.02229033433023690294189794912,-1.326448872180451127819548872,0.4119310384378200687273264460,False,3.697619
2024-01-28,0,2021.775,1978.471875,1965.122204166666666666666667,True,True,偏多,False,2145.135,1972.935,0.06101569165708350335719850132,0.02415699076306710687391030159,-1.265864661654135338345864662,0.3874285536186963525868285129,True,0.578183
2024-01-29,0,2031.035,1979.411683333333333333333333,1965.325483333333333333333333,True,True,偏多,False,2145.135,1972.935,0.05617825394441750142168894184,0.02860610476924326759509314217,-1.019578947368421052631578947,0.2747680005364938674873912215,True,0.578183
2024-01-30,1,2036.335,1980.391266666666666666666667,1965.541025,True,True,偏多,False,2145.135,1972.935,0.05342932277842300014486810864,0.03113436639845604971677057066,-0.6943609022556390977443609023,0.1366710003847258078801273361,True,3.697619
2024-01-31,1,2039.825,1981.376933333333333333333333,1965.728066666666666666666667,True,True,偏多,False,2145.135,1972.935,0.05162697780446852058387361661,0.03279202872795460394886816271,-0.5210977443609022556390977444,0.0736601283105545588505882918,True,3.697619
2024-02-01,1,2054.745,1982.55985,1965.95565,True,True,偏多,False,2120.865,1972.935,0.03217917551812998693268507771,0.03981515954534504281553185432,-0.1484661654135338345864661654,0.0048087955808295453727063957,True,3.697619
2024-02-02,1,2039.275,1983.644183333333333333333333,1966.154358333333333333333333,True,True,偏多,False,2088.355,1972.935,0.02406737688639344865209449437,0.03253116916551225312917581003,-0.09572932330827067669172932331,0.0019707456081886803339554618,True,3.697619
2024-02-04,0,2039.115,1984.722266666666666666666667,1966.372233333333333333333333,True,True,偏多,False,2088.355,1972.935,0.02414773075574452642445374587,0.03245525632443486512531171611,0.06890977443609022556390977444,0.0010069547366664455565965470,True,0.578183
2024-02-05,0,2025.005,1985.574491666666666666666667,1966.519970833333333333333333,True,True,偏多,False,2088.355,1972.935,0.03128387337315216505638257683,0.02571351675674874876852155921,0.2399248120300751879699248120,0.0133528992679906793704729303,False,0.578183
2024-02-06,0,2035.175,1986.507825,1966.72175,True,True,偏多,False,2088.355,1972.935,0.02613043104401341407987028143,0.03058213667129362339847924626,0.5733458646616541353383458647,0.0842916237660121154478437361,False,0.578183
2024-02-07,1,2036.395,1987.360658333333333333333333,1966.951166666666666666666667,True,True,偏多,False,2088.355,1972.935,0.02551567844155971704900080780,0.03116291289263625180772885418,1.043631578947368421052631579,0.3539865603771303258021343026,False,3.697619
2024-02-08,1,2034.185,1988.217908333333333333333333,1967.027833333333333333333333,True,True,偏多,False,2088.355,1972.935,0.02662982963693076096815186426,0.03011033903012754493814476068,1.100503759398496240601503759,0.3892013409583822517691245485,False,3.697619
2024-02-09,1,2024.155,1989.0083,1966.912666666666666666666667,True,True,偏多,False,2088.355,1972.935,0.03171693867317473217219037080,0.02530438627476650750560110268,0.7114887218045112781954887218,0.1992729397500326589937668913,False,3.697619
2024-02-11,0,2025.345,1989.875383333333333333333333,1966.810958333333333333333333,True,True,偏多,False,2088.355,1972.935,0.03111074903288081783597362425,0.02587707279500529539411803915,0.5417518796992481203007518797,0.1168386272092151150148686413,False,0.578183
2024-02-12,0,2018.845,1990.658941666666666666666667,1966.821570833333333333333333,True,True,偏多,False,2088.355,2001.755,0.03443057787992639355671188229,0.008465236310860913046816372728,0.3666466165413533834586466165,0.0498560875914856581883708680,False,0.578183
2024-02-13,0,1991.435,1991.215358333333333333333333,1966.719320833333333333333333,True,True,偏多,False,2088.355,1989.985,0.04866842251943949965728231150,0.0007281181660460923906630143590,-0.2132481203007518796992481203,0.0094941317764745819446114574,False,0.578183
2024-02-14,0,1993.645,1991.861025,1966.604570833333333333333333,True,True,偏多,False,2088.355,1984.088,0.04750595015662266852925169727,0.004793732083695943861620298498,-0.8162330827067669172932330827,0.1038199091077257829760225989,False,0.578183
2024-02-15,0,2003.345,1992.710025,1966.467658333333333333333333,True,True,偏多,False,2088.355,1984.088,0.04243402908635307448292730408,0.009612423222160935834816269789,-1.103954887218045112781954887,0.1701471684025086256876041045,False,0.578183
2024-02-16,0,2013.055,1993.839608333333333333333333,1966.391145833333333333333333,True,True,偏多,False,2088.355,1984.088,0.03740583342233570369413652384,0.01438957206832401499213881389,-1.419105263157894736842105263,0.2772428864383801836331665308,True,0.578183
2024-02-18,0,2013.695,1995.065025,1966.380608333333333333333333,True,True,偏多,False,2088.355,1984.088,0.03707612125967437968510623506,0.01470282242345538922230029870,-1.652390977443609022556390977,0.3677722062853232191780436805,True,0.578183
2024-02-19,0,2016.085,1996.464916666666666666666667,1966.406804166666666666666667,True,True,偏多,False,2088.355,1984.088,0.03584670289199116108695813917,0.01587085861955225102116230218,-1.883045112781954887218045113,0.4749113548174194353638239109,True,0.578183
2024-02-20,0,2024.095,1997.930,1966.4676,True,True,偏多,False,2088.355,1984.088,0.03174752173193451888374804542,0.01976537662510899933056501795,-1.935571428571428571428571429,0.5025958702804757712774880819,True,0.578183
2024-02-21,1,2025.658,1999.603441666666666666666667,1966.5147375,True,True,偏多,False,2088.355,1984.088,0.03095142417920497932029987293,0.02052172676730227906191469636,-1.823047368421052631578947368,0.4495064118560712615499834023,True,3.697619
2024-02-22,1,2024.615,2001.281441666666666666666667,1966.660529166666666666666667,True,True,偏多,False,2088.355,1984.088,0.03148252877707613546279169126,0.02001713906100666052558140684,-1.633653383458646616541353383,0.3721326305154614399589115978,True,3.697619
2024-02-23,1,2035.215,2003.054691666666666666666667,1966.879654166666666666666667,True,True,偏多,False,2088.355,1984.088,0.02611026353481081851303179271,0.02512117884351284753699240621,-1.220101503759398496240601504,0.2132411669201565757315138453,True,3.697619
2024-02-25,0,2033.935,2004.828,1967.194820833333333333333333,True,True,偏多,False,2088.355,1984.088,0.02675601727685496340836850735,0.02450766617418944066550799313,-0.5823240601503759398496240602,0.0599771980214404847058714828,True,0.578183
2024-02-26,0,2031.205,2006.482225,1967.418808333333333333333333,True,True,偏多,False,2078.825,1984.088,0.02344421168715122304247971032,0.02319657543182495119891886836,-0.1965165413533834586466165414,0.0072286045372346277354263264,True,0.578183
2024-02-27,0,2030.025,2008.000225,1967.62435,True,True,偏多,False,2078.825,1984.088,0.02403911281880765015209172301,0.02262878535978620952943929262,0.1820428571428571428571428571,0.0066300685084469725330633002,True,0.578183
2024-02-28,0,2034.518,2009.434391666666666666666667,1967.894654166666666666666667,True,True,偏多,False,2078.825,1984.088,0.02177763971613915433532659824,0.02478719775396432963483242714,0.4156676691729323308270676692,0.0330955652988801408226450832,True,0.578183
2024-02-29,0,2044.185,2010.973475,1968.183154166666666666666667,True,True,偏多,False,2065.835,1984.088,0.01059101793624353960135702003,0.02939900253646318704031190915,0.9336661654135338345864661654,0.1532758558696194105936221237,True,0.578183
2024-03-01,0,2082.395,2012.700141666666666666666667,1968.694320833333333333333333,True,True,偏多,True,2088.215,1984.088,0.002794858804405504239109294826,0.04720862276369276722235694957,2.003236090225563909774436090,0.3783177643397444207833408109,True,0.578183
2024-03-03,0,2083.445,2014.474641666666666666666667,1969.290070833333333333333333,True,True,偏多,False,2088.215,1984.088,0.002289477284017576657891137035,0.04768880388011202599540664620,2.983738345864661654135338346,0.5766994978697632561587220852,True,0.578183
2024-03-04,0,2114.475,2015.989116666666666666666667,1969.992933333333333333333333,True,True,偏多,True,2119.805,1984.088,0.002520720273353905815864458081,0.06166400643185660743210489601,4.175082706766917293233082707,0.6653798143794686233765518159,True,0.578183
2024-03-05,0,2127.945,2017.67395,1970.760975,True,True,偏多,True,2141.748,1984.088,0.006486539830681714048060452690,0.06760372096083310423906632925,5.441825563909774436090225564,0.7555549551529927117591871867,True,0.578183
2024-03-06,0,2147.275,2019.573283333333333333333333,1971.619045833333333333333333,True,True,偏多,True,2152.085,1984.088,0.002240048433479642803087634327,0.07599725233144334097868228336,6.727793984962406015037593985,0.8124788873850680201864460291,True,0.578183
2024-03-07,0,2161.865,2021.550925,1972.466908333333333333333333,True,True,偏多,True,2164.635,1984.088,0.001281301098819769042007710935,0.08223316442053504728556130933,7.596273684210526315789473684,0.8183539011424132663909740625,True,0.578183
2024-03-08,0,2178.965,2023.452758333333333333333333,1973.353241666666666666666667,True,True,偏多,True,2195.085,1984.088,0.007398007769743892168988487654,0.08943558065411789542282689258,8.487648120300751879699248120,0.8277580641403568708966804384,True,0.578183
2024-03-10,0,2181.545,2025.157008333333333333333333,1974.20595,True,True,偏多,False,2195.085,1984.088,0.006206610452683763112839753477,0.09051245791400131558138841968,9.290360902255639097744360902,0.8517389731818837227767401485,True,0.578183
2024-03-11,0,2183.555,2026.8479,1975.188520833333333333333333,True,True,偏多,False,2195.085,1984.088,0.005280379930892512439576745262,0.09134965686689824620859103618,10.00713383458646616541353383,0.8818813226441134289396063813,True,0.578183
2024-03-12,0,2156.885,2028.393233333333333333333333,1976.053645833333333333333333,True,True,偏多,False,2195.085,1984.088,0.01771072634841449590497407140,0.08011414609494711122753415226,10.09662105263157894736842105,0.8877070944223732792436365301,False,0.578183
2024-03-13,0,2175.345,2030.07565,1976.9459375,True,True,偏多,True,2195.085,1984.088,0.009074422677782144901153610117,0.08792030689384902164943951419,10.27223609022556390977443609,0.8970096633243589751781229748,False,0.578183
2024-03-14,0,2161.555,2031.649233333333333333333333,1977.772020833333333333333333,True,True,偏多,False,2195.085,1984.088,0.01551198095815281128631933955,0.08210154263944243842974155180,10.13783609022556390977443609,0.8876310075431599178668655968,False,0.578183
2024-03-15,0,2155.625,2033.08865,1978.652104166666666666666667,True,True,偏多,False,2195.085,1984.088,0.01830559582487677587706581618,0.07957645694404175123224122934,9.736693984962406015037593985,0.8573810801520043490608527894,False,0.578183
2024-03-17,0,2156.428,2034.522675,1979.448575,True,True,偏多,False,2195.085,1984.088,0.01792640422031247971181973152,0.07991919971360045408425414621,9.135115789473684210526315789,0.8130119950653477447018094034,False,0.578183
2024-03-18,0,2162.035,2035.8259,1980.2870625,True,True,偏多,False,2195.085,1984.088,0.01528652403869502575120199257,0.08230532808210782896669110352,8.582790977443609022556390977,0.7702340924390667146659272014,False,0.578183
2024-03-19,0,2156.965,2037.111483333333333333333333,1981.108145833333333333333333,True,True,偏多,False,2195.085,1984.088,0.01767298032188746688054743586,0.08014826388003514197031477099,7.747120300751879699248120301,0.7031345669894770364878510235,False,0.578183
2024-03-20,0,2203.855,2038.848233333333333333333333,1982.1248125,True,True,偏多,False,2222.875,1984.088,0.008630331850325906196188043224,0.09971935540223835052669073056,7.353193984962406015037593985,0.6882879692654933821673723999,False,0.578183
2024-03-21,0,2181.735,2040.49915,1983.116229166666666666666667,True,True,偏多,False,2222.875,1984.088,0.01885655223938745998024508018,0.09059166214045243808253522999,6.365012030075187969924812030,0.6373561031299067740725142762,False,0.578183
2024-03-22,0,2165.055,2041.9994,1984.032354166666666666666667,True,True,偏多,False,2222.875,1984.088,0.02670601901568320435277625742,0.08358540545159360847645902760,4.981351127819548872180451128,0.5453253743552742740993794680,False,0.578183
2024-03-24,0,2168.275,2043.52765,1984.907979166666666666666667,True,True,偏多,False,2222.875,1984.088,0.02518130772157590711510301968,0.08494632830245241032618095029,3.600030827067669172932330827,0.4569565075390361373782185055,False,0.578183
2024-03-25,0,2172.815,2045.033958333333333333333333,1985.805716666666666666666667,True,True,偏多,False,2222.875,1984.088,0.02303923711866863952982651537,0.08685829212335150484509725863,2.700281954887218045112781955,0.3604932265324599041582034864,False,0.578183
2024-03-26,0,2178.248,2046.6159,1986.7274375,True,True,偏多,False,2222.875,1984.088,0.02048756615408346524362698830,0.08913585597232271072898953654,1.758756390977443609022556391,0.2737227629552216735283056891,False,0.578183
2024-03-27,0,2190.545,2048.398233333333333333333333,1987.719770833333333333333333,True,True,偏多,False,2222.875,1984.088,0.01475888420461574630970831460,0.09424914804306690800691152202,1.340288721804511278195488722,0.2213021832611055811152396720,True,0.578183
2024-03-28,0,2232.698,2050.597316666666666666666667,1988.950991666666666666666667,True,True,偏多,False,2236.015,1984.088,0.001485646513769439485322242417,0.1113495869123365542496119045,1.6223,0.2377158517700422022381968310,True,0.578183
2024-03-31,0,2245.885,2053.056316666666666666666667,1990.251533333333333333333333,True,True,偏多,False,2247.265,1984.088,0.0006144571071092242033763972777,0.1165674110651257744719787523,2.240384210526315789473684211,0.2923926994176425941456694925,True,0.578183
2024-04-01,0,2248.885,2055.471566666666666666666667,1991.645366666666666666666667,True,True,偏多,False,2265.585,1984.088,0.007425902169297229515960131354,0.1177459051930178733016583774,2.983408270676691729323308271,0.3766360204383767916828507032,True,0.578183
2024-04-02,0,2279.845,2058.319041666666666666666667,1993.143104166666666666666667,True,True,偏多,True,2288.185,1984.088,0.003658143426417146779715287662,0.1297268016027405371856420064,4.307860902255639097744360902,0.5016501267611207769178619342,True,0.578183
2024-04-03,0,2297.445,2061.295683333333333333333333,1994.693979166666666666666667,True,True,偏多,True,2302.555,1984.088,0.002224209937561073279229753052,0.1363936895116096359216433908,5.772779699248120300751879699,0.6174534904531784953478125491,True,0.578183
2024-04-04,0,2288.635,2064.147266666666666666666667,1996.220395833333333333333333,True,True,偏多,False,2305.425,1984.088,0.007336250647219849386206188405,0.1330692749171449357368038154,6.969292481203007518796992481,0.7299019150915028151815207917,True,0.578183
2024-04-05,0,2328.195,2067.195766666666666666666667,1997.9404375,True,True,偏多,True,2330.345,1984.088,0.0009234621670435680860065415483,0.1477999050766795736611409268,8.151827819548872180451127820,0.7655563301212153085487925596,True,0.578183
2024-04-07,0,2311.115,2070.119183333333333333333333,1999.613841666666666666666667,True,True,偏多,False,2330.345,1984.088,0.008320659075814055120580325947,0.1415018292036527823150297584,9.124227819548872180451127820,0.8324745678028831000020765512,True,0.578183
2024-04-08,0,2338.685,2073.08735,2001.405758333333333333333333,True,True,偏多,True,2353.835,1984.088,0.006477999388545272236320838420,0.1516223860844876501110666892,10.06858270676691729323308271,0.8684519778265808101773776521,True,0.578183
2024-04-09,0,2354.775,2076.207158333333333333333333,2003.219245833333333333333333,True,True,偏多,True,2365.185,1984.088,0.004420804535465171831703665955,0.1574192863437058742342686669,10.88280225563909774436090226,0.8908436848025061477760730506,True,0.578183
2024-04-10,0,2335.435,2079.214825,2004.958120833333333333333333,True,True,偏多,False,2365.185,1984.088,0.01273852622744799148766717978,0.1504417806532830072341983399,11.13394135338345864661654135,0.9019349650149605122728097840,False,0.578183
2024-04-11,0,2376.725,2082.510908333333333333333333,2006.856329166666666666666667,True,True,偏多,False,2379.455,1984.088,0.001148639409271160946260084781,0.1652008541164838170171138857,11.79428571428571428571428571,0.9174596635856460796674427969,True,0.578183
2024-04-12,0,2343.285,2085.377825,2008.593995833333333333333333,True,True,偏多,False,2431.385,1984.088,0.03759679253697266871080555716,0.1532877989659815173997187709,11.57402105263157894736842105,0.9080912933872382408374286122,False,0.578183
2024-04-14,0,2364.585,2088.496466666666666666666667,2010.4599125,True,True,偏多,False,2431.385,1990.175,0.02825020035228169002171628425,0.1583406813457752628896825447,12.11823007518796992481203008,0.9397711926106879748623726035,False,0.578183
2024-04-15,0,2381.825,2091.728133333333333333333333,2012.419620833333333333333333,True,True,偏多,True,2431.385,1994.985,0.02080757402412015996137415637,0.1624132755345165996662223295,12.31776240601503759398496241,0.9467836715655069701350674697,False,0.578183
2024-04-16,0,2382.575,2094.91205,2014.331025,True,True,偏多,True,2431.385,2009.935,0.02048623862837476259928858483,0.1564022118925951963736713430,11.96375338345864661654135338,0.9382276883742461024787088318,False,0.578183
2024-04-17,0,2367.815,2097.958025,2016.177025,True,True,偏多,False,2431.385,2013.185,0.02684753665299020404888050798,0.1497709913992436064472942354,11.12263157894736842105263158,0.9111859853663786201264414618,False,0.578183
2024-04-18,0,2379.795,2100.997025,2018.073108333333333333333333,True,True,偏多,False,2431.385,2014.945,0.02167833784002403568374586887,0.1533115247321723089593851571,10.22427669172932330827067669,0.8921176738994046976415742547,False,0.578183
2024-04-19,0,2390.295,2103.880191666666666666666667,2019.977525,True,True,偏多,True,2431.385,2015.955,0.01719034679819854871469839497,0.1566082847514637314641079867,9.250457894736842105263157895,0.8864918547110689010479749620,False,0.578183
2024-04-21,0,2386.405,2106.734025,2021.763858333333333333333333,True,True,偏多,False,2431.385,2015.955,0.01884843519855179653076489531,0.1552334997621945981507749104,8.096363157894736842105263158,0.8867417781402026289764543739,False,0.578183
2024-04-22,0,2333.665,2109.181191666666666666666667,2023.321179166666666666666667,True,True,偏多,False,2431.385,2015.955,0.04187404790319090357870559828,0.1361420769476338720424739626,6.559887218045112781954887218,0.7367225862164249939580285749,False,0.578183
2024-04-23,0,2323.155,2111.276916666666666666666667,2024.856208333333333333333333,True,True,偏多,False,2431.385,2024.355,0.04658750707550723046890973697,0.1286181937924933979867895168,4.929654135338345864661654135,0.5304450426090500533542291295,False,0.578183
2024-04-24,0,2316.085,2112.928333333333333333333333,2026.367958333333333333333333,True,True,偏多,False,2431.385,2024.355,0.04978228346541685646252188499,0.1259582441922468303192672117,3.129593984962406015037593985,0.2904872999659146090739592491,False,0.578183
2024-04-25,0,2330.545,2115.399916666666666666666667,2027.93125,True,True,偏多,False,2431.385,2024.355,0.04326884913185542437498525023,0.1313812863514757277804118779,1.923894736842105263157894737,0.1340877310214119250223656669,False,0.578183
2024-04-26,0,2337.245,2118.053,2029.430625,True,True,偏多,False,2431.385,2024.355,0.04027819077589212940876972675,0.1338712886325567067209470980,1.015563909774436090225563910,0.0429935615952908090301568014,False,0.578183
2024-04-28,0,2335.845,2120.6265,2030.922916666666666666666667,True,True,偏多,False,2431.385,2028.015,0.04090168654170118308363782700,0.1317852854106329829248087951,-0.1117218045112781954887218045,0.0006686529240270702923931372,False,0.578183
2024-04-29,0,2333.025,2123.16825,2032.426708333333333333333333,True,True,偏多,False,2431.385,2038.915,0.04215985683822505116747570215,0.1260638012880273464707836393,-0.7256541353383458646616541353,0.0286641090614822670126392880,False,0.578183
2024-04-30,0,2291.265,2125.558641666666666666666667,2033.801029166666666666666667,True,True,偏多,False,2431.385,2079.308,0.06115399135412097684030437335,0.09250654114648458384342273809,-2.213105263157894736842105263,0.2296963304016707987409802478,False,0.578183
2024-05-01,0,2323.638,2128.197833333333333333333333,2035.311904166666666666666667,True,True,偏多,False,2431.385,2079.308,0.04636995952037279472964377412,0.1051497694563438883337249606,-2.772919548872180451127819549,0.3468951157436388770713676496,True,0.578183
2024-05-02,0,2304.115,2130.874666666666666666666667,2036.769279166666666666666667,True,True,偏多,False,2431.385,2110.375,0.05523595827465208984794595756,0.08408434474841750520264830531,-3.334954135338345864661654135,0.4446507550348762131810869543,False,0.578183
2024-05-03,0,2301.175,2133.531,2038.169029166666666666666667,True,True,偏多,False,2431.385,2123.615,0.05658413636511782024400577966,0.07716058100752876248003737221,-4.168176691729323308270676692,0.6234432384121134728200310070,False,0.578183
2024-05-05,0,2293.875,2135.706916666666666666666667,2039.510654166666666666666667,True,True,偏多,False,2431.385,2144.048,0.05994659691569941692550814670,0.06531611356329355348482371533,-4.402218796992481203007518797,0.6501809070535507716562124590,False,0.578183
2024-05-06,0,2325.935,2138.127666666666666666666667,2041.087945833333333333333333,True,True,偏多,False,2431.385,2145.985,0.04533660656897118793087511044,0.07736673638773224531210029515,-4.581674436090225563909774436,0.6969896557963934351726032598,True,0.578183
2024-05-07,0,2315.105,2140.591166666666666666666667,2042.573945833333333333333333,True,True,偏多,False,2431.385,2145.985,0.05022666358545292762099343226,0.07305068236645854075733066103,-4.553438345864661654135338346,0.6916336655324046516677441376,True,0.578183
2024-05-08,0,2308.695,2143.019083333333333333333333,2044.035695833333333333333333,True,True,偏多,False,2431.385,2145.985,0.05314257621730024970816846747,0.07047704439087882981511200050,-4.270157142857142857142857143,0.6534077777277443155846380832,True,0.578183
2024-05-09,0,2346.404,2145.676325,2045.629816666666666666666667,True,True,偏多,False,2431.385,2145.985,0.03621754821420352164418403651,0.08541538456293119172998341292,-3.326363909774436090225563910,0.4517571013744498115509919829,True,0.578183
2024-05-10,0,2360.175,2148.337241666666666666666667,2047.330358333333333333333333,True,True,偏多,False,2431.385,2145.985,0.03017149152075587615325134789,0.09075174510364697533021915748,-2.364502255639097744360902256,0.2353286217584120758230730610,True,0.578183
2024-05-12,0,2360.278,2151.071933333333333333333333,2049.098329166666666666666667,True,True,偏多,False,2431.385,2145.985,0.03012653594195260049875480770,0.09079142372212086881291102150,-1.200522556390977443609022556,0.0670788356219573337991892694,True,0.578183
2024-05-13,0,2338.275,2153.451933333333333333333333,2050.7755375,True,True,偏多,False,2431.385,2145.985,0.03981995274294084314291518320,0.08223583624680587184997487464,-0.1557330827067669172932330827,0.0015109848609280697662923811,True,0.578183
2024-05-14,0,2355.695,2155.975158333333333333333333,2052.4969,True,True,偏多,False,2431.385,2145.985,0.03213064509624548169436196112,0.08902256022108125202965579160,1.154718045112781954887218045,0.1108688312718621853903394834,True,0.578183
2024-05-15,0,2391.715,2158.782991666666666666666667,2054.363275,True,True,偏多,False,2431.385,2145.985,0.01658642438584864835484160947,0.1027421745483889175758817418,2.193184210526315789473684211,0.2664130624231654173291242121,True,0.578183
2024-05-16,0,2377.705,2161.380133333333333333333333,2056.201191666666666666666667,True,True,偏多,False,2431.385,2147.045,0.02257639194096828664615669311,0.09700951127242445972061294399,2.778266917293233082706766917,0.3632957575040404496873970543,True,0.578183
2024-05-17,0,2414.525,2164.17255,2058.239179166666666666666667,True,True,偏多,False,2431.385,2149.475,0.006982739876373199697663101438,0.1097731437860448742506290057,3.695687969924812030075187970,0.4510961285331648780241959357,True,0.578183
2024-05-19,0,2420.185,2167.118633333333333333333333,2060.337720833333333333333333,True,True,偏多,False,2431.385,2157.035,0.004627745399628540793369101949,0.1087313573135937955156320694,4.774251879699248120300751880,0.5706094870536003711937342112,True,0.578183
2024-05-20,0,2426.105,2170.147108333333333333333333,2062.4785125,True,True,偏多,True,2449.985,2157.035,0.009842937548045117585595017528,0.1109061644075586176196001410,5.908379699248120300751879699,0.6978480957788627756319766978,True,0.578183
2024-05-21,0,2421.494,2173.129433333333333333333333,2064.5956625,True,True,偏多,False,2449.985,2163.455,0.01176587676863952584644025548,0.1065618993893852307707555749,6.820906766917293233082706767,0.8043783080699777927455047541,True,0.578183
2024-05-22,0,2382.105,2175.818183333333333333333333,2066.5479125,True,True,偏多,False,2449.985,2163.455,0.02849580518071201731241905793,0.09178856515560817008486191835,6.997412030075187969924812030,0.8340548613246743315437954415,False,0.578183
2024-05-23,0,2331.908,2178.226625,2068.316258333333333333333333,True,True,偏多,False,2449.985,2167.458,0.05063535954248623873669115591,0.07052165008225024314852901572,5.723644360902255639097744361,0.6120097881254751904741563705,False,0.578183
2024-05-24,0,2333.405,2180.637516666666666666666667,2070.116508333333333333333333,True,True,偏多,False,2449.985,2173.275,0.04996132261651963546833918672,0.06862503508820800503984520475,4.921297744360902255639097744,0.4591740847113637399267981220,False,0.578183
2024-05-26,0,2337.105,2183.068766666666666666666667,2071.966258333333333333333333,True,True,偏多,False,2449.985,2187.225,0.04829907085903286330738242398,0.06413062314273428023131181526,3.848863157894736842105263158,0.3010489062680275323601115028,False,0.578183
2024-05-27,0,2352.365,2185.63685,2073.8878,True,True,偏多,False,2449.985,2228.395,0.04149866198485354101085503313,0.05270015495044348984957691515,2.898398496240601503759398496,0.1894540976545863643843889791,False,0.578183
2024-05-28,0,2359.685,2188.378683333333333333333333,2075.8479125,True,True,偏多,False,2449.985,2228.395,0.03826781964541877411603667439,0.05563878229509447235542032093,1.860264661654135338345864662,0.0922583286085820932694835386,False,0.578183
2024-05-29,0,2337.495,2190.9356,2077.7126625,True,True,偏多,False,2449.985,2246.585,0.04812416711051788346071328495,0.03889206180120171380045732718,0.9123789473684210526315789474,0.0228603292894159497599989297,False,0.578183
2024-05-30,0,2343.864,2193.578675,2079.584366666666666666666667,True,True,偏多,False,2449.985,2265.405,0.04527609110426202202858186311,0.03347421181433735063126529526,-0.1329045112781954887218045113,0.0005287264761318814019262874,False,0.578183
2024-05-31,0,2326.995,2196.010925,2081.369866666666666666666667,True,True,偏多,False,2449.985,2267.605,0.05285357295567889058635708285,0.02552218633903381829355026547,-1.563630827067669172932330827,0.0794080001858957570332241787,False,0.578183
2024-06-02,0,2325.748,2198.319866666666666666666667,2083.069629166666666666666667,True,True,偏多,False,2449.985,2267.605,0.05341808312852467249246263998,0.02499969902156209529149331742,-2.444284962406015037593984962,0.1832189245181276403107492272,False,0.578183
2024-06-03,0,2350.488,2200.844725,2084.880808333333333333333333,True,True,偏多,False,2449.985,2277.165,0.04233035863190962897917368649,0.03119479869712161899996936806,-2.723012030075187969924812030,0.2255197523039285637809641289,True,0.578183
2024-06-04,0,2328.668,2203.1345,2086.60535,True,True,偏多,False,2449.985,2277.165,0.05209716455931030099610592837,0.02211693551850242284430412579,-3.297260150375939849624060150,0.3133671187361889723745119422,False,0.578183
2024-06-05,1,2354.935,2205.858583333333333333333333,2088.438808333333333333333333,True,True,偏多,False,2449.985,2277.165,0.04036204820939856089446205522,0.03302426606254525071817268842,-3.796147368421052631578947368,0.4255631109181263513463685112,True,3.697619
2024-06-06,0,2376.718,2208.919025,2090.3369875,True,True,偏多,False,2449.985,2277.165,0.03082696390568843253595925137,0.04188675307714251333140911122,-3.733848872180451127819548872,0.4101236832047885334214957679,True,0.578183
2024-06-07,0,2293.415,2211.166858333333333333333333,2091.825695833333333333333333,True,True,偏多,False,2449.985,2277.165,0.06826937122151900114022102411,0.007085503495878417120320569980,-4.324469924812030075187969925,0.4698810534900927411869688409,False,0.578183
2024-06-09,0,2298.328,2213.408133333333333333333333,2093.301458333333333333333333,True,True,偏多,False,2449.985,2277.165,0.06598579489089459816005374342,0.009207998162142218169034184851,-4.918296240601503759398496241,0.5434269710701766988891839113,False,0.578183
2024-06-10,0,2309.798,2215.760325,2094.843095833333333333333333,True,True,偏多,False,2449.985,2277.165,0.06069232028082109344626672982,0.01412807526891961981090987177,-4.647533082706766917293233083,0.5182546187421836638594995338,True,0.578183
2024-06-11,0,2315.008,2218.213433333333333333333333,2096.408804166666666666666667,True,True,偏多,False,2449.985,2277.165,0.05830519808138891960632533451,0.01634681176047771757160234435,-4.055488721804511278195488722,0.4639414700266264202438729109,True,0.578183
2024-06-12,0,2320.448,2220.640041666666666666666667,2097.992220833333333333333333,True,True,偏多,True,2449.985,2277.165,0.05582413396033869321786137849,0.01865286358496290371514466172,-3.134095488721804511278195489,0.3819716229365242848643731342,True,0.578183
2024-06-13,0,2302.208,2223.0229,2099.511775,True,True,偏多,False,2449.985,2277.165,0.06418924788724563549427332370,0.01087781816412765484265539864,-2.387196240601503759398496241,0.3390887626105002934147266265,False,0.578183
2024-06-14,0,2332.184,2225.619725,2101.202020833333333333333333,True,True,偏多,False,2449.985,2277.165,0.05051102314397148766992655811,0.02359119177560604137580911283,-1.654622556390977443609022556,0.2082139233912640189025424813,True,0.578183
2024-06-16,0,2328.748,2228.210,2102.917408333333333333333333,True,True,偏多,False,2449.985,2277.165,0.05206102163050703639895772321,0.02215052895375540848558968167,-1.688649624060150375939849624,0.2166885584820096338003809807,True,0.578183
2024-06-17,0,2320.545,2230.69975,2104.5858125,True,True,偏多,False,2449.985,2277.165,0.05577999995690667494058507807,0.01869388441077419313135491878,-1.811473684210526315789473684,0.2463991723067301606116779354,True,0.578183
2024-06-18,0,2328.195,2233.176083333333333333333333,2106.293883333333333333333333,True,True,偏多,False,2449.985,2277.165,0.05231091038336565450917985822,0.02191826715545733926926223963,-1.747252631578947368421052632,0.2302271968110375000611356665,True,0.578183
2024-06-19,0,2329.265,2235.617166666666666666666667,2108.004216666666666666666667,True,True,偏多,False,2449.985,2277.165,0.05182750781899011061429249141,0.02236757088609496987247050035,-1.4134,0.1599548808793792668636447763,True,0.578183
2024-06-20,1,2360.715,2238.29125,2109.834091666666666666666667,True,True,偏多,False,2449.985,2277.165,0.03781481457948121649584977433,0.03539181985118915243898564630,-0.4799458646616541353383458647,0.0183029580494713586018729250,True,3.697619
2024-06-21,1,2321.755,2240.516333333333333333333333,2111.538091666666666666666667,True,True,偏多,False,2449.985,2277.165,0.05522977230586345243145809958,0.01920529943943267054448036076,-0.4549804511278195488721804511,0.0164998648477274238567024717,False,3.697619
2024-06-23,0,2319.085,2242.848083333333333333333333,2113.246133333333333333333333,True,True,偏多,False,2449.985,2277.165,0.05644467537843589174178609236,0.01807609466664654378774387312,-0.3439255639097744360902255639,0.0096395249968124023317638225,False,0.578183
2024-06-24,1,2330.755,2245.278416666666666666666667,2115.000341666666666666666667,True,True,偏多,False,2449.985,2277.165,0.05115509781165330547397731636,0.02299254962447790522813423118,-0.2952473684210526315789473684,0.0070933515222292622663137959,True,3.697619
2024-06-25,1,2319.898,2247.735858333333333333333333,2116.655175,True,True,偏多,False,2449.985,2277.165,0.05607444810073546336951021122,0.01842020640562645426652378682,-0.4270127819548872180451127820,0.0147450273537715925383219380,False,3.697619
2024-06-26,0,2298.258,2249.928216666666666666666667,2118.218020833333333333333333,True,True,偏多,False,2449.985,2277.165,0.06601826252753172185194177503,0.009177820766859073263315084729,-0.4684924812030075187969924812,0.0174432088529079905762617086,False,0.578183
2024-06-27,0,2327.588,2252.354825,2119.857741666666666666666667,True,True,偏多,False,2449.985,2277.165,0.05258533726759203089206509056,0.02166319812612885098221850259,-0.3569571428571428571428571429,0.0101360616147321091374887923,True,0.578183
2024-06-28,0,2326.275,2254.788908333333333333333333,2121.503408333333333333333333,True,True,偏多,False,2449.985,2277.165,0.05317943923224898174119568839,0.02111100364316342650804397588,0.1521872180451127819548872180,0.0020843952065001357918299123,True,0.578183
2024-06-30,0,2324.825,2257.294491666666666666666667,2123.151395833333333333333333,True,True,偏多,False,2449.985,2277.165,0.05383631025991203638983579409,0.02050046777714451625391158474,1.027657142857142857142857143,0.1607789640977842029443618259,False,0.578183
2024-07-01,0,2332.138,2259.8511,2124.863241666666666666666667,True,True,偏多,False,2449.985,2286.628,0.05053174383334090864262749460,0.01951428260248750288362009452,0.7703225563909774436090225564,0.1064954512312068127381021945,True,0.578183
2024-07-02,0,2330.138,2262.445208333333333333333333,2126.552075,True,True,偏多,False,2449.985,2286.628,0.05143343441461407006795305686,0.01867271380493344171031930298,0.5037601503759398496240601504,0.0537190275733791062026022340,True,0.578183
2024-07-03,0,2358.675,2265.505541666666666666666667,2128.36045,True,True,偏多,False,2449.985,2286.628,0.03871241268932769457428429097,0.03054553933882370398634826757,0.7781398496240601503759398496,0.0998322608272191338463769479,True,0.578183
2024-07-04,0,2356.655,2268.530625,2130.195825,True,True,偏多,False,2449.985,2286.628,0.03960274202206092958027373544,0.02971457425885418103201359554,1.032426315789473684210526316,0.1496170213981812902752724934,True,0.578183
2024-07-05,0,2390.705,2271.758625,2132.234325,True,True,偏多,False,2449.985,2286.628,0.02479603296935422814609079748,0.04353402029945141705061895968,1.796409022556390977443609023,0.2583377442129344037357540775,True,0.578183
2024-07-07,0,2385.938,2274.865983333333333333333333,2134.352795833333333333333333,True,True,偏多,False,2449.985,2286.628,0.02684353072041268465484015092,0.04162304301285280673680539897,2.098642105263157894736842105,0.2931835047401015239339746212,True,0.578183
2024-07-08,0,2361.655,2277.76565,2136.4153375,True,True,偏多,False,2449.985,2286.628,0.03740173734097486720117883433,0.03176882313462381253824119103,2.401370676691729323308270677,0.3623476364897310096039801991,True,0.578183
2024-07-09,0,2364.918,2280.672591666666666666666667,2138.568754166666666666666667,True,True,偏多,False,2449.985,2286.628,0.03597038036836795186978998849,0.03310474189802775402783521458,2.652143609022556390977443609,0.4181462414557837050416645854,True,0.578183
2024-07-10,0,2372.694,2283.577583333333333333333333,2140.753791666666666666666667,True,True,偏多,False,2449.985,2286.628,0.03257520775961839158357546317,0.03627353548329451669705406597,2.830090225563909774436090226,0.4512466434789981018335516421,True,0.578183
2024-07-11,0,2415.875,2286.829391666666666666666667,2143.216416666666666666666667,True,True,偏多,True,2449.985,2286.628,0.01411910798364981631913902830,0.05349904278987944326589744916,3.667278195488721804511278195,0.5360278451003402435471086428,True,0.578183
2024-07-12,0,2410.534,2290.045383333333333333333333,2145.6634125,True,True,偏多,False,2449.985,2286.628,0.01636608319982211410417774651,0.05140188854419809054757161691,4.313211278195488721804511278,0.6131888419228858405895341721,True,0.578183
2024-07-14,0,2408.545,2293.156466666666666666666667,2148.105579166666666666666667,True,True,偏多,False,2449.985,2286.628,0.01720540824439651324762460324,0.05061852695299444270295967067,5.3051,0.8022001716107881342957578557,True,0.578183
2024-07-15,0,2422.435,2296.393966666666666666666667,2150.610983333333333333333333,True,True,偏多,False,2449.985,2286.628,0.01137285417358979704305791487,0.05606218536307475742383180560,5.808334586466165413533834586,0.8402638731492123812939439541,True,0.578183
2024-07-16,0,2468.175,2300.035383333333333333333333,2153.258804166666666666666667,True,True,偏多,True,2469.865,2286.628,0.0006847164402848258328522086157,0.07355515715052619850699403405,6.771441353383458646616541353,0.8411876265623181708971358801,True,0.578183
2024-07-17,1,2461.215,2303.628633333333333333333333,2155.814429166666666666666667,True,True,偏多,False,2483.548,2286.628,0.009073973626846902850827741583,0.07093529009046344996272166389,7.595187218045112781954887218,0.8840122708051405743343937058,True,3.697619
2024-07-18,1,2441.148,2307.017216666666666666666667,2158.225804166666666666666667,True,True,偏多,False,2483.548,2286.628,0.01736887726594208954147802591,0.06329808762107008669691473028,7.764654887218045112781954887,0.8956973998614646056544513362,False,3.697619
2024-07-19,0,2400.485,2309.986383333333333333333333,2160.479929166666666666666667,True,True,偏多,False,2483.548,2286.628,0.03460259072645736174148140897,0.04743083168609676794481115275,6.829207518796992481203007519,0.8076174533382275546761848278,False,0.578183
2024-07-21,0,2411.435,2312.728383333333333333333333,2162.7142625,True,True,偏多,False,2483.548,2286.628,0.02990460037280706301434622953,0.05175631937000167949789233382,6.359569172932330827067669173,0.7516103785818862516478693591,False,0.578183
2024-07-22,0,2395.565,2315.329383333333333333333333,2164.9020125,True,True,偏多,False,2483.548,2286.628,0.03672745260512655678305535437,0.04547444966010106175369902299,5.516399248120300751879699248,0.6343999230821211885698213694,False,0.578183
2024-07-23,0,2408.408,2317.778825,2166.883970833333333333333333,True,True,偏多,False,2483.548,2286.628,0.03119903272203048652886055851,0.05056452229024318138787115804,4.729610526315789473684210526,0.5404313059878742503417645800,False,0.578183
2024-07-24,0,2398.595,2320.034241666666666666666667,2168.854095833333333333333333,True,True,偏多,False,2483.548,2286.628,0.03541781751400298924995674551,0.04668024405954319090967837421,3.792415789473684210526315789,0.4090201973593146193110980262,False,0.578183
2024-07-25,0,2363.635,2321.837241666666666666666667,2170.7052625,True,True,偏多,False,2483.548,2286.628,0.05073245234564558402629847671,0.03257990341148273739388695801,2.224278195488721804511278195,0.1654083093274615107735103968,False,0.578183
2024-07-26,0,2386.765,2323.711408333333333333333333,2172.631166666666666666666667,True,True,偏多,False,2483.548,2286.628,0.04054986561307879074814654983,0.04195511497780468542148053956,1.386781954887218045112781955,0.0697866123778682528815354118,False,0.578183
2024-07-28,0,2396.875,2325.527325,2174.490041666666666666666667,True,True,偏多,False,2483.548,2286.628,0.03616083441981747066492829205,0.04599614080834419817470664928,0.6195789473684210526315789474,0.0156863619709749583797300918,False,0.578183
2024-07-29,0,2380.988,2327.18935,2176.173179166666666666666667,True,True,偏多,False,2483.548,2286.628,0.04307455560464815446360922441,0.03963060712611739328379647440,0.1025691729323308270676691729,0.0004212476036455750213270831,False,0.578183
2024-07-30,0,2409.675,2329.073683333333333333333333,2177.960791666666666666666667,True,True,偏多,False,2483.548,2286.628,0.03065683131542635417639308205,0.05106373266104350171703652982,-0.06528270676691729323308270677,0.0001734141045600362161328463,True,0.578183
2024-07-31,0,2445.638,2331.479958333333333333333333,2179.936595833333333333333333,True,True,偏多,False,2483.548,2286.628,0.01550106761507631137560015014,0.06501779903648863813859614546,-0.1384879699248120300751879699,0.0008004142688688397042175485,True,0.578183
2024-08-01,0,2445.705,2333.732958333333333333333333,2181.904304166666666666666667,True,True,偏多,True,2483.548,2286.628,0.01547324800006542080913274495,0.06504341284006043247243637315,-0.2855052631578947368421052632,0.0035792981108529999338930397,True,0.578183
2024-08-02,0,2443.055,2336.078791666666666666666667,2183.8640125,True,True,偏多,False,2483.548,2286.628,0.01657473941438076506668904302,0.06402925844895018736786523431,-0.4690849624060150375939849624,0.0102431004590285094825232283,True,0.578183
2024-08-04,0,2440.865,2338.455791666666666666666667,2185.772220833333333333333333,True,True,偏多,False,2483.548,2286.628,0.01748683356105315123941717383,0.06318948405585724732830369562,-0.1079511278195488721804511278,0.0005206075735034628003793741,True,0.578183
2024-08-05,0,2404.675,2340.524516666666666666666667,2187.523595833333333333333333,True,True,偏多,False,2483.548,2287.665,0.03279985860875170241300799484,0.04865938224500192333683345982,-0.3857278195488721804511278195,0.0065989044958906592674847770,False,0.578183
2024-08-06,0,2383.748,2342.372125,2189.0990125,True,True,偏多,False,2483.548,2287.665,0.04186684162923262022663469461,0.04030753250763084017270281926,-0.9850563909774436090225563910,0.0403747793827524331938958123,False,0.578183
2024-08-07,0,2384.685,2344.269791666666666666666667,2190.6906375,True,True,偏多,True,2483.548,2293.464,0.04145746712878220813231097608,0.03825285100547871102472653621,-1.314394736842105263157894737,0.0683494624197079559876726994,False,0.578183
2024-08-08,0,2424.445,2346.108041666666666666666667,2192.4781375,True,True,偏多,False,2483.548,2293.464,0.02437795041751823613239318689,0.05402514802356828057555440524,-0.2967556390977443609022556391,0.0042284870869086816722104436,True,0.578183
2024-08-09,0,2430.925,2348.184625,2194.3418875,True,True,偏多,False,2483.548,2293.464,0.02164731532235671606487242511,0.05654678774540555549842138281,0.7693195488721804511278195489,0.0336333411165566396946817868,True,0.578183
2024-08-11,0,2427.765,2350.373875,2196.1866375,True,True,偏多,False,2483.548,2293.464,0.02297710033714136252891033523,0.05531878085399534139424532440,1.518953383458646616541353383,0.1390396829245429135748500050,True,0.578183
2024-08-12,0,2475.425,2352.933458333333333333333333,2198.230554166666666666666667,True,True,偏多,False,2483.548,2293.464,0.003281456719553208034983891655,0.07350697354999646525344132826,2.327521804511278195488721805,0.2391413095934966247418712774,True,0.578183
2024-08-13,0,2463.975,2355.359791666666666666666667,2200.196875,True,True,偏多,False,2483.548,2293.464,0.007943668259621140636573017178,0.06920159498371533802088089368,3.032721804511278195488721805,0.3489349936122769504301568068,True,0.578183
2024-08-14,0,2449.295,2357.618516666666666666666667,2202.117208333333333333333333,True,True,偏多,False,2483.548,2293.464,0.01398484053574600037970109766,0.06362279758052827446265149768,3.198621052631578947368421053,0.3754577814948474194218094946,True,0.578183
2024-08-15,0,2457.195,2359.8406,2204.119416666666666666666667,True,True,偏多,False,2483.548,2293.464,0.01072483054865405472500147526,0.06663329528181524054867440313,3.599364661654135338345864662,0.4436033120902994826309620071,True,0.578183
2024-08-16,0,2506.844,2362.12515,2206.361233333333333333333333,True,True,偏多,False,2509.638,2293.464,0.001114548811174528610475961009,0.08511897828504685572775968509,4.481073684210526315789473684,0.5182022271648212965991127284,True,0.578183
2024-08-18,0,2506.305,2364.295316666666666666666667,2208.675816666666666666666667,True,True,偏多,False,2509.998,2293.464,0.001473483873670602739889997426,0.08492222614566064385619467702,4.640302255639097744360902256,0.5249103931863304887025315885,True,0.578183
2024-08-19,0,2503.515,2366.417233333333333333333333,2210.9444,True,True,偏多,False,2509.998,2293.464,0.002589559079933613339644459889,0.08390243317895039574358452016,4.910342857142857142857142857,0.5458314756121394392752039128,True,0.578183
2024-08-20,0,2512.795,2368.358483333333333333333333,2213.3387625,True,True,偏多,False,2531.558,2293.464,0.007466983976010776844111835625,0.08728567193105685103639572667,5.297022556390977443609022556,0.5766672210095715709802332222,True,0.578183
2024-08-21,0,2512.585,2370.151316666666666666666667,2215.7235,True,True,偏多,False,2531.558,2293.464,0.007551187323015937769269497350,0.08720938794110448004744118109,5.255539097744360902255639098,0.5741116685079825268517161309,True,0.578183
2024-08-22,0,2487.475,2371.808316666666666666666667,2217.977791666666666666666667,True,True,偏多,False,2531.558,2293.464,0.01772198715564980552568367521,0.07799515573020834380245027588,5.110403759398496240601503759,0.5558872403337791998132978857,False,0.578183
2024-08-23,0,2512.235,2373.341983333333333333333333,2220.268875,True,True,偏多,False,2531.558,2296.425,0.007691557517509309439602584949,0.08590358784110562905142233907,5.769827067669172932330827068,0.6480268984700215047224663737,False,0.578183
2024-08-25,0,2515.785,2375.047566666666666666666667,2222.583375,True,True,偏多,False,2531.558,2318.395,0.006269613659354833580771011831,0.07846059977303306920106447888,6.380876691729323308270676692,0.7315716419862628750177800473,False,0.578183
2024-08-26,0,2515.335,2376.51965,2224.8035,True,True,偏多,False,2531.558,2318.395,0.006449637920992631200217863625,0.07829573396784126170072773607,6.838272180451127819548872180,0.7930998154644710237504472073,False,0.578183
2024-08-27,0,2525.178,2377.939675,2227.073416666666666666666667,True,True,偏多,False,2531.558,2318.395,0.002526554563678283273495967413,0.08188848469296025864315307673,7.293011278195488721804511278,0.8470096247444861929368875855,False,0.578183
2024-08-28,0,2508.094,2379.3785,2229.2966625,True,True,偏多,False,2531.558,2318.945,0.009355311244315404446563805025,0.07541543498768387468731235751,6.805485714285714285714285714,0.8019418285623396892299938898,False,0.578183
2024-08-29,0,2519.435,2380.56775,2231.539329166666666666666667,True,True,偏多,False,2531.558,2326.685,0.004811793120282920575446479072,0.07650524820048939543985060142,5.994030827067669172932330827,0.7686416803110799012873525977,False,0.578183
2024-08-30,0,2502.925,2381.898083333333333333333333,2233.637954166666666666666667,True,True,偏多,False,2531.558,2347.515,0.01143981541596332291219273450,0.06209135311685328166045726500,4.757472932330827067669172932,0.7046194561791023934507607978,False,0.578183
2024-09-01,0,2502.885,2383.050583333333333333333333,2235.773525,True,True,偏多,False,2531.558,2347.515,0.01145597979931159442003927468,0.06207636387608699560706944186,3.970328571428571428571428571,0.6075201418436488188852673731,False,0.578183
2024-09-02,0,2497.175,2384.011833333333333333333333,2237.869983333333333333333333,True,True,偏多,False,2531.558,2349.455,0.01376875869732798061809845125,0.05915484497482154834963508765,3.085973684210526315789473684,0.4740650908675072239163805266,False,0.578183
2024-09-03,0,2493.155,2384.933333333333333333333333,2239.922691666666666666666667,True,True,偏多,False,2531.558,2349.455,0.01540337443921456949126708929,0.05763781233015997801981826240,1.994671428571428571428571429,0.3071790640945715287132145615,False,0.578183
2024-09-04,0,2495.695,2385.999,2241.9785125,True,True,偏多,False,2531.558,2349.455,0.01436994504536812390937193848,0.05859690386846149068696295020,1.593850375939849624060150376,0.2092559326217506973589420840,False,0.578183
2024-09-05,0,2517.125,2387.143416666666666666666667,2244.070220833333333333333333,True,True,偏多,False,2531.558,2353.005,0.005733922629984605452649351939,0.06520137061131250931121815563,1.287901503759398496240601504,0.1577625044630709134004491883,True,0.578183
2024-09-06,0,2497.035,2388.032916666666666666666667,2245.956554166666666666666667,True,True,偏多,False,2531.558,2353.005,0.01382559715822966037720736794,0.05768040896503252857889456896,0.3832383458646616541353383459,0.0237081624134479200443826417,False,0.578183
2024-09-08,0,2496.745,2388.952416666666666666666667,2247.843220833333333333333333,True,True,偏多,False,2531.558,2353.005,0.01394335424722989332110407751,0.05757095738651724545358056189,-0.4726203007518796992481203008,0.0794893694117441000822598563,False,0.578183
2024-09-09,0,2506.625,2390.39375,2249.787470833333333333333333,True,True,偏多,False,2531.558,2353.005,0.009946840871690021443175584701,0.06128559317807809305340846756,-0.4628781954887218045112781955,0.0762519103432484159575762042,True,0.578183
2024-09-10,0,2518.555,2392.022083333333333333333333,2251.6495,True,True,偏多,False,2531.558,2353.005,0.005162881096501763908272799284,0.06573213608596993117084995166,-0.2908887218045112781954887218,0.0280136682183170419709637510,True,0.578183
2024-09-11,0,2511.778,2393.652858333333333333333333,2253.290595833333333333333333,True,True,偏多,False,2531.558,2353.005,0.007874899772193243192670689846,0.06321139845957723970828632148,-0.2781872180451127819548872180,0.0255319601589783722811912546,True,0.578183
2024-09-12,0,2558.344,2395.551183333333333333333333,2255.47555,True,True,偏多,False,2559.978,2353.005,0.0006386944054435212778265940780,0.08026246665811947103282435826,0.5338436090225563909774436090,0.0423476424771193996056811299,True,0.578183
2024-09-13,0,2577.615,2397.554266666666666666666667,2257.803633333333333333333333,True,True,偏多,True,2585.965,2353.005,0.003239428696682786219043573226,0.08713869216310426498914694398,1.549363909774436090225563910,0.1800349938252490012349015282,True,0.578183
2024-09-15,0,2579.025,2399.580766666666666666666667,2260.103633333333333333333333,True,True,偏多,False,2585.965,2353.005,0.002690939405395449830846928587,0.08763777008753307936138657051,2.090763909774436090225563910,0.2389965702614686846631303666,True,0.578183
2024-09-16,0,2583.545,2401.668433333333333333333333,2262.418341666666666666666667,True,True,偏多,False,2589.515,2353.005,0.002310778407188572291173561908,0.08923397889334228743838408079,2.950013533834586466165413534,0.3564074381172667503289697750,True,0.578183
2024-09-17,0,2573.885,2404.0236,2264.791120833333333333333333,True,True,偏多,False,2589.515,2353.005,0.006072532378097700557717225129,0.08581579985119770308308257750,3.620082706766917293233082707,0.4629006919593831465560442506,True,0.578183
2024-09-18,0,2559.175,2405.986408333333333333333333,2267.092120833333333333333333,True,True,偏多,False,2599.995,2353.005,0.01595045278263502886672462805,0.08056111832914904217179364444,3.985535338345864661654135338,0.5310274749842104234841552207,False,0.578183
2024-09-19,0,2587.135,2408.344908333333333333333333,2269.6097875,True,True,偏多,False,2599.995,2353.005,0.004970749497030498988263078657,0.09049779002641918570155790092,4.839907518796992481203007519,0.6653576880065246442361626068,True,0.578183
2024-09-20,0,2621.504,2411.014316666666666666666667,2272.272658333333333333333333,True,True,偏多,True,2625.574,2353.005,0.001552543883205976416591391812,0.1024217395815531847367007641,5.822349624060150375939849624,0.7314169275972182903664660298,True,0.578183
2024-09-22,0,2620.165,2413.7334,2274.720158333333333333333333,True,True,偏多,False,2625.574,2355.728,0.002064373808519692462115935447,0.1009237967837903338148551713,6.794190225563909774436090226,0.8222862628009325419662303505,True,0.578183
2024-09-23,0,2626.205,2416.23565,2277.181658333333333333333333,True,True,偏多,False,2634.715,2364.164,0.003240417256078638187041757974,0.09977933938896620789313857829,7.440158646616541353383458647,0.8635752921089349333492692570,True,0.578183
2024-09-24,0,2658.035,2419.0934,2279.842283333333333333333333,True,True,偏多,True,2664.204,2364.164,0.002320887422475625791232997308,0.1105594922564977511582804591,8.354826315789473684210526316,0.8915744013002006962020184318,True,0.578183
2024-09-25,0,2656.188,2421.989175,2282.504129166666666666666667,True,True,偏多,False,2670.348,2364.164,0.005330947960008854794916624877,0.1099410132114142523044302587,8.919642105263157894736842105,0.9116193745106730026542226668,True,0.578183
2024-09-26,0,2672.495,2424.7066,2285.1914625,True,True,偏多,False,2685.405,2364.164,0.004830691918974591159197678574,0.1153719651486719339044600645,9.414824060150375939849624060,0.9218444017461024596691682437,True,0.578183
2024-09-27,0,2657.955,2427.1881,2287.762670833333333333333333,True,True,偏多,False,2685.405,2364.164,0.01032748861436706039041293024,0.1105327215848274331205757810,9.472712781954887218045112782,0.9241873542699461392906667290,False,0.578183
2024-09-29,0,2663.418,2429.714266666666666666666667,2290.3931,True,True,偏多,False,2685.405,2364.164,0.008255181875319608112583154428,0.1123571290724925640661736160,9.703012781954887218045112782,0.9371520606491340711038005120,False,0.578183
2024-09-30,1,2635.595,2432.191933333333333333333333,2292.821933333333333333333333,True,True,偏多,False,2685.405,2364.164,0.01889895829973876866514012965,0.1029866121312265351846546985,8.998641353383458646616541353,0.8927594560620423907033012327,False,3.697619
2024-10-01,1,2660.218,2434.729625,2295.352391666666666666666667,True,True,偏多,False,2685.405,2364.164,0.009468021041884537282282880576,0.1112893755323811807904464972,8.433087218045112781954887218,0.8730586656784120541176805502,False,3.697619
2024-10-02,0,2660.135,2436.966458333333333333333333,2297.874725,True,True,偏多,False,2685.405,2378.868,0.009499517881611271608395814498,0.1057341074795076189742249923,7.776523308270676691729323308,0.8472362200751894014166596599,False,0.578183
2024-10-03,0,2655.615,2439.282375,2300.331254166666666666666667,True,True,偏多,False,2685.405,2378.868,0.01121774052338158957529611785,0.1042120186849373873848430590,7.012914285714285714285714286,0.8074059768375716752933633477,False,0.578183
2024-10-04,0,2653.545,2441.274208333333333333333333,2302.723379166666666666666667,True,True,偏多,False,2685.405,2383.085,0.01200657987710779353657088913,0.1019240299297731902040477927,5.906623308270676691729323308,0.7713720105053873693538117460,False,0.578183
2024-10-06,0,2650.055,2443.189791666666666666666667,2305.1542125,True,True,偏多,False,2685.405,2416.815,0.01333934578716290793964653564,0.08801326764916199852455892425,5.272544360902255639097744361,0.7053340429935810611306101627,False,0.578183
2024-10-07,0,2642.855,2444.996041666666666666666667,2307.571575,True,True,偏多,False,2685.405,2423.695,0.01610001305406463843078791686,0.08292547264227511535820164179,4.701975939849624060150375940,0.6194411146382298345342944815,False,0.578183
2024-10-08,0,2621.865,2446.6658,2309.897616666666666666666667,True,True,偏多,False,2685.405,2423.695,0.02423465739082675881481311967,0.07558360174913658788686679139,3.755708270676691729323308271,0.4458445712247406393954071639,False,0.578183
2024-10-09,0,2608.745,2448.554466666666666666666667,2312.186325,True,True,偏多,False,2685.405,2432.015,0.02938577745237652587738548612,0.06774521848628363446791464861,2.628959398496240601503759398,0.2399971926524624967571727184,False,0.578183
2024-10-10,0,2633.005,2451.063608333333333333333333,2314.645116666666666666666667,True,True,偏多,False,2685.405,2432.015,0.01990121553130358658642881423,0.07633483415337228755737265976,1.658360902255639097744360902,0.1192622692798476186644866989,False,0.578183
2024-10-11,0,2656.835,2453.758858333333333333333333,2317.1981875,True,True,偏多,False,2685.405,2432.015,0.01075339642845716802134871003,0.08461948145067345168217070311,0.7070255639097744360902255639,0.0363050312671093394075885748,True,0.578183
2024-10-13,0,2647.865,2456.348525,2319.708645833333333333333333,True,True,偏多,False,2685.405,2450.565,0.01417745995358524698200248124,0.07451286224939715582176583776,-0.07783609022556390977443609023,0.0006729699012574164480334131,True,0.578183
2024-10-14,0,2649.255,2458.822608333333333333333333,2322.229729166666666666666667,True,True,偏多,False,2685.405,2470.705,0.01364534557828521603243175912,0.06739630575388175166225976737,-0.3914954887218045112781954887,0.0188472999921832585578838237,True,0.578183
2024-10-15,0,2660.345,2461.328108333333333333333333,2324.853395833333333333333333,True,True,偏多,False,2685.405,2470.705,0.009419830886595535541442933153,0.07128398760311162649957054442,-0.6095992481203007518796992481,0.0512158186005522504095381702,True,0.578183
2024-10-16,0,2673.998,2464.1323,2327.53395,True,True,偏多,False,2685.405,2470.705,0.004265896982720256335270258243,0.07602586090191540906163729367,-0.5977127819548872180451127820,0.0488554824782940751244018848,True,0.578183
2024-10-17,0,2693.635,2467.047058333333333333333333,2330.312866666666666666666667,True,True,偏多,False,2696.605,2470.705,0.001102599275699937073879720155,0.08276176987602254945454747952,0.1254120300751879699248120301,0.0015908059762200754108479194,True,0.578183
2024-10-18,0,2721.105,2470.331308333333333333333333,2333.171116666666666666666667,True,True,偏多,False,2722.405,2470.705,0.0004777470917145791874991960986,0.09202143981948509888446054085,1.158268421052631578947368421,0.0808577871468057800520236659,True,0.578183
2024-10-20,0,2723.315,2473.644366666666666666666667,2335.982116666666666666666667,True,True,偏多,False,2724.915,2471.718,0.0005875192550255846275586922556,0.09238630125417000971242768464,2.382555639097744360902255639,0.2488224240695646937980171510,True,0.578183
2024-10-21,0,2721.325,2476.734675,2338.7897,True,True,偏多,False,2740.418,2471.718,0.007016067540628186637024243705,0.09172259836660450332099253121,3.272414285714285714285714286,0.3763672822455922782557820083,True,0.578183
2024-10-22,0,2746.408,2480.215841666666666666666667,2341.675170833333333333333333,True,True,偏多,False,2748.775,2471.718,0.0008618530094581722744763341790,0.1000179143084348720219282787,4.511566165413533834586466165,0.5254534822543374351183978100,True,0.578183
2024-10-23,0,2721.178,2483.267866666666666666666667,2344.563225,True,True,偏多,False,2758.338,2471.718,0.01365585051768021055586955355,0.09167353256567560078760007614,4.826181954887218045112781955,0.5622146051673986495670675297,True,0.578183
2024-10-24,0,2733.688,2486.242616666666666666666667,2347.580820833333333333333333,True,True,偏多,False,2758.338,2471.718,0.009017122656279721753177392592,0.09583024836777276704583697920,5.5796,0.6628831614352230952417873338,True,0.578183
2024-10-25,0,2746.625,2490.019366666666666666666667,2350.5931125,True,True,偏多,False,2758.338,2471.718,0.004264506439721476357347653939,0.1000890183406908478587357211,6.406040601503759398496240602,0.7583735630297233160479315509,True,0.578183
2024-10-27,0,2735.655,2493.663758333333333333333333,2353.535945833333333333333333,True,True,偏多,False,2758.338,2471.718,0.008291615719087384922440877962,0.09648036759021148500084988787,6.874338345864661654135338346,0.8167309788585539974603132233,False,0.578183
2024-10-28,0,2744.285,2497.284483333333333333333333,2356.522404166666666666666667,True,True,偏多,False,2758.338,2471.718,0.005120823821141025804535607636,0.09932168123937564793744089991,7.312876691729323308270676692,0.8647844824298070928294034838,False,0.578183
2024-10-29,0,2774.885,2501.116791666666666666666667,2359.6651125,True,True,偏多,False,2775.265,2471.718,0.0001369426120361744720952399829,0.1092538970083444899518358418,7.997001503759398496240601504,0.9086702037689679773392824962,True,0.578183
2024-10-30,1,2785.258,2504.990208333333333333333333,2362.815125,True,True,偏多,False,2789.925,2471.718,0.001675607789296359619108894041,0.1125712591077738579334481761,8.527913533834586466165413534,0.9330916918816105257919849019,True,3.697619
2024-10-31,1,2746.545,2508.693016666666666666666667,2365.857958333333333333333333,True,True,偏多,False,2790.005,2471.718,0.01582351645430895907403665332,0.1000628061801281246074613742,7.960221804511278195488721805,0.8942024907356975310626463859,False,3.697619
2024-11-01,0,2735.895,2512.057275,2368.8385,True,True,偏多,False,2790.005,2485.015,0.01977780580029569848258065459,0.09169942559930114277046450979,6.845740601503759398496240602,0.8266517552168587358295482253,False,0.578183
2024-11-03,0,2738.235,2515.469666666666666666666667,2371.839833333333333333333333,True,True,偏多,False,2790.005,2485.015,0.01890633930250690682136485729,0.09247562754840252936654450768,5.956537593984962406015037594,0.7495667959072917503249082183,False,0.578183
2024-11-04,0,2736.225,2518.933666666666666666666667,2374.816708333333333333333333,True,True,偏多,False,2790.005,2485.405,0.01965481639850523988341602025,0.09166643824977843561841588320,5.256642857142857142857142857,0.6614078333363769014991477167,False,0.578183
2024-11-05,0,2745.495,2522.411166666666666666666667,2377.793625,True,True,偏多,False,2790.005,2485.405,0.01621201277001050812330745458,0.09473337230626899702967952956,4.428161654135338345864661654,0.5820387824834154623193800518,False,0.578183
2024-11-06,0,2663.875,2525.199583333333333333333333,2380.408375,True,True,偏多,False,2790.005,2500.024,0.04734831777016564215663272488,0.06150851672845009619445356858,2.308815789473684210526315789,0.1742545680720352420043390095,False,0.578183
2024-11-07,1,2706.785,2528.0835,2383.187375,True,True,偏多,False,2790.005,2500.825,0.03074496127324482735052839439,0.07609026945250546312322552401,0.9555902255639097744360902256,0.0375679856530055497698929571,False,3.697619
2024-11-08,1,2684.035,2531.1025,2385.809416666666666666666667,True,True,偏多,False,2790.005,2510.885,0.03948160139491474589563846969,0.06451108126384342976153440622,-0.5768962406015037593984962406,0.0146170831768342846267260349,False,3.697619
2024-11-10,0,2685.465,2534.155666666666666666666667,2388.501875,True,True,偏多,False,2790.005,2546.645,0.03892808135648761015317645175,0.05169309598151530554298789967,-1.793989473684210526315789474,0.1354380553270661542581853811,False,0.578183
2024-11-11,1,2623.855,2536.598166666666666666666667,2390.938291666666666666666667,True,True,偏多,False,2790.005,2546.645,0.06332285892322555933921653445,0.02942616874789193762612644372,-3.445203007518796992481203008,0.2980699681059895220513089604,False,3.697619
2024-11-12,1,2598.775,2538.922141666666666666666667,2393.329,True,True,偏多,False,2790.005,2546.645,0.07358466970014718473126761647,0.02005945108753162547738838491,-5.273566917293233082706766917,0.4443185307679097340081194206,False,3.697619
2024-11-13,1,2570.694,2541.192441666666666666666667,2395.560329166666666666666667,True,True,偏多,False,2790.005,2546.645,0.08531198190060738462065107710,0.009355061318072084814450883691,-7.347230827067669172932330827,0.5753322165403841213269688760,False,3.697619
2024-11-14,1,2566.775,2543.185666666666666666666667,2397.770245833333333333333333,True,True,偏多,False,2790.005,2536.664,0.08696905650086197660488356011,0.01173106329927632924584351959,-8.854320300751879699248120301,0.6484642134522126453118180430,False,3.697619
2024-11-15,0,2562.715,2545.156,2399.972454166666666666666667,True,True,偏多,False,2790.005,2536.664,0.08869109518615999047884762839,0.01016539100134037534411746917,-10.54765338345864661654135338,0.7530702903561116721367531486,False,0.578183
2024-11-17,0,2571.255,2547.209583333333333333333333,2402.2520375,True,True,偏多,False,2790.005,2536.664,0.08507518701956826530235235323,0.01345296363060062109747963543,-11.68316992481203007518796992,0.8213915983137353392757132995,False,0.578183
2024-11-18,0,2612.435,2549.545391666666666666666667,2404.698245833333333333333333,True,True,偏多,False,2790.005,2536.664,0.06797106913664837594045402087,0.02900397521852218332704928544,-11.78187218045112781954887218,0.8287236566328795963643845359,True,0.578183
2024-11-19,0,2635.015,2552.086033333333333333333333,2407.265620833333333333333333,True,True,偏多,False,2790.005,2536.664,0.05881939951005971503008521773,0.03732464521074832591085819246,-11.52942406015037593984962406,0.8058127395175756656955157988,True,0.578183
2024-11-20,0,2652.025,2554.530616666666666666666667,2410.018079166666666666666667,True,True,偏多,False,2790.005,2536.664,0.05202816715528699767159057701,0.04349921286564040685890970108,-10.74637443609022556390977444,0.7321358907258173716950082203,True,0.578183
2024-11-21,0,2669.018,2557.133641666666666666666667,2412.832133333333333333333333,True,True,偏多,False,2790.005,2536.664,0.04533015513570908851120524478,0.04958902487731442800310825929,-9.098672932330827067669172932,0.5900933852939271771116385114,True,0.578183
2024-11-22,0,2715.805,2559.842808333333333333333333,2415.800716666666666666666667,True,True,偏多,False,2790.005,2536.664,0.02732154922757709040229324270,0.06596239420724241983500288128,-6.459603007518796992481203008,0.3421221600431981070114389534,True,0.578183
2024-11-24,0,2719.725,2562.624366666666666666666667,2418.745175,True,True,偏多,False,2790.005,2536.664,0.02584084787984079272720587559,0.06730864333710209671933743301,-4.271350375939849624060150376,0.1571512178995771747993844777,True,0.578183
2024-11-25,1,2610.355,2564.696866666666666666666667,2421.231258333333333333333333,True,True,偏多,False,2790.005,2536.664,0.06882205677005618009810926100,0.02823025986886841061847909576,-3.773353383458646616541353383,0.1296232537210017206899451838,False,3.697619
2024-11-26,1,2632.105,2566.923425,2423.798008333333333333333333,True,True,偏多,False,2790.005,2536.664,0.05999000799740131947623670028,0.03626033155972121172977521793,-2.738912781954887218045112782,0.0758781080847432892215643453,True,3.697619
2024-11-27,1,2636.935,2569.125433333333333333333333,2426.351508333333333333333333,True,True,偏多,False,2790.005,2536.664,0.05804845398161122667035782073,0.03802558652374821525748643785,-1.507615037593984962406015038,0.0262342284048180903665516984,True,3.697619
2024-11-28,1,2638.615,2570.9816,2428.905495833333333333333333,True,True,偏多,False,2790.005,2536.664,0.05737479700524707090651724484,0.03863807338319535059112451040,0.04335939849624060150375939850,0.0000268339010745227478527774,True,3.697619
2024-11-29,0,2649.945,2572.976691666666666666666667,2431.5110375,True,True,偏多,False,2790.005,2536.664,0.05285392715697872974722116874,0.04274843440146870972793774965,0.6281759398496240601503759398,0.0056984833048920338758673890,True,0.578183
2024-12-01,0,2645.595,2574.952108333333333333333333,2434.0542875,True,True,偏多,False,2790.005,2536.664,0.05458507443505147235310015327,0.04117448059888229301915070145,1.849323308270676691729323308,0.0553619917642081398275679604,False,0.578183
2024-12-02,1,2642.095,2576.782608333333333333333333,2436.5882875,True,True,偏多,False,2790.005,2536.664,0.05598208997026980483290721946,0.03990431835342786690107660777,2.753275187969924812030075188,0.1307347583352170920606757788,False,3.697619
2024-12-03,0,2642.595,2578.236108333333333333333333,2439.135745833333333333333333,True,True,偏多,False,2790.005,2536.664,0.05578228975684885500805079855,0.04008597609546676656846773721,3.750016541353383458646616541,0.2618203328148925767983902271,False,0.578183
2024-12-04,0,2650.178,2579.8108,2441.719716666666666666666667,True,True,偏多,False,2790.005,2536.664,0.05276136168966763741907147369,0.04283259464081280578134751703,3.946763157894736842105263158,0.2872444238338686600199333306,False,0.578183
2024-12-05,1,2633.635,2581.414858333333333333333333,2444.2160375,True,True,偏多,False,2790.005,2536.664,0.05937421092900117138479705806,0.03682021236807682157930009284,3.471597744360902255639097744,0.2292454183104119386954959703,False,3.697619
2024-12-06,0,2632.664,2583.349683333333333333333333,2446.668033333333333333333333,True,True,偏多,False,2790.005,2536.664,0.05976493772087892720073659229,0.03646496476572779511551796963,2.486755639097744360902255639,0.1330758993462604809781967369,False,0.578183
2024-12-08,0,2639.935,2585.25385,2448.991116666666666666666667,True,True,偏多,False,2790.005,2536.664,0.05684609658949936267370219343,0.03911876618174311109932630917,1.450718045112781954887218045,0.0541166852928121529385948663,False,0.578183
2024-12-09,0,2660.435,2587.4611,2451.395241666666666666666667,True,True,偏多,False,2790.005,2536.664,0.04870256179910428181857478194,0.04652284306889662780710673255,0.5334172932330827067669172932,0.0095079646085300060117102769,True,0.578183
2024-12-10,0,2695.798,2589.856016666666666666666667,2453.817420833333333333333333,True,True,偏多,False,2790.005,2536.664,0.03494586760580726003951334633,0.05903038729162941733764918588,0.1091969924812030075187969925,0.0004838789474166612124115614,True,0.578183
2024-12-11,0,2717.395,2592.512683333333333333333333,2456.2734625,True,True,偏多,True,2790.005,2536.664,0.02672044366019662213259389967,0.06650891754787213489389654430,0.4564330827067669172932330827,0.0073648868344352531131701965,True,0.578183
2024-12-12,1,2715.505,2595.444933333333333333333333,2458.6410875,True,True,偏多,False,2790.005,2536.664,0.02743504431035847844139487867,0.06585920482562175359647653015,0.9753609022556390977443609023,0.0293041793079709336210548117,True,3.697619
2024-12-13,1,2647.385,2597.616766666666666666666667,2460.6640875,True,True,偏多,False,2790.005,2536.664,0.05387202843560721240016091351,0.04182277983746225048491247023,0.6686872180451127819548872180,0.0137134103651223208526804548,False,3.697619
2024-12-15,0,2651.345,2599.73735,2462.6323375,True,True,偏多,False,2790.005,2536.664,0.05229798460781226132396953244,0.04325389566427605611491525999,0.6938729323308270676691729323,0.0147860639718709328661018062,False,0.578183
2024-12-16,1,2651.565,2601.992158333333333333333333,2464.590754166666666666666667,True,True,偏多,False,2790.005,2536.664,0.05221067558215619832061442959,0.04333327676296828476767493914,1.487519548872180451127819549,0.0805697718251746738737370088,False,3.697619
2024-12-17,1,2647.198,2603.971516666666666666666667,2466.5226,True,True,偏多,False,2790.005,2536.664,0.05394647472535110709512473189,0.04175509349886181539877258898,2.377276691729323308270676692,0.2689858738945788044835948647,False,3.697619
2024-12-18,0,2587.948,2605.157433333333333333333333,2468.318695833333333333333333,False,True,盤整,False,2790.005,2536.664,0.07807614372468071228633651063,0.01981647235570421044008612229,0.8027736842105263157894736842,0.0262629747796263912172471593,False,0.578183
2024-12-19,0,2593.385,2606.3881,2470.060529166666666666666667,False,True,盤整,True,2790.005,2536.664,0.07581597024737939025636378710,0.02187141515818129587392539095,-0.3169421052631578947368421053,0.0034790218097903194880903836,False,0.578183
2024-12-20,0,2622.435,2607.882933333333333333333333,2471.9808625,True,True,偏多,False,2790.005,2536.664,0.06389862856467367160673191137,0.03270662571236274683643255219,-0.8871691729323308270676691729,0.0265001553219489676107125342,False,0.578183
2024-12-22,0,2624.098,2609.409875,2473.932833333333333333333333,True,True,偏多,False,2790.005,2536.664,0.06322439177195363892659496711,0.03331963973906462334867066703,-1.385308270676691729323308271,0.0630784292809146711912045785,False,0.578183
2024-12-23,0,2615.348,2611.165483333333333333333333,2475.845,True,True,偏多,False,2790.005,2536.664,0.06678155258879506666034500954,0.03008548002024969526043952851,-1.807722556390977443609022556,0.1024885741500579731067915495,False,0.578183
2024-12-24,0,2616.348,2613.103816666666666666666667,2477.737970833333333333333333,True,True,偏多,False,2790.005,2536.664,0.06637381571564638954756783119,0.03045619313638705554459880719,-2.232509774436090225563909774,0.1504520442773597216263468468,False,0.578183
2024-12-25,0,2618.205,2615.049816666666666666666667,2479.659804166666666666666667,True,True,偏多,False,2790.005,2536.664,0.06561747456749948915382867270,0.03114385619155108175257476019,-2.642051127819548872180451128,0.2046694445042464597983820427,True,0.578183
2024-12-26,0,2632.478,2616.783425,2481.445733333333333333333333,True,True,偏多,False,2790.005,2536.664,0.05983981632515067552321424908,0.03639688536808284817574923703,-2.803872932330827067669172932,0.2294074506880480826283409629,True,0.578183
2024-12-27,0,2621.348,2618.370283333333333333333333,2483.277454166666666666666667,True,True,偏多,False,2790.005,2536.664,0.06433979769187456224812577346,0.03230551609324668071541817416,-2.989749624060150375939849624,0.2568158836635538605346850848,True,0.578183
2024-12-29,0,2623.748,2620.003475,2485.188675,True,True,偏多,False,2762.048,2536.664,0.05271085485343866865262974950,0.03319068752029539422231098413,-3.359192481203007518796992481,0.3208396559717481125655345427,True,0.578183
2024-12-30,0,2606.548,2621.096166666666666666666667,2487.0148125,False,True,盤整,False,2749.875,2536.664,0.05498728586621078913566909184,0.02681093921922788300848478524,-3.974813533834586466165413534,0.4295753316122067455159968683,True,0.578183
2024-12-31,0,2624.255,2622.431833333333333333333333,2488.8958125,True,True,偏多,False,2749.875,2536.664,0.04786882372330432827602500519,0.03337747284467401224347481476,-4.1834,0.4716497193512686089339296097,True,0.578183
2025-01-01,0,2623.555,2623.884,2490.751258333333333333333333,False,True,盤整,False,2749.875,2536.664,0.04814840931484188438969261174,0.03311956486523057454484468593,-4.054723308270676691729323308,0.4488212923823302580100334683,True,0.578183
2025-01-02,0,2658.295,2625.559833333333333333333333,2492.700216666666666666666667,True,True,偏多,False,2749.605,2536.664,0.03434908465764710086728523358,0.04575526794430264511651265191,-2.815939097744360902255639098,0.2479118927746378588627743552,True,0.578183
2025-01-03,0,2639.898,2626.668616666666666666666667,2494.396883333333333333333333,True,True,偏多,False,2721.185,2536.664,0.03079171998312055996102879732,0.03910529876533108476160821365,-1.442568421052631578947368421,0.0975074545231706178969822227,True,0.578183
2025-01-05,0,2640.848,2627.789808333333333333333333,2496.0425625,True,True,偏多,False,2721.185,2536.664,0.03042091025307022592742937117,0.03945096423573034116314153635,0.03106842105263157894736842105,0.0000933483619037212355490650,True,0.578183
2025-01-06,0,2634.465,2628.881058333333333333333333,2497.649145833333333333333333,True,True,偏多,False,2721.185,2536.664,0.03291749937843167398314268741,0.03712366647497689284162059469,0.4502067669172932330827067669,0.0206849219228642001312741726,True,0.578183
2025-01-07,0,2649.555,2630.020725,2499.189604166666666666666667,True,True,偏多,False,2721.185,2536.664,0.02703472847327192679525429742,0.04260753220823874197742639802,1.166871428571428571428571429,0.1407988466067315586643625189,True,0.578183
2025-01-08,0,2662.475,2631.269808333333333333333333,2500.7105625,True,True,偏多,False,2721.185,2536.664,0.02205091127616221748561019352,0.04725340144038911163485103147,2.074272932330827067669172932,0.4036054945445680825436420227,True,0.578183
2025-01-09,0,2669.795,2632.789141666666666666666667,2502.298729166666666666666667,True,True,偏多,False,2721.185,2536.664,0.01924866890529048110435445418,0.04986562638704469818843768904,3.000887218045112781954887218,0.7060617791928015996115871102,True,0.578183
2025-01-10,0,2689.755,2634.268475,2503.805229166666666666666667,True,True,偏多,True,2721.185,2536.664,0.01168507912430686066203055669,0.05691633624623804026760801634,3.243137593984962406015037594,0.6910342588678745306401109655,True,0.578183
2025-01-12,0,2690.868,2635.7275,2505.387533333333333333333333,True,True,偏多,False,2721.185,2554.335,0.01126662474710762475156715231,0.05073938966905845994675324096,3.434042105263157894736842105,0.6903723062937825863705878303,True,0.578183
2025-01-13,0,2667.675,2636.997,2506.758325,True,True,偏多,False,2721.185,2563.835,0.02005866531717694246862904964,0.03892528137797895170888507783,3.605711278195488721804511278,0.7280213244881812308645463404,False,0.578183
2025-01-14,0,2675.415,2638.248975,2508.094325,True,True,偏多,True,2721.185,2569.735,0.01710762629349091636250824638,0.03950041395447061483919317190,3.846179699248120300751879699,0.7748235151127041899882474063,False,0.578183
2025-01-15,0,2694.625,2639.8034,2509.59095,True,True,偏多,False,2721.185,2582.264,0.009856659089854803544092406179,0.04169819548174606856241592058,4.145750375939849624060150376,0.8006310970668255588540625440,True,0.578183
2025-01-16,0,2714.448,2641.428508333333333333333333,2510.998129166666666666666667,True,True,偏多,True,2724.565,2582.264,0.003727092948547918398142090031,0.04869645688552516017989661250,4.625082706766917293233082707,0.8174208059630276974281757460,True,0.578183
2025-01-17,0,2702.645,2643.092841666666666666666667,2512.4954625,True,True,偏多,False,2724.565,2582.264,0.008110573160736981734560032857,0.04454192097001270977135361840,4.817603007518796992481203008,0.8350166080462215479306362573,True,0.578183
2025-01-19,0,2696.245,2644.704175,2513.877379166666666666666667,True,True,偏多,False,2724.565,2582.264,0.01050349652943259978228981417,0.04227397732772800691331833717,5.017080451127819548872180451,0.8659674861282718182700322050,False,0.578183
2025-01-20,0,2710.205,2646.479425,2515.245629166666666666666667,True,True,偏多,False,2724.565,2582.264,0.005298492180480812337074132769,0.04720713008794537682573827441,5.144359398496240601503759398,0.8763642254876387423567020446,False,0.578183
2025-01-21,0,2744.058,2648.570283333333333333333333,2516.751808333333333333333333,True,True,偏多,False,2745.848,2582.264,0.0006523185734412319273134897294,0.05896158171583836784790992027,5.659527819548872180451127820,0.8800493498179840627953039274,True,0.578183
2025-01-22,0,2755.188,2650.732725,2518.3658625,True,True,偏多,False,2763.205,2582.264,0.002909783288835462407646955489,0.06276304920027235890980942135,5.8812,0.8714466912299795131810296088,True,0.578183
2025-01-23,0,2754.365,2652.709725,2519.926570833333333333333333,True,True,偏多,False,2763.205,2582.264,0.003209451180217581910894162538,0.06248300424961833308221677229,6.147180451127819548872180451,0.8756996800456915349529646094,True,0.578183
2025-01-24,0,2769.805,2654.982808333333333333333333,2521.5078625,True,True,偏多,False,2785.825,2582.264,0.005783800664667729316684748565,0.06770909865495946465545408431,6.427025563909774436090225564,0.8743201187561979752075656397,True,0.578183
2025-01-26,0,2767.285,2657.237308333333333333333333,2523.0948625,True,True,偏多,False,2785.825,2582.264,0.006699707475016125914027648038,0.06686011740749507188453664874,6.999472180451127819548872180,0.9160337302881038197147247605,True,0.578183
2025-01-27,0,2741.615,2659.195558333333333333333333,2524.794654166666666666666667,True,True,偏多,False,2785.825,2582.264,0.01612553184892846005000702141,0.05812304061657088978576495970,6.750830827067669172932330827,0.8944036019201617424314084285,False,0.578183
2025-01-28,0,2762.545,2661.228808333333333333333333,2526.625445833333333333333333,True,True,偏多,False,2785.825,2582.264,0.008427012048672510312049215488,0.06525902745475639310852854886,6.663231578947368421052631579,0.8899621364948893981156562560,False,0.578183
2025-01-29,0,2760.035,2663.297616666666666666666667,2528.4752375,True,True,偏多,False,2785.825,2582.264,0.009344084404726751653511640251,0.06440896582833188709563465681,6.255987969924812030075187970,0.8741000118305627977842388609,False,0.578183
2025-01-30,0,2795.965,2665.277791666666666666666667,2530.4144875,True,True,偏多,False,2798.305,2582.264,0.0008369203477153683969577587702,0.07643192958424014606763675511,6.411466165413533834586466165,0.8736696237813949896889846449,True,0.578183
2025-01-31,0,2798.085,2667.115041666666666666666667,2532.334654166666666666666667,True,True,偏多,False,2816.935,2582.264,0.006736750313160608058725878592,0.07713168113191700752478927552,6.581064661654135338345864662,0.8776034809327994397348179262,True,0.578183
2025-02-02,0,2792.545,2668.894375,2534.237570833333333333333333,True,True,偏多,False,2816.935,2582.264,0.008733968476783722375109443178,0.07530084564438531876836362530,6.583174436090225563909774436,0.8777056720120347102740646819,False,0.578183
2025-02-03,0,2813.548,2670.811066666666666666666667,2536.23975,True,True,偏多,False,2830.305,2582.264,0.005955825171633823201168062532,0.08220368019312270485522194752,7.015898496240601503759398496,0.8993182868262156719655971672,True,0.578183
2025-02-04,0,2841.035,2673.037316666666666666666667,2538.530458333333333333333333,True,True,偏多,False,2845.335,2582.264,0.001513532920220975806352262468,0.09108335518569816985711193280,7.672712781954887218045112782,0.9113552653604736606904538216,True,0.578183
2025-02-05,0,2868.985,2675.619066666666666666666667,2540.8027375,True,True,偏多,False,2882.215,2582.264,0.004611386953922728769930829196,0.09993813142975651667750092803,8.136792481203007518796992481,0.8954318230920344291073053235,True,0.578183
2025-02-06,0,2857.835,2677.8749,2543.109904166666666666666667,True,True,偏多,False,2882.215,2582.264,0.008530933381388358670112165328,0.09642649068263213236593435240,8.261075187969924812030075188,0.8955352210343060999353003443,True,0.578183
2025-02-07,1,2860.135,2679.863491666666666666666667,2545.438904166666666666666667,True,True,偏多,False,2886.605,2582.264,0.009254807902424186270927770892,0.09715310640931284712085268702,8.447215037593984962406015038,0.8999636014888447584959161433,True,3.697619
2025-02-09,0,2867.198,2681.9221,2547.82775,True,True,偏多,False,2886.605,2582.264,0.006768629163385298120325139736,0.09937716195393551474296508298,8.798362406015037593984962406,0.9144765868502856130099814231,True,0.578183
2025-02-10,1,2917.655,2684.35085,2550.29325,True,True,偏多,False,2921.455,2582.264,0.001302415809956968867121026989,0.1149522476098099329769969376,9.454261654135338345864661654,0.9051147294590178104916410630,True,3.697619
2025-02-11,1,2898.375,2686.353683333333333333333333,2552.723541666666666666666667,True,True,偏多,False,2942.665,2582.264,0.01528097640919480743520075905,0.1090649070599905119247854401,9.410356390977443609022556391,0.9048592210910256172400496654,True,3.697619
2025-02-12,1,2905.498,2688.431266666666666666666667,2555.210220833333333333333333,True,True,偏多,False,2942.665,2582.264,0.01279195511406306251114266814,0.1112490870756063160256864744,9.384674436090225563909774436,0.9045628039198566018939799467,True,3.697619
2025-02-13,0,2930.935,2690.584933333333333333333333,2557.645766666666666666666667,True,True,偏多,False,2942.665,2582.264,0.004002135837198709626791450510,0.1189623788995661793932652891,9.963225563909774436090225564,0.9176322956447342844717469601,True,0.578183
2025-02-14,0,2882.085,2692.452683333333333333333333,2559.820391666666666666666667,True,True,偏多,False,2942.665,2586.815,0.02101950497643199281076026557,0.1024501359259008669071175902,9.738638345864661654135338346,0.9004515097649210735618693027,False,0.578183
2025-02-16,0,2879.075,2694.249825,2561.982045833333333333333333,True,True,偏多,False,2942.665,2589.475,0.02208695501159226487673992515,0.1005878624210901070656374009,9.267233834586466165413533835,0.8635897316780150604642530615,False,0.578183
2025-02-17,0,2899.175,2696.446325,2564.319129166666666666666667,True,True,偏多,False,2942.665,2595.905,0.01500081919856510903964058741,0.1046056205644709270740814197,9.139227819548872180451127820,0.8541203627764922359888296918,False,0.578183
2025-02-18,0,2933.778,2698.725991666666666666666667,2566.727808333333333333333333,True,True,偏多,False,2942.665,2595.905,0.003029199891743683400720845272,0.1151665190754037967426301513,9.271219548872180451127819549,0.8596513578394196289529546730,False,0.578183
2025-02-19,0,2935.085,2701.017241666666666666666667,2568.99185,True,True,偏多,False,2946.865,2595.905,0.004013512385501612389419727197,0.1155605374290693455215095985,8.766201503759398496240601504,0.8517823574543972386278724247,False,0.578183
2025-02-20,0,2941.205,2703.397158333333333333333333,2571.339766666666666666666667,True,True,偏多,False,2954.755,2595.905,0.004606955312533468425356274044,0.1174008612116462470314037954,8.388153383458646616541353383,0.8430114318684999782543007425,False,0.578183
2025-02-21,0,2934.955,2705.742241666666666666666667,2573.508225,True,True,偏多,False,2954.755,2595.905,0.006746270385746970566840036730,0.1155213623377530490246017401,7.612526315789473684210526316,0.8290880696602998402186434671,False,0.578183
2025-02-23,0,2936.635,2708.130408333333333333333333,2575.6601,True,True,偏多,False,2954.755,2595.905,0.006170327602851563098580518178,0.1160273578432457557714867527,7.165177443609022556390977444,0.8071797109280037833907795682,False,0.578183
2025-02-24,0,2949.795,2710.688241666666666666666667,2577.842141666666666666666667,True,True,偏多,False,2956.035,2595.905,0.002115401239747168871057141259,0.1199710488355970499644890577,6.727768421052631578947368421,0.7945320748389423260082451178,False,0.578183
2025-02-25,0,2918.405,2713.159408333333333333333333,2579.912604166666666666666667,True,True,偏多,False,2956.035,2595.905,0.01289402944416556303871464036,0.1105055672533455774644026446,5.526321804511278195488721805,0.7298148551149012495720031689,False,0.578183
2025-02-26,0,2918.995,2715.744825,2582.149645833333333333333333,True,True,偏多,False,2956.035,2602.475,0.01268929888540405173698481840,0.1084345810801320317438022333,4.475666917293233082706766917,0.6510590405865345213776341172,False,0.578183
2025-02-27,0,2875.815,2717.768241666666666666666667,2584.415925,True,True,偏多,False,2956.035,2614.365,0.02789470115428148194511816650,0.09091335847403257859076470496,3.083593233082706766917293233,0.3667561331732647853934398099,False,0.578183
2025-02-28,0,2856.998,2719.436266666666666666666667,2586.5975625,True,True,偏多,False,2956.035,2614.365,0.03466470750067028398339795828,0.08492585574088606292339021588,1.811720300751879699248120301,0.1195719626751959796355012086,False,0.578183
2025-03-02,0,2870.608,2721.292458333333333333333333,2588.820491666666666666666667,True,True,偏多,False,2956.035,2614.365,0.02975920083828931013917609092,0.08926436490109412361423085284,0.5762488721804511278195488722,0.0128345329401683957413335872,False,0.578183
2025-03-03,0,2890.625,2723.303875,2591.063241666666666666666667,True,True,偏多,False,2956.035,2614.365,0.02262832432432432432432432432,0.09557102702702702702702702703,-0.3561571428571428571428571429,0.0055080149579826785458081178,False,0.578183
2025-03-04,0,2914.075,2725.418291666666666666666667,2593.3732,True,True,偏多,False,2956.035,2614.365,0.01439908032566080145500716351,0.1028491030601477312697854379,-0.8878917293233082706766917293,0.0383867412217769261811191746,True,0.578183
2025-03-05,0,2918.165,2727.453016666666666666666667,2595.792658333333333333333333,True,True,偏多,True,2956.035,2632.775,0.01297733335846328086314516143,0.09779775989363178572836011672,-0.635,0.0196216723344927815061189369,True,0.578183
2025-03-06,0,2910.058,2729.256541666666666666666667,2598.1518,True,True,偏多,False,2956.035,2645.095,0.01579934145642457985373487401,0.09105076256212075498151583233,-0.8031105263157894736842105263,0.0316890978073690762794942109,True,0.578183
2025-03-07,0,2909.355,2730.825291666666666666666667,2600.5783,True,True,偏多,False,2956.035,2655.305,0.01604479343359610635347009904,0.08732176032144581874676689507,-0.8863639097744360902255639098,0.0386606430480332431603867918,True,0.578183
2025-03-09,0,2915.908,2732.430233333333333333333333,2603.0373,True,True,偏多,False,2956.035,2656.615,0.01376140811026959698316956502,0.08892358743828680465913190677,-0.4801661654135338345864661654,0.0116969552706880676178853349,True,0.578183
2025-03-10,0,2884.405,2733.789233333333333333333333,2605.261954166666666666666667,True,True,偏多,False,2956.035,2656.615,0.02483354452651413376415586577,0.07897295976119858341668385681,-1.272730075187969924812030075,0.0829531087335011457150646573,False,0.578183
2025-03-11,0,2915.148,2735.1954,2607.705620833333333333333333,True,True,偏多,False,2956.035,2656.615,0.01402570298317615434962478749,0.08868606328049210537509587849,-1.677123308270676691729323308,0.1556716562173426428953260485,True,0.578183
2025-03-12,0,2937.925,2737.001625,2610.134745833333333333333333,True,True,偏多,False,2956.035,2659.645,0.006164214539173055813201494252,0.09471991286367078805619612482,-1.493007518796992481203007519,0.1186820211511403569145384154,True,0.578183
2025-03-13,1,2986.195,2739.10585,2612.674233333333333333333333,True,True,偏多,False,2989.785,2669.315,0.001202198784741117040246869344,0.1061149723979847263825704617,-0.1312278195488721804511278195,0.0006643824653029627527308260,True,3.697619
2025-03-14,1,2983.795,2741.082266666666666666666667,2615.550816666666666666666667,True,True,偏多,False,3004.725,2689.308,0.007014556965207060136504015859,0.09869545327343198845765208401,1.138080451127819548872180451,0.0403463342971812337936492974,True,3.697619
2025-03-16,0,2989.915,2743.2011,2618.432429166666666666666667,True,True,偏多,False,3004.725,2689.308,0.004953318070915059458212022750,0.1005403163635086616174707308,2.518200751879699248120300752,0.1633300232791733004805662762,True,0.578183
2025-03-17,1,2999.518,2745.328041666666666666666667,2621.3062625,True,True,偏多,False,3004.725,2689.308,0.001735945575255757758413185052,0.1034199494718818156783856606,3.863574436090225563909774436,0.3141814420428961739836327018,True,3.697619
2025-03-18,1,3031.528,2747.466733333333333333333333,2624.2917625,True,True,偏多,False,3038.058,2689.308,0.002154029255213872344243562982,0.1128869665726326789658548428,5.595672932330827067669172932,0.4896422261264352321499655857,True,3.697619
2025-03-19,1,3049.875,2749.671875,2627.331041666666666666666667,True,True,偏多,False,3051.758,2702.745,0.0006174023525554325996967088815,0.1138177794171892290667650314,7.654964661654135338345864662,0.6930039334142537555601119282,True,3.697619
2025-03-20,1,3046.245,2752.169375,2630.431195833333333333333333,True,True,偏多,False,3057.245,2730.529,0.003611003054580311169981403334,0.1036410400345343201219862486,9.016271428571428571428571429,0.7973030674335202580013914488,True,3.697619
2025-03-21,0,3022.705,2754.559458333333333333333333,2633.308366666666666666666667,True,True,偏多,False,3057.245,2730.529,0.01142685111514355519311345302,0.09666044155814080434577638241,9.858367669172932330827067669,0.8779862911213893127021557558,False,0.578183
2025-03-23,0,3024.515,2756.945125,2636.207395833333333333333333,True,True,偏多,False,3057.245,2730.529,0.01082156973928051274336546521,0.09720103884424444911002259866,9.888576691729323308270676692,0.8798050087143593384634936177,False,0.578183
2025-03-24,1,3009.595,2759.223208333333333333333333,2639.0784375,True,True,偏多,False,3057.245,2730.529,0.01583269509684857929389170304,0.09272543315628847070785271772,9.184923308270676691729323308,0.8402234801477575703501171638,False,3.697619
2025-03-25,1,3020.775,2761.517208333333333333333333,2641.9641875,True,True,偏多,False,3057.245,2730.529,0.01207306072117254678021368688,0.09608328988421845387359204178,8.626409774436090225563909774,0.8086982874750776267776404257,False,3.697619
2025-03-26,1,3021.395,2764.496541666666666666666667,2644.8480625,True,True,偏多,False,3057.245,2734.738,0.01186538006450662690578358672,0.09487571138497283539557058908,8.166996240601503759398496241,0.7754853362333104882524644364,False,3.697619
2025-03-27,1,3055.275,2767.400625,2647.7420625,True,True,偏多,False,3059.518,2745.0,0.001388745693922805639426892833,0.1015538699462405184476029163,8.365199248120300751879699248,0.7879439425826654935052227795,False,3.697619
2025-03-28,1,3083.898,2770.732816666666666666666667,2650.917658333333333333333333,True,True,偏多,False,3086.725,2758.475,0.0009166969854385586034298151236,0.1055232695763608264605379296,8.824550375939849624060150376,0.8076234924580947104035369150,True,3.697619
2025-03-30,0,3088.898,2774.094758333333333333333333,2654.1252125,True,True,偏多,False,3097.715,2771.885,0.002854416040931102289554397717,0.1026298051926609425108889967,8.978102255639097744360902256,0.8128247422592048436408799531,True,0.578183
2025-03-31,0,3120.348,2778.2322,2657.415183333333333333333333,True,True,偏多,False,3127.825,2771.885,0.002396207089722043823317142832,0.1116744029832569956940700204,9.300907518796992481203007519,0.8162635296277514329397466023,True,0.578183
2025-04-01,1,3114.998,2782.534058333333333333333333,2660.7281,True,True,偏多,False,3148.835,2771.885,0.01086260729541399384526089583,0.1101487063555096985616042129,9.333469924812030075187969925,0.8169913802078107500369071321,True,3.697619
2025-04-02,0,3162.475,2787.465566666666666666666667,2664.329004166666666666666667,True,True,偏多,False,3167.548,2806.925,0.001604123352753776709697309860,0.1124277662274010071225859493,9.247475939849624060150375940,0.8204044817433142962416824128,True,0.578183
2025-04-03,0,3112.625,2792.014316666666666666666667,2667.599991666666666666666667,True,True,偏多,False,3167.548,2832.455,0.01764523513111923215935103008,0.09001084293803461708365125899,8.516604511278195488721804511,0.8076840273678235566337261172,False,0.578183
2025-04-04,0,3037.998,2795.975008333333333333333333,2670.565504166666666666666667,True,True,偏多,False,3167.548,2832.455,0.04264321437999630019506266956,0.06765738489623758804317843527,6.782312030075187969924812030,0.6349388042656230161128284836,False,0.578183
2025-04-06,0,2999.548,2799.544116666666666666666667,2673.37685,True,True,偏多,False,3167.548,2832.455,0.05600843860474978230053328035,0.05570605971299675817823218698,5.110406015037593984962406015,0.3719466226263517766453504860,False,0.578183
2025-04-07,0,2981.075,2802.616116666666666666666667,2676.080754166666666666666667,True,True,偏多,False,3167.548,2832.455,0.06255226721904011136922083477,0.04985449879657506100987060037,3.116625563909774436090225564,0.1372769636258948981387248038,False,0.578183
2025-04-08,0,2978.265,2805.476533333333333333333333,2678.781283333333333333333333,True,True,偏多,False,3167.548,2832.455,0.06355478777073228876543893844,0.04895803429177725957898306564,1.183424060150375939849624060,0.0191823232805847895189050893,False,0.578183
2025-04-09,0,3086.495,2809.097116666666666666666667,2681.813866666666666666666667,True,True,偏多,True,3167.548,2832.455,0.02626053176823549041874359103,0.08230695335647716908661766826,0.9655105263157894736842105263,0.0131086439213367115059347666,True,0.578183
2025-04-10,0,3188.775,2813.428425,2685.281033333333333333333333,True,True,偏多,False,3191.045,2832.455,0.0007118721138995382239261158282,0.1117419698787151805944288951,2.583368421052631578947368421,0.0691194207316078569772591097,True,0.578183
2025-04-11,0,3236.375,2817.766508333333333333333333,2688.804658333333333333333333,True,True,偏多,False,3245.025,2832.455,0.002672743424355953806341972114,0.1248063033486539724228496389,4.934454135338345864661654135,0.1734219688446212738071602105,True,0.578183
2025-04-13,0,3223.545,2821.965008333333333333333333,2692.2946875,True,True,偏多,False,3245.025,2832.455,0.006663471426643648529801817564,0.1213229534565206938324112119,6.764487218045112781954887218,0.2647302125123100605354312850,True,0.578183
2025-04-14,0,3212.395,2826.982008333333333333333333,2695.8394375,True,True,偏多,False,3245.515,2832.455,0.01031006460911562868202696119,0.1182731264368173901403781291,7.796933834586466165413533835,0.3159130887383632938712323834,True,0.578183
2025-04-15,0,3251.665,2832.145008333333333333333333,2699.534216666666666666666667,True,True,偏多,False,3251.665,2832.455,0,0.1289216447573781431974080971,9.133711278195488721804511278,0.3744406673500977150121835278,True,0.578183
2025-04-16,0,3349.885,2838.086258333333333333333333,2703.605845833333333333333333,True,True,偏多,False,3357.455,2832.455,0.002259779067042599969849711259,0.1544620188454230518361078067,11.29647368421052631578947368,0.4305417246648149908632676140,True,0.578183
2025-04-17,0,3326.925,2843.822175,2707.4018875,True,True,偏多,False,3357.455,2832.455,0.009176642094426535013563575975,0.1486267348978410995138153099,12.79604812030075187969924812,0.4783430212745145146945323411,True,0.578183
2025-04-20,0,3347.975,2849.639091666666666666666667,2711.307891666666666666666667,True,True,偏多,False,3357.455,2832.455,0.002831562362323494052374943063,0.1539796444119206385949715873,14.14575037593984962406015038,0.5178859977079256263177001281,True,0.578183
2025-04-21,0,3434.954,2856.217083333333333333333333,2715.584595833333333333333333,True,True,偏多,False,3444.045,2832.455,0.002646614772716024726968687208,0.1754023489106404336127936502,16.78185939849624060150375940,0.5789269723151772731456753503,True,0.578183
2025-04-22,0,3336.315,2862.00225,2719.392429166666666666666667,True,True,偏多,False,3499.915,2832.455,0.04903613717529669710444007835,0.1510229100069987396274032878,17.88983609022556390977443609,0.6221284351518138087613546651,False,0.578183
2025-04-23,0,3316.145,2867.615166666666666666666667,2722.9256375,True,True,偏多,False,3499.915,2832.455,0.05541675650491760764381533377,0.1458591225655090474029332252,18.40904285714285714285714286,0.6439935965740268832837924338,False,0.578183
2025-04-24,0,3348.745,2873.436558333333333333333333,2726.623679166666666666666667,True,True,偏多,False,3499.915,2832.455,0.04514228464693489650600448825,0.1541741756986572581668654974,19.54881804511278195488721805,0.6919755240977251654137591507,False,0.578183
2025-04-25,0,3318.625,2879.144808333333333333333333,2730.279833333333333333333333,True,True,偏多,False,3499.915,2832.455,0.05462804625409619948020641079,0.1464974198651549964217107989,19.83037969924812030075187970,0.7047359303059074066260119958,False,0.578183
2025-04-27,0,3302.415,2884.726066666666666666666667,2734.037875,True,True,偏多,False,3499.915,2832.455,0.05980471866800508113002151456,0.1423079776466616097613413214,20.32380075187969924812030075,0.7311947425175663255540649906,False,0.578183
2025-04-28,0,3337.325,2890.53765,2737.89575,True,True,偏多,False,3499.915,2832.455,0.04871865940536207891050467066,0.1512798423887394844673503480,20.31839473684210526315789474,0.7309629875816974428601293529,False,0.578183
2025-04-29,0,3316.775,2896.00715,2741.734125,True,True,偏多,False,3499.915,2855.075,0.05521628690520158889282510873,0.1392014833686336878443668925,18.50320150375939849624060150,0.6658508612937311494009001135,False,0.578183
2025-04-30,0,3272.545,2900.813375,2745.334695833333333333333333,True,True,偏多,False,3499.915,2858.735,0.06947803620729432291992929051,0.1264489869505232166402601034,15.02983233082706766917293233,0.5386681503529475098963193052,False,0.578183
2025-05-01,1,3236.955,2905.143041666666666666666667,2748.8278625,True,True,偏多,False,3499.915,2879.935,0.08123684141423034920164166632,0.1102950149137074812593934732,10.34583383458646616541353383,0.3573762895357328519177016660,False,3.697619
2025-05-02,1,3239.415,2909.508958333333333333333333,2752.476945833333333333333333,True,True,偏多,False,3499.915,2879.935,0.08041575407905439716738979106,0.1109706536519711120680740195,5.267827819548872180451127820,0.1662735713744898588328804187,False,3.697619
2025-05-04,0,3247.745,2914.511958333333333333333333,2756.0643625,True,True,偏多,False,3499.915,2879.935,0.07764464266745080047848584171,0.1132508863842450685013755698,1.625009774436090225563909774,0.0244158800778649994571319766,False,0.578183
2025-05-05,0,3333.765,2920.198791666666666666666667,2759.968070833333333333333333,True,True,偏多,False,3499.915,2879.935,0.04983854590830487451874982190,0.1361313709874571243024028388,0.5835150375939849624060150376,0.0036591103975428223637135869,True,0.578183
2025-05-06,0,3400.385,2926.438958333333333333333333,2764.215558333333333333333333,True,True,偏多,True,3499.915,2879.935,0.02927021499036138554898930562,0.1530561980481621933986886779,1.027283458646616541353383459,0.0105183118347358688159224632,True,0.578183
2025-05-07,0,3376.015,2932.512433333333333333333333,2768.241975,True,True,偏多,False,3499.915,2879.935,0.03670007390370007242266399883,0.1469424750778654715692910132,0.6736984962406015037593984962,0.0047806071618144685243912890,True,0.578183
2025-05-08,1,3316.025,2938.579741666666666666666667,2771.8685875,True,True,偏多,False,3499.915,2879.938,0.05545494982697657587020604489,0.1315089602762343468459978438,-0.9422172932330827067669172932,0.0113534698997051688587947542,True,3.697619
2025-05-09,1,3323.345,2944.662741666666666666666667,2775.525420833333333333333333,True,True,偏多,False,3499.915,2905.755,0.05313020465825847150987935348,0.1256535207750022943750949721,-1.989343609022556390977443609,0.0559851160051679578559266530,True,3.697619
2025-05-11,0,3287.315,2950.203408333333333333333333,2779.043170833333333333333333,True,True,偏多,False,3499.915,2932.768,0.06467284090511557304365416761,0.1078530654957008987578008192,-2.108131578947368421052631579,0.0622165354443809127807225532,False,0.578183
2025-05-12,0,3236.585,2955.307466666666666666666667,2782.358670833333333333333333,True,True,偏多,False,3499.915,2956.125,0.08136044627284622526521009026,0.08665306179198136307249770978,-3.220069924812030075187969925,0.1272615029853327451498827609,False,0.578183
2025-05-13,1,3253.925,2960.628941666666666666666667,2785.8972125,True,True,偏多,False,3499.915,2956.125,0.07559793172860468511105818358,0.09152024093978810206135666925,-3.616075939849624060150375940,0.1534721493923496845686574331,False,3.697619
2025-05-14,1,3185.815,2965.3745,2789.239158333333333333333333,True,True,偏多,False,3499.915,2956.125,0.09859329559312138338227423752,0.07209772067744046656820939069,-3.470300751879699248120300752,0.1476411175060067640372542436,False,3.697619
2025-05-15,1,3236.845,2970.529833333333333333333333,2792.789825,True,True,偏多,False,3499.915,2956.125,0.08127358585289070066685306216,0.08672642650482182495609150268,-3.778338345864661654135338346,0.1686786035570968010537114647,False,3.697619
2025-05-16,1,3202.465,2975.279725,2796.031575,True,True,偏多,False,3499.915,2956.125,0.09288157716009386519446738684,0.07692199602493704068584668373,-4.746413533834586466165413534,0.2355583863272046970539708913,False,3.697619
2025-05-18,0,3234.265,2980.387366666666666666666667,2799.378825,True,True,偏多,False,3499.915,2956.125,0.08213612675522877686274934181,0.08599790060492878598383249363,-4.574518796992481203007518797,0.2234022209999690891081478721,False,0.578183
2025-05-19,0,3222.195,2985.374425,2802.68895,True,True,偏多,False,3499.915,2956.125,0.08618969367154998378434576430,0.08257414588502558038852397201,-4.878481203007518796992481203,0.2463680675436651853056320907,False,0.578183
2025-05-20,0,3290.435,2991.073483333333333333333333,2806.084825,True,True,偏多,False,3499.915,2956.125,0.06366331503281481019986719081,0.1016005482557777315157418396,-4.318526315789473684210526316,0.1944073377722082227232080081,True,0.578183
2025-05-21,0,3319.835,2996.869983333333333333333333,2809.650908333333333333333333,True,True,偏多,False,3499.915,2956.125,0.05424365969995496764146410891,0.1095566496527688876103782266,-2.769345864661654135338345865,0.0822695051902534493098219584,True,0.578183
2025-05-22,1,3299.748,3002.504925,2813.1944625,True,True,偏多,False,3499.915,2956.125,0.06066129898404362999841199995,0.1041361340320533568017921369,-1.805295488721804511278195489,0.0355874185403959188156504925,True,3.697619
2025-05-23,0,3356.575,3008.323925,2816.941879166666666666666667,True,True,偏多,False,3499.915,2956.125,0.04270424465414894647073281544,0.1193031587257844677982765170,-0.7021947368421052631578947368,0.0048892528204286013639676363,True,0.578183
2025-05-25,0,3342.298,3014.177258333333333333333333,2820.4229375,True,True,偏多,False,3499.915,2956.125,0.04715827254182601312031422692,0.1155411635946286058274875550,-0.4913593984962406015037593985,0.0023424224475183210586360260,True,0.578183
2025-05-26,1,3345.945,3020.053066666666666666666667,2823.9214375,True,True,偏多,False,3499.915,2956.125,0.04601689507747437569954078743,0.1165052025660911939676234965,-0.3479924812030075187969924812,0.0011577592923854539742182945,True,3.697619
2025-05-27,1,3309.148,3025.675425,2827.278241666666666666666667,True,True,偏多,False,3499.915,2956.125,0.05764837353904993067702018767,0.1066809341860805258634548833,-0.7589661654135338345864661654,0.0056432535015693152137018521,True,3.697619
2025-05-28,0,3259.548,3030.7587,2830.3897125,True,True,偏多,False,3499.915,2956.125,0.07374243299991287135516948976,0.09308744648030953985031053385,-0.6126360902255639097744360902,0.0037165101355543058408755047,False,0.578183
2025-05-29,0,3315.395,3036.1997,2833.734754166666666666666667,True,True,偏多,False,3499.915,2956.125,0.05565551012775250007917608611,0.1083641617363843523923996990,1.495007518796992481203007519,0.0269039230717656569993117169,True,0.578183
2025-05-30,0,3288.865,3041.358616666666666666666667,2837.073879166666666666666667,True,True,偏多,False,3499.915,2956.125,0.06417107421557284960009000065,0.1011716808078166783981707975,2.966666165413533834586466165,0.1252833089804466185639622602,False,0.578183
2025-06-01,0,3309.935,3046.526783333333333333333333,2840.397629166666666666666667,True,True,偏多,False,3499.915,2956.125,0.05739689752215677951379709873,0.1068933377845788512463235683,3.923166917293233082706766917,0.2209253782917461291013488900,False,0.578183
2025-06-02,0,3387.198,3052.329533333333333333333333,2844.028516666666666666666667,True,True,偏多,False,3499.915,2956.125,0.03327735786334309361306897323,0.1272653680121445513371228963,6.108161654135338345864661654,0.4461862238127463695594273829,True,0.578183
2025-06-03,0,3359.698,3058.096391666666666666666667,2847.546695833333333333333333,True,True,偏多,False,3499.915,2956.125,0.04173500118165382721899408816,0.1201218085673176577180448957,7.235384962406015037593984962,0.5704057795129439015299730836,True,0.578183
2025-06-04,0,3377.935,3063.950725,2851.09985,True,True,偏多,False,3499.915,2956.125,0.03611081918390969630854353325,0.1248721482207324889318474157,7.713290225563909774436090226,0.6038041206434727887291311697,True,0.578183
2025-06-05,1,3361.648,3069.50925,2854.656325,True,True,偏多,False,3499.915,2969.605,0.04113071921866893856822606055,0.1166222638420203424034878131,8.019757142857142857142857143,0.6315774374204520746373939431,False,3.697619
2025-06-06,0,3309.625,3074.469058333333333333333333,2857.948783333333333333333333,True,True,偏多,False,3499.915,2971.745,0.05749593987234203270763304000,0.1020901159496921856705820146,6.345627819548872180451127820,0.4964656139021137393052299193,False,0.578183
2025-06-08,1,3317.798,3079.595333333333333333333333,2861.3440875,True,True,偏多,False,3499.915,3078.105,0.05489092464339299740369968274,0.07224460319766302830974037600,5.407812030075187969924812030,0.3977999909880467454429679263,False,3.697619
2025-06-09,0,3326.555,3084.847916666666666666666667,2864.776045833333333333333333,True,True,偏多,False,3499.915,3120.205,0.05211397376565245426574940141,0.06203114032384854601832827054,3.930520300751879699248120301,0.2799556685425296894051308871,False,0.578183
2025-06-10,0,3327.755,3089.994166666666666666666667,2868.236795833333333333333333,True,True,偏多,False,3499.915,3120.205,0.05173457781597503421976677971,0.06236937514931237425832130070,2.785875187969924812030075188,0.1744757070807345950889260207,False,0.578183
2025-06-11,0,3365.265,3095.170891666666666666666667,2871.8705875,True,True,偏多,False,3499.915,3120.205,0.04001170784470168025400674241,0.07282041681710058494650495578,1.845921804511278195488721805,0.1097948170708502389834272752,True,0.578183
2025-06-12,0,3395.545,3100.5072,2875.6199625,True,True,偏多,False,3499.915,3120.205,0.03073733377116191951512938276,0.08108860286051281900254598305,2.200870676691729323308270677,0.1393292232171729477409678975,True,0.578183
2025-06-13,0,3431.855,3106.15295,2879.4313375,True,True,偏多,True,3499.915,3120.205,0.01983184021469438539798447195,0.09081094626666919202588687459,3.380684210526315789473684211,0.2381958159617445975538636056,True,0.578183
2025-06-15,0,3444.015,3111.771366666666666666666667,2883.3770875,True,True,偏多,False,3499.915,3120.205,0.01623105590422805940159958653,0.09402107714397295017588483209,4.248597744360902255639097744,0.2983430929989025559939061300,True,0.578183
2025-06-16,0,3402.598,3117.065641666666666666666667,2887.151475,True,True,偏多,False,3499.915,3120.205,0.02860079268841044401954036298,0.08299334802406866752992860162,5.205165413533834586466165414,0.4174358263046985819224782611,True,0.578183
2025-06-17,0,3387.155,3122.445141666666666666666667,2890.82035,True,True,偏多,False,3499.915,3120.205,0.03329047533992391845073520403,0.07881245470018348732195603685,5.646484962406015037593984962,0.4766821396521232946802775776,False,0.578183
2025-06-18,0,3374.885,3127.547975,2894.388391666666666666666667,True,True,偏多,False,3499.915,3120.205,0.03704718827456342956871123016,0.07546331208322653957097797406,5.902648872180451127819548872,0.5152040537654530494399039442,False,0.578183
2025-06-19,0,3368.585,3132.619225,2897.958420833333333333333333,True,True,偏多,False,3451.085,3120.205,0.02449099547732950185315199112,0.07373422371708002024588959459,5.444288721804511278195488722,0.4566943390555493024388048230,False,0.578183
2025-06-20,0,3368.005,3137.386225,2901.332008333333333333333333,True,True,偏多,False,3451.085,3120.205,0.02466742181202225056079192281,0.07357471262661427165339718914,4.105106015037593984962406015,0.3345129025544941335811136242,False,0.578183
2025-06-22,0,3372.498,3142.173,2904.644020833333333333333333,True,True,偏多,False,3451.085,3120.205,0.02330231181753110009257233066,0.07480893984221784564438585286,3.548810526315789473684210526,0.2668186949302009756628323980,False,0.578183
2025-06-23,0,3343.898,3146.767608333333333333333333,2907.830991666666666666666667,True,True,偏多,False,3451.085,3120.205,0.03205450644726603502858041723,0.06689588019730266892112139784,2.079179699248120300751879699,0.1105256624566698271373369397,False,0.578183
2025-06-24,0,3324.015,3151.0215,2910.916283333333333333333333,True,True,偏多,False,3451.085,3120.205,0.03822786599940132640797348989,0.06131440441754925895340424156,0.5754338345864661654135338346,0.0089503382812469386840347940,False,0.578183
2025-06-25,0,3338.805,3155.169583333333333333333333,2914.10345,True,True,偏多,False,3451.085,3120.205,0.03362879832754533433369124582,0.06547252684718035344981213338,0.4817428571428571428571428571,0.0061971086372002646638583985,False,0.578183
2025-06-26,0,3318.498,3158.915525,2917.267295833333333333333333,True,True,偏多,False,3451.085,3120.205,0.03995391891150755552662680526,0.05975384044227237744304802956,-0.2634872180451127819548872180,0.0017133871949633455190706930,False,0.578183
2025-06-27,0,3273.335,3162.378025,2920.1264625,True,True,偏多,False,3451.085,3120.205,0.05430241634296520215621071476,0.04678103524387207542155019269,-1.303995488721804511278195489,0.0330797538196154702704767200,False,0.578183
2025-06-29,0,3263.585,3165.740108333333333333333333,2922.8018,True,True,偏多,False,3451.085,3120.205,0.05745215767323357596017876047,0.04393328195833722731290896361,-2.583659398496240601503759398,0.1043798826924294378471360859,False,0.578183
2025-06-30,0,3312.298,3169.449275,2925.6856875,True,True,偏多,False,3451.085,3120.205,0.04190051740513685664756009272,0.05799387615486287767586129026,-3.841375939849624060150375940,0.2319577903464850061173297087,False,0.578183
2025-07-01,0,3337.875,3172.951108333333333333333333,2928.650979166666666666666667,True,True,偏多,False,3451.085,3120.205,0.03391678837583792083286522114,0.06521214844773995431224955997,-4.608678947368421052631578947,0.3421641645876939387310409839,True,0.578183
2025-07-02,0,3349.098,3176.707133333333333333333333,2931.530408333333333333333333,True,True,偏多,False,3451.085,3120.205,0.03045207993316409373508926881,0.06834467071432367759916252077,-5.107575939849624060150375940,0.4280079815705477752101532149,True,0.578183
2025-07-03,0,3330.648,3180.25005,2934.340658333333333333333333,True,True,偏多,False,3451.085,3120.205,0.03616023068183728811930891526,0.06318380086998085657805928456,-5.884996240601503759398496241,0.5703219591855479209073496575,True,0.578183
2025-07-04,0,3336.248,3183.627658333333333333333333,2937.106295833333333333333333,True,True,偏多,False,3451.085,3120.205,0.03442100227561020643549280509,0.06475627711129388462728190470,-5.994503759398496240601503759,0.5886641515474041715541642440,True,0.578183
2025-07-06,0,3328.655,3187.349075,2939.900879166666666666666667,True,True,偏多,False,3451.085,3120.205,0.03678062160241899505956610102,0.06262289122783827101336726095,-5.690742857142857142857142857,0.5487831590347574615716152196,True,0.578183
2025-07-07,0,3334.398,3191.143433333333333333333333,2942.696629166666666666666667,True,True,偏多,True,3451.085,3120.205,0.03499492262171462434898293485,0.06423738258000394673941143199,-4.631036842105263157894736842,0.4405247414336362422092016181,True,0.578183
2025-07-08,0,3301.995,3194.500266666666666666666667,2945.473295833333333333333333,True,True,偏多,False,3451.085,3120.205,0.04515149174968466033413133575,0.05505459578224679322651911950,-3.695678947368421052631578947,0.3858200120646002828264851368,False,0.578183
2025-07-09,0,3317.425,3197.697325,2948.211658333333333333333333,True,True,偏多,False,3451.085,3120.205,0.04029028538700950285236290195,0.05944972380686827886086347091,-2.980281203007518796992481203,0.3030723938616215291086319771,True,0.578183
2025-07-10,0,3323.555,3200.934575,2950.975908333333333333333333,True,True,偏多,False,3451.085,3120.205,0.03837156298000183538409925517,0.06118448468582587019020296038,-2.293069172932330827067669173,0.2108655224750966164097903444,True,0.578183
2025-07-11,0,3354.725,3204.380575,2953.888866666666666666666667,True,True,偏多,True,3451.085,3120.205,0.02872366587425198786785802115,0.06990736945651282892040331175,-1.258669172932330827067669173,0.0693302101794525288668532575,True,0.578183
2025-07-13,0,3367.498,3207.9851,2956.863670833333333333333333,True,True,偏多,False,3451.085,3153.475,0.02482169254443506722201468271,0.06355549431655193262178626387,-0.1109556390977443609022556391,0.0005417209892309028958454195,True,0.578183
2025-07-14,0,3345.048,3211.388541666666666666666667,2959.759475,True,True,偏多,False,3451.085,3204.205,0.03169969459332123186274158099,0.04210492644649643293608940739,0.7085203007518796992481203008,0.0240828699134194228728001462,True,0.578183
2025-07-15,0,3330.798,3214.563566666666666666666667,2962.625904166666666666666667,True,True,偏多,False,3451.085,3204.205,0.03611356797980544001767744547,0.03800680797814817950533175533,1.429888721804511278195488722,0.1146282692216043636271728180,False,0.578183
2025-07-16,0,3346.275,3218.12915,2965.644279166666666666666667,True,True,偏多,True,3451.085,3204.205,0.03132139468513496350419496306,0.04245616394348940239520063354,1.983484962406015037593984962,0.2189539724991992891939106464,True,0.578183
2025-07-17,0,3340.055,3221.637983333333333333333333,2968.691404166666666666666667,True,True,偏多,False,3451.085,3244.925,0.03324196757239027501044144483,0.02848156692030520455501481263,2.130707518796992481203007519,0.2493860765731136316260229401,False,0.578183
2025-07-18,0,3349.655,3225.58665,2971.677445833333333333333333,True,True,偏多,False,3451.085,3244.925,0.03028073040357887603350195766,0.03126590648887721272787794564,2.624478947368421052631578947,0.3675480976919163802016868849,False,0.578183
2025-07-20,0,3348.898,3229.685816666666666666666667,2974.561041666666666666666667,True,True,偏多,False,3451.085,3244.925,0.03051361970415342599266982751,0.03104692946754424888425983712,2.770483458646616541353383459,0.4001040100541831012636645039,False,0.578183
2025-07-21,0,3396.298,3234.066566666666666666666667,2977.6795125,True,True,偏多,False,3451.085,3244.925,0.01613138776397124162838478838,0.04456999945234487668632140054,2.834816541353383458646616541,0.4023117877162033931053328176,True,0.578183
2025-07-22,0,3427.305,3238.5389,2980.9213875,True,True,偏多,False,3451.085,3244.925,0.006938396203430975649964038800,0.05321382252236086371069980641,3.003252631578947368421052632,0.3967652379368556135583104053,True,0.578183
2025-07-23,0,3389.885,3242.503983333333333333333333,2983.9611375,True,True,偏多,False,3451.085,3244.925,0.01805370978661518016097891226,0.04276251259261007379306377650,3.160074436090225563909774436,0.4169656130203683726283747220,True,0.578183
2025-07-24,0,3369.148,3246.262175,2986.857595833333333333333333,True,True,偏多,False,3451.085,3244.925,0.02431979835851675260332879410,0.03687074595713812512837073349,3.307828571428571428571428571,0.4482210792183708121782001551,False,0.578183
2025-07-25,0,3335.575,3249.80815,2989.532345833333333333333333,True,True,偏多,False,3451.085,3244.925,0.03462971151900347016631315440,0.02717672365334312674726246599,3.106146616541353383458646617,0.3908633822230954026601635439,False,0.578183
2025-07-27,0,3333.398,3253.341841666666666666666667,2992.083566666666666666666667,True,True,偏多,False,3451.085,3244.925,0.03530541507494754601760725842,0.02654138509712911569515551398,2.602384210526315789473684211,0.2759104579698300072188163198,False,0.578183
2025-07-28,0,3312.405,3256.645983333333333333333333,2994.538108333333333333333333,True,True,偏多,False,3451.085,3244.925,0.04186686108733684437742365441,0.02037190500557751844958572397,1.883007518796992481203007519,0.1350190486960719977563821342,False,0.578183
2025-07-29,0,3327.198,3260.335925,2997.062579166666666666666667,True,True,偏多,False,3451.085,3244.925,0.03723463406746457529729219602,0.02472741327687742058032013724,1.290924060150375939849624060,0.0632510898622339783111293513,False,0.578183
2025-07-30,0,3285.075,3263.41865,2999.307025,True,True,偏多,False,3451.085,3244.925,0.05053461488702693241402403294,0.01222194318242353675334657504,0.1899533834586466165413533835,0.0011354682705262641587216216,False,0.578183
2025-07-31,0,3288.355,3266.3389,3001.6702625,True,True,偏多,False,3451.085,3244.925,0.04948674945375423273947003897,0.01320721150848980721363721374,-1.301616541353383458646616541,0.0501067071536798857024683571,False,0.578183
2025-08-01,0,3362.425,3269.47415,3004.290,True,True,偏多,False,3451.085,3244.925,0.02636787437638014230800687004,0.03494501736098202933894436307,-1.470900751879699248120300752,0.0654625608621441303930641540,True,0.578183
2025-08-03,0,3361.805,3272.624233333333333333333333,3006.85325,True,True,偏多,False,3451.085,3244.925,0.02655716200077041946216392682,0.03476703735047095236041352785,-1.619921804511278195488721805,0.0807922736346174179342104661,True,0.578183
2025-08-04,0,3377.198,3275.851591666666666666666667,3009.526345833333333333333333,True,True,偏多,False,3451.085,3244.925,0.02187819606668012950380759434,0.03916649245913328149548827164,-1.114403759398496240601503759,0.0369433497360289906015867356,True,0.578183
2025-08-05,0,3383.065,3279.047816666666666666666667,3012.187929166666666666666667,True,True,偏多,False,3451.085,3244.925,0.02010602811355974537882068479,0.04083279511330701597515862095,-0.3571864661654135338345864662,0.0036666833643514513732914310,True,0.578183
2025-08-06,0,3369.905,3281.867625,3014.667179166666666666666667,True,True,偏多,False,3451.085,3244.925,0.02408969985800786669060403780,0.03708709889447922122433718458,-0.1658518796992481203007518797,0.0007798807470736368997209969,True,0.578183
2025-08-07,0,3400.109,3284.786241666666666666666667,3017.229058333333333333333333,True,True,偏多,True,3451.085,3244.925,0.01499246053582399858357482069,0.04564088974794631583869811233,0.1945894736842105263157894737,0.0010025478298307946355759022,True,0.578183
2025-08-08,0,3398.579,3287.722358333333333333333333,3019.945866666666666666666667,True,True,偏多,False,3451.085,3244.925,0.01544939811609499146555074930,0.04521124858359920425566096889,0.6733203007518796992481203008,0.0112572346032859624486531013,True,0.578183
2025-08-10,0,3391.255,3290.793608333333333333333333,3022.676533333333333333333333,True,True,偏多,False,3451.085,3244.925,0.01764243620724481054948684189,0.04314921762002562473184705957,0.8705593984962406015037593985,0.0183581630180760833782315770,True,0.578183
2025-08-11,0,3348.848,3293.496383333333333333333333,3025.220754166666666666666667,True,True,偏多,False,3451.085,3244.925,0.03052900579542577029474016139,0.03103246250650970124651820566,0.5365706766917293233082706767,0.0069695192594639157742242424,False,0.578183
2025-08-12,0,3350.435,3296.336716666666666666666667,3027.7799625,True,True,偏多,False,3451.085,3244.925,0.03004087528932810217180754141,0.03149143320195735777593058812,0.2145142857142857142857142857,0.0011152753561958662457132580,False,0.578183
2025-08-13,0,3362.565,3299.184966666666666666666667,3030.3510875,True,True,偏多,False,3438.655,3244.925,0.02262855885313741147011284540,0.03498519731217091714212215972,0.8118533834586466165413533835,0.0167946034517432971606024340,False,0.578183
2025-08-14,0,3335.248,3301.800408333333333333333333,3033.148475,True,True,偏多,False,3438.655,3244.925,0.03100429113517195722776836985,0.02708134447573313888502444196,1.559260150375939849624060150,0.0751217311973510310927622774,False,0.578183
2025-08-15,0,3334.645,3304.128491666666666666666667,3035.764558333333333333333333,True,True,偏多,False,3438.655,3244.925,0.03119072644914226251969849864,0.02690541272009464275807469761,1.845642105263157894736842105,0.1106592991587444585671059795,False,0.578183
2025-08-17,0,3326.895,3306.153466666666666666666667,3038.443141666666666666666667,True,True,偏多,False,3438.655,3244.925,0.03359288465671444394848650168,0.02463858943549465793179526255,1.776951127819548872180451128,0.1016174448254069459557089497,False,0.578183
2025-08-18,0,3330.745,3308.168858333333333333333333,3041.131808333333333333333333,True,True,偏多,False,3438.655,3244.925,0.03239815716904176092736009511,0.02576600730467207786846486297,1.296698496240601503759398496,0.0537112572342587882455500985,False,0.578183
2025-08-19,0,3314.135,3309.78375,3044.007975,True,True,偏多,False,3438.655,3244.925,0.03757239822759181505883133910,0.02088327723523634372166492916,0.5520496240601503759398496241,0.0093086405672393681681571099,False,0.578183
2025-08-20,0,3346.765,3311.715141666666666666666667,3047.1246,True,True,偏多,False,3438.655,3244.925,0.02745636457892920476938177613,0.03042938479397268705750179651,-0.02895789473684210526315789474,0.0000272764402784418809366734,False,0.578183
2025-08-21,0,3338.185,3313.179391666666666666666667,3050.322479166666666666666667,True,True,偏多,False,3438.655,3244.925,0.03009719353481008392285029140,0.02793733720569710785951048249,-0.5506323308270676691729323308,0.0100496382262800103062863836,False,0.578183
2025-08-22,1,3371.235,3315.334475,3053.674395833333333333333333,True,True,偏多,False,3438.655,3244.925,0.01999860585215803703983851615,0.03746698168475351021213294238,-1.281785714285714285714285714,0.0688294679286515911417033312,True,3.697619
2025-08-24,0,3368.865,3318.0917,3057.033354166666666666666667,True,True,偏多,False,3438.655,3244.925,0.02071617592275143111997660933,0.03678983871422571103324116579,-2.124570676691729323308270677,0.2641973249273319223243386608,True,0.578183
2025-08-25,1,3354.648,3321.050866666666666666666667,3060.297491666666666666666667,True,True,偏多,False,3438.655,3244.925,0.02504197161669421054012224233,0.03270775354075897083688065037,-2.121996992481203007518796992,0.2635885006823015521237648560,True,3.697619
2025-08-26,1,3390.648,3324.463975,3063.540045833333333333333333,True,True,偏多,False,3438.655,3259.195,0.01415865049984545726952488138,0.03876928539913314505073956365,-1.603232330827067669172932331,0.1383455507379115487151688773,True,3.697619
2025-08-27,1,3395.465,3327.940641666666666666666667,3066.7085875,True,True,偏多,False,3438.655,3267.955,0.01271990728810339673652945915,0.03755303029187460333120794943,-0.8159789473684210526315789474,0.0332622994644031972085716927,True,3.697619
2025-08-28,0,3414.508,3330.674083333333333333333333,3069.8856,True,True,偏多,False,3438.655,3267.955,0.007071882684123159178423362897,0.04292067846963603541125104993,0.3084849624060150375939849624,0.0040403829793999386844678603,True,0.578183
2025-08-29,1,3446.805,3332.824333333333333333333333,3073.126379166666666666666667,True,True,偏多,False,3453.565,3267.955,0.001961236565456995681507947215,0.05188863309644728959137520109,1.639262406015037593984962406,0.0795338477883789788826024333,True,3.697619
2025-08-31,0,3447.685,3334.58525,3076.175879166666666666666667,True,True,偏多,False,3453.565,3267.955,0.001705492236094654819103253342,0.05213063258389325010840607538,3.343877443609022556390977444,0.2668841736960048958108581869,True,0.578183
2025-09-01,1,3478.965,3336.71375,3079.339379166666666666666667,True,True,偏多,False,3489.595,3267.955,0.003055506450912843331278124385,0.06065309653876943286293480963,5.399648872180451127819548872,0.4990618119595889456641901078,True,3.697619
2025-09-02,1,3529.698,3339.357941666666666666666667,3083.169975,True,True,偏多,True,3539.849,3267.955,0.002875883432520289271206771797,0.07415450273649473694350054877,7.943654135338345864661654135,0.6738603886017813598281390099,True,3.697619
2025-09-03,1,3560.175,3341.928858333333333333333333,3087.036933333333333333333333,True,True,偏多,True,3578.175,3267.955,0.005055931239335145042027428427,0.08208023481991756023229195194,10.04527593984962406015037594,0.7309232061667904077869834727,True,3.697619
2025-09-04,0,3552.415,3343.616608333333333333333333,3090.851433333333333333333333,True,True,偏多,False,3578.175,3267.955,0.007251405030099242346403784468,0.08007510383781174215287346777,11.74331353383458646616541353,0.8001385530128806430782306755,True,0.578183
2025-09-05,0,3585.195,3345.768858333333333333333333,3094.795516666666666666666667,True,True,偏多,True,3599.905,3267.955,0.004102984635424293518204728055,0.08848612139646518529675512768,13.79743383458646616541353383,0.8729215857676190868594459305,True,0.578183
2025-09-07,0,3590.798,3347.792383333333333333333333,3098.7157375,True,True,偏多,False,3599.905,3267.955,0.002536205044115542004869112660,0.08990842704045173245612813642,15.16549398496240601503759398,0.9089035719496599410843571965,True,0.578183
2025-09-08,1,3634.735,3349.457225,3102.837154166666666666666667,True,True,偏多,True,3646.115,3267.955,0.003130902252846493623331549618,0.1009096949296166020356367108,16.76741879699248120300751880,0.9336819709770658852623333632,True,3.697619
2025-09-09,1,3633.355,3351.932558333333333333333333,3106.967404166666666666666667,True,True,偏多,False,3673.645,3267.955,0.01108892469907289543686207376,0.1005682076207802430535964694,17.77599774436090225563909774,0.9516947009667455386721145534,True,3.697619
2025-09-10,0,3644.685,3354.670391666666666666666667,3111.142779166666666666666667,True,True,偏多,False,3673.645,3267.955,0.007945816991043121696388028046,0.1033642139169777360732134601,18.54638120300751879699248120,0.9656331771228982398439796674,False,0.578183
2025-09-11,1,3631.595,3357.027475,3115.232016666666666666666667,True,True,偏多,False,3673.645,3267.955,0.01157893432500044746179020513,0.1001323110093498862070247371,18.39541127819548872180451128,0.9629323488635147605810095718,False,3.697619
2025-09-12,0,3642.635,3359.727558333333333333333333,3119.436183333333333333333333,True,True,偏多,False,3673.645,3267.955,0.008513068149842078605185531902,0.1028596057524292167620417637,18.43998270676691729323308271,0.9639868303028968944534603954,False,0.578183
2025-09-14,0,3637.965,3362.523808333333333333333333,3123.6249375,True,True,偏多,False,3673.645,3267.955,0.009807680942504944385116404363,0.1017079603569578047067522640,17.83744887218045112781954887,0.9507018827440257160022883210,False,0.578183
2025-09-15,1,3676.598,3365.351083333333333333333333,3127.944366666666666666666667,True,True,偏多,False,3685.345,3267.955,0.002379101549856688166614897794,0.1111470440880400848828183010,17.85786015037593984962406015,0.9511075794546915332055043333,False,3.697619
2025-09-16,0,3694.085,3368.495333333333333333333333,3132.251241666666666666666667,True,True,偏多,False,3702.828,3267.955,0.002366756585189566563844632703,0.1153546818765675397290533380,17.63147218045112781954887218,0.9479613883604465015260274698,False,0.578183
2025-09-17,1,3668.748,3371.797025,3136.3052,True,True,偏多,False,3707.308,3267.955,0.01051039755251655333100011230,0.1092451702869752842113985480,16.32959548872180451127819549,0.9289776373935761523084182071,False,3.697619
2025-09-18,1,3639.895,3375.154858333333333333333333,3140.14895,True,True,偏多,False,3707.308,3267.955,0.01852058919282012255848039573,0.1021842663043851539673534539,14.71162330827067669172932331,0.8772558981080754033946670036,False,3.697619
2025-09-19,0,3684.489,3378.863808333333333333333333,3144.186383333333333333333333,True,True,偏多,False,3707.308,3267.955,0.006193260449413745026786618171,0.1130506835547615965198973318,13.43195864661654135338345865,0.8602401281125166151546193573,False,0.578183
2025-09-21,0,3686.065,3382.516475,3148.514216666666666666666667,True,True,偏多,False,3707.308,3267.955,0.005763056267320299560642582266,0.1134299042474834274490547508,12.04086466165413533834586466,0.8431508908427600260583628632,False,0.578183
2025-09-22,0,3747.598,3385.965083333333333333333333,3153.0819375,True,True,偏多,False,3748.948,3267.955,0.0003602307397965310046595179099,0.1279867797986870523465964066,11.63040977443609022556390977,0.8474972914833190982748948273,True,0.578183
2025-09-23,0,3763.535,3388.991333333333333333333333,3157.715145833333333333333333,True,True,偏多,False,3790.865,3267.955,0.007261789780087072393374845724,0.1316793918483553361400916957,11.00920075187969924812030075,0.8658185354491328445305928056,True,0.578183
2025-09-24,0,3742.815,3392.048,3162.280216666666666666666667,True,True,偏多,False,3790.865,3267.955,0.01283793080876292309398140170,0.1268724208917619492280542853,10.11092406015037593984962406,0.8791399067458509630980435635,False,0.578183
2025-09-25,1,3744.475,3395.618416666666666666666667,3167.099079166666666666666667,True,True,偏多,False,3790.865,3267.955,0.01238891967498781538132849064,0.1272594956569345502373496952,9.640642105263157894736842105,0.8752882420171625944764113905,False,3.697619
2025-09-26,1,3759.005,3399.248916666666666666666667,3171.955829166666666666666667,True,True,偏多,False,3790.865,3281.435,0.008475647145986770435261458817,0.1270469180009071549519088163,9.536174436090225563909774436,0.8735086426614043962579100208,True,3.697619
2025-09-28,0,3766.648,3403.243358333333333333333333,3176.723383333333333333333333,True,True,偏多,False,3790.865,3281.435,0.006429323897534359462312379601,0.1288182490107915579050657242,9.119373684210526315789473684,0.8737621509285402091221107962,True,0.578183
2025-09-29,0,3832.655,3408.210608333333333333333333,3181.7590375,True,True,偏多,False,3834.005,3311.255,0.0003522362435439662583770258476,0.1360414647287585237909490940,9.840954135338345864661654135,0.8567699966728275193245534157,True,0.578183
2025-09-30,0,3862.765,3413.284275,3186.956608333333333333333333,True,True,偏多,True,3871.505,3311.255,0.002262627936206318530896909338,0.1427759648852570632694455914,10.70902556390977443609022556,0.8392911819110026487228333958,True,0.578183
2025-10-01,0,3863.165,3418.928858333333333333333333,3192.151679166666666666666667,True,True,偏多,False,3895.145,3311.255,0.008278186409330173575293832906,0.1428647236139279580344096097,11.86758045112781954887218045,0.8634746065262211276579191669,True,0.578183
2025-10-02,1,3862.145,3424.139691666666666666666667,3197.3347625,True,True,偏多,False,3896.958,3311.255,0.009013902895929593528984540974,0.1426383525217204429144944066,12.64627067669172932330827068,0.8839547107685488413320374277,True,3.697619
2025-10-03,0,3886.825,3429.842691666666666666666667,3202.561208333333333333333333,True,True,偏多,False,3896.958,3311.255,0.002607012150019617554173393451,0.1480823036797386041306207509,13.61238195488721804511278195,0.9069095325546246817038597811,True,0.578183
2025-10-05,0,3909.355,3435.468441666666666666666667,3207.927904166666666666666667,True,True,偏多,False,3920.485,3311.255,0.002847016963156326299351171741,0.1529919897272056387818450870,14.32954586466165413533834586,0.9157098455998354338625974411,True,0.578183
2025-10-06,0,3969.248,3441.693883333333333333333333,3213.534154166666666666666667,True,True,偏多,False,3975.925,3311.255,0.001682182619982424882496634123,0.1657727105990857714106047292,15.65895563909774436090225564,0.9161083228172701796129696398,True,0.578183
2025-10-07,0,3994.145,3447.558133333333333333333333,3219.315808333333333333333333,True,True,偏多,False,3995.775,3311.255,0.0004080973524997214672977570919,0.1709727613794691980386290433,16.77915263157894736842105263,0.9154096008626612371308227967,True,0.578183
2025-10-08,0,4011.465,3453.321716666666666666666667,3225.09585,True,True,偏多,False,4059.098,3311.255,0.01187421552973788877629494461,0.1745521897860258035406017502,18.22116390977443609022556391,0.9330222678795239350674709949,True,0.578183
2025-10-09,0,3989.548,3459.07005,3230.7874875,True,True,偏多,False,4059.098,3311.255,0.01743305256635588793517461126,0.1700175057425051659987547462,19.12262631578947368421052632,0.9560642650597347582946011442,False,0.578183
2025-10-10,0,4017.845,3464.580633333333333333333333,3236.452279166666666666666667,True,True,偏多,True,4059.098,3311.255,0.01026744436383185513627330074,0.1758629314968596349535634152,19.58396842105263157894736842,0.9622342622232504325884871978,False,0.578183
2025-10-12,0,4034.705,3470.350691666666666666666667,3242.263975,True,True,偏多,False,4059.938,3311.255,0.006253988829418755522398787520,0.1793067894678793121182341708,19.30563609022556390977443609,0.9615882358670226506941575821,False,0.578183
2025-10-13,0,4127.798,3476.866133333333333333333333,3248.4596,True,True,偏多,False,4131.748,3311.255,0.0009569266713148269367832437537,0.1978156392342842358080506847,20.46762030075187969924812030,0.9540337085761527095926850412,True,0.578183
2025-10-14,0,4161.325,3483.967608333333333333333333,3254.821516666666666666666667,True,True,偏多,True,4179.355,3311.255,0.004332754591386157053342384937,0.2042786852745219371233921888,21.46681578947368421052631579,0.9470376929258595568330081484,True,0.578183
2025-10-15,0,4209.285,3491.882083333333333333333333,3261.320391666666666666666667,True,True,偏多,False,4217.995,3311.255,0.002069235036354155159367921155,0.2133450217792332902143713243,23.40805112781954887218045113,0.9509165533727820075497052490,True,0.578183
2025-10-16,0,4365.225,3500.630666666666666666666667,3268.415183333333333333333333,True,True,偏多,True,4379.125,3311.255,0.003184257397957722683252295128,0.2414468899083094227674403954,27.13437142857142857142857143,0.9198497475861917528021527244,True,0.578183
2025-10-17,1,4250.855,3508.64725,3275.002933333333333333333333,True,True,偏多,False,4379.125,3321.045,0.03017510594927373434285573138,0.2187348192304842202333412925,27.99487969924812030075187970,0.9284097176883765277872271337,True,3.697619
2025-10-19,0,4237.605,3516.377833333333333333333333,3281.452308333333333333333333,True,True,偏多,False,4379.125,3321.045,0.03339622263047169332677302391,0.2162919856853104524843632193,27.92834285714285714285714286,0.9276073051636957337213672892,False,0.578183
2025-10-20,1,4359.905,3524.483725,3288.406629166666666666666667,True,True,偏多,True,4381.298,3351.175,0.004906758289458141863182798708,0.2313651329558786257957455495,29.09682105263157894736842105,0.9292556546261401631549910756,True,3.697619
2025-10-21,0,4092.618,3530.591391666666666666666667,3294.343891666666666666666667,True,True,偏多,False,4381.298,3351.175,0.07053675666773688626693231570,0.1811659431688958021491377891,25.66398345864661654135338346,0.8241464038974835471938745037,False,0.578183
2025-10-22,0,4087.305,3536.502808333333333333333333,3300.226766666666666666666667,True,True,偏多,False,4381.298,3351.175,0.07192832440936020189342366180,0.1801015583618056396574270821,22.70728120300751879699248120,0.7122953050780862374256963820,False,0.578183
2025-10-23,0,4121.375,3542.833866666666666666666667,3306.171558333333333333333333,True,True,偏多,False,4381.298,3373.665,0.06306705893057535409905674684,0.1814224621637196324042340238,20.32978195488721804511278195,0.6239418562183193193817533160,False,0.578183
2025-10-24,0,4111.555,3549.516616666666666666666667,3311.9928375,True,True,偏多,False,4381.298,3384.445,0.06560607847882370538640490034,0.1768455000601962031396880256,17.42942556390977443609022556,0.5145760174684346481811322609,False,0.578183
2025-10-26,0,4064.165,3555.736341666666666666666667,3317.6658375,True,True,偏多,False,4381.298,3404.185,0.07803152677118178026728737637,0.1623900604429200093992246870,13.46244511278195488721804511,0.3552152313973905927142171428,False,0.578183
2025-10-27,0,3998.205,3561.333425,3323.090670833333333333333333,True,True,偏多,False,4381.298,3436.548,0.09581624754108406147258582289,0.1404772891835211050959117904,8.639073684210526315789473684,0.1634923580915676285235064644,False,0.578183
2025-10-28,0,3964.535,3566.639925,3328.317045833333333333333333,True,True,偏多,False,4381.298,3436.548,0.1051227949810002938553953995,0.1331775353225535907742017664,3.522950375939849624060150376,0.0289801291521378412882311120,False,0.578183
2025-10-29,0,3952.465,3571.533258333333333333333333,3333.352075,True,True,偏多,False,4381.298,3469.805,0.1084976084544708175783972787,0.1221161983724081048156024152,-0.9029,0.0018711071973392090153491521,False,0.578183
2025-10-30,0,4036.345,3576.873258333333333333333333,3338.690229166666666666666667,True,True,偏多,False,4381.298,3510.425,0.08546172341561486939297805316,0.1302960970878356532952460704,-3.712116541353383458646616541,0.0325119597438171452439914561,False,0.578183
2025-10-31,0,4001.505,3581.620341666666666666666667,3343.886645833333333333333333,True,True,偏多,False,4381.298,3510.425,0.09491253915714212527536514386,0.1227238251607832553001933023,-6.809032330827067669172932331,0.1085979323711513030959300764,False,0.578183
2025-11-02,0,3979.435,3586.082175,3348.926770833333333333333333,True,True,偏多,False,4381.298,3544.605,0.1009849388166913142192296143,0.1092692806893440903042768634,-10.55231428571428571428571429,0.2585307610521690755311577951,False,0.578183
2025-11-03,0,3996.925,3591.0349,3354.050270833333333333333333,True,True,偏多,False,4381.298,3577.698,0.09616717851848608617874991400,0.1048873821750470674330891873,-13.58373684210526315789473684,0.4221894615016165233616655102,True,0.578183
2025-11-04,0,3934.328,3595.594675,3359.019908333333333333333333,True,True,偏多,False,4381.298,3579.365,0.1136077114058614330071107442,0.09022201504297557295680482156,-17.21173308270676691729323308,0.6256907368429054443243877454,False,0.578183
2025-11-05,0,3973.515,3600.583258333333333333333333,3364.065616666666666666666667,True,True,偏多,False,4381.298,3611.465,0.1026252574861300385175342235,0.09111580049402103678984475961,-18.65908270676691729323308271,0.7022258025021147173824288612,True,0.578183
2025-11-06,0,3988.875,3605.752341666666666666666667,3369.185783333333333333333333,True,True,偏多,False,4381.298,3611.465,0.09837936761618250759926044311,0.09461564977593933126508100655,-19.12562556390977443609022556,0.7259999140627160939083304730,True,0.578183
2025-11-07,0,4000.289,3611.021375,3374.2038,True,True,偏多,False,4381.298,3611.465,0.09524536852212427652102135621,0.09719897737388473682776419404,-18.41252481203007518796992481,0.6933812602640412925949019924,True,0.578183
2025-11-09,0,4011.635,3616.347516666666666666666667,3379.260258333333333333333333,True,True,偏多,False,4381.298,3626.148,0.09214771533302506334698944445,0.09609224169197845766127775832,-14.76084812030075187969924812,0.6055335546078477451375180416,True,0.578183
2025-11-10,0,4119.705,3622.812575,3384.790091666666666666666667,True,True,偏多,False,4381.298,3626.148,0.06349799318155062073619348958,0.1198039665461483285817795206,-10.83944210526315789473684211,0.3809899686012410131400204039,True,0.578183
2025-11-11,0,4142.405,3629.632491666666666666666667,3390.326995833333333333333333,True,True,偏多,False,4381.298,3626.148,0.05767012158395907691304930348,0.1246273601929314009615187313,-6.605742857142857142857142857,0.1627685441182187375127982454,True,0.578183
2025-11-12,0,4190.975,3636.733908333333333333333333,3395.951745833333333333333333,True,True,偏多,False,4381.298,3627.465,0.04541258299083148909263357572,0.1344579721902421274285816546,0.3960240601503759398496240602,0.0010469325377302550494688824,True,0.578183
2025-11-13,0,4185.725,3643.9608,3401.4381625,True,True,偏多,False,4381.298,3627.465,0.04672380531449151580670015350,0.1333723548489210351850635195,3.3565,0.0635180132566587021943180719,True,0.578183
2025-11-14,0,4082.019,3650.699833333333333333333333,3406.538929166666666666666667,True,True,偏多,False,4381.298,3627.465,0.07331641523471595796099920162,0.1113551896745213581808413925,4.611561654135338345864661654,0.1203502823451911766994261852,False,0.578183
2025-11-16,0,4096.198,3657.638275,3411.689191666666666666666667,True,True,偏多,False,4381.298,3631.938,0.06960112767986313161619628739,0.1133392477609724920523861395,6.615076691729323308270676692,0.2549169253372794254760516105,False,0.578183
2025-11-17,0,4036.345,3663.672,3416.5606375,True,True,偏多,False,4381.298,3683.365,0.08546172341561486939297805316,0.08745040376875613952722079010,7.646356390977443609022556391,0.3567123236172277743245741744,False,0.578183
2025-11-18,0,4076.635,3669.828333333333333333333333,3421.389720833333333333333333,True,True,偏多,False,4381.298,3685.235,0.07473394110583851632535166872,0.09601055772714505958958798126,8.618042105263157894736842105,0.4498083131918870644110130303,False,0.578183
2025-11-19,0,4104.165,3676.120558333333333333333333,3426.413845833333333333333333,True,True,偏多,False,4381.298,3717.348,0.06752481929941900484020501125,0.09424986568522464374604822175,8.922787969924812030075187970,0.4729335500429176790332789508,False,0.578183
2025-11-20,0,4078.675,3682.354116666666666666666667,3431.302083333333333333333333,True,True,偏多,False,4381.298,3717.348,0.07419639956603553850208707485,0.08858930902805445395869982286,8.172421052631578947368421053,0.4180010377081627352735573443,False,0.578183
2025-11-21,0,4064.279,3688.421041666666666666666667,3436.02435,True,True,偏多,False,4381.298,3721.915,0.07800128878947532883446239788,0.08423732721105022563657662282,6.854178947368421052631578947,0.3239071996865213731963442001,False,0.578183
2025-11-23,0,4074.905,3694.639791666666666666666667,3440.994433333333333333333333,True,True,偏多,False,4381.298,3734.275,0.07519021915848344930740716655,0.08359213282272838262487100926,6.844016541353383458646616541,0.3230346997852964552881029183,False,0.578183
2025-11-24,0,4143.498,3701.382291666666666666666667,3446.2628625,True,True,偏多,False,4381.298,3755.898,0.05739112218709891980157827999,0.09354415037728991301552456403,7.205663909774436090225563910,0.3458285924722972056449125927,True,0.578183
2025-11-25,0,4133.505,3708.311541666666666666666667,3451.405904166666666666666667,True,True,偏多,False,4381.298,3763.665,0.05994742960272214500768718073,0.08947370330990285484110942167,6.862557142857142857142857143,0.3251261021566864762597932877,False,0.578183
2025-11-26,0,4164.248,3715.3684,3456.5328625,True,True,偏多,False,4381.298,3792.875,0.05212225592712057495134775835,0.08918128795403155623776489777,7.003109774436090225563909774,0.3331710478111492560798234134,True,0.578183
2025-11-27,0,4163.025,3722.363983333333333333333333,3461.649279166666666666666667,True,True,偏多,False,4381.298,3819.095,0.05243134499552608980248737396,0.08261540586472577032326253145,5.886203759398496240601503759,0.2847910517710688498697894271,True,0.578183
2025-11-28,0,4218.959,3729.565933333333333333333333,3466.973254166666666666666667,True,True,偏多,False,4381.298,3819.095,0.03847844930467444694295441127,0.09477788241127728427794628959,5.843191729323308270676691729,0.2831008000809189960116923249,True,0.578183
2025-11-30,0,4221.805,3736.685158333333333333333333,3472.335129166666666666666667,True,True,偏多,False,4381.298,3837.785,0.03777839099626818386922181389,0.09096109365543884665445230180,5.714274436090225563909774436,0.2776599846432144968443619260,True,0.578183
2025-12-01,0,4227.248,3744.036825,3477.712683333333333333333333,True,True,偏多,False,4381.298,3883.248,0.03644214865084802216477481331,0.08137682009666809233808851527,5.493064661654135338345864662,0.2680209102099204259914443466,True,0.578183
2025-12-02,0,4212.435,3751.3838,3482.973683333333333333333333,True,True,偏多,False,4381.298,3886.199,0.04008679065671042995322183013,0.07744594278606079381640310177,4.898096240601503759398496241,0.2384045940391276430152562616,True,0.578183
2025-12-03,0,4206.985,3758.556383333333333333333333,3488.342766666666666666666667,True,True,偏多,False,4381.298,3886.199,0.04143418624026470263145696978,0.07625080669410516082182370510,5.629684210526315789473684211,0.2961490941661394641577771095,True,0.578183
2025-12-04,0,4205.915,3765.771883333333333333333333,3493.704933333333333333333333,True,True,偏多,False,4381.298,3886.199,0.04169913086688627801560421454,0.07601580155566624622703977612,6.573159398496240601503759398,0.3823231761221241253226940037,False,0.578183
2025-12-05,0,4197.405,3772.836466666666666666666667,3499.211558333333333333333333,True,True,偏多,False,4381.298,3886.199,0.04381111663039425549833766339,0.07414247612512969322712485452,8.066454135338345864661654135,0.5709173618217757739615113637,False,0.578183
2025-12-07,0,4200.665,3779.934525,3504.810170833333333333333333,True,True,偏多,False,4381.298,3886.199,0.04300104864348859049698083518,0.07486100415053330841664355525,9.513756390977443609022556391,0.7793806683884856597405879569,False,0.578183
2025-12-08,0,4194.535,3786.5865,3510.326533333333333333333333,True,True,偏多,False,4381.298,3886.199,0.04452531687064239540258932158,0.07350898252130450693581052489,9.213557894736842105263157895,0.7528684239787400251569445210,False,0.578183
2025-12-09,0,4210.448,3793.112691666666666666666667,3515.825795833333333333333333,True,True,偏多,False,4381.298,3886.199,0.04057762974391323678620422340,0.07701056989660007676142776256,9.195369924812030075187969925,0.7512835167916736822839393744,False,0.578183
2025-12-10,0,4232.225,3800.132191666666666666666667,3521.3180875,True,True,偏多,False,4381.298,3886.199,0.03522331634069549704942435716,0.08175983082184902740284365789,8.371430075187969924812030075,0.7269206497456010043996612384,False,0.578183
2025-12-11,0,4275.905,3807.6885,3526.9753375,True,True,偏多,False,4381.298,3886.199,0.02464811542819590238791554069,0.09114000427979573914761904205,8.513091729323308270676691729,0.7303457076111942676102158926,True,0.578183
2025-12-12,0,4298.705,3815.714583333333333333333333,3532.761366666666666666666667,True,True,偏多,False,4381.298,3886.199,0.01921346079807756056765932996,0.09596052764727982031797948452,9.115497744360902255639097744,0.7489171131076442794561726462,True,0.578183
2025-12-14,0,4301.975,3823.786058333333333333333333,3538.56395,True,True,偏多,False,4381.298,3886.199,0.01843874034600387031537840178,0.09664770250873145473881182480,9.069603007518796992481203008,0.7483068058709492132953155131,True,0.578183
2025-12-15,0,4303.965,3832.049058333333333333333333,3544.347520833333333333333333,True,True,偏多,False,4381.298,3886.199,0.01796785057499305872608164797,0.09706538041085371279738566647,8.489042105263157894736842105,0.7505878213862354248041603324,True,0.578183
2025-12-16,0,4307.695,3840.219866666666666666666667,3550.277895833333333333333333,True,True,偏多,False,4381.298,3886.199,0.01708640003528569223215664062,0.09784722455977036442923651744,7.769115789473684210526315789,0.7616230450452775027263958502,True,0.578183
2025-12-17,0,4338.648,3848.999641666666666666666667,3556.209145833333333333333333,True,True,偏多,False,4372.108,3886.199,0.007712079892169173438361443473,0.1042834081031694666172503508,8.224362406015037593984962406,0.7674619711603230087972498933,True,0.578183
2025-12-18,0,4334.865,3857.720558333333333333333333,3562.029729166666666666666667,True,True,偏多,False,4374.395,3886.199,0.009119084446689804642128416917,0.1035017238137750541250996282,8.174323308270676691729323308,0.7669191958222547431164598514,True,0.578183
2025-12-19,0,4338.669,3865.855925,3567.6650375,True,True,偏多,False,4374.395,3886.199,0.008234322553760150866544555485,0.1042877435453130902587867385,8.361245864661654135338345865,0.7734518127971523185380556691,True,0.578183
2025-12-21,0,4354.915,3874.131841666666666666666667,3573.3780375,True,True,偏多,False,4374.395,3886.199,0.004473106822980471490258707690,0.1076291959774186178145842112,8.498656390977443609022556391,0.7764328932184725184006278865,True,0.578183
2025-12-22,0,4459.865,3883.154066666666666666666667,3579.502829166666666666666667,True,True,偏多,False,4461.598,3886.199,0.0003885767842748603377008048450,0.1286285571424247146494344560,10.72996466165413533834586466,0.7843969869134477337496347200,True,0.578183
2025-12-23,0,4503.125,3892.4879,3585.767858333333333333333333,True,True,偏多,False,4510.175,3886.199,0.001565579458709229701596113810,0.1369995281054823039555863983,13.26194511278195488721804511,0.8067572414846104577686324982,True,0.578183
2025-12-24,0,4479.029,3901.7306,3591.7991125,True,True,偏多,False,4525.765,3886.199,0.01043440442113681335843103494,0.1323568121572778385672430341,15.11260150375939849624060150,0.8631429711519710523714090465,True,0.578183
2025-12-25,0,4494.785,3910.8529,3597.819570833333333333333333,True,True,偏多,False,4525.765,3915.065,0.006892432007315144105891605494,0.1289761356772348399311646719,16.57583609022556390977443609,0.8981437190921003780895435889,True,0.578183
2025-12-26,0,4532.365,3920.301116666666666666666667,3604.0117375,True,True,偏多,True,4549.715,3915.065,0.003828023559444131264803253930,0.1361982099852946530122794612,18.06528872180451127819548872,0.9209125172689208244499003332,True,0.578183
2025-12-28,0,4526.448,3929.761058333333333333333333,3610.277333333333333333333333,True,True,偏多,False,4549.715,3928.475,0.005140233578293620074725259188,0.1321064552160988041837661672,18.96402481203007518796992481,0.9385289606101350563040819379,True,0.578183
2025-12-29,0,4345.455,3938.066116666666666666666667,3615.78125,True,True,偏多,False,4549.715,3928.475,0.04700543441365748811114141097,0.09595773054835454515119820594,16.66077368421052631578947368,0.7951578677988425656272916260,False,0.578183
2025-12-30,0,4338.655,3946.301283333333333333333333,3621.319,True,True,偏多,False,4549.715,3928.475,0.04864641230980568862931023555,0.09454081967798776348891534358,14.08922180451127819548872180,0.6329819221612397499050535577,False,0.578183
