trading_day_utc,label_traded,feature_close,feature_sma_120,feature_sma_240,feature_above_sma_120,feature_above_sma_240,feature_trend_label,feature_volume_backed_candle,feature_resistance,feature_support,feature_distance_to_resistance_pct,feature_distance_to_support_pct,feature_trendline_slope,feature_trendline_r_squared,feature_trendline_price_above,feature_rsi_14,feature_macd_line,feature_macd_signal,feature_macd_histogram,feature_bb_middle_20,feature_bb_upper_20,feature_bb_lower_20,feature_atr_14,sample_weight
2021-01-03,0,1913.035,1896.182125,1830.3818,True,True,偏多,False,1965.415,1764.245,0.02738057589118860867678845395,0.07777693560232823759105296035,3.583918796992481203007518797,0.7826341287412834197897476743,True,65.51584775973427922644127291,12.514022367323431997438583,8.125156345105170247688545341,4.388866022218261749750037659,1869.1435,1915.863688922991311037607980,1822.423311077008688962392020,21.51605812866148307734958538,0.578183
2021-01-04,0,1941.668,1896.162708333333333333333333,1831.698133333333333333333333,True,True,偏多,True,1965.415,1764.245,0.01223020619384982396578611792,0.09137658961264232608252286179,4.069159398496240601503759398,0.7657323603570063822027725440,True,71.55112314139871655708868825,16.182234388379824890872202,9.736571953760101176325276673,6.445662434619723714546925327,1874.514,1928.142052080977172109875421,1820.885947919022827890124579,22.52469683375709142896747214,0.578183
2021-01-05,0,1950.108,1896.309983333333333333333333,1833.047966666666666666666667,True,True,偏多,False,1965.415,1764.245,0.007849308858791410527006709372,0.09530908031760292250480486209,4.549294736842105263157894737,0.7643362415873712884433626100,True,73.04846615512954342162333341,19.545053101305718754492590,11.69826818326922469195873934,7.84678491803649406253385066,1880.193,1940.203558520980289239932898,1820.182441479019710760067102,22.26628991706015632689836699,0.578183
2021-01-06,0,1923.985,1895.81215,1834.2879125,True,True,偏多,False,1965.415,1764.245,0.02153343191345046868868520285,0.08302559531389277982936457405,4.524447368421052631578947368,0.7619520603063817307140741582,False,62.14578865048005737159008031,19.873118439338191510839133,13.33323823448301805573481807,6.53988020485517345510431493,1884.44235,1944.218444553843177619281502,1824.666255446156822380718498,24.85226920869871658926276935,0.578183
2021-01-07,0,1916.425,1895.072733333333333333333333,1835.5394,True,True,偏多,False,1965.415,1764.245,0.02556322318901078831678776889,0.07940827321705780294037074240,4.246431578947368421052631579,0.7305550211240174661799732186,False,59.38348647610509969967462022,19.300598479798525533494241,14.52671028354611955128670266,4.77388819625240598220753834,1888.3687,1945.664592170730704138885094,1831.072807829269295861114906,24.56374997950595111860114297,0.578183
2021-01-08,0,1848.508,1894.4139,1836.663858333333333333333333,False,True,盤整,False,1959.225,1764.245,0.05989533180272955269871701935,0.04558433071428416863762558777,2.712245112781954887218045113,0.3433621783503441452394339377,False,41.52598178913488098428478442,13.214212773836695773084490,14.26421078160423479564626013,-1.04999800776753902256177013,1889.4307,1942.810694908579749695015313,1836.050705091420250304984687,29.1313392666840974672724899,0.578183
2021-01-10,0,1844.665,1893.514208333333333333333333,1837.7207625,False,True,盤整,False,1959.225,1764.245,0.06210341715162373655921264837,0.04359599168412692819563443769,1.485750375939849624060150376,0.0987447758412576846029525121,False,40.77873272531799049898731078,7.988523542398376778198395,13.00907333376306319215668710,-5.02054979136468641395829210,1889.0512,1943.578576799549050010414187,1834.523823200450949989585813,28.13645789049237621961016919,0.578183
2021-01-11,0,1847.175,1892.74385,1838.698679166666666666666667,False,True,盤整,True,1959.225,1764.245,0.06066019732835275488245564172,0.04489558379687901795985762042,0.4982105263157894736842105263,0.0103182948069528149758224100,False,41.51893222028233426437200096,4.003513192497718001256886,11.20796130550999415397672688,-7.20444811301227615271984088,1888.1902,1944.753501903619452686043595,1831.626898096380547313956405,28.87371089831434934678087139,0.578183
2021-01-12,0,1858.745,1892.108183333333333333333333,1839.70575,False,True,盤整,False,1959.225,1764.245,0.05405797998111629083064110462,0.05084075545596625680230478091,0.004219548872180451127819548872,0.0000007042735805652435944820,False,44.93547828049198241835221071,1.758692967447370321302634,9.318107637897469387441908304,-7.559414670450099066139274304,1886.9502,1944.935931919498955307829707,1828.964468080501044692170293,28.75273154843475296486795201,0.578183
2021-01-13,0,1848.265,1891.430516666666666666666667,1840.6603625,False,True,盤整,False,1959.225,1764.245,0.06003468117396585446351037324,0.04545884924510283969019594052,-0.6449345864661654135338345865,0.0151829300613331391927746989,False,42.51275483706030010465373724,-0.856122798246746753548164,7.283261550668626159243893844,-8.139384348915372912792057844,1885.32155,1945.683559948228198475495436,1824.959540051771801524504564,28.20496500926084203880595544,0.578183
2021-01-14,0,1846.758,1890.740458333333333333333333,1841.434354166666666666666667,False,True,盤整,False,1959.225,1764.245,0.06089969557462320455630894790,0.04467992016279339252896156399,-1.232893233082706766917293233,0.0514832071387865960648508983,False,42.16074130037594906182219010,-3.015227767970094926111631,5.223563686940881942172788876,-8.238791454910976868284419876,1883.5107,1946.174754707942415430204503,1820.846645292057584569795497,28.25275322288506760746267291,0.578183
2021-01-15,0,1827.478,1889.692125,1842.184895833333333333333333,False,False,偏空,False,1959.225,1764.245,0.07209224953734053159600279730,0.03460123733363684815904760550,-2.104976691729323308270676692,0.1302613891980054376303368637,False,37.84346832604604204420632475,-6.210478353730893694631593,2.936755278806526814811912500,-9.147233632537420509443505500,1880.93585,1948.197150324257781925541811,1813.674549675742218074458189,28.6356279926789913497867677,0.578183
2021-01-17,0,1810.325,1888.7126,1842.865133333333333333333333,False,False,偏空,False,1959.225,1764.245,0.08225042464750804413572148647,0.02545399306754312071036968500,-3.378821804511278195488721805,0.2793251751220256952322591288,False,34.46232496245046245082468494,-10.011435612047976562336616,0.347117100635626139382206800,-10.35855271268360270171882280,1878.24485,1951.973463821975522070083165,1804.516236178024477929916835,28.53594027891620625337342715,0.578183
2021-01-18,0,1837.185,1887.652241666666666666666667,1843.511120833333333333333333,False,False,偏空,False,1959.225,1764.245,0.06642771413875031638076731521,0.03970204415995122973462117315,-4.055657142857142857142857143,0.3801889544766630832395564805,False,43.04383984417023535824395441,-10.732625080962523235754095,-1.868831335684003735645053560,-8.863793745278519500109041440,1876.4777,1952.333240346371536475956527,1800.622159653628463524043473,28.67244454470790580670389664,0.578183
2021-01-19,0,1840.785,1886.550575,1844.157025,False,False,偏空,False,1959.225,1764.245,0.06434211491293116795280274448,0.04158008675646531235315368172,-4.523753383458646616541353383,0.4541746795424256454877332634,True,44.10032497296201114269095871,-10.888170960243578056970022,-3.672699260595918599910047248,-7.215471699647659457059974752,1874.5607,1951.973590221461180114545173,1797.147809778538819885454827,27.51669850580019824908218974,0.578183
2021-01-20,0,1869.815,1885.734383333333333333333333,1844.793720833333333333333333,False,True,盤整,True,1959.225,1764.245,0.04781756483930228391578846036,0.05646013108248677008153213018,-4.377802255639097744360902256,0.4278750515403970245499394995,True,51.85560736551199297086199624,-8.570172193751600175507058,-4.652193847227054915029449398,-3.917978346524545260477608602,1873.64655,1950.829874150945973622587912,1796.463225849054026377412088,28.39950575538589837414774761,0.578183
2021-01-21,0,1869.431,1884.875741666666666666666667,1845.395191666666666666666667,False,True,盤整,False,1959.225,1764.245,0.04803279714522761203810143300,0.05626631846802583245918143007,-4.391312030075187969924812030,0.4304268118826551645372573764,True,51.75332624603142921888727981,-6.687042992725103542731151,-5.059163676326664640569789718,-1.627879316398438902161361282,1873.28785,1950.479524106149556937528467,1796.096175893850443062471533,27.56982677285833420456576564,0.578183
2021-01-22,0,1855.198,1884.130991666666666666666667,1845.977358333333333333333333,False,True,盤整,False,1959.225,1764.245,0.05607326010485134201308970794,0.04902603387886360377706314905,-4.564946616541353383458646617,0.4609472458687968940131536496,True,47.97608711483102795051173709,-6.270847259810040898331439,-5.301500393023339892122119574,-0.969346866786701006209319426,1872.11485,1949.656655935314661073381544,1794.573044064685338926618456,27.93169628908273890423963952,0.578183
2021-01-24,0,1856.742,1883.538383333333333333333333,1846.5665,False,True,盤整,False,1959.225,1764.245,0.05519506748918266511987125837,0.04981682969416321707593192808,-4.423561654135338345864661654,0.4380750754167943219548572740,True,48.41591973349013647871718889,-5.750137243881601038493129,-5.391227763194992121396321459,-0.358909480686608917096807541,1870.20305,1947.279842412437610467073003,1793.126257587562389532926997,26.32786083986254326822252241,0.578183
2021-01-25,0,1855.395,1882.889191666666666666666667,1847.2889875,False,True,盤整,False,1959.225,1764.245,0.05596112957079220327746921814,0.04912700530075805960455859803,-4.199916541353383458646616541,0.4034576366217160283207778823,True,48.03437841286368915804625919,-5.384097918081466093736697,-5.389801794172286915864396567,0.005703876090820822127699567,1868.08455,1944.339406966556563071658088,1791.829693033443436928341912,25.92658506558664732049234224,0.578183
2021-01-26,0,1851.245,1882.197775,1848.021891666666666666666667,False,True,盤整,False,1959.225,1764.245,0.05832831418855959097796347863,0.04699540039270869063792204705,-3.730737593984962406015037594,0.3409595932734015098955571191,True,46.81043523557768248688264179,-5.367011860339691238514573,-5.385243807405767780394431854,0.018231947066076541879858854,1864.99505,1938.678349788961677581370721,1791.311750211038322418629279,25.02875756090188679760003208,0.578183
2021-01-27,0,1839.817,1881.44235,1848.6425125,False,False,偏空,False,1959.225,1764.245,0.06490210711173991761137113093,0.04107582438905608546937005148,-2.879798496240601503759398496,0.2579195237914566267347834794,True,43.52175041981595771023363887,-6.204098147176309899083967,-5.549014675359876204132338883,-0.655083471816433694951628117,1859.9025,1925.297690907283082875341501,1794.507309092716917124658499,24.80306059226603774062860121,0.578183
2021-01-28,0,1843.775,1880.722908333333333333333333,1849.2939875,False,False,偏空,True,1959.225,1764.245,0.06261610012067632981247711895,0.04313433038196092256376184730,-1.685893984962406015037593985,0.1460612507724008988289245470,True,44.96392316499629476023548365,-6.473495116667377967631681,-5.733910763621376556832207306,-0.739584353046001410799473694,1854.58585,1905.458993505291669758641888,1803.712706494708330241358112,25.17355626424703504486941541,0.578183
2021-01-29,0,1847.048,1879.887575,1849.858529166666666666666667,False,False,偏空,True,1959.225,1776.75,0.06073312658902205032029487052,0.03805964977629168272833191124,-0.6978015037593984962406015038,0.0410661496779988940141732419,True,46.18761812092230848887335241,-6.349695077189811605751609,-5.857067626335063566616087645,-0.492627450854748039135521355,1850.739,1890.450448510473651570406738,1811.027551489526348429593262,25.95430224537224682737874288,0.578183
2021-01-31,0,1855.897,1879.154983333333333333333333,1850.390441666666666666666667,False,True,盤整,False,1959.225,1802.948,0.05567550354356949766069992031,0.02853013933424107049044208811,0.4130315789473684210526315789,0.0332318209432081688171884053,True,49.45950348406744988409104354,-5.474436412901805919312788,-5.780541383648412037155427716,0.306104970746606117842639716,1847.7126,1873.842154695019201570534067,1821.583045304980798429465933,25.51392351355994348256597553,0.578183
2021-02-01,1,1857.585,1878.477125,1850.9316375,False,True,盤整,True,1959.225,1802.948,0.05471620410371530777864808340,0.02941292053930237378101136691,0.5666248120300751879699248120,0.0608893635337772507690018144,True,50.08299041397277302435240402,-4.591650434751353533421259,-5.542763193869000336408593973,0.951112759117646802987334973,1848.16645,1874.648444513064910005726875,1821.684455486935089994273125,25.31607183401994751952554871,3.697619
2021-02-02,1,1836.325,1877.590375,1851.395708333333333333333333,False,False,偏空,False,1959.225,1802.948,0.06692715069500224633439069881,0.01817597647475256286332757001,0.3421751879699248120300751880,0.0214435630834842834907098067,False,42.90403169921813583529566689,-5.543636914151980826145316,-5.542937937925596434355938378,-0.000698976226384391789377622,1847.74945,1874.697407892760631222961639,1820.801492107239368777038361,25.98335241730423698241658094,3.697619
2021-02-03,0,1834.225,1876.566266666666666666666667,1851.915779166666666666666667,False,False,偏空,False,1959.225,1802.948,0.06814867314533386034973899058,0.01705188839973285720127029127,0.1398984962406015037593984962,0.0034203855728174064052441907,False,42.25965786338490224091773991,-6.393841285031082199918919,-5.713118607346693587468534502,-0.680722677684388612450384498,1847.10195,1874.688750477583477821168488,1819.515149522416522178831512,25.22861295892536291224396801,0.578183
2021-02-04,0,1795.775,1875.2491,1852.294945833333333333333333,False,False,偏空,False,1959.225,1784.888,0.09101919783937297267196614275,0.006062563517144408403057175871,-0.4095060150375939849624060150,0.0182641815103691820100062447,False,32.60416223719257008953828057,-10.054327999708086612990330,-6.581360485818972192572893602,-3.472967513889114420417436398,1843.95345,1878.898526737503381822502858,1809.008373262496618177497142,26.97992631900212270422654172,0.578183
2021-02-05,0,1814.048,1874.03535,1852.714,False,False,偏空,False,1959.225,1784.888,0.08002930462699994707968036127,0.01607454709026442519712819065,-0.7686496240601503759398496241,0.0567524037596229663699874596,False,39.66005102275281540286458881,-11.349976246253225835619038,-7.535083637905822921182122482,-3.814892608347402914436915518,1842.2426,1879.452808983019700315465433,1805.032391016980299684534567,26.70357443907339965392464589,0.578183
2021-02-07,0,1817.885,1872.959241666666666666666667,1853.255791666666666666666667,False,False,偏空,False,1959.225,1784.888,0.07774969263732304298676758981,0.01815131320188020694378357267,-1.045319548872180451127819549,0.0974804684049623071181052537,False,41.05554584477438988233255404,-11.929655342591973365192880,-8.413997978843053009984273986,-3.515657363748920355208606014,1840.79895,1879.410398035394891156985380,1802.187501964605108843014620,25.1268905505681568215014569,0.578183
2021-02-08,0,1830.378,1871.964741666666666666666667,1853.803958333333333333333333,False,False,偏空,False,1959.225,1784.888,0.07039365639228618350963571459,0.02485278997015916930819754171,-1.404521052631578947368421053,0.1776358974927439301513217856,True,45.47697676311193645138544200,-11.251276795933248798731441,-8.981453742261092167733707389,-2.269823053672156630997733611,1840.94395,1879.375571321380652883656351,1802.512328678619347116343649,25.56946979695614561996563855,0.578183
2021-02-09,0,1836.035,1871.0288,1854.3735,False,False,偏空,False,1959.225,1784.888,0.06709567083416165813832524979,0.02785731208827718425847001827,-1.958106015037593984962406015,0.3960144469901345027270631440,True,47.40096234895495327816551618,-10.140293298739852072315995,-9.213221653556844148650164911,-0.927071645183007923665830089,1842.22945,1878.113917595186639469284359,1806.344982404813360530715641,25.07607909717356378996809294,0.578183
2021-02-10,0,1841.925,1870.403025,1854.950208333333333333333333,False,False,偏空,False,1959.225,1784.888,0.06368337473024145934280711755,0.03096597309879609647515506875,-2.042104511278195488721804511,0.4324980989556581181732205827,True,49.40294772441484806111763555,-8.684448184998702476721945,-9.107466959845215814264520929,0.423018774846513337542575929,1842.46645,1878.277057107252454398453942,1806.655842892747545601546058,24.80757344737545209068465773,0.578183
2021-02-11,0,1826.665,1869.757416666666666666666667,1855.4629875,False,False,偏空,False,1959.225,1784.888,0.07256940927865810096542058889,0.02287064130532965814749830976,-2.294388721804511278195488722,0.5265100236364439032519227338,True,44.66022306416187850698222821,-8.662182660728585813772510,-9.018410100021889814166118743,0.356227439293304000393608743,1841.76045,1878.226565052058945644331267,1805.294334947941054355668733,24.92096105827720551277861075,0.578183
2021-02-12,0,1823.648,1869.497666666666666666666667,1856.021291666666666666666667,False,False,偏空,False,1959.225,1784.888,0.07434384267139272491182508905,0.02125410166874309077190334977,-2.110171428571428571428571429,0.4867616713667186870657593653,True,43.76565388545416156574653464,-8.786696194012926481675118,-8.972067318820097147667918594,0.185371124807170665992800594,1839.4521,1874.332814470320128464098768,1804.571385529679871535901232,24.5851781255431194047229957,0.578183
2021-02-14,0,1820.762,1869.106391666666666666666667,1856.465641666666666666666667,False,False,偏空,False,1959.225,1784.888,0.07604673208250172180658427625,0.01970273984189037337114900245,-1.903821804511278195488721805,0.4450797561338515399204795758,True,42.88081984274072806036138634,-9.014338464318174281522744,-8.980521547919712574438883675,-0.033816916398461707083860325,1837.01865,1869.929052685321247828191027,1804.108247314678752171808973,23.26430825943289659009992458,0.578183
2021-02-15,0,1818.595,1868.753033333333333333333333,1856.953920833333333333333333,False,False,偏空,False,1959.225,1784.888,0.07732892700133894572458408827,0.01853463800351370151133154991,-1.879974436090225563909774436,0.4387017219758921758229309900,True,42.19106281321651962522445712,-9.262829263397007466229314,-9.036983091015171552796969740,-0.225846172381835913432344260,1835.1885,1867.922049019316558061377191,1802.454950980683441938622809,22.39185766947340397652135854,0.578183
2021-02-16,0,1788.265,1868.134841666666666666666667,1857.2958375,False,False,偏空,False,1959.225,1784.888,0.09560104346950815455203786911,0.001888422577190740745918529972,-2.209991729323308270676691729,0.4734390721160623889073833710,False,33.95781823480513023253806045,-11.771443658534019135543815,-9.583875204518941069346338792,-2.187568454015078066197476208,1831.76465,1868.805796501019646489599888,1794.723503498980353510400112,23.63322497879673226391269007,0.578183
2021-02-17,0,1778.085,1867.26515,1857.6304625,False,False,偏空,False,1959.225,1769.418,0.1018736449607302238081981458,0.004874345152228380532989142814,-2.603733082706766917293233083,0.5074362233532668724051949565,False,31.72038996959413236086776971,-14.414814553202230339302540,-10.55006307425559892333757903,-3.86475147894663141596496097,1827.89915,1870.052447020636475950791416,1785.745852979363524049208584,23.77349462316839424506178364,0.578183
2021-02-18,0,1771.446,1866.221633333333333333333333,1857.917883333333333333333333,False,False,偏空,False,1959.225,1768.305,0.1060032312585311660643338832,0.001773127716001503856171737665,-3.041587969924812030075187970,0.5488994900680554291983073841,False,30.31744229220366950705386787,-16.851167082606643899634275,-11.81028387592580791859691822,-5.04088320668083598103735678,1823.9092,1871.254817877898689431947746,1776.563582122101310568052254,23.58681643579922322755737052,0.578183
2021-02-19,0,1783.398,1865.353883333333333333333333,1858.189383333333333333333333,False,False,偏空,False,1959.225,1760.44,0.09859100436358008700245262134,0.01287317805672093385772553294,-3.369143609022556390977443609,0.6069399099470313888172598252,False,35.82070794983444839825233873,-17.614518299859598752889803,-12.97113076071256608545549518,-4.64338753914703266743430782,1821.08825,1870.962054161603714586160697,1771.214445838396285413839303,24.1138295475278501398747012,0.578183
2021-02-21,0,1783.151,1864.353575,1858.399645833333333333333333,False,False,偏空,False,1959.225,1760.44,0.09874317991017025479053652775,0.01273644239887704406413141680,-3.552892481203007518796992481,0.6370067458127742596858182930,False,35.75785742114037472132646443,-18.031553945287302996860489,-13.98321539762751346773649394,-4.04833854765978952912399506,1818.05705,1869.394686390761115756340538,1766.719413609238884243659462,22.87148457984728941559793683,0.578183
2021-02-22,0,1810.335,1863.6158,1858.685925,False,False,偏空,False,1959.225,1760.44,0.08224444646985226491229523817,0.02756119723697547691449372630,-3.205455639097744360902255639,0.5541849965901521868355437475,True,46.81757418647135946946814945,-15.984279263553597740747944,-14.38342817081273032233878395,-1.60085109274086741840916005,1816.2214,1865.879283979887826066002938,1766.563516020112173933997062,23.52280710985819731448379849,0.578183
2021-02-23,0,1805.705,1862.805716666666666666666667,1858.884370833333333333333333,False,False,偏空,False,1959.225,1760.44,0.08501942454609141581819843219,0.02506777131369742012122688922,-2.729233082706766917293233083,0.4612096048597666104345042739,True,45.38445143265808923713390535,-14.567476828992391654155518,-14.42023790244866258870213076,-0.14723892654372906545338724,1813.7118,1860.058335571065071788912416,1767.365264428934928211087584,23.30332088772546893487781289,0.578183
2021-02-24,0,1802.965,1861.890883333333333333333333,1859.1690375,False,False,偏空,False,1959.225,1760.44,0.08666834908054232888602940157,0.02358614837226457529680276655,-2.190024060150375939849624060,0.3632050833283048283359841284,True,44.51600130038046570562274820,-13.510010798165322593102700,-14.23819248159199458958224461,0.72818168342667199647954461,1810.9808,1852.888974880803387236406352,1769.072625119196612763593648,23.80308368145936401095796911,0.578183
2021-02-25,0,1769.775,1860.9728,1859.268108333333333333333333,False,False,偏空,False,1959.225,1760.44,0.1070475060389032504131881171,0.005274681809834583492251839923,-2.378506766917293233082706767,0.3912489071726172628077281442,False,35.62363407616369966823691375,-15.175186861783256262157014,-14.42559135763024692409719849,-0.74959550415300933805981551,1807.6533,1851.506737639938787357514856,1763.799862360061212642485144,24.87264913278369515303239989,0.578183
2021-02-26,0,1733.188,1859.692133333333333333333333,1859.2087875,False,False,偏空,False,1959.225,1717.09,0.1304168964936290812075781739,0.009288086462634174711571970265,-3.022743609022556390977443609,0.4357425639936132905395864364,False,28.79514341134174669798470427,-19.225496463059036130935669,-15.38557237871600476546489259,-3.83992408434303136547077641,1802.60145,1855.410960240012641117044374,1749.791939759987358882955626,27.2756741947277169278157999,0.578183
2021-02-28,0,1739.085,1858.390858333333333333333333,1859.263858333333333333333333,False,False,偏空,False,1959.225,1717.09,0.1265838070019579261508206902,0.01264745541477271093707323104,-4.037907518796992481203007519,0.6101208145393667198756220095,False,31.08796664724526786614544068,-21.709306020035113963956716,-16.65031910697982660516325727,-5.05898691305528735879345873,1799.76695,1859.384519650145920721040150,1740.149380349854079278959850,25.83169746653288000440038562,0.578183
2021-03-01,0,1724.905,1856.684916666666666666666667,1859.227429166666666666666667,False,False,偏空,False,1959.225,1717.09,0.1358451624872094405199126908,0.004530684298555572625738808804,-4.881873684210526315789473684,0.6959041812469834730814857095,False,28.69520175822883076380013948,-24.539079251055857406193073,-18.22807113579503276536922042,-6.31100811526082464082385258,1795.3098,1862.799521441416544047881267,1727.820078558583455952118733,26.85729050463767428980035808,0.578183
2021-03-02,0,1736.416,1855.080066666666666666666667,1859.252045833333333333333333,False,False,偏空,False,1959.225,1707.066,0.1283154497539760057497742476,0.01690263162744411477433978954,-5.366763157894736842105263158,0.7540335800581675921643065864,False,33.19058658240235830748185958,-25.558234013239564007304828,-19.69410371128393901375634194,-5.86413030195562499354848606,1791.23635,1862.512282300531853513192960,1719.960417699468146486807040,27.3231983257349832691003325,0.578183
2021-03-03,0,1710.374,1853.291391666666666666666667,1859.184154166666666666666667,False,False,偏空,False,1959.225,1701.797,0.1454950788540985772702344633,0.005014692692943180848165372018,-5.903913533834586466165413534,0.7807683666326646486804331668,False,28.77128761919499480416547388,-28.142879664372216597836204,-21.38385890190159453057231435,-6.75902076247062206726388965,1785.23615,1862.291838315075091541118202,1708.180461684924908458881798,27.91218415961105589273602304,0.578183
2021-03-04,0,1694.195,1851.631975,1859.106683333333333333333333,False,False,偏空,False,1959.225,1690.258,0.1564341767033901056253855076,0.002323817506249280631804485316,-6.402414285714285714285714286,0.7926434004828609553736583172,False,26.41787359983712189813607793,-31.137802842161363595000830,-23.33464768995354834345801748,-7.80315515220781525154281252,1778.14415,1861.077778957799742479731221,1695.210521042200257520268779,28.26459957678169475754059282,0.578183
2021-03-05,0,1699.398,1849.97525,1859.0586,False,False,偏空,False,1927.518,1687.138,0.1342357705493357059382204757,0.007214319423701804992120739226,-6.520293233082706766917293233,0.7962318057373225885683853797,False,28.44493204385210407553145800,-32.714351738239340717052878,-25.21058849961070681817698958,-7.50376323862863389887588842,1771.0178,1855.287837483319063728444089,1686.747762516680936271555911,27.71219960701157370343055048,0.578183
2021-03-07,0,1707.685,1848.320058333333333333333333,1859.0001,False,False,偏空,False,1916.548,1687.138,0.1223076855509066367626347951,0.01203207851565130571504697880,-6.546407518796992481203007519,0.7979789832540960011517421142,True,31.67350976320349152446452535,-32.915655269488589565189920,-26.75160185358628336757957566,-6.16405341590230619761034434,1765.0688,1849.583670591156915052543427,1680.553929408843084947456573,26.76704249222503272461408259,0.578183
2021-03-08,0,1684.554,1846.533275,1858.816179166666666666666667,False,False,偏空,False,1875.522,1676.696,0.1133641308025744499731086092,0.004664736185364197289015371428,-6.771684210526315789473684211,0.8067726348035280022613420912,False,27.89071907493206086911731292,-34.543472506000239351448971,-28.30997598406907456435345473,-6.23349652193116478709551627,1758.1141,1845.059565735482721606383761,1671.168634264517278393616239,27.53168231420895895857021955,0.578183
2021-03-09,0,1715.744,1844.992075,1858.716341666666666666666667,False,False,偏空,False,1875.522,1676.696,0.09312461532722830445567637130,0.02275863998358729507432344219,-6.387793984962406015037593985,0.7727001976542149460471313374,True,38.54823795158361168010025393,-32.937078916304235744085561,-29.23539657051610680029987598,-3.70168234578812894378568502,1752.8632,1836.668446903997604056841095,1669.057953096002395943158905,28.4547764346226047472437753,0.578183
2021-03-10,0,1726.584,1843.522566666666666666666667,1858.653616666666666666666667,False,False,偏空,False,1875.522,1676.696,0.08626165885934307279576319484,0.02889404743702015077169717778,-5.725340601503759398496240602,0.7017425193372955481542698999,True,41.76941565889299762000174438,-30.438427768635808578839749,-29.47600281014004715600785058,-0.96242495849576142283189842,1748.26265,1827.082980700333908203203520,1669.442319299666091796796480,27.77400668929241869386921992,0.578183
2021-03-11,0,1722.595,1841.955208333333333333333333,1858.637533333333333333333333,False,False,偏空,False,1875.522,1676.696,0.08877710663272562616285313727,0.02664526484751203852327447833,-5.460405263157894736842105263,0.6629940793692192106983976609,True,40.91939594888858937992862327,-28.452129259566404861580611,-29.27122810002531869712240266,0.81909884045891383554179166,1744.97915,1822.317672696713052743566280,1667.640627303286947256433720,27.26300621148581735859284707,0.578183
2021-03-12,0,1726.958,1840.336041666666666666666667,1858.747991666666666666666667,False,False,偏空,False,1875.522,1676.696,0.08602641175986908772535290378,0.02910435575155852082100433247,-5.195126315789473684210526316,0.6188016420553332182580943657,True,42.30243344093574421708017075,-26.223626105628081096074670,-28.66170770114587117691285613,2.43808159551779008083818613,1742.4228,1818.586178996995662442910877,1666.259421003004337557089123,27.46422005352254469012192942,0.578183
2021-03-14,0,1725.235,1838.838683333333333333333333,1858.802229166666666666666667,False,False,偏空,False,1875.522,1676.696,0.08711103125081510634783087521,0.02813471787901358365671922955,-4.982405263157894736842105263,0.5822874689427335322007387695,True,41.88543274386187061082853046,-24.316250402620812264455204,-27.79261624144085939442132570,3.47636583882004712996612170,1740.11225,1815.412453194612961150488501,1664.812046805387038849511499,25.94313290684236292654179161,0.578183
2021-03-15,0,1730.618,1837.416683333333333333333333,1858.9933125,False,False,偏空,False,1875.522,1676.696,0.08372962721987174523782833647,0.03115765582005965499029826339,-4.434578195488721804511278195,0.4948405128960341708420788484,True,43.75099630486534431029872086,-22.115346357214880134104282,-26.65716226459566354235791696,4.54181590738078340825363496,1737.47325,1810.175108594880502545871577,1664.771391405119497454128423,25.00890912778219414607452078,0.578183
2021-03-16,0,1731.585,1836.026433333333333333333333,1859.203104166666666666666667,False,False,偏空,False,1875.522,1676.696,0.08312442068971491437036010360,0.03169870378872535855877707418,-3.797468421052631578947368421,0.3955692218677464100020424251,True,44.09816287616036105776166467,-20.061824995632285101674308,-25.33809481080298785422119517,5.27626981517070275254688717,1734.89495,1804.526930067997491923799532,1665.262969932002508076200468,24.29634419008346599278348358,0.578183
2021-03-17,0,1748.384,1834.745066666666666666666667,1859.416420833333333333333333,False,False,偏空,False,1875.522,1676.696,0.07271743507147171330783168915,0.04100243424785401833922067463,-2.413609022556390977443609023,0.2089299872985221850310318130,True,49.88489465469579359732805764,-16.884224783615923921261373,-23.64732080536557506762923074,6.76309602174965114636785774,1731.7974,1792.693902767893001558121829,1670.900897232106998441878171,24.52374817650607556472752046,0.578183
2021-03-18,0,1735.114,1833.327975,1859.50775,False,False,偏空,False,1875.522,1676.696,0.08092148412150440835587748125,0.03366810480464107833836854524,-1.199266917293233082706766917,0.0744800374664169103312555933,True,45.84755208497965662718180068,-15.260814648462183122689855,-21.97001957398489667864135559,6.70920492552271355595150059,1728.26785,1778.946114138681782595861642,1677.589585861318217404138358,25.36440902104135588153269757,0.578183
2021-03-19,0,1744.858,1832.205833333333333333333333,1859.547054166666666666666667,False,False,偏空,False,1875.522,1676.696,0.07488517690264766531144654751,0.03906449693900592483743662808,0.2171639097744360902255639098,0.0042563440370111434241837695,True,49.10482529124727917677996390,-13.037700557974640524120264,-20.18355577078284544773713727,7.14585521280820492361687327,1725.3625,1763.750466778666462735724782,1686.974533221333537264275218,24.84887980525268760428036203,0.578183
2021-03-21,0,1738.088,1831.120358333333333333333333,1859.594483333333333333333333,False,False,偏空,False,1875.522,1676.696,0.07907194572426712571515366311,0.03532157175010701414427808028,1.100206766917293233082706767,0.1461571651681956842397964353,True,46.98998546195501464590051297,-11.687423700094376203028758,-18.48432935664515159879546142,6.79690565655077539576670342,1723.77815,1756.966837417703038772280618,1690.589462582296961227719382,23.72110267630606706111747903,0.578183
2021-03-22,0,1739.198,1829.960025,1859.633941666666666666666667,False,False,偏空,False,1875.522,1676.696,0.07838325481055061010879727323,0.03593725383768840580543445887,1.469066917293233082706766917,0.2537946916495639815485021855,True,47.39005926703963531699479790,-10.407777458734119242594914,-16.86901897706294512755535194,6.46124151832882588496043794,1724.07865,1757.708593070275929326750476,1690.448706929724070673249524,23.1517381994270622710376591,0.578183
2021-03-23,0,1727.045,1828.710191666666666666666667,1859.610679166666666666666667,False,False,偏空,False,1875.522,1676.696,0.08597170311138389561360589909,0.02915326468042233989270690688,1.748385714285714285714285714,0.3742814229154573722832257081,False,43.51755518136939294767338835,-10.256068552155751319262473,-15.54642889208150636589677615,5.29036033992575504663430315,1723.47665,1756.434884074507086672919035,1690.518415925492913327080965,22.76947118518227210882068345,0.578183
2021-03-24,0,1734.498,1827.374941666666666666666667,1859.654304166666666666666667,False,False,偏空,False,1875.522,1676.696,0.08130536904626007063715265166,0.03332491591226971723230583143,1.928386466165413533834586466,0.4458878616634799602929660571,False,46.40971953725685357657537213,-9.425788713074058486802441,-14.32230085628001679007790912,4.89651214320595830327546812,1723.9563,1757.261118438778494563060406,1690.651481561221505436939594,22.19265181481210981533349177,0.578183
2021-03-25,0,1727.218,1825.815466666666666666666667,1859.65765,False,False,偏空,False,1875.522,1676.696,0.08586293102549880790959797779,0.02925050572654986226405699802,2.171714285714285714285714286,0.5811081633182856361024242895,False,44.03769590089243113609415549,-9.248608910795534945851676,-13.30756246718312042123266250,4.05895355638758547538098650,1723.4964,1756.351290225961796690557577,1690.641509774038203309442423,22.30739097089695911423824236,0.578183
2021-03-26,0,1731.808,1824.374575,1859.6755375,False,False,偏空,False,1875.522,1676.696,0.08298494983277591973244147157,0.03182338919787874868345682662,2.083255639097744360902255639,0.5475234916743965533141626536,False,45.91465856429270270646033785,-8.638241727690759693587097,-12.37369831928464827570354940,3.73545659159388858211645240,1724.5681,1757.036957552430143981060621,1692.099242447569856018939379,21.79614875869003346322122505,0.578183
2021-03-28,0,1731.015,1822.58255,1859.708191666666666666666667,False,False,偏空,False,1875.522,1676.696,0.08348107902011247736154799352,0.03137985517167673301502297785,1.695778947368421052631578947,0.4424219355697693141117435110,False,45.62991436505066572681220687,-8.124851578788833103424397,-11.52392897118548524124771892,3.39907739239665213782332192,1726.4091,1755.811090578190450131025202,1697.007109421809549868974798,20.42570956164074535870542326,0.578183
2021-03-29,0,1711.858,1820.59555,1859.577316666666666666666667,False,False,偏空,False,1871.636,1676.696,0.09333601268329499292581510850,0.02054025509125172765498072854,1.061415037593984962406015038,0.1973236953934236797497252085,False,39.29073959279893338776675524,-9.158225660660100497417445,-11.05078830908040829248166414,1.89256264842030779506421914,1727.0321,1754.588433782998056869795465,1699.475766217001943130204535,20.90387316438069211879789303,0.578183
2021-03-30,0,1685.398,1818.319908333333333333333333,1859.312204166666666666666667,False,False,偏空,False,1871.636,1676.696,0.1105009024574610863428104222,0.005163172140942376815446559210,0.1611616541353383458646616541,0.0033662177415217956169296809,False,32.56190438351012847822410460,-11.974251215850864404421487,-11.23548089043449951486962871,-0.73877032541636488955185829,1725.91775,1757.952138221878063516776486,1693.883361778121936483223514,21.96202508121064268174090067,0.578183
2021-03-31,0,1707.358,1816.958575,1859.112204166666666666666667,False,False,偏空,False,1863.975,1676.696,0.09173061537182008694134446320,0.01795874093189594683716010350,-0.7570894736842105263157894737,0.1019570132278587940313185272,False,41.51407285860824900621242457,-12.292285468882364737209024,-11.44684180612407255933750777,-0.84544366275829217787151623,1727.05795,1754.402103045760989523170307,1699.713796954239010476829693,23.06973757540988249018797919,0.578183
2021-04-01,0,1728.805,1815.7278,1858.946620833333333333333333,False,False,偏空,False,1855.232,1676.696,0.07312970520099143628113060756,0.03014162962277411275418569474,-0.9107729323308270676691729323,0.1530146103333633759191711419,True,48.67936453277107946680144318,-10.690502784290151439681208,-11.29557400175728833540624782,0.60507121746713689572503982,1727.711,1754.562557727625412384117227,1700.859442272374587615882773,23.19525632002346231231740925,0.578183
2021-04-04,0,1727.968,1814.58205,1858.805175,False,False,偏空,False,1855.232,1676.696,0.07364951202800051852812089113,0.02967184577492175781032982092,-0.9248962406015037593984962406,0.1578539009966428423030940970,True,48.42999664690149729233212296,-9.380484979731692002134558,-10.91255619735216906875190986,1.53207121762047706661735186,1727.7802,1754.626916407039427733338116,1700.933483592960572266661884,21.8077380114503578614375943,0.578183
2021-04-05,0,1729.308,1813.362383333333333333333333,1858.653341666666666666666667,False,False,偏空,False,1855.232,1676.696,0.07281756633289153811813742838,0.03042373018571590485905344797,-0.9849421052631578947368421053,0.1803570609974680996387782805,True,48.88147606001933977511919692,-8.140323053314304214858583,-10.35810956854459609797324449,2.21778651523029188311466149,1728.11585,1754.862534147946264630634264,1701.369165852053735369365736,21.12861386777533229990633756,0.578183
2021-04-06,0,1743.155,1812.152941666666666666666667,1858.537745833333333333333333,False,False,偏空,False,1855.232,1676.696,0.06429548720567017849818289251,0.03812569737057232431998301930,-0.7883789473684210526315789474,0.1090957674904901297365458032,True,53.41963075888219710500215460,-5.971315013490831683917480,-9.480750657533843215162091592,3.509435644043011531244611592,1728.9257,1756.452573560940406949708015,1701.398826439059593050291985,20.89942716293423713562731345,0.578183
2021-04-07,0,1736.728,1810.872383333333333333333333,1858.394079166666666666666667,False,False,偏空,False,1855.232,1676.696,0.06823405852845120249112123487,0.03456614967916680101892754651,-0.7351917293233082706766917293,0.0938651025047103461887905419,True,51.14985632208543758548039814,-4.716595722877104411141203,-8.527919670602495454357913874,3.811323947725391043216710874,1729.50035,1757.174504030611306113692725,1701.826195969388693886307275,20.31639665129607734022536249,0.578183
2021-04-08,0,1754.055,1809.741608333333333333333333,1858.315108333333333333333333,False,False,偏空,False,1855.232,1676.696,0.05768177166622483331480483793,0.04410295002152156004230198027,-0.3667639097744360902255639098,0.0203140137461811455079816247,True,56.51433686866410789918365629,-2.297592338802222879351913,-7.281854204242440939356713699,4.984261865440218060004800699,1730.6722,1760.348827346111956729558811,1700.995572653888043270441189,20.68715403334635753020926517,0.578183
2021-04-09,0,1743.028,1808.57905,1858.149358333333333333333333,False,False,偏空,False,1855.232,1676.696,0.06437303359441156424337417414,0.03805561356444073187579315995,-0.1758398496240601503759398496,0.0045202217592988085634093120,True,52.55862621537614690720634531,-1.255825102403928541005866,-6.076648383874738459686544159,4.820823281470809918680678159,1731.24435,1761.406566531780286256316962,1701.082133468219713743683038,21.07164303096447484948003194,0.578183
2021-04-11,0,1741.678,1807.499325,1858.039233333333333333333333,False,False,偏空,False,1847.402,1676.696,0.06070238011848343953359920720,0.03730999645169773057936082330,0.2438383458646616541353383459,0.0090651645143106218575349492,True,52.07802872897111225937479042,-0.533006611181288491976845,-4.967920029336048466144604327,4.434913418154759974167759327,1730.90905,1760.444254278792452597834915,1701.373845721207547402165085,19.82438281446701236023145823,0.578183
2021-04-12,0,1731.868,1806.4066,1857.857358333333333333333333,False,False,偏空,False,1830.615,1676.696,0.05701762489981915480856508695,0.03185693135966482433996124416,0.3239315789473684210526315789,0.0160621306135012150719995370,False,48.60029507270892031816685102,-0.743185780608778043398816,-4.122973179590594381595446662,3.379787398981816338196630662,1730.74675,1760.223359756720666671221114,1701.270140243279333328778886,19.66692689914794004878635407,0.578183
2021-04-13,0,1746.545,1805.375158333333333333333333,1857.739554166666666666666667,False,False,偏空,False,1826.915,1676.696,0.04601656413089843090215253543,0.03999267124522986811104208595,0.7724300751879699248120300752,0.0902846584409717441578237310,True,53.59343954755365871472074620,0.271428098393716217377689,-3.244092923993732261800819530,3.515521022387448479178508530,1730.8311,1760.477913123167218426308357,1701.184286876832781573691643,20.07286069206594433101590021,0.578183
2021-04-14,0,1736.538,1804.246325,1857.578220833333333333333333,False,False,偏空,False,1826.915,1676.696,0.05204435491765800690799740633,0.03446051857200936576107174159,0.9685398496240601503759398496,0.1426043641162905646724422538,False,50.02520286199977792965762792,0.264981102188904413514522,-2.542278118757204926737751224,2.807259220946109340252273224,1730.7536,1760.332151779287639761507832,1701.175048220712360238492168,19.83287064263266259308619305,0.578183
2021-04-15,0,1763.845,1803.649491666666666666666667,1857.486958333333333333333333,False,False,偏空,False,1826.375,1676.696,0.03545096082705679920854723629,0.04940853646437186941029398842,1.574606766917293233082706767,0.3071627265838110177920122601,True,58.20308781053157743156242065,2.435246491462184004066006,-1.546773196713327140576999779,3.982019688175511144643005779,1731.98595,1764.751214408974330753751851,1699.220685591025669246248149,20.93602273958747240786575069,0.578183
2021-04-16,0,1775.748,1803.371908333333333333333333,1857.409720833333333333333333,False,False,偏空,False,1815.875,1676.696,0.02259723789636817836765126583,0.05578043731430360614231298585,2.121763909774436090225563910,0.4192977737961020050165131523,True,61.18475658462954952581587340,5.057371836431708651887642,-0.225944190084319982084071423,5.283316026516028633971713423,1734.4211,1772.209769417697151830474492,1696.632430582302848169525508,21.16416397247408152158962564,0.578183
2021-04-18,0,1776.675,1803.1093,1857.2748875,False,False,偏空,False,1815.875,1676.696,0.02206368638045787777730873683,0.05627309440387240209942730100,2.726605263157894736842105263,0.5594906553772490174487660284,True,61.41560921628304078112972432,7.128058396320291112125246,1.244856327196602236757792062,5.883202069123688875367453938,1736.52995,1778.568881639493408990920581,1694.491018360506591009079419,19.89722368872593284147608095,0.578183
2021-04-19,0,1772.005,1802.799775,1857.142625,False,False,偏空,False,1815.875,1676.696,0.02475726648626837960389502287,0.05378596561522117601248303475,3.086360902255639097744360902,0.6393467104888238820257231891,True,59.49587458905251784435460034,8.296624123910259807614820,2.655209886539333750929197650,5.641414237370926056685622350,1738.7693,1783.284088235371849289724715,1694.254511764628150710275285,20.14313628238836620994207517,0.578183
2021-04-20,0,1776.838,1802.718025,1857.054083333333333333333333,False,False,偏空,False,1815.875,1676.696,0.02196992635231799409963091739,0.05635966812956499129352253835,3.520284210526315789473684211,0.7353252398997271693875912018,True,60.85943420853794697323806758,9.503157111350716651002778,4.024799331501610330943913720,5.478357779849106320058864280,1741.0208,1788.364676130287431293386131,1693.676923869712568706613869,19.90598369078919719494621266,0.578183
2021-04-21,0,1793.468,1802.775108333333333333333333,1857.027166666666666666666667,False,False,偏空,False,1815.875,1676.696,0.01249367147894470378060829633,0.06510960886951983531348203592,4.111543609022556390977443609,0.8227959619786442365469074025,True,65.20060350039960781673634904,11.666758088845653304357984,5.553191082970418925626727776,6.113567005875234378731256224,1744.14345,1796.417319053189472135407464,1691.869580946810527864592536,19.9919848557328259667357689,0.578183
2021-04-22,0,1783.048,1802.811133333333333333333333,1856.947333333333333333333333,False,False,偏空,False,1815.875,1676.696,0.01841060924888169022931519510,0.05964617890264311448710298321,4.157552631578947368421052632,0.8281117030147062224594358102,False,60.66069443618079026011364611,12.397707480457405345541032,6.922094362467816209609588621,5.475613117989589135931443379,1747.70295,1800.391847982307430302366288,1695.014052017692569697633712,20.02255736603762411196892826,0.578183
2021-04-23,0,1776.818,1802.525075,1856.8125,False,False,偏空,False,1813.745,1676.696,0.02078265753723791632007329957,0.05634904644144757651036853521,3.589719548872180451127819549,0.8217144189127057383553075498,False,58.05777378971592071801628859,12.332124155019804747088536,8.004100320978213917105378097,4.328023834041590829983157903,1752.27395,1797.943411076194012823957703,1706.604488923805987176042297,20.44901755417779381825686196,0.578183
2021-04-25,0,1774.798,1802.061016666666666666666667,1856.653583333333333333333333,False,False,偏空,False,1804.105,1676.696,0.01651286512605941633921156098,0.05527502284767055180364187924,3.202292481203007518796992481,0.7846479387191609174365887649,False,57.20072977504467472524210560,11.979064579192399095912495,8.799093172621050952866801478,3.179971406571348143045693522,1755.64595,1797.337630126735118181112033,1713.954269873264881818887967,19.20837344316509425980994325,0.578183
2021-04-26,0,1779.975,1801.563158333333333333333333,1856.5778625,False,False,偏空,False,1797.748,1676.696,0.009984971699040716864000898889,0.05802272503827300945237994916,3.126045864661654135338345865,0.7707366650424501909517690585,False,58.87623985064047457501616235,11.978917451929418610279842,9.435058028482724484349409582,2.543859423446694125930432418,1758.20445,1799.269102904779312160911485,1717.139797095220687839088515,18.89284676865330181268066159,0.578183
2021-04-27,0,1775.385,1801.039633333333333333333333,1856.436766666666666666666667,False,False,偏空,False,1797.748,1676.696,0.01259614111868693269347212013,0.05558737963878257392058623904,2.894064661654135338345864662,0.7233445532898389134292272990,False,56.75479171845335890433064735,11.476136455333870724268164,9.843273713852953732333160466,1.632862741480916991935003534,1760.5753,1799.818231557670357102069833,1721.332368442329642897930167,18.38928628517806596891775719,0.578183
2021-04-28,0,1783.805,1800.610141666666666666666667,1856.3327125,False,False,偏空,False,1797.748,1676.696,0.007816437334798366413369174321,0.06004524037100467820193350731,2.732223308270676691729323308,0.6978621536286277623229223599,False,59.62855342054614630323921472,11.623118449963183682814363,10.19924266107499972242940097,1.42387578888818396038496203,1763.30015,1801.018891093917755515480424,1725.581408906082244484519576,18.60626583623677554256648882,0.578183
2021-04-29,0,1773.068,1799.85325,1856.146295833333333333333333,False,False,偏空,False,1797.748,1676.696,0.01391937590662061466339700451,0.05435324533520428996519028035,2.553682706766917293233082707,0.6416734822281342411667011384,False,54.64205875753623961419439728,10.749305272536426785005096,10.30925518336728513494453998,0.44005008916914165006055602,1764.7958,1801.560896478045586654695762,1728.030703521954413345304238,19.69488970507700586095459676,0.578183
2021-04-30,0,1768.428,1799.006858333333333333333333,1855.8353375,False,False,偏空,False,1797.748,1676.696,0.01657969677023887882345224120,0.05187205812167642674737111152,2.162395488721804511278195489,0.5240591694786119021814582615,False,52.59511366240762617267222612,9.572052153213053981479259,10.16181457733643890425148378,-0.58976242412338492277222478,1766.3808,1800.829337197390544641082623,1731.932262802609455358917377,18.93596901185721972802926842,0.578183
2021-05-02,0,1768.985,1798.462916666666666666666667,1855.4147125,False,False,偏空,False,1797.748,1676.696,0.01625960649751128471976868091,0.05217059500221878647925222656,2.004980451127819548872180451,0.4627250768141342132749390753,False,52.82358198899854362113030719,8.585052676213681511691447,9.846462197111887425739476424,-1.261409520898205914048029424,1767.1273,1801.119122081789025508996771,1733.135477918210974491003229,17.80932836815313260459860639,0.578183
2021-05-03,0,1792.468,1798.09575,1855.0262125,False,False,偏空,False,1797.798,1676.696,0.002973553781713257921480327682,0.06458804285487941765208639708,1.986475187969924812030075188,0.4590573249546344250882651434,True,61.29335044479005863456374167,9.587214878835669673405366,9.794612733456643875272654339,-0.207397854620974201867288339,1769.5993,1803.411661580345138619564604,1735.786938419654861380435396,18.72030491328505170427013451,0.578183
2021-05-04,0,1778.588,1797.592333333333333333333333,1854.515754166666666666666667,False,False,偏空,False,1798.878,1676.696,0.01140792583779942291300739688,0.05728814092977125674973630768,1.674022556390977443609022556,0.3765186548008206775426449614,False,55.00717512984487817500970917,9.155892218453060174196553,9.666868630455927135057434071,-0.510976412002866960860881071,1771.4448,1802.907346963651877876873955,1739.982253036348122123126045,19.40028313376469086825083919,0.578183
2021-05-05,0,1785.178,1797.153,1853.980933333333333333333333,False,False,偏空,False,1798.878,1676.696,0.007674304747201679608420000695,0.06076816989678340199128602302,1.245314285714285714285714286,0.3006984247309024654840485129,False,57.24899192775201204281877222,9.239318712814798484797094,9.581358646927701405005366057,-0.342039934112902920208272057,1774.1103,1800.300524077697388039963230,1747.920075922302611960036770,19.27312005278149866337577925,0.578183
2021-05-06,0,1814.638,1797.04775,1853.354779166666666666666667,True,False,盤整,False,1817.948,1677.788,0.001824055266119192918918263588,0.07541449038320590663261763503,1.389039849624060150375939850,0.3144433807378011777059685488,True,65.51996438910259034739603874,11.549475439590350739714361,9.974982005460231271947165046,1.574493434130119467767195954,1777.51495,1806.082256687715592206126546,1748.947643312284407793873454,20.47289719186853447313465216,0.578183
2021-05-07,0,1830.618,1796.867441666666666666666667,1852.832529166666666666666667,True,False,盤整,True,1843.175,1677.788,0.006859432169901093510497547823,0.08348546774914263926171380375,1.500650375939849624060150376,0.3133780239321541978812593988,True,69.02107096071794316519585295,14.502567172082987398242539,10.88049903878478249720623984,3.62206813329820490103629916,1782.21895,1813.134079710062676688345618,1751.303820289937323311654382,21.18390453530649629648217701,0.578183
2021-05-09,0,1836.155,1796.632108333333333333333333,1852.28985,True,False,盤整,False,1843.175,1677.788,0.003823206646497708526785592720,0.08624925455639638265832677525,1.981050375939849624060150376,0.3681636332882307561604118438,True,70.15199984225565969108011924,17.092669615807041903947037,12.12293315418923437855439927,4.96973646161780752539263773,1785.83445,1823.487563738308549081990729,1748.181336261691450918009271,20.11341135421317513244773579,0.578183
2021-05-10,0,1836.085,1796.236608333333333333333333,1851.786891666666666666666667,True,False,盤整,False,1845.296,1677.788,0.005016652279170081995114605261,0.08621441817780767230275286820,2.539655639097744360902255639,0.4597092274166091034508958468,True,70.11714995718010784264410397,18.921579853872246523471109,13.48266249412583680753774122,5.43891735974640971593336778,1788.8513,1832.048842740762465735561636,1745.653757259237534264438364,19.76931054319794833727289752,0.578183
2021-05-11,1,1835.448,1795.858358333333333333333333,1851.203058333333333333333333,True,False,盤整,False,1845.296,1677.788,0.005365447563755551778094503358,0.08589728502251221500146013398,3.013065413533834586466165414,0.5399839191925086135231387432,True,69.77744457299880671654216391,20.088041381087181806306536,14.80373827151810580729150018,5.28430310956907599901503582,1791.78995,1839.077190111789142139646844,1744.502709888210857860353156,20.06028836154095202746769056,3.697619
2021-05-12,1,1817.518,1795.312883333333333333333333,1850.518320833333333333333333,True,False,盤整,False,1845.296,1677.788,0.01528347999854746968118059904,0.07687956873054352143967762630,3.068215037593984962406015038,0.5516955366551881197825466963,False,60.84216087715336157032619037,19.342698801200453816433364,15.71153037745457540911987294,3.63116842374587840731349106,1794.0656,1841.704516945707319470049087,1746.426683054292680529950913,20.80262490714516973979142695,3.697619
2021-05-13,1,1824.948,1794.862658333333333333333333,1849.892529166666666666666667,True,False,盤整,True,1845.296,1677.788,0.01114990673706867264163143279,0.08063791406659258236399064521,3.237377443609022556390977444,0.5862460722462002932141127104,False,62.95891397740502360554487253,19.131017876204294236715826,16.39542787720451917463906355,2.73558999899977506207676245,1796.4711,1845.232838816002039694941464,1747.709361183997960305058536,20.74686598520622904409203931,3.697619
2021-05-14,0,1842.688,1794.68385,1849.108666666666666666666667,True,False,盤整,False,1845.85,1677.788,0.001715971450402889691580994721,0.08948883370380661294804112253,3.850201503759398496240601504,0.7094946424488818872444294109,True,67.47916597485176908963801774,20.162310395068222836803615,17.14880438077725990707197384,3.01350601429096292973164116,1798.9321,1851.647161752406209241462286,1746.217038247593790758537714,21.14237555769149839808546507,0.578183
2021-05-16,0,1847.005,1794.471158333333333333333333,1848.3197375,True,False,盤整,False,1848.005,1677.788,0.0005414170508471823303131285514,0.09161696909320765238859667408,4.286155639097744360902255639,0.7757407238565797987828664531,True,68.48698377563971453712872578,21.084909258621805382891727,17.93602535634616900223592447,3.14888390227563638065580253,1802.12995,1858.252250143436744212424477,1746.007649856563255787575523,20.16842016071353422679364614,0.578183
2021-05-17,1,1868.875,1794.385741666666666666666667,1847.485141666666666666666667,True,True,偏多,False,1868.955,1677.788,0.00004280650123737542639288341917,0.1022470737743294762892114240,4.839993984962406015037593985,0.8139374312772253417122147169,True,73.04441864187524494190805027,23.312074644498580250819545,19.01123521397665125195264858,4.30083943052192899886689642,1806.7328,1868.602089944527406059797933,1744.863510055472593940202067,20.54903300637685321059409999,3.697619
2021-05-18,1,1870.025,1794.235133333333333333333333,1846.800670833333333333333333,True,True,偏多,False,1874.848,1677.788,0.002579109904947794815577331854,0.1027991604390315637491477387,5.239934586466165413533834586,0.8425200616087697962776931971,True,73.26338163207842218116354973,24.883078013553049674400376,20.18560377389193093644219406,4.69747423966111873795818194,1811.49415,1877.329865602627119921463254,1745.658434397372880078536746,19.92003064877850655269452142,3.697619
2021-05-19,1,1865.805,1794.145133333333333333333333,1846.128879166666666666666667,True,True,偏多,False,1890.022,1677.788,0.01297938423361498120114374225,0.1007699089669070454843887759,5.518133082706766917293233083,0.8705708646044260339159652142,False,70.98468776836770392740757602,25.493715091717627716528942,21.24722603745707029245954365,4.24648905426055742406939835,1815.78565,1883.990604967436200192050555,1747.580695032563799807949445,21.20624274529432751321634132,3.697619
2021-05-20,0,1873.908,1794.10555,1845.486379166666666666666667,True,True,偏多,False,1890.022,1677.788,0.008599141473327399210633606346,0.1046582863192856853164616406,5.710547368421052631578947368,0.8844076429258160247642485501,False,72.73805896394026680866431560,26.328000949633264328264669,22.26338101989230909962056872,4.06461992974095522864410028,1820.7118,1890.740701723788300462765338,1750.682898276211699537234662,21.12172540634473269084374551,0.578183
2021-05-21,0,1880.898,1793.988216666666666666666667,1845.36935,True,True,偏多,False,1890.022,1677.788,0.004850874422749133658497164652,0.1079856536611767357932221737,5.987611278195488721804511278,0.9061957682133916014946897812,False,74.18715924822099411875006042,27.239216354557101966197051,23.25854808682526767293586518,3.98066826773183429326118582,1825.56645,1898.104922047527993129915184,1753.027977952472006870084816,20.98660216303439464149776369,0.578183
2021-05-23,0,1883.435,1793.8688,1845.209754166666666666666667,True,True,偏多,False,1890.022,1677.788,0.003497333329793701401959717219,0.1091872031686785049656611457,5.985381954887218045112781955,0.9060846019523080156418971362,False,74.71254082192480574278419494,27.845094904231822600289977,24.17585745030657865840668754,3.66923745392524394188328946,1831.0848,1903.600712360253732106528899,1758.568887639746267893471101,19.75513057996050930996220914,0.578183
2021-05-24,0,1877.348,1793.571408333333333333333333,1844.876766666666666666666667,True,True,偏多,False,1890.022,1677.788,0.006751012598623164165620865178,0.1062988854490483384007653349,5.656966917293233082706766917,0.8898900735566166724318600206,False,70.97968986285110888405608209,27.516890407205101472011899,24.84406404168628322112772983,2.67282636551881825088416917,1836.5308,1905.688617338606052916230286,1767.372982661393947083769714,19.18833553853475864496490849,0.578183
2021-05-25,0,1898.188,1793.209075,1844.685891666666666666666667,True,True,偏多,False,1900.118,1677.788,0.001016759140822721458569962512,0.1161107329727087095693366516,5.471271428571428571428571429,0.8919339953869746491451158629,True,75.49406387844563327517749097,28.608617477543652138209851,25.59697472885775700454415406,3.01164274868589513366569694,1842.99095,1909.801911599051992689767702,1776.179988400948007310232298,19.78231157149656159889598646,0.578183
2021-05-26,0,1896.078,1792.758825,1844.534404166666666666666667,True,True,偏多,False,1912.648,1677.788,0.008739091957187415285658079467,0.1151271202977936561681534198,5.431927067669172932330827068,0.8899618307815167905649009816,False,74.23492627607545454364417190,28.969615980201563319553433,26.27150297912651826754600985,2.69811300107504505200742315,1848.17145,1914.575422388630486207710174,1781.767477611369513792289826,19.94500360210395005611770171,0.578183
2021-05-27,0,1897.908,1792.541516666666666666666667,1844.176833333333333333333333,True,True,偏多,False,1912.648,1677.788,0.007766446002651340317865776423,0.1159803320287390115853877006,5.043763157894736842105263158,0.8919124759273536804963939410,False,74.63013978557480796658412091,29.068294397039510104713750,26.83086126270911663497955788,2.23743313433039346973419212,1854.13745,1915.728752173196500781904011,1792.546147826803499218095989,19.61250334481081076639500873,0.578183
2021-05-28,0,1902.648,1792.426708333333333333333333,1843.749720833333333333333333,True,True,偏多,False,1912.648,1677.788,0.005255832923378365309820839167,0.1181826591150859223566313895,4.647937593984962406015037594,0.9049381719207313249558571304,False,75.67110153920598206136758052,29.192463590892152057705864,27.30318172834572371952481910,1.88928186254642833818104490,1860.01095,1916.358709829384521859345949,1803.663190170615478140654051,19.90182453446718142593822239,0.578183
2021-05-30,0,1903.748,1792.887041666666666666666667,1843.650470833333333333333333,True,True,偏多,False,1912.648,1705.638,0.004674988496376621275504951286,0.1040631428109182517854253819,4.556337593984962406015037594,0.9004076412700423789169364774,False,75.91805059242265031713755467,29.044818787319240174064862,27.65150914014042701043282768,1.39330964717881316363203432,1864.46645,1919.842519804474206654333398,1809.090380195525793345666602,18.63569421057666846694263508,0.578183
2021-05-31,1,1907.998,1793.414816666666666666666667,1843.4645125,True,True,偏多,False,1912.648,1721.148,0.002437109472861082663608662064,0.09792987204389103133231795840,4.643767669172932330827067669,0.9086328819321502530842122406,False,76.89392089899747920178134977,28.937178912299787955553366,27.90864309457229919945693534,1.02853581772748875609643066,1868.33545,1924.518081823277912369513978,1812.152818176722087630486022,17.91457319553547786216101829,3.697619
2021-06-01,1,1898.795,1793.844983333333333333333333,1843.294416666666666666666667,True,True,偏多,False,1916.485,1721.148,0.009316434896868803635990193781,0.09355775636653772524153476284,4.570791729323308270676691729,0.8975877232862320351095403958,False,70.25492481235684074861620641,27.788934806090248035573665,27.88470143687588896668028127,-0.09576663078564093110661627,1871.46745,1927.106384096458030546522048,1815.828515903541969453477952,18.36496082442580087200665984,3.697619
2021-06-02,1,1907.688,1794.252841666666666666666667,1843.1805125,True,True,偏多,False,1916.485,1723.578,0.004611341057866904860752911378,0.09650949211820800885679419276,4.529557894736842105263157895,0.8927909624400234868830126597,False,72.70716294813452229521737606,27.282043443036161226067362,27.76416983810794341855769742,-0.48212639507178219249033542,1875.0476,1930.332527296325532926824508,1819.762672703674467073175492,18.13674933696681509543475556,3.697619
2021-06-03,1,1870.868,1794.4412,1842.935858333333333333333333,True,True,偏多,False,1916.485,1723.578,0.02438279985546815702657803757,0.07872816254273417472531466677,3.844592481203007518796992481,0.7191080878634027281569802242,False,53.16431119203108447133841305,23.636791880038957472453394,26.93869424649414622933683674,-3.30190236645518875688344274,1876.8186,1929.103832803918928328694771,1824.533367196081071671305229,20.00648152718347116004655874,3.697619
2021-06-04,1,1890.708,1794.80745,1842.773954166666666666666667,True,True,偏多,False,1916.485,1723.578,0.01363351717980777571153239950,0.08839545820930572039680373701,3.106687218045112781954887218,0.6369054450902610909767108981,False,59.48380079592051135970271016,22.094138468801388064665203,25.96978309095559459640250999,-3.87564462215420653173730699,1880.4781,1925.371848593317533300787280,1835.584351406682466699212720,21.49051856095608036290037597,3.697619
2021-06-06,1,1889.198,1795.321783333333333333333333,1842.506954166666666666666667,True,True,偏多,False,1916.485,1723.578,0.01444369515529870347099668748,0.08766683005169389338756445857,2.354466165413533834586466165,0.5371239648500188072201217796,False,58.83315119857189953366926491,20.513265984569088522213883,24.87847966967829338156478459,-4.36521368510920485935090159,1883.6906,1920.739985524729016752362542,1846.641214475270983247637458,20.15719580660207462269320626,3.697619
2021-06-07,1,1898.658,1796.057891666666666666666667,1842.385245833333333333333333,True,True,偏多,False,1916.485,1723.578,0.009389263363912826849279859775,0.09221249956548256716059448305,1.920876691729323308270676692,0.4674183616116902684908254135,False,61.66240672522769396739387669,19.795565138124191860496025,23.86189676336747307735103267,-4.06633162524328121685500767,1886.4891,1918.891145150885152113603800,1854.087054849114847886396200,20.04618182041621214964369153,3.697619
2021-06-08,1,1893.285,1796.525391666666666666666667,1842.088816666666666666666667,True,True,偏多,False,1916.485,1723.578,0.01225383394470457432452060836,0.08963626712301634460738874496,1.394527819548872180451127820,0.3563050111246386279360722429,False,59.17485489848661643700016973,18.579058034634609668432221,22.80532901762090039556727034,-4.22627098298629072713504934,1888.8031,1915.745857222674890888410064,1861.860342777325109111589936,20.04788311895791128181199928,3.697619
2021-06-09,1,1888.598,1796.923833333333333333333333,1841.737204166666666666666667,True,True,偏多,False,1916.485,1723.578,0.01476597984324880149190034089,0.08737698546752670499492215919,1.076943609022556390977443609,0.2400455264633874010496808186,False,57.01414204237463945025816564,17.040335283642662256776167,21.65233027082525276780904967,-4.61199498718259051103288267,1889.78925,1915.138900466032071109741332,1864.439599533967928890258668,19.45017718188948904739685647,3.697619
2021-06-10,0,1898.228,1797.160608333333333333333333,1841.447495833333333333333333,True,True,偏多,False,1916.485,1732.505,0.009617917341857774724637925476,0.08730405409676814376355211281,0.8854300751879699248120300752,0.1826839986894335446306056260,False,60.22749763497772100559609774,16.408796543878114714803177,20.60362352543582515720787514,-4.19482698155771044240469814,1891.1994,1915.090152842051671101625081,1867.308647157948328898374919,20.21016452604023982972565244,0.578183
2021-06-11,0,1877.048,1797.224083333333333333333333,1841.0499125,True,True,偏多,False,1916.485,1734.248,0.02101011801509604442720697606,0.07607690373394819951327829656,0.2823030075187969924812030075,0.0220554412738970853529631222,False,51.16778969547554650341177936,14.037433752964259920211197,19.29038557094151210980853951,-5.25295181797725218959734251,1891.76155,1913.683715380956325592665642,1869.839384619043674407334358,20.80729563132307984188810584,0.578183
2021-06-13,0,1873.584,1797.3773,1840.754145833333333333333333,True,True,偏多,False,1916.485,1756.028,0.02289782577135586127977181701,0.06274391753985943517878034825,-0.2592744360902255639097744361,0.0185139996812589902358419262,False,49.84711452557327679745159306,11.743227193097686962394560,17.78095389537274708032574361,-6.03772670227506011793118361,1891.74535,1913.720679360671707575252215,1869.770020639328292424747785,19.66320308622857413889609828,0.578183
2021-06-14,0,1866.758,1797.460766666666666666666667,1840.499575,True,True,偏多,False,1916.485,1756.028,0.02663816091855505641331120584,0.05931674057376478365165704392,-0.7875105263157894736842105263,0.1416609752706094414856487995,False,47.25858482728951500160784929,9.267421743708233084191844,16.07824746503984428109896369,-6.81082572133161119690711969,1891.03835,1915.168336243468934062433317,1866.908363756531065937566683,20.3515457229265331289749484,0.578183
2021-06-15,0,1857.785,1797.480683333333333333333333,1840.1849375,True,True,偏多,False,1916.485,1756.028,0.03159676711783118068021864748,0.05477329185024101281902911263,-1.382611278195488721804511278,0.3237664058641322758937498196,False,44.02233340557756574927400615,6.506281613916401890908328,14.16385429481515580306083655,-7.65757268089875391215250855,1889.75585,1917.778552976515309737402372,1861.733147023484690262597628,20.15429245700320933404816637,0.578183
2021-06-16,0,1818.688,1797.209375,1839.703575,True,False,盤整,False,1916.485,1756.028,0.05377337949114966393356089665,0.03445340817116514762290178414,-2.593779699248120300751879699,0.5171562748391247791990681764,False,33.31667010795087666176575437,1.150000525174466888866732,11.56108354088701802022201564,-10.41108301571255113135528364,1886.82285,1928.418508890201511027199879,1845.227191109798488972800121,22.9761287100744086673304402,0.578183
2021-06-17,0,1776.638,1796.682883333333333333333333,1839.062616666666666666666667,False,False,偏空,False,1916.485,1756.028,0.07871440327179763125633922048,0.01160056241057548020474626795,-3.988399248120300751879699248,0.5309413328055397772289128336,False,25.99463910780583245080984091,-6.414037370850404886395108,7.966059358539533438898590912,-14.38009672938993832529369891,1880.74535,1943.870319073338958745638332,1817.620380926661041254361668,25.48497665935480804823540876,0.578183
2021-06-18,0,1763.198,1796.011408333333333333333333,1838.367158333333333333333333,False,False,偏空,False,1916.485,1756.028,0.08693691803189431929936399656,0.004066474667053841939475884160,-5.425552631578947368421052632,0.6000431370956185334152850543,False,24.16652956907026084561558224,-13.339320196843106079134212,3.704983447463005535292030330,-17.04430364430611161442624233,1874.10135,1954.876647236902817849602304,1793.326052763097182150397696,26.25712118368660747336145099,0.578183
2021-06-20,0,1769.298,1795.363491666666666666666667,1837.625533333333333333333333,False,False,偏空,False,1916.485,1756.028,0.08318949097325605974799044593,0.007500149776917172799607527957,-6.546848872180451127819548872,0.6752086211743723418124330173,False,26.68662442727444986074208217,-18.126486853141169907301497,-0.661310612657829553226675136,-17.46517624048334035407482186,1867.67085,1959.554692105726075259358425,1775.787007894273924740641575,24.86946967056613551097849021,0.578183
2021-06-21,0,1783.498,1794.760166666666666666666667,1836.957575,False,False,偏空,True,1916.485,1756.028,0.07456526444100301766528473819,0.01540231612258606401577125402,-7.197047368421052631578947368,0.7272312227928424635922207197,False,32.32468138153445634434003593,-20.537782816301861853503199,-4.636605053386636013281979908,-15.90117776291522584022121909,1861.71335,1959.042722473626891251684886,1764.383977526373108748315114,24.61236469409712583162288376,0.578183
2021-06-22,0,1777.438,1794.092275,1836.2847,False,False,偏空,False,1916.485,1756.028,0.07822888899640943875398185478,0.01204542718227021139415270744,-7.737275939849624060150375940,0.7670214040718505121928029017,False,31.22120052264204808620897568,-22.676344806626599283108484,-8.244553004034628667247280726,-14.43179180259197061586120327,1855.39785,1957.282829994648867772125810,1753.512870005351132227874190,24.12341007309018827222124921,0.578183
2021-06-23,0,1777.225,1793.599775,1835.595075,False,False,偏空,False,1916.485,1756.028,0.07835811447621994964059137138,0.01192702105811025615777405787,-8.023502255639097744360902256,0.7870738598868817576437148791,True,31.18090924962106072955722039,-24.110427906663056251795149,-11.41772798456031418415685438,-12.69269992210274206763829462,1848.8592,1953.158658831961347813716902,1744.559741168038652186283098,23.94530935358374625277687426,0.578183
2021-06-24,0,1775.148,1793.107466666666666666666667,1834.836866666666666666666667,False,False,偏空,False,1916.485,1756.028,0.07961984014853972739174423766,0.01077093290249601723349264399,-8.288059398496240601503759398,0.8075372597544552009445019932,True,30.76399598478669242155630968,-25.124921185533066056301281,-14.15916662475486455858573970,-10.96575456077820149771554130,1842.67685,1949.041518397499364365967162,1736.312181602500635634032838,23.31135868547062152043566896,0.578183
2021-06-25,0,1780.938,1792.983825,1834.1164625,False,False,偏空,False,1916.485,1756.028,0.07610989265207435632234249592,0.01398701133896856600285916747,-8.143551127819548872180451128,0.7967795469530475465355539051,True,33.43591715472367566818035527,-25.171547871992098626141683,-16.36164287420231137209692836,-8.80990499778978725404475464,1836.33935,1941.552629833441177635837219,1731.126070166558822364162781,22.83769020793700569754740689,0.578183
2021-06-27,0,1781.838,1792.715408333333333333333333,1833.375379166666666666666667,False,False,偏空,False,1916.485,1760.767,0.07556635339464081470930578425,0.01182542969675133205151085564,-8.376952631578947368421052632,0.8225705264929769004080355367,True,33.86316871653261998124622134,-24.849428633497128717883973,-18.05920002606127484125433729,-6.79022860743585387662963571,1831.88785,1938.406415238694423563746715,1725.369284761305576436253285,21.36785519308436243343687783,0.578183
2021-06-28,0,1778.018,1792.383183333333333333333333,1832.6712125,False,False,偏空,False,1916.485,1760.767,0.07787716434816745387279543852,0.009702376466379980405147754410,-8.217782706766917293233082707,0.8086097536913295880814556782,True,32.89796652849825707283349592,-24.618600983582298975313016,-19.37108021756547966806607303,-5.24752076601681930724694297,1826.25335,1931.646160561774089164193804,1720.860539438225910835806196,20.92729410786405083104852941,0.578183
2021-06-29,0,1761.358,1791.808016666666666666666667,1831.886379166666666666666667,False,False,偏空,False,1916.485,1750.488,0.08807238505743863541653655872,0.006171374587108356166094570212,-8.150996240601503759398496241,0.8037366345578769539189833011,True,29.01384896285379580913838035,-25.486202101357491638822231,-20.59410459432388206221730462,-4.89209750703360957660492638,1819.86135,1924.714053158812267218226428,1715.008646841187732781773572,21.45605881444519005740220588,0.578183
2021-06-30,0,1768.138,1791.242208333333333333333333,1831.135504166666666666666667,False,False,偏空,False,1916.485,1750.488,0.08390012544269734602163405798,0.009982252516489097570438506497,-7.645743609022556390977443609,0.7684909963900501818250604086,True,32.50626638182956113706082680,-25.334650816408055786713244,-21.54221383874071680711649250,-3.79243697766733897959675150,1813.33535,1913.918714591317982019089380,1712.751985408682017980910620,21.4270546134133907675877626,0.578183
2021-07-01,0,1775.428,1790.688066666666666666666667,1830.545545833333333333333333,False,False,偏空,False,1916.485,1750.488,0.07944957497572416341299112101,0.01404731704129933739920740238,-6.924914285714285714285714286,0.7096760743599939458138306152,True,36.14404637191628362284236090,-24.345661623739317659998644,-22.10290339574043697769292280,-2.24275822799888068230572120,1807.4425,1902.242893658465363990755631,1712.642106341534636009244369,21.12155071245529142704577956,0.578183
2021-07-02,0,1786.978,1790.357341666666666666666667,1830.057379166666666666666667,False,False,偏空,False,1916.485,1750.488,0.07247263256738471318617240951,0.02041994921034282458989422366,-5.935861654135338345864661654,0.6125436663498367926843270717,True,41.52185908406686760721743486,-22.372001582489003541803460,-22.15672303309015029051503024,-0.21527854939885325128842976,1802.3615,1889.827862161690479214490417,1714.895137838309520785509583,21.10001137585134203939965245,0.578183
2021-07-04,0,1786.108,1790.044508333333333333333333,1829.7710875,False,False,偏空,False,1916.485,1750.488,0.07299502605665502869927238442,0.01994280301079218054003453319,-4.654372932330827067669172932,0.5020031830934213137377814540,True,41.24012061079229345722400250,-20.640136859771646286330841,-21.85340579842644948967819239,1.21326893865480320334735139,1796.7555,1872.514417981977540912577388,1720.996582018022459087422612,19.75058199186196046515682013,0.578183
2021-07-05,0,1791.118,1789.797475,1829.451933333333333333333333,True,False,盤整,False,1916.485,1750.488,0.06999371342368286176566814693,0.02268415592942508533776110787,-3.467132330827067669172932331,0.3648087801700168332640894464,True,43.61287337302527178832508071,-18.648389434739282097156215,-21.21240252568901601117379691,2.56401309094973391401758191,1792.459,1858.659854789043320932163788,1726.258145210956679067836212,19.11054042101467757478847584,0.578183
2021-07-06,0,1795.428,1789.604416666666666666666667,1829.178725,True,False,盤整,False,1916.485,1750.488,0.06742514876675645027258124525,0.02503024348511886859289261391,-2.143796992481203007518796992,0.2032771191005083458420614749,True,45.64628387158642439955447703,-16.531568638092965058946394,-20.27623574816980582072831633,3.74466711007684076178192233,1788.5512,1843.387132003021522457126017,1733.715267996978477542873983,19.52978753379934346230358471,0.578183
2021-07-07,0,1803.248,1789.729275,1828.932058333333333333333333,True,False,盤整,False,1916.485,1750.488,0.06279613231236080672209257961,0.02925831610516135329139419536,-0.6989984962406015037593984962,0.0363731569887948612267883806,True,49.22409134888722885974279481,-14.060879197551343846001989,-19.03316443804611342578305086,4.97228524049476957978106186,1785.3757,1827.643686827385096079972947,1743.107713172614903920027053,19.27065985281367607213904294,0.578183
2021-07-08,0,1803.648,1789.9423,1828.603725,True,False,盤整,False,1916.485,1750.488,0.06256043307785111063799588390,0.02947360017032148179689163296,0.7053390977443609022556390977,0.0853307844251199276105021615,True,49.40753870426864280342953995,-11.933007080915585415962902,-17.61313296662000782381902109,5.68012588570442240785611909,1782.66885,1810.515368757467691763880424,1754.822331242532308236119576,19.61639843475555635270053987,0.578183
2021-07-09,0,1807.838,1790.245566666666666666666667,1828.2336,True,False,盤整,False,1916.485,1750.488,0.06009775212159496592061899352,0.03172297517808564705465865857,1.633621804511278195488721805,0.5533201138369626806062724571,True,51.38874324810940576701650019,-9.795637108270297923300223,-16.04963379495006584371526147,6.25399668667976792041503847,1782.12635,1807.453662745532242904056988,1756.799037254467757095943012,19.33951283227301661322192988,0.578183
2021-07-11,0,1806.368,1790.436983333333333333333333,1827.895433333333333333333333,True,False,盤整,False,1916.485,1750.488,0.06096044659781395596024730288,0.03093500327729454906198515474,1.893272932330827067669172932,0.6406528518468478865901608552,True,50.63950327532302861649904488,-8.126693259522334241888719,-14.46504568786451952334995298,6.33835242834218528146123398,1783.61285,1810.891800927592505202219006,1756.333899072407494797780994,18.1143333442535154265632206,0.578183
2021-07-12,0,1806.998,1790.635708333333333333333333,1827.494641666666666666666667,True,False,盤整,False,1916.485,1750.488,0.06059054852301994800215606215,0.03127286250455174825871417677,1.905006766917293233082706767,0.6427147787749921124154792447,True,50.96943776286593502059707048,-6.676247870793618146858183,-12.90728612445033924805159898,6.23103825365672110119341598,1785.80285,1813.206802118444521906382248,1758.398897881555478093617752,18.20138096252112146752299056,0.578183
2021-07-13,0,1805.948,1790.59915,1827.107475,True,False,盤整,False,1916.485,1750.488,0.06120718868981831149069629912,0.03070963283549692460691005500,1.932191729323308270676691729,0.6497245339258163765792683895,False,50.36519405429185336090426094,-5.547537120413072851357242,-11.43533632364288596871272758,5.88779920322981311735548558,1787.63535,1815.280019752232526895985361,1759.990680247767473104014639,18.22649660805532707698563409,0.578183
2021-07-14,0,1826.258,1790.770425,1826.788070833333333333333333,True,False,盤整,False,1916.485,1750.488,0.04940539617074914935348674722,0.04148920908217787410103063204,2.418617293233082706766917293,0.7474684170251304735437976523,True,60.19500518883243826185653165,-2.979828844526171860849585,-9.744234827819543147140099064,6.764405983293371286290514064,1789.77335,1822.035741035228619583076536,1757.510958964771380416923464,18.72674685033708942862951737,0.578183
2021-07-15,0,1829.408,1790.990783333333333333333333,1826.440833333333333333333333,True,True,偏多,False,1916.485,1750.488,0.04759845808042820409662579370,0.04313963861533348493064423026,2.790057894736842105263157895,0.7978781429264543751136808954,True,61.46953048685920989712867271,-0.682851376585993912607408,-7.931958137572833300233560851,7.249106760986839387626152851,1792.37185,1828.394092996654164483716427,1756.349607003345835516283573,18.37812207531301161229883756,0.578183
2021-07-16,0,1811.548,1791.338891666666666666666667,1826.155845833333333333333333,True,False,盤整,False,1916.485,1750.488,0.05792670136259155153493034686,0.03370597963730466981829904590,2.824842105263157894736842105,0.8080091052685545635246651354,False,51.41704245378967561187765437,-0.300172717925330347316729,-6.405601053643332709650194481,6.105428335718002362333465481,1794.088,1830.329976215432844412080202,1757.846023784567155587919798,18.67682764136208221142034916,0.578183
2021-07-18,0,1815.588,1792.025558333333333333333333,1825.858845833333333333333333,True,False,盤整,False,1916.485,1750.488,0.05557262991383507712102084834,0.03585615238699528747711485205,2.832932330827067669172932331,0.8099606737249198615648450759,False,53.27834297841650481287309794,0.325346717981746011213766,-5.059411499318316965477402385,5.384758217300062976691168385,1796.110,1832.411958404471789598822348,1759.808041595528210401177652,17.73848280983621919631889565,0.578183
2021-07-19,0,1811.378,1792.628,1825.509429166666666666666667,True,False,盤整,False,1916.485,1750.488,0.05802598905363761732780236925,0.03361529178338259601253852040,2.811488721804511278195488722,0.8030354014851452160348411984,False,51.08206935059042932487068185,0.475877937362142064065706,-3.952353611982225159568780708,4.428231549344367223634486708,1797.632,1833.814187551335256434740042,1761.449812448664743565259958,18.06523403770506068229611739,0.578183
2021-07-20,0,1809.648,1793.334191666666666666666667,1825.009554166666666666666667,True,False,盤整,False,1916.485,1750.488,0.05903744816671529490818103852,0.03269144054534362483753746585,2.733766917293233082706766917,0.7762967283374816127196760246,False,50.16689953165950804066487348,0.450386694000775529245252,-3.071805550785625021805974166,3.522192244786400551051226166,1799.0225,1834.805226265615927772637821,1763.239773734384072227362179,18.19986017786898491927496615,0.578183
2021-07-21,0,1802.448,1793.884458333333333333333333,1824.4822625,True,False,盤整,False,1916.485,1750.488,0.06326784462020540953192547025,0.02882746131927245612633485127,2.451052631578947368421052632,0.6722666348643066873157973062,False,46.43802298127220744390346256,-0.149076664119962075292087,-2.487259773452492432503196733,2.338183109332530357211109733,1800.244,1834.719270209238389666263619,1765.768729790761610333736381,18.26058445087834313932675429,0.578183
2021-07-22,0,1807.038,1794.689991666666666666666667,1823.990691666666666666666667,True,False,盤整,False,1916.485,1750.488,0.06056707163878125418502543942,0.03129430593047849574829084945,1.934120300751879699248120301,0.5689396269256268535194606582,False,49.03858431527911794160220526,-0.250888962771594533829408,-2.039985611316312852768438986,1.789096648544718318939030986,1802.528,1832.099694574372974204583723,1772.956305425627025795416277,18.07911413295846148651770041,0.578183
2021-07-23,0,1801.698,1795.58585,1823.6089125,True,False,盤整,False,1916.485,1750.488,0.06371045535933325118860097530,0.02842318745982956078099659321,1.379263157894736842105263158,0.4036445449670719264355448767,False,46.22658281803638668233338731,-0.753780205729180140560023,-1.782744530198886310326755789,1.028964324469706169766732789,1804.206,1829.242488252149102070961996,1779.169511747850897929038004,18.27424883774714280890929324,0.578183
2021-07-25,0,1800.198,1796.42585,1823.20055,True,False,盤整,False,1916.485,1750.488,0.06459678324273218834817059012,0.02761362916745824625957811307,0.8676165413533834586466165414,0.2184677841456157956046436755,False,45.43838505783299487263433575,-1.258851348152027209758538,-1.677965893789514490213112231,0.419114545637487280454574231,1805.4445,1826.851703717440538244979367,1784.037296282559461755020633,17.16251677790806117970148658,0.578183
2021-07-26,0,1797.618,1797.175291666666666666666667,1822.747675,True,False,盤整,False,1916.485,1750.488,0.06612472727798675803201792594,0.02621802852441397449291228726,0.4642330827067669172932330827,0.0714462394824152230206068704,False,44.04723124446454152615747283,-1.846028438675317338506565,-1.711578402766675059871802785,-0.134450035908642278634762215,1805.9765,1826.006097374884997922355560,1785.946902625115002077644440,17.01540843662891395257995182,0.578183
2021-07-27,0,1799.808,1798.135741666666666666666667,1822.334508333333333333333333,True,False,盤整,False,1916.485,1750.488,0.06482747048574070123035345992,0.02740292297845103477704288457,0.06239849624060150375939849624,0.0015789574072698539183969462,False,45.57056539482070685418666192,-2.110329253886723367143834,-1.791328572990684721326209028,-0.319000680896038645817624972,1806.6615,1824.771345140144075787496746,1788.551654859855924212503254,16.63073640544113438453852669,0.578183
2021-07-28,0,1809.238,1798.914858333333333333333333,1821.953466666666666666666667,True,False,盤整,False,1916.485,1750.488,0.05927744166328586952075956839,0.03247223416709133900570295340,-0.1462180451127819548872180451,0.0102398169040425603703396814,True,51.67190918147538335952449649,-1.541102493680426399641480,-1.741283357128633056989263222,0.200180863448206657347783222,1807.5675,1824.231555298756062397322116,1790.903444701243937602677884,16.71332666219533907135720336,0.578183
2021-07-29,0,1830.138,1799.777808333333333333333333,1821.6501875,True,True,偏多,False,1909.498,1750.488,0.04336285023315181696680796749,0.04352130822921550178183284539,-0.01545864661654135338345864662,0.0000940172068016438234037998,True,61.87294386205918019276022438,0.589671777064455001104143,-1.275092330290015445370581978,1.864764107354470446474724978,1809.303,1827.689269333391154258929266,1790.916730666608845741070734,17.24037475775281485197454598,0.578183
2021-07-30,0,1813.398,1800.5345,1821.244854166666666666666667,True,False,盤整,False,1909.498,1750.488,0.05299443365438806042578628630,0.03469177753587463976468486234,-0.05256390977443609022556390977,0.0011033744021993447802556588,True,52.34287554775140053452708099,0.916977296570393933299669,-0.8366784049179335696365317824,1.753655701488327502936200782,1809.8105,1828.060044514863925775765628,1791.560955485136074224234372,17.51677656077047093397636412,0.578183
2021-08-01,0,1813.815,1801.258308333333333333333333,1820.797175,True,False,盤整,False,1903.688,1750.488,0.04954915468225811342391588999,0.03491370398855451079630502560,-0.09265939849624060150375939850,0.0034854168644458310425918325,True,52.53898455647900058283102047,1.196228318444615103158845,-0.4300970602454238350774564260,1.626325378690038938236301426,1810.31885,1828.419240020936012968827836,1792.218459979063987031172164,16.48700680642972301012090954,0.578183
2021-08-02,0,1812.395,1801.984641666666666666666667,1820.4116625,True,False,盤整,False,1903.688,1750.488,0.05037146979549160089274137260,0.03415756498997183285100654107,-0.1021714285714285714285714286,0.0042452140118529555307442170,True,51.75792608168234250365778675,1.288106146768354024237587,-0.0864564188426682632144477408,1.374562565611022287452034741,1810.5467,1828.631157770140635322459553,1792.462242229859364677540447,16.29364917739902850939798743,0.578183
2021-08-03,0,1811.058,1802.654975,1820.035829166666666666666667,True,False,盤整,False,1903.688,1750.488,0.05114689866365406298417830903,0.03344453904844571515655489774,-0.1608466165413533834586466165,0.0106402564693423562632817415,True,50.98931124026883346853868015,1.238755657315233759849278,0.1785859963889121413982974074,1.060169660926321618450980593,1810.7812,1828.764181694924787972570817,1792.798218305075212027429183,15.6933885218705264730124169,0.578183
2021-08-04,0,1811.518,1803.321083333333333333333333,1819.673758333333333333333333,True,False,盤整,False,1903.688,1750.488,0.05087998021548778427815787643,0.03368997713519821497771482260,-0.2100556390977443609022556391,0.0183142020019592249194910894,True,51.25750628675777849005560545,1.222669027033555675102321,0.3874026025178408481391021260,0.8352664245157148269632188740,1811.0072,1828.907741361646021458573659,1793.106658638353978541426341,16.37814648459406029636867284,0.578183
2021-08-05,0,1803.405,1803.779591666666666666666667,1819.262329166666666666666667,False,False,偏空,False,1902.948,1750.488,0.05519725186522162243090154458,0.02934282648656291847921016078,-0.3985406015037593984962406015,0.0646411422099092527145616410,False,46.43156940639629839980127026,0.548941108413624917250975,0.4197103036969976619614767008,0.1292308047166272552894982992,1810.88005,1828.957779409137642029216996,1792.802320590862357970783004,16.42542173569448456091376764,0.578183
2021-08-06,0,1762.568,1804.008375,1818.668175,False,False,偏空,False,1902.948,1750.488,0.07964515411603977832344624434,0.006853636285238356761271054507,-0.8459030075187969924812030075,0.1348462882703884419634800732,False,30.74194511195368527240094481,-3.242816561256276672715191,-0.3127950692936572049738568394,-2.930021491962619467741334161,1807.69555,1834.261594217948595441956088,1781.129505782051404558043912,18.46910589743059280656278424,0.578183
2021-08-08,0,1718.975,1803.792683333333333333333333,1817.999258333333333333333333,False,False,偏空,False,1902.948,1670.488,0.1070248258409808170566762169,0.02820692563882546284849983275,-1.770511278195488721804511278,0.2020158087053565448092235009,False,22.14103070483039351235935212,-9.654115971268236303911302,-2.181059249688573024761345871,-7.473056721579663279149956129,1802.1739,1847.602760121733188827333888,1756.745039878266811172666112,23.86131261904269332037972822,0.578183
2021-08-09,0,1731.395,1803.736908333333333333333333,1817.428633333333333333333333,False,False,偏空,True,1877.888,1670.488,0.08460980885355450373831505809,0.03517799231255721542455649924,-2.633626315789473684210526316,0.3091553986441819033877494346,False,28.29626492556611460340922611,-13.576426153228965515772513,-4.460132630396651522963579297,-9.116293522832313992808933703,1798.16625,1852.791263361554429920944771,1743.541236638445570079055229,25.44357600339678665463831906,0.578183
2021-08-10,0,1726.818,1803.633741666666666666666667,1816.796883333333333333333333,False,False,偏空,False,1873.778,1670.488,0.08510451014524981787310533015,0.03262069308983343930860113805,-3.377806766917293233082706767,0.3928733068171864247662030124,False,27.43548414469195796269659391,-16.859860898033195348247565,-6.940078283923960288020376437,-9.919782614109235060227188563,1793.72775,1855.876780859298200322729115,1731.578719140701799677270885,25.09474914601130189359272484,0.578183
2021-08-11,0,1752.235,1803.843658333333333333333333,1816.276925,False,False,偏空,False,1869.068,1670.488,0.06667655879491050001854774046,0.04665298889703721247435418194,-3.691872180451127819548872180,0.4411142182165770266373602241,False,38.60478595701860245969054824,-17.212650388714193703055682,-8.994592704882006971027437549,-8.218057683832186732028244451,1790.7706,1854.876344576909798185752939,1726.664855423090201814247061,25.46655277843906604405038735,0.578183
2021-08-12,0,1753.328,1804.000575,1815.687758333333333333333333,False,False,偏空,False,1862.928,1670.488,0.06250969584698356496901891717,0.04724729200697188432512342243,-3.928702255639097744360902256,0.4788526700922564279606106435,True,39.03932822328329675252221581,-17.205705968151281374736620,-10.63681535753586185176927404,-6.56889061061541952296734596,1787.9546,1853.429369770958339735595237,1722.479830229041660264404763,24.83037043712198989804678826,0.578183
2021-08-13,0,1779.218,1804.433908333333333333333333,1815.1246875,False,False,偏空,False,1833.976,1670.488,0.03077644223473458564380531222,0.06111111735605192843147944771,-3.824667669172932330827067669,0.4572561842815457978039240718,True,48.36242000805119427142966454,-14.938889616221349705828676,-11.49723020927295942258115443,-3.44165940694839028324752157,1786.7931,1852.021951398441778786231793,1721.564248601558221213768207,25.07677254875613347675773196,0.578183
2021-08-15,0,1778.778,1804.825325,1814.59995,False,False,偏空,False,1833.976,1670.488,0.03103141594960135553734080363,0.06087887302406483552191448286,-3.619512781954887218045112782,0.4170760474021973780836953055,True,48.22742751376048274351719768,-13.027749857686829455763151,-11.80333413895573342921755374,-1.22441571873109602654559726,1785.3801,1850.015182959334089493984898,1720.745017040665910506015102,23.43707450955926679984646539,0.578183
2021-08-16,0,1787.408,1805.295266666666666666666667,1813.938908333333333333333333,False,False,偏空,False,1833.976,1670.488,0.02605336890066509716863749071,0.06541315692891606169380466016,-3.332891729323308270676691729,0.3583088914171307250517156363,True,51.10990097270241061512399099,-10.693520703761643169178900,-11.58137145191691537720982299,0.88785074815527220803092299,1784.6656,1848.877901093793547370329950,1720.453298906206452629670050,23.08435490173360488557171786,0.578183
2021-08-17,0,1786.048,1805.913516666666666666666667,1813.254533333333333333333333,False,False,偏空,False,1833.976,1670.488,0.02683466513777905185079012434,0.06470150858207618160318199735,-3.067894736842105263157894737,0.3073130346263032085169532964,True,50.63149224311070668782454674,-8.851335233264569660667833,-11.03536420818644623390142499,2.18402897492187657323359199,1783.9581,1847.780889838426837606865143,1720.135310161573162393134857,22.50611526589549025088802373,0.578183
2021-08-18,0,1787.388,1806.763433333333333333333333,1812.541670833333333333333333,False,False,偏空,False,1833.976,1670.488,0.02606484993745062627700309054,0.06540269935794578457503351259,-2.803213533834586466165413534,0.2588624653908261068438515286,True,51.11700698227681943288891817,-7.200263024376383069547563,-10.26834397142443360103065259,3.06808094704805053148308959,1783.4466,1846.986636535715023147054984,1719.906563464284976852945016,22.07210703261724094725316489,0.578183
2021-08-19,0,1778.928,1807.35985,1812.1592125,False,False,偏空,False,1833.976,1670.488,0.03094447892213737711700529757,0.06095806013509259509097613844,-2.609427067669172932330827068,0.2273394786548411736005362479,True,47.91325877241101296733118011,-6.499505447334340776566752,-9.514576266606415036137872472,3.015070819272074259571120472,1782.4026,1845.517740546147879112067993,1719.287459453852120887932007,21.7819565302874380224493674,0.578183
2021-08-20,0,1780.458,1807.790291666666666666666667,1811.759045833333333333333333,False,False,偏空,False,1833.976,1670.488,0.03005855796654568655930103378,0.06176500653202715256411552533,-2.213490225563909774436090226,0.1700533292251332219509209887,True,48.54139911157725787455331776,-5.754359135437192646435727,-8.762532840372570558197443378,3.008173704935377911761716378,1780.9636,1842.866480687089191390678778,1719.060719312910808609321222,20.94131677812404959227441259,0.578183
2021-08-22,0,1778.538,1808.211708333333333333333333,1811.396879166666666666666667,False,False,偏空,False,1833.976,1670.488,0.03117054569539700585537109693,0.06075214586362506733058275955,-1.471703759398496240601503759,0.0866914022039200379321191242,True,47.76297664181033774038048647,-5.258140695797692628282522,-8.061654411457594972214459102,2.803513715659902343931937102,1778.3836,1836.028143725837573845973732,1720.739056274162426154026268,19.80050843682947462139766884,0.578183
2021-08-23,0,1804.728,1808.840208333333333333333333,1811.101295833333333333333333,False,False,偏空,False,1833.976,1670.488,0.01620632028760012589154709186,0.07438240000709248152630202446,-0.5424962406015037593984962406,0.0121720415565762710292217787,True,57.72236582117302858037472461,-2.720212964504093552768956,-6.993366122066894688325358482,4.273153157562801135556402482,1777.9501,1834.657644234960483783194446,1721.242555765039516216805554,20.52832926277022643415497821,0.578183
2021-08-24,0,1801.708,1809.32815,1810.740545833333333333333333,False,False,偏空,False,1833.976,1670.488,0.01790967237754397493933534180,0.07283089157621545777673185666,0.3631902255639097744360902256,0.0057147129981729238248376202,True,56.38733293671214751182625075,-0.941720149792537655397713,-5.783036927612023281739829386,4.841316777819485626342116386,1777.34475,1832.751510695333922399638026,1721.937989304666077600361974,19.69180574400092454600105119,0.578183
2021-08-25,0,1791.555,1809.785041666666666666666667,1810.3287125,False,False,偏空,False,1833.976,1670.488,0.02367831297392488648129697386,0.06757649081384607226682965357,1.119618796992481203007518797,0.0582892228973209546376820731,True,52.03043465293941537703505414,-0.347508170747386594432805,-4.695931176239095944278424509,4.348423005491709349845619509,1776.30275,1829.784039351978042976034640,1722.821460648021957023965360,19.72167676228657279271526182,0.578183
2021-08-26,0,1793.418,1810.113066666666666666666667,1809.9273375,False,False,偏空,False,1833.976,1670.488,0.02261491743698345840177805732,0.06854509099384527198901761887,1.912889473684210526315789474,0.1819900577693349262973991570,False,52.75184746567306364301696132,0.270618116775137873211300,-3.702621317636249180780479607,3.973239434411387053991779607,1775.42075,1827.132813300065682063009036,1723.708686699934317936990964,19.61062842212324616466417169,0.578183
2021-08-27,0,1816.158,1810.722483333333333333333333,1809.650766666666666666666667,True,True,偏多,False,1833.976,1670.488,0.009810820424214192818025744456,0.08020777927911558355605624621,3.064806766917293233082706767,0.4550718305795700821104150781,True,60.55053432018099688178754451,2.565838221053182537340313,-2.448929409898362837156321086,5.014767630951545374496634086,1775.65275,1828.047641074893933784411334,1723.257858925106066215588666,20.74036924911444286718815943,0.578183
2021-08-29,0,1818.368,1811.361566666666666666666667,1809.430445833333333333333333,True,True,偏多,False,1833.976,1670.488,0.008583521047444741658454174293,0.08132567225116148106433901169,4.113218045112781954887218045,0.7617706001124575223563023952,True,61.22045874867733708201526391,4.511143565190645649836374,-1.056914814880561139757782069,5.568058380071206789594156069,1776.4009,1830.750387003650733630537048,1722.051412996349266369462952,19.46391430274912551953186233,0.578183
2021-08-30,0,1810.348,1812.015566666666666666666667,1809.211083333333333333333333,False,True,盤整,False,1833.976,1670.488,0.01305163427142184817504700754,0.07725586461829438317936661901,4.379762406015037593984962406,0.8168572524109304191033723424,False,57.41031470498599138922141899,5.344062070538337311765352,0.223280562203218550546844745,5.120781508335118761218507255,1778.7899,1834.675933575125010834381659,1722.903866424874989165618341,19.17799185255275941099387216,0.578183
2021-08-31,0,1814.448,1812.581425,1808.978291666666666666666667,True,True,偏多,False,1833.976,1670.488,0.01076250187384813452906889588,0.07934093454317787007398393341,3.944718045112781954887218045,0.8050255135672792805551121420,False,58.82126585819634881300608683,6.262798083895778502031471,1.431184066541730540843769996,4.831614017354047961187701004,1783.56355,1834.266936259598086137766358,1732.860163740401913862233642,19.05649243451327659592288129,0.578183
2021-09-01,0,1813.058,1813.219091666666666666666667,1808.732708333333333333333333,False,True,盤整,False,1833.976,1670.488,0.01153741358522452122325926694,0.07863510157976192708672309435,3.542353383458646616541353383,0.7821283922297120252120047089,False,58.11829705001942429362525566,6.800351392550232101219666,2.505017531743430852918949197,4.295333860806801248300716803,1787.6467,1833.839967007649502252584615,1741.453432992350497747415385,18.50460011776232826764267549,0.578183
2021-09-02,0,1809.418,1813.598866666666666666666667,1808.624179166666666666666667,False,True,盤整,False,1833.976,1670.488,0.01357231993933961085829808259,0.07678159496589511102464991506,2.892918796992481203007518797,0.7836552760001769135972581556,False,56.22338125521572561010545135,6.853644139871525011111048,3.374742853369049684557368958,3.478901286502475326553679042,1791.7767,1829.464391211322563583727829,1754.089008788677436416272171,18.0484858236364476770967701,0.578183
2021-09-03,0,1827.288,1814.028366666666666666666667,1808.7001375,True,True,偏多,False,1833.976,1670.488,0.003660068910866814645529330899,0.08581022805381527159374986319,2.775880451127819548872180451,0.7861960453563523002802780038,True,62.66001789586080207832452278,8.242820575637534840671406,4.348358397822746715780176366,3.894462177814788124891229634,1795.52935,1831.633834742341913111519390,1759.424865257658086888480610,18.54930826480527284301842938,0.578183
2021-09-05,0,1827.488,1814.451808333333333333333333,1808.780554166666666666666667,True,True,偏多,False,1833.976,1670.488,0.003550228510392407501444605929,0.08591027683902712357071564902,2.566095488721804511278195489,0.7986238557075071217382286348,True,62.72607386152303739457632504,9.253225810774579181886258,5.329331880413113209001392693,3.923893930361465972884865307,1799.23735,1832.352558531881540908666895,1766.122141468118459091333105,17.42507196017632478280282728,0.578183
2021-09-06,0,1823.448,1814.8805,1808.8401375,True,True,偏多,False,1833.976,1670.488,0.005773677121585041086995625869,0.08388503538351518661349267980,2.595866917293233082706766917,0.8044156004198324864516243263,False,60.40161149748090721344253047,9.617124774932952051135657,6.186890459317080977428245554,3.430234315615871073707411446,1801.44885,1834.827441146272186543231370,1768.070258853727813456768630,16.68349539159230158403119676,0.578183
2021-09-07,0,1795.608,1815.036916666666666666666667,1808.877470833333333333333333,False,False,偏空,False,1833.976,1670.488,0.02136769272580652347282925895,0.06968113307581610240096947663,2.154465413533834586466165414,0.6080293666606400994239299828,False,47.37347722010355847422784202,7.571779236596258976603014,6.463868214772916577263199243,1.107911021823342399339814757,1802.29035,1834.154553672930538183623968,1770.426146327069461816376032,17.97967429219285147088611128,0.578183
2021-09-08,0,1790.648,1815.013416666666666666666667,1808.8942625,False,False,偏空,False,1833.976,1670.488,0.02419682707042366785655248826,0.06710419915025175243822348111,1.753161654135338345864661654,0.4095906322757908006976150719,False,45.49088934728609979598891486,5.487342940331371137848345,6.268563159884607489380228394,-0.781220219553236351531883394,1802.45235,1834.044033939131829697572720,1770.860666060868170302427280,18.11112612846479065153710333,0.578183
2021-09-09,0,1794.664,1815.110216666666666666666667,1808.960675,False,False,偏空,False,1833.976,1670.488,0.02190493596572951817164661463,0.06919178186000276374853454463,1.382883458646616541353383459,0.2661614619996982126550257096,False,47.31643159401500989540383194,4.112068429692711194233168,5.837264213846228230350816315,-1.725195784153517036117648315,1802.88315,1833.795983563263009293499278,1771.970316436736990706500722,18.04318854786016274785588166,0.578183
2021-09-10,0,1787.048,1815.195466666666666666666667,1808.860270833333333333333333,False,False,偏空,False,1833.976,1670.488,0.02626006688124773369265962638,0.06522488483801218545892443852,0.9120067669172932330827067669,0.1155057220918247194221689156,False,44.28728844808238666695098756,2.380168816745696011124602,5.145845134426121786505573452,-2.765676317680425775380971452,1802.86615,1833.813404859033943077157745,1771.918895140966056922842255,17.95267508015586540872331869,0.578183
2021-09-12,0,1787.278,1815.299466666666666666666667,1808.680241666666666666666667,False,False,偏空,False,1833.908,1670.488,0.02608995354947579503580304799,0.06534517853406129320676470029,0.3113481203007518796992481203,0.0144695007668828344475893517,False,44.40304468637381544670976758,1.014490557978140571240402,4.319574219136525543452539162,-3.305083661158384972212137162,1803.28365,1833.133715951518432114179204,1773.433584048481567885820796,16.84462686014473216524308164,0.578183
2021-09-13,0,1792.938,1815.407491666666666666666667,1808.485325,False,False,偏空,True,1833.908,1670.488,0.02285076226841084298508927805,0.06829572467090328834572082247,-0.1968518796992481203007518797,0.0063890024378634669004217222,False,47.30463317481647715556815042,0.384463539764492969379671,3.532552083262119028637965530,-3.148088543497626059258294530,1803.90765,1832.309645854340941016670774,1775.505654145659058983329226,16.69115351299153701058286152,0.578183
2021-09-14,0,1803.618,1815.642766666666666666666667,1808.3412,False,False,偏空,True,1833.908,1670.488,0.01679402179397189427029448586,0.07381274748865890670862677130,-0.6015631578947368421052631579,0.0716562548867391103767527188,True,52.35730020910604767491866755,0.738437089143948632088447,2.973729084438484949328061824,-2.235291995294536317239614824,1805.16165,1831.078367687816873697929183,1779.244932312183126302070817,17.51842826206357008125551427,0.578183
2021-09-15,0,1794.968,1815.735791666666666666666667,1808.172966666666666666666667,False,False,偏空,False,1833.908,1670.488,0.02169398005981165123835076726,0.06934942572792384042501036230,-0.7540338345864661654135338346,0.1093606582465169630119649190,False,48.31644955942949372119748260,0.317323065562109636978930,2.442447880663209886858235459,-2.125124815101100249879305459,1804.67365,1830.969432348315860670659294,1778.377867651684139329340706,17.41996910048760078973726325,0.578183
2021-09-16,0,1753.778,1815.575041666666666666666667,1807.714145833333333333333333,False,False,偏空,False,1833.908,1670.488,0.04568993338951680315296462836,0.04749175779374584468501714584,-1.527940601503759398496240602,0.2620691905489248664030398755,False,34.61604549757277218939334858,-3.302037757079640112887260,1.293550753114639886909136367,-4.595588510194279999796396367,1802.27715,1836.698215383134206527429930,1767.856084616865793472570070,19.80825702188134359047031587,0.578183
2021-09-17,0,1753.488,1815.450541666666666666666667,1807.2287,False,False,偏空,False,1833.908,1670.488,0.04586287445366036151944011023,0.04733422755102971905139926820,-2.394225563909774436090225564,0.4696298167344465531044123232,False,34.54178224035827714299347686,-6.123223156504604844401941,-0.189804028809209059353079106,-5.933419127695395785048861894,1800.3738,1840.665264463829060478698449,1760.082335536170939521301551,19.83331009174696190543672188,0.578183
2021-09-19,0,1754.014,1815.325783333333333333333333,1806.89435,False,False,偏空,False,1833.908,1670.488,0.04554923734930279917948203378,0.04761991637466975748198132968,-3.166336842105263157894736842,0.6574887037213741304482389998,False,34.81494219080599823543294656,-8.221813162817558923572681,-1.796205855610879032196999485,-6.425607307206679891375681515,1798.4036,1843.437419924141456290466602,1753.369780075858543709533398,18.6902165137650360550483846,0.578183
2021-09-20,0,1764.878,1815.095866666666666666666667,1806.595808333333333333333333,False,False,偏空,False,1833.908,1670.488,0.03911318516067399559629617458,0.05348245034500968338888013789,-3.364941353383458646616541353,0.6960655592320327100769611809,True,40.35151438118046237602316568,-8.905667861064829966528985,-3.218098256701669219063396588,-5.687569604363160747465588412,1795.8396,1842.353017205791276930374201,1749.326182794208723069625799,19.14591533421039062254492856,0.578183
2021-09-21,0,1774.824,1815.0645,1806.328416666666666666666667,False,False,偏空,False,1833.908,1670.488,0.03329006143707770460620320663,0.05878667405894894366990755140,-3.309452631578947368421052632,0.6834498581407293269930514546,True,44.96055307808642136355717494,-8.546549258710813490594135,-4.283788457103498073369544270,-4.262760801607315417224590730,1793.6624,1839.829081797157568729489246,1747.495718202842431270510754,19.47977852462393414950600509,0.578183
2021-09-22,0,1766.844,1814.911716666666666666666667,1806.032358333333333333333333,False,False,偏空,False,1833.908,1670.488,0.03795694469913586032496360743,0.05453565793018512104068044491,-3.429115789473684210526315789,0.7106812106137788184459729688,True,42.14662583661725105407136521,-8.804373154203127493886271,-5.187905396523423957472889616,-3.616467757679703536413381384,1791.4872,1838.397753122298611413119023,1744.576646877701388586880977,19.70908005857936742454129044,0.578183
2021-09-23,0,1746.118,1814.340716666666666666666667,1805.694233333333333333333333,False,False,偏空,False,1833.908,1670.488,0.05027724357689457413531044294,0.04331322396309985923059037247,-3.714708270676691729323308271,0.7460031505431650581315493593,False,35.86774085011066339452473734,-10.559393321278836442404198,-6.262202981474506454459151293,-4.297190339804329987945046707,1788.0707,1837.670531649311069007423994,1738.470868350688930992576006,21.06493148296655546564548398,0.578183
2021-09-24,0,1749.878,1813.667883333333333333333333,1805.2676625,False,False,偏空,False,1833.908,1670.488,0.04802049057134268789024149112,0.04536887714457807915751840985,-3.865781954887218045112781955,0.7682717748198051012558082645,True,37.68155732620672080224756577,-11.514131135126997738907939,-7.312588612205004711348908834,-4.201542522921993027559030166,1784.9117,1835.775140800244727446751303,1734.048259199755272553248697,20.79022209132608721809937798,0.578183
2021-09-26,0,1749.448,1812.945325,1804.788716666666666666666667,False,False,偏空,False,1833.908,1670.488,0.04827808543037575280888600290,0.04513423662778202038585885376,-3.985464661654135338345864662,0.7875206641590462918716655495,True,37.55075941088739480113049714,-12.165231916516560034015908,-8.283117273067315775882308667,-3.882114643449244258133599333,1781.9132,1833.706526371647534876193410,1730.119873628352465123806590,19.54834908480279527394942241,0.578183
2021-09-27,0,1751.204,1812.237983333333333333333333,1804.237295833333333333333333,False,False,偏空,True,1833.908,1670.488,0.04722693643915843042843666415,0.04609171746980934260086203549,-3.707723308270676691729323308,0.7613496522364992067664730926,True,38.48974780818774382120714597,-12.396638717701925820393765,-9.105821561994237784784599934,-3.290817155707688035609165066,1778.109,1827.114075288178060302462608,1729.103924711821939697537392,19.29303843588830989723874938,0.578183
2021-09-28,0,1735.245,1811.402958333333333333333333,1803.630658333333333333333333,False,False,偏空,False,1833.908,1670.488,0.05685825344547888050390578852,0.03731864952787646701186287815,-3.540397744360902255639097744,0.7590676622907580614085587931,False,33.55211477698738466730340987,-13.709750727545708977010105,-10.02660739510453202322970095,-3.68314333244117695378040405,1773.49685,1820.360664020094437891847786,1726.633035979905562108152214,19.79610711903914490457883871,0.578183
2021-09-29,0,1728.728,1810.663041666666666666666667,1802.9879625,False,False,偏空,False,1833.908,1670.488,0.06084242286814351361232073525,0.03368951043773225169026012189,-3.391250375939849624060150376,0.7616183547995916844726093626,False,31.76033141558950390078659885,-15.102180356596585137014245,-11.04172198740294264598660976,-4.06045836919364249102763524,1768.76085,1813.575186872367084039532246,1723.946513127632915960467754,20.08709946767920598282320737,0.578183
2021-09-30,0,1752.978,1810.063291666666666666666667,1802.462975,False,False,偏空,True,1833.908,1670.488,0.04616715098535178422090864803,0.04705706517708721957719948568,-3.192817293233082706766917293,0.7151600901570810408345636630,True,43.78941199897127848142204883,-14.086537697230786286453224,-11.65068512936851137407993261,-2.43585256786227491237329139,1766.62935,1810.170335272614123516975324,1723.088364727385876483024676,21.65144950570211984119297827,0.578183
2021-10-01,0,1760.098,1809.375041666666666666666667,1802.029445833333333333333333,False,False,偏空,False,1833.908,1670.488,0.04193516497376850607182100088,0.05091193785800563377721013262,-2.906880451127819548872180451,0.6315017584618739241260071307,True,46.75704770800542086140924131,-12.562298716847544608247830,-11.83300784686431802091351209,-0.72929086998322658733431791,1765.10185,1807.287593688004363543508002,1722.916106311995636456491998,21.14227454100911128110776554,0.578183
2021-10-03,0,1763.058,1808.675483333333333333333333,1801.573320833333333333333333,False,False,偏空,False,1833.908,1670.488,0.04018585888836328697070657914,0.05250536284115440331514901949,-2.469307518796992481203007519,0.5082191820029186912467801114,True,47.98648135564112752956844247,-10.988808932024804893320551,-11.66416806389641539539491987,0.67535913187161050207436887,1763.52155,1803.467750071971802008952788,1723.575349928028197991047212,19.99318350236560333245721086,0.578183
2021-10-04,0,1767.955,1807.834483333333333333333333,1801.1101125,False,False,偏空,True,1833.908,1670.488,0.03730468252868427081006021081,0.05512979685568920023416885611,-2.034502255639097744360902256,0.3706448443213827421165217603,True,50.04177119423765429597061773,-9.240145323607845801644528,-11.17936351583870147664484150,1.93921819223085567500031350,1762.5669,1801.106305801854288578530207,1724.027494198145711421469793,20.19845610933948880871026723,0.578183
2021-10-05,0,1759.228,1806.911175,1800.573154166666666666666667,False,False,偏空,False,1833.908,1706.485,0.04245043848779123570111435243,0.02998076428979074912404759360,-1.692025563909774436090225564,0.2804912581041158587702781320,True,46.51430445553074714516762096,-8.460979871730081888774202,-10.63568678701697755907071360,2.17470691528689567029651160,1761.1644,1798.008934636225221293577329,1724.319865363774778706422671,20.16835210152952532237381957,0.578183
2021-10-06,0,1763.908,1806.062033333333333333333333,1800.103583333333333333333333,False,False,偏空,False,1833.908,1717.598,0.03968460940139735178932234561,0.02625420373398159087662168322,-1.151142857142857142857142857,0.1534295329715856962409391286,True,48.60650804125081944626610173,-7.380767852489895553747318,-9.984703000111561158006034480,2.603935147621665604258716480,1759.7129,1793.605162544126498607947052,1725.820637455873501392052948,20.10239837999170208506140389,0.578183
2021-10-07,1,1755.028,1805.071366666666666666666667,1799.588458333333333333333333,False,False,偏空,False,1833.908,1721.548,0.04494515187222084206063948837,0.01907661872061300446488603031,-0.5248315789473684210526315789,0.0492444554754236562635055417,True,45.00887971812024866513170502,-7.158712648213511438797510,-9.419504929731951214164329584,2.260792281518439775366819584,1757.2834,1784.558547584568630524328910,1730.008252415431369475671090,19.73865563856372336469987504,3.697619
2021-10-08,0,1756.608,1804.035616666666666666666667,1799.011916666666666666666667,False,False,偏空,False,1833.908,1721.548,0.04400526469195176157685721572,0.01995892082923452472037016796,0.06053984962406015037593984962,0.0010947048291698386509230995,True,45.77788117176000772473671351,-6.777117116108498112967347,-8.891027367007260593924933067,2.113910250898762480957586067,1755.3654,1776.467158158030339818758506,1734.263641841969660181241494,20.32803737866631455293559825,0.578183
2021-10-10,0,1753.878,1802.955975,1798.4123875,False,False,偏空,False,1833.908,1721.548,0.04563031180047871060586882326,0.01843343721741192945005296834,0.01422706766917293233082706767,0.0000604651636313529457348841,False,44.61690246895467429180542961,-6.618691931512165756684829,-8.436560279908241626476912254,1.817868348396075869792083254,1755.3704,1776.470698608313579977746959,1734.270101391686420022253041,19.3853204230472920848687698,0.578183
2021-10-11,0,1753.198,1801.921391666666666666666667,1797.7464,False,False,偏空,False,1833.908,1721.548,0.04603587273086097520074743412,0.01805272422167946803498520989,-0.04652932330827067669172932331,0.0006463970797321838436438017,False,44.31542529457212958423465725,-6.473387961455071565789011,-8.043925816217607614339332003,1.570537854762536048550321003,1755.3559,1776.461750818197308579212973,1734.250049181802691420787027,18.77279753568677122166385767,0.578183
2021-10-12,0,1760.298,1800.772308333333333333333333,1796.990691666666666666666667,False,False,偏空,False,1833.908,1721.548,0.04181678329464670186525236068,0.02201331819953212467434491205,0.002884210526315789473684210526,0.0000024608889726116326187456,True,48.24748917133791664339035393,-5.719393250311136555078168,-7.579019303036313402487099202,1.859626052725176847408931202,1755.6701,1776.873561593805856680534479,1734.466638406194143319465521,18.75902628313771613440215355,0.578183
2021-10-13,0,1791.638,1799.901975,1796.3304,False,False,偏空,False,1833.908,1721.548,0.02359293562650490779945502384,0.03912062593001488023808380934,0.6620992481203007518796992481,0.0852139142072037850199564635,True,61.25348545560680478237939396,-2.563421402545248594491859,-6.575899722938100440888051162,4.012478320392851846396192162,1757.0081,1783.165444841554541848475768,1730.850755158445458151524232,20.1501672629135935533734283,0.578183
2021-10-14,0,1795.288,1799.046808333333333333333333,1795.7941625,False,False,偏空,False,1833.908,1721.548,0.02151186884778375391580626618,0.04107418976788125359273832388,1.490258646616541353383458647,0.3247287592648339361869446581,True,62.43746883553617181171174855,0.229586984194922868582791,-5.214802381511495778993882730,5.444389365706418647576673730,1758.0313,1788.191005344051357293260387,1727.871594655948642706739613,19.70086960127690829956104056,0.578183
2021-10-15,0,1766.658,1797.913558333333333333333333,1795.170133333333333333333333,False,False,偏空,False,1833.908,1721.548,0.03806622447581818325901221402,0.02553408752571239028719763531,1.752645112781954887218045113,0.4494645520300430383512755532,False,49.62748930106792811911063754,0.131350398487707657389622,-4.145571825511655091717181784,4.276922223999362749106803784,1758.022,1788.170942515451516247398240,1727.873057484548483752601760,20.55295034404284342102096624,0.578183
2021-10-17,0,1770.874,1796.806275,1794.846658333333333333333333,False,False,偏空,False,1833.908,1721.548,0.03559485316290148254477732464,0.02785404269304309623383707706,1.748287218045112781954887218,0.4479392779147911633312089994,False,51.21477603925476836169862458,0.389206630215813031441817,-3.238616134366161467085382027,3.627822764581974498527199027,1759.2598,1789.384936963008151608266597,1729.134663036991848391733403,19.59988246232549746237661151,0.578183
2021-10-18,0,1763.884,1795.605325,1794.510070833333333333333333,False,False,偏空,False,1833.908,1721.548,0.03969875570048824072331287091,0.02400157833508325944336475641,1.666213533834586466165413534,0.4138410810688956559602086382,False,48.48676421068697200552056787,0.029188502592923361181379,-2.585055206974344501432029822,2.614243709567267862613408822,1759.9601,1789.830406452395161190156842,1730.089793547604838809843158,19.04446228644510478649256783,0.578183
2021-10-19,0,1768.598,1794.52035,1794.182666666666666666666667,False,False,偏空,False,1833.908,1721.548,0.03692755504642660457605402698,0.02660299287910537046858585162,1.623631578947368421052631579,0.3977943418689938492330036766,False,50.40535707431013969312894247,0.122835969525497854724553,-2.043476971674376030200713258,2.166312941199873884925266258,1760.9176,1790.605809723053358947888034,1731.229390276946641052111966,19.24485783741331158745738441,0.578183
2021-10-20,0,1781.368,1793.467683333333333333333333,1793.8602625,False,False,偏空,False,1833.908,1721.548,0.02949418649038267219350521622,0.03358093330519016845480552025,1.762407518796992481203007519,0.4408542353191179752836049853,True,55.26593954890058525650506707,1.213496110631925188928184,-1.392082355213115786374933806,2.605578465845040975303117806,1762.4258,1793.037302652434427659402626,1731.814297347565572340597374,19.41479656331236075978185695,0.578183
2021-10-21,0,1784.564,1792.748483333333333333333333,1793.594841666666666666666667,False,False,偏空,False,1833.908,1721.548,0.02765045131471888931974420643,0.03531170638878740129241652303,1.649496992481203007518796992,0.4193177701821931432332568832,True,56.41718876088864604410145486,2.309124470636881930097090,-0.6518409900431162430805290448,2.960965460679998173177619045,1764.89175,1794.268633074111181137010568,1735.514866925888818862989432,18.95616823736147784836886717,0.578183
2021-10-22,0,1791.628,1791.922816666666666666666667,1793.365133333333333333333333,False,False,偏空,False,1833.908,1721.548,0.02359864882665374731808165534,0.03911526276660110246100194907,1.460436842105263157894736842,0.4024640991845797002359820836,True,58.93286110828660329709216806,3.704717921117837987365069,0.2194707921890746030085905642,3.485247128928763384356478436,1768.03675,1794.585558055165113193722488,1741.487941944834886806277512,19.81358479183565800205680523,0.578183
2021-10-24,0,1794.308,1791.132066666666666666666667,1793.226925,True,True,偏多,False,1833.908,1721.548,0.02206978957904662967561867862,0.04055045176190486806055593577,1.597970676691729323308270677,0.4351607401809921109679735685,True,59.87905209714792371494627007,4.969701759288184322975422,1.169516985608896547001956851,3.800184773679287775973465149,1770.10325,1798.039607048656147214051197,1742.166892951343852785948803,18.59332873527596814476703343,0.578183
2021-10-25,1,1807.778,1790.374733333333333333333333,1793.2163125,True,True,偏多,False,1833.908,1721.548,0.01445420842603461265708510669,0.04769944097118119592118058744,1.978203759398496240601503759,0.5094818455584290698308070679,True,64.32774484097799107282562602,6.978681099629188610727403,2.331349808412954959747046081,4.647331291216233650980356919,1772.48725,1804.449142515149975080018779,1740.525357484850024919981221,18.53737668275625613442653104,3.697619
2021-10-26,1,1793.468,1789.542925,1793.034158333333333333333333,True,True,偏多,False,1833.908,1721.548,0.02254849264107304953308338928,0.04010107791162150648910379221,2.129045864661654135338345865,0.5568846412424755485036696575,False,57.08593574376288399535734004,7.331600171410554493031919,3.331399881012474866404020665,4.000200290398079626627898335,1774.00775,1806.910198467401328033950522,1741.105301532598671966049478,19.04042120541652355339606454,3.697619
2021-10-27,1,1796.518,1788.775591666666666666666667,1792.8497125,True,True,偏多,False,1833.908,1721.548,0.02081248281397681515019610157,0.04173072577062962909361331197,2.355051127819548872180451128,0.6313213071439657359208709107,False,58.16690570129118328349208826,7.767857561878455916569282,4.218691417185671076437072932,3.549166144692784840132209068,1775.4359,1809.618172890491059327853825,1741.253627109508940672146175,18.79496254788677187101063136,3.697619
2021-10-28,0,1799.484,1787.952725,1792.556666666666666666666667,True,True,偏多,False,1833.908,1721.548,0.01912992835724018663127874435,0.04331019336654285339575122646,2.442681203007518796992481203,0.6529584111974219553121659701,False,59.24208749168319839413524630,8.257736057978624200918279,5.026500345344261701333314146,3.231235712634362499584964854,1777.4487,1812.310503493795326021522409,1742.586896506204673978477591,18.74860808018057388022415769,0.578183
2021-10-29,1,1782.988,1787.168891666666666666666667,1792.1964875,False,False,偏空,False,1833.908,1721.548,0.02855880129311021723085068436,0.03445900925861531317092431357,2.308013533834586466165413534,0.5998123041126547164323734792,False,51.33892571202058450477486518,7.231518514376435543916287,5.467503979150696469849908717,1.764014535225739074066378283,1778.4027,1812.770876216377848408082912,1744.034523783622151591917088,19.41056464588196146020814643,3.697619
2021-10-31,0,1779.958,1786.388675,1791.8829875,False,False,偏空,False,1833.908,1721.548,0.03030970393683446463343517094,0.03281538103708065021758940379,1.961157894736842105263157895,0.4797912874349098000948408009,False,50.01898608624672332212840752,6.103382051276413826391464,5.594679593575839941158219774,0.508702457700573885233244226,1779.6492,1812.301381535695283464074931,1746.997018464304716535925069,18.35152431403324992733613597,0.578183
2021-11-01,1,1791.978,1785.765508333333333333333333,1791.6131375,True,True,偏多,False,1830.098,1721.548,0.02127258258750944487041693592,0.03930293787088903993240988450,1.773475187969924812030075188,0.4277780526587115578689045688,False,54.96549921138809151129829682,6.108820639431366454240774,5.697507802746945243774730619,0.411312836684421210466043381,1781.4177,1812.688694106999540669399545,1750.146705893000459330600455,18.16998686303087493252641197,3.697619
2021-11-02,1,1787.038,1785.17595,1791.328316666666666666666667,True,False,盤整,False,1828.378,1721.548,0.02313325178311821013319246709,0.03664723413827797730098632486,1.418927819548872180451127820,0.3259564077657486000966459123,False,52.65889535925867908842785187,5.649391377849846530712561,5.687884517767525501162296695,-0.038493139917678970449735695,1783.0757,1811.737691480704895359900217,1754.413708519295104640099783,17.58884494424295529448881111,3.697619
2021-11-03,1,1777.164,1784.829916666666666666666667,1791.019645833333333333333333,False,False,偏空,False,1827.128,1721.548,0.02811445651611218773281475429,0.03129480453126441904067379263,0.8627218045112781954887218045,0.1536592737753246791553615649,False,48.29627585155790022032112729,4.437389632988543496259259,5.437785540811729100181689156,-1.000395907823185603922430156,1784.274,1809.655495464215657598258559,1758.892504535784342401741441,18.39421316251131563059675317,3.697619
2021-11-04,1,1791.214,1784.951383333333333333333333,1790.817133333333333333333333,True,True,偏多,False,1813.748,1721.548,0.01258029470515527457914018091,0.03889317524315910885019880372,0.5832962406015037593984962406,0.0854884261694337991442642380,False,54.12078647447198461318407107,4.558044794330958002072093,5.261837391515574880559769925,-0.703792597184616878487676925,1785.8198,1808.826871222561119372095391,1762.812728777438880627904609,19.09034079376050737126841366,3.697619
2021-11-05,1,1817.588,1785.404633333333333333333333,1790.708020833333333333333333,True,True,偏多,False,1818.128,1721.548,0.0002970970318906154750141396180,0.05283925730143464855621846095,1.128993984962406015037593985,0.2362181705919362747954672882,True,62.63088821411360915996505044,6.704540492883209161873350,5.550378011789101736822485940,1.154162481094107425050864060,1787.1173,1813.906564962667415448058730,1760.328035037332584551941270,20.10060216563475684474924126,3.697619
2021-11-07,0,1815.713,1785.791425,1790.577458333333333333333333,True,True,偏多,False,1818.423,1721.548,0.001492526627280853306662451610,0.05186116968926256517412168112,1.666515037593984962406015038,0.4276765261747971289692552722,True,61.75390124530016086013241835,8.160290222599266803747573,6.072360453951134750207503352,2.087929768648132053540069648,1788.13855,1817.527045282848354772791329,1758.750054717151645227208671,18.92198772523227421298143831,0.578183
2021-11-08,1,1824.508,1786.133175,1790.446670833333333333333333,True,True,偏多,False,1826.403,1721.548,0.001038636169312494108000622634,0.05643165171103661918720005612,1.846912030075187969924812030,0.4525509454295646140941719638,True,64.28046151996653620418833770,9.909435563857155078107747,6.839775475932338815787552082,3.069660087924816262320194918,1791.03105,1822.693046194017837068090699,1759.369053805982162931909301,18.57684574485854034062562129,3.697619
2021-11-09,1,1829.813,1786.569633333333333333333333,1790.330954166666666666666667,True,True,偏多,True,1832.633,1721.548,0.001541141089280707919333833567,0.05916724823793469605910549329,2.082670676691729323308270677,0.4858876241468121644109240311,True,65.75018288007643755943981790,11.590111423089322186759077,7.789842665363735489981857066,3.800268757725586696777219934,1793.978,1828.435082610110798525609532,1759.520917389889201474390468,18.22064247736864460200950549,3.697619
2021-11-10,1,1848.444,1787.163125,1790.38145,True,True,偏多,False,1868.458,1721.548,0.01082748517131165455918599644,0.06865017279398239816840542640,2.385587969924812030075187970,0.4953690392176417659778957373,True,70.36238085699103949124977710,14.261032835045130352377537,9.084080699300014462460993053,5.176952135745115889916543947,1798.206,1837.295204008268062966076760,1759.116795991731937033923240,20.22559658612802713043739796,3.697619
2021-11-11,1,1862.198,1787.888541666666666666666667,1790.498004166666666666666667,True,True,偏多,False,1868.458,1721.548,0.003361618904112237259410653432,0.07552902537753772692270102320,2.832264661654135338345864662,0.5119369019567019180381182041,True,73.22853390236615419449459267,17.288301373357571161880575,10.72492483411152580234490944,6.56337653924604535953566556,1802.886,1848.537119920545213279399682,1757.234880079454786720600318,20.43448254426173947826329811,3.697619
2021-11-12,1,1864.448,1788.584458333333333333333333,1790.784141666666666666666667,True,True,偏多,False,1868.568,1721.548,0.002209769325827268982562130990,0.07664466909240697514760400934,3.371963909774436090225563910,0.5641859198757382951791224090,True,73.67700001191707135607974633,19.642562463222217708791723,12.50845235993366418363427215,7.13411010328855352515745085,1807.040,1858.812318762056620868991288,1755.267681237943379131008712,20.65201950538590094410163396,3.697619
2021-11-14,0,1865.438,1789.281125,1790.998266666666666666666667,True,True,偏多,False,1869.364,1721.548,0.002104599563212500227828531423,0.07713469973271692760627798941,3.851336842105263157894736842,0.6172600000281188888428787225,True,73.88429868709664832038345473,21.342196508407086453992290,14.27520118962834863770587572,7.06699531877873781628641428,1811.0837,1867.616859445054899567226876,1754.550540554945100432773124,19.52801811214405087666580296,0.578183
2021-11-15,1,1862.258,1789.983125,1791.183154166666666666666667,True,True,偏多,False,1870.468,1721.548,0.004408626516841382880352776039,0.07555881086294165470090610431,4.275203007518796992481203008,0.6763424086726175531797886882,True,71.92492544817004681185431774,22.176927495279481209303363,15.85554645075857515202537318,6.32138104452090605727798982,1814.6152,1874.566589403749434704393538,1754.663810596250565295606462,19.14387396127661867118967418,3.697619
2021-11-16,1,1850.208,1790.723541666666666666666667,1791.265779166666666666666667,True,True,偏多,False,1877.118,1721.548,0.01454431069371659835002334873,0.06953812760511250626956536779,4.463031578947368421052631579,0.7095105880287442031776261961,False,64.90127549201193644256955151,21.616936929492559935438211,17.00782454650537210870794074,4.60911238298718782673027026,1817.4102,1878.515142512369652011758228,1756.305257487630347988241772,19.76145439261400305181898316,3.697619
2021-11-17,1,1866.378,1791.542208333333333333333333,1791.392208333333333333333333,True,True,偏多,False,1877.118,1721.548,0.005754461314910484371333138303,0.07759950020842508859405758105,5.010484210526315789473684211,0.8025402104193973992738225849,False,69.24188582382266165575387789,22.221765552542777627590150,18.05061274771285321248438259,4.17115280482992441510576741,1820.3402,1884.842042077881775794359710,1755.838357922118224205640290,19.67306479314157426240334151,3.697619
2021-11-18,1,1859.448,1792.242375,1791.465220833333333333333333,True,True,偏多,False,1877.118,1721.548,0.009502820191798856434812912219,0.07416179425291807030903795105,5.144869172932330827067669173,0.8228438048037084296948562801,False,65.50311115709199458344520149,21.889574125558842456169701,18.81840502328205106122144627,3.07116910227679139494825473,1823.6392,1889.048794136028699256994264,1758.229605863971300743005736,19.40113159363146181508881711,3.697619
2021-11-19,1,1845.175,1792.72735,1791.542345833333333333333333,True,True,偏多,False,1877.118,1721.548,0.01731163710759142086793935535,0.06700014903735418049778476296,5.024293984962406015037593985,0.7993049521750334324904943923,False,58.49723498510100818509977557,20.241269456263065983334083,19.10297790987825404564397362,1.13829154638481193769010938,1826.07205,1890.882436567200785367049574,1761.261663432799214632950426,19.64383647980064311401104446,3.697619
2021-11-21,0,1844.878,1793.2171,1791.630804166666666666666667,True,True,偏多,False,1877.118,1721.548,0.01747541029813353511722726381,0.06684994888550896048410789223,4.873139097744360902255639098,0.7686340065594363723034435035,False,58.35736578993037723914882232,18.695500618994146342413480,19.02148245170143250499787490,-0.32598183270728616258439490,1828.34175,1892.444229867396705887325782,1764.239270132603294112674218,18.84070530267202574872454129,0.578183
2021-11-22,1,1808.928,1793.365516666666666666666667,1791.581495833333333333333333,True,True,偏多,False,1877.118,1721.548,0.03769635939075518760282332962,0.04830485237665622954589679633,3.879687969924812030075187970,0.5315210776234287650497856301,False,44.49043085858665496392096341,14.403567762227965468844193,18.09789951380673909776713852,-3.69433175157877362892294552,1829.63875,1891.009633154391708655741521,1768.267866845608291344258479,20.84065492390973819524421691,3.697619
2021-11-23,0,1790.718,1793.326266666666666666666667,1791.465341666666666666666667,False,False,偏空,False,1877.118,1721.548,0.04824880299410627468981715714,0.03862696415627697940155848101,2.539244360902255639097744361,0.2399045009255177803138273870,False,39.38521871333734523768227329,9.424149509636479422955502,16.36314951297268716280481122,-6.93900000333620773984930922,1830.17675,1889.964349844365721117572634,1770.389150155634278882427366,21.52767957220189975272677284,0.578183
2021-11-24,0,1789.528,1793.211933333333333333333333,1791.470604166666666666666667,False,False,偏空,False,1877.118,1721.548,0.04894586729014578145745693837,0.03798767049188389340652954299,1.355409774436090225563909774,0.0676252677709659087374637354,False,39.06971164947248800083307206,5.320569402795440732610168,14.15463349093723787676588258,-8.83406408814179714415571458,1830.05425,1890.163586588836180566625727,1769.944913411163819433374273,21.26763103133033548467486049,0.578183
2021-11-25,0,1792.528,1793.119266666666666666666667,1791.530783333333333333333333,False,True,盤整,False,1877.118,1721.548,0.04719033677577142449099818803,0.03959770781823212803370435497,0.1401165413533834586466165414,0.0007408765474855370107554197,False,40.36666366952294326738954129,2.284196733301231607893908,11.78054613941003662299148766,-9.49634940610880501509757966,1830.32875,1889.695367548501110473808300,1770.962132451498889526191700,20.26637167194959723576951331,0.578183
2021-11-26,0,1792.665,1792.992825,1791.619195833333333333333333,False,True,盤整,False,1877.118,1722.098,0.04711030783777225527357314389,0.03936429840488881079286983346,-1.237380451127819548872180451,0.0628432621025912651580765613,False,40.42902414054523505222708232,-0.109829679929857952586284,9.402470975542057707875933328,-9.512300655471915660462217328,1831.1038,1888.028363708824330347235768,1774.179236291175669652764232,21.32234512395319743321454807,0.578183
2021-11-28,0,1795.425,1792.901633333333333333333333,1791.669308333333333333333333,True,True,偏多,False,1877.118,1745.77,0.04550064747900914825180667530,0.02765640447247866104125764095,-2.376916541353383458646616541,0.2365478798396351601116314199,False,41.75057868553186005512337106,-1.764068839242764497662374,7.169163012585093266768271862,-8.933231851827857764430645862,1831.31435,1887.675549005255379680375332,1774.953150994744620319624668,21.22803475795654047369922321,0.578183
2021-11-29,0,1786.685,1792.732358333333333333333333,1791.684033333333333333333333,False,False,偏空,False,1877.118,1745.77,0.05061496570464295608906998156,0.02289995158631767771039662839,-3.231210526315789473684210526,0.3936312018128561672498123012,False,38.81409949957882433167908728,-3.737229789254383420469426,4.987884452217197929320732290,-8.725114241471581349790158290,1829.7692,1889.163711856231296077746710,1770.374688143768703922253290,21.01531798953107329700642155,0.578183
2021-11-30,0,1773.098,1792.458608333333333333333333,1791.528879166666666666666667,False,False,偏空,False,1877.118,1745.77,0.05866568006957314260125497857,0.01541257166834546088259080998,-4.262739097744360902255639098,0.5876764749342304958629744233,False,34.72520359585981494964299352,-6.324427345083949432122023,2.725422092756968457032181232,-9.049849437840917889154204232,1827.63845,1891.766113972656917607760949,1763.510786027343082392239051,22.2899381331359966329345343,0.578183
2021-12-01,0,1781.645,1792.086833333333333333333333,1791.428629166666666666666667,False,False,偏空,False,1877.118,1745.77,0.05358699404202296192563613964,0.02013588565623342472827078346,-4.969216541353383458646616541,0.7273771979791110076793218990,True,39.07329853057530899720360319,-7.597548765234362125785773,0.660827921158702340468590386,-8.258376686393064466254363386,1825.4953,1892.689827039335577125594711,1758.300772960664422874405289,22.26794255219771115915349614,0.578183
2021-12-02,0,1768.885,1791.582475,1791.286629166666666666666667,False,False,偏空,False,1877.118,1745.77,0.06118713200688569353010512272,0.01306755385454679077497971886,-5.709760902255639097744360902,0.8476663735977954167276336122,True,35.29349038889768395262675894,-9.526318552927883613690012,-1.376601373658614850363130092,-8.149717179269268763326881908,1822.4489,1893.969519116168170933370669,1750.928280883831829066629331,22.11023236989787464778538927,0.578183
2021-12-03,0,1782.788,1791.342808333333333333333333,1791.34085,False,False,偏空,True,1877.118,1750.068,0.05291150714498863577722084735,0.01835327588025048407326053350,-5.865896240601503759398496241,0.8714323924525427603781577874,True,41.88957563054096744698308578,-9.819829713623059894940455,-3.065247041651503859278595074,-6.754582671971556035661859926,1819.1661,1891.633611398971056428460032,1746.698588601028943571539968,21.95793005776231217294357575,0.578183
2021-12-05,0,1782.775,1791.069366666666666666666667,1791.5474625,False,False,偏空,False,1877.118,1750.068,0.05291918497847456914080576629,0.01834611770975024890970537505,-5.706318045112781954887218045,0.8520120399044957655677284462,True,41.88527611838362285495193346,-9.938918745921297039567549,-4.439981382505462495336385859,-5.498937363415834544231163141,1815.19495,1886.489926172167979763105515,1743.899973827832020236894485,20.72572076792214701773332034,0.578183
2021-12-06,0,1780.825,1790.814758333333333333333333,1791.721379166666666666666667,False,False,偏空,False,1877.118,1750.068,0.05407212949054511251807448795,0.01727120856906209200791767860,-5.419637593984962406015037594,0.8199896641310060481201979338,True,41.20213738689057473866019205,-10.074513643067536431630743,-5.566887834617877282595257287,-4.507625808449659149035485713,1811.0138,1880.036489543656584463389409,1741.991110456343415536610591,20.10588357021342223075236889,0.578183
2021-12-07,0,1784.598,1790.606008333333333333333333,1791.9701,False,False,偏空,True,1877.118,1750.068,0.05184360847653084896430456607,0.01934889538148087132228098429,-4.937676691729323308270676692,0.7637003781019947062626235712,True,43.13469210085098033856858923,-9.764959632078777705393863,-6.406502194110057367154978430,-3.358457437968720338238884570,1806.9718,1872.132684007508676523968120,1741.810915992491323476031880,19.77974902948389207141291397,0.578183
2021-12-08,0,1783.355,1790.4469,1792.165679166666666666666667,False,False,偏空,False,1877.118,1750.658,0.05257674439469427006961597663,0.01833454359900300276725609876,-4.402119548872180451127819549,0.6996243220140268292696774032,True,42.63749232938031599548579602,-9.510306664699222832069882,-7.027263088227890460137959144,-2.483043576471332371931922856,1803.02665,1863.721969728212981875141418,1742.331330271787018124858582,19.3326240988064712091691344,0.578183
2021-12-09,0,1776.218,1790.190066666666666666666667,1792.440029166666666666666667,False,False,偏空,False,1877.118,1757.829,0.05680609024342732705107143380,0.01035289587201570978337118529,-4.040131578947368421052631579,0.6523764988049974644398299823,True,39.80072051206834541214898644,-9.771746001769950805026080,-7.576159670936302529115583315,-2.195586330833648275910496685,1799.32715,1857.013382510972667957468019,1741.640917489027332042531981,18.97793666317743755137133909,0.578183
2021-12-10,0,1782.288,1790.028316666666666666666667,1792.807083333333333333333333,False,False,偏空,False,1877.118,1758.644,0.05320688912229673318790229189,0.01326609391972565601070085194,-3.224850375939849624060150376,0.5725231048353555841724646704,True,43.25845456701341912875230915,-9.381001938201205475518531,-7.937128124389283118396172852,-1.443873813811922357122358148,1795.12265,1844.274388216567682236368112,1745.970911783432317763631888,19.01022690152190629770195773,0.578183
2021-12-12,0,1783.098,1789.885816666666666666666667,1793.155833333333333333333333,False,False,偏空,False,1877.118,1758.644,0.05272845351180922192723002325,0.01371433314377560851955416920,-2.380967669172932330827067669,0.4836389946040562252570386453,True,43.72298307733348835074598052,-8.903342037249040838718958,-8.130370906961234662460729882,-0.772971130287806176258228118,1791.30515,1830.788924587924088188039808,1751.821375412075911811960192,17.83235355141319870500896075,0.578183
2021-12-13,0,1785.668,1789.786233333333333333333333,1793.4807625,False,False,偏空,False,1877.118,1758.644,0.05121332744944748967893247793,0.01513383226893241072808607199,-1.610921804511278195488721805,0.3634929571031897680833243583,True,45.25439924358343308164224278,-8.222630239782256113719646,-8.148822773525438952712513106,-0.073807466256817161007132894,1788.3298,1819.144098133171879856962025,1757.515501866828120143037975,17.25554258345511308322260641,0.578183
2021-12-14,0,1772.358,1789.557483333333333333333333,1793.8466125,False,False,偏空,False,1877.118,1758.644,0.05910769720338667470116082642,0.007737714389530783284189763016,-0.9462240601503759398496240602,0.3861109025315257150692561148,False,39.29110764698083718658949451,-8.657370224789393367766115,-8.250532263778229835723233485,-0.406837961011163532042881515,1784.7038,1802.265387622991265307682140,1767.142212377008734692317860,17.66993239892260500584956309,0.578183
2021-12-15,0,1779.345,1789.308375,1794.111616666666666666666667,False,False,偏空,False,1877.118,1752.928,0.05494887163534896268008733551,0.01484647440490742379920701157,-0.6402909774436090225563909774,0.2899739235774997992310469472,True,43.50002924942159364373612426,-8.341951464042399554067296,-8.268816103831063779392045988,-0.073135360211335774675250012,1783.22465,1796.937373847215767511144332,1769.511926152784232488855668,18.43736579899956179114602287,0.578183
2021-12-16,0,1798.648,1789.045958333333333333333333,1794.411883333333333333333333,True,True,偏多,False,1877.118,1752.928,0.04362721332912276332000480361,0.02541909256285832469721702078,-0.3016413533834586466165413534,0.0540827837723639279205504023,True,53.16144491363471936485481733,-6.459923073553530901692810,-7.907037497775557203852198790,1.447114424222026302159388790,1783.62115,1798.579620259688990002374189,1768.662679740311009997625811,18.87091109907102166320702124,0.578183
2021-12-17,0,1797.708,1788.915208333333333333333333,1794.724854166666666666666667,True,True,偏多,False,1877.118,1752.928,0.04417291350986923349064475432,0.02490949586918453942464515928,-0.007134586466165413533834586466,0.0000264663969175751581069893,True,52.68894711372405086769237603,-4.986767803813778756365874,-7.322983558983201514354933832,2.336215755169422757989059832,1784.03015,1800.023786287911514214371266,1768.036513712088485785628734,18.83656030628023440154937686,0.578183
2021-12-19,0,1799.948,1788.79965,1795.028979166666666666666667,True,True,偏多,False,1877.118,1752.928,0.04287346078886723394231388907,0.02612297688599892885794478507,0.3544398496240601503759398496,0.0573231239138082934555979382,True,53.74400405379078883978850514,-3.597067603261964069783620,-6.577800367838954025440671066,2.980732764576989955657051066,1784.40115,1801.473898358421967908554994,1767.328401641578032091445006,17.76587742726021765858156423,0.578183
2021-12-20,1,1791.515,1788.62565,1795.305145833333333333333333,True,False,盤整,False,1877.118,1752.928,0.04778246344574284892953729106,0.02153875351308808466577170719,0.5865481203007518796992481203,0.1589183579546708596100337139,True,49.28773963539910867406508484,-3.139996875157129610839876,-5.890239669302589142520512053,2.750242794145459531680636053,1784.34365,1801.312110169090181766893119,1767.375189830909818233106881,17.63045761102734496868288107,3.697619
2021-12-21,1,1790.455,1788.453958333333333333333333,1795.554466666666666666666667,True,False,盤整,False,1877.118,1752.928,0.04840278029886257962361522630,0.02095947678104169052000748413,0.8488218045112781954887218045,0.3541356121466951769458555868,False,48.74067216015630427088939653,-2.830667992737021363965548,-5.278325333989475586809519242,2.447657341252454222843971242,1784.09515,1800.544833513976796264944829,1767.645466486023203735055171,17.48542492452539175663410385,3.697619
2021-12-22,1,1803.568,1788.387708333333333333333333,1795.854395833333333333333333,True,True,偏多,False,1877.118,1752.928,0.04078027554270202177017999876,0.02807767713776247970689211607,1.167897744360902255639097744,0.5300687901904539342374402419,True,55.34399778529191388208855283,-1.510006697476400699161267,-4.524661606686860609279868794,3.014654909210459910118601794,1784.9393,1803.438993068805222747908339,1766.439606931194777252091661,17.60503742991643520258881071,3.697619
2021-12-23,1,1808.355,1788.428958333333333333333333,1796.104275,True,True,偏多,False,1877.118,1752.928,0.03802516651874217175278084226,0.03065050833492317603567883518,1.315439849624060150375939850,0.5593764912048375830747619932,True,57.49657993106380075985487369,-0.076223555064502449537842,-3.634973996362388977331463435,3.558750441297886527793621435,1786.70215,1806.985734676037911815109741,1766.418565323962088184890259,17.19403475635097554526103851,3.697619
2021-12-26,0,1807.178,1788.800708333333333333333333,1796.404541666666666666666667,True,True,偏多,False,1877.118,1752.928,0.03870122367580835977418937150,0.03001917907367176891263616534,1.528102255639097744360902256,0.6421445861841078714460885171,True,56.77195798257270572381191380,0.954087722381452047455301,-2.717161652613620772374110548,3.671249374995072819829411548,1787.9788,1809.970653033339414347860625,1765.986946966660585652139375,16.17203227375447729202810719,0.578183
2021-12-27,1,1812.274,1789.5782,1796.685441666666666666666667,True,True,偏多,False,1877.118,1752.928,0.03578046145340053435628387319,0.03274670386486811596921878259,1.573695488721804511278195489,0.6458973810743580442180735310,True,59.17119827422410522475199955,2.156957381663821501823658,-1.742337845758132317534556838,3.899295227421953819358214838,1790.14825,1812.730372476640675593145462,1767.566127523359324406854538,15.76924425420058605688324239,3.697619
2021-12-28,1,1806.428,1790.203475,1796.970191666666666666666667,True,True,偏多,False,1877.118,1752.928,0.03913247580307656878657771027,0.02961645855799400806453398641,1.690048872180451127819548872,0.6950756350437833658811023433,False,55.37428736943333435647535732,2.608448341139594476023098,-0.8721806083785869588230258704,3.480628949518181434846123870,1791.33025,1814.708341358149835068412892,1767.952158641850164931587108,15.72722680747197276710586794,3.697619
2021-12-29,1,1804.485,1790.8507,1797.242220833333333333333333,True,True,偏多,False,1877.118,1752.928,0.04025137366062893290883548492,0.02857158690706766750624139297,1.742890977443609022556390977,0.7191439056316126056638379653,False,54.13101890741102828225113774,2.777457516328424077164846,-0.1422529834371847516254514964,2.919710499765608828790297496,1792.41575,1816.117921705352233398329352,1768.713578294647766601670648,15.90599632122397471231259166,3.697619
2021-12-30,1,1815.588,1791.378641666666666666666667,1797.61115,True,True,偏多,False,1877.118,1752.928,0.03388984725609554590578919887,0.03451223515467165458242729077,1.890911278195488721804511278,0.7545621173282062704047524720,True,59.69930482490580021300302818,3.763929576475473775185705,0.6389835285453469537367798028,3.124946047930126821448925197,1794.1539,1819.258278477867162684591804,1769.049521522132837315408196,16.27342515542226223286169226,3.697619
2021-12-31,1,1829.058,1792.009725,1798.00515,True,True,偏多,False,1877.118,1752.928,0.02627582066834403283001413843,0.04162251825803227672386550891,2.238658646616541353383458647,0.7974332151939889631799008341,True,65.21616345098025607229071992,5.568442676858769421496228,1.624875358208031447288669442,3.943567318650737974207558558,1796.3769,1825.288127873613393108491026,1767.465672126386606891508974,16.22889478717781493051442853,3.697619
2022-01-02,0,1828.354,1792.419191666666666666666667,1798.42655,True,True,偏多,False,1877.118,1752.928,0.02667098384667301846360168764,0.04125349904887127985061973775,2.489865413533834586466165414,0.8360592649797005640166697961,True,64.71751907578271363603993017,6.862617411610824193716765,2.672423768888589996574288554,4.190193642722234197142476446,1798.62685,1830.030719285646951947319275,1767.222980714353048052680725,15.33583087380797100690625506,0.578183
2022-01-03,1,1804.028,1792.629608333333333333333333,1798.727466666666666666666667,True,True,偏多,False,1877.118,1752.928,0.04051489223005407898325303155,0.02832550270838368362353577661,2.213200751879699248120300752,0.7370615836845129204394040213,False,50.38250403395908318283087265,5.857829897110458853505314,3.309504994532963767960493643,2.548324902577495085544820357,1800.01735,1829.747338525224828952821627,1770.287361474775171047178373,16.61677152567883022069866541,3.697619
2022-01-04,0,1813.788,1792.849441666666666666666667,1799.072354166666666666666667,True,True,偏多,False,1877.118,1752.928,0.03491587771007416522768923380,0.03355408680617580444903152959,2.129987218045112781954887218,0.7107107379338562881754838100,False,54.71642326760004232799145227,5.782422814272731491761239,3.804088558480917312720642714,1.978334255791814179040596286,1801.59235,1830.730124584034381948735012,1772.454575415965618051264988,16.73700213098748520493447502,0.578183
2022-01-05,1,1810.178,1793.050525,1799.482020833333333333333333,True,True,偏多,False,1877.118,1752.928,0.03697978872795934985399225932,0.03162672400172800685899397739,1.960623308270676691729323308,0.6487951803855120414532793086,False,52.87670048964095699791331761,5.369469426701603427810625,4.117164732125054535738639171,1.252304694576548892071985829,1802.94635,1831.017885841667088949651513,1774.874814158332911050348487,17.07121626448837911886772681,3.697619
2022-01-06,1,1791.278,1793.082941666666666666666667,1799.9231875,False,False,偏空,False,1877.118,1752.928,0.04792109320831272421142893510,0.02140929548623943352176490751,1.521116541353383458646616541,0.4074780021412359823434567269,False,44.45019282836466795965117493,3.477047605365801059441219,3.989141306773203840479155137,-0.512093701407402781037936137,1803.22685,1830.708083707932400610113021,1775.745616292067599389886979,17.64827224559635203894860346,3.697619
2022-01-07,1,1795.808,1793.223608333333333333333333,1800.291729166666666666666667,True,False,盤整,False,1877.118,1752.928,0.04527766888219676045546071740,0.02387783103761649352269284912,0.9277300751879699248120300752,0.2007732662813063960733137545,False,46.64491800441470883985937672,2.316123983460362724571272,3.654537842110635617297578510,-1.338413858650272892726306510,1804.39935,1828.277161208525793183407675,1780.521538791474206816592325,17.53196708519661260759513179,3.697619
2022-01-09,0,1795.048,1793.345191666666666666666667,1800.567741666666666666666667,True,False,盤整,False,1877.118,1752.928,0.04572022586582642915398362606,0.02346455359411001822792482429,0.3985443609022556390977443609,0.0459618073242495446913517732,False,46.31431037979818725349984331,1.319547083295584966772068,3.187539690347625487192476408,-1.867992607052040520420408408,1805.1845,1826.623471164680454413608469,1783.745528835319545586391531,16.45204086482542599276690809,0.578183
2022-01-10,0,1801.088,1793.533108333333333333333333,1800.872408333333333333333333,True,True,偏多,True,1877.118,1752.928,0.04221337324994669888422997655,0.02673939307796176533295430318,0.2368150375939849624060150376,0.0164153439909477860510310513,False,49.38473257470694746663805912,1.005539003869669800783836,2.751139553052034349910748326,-1.745600549182364549126912326,1805.3065,1826.622715531843357677304411,1783.990284468156642322695589,16.17782366019503842185498609,0.578183
2022-01-11,0,1820.588,1793.665275,1801.252741666666666666666667,True,True,偏多,False,1877.118,1752.928,0.03105040789019811181881897497,0.03716381740404748356025635674,0.3351458646616541353383458647,0.0308462060763489502628508568,True,57.78009047158208290569305760,2.303617699432047721439394,2.661635182328037024216477461,-0.358017482895989302777083461,1806.4505,1828.457396841672157936039198,1784.443603158327842063960802,16.60605054160967853457962994,0.578183
2022-01-12,0,1825.168,1793.860775,1801.5944625,True,True,偏多,False,1877.118,1752.928,0.02846313325677417092563533877,0.03957991812260569985886230747,0.4998676691729323308270676692,0.0615921870457112139435704785,True,59.48006332848571561969446674,3.659734994252348967292730,2.861255144712899412831727969,0.798479849539449554461002031,1807.7115,1830.939833659563270532075896,1784.483166340436729467924104,16.37747550292327292496679923,0.578183
2022-01-13,1,1820.728,1794.103883333333333333333333,1801.9444625,True,True,偏多,False,1877.118,1752.928,0.03097112803230356209164685774,0.03723785211190249175055252624,0.4300834586466165413533834586,0.0480078639661284866962610328,True,57.08059322964101404310940590,4.326325638407828872536310,3.154269243451885304772644375,1.172056394955943567763665625,1809.17215,1831.809332309421815494926447,1786.534967690578184505073553,16.33837010985732485889774214,3.697619
2022-01-14,0,1817.418,1794.303883333333333333333333,1802.208475,True,True,偏多,False,1870.814,1752.928,0.02938014259790538005015907183,0.03548440699938043972272751783,0.2523473684210526315789473684,0.0188750807336889580951258215,True,55.28990702941610185378254163,4.535234825271434737071465,3.430462359815795191232408500,1.104772465455639545839056500,1810.5203,1831.702945180430134372854915,1789.337654819569865627145085,16.20491510201037308326218913,0.578183
2022-01-16,0,1816.268,1794.3048,1802.513641666666666666666667,True,True,偏多,False,1870.814,1752.928,0.03003191159013978113362124973,0.03487370806510933408505793198,0.2246842105263157894736842105,0.0151210727739296011767849620,True,54.64845610443646866533947333,4.555488634634414434504176,3.655467614779519039886762000,0.900021019854895394617414000,1811.1553,1832.227363801156259786918998,1790.083236198843740213081002,15.29642116615248929160060419,0.578183
2022-01-17,0,1818.938,1794.30955,1802.835558333333333333333333,True,True,偏多,False,1865.668,1752.928,0.02569081518996249459849648531,0.03629040681980364366459989290,0.2916503759398496240601503759,0.0249482459085403324266422122,True,55.92692175757780465702477980,4.732434056390202921843147,3.870860903101655816278039000,0.861573153288547105565108000,1811.68445,1832.978994413769457303120372,1790.389905586230542696879628,14.92439108285588291362913246,0.578183
2022-01-18,0,1814.158,1794.3413,1803.178433333333333333333333,True,True,偏多,False,1848.984,1752.928,0.01919678440356352644036517216,0.03375119476914359168275310089,0.2558323308270676691729323308,0.0193384711039610221523748848,False,53.04398918455061060506501836,4.435825095584735748996550,3.983853741598271802821741200,0.451971353986463946174808800,1812.03345,1833.249776010645669751838035,1790.817123989354330248161965,15.07164886265189127694133729,0.578183
2022-01-19,0,1838.414,1794.541016666666666666666667,1803.561220833333333333333333,True,True,偏多,True,1848.984,1752.928,0.005749521054561159782290604837,0.04649986346927297115883582262,0.6364954887218045112781954887,0.0925050209315749205441650409,True,63.36432329674423449986919982,6.087840011243304365723614,4.404650995527278315402115760,1.683189015716026050321498240,1813.34045,1837.474960647411105111702309,1789.205939352588894888297691,16.36474537246247047144552749,0.578183
2022-01-20,0,1838.808,1794.7556,1803.987345833333333333333333,True,True,偏多,True,1847.804,1752.928,0.004892299794214512880083184324,0.04670416922267033861066517004,0.8911736842105263157894736842,0.1526069721533112242698791087,True,63.50463760682139661313632522,7.344206796887558360416060,4.992562155799334324404904608,2.351644641088224036011155392,1814.95945,1841.268246775793453226527697,1788.650653224206546773472303,16.05269213157229400919941839,0.578183
2022-01-21,0,1834.328,1794.963183333333333333333333,1804.281025,True,True,偏多,False,1847.804,1752.928,0.007346559612021405114025408760,0.04437592404411860910371536606,1.002481203007518796992481203,0.1815224745289578295600006218,True,60.65975171699116315067163693,7.887466166872229628503690,5.571542958013913385224661686,2.315923208858316243279028314,1816.4516,1843.587039310245190869178891,1789.316160689754809130821109,15.95778555074570157997088851,0.578183
2022-01-23,0,1834.598,1795.0241,1804.526233333333333333333333,True,True,偏多,False,1847.804,1752.928,0.007198307204085036612925556443,0.04451656439176320916080798082,1.248079699248120300751879699,0.2594781591668149461862611508,True,60.77380453777211805492453023,8.244749534616661765854355,6.106184273334463061350600349,2.138565261282198704503754651,1817.4021,1845.658558928181358372648227,1789.145641071818641627351773,15.21222943997815146711582504,0.578183
2022-01-24,0,1843.538,1795.15785,1804.804829166666666666666667,True,True,偏多,True,1847.804,1752.928,0.002314028785953964605014922394,0.04915005820330256278959262028,1.805490225563909774436090226,0.4786534586249530322660758965,True,64.44899042864716031617776002,9.143877534591739232258957,6.713722925585918295532271679,2.430154609005820936726685321,1818.1261,1848.222209714712298675990476,1788.029990285287701324009524,15.17207019426542636232183754,0.578183
2022-01-25,0,1849.398,1795.3741,1805.1273,True,True,偏多,True,1853.748,1752.928,0.002352116742853620475419568962,0.05216292004208937178476455582,2.413724812030075187969924812,0.7201287760252092053846134624,True,66.65438658853857043208219688,10.211583203693674691894939,7.413294981207469574804805143,2.798288222486205117090133857,1819.1783,1851.980916951090960175645526,1786.375683048909039824354474,15.43906518038932447929884914,0.578183
2022-01-26,0,1821.828,1795.5926,1805.314758333333333333333333,True,True,偏多,False,1853.748,1752.928,0.01752086366001620350549009017,0.03781915746162645430852967459,2.212362406015037593984962406,0.6330339020280309344158128438,False,50.71434835655071208685639291,8.732417181437998203667918,7.677119421253575300577427714,1.055297760184422903090490286,1820.0683,1852.136058618899450609604046,1788.000541381100549390395954,16.80841766750437273077750277,0.578183
2022-01-27,0,1797.158,1795.64685,1805.330133333333333333333333,True,False,盤整,False,1853.748,1752.928,0.03148860589886921461552072773,0.02461108038358341336710517384,1.785909774436090225563909774,0.3778514234370221617357329387,False,41.21608109992124824695689917,5.506034489568872770399820,7.242902434916634794541906171,-1.736867945347762024142086171,1819.2368,1852.742971214270364615643650,1785.730628785729635384356350,17.7635306912540603928648240,0.578183
2022-01-28,0,1791.028,1795.61655,1805.363383333333333333333333,False,False,偏空,False,1853.748,1752.928,0.03501899467791681648751443305,0.02127269925428301511757493462,1.239893233082706766917293233,0.1620516214081101294865517842,False,39.24901779297660377266466144,2.426492101471194749800600,6.279620368227546785593644937,-3.853128266756352035793044937,1818.2793,1853.800155739128808325258566,1782.758444260871191674741434,17.86256421330734179337447943,0.578183
2022-01-30,0,1789.408,1795.636216666666666666666667,1805.415841666666666666666667,False,False,偏空,False,1853.748,1752.928,0.03595602568000143064074822511,0.02038663066220783633469840305,0.4011097744360902255639097744,0.0166835862032746872143264178,False,38.72304848222907903426433019,-0.143137884661985405937258,4.995068717649640347287464350,-5.138206602311625753224722350,1818.1858,1853.999101660695848219646049,1782.372498339304151780353951,16.84309534092824595099058804,0.578183
2022-01-31,0,1797.748,1795.723466666666666666666667,1805.511466666666666666666667,True,False,盤整,False,1853.748,1752.928,0.03115008332647289831500299263,0.02493119169093777325854346660,-0.2441924812030075187969924812,0.0062647283022014631699403155,False,42.96084785633893413413517106,-1.489450405026591107373616,3.698164893114394056355248280,-5.187615298140985163728864280,1818.2828,1853.862885540088292485875685,1782.702714459911707514124315,16.66480281657622838306268889,0.578183
2022-02-01,0,1800.578,1795.787133333333333333333333,1805.5973125,True,False,盤整,False,1853.748,1752.928,0.02952940666830317820166635380,0.02646372442626756519295470677,-0.8639834586466165413533834586,0.0813533477097182249018812119,False,44.36683729804971825176747343,-2.301524882178044678500409,2.498226938055906309384116824,-4.799751820233950987884525824,1818.5593,1853.492915335948267694865840,1783.625684664051732305134160,16.40395975824935492712963969,0.578183
2022-02-02,0,1807.755,1795.821608333333333333333333,1805.7321875,True,True,偏多,False,1853.748,1752.928,0.02544205381813354132611996648,0.03032877795940268454519556024,-1.294193233082706766917293233,0.1884322132360008345364139764,True,47.87588208043645593793812132,-2.339013149095245685183788,1.530778920625675910470535859,-3.869792069720921595654323859,1818.89265,1853.275935278024262700648140,1784.509364721975737299351860,16.40081977551725814662037971,0.578183
2022-02-03,0,1805.608,1795.910275,1805.823033333333333333333333,True,False,盤整,False,1853.748,1752.928,0.02666137943562500830745100819,0.02917576794077119729199250336,-1.457205263157894736842105263,0.2325029231947309922541862391,True,46.92240726350637847980525477,-2.512999533157494386315395,0.7220232298690418511133496872,-3.235022763026536237428744687,1818.14365,1852.996022161877303125820801,1783.291277838122696874179199,16.68197550583745399329035259,0.578183
2022-02-04,0,1807.558,1796.358441666666666666666667,1805.966741666666666666666667,True,True,偏多,False,1853.748,1752.928,0.02555381348758933323301382307,0.03022309657560089358128480525,-1.497518045112781954887218045,0.2436510919360676797794785889,True,47.93658103157386739816965225,-2.465119924851193575107220,0.0845945989249947658692357498,-2.549714523776188340976455750,1817.26315,1852.250713832167566336317016,1782.275586167832433663682984,17.11754868399192156519818455,0.578183
2022-02-06,0,1809.934,1796.828825,1806.139683333333333333333333,True,True,偏多,False,1853.748,1752.928,0.02420751253913126113990896906,0.03149617610365902845076118798,-1.547512030075187969924812030,0.2586743947059102916094233387,True,49.21001304899044307401602551,-2.209976414926300420170818,-0.3743196038452642713387750002,-1.835656811081036148832043000,1816.72345,1851.813431040034775145606616,1781.633468959965224854393384,16.22558092084964145339831423,0.578183
2022-02-07,0,1821.878,1797.394358333333333333333333,1806.360070833333333333333333,True,True,偏多,True,1853.748,1752.928,0.01749293860510967254667985452,0.03784556375344562039829231156,-1.462909022556390977443609023,0.2302255602763059212016841355,True,55.14888988855849044939576910,-1.032095016381996091714425,-0.5058746863526106354139050002,-0.5262203300293854563005199998,1816.94645,1852.107867073121498411927575,1781.785032926878501588072425,16.12518228364609563529843464,0.578183
2022-02-08,0,1825.838,1797.902358333333333333333333,1806.4991125,True,True,偏多,False,1853.748,1752.928,0.01528613162832628086391016070,0.03993234887213432955169078527,-1.346599248120300751879699248,0.1927641155723119252609990508,True,56.94637783772114510253185193,0.218405737649946001426218,-0.3610186015520993080458804002,0.5794243392020453094720984002,1817.42495,1852.796255814035195158147276,1782.053644185964804841852724,15.92695497767137451849140359,0.578183
2022-02-09,0,1832.508,1798.383058333333333333333333,1806.723779166666666666666667,True,True,偏多,False,1853.748,1752.928,0.01159067245545449187670667741,0.04342682269327064329323528192,-1.107236842105263157894736842,0.1259759957945641124582680277,True,59.86408242494586700082947869,1.727733613456738855010184,0.0567318414496683245653324798,1.671001772007070530444851520,1818.10345,1854.080243094854910928310729,1782.126656905145089071689271,15.58717247926627633859916048,0.578183
2022-02-10,0,1826.708,1798.881925,1806.896820833333333333333333,True,True,偏多,False,1853.748,1752.928,0.01480258475903100002846650915,0.04038959702371698158654804161,-1.046611278195488721804511278,0.1116851345325274316313451736,True,56.29166220392817081036117840,2.427888118850018283259614,0.5309630969297383163041887838,1.896925021920279966955425216,1818.73095,1854.848105998084899043495180,1782.613794001915100956504820,15.92408873074725660012779187,0.578183
2022-02-11,0,1857.898,1799.813425,1807.077070833333333333333333,True,True,偏多,False,1865.378,1752.928,0.004026055251687659925356505040,0.05649933419380396555677437620,-0.1762969924812030075187969925,0.0027018159501782020851656895,True,67.51747997800169744448632846,5.436865145937630162563188,1.512143506731316685555988627,3.924721639206313477007199373,1819.70515,1858.820105765154586200322348,1780.590194234845413799677652,17.96808239283673827154723531,0.578183
2022-02-13,0,1859.404,1800.726141666666666666666667,1807.1970125,True,True,偏多,False,1865.378,1775.418,0.003212857453248460259308896829,0.04516823670380401461973836778,0.6924533834586466165413533835,0.0360713019996143674123909626,True,67.94557090562362901741836223,7.852503954670800379538203,2.780215596319213424352431502,5.072288358351586955185771498,1820.73495,1862.781992404787521511585315,1778.687907595212478488414685,17.16464793620554268072243279,0.578183
2022-02-14,0,1870.948,1801.738641666666666666666667,1807.341983333333333333333333,True,True,偏多,True,1874.018,1780.158,0.001640879383072111036757836134,0.04852620169026611108379281519,1.624409774436090225563909774,0.1579524092142997269870533935,True,71.09070939655323374083824178,10.576500127271765075122181,4.339472502509723754506381402,6.237027624762041320615799598,1822.56595,1869.702553689595626189459096,1775.429346310404373810540904,17.60431594076228963209940188,0.578183
2022-02-15,0,1852.848,1802.585675,1807.411829166666666666666667,True,True,偏多,False,1879.378,1780.158,0.01431849779366683073840919493,0.03923149659335250382114452993,2.246990225563909774436090226,0.2829832951486928349781067171,True,60.98669879602293500012761122,11.146280602930392513826185,5.700834122593857506370342122,5.445446480336535007455842878,1823.47845,1872.191643771195088825917601,1774.765256228804911174082399,18.84543623070784037266373031,0.578183
2022-02-16,0,1869.788,1803.706866666666666666666667,1807.5549125,True,True,偏多,False,1879.378,1780.158,0.005128923706858745483445182021,0.04793591572948377035257473040,3.225284962406015037593984962,0.5096762480686584849803130882,True,65.87514927449796975839250263,12.817005698071136034020761,7.124068437689313211900425898,5.692937260381822822120335102,1824.79095,1876.892028658603604768420452,1772.689871341396395231579548,19.09290507137156606033060671,0.578183
2022-02-17,0,1899.878,1805.133116666666666666666667,1807.898079166666666666666667,True,True,偏多,False,1901.016,1780.158,0.0005989858296164280022190898573,0.06301457251465620424048280995,4.686489473684210526315789474,0.7904377026387760311632761307,True,72.47310271690626746812278097,16.380257488303101629227102,8.975306247812070895365761118,7.404951240491030733861340882,1827.31495,1888.105999727653165439873153,1766.523900272346834560126847,20.10898328055931134173556337,0.578183
2022-02-18,0,1897.768,1806.3397,1808.201495833333333333333333,True,True,偏多,False,1902.358,1780.158,0.002418630728308202056310360381,0.06197280173340471543413104236,5.606325563909774436090225564,0.9039308724617170377424186978,True,71.43014910138610083357412410,18.816990287051187475850564,10.94364305565989421146272169,7.87334723139129326438784231,1831.11195,1899.116273522773167866903218,1763.107626477226832133096782,19.80691304623364624589730884,0.578183
2022-02-20,0,1904.758,1807.5452,1808.460120833333333333333333,True,True,偏多,False,1906.348,1780.158,0.0008347517112410080440664903363,0.06541513410102490710105955717,6.122296992481203007518796992,0.9295524358845579823444898228,True,72.82533397302481815838882650,21.069279627528449179320792,12.96877037003360520503433575,8.10050925749484397428645625,1836.49195,1909.724350000204827371491021,1763.259549999795172628508979,19.08477640007410008547607249,0.578183
2022-02-21,0,1909.448,1808.765116666666666666666667,1808.7203,True,True,偏多,False,1914.023,1780.158,0.002395980408997783652657731449,0.06771066821405977015346843695,6.446674436090225563909774436,0.9410191602491934364886922454,True,73.75154074282795371121966268,22.967919086563016620167030,14.96860011333948748806087460,7.99931897322352913210615540,1842.41295,1919.054155250113336144984405,1765.771744749886663855015595,19.61943522864023579365635303,0.578183
2022-02-22,0,1898.148,1809.850058333333333333333333,1808.842270833333333333333333,True,True,偏多,False,1914.023,1780.158,0.008363415286900705319079439538,0.06216059021741191940775956353,6.405969172932330827067669173,0.9385799252696726722886546466,False,67.75912661473275715410586816,23.292289955190520835984828,16.63333808170969415764566528,6.65895187348082667833916272,1847.84995,1924.106127985721261822197000,1771.593772014278738177803000,19.82733271230879037982375639,0.578183
2022-02-23,0,1910.623,1811.111683333333333333333333,1809.011429166666666666666667,True,True,偏多,False,1914.023,1780.158,0.001779524270355794942277989954,0.06828400997999081974832292922,6.511643609022556390977443609,0.9440463639805633405441357740,False,70.59924235050155464070367881,24.276144169013317348822307,18.16189929917041879588099362,6.11424486984289855294131338,1853.4937,1930.783072537497029417556552,1776.204327462502970582443448,19.97609466142959106697920236,0.578183
2022-02-24,0,1906.398,1812.2991,1809.180566666666666666666667,True,True,偏多,False,1974.398,1780.158,0.03566936180168044658040975704,0.06621912108594322906339599601,6.431908270676691729323308271,0.9387024602788621539210514921,False,68.40155427081190989040846512,24.433281867375755444648567,19.41617581281148612563450830,5.01710605456426931901405870,1858.7847,1935.344657638703014109963906,1782.224742361296985890036094,25.43923075704176313362354505,0.578183
2022-02-25,0,1888.528,1813.4116,1809.241483333333333333333333,True,True,偏多,False,1974.398,1780.158,0.04546927554158582769225555565,0.05738331653012293172248438996,6.051080451127819548872180451,0.8931756407250978146887558373,False,59.90724819705068930889841777,22.852426424584209731183118,20.10342593516603084674423024,2.74900048941817888443888776,1862.82335,1936.663116121717910002482608,1788.983583878282089997517392,26.38285713153878005265043469,0.578183
2022-02-27,0,1910.038,1814.690183333333333333333333,1809.3629,True,True,偏多,False,1974.398,1780.158,0.03369566469358201250446326199,0.06799864714733424151770802466,5.822175187969924812030075188,0.8780801407268523016417299755,False,65.46635366787981242001281899,23.069335391917509132528614,20.69660782651632650390110699,2.37272756540118262862750701,1868.04485,1939.699439467179281300068019,1796.390260532820718699931981,27.52836733642886719174683221,0.578183
2022-02-28,0,1906.178,1815.95935,1809.4576625,True,True,偏多,False,1974.398,1780.158,0.03578889274768673229887240331,0.06611134951720143659196570310,5.411878947368421052631578947,0.8475147895325960635689474516,False,63.75789454164273843260045139,22.668459678096960126374475,21.09097819683245322839578059,1.57748148126450689797869441,1872.97585,1940.771253744722989886111219,1805.180446255277010113888781,27.59919824096966239233634419,0.578183
2022-03-01,0,1942.188,1817.534266666666666666666667,1809.727829166666666666666667,True,True,偏多,True,1974.398,1780.158,0.01658438832903920732699409120,0.08342652719510160705348812782,5.405226315789473684210526316,0.8475903706093131457677294851,True,71.28620521497892190408888550,24.968645831905966345183915,21.86651172384715585175340747,3.10213410805881049343050753,1879.58855,1947.297596182840295568257056,1811.879503817159704431742944,29.11425550947182936431231961,0.578183
2022-03-02,0,1928.668,1818.93735,1809.854829166666666666666667,True,True,偏多,False,1974.398,1780.158,0.02371066456227821480939176675,0.07700132941491226068976101641,5.195142105263157894736842105,0.8374927914652297487962877707,False,65.76284977965379140114788420,25.407724489939735133764714,22.57475427706567170815566878,2.83297021287406342560904522,1884.92805,1950.396598633599630150278487,1819.459501366400369849721513,29.46680868736669869543286821,0.578183
2022-03-03,0,1934.807,1820.130425,1810.0162,True,True,偏多,False,1974.398,1780.158,0.02046250607941774037410449724,0.07992993616417554825881857984,4.974697744360902255639097744,0.8297778960629735607923156687,False,67.01267759363248884108540409,25.951906065436964411042950,23.25018463473993024873312502,2.70172143069703416230982498,1890.3765,1953.357795313767563064159894,1827.395204686232436935840106,28.74039378112622021718766334,0.578183
2022-03-04,0,1969.848,1821.585091666666666666666667,1810.31595,True,True,偏多,True,1974.398,1780.158,0.002309822889887950745438226706,0.09629677010611986305542356568,5.196291729323308270676691729,0.8215177482332633957711497190,True,73.05830108709957155115296862,28.877804381676252711918572,24.37570858412719474137021442,4.50209579754905797054835758,1897.2435,1963.360154538777141608823638,1831.126845461222858391176362,29.62679422533149020167425881,0.578183
2022-03-06,0,1988.608,1823.434675,1810.674116666666666666666667,True,True,偏多,False,1991.358,1780.158,0.001382876866632337796086508754,0.1048220664907312049433573635,5.387780451127819548872180451,0.8070565216461706082169531206,True,75.63305721890830442828957142,32.337607286061150922440286,25.96808832451398597758422874,6.36951896154716494485605726,1905.3385,1974.503078560127148366737506,1836.173921439872851633262494,29.04702320923638375869752604,0.578183
2022-03-07,0,1998.608,1825.332458333333333333333333,1811.069366666666666666666667,True,True,偏多,True,2002.518,1780.158,0.001956361627692874240471368072,0.1093010735471888434350307814,5.971141353383458646616541353,0.8070938857520041495458229077,True,76.90032623971281059873533108,35.477480133815003925869660,27.86996668637418956724131499,7.60751344744081435862834501,1912.374,1989.025585791815161898013912,1835.722414208184838101986088,29.94652155143378491879055989,0.578183
2022-03-08,0,2043.648,1827.663825,1811.634575,True,True,偏多,False,2070.358,1780.158,0.01306976543905799824627333083,0.1289312053739195791055993987,7.010115789473684210526315789,0.7760986488519093549732297776,True,81.55363301304491483694295142,41.126127178251042559030911,30.52119878474956016559923419,10.60492839350148239343167681,1921.5862,2013.354470792469441627221392,1829.817929207530558372778608,34.19462715490280028173409133,0.578183
2022-03-09,0,1989.728,1829.506575,1812.0134625,True,True,偏多,False,2070.358,1780.158,0.04052312677913765097540970424,0.1053259541002589298637803760,7.184019548872180451127819549,0.7893323842274546056617645200,False,64.73990305037653774814003080,40.781720991661032456134103,32.57330322613185462370620795,8.20841776552917783242789505,1927.5252,2020.778318778086987904150504,1834.272081221913012095849496,37.68501092955260026161022766,0.578183
2022-03-10,0,1995.168,1831.288241666666666666666667,1812.3779625,True,True,偏多,False,2070.358,1780.158,0.03768604949558132447994354360,0.1077653611124476735793677525,6.971231578947368421052631579,0.7793629699949009548288438385,False,65.51243593525636566697423590,40.481098241578705082569548,34.15486222922122471547887596,6.32623601235748036709067204,1934.6412,2025.709126166351235298403889,1843.573273833648764701596111,37.74708157744170024292378283,0.578183
2022-03-11,0,1988.248,1832.985608333333333333333333,1812.867045833333333333333333,True,True,偏多,False,2070.358,1780.158,0.04129766508001013958017309712,0.1046599820545525507884328313,6.713045112781954887218045113,0.7599788783455240722914195775,False,63.60343593344840575978640061,39.232221748020429162169176,35.17033413298106560481693597,4.06188761503936355735224003,1940.5642,2029.370673589710789731741652,1851.757726410289210268258348,37.81543289333872165414351263,0.578183
2022-03-13,0,1974.108,1834.506275,1813.214545833333333333333333,True,True,偏多,False,2070.358,1780.158,0.04875619773588881661996202842,0.09824690442468193229549751077,6.549828571428571428571428571,0.7385630340437850505424561786,False,59.77078606108727006156016264,36.678689204656874761147014,35.47200514731622743608295158,1.20668405734064732506406242,1944.2757,2032.170254734863979513309389,1856.381145265136020486690611,36.52575911524309867884754744,0.578183
2022-03-14,0,1952.058,1835.820858333333333333333333,1813.4764625,True,True,偏多,False,2070.358,1780.158,0.06060270750151890978649199973,0.08806090802629839892052387788,5.926672180451127819548872180,0.6421118846852945190079164017,False,54.27807362524596087777743395,32.501093175472815047968430,34.87782275294754495846004726,-2.37672957747472991049161726,1946.9902,2032.286731687050441289116970,1861.693668312949558710883030,35.99063346415430591607272262,0.578183
2022-03-15,0,1917.853,1836.73815,1813.556441666666666666666667,True,True,偏多,False,2070.358,1780.158,0.07951860752622854827768343038,0.07179643069620038657811625813,4.843602255639097744360902256,0.4402854157507662919431050165,False,47.05431775311056543409332012,26.129061036648006839090982,33.12807040968763733458623421,-6.99900937303963049549525221,1947.64495,2031.828482053424795702001380,1863.461417946575204297998620,36.64415964528614120778181386,0.578183
2022-03-16,0,1926.898,1837.850066666666666666666667,1813.696495833333333333333333,True,True,偏多,False,2070.358,1780.158,0.07445126830792288953540872428,0.07615348606931970451990712534,3.944107518796992481203007519,0.3008016068044286523852359444,False,48.98769774047841064393617045,21.560499548547111440807045,30.81455623745953215583039637,-9.25405668891242071502335137,1948.51745,2031.451808579481399399036210,1865.583091420518600600963790,36.4824339563371311215116843,0.578183
2022-03-17,0,1943.778,1839.077233333333333333333333,1813.9264125,True,True,偏多,False,2070.358,1780.158,0.06512060533661765901250039871,0.08417627938993033155020789411,3.081093984962406015037593985,0.1986961762669746570765216471,False,52.47550692908957310442993895,19.081991265293736283281942,28.46804324302637298132070550,-9.38605197773263669803876350,1950.79895,2030.513208715677711556980266,1871.084691284322288443019734,35.61833153088447889854656399,0.578183
2022-03-18,0,1921.198,1840.091516666666666666666667,1814.022120833333333333333333,True,True,偏多,False,2070.358,1780.158,0.07763905646372732014087043605,0.07341252697535600182802605458,2.023866165413533834586466165,0.0877863075355684756013825569,False,47.77036694147800986478452098,15.121427895049140518459916,25.79872017343092648874854760,-10.67729227838178597028863160,1951.3277,2030.103753422597910696357216,1872.551646577402089303642784,35.03166499296415897722180942,0.578183
2022-03-20,0,1918.938,1841.224433333333333333333333,1814.1966625,True,True,偏多,False,2070.358,1780.158,0.07890822944774661818151498381,0.07232125269289575796612501290,0.8517398496240601503759398496,0.0160538170928740377577902972,False,47.31310345075525513709678768,11.665813540640421437548530,22.97213884687282547850854408,-11.30632530623240404096001408,1951.9547,2029.480031483586705138633324,1874.429368516413294861366676,33.10868892203814762170596589,0.578183
2022-03-21,0,1935.488,1842.520516666666666666666667,1814.454595833333333333333333,True,True,偏多,False,2070.358,1780.158,0.06968268467693935586270749289,0.08025366212552079888896237021,-0.3849729323308270676691729323,0.0037632750063755538799015011,False,51.01120592535049688012476708,10.145707553104924477432219,20.40685258811924527829327906,-10.26114503501432080086106006,1954.3027,2026.675110439614348940011976,1881.930289560385651059988024,32.40878257046399422015553976,0.578183
2022-03-22,0,1919.543,1843.583558333333333333333333,1814.674533333333333333333333,True,True,偏多,False,2070.358,1780.158,0.07856818003035097416416303256,0.07261363772522939053722682951,-1.580456390977443609022556391,0.0653109397099857371582779189,False,47.54843502074460166926030949,7.567154912692726865062662,17.83891305303394159564715565,-10.27175814034121473058449365,1954.77795,2026.098612911879892312798933,1883.457287088120107687201067,32.07672667257370891871585835,0.578183
2022-03-23,0,1945.968,1844.907975,1815.0419625,True,True,偏多,False,2070.358,1780.158,0.06392191444052522960295338875,0.08520695098788880392688882859,-2.473680451127819548872180451,0.1763872618883704398558220498,True,53.21639772458303447603189694,7.568663186869008201638505,15.78486307980095491684542552,-8.21619989293194671520692052,1956.76745,2024.693413614732768839093403,1888.841486385267231160906597,32.13124619596130113880758276,0.578183
2022-03-24,0,1959.155,1846.424566666666666666666667,1815.627241666666666666666667,True,True,偏多,False,2070.358,1780.158,0.05676069529975933501943439901,0.09136438923923834510286322420,-2.669774436090225563909774436,0.2074504810421701202211627063,True,55.78420075213827326527779012,8.535546727185251320589511,14.33499980927781419759424262,-5.79945308209256287700473162,1957.6158,2025.215250801319384683508843,1890.016349198680615316491157,31.89365718196406534317846971,0.578183
2022-03-25,0,1957.688,1847.81185,1816.381616666666666666666667,True,True,偏多,False,2070.358,1780.158,0.05755258243397313565798022974,0.09068350012872326948931596863,-3.125813533834586466165413534,0.2957674142662183577065124913,True,55.41978122040465724111087762,9.078779737664527253436145,13.28375579495515680876262310,-4.20497605729062955532647810,1959.0668,2025.351565687448877033916025,1892.782034312551122966083975,31.12661024039520353295143616,0.578183
2022-03-27,0,1957.063,1848.974141666666666666666667,1817.1893875,True,True,偏多,False,2070.358,1780.158,0.05789031829838896346208578876,0.09039310436097356089201011925,-3.537488721804511278195488722,0.3896095591232904045024000601,True,55.25416987852516812955274776,9.351070218949834297650047,12.49721867975409230654010788,-3.14614846080425800889006088,1960.1796,2025.538702889804110284812705,1894.820497110195889715187295,29.22042379465268899488347644,0.578183
2022-03-28,0,1923.918,1849.87585,1817.8336375,True,True,偏多,False,2070.358,1785.458,0.07611551012049370087498531642,0.07196772419614557377185514144,-3.902852631578947368421052632,0.4506984612853135768465595298,True,47.19890411300360152466842967,6.813792730282199254824471,11.36053348985971369619698050,-4.54674075957751444137250950,1957.8831,2024.927874716304327365680363,1890.838325283695672634319637,30.09182209503463978096322812,0.578183
2022-03-29,0,1916.268,1850.640516666666666666666667,1818.386845833333333333333333,True,True,偏多,False,2070.358,1785.458,0.08041150820240175173827460460,0.06826289433419542569202220149,-4.012224060150375939849624060,0.4654171754676833824292955419,True,45.54840210829452623803292669,4.137990792092089756829226,9.916024950306188908323429600,-5.778034158214099151494203600,1954.2661,2022.091098889495014867516977,1886.441101110504985132483023,30.74026337396073693946585469,0.578183
2022-03-30,0,1933.958,1851.508391666666666666666667,1819.0390125,True,True,偏多,False,2070.358,1788.538,0.07052893599550765838761751806,0.07519294627908155192615351523,-3.602204511278195488721804511,0.4062906852060419850530281222,True,49.91037537209333599719690564,3.405576273087393258322077,8.613935214862429778323159080,-5.208358941775036520001082080,1951.0336,2016.207806672271815233549653,1885.859393327728184766450347,30.16167313296354144378972221,0.578183
2022-03-31,0,1936.675,1852.24365,1819.7033875,True,True,偏多,False,2070.358,1788.538,0.06902706959092258639162482089,0.07649037654743310054603895852,-2.344994736842105263157894737,0.2974253722331442922666320305,True,50.56538847111215189274295436,3.009677988703800351989444,7.493083769630703893056416064,-4.483405780926903541066972064,1945.68495,1995.273189022877188676498819,1896.096710977122811323501181,30.20262505203757419780474205,0.578183
2022-04-01,0,1924.778,1852.76515,1820.326845833333333333333333,True,True,偏多,False,2070.358,1788.538,0.07563469657279956441729903397,0.07078218890698044138077222412,-1.948248872180451127819548872,0.2385444589067435932976690455,True,47.62840977662766468295900421,1.716154512463620150709011,6.337697918197287144586935051,-4.621543405733666993877924051,1942.43745,1988.440389964637042749327122,1896.434510035362957250672878,29.57743754832060461224726047,0.578183
2022-04-03,0,1924.578,1853.266233333333333333333333,1820.925345833333333333333333,True,True,偏多,False,2070.358,1792.018,0.07574647533121546645550349219,0.06887743702775361663699782498,-1.370796240601503759398496241,0.1587656807207434207706715317,False,47.57837933805021067986094557,0.667198461136258224911418,5.203598026785081360651831641,-4.536399565648823135740413641,1938.90795,1978.583267447879355310558490,1899.232632552120644689441510,27.78262058058341856851531329,0.578183
2022-04-04,0,1931.428,1853.81615,1821.5486375,True,True,偏多,False,2070.358,1806.678,0.07193123429918174532004299410,0.06458951615074442329716665597,-0.6985992481203007518796992481,0.0608822326143017801692378781,True,49.53368683788017504697683017,0.384202142163125568233402,4.239718849860690202168145713,-3.855516707697564633934743713,1936.06695,1968.718864403140285091371834,1903.415035596859714908628166,27.33743339625603152790707663,0.578183
2022-04-05,0,1920.518,1854.30165,1822.1423875,True,True,偏多,False,2070.358,1808.638,0.07802061735427629420812509958,0.05825511658833710488524450174,-0.3200789473684210526315789474,0.0171102890956531880128353685,False,46.55522580544504256866317630,-0.712210382868965551024114,3.249333003314759051529693770,-3.961543386183724602553807770,1933.38745,1961.607271143834345712392736,1905.167628856165654287607264,27.28654529652345784734228544,0.578183
2022-04-06,0,1923.632,1854.913516666666666666666667,1822.818529166666666666666667,True,True,偏多,False,2070.358,1815.314,0.07627550383857203456794230913,0.05630910693937301937168855582,-0.1646443609022556390977443609,0.0048879651667893445860939384,False,47.52511321074150085956409479,-1.314696430881356421655796,2.336527116475535956892595816,-3.651223547356892378548391816,1931.96615,1959.124828246740948493864546,1904.807471753259051506135454,26.64536348962892514396069362,0.578183
2022-04-07,0,1932.848,1855.467433333333333333333333,1823.504820833333333333333333,True,True,偏多,True,2070.358,1820.838,0.07114372159631797223578884630,0.05795075453424169929554729601,-0.3748857142857142857142857143,0.0268688758813272677025543801,True,50.39428360225065215879692078,-1.036567876692986232872575,1.661908117841831518939561653,-2.698475994534817751812136653,1932.7159,1959.091355164982461397932044,1906.340444835017538602067956,25.97998038322685906224921551,0.578183
2022-04-08,0,1947.138,1856.198183333333333333333333,1824.220279166666666666666667,True,True,偏多,False,2070.358,1820.838,0.06328262300874411572266577921,0.06486443179682179691424028497,-0.2607172932330827067669172932,0.0124456264509311191906841749,True,54.54445598490030087316960347,0.333094869485286550166958,1.396145468170522525185040922,-1.063050598685235975018082922,1933.7279,1960.679669158257496473692781,1906.776130841742503526307219,25.59141035585351198637427154,0.578183
2022-04-10,0,1944.578,1857.026541666666666666666667,1824.876945833333333333333333,True,True,偏多,False,2070.358,1820.838,0.06468241438502338296535289405,0.06363334358405782642815047789,0.05296992481203007518796992481,0.0005113813484518059522804258,True,53.67804584404213347946170889,1.198179985499770507817111,1.356552371636372121711454938,-0.158372386136601613894343938,1933.7679,1960.781516802642329626757312,1906.754283197357670373242688,24.2434524732925468444903950,0.578183
2022-04-11,0,1952.638,1857.924541666666666666666667,1825.570820833333333333333333,True,True,偏多,False,2070.358,1844.398,0.06028767236937927050482475502,0.05543270181160051171799381145,0.1240706766917293233082706767,0.0026957608995602382645948357,True,56.04536778173265093036051872,2.505261714736192178251652,1.586294240256336133019494350,0.918967474479856045232157650,1935.3399,1962.898318212226912933821844,1907.781481787773087066178156,24.63149158234307921274108107,0.578183
2022-04-12,0,1965.758,1859.231458333333333333333333,1826.2984875,True,True,偏多,False,2070.358,1844.398,0.05321102597573048157504636888,0.06173699916266396982741517521,0.2996375939849624060150375940,0.0137444680659822245106047465,True,59.65943253790971263996233108,4.547388292175141439381259,2.178513050640097194291847280,2.368875241535044245089411720,1937.6809,1967.156194522023015741454030,1908.205605477976984258545970,24.94281361217571641183100385,0.578183
2022-04-13,0,1977.062,1860.784325,1827.055295833333333333333333,True,True,偏多,False,2070.358,1844.398,0.04718921308487037836952002517,0.06710158811408038796962361322,0.8276,0.0784810115045150158334400361,True,62.51890884346875934732887172,6.997266513334715459475608,3.142263743179020847328599424,3.855002770155694612147008576,1939.7596,1973.828962450154537636497159,1905.690237549845462363502841,24.50146978273459381098593214,0.578183
2022-04-14,0,1973.218,1862.315075,1827.763504166666666666666667,True,True,偏多,False,2070.358,1850.188,0.04922922860018507838464883252,0.06234992788429864313015591790,0.9863676691729323308270676692,0.1015637419005676743763618342,True,60.93707090409985157376453363,8.530301968507205469982855,4.219871388244657771859450539,4.310430580262547698123404461,1942.44335,1978.137356843026183294008163,1906.749343156973816705991837,24.16822194111069425305836556,0.578183
2022-04-17,0,1986.622,1863.932525,1828.525895833333333333333333,True,True,偏多,False,2070.358,1867.698,0.04214994095504831820044276163,0.05986241972554416491914415525,1.673143609022556390977443609,0.2262801286934440847230047293,True,64.32653912366186466829755828,10.703451661665057125280751,5.516587442928737642543710631,5.186864218736319482737040369,1944.47605,1985.039588294754317450315753,1903.912511705245682549684247,23.66977751674564466355419659,0.578183
2022-04-18,0,1977.058,1865.469133333333333333333333,1829.230979166666666666666667,True,True,偏多,False,2070.358,1877.938,0.04719133176669576714491937009,0.05013509972899125872887897067,2.370372932330827067669172932,0.4125402789884773627393413951,True,60.30571511632518884401673582,11.521144992068900363758810,6.717498952756770186786730505,4.803646039312130176972079495,1945.3712,1987.931954732969668050940377,1902.810445267030331949059623,23.56093626554952718758603969,0.578183
2022-04-19,0,1949.618,1866.754075,1829.827854166666666666666667,True,True,偏多,False,2070.358,1877.938,0.06193008066195531637479752444,0.03676617675872914591473816922,2.625517293233082706766917293,0.5138999050732879515072979710,False,50.54404558155521035938671961,9.841546946179388366968015,7.342308551441293822822987404,2.499238394738094544145027596,1944.9677,1987.205514148461802236724340,1902.729885851538197763275660,24.61086938943884667418703686,0.578183
2022-04-20,0,1956.662,1868.17055,1830.451454166666666666666667,True,True,偏多,False,2070.358,1877.938,0.05810712325378629523136852456,0.04023382679277258923615831452,2.983557142857142857142857143,0.6643280438200459021328434394,False,52.66236809257971670390676875,8.975382700013196479260491,7.668923381155674354110488123,1.306459318857522125150002877,1944.94765,1987.162853542207397486767245,1902.732446457792602513232755,24.21352157590750048317367709,0.578183
2022-04-21,0,1950.848,1869.6518,1831.055204166666666666666667,True,True,偏多,False,2070.358,1877.938,0.06126053900662686175447805262,0.03737349091266977232465061348,2.735800751879699248120300752,0.5878478381891619845650095843,False,50.73090477078532654484885285,7.730685553301642191406898,7.681275815584867921569770098,0.049409737716774269837127902,1946.29415,1987.444906388066550337548507,1905.143393611933449662451493,23.95869860619982187723270016,0.578183
2022-04-22,0,1930.708,1870.893991666666666666666667,1831.4904125,True,True,偏多,False,2070.358,1877.938,0.07233097910196673966234148302,0.02733194247913200753298789874,2.039044360902255639097744361,0.3545681790730681649093721844,False,44.62520522241028914357278942,5.060786813817642197317537,7.157178015231422776719323478,-2.096391201413780579401786478,1947.01615,1986.507557836515527292326817,1907.524742163484472707673183,24.32050584861412031457322158,0.578183
2022-04-24,0,1932.508,1872.257516666666666666666667,1831.919995833333333333333333,True,True,偏多,False,2070.358,1877.938,0.07133217559772068213947885339,0.02823791673824894903410490409,1.625603759398496240601503759,0.2242131879657163327698935721,False,45.25932412475586704984272038,3.054902766486102119927667,6.336722965482358645360992182,-3.281820198996256525433325182,1946.94365,1986.535877708352052263154710,1907.351422291647947736845290,23.03868400228454029210370575,0.578183
2022-04-25,0,1899.258,1873.2281,1832.285454166666666666666667,True,True,偏多,False,2070.358,1882.828,0.09008781324074980860946748678,0.008650746765315718033042377602,0.7822436090225563909774436090,0.0409529793551648048656840543,False,36.86199408637760118877999241,-1.203894168220786568852745,4.828599538741729602518244746,-6.032493706962516171370989746,1945.0728,1989.651263237756413264762941,1900.494336762243586735237059,24.3423494306927874140962982,0.578183
2022-04-26,0,1906.453,1874.25875,1832.664058333333333333333333,True,True,偏多,False,2070.358,1889.998,0.08597379531517430537233280862,0.008631211994211239406374035972,-0.08991203007518796992481203008,0.0004887687053533642792469789,False,39.47875961833754183502169005,-3.952878727683781563551328,3.072303885456627369304330197,-7.025182613140408932855658197,1944.15655,1991.058611120914505072385651,1897.254488879085494927614349,23.71075304278615974166084833,0.578183
2022-04-27,0,1885.513,1875.13115,1832.972954166666666666666667,True,True,偏多,False,2070.358,1881.248,0.09803432805819954569393051122,0.002261983873884719967457132356,-1.236812030075187969924812030,0.0727729097875909043920992478,False,34.94009036561374484672817759,-7.732021858571498080041085,0.911438736651002279435247157,-8.643460595222500359476332157,1942.2033,1995.077602477101293671681525,1889.328997522898706328318475,23.84927068258714833154221631,0.578183
2022-04-28,0,1895.428,1876.054733333333333333333333,1833.330370833333333333333333,True,True,偏多,False,2070.358,1871.938,0.09229050114274981692789174793,0.01239297931654486480098426318,-2.075166917293233082706766917,0.1791438937155943832469831486,False,38.54287264064291726258958214,-9.813834603756216170395840,-1.233615931430441410530970275,-8.580218672325774759864869725,1940.4033,1996.946170305989949805962720,1883.860429694010050194037280,23.90789420525949487928920086,0.578183
2022-04-29,0,1895.748,1876.991341666666666666666667,1833.719120833333333333333333,True,True,偏多,False,2070.358,1871.938,0.09210612380970466538801570673,0.01255968620301854465888926165,-3.027078195488721804511278195,0.3471409489451344274557476220,False,38.66093288330198911236657473,-11.307518838829642410184941,-3.248396512910281610461764419,-8.059122325919360799723176581,1939.1648,1998.415916325686219091033549,1879.913683674313780908966451,24.01911604774095953076854366,0.578183
2022-05-01,0,1897.118,1877.998841666666666666666667,1834.094454166666666666666667,True,True,偏多,False,2070.358,1871.938,0.09131746153902920113561728896,0.01327276426664024061761050182,-3.873001503759398496240601504,0.5237647075714504527318502897,False,39.19944346527541273527522290,-12.239635902333555932410761,-5.046644390794936474851563735,-7.192991511538619457559197265,1937.8391,1999.556180024576664996107946,1876.122019975423335003892054,22.62132204433089099285650483,0.578183
2022-05-02,0,1863.098,1878.672258333333333333333333,1834.3502875,False,True,盤整,False,2070.358,1854.468,0.1112448191131116022882317516,0.004632069810605775970990253867,-5.019538345864661654135338346,0.6877291059431451707200841843,False,31.74617302828176863356327341,-15.544290172573561615836566,-7.146173547150661503048564187,-8.398116625422900112788001813,1934.3516,2004.155693946988524750351917,1864.547506053011475249648083,24.14158475545011306479532591,0.578183
2022-05-03,0,1868.278,1879.382091666666666666666667,1834.633954166666666666666667,False,True,盤整,False,2070.358,1850.308,0.1081637743419341232942848976,0.009618482902437431688431807258,-5.761556390977443609022556391,0.7812968845845480985962374138,False,33.80984428411783295006085005,-17.543044484897514084436994,-9.225547734700032019326250149,-8.317496750197482065110743851,1930.4086,2005.580857210755617964098574,1855.236342789244382035901426,24.39504298720367641730994549,0.578183
2022-05-04,0,1893.814,1880.283308333333333333333333,1835.034770833333333333333333,True,True,偏多,False,2070.358,1850.308,0.09322140400271621183495316858,0.02297268897579170921748387117,-6.060609022556390977443609023,0.8346842156376984578559207119,True,42.96494571801097258526736035,-16.872039521790667567420953,-10.75484609211815912894519072,-6.11719342967250843847576228,1927.8704,2004.373844286907762725583542,1851.366955713092237274416458,24.98825420240341381607352081,0.578183
2022-05-05,0,1874.078,1881.130975,1835.344229166666666666666667,False,True,盤整,False,2070.358,1850.308,0.1047341679481857211919674635,0.01268357026761959747673255862,-6.438004511278195488721804511,0.8824210949764762479450619056,True,38.52934601872373462510921771,-17.728431194321877076112989,-12.14956311255890271837875038,-5.57886808176297435773423862,1923.9424,2002.980984940268256298060743,1844.903815059731743701939257,25.86587890223174140063969789,0.578183
2022-05-06,0,1883.148,1881.996,1835.6521875,True,True,偏多,False,2059.068,1850.308,0.09341804255427613761637428391,0.01743888425126437221078746864,-6.360535338345864661654135338,0.8732097756120175877068120933,True,41.51745986142430727424414354,-17.473827163463743476642500,-13.21441592273987087003150030,-4.25941124072387260661099970,1919.8119,1998.310189930163446841471679,1841.313610069836553158528321,25.90203040921518844345114804,0.578183
2022-05-08,0,1881.128,1882.683333333333333333333333,1835.864645833333333333333333,False,True,盤整,False,2009.062,1850.308,0.06800919448331001399160503698,0.01638378674922705950897546578,-6.009213533834586466165413534,0.8405582027009931366939086313,True,41.03898983821010962086797994,-17.236358738563909534303598,-14.01880448590467860288591984,-3.21755425265923093141767816,1915.0152,1990.604367426556564765752062,1839.426032573443435234247938,24.46474252284267498320463746,0.578183
2022-05-09,0,1854.565,1883.157141666666666666666667,1836.036175,False,True,盤整,False,1998.268,1850.308,0.07748609512203670402493307056,0.002295416984575897852056951361,-5.953796240601503759398496241,0.8379518815018116965422746280,True,35.28094998864595003041865896,-18.972867992690091949459118,-15.00961718726176127220055947,-3.96325080542833067725855853,1909.08255,1984.091009780147465710300299,1834.074090219852534289699701,24.89083234263962677011859193,0.578183
2022-05-10,0,1833.463,1883.436433333333333333333333,1836.118041666666666666666667,False,False,偏空,False,1998.268,1833.218,0.08988727888154819595486791934,0.0001336269125692746458477754937,-5.809768421052631578947368421,0.8417968367182517375592426169,False,31.49985382965288704476209377,-21.800516348570262309487413,-16.36779701952346147965793018,-5.43271932904680082982948282,1901.4246,1974.451185932521862623063750,1828.398014067478137376936250,25.40291574673679628653869251,0.578183
2022-05-11,0,1853.963,1883.956833333333333333333333,1836.291241666666666666666667,False,True,盤整,False,1998.268,1831.838,0.07783596544267604046035438679,0.01193389512088428949229299614,-5.293579699248120300751879699,0.8304573959046688658926983255,True,38.40592879284733356984177770,-22.132143791512615015384369,-17.52066637392129218680321794,-4.61147741759132282858115106,1895.26985,1962.260871178289258856145364,1828.278828821710741143854636,25.45842176482702512321450019,0.578183
2022-05-12,0,1821.248,1884.213441666666666666666667,1836.3337,False,False,偏空,False,1998.268,1810.734,0.09719708683276522472502372000,0.005772964472713216431809396634,-5.492906015037593984962406015,0.8311487157017738484563060809,False,32.73415756190521604909437940,-24.749491289071294599601251,-18.96643135695129266936282455,-5.78305993212000193023842645,1888.85135,1958.335959254927813834368772,1819.366740745072186165631228,27.06667735305366618584203589,0.578183
2022-05-13,0,1810.678,1884.272691666666666666666667,1836.3302,False,False,偏空,False,1998.268,1798.968,0.1036020761283894762072549620,0.006467190742915084846670694624,-5.538973684210526315789473684,0.8297762311702534904537010556,False,31.13433165092888690505637027,-27.361265068764604306898224,-20.64539809931395499686990444,-6.71586696945064931002831956,1881.55215,1951.677433030516176305974858,1811.426866969483823694025142,27.25548611354983288685331904,0.578183
2022-05-15,0,1813.078,1884.31205,1836.370504166666666666666667,False,False,偏空,False,1998.268,1798.968,0.1021412206204035347624316218,0.007782345822959629977309304950,-5.423030827067669172932330827,0.8313160156114315953730811274,False,31.94760383247090115109865576,-28.904264297085407019944021,-22.29717133886824540148472775,-6.60709295821716161845929325,1874.66365,1943.257443227303007929109144,1806.069856772696992070890856,25.67580853401055910922093911,0.578183
2022-05-16,0,1826.254,1884.471016666666666666666667,1836.6358625,False,False,偏空,False,1998.268,1786.638,0.09418952675805227531329157938,0.02169249184396036914908879050,-5.229686466165413533834586466,0.8199016593964887903099433403,True,36.38902760582370400143926822,-28.732696577996743538484813,-23.58427638669394502888474480,-5.14842019130279850960006820,1869.44095,1936.048059961249632347795971,1802.833840038750367652204029,26.88682221015266202999087203,0.578183
2022-05-17,0,1814.428,1884.488966666666666666666667,1837.033583333333333333333333,False,False,偏空,False,1998.268,1786.638,0.1013211877241753323912549850,0.01531612166478912362463542229,-5.019790225563909774436090226,0.8160401867581073033703644335,False,34.22968915406390142254399303,-29.214223902608226639467088,-24.71026588987680135100121344,-4.50395801273142528846587456,1863.53695,1927.621835954412059014365256,1799.452064045587940985634744,26.62490633799890045642009546,0.578183
2022-05-18,0,1815.938,1884.568216666666666666666667,1837.385845833333333333333333,False,False,偏空,False,1998.268,1786.638,0.1004054103168720517991253005,0.01613491209501645981305529154,-5.135758646616541353383458647,0.8282626758869703074231279701,True,34.76201136425691721734795568,-29.138107431547613950613120,-25.59583419821096387092359475,-3.54227323333665007968952525,1859.37095,1924.450775671170939300540300,1794.291124328829060699459700,25.96498445671326470953294579,0.578183
2022-05-19,0,1841.944,1884.880375,1837.8655375,False,True,盤整,False,1998.268,1786.638,0.08486902967734089635732682427,0.03002588569467909990748904418,-4.641314285714285714285714286,0.7517540833141413405220098109,True,43.27701885253993587822975814,-26.671861108847161115179235,-25.81103958033820331977472280,-0.86082152850895779540451220,1856.1455,1917.880137193394114900187364,1794.410862806605885099812636,26.84284270980517437313773538,0.578183
2022-05-20,0,1845.738,1885.131625,1838.255133333333333333333333,False,True,盤整,False,1998.268,1786.638,0.08263903110842383913643214801,0.03201971244022716116805310396,-4.326295488721804511278195489,0.6830364561505162526241376025,True,44.41683857627149640886933985,-24.133008735120627855335830,-25.47543341129468822688694424,1.34242467617406037155111424,1854.15675,1914.526594485057272673418224,1793.786905514942727326581776,26.14878251624766191791361142,0.578183
2022-05-22,0,1846.218,1885.274625,1838.642175,False,True,盤整,False,1998.268,1786.638,0.08235755474163939469770092156,0.03227137856959470658394620787,-3.788054887218045112781954887,0.5796852223195511999352843225,True,44.56860005912676907487170172,-21.830568741629804043716799,-24.74646047736171139025291519,2.91589173573190734653611619,1851.69625,1909.074324359026723963406400,1794.318175640973276036593600,25.31708376508711463806263918,0.578183
2022-05-23,0,1853.758,1885.486325,1838.952758333333333333333333,False,True,盤整,False,1998.268,1786.638,0.07795515919553685000954817188,0.03620753086433072709598556014,-3.063047368421052631578947368,0.4321748984865482504746815095,True,47.01585405813287828128218508,-19.176399872181098162320500,-23.63244835632558874466643215,4.45604848414449058234593215,1849.59675,1903.330823390633619448551530,1795.862676609366380551448470,24.91486349615232073534387924,0.578183
2022-05-24,0,1867.345,1886.013966666666666666666667,1839.3217875,False,True,盤整,False,1998.268,1786.638,0.07011184328552035108670331406,0.04322018694992087696703073080,-2.059165413533834586466165414,0.2264977898446973191047267578,True,51.19710025600455051277822265,-15.794525118371643717781286,-22.06486370873479973928940292,6.27033859036315602150811692,1848.1081,1898.006322044076881116698192,1798.209877955923118883301808,24.58987324642715496853360215,0.578183
2022-05-25,0,1853.908,1886.3483,1839.598870833333333333333333,False,True,盤整,False,1998.268,1786.638,0.07786794166700828735838024325,0.03628551147090362628566250321,-1.739627067669172932330827068,0.1642329421600871557051614846,True,47.22774106395317100318541403,-14.036810993667693441087814,-20.45925316572137847964908514,6.42244217205368503856127114,1847.6486,1897.153916378748656574068279,1798.143283621251343425931721,24.67202515739664389935263057,0.578183
2022-05-26,0,1852.628,1886.70205,1839.8762875,False,True,盤整,False,1998.268,1786.638,0.07861265186535019442651196031,0.03561967108345550212994729649,-1.342765413533834586466165414,0.1012601971357751006106209532,True,46.85507145544135386739147391,-12.601829146749582045489363,-18.88776836192701919281714071,6.28593921517743714732777771,1846.8661,1895.529963191900414514711162,1798.202236808099585485288838,23.86830907472545504939887124,0.578183
2022-05-27,0,1852.838,1887.21505,1840.148995833333333333333333,False,True,盤整,False,1998.268,1786.638,0.07849040229097201158439108006,0.03572897360697481377217004401,-0.5161699248120300751879699248,0.0184781279915988356863848805,True,46.92906223003517076552512464,-11.317192894642804376054800,-17.37365326847017622946467257,6.05646037382737185340987257,1844.8173,1888.608770745340353320723850,1801.025829254659646679276150,23.16414414081649397444180901,0.578183
2022-05-29,0,1849.753,1887.664591666666666666666667,1840.4441,False,True,盤整,False,1998.268,1786.638,0.08028909805795692722217506878,0.03412077180034307283188620318,0.01635112781954887218045112782,0.0000203727434678852603556213,True,45.91767789972519726114495845,-10.427837507440710140730800,-15.98449011626428301171789806,5.55665260882357287098709806,1843.60105,1885.379158714852088191577417,1801.822941285147911808422583,21.92241955932960154769596551,0.578183
2022-05-30,0,1852.358,1888.142175,1840.743683333333333333333333,False,True,盤整,False,1998.268,1786.638,0.07876987061896242518994708366,0.03547910285160859833790228455,0.7658759398496240601503759398,0.0542333288674882696903231802,True,46.95721009905223724144931270,-9.404407075787323373559794,-14.66847350816889108408627725,5.26406643238156771052648325,1842.06155,1879.988779144639606799107103,1804.134320855360393200892897,21.44831816223463000857482511,0.578183
2022-05-31,0,1836.328,1888.435841666666666666666667,1840.984475,False,False,偏空,False,1998.268,1786.638,0.08818685986381517898763183919,0.02705943600489672868899238045,1.300806766917293233082706767,0.2009830494109139848149835695,False,41.65171430451560505241771535,-9.774147825052763104425134,-13.68960837154566548815404860,3.91546054649290238372891460,1839.82155,1873.284089153357743960812453,1806.359010846642256039187547,21.49915257921787072224805189,0.578183
2022-06-01,0,1845.864,1888.646475,1841.155875,False,True,盤整,False,1998.268,1786.638,0.08256512939198120771627812233,0.03208578746863257531432434892,1.619918796992481203007518797,0.3223181323686230801533644302,False,45.59010654865534105745543528,-9.191737895559272715736439,-12.79003427634838693367052668,3.59829638078911421793408768,1839.3865,1872.292621457868595182585476,1806.480378542131404817414524,21.50178453784516567065890533,0.578183
2022-06-02,0,1869.718,1889.017725,1841.43925,False,True,盤整,False,1998.268,1786.638,0.06875368371059165071952026990,0.04443450830553056664160049804,1.959696992481203007518796992,0.4097175885440865328871584272,True,53.96140106118697318091817869,-6.727801479055150357467672,-11.57758771688973961842995574,4.84978623783458926096228374,1841.19925,1876.507195099509826897286069,1805.891304900490173102713931,21.86594278514193955132612638,0.578183
2022-06-03,0,1850.338,1889.264475,1841.684179166666666666666667,False,True,盤整,False,1998.268,1786.638,0.07994755552769277829239846990,0.03442614268312059742598379323,2.291783458646616541353383459,0.5676330581515944301791457862,False,47.55923613789010519402358262,-6.266679768357559901758893,-10.51540612718330367509574319,4.24872635882574377333685019,1841.018,1876.098482727579448176170250,1805.937517272420551823829750,22.21051830048894386908854592,0.578183
2022-06-05,0,1851.458,1889.548141666666666666666667,1841.9260125,False,True,盤整,False,1998.268,1786.638,0.07929426430413220283689935175,0.03501024597911483814377641837,2.128768421052631578947368421,0.5172847005739324628736812448,False,47.94362122269475457767958117,-5.744642191390985500257612,-9.561253340024840040128116952,3.816611148633854539870504952,1842.5285,1876.662675944352311256954536,1808.394324055647688743045464,20.87940985045401930701079264,0.578183
2022-06-06,0,1839.288,1889.739975,1842.0223875,False,False,偏空,False,1998.268,1786.638,0.08643562074019946848998090565,0.02862520714537364458420867205,1.579572932330827067669172932,0.3470545444553312717027954249,False,44.15617718349174855346569724,-6.240998594720410279705239,-8.897202390963954088043541362,2.656203796243543808338302362,1843.959,1874.880933063765596347646648,1813.037066936234403652353352,20.81302343256444649936716459,0.578183
2022-06-07,0,1853.458,1890.027641666666666666666667,1842.168595833333333333333333,False,True,盤整,False,1998.268,1786.638,0.07812963660358098214256810783,0.03605153178545184190847594065,1.227678195488721804511278195,0.2612905809266481181898727091,False,49.18926832979072991451862678,-5.428388955223858066683234,-8.203439703815934883771479890,2.775050748592076817088245890,1845.978,1873.676004772907379943590557,1818.279995227092620056409443,20.65030747309555746369808141,0.578183
2022-06-08,0,1852.643,1890.34835,1842.344825,False,True,盤整,False,1998.268,1786.638,0.07860391883379582574732422814,0.03562747922832407538851251968,1.011460902255639097744360902,0.1968283961945833633722956134,False,48.91619157452621579007049239,-4.794881243877854389054219,-7.521728011828318784828027712,2.726846767950464395773808712,1847.29745,1873.589899201053902578214153,1821.005000798946097421785847,20.25349979644587478771964702,0.578183
2022-06-09,0,1846.794,1890.418183333333333333333333,1842.4796,False,True,盤整,False,1998.268,1786.638,0.08201997623990547944167026750,0.03257320524108265458952108356,0.4852774436090225563909774436,0.0673871494165526270456522557,False,46.90371732974793986922317299,-4.710487666682234933486709,-6.959479942799102014559763970,2.248992276116867081073054970,1848.91575,1870.474688961600127875621565,1827.356811038399872124378435,19.90382123955688373145395795,0.578183
2022-06-10,0,1871.038,1890.686766666666666666666667,1842.721183333333333333333333,False,True,盤整,False,1998.268,1786.638,0.06799968787378984285728029041,0.04510865091997062593063315657,0.2806082706766917293233082707,0.0332673080684619651665177792,True,55.14181167125873949782631093,-2.656692269543989092988100,-6.098922408148079430245431176,3.442230138604090337257331176,1851.67075,1869.413358014325289714871288,1833.928141985674710285128712,22.11926257958853489349296096,0.578183
2022-06-12,0,1876.883,1891.041391666666666666666667,1843.0022875,False,True,盤整,False,1998.268,1786.638,0.06467371700846563158172352779,0.04808237913604630656252947040,0.4872030075187969924812030075,0.0768490693027336596978041798,True,56.87888268493066421920583791,-0.551049810024919114329781,-4.989347888523447367062301141,4.438298078498528252732520141,1853.4177,1873.685960380210236484043921,1833.149439619789763515956079,21.09110096676078240110060661,0.578183
2022-06-13,0,1820.878,1890.927058333333333333333333,1842.975579166666666666666667,False,False,偏空,False,1998.268,1786.638,0.09742003582886936961180265784,0.01880411537730699146236046567,-0.09890827067669172932330827068,0.0021520567287253005480237632,False,40.63999017391980914121265518,-3.362685492053853813508252,-4.664015409229528656351491313,1.301329917175674842843239313,1852.1747,1876.763173715137342782095109,1827.586226284862657217904891,24.45673661199215508673627756,0.578183
2022-06-14,0,1810.773,1890.654016666666666666666667,1842.905933333333333333333333,False,False,偏空,False,1998.268,1786.638,0.1035441769896060964019233775,0.01332856189041917457351087077,-0.7844142857142857142857142857,0.0882084401327247957526538468,False,38.50397134988574383559342482,-6.333309624788160443194994,-4.997874252341255013720191850,-1.335435372446905429474802150,1850.40245,1880.861492286158637525652221,1819.943407713841362474347779,24.60804113970700115196940059,0.578183
2022-06-15,0,1833.708,1890.523266666666666666666667,1842.948683333333333333333333,False,False,偏空,True,1981.848,1786.638,0.08078712641271129318299314831,0.02566929958313973653384290192,-0.9699240601503759398496240602,0.1280364937263055197557471109,False,45.50490562374054635168150068,-6.758974576363037028354749,-5.350094317145611416647103280,-1.408880259217425611707645720,1849.39995,1880.660503753732514454995352,1818.139396246267485545004648,25.22960962972792964111444341,0.578183
2022-06-16,0,1850.634,1890.763316666666666666666667,1843.177958333333333333333333,False,True,盤整,True,1958.208,1786.638,0.05812818742117566196233290861,0.03458058157366610577780371484,-0.6689518796992481203007518797,0.0653796959733233707024581727,True,50.02647491598377092163890307,-5.665225184276538204438833,-5.413120490571796774205449224,-0.252104693704741430233383776,1848.5644,1878.736063158665947164150634,1818.392736841334052835849366,26.47749465617593466674912602,0.578183
2022-06-17,0,1838.778,1891.11015,1843.3785,False,False,偏空,False,1957.278,1786.638,0.06444497378150054003256510574,0.02835578846386023761432864653,-0.7243849624060150375939849624,0.0757360574811140923764132835,False,47.07978274511661739169562708,-5.689515829402198234653556,-5.468399558337877066295070579,-0.221116271064321168358485421,1847.8079,1878.163854960435687140046576,1817.451945039564312859953424,25.96045932359193933340990274,0.578183
2022-06-19,0,1838.318,1891.504233333333333333333333,1843.560391666666666666666667,False,False,偏空,False,1955.482,1786.638,0.06373434846419389898809672755,0.02811265515541924737722200403,-0.7838481203007518796992481203,0.0876044935974752788232174215,False,46.96419651784622576207127348,-5.680404331088658962204652,-5.510800512888033445476986863,-0.169603818200625516727665137,1847.0924,1877.634194448918681700099497,1816.550605551081318299900503,24.51578365762108652388062397,0.578183
2022-06-20,0,1838.988,1891.9174,1843.776808333333333333333333,False,False,偏空,False,1934.328,1786.638,0.05184373144359832690588519338,0.02846674366553778491213645766,-0.8089052631578947368421052632,0.0928355262051357306914981348,True,47.16765377741505713535383645,-5.555084446870488205018705,-5.519657299684524397385330490,-0.035427147185963807633374510,1846.3999,1877.017164070455413570527313,1815.782635929544586429472687,23.55037053921958034360343654,0.578183
2022-06-21,0,1831.325,1892.197208333333333333333333,1843.9603375,False,False,偏空,False,1932.663,1786.638,0.05533589068024517767190422235,0.02440145796076611196811052107,-0.9713172932330827067669172932,0.1284045123273361723692088087,False,45.03948456619818032583026370,-6.004886994028667945627793,-5.616703238553353107033822992,-0.388183755475314838593970008,1845.4785,1876.739063229091058716973313,1814.217936770908941283026687,22.94634407213246746191747679,0.578183
2022-06-22,0,1836.428,1892.495958333333333333333333,1844.141545833333333333333333,False,False,偏空,False,1919.838,1786.638,0.04541969519088142851230758843,0.02711241605987275297479672495,-0.9919864661654135338345864662,0.1333299491758649614214742342,True,46.76212263096784664782770087,-5.881787713380191469516647,-5.669720133518720779530387794,-0.212067579861470689986259206,1844.682,1876.012527770849951004500388,1813.351472229150048995499612,23.05660520983729121463765702,0.578183
2022-06-23,0,1824.448,1892.635066666666666666666667,1844.2283375,False,False,偏空,False,1919.838,1786.638,0.05228430736310379906689585014,0.02072407654260357105272389238,-1.412948872180451127819548872,0.2533350630084486527686497129,False,43.32864455315719105501680725,-6.673983003887736207953595,-5.870572707592523865215029235,-0.803410296295212342738565765,1844.088,1876.462615278022996145331977,1811.713384721977003854668023,23.11327626627748469930639581,0.578183
2022-06-24,0,1825.858,1892.803816666666666666666667,1844.357045833333333333333333,False,False,偏空,False,1919.838,1786.638,0.05147169166495970661464363603,0.02148031226962885394154419456,-1.645335338345864661654135338,0.3243825210612583878353566048,False,43.85119420677644093413088304,-7.106113410936237228575663,-6.117680848261266537887155988,-0.988432562674970690688507012,1843.0877,1876.403597989398394722657723,1809.771802010601605277342277,22.51861367582909293507022468,0.578183
2022-06-26,0,1830.928,1892.998566666666666666666667,1844.678504166666666666666667,False,False,偏空,False,1919.838,1786.638,0.04856007445404734648222103764,0.02418991899189918991899189919,-1.398566917293233082706766917,0.2647426572417923681669496154,True,45.78691026831855418641819211,-6.959251326305447575461037,-6.285994943870102745401932190,-0.673256382435344830059104810,1841.1482,1872.495281252327145489734940,1809.801118747672854510265060,21.87478412755558629685092291,0.578183
2022-06-27,0,1823.443,1893.111141666666666666666667,1844.969983333333333333333333,False,False,偏空,False,1909.633,1786.638,0.04726772375116743435358275526,0.02018434357421646851587902665,-1.506396240601503759398496241,0.2955390315217976264465070778,False,43.40768126186058535223103452,-7.361974749158185624155150,-6.501190904927719321152575752,-0.860783844230466303002574248,1839.80345,1871.759833233870506328963861,1807.847066766129493671036139,21.76015668987304441850442841,0.578183
2022-06-28,0,1818.298,1893.081308333333333333333333,1845.237833333333333333333333,False,False,偏空,False,1909.633,1786.638,0.05023104023652888580419711180,0.01741188738039639267050835452,-1.629597744360902255639097744,0.3283852073102098732871776089,False,41.79982354586428045836836737,-8.004029000690579415876689,-6.801758524080291340097398402,-1.202270476610288075779290598,1838.14545,1870.940964055888802305041503,1805.349935944111197694958497,21.01043121202496981718268352,0.578183
2022-06-29,0,1818.763,1893.02235,1845.462354166666666666666667,False,False,偏空,False,1909.633,1786.638,0.04996252947745253229805092802,0.01766310398880997689088682803,-1.888449624060150375939849624,0.4138082063746629062847087468,False,42.00889496553084541821621353,-8.378754935643986752229729,-7.117157806393030422523864522,-1.261597129250956329705864478,1837.1192,1870.974890444000695346386125,1803.263509555999304653613875,21.00825755402318625881249184,0.578183
2022-06-30,0,1806.428,1892.805016666666666666666667,1845.5940375,False,False,偏空,False,1909.633,1786.638,0.05713208608369666546355570219,0.01095532177313460597377808581,-2.068914285714285714285714286,0.4521478497784544976204013728,False,38.09908379478706639123540225,-9.560847848377921425985190,-7.605895814790008623216129618,-1.954952033587912802769060382,1834.7677,1870.251333422184938359607623,1799.284066577815061640392377,21.10695344302153009746874242,0.578183
2022-07-01,0,1810.598,1892.670766666666666666666667,1845.776345833333333333333333,False,False,偏空,False,1909.633,1784.397,0.05469739831812473006155977196,0.01447090961107877066030118226,-2.131954135338345864661654135,0.4670452645979247322024181486,False,40.12780012736155281488395170,-10.045383915638093362107159,-8.093793434959625570994335494,-1.951590480678467791112823506,1832.66545,1868.642387476527931948752753,1796.688512523472068051247247,21.54938533994856366193526082,0.578183
2022-07-03,0,1807.924,1892.254316666666666666666667,1846.033870833333333333333333,False,False,偏空,False,1892.373,1784.397,0.04671048119279350238173728542,0.01301326825685150481989287160,-2.262321052631578947368421053,0.4998816713427072295284927037,False,39.23970394765232065729568619,-10.523839422287651507363891,-8.579802632425230758268246595,-1.944036789862420749095644405,1830.72195,1867.623656543058411785725589,1793.820243456941588214274411,20.31735781566652340036845648,0.578183
2022-07-04,0,1809.108,1891.835183333333333333333333,1846.2806625,False,False,偏空,False,1885.558,1784.397,0.04225839474481346608383800193,0.01365921769181276076386816044,-1.934522556390977443609022556,0.4559115727931258201532678460,False,39.87423119455558935651297439,-10.684317788781890492879975,-9.000705663696562705190592276,-1.683612125085327787689382724,1827.62545,1860.666916162838476559781436,1794.583983837161523440218564,19.60626082883320030034213816,0.578183
2022-07-05,0,1769.364,1890.98865,1846.363645833333333333333333,False,False,偏空,False,1881.988,1763.748,0.06365225018707286912133399346,0.003174021851919672831593725203,-1.989078195488721804511278195,0.4498431516860353765994902974,False,28.94648163272350633634394911,-13.858751633883851059960896,-9.972314857734020376144653021,-3.886436776149830683816242979,1822.2495,1856.451154892709504678775773,1788.047845107290495321224227,21.65652791248797170746055686,0.578183
2022-07-06,0,1739.818,1890.046733333333333333333333,1846.316204166666666666666667,False,False,偏空,False,1878.763,1732.128,0.07986180163672292159294822792,0.004420002551991070330344898145,-3.188326315789473684210526316,0.5490004207602438846961220393,False,23.73816520618930578712880344,-18.544855055158790523514770,-11.68682289721897440561867642,-6.85803215793981611789609358,1818.1965,1867.821697202630842542959997,1768.571302797369157457040003,23.01363306159597372835623137,0.578183
2022-07-07,0,1741.628,1888.978733333333333333333333,1846.3428,False,False,偏空,False,1878.763,1732.128,0.07873954713635747702724117894,0.005454666553362715803834113829,-4.399375187969924812030075188,0.7197647305648621007650359051,False,24.63280557539139319134067958,-21.860578760657289641415785,-13.72157406990663745277809814,-8.13900469075065218863768686,1814.73925,1874.542053071009974189316708,1754.936446928990025810683292,22.2738021286248327477593577,0.578183
2022-07-08,0,1741.838,1887.661733333333333333333333,1846.397425,False,False,偏空,False,1878.763,1732.128,0.07860949181267144246479867818,0.005574571228782470011562498924,-5.141315037593984962406015038,0.7842203580536406890276248954,False,24.74311506683588646781038239,-24.192492447179962287732354,-15.81575774536130241976894931,-8.37673470181865986796340469,1810.14575,1877.100436476377439609413858,1743.191063523622560390586142,22.07338769086591612291940358,0.578183
2022-07-10,0,1741.828,1886.362233333333333333333333,1846.350966666666666666666667,False,False,偏空,False,1878.763,1732.128,0.07861568421221842799633488496,0.005568862137937844609226628576,-5.477994736842105263157894737,0.8030188213692299524780876359,False,24.74125804204688681045338017,-25.744590150897954107066050,-17.80152422646863275722836945,-7.94306592442932134983768055,1804.70545,1875.204711699609308745426531,1734.206188300390691254573469,20.81314571294692211413944618,0.578183
2022-07-11,0,1733.104,1884.931783333333333333333333,1846.238491666666666666666667,False,False,偏空,False,1878.763,1731.128,0.08404515828248045125970513022,0.001140150850727942466233994036,-5.962884962406015037593984962,0.8367387420344447966047075917,False,23.11160983281415743875030099,-27.363167096535720300480586,-19.71385280048205026587881276,-7.64931429605367003460177324,1799.42175,1874.599151878157507924751158,1724.244348121842492075248842,20.20120673345071339170091431,0.578183
2022-07-12,0,1725.218,1883.396533333333333333333333,1846.080825,False,False,偏空,False,1878.763,1723.048,0.08900034662286157459521057629,0.001257812056215504359449066727,-6.408787218045112781954887218,0.8640177438997666006041119162,False,21.71897513288984264485383459,-28.948534594154645719247182,-21.56078915921656935655248661,-7.38774543493807636269469539,1793.76675,1873.280153292463843576565955,1714.253346707536156423434045,20.26183482391851957800799186,0.578183
2022-07-13,0,1731.914,1882.01125,1845.930654166666666666666667,False,False,偏空,True,1878.763,1706.948,0.08479000689410675125901170612,0.01441526542310992347195068577,-6.578378195488721804511278195,0.8768550644879966741181330270,True,25.80699798251233862131771571,-29.326579960162012976466057,-23.11394731940565808053520069,-6.21263264075635489593085631,1788.41305,1869.430906887170250549020617,1707.395193112829749450979383,21.55284662221005389386456387,0.578183
2022-07-14,0,1711.504,1880.351925,1845.731804166666666666666667,False,False,偏空,False,1878.763,1697.438,0.09772632725369032149501257374,0.008218502556815525993512139031,-6.999521804511278195488721805,0.9006326830152123214033270268,False,22.03046918084145638159167197,-30.916711458200126776549607,-24.67450014716455181973808195,-6.24221131103557495681152505,1782.422,1867.481013149695076861469013,1697.362986850304923138530987,22.58664329205219290144566645,0.578183
2022-07-15,0,1707.798,1878.696925,1845.4980125,False,False,偏空,False,1878.763,1697.438,0.1001084437386623008107516229,0.006066291212426762415695533078,-7.212852631578947368421052632,0.9104420394568159313452557033,True,21.41759255367494604337098214,-32.105849110985542126739858,-26.16076993992874988113843716,-5.94507917105679224560142084,1775.9905,1863.168465203370054340225887,1688.812534796629945659774113,22.22831162833417912277097599,0.578183
2022-07-17,0,1710.174,1877.210641666666666666666667,1845.311120833333333333333333,False,False,偏空,False,1878.763,1697.438,0.09858002752936250931191796858,0.007447195431575968293284776871,-7.387969924812030075187969925,0.9228683056127036413688829191,True,22.89853321613836480620289380,-32.482092581276274470886182,-27.42503446819825479908798613,-5.05705811307801967179819587,1770.2768,1858.968110845200613710835496,1681.585489154799386289164504,20.98128936916745204257304914,0.578183
2022-07-18,0,1708.144,1875.528191666666666666666667,1845.1091875,False,False,偏空,False,1878.763,1697.438,0.09988560683408424582470798715,0.006267621465169212900083365337,-7.397983458646616541353383459,0.9235310946074531435916157217,True,22.50824251964178900122605906,-32.568641253654753948825482,-28.45375582528955462903548530,-4.11488542836519931978999670,1764.3911,1853.170747273234871756939430,1675.611452726765128243060570,20.7121972713697768966749742,0.578183
2022-07-19,0,1709.888,1873.892441666666666666666667,1844.925895833333333333333333,False,False,偏空,False,1878.763,1697.438,0.09876377868024104502751057379,0.007281178650297563349178425721,-7.126016541353383458646616541,0.9072743923792802405119070589,True,23.71127135836952273577192871,-32.126174928553508480557691,-29.18823964594234539933992644,-2.93793528261116308121776456,1758.3391,1844.617745814361272924578945,1672.060454185638727075421055,20.16825460912907854691247604,0.578183
2022-07-20,0,1695.308,1871.835108333333333333333333,1844.6846875,False,False,偏空,False,1878.763,1692.338,0.1082133747967920873375221494,0.001751894051110476680343630774,-6.998504511278195488721804511,0.9014095413268065130659709574,True,20.80354460223574366255888973,-32.576479945314031165184833,-29.86588770581668255250890775,-2.71059223949734861267592525,1751.93235,1836.942345269438757921364163,1666.922354730561242078635837,20.30430785133414436499015632,0.578183
2022-07-21,0,1718.036,1870.079841666666666666666667,1844.508595833333333333333333,False,False,偏空,False,1878.763,1680.748,0.09355275442423790886803303307,0.02170385253859639728154706886,-6.434859398496240601503759398,0.8505192398586427940056334244,True,34.32406471013984159888880027,-30.744981255364993027326499,-30.04170641572634464747242600,-0.70327483963864837985407300,1746.91925,1827.387176641302247486355168,1666.451323358697752513644832,21.67471443338170548177657373,0.578183
2022-07-22,0,1726.618,1868.344933333333333333333333,1844.237679166666666666666667,False,False,偏空,False,1878.763,1680.748,0.08811734848125062984400718630,0.02656638584794088790919589625,-5.590502255639097744360902256,0.7640647578760050219724410307,True,38.58746996827790457510453656,-28.275072238962014508750009,-29.68837958037347861972794260,1.41330734141146411097793360,1742.312,1816.070412911341849180918062,1668.553587088658150819081938,22.02144911671158366164967561,0.578183
2022-07-24,0,1724.598,1866.301183333333333333333333,1843.9431375,False,False,偏空,False,1878.763,1680.748,0.08939184667963200699525338659,0.02542621526871769537016742452,-4.831201503759398496240601504,0.6728081432791910322780901722,True,37.96279221349373340065192996,-26.178874892903133737685807,-28.98647864287940964331951548,2.80760374997627590563370848,1738.2205,1806.146392369552275172412281,1670.294607630447724827587719,20.73420275123218482867469878,0.578183
2022-07-25,0,1718.878,1864.053433333333333333333333,1843.744054166666666666666667,False,False,偏空,False,1878.763,1680.748,0.09301707276490827155853993128,0.02218307523861495696611394177,-3.964720300751879699248120301,0.5877623589412762763456739932,True,36.17684049496918574548191981,-24.694516574561809672177549,-28.12808622921588964909112218,3.43356965465407997691357318,1733.6345,1793.274480132458126096410871,1673.994519867541873903589129,20.79040255471560019805507744,0.578183
2022-07-26,0,1717.814,1861.713483333333333333333333,1843.522970833333333333333333,False,False,偏空,False,1878.763,1680.748,0.09369407863715163574170428230,0.02157742339973943628355572839,-3.017735338345864661654135338,0.5000801975444417540881890770,True,35.83908782092368510896880216,-23.335016278715338570458229,-27.16947223911577943336454354,3.83445596040044086290631454,1729.129,1778.342827235849072907652709,1679.915172764150927092347291,20.34394522937877161247971476,0.578183
2022-07-27,0,1738.628,1859.17165,1843.4177375,False,False,偏空,False,1878.763,1680.748,0.08060091060307322785552746188,0.03329061765944181273970049947,-1.619209022556390977443609023,0.3138527791430778665263619713,True,46.38436948631612053208993477,-20.343578539477045387396560,-25.80429349918803262417094683,5.46071495971098723677438683,1725.605,1758.937335639735778947651479,1692.272664360264221052348521,20.94959199870885935444544942,0.578183
2022-07-28,0,1754.738,1857.2134,1843.3599875,False,False,偏空,False,1878.763,1680.748,0.07068006733768801952200271494,0.04216583900274570904602282506,-0.5120917293233082706766917293,0.0389397763299898547083476896,True,52.84454435251615055789771259,-16.482895655008558758075919,-23.94001393035213785095194126,7.45711827534357909287602226,1724.8737,1754.801642161799230528798288,1694.945757838200769471201712,21.10862114165822654341363161,0.578183
2022-07-29,0,1765.698,1855.30115,1843.294695833333333333333333,False,False,偏空,False,1878.763,1680.748,0.06403416665817144268159107616,0.04811128516881142754876541742,0.3070751879699248120300751880,0.0106494631407921885421664418,True,56.66966064805760392043313189,-12.396002846322324974328112,-21.63121171354617527562717541,9.23520886722385030129906341,1726.1677,1760.484492560494344661442853,1691.850907439505655338557147,20.73343391725406750459837221,0.578183
2022-07-31,0,1762.078,1853.4164,1843.201004166666666666666667,False,False,偏空,False,1878.763,1680.748,0.06622011057399275173970732283,0.04615573203910383081793200982,1.064189473684210526315789474,0.1088653526339690835846678918,True,55.08040941366664570937093643,-9.341531240128582551456433,-19.17327561886265673079302693,9.83174437873407417933659393,1727.1902,1764.386516761744031582939966,1689.993883238255968417060034,19.63690292316449125426991705,0.578183
2022-08-01,0,1772.158,1851.733483333333333333333333,1843.119879166666666666666667,False,False,偏空,False,1878.763,1680.748,0.06015547146473395713023330877,0.05158117955622467071220511941,1.937867669172932330827067669,0.2877263832825046568674522924,True,58.56495688508124874703890911,-6.037867944790139541497637,-16.54619408404815329293394894,10.50832613925801375143631194,1728.7062,1770.370116703065735655987922,1687.042283296934264344012078,19.45612414293845616467920869,0.578183
2022-08-02,0,1756.648,1850.105066666666666666666667,1842.9629625,False,False,偏空,False,1878.763,1680.748,0.06951591895473652091938737869,0.04320729024824552215355609092,2.544222556390977443609022556,0.4640072015591752197655639104,True,51.89433265442882843564158175,-4.617985101493181177096898,-14.16055228753715886976653875,9.54256718604397769266964075,1729.4472,1772.521532745151142967809392,1686.372867254848857032190608,20.43068670415713786720212236,0.578183
2022-08-03,0,1763.615,1848.81975,1842.77895,False,False,偏空,False,1878.763,1680.748,0.06529089398763335535250040400,0.04698701247154282538989518687,3.090072932330827067669172932,0.6114670416582745098970294667,True,54.40650938032122605525032496,-2.897142587781966718639375,-11.90787034758612043954110600,9.01072775980415372090173100,1730.97275,1776.545792518028133075326125,1685.399707481971866924673875,20.29020908243162801954482791,0.578183
2022-08-04,0,1793.264,1847.706133333333333333333333,1842.7781,False,False,偏空,False,1878.763,1680.748,0.04767786561264822134387351779,0.06274368971885901908475271906,3.889083458646616541353383459,0.7184319359256866691542782203,True,63.21127179113090777656858588,0.849274111994990098883065,-9.356441455669898331856271800,10.20571556766488843073933680,1734.37505,1787.290228909175011878451942,1681.459871090824988121548058,21.10090843368651173243448306,0.578183
2022-08-05,0,1774.718,1846.2973,1842.687266666666666666666667,False,False,偏空,False,1878.763,1680.748,0.05862621554523028447336421899,0.05294925729045403269702566830,4.426552631578947368421052632,0.8390393602435831842067136495,False,55.93478626006024692621168903,2.295369542167876607211096,-7.026079256102343344042798240,9.321448798270219951253894240,1736.51525,1792.246692690370038544751900,1680.783807309629961455248100,21.72634354556604660868916284,0.578183
2022-08-07,0,1774.438,1845.0743,1842.582908333333333333333333,False,False,偏空,False,1878.763,1680.748,0.05879326299369152373878377266,0.05279981605443526344679273099,4.573391729323308270676691729,0.8615364902899368594676793213,False,55.83029270477543342345148300,3.379856052506544081175097,-4.944892194380565858999219192,8.324748246887109940174316192,1739.66195,1796.485372010558287037768709,1682.838527989441712962231291,20.48896186373990042235422264,0.578183
2022-08-08,0,1789.034,1843.991766666666666666666667,1842.6081,False,False,偏空,False,1878.763,1680.748,0.05015499984908056526594799204,0.06052763670226502123492342795,4.775591729323308270676691729,0.8798702383045373843945756826,False,60.02285745342985963824121286,5.355361369125083622529512,-2.884841481679435962693472954,8.240202850804519585222984954,1743.72375,1802.438024366205020825888801,1685.009475633794979174111199,20.42217887347276467790034959,0.578183
2022-08-09,0,1793.968,1842.812433333333333333333333,1842.666475,False,False,偏空,False,1877.363,1680.748,0.04648633643409469957100684070,0.06311149362753404743005449373,4.963633834586466165413533835,0.8960542277398331539116610666,False,61.35811052293248426145765929,7.235687627226502538148731,-0.860735659898248262525032164,8.096423287124750800673763164,1747.91345,1808.386017802186141333287494,1687.440882197813858666712506,20.20102323965328148662175319,0.578183
2022-08-10,0,1791.528,1841.745641666666666666666667,1842.6646,False,False,偏空,False,1857.418,1680.748,0.03677866045074372267695509085,0.06183548345323098494692798550,4.958760150375939849624060150,0.8956191859314775494166782531,False,60.28574744966494614252877040,8.431775862180873454509672,0.997766644517576080881908669,7.434009217663297373627763331,1752.08265,1812.510511998501982413325793,1691.654788001498017586674207,20.20737872253518995186305654,0.578183
2022-08-11,0,1788.828,1840.436141666666666666666667,1842.672058333333333333333333,False,False,偏空,False,1857.418,1680.748,0.03834354113419512664157761395,0.06041944781723005230240134882,4.817462406015037593984962406,0.8811019028985279205346620257,False,59.05578752888213703742961132,9.057408799969273762718277,2.609695075607915617249182335,6.447713724361358145469094665,1756.02965,1815.217298384692561630524945,1696.842001615307438369475055,19.89049452806839066958712393,0.578183
2022-08-12,0,1801.778,1839.124666666666666666666667,1842.774616666666666666666667,False,False,偏空,False,1857.418,1680.748,0.03088060793283079269477149793,0.06717253734921838317484173966,4.512247368421052631578947368,0.8817810963424145974898052973,False,62.95922366314068061423510628,10.477407155216946098064412,4.183237491529721713412228268,6.294169663687224384652183732,1761.35315,1816.769552464523082752813017,1705.936747535476917247186983,19.73760206177779133604518651,0.578183
2022-08-14,0,1799.015,1837.802391666666666666666667,1842.807120833333333333333333,False,False,偏空,False,1852.953,1680.748,0.02998196235162019216071016640,0.06573986320291937532483053226,4.366318796992481203007518797,0.8702045680877493527919593921,False,61.60964238890123355618137929,11.250130571377180023500109,5.596616107499213375429804414,5.653514463877966648070304586,1765.4021,1819.381814430144959780403001,1711.422385569855040219596999,18.57634477165080624061338747,0.578183
2022-08-15,0,1778.384,1836.3134,1842.643770833333333333333333,False,False,偏空,False,1847.778,1680.748,0.03902081890075484259867385222,0.05490152857875464466616883643,3.939393984962406015037593985,0.7878246517333011540055688203,False,52.55132688623743766120413894,10.081556261287594865097875,6.493604138256889673363418531,3.587952123030705191734456469,1767.9904,1819.175134495355155646830848,1716.805665504644844353169152,19.30446300224717722342671694,0.578183
2022-08-16,0,1775.488,1835.076483333333333333333333,1842.476166666666666666666667,False,False,偏空,False,1847.778,1680.748,0.04071556664984500036046427799,0.05335997765121476461682647250,3.361359398496240601503759398,0.6742815234337537820346064283,False,51.40871570020352663559741606,8.820097115077377491818656,6.958902733620987237054466025,1.861194381456390254764189975,1770.5349,1817.743393409131369991110732,1723.326406590868630008889268,18.75914421637237885032480859,0.578183
2022-08-17,0,1764.865,1833.814791666666666666666667,1842.227654166666666666666667,False,False,偏空,False,1847.778,1680.748,0.04697979732160816833015556431,0.04766200247611007074195476708,2.464725563909774436090225564,0.4808597403845398180133290361,False,47.34242354101927787449494378,6.883841691521482085496548,6.943890525201086206742882420,-0.060048833679604121246334420,1772.83425,1813.824935502318694450652986,1731.843564497681305549347014,19.02491962948863750387303655,0.578183
2022-08-18,0,1758.378,1832.351625,1841.930008333333333333333333,False,False,偏空,False,1847.778,1680.748,0.05084231035647625254638081232,0.04414864153213927835766826018,1.389466917293233082706766917,0.2334010917892773658340037402,False,45.00158717501478206451855024,4.770902636695393296093227,6.509292947499947624612951336,-1.738390310804554328519724336,1774.86245,1808.030702407837226901025661,1741.694197592162773098974339,18.88571108452516339645353394,0.578183
2022-08-19,0,1746.498,1830.766816666666666666666667,1841.505233333333333333333333,False,False,偏空,False,1846.238,1680.748,0.05710856811745561689735688217,0.03764676512655611400642886508,0.4121375939849624060150375940,0.0226400510089061675966163174,False,41.00311023061383279474306938,2.113404486769592754012639,5.630115255353876650492888869,-3.516710768584283896480249869,1775.25595,1806.844475293055388216425734,1743.667424706944611783574266,18.46673172134479458242113866,0.578183
2022-08-21,0,1745.538,1829.27315,1841.01915,False,False,偏空,False,1840.948,1680.748,0.05465936576574099217547827661,0.03711749615304851570117637084,-0.3363721804511278195488721805,0.0138132352070657511939312538,False,40.68849634871905180716051204,-0.069346536525773400084831,4.490222896977946640377344895,-4.559569433503720040462175895,1774.79595,1807.802352200027800061165092,1741.789547799972199938834908,17.36982231267730925510534304,0.578183
2022-08-22,0,1735.084,1827.694033333333333333333333,1840.480133333333333333333333,False,False,偏空,False,1840.948,1680.748,0.06101376071706038439637504582,0.03131606308397749042697644610,-1.047337593984962406015037594,0.1058013229826687929518861357,False,37.32950235678635271282128180,-2.612626152651478809704390,3.069653087052061550360997916,-5.682279239703540360065387916,1773.26525,1810.398842230620511298963211,1736.131657769379488701036789,17.64983500462893002259781854,0.578183
2022-08-23,0,1745.868,1826.1477,1839.981925,False,False,偏空,False,1840.948,1680.748,0.05446001645027000895829467062,0.03729949801474109153727544121,-1.615367669172932330827067669,0.2311572684185317701684794169,False,42.59422212430339642554905070,-3.715188516822313773825646,1.712684766277186485523669133,-5.427873283099500259349315133,1772.45475,1811.202227078514415194510427,1733.707272921485584805489573,18.05241821858400644955511721,0.578183
2022-08-24,0,1750.908,1824.734283333333333333333333,1839.517966666666666666666667,False,False,偏空,False,1832.958,1680.748,0.04686139991364480600922492787,0.04007063763487287738704717781,-1.927863909774436090225563910,0.3109517284293144246007796447,False,44.92294683937037755707039423,-4.134629816194650981911239,0.543221849782818992036687506,-4.677851665977469973947926506,1771.39225,1811.263119440607888504570700,1731.521380559392111495429300,17.72317406011372027458689455,0.578183
2022-08-25,0,1756.255,1823.339475,1839.126495833333333333333333,False,False,偏空,False,1832.958,1680.748,0.04367418171051470316098744203,0.04299318720800794873181855710,-2.376914285714285714285714286,0.4719831731512297017098233034,True,47.36256359216393271122659351,-3.989592317797540236315492,-0.3633409837332528536337483952,-3.626251334064287382681743605,1771.3726,1811.272892873110593246759848,1731.472307126889406753240152,17.56723305581988311211640209,0.578183
2022-08-26,0,1737.338,1821.710225,1838.588829166666666666666667,False,False,偏空,False,1825.008,1680.748,0.05046225892716328083539299779,0.03257282117814725747091239586,-2.985611278195488721804511278,0.6568979660573471989344683933,False,40.52366194392757704205595663,-5.339541943636868965705543,-1.358581175713976076048107316,-3.980960767922892889657435684,1770.05875,1812.541255716471103653953052,1727.576244283528896346046948,18.0714306946898914612509448,0.578183
2022-08-28,0,1734.654,1819.939525,1838.068854166666666666666667,False,False,偏空,False,1814.198,1680.748,0.04585583061521202499172745689,0.03107593791038443401393015552,-3.124994736842105263157894737,0.6787989446351716846539824640,False,39.64888551564281148682255783,-6.550453565663273309635577,-2.396955653703835522765601253,-4.153497911959437786869975747,1767.12825,1810.870843772546227462696672,1723.385656227453772537303328,17.14418564506918492830444874,0.578183
2022-08-29,0,1739.348,1818.229275,1837.627908333333333333333333,False,False,偏空,False,1814.198,1680.748,0.04303336652584761646318045612,0.03369078528276112658306445864,-3.402017293233082706766917293,0.7531834793463649826910618809,True,42.00670957993921667336051942,-7.050074311516857643943887,-3.327579385266439947001258402,-3.722494926250417696942628598,1765.35975,1810.567401320877088891854764,1720.152098679122911108145236,17.72031524184995743342555954,0.578183
2022-08-30,0,1723.198,1816.317275,1837.120908333333333333333333,False,False,偏空,False,1814.198,1680.748,0.05280878923954182862329227402,0.02463442970569835851712919815,-3.860987218045112781954887218,0.8413524486017177662354564661,False,36.69486328016185760280114387,-8.649491427937564941263003,-4.391961793800664945853607322,-4.257529634136899995409395678,1762.79775,1811.341710179923516413036022,1714.253789820076483586963978,17.82857843886067475960944814,0.578183
2022-08-31,0,1708.818,1814.176108333333333333333333,1836.703783333333333333333333,False,False,偏空,False,1812.058,1680.748,0.06041603026185351511980796082,0.01642655917716222558517056819,-4.217869924812030075187969925,0.8644128954009425997277230281,False,32.72661394628845674353184411,-10.951148810569884733279256,-5.703799197154508903338737058,-5.247349613415375829940518942,1758.78695,1811.105823483571872488138689,1706.468076516428127511861311,18.0429656932277694196373447,0.578183
2022-09-01,0,1697.018,1811.842408333333333333333333,1836.313366666666666666666667,False,False,偏空,False,1807.768,1680.748,0.06526153523415779915121701714,0.009587405672774242818874048478,-4.544793233082706766917293233,0.8696735769481489088263491518,False,29.87188960369476341305508462,-13.570952756386432892456899,-7.277229909000893701162369446,-6.293722847385539191294529554,1753.93945,1810.142749534724827399094126,1697.736150465275172600905874,18.19346814371150017537753436,0.578183
2022-09-02,0,1711.278,1809.659575,1835.987325,False,False,偏空,False,1807.768,1680.748,0.05638476039544714534984964453,0.01784046776736450769541827804,-4.560739097744360902255639098,0.8710935750822549339436276550,True,37.02142966592970934856294838,-14.331301115571632357425629,-8.688044150315041432415021357,-5.643256965256590925010607643,1749.92695,1806.281455574887266506063986,1693.572444425112733493936014,18.44393470487496444856485334,0.578183
2022-09-04,0,1707.995,1807.337683333333333333333333,1835.635104166666666666666667,False,False,偏空,False,1807.768,1680.748,0.05841527639132433057473821645,0.01595262281212767016296886115,-4.545539849624060150375939850,0.8697723702538634792848301280,True,36.10871702498159216034722559,-15.025587709057795672060097,-9.955552862063592280344036486,-5.070034846994203391716060514,1745.8853,1802.094640039178542200148960,1689.675959960821457799851040,17.49772508309818127366736381,0.578183
2022-09-05,0,1713.928,1805.144933333333333333333333,1835.307033333333333333333333,False,False,偏空,False,1807.768,1680.748,0.05475142479730770487441712837,0.01935903958626033298948380562,-4.119556390977443609022556391,0.8479734028874619126106804077,True,39.03392831455651406755429546,-14.925024923794159571878439,-10.94944727440970573865091699,-3.97557764938445383322752201,1741.4928,1793.085131839528245924692996,1689.900468160471754075307004,16.82603043430545403983398068,0.578183
2022-09-06,0,1703.374,1803.0929,1834.9234875,False,False,偏空,False,1807.768,1680.748,0.06128659941973988096565991967,0.01328304881957808443712302759,-3.755865413533834586466165414,0.8531352793783819835664562599,True,35.88637798120159035301201297,-15.518065192618442860090777,-11.86317085805145316293888899,-3.65489433456698969715188801,1736.71075,1783.605787903279276483847840,1689.815712096720723516152160,17.54259968899792160841726777,0.578183
2022-09-07,0,1716.528,1801.091783333333333333333333,1834.631166666666666666666667,False,False,偏空,False,1807.768,1680.748,0.05315380815227016395887512467,0.02084440218860397267041376546,-3.386191729323308270676691729,0.8047500466047382808850056555,True,42.14783587206209744353461369,-14.756531896767172583219067,-12.44184306579459704699492459,-2.31468883097257553622414241,1733.61795,1777.149773520155918228347808,1690.086126479844081771652192,18.29669971121235577924460579,0.578183
2022-09-08,0,1710.558,1799.089366666666666666666667,1834.370583333333333333333333,False,False,偏空,False,1807.768,1680.748,0.05682940888294930660053619930,0.01742706181257811778378751261,-3.054513533834586466165413534,0.7714178219091639700093750735,True,40.22761741485038162963833732,-14.467962711735354872470928,-12.84706699498274861209012527,-1.62089571675260626038080273,1730.37145,1770.478714321940483104934873,1690.264185678059516895065127,18.71957830326861608072713395,0.578183
2022-09-09,0,1715.938,1797.299616666666666666666667,1834.096804166666666666666667,False,False,偏空,False,1807.768,1680.748,0.05351591957285169977003831141,0.02050773396241589148325871914,-2.716070676691729323308270677,0.7066954519902436039426261366,True,42.75853904314042874050804051,-13.647824886291789943850923,-13.00721857324455687844228482,-0.64060631304723306540863818,1727.9251,1765.185776799542973411580532,1690.664423200457026588419468,18.7857512816065720749609101,0.578183
2022-09-11,0,1718.335,1795.514841666666666666666667,1833.886179166666666666666667,False,False,偏空,False,1807.768,1680.748,0.05204631227321796972068892271,0.02187408159642910142667174911,-2.372236842105263157894736842,0.6210027874321523747021156529,True,43.89832782293296588803552287,-12.658522317795643177053472,-12.93747932215477413816452226,0.27895700435913096111105026,1725.92295,1760.639542531381878118009101,1691.206357468618121881990899,17.73819761863467406960655938,0.578183
2022-09-12,0,1725.155,1794.063983333333333333333333,1833.646041666666666666666667,False,False,偏空,False,1807.768,1680.748,0.04788729128686987546046587118,0.02574087545756758088403650686,-2.058338345864661654135338346,0.5048557262941786769627248114,True,47.12437144018001225318118433,-11.195125464212671856319817,-12.58900855056635368179558121,1.39388308635368182547576421,1724.8558,1758.264451176603942625684698,1691.447148823396057374315302,18.13025493158934020749180514,0.578183
2022-09-13,0,1702.064,1792.360741666666666666666667,1833.309745833333333333333333,False,False,偏空,False,1807.768,1680.748,0.06210342266800778349110256724,0.01252361838332753644986322488,-2.057374436090225563909774436,0.5046349804725318915216080081,False,38.95636758762148040576172394,-11.763026784462906042567583,-12.42381219734566415394998157,0.66078541288275811138239857,1722.6821,1756.082408932104205913037528,1689.281791067895794086962472,19.31923672219010162124239049,0.578183
2022-09-14,0,1697.384,1790.793,1832.962075,False,False,偏空,False,1807.768,1680.748,0.06503183722716839560170238438,0.009800964307428372130289904936,-2.222956390977443609022556391,0.5483241968596605261969051268,False,37.53629809365310339529588926,-12.447245462328896860367768,-12.42849885034231069523353886,-0.01874661198658616513422914,1720.7971,1755.417976429691955445679991,1686.176223570308044554320009,18.90329124203366579115364831,0.578183
2022-09-15,0,1662.355,1788.850725,1832.452729166666666666666667,False,False,偏空,False,1807.768,1660.24,0.08747409548501974608311702374,0.001272291417898102390885220064,-2.661987218045112781954887218,0.5589107533385078551205627288,False,29.01174584923828933475018751,-15.635801458237249816075973,-13.06995937192129851940202569,-2.56584208631595129667394731,1716.62145,1757.685384032067604615910262,1675.557515967932395384089738,20.23127043903126109178553057,0.578183
2022-09-16,0,1673.898,1787.001975,1831.996658333333333333333333,False,False,偏空,False,1807.768,1654.048,0.07997500445068934905233174303,0.01185854813136762216096799208,-2.730955639097744360902255639,0.5645952870127670855884366827,False,34.30618837201636575409344841,-17.034962976874993586889228,-13.86296009291203753289946615,-3.17200288396295605398976185,1712.77095,1754.686178867202908307681349,1670.855721132797091692318651,20.6573939791004567280865641,0.578183
2022-09-18,0,1677.848,1785.174725,1831.586783333333333333333333,False,False,偏空,False,1807.768,1654.048,0.07743252070509366760278642642,0.01418483676709690031516561691,-2.543264661654135338345864662,0.5510454169951638680733083567,False,36.06348779794741151671752666,-17.621941796584052169869536,-14.61475643364644046029348012,-3.00718536293761170957605588,1708.8506,1748.362114789488899067589238,1669.339085210511100932410762,19.61900869487899553322323809,0.578183
2022-09-19,0,1675.635,1783.612533333333333333333333,1831.142395833333333333333333,False,False,偏空,False,1807.768,1654.048,0.07885547866928060108555860912,0.01288287723758455749611341372,-2.567972180451127819548872180,0.5546009928375063620802810359,False,35.49068557244269897701406125,-18.057541250241188641778672,-15.30331339696539009659051850,-2.75422785327579854518815350,1705.76545,1745.532723275772881433802588,1665.998176724227118566197412,19.5780080738162101379930068,0.578183
2022-09-20,0,1666.281,1781.929225,1830.655658333333333333333333,False,False,偏空,False,1807.768,1654.048,0.08491184860176644875624219444,0.007341498822827602307173880036,-2.675900751879699248120300752,0.5670096110012770623109575002,False,33.09772394332984779059251189,-18.939226961793176605333937,-16.03049610993094739833920220,-2.90873085186222920699473480,1702.3468,1743.329504237763520233663797,1661.364095762236479766336203,19.5662217828293379852792206,0.578183
2022-09-21,0,1666.938,1780.038591666666666666666667,1830.16095,False,False,偏空,True,1807.768,1653.649,0.08448424596475693757056351226,0.007972102141771319629164372040,-2.597511278195488721804511278,0.5594201565606841578988342780,False,33.43719725251412817167625599,-19.361764462732276273585680,-16.69674978049121317338849776,-2.66501468224106310019718224,1698.7263,1738.777377748794725786106309,1658.675222251205274213893691,20.61856308405581384347356199,0.578183
2022-09-22,0,1672.605,1778.35965,1829.7453125,False,False,偏空,True,1807.768,1653.649,0.08080987441745062342872345832,0.01133321973807324502796535942,-2.584277443609022556390977444,0.5568255339477655860622229808,True,36.43336740242159754512276008,-19.020097097795875429354588,-17.16141924395214562458171581,-1.85867785384372980477287219,1696.19665,1736.136404066719038824682919,1656.256895933280961175317081,21.23523714948039856893973614,0.578183
2022-09-23,0,1643.598,1776.3634,1829.1797,False,False,偏空,False,1807.768,1639.617,0.09988452164093653070884729721,0.002422125118185833762270336177,-3.136402255639097744360902256,0.6307875069359053039155573966,False,29.19049789264495846674012883,-20.849604466033215218867497,-17.89905628836835954343887205,-2.95054817766485567542862495,1692.93565,1738.478062892928718868450611,1647.393237107071281131549389,22.30564878166037009972975499,0.578183
2022-09-25,0,1643.925,1774.386708333333333333333333,1828.535020833333333333333333,False,False,偏空,False,1807.768,1639.617,0.09966573900877473120732393509,0.002620557507185546785893517040,-3.772096240601503759398496241,0.7500672503141927138476863761,False,29.36098267427633310675225146,-22.019291384554969011575702,-18.72310330760568143706623804,-3.29618807694928757450946396,1690.281,1740.510457014783665686266957,1640.051542985216334313733043,21.09574529725605794974905821,0.578183
2022-09-26,0,1627.508,1772.494566666666666666666667,1827.825854166666666666666667,False,False,偏空,False,1807.768,1621.033,0.1107582881313025803867016322,0.003978475067403662531919965985,-4.337321804511278195488721805,0.7936095180929727028798429158,False,25.97916634658849712153585948,-23.994398897532924615417451,-19.77736242559113007273648063,-4.21703647194179454268097037,1686.0925,1742.241759362880290800613188,1629.943240637119709199386812,21.63283491888062523905269691,0.578183
2022-09-27,0,1628.718,1770.788358333333333333333333,1827.112395833333333333333333,False,False,偏空,True,1807.768,1621.033,0.1099330884781773149188502859,0.004718434989973709383699326710,-4.811128571428571428571428571,0.8429028083758624106808196951,False,26.64975661179842232258032630,-25.171883143911289551585004,-20.85626656925516196850618530,-4.31561657465612758307881870,1682.12865,1742.563024725895857488944984,1621.694275274104142511055016,21.21248956753200915054893284,0.578183
2022-09-28,0,1656.095,1769.139458333333333333333333,1826.548145833333333333333333,False,False,偏空,True,1807.768,1614.71,0.09158472189095432327251757900,0.02498950845211174479724895009,-4.680942857142857142857142857,0.8203962291121014176102550965,True,39.91348093478302681013575039,-23.623634241285663338592802,-21.40974010366126224252350864,-2.21389413762440109606929336,1679.237,1738.837147181026323368208054,1619.636852818973676631791946,23.12124031270829421122400906,0.578183
2022-09-29,0,1664.455,1767.83285,1826.023145833333333333333333,False,False,偏空,False,1807.768,1614.71,0.08610205743020988852206878528,0.02988665959728559798853078035,-4.511003759398496240601503759,0.7812560718450830868673989559,True,43.28603589933838450615440017,-21.474508927362045498344293,-21.42269386840141889368766551,-0.05181505896062660465662749,1677.29105,1736.148617137879560847199364,1618.433482862120439152800636,23.15808029037198748185086556,0.578183
2022-09-30,0,1659.978,1766.577016666666666666666667,1825.424854166666666666666667,False,False,偏空,False,1807.768,1614.71,0.08903130041482477478617186493,0.02727024093090390354570964194,-4.138802255639097744360902256,0.7154683800724471135680674976,True,41.92878611664296921446089780,-19.903137140927734706145668,-21.11878252290668205617926601,1.21564538197894735003359801,1674.46355,1730.892929541068852691472084,1618.034170458931147308527916,22.65443169820255980457580374,0.578183
2022-10-02,0,1664.085,1765.335408333333333333333333,1824.823729166666666666666667,False,False,偏空,False,1807.768,1614.71,0.08634354615299098303271767969,0.02967096031753185684625484876,-3.717154887218045112781954887,0.6285593878212394336049843529,True,43.67358887090992216985646901,-18.117565090121049786831696,-20.51853903634955560230975201,2.40097394622850581547805601,1672.1399,1726.210765296941568364272561,1618.069034703058431635727439,21.41411514833094838996324633,0.578183
2022-10-03,0,1700.918,1764.290941666666666666666667,1824.380979166666666666666667,False,False,偏空,False,1807.768,1614.71,0.06281901890626120718341507351,0.05068321929687380579193118069,-2.614490225563909774436090226,0.3362931465882829185074105354,True,56.34254703731260716562836710,-13.573899636182808898060558,-19.12961115631620626145991321,5.55571152013339736339935521,1671.3889,1723.382972404073139691048797,1619.394827595926860308951203,22.94667835202159493353730016,0.578183
2022-10-04,0,1725.424,1763.549241666666666666666667,1824.019104166666666666666667,False,False,偏空,False,1807.768,1614.71,0.04772392177227162714787785495,0.06416625710549986554029618227,-1.101306015037593984962406015,0.0566793428739439062743257629,True,62.40176167883663158419749970,-7.904464882969853114572509,-16.88458190164693563208243237,8.98011701867708251750992337,1671.74335,1725.091753643501836277136419,1618.394946356498163722863581,23.76241561259148100971320729,0.578183
2022-10-05,0,1718.248,1762.735158333333333333333333,1823.6516875,False,False,偏空,False,1807.768,1614.71,0.05209958050293089239737220704,0.06025789059553684916263542865,0.4063879699248120300751879699,0.0081125376496540087358067154,True,59.78511147266429616086480076,-3.944965120390245556402983,-14.29665854539559761694654250,10.35169342500535206054355950,1671.398,1723.432130414565399941687592,1619.363869585434600058312408,24.00838592597780379473369249,0.578183
2022-10-06,0,1711.825,1761.650833333333333333333333,1823.265604166666666666666667,False,False,偏空,False,1807.768,1614.71,0.05604720108655966585369415682,0.05673185051042016561272326318,1.468116541353383458646616541,0.1007468691006931462355750577,True,57.46251570502541153596153989,-1.310212142638242534402324,-11.69936926484412660043769880,10.38915712220588406603537480,1671.88605,1725.228206981040802302394228,1618.543893018959197697605772,23.62364407412224638082414303,0.578183
2022-10-07,0,1694.458,1760.390166666666666666666667,1822.760895833333333333333333,False,False,偏空,False,1802.548,1614.71,0.06379030934965635029018128511,0.04706401693048750691961677421,2.193172180451127819548872180,0.2270827295426638450449141204,True,51.62277578515927577342399169,-0.616417506021849938425713,-9.482778913079671268035301640,8.866361407057821329609588640,1671.73975,1724.816765657909780412055207,1618.662734342090219587944793,23.66624092597065735362241853,0.578183
2022-10-09,0,1696.568,1759.143083333333333333333333,1822.208854166666666666666667,False,False,偏空,False,1802.548,1614.71,0.06246728689919885321425371692,0.04824917126811303761476109416,2.399681203007518796992481203,0.2630849159333958361349630973,True,52.25760283827711884528901300,0.102497579714888989344290,-7.565723614520759216559383312,7.668221194235648205903673312,1673.4504,1727.405362612905219211786233,1619.495437387094780788213767,22.35122371697275325693510292,0.578183
2022-10-10,0,1669.998,1757.61175,1821.5490375,False,False,偏空,False,1802.308,1614.71,0.07922763979358059111448037662,0.03310662647500176646918140022,2.357428571428571428571428571,0.2537108848447231128046060396,False,44.36301723215939888561042151,-1.454962083365613434646098,-6.343571308289730060176726250,4.888609224924116625530628250,1673.2554,1727.230668730780766720412310,1619.280131269219233279587690,23.01542202290327088143973843,0.578183
2022-10-11,0,1663.955,1755.916833333333333333333333,1820.9654,False,False,偏空,False,1801.588,1614.71,0.08271437629022419476488246377,0.02959515131118329522132509593,2.297080451127819548872180451,0.2399690940346799505185056066,False,42.78006778282878076937859502,-3.140675926709418884386190,-5.702992231973667825018619000,2.562316305264248940632429000,1672.56075,1726.639216815822358334220128,1618.482283184177641665779872,23.0093204498387515327654714,0.578183
2022-10-12,0,1674.438,1754.42125,1820.384775,False,False,偏空,False,1783.038,1614.71,0.06485758206634106488266510913,0.03567047570587862912810148838,2.372439097744360902255639098,0.2560773952721945942533752548,False,46.35596542525172142989786948,-3.589350009936509548605508,-5.280263787566236169735996800,1.690913777629726621130488800,1672.5009,1726.568273303684727828144952,1618.433526696315272171855048,22.57651184627884070899650916,0.578183
2022-10-13,0,1663.345,1752.843891666666666666666667,1819.772970833333333333333333,False,False,偏空,False,1782.194,1614.71,0.07145180344426441898704117306,0.02923927387282854729475845360,2.143431578947368421052631579,0.2083885470158194141747934883,False,43.27409851473927214743847574,-4.784882696112304119733401,-5.181187569275449759735477640,0.396304873163145640002076640,1672.3541,1726.504107615511929861293131,1618.204092384488070138706869,23.82447528583035208692532994,0.578183
2022-10-14,1,1643.618,1751.100391666666666666666667,1819.157720833333333333333333,False,False,偏空,False,1772.294,1614.71,0.07828826406135732268690170100,0.01758802836182129910964713212,1.647398496240601503759398496,0.1169615360814129677668510332,False,38.38662023104528935539441075,-7.240688844015136856432082,-5.593087824223387179074798512,-1.647601019791749677357283488,1671.1881,1726.740516343125885670432647,1615.635683656874114329567353,24.37701276541389836643066351,3.697619
2022-10-16,0,1647.398,1749.4141,1818.539345833333333333333333,False,False,偏空,False,1765.368,1614.71,0.07160989633349075329701747847,0.01984219963846016566731293834,1.329912030075187969924812030,0.0736826609217169367252886158,False,39.78989158316344574818794809,-8.780700055688123908188232,-6.230610270516334524897485210,-2.550089785171789383290746790,1669.92775,1726.430044498099809468767585,1613.425455501900190531232415,22.96051185359861991168561611,0.578183
2022-10-17,1,1650.568,1747.732516666666666666666667,1817.937345833333333333333333,False,False,偏空,False,1765.368,1614.71,0.06955181489038924782256774638,0.02172464266846321993398636106,0.6376112781954887218045112782,0.0172842580365532500850030138,False,41.00340811327084351285908829,-9.634319095538035428416689,-6.911352035520674705601325968,-2.722967060017360722815363032,1670.27625,1726.207746596729825033765554,1614.344753403270174966234446,22.89690386405586134656521496,3.697619
2022-10-18,1,1652.198,1746.1981,1817.316970833333333333333333,False,False,偏空,False,1765.368,1614.71,0.06849663297014038269021025325,0.02268977447013009336653355106,-0.03672180451127819548872180451,0.0000587234365506320490590141,False,41.65458065390347616732041096,-10.063287641340239207189222,-7.541739156684587605918905174,-2.521548484655651601270316826,1670.6899,1725.954127449227949919522524,1615.425672550772050080477476,22.33712501662329982181055675,3.697619
2022-10-19,1,1627.018,1744.374383333333333333333333,1816.510429166666666666666667,False,False,偏空,False,1765.368,1614.71,0.08503286380359651829297524674,0.007564759578566432577881744394,-1.342425563909774436090225564,0.0782592237675390019398634188,False,35.19250371816848978656282083,-12.293353736868002974521671,-8.492062072721270679639458339,-3.801291664146732294882212661,1670.6654,1726.006561055402514928540814,1615.324238944597485071459186,22.67025894400734983453837413,3.697619
2022-10-20,1,1626.828,1742.3503,1815.6840125,False,False,偏空,False,1765.368,1614.71,0.08515958663116199131069787341,0.007448851384411873904309490616,-2.631001503759398496240601504,0.2974597874966918721478804873,False,35.14819441337213230584728217,-13.915618014140547202779041,-9.576773261005125984267374871,-4.338844753135421218511666129,1670.5709,1726.203939107710087421240255,1614.937860892289912578759745,22.70674044800682484635706169,3.697619
2022-10-21,1,1657.298,1740.741633333333333333333333,1815.003054166666666666666667,False,False,偏空,True,1765.368,1614.71,0.06520855030296301570387462001,0.02569724937820476462289823556,-3.049181203007518796992481203,0.4003984712481876751879455863,True,46.73119901838186569383723198,-12.597384977654471630014541,-10.18089560433499511341680810,-2.41648937331947651659773290,1670.63105,1726.203922941661024044919937,1615.058177058338975955080063,23.99418755886348021447441443,3.697619
2022-10-23,0,1661.148,1739.155716666666666666666667,1814.351929166666666666666667,False,False,偏空,False,1758.684,1614.71,0.05871602048703667584104486777,0.02795536580726100263191479627,-3.282169924812030075187969925,0.4623910302137521697435936212,True,47.99510946127163814587293815,-11.113898866702082259557859,-10.36749625680841254264501828,-0.74640260989366971691284072,1670.4657,1726.130695942153808801619407,1614.800704057846191198380593,23.30103130465894591344052769,0.578183
2022-10-24,1,1651.588,1737.59155,1813.6657625,False,False,偏空,False,1745.418,1614.71,0.05681198943077813595158114493,0.02232881323913712136440807272,-3.717446616541353383458646617,0.5840121553793503214417288063,True,45.13155452312664452666059263,-10.587590388130243496270625,-10.41151508307277873337013962,-0.17607530505746476290048538,1670.0462,1726.145781045137939603885512,1613.946618954862060396114488,23.02960049718330691962334714,3.697619
2022-10-25,1,1652.598,1735.917716666666666666666667,1812.972679166666666666666667,False,False,偏空,True,1745.418,1614.71,0.05616610936234946429803255238,0.02292632570050308665507280052,-4.060830827067669172932330827,0.6854605382194128599469010187,True,45.50150298266407274200707428,-9.974014339241990978068141,-10.32401493430662118230973990,0.35000059506463020424159890,1669.47185,1726.037071093088640026125816,1612.906628906911359973874184,23.10527189024164213965025091,3.697619
2022-10-26,1,1667.358,1734.373675,1812.3610125,False,False,偏空,False,1740.334,1614.71,0.04376744526370461532556295649,0.03157570239864504203656323357,-3.594510526315789473684210526,0.5744399110038645286951230838,True,50.72971628133310384425916630,-8.202192485107411472603879,-9.899650444466779240368567720,1.697457959359367767764688720,1667.79385,1722.488302220586321546303040,1613.099397779413678453696960,23.24918104093866770110380441,3.697619
2022-10-27,1,1661.728,1732.831458333333333333333333,1811.624820833333333333333333,False,False,偏空,False,1735.035,1614.71,0.04411492133489957441891813823,0.02829464268520479885998189836,-2.771215789473684210526315789,0.4452403268423767735407345207,True,48.80639335415640143930462908,-7.169657499844052470059470,-9.353651855542233886306748176,2.183994355698181416247278176,1664.60905,1712.505014015666288706022990,1616.713085984333711293977010,22.72995382372876286531067552,3.697619
2022-10-28,1,1644.498,1730.943625,1810.815195833333333333333333,False,False,偏空,False,1735.035,1614.71,0.05505449079293498684704998121,0.01811373440405521928272335996,-2.211585714285714285714285714,0.3727690229044445298703048736,True,43.38522166190056030821176662,-7.653458779197898807438530,-9.013613240273366870533104541,1.360154461075468063094574541,1660.92155,1702.695898815870248104838623,1619.147201184129751895161377,23.1749571220338512320741987,3.697619
2022-10-30,0,1643.368,1728.997666666666666666666667,1810.019529166666666666666667,False,False,偏空,False,1735.035,1614.71,0.05577995920572872296405917603,0.01743857736063985668456486922,-1.658612030075187969924812030,0.2946799166642091819789496941,True,43.04751287549273253777476732,-8.035428912262047375955587,-8.817976374671102971617601033,0.782547462409055595662014033,1657.4987,1692.735410823230933340411610,1622.261989176769066659588390,21.80253161331714757264032736,0.578183
2022-10-31,1,1632.248,1727.42575,1809.176404166666666666666667,False,False,偏空,False,1735.035,1614.71,0.06297266101719836691483156971,0.01074469075777700447481020041,-1.435768421052631578947368421,0.2593248643814474795532546047,False,39.76705129332365789780323984,-9.130186949138379760110483,-8.880418489564558329316177426,-0.249768459573821430794305574,1654.3882,1686.903527884553155771210830,1621.872872115446844228789170,21.23877935522306560316601826,3.697619
2022-11-01,1,1646.688,1726.058375,1808.356195833333333333333333,False,False,偏空,False,1735.035,1614.71,0.05365132921354865038185740104,0.01941958646689597543675547523,-0.8797744360902255639097744361,0.1495391033257017536011809931,True,45.56787020906571892243338126,-8.731946813367547528207789,-8.850724154325156169094499741,0.118777340957608640886710741,1651.8942,1678.131538162245041278130933,1625.656861837754958721869067,21.60750940127856091722558839,3.697619
2022-11-02,1,1633.578,1724.390625,1807.456945833333333333333333,False,False,偏空,False,1735.035,1614.71,0.06210722720310875881041492968,0.01155010657587210405624953323,-0.8555849624060150375939849624,0.1438778789518477776374319720,False,41.64636772023622910597027964,-9.366237911400456206595048,-8.953826905740216176594609393,-0.412411005660240030000438607,1650.0732,1676.086290386188258504826397,1624.060109613811741495173603,22.74618730118723513742376065,3.697619
2022-11-03,1,1629.588,1722.548575,1806.655945833333333333333333,False,False,偏空,False,1735.035,1614.71,0.06470776662567471041760248603,0.009129915046011629933455572820,-0.9290443609022556390977443609,0.1616250038312858690186321526,False,40.50389601979598956105929797,-10.074742470698029032036974,-9.178010018731778747683082314,-0.896732451966250284353891686,1648.35485,1675.005511794972371755036923,1621.704188205027628244963077,22.86295963681671834189349203,3.697619
2022-11-04,1,1681.148,1721.234991666666666666666667,1806.172570833333333333333333,False,False,偏空,False,1735.035,1614.71,0.03205369188197588790516956270,0.03951942363194674115544853874,-0.04873157894736842105263157895,0.0004004008160757591995496211,True,56.94186709887068084199154950,-6.401978322333471798043760,-8.622803679452117357755217851,2.220825357118645559711457851,1648.69035,1676.776281134822644508790799,1620.604418865177355491209201,24.98131966275838131747252831,3.697619
2022-11-06,0,1672.527,1719.8534,1805.678816666666666666666667,False,False,偏空,False,1735.035,1614.71,0.03737338769418969021127910043,0.03456864971387606896630069350,0.5231812030075187969924812030,0.0423968638549938885285486419,True,54.24328824418504918411629719,-4.139214635468551209609831,-7.726085870655404128126140481,3.586871235186852918516309481,1649.14945,1678.452382614159969091276128,1619.846517385840030908723872,23.84272540113278265193877629,0.578183
2022-11-07,1,1673.918,1718.477816666666666666666667,1805.197608333333333333333333,False,False,偏空,False,1735.035,1614.71,0.03651134643393523458138331746,0.03537090825237556439443270220,0.7896789473684210526315789474,0.0858518495776361941482828057,True,54.61701196541902034524866115,-2.208260582962205435656071,-6.622520813116764389632126585,4.414260230154558953976055585,1650.66445,1681.745920135596868192101103,1619.582979864403131807898897,23.21474501533758389108600656,3.697619
2022-11-08,1,1711.367,1717.478166666666666666666667,1804.8376875,False,False,偏空,False,1735.035,1614.71,0.01382987985627863573388992542,0.05647941090368109236651168335,1.605282706766917293233082707,0.2064696275522805433532011488,True,63.30631534578849915707228576,2.317145134334358409300932,-4.834587623626539829845514868,7.151732757960898239146446868,1653.8629,1694.605548813743075042915814,1613.120251186256924957084186,25.28376322852775647029414895,3.697619
2022-11-09,1,1706.348,1716.394166666666666666666667,1804.4450625,False,False,偏空,False,1731.71,1614.71,0.01486332213593006819242030348,0.05370416820015612290107293471,2.303045112781954887218045113,0.3239480634293205572094708070,True,61.60391445879701873999481422,5.435908643505918590856408,-2.780488370200048145705130294,8.216397013705966736561538294,1656.6519,1703.316824938973168780146179,1609.986975061026831219853821,24.91492299791863100813028117,3.697619
2022-11-10,0,1752.078,1715.791083333333333333333333,1804.213075,True,False,盤整,False,1756.998,1614.71,0.002808094160191498323704766569,0.07840290215389954100216999471,3.595950375939849624060150376,0.4415284101182832592969418147,True,69.62013020831967207188736540,11.465413858457928207848802,0.068692075531547125005656164,11.39672178292638108284314584,1661.6459,1724.056762377954688858088943,1599.235037622045311141911057,26.93242849806730022183526109,0.578183
2022-11-11,0,1771.198,1715.335583333333333333333333,1804.0697,True,False,盤整,False,1772.448,1614.71,0.0007057370209315954512143758067,0.08835149994523480717570819299,4.614224060150375939849624060,0.4842393850279390828404551324,True,72.23060901651346987472802445,17.583967358964967899704965,3.571747132218231279945517932,14.01222022674673661975944707,1668.8549,1745.325490752000863563983887,1592.384309247999136436016113,26.81868360534820734884702816,0.578183
2022-11-13,0,1763.348,1714.772416666666666666666667,1803.885491666666666666666667,True,False,盤整,False,1772.448,1614.71,0.005160637605282678178102110304,0.08429306070044029879524631553,5.300542857142857142857142857,0.5267524806232815806014472855,True,69.58681464883562359624881809,21.551107937892534975664011,7.167619293353092019089216546,14.38348864453944295657479445,1675.6809,1759.906260021551703664641648,1591.455539978448296335358352,25.61884906210904968107224044,0.578183
2022-11-14,0,1769.298,1714.321208333333333333333333,1803.716175,True,False,盤整,False,1774.938,1614.71,0.003187704954168263345123320096,0.08737250593173111595672407927,6.347673684210526315789473684,0.6192672608253679726355535616,True,70.46911184185603919283930146,24.888313714113363482746864,10.71175817750514631182074604,14.17655553660821717092611796,1681.2809,1774.306258643544073143212337,1588.255541356455926856787663,25.34893127195840327528136612,0.578183
2022-11-15,0,1780.648,1714.007458333333333333333333,1803.544383333333333333333333,True,False,盤整,True,1786.367,1614.71,0.003211752126192262592045143116,0.09318967027733723902758995602,7.449315789473684210526315789,0.7093466338364495159106127001,True,72.13004745514231592029324509,28.124719222957450051170787,14.19435038659560705969075423,13.93036883636184299148003277,1687.2559,1789.258901087026846359286665,1585.252898912973153640713335,24.92536475253280304133269711,0.578183
2022-11-16,0,1773.738,1713.63225,1803.3273,True,False,盤整,False,1786.367,1614.71,0.007119991791346861825139902285,0.08965698428967525079803217837,8.121596992481203007518796992,0.7630581789461409745450212425,True,69.56478044317668915652743237,29.788629872644897362030889,17.31320628380546512015878118,12.47542358883943224187210782,1693.3634,1800.586517431643443147077780,1586.140282568356556852922220,24.19933869878045996695179017,0.578183
2022-11-17,0,1759.978,1713.245166666666666666666667,1803.025091666666666666666667,True,False,盤整,False,1786.367,1614.71,0.01499393742421780272253403168,0.08253966810948773223301654907,8.429569924812030075187969925,0.7917366610547152025695482117,False,64.63519401685371422966758652,29.655128189378425627097568,19.78159066492005722154653854,9.87353752445836840555102946,1698.7324,1807.987284041675683799468120,1589.477515958324316200531880,23.9279573631532842550266623,0.578183
2022-11-18,1,1750.398,1712.7435,1802.707133333333333333333333,True,False,盤整,False,1786.367,1614.71,0.02054904084671029103095410301,0.07751837010782690565231450219,8.672264661654135338345864662,0.8195787008624487648626587698,False,61.37428080082444183863237935,28.448366150473031240729895,21.51494576203065202538320983,6.93342038844237921534668517,1702.8844,1813.359146076015037835985222,1592.409653923984962164014778,23.66603183721376395109618642,3.697619
2022-11-20,0,1752.157,1712.278775,1802.266545833333333333333333,True,False,盤整,False,1786.367,1614.71,0.01952450608021998028715463283,0.07844445446384085444397962055,8.726321052631578947368421053,0.8254307752347229449627922663,False,61.75580381041008795202525394,27.319018500043186280006163,22.67576030963315887630780046,4.64325819041002740369836254,1707.40585,1818.174453178472915146124117,1596.637246821527084853875883,22.18274384884135224030360168,0.578183
2022-11-21,0,1738.358,1711.689191666666666666666667,1801.7621875,True,False,盤整,False,1786.367,1614.71,0.02761744128654742003660926000,0.07112919203064040893762964821,8.175212781954887218045112782,0.7674974355954085947450329948,False,56.99937795639006542018829663,25.022099189876861182231089,23.14502808568189933749245817,1.87707110419496184473863083,1712.09885,1819.717222287030990942760267,1604.480477712969009057239733,22.06033357392411279456763013,0.578183
2022-11-22,1,1740.998,1711.452808333333333333333333,1801.220729166666666666666667,True,False,盤整,False,1786.367,1614.71,0.02605919133738235196134630827,0.07253770538507224017488819631,7.502833834586466165413533835,0.6991458947378998509626832139,False,57.67108679956229109951282221,23.147964696841969881327757,23.14561540791391344625951794,0.00234928892805643506823906,1716.98035,1820.462928777831005500167028,1613.497771222168994499832972,21.39395260435810473781279941,3.697619
2022-11-23,1,1752.198,1711.555975,1800.801354166666666666666667,True,False,盤整,False,1786.367,1614.71,0.01950065004069174830698357149,0.07846601810982548775880351421,6.668063909774436090225563910,0.6306545971324457424392074355,False,60.49079033710884414228948296,22.309278530540081028696055,22.97834803243914696274682535,-0.66906950189906593405077035,1722.97785,1819.812277929894851008389641,1626.143422070105148991610359,21.65438456118966868511188516,3.697619
2022-11-24,1,1755.207,1711.669133333333333333333333,1800.323933333333333333333333,True,False,盤整,False,1786.367,1614.71,0.01775289182415521360158659349,0.08004582935232140710468907656,5.923903759398496240601503759,0.5621342085882354268017808447,False,61.23786307911322986324759374,21.637985624969768326164709,22.71027555094527123543040208,-1.07228992597550290926569308,1728.4038,1819.523820183492057872302183,1637.283779816507942127697817,20.56335709253326377903246479,3.697619
2022-11-25,1,1754.417,1711.773958333333333333333333,1799.717845833333333333333333,True,False,盤整,False,1786.367,1616.477,0.01821117784426393497099036318,0.07862440913420241595926168066,4.798271428571428571428571429,0.4715449939428472877996114716,False,60.91220753609068456742413414,20.802437216047503179438844,22.32870788396571762423209046,-1.52627066791821444479324646,1734.44575,1815.029794852253476343679228,1653.861705147746523656320772,20.17383158592374493767300302,3.697619
2022-11-27,0,1750.717,1711.848033333333333333333333,1799.105133333333333333333333,True,False,盤整,False,1786.367,1616.477,0.02036308552438800788476949730,0.07667715570249217891869445490,3.375069172932330827067669173,0.3606331529182241102493747115,False,59.32107350272502509002768585,19.615583764999603099474832,21.78608306017249471928063877,-2.17049929517289161980580677,1740.5022,1805.317222229726960111388405,1675.687177770273039888611595,19.17427218692919172783921709,0.578183
2022-11-28,1,1741.108,1711.914733333333333333333333,1798.423258333333333333333333,True,False,盤整,False,1786.367,1616.477,0.02599436680550545974172768145,0.07158142975622419746506247746,2.446551879699248120300751880,0.2300480728905256408880233166,False,55.28229840764622104259799492,17.695643496913646021446334,20.96799514752072497971377782,-3.27235165060707895826744382,1743.5002,1802.326421005942579585085754,1684.673978994057420414914246,19.53825274500567803299355873,3.697619
2022-11-29,0,1748.725,1712.110625,1797.753579166666666666666667,True,False,盤整,False,1786.367,1616.477,0.02152539707501179430728101903,0.07562538420849476046834122003,1.400562406015037593984962406,0.1086820510135717392644186123,False,57.73856420690921119378284375,16.597380967821643797675331,20.09387231158090874330608846,-3.49649134375926494563075746,1747.3101,1796.304830422362770665433710,1698.315369577637229334566290,19.48844897750527245920830454,0.578183
2022-11-30,0,1773.248,1712.455075,1797.2331625,True,False,盤整,False,1786.367,1616.477,0.007398288338686974410798715126,0.08840895351355253185115674739,0.6122812030075187969924812030,0.0366863077477548758398982055,True,64.49947217027009808020542567,17.504025641976666057710296,19.57590297766006020618692997,-2.07187733568339414847663397,1752.2766,1789.142491864432087817396921,1715.410708135567912182603079,20.14148833625489585497913993,0.578183
2022-12-01,0,1802.098,1713.210025,1796.780975,True,True,偏多,False,1804.298,1616.477,0.001220799312800968648763829714,0.1030027223824675461600867433,0.6780744360902255639097744361,0.0425108801697824381557736799,True,70.48222770379252291751029437,20.316308214126878186709653,19.72398402495342380229147458,0.59232418917345438441817842,1756.81315,1794.740556245484280413712818,1718.885743754515719586287182,21.02423916937954615105205851,0.578183
2022-12-02,0,1797.248,1713.955441666666666666666667,1796.326183333333333333333333,True,True,偏多,False,1804.298,1616.477,0.003922663984046720319065593619,0.1005821122071077558578448828,0.4588969924812030075187969925,0.0238668755538513515913180053,True,68.39545897685226274130369088,21.901244038869900473683968,20.15943602773671913656997326,1.74180801113318133711399474,1761.35815,1795.614670408675484739610856,1727.101629591324515260389144,21.27107922870957856883405433,0.578183
2022-12-04,0,1798.788,1714.693891666666666666666667,1795.952266666666666666666667,True,True,偏多,False,1804.298,1616.477,0.003063173648034120752417739055,0.1013521326582120850261398230,0.8470804511278195488721804511,0.0674601361539428904444202441,True,68.71222099294242165723516226,23.016265052114491718764312,20.73080183261227365300884101,2.28546321950221806575547099,1763.69365,1801.305688590190774183452251,1726.081611409809225816547749,20.10678785523032295677447902,0.578183
2022-12-05,0,1769.157,1715.202333333333333333333333,1795.3652625,True,False,盤整,False,1809.758,1616.477,0.02294934819238767390344666980,0.08630098968039580432940660439,1.043618045112781954887218045,0.1027831653791039572902527532,False,56.89606731691271024832094958,21.263836899504248486633364,20.83740884599066861973374561,0.42642805351357986689961839,1763.5916,1801.132649198976844792059690,1726.050550801023155207940310,21.79616015128529988843344481,0.578183
2022-12-06,0,1770.798,1715.709916666666666666666667,1794.801179166666666666666667,True,False,盤整,False,1809.758,1616.477,0.02200138016871489577015560216,0.08714771532382575539389585938,1.142720300751879699248120301,0.1223779711483556343535649352,False,57.33366442656914013973712160,19.779434934929223179560588,20.62581406377837953169911409,-0.84637912884915635213852609,1763.9641,1801.635706309792525224815094,1726.292493690207474775184906,21.21143442619349275354534161,0.578183
2022-12-07,0,1786.868,1716.472916666666666666666667,1794.1540125,True,False,盤整,False,1809.758,1616.477,0.01281012363532169136164506835,0.09535735152232845403241873490,1.554138345864661654135338346,0.2119996246842732271181043669,True,61.45997163049382437150824190,19.672972598753015623539917,20.43524577077330675006727467,-0.76227317202029112652735767,1764.8426,1803.769332487584929583363644,1725.915867512415070416636356,21.25126053860824327114924578,0.578183
2022-12-08,0,1789.078,1717.064933333333333333333333,1793.5723875,True,False,盤整,False,1809.758,1616.477,0.01155902649297571151173956641,0.09647483228791589858016251947,2.149917293233082706766917293,0.3885655864061990146987437407,True,62.00418975793952568360697277,19.541664812874186163711301,20.25652957919348263279607994,-0.71486476631929646908477894,1765.2641,1805.039577897317588357534287,1725.488622102682411642465713,20.69474192870765446606715679,0.578183
2022-12-09,0,1795.397,1717.638091666666666666666667,1792.9915125,True,True,偏多,False,1809.758,1616.477,0.007998788011787922114161937443,0.09965483957030116458922455591,2.714185714285714285714285714,0.5615989877765650638316648259,True,63.58745183961409189720538058,19.720171079631522784487042,20.14925787928109066313427235,-0.42908679964956787864723035,1766.34705,1808.115871570520756074322362,1724.578228429479243925677638,20.48083179094282200420521702,0.578183
2022-12-11,0,1794.848,1718.223508333333333333333333,1792.262345833333333333333333,True,True,偏多,False,1809.758,1616.477,0.008307110128545704148763572180,0.09937944605894203854588243684,3.020778195488721804511278195,0.6432178956714305694009887625,False,63.34050283504585309646249135,19.591500250684917313191831,20.03770635356185599314578408,-0.44620610287693867995395308,1768.09055,1811.528127706290206992371415,1724.652972293709793007628585,19.19427237730404900390484438,0.578183
2022-12-12,0,1781.915,1718.748816666666666666666667,1791.401125,True,False,盤整,False,1809.758,1616.477,0.01562532444027913789378281231,0.09284281236759329148696767242,2.938914285714285714285714286,0.6201053015776156776283414909,False,57.65957929668554121483437080,18.235732504351423940374308,19.67731158371976958259148886,-1.44157907936834564221718086,1769.6664,1812.707168610237433816356093,1726.625631389762566183643907,19.10261006463947407505449835,0.578183
2022-12-13,0,1809.575,1719.513491666666666666666667,1790.6134875,True,True,偏多,False,1824.358,1616.477,0.008169321525772626169128110192,0.1067090338891728720832239614,3.232572932330827067669172932,0.6692083915987660989024440598,True,64.90854983619661054508992860,19.172202418143115184572838,19.57628975060443870298775869,-0.40408733246132351841492069,1772.5373,1818.108814660366512772826341,1726.965785339633487227173659,20.84406648859379735540774847,0.578183
2022-12-14,0,1807.575,1720.08805,1789.62985,True,True,偏多,False,1824.358,1616.477,0.009284815291205067562895038933,0.1057206478292740273570944497,3.193438345864661654135338346,0.6646329161013156025819585056,True,64.05459683127087199011631812,19.527873120764604162966867,19.56660642463647179498358035,-0.03873330387186763201671335,1775.99815,1821.172658211047522149648463,1730.823641788952477850351537,20.71427602512281183002148072,0.578183
2022-12-15,0,1776.475,1720.269191666666666666666667,1788.741295833333333333333333,True,False,盤整,False,1824.358,1616.477,0.02695393968392462601500161837,0.09006487566669950322971052224,2.647616541353383458646616541,0.5228334507594025875151986030,False,52.49014800284055988460421821,17.103080957624578671247468,19.07390133123409317023635788,-1.97082037360951449898888988,1777.772,1819.999874609077828888854295,1735.544125390922171111145705,21.67161345189975384216280353,0.578183
2022-12-16,0,1792.598,1720.493358333333333333333333,1787.897254166666666666666667,True,True,偏多,False,1824.358,1616.477,0.01771730192714707926707493816,0.09824902181080197567999071738,2.455616541353383458646616541,0.4773712209055248716674681104,False,56.84047080480067576774732274,16.294573354507754383760787,18.51803573588882541294124370,-2.22346238138107102918045670,1779.792,1820.780144066302880115819932,1738.803855933697119884180068,21.55171249104977142486546042,0.578183
2022-12-18,0,1790.965,1720.734083333333333333333333,1787.075241666666666666666667,True,True,偏多,False,1824.358,1616.477,0.01864525549075498404491433389,0.09742680621899367100976289319,2.227046616541353383458646617,0.4198019157799318553461735620,False,56.27838265643398036672669161,15.345166276800752399162838,17.88346184407121081018556256,-2.53829556727045841102272456,1781.5799,1821.219833768360410821358844,1741.939966231639589178641156,20.19030445597478775166078468,0.578183
2022-12-19,0,1787.125,1720.858808333333333333333333,1786.296145833333333333333333,True,True,偏多,False,1824.358,1616.477,0.02083402112331258305938308736,0.09548744491851437364482059173,1.877374436090225563909774436,0.3302983513299019468712306464,False,54.90346639094400007420225878,14.120130346667907512094213,17.13079554459055015056729265,-3.01066519792264263847307965,1783.2153,1820.887719832551240031313528,1745.542880167448759968686472,19.80899699483373148368501434,0.578183
2022-12-20,0,1817.135,1721.362866666666666666666667,1785.733966666666666666666667,True,True,偏多,False,1824.358,1616.477,0.003974938570882185418254560063,0.1104254774686525767210471429,1.848810526315789473684210526,0.3261220881783145865211247366,True,62.59457126092582203694090030,15.393391309137411859694644,16.78331469749992249239276292,-1.38992338836251063269811892,1786.5362,1823.872228415459510414356278,1749.200171584540489585643722,21.00335435234560780627894189,0.578183
2022-12-21,0,1814.845,1721.789783333333333333333333,1785.304766666666666666666667,True,True,偏多,False,1824.358,1616.477,0.005241769958315999437968531748,0.1093029983276808763282814786,1.535934586466165413533834586,0.2886099074139886616564087908,True,61.72942020814370517190846982,16.032859113817081512547464,16.63322358076335429642370314,-0.60036446694627278387623914,1790.22305,1823.194870189216124014344043,1757.251229810783875985655957,20.35882904146377867725901747,0.578183
2022-12-22,0,1793.415,1721.791041666666666666666667,1784.7485875,True,True,偏多,False,1824.358,1616.477,0.01725367525084824204102229545,0.09865981939484168471881856681,0.9263015037593984962406015038,0.1574507593182733200041813104,False,54.18225709545916018311257019,14.641640338408650824468649,16.23490693229241360203269231,-1.59326659388376277756404331,1792.45755,1819.379456392192957032549710,1765.535643607807042967450290,21.45448410993065162888337336,0.578183
2022-12-23,1,1798.198,1721.986708333333333333333333,1784.142004166666666666666667,True,True,偏多,False,1824.358,1616.477,0.01454789739505883111870884074,0.1010572806776561869160125859,0.7049992481203007518796992481,0.1014874618049207970418356805,False,55.49026228385436652967991147,13.766347675756362954042583,15.74119508098520347243467045,-1.97484740522884051839208745,1793.70505,1819.226672397292849219348048,1768.183427602707150780651952,20.78130667350703365539170384,3.697619
2022-12-26,1,1801.685,1722.213766666666666666666667,1783.644033333333333333333333,True,True,偏多,False,1824.358,1616.477,0.01258433077924276441220302106,0.1027971038222552776983767973,0.9515187969924812030075187970,0.1852565739286956734948503733,False,56.46601649432875809326700544,13.201860858285124731298029,15.23332823644518772420734216,-2.03146737816006299290931316,1793.6844,1819.179479967711417241237278,1768.189320032288582758762722,19.70885619682795982286372499,3.697619
2022-12-27,1,1812.335,1722.407941666666666666666667,1783.199854166666666666666667,True,True,偏多,False,1833.215,1616.477,0.01152104881271950274093917515,0.1080694242510352666587579007,1.274223308270676691729323308,0.3021254560079402190821005623,True,59.39393288408776192396869528,13.458723199488170286340923,14.87840722905378423663405833,-1.41968402956561395029313533,1794.43875,1821.173597183965723951152823,1767.703902816034276048847177,20.63322361134024840694488749,3.697619
2022-12-28,1,1805.695,1722.505666666666666666666667,1782.65905,True,True,偏多,False,1833.215,1616.477,0.01524066910524756395736821556,0.1047895685594743298286809234,1.503699248120300751879699248,0.4086906335565257084191155312,False,56.82771452618089873756627979,12.976906250863910589735316,14.49810703341580950725430986,-1.52120078255189891751899386,1794.7841,1821.910331311407782803021784,1767.657868688592217196978216,20.41013621053023066359168124,3.697619
2022-12-29,1,1814.895,1722.700391666666666666666667,1782.223016666666666666666667,True,True,偏多,False,1833.215,1616.477,0.01009424787659892170070444847,0.1093275368547491728171602214,1.386359398496240601503759398,0.3847150490594888435091454820,True,59.44244948099414216826337236,13.185432501931924666870692,14.23557212711903253917758629,-1.05013962518710787230689429,1797.071,1822.847981739528776723255303,1771.294018260471223276744697,20.08155505263521418762084686,3.697619
2022-12-30,1,1823.463,1722.989016666666666666666667,1781.712579166666666666666667,True,True,偏多,True,1833.215,1616.477,0.005348065740845852095710195381,0.1135125856680393295613895100,1.348551127819548872180451128,0.3791281976775715937292267194,True,61.76497414491420752169396561,13.882033610296529147055152,14.16486442375453186075309943,-0.28283081345800271369794743,1799.70425,1824.962321825656051055761253,1774.446178174343948944238747,19.55444397744698460279078637,3.697619
2023-01-02,0,1829.295,1723.218325,1781.171495833333333333333333,True,True,偏多,False,1833.215,1616.477,0.002142902046963447666997395171,0.1163388081200681136722070524,1.568598496240601503759398496,0.4293796220580868073455846882,True,63.30530712708378248750421497,14.734834665450603550082234,14.27885847209374619861892634,0.45597619335685735146330766,1801.8256,1829.432452833309341202603286,1774.218747166690658797396714,18.63419797905791427402001591,0.578183
2023-01-03,0,1836.348,1723.529433333333333333333333,1780.6659125,True,True,偏多,False,1849.865,1629.198,0.007360805250420944178336568014,0.1128054159669082330800044436,1.860497744360902255639097744,0.4868310225054157052999035812,True,65.13462276523709341200592350,15.797697775153076617410208,14.58262633270561228237718267,1.21507144244746433503302533,1804.1891,1834.940567502543679419421686,1773.437632497456320580578314,18.95889812341092039730430049,0.578183
2023-01-04,0,1854.648,1724.164966666666666666666667,1780.239183333333333333333333,True,True,偏多,False,1865.035,1664.557,0.005600523657319340381571058228,0.1024943816832088892339678473,2.442516541353383458646616541,0.5650214833058571448663666480,True,69.39751171770879645977800789,17.910223598707400797027165,15.24814578590596998530717914,2.66207781280143081171998586,1807.15165,1844.625719126664107171764613,1769.677580873335892828235387,19.6751911145958546546397076,0.578183
2023-01-05,0,1832.725,1724.641941666666666666666667,1779.8592125,True,True,偏多,False,1865.035,1664.557,0.01762948614767627440014186526,0.09175844712109017992333819858,2.613581954887218045112781955,0.6095327064355044472553825322,False,59.94219894967622060667918373,17.612388006350163036931879,15.72099422999480859563211911,1.89139377635535444129975989,1809.0455,1847.652267165873912369894185,1770.438732834126087630105815,20.68982032069615075073687134,0.578183
2023-01-06,1,1865.598,1725.481383333333333333333333,1779.6480875,True,True,偏多,False,1869.765,1664.557,0.002233600164665699684497946503,0.1077622295907264051526641860,2.993098496240601503759398496,0.6228827797151589319130281308,True,67.16619165058280465481897416,19.800677636197339572048884,16.53693091123531479091547209,3.26374672496202478113341191,1813.22965,1856.966113863805907828433150,1769.493186136194092171566850,21.96676172636071141139852339,3.697619
2023-01-08,0,1869.585,1726.408108333333333333333333,1779.379866666666666666666667,True,True,偏多,False,1869.808,1702.048,0.0001192778076418028599929930974,0.08961186573490908410155194869,3.740469924812030075187969925,0.7415450335119058886023352357,True,67.92179152666428217123126845,21.607552102474217603014641,17.55105514948309535333530587,4.05649695299112224967933513,1816.23015,1866.323862896031174502781250,1766.136437103968825497218750,20.77849303162066059629862886,0.578183
2023-01-09,0,1870.415,1727.44075,1779.103783333333333333333333,True,True,偏多,False,1881.445,1703.838,0.005897087010102036179136715649,0.08905884522953462199565337104,4.377878947368421052631578947,0.8379235806590490235613483475,True,68.08644177425074302078049602,22.843165406794002754306734,18.60947720094527683352959150,4.23368820584872592077714250,1819.37215,1874.527464207336358895641808,1764.216835792663641104358192,20.32788638650489912513444109,0.578183
2023-01-10,0,1877.165,1728.537641666666666666666667,1778.905395833333333333333333,True,True,偏多,False,1881.445,1728.137,0.002280033987422522793680896458,0.07938993109289806703193379378,4.526167669172932330827067669,0.8407656402405709199450458091,True,69.45934823110038986952389625,24.089379073633788810113283,19.70545757548297922884632980,4.38392149815080958126695320,1824.40665,1881.333739605125607545319936,1767.479560394874392454680064,19.79660878746883490191055244,0.578183
2023-01-11,0,1876.845,1729.718983333333333333333333,1778.706508333333333333333333,True,True,偏多,False,1886.548,1728.137,0.005169846204667940080294323719,0.07923296809273008692779638169,4.773045112781954887218045113,0.8614524851193373323260912569,True,69.30712725395936292759037909,24.765707398666284565402023,20.71750754011964029615746844,4.04819985854664426924455456,1828.619,1887.925964413970809807665830,1769.312035586029190192334170,19.77777958836391812320265584,0.578183
2023-01-12,1,1897.955,1730.986375,1778.5670375,True,True,偏多,False,1901.475,1728.137,0.001854627744071908975713333562,0.08947419722806915864707013601,5.169022556390977443609022556,0.8708140642679243295552059997,True,73.44199965585046592562860883,26.697352583251102783187765,21.91347654874593279356352775,4.78387603450516998962423725,1833.9685,1897.849474186372580709752963,1770.087525813627419290247037,20.41615247490935254297389471,3.697619
2023-01-13,1,1919.398,1732.390458333333333333333333,1778.562370833333333333333333,True,True,偏多,False,1921.798,1728.137,0.001250392050007346053293793158,0.09964634744852292229126007217,5.649809774436090225563909774,0.8617324877061524627318540108,True,76.85313360654559780514036048,29.617059179911560329507788,23.45419307497905830075237980,6.16286610493250202875540820,1840.58215,1910.771854325563304085229758,1770.392445674436695914770242,21.0716415838443987899043308,3.697619
2023-01-15,0,1916.845,1733.728708333333333333333333,1778.534091666666666666666667,True,True,偏多,False,1922.047,1728.137,0.002713834451924907856399448051,0.09844718795729440825940542923,6.369060902255639097744360902,0.9174740097033587109715414235,True,75.60798547553800174120006329,31.363404129660789913325381,25.03603528591540462326698004,6.32736884374538529005840096,1845.56765,1922.251575575768485171374910,1768.883724424231514828625090,19.94166718499837030491116431,0.578183
2023-01-16,1,1917.845,1735.232933333333333333333333,1778.471579166666666666666667,True,True,偏多,False,1928.885,1728.137,0.005756461027872429732329776390,0.09891727433656004525913199450,6.9165,0.9595933099441847667883249017,True,75.77355598384860794350449899,32.453977476277299816164516,26.51962372398778366184648723,5.93435375228951615431802877,1850.71765,1932.144680289149069519008710,1769.290619710850930480991290,19.8186909574984867117032240,3.697619
2023-01-17,1,1908.558,1736.682133333333333333333333,1778.310829166666666666666667,True,True,偏多,False,1928.885,1728.137,0.01065044918729218603783589495,0.09453262620260950937828454781,6.838012030075187969924812030,0.9552551558780872293123495630,False,70.95643837947128582534881880,32.197726081446618972905553,27.65524419547955072405830038,4.54248188596706824884725262,1856.4748,1937.160391250482883227925574,1775.789208749517116772074426,19.49235588910573766086727943,3.697619
2023-01-18,0,1906.795,1738.077525,1778.1534,True,True,偏多,False,1928.885,1728.137,0.01158488458381734795822309163,0.09369544182777907431055776840,6.636712030075187969924812030,0.9419064576560497813607220444,False,70.04607467708328659809354850,31.489395489126893309692343,28.42207445420901924118510890,3.06732103491787406850723410,1861.90465,1940.767942939808188052564238,1783.041357060191811947435762,20.19311618274104211366247376,0.578183
2023-01-19,0,1931.575,1739.814,1778.0656375,True,True,偏多,False,1935.045,1728.137,0.001796461436910293413406158187,0.1053223405769902799528881871,6.681166165413533834586466165,0.9429238658108957795958370498,False,74.91723297124402289471645202,32.552334250253867296523106,29.24812641341798885225270832,3.30420783683587844427039768,1868.39915,1947.747843353514019916042207,1789.050456646485980083957793,21.19289359825953910554372564,0.578183
2023-01-20,1,1925.298,1741.618,1777.897054166666666666666667,True,True,偏多,False,1937.435,1728.137,0.006303959179306268432211532968,0.1024054458063115424209654817,6.608783458646616541353383459,0.9388188577539963024266730416,False,71.73490779674132149470211131,32.513424912102592017868881,29.90118611315490948537594286,2.61223879894768253249293814,1874.0473,1952.707752493231946828389993,1795.386847506768053171610007,20.88818691266957202657631666,3.697619
2023-01-22,0,1927.165,1743.535891666666666666666667,1777.68915,True,True,偏多,False,1937.435,1728.137,0.005329071459890564637693191813,0.1032750179668061634577215755,6.288360902255639097744360902,0.9275946201647666760496304098,False,72.11432831107704486231659251,32.261351500022788400486011,30.37321919052848526839795649,1.88813230949430313208805451,1880.1208,1955.418926172169782620868718,1804.822673827830217379131282,19.67760213319317402467800833,0.578183
2023-01-23,1,1931.225,1745.368783333333333333333333,1777.514179166666666666666667,True,True,偏多,False,1937.435,1739.348,0.003215575606156714002770262398,0.09935507255757356082279382257,5.988539849624060150375939850,0.9162107302760222950601729475,False,72.96424300016540209409793416,32.020082000529805071761701,30.70259175252874922907070539,1.31749024800105584269099561,1885.9373,1958.089416881211461791822984,1813.785183118788538208177016,20.00041626653651873720100774,3.697619
2023-01-24,0,1936.925,1747.276533333333333333333333,1777.307108333333333333333333,True,True,偏多,False,1942.348,1739.348,0.002799798649921912309459581553,0.1020054984059785484724498884,5.730499248120300751879699248,0.9067801468586723840343447714,False,74.15521264919033975286966863,31.920852825707327477214031,30.94624396716446487869937051,0.97460885854286259851466049,1891.6104,1961.011647785324436485021151,1822.209152214675563514978849,20.37774367606962454168665004,0.578183
2023-01-25,0,1948.175,1749.228591666666666666666667,1777.1867625,True,True,偏多,False,1948.725,1739.348,0.0002823155004042244664878668497,0.1071910890962054230241123102,5.554637593984962406015037594,0.9041758438823994963475815907,False,76.36793155057942140128009584,32.376774665083365515933503,31.23235010674824500614619701,1.14442455833512050978730599,1897.5544,1964.922624181434380451246315,1830.186175818565619548753685,20.99561912777893707442331789,0.578183
2023-01-26,1,1930.655,1751.1226,1777.10775,True,True,偏多,False,1949.085,1739.348,0.009545983099000080283634310636,0.09908916921977256423338193515,5.061086466165413533834586466,0.8691942003924676028701875920,False,66.77920777822515736993439663,30.967405454736006537540685,31.17936117634579731242509461,-0.21195572160979077488440961,1902.26975,1964.875059605096595193373381,1839.664440394903404806626619,21.6715034757947272833930809,3.697619
2023-01-27,1,1927.598,1752.881516666666666666666667,1776.98665,True,True,偏多,False,1949.085,1740.057,0.01114703376948928147881456611,0.09729258901492946143334865465,4.670996240601503759398496241,0.8195046490935221406473961910,False,65.23995670693215383978859831,29.266430655122138317574338,30.79677507210106551345494329,-1.53034441697892719588060529,1905.91725,1965.423095097351571013928729,1846.411404902648428986071271,21.43732465609510390600786084,3.697619
2023-01-29,1,1928.875,1754.700825,1776.895095833333333333333333,True,True,偏多,False,1949.085,1744.717,0.01047761000583241526796707926,0.09547430497051390058972198821,3.843296992481203007518796992,0.7913568857610181756605163450,False,65.59669400779063477270402723,27.702106459924695828226638,30.17784134966579157640928223,-2.47573488974109574818264423,1910.72475,1960.549321656462838074978530,1860.900178343537161925021470,20.17387289494545362700729935,3.697619
2023-01-30,1,1921.985,1756.417883333333333333333333,1776.85875,True,True,偏多,False,1949.085,1766.0,0.01410000598339737302840552866,0.08115828167233355099025226524,3.291630075187969924812030075,0.6965657524546609352702288608,False,61.90515038899166403864649746,25.611173184941802757333407,29.26450771672099381259410718,-3.65333453177919105526070018,1913.5441,1959.027799673179621415896685,1868.060400326820378584103315,19.72145340244934979650677797,3.697619
2023-01-31,1,1927.198,1758.158408333333333333333333,1776.836625,True,True,偏多,False,1949.085,1766.0,0.01135690261197863426591351797,0.08364371486479334245884439482,2.792594736842105263157894737,0.6150523975024668599237408063,False,63.57537297472385814259952288,24.096964229500028382618386,28.23099901927680072659896294,-4.13403478977677234398057694,1916.42475,1957.490303213733770422108712,1875.359196786266229577891288,20.4794210165601105253277224,3.697619
2023-02-01,1,1952.985,1760.056991666666666666666667,1777.0604875,True,True,偏多,False,1956.025,1766.0,0.001556591576484202387627145114,0.09574318287134821824028346352,2.588414285714285714285714286,0.6094337837732864545452087869,True,70.47204067966136323102487704,24.693091523903196284108117,27.52341752020207983810079375,-2.83032599629888355399267675,1920.55325,1958.791353623872353327560297,1882.315146376127646672439703,21.55874808680581691637574223,3.697619
2023-02-02,1,1915.025,1761.831666666666666666666667,1777.096204166666666666666667,True,True,偏多,False,1959.625,1766.0,0.02328951319173378937611780525,0.07781882743045129959138914636,1.824361654135338345864661654,0.4108537500298360961643029338,False,54.20254953840248146813982107,21.850591922379715907393712,26.38885240063760705195937740,-4.53826047825789114456566540,1922.44625,1955.270372756747056742810853,1889.622127243252943257189147,23.47598036631968713663461779,3.697619
2023-02-03,1,1864.548,1763.2247,1777.00885,True,True,偏多,False,1959.625,1767.118,0.05099198304361164207089332106,0.05225395109163185930316623654,0.2772240601503759398496240602,0.0076826749798056413455951648,False,40.73527322251432640359436401,15.347897454834200331251158,24.18066141147692570781773352,-8.83276395664272537656657552,1921.8314,1958.306837529384071803615465,1885.355962470615928196384535,25.88698176872542376973214509,3.697619
2023-02-05,0,1865.425,1764.91695,1776.8838375,True,True,偏多,False,1959.625,1768.588,0.05049787581918329603173539542,0.05191149469959928702574480346,-0.9055774436090225563909774436,0.0592061925279406792422104231,False,41.00951446492680357353019797,10.148249111830343964401565,21.37417895154760935913449982,-11.22592983971726539473293482,1920.2049,1963.125704171869846269197985,1877.284095828130153730802015,24.76134021381646492903699187,0.578183
2023-02-06,0,1868.445,1766.538175,1776.770075,True,True,偏多,False,1959.625,1773.608,0.04879993791628867855355656709,0.05075718043613807203316126512,-1.657745112781954887218045113,0.1554048258398772429421980592,False,42.00473888143048287757082165,6.199712670880538047759844,18.33928569541419509685956866,-12.13957302453365704909972466,1917.65725,1966.153853806349161711398935,1869.160646193650838288601065,24.29717305568671743410577816,0.578183
2023-02-07,1,1872.865,1768.163316666666666666666667,1776.669020833333333333333333,True,True,偏多,False,1959.625,1773.608,0.04632474844689820141868207265,0.05299741305433119845797748369,-2.310459398496240601503759398,0.2597138022423411240238553135,False,43.50696048460113627729316275,3.388070585567948933037585,15.34904267344494586409517193,-11.96097208787699693105758693,1915.45825,1967.743193901184402054972820,1863.173306098815597945027180,23.95094640885195190309822258,3.697619
2023-02-08,1,1874.855,1769.823483333333333333333333,1776.718008333333333333333333,True,True,偏多,False,1959.625,1773.608,0.04521416322862301351304500881,0.05400257619922607348301601991,-2.852820300751879699248120301,0.3556162428997298651512878229,False,44.20765959366125938314751902,1.305353047666997929388663,12.54030474828935627715387014,-11.23495170062235834776520714,1913.30875,1968.479570410340102173766862,1858.137929589659897826233138,23.48637880821966962430549239,3.697619
2023-02-09,0,1862.305,1771.457016666666666666666667,1776.693120833333333333333333,True,True,偏多,False,1959.625,1773.608,0.05225782028185501300807332848,0.04762753684278353975315536392,-3.656457142857142857142857143,0.5025643020296413711512610251,False,40.77299327159594552221670054,-1.342421126445336878933297,9.763759573342417645936436712,-11.10618069978775452486973371,1910.9961,1970.478774808384331767892379,1851.513425191615668232107621,24.04042317906112179399795722,0.578183
2023-02-10,0,1864.698,1773.105016666666666666666667,1776.571804166666666666666667,True,True,偏多,False,1959.625,1773.608,0.05090743916709300916287784939,0.04884973330802092349538638428,-4.384191729323308270676691729,0.6479078784649460830769561711,False,41.70306492254231660996081745,-3.210695238625139513613656,7.168868610948906214026418170,-10.37956384957404572764007417,1908.89125,1971.705579517634748052902608,1846.076920482365251947097392,23.71232152341389880871238885,0.578183
2023-02-12,0,1862.598,1774.688291666666666666666667,1776.523970833333333333333333,True,True,偏多,False,1959.625,1773.608,0.05209229259346353856280313841,0.04777735184940604467523319578,-4.687359398496240601503759398,0.6918444819767692591676197929,True,41.09320801292687101133790848,-4.805375010405610073393268,4.774019886678002956542480936,-9.579394897083613029935748936,1905.4424,1970.432893333717663048290166,1840.451906666282336951709834,22.20715570031290603666150393,0.578183
2023-02-13,0,1854.355,1776.4446,1776.404,True,True,偏多,False,1959.625,1773.608,0.05676906525449549843476572717,0.04354452087113848211372687538,-5.103669924812030075187969925,0.7504077539089129816015791898,True,38.70082408640235250311913966,-6.657567139174860682070819,2.487702481507430228819820948,-9.145269620682290910890639948,1901.89525,1969.840600457187282065511393,1833.949899542812717934488607,21.76878743600484131975711079,0.578183
2023-02-14,0,1854.825,1778.2021,1776.294404166666666666666667,True,True,偏多,True,1959.625,1774.205,0.05650128718342700793875432992,0.04346501691534241774830509617,-5.377106015037593984962406015,0.7880616771377046992087417890,True,38.91917898370563200244686288,-7.995352229929403344914247,0.391091539220063514073007358,-8.386443769149466858987254358,1898.27825,1968.132738236261526562047746,1828.423761763738473437952254,22.16401690486163836834588859,0.578183
2023-02-15,0,1836.335,1779.942325,1776.218445833333333333333333,True,True,偏多,False,1959.625,1783.785,0.06713916578402088943466197616,0.02861678288547568934862103048,-5.741797744360902255639097744,0.8211338840558250095305654792,False,33.81586245704505688847263270,-10.427345081888895136658651,-1.772595785001728216073324314,-8.654749296887166920585326686,1893.53375,1966.608396648136452004975430,1820.459103351863547995024570,22.68965855451437848489261084,0.578183
2023-02-16,0,1834.255,1781.655133333333333333333333,1776.221745833333333333333333,True,True,偏多,False,1959.625,1783.785,0.06834927531886242643471055006,0.02751525823835835257366069603,-5.903512030075187969924812030,0.8335679378374490279469202109,True,33.28708167303214446142702101,-12.379848369527939758262858,-3.894046301906970524511231052,-8.485802067620969233751626948,1888.40025,1962.970529728253668392782830,1813.829970271746331607217170,22.32632580062049430740028149,0.578183
2023-02-17,0,1841.898,1783.203491666666666666666667,1776.171475,True,True,偏多,False,1959.625,1784.505,0.06391613433534321661677248143,0.03115970591205376193469996710,-5.624018045112781954887218045,0.8143642555966921453966504239,True,37.17462711828067520843813008,-13.158808513751944065693357,-5.746998744275965232747656242,-7.411809769475978832945700758,1883.0864,1954.958969976034668020259070,1811.213830023965331979740930,22.49587395771903042830026139,0.578183
2023-02-19,0,1838.595,1784.654658333333333333333333,1776.243754166666666666666667,True,True,偏多,False,1959.625,1784.627,0.06582743888675863906950687889,0.02935284823465744223170410014,-5.508526315789473684210526316,0.8032496120339498091846742165,True,36.19305947479706876035978036,-13.882634170750785684726445,-7.374125829570929323143413994,-6.508508341179856361583031006,1878.4834,1949.365403869529535190465677,1807.601396130470464809534323,21.14424010359624254056452844,0.578183
2023-02-20,0,1841.675,1786.1688,1776.372908333333333333333333,True,True,偏多,False,1959.625,1784.627,0.06404495907258338197564716902,0.03097614942918810322125239252,-5.258866917293233082706766917,0.7761640685455202778391205009,True,37.84123261675055327530676662,-14.045829381553287971037537,-8.708466539967401052722238595,-5.337362841585886918315298405,1874.18725,1943.027309040866604997606994,1805.347190959133395002393006,20.36679438191079664480991926,0.578183
2023-02-21,0,1835.435,1787.596716666666666666666667,1776.4660625,True,True,偏多,False,1959.625,1791.065,0.06766243424583273175023904415,0.02417410586591189554519773242,-4.948979699248120300751879699,0.7481874927157812424936051424,True,35.82236552394622389626505599,-14.511400223275438902238107,-9.869053276629008622625412276,-4.642346946646430279612694724,1869.51525,1935.498890159891148581942589,1803.531609840108851418057411,19.88652335463145402732349646,0.578183
2023-02-22,0,1825.055,1788.631191666666666666666667,1776.461066666666666666666667,True,True,偏多,False,1959.625,1796.905,0.07373476415779250488341447244,0.01542419269556259948330324292,-4.755656390977443609022556391,0.7328249006603175409185991946,True,32.69734816768042416206545747,-15.538825808974839900731567,-11.00300778309817487824664322,-4.53581802587666502248492378,1864.66875,1928.736014283329594968534481,1800.601485716670405031465519,20.07177168644349302537181814,0.578183
2023-02-23,0,1823.115,1789.445283333333333333333333,1776.4972625,True,True,偏多,False,1959.625,1796.905,0.07487733905979600847999166262,0.01437649298042087306615325967,-4.361977443609022556390977444,0.7109057408634166164635011710,True,32.13313868517504039108210419,-16.321466073451865299542893,-12.06669944116891296250589318,-4.25476663228295233703699982,1859.4646,1919.127344242617603551193509,1799.801855757382396448806491,19.80164513741181495213097399,0.578183
2023-02-24,0,1810.665,1790.215425,1776.475291666666666666666667,True,True,偏多,False,1959.625,1796.905,0.08226811696255243239362333728,0.007599417893425896010581747590,-3.582476691729323308270676692,0.8190063202441478927982454904,False,28.70937421885794124102459650,-17.741808547632419497477204,-13.20172126246161426950015534,-4.54008728517080522797704866,1852.3486,1898.001205351283074389733090,1806.695994648716925610266910,19.73367048473954245555019014,0.578183
2023-02-26,0,1811.625,1791.047091666666666666666667,1776.3489625,True,True,偏多,False,1959.625,1804.205,0.08169461119160974263437521562,0.004095770371903677637480162837,-3.174615037593984962406015038,0.8799530335951839045668354251,False,29.33461033252246805021245403,-18.575845431419093931784972,-14.27654609625311020195711867,-4.29929933516598372982785333,1847.1786,1886.207574766959995051014741,1808.149625233040004948985259,18.53705116440100370872517656,0.578183
2023-02-27,0,1817.105,1792.06915,1776.229658333333333333333333,True,True,偏多,False,1959.625,1806.538,0.07843245161947163207409588329,0.005815294107935424755311333137,-3.329984210526315789473684211,0.9096477719565596586106303912,True,32.94959960173531136869978841,-18.580451589013564284227982,-15.13732719480520101841129134,-3.44312439420836326581669066,1844.80645,1885.071789449581199327251972,1804.541110550418800672748028,18.17847608122950344381623538,0.578183
2023-02-28,0,1825.395,1793.142708333333333333333333,1776.142895833333333333333333,True,True,偏多,False,1959.625,1804.594,0.07353476918694309998657824745,0.01139534183012443882009099400,-3.281734586466165413533834586,0.8977014637602000988666859446,True,38.10776293690663648397898322,-17.711006822581726933187856,-15.65206312036050620136660427,-2.05894370222122073182125173,1842.80495,1882.750031166396445313406962,1802.859868833603554686593038,18.76937064685596748354364714,0.578183
2023-03-01,0,1836.475,1794.530016666666666666666667,1776.070883333333333333333333,True,True,偏多,False,1959.625,1804.594,0.06705781456322574497338651493,0.01735988782858465266339046271,-2.967319548872180451127819549,0.8010445912713145890443653642,True,44.27785256494174243159787492,-15.944108423553002775726926,-15.71047218099900551623866862,-0.23363624255399725948825738,1841.20645,1879.441511409523066175974693,1802.971388590476933824025307,18.96227274350911266329052949,0.578183
2023-03-02,0,1837.765,1795.978433333333333333333333,1775.947633333333333333333333,True,True,偏多,False,1959.625,1804.594,0.06630880444452908832195628930,0.01804964182036332175223709234,-2.516611278195488721804511278,0.6730504029095807327109844734,True,44.96574888601845266454576838,-14.275181091851831395656660,-15.42341396316957069212226690,1.14823287131773929646560690,1839.45145,1874.828218916762310784677469,1804.074681083237689215322531,18.2514675475441760444840631,0.578183
2023-03-03,0,1855.798,1797.489766666666666666666667,1775.955508333333333333333333,True,True,偏多,False,1959.625,1804.594,0.05594736065024318379478801033,0.02759136500847613802795347338,-1.724085714285714285714285714,0.3762823641793608776918749435,True,53.59080841051082086364196027,-11.366406902150322976562786,-14.61201255096572114901037072,3.24560564881539817244758472,1838.4986,1870.912235330829524219542577,1806.084964669170475780457423,18.31157700843387775559234431,0.578183
2023-03-05,0,1852.255,1799.064016666666666666666667,1775.953954166666666666666667,True,True,偏多,False,1959.625,1804.594,0.05796718054479539804184629006,0.02573133828765477755492629255,-1.151675187969924812030075188,0.1810896493079823605939458215,True,51.87076447032965604174587192,-9.240553540963667400616728,-13.53772074896531039933164218,4.29716720800164299871491418,1837.9961,1869.207195821197947807244996,1806.785004178802052192755004,17.26596436497431505876431971,0.578183
2023-03-06,0,1846.255,1800.752658333333333333333333,1775.926525,True,True,偏多,False,1959.625,1804.594,0.06140538549658633287384462060,0.02256513861844653095049167098,-0.6120819548872180451127819549,0.0591936266034137843572320934,True,49.00241852309199482373058794,-7.948325938427527933415494,-12.41984178685775390614841254,4.47151584843022597273291854,1837.07395,1866.087303011846114440128130,1808.060596988153885559871870,16.97218119604757826885258259,0.578183
2023-03-07,0,1813.865,1802.139883333333333333333333,1775.776991666666666666666667,True,True,偏多,False,1959.625,1804.594,0.08035879186157735002329280294,0.005111185231535974286950792920,-0.5406270676691729323308270677,0.0488684074446305706600305626,False,37.08148263239744678570382450,-9.429135355945623474116346,-11.82170050067532781974199923,2.39256514472970434562565323,1834.6373,1862.841222536413263947134910,1806.433377463586736052865090,18.53845396775846553536311241,0.578183
2023-03-08,0,1815.175,1803.511608333333333333333333,1775.6220625,True,True,偏多,False,1959.625,1804.594,0.07957910394314597766055614472,0.005829190023000537138292451141,-0.5073278195488721804511278195,0.0439934926090382304314102757,False,37.74117098494271341482122698,-10.377357716041617148749591,-11.53283194374858568554351758,1.15547422770696853679392658,1832.6783,1860.572908942231113486171392,1804.783691057768886513828608,18.28120725577571799712289009,0.578183
2023-03-09,0,1831.415,1805.005083333333333333333333,1775.601591666666666666666667,True,True,偏多,False,1959.625,1804.594,0.07000597898346360600956091328,0.01464496031756865592997764024,-0.1756902255639097744360902256,0.0060832793006850878476678141,True,45.38593759004223669867737487,-9.706507910236009718348292,-11.16756713704607049210447246,1.46105922681006077375618046,1831.5078,1857.485730022232333359619557,1805.529869977767666640380443,18.67254959464888099732839794,0.578183
2023-03-10,0,1867.448,1807.008666666666666666666667,1775.691525,True,True,偏多,True,1959.625,1804.594,0.04935987508085901187074553080,0.03365769756373403703878233825,0.4139601503759398496240601504,0.0248040845464619684814772662,True,57.77485841563702906696380388,-6.195870507850009484064102,-10.17322781120685829049639837,3.97735730335684880643229637,1833.06345,1863.376019732538348422193581,1802.750880267461651577806419,20.36665319503110378323351237,0.578183
2023-03-12,0,1877.675,1809.099058333333333333333333,1775.724679166666666666666667,True,True,偏多,False,1959.625,1804.594,0.04364440065506543997230617652,0.03892100603139520950111174724,1.070081954887218045112781955,0.1173528569588334216920912537,True,60.51276270667412721116890834,-2.558933847771519163937582,-8.650369018519790465184635096,6.091435170748271301247053096,1835.23445,1871.258789552447037193413474,1799.210110447552962806586526,20.82160653824316779871683291,0.578183
2023-03-13,0,1912.005,1811.221616666666666666666667,1775.981625,True,True,偏多,True,1959.625,1804.594,0.02490579261037497286879479918,0.05617715434844574151218223802,2.272018045112781954887218045,0.2838802667724900625890317094,True,68.01098409008493147888562916,3.058255089301617345152285,-6.308644196955508903117251076,9.366899286257126248269536076,1838.7398,1887.917701698222139579379809,1789.561898301777860420620191,22.41627749979722724166563056,0.578183
2023-03-14,0,1902.958,1813.2367,1776.196208333333333333333333,True,True,偏多,False,1959.625,1804.594,0.02977837661156998735652599795,0.05169005306475497620021040927,3.187134586466165413533834586,0.4219432083222161022404578731,True,64.53321850975573435997158326,6.702636677158899597628366,-3.706388022132627202968127660,10.40902469929152680059649366,1841.95795,1898.542676796106385371686903,1785.373223203893614628313097,22.15482910695456815297522838,0.578183
2023-03-15,0,1921.105,1815.482675,1776.5371125,True,True,偏多,True,1959.625,1804.594,0.02005096025464511309897168557,0.06064790836523771475270742619,4.313339097744360902255639098,0.5634540774706433057298972844,True,68.06118884548170431120949579,10.929162004657808489481383,-0.779278016774540064478225528,11.70844002143234855395960853,1845.92945,1912.198410684395828239965968,1779.660489315604171760034032,24.26734131360067042776271206,0.578183
2023-03-16,0,1921.265,1817.721566666666666666666667,1776.819641666666666666666667,True,True,偏多,True,1959.625,1804.594,0.01996601197648424345418253078,0.06072613616549512951102528803,5.223859398496240601503759398,0.6682780997083902138899391457,True,68.09132665754696015207491607,14.128756925009856100027406,2.202328971582339168422900778,11.92642795342751693160450522,1850.22095,1923.916062346681445302722218,1776.525837653318554697277782,24.38610264834347968292251834,0.578183
2023-03-17,0,1987.798,1820.3919,1777.3827875,True,True,偏多,True,1988.998,1804.594,0.0006036830704125871944734827181,0.09216429435988968698026660657,6.791888721804511278195488722,0.6952179394683812395874555484,True,77.56963943195875856094479047,21.782026370584709856437795,6.118268451382813306025879622,15.66375791920189655041191538,1858.3581,1952.299255372711911308125981,1764.416944627288088691874019,27.70588103060465970557090989,0.578183
2023-03-19,0,1976.895,1823.018291666666666666666667,1777.924875,True,True,偏多,False,1990.548,1804.594,0.006906284855796590107213584940,0.08715738569827937245023129706,7.928803007518796992481203008,0.7498641780490354105916125240,True,73.70581292613445600065473861,26.660194439105353570361173,10.22665364892732135889293830,16.43354079017803221146823470,1866.0471,1971.641805840586534587194869,1760.452394159413465412805131,26.84853238556146972660155919,0.578183
2023-03-20,0,1976.525,1825.785183333333333333333333,1778.364404166666666666666667,True,True,偏多,False,2009.695,1804.594,0.01678197847231884241282048039,0.08698650409177723529932583701,8.632604511278195488721804511,0.7802547195355213809576641557,True,73.57188285154440896598780853,30.148785439352520542006428,14.21108000701236119551563624,15.93770543234015934649079176,1874.3401,1987.046729721414347684737066,1761.633470278585652315262934,28.06985150087850760327287639,0.578183
2023-03-21,0,1943.035,1828.282408333333333333333333,1778.6400375,True,True,偏多,False,2009.695,1804.594,0.03430715349955096022459708652,0.07124987455192520978778045686,8.623721804511278195488721805,0.7796026210264289055450978906,False,62.50145069630845263304958166,29.866869152488021496520443,17.34223783610749325571659759,12.52463131638052824080384541,1880.9106,1993.548336153386889703076339,1768.272863846613110296923661,29.62421925081575706018195665,0.578183
2023-03-22,0,1969.555,1831.0933,1779.259525,True,True,偏多,False,2009.695,1804.594,0.02038023817562850491608510552,0.08375546760562665170558831817,8.882613533834586466165413534,0.7942524122933272039855791944,False,66.76604556247906421863181105,31.421186943092895218757686,20.15802765750457364832481527,11.26315928558832157043287073,1888.5331,2003.477367333173253821330571,1773.588832666826746178669429,30.68891787575748869874038831,0.578183
2023-03-23,0,1991.205,1833.964275,1780.011325,True,True,偏多,False,2009.695,1804.594,0.009285834457024766410289246964,0.09371762324823410949651090671,9.352437593984962406015037594,0.8164676710623240337532598542,True,69.78688650990454793370160137,34.007946614443233374712704,22.92801144889230559360239302,11.07993516555092778111031098,1896.8236,2016.189738026493929121247400,1777.457461973506070878752600,31.13542374177481093454464629,0.578183
2023-03-24,0,1977.988,1836.834358333333333333333333,1780.612491666666666666666667,True,True,偏多,False,2009.695,1804.594,0.01602992535849560260224025626,0.08766180583502023268088582944,9.559056390977443609022556391,0.8302807342132787687263090720,False,65.85163858969727428285247672,34.592707649097279127957089,25.26095068893330030047333222,9.33175696016397882748375678,1903.89925,2024.883368283144916260120012,1782.915131716855083739879988,30.89453633164803872493431441,0.578183
2023-03-26,0,1975.665,1839.718333333333333333333333,1781.133454166666666666666667,True,True,偏多,False,2009.695,1804.594,0.01722458007810028522041945370,0.08658907254013205680112772155,9.540056390977443609022556391,0.8289569442196246551656513682,False,65.15620595726290957280699823,34.471324326970422904681811,27.10302541654072482131502798,7.36829891042969808336678302,1910.79425,2031.634266330477214976472737,1789.954233669522785023527263,29.45164087938746453029614909,0.578183
2023-03-27,1,1958.035,1842.025725,1781.630358333333333333333333,True,True,偏多,False,2009.695,1804.594,0.02638359375598495430367690057,0.07836478918916158291348213898,9.346562406015037593984962406,0.8102711321198146358949146415,False,59.97921898796501997974955882,32.577006062318664633971188,28.19782154569631278384625998,4.37918451662235185012492802,1915.9061,2035.652522469984463415176631,1796.159677530015536584823369,29.82795224514550277813213844,3.697619
2023-03-28,1,1971.835,1844.519958333333333333333333,1782.186679166666666666666667,True,True,偏多,False,2009.695,1804.594,0.01920038948492140569570983373,0.08481490591251296381289509518,9.140529323308270676691729323,0.7930651040854228620257303958,False,62.49146867744755380727278056,31.822460344288726790719604,28.92274930541479558522092878,2.89971103887393120549867522,1921.8851,2040.255399463843547378591836,1803.514800536156452621408164,29.56309851334939543683698569,3.697619
2023-03-29,1,1963.145,1846.930183333333333333333333,1782.704,True,True,偏多,False,2009.695,1804.594,0.02371195199539514401636150157,0.08076377445374641200726385468,8.535796992481203007518796992,0.7413410901906167481571384086,False,59.93983594378922032967815019,30.175423552734915354659593,29.17328415487881953910866162,1.00213939785609581555093138,1927.7296,2042.059773351394862651531414,1813.399426648605137348468586,28.4628771909672957627772010,3.697619
2023-03-30,1,1978.385,1849.155333333333333333333333,1783.31675,True,True,偏多,False,2009.695,1804.594,0.01582603992650571046585977957,0.08784488357928310212622922232,7.461583458646616541353383459,0.6906897593264612622693029270,False,62.80795616995510376752324525,29.756857137098910208405628,29.28999875132283767296805490,0.46685838577607253543757310,1935.9556,2039.497305209833201780722210,1832.413894790166798219277790,28.50060024875534606543597236,3.697619
2023-03-31,1,1968.748,1851.342,1783.868083333333333333333333,True,True,偏多,False,2009.695,1804.594,0.02079849731910838766566366036,0.08337989422719413556229644424,6.022984210526315789473684211,0.6199477462856214389675212829,False,59.88806615126558460813603887,28.321047470864445661244765,29.09620849523115927062339692,-0.77516102436671360937863192,1943.63425,2031.852817698359283665842764,1855.415682301640716334157236,27.94562880241567848933340291,3.697619
2023-04-02,0,1956.995,1853.049641666666666666666667,1784.4203625,True,True,偏多,False,2009.695,1804.594,0.02692904171957516498509193943,0.07787500734544544058620487022,4.441969172932330827067669173,0.5103646615961932507484335314,False,56.44183414909769199787061672,25.935817134403090866047567,28.46413022306554558970823094,-2.52831308866245472366066394,1949.91325,2021.620169029825845669860805,1878.206330970174154330139195,27.05694103081455859723815984,0.578183
2023-04-03,0,1984.848,1854.830058333333333333333333,1785.082820833333333333333333,True,True,偏多,False,2009.695,1804.594,0.01251833893577744996090380724,0.09081501455023256188887007972,3.638954135338345864661654135,0.4529750152813412819226416457,False,62.01972770145347719505834406,25.993373798037036928317027,27.96997893805984385742999015,-1.97660514002280692911296315,1955.78325,2018.137387767673445714415715,1893.429112232326554285584285,28.03644524289923298314971985,0.578183
2023-04-04,0,2021.755,1856.98345,1785.877933333333333333333333,True,True,偏多,False,2024.848,1804.594,0.001529858959171610803485090923,0.1074121246145057140949323731,3.348119548872180451127819549,0.4476257730016515436736341107,True,67.88776219622052162500680520,28.686395414296829006410570,28.11326223330724088722610612,0.57313318098958811918446388,1962.98725,2020.699663298613670085410188,1905.274836701386329914589812,29.46405629697785919863902557,0.578183
2023-04-05,0,2020.165,1859.074008333333333333333333,1786.697608333333333333333333,True,True,偏多,False,2031.968,1804.594,0.005842592065499600280175134209,0.1067096004534283090737637767,3.359961654135338345864661654,0.4485039229334325400629638640,True,67.40459532083322380444038771,30.342564539123767768376615,28.55912269447054626345620790,1.78344184465322150492040710,1968.39525,2026.255062035211452110837775,1910.535437964788547889162225,28.93683799005086925587909517,0.578183
2023-04-06,0,2006.476,1860.955908333333333333333333,1787.481683333333333333333333,True,True,偏多,False,2031.968,1804.594,0.01270486165795155287180110801,0.1006152079566364113002099203,2.870752631578947368421052632,0.4098699164541809223639831733,True,63.23203971240640349062000109,30.202348730493890527542301,28.88776790167521511627342652,1.31458082881867541126887448,1973.57115,2025.284011573403574317889132,1921.858288426596425682110868,28.28449241933295002331630266,0.578183
2023-04-09,0,2005.358,1862.886075,1788.2591625,True,True,偏多,False,2031.968,1804.594,0.01326945114039488211082509956,0.1001137951428124055654900522,2.496437593984962406015037594,0.3676120272260832979944031015,True,62.88962972095967804671866551,29.659121544467703053640291,29.04203863023371270374679942,0.61708291423399034989349158,1977.7838,2025.268279142557729017910188,1930.299320857442270982089812,27.2654572465234535930794239,0.578183
2023-04-10,0,1992.275,1864.821883333333333333333333,1789.033525,True,True,偏多,False,2031.968,1804.594,0.01992345434239751038385765017,0.09420436435733018785057283759,1.811052631578947368421052632,0.2713747268802471870456520739,False,58.87201437135498120715559756,27.851862392515929926752503,28.80400338269015614834794014,-0.95214099017422622159543714,1981.3343,2021.427635895632331381796089,1941.240964104367668618203911,27.04742458605749262214517934,0.578183
2023-04-11,0,2004.615,1866.940358333333333333333333,1789.841929166666666666666667,True,True,偏多,False,2031.968,1804.594,0.01364501412989526667215400463,0.09978025705684133861115476039,2.245692481203007518796992481,0.3934656758927406778889174544,True,61.37820592785482560722754000,27.102905935658946081734976,28.46378389328391413502534731,-1.36087795762496805329037131,1982.17515,2023.463039063380317118936928,1940.887260936619682881063072,26.45353711562481457770623796,0.578183
2023-04-12,0,2018.075,1869.156341666666666666666667,1790.717558333333333333333333,True,True,偏多,False,2031.968,1804.594,0.006884283289768715236054160524,0.1057844728268275460525500787,2.675176691729323308270676692,0.4906521711107372670603007174,True,63.95808453156012493240854137,27.280983857658073313339649,28.22722388615874597068820765,-0.94624002850067265734855865,1984.23415,2028.278624210847380712769802,1940.189675789152619287230198,26.49328446450875639358436382,0.578183
2023-04-13,0,2039.675,1871.667316666666666666666667,1791.678254166666666666666667,True,True,偏多,False,2048.538,1804.594,0.004345300109086006349050706608,0.1152541458810839962248887690,3.345465413533834586466165414,0.5947347829136027303103308992,True,67.68819289703025418344666165,28.832686117256727716296705,28.34831633237834231980990712,0.48436978487838539648679788,1987.39165,2037.420520210209624520920758,1937.362779789790375479079242,26.98519271704384522261405212,0.578183
2023-04-14,1,2003.498,1873.854816666666666666666667,1792.6538125,True,True,偏多,False,2048.538,1804.594,0.02248068128842654197808033749,0.09927836214460907872131641759,2.875187969924812030075187970,0.5174690211217347786621446949,False,57.04039929202274337387981936,26.833915111332519881390732,28.04543608816917783212607210,-1.21152097683665795073534010,1990.4148,2036.509382469526719859881356,1944.320217530473280140118644,28.98982180868357056385590554,3.697619
2023-04-16,0,2002.765,1875.942875,1793.749425,True,True,偏多,False,2048.538,1804.594,0.02285490309646913142580382621,0.09894870341752527131241059236,2.722254135338345864661654135,0.4791160816809628146266152068,False,56.84528133820287717758561958,24.903653894596089014938580,27.41707964945456006868857368,-2.51342575485847105374999368,1992.0753,2037.431233777621644287469275,1946.719366222378355712530725,27.4169773937776012378661980,0.578183
2023-04-17,1,1993.905,1877.932025,1794.800579166666666666666667,True,True,偏多,False,2048.538,1804.594,0.02740000150458522346852031566,0.09494484441334968315942835792,2.734651127819548872180451128,0.4833851471985403329623984901,False,54.42200124598864078029374519,22.400758025134827350169075,26.41381532459061352498467394,-4.01305729945578617481559894,1992.2103,2037.571141094935618488502322,1946.849458905064381511497678,27.88083615136491543516146957,3.697619
2023-04-18,1,2005.608,1880.025283333333333333333333,1795.899620833333333333333333,True,True,偏多,False,2048.538,1804.594,0.02140498043486065073533811193,0.1002259663902417620990741960,2.701484210526315789473684211,0.4745407901657582732976383383,False,57.02782306407575410766285284,21.118093078689282429336340,25.35467087541034730585500715,-4.23657779672106487651866715,1993.5913,2038.817643765995499716292498,1948.364956234004500283707502,27.35741928341027861836422174,3.697619
2023-04-19,1,1993.635,1882.0496,1796.948816666666666666666667,True,True,偏多,False,2048.538,1804.594,0.02753914332362744434161719673,0.09482227188025892402571182789,2.419061654135338345864661654,0.3934922267547945882868478271,False,53.64844293240765254368656260,18.917383014338051708691475,24.06721330319588818642230072,-5.14983028885783647773082572,1994.4898,2038.963645089445549311055674,1950.015954910554450688944326,28.18117504888097300276677733,3.697619
2023-04-20,1,2005.195,1884.250325,1798.082529166666666666666667,True,True,偏多,False,2048.538,1804.594,0.02161535411767932794566114518,0.1000406444261031969459329392,1.996390977443609022556390977,0.3094803913375305938758891886,False,56.33865722619687319599810989,17.899762502218562663072945,22.83372314300042308175242958,-4.93396064078186041867948458,1996.8478,2038.233933110499705152324997,1955.461666889500294847675003,27.73037683110376064542629324,3.697619
2023-04-21,1,1982.248,1886.19635,1799.1534875,True,True,偏多,False,2048.538,1804.594,0.03344182968024182645158426191,0.08962248921426582344893272688,1.392883458646616541353383459,0.1583793911518150911314853904,False,50.12013048806018966229801703,15.067965662213623238009164,21.28057164684306311300377646,-6.21260598462943987499461246,1997.36845,2037.732177620104662479138851,1957.004722379895337520861149,28.17320705745349202789584372,3.697619
2023-04-23,0,1984.605,1887.957658333333333333333333,1800.206366666666666666666667,True,True,偏多,False,2048.538,1804.594,0.03221447088967325991822050232,0.09070369166660368184097087330,0.6701781954887218045112781955,0.0419797961111051288137879794,False,50.72179479220345815978300327,12.865629497968002625916353,19.59758321706805101558629177,-6.73195371910004838966993877,1998.44145,2036.163557796224749137503757,1960.719342203775250862496243,26.50226369620681402590328346,0.578183
2023-04-24,1,1994.935,1889.564633333333333333333333,1801.387329166666666666666667,True,True,偏多,False,2048.538,1804.594,0.02686954712810191810760751603,0.09541213122232052673395373784,0.3034052631578947368421052632,0.0091216304918693915678739974,False,53.37616996605922579811770546,11.817581169878493569422938,18.04158280763013952635362102,-6.22400163775164595693068302,1999.26895,2035.905341642600394059894349,1962.632558357399605940105651,26.21660200362061302405304893,3.697619
2023-04-25,0,2000.125,1891.255275,1802.605358333333333333333333,True,True,偏多,False,2048.538,1804.594,0.02420498718830073120429973127,0.09775939003812261733641647397,-0.1662751879699248120300751880,0.0032080284128901090201380415,True,54.69652480799277245845792582,11.275804489239949510125557,16.68842714395210152310800822,-5.41262265471215201298245122,2000.8378,2034.693684537846592791980304,1966.981915462153407208019696,26.32848757479056923662068829,0.578183
2023-04-26,0,1991.585,1892.861916666666666666666667,1803.777904166666666666666667,True,True,偏多,False,2048.538,1804.594,0.02859682112488294499104984221,0.09389054446584002189211105727,-0.9907127819548872180451127820,0.1702100848317816351660977585,False,52.08284369149237094202460110,10.041582822195620694321335,15.35905827960080535735067358,-5.31747545740518466302933858,2002.5673,2030.260997406449720938281089,1974.873602593550279061718911,26.30545274801981429114778199,0.578183
2023-04-27,0,1986.825,1894.675816666666666666666667,1804.939075,True,True,偏多,False,2048.538,1804.594,0.03106111509569287682609188026,0.09171970354711663080543077523,-1.495381203007518796992481203,0.3946150350511990424981808883,False,50.63059932683071151148621984,8.580450942634444320750263,14.00333681220753315003059146,-5.42288586957308882928032846,2002.66615,2030.119220394948540254617253,1975.213079605051459745382747,26.52599183744697041320865471,0.578183
2023-04-28,0,1989.548,1896.498733333333333333333333,1806.104325,True,True,偏多,False,2048.538,1809.248,0.02964995064205538142331826123,0.09062359892799771606415125446,-1.381380451127819548872180451,0.3600714063441826465172678928,True,51.46434063131064394811388385,7.555125955028001927545004,12.71369464077162690553347397,-5.15856868574362497798846997,2001.0558,2027.604594673958364093301629,1974.507005326041635906698371,25.98913527762932966940803651,0.578183
2023-04-30,0,1986.748,1898.1644,1807.318658333333333333333333,True,True,偏多,False,2048.538,1809.248,0.03110107572777221872124698251,0.08934197995920972362876419153,-1.284053383458646616541353383,0.3314623532573128896726580515,False,50.51956616338665159119589808,6.442348532202122537682821,11.45942541905772603196334338,-5.01707688685560349428052238,1999.38495,2025.106183698833343479917118,1973.663716301166656520082882,24.50705418637009183587889104,0.578183
2023-05-01,0,1981.335,1899.766541666666666666666667,1808.4157375,True,True,偏多,False,2048.538,1809.248,0.03391804010932023105633322987,0.08685406556690312339912230895,-1.429945864661654135338345865,0.3828330805491260199961165103,False,48.65980663210401653709699898,5.065291023923133015281592,10.18059854003080742862699310,-5.11530751610767441334540110,1998.1279,2024.780567880720684056328710,1971.475232119279315943671290,24.82247888734365670474468454,0.578183
2023-05-02,0,2015.785,1901.603108333333333333333333,1809.6206,True,True,偏多,False,2048.538,1809.248,0.01624826060318932822696864993,0.1024598357463717608772760984,-1.063542105263157894736842105,0.1976401697933558654385760544,True,59.00358000824973802926609318,6.676823847648447400690524,9.479843601554335423039699280,-2.803019753905888022349175280,1998.64925,2026.238690892305157404273267,1971.059809107694842595726733,25.97258753824768122583434993,0.578183
2023-05-03,0,2051.795,1903.744333333333333333333333,1810.983920833333333333333333,True,True,偏多,False,2079.778,1809.248,0.01363830207208809846987637654,0.1182121020862220640950972198,-0.4049631578947368421052631579,0.0170066550347947505563252429,True,66.58259544573730711075206231,10.735924221249209982983101,9.731059725493310335028379624,1.004864495755899647954721376,2001.62525,2037.437522767167402998812471,1965.812977232832597001187529,29.28625985694427542398903922,0.578183
2023-05-04,0,2049.755,1905.976333333333333333333333,1812.362575,True,True,偏多,False,2079.778,1809.248,0.01464711636268724798817419643,0.1173345107098165390497888772,0.3298112781954887218045112782,0.0083933180607906438424809689,True,65.84000654643029946181359397,13.631049309155799356768076,10.51105764222580813937631890,3.11999166692999121739175710,2003.88225,2045.399108392103803306293162,1962.365391607896196693706838,29.28802701001968432227553642,0.578183
2023-05-05,0,2016.298,1907.699025,1813.606258333333333333333333,True,True,偏多,False,2079.778,1809.248,0.03148344143574015348921637575,0.1026881939078449713286428891,0.7312751879699248120300751880,0.0414917386015996478534556046,True,55.00495340022479083262708944,13.075035639462605283730457,11.02385324167316756824714652,2.05118239778943771548331048,2003.7934,2045.195830998191398471224177,1962.390969001808601528775823,31.01531079501827829925585525,0.578183
2023-05-07,0,2015.975,1909.435691666666666666666667,1814.761870833333333333333333,True,True,偏多,False,2079.778,1811.805,0.03164870596113543074690906385,0.1012760574907922965314550032,1.471849624060150375939849624,0.1945826734505752433175653140,False,54.91100253959254835833758314,12.464642757059531804470437,11.31201114475044041549180462,1.15263161230909138897863238,2002.6084,2041.088587428857463921384733,1964.128212571142536078615267,29.08493145251697270645186559,0.578183
2023-05-08,0,2021.185,1911.474941666666666666666667,1815.872066666666666666666667,True,True,偏多,True,2079.778,1827.675,0.02898942946835643446789878215,0.09574086488866679695327246145,1.751275939849624060150375940,0.2637686411700813318350475216,True,56.21024835906347275440567869,12.259980039996616322947966,11.50160492379967559698303690,0.75837511619694072596492910,2003.49275,2042.817758083279525245926468,1964.167741916720474754073532,28.02672206305147465599101805,0.578183
2023-05-09,0,2036.204,1913.504991666666666666666667,1816.999175,True,True,偏多,True,2079.778,1871.328,0.02139962400623906052635197652,0.08097224050242510082486823521,2.207088721804511278195488722,0.3703891440854351193930368416,True,59.80585004100911286297765415,13.158013751243658423487934,11.83288668928847216228401632,1.32512706195518626120391768,2005.1647,2046.987825718195669072970766,1963.341574281804330927029234,27.32124191569065503770594533,0.578183
2023-05-10,0,2031.418,1915.508766666666666666666667,1818.121425,True,True,偏多,False,2079.778,1871.328,0.02380603105810817862202658439,0.07880702051473404291977328152,2.404351127819548872180451128,0.4161416795958358063560732658,True,58.16680582777699239228009947,13.329863368303379061535055,12.13228202509145354213422406,1.19758134321192551940083094,2007.04035,2050.023981495140100598251934,1964.056718504859899401748066,27.27543892171275110644123495,0.578183
2023-05-11,0,2016.224,1917.417925,1819.138366666666666666666667,True,True,偏多,False,2079.778,1885.565,0.03152129922072150713412795404,0.06480381148126398654117796435,2.512930075187969924812030075,0.4508348824842226984404677849,False,53.18359981026657779398978154,12.100539126759816837081545,12.12593344542512620112368825,-0.02539431866530936404214325,2007.57115,2050.732743368526143881998068,1964.409556631473856118001932,27.4821932844475545988382896,0.578183
2023-05-12,0,2009.798,1919.02345,1820.193158333333333333333333,True,True,偏多,False,2079.778,1885.565,0.03481941966307061704708632410,0.06181367480711991951429944701,2.324697744360902255639097744,0.3943908286348059522585600032,False,51.18631156932248081913985598,10.486880087068879859665473,11.79812277375387693283204520,-1.31124268668499707316657220,2008.3793,2051.069570943623677123315875,1965.689029056376322876684125,27.06696519270130069892126891,0.578183
2023-05-14,0,2009.504,1920.645608333333333333333333,1821.217695833333333333333333,True,True,偏多,False,2079.778,1907.455,0.03497081866968167269137060688,0.05078317833654473939837890345,2.290486466165413533834586466,0.3832805250898141030930963096,False,51.09177381348842804314375112,9.079655710250409237933046,11.25442936105318339385224536,-2.17477365080277415591919936,2008.59475,2051.262051240528442871814978,1965.927448759471557128185022,25.48268196465120779185546399,0.578183
2023-05-15,0,2014.345,1922.486691666666666666666667,1822.138866666666666666666667,True,True,偏多,True,2079.778,1918.135,0.03248351201010750392807587578,0.04776242401376129709657481712,1.956631578947368421052631579,0.3034472263993828853382582832,False,52.64276809901561661081071694,8.259834267327101380587891,10.65551034230796699119937449,-2.39567607498086561061148349,2010.1996,2051.162745008165571758874025,1969.236454991834428241125975,24.62813325289040723529435942,0.578183
2023-05-16,0,1989.625,1924.081916666666666666666667,1823.0343125,True,True,偏多,False,2079.778,1934.175,0.04531155368473958660551611485,0.02786957341207513978764842621,1.258583458646616541353383459,0.1291404549002840560405443461,False,44.82555381750681739221397278,5.551429042617078399698235,9.634694082369789272899146592,-4.083265039752710873200911592,2010.4506,2050.840863284113412671756665,1970.060336715886587328243335,25.21398087768394957563047661,0.578183
2023-05-17,0,1982.625,1925.58975,1823.901758333333333333333333,True,True,偏多,False,2079.778,1934.175,0.04900220667044953029443288569,0.02443729903536977491961414791,0.6160917293233082706766917293,0.0290704392760245450494897739,False,42.88360044886483744320073921,2.807790430179116481340832,8.269313351931654714587483674,-5.461522921752538233246651674,2009.8351,2051.507201477607293809007529,1968.162998522392706190992471,24.70226795784938174879972828,0.578183
2023-05-18,0,1958.295,1926.806083333333333333333333,1824.6070125,True,True,偏多,False,2079.778,1934.175,0.06203508664424920658021391057,0.01231683684021048922659762702,-0.2735127819548872180451127820,0.0044587465009845294742015146,False,36.89993283260228425442245096,-1.314636293869760992943069,6.352523422771371573081373139,-7.667159716641132566024442139,2007.7436,2054.982204189370371361300838,1960.504995810629628638699162,25.3706059608601401953140334,0.578183
2023-05-19,0,1977.448,1928.237358333333333333333333,1825.3715125,True,True,偏多,False,2079.778,1934.175,0.05174851626945436744733616257,0.02188325559003321452700652558,-0.9614428571428571428571428571,0.0520755124366581722778405894,False,43.57460873044663907279389571,-3.001601547254268860339936,4.481698428766243486397111311,-7.483299976020512346737047311,2007.03675,2055.625141444356336090110975,1958.448358555643663909889025,25.71341982079870160993445959,0.578183
2023-05-21,0,1980.695,1929.619025,1826.159708333333333333333333,True,True,偏多,False,2079.778,1943.895,0.05002436013621481348718505373,0.01857933705088365447481818251,-1.656886466165413533834586466,0.1510306742493985101455331150,False,44.64365845160619366581777363,-4.030071742387381646929049,2.779344394535518459731879249,-6.809416136922900106660928249,2006.73025,2055.898640304645931127609188,1957.561859695354068872390812,24.22653269074165149493914105,0.578183
2023-05-22,0,1969.645,1930.837208333333333333333333,1826.9131125,True,True,偏多,False,2079.778,1943.895,0.05591515222286249552584348956,0.01307342186028446750556572377,-2.457974436090225563909774436,0.3055757591920645793748067887,False,41.74502859683796088048961580,-5.671407972279280478052382,1.089193921172558672175026999,-6.760601893451839150227408999,2005.7351,2057.014594162481751220084977,1954.455605837518248779915023,23.47749464140296210244348811,0.578183
2023-05-23,0,1974.945,1932.050958333333333333333333,1827.634641666666666666666667,True,True,偏多,False,2079.778,1943.895,0.05308147821838076503396297112,0.01572195681398722496069510797,-3.197629323308270676691729323,0.4952850200891945740460549734,True,43.63536019970821647679322057,-6.469931708265477220635593,-0.422631204715048506387097001,-6.047300503550428714248495999,2005.14495,2057.544353353377984813338425,1952.745546646622015186661575,23.4769593098741790951260961,0.578183
2023-05-24,0,1959.715,1933.079016666666666666666667,1828.304225,True,True,偏多,False,2079.778,1943.895,0.06126554116287317288483274354,0.008072602393715412700316117395,-4.222575187969924812030075188,0.7799618041803796834074836948,False,39.65342304006461763751186708,-8.236753077391238460885851,-1.985455579250286497286847801,-6.251297498140951963599003199,2004.06395,2059.203922391995264763098832,1948.923977608004735236901168,23.87789078774030915975994638,0.578183
2023-05-25,0,1940.465,1933.794158333333333333333333,1828.9795625,True,True,偏多,False,2079.778,1938.658,0.07179361647852447738042170305,0.0009312200941526902056981187499,-4.946062406015037593984962406,0.8641432625975647802110734908,False,35.27212340116090369343411953,-11.062761237505253809106016,-3.800916710901279959650681441,-7.261844526603973849455334559,2000.29795,2061.658965449469217531501251,1938.936934550530782468498749,24.02711287433028707691995021,0.578183
2023-05-26,0,1945.788,1934.73635,1829.689145833333333333333333,True,True,偏多,False,2079.778,1936.655,0.06886156148562947248107193589,0.004693728196494170999101649306,-4.911664661654135338345864662,0.8632850667920714244329179990,False,37.33400916020228521668480545,-12.726172061098795705186133,-5.585967780940783108757771753,-7.140204280158012596428361247,1994.9976,2055.962155887499090351314503,1934.033044112500909648685497,23.77946195473526657142566805,0.578183
2023-05-28,0,1943.615,1935.386491666666666666666667,1830.4339375,True,True,偏多,False,2079.778,1936.655,0.07005656984536546589730990963,0.003580956104989928560954715826,-4.781111278195488721804511278,0.8606804714070885310910859010,False,36.81839359582945546222320827,-14.057731286864689832255329,-7.280320482125564453457283202,-6.777410804739125378798045798,1989.6906,2049.124427271680897531547900,1930.256772728319102468452100,22.44928610082560467346669176,0.578183
2023-05-29,0,1941.338,1935.984433333333333333333333,1831.196270833333333333333333,True,True,偏多,False,2079.778,1936.655,0.07131164176459740653095957530,0.002412253816697556015490347379,-5.051745864661654135338345865,0.8926893952186646021855071386,True,36.25338130485786430478738140,-15.122414654209881073323727,-8.848739316542427777430571962,-6.273675337667453295893155038,1985.9426,2047.604531907458105524783085,1924.280668092541894475216915,21.51933709362377576821907092,0.578183
2023-05-30,0,1958.378,1936.717458333333333333333333,1832.079104166666666666666667,True,True,偏多,False,2079.778,1931.905,0.06199007546040652008958433969,0.01351781933824828506039181404,-4.971330075187969924812030075,0.8787320856055715424540494225,True,43.26955730882561359219743971,-14.424916840543465309792429,-9.963974821342635283902943370,-4.460942019200830025889485630,1983.06275,2044.223130371201093438348063,1921.902369628798906561651937,22.23031301550779178477485157,0.578183
2023-05-31,0,1966.245,1937.459791666666666666666667,1832.998716666666666666666667,True,True,偏多,False,2079.778,1931.905,0.05774102413483568934695320268,0.01746476151242596929680685774,-4.609653383458646616541353383,0.8129599554821254552804844673,True,46.21293125684542620973905516,-13.086490726240222585546626,-10.58847800232215274423167990,-2.49801272391806984131494610,1980.31575,2039.276026840852774272686681,1921.355473159147225727313319,22.1517192286858066572909336,0.578183
2023-06-01,0,1976.895,1938.293541666666666666666667,1834.0062625,True,True,偏多,False,2079.778,1931.905,0.05204272356397279572258516512,0.02275791076410229172515485142,-3.776075187969924812030075188,0.6727779907695028398036215398,True,49.99531109393858721710559024,-11.039159830689360364721035,-10.67861436799559426832955092,-0.36054546269376609639148408,1977.3503,2030.442480957651381831597712,1924.258119042348618168402288,22.69516785520824903891300977,0.578183
2023-06-02,0,1947.738,1938.7084,1834.8473875,True,True,偏多,False,2079.778,1931.905,0.06779145860480208323706781918,0.008128916722885726930418772956,-3.345407518796992481203007519,0.6362562940124413218237071564,True,41.40976472326076602151123488,-11.635237791945073891256872,-10.86993905278549019291501514,-0.76529873915958369834185686,1973.1663,2021.534375012760224588607017,1924.798224987239775411392983,23.6562987226933741075620805,0.578183
2023-06-04,0,1949.255,1938.957208333333333333333333,1835.673833333333333333333333,True,True,偏多,False,2079.778,1931.905,0.06696045412221592351949847506,0.008900836473421897083757640740,-3.007139097744360902255639098,0.5900873696758524660284093417,True,41.96814815041045495398509935,-11.848640892165988205309087,-11.06567942066158979539382951,-0.78296147150439840991525749,1969.81785,2014.964047608547278408303250,1924.671652391452721591696750,22.19563452821527595702193189,0.578183
2023-06-05,0,1961.195,1939.326791666666666666666667,1836.52775,True,True,偏多,False,2079.778,1931.905,0.06046466567577420909190570035,0.01493477191202302677704154865,-2.499057142857142857142857143,0.4858169963353766587184121274,True,46.30564652265318559326564356,-10.928331174194727474662713,-11.03820977136821733124760621,0.10987859717348985658489321,1967.3877,2008.736761319938086352669785,1926.038638680061913647330215,22.46094634762847053152036533,0.578183
2023-06-06,0,1963.295,1939.705541666666666666666667,1837.4692375,True,True,偏多,False,2079.778,1931.905,0.05933036043997463447928100464,0.01598842761785671536880601234,-1.892530075187969924812030075,0.3562956130573804350117181920,True,47.05518848798211478713111597,-9.915230042744939409630224,-10.81361382564356174692412977,0.89838378289862233729390577,1965.07725,2001.642064354102770420372273,1928.512435645897229579627727,21.71252160851215120784033924,0.578183
2023-06-07,0,1944.405,1940.004266666666666666666667,1838.3432,True,True,偏多,False,2079.778,1931.905,0.06962181232819294334256494917,0.006428701839380170283454321502,-1.409936090225563909774436090,0.2977148378820480699296724514,False,41.45001141785644284086137204,-10.515390352375505006432346,-10.75396913098995039882577302,0.23857877861444539239342702,1961.58025,1991.380849972987121052433581,1931.779650027012878947566419,22.34312720790414040728031501,0.578183
2023-06-08,0,1965.275,1940.4916,1839.2845625,True,True,偏多,False,2079.778,1931.905,0.05826309295136812914223200315,0.01697981198559997964661434150,-0.9143421052631578947368421053,0.1528238762694709867862165594,True,48.71811303855727374486827484,-9.200924608041896798725377,-10.44336022640033967880569382,1.24243561835844288008031682,1960.36275,1987.336351330745585111297485,1933.389148669254414888702515,22.72383240733955894961743536,0.578183
2023-06-09,0,1960.798,1940.735125,1840.2745625,True,True,偏多,False,2079.778,1931.905,0.06067937645795232349278202038,0.01473532714741651103275299138,-0.5566150375939849624060150376,0.0660642854549403143400893146,True,47.35994138803175601987657695,-8.423358288600558210935298,-10.03935983884038338523161466,1.61600155023982517429631666,1959.2714,1984.245933488335673013951261,1934.296866511664326986048739,22.27591580681530473893047569,0.578183
2023-06-11,0,1959.905,1941.023516666666666666666667,1841.320758333333333333333333,True,True,偏多,False,2079.778,1931.905,0.06116265839415685964370722050,0.01428640673910215035932864093,-0.5629804511278195488721804511,0.0675987114543303262218465159,True,47.07801779680090208297675763,-7.789397687458762357698793,-9.589367408564059179725050328,1.799969721105296822026257328,1959.3519,1984.323704507484035643959755,1934.380095492515964356040245,20.89577896347135440043544171,0.578183
2023-06-12,0,1959.855,1941.295933333333333333333333,1842.4159125,True,True,偏多,False,2079.778,1931.905,0.06118973087294723334124208168,0.01426125912376170686096675519,-0.2700654135338345864661654135,0.0174765349162016802334033276,True,47.06112561285493170124597479,-7.207925447960674297667927,-9.113079016443382203313625662,1.905153568482707905645698662,1958.47225,1982.031807269821519292496623,1934.912692730178480707503377,20.67036618036625765754719587,0.578183
2023-06-13,0,1943.795,1941.400683333333333333333333,1843.384733333333333333333333,True,True,偏多,False,2079.778,1931.905,0.06995748008406236254337520160,0.006116900187519774461813102719,-0.1288548872180451127819548872,0.0045461091964313149938130849,False,41.86500737098119160889649411,-7.951354030143532093396817,-8.880734019183412181330263930,0.929379989039880087933446930,1956.62725,1978.667006095519750556130868,1934.587493904480249443869132,21.39312573891152496772239616,0.578183
2023-06-14,0,1945.185,1941.469516666666666666666667,1844.373025,True,True,偏多,False,2079.778,1931.905,0.06919290453093150522957970579,0.006827114130532571452072682033,-0.08677218045112781954887218045,0.0021213626619980275806570954,False,42.45719817872918886169629940,-8.332315409003109772746838,-8.771050297147351699613578744,0.438734888144241926866740744,1955.40425,1977.131205303263271545216256,1933.677294696736728454783744,21.34411675756070175574222501,0.578183
2023-06-15,0,1958.125,1941.552433333333333333333333,1845.3905125,True,True,偏多,False,2079.778,1924.898,0.06212729013724864347270986275,0.01696878391318225343121608682,0.2606338345864661654135338346,0.0229106935748178739269133391,True,47.78918059635167680838536129,-7.503583550172259125254725,-8.517556947752333184741807995,1.013973397580074059487082995,1954.56325,1974.421340964390308180477918,1934.705159035609691819522082,22.33575127487779448747492322,0.578183
2023-06-16,0,1957.358,1941.774958333333333333333333,1846.448779166666666666666667,True,True,偏多,False,2079.778,1924.898,0.06254348974484994569210129164,0.01658357847670175818628988667,0.3819022556390977443609022556,0.0496693037951310862861854944,False,47.50817702380480722559098499,-6.829966469319914496874811,-8.180038852065849447168408596,1.350072382745934950293597596,1954.4454,1974.207541639002590652391589,1934.683258360997409347608411,21.78748332667223773836957156,0.578183
2023-06-18,0,1957.035,1942.020266666666666666666667,1847.450891666666666666666667,True,True,偏多,False,2079.778,1924.898,0.06271885786406477145273334406,0.01642126993129913363838664102,0.1981533834586466165413533835,0.0149185861865999648540292668,False,47.38182393193108941672985730,-6.250135805184089907723883,-7.794058242689497539279503477,1.543922437505407631555620477,1955.2739,1973.983455899593127434944473,1936.564344100406872565055527,20.39237737476707789991460216,0.578183
2023-06-19,0,1952.385,1942.216183333333333333333333,1848.458504166666666666666667,True,True,偏多,False,2079.778,1924.898,0.06524993789647021463492087882,0.01407867812956973137982518817,0.007106015037593984962406015038,0.0000201506082843146275452876,False,45.50546392470236446647483517,-6.095566073394665059725591,-7.454359808830531043368720982,1.358793735435865983643129982,1955.60375,1973.859843962017176252414813,1937.347656037982823747585187,19.72149327656942947849213058,0.578183
2023-06-20,0,1937.205,1942.343016666666666666666667,1849.38045,False,True,盤整,False,2079.778,1924.898,0.07359727029405767587839180675,0.006352967290503586352502703637,-0.4450293233082706766917293233,0.0708408012751558633387024447,False,39.94433357149610261231670200,-7.115939462181928611183048,-7.386675739500810556931586386,0.270736277318881945748538386,1955.28325,1974.566166292666936741986122,1936.000333707333063258013878,20.23924375681447023002840696,0.578183
2023-06-21,0,1933.755,1942.397658333333333333333333,1850.278033333333333333333333,False,True,盤整,False,2079.778,1919.075,0.07551266835767716179143686765,0.007591447727349121269240415668,-0.9727639097744360902255639098,0.2960884455830939725884917433,False,38.78425607773809373559823161,-8.109497650409192890972416,-7.531240121682487023739752309,-0.578257528726705867232663691,1954.9041,1975.520960865805928991613983,1934.287239134194071008386017,20.24358348847057949931209218,0.578183
2023-06-22,0,1914.365,1942.075825,1851.066408333333333333333333,False,True,盤整,False,2079.778,1912.224,0.08640619735525879338579633455,0.001118386514588388316752552413,-1.497042857142857142857142857,0.4072269701805204193309614099,False,32.98591504593927850944851742,-10.342291129499964701166679,-8.093450323245982559225137647,-2.248840806253982141941541353,1952.70345,1979.758091742037538945356747,1925.648808257962461054643253,20.36482752500839524936122845,0.578183
2023-06-23,0,1920.388,1942.120516666666666666666667,1851.976091666666666666666667,False,True,盤整,False,2079.778,1910.065,0.08299885231526129094745436860,0.005375476205850067798798992704,-1.744878195488721804511278195,0.4585303447347780340119663919,False,36.17774797857057340164964009,-11.493302645830341877801311,-8.773420787762854422940372318,-2.719881858067487454860938682,1950.4106,1980.127732125425562336709147,1920.693467874574437663290853,20.85112555893636701726399784,0.578183
2023-06-25,0,1925.235,1942.626241666666666666666667,1852.925470833333333333333333,False,True,盤整,False,2079.778,1910.065,0.08027227844912439260661685457,0.007879557560505600614989858381,-1.686354887218045112781954887,0.4487191856009752826152223639,False,38.70777011588288676225489094,-11.877459216791972521856350,-9.394228473568678042723567854,-2.483230743223294479132782146,1947.8276,1976.860303356043164035282305,1918.794896643956835964717695,19.71725944758376937317371228,0.578183
2023-06-26,0,1922.295,1943.100158333333333333333333,1854.008554166666666666666667,False,True,盤整,False,2079.778,1910.065,0.08192447048970111247233124989,0.006362186865179381936695460374,-2.052521052631578947368421053,0.5795457915162182972401082819,False,37.73074315105497540879307916,-12.277610841143199123074898,-9.970904947083582258793833883,-2.306705894059616864281064117,1946.55545,1977.648946564233492458367595,1915.461953435766507541632405,19.19388377275635727508987569,0.578183
2023-06-27,0,1915.385,1943.491325,1855.01475,False,True,盤整,False,2079.778,1910.065,0.08582765344826235978667474163,0.002777509482427814773531169974,-2.455188721804511278195488722,0.6982412626102782482071111415,False,35.46493583104530607191178059,-13.002429226704494048552963,-10.57720980300776461674565971,-2.42521942369672943180730329,1944.86195,1978.746985578998585433962781,1910.976914421001414566037219,19.23717778898804604115488457,0.578183
2023-06-28,0,1909.498,1943.7966,1855.979958333333333333333333,False,True,盤整,False,2079.778,1902.695,0.08917527014953668451079812600,0.003562716483599354385288698915,-2.702497744360902255639097744,0.7368660018926642022299816270,False,33.61296108278046117073043236,-13.891749281184659656280189,-11.24011769864314362465256557,-2.65163158254151603162762343,1942.2771,1978.584646399612298780947777,1905.969553600387701219052223,18.89595080406032846678667853,0.578183
2023-06-29,0,1908.625,1944.078016666666666666666667,1856.95075,False,True,盤整,False,2079.778,1892.915,0.08967345602200537035824219006,0.008231056388761542995612024363,-2.851380451127819548872180451,0.7580408004311479505938179190,False,33.33496366639900015506170779,-14.499840500151345991037643,-11.89206225894478409792958106,-2.60777824120656189310806194,1939.5436,1977.312531403469704202274057,1901.774668596530295797725943,18.98052574662744786201620149,0.578183
2023-06-30,0,1919.538,1944.554958333333333333333333,1858.0059875,False,True,盤整,False,2059.525,1892.915,0.07292744399954572402317641016,0.01386948317772297292369309698,-3.060415789473684210526315789,0.8328931856370686062032546330,True,40.01378798870232030521878736,-13.940472190223235900137783,-12.30174424520047445837122145,-1.63872794502276144176656155,1938.30025,1976.973582759797157156102815,1899.626917240202842843897185,19.20784533615405872901504424,0.578183
2023-07-02,0,1918.105,1945.000016666666666666666667,1859.052516666666666666666667,False,True,盤整,False,2052.925,1892.915,0.07028812291297921646625184753,0.01313275342069386191058362290,-2.923002255639097744360902256,0.8062503005909221458164936405,True,39.45481778199270152053810640,-13.457668275718611345727490,-12.53292905130410183584247516,-0.92473922441450950988501484,1935.94175,1973.483976555573392096385094,1898.399523444426607903614906,18.01049924071448310551396965,0.578183
2023-07-03,0,1921.155,1945.487991666666666666666667,1860.088141666666666666666667,False,True,盤整,False,2048.114,1892.915,0.06608472507423919465113434366,0.01469949067097657398804365082,-2.741774436090225563909774436,0.7609637901894276729761539498,True,41.33330795317933756767635593,-12.682734516198251807705438,-12.56289014428293183021506773,-0.11984437191531997749037027,1933.9596,1970.206890416802191643512288,1897.712309583197808356487712,18.2218921520920200265486861,0.578183
2023-07-04,0,1926.245,1946.087075,1861.2658375,False,True,盤整,False,2048.114,1892.915,0.06326765286866416265843649172,0.01730309488149222970079091704,-2.442318796992481203007518797,0.6724277248950089278242227393,True,44.43185342802819634333602576,-11.525020208697135339936532,-12.35531615716577253215936058,0.83029594846863719222282858,1932.2766,1966.624909433798921685176635,1897.928290566201078314823365,17.68175699837116145322377995,0.578183
2023-07-05,0,1916.765,1946.603241666666666666666667,1862.402670833333333333333333,False,True,盤整,False,2048.114,1892.915,0.06852639734135379141417962035,0.01244283988908395134510490331,-2.228464661654135338345864662,0.6247217141274161880351210884,True,40.17580909231251492170619105,-11.242879139188316052198084,-12.13282875357028123616710526,0.88994961438196518396902126,1930.1221,1962.637437881682853581301429,1897.606762118317146418698571,17.89456006991607849227922424,0.578183
2023-07-06,0,1911.495,1947.229575,1863.58595,False,True,盤整,False,2048.114,1892.915,0.07147232925014190463485387092,0.009720140518285425805455938938,-2.278678195488721804511278195,0.6401316157111730039870407458,True,37.99686332238324070990544041,-11.314103325308889931580233,-11.96908366791800297524973081,0.65498034260911304366949781,1928.5071,1961.352471508935623546230169,1895.661728491064376453769831,18.40209149349350145711642251,0.578183
2023-07-07,0,1923.838,1947.9761,1864.815616666666666666666667,False,True,盤整,True,2041.214,1892.915,0.06101137413857091917302808241,0.01607359871257351190692771429,-2.082044360902255639097744361,0.5635854031856627357948131946,True,45.45804005340745034225937580,-10.256343319274480407659350,-11.62653559818929846173165465,1.37019227891481805407230465,1927.43975,1959.423982283267328722472068,1895.455517716732671277527932,18.88908495824396563875096376,0.578183
2023-07-09,0,1924.775,1948.666741666666666666666667,1865.935116666666666666666667,False,True,盤整,False,2022.494,1892.915,0.05076905092803054902521073892,0.01655258406826771960359003000,-1.635608270676691729323308271,0.4312915474303743393842133247,True,45.98938473316039156401426001,-9.235986125723025875725218,-11.14842570369604394453036732,1.91243957797301806880514932,1925.77225,1954.494578505015048657612305,1897.049921494984951342387695,17.85965031836939666455446635,0.578183
2023-07-10,0,1924.735,1949.384575,1867.019616666666666666666667,False,True,盤整,False,2022.114,1892.915,0.05059345832023629226880583561,0.01653214598373282555780406134,-1.151703759398496240601503759,0.2868461649906366663346265921,True,45.96879674943779320438461664,-8.334498454128888839301323,-10.58564025378261292348455846,2.25114179965372408418323546,1924.1411,1948.940551815715604643990956,1899.341648184284395356009044,17.60181815277158261708629019,0.578183
2023-07-11,0,1933.235,1950.147575,1868.1581875,False,True,盤整,False,2022.114,1892.915,0.04597423489643007704702221923,0.02085623320496473527532865896,-0.5024135338345864661654135338,0.0819850622439992533081943472,True,50.98975602631994128710921416,-6.855161976906942285529880,-9.839544598407478795893622768,2.984382621500536510363742768,1922.9511,1943.186872344044592952354821,1902.715327655955407047645179,17.33875971328789814443726946,0.578183
2023-07-12,0,1957.685,1951.166325,1869.381520833333333333333333,True,True,偏多,False,2018.235,1892.915,0.03092938853799257796836569724,0.03308499579860907142875385979,0.4585308270676691729323308271,0.0585958612371132797398121167,True,61.94453684738465382577703723,-3.667588816953486241571857,-8.605153442116680285029269614,4.937564625163194043457412614,1923.2161,1945.061544613465755689373185,1901.370655386534244310626815,17.98813401948161970554889307,0.578183
2023-07-13,0,1959.908,1952.2901,1870.460645833333333333333333,True,True,偏多,False,1992.985,1892.915,0.01687681258508052418787004288,0.03418170648826373482836949489,1.203578195488721804511278195,0.2743755183422287322180577714,True,62.75957279749861217574928152,-0.951073220785354170190820,-7.074337397850415062061579691,6.123264177065060891870759691,1924.35125,1950.850125990313249511152225,1897.852374009686750488847775,17.50676730380436115515254356,0.578183
2023-07-14,0,1954.748,1953.387041666666666666666667,1871.4161625,True,True,偏多,False,1985.944,1892.915,0.01595909037891329214814390397,0.03163221039233701735466668849,1.786297744360902255639097744,0.4906802655343487879618579700,True,59.57035022593795873898092995,0.776465473885237671149773,-5.504176823503284515419309153,6.280642297388522186569082153,1925.4009,1954.809907932264563214983494,1895.991892067735436785016506,17.16414106781833535835593331,0.578183
2023-07-16,0,1953.265,1954.575375,1872.3954,False,True,盤整,False,1985.194,1892.915,0.01634647628457992131124041029,0.03089698530409340258490271417,2.010105263157894736842105263,0.5479759040950664162405743498,True,58.64791984957857779618919060,2.002799602486012046318047,-4.002781538305425203071837922,6.005581140791437249389884922,1927.3459,1958.661727365088088951166567,1896.030072634911911048833433,16.25955956297416854704479521,0.578183
2023-07-17,0,1955.355,1955.773125,1873.410108333333333333333333,False,True,盤整,False,1985.194,1892.915,0.01526014457732739067841900831,0.03193282038299950648347742482,2.300373684210526315789473684,0.6308284447027827832867106882,True,59.59743564115986317034137920,3.107502414324384994996119,-2.580724747779463163458246538,5.688227162103848158454365538,1929.09425,1962.495950476921829915027800,1895.692549523078170084972200,16.10580530847601365082730984,0.578183
2023-07-18,0,1977.395,1957.108875,1874.5890125,True,True,偏多,True,1985.194,1892.915,0.003944077940927331160440883081,0.04272287529805628111732860658,2.929448872180451127819548872,0.7353755683250921293858264775,True,67.95401349985528761175389584,5.695773820587219812393513,-0.925425034106126568287894630,6.621198854693346380681407630,1931.70225,1971.098705002322226707892972,1892.305794997677773292107028,17.07039064358486981862535914,0.578183
2023-07-19,1,1977.695,1958.378041666666666666666667,1875.760375,True,True,偏多,False,1985.194,1892.915,0.003791787914718902560809427136,0.04286808633282685146091788673,3.437952631578947368421052632,0.8158768425480524499268433256,True,68.05087981608665648227659474,7.682644309020070796822884,0.796188834519112904734261096,6.886455474500957892088622904,1934.47225,1978.367083485844322086329554,1890.577416514155677913670446,16.64607702618595054586640491,3.697619
2023-07-20,1,1972.115,1959.508375,1877.019195833333333333333333,True,True,偏多,False,1987.385,1892.915,0.007742956166349325470370642686,0.04015992982153677650644105440,3.674328571428571428571428571,0.8529705305695813737086601295,False,64.16579633851979053616366515,8.706629514384611359588655,2.378276970492212595705139877,6.328352543892398763883515123,1937.30875,1983.190164328135090739873037,1891.427335671864909260126963,17.04185723860123979259023313,3.697619
2023-07-21,1,1961.428,1960.5389,1878.258666666666666666666667,True,True,偏多,False,1987.385,1892.915,0.01323372563254934670046517129,0.03493016312604898064063529225,3.579772180451127819548872180,0.8355558167060720590454093798,False,57.40604763498751873420340084,8.557152059734213095549430,3.614051988340612695673997902,4.943100071393600399875432098,1939.90525,1985.069362000016118992885322,1894.741137999983881007114678,17.04079600727257980740521648,3.697619
2023-07-23,0,1961.028,1961.415816666666666666666667,1879.452791666666666666666667,False,True,盤整,False,1987.385,1892.915,0.01344039962713433974425658379,0.03473331334381763034490073574,3.387627067669172932330827068,0.8008429816821725022346080283,False,57.16331218167457902979319933,8.310613859541061030042352,4.553364362580702362547668722,3.757249496960358667494683278,1942.5254,1986.181780680949720708719755,1898.869019319050279291280245,16.00359629246739553544770101,0.578183
2023-07-24,1,1954.345,1962.266566666666666666666667,1880.665291666666666666666667,False,True,盤整,False,1987.385,1892.915,0.01690591988620228260619286769,0.03143252598696750062041246556,3.193519548872180451127819549,0.7469129436032489932043807221,False,53.12179473094057744876370110,7.489632490620032362992165,5.140617988188568362636567978,2.349014502431464000355597022,1944.26575,1986.880545303391989894041500,1901.650954696608010105958500,15.90191084300543871148715094,3.697619
2023-07-25,1,1965.235,1963.258066666666666666666667,1882.0053625,True,True,偏多,False,1987.385,1892.915,0.01127091670970647276279935987,0.03679967026844117879032278582,3.080015789473684210526315789,0.7230921086350943384873223713,False,58.29602367269859064314238159,7.629779480888513807747806,5.638450286728557451658815582,1.991329194159956356088990418,1946.62225,1988.393930966295814129003186,1904.850569033704185870996814,15.78227435421933594638092587,3.697619
2023-07-26,0,1971.885,1964.5749,1883.357391666666666666666667,True,True,偏多,False,1987.385,1892.915,0.007860498964189088106050809251,0.04004797440012982501515047784,3.038797744360902255639097744,0.7152682788608183430811031100,False,61.11829288360152981860716635,8.183116530461956377767208,6.147383535475237236880494066,2.035732994986719140886713934,1949.15875,1990.596210645531839829089956,1907.721289354468160170910044,15.81018332891795480735371688,0.578183
2023-07-27,0,1947.385,1965.67665,1884.594129166666666666666667,False,True,盤整,False,1987.385,1892.915,0.02054036566985983767976029393,0.02797084295093163396041358026,2.651662406015037593984962406,0.5814921920812567551048205405,False,48.18141108886231470622454713,6.568971865250699629175375,6.231701201430329715339470253,0.337270663820369913835904747,1950.21575,1990.318310999891266295935416,1910.113189000108733704064584,17.50659880542381517825702281,0.578183
2023-07-28,0,1958.465,1966.7354,1885.870241666666666666666667,False,True,盤整,True,1987.385,1892.915,0.01476666675176732798390576293,0.03347009009607013656103121577,2.241339097744360902255639098,0.4839321099960051368212775185,False,53.02415349627480683020160550,6.113343174669222693621370,6.208029596078108310995850202,-0.094686421408885617374480202,1952.30075,1989.457794941033725859025906,1915.143705058966274140974094,17.50248460503639980838152118,0.578183
2023-07-30,0,1957.875,1967.488958333333333333333333,1887.2488125,False,True,盤整,False,1987.385,1892.915,0.01507246376811594202898550725,0.03317882908765881376492370555,1.676669924812030075187969925,0.3621840089598139128998725286,False,52.74149945845981990239080971,5.639635873790068710567704,6.094350851620500390910220962,-0.454714977830431680342516962,1954.61975,1986.749604508696425156926437,1922.489895491303574843073563,16.48452141896237125063998395,0.578183
2023-07-31,0,1963.815,1968.206791666666666666666667,1888.652925,False,True,盤整,False,1987.385,1892.915,0.01200214887858581383684308349,0.03610319709341256686602353073,1.322003007518796992481203008,0.2754869761158686250134914001,False,55.32363141134879192922774979,5.678074474254662385262778,6.011095576147332789780732370,-0.333021101892670404517954370,1956.6186,1985.666030925298712206592686,1927.571169074701287793407314,16.8527698890364875898799851,0.578183
2023-08-01,0,1952.045,1968.540458333333333333333333,1889.8810375,False,True,盤整,False,1987.385,1892.915,0.01810409083806981908716243734,0.03029130988271274483938638710,0.7538721804511278195488721805,0.1185311487345158021888438446,False,49.54681057226420927768830975,4.704565406535986063325725,5.749789542225063444489730896,-1.045224135689077381164005896,1957.9821,1983.234769275939919931971559,1932.729430724060080068028441,17.32592918267673847631712902,0.578183
2023-08-02,0,1935.965,1968.815516666666666666666667,1891.026108333333333333333333,False,True,盤整,False,1987.385,1892.915,0.02656039752784786915052699816,0.02223697225931253922462441211,-0.08561203007518796992481203008,0.0019027688765734418639041640,False,42.94866157163124751002886530,2.605496303263108761941130,5.120930894432672507980010717,-2.515434591169563746038880717,1958.5436,1981.177927543799484391166585,1935.909272456200515608833415,17.64479138391411429943733409,0.578183
2023-08-03,0,1935.745,1968.937516666666666666666667,1892.210095833333333333333333,False,True,盤整,False,1987.385,1892.915,0.02667706748564506172042288628,0.02212584818764868306517645661,-0.8109157894736842105263157895,0.1791819981236408822337553087,False,42.86455574916064599251435038,0.913684369892471460150452,4.279481589524632298414098974,-3.365797219632160838263646974,1958.6691,1980.762084586967873046681155,1936.576115413032126953318845,17.05516342792024899233466737,0.578183
2023-08-04,0,1942.568,1969.115041666666666666666667,1893.418304166666666666666667,False,True,盤整,False,1987.385,1892.915,0.02307100703810625934330226793,0.02556049517957672524205072873,-1.056469924812030075187969925,0.2761923138320456980519813523,False,46.37211086932615286173103180,0.122063232694479597378263,3.447997918158601758206931779,-3.325934685464122160828668779,1957.91325,1981.096651923574546871057796,1934.729848076425453128942204,17.40122318306880263573933399,0.578183
2023-08-06,0,1943.785,1968.748266666666666666666667,1894.570083333333333333333333,False,True,盤整,False,1987.385,1892.915,0.02243046427459827089930213475,0.02617058985433059726255733016,-1.226806015037593984962406015,0.3487340417625045526873589230,False,46.99713691605883693082726467,-0.402461170895906957185455,2.677906100347700015128454423,-3.080367271243606972313909423,1957.1071,1981.065319832867382720141318,1933.148880167132617279858682,16.53377866999245959032938156,0.578183
2023-08-07,0,1936.605,1968.412516666666666666666667,1895.715404166666666666666667,False,True,盤整,False,1987.385,1892.915,0.02622114473524544241081686766,0.02256009872947761675716008169,-1.556942105263157894736842105,0.4932254529469706612575344275,False,43.75692956853394630974227251,-1.381590419624604036035257,1.866006796353239204895712138,-3.247597215977843240930969138,1956.19995,1981.766701130912194960986580,1930.633198869087805039013420,16.34208019356442676244871145,0.578183
2023-08-08,0,1925.408,1967.986541666666666666666667,1896.8858625,False,True,盤整,False,1987.385,1892.915,0.03218902175538898768468812844,0.01687590370456547391513902508,-2.043168421052631578947368421,0.6658794968706862965360273969,False,39.21617011011839246742455907,-3.026177831937690305378718,0.8875698706950533028408261104,-3.913747702632743608219544110,1954.8071,1983.682776434674218727525610,1925.931423565325781272474390,16.21764589402411056513094634,0.578183
2023-08-09,0,1916.535,1967.765708333333333333333333,1898.024058333333333333333333,False,True,盤整,False,1987.385,1892.915,0.03696775691547506306954999517,0.01232432488840537741288314589,-2.581261654135338345864661654,0.7971815112993792293160818218,False,36.02574797641494027792686127,-4.988003550052641766483951,-0.2875448134544857110241293116,-4.700458736598156055459821688,1952.8661,1986.207147589420461999641448,1919.525052410579538000358552,16.39852833016524552476445017,0.578183
2023-08-10,0,1912.315,1967.288708333333333333333333,1899.191004166666666666666667,False,True,盤整,False,1987.385,1892.915,0.03925608490233042150482530336,0.01014477217404036468887186473,-2.773264661654135338345864662,0.8005082961024462241845403002,False,34.58465158889870241791425184,-6.804841322934126338387094,-1.591004115350413836496722250,-5.213837207583712501890371750,1949.6121,1985.358657114776801956427380,1913.865542885223198043572620,16.60584773515344227299556087,0.578183
2023-08-11,0,1913.378,1966.64015,1900.3022125,False,True,盤整,False,1987.385,1892.915,0.03867871377218719981101486481,0.01069469806802419595082623507,-2.847480451127819548872180451,0.8039826183731013135886674809,False,35.28687914008239815324861130,-8.065943950428917654397965,-2.885992082366114600076970800,-5.179951868062803054320994200,1946.39625,1983.020036351905232792736217,1909.772463648094767207263783,16.06257289692819639635302081,0.578183
2023-08-13,0,1913.565,1966.103291666666666666666667,1901.468825,False,True,盤整,False,1987.385,1892.915,0.03857721059906509577673086621,0.01079137630548217593862764003,-2.910412781954887218045112782,0.8103073408702538657019066952,False,35.41822041848122836520860837,-8.947150351452712358914768,-4.098223736183434151844530240,-4.848926615269278207070237760,1943.46875,1980.755585166718024903496102,1906.181914833281975096503898,15.14310340429046808232780504,0.578183
2023-08-14,0,1907.505,1965.535291666666666666666667,1902.6268125,False,True,盤整,False,1987.385,1892.915,0.04187669232846047585720614101,0.007648734865701531581830716040,-3.140613533834586466165413534,0.8434082439639576453745861366,False,33.07544684943257741803493209,-10.019011202950526302807821,-5.282381229536852582037188392,-4.736629973413673720770632608,1940.7726,1980.211191609741846865356830,1901.334008390258153134643170,15.02859601826972036216153325,0.578183
2023-08-15,0,1901.345,1965.062875,1903.5443,False,False,偏空,False,1987.385,1892.915,0.04525217674856483173753316731,0.004433703509883792788788988847,-3.384042857142857142857142857,0.8710131928335000832935024863,False,30.84217616941535331266398024,-11.236007468905217839444170,-6.473106477410525633518584714,-4.762900991494692205925585286,1937.78845,1979.605106798338147395815227,1895.971793201661852604184773,15.04869630267902605057856659,0.578183
2023-08-16,0,1893.165,1964.407291666666666666666667,1904.463625,False,False,偏空,False,1987.385,1891.148,0.04976850934810225204881772059,0.001065411625505436662942744029,-3.760101503759398496240601504,0.9152026518438213995372125032,False,28.12632532499169225340434576,-12.713984515235472258866447,-7.721282084975514958588157171,-4.992702430259957300278289829,1934.72945,1980.057470585395078555302019,1889.401429414604921444697981,15.11286085248766704696581184,0.578183
2023-08-17,0,1891.195,1963.807708333333333333333333,1905.368945833333333333333333,False,False,偏空,False,1987.385,1884.925,0.05086202110305917686965119937,0.003315364095188491932349651940,-3.900355639097744360902255639,0.9227254213024895167966587763,False,27.49831810226573429108205560,-13.884206024294953957742972,-8.953866872839402758419120137,-4.930339151455551199323851863,1931.02745,1977.854175119209436339922451,1884.200724880790563660077549,15.35122793445283368646825385,0.578183
2023-08-18,0,1889.258,1963.064983333333333333333333,1906.110158333333333333333333,False,False,偏空,False,1987.385,1884.925,0.05193943865792813898366448627,0.002293493000955930846925089109,-3.851942857142857142857142857,0.9223399215648985421540151024,False,26.86319574981855092251535396,-14.797340186386628178142039,-10.12256153554884784236370391,-4.67477865083778033577833509,1926.8961,1973.151256321863187494212413,1880.640943678136812505787587,14.96921165342048842314909286,0.578183
2023-08-20,0,1889.955,1962.408375,1906.8751875,False,False,偏空,False,1987.385,1884.925,0.05155149196673994883476061599,0.002661439028971589270644010043,-4.056163909774436090225563910,0.9532353771599541824408053180,True,27.51198747049684116940767909,-15.288526892454046690669604,-11.15575460692988761202488393,-4.13277228552415907864472007,1924.0246,1971.936262531788645916737725,1876.112937468211354083262275,14.04783939246188210720987194,0.578183
2023-08-21,0,1894.655,1961.888875,1907.469258333333333333333333,False,False,偏空,False,1987.385,1884.755,0.04894294739675560986037035766,0.005225225700721239486872280178,-3.931933834586466165413533835,0.9388598198313569036547227583,True,31.89903508565383904016973324,-15.124202780199698839337416,-11.94944424158384985748739034,-3.17475853861584898185002566,1920.8341,1967.632568948887633454285930,1874.035631051112366545714070,14.03799372157174767098059537,0.578183
2023-08-22,0,1898.475,1961.1691,1907.999579166666666666666667,False,False,偏空,False,1987.385,1884.755,0.04683232594582493843743004253,0.007226853132119200937594648336,-3.666493233082706766917293233,0.9028216510116163690641540761,True,35.32507394671004060585784008,-14.518373885639173328016330,-12.46323017039491455159317827,-2.05514371524425877642315173,1917.8641,1962.365710217608980356512176,1873.362489782391019643487824,14.1343513128880514087676957,0.578183
2023-08-23,0,1917.805,1960.30285,1908.64315,False,True,盤整,False,1987.385,1884.755,0.03628106090035222559123581386,0.01723324321294396458451198115,-2.941796992481203007518796992,0.7488995735032478992603350818,True,49.24082746076900599094016136,-12.336275761574497519112159,-12.43783928863083114509697442,0.10156352705633362598481542,1915.5636,1954.767270330212705735962589,1876.359929669787294264037411,14.68832621911033345099857458,0.578183
2023-08-24,0,1915.805,1959.433183333333333333333333,1909.253595833333333333333333,False,True,盤整,False,1987.385,1884.755,0.03736288400959387829137099026,0.01620728623215828333259387046,-2.362326315789473684210526316,0.5901730567670547002570737436,True,48.08793256166572441930693362,-10.645614544582805674311316,-12.07939433982122605093984274,1.43377979523842037662852674,1913.7516,1949.214644665679792700119223,1878.288555334320207299880777,14.46558863203102391878439068,0.578183
2023-08-25,0,1914.778,1958.669033333333333333333333,1909.812470833333333333333333,False,True,盤整,False,1987.385,1884.755,0.03791927837065184580144538949,0.01567962447866018932743116957,-1.996925563909774436090225564,0.4593253356627017696493810503,True,47.47326735593612931305170375,-9.281630804266433936369787,-11.51984163271026762802583159,2.23821082844383369165604459,1912.69225,1946.672572522748367816145826,1878.711927477251632183854174,14.75804658688595078172836277,0.578183
2023-08-27,0,1914.905,1957.915258333333333333333333,1910.400666666666666666666667,False,True,盤整,False,1987.385,1884.755,0.03785044166681898057605990898,0.01574490640527859084393220551,-1.601324060150375939849624060,0.3263537052028964057781156803,True,47.56252845441067421516530905,-8.097077950123790165203405,-10.83528889619297213546134627,2.73821094606918197025794127,1911.65025,1943.976905545385452075921692,1879.323594454614547924078308,13.84554325925124001160490829,0.578183
2023-08-28,0,1921.155,1957.322591666666666666666667,1911.0722375,False,True,盤整,False,1987.385,1884.755,0.03447405336893691555340407203,0.01894693556740606562198260942,-0.9773669172932330827067669173,0.1464841063951773049281691832,True,51.89497547212644370876867556,-6.578159583486404986480988,-9.983863033651658705665274616,3.405703450165253719184286616,1910.5796,1940.029796850955003421294414,1881.129403149044996578705586,13.80514731216186572506170056,0.578183
2023-08-29,0,1936.125,1956.751841666666666666666667,1911.8461,False,True,盤整,False,1987.385,1884.755,0.02647556330298921815481954936,0.02653237781651494609077409775,-0.08813684210526315789473684211,0.0013301527064058601143367115,True,60.34592981094168937044647737,-4.118971010383195459145977,-8.810884628997966056361415093,4.691913618614770597215438093,1910.1966,1938.066316772152529358039949,1882.326883227847470641960051,14.51477964700744674470015052,0.578183
2023-08-30,0,1944.145,1956.135758333333333333333333,1912.64605,False,True,盤整,True,1987.385,1884.755,0.02224113942118514822711268964,0.03054813298390809327493576868,0.8138150375939849624060150376,0.1015777270735921230150484737,True,63.99525302164089992655354273,-1.505544396010217106286399,-7.349816582400416266346411874,5.844272186390199160060012874,1910.5736,1940.021361398109704189542007,1881.125838601890295810457993,14.4870811007926291200787112,0.578183
2023-08-31,0,1939.805,1955.303508333333333333333333,1913.4854125,False,True,盤整,False,1987.385,1884.755,0.02452823866316459644139488248,0.02837914120233734834171475999,1.465633834586466165413533835,0.2880044912683069611517035551,True,60.73776085336777556050099013,0.212958443125423678504283,-5.837261577295248277376272899,6.050220020420671955880555899,1911.29345,1942.789179548464185400932255,1879.797720451535814599067745,14.09236102216458418293023183,0.578183
2023-09-01,0,1939.238,1954.768008333333333333333333,1914.3114125,False,True,盤整,False,1987.385,1884.755,0.02482779318474576096384249896,0.02809505589308790359924877710,1.947603007518796992481203008,0.4435031503426289892585558944,True,60.30587077701542263588301210,1.511706155347074735778985,-4.367468030766783674745221319,5.879174186113858410524206319,1912.4286,1946.155614741301964212891747,1878.701585258698035787108253,14.41076380629568531272092956,0.578183
2023-09-03,0,1940.428,1954.248533333333333333333333,1915.095704166666666666666667,False,True,盤整,False,1987.385,1884.755,0.02419930036053901510388429769,0.02869109289290816252909152002,2.345800751879699248120300752,0.5689292363210918357773811931,True,60.93373384583700207176885154,2.606944891072333259446869,-2.972585446398960287906803255,5.579530337471293547353672255,1913.83425,1949.700652311215994054053778,1877.967847688784005945946222,13.50620924870313636181229174,0.578183
2023-09-04,0,1937.515,1953.778616666666666666666667,1915.855320833333333333333333,False,True,盤整,False,1987.385,1884.755,0.02573915556782786197784275219,0.02723075692317220769903716874,2.676893233082706766917293233,0.6843216429939199970844403939,False,58.49461612721577401677806171,3.202953075574204373324022,-1.737477742004327355660638204,4.940430817578531728984660204,1915.0411,1952.359819409433116291646068,1877.722380590566883708353932,13.22076573093862662168284233,0.578183
2023-09-05,0,1926.525,1953.119591666666666666666667,1916.5724375,False,True,盤整,False,1987.385,1884.755,0.03159055812927421133906904919,0.02168152502562904711851649992,2.817642105263157894736842105,0.7451943668210336614728102391,False,50.31206052437147358246558827,2.756715008439497076523227,-0.8386391919155624692238651632,3.595354200355059545747092163,1915.6891,1953.331462040127078082796951,1878.046737959872921917203049,13.25499675015729614870549645,0.578183
2023-09-06,0,1917.055,1952.481425,1917.2655125,False,False,偏空,False,1987.385,1884.755,0.03668648004360855583173148397,0.01684876020771443698798417364,2.707932330827067669172932331,0.6951294277026140886495367774,False,44.53141268762043576327073776,1.620241138081085410066499,-0.3468631259162328933657923306,1.967104263997318303432291331,1916.1666,1953.623410234722336804781622,1878.709789765277663195218378,13.29963983943177499522653241,0.578183
2023-09-07,0,1920.128,1951.772533333333333333333333,1918.011429166666666666666667,False,True,盤整,True,1987.385,1884.755,0.03502735234317712152523165122,0.01842220935270981934537697487,2.530498496240601503759398496,0.6268221370902125018939715375,False,46.67258777872211893236402301,0.956516696768015467286253,-0.0861871613793832212353832644,1.042703858147398688521636264,1917.10575,1953.966124316466185338341298,1880.245375683533814661658702,12.87823699375807678128178009,0.578183
2023-09-08,0,1918.258,1951.239283333333333333333333,1918.717816666666666666666667,False,False,偏空,False,1987.385,1884.755,0.03603634130549696651858092081,0.01746532531077675682833070421,2.168947368421052631578947368,0.5053828722099932782075361210,False,45.52104253301411745212247986,0.276430405747598669184508,-0.01366364795398684315140501152,0.2900940537015855123359130115,1918.3604,1953.545968663302857012700774,1883.174831336697142987299226,12.8419343513467855826187958,0.578183
2023-09-10,0,1918.785,1950.690783333333333333333333,1919.324220833333333333333333,False,False,偏空,False,1987.385,1884.755,0.03575179084681191483152098854,0.01773518137779897174514080525,1.746085714285714285714285714,0.3744655595667574048936026853,False,45.92595548770607977444808322,-0.217511051954979718720671,-0.05443312875418541826525820922,-0.1630779232007943004554127908,1919.7399,1952.646683901803591477633690,1886.833116098196408522366310,12.20965332625058661243173896,0.578183
2023-09-11,0,1921.545,1950.0792,1919.821916666666666666666667,False,True,盤整,False,1987.385,1884.755,0.03426409477790007519990424372,0.01914605174481992355110080690,1.290579699248120300751879699,0.2496739086248052366352028558,False,48.10151377970557460646188887,-0.381852523921900339230762,-0.1199170077877284024583589674,-0.2619355161341719367724030326,1921.35425,1951.141065115919996591823503,1891.567434884080003408176497,12.21346380294697328297232904,0.578183
2023-09-12,0,1912.795,1949.35145,1920.3033625,False,False,偏空,False,1987.385,1884.755,0.03899529222943389124291939283,0.01465917675443526358025820854,0.6725270676691729323308270677,0.0859961373710190402943090561,False,42.29218862731735470487563859,-1.204264189720235294453986,-0.3367864441742297808574843740,-0.8674777455460055135965016260,1922.49625,1948.944449763878070043451619,1896.048050236121929956548381,12.54943067416504661990287696,0.578183
2023-09-13,0,1909.155,1948.664533333333333333333333,1920.763225,False,False,偏空,False,1987.385,1884.755,0.04097624341659006209553441182,0.01278052332052662041583842066,0.04233909774436090225563909774,0.0004125013685681612436900744,False,40.12138342165361852038609564,-2.125250375861720113566724,-0.6944792305117278473993322992,-1.430771145349992266167391701,1923.22125,1947.262371453667672031300940,1899.180128546332327968699060,12.37447134029611471848124289,0.578183
2023-09-14,0,1909.745,1948.0222,1921.349008333333333333333333,False,False,偏空,True,1987.385,1884.755,0.04065464237372005162992965029,0.01308551665274683269232279702,-0.5409090225563909774436090226,0.0793259260542153611670448728,False,40.65311679713736780255591058,-2.775535845051068959155715,-1.110690553419596069750608839,-1.664845291631472889405106161,1923.78475,1945.933155738337014671224695,1901.636344261662985328775305,12.34250910170353509573258269,0.578183
2023-09-15,0,1922.738,1947.46545,1921.982091666666666666666667,False,True,盤整,False,1987.385,1884.755,0.03362236560571435109723737712,0.01975464155802818688765708068,-0.6502796992481203007518796992,0.1163501056154965993387006426,True,50.97741384298503581688149251,-2.216910091908238921264973,-1.331934461117324640053481671,-0.884975630790914281211491329,1924.0314,1946.017217859702194849346198,1902.045582140297805150653802,12.93111559443899687460882679,0.578183
2023-09-17,0,1923.175,1946.935675,1922.5500375,False,True,盤整,False,1982.085,1884.755,0.03063163778647288988261598658,0.01997738115356116838041259896,-0.7924045112781954887218045113,0.1778938068662392392849611548,True,51.28437788913926597992332635,-1.719116010763192721535589,-1.409370771046498256349903137,-0.309745239716694465185685863,1924.3999,1946.066578812406852125533656,1902.733221187593147874466344,12.14932162340763995499391059,0.578183
2023-09-18,0,1934.055,1946.541675,1923.154108333333333333333333,False,True,盤整,False,1982.085,1884.755,0.02483383357763869176419491690,0.02549048501723063718456817412,-0.8063992481203007518796992481,0.1856518567471219424472660398,True,58.28747175971240944552619664,-0.441595109458519001274270,-1.215815638728902405334776510,0.774220529270383404060506510,1925.36375,1946.947469391013218044319964,1903.780030608986781955680036,12.12058436459280852963720269,0.578183
2023-09-19,0,1931.315,1945.837758333333333333333333,1923.720433333333333333333333,False,True,盤整,False,1982.085,1884.755,0.02628778837217129261668862925,0.02410792646461089982731972775,-0.8865195488721804511278195489,0.2331263129817934809486257274,True,56.10024988194110246345048185,0.345768503922162904927895,-0.9034988101986893432822422080,1.249267314120852248210137208,1926.18425,1947.359009662154373552765951,1905.009490337845626447234049,11.7976854814076079203774025,0.578183
2023-09-20,0,1929.308,1944.817033333333333333333333,1924.280683333333333333333333,False,True,盤整,False,1982.085,1884.755,0.02735540411380660837979213272,0.02309273584103730456723343292,-0.9213037593984962406015037594,0.2539155001533925556928826243,True,54.48739547507192731468367683,0.798605881882273653035825,-0.5630778717824967440186287664,1.361683753664770397054453766,1926.5919,1947.677407448482239456316628,1905.506392551517760543683372,12.34499366130706449749330232,0.578183
2023-09-21,0,1921.295,1943.746533333333333333333333,1924.861433333333333333333333,False,False,偏空,False,1982.085,1884.755,0.03164011773309148256774727462,0.01901842247026094379051629240,-0.8464511278195488721804511278,0.2216939684031936541583047513,True,48.49304319377949043122901343,0.505078404422163570749608,-0.3494466165415646810649814132,0.8545250209637282518145894132,1925.8504,1946.582856828846888979598814,1905.117943171153111020401186,12.65013697121370274767235216,0.578183
2023-09-22,0,1924.818,1942.9842,1925.3416125,False,False,偏空,False,1982.085,1884.755,0.02975190381636081956839555740,0.02081391591308892581012854202,-0.5723375939849624060150375940,0.1212297971487597616786646120,True,51.04316949700750961377809259,0.550387891831796257610838,-0.1694797148668924933298175306,0.7198676066986887509406555306,1924.88405,1943.841215637035511221898355,1905.926884362964488778101645,12.30869861612700969426718415,0.578183
2023-09-24,0,1924.665,1942.223283333333333333333333,1925.8294875,False,False,偏空,False,1972.295,1884.755,0.02474716379214045041604642886,0.02073607614831672005258057896,-0.3398729323308270676691729323,0.0491524348592717074436375547,True,50.92524815186345184972796413,0.567409423086274331275781,-0.0221018872762591284086978245,0.5895113103625334596844788245,1924.12705,1941.806546027602144292974235,1906.447553972397855707025765,11.57300585783222328753381386,0.578183
2023-09-25,0,1916.165,1941.348116666666666666666667,1926.411529166666666666666667,False,False,偏空,False,1972.295,1884.755,0.02929288448541748753369360154,0.01639211654528707078983281711,-0.2150225563909774436090225564,0.0224217993171795065734022874,False,44.74117829991866732988222080,-0.103783501692539421052549,-0.03843821015951518693746805960,-0.06534529153302423411508094040,1922.9734,1939.533944452402523592581157,1906.412855547597476407418843,11.60850543941563590985282716,0.578183
2023-09-26,0,1901.465,1940.225291666666666666666667,1926.865141666666666666666667,False,False,偏空,False,1972.295,1884.755,0.03725022548403467852419055833,0.008787960861756592942809886062,-0.2466864661654135338345864662,0.0278456165691966611337723219,False,36.48872596111136362063186820,-1.801113758978589632465884,-0.3909733199233300760431512476,-1.410140439055259556422732752,1921.02525,1938.074007161447282459793843,1903.976492838552717540206157,12.02218362231451905914905379,0.578183
2023-09-27,0,1877.505,1938.942683333333333333333333,1927.225725,False,False,偏空,False,1964.595,1872.445,0.04638602826623630829212172537,0.002695066058412627396464989441,-0.6080398496240601503759398496,0.0849153150627556865958862182,False,27.56435515808251148181784159,-5.021744430539129374941108,-1.317127542046489935822742598,-3.704616888492639439118365402,1918.02475,1942.088585536962930299156628,1893.960914463037069700843372,13.40488479214919626920983566,0.578183
2023-09-28,0,1866.645,1937.696191666666666666666667,1927.557058333333333333333333,False,False,偏空,False,1954.675,1857.565,0.04715947595820308628582296045,0.004864342175400250181475320696,-1.207821804511278195488721805,0.1836075296930736534618024375,False,24.62457203005780991948584536,-8.354127498792667584858265,-2.724527533395725465629847078,-5.629599965396942119228417922,1915.03075,1947.538240348379710008856077,1882.523259651620289991143923,14.01310730699568224998056169,0.578183
2023-09-29,0,1848.098,1936.348691666666666666666667,1927.686070833333333333333333,False,False,偏空,False,1952.905,1846.205,0.05671073720116573904630598594,0.001024296330605844495259450527,-2.132042105263157894736842105,0.3174628622139195215408310132,False,20.58646547698749291497447768,-12.349297965386833788242268,-4.649481619793947130152331262,-7.699816345592886658089936738,1911.5829,1955.221934558065099339313342,1867.943865441934900660686658,15.40931392792456208926766443,0.578183
2023-10-01,0,1848.285,1935.0052,1927.825404166666666666666667,False,False,偏空,False,1952.905,1845.595,0.05660382462661331991548922379,0.001455403252204070259727260677,-2.901375187969924812030075188,0.4241723209461307337655324015,False,20.72761636613928911831632062,-15.323767157557341967095920,-6.784338727346626097541049010,-8.539428430210715869554870990,1907.99075,1959.366544424514741512191853,1856.614955575485258487808147,14.52650579021566479717711697,0.578183
2023-10-02,0,1824.845,1933.426033333333333333333333,1927.9563625,False,False,偏空,False,1952.905,1820.405,0.07017582315210332932386038266,0.002433083357764632064641106505,-3.927057142857142857142857143,0.5240714907996479869136693774,False,16.71672443992783352499716770,-19.349419463017912854037146,-9.297354874480883448840268408,-10.05206458853702940519687759,1903.3201,1965.880248906152709060784734,1840.759951093847290939215266,15.51961251948597445452160861,0.578183
2023-10-03,0,1823.255,1932.039616666666666666666667,1928.060766666666666666666667,False,False,偏空,False,1952.905,1815.245,0.07110908786757749190321704863,0.004393241757187008948282055993,-4.826661654135338345864661654,0.6127349898481267307679391766,False,16.48371638637169935706420697,-22.409751959170577647463610,-11.91983429141882228856493673,-10.48991766775175535889867327,1898.5436,1969.654526328940477387386028,1827.432673671059522612613972,15.69392591095126199348435085,0.578183
2023-10-04,0,1822.425,1930.704616666666666666666667,1928.147183333333333333333333,False,False,偏空,False,1952.905,1815.245,0.07159691070963139772555797907,0.003939805478963469004211421595,-5.550890225563909774436090226,0.6816999126394804925184673009,False,16.35555690647073282587778020,-24.618277396792516415561682,-14.45952291249356111396428578,-10.15875448429895530159739622,1893.5876,1971.121537550984730057083437,1816.053662449015269942916563,15.57150263159760042252118293,0.578183
2023-10-05,0,1821.138,1929.561641666666666666666667,1928.1838625,False,False,偏空,False,1952.905,1812.924,0.07235420929111357843282606810,0.004510366594953265485646886727,-6.282609774436090225563909774,0.7604350712099935152814274429,False,16.14593153406660198932962226,-26.170720091262211844521006,-16.80176234824729126007562982,-9.36895774301492058444537618,1889.00475,1972.092086464409544821149246,1805.917413535590455178850754,15.61503815791205753519824129,0.578183
2023-10-06,0,1832.698,1928.355391666666666666666667,1928.296375,False,False,偏空,False,1952.905,1810.288,0.06559018452576474683772230886,0.01222787387774745211704274245,-6.768830075187969924812030075,0.8236989535557824833101063668,True,25.39523536511883648948468981,-26.166614281046022088354995,-18.67473273480703742573150286,-7.49188154623898466262349214,1885.1819,1971.193133314957180655705600,1799.170666685042819344294400,16.24517828948976771125550977,0.578183
2023-10-08,0,1847.865,1927.248475,1928.43375,False,False,偏空,False,1952.905,1810.288,0.05684397940325727258214209371,0.02033535999653654352455401233,-6.914090225563909774436090226,0.8457642671904603494100790916,True,35.45472402164836300662343196,-24.655299309725121030522879,-19.87084604979065414668977809,-4.78445325993446688383310091,1882.0879,1968.791313664976305822047125,1795.384486335023694177952875,16.70887984024049858902297336,0.578183
2023-10-09,0,1862.418,1926.354916666666666666666667,1928.5960625,False,False,偏空,False,1952.905,1810.288,0.04858576323897213192741908637,0.02799049407812854042433009131,-6.553245112781954887218045113,0.7902178130514319742108339664,True,43.34807697764995428118076983,-22.029325479662020531873524,-20.30254193576492742372652727,-1.72678354389709310814699673,1879.0719,1964.089496910051509641640830,1794.054303089948490358359170,16.89110270879474868980704669,0.578183
2023-10-10,0,1859.495,1925.392833333333333333333333,1928.721895833333333333333333,False,False,偏空,False,1952.905,1810.288,0.05023406892731628748665632336,0.02646256107168881873842091536,-6.136550375939849624060150376,0.7284887152318797427595389667,True,42.23098422715298921600480883,-19.954065920727545548238006,-20.23284673275745104862882302,0.27878081202990550039081702,1875.8879,1958.803970077880560390371965,1792.971829922119439609628035,16.57223822959512378339225764,0.578183
2023-10-11,0,1875.195,1924.6885,1928.883758333333333333333333,False,False,偏空,False,1952.905,1810.288,0.04144102346689277648457893712,0.03461346686611259095720711713,-5.228021052631578947368421053,0.5897591670791390864341532621,True,49.72518612990590475057933307,-16.848331896824722748543649,-19.55594376557090538861178822,2.70761186874618264006813922,1872.9449,1951.455048380702987944088674,1794.434751619297012055911326,16.71493549890975779886423924,0.578183
2023-10-12,0,1870.505,1924.1055,1928.949829166666666666666667,False,False,偏空,False,1952.905,1810.288,0.04405227465310170248141544663,0.03219291047070176235829361590,-4.341243609022556390977443609,0.4602048004769696125213681748,True,47.73310077833767378062036801,-14.597191771011118301506262,-18.56419336665894797119068298,3.96700159564782966968442098,1869.9044,1943.705766825825116285875232,1796.103033174174883714124768,16.73958296327334652751679358,0.578183
2023-10-13,0,1932.738,1923.99675,1929.36655,True,True,偏多,True,1952.905,1810.288,0.01043441997828986650027060057,0.06335571608774702003065081765,-2.505669172932330827067669173,0.1509886216486668190957106455,True,66.76159095503249992441897574,-7.702672392997483839565218,-16.39188917192665514486558998,8.68921677892917130530037198,1870.0759,1944.442416763661857016540671,1795.709383236338142983459329,20.03175560875382177555130832,0.578183
2023-10-15,0,1925.765,1923.848,1929.617245833333333333333333,True,False,盤整,False,1952.905,1810.288,0.01409310066389201174598146711,0.05996422201047375977858149878,-0.9013879699248120300751879699,0.0192085395511306549580591701,True,63.95217202094682896939749269,-2.769454391499650755827189,-13.66740221584125426705790978,10.89794782434160351123072078,1870.2994,1945.304432746876392521075481,1795.294367253123607478924519,19.43691592241426307729764344,0.578183
2023-10-16,0,1919.355,1923.664808333333333333333333,1929.824620833333333333333333,False,False,偏空,False,1952.905,1810.288,0.01747983046387979295127790325,0.05682481875421691141034357896,0.6602263157894736842105263158,0.0105173212766959910324515934,True,61.39451419462211518929924922,0.615824149747935287053913,-10.81075694272341635623554522,11.42658109247135164328945822,1870.02625,1944.271056705587159202401046,1795.781443294412840797598954,19.31713621367038714320495462,0.578183
2023-10-17,0,1924.548,1923.382891666666666666666667,1930.050175,True,False,盤整,True,1952.905,1810.288,0.01473436879724485957222163334,0.05936978448965679214028436807,2.301825563909774436090225564,0.1278985448795842987753644187,True,62.69613925330542787239518042,3.675346378363588907122537,-7.913536278506015303563928776,11.58888265686960421068646578,1870.0204,1944.248001538511265573607969,1795.792798461488734426392031,19.30155505555107377583317215,0.578183
2023-10-18,0,1950.745,1923.253725,1930.356758333333333333333333,True,True,偏多,False,1962.545,1810.288,0.006048971034143365739755836873,0.07200172241887073912787165929,4.183633082706766917293233083,0.3651443328990042277350534853,True,68.47126389052026360292652456,8.120312838066866371197698,-4.706766455191438968611603420,12.82707929325830533980930142,1871.7494,1951.594289963979535814392920,1791.904510036020464185607080,20.69908683729742564898794557,0.578183
2023-10-19,0,1977.035,1923.254891666666666666666667,1930.774216666666666666666667,True,True,偏多,True,1982.205,1810.288,0.002615027048079573705068448459,0.08434195651569142680832661030,6.156906766917293233082706767,0.6031816473870616833910205836,True,72.99034669632192320977047487,13.607505217172660778992223,-1.043912120718619019090838136,14.65141733789127979808306114,1875.5279,1966.952767192465748749500153,1784.103032807534251250499847,21.86915206320475238834594946,0.578183
2023-10-20,0,1980.648,1923.529141666666666666666667,1931.118770833333333333333333,True,True,偏多,False,1997.135,1810.288,0.008324043444367701883424010728,0.08601225457527031557348908034,7.689839849624060150375939850,0.7517907345580000291052784085,True,73.55140551692007885657069910,18.039732805165261403002268,2.772816864458157065327783092,15.26691594070710433767448491,1880.68505,1982.965971273666673988526910,1778.404128726333326011473090,22.10921263011869864632123879,0.578183
2023-10-22,0,1971.445,1923.714058333333333333333333,1931.335633333333333333333333,True,True,偏多,False,1997.135,1810.288,0.01303105082819962007562980453,0.08174562313429996779012348810,8.764725563909774436090225564,0.8543020117389957722240360588,True,69.58626091587926527033842444,20.572552336439632132320654,6.332763958854452078726357274,14.23978837758518005359429673,1885.92505,1995.285031531591344723307158,1776.565068468408655276692842,21.65734029939593445729829316,0.578183
2023-10-23,0,1973.455,1923.816225,1931.571508333333333333333333,True,True,偏多,False,1997.135,1810.288,0.01199926018074899098281947143,0.08268088200643034677760577262,9.417884210526315789473684211,0.9040552643334892958184628333,False,69.96707846512769356261708950,22.482851942578359830421148,9.562781555599233629065315420,12.92007038697912620135583258,1892.1929,2006.423294699309342796132013,1777.962505300690657203867987,21.42824456372479628177698651,0.578183
2023-10-24,0,1972.725,1923.894808333333333333333333,1931.800175,True,True,偏多,False,1997.135,1810.288,0.01237374697436287368994664740,0.08234143126893003332953148564,9.875060150375939849624060150,0.9394796958762468077047618408,False,69.62609707632905910900291761,23.665076967985301932005054,12.38324063807644728965326314,11.28183632990885464235179086,1898.4149,2015.910572374602801793723691,1780.919227625397198206276309,21.84986995203016797593577319,0.578183
2023-10-25,0,1982.895,1924.215558333333333333333333,1932.1099125,True,True,偏多,False,1997.135,1810.288,0.007181419086739338189868853368,0.08704797783039444852097564420,9.920288721804511278195488722,0.9416204699425916918922811739,False,71.69563383852954472859883447,25.132916210478087887012330,14.93317575255677540912507651,10.19974045792131247788725349,1906.3174,2024.216960744559180058142827,1788.417839255440819941857173,22.02209352688515597765464654,0.578183
2023-10-26,0,1984.345,1924.374475,1932.4330375,True,True,偏多,False,1997.135,1810.288,0.006445451773759099350163404045,0.08771508986592553210253257372,9.723457142857142857142857143,0.9329286152700518397243956568,False,71.98868121225178061713475087,26.112187227126531721995099,17.16897804747072667169908101,8.94320917965580505029601799,1914.3719,2030.469252925723504628408721,1798.274547074276495371591279,22.00122970353621626496502893,0.578183
2023-10-27,0,2005.648,1924.748225,1932.741675,True,True,偏多,False,2009.395,1810.288,0.001868224135042639585809673482,0.09740492848196692540266288003,9.575608270676691729323308271,0.9296223942386905095145035011,False,75.93137562499078423987803918,28.281232186299796473369119,19.39142887523654063203308861,8.88980331106325584133603039,1923.53305,2038.068230103713112378413298,1808.997869896286887621586702,22.76114186756934367461038401,0.578183
2023-10-29,0,2002.695,1925.104808333333333333333333,1933.0641625,True,True,偏多,False,2009.395,1810.288,0.003345491949597916807102429476,0.09607404023078901180659061914,9.089729323308270676691729323,0.9199527260570057601723898882,False,74.36874131587029028320416661,29.422766189227000521045412,21.39769633803463260983555329,8.02506985119236791120985871,1932.6109,2041.904319982906564730556581,1823.317480017093435269443419,21.83777459131439055499535658,0.578183
2023-10-30,0,1995.445,1925.401391666666666666666667,1933.3486625,True,True,偏多,False,2009.395,1810.288,0.006990921824455196710508182385,0.09278982883517210446792570078,8.409787218045112781954887218,0.8981283356945667588474611789,False,70.53100273018698488250416984,29.403480679392450979811221,22.99885320630619628383068683,6.40462747308625469598053417,1940.74825,2043.087358354284580409291998,1838.409141645715419590708002,21.41007640622050551535283111,0.578183
2023-10-31,0,1983.625,1925.733308333333333333333333,1933.566995833333333333333333,True,True,偏多,False,2009.395,1810.288,0.01299136681580439851282374441,0.08738395614090364862310164472,7.555734586466165413533834586,0.8501484831735697360562608187,False,64.67148411462760765430497952,28.110382565654357168533023,24.02115907817582846077115406,4.08922348747852870776186894,1947.53625,2042.041323063566275410206437,1853.031176936433724589793563,21.95214237720475512139905746,0.578183
2023-11-01,0,1985.025,1926.065308333333333333333333,1933.7674125,True,True,偏多,False,2009.395,1810.288,0.01227692346443999445850807924,0.08802760670520522411556529515,6.747315789473684210526315789,0.7953553198385803327333833630,False,65.04192982694825570593449653,26.888606179498820909912976,24.59464849844042695059951845,2.29395768105839395931345755,1953.6666,2040.918775038562792265710918,1866.414424961437207734289082,21.9614893502615583270134105,0.578183
2023-11-02,0,1984.885,1926.288308333333333333333333,1933.920370833333333333333333,True,True,偏多,False,2009.395,1810.288,0.01234832244689238923161795268,0.08796328250755081528652793487,5.706372932330827067669172932,0.7369161703531281764578911475,False,64.96856512838417131002453981,25.613783014510878588658945,24.79847540165451727821140376,0.81530761285636131044754124,1959.9361,2036.597532143940540918157651,1883.274667856059459081842349,21.26138296810001844651245261,0.578183
2023-11-03,0,1992.058,1926.577475,1934.176216666666666666666667,True,True,偏多,False,2009.395,1810.288,0.008703059850666998651645685015,0.09124734319984659081211490830,4.827239849624060150375939850,0.6870986889556352915285634730,False,67.02108584698888332667520098,24.895300101605671600911098,24.81784034164474814275134261,0.07745975996092345815975539,1965.77925,2032.939938328441065792286600,1898.618561671558934207713400,21.22935561323573141461870599,0.578183
2023-11-05,0,1988.415,1926.838975,1934.429620833333333333333333,True,True,偏多,False,2009.395,1810.288,0.01055111734723385208822102026,0.08958240608726045619249502745,3.646277443609022556390977444,0.6651247096785539313897671149,False,64.94002351303164069674240330,23.758069328228592945542716,24.60588613896151710330961729,-0.84781681073292415776690129,1971.67475,2023.236065622761217515190080,1920.113434377238782484809920,20.11818735514746488500308414,0.578183
2023-11-06,0,1976.665,1927.041308333333333333333333,1934.628745833333333333333333,True,True,偏多,False,2009.395,1810.288,0.01655819271348458135293537347,0.08417056000890388609096634989,3.102775939849624060150375940,0.5469450046112680093303489924,False,58.61784366615858850022556393,21.659007390930555902783525,24.01651038935532486320439883,-2.35750299842476896042087383,1973.8711,2022.255393674290627180727329,1925.486806325709372819272671,19.91188825835121739321714956,0.578183
2023-11-07,0,1968.808,1927.304666666666666666666667,1934.823841666666666666666667,True,True,偏多,False,2009.395,1810.288,0.02061501172282924490351522342,0.08051572321932864961946517893,2.270875939849624060150375940,0.3677952208674043499840622355,False,54.77758187677864520878882350,19.140847669219210004293749,23.04137784532810189142226886,-3.90053017610889188712851986,1976.02325,2019.206585915026296171044655,1932.839914084973703828955345,19.94582481132613043655878174,0.578183
2023-11-08,0,1950.805,1927.44675,1934.922204166666666666666667,True,True,偏多,False,2009.395,1810.288,0.03003375529589067077437263079,0.07203026442929969935488170268,1.015853383458646616541353383,0.1024376638393493947911818254,False,47.15455493559784919683573480,15.513664438029759969815505,21.53583516386843350710091609,-6.02217072583867353728541109,1977.59575,2014.199621253598300241085186,1940.991878746401699758914814,20.20898018194569254823315447,0.578183
2023-11-09,0,1959.055,1927.819166666666666666666667,1934.947495833333333333333333,True,True,偏多,False,2009.395,1810.288,0.02569606264244750657842684355,0.07593814364578840308209825656,-0.08661052631578947368421052632,0.0011964428142920212667391093,False,50.55064339291587856154527399,13.153179975553355983032659,19.85930412620541800228726467,-6.70612415065206201925460567,1979.3211,2008.197997104086512293304886,1950.444202895913487706695114,20.25998159752100022335935772,0.578183
2023-11-10,0,1938.148,1927.967166666666666666666667,1935.043841666666666666666667,True,True,偏多,False,2009.395,1810.288,0.03676035060274034800231974029,0.06597019422665348569871857051,-1.125999248120300751879699248,0.1672865684863540209765393255,False,43.00771097880175693689051598,9.486108901242175013524359,17.78466508121276940453468354,-8.29855617997059439101032454,1978.69125,2010.440493719339205702496704,1946.942006280660794297503296,20.80069719769807163597654646,0.578183
2023-11-12,0,1940.248,1928.092275,1935.359258333333333333333333,True,True,偏多,False,2009.395,1810.288,0.03563822769048080451571139360,0.06698112818567523326914909847,-1.701339849624060150375939850,0.2985445688850178383149186262,False,43.91300152855094619698080689,6.672465080613846048655755,15.56222508109298473335889783,-8.88976000047913868470314283,1976.8519,2012.761643863748179065763338,1940.942156136251820934236662,19.82136168357678080483536457,0.578183
2023-11-13,0,1946.445,1928.293525,1935.696841666666666666666667,True,True,偏多,False,2009.395,1810.288,0.03234101143366496356177544190,0.06995162976606069012995486644,-2.075785714285714285714285714,0.3925634889197183520705394688,False,46.60821525518715144322238121,4.886351374074684084172880,13.42705033968932460352169426,-8.54069896561464051934881426,1975.14175,2013.349669215131305027611182,1936.933830784868694972388818,19.66269299189272503306140996,0.578183
2023-11-14,0,1962.375,1928.685108333333333333333333,1936.088216666666666666666667,True,True,偏多,False,2009.395,1810.288,0.02396076183196381935155105421,0.07750149691063125039811452959,-2.316537593984962406015037594,0.4793674495270164535340717052,True,52.87699423549530655054334883,4.702058853292438281980623,11.68205204240994733921348001,-6.97999318911750905723285701,1974.68825,2013.274351523087299315104126,1936.102148476912700684895874,20.60514349247181610212845211,0.578183
2023-11-15,0,1960.305,1929.1085,1936.45255,True,True,偏多,False,2009.395,1810.288,0.02504202152216109227900760341,0.07652737711733633286656923285,-2.541484962406015037593984962,0.5621318323404040739660038896,True,52.02224859812698388010052464,4.338957204778799111807423,10.21343307488371769373226861,-5.87447587010491858192484561,1974.03075,2013.123324752118847870150974,1934.938175247881152129849026,20.5492761001524006662621341,0.578183
2023-11-16,0,1982.505,1929.724166666666666666666667,1936.901091666666666666666667,True,True,偏多,False,2009.395,1810.288,0.01356364801097601267083815678,0.08686838116423413812323298050,-2.441041353383458646616541353,0.5141813085127112376074789622,True,59.57034562131082350549292449,5.775969221415933105411811,9.325940304190160776068177088,-3.549971082774227670656366088,1974.51975,2013.779073768373800149351827,1935.260426231626199850648173,21.33025637871294347581483881,0.578183
2023-11-17,0,1980.398,1930.231333333333333333333333,1937.393145833333333333333333,True,True,偏多,False,2009.395,1810.288,0.01464200630378338091636125668,0.08589687527456602157748089020,-2.224825563909774436090225564,0.4291271108018229322641942843,True,58.62759696452251297021584315,6.667930553864788136236767,8.794338354125086248101895070,-2.126407800260298111865128070,1974.3949,2013.562666782904536693010350,1935.227133217095463306989650,20.86788092309059037039949318,0.578183
2023-11-19,0,1974.515,1930.701416666666666666666667,1937.850716666666666666666667,True,True,偏多,False,2009.395,1810.288,0.01766509750495691346989007427,0.08317333623699997214505840675,-2.066003007518796992481203008,0.3751234883761904443403079089,True,55.96443884780671220794362266,6.821473699756457597581256,8.399765423251360517997767256,-1.578291723494902920416511256,1973.9034,2012.805194978638196509231429,1935.001605021361803490768571,19.82396085715554820108524366,0.578183
2023-11-20,0,1981.195,1931.20175,1938.344870833333333333333333,True,True,偏多,False,2009.395,1810.288,0.01423383362061785942322689084,0.08626460292904030143423539833,-1.460606766917293233082706767,0.2155314655616213053542525293,True,58.28174437140535769228983254,7.396910937138746120314617,8.199194526028837638461137205,-0.802283588890091518146520205,1972.68075,2008.963800047508409543064200,1936.397699952491590456935800,19.81724936735872332957915483,0.578183
2023-11-21,0,1999.255,1931.810166666666666666666667,1938.948620833333333333333333,True,True,偏多,True,2009.395,1810.288,0.005071889278756336735433949146,0.09451870821881150728646420792,-0.6070654135338345864661654135,0.0383700902990707654073714441,True,63.82443956884433814110950874,9.204140556886821217951129,8.400183732200434354359135564,0.803956824686386863591993436,1972.50875,2008.249601930948708150996500,1936.767898069051291849003500,20.31887441254738594889492949,0.578183
2023-11-22,0,1990.348,1932.423358333333333333333333,1939.5133,True,True,偏多,False,2009.395,1810.288,0.009569683291565093139491184456,0.09046659177189114667384799040,0.009932330827067669172932330827,0.0000106189693158236344086786,True,59.61749337462124641557219596,9.804640793932899186550093,8.681075144546927320797327051,1.123565649385971865752765949,1972.2539,2007.404748609386374244061578,1937.103051390613625755938422,20.26131195450828695254529167,0.578183
2023-11-23,0,1994.025,1933.111108333333333333333333,1940.170341666666666666666667,True,True,偏多,False,2009.395,1810.288,0.007708027732851895036421308660,0.09214377954137987236870149572,0.5004917293233082706766917293,0.0255596927069551308588735793,True,60.76717191154640320796142567,10.456706326730448601417656,9.036201380983631576921392841,1.420504945746817024496263159,1972.7739,2008.877034683293083823561711,1936.670765316706916176438289,19.43500395775769502736348512,0.578183
2023-11-24,0,2000.505,1933.750,1940.86305,True,True,偏多,False,2009.395,1810.288,0.004443877920824991689598376410,0.09508449116598058990104998488,1.090088721804511278195488722,0.1109210140136016970964437817,True,62.77832496751748650001511713,11.365342213375475081995745,9.502029547462000277936263273,1.863312665913474804059481727,1973.5479,2011.294753129234495168358078,1935.801046870765504831641922,18.91657510363214538255180761,0.578183
2023-11-26,0,2002.298,1934.396025,1941.531383333333333333333333,True,True,偏多,False,2009.395,1810.288,0.003544427452856667688825539455,0.09589481685543310735964376931,1.679811278195488721804511278,0.2403578543615953093773675623,True,63.33833735257901155111446040,12.090748196207043121400279,10.01977327721100884662906642,2.07097491899603427477121258,1974.41855,2013.933110331477813369584012,1934.903989668522186630415988,17.75517688194413499808382135,0.578183
2023-11-27,0,2015.115,1935.149191666666666666666667,1942.266883333333333333333333,True,True,偏多,False,2018.085,1810.288,0.001473861293276066130220855882,0.1016453155278979115335849319,2.539706766917293233082706767,0.4700385326945742808397002138,True,67.14381858617282696715326080,13.543738659152493373111520,10.72456635359930575192555714,2.81917230555318762118596286,1975.5714,2018.292523521742730496393121,1932.850276478257269503606879,17.65552139037669678393497697,0.578183
2023-11-28,0,2044.315,1936.074858333333333333333333,1943.111216666666666666666667,True,True,偏多,False,2044.425,1810.288,0.00005380775467577159097301541103,0.1144769763955163465512897963,3.724551879699248120300751880,0.6818256237757438249410250330,True,73.81289958098601577181672520,16.857121629731948774046407,11.95107740882583435634972711,4.90604422090611441769667989,1978.3664,2030.385542543490660655436241,1926.347257456509339344563759,18.74776986249264701365390719,0.578183
2023-11-29,0,2043.945,1936.793691666666666666666667,1943.980008333333333333333333,True,True,偏多,False,2045.195,1810.288,0.0006115624441949269672129142418,0.1143166768186032403024543224,4.634524812030075187969924812,0.8114984914700129336907434992,True,73.60901542914178768419229358,19.231457328849961424077485,13.40715339283065976989527869,5.82430393601930165418220631,1981.7304,2041.062152124473789215817155,1922.398647875526210784182845,17.71935772945745794125005668,0.578183
2023-11-30,0,2040.005,1937.461166666666666666666667,1944.875633333333333333333333,True,True,偏多,False,2047.118,1810.288,0.003486756159911372766243219992,0.1126060965536849174389278458,5.262981203007518796992481203,0.8951751045051963349149149745,True,71.34896534417429991582123570,20.558227949767493142203515,14.83736830421802644435692595,5.72085964554946669784658905,1985.29025,2049.441281158898763254102518,1921.139218841101236745897482,17.58654646306763951687505263,0.578183
2023-12-01,0,2071.668,1938.4355,1945.911270833333333333333333,True,True,偏多,True,2075.265,1810.288,0.001736282068362305157003921478,0.1261688648953403730713608551,5.952445112781954887218045113,0.9021279473731479302554243634,True,77.36388104280484517745800927,23.889262163309519495240108,16.64774707603632505453356236,7.24151508727319444070654564,1991.3334,2063.608242072189960614432126,1919.058557927810039385567874,19.29179314427709383709826316,0.578183
2023-12-03,0,2117.915,1939.807583333333333333333333,1947.191479166666666666666667,True,True,偏多,False,2145.135,1810.288,0.01285226272064742919333401010,0.1452499274050186150057957944,7.251094736842105263157894737,0.8776822656565136945328828226,True,82.98319643961754845190588727,29.916023872912992911491113,19.30140243541165862592507249,10.61462143750133428556604051,1999.2764,2088.537192462088302927417451,1910.015607537911697072582549,23.16602220540015856301981579,0.578183
2023-12-04,0,2033.955,1940.462583333333333333333333,1948.117854166666666666666667,True,True,偏多,False,2145.135,1844.135,0.05466197629741070967646776846,0.09332556521653625571853851241,6.781318045112781954887218045,0.8300000988793964274309866687,False,55.86777478388240630341728502,27.599258558523543389619495,20.96097366003403557866395699,6.63828489848950781095553801,2004.06675,2089.908954426202848999258753,1918.224545573797151000741247,28.72130633358586152280411466,0.578183
2023-12-05,0,2018.875,1940.80825,1948.9585625,True,True,偏多,False,2145.135,1844.135,0.06253978081852516872020308340,0.08655315460343012816543867253,5.9852,0.7289093547783989135034242468,False,52.54665260380388143466274125,24.266644610685387286846922,21.62210785016430592030054999,2.64453676052108136654637201,2007.9981,2088.845810497947930448789821,1927.150389502052069551210179,28.90549873832972855688953504,0.578183
2023-12-06,0,2027.025,1941.219333333333333333333333,1949.7986875,True,True,偏多,False,2145.135,1852.888,0.05826765826765826765826765827,0.08590767257433924100590767257,5.285121804511278195488721805,0.6420636118054348697856814200,False,54.13358782572264534022013525,22.029221778496685072004058,21.70353063583078175064125159,0.32569114266590332136280641,2012.0271,2088.093312535921623866244405,1935.960887464078376133755595,28.06367739987760508854028254,0.578183
2023-12-07,0,2028.015,1941.685166666666666666666667,1950.596770833333333333333333,True,True,偏多,False,2145.135,1858.535,0.05775105213718833440581060791,0.08356940160699008636523891589,4.729539849624060150375939850,0.5612139034730333519543091052,False,54.33336855437377463320257046,20.104184268622383506847922,21.38366136238910210188258567,-1.27947709376671859503466367,2015.3091,2088.117334259319872617382834,1942.500865740680127382617166,27.4664861570292047250731195,0.578183
2023-12-08,0,2004.418,1942.043416666666666666666667,1951.291158333333333333333333,True,True,偏多,False,2145.135,1867.825,0.07020342064379785054813916059,0.06814596556207337990379252232,3.705466917293233082706766917,0.3885259543776690121383621171,False,48.86946879783657773360779086,16.484474717938843722103395,20.40382403349905042592674754,-3.91934931556020670382335254,2017.51475,2086.072845194878336117875169,1948.956654805121663882124831,28.31309428866997581613932525,0.578183
2023-12-10,0,2006.935,1942.425975,1951.920895833333333333333333,True,True,偏多,False,2145.135,1870.045,0.06886122370679668250341939325,0.06820848707108102654047091709,3.001542105263157894736842105,0.2679710519394743539544659451,False,49.45337004616362145770353964,13.661449004805713193063057,19.05534902776038297935400943,-5.39390002295466978629095243,2018.73625,2085.605479625815190783456969,1951.867020374184809216543031,26.65151612519354897212937344,0.578183
2023-12-11,0,1982.895,1942.663891666666666666666667,1952.465229166666666666666667,True,True,偏多,False,2145.135,1908.085,0.08181976352756953847783165523,0.03772766586228721137528714329,1.884183458646616541353383459,0.1064791297006756818110841625,False,44.25510514567240245029268934,9.376269896170859209421048,17.11953320144247822536741714,-7.74326330527161901594636914,2018.8611,2085.452287692967303014108436,1952.269912307032696985891564,27.03212211625115261697727534,0.578183
2023-12-12,0,1982.415,1942.807058333333333333333333,1953.0325625,True,True,偏多,False,2145.135,1908.085,0.08208170337694176042856818577,0.03749467190270452957629961436,0.6633233082706766917293233083,0.0135899227087143772797234065,False,44.15530369631382311382860979,5.873793159819667521844875,14.87038519311791608466290871,-8.99659203329824856281803371,2019.2561,2084.877060846058936688706441,1953.635139153941063311293559,26.49482767937607028719318424,0.578183
2023-12-13,0,2032.765,1943.314391666666666666666667,1953.944645833333333333333333,True,True,偏多,False,2145.135,1912.315,0.05527938546757741303101932589,0.05925426697134198985126170512,0.2553428571428571428571428571,0.0021537466403385027809107489,True,55.49341392437340876307193262,7.079273857438310301984969,13.31216292598199492812732077,-6.23288906854368462614235177,2021.8346,2085.287609877861585960084540,1958.381590122138414039915460,28.89448284513492240953652822,0.578183
2023-12-14,0,2035.445,1944.048225,1954.8624375,True,True,偏多,True,2145.135,1923.678,0.05388993561604464871318065583,0.05491035129910167064204633385,0.09325714285714285714285714286,0.0002929605909048158887474722,True,56.00542326934659343759209738,8.156852479704331735975242,12.28110083672646228969690502,-4.12424835702213055372166302,2023.6441,2086.479346732705681323682448,1960.808853267294318676317552,28.28273407048242795171249049,0.578183
2023-12-15,0,2019.485,1944.556725,1955.6460625,True,True,偏多,False,2145.135,1931.515,0.06221883301930937838112191970,0.04356061074977036224582009770,-0.4918864661654135338345864662,0.0086469300654796726751061318,False,52.15727931094035215927497808,7.634991258064270674446536,11.35187892099402396664683122,-3.71688766292975329220029522,2025.10095,2086.105147821051626381330999,1964.096752178948373618669001,28.35539592259082595516159831,0.578183
2023-12-17,0,2017.345,1945.052308333333333333333333,1956.270633333333333333333333,True,True,偏多,False,2145.135,1931.515,0.06334563498063048214360954621,0.04254601964463192959062530207,-1.093358646616541353383458647,0.0449771761981219204742503367,True,51.64487353714551317131881799,6.968404930476595817984484,10.47518412289053833691436178,-3.50677919241394251892987778,2026.26695,2085.722495966629555457168062,1966.811404033370444542831938,26.6721533566914812440786270,0.578183
2023-12-18,0,2027.535,1945.583308333333333333333333,1956.89505,True,True,偏多,False,2145.135,1931.515,0.05800146483291287203426821239,0.04735799875217937051641525300,-1.482011278195488721804511278,0.0860367427834285288878265399,True,53.96408810261544375226119797,7.179616156093356590636900,9.816070529531101987658869424,-2.636454373437745397021969424,2027.61845,2085.887152695272013409504363,1969.349747304727986590495637,26.03057097407066115521586793,0.578183
2023-12-19,0,2040.865,1946.323475,1957.431966666666666666666667,True,True,偏多,False,2145.135,1931.515,0.05109108147770675669385285161,0.05358022211170263589213397260,-1.692571428571428571428571429,0.1159083349950755491565905113,True,56.87775825538546847714456521,8.326637872390324642251905,9.518183998102946518577476539,-1.191546125712621876325571539,2029.5468,2086.881229086195669556335047,1972.212370913804330443664953,25.97838733306561392984330594,0.578183
2023-12-20,0,2032.115,1947.124725,1957.970120833333333333333333,True,True,偏多,False,2145.135,1931.515,0.05561693112840562665006655627,0.04950507230151836879310472094,-1.883753383458646616541353383,0.1454847519689553346666572108,True,54.44196719951538403813381975,8.432405452139911296454522,9.301028288910339474152885631,-0.868622836770428177698363631,2030.3968,2087.353015803369521259421929,1973.440584196630478740578071,25.27400252356092722056878409,0.578183
2023-12-21,0,2052.675,1948.099141666666666666666667,1958.518329166666666666666667,True,True,偏多,True,2145.135,1931.515,0.04504366253790785194928568819,0.05902541805205402706224804219,-1.345732330827067669172932331,0.0729039497402510083092947769,True,58.89625888148474330971486781,10.059289961036141167451393,9.452680623335499812812587105,0.606609337700641354638805895,2030.8148,2088.293770097245131484988200,1973.335829902754868515011800,25.10943091473514670481387094,0.578183
2023-12-22,0,2052.908,1949.018641666666666666666667,1959.066841666666666666666667,True,True,偏多,True,2145.135,1931.515,0.04492505265701141989801783616,0.05913221634871119407201881429,-0.8227962406015037593984962406,0.0267485459151696827547292601,True,58.94524743574239897866958304,11.237865687823373788119011,9.809717636233074607873871884,1.428148051590299180245139116,2031.26295,2089.281654885493609232473273,1973.244245114506390767526727,25.0166144208254933687557373,0.578183
2023-12-25,0,2054.775,1949.943558333333333333333333,1959.3459125,True,True,偏多,False,2145.135,1931.515,0.04397561776836879950359528416,0.05998710321081383606477594870,-0.3488774436090225563909774436,0.0046796493784566912913151399,True,59.36317986200941489961549967,12.182118856242734117267498,10.28419788023500650975259711,1.89792097600772760751490089,2032.00145,2090.816985354105211102895685,1973.185914645894788897104315,23.56971339076652955670175606,0.578183
2023-12-26,0,2066.048,1951.02225,1959.717383333333333333333333,True,True,偏多,False,2145.135,1931.515,0.03827936233814509633851682052,0.06511610572455238213245771637,0.7638157894736842105263157895,0.0229833791574688169015337740,True,61.88611301389475598467209113,13.682361437126931137343748,10.96383059161339143527082729,2.71853084551353970207292071,2031.72045,2089.824648046182515055686470,1973.616251953817484944313530,22.99780529142606315979448777,0.578183
2023-12-27,0,2079.435,1952.305808333333333333333333,1960.146175,True,True,偏多,False,2145.135,1931.515,0.03159512079002228970850254997,0.07113470726423283247612933321,2.806418796992481203007518797,0.4494333817220496834289705254,True,64.68971099579370245916139305,15.769749653635895399371080,11.92501440401789222809087783,3.84473524961800317128020217,2029.79645,2078.074046180733771078155010,1981.518853819266228921844990,22.99510491346705864838059579,0.578183
2023-12-28,0,2066.655,1953.556808333333333333333333,1960.661258333333333333333333,True,True,偏多,False,2145.135,1931.515,0.03797440792004470992981411992,0.06539069172164681574815341700,3.398630827067669172932330827,0.5935365829495291336657249824,True,60.14151535885243946821899604,16.205968345731113605809918,12.78120519236053650363468586,3.42476315337057710217523214,2031.43145,2082.306642648185618443026260,1980.556257351814381556973740,23.06024027679084017349626752,0.578183
2023-12-29,1,2062.688,1954.809916666666666666666667,1961.0493125,True,True,偏多,False,2145.135,1931.515,0.03997065964411486371181681379,0.06359323368342667432011045781,3.646893233082706766917293233,0.6472408274860291325148842184,False,58.76047846796631510810386339,16.046595886880004068338240,13.43428333126443001657539669,2.61231255561557405176284331,2033.6221,2085.899733205415870280549238,1981.344466794584129719450762,22.59450882844863730396081984,3.697619
2024-01-01,0,2063.615,1956.061891666666666666666667,1961.351020833333333333333333,True,True,偏多,False,2145.135,1931.515,0.03950349265730283991926788669,0.06401387855777361571804818244,3.971198496240601503759398496,0.7255725171700922707060385826,False,58.99742169385821152119424171,15.812812953171812788913554,13.90998925564590657104302815,1.90282369752590621787052585,2035.4516,2089.217510361120083986231098,1981.685689638879916013768902,21.27990105498802035367790414,0.578183
2024-01-02,1,2059.455,1957.277641666666666666666667,1961.690466666666666666666667,True,True,偏多,False,2145.135,1931.515,0.04160323969205445129900871833,0.06212323163166954364140027337,4.196684210526315789473684211,0.7847134507131264375523906563,False,57.40349874918668492987845218,15.117594837552326028237079,14.15151037202719046248183832,0.96608446552513556575524068,2037.0236,2091.659306450635375672895654,1982.387893549364624327104346,21.40326526534601889984376813,3.697619
2024-01-03,0,2042.895,1958.405891666666666666666667,1961.970591666666666666666667,True,True,偏多,False,2145.135,1931.515,0.05004662501009596675306366700,0.05452066797363545360872683129,3.765736090225563909774436090,0.6822300415930847110047311186,False,51.44509474954171070250668133,13.079602355656120434792694,13.93712876875297645694400946,-0.85752641309685602215131546,2038.94745,2091.526202946318534761734462,1986.368697053681465238265538,22.39731774639273183556921326,0.578183
2024-01-04,1,2044.098,1959.5955,1962.3291875,True,True,偏多,False,2145.135,1931.515,0.04942864774585171552440245037,0.05507710491375658114239141176,3.333855639097744360902255639,0.5794613091043374170003010272,False,51.83620773544298684748917206,11.429795113650191603065126,13.43566203773241948616823277,-2.00586692408222788310310677,2040.8056,2091.313625280741277462188782,1990.297574719258722537811218,21.84750933593610813302855517,3.697619
2024-01-05,0,2045.355,1960.86375,1962.635520833333333333333333,True,True,偏多,False,2145.135,1931.515,0.04878370747376372316786083589,0.05565781979167430592733290798,2.484469172932330827067669173,0.4448506520433391192971177975,False,52.26884645924697397636860457,10.107230521039846317773554,12.76997573439390485248929702,-2.66274521335405853471574302,2043.9286,2086.887417387819232191568999,2000.969782612180767808431001,23.11433009765495755209794409,0.578183
2024-01-07,0,2044.195,1962.13875,1962.973229166666666666666667,True,True,偏多,False,2145.135,1931.515,0.04937885084348606664237022398,0.05512194286748573399308774359,1.517007518796992481203007519,0.2913546778943716803542077660,False,51.80636404632833221244034869,8.863315463911628828524903,11.98864368029744964769641822,-3.12532821638582081917151522,2047.0176,2079.429355647604157513359816,2014.605844352395842486640184,21.66044937639388915551951951,0.578183
2024-01-08,1,2030.665,1963.317141666666666666666667,1963.1910625,True,True,偏多,False,2145.135,1931.515,0.05637069629899564920851051257,0.04882636968677748422314857448,1.058357894736842105263157895,0.1401031402183049638955108129,False,46.62444662652262247241023920,6.708415456601354398731516,10.93259803555823059790343778,-4.22418257895687619917192178,2046.9126,2079.521371644451742518630211,2014.303828355548257481369789,22.25048870665146850155383954,3.697619
2024-01-09,0,2030.665,1964.489725,1963.44905,True,True,偏多,False,2145.135,1931.515,0.05637069629899564920851051257,0.04882636968677748422314857448,0.6451819548872180451127819549,0.0508100094114114051195930223,False,46.62444662652262247241023920,4.943654306069357573124373,9.734809289660455992947624824,-4.791154983591098419823251824,2046.6736,2079.682678074978101393475521,2013.664521925021898606524479,21.79566808474779218001427957,0.578183
2024-01-10,0,2026.695,1965.590058333333333333333333,1963.739466666666666666666667,True,True,偏多,False,2145.135,1931.515,0.05843997246749017489064708799,0.04696315923214889265528360212,-0.06952030075187969924812030075,0.0006295378360339444605994787,False,45.08966544844827502264620166,3.187973583503612395533313,8.425442148429087273464762459,-5.237468564925474877931449459,2047.0341,2078.988196638146414668860503,2015.080003361853585331139497,21.64883465012294988144183103,0.578183
2024-01-11,0,2035.125,1966.728808333333333333333333,1963.948954166666666666666667,True,True,偏多,True,2145.135,1931.515,0.05405564768748848350838400590,0.05091087771021436029727903691,-0.7084255639097744360902255639,0.0767239434924989617446195902,False,48.93371345964535606676068484,2.448588703048927570975835,7.230071459353055332966976967,-4.781482756304127761991141967,2047.9231,2077.418520131945908595135740,2018.427679868054091404864260,22.29098931797131060419598596,0.578183
2024-01-12,1,2048.675,1967.819391666666666666666667,1964.061120833333333333333333,True,True,偏多,False,2145.135,1937.978,0.04708409093682502105019097709,0.05403346065139663441004551722,-1.019601503759398496240601504,0.1766991080215726016349422174,True,54.45309014741493701101341536,2.922306090692135442664696,6.368518385620871354906520774,-3.446212294928735912241824774,2048.9801,2076.953104113966737126473489,2021.007095886033262873526511,22.99663293811621698961055839,3.697619
2024-01-14,0,2047.505,1968.916891666666666666666667,1964.1750375,True,True,偏多,False,2145.135,1955.325,0.04768242324194568511432206515,0.04502064708022691031279532895,-1.168807518796992481203007519,0.2361755693068973058655850710,True,53.91125589458041874965012993,3.166816225276504738800816,5.728177953551998031685379819,-2.561361728275493292884563819,2049.3121,2077.048579184640576871849116,2021.575620815359423128150884,21.52830201396505863320980422,0.578183
2024-01-15,0,2053.895,1970.0762,1964.372616666666666666666667,True,True,偏多,False,2145.135,1956.365,0.04442291353744957751004798200,0.04748538751980992212357496367,-1.374870676691729323308270677,0.3542817619629863223563726719,True,56.45947776726923496438088435,3.832038510489027637610587,5.348950064939403952870421255,-1.516911554450376315259834255,2050.4011,2077.039815028319215082221910,2023.762384971680784917778090,20.90699472725326873083767535,0.578183
2024-01-16,1,2028.045,1971.019033333333333333333333,1964.467145833333333333333333,True,True,偏多,False,2145.135,1965.355,0.05773540527946865084354637101,0.03091154288982739534872253821,-1.658339849624060150375939850,0.4557898681885894882742077040,False,45.49983172299801177872217130,2.247445844937710505480230,4.728649220939065263392383004,-2.481203376001354757912153004,2049.1696,2077.497672411655544905062942,2020.841527588344455094937058,21.5757808181637495357778414,3.697619
2024-01-17,0,2009.465,1971.75495,1964.538770833333333333333333,True,True,偏多,False,2145.135,1965.355,0.06751548297681223609269133824,0.02195111634191190192414398857,-2.166521052631578947368421053,0.5695426251049715714451140722,False,39.55629293192571631356672501,-0.501821295821158592405152,3.682555117587020492232876003,-4.184376413408179084638028003,2046.99745,2080.104891299351419374102754,2013.890008700648580625897246,22.25322504543776742607942416,0.578183
2024-01-18,0,2023.675,1972.484533333333333333333333,1964.6181875,True,True,偏多,False,2145.135,1965.355,0.06001951894449454581392763166,0.02881885678283321185467033985,-2.376895488721804511278195489,0.6351014054157923519350227062,True,45.42768082775954686707165925,-1.516525508144247958641219,2.642738992440766802058057002,-4.159264500585014760699276002,2045.44245,2079.838959232624173370123026,2011.045940767375826629876974,22.01013754219221260993089386,0.578183
2024-01-19,0,2029.375,1973.194783333333333333333333,1964.665270833333333333333333,True,True,偏多,False,2145.135,1972.935,0.05704219279334770557437634740,0.02781151832460732984293193717,-2.281079699248120300751879699,0.6089853347775581949155421709,True,47.62541779694016638097727083,-1.839538489216249622118009,1.746283496109363517222843802,-3.585821985325613139340852802,2043.6088,2077.319119040910900284365423,2009.898480959089099715634577,21.79177057489276885207868716,0.578183
2024-01-21,0,2027.535,1973.925866666666666666666667,1964.6146875,True,True,偏多,False,2145.135,1972.935,0.05800146483291287203426821239,0.02692925152956669058733881289,-1.945028571428571428571428571,0.5563314951492066935454683108,True,46.96786329239721517151612909,-2.218428562828601357068566,0.9533410843217705423645618416,-3.171769647150371899433127842,2041.0138,2071.087369755517883979662124,2010.940230244482116020337876,20.44000124811471393407306665,0.578183
2024-01-22,0,2020.635,1974.604175,1964.686091666666666666666667,True,True,偏多,False,2145.135,1972.935,0.06161429451632778804682686383,0.02360644054962920072155535265,-1.831293233082706766917293233,0.5342958820527437063169815243,False,44.48732896719418554381489163,-3.040425873347354410296853,0.1545876927879455518322788732,-3.195013566135299962129131873,2038.7128,2067.605810646867522310109064,2009.819789353132477689890936,20.0912154446779486530678476,0.578183
2024-01-23,0,2029.255,1975.3444,1964.796466666666666666666667,True,True,偏多,False,2145.135,1972.935,0.05710470098632256665623590924,0.02775402795607254879253716265,-1.587848872180451127819548872,0.4615307700000409331386598576,True,48.17004417283954342060172850,-2.962156804684299344760076,-0.4687612067065034274861921014,-2.493395597977795917273883899,2037.04115,2063.995859468105939872636523,2010.086440531894060127363477,19.96277148434380946356300134,0.578183
2024-01-24,0,2016.265,1976.00065,1964.889633333333333333333333,True,True,偏多,False,2145.135,1972.935,0.06391520955826739044718824162,0.02149023069884167011776725778,-1.465063909774436090225563910,0.4397085577653033969387533805,False,43.48803399035595405993237004,-3.903317428327953645610065,-1.155672451030793471110966681,-2.747644977297160174499098319,2034.67365,2060.153679798059499129711270,2009.193620201940500870288730,20.35614494974782307330850124,0.578183
2024-01-25,1,2020.565,1976.784316666666666666666667,1964.951954166666666666666667,True,True,偏多,False,2145.135,1972.935,0.06165107284348684650085495889,0.02357261459047345668167072081,-1.275331578947368421052631579,0.3925284431465968633854764982,False,45.38057972554473497708269975,-4.253191792398304409573902,-1.775176319304295658803553745,-2.478015473094008750770348255,2032.72915,2056.204569845233865380202858,2009.253730154766134619797142,20.02499173905154999664360829,3.697619
2024-01-26,1,2017.915,1977.624816666666666666666667,1965.053120833333333333333333,True,True,偏多,False,2145.135,1972.935,0.06304527197627253873428761866,0.02229033433023690294189794912,-1.326448872180451127819548872,0.4119310384378200687273264460,False,44.39386629736952694054396382,-4.690236473166832165846721,-2.358188350076802960212187196,-2.332048123090029205634533804,2031.48015,2055.314541951757443564590524,2007.645758048242556435409476,19.37106375769072499688335056,3.697619
2024-01-28,0,2021.775,1978.471875,1965.122204166666666666666667,True,True,偏多,False,2145.135,1972.935,0.06101569165708350335719850132,0.02415699076306710687391030159,-1.265864661654135338345864662,0.3874285536186963525868285129,True,46.22788692632868556046081780,-4.671280180627452690951104,-2.820806716186932906359970557,-1.850473464440519784591133443,2030.364,2053.818019612851013389509819,2006.909980387148986610490181,18.73520206071281606853453981,0.578183
2024-01-29,0,2031.035,1979.411683333333333333333333,1965.325483333333333333333333,True,True,偏多,False,2145.135,1972.935,0.05617825394441750142168894184,0.02860610476924326759509314217,-1.019578947368421052631578947,0.2747680005364938674873912215,True,50.45003297412065365706987882,-3.864504963616514895053386,-3.029546365672849304098653646,-0.834958597943665590954732354,2029.648,2052.079773090863771484843731,2007.216226909136228515156269,18.70197334209047206363921554,0.578183
2024-01-30,1,2036.335,1980.391266666666666666666667,1965.541025,True,True,偏多,False,2145.135,1972.935,0.05342932277842300014486810864,0.03113436639845604971677057066,-0.6943609022556390977443609023,0.1366710003847258078801273361,True,52.73743751785820018231829781,-2.765584152982685967839465,-2.976753923134816636846815917,0.211169770152130669007350917,2029.255,2050.915720209632919774920662,2007.594279790367080225079338,18.7599038176554383448078430,3.697619
2024-01-31,1,2039.825,1981.376933333333333333333333,1965.728066666666666666666667,True,True,偏多,False,2145.135,1972.935,0.05162697780446852058387361661,0.03279202872795460394886816271,-0.5210977443609022556390977444,0.0736601283105545588505882918,True,54.23560903963481736604501598,-1.594685122964926142041214,-2.700340163100838537885695534,1.105655040135912395844481534,2029.713,2051.855608337772675330512553,2007.570391662227324669487447,19.19691068782290703446442564,3.697619
2024-02-01,1,2054.745,1982.55985,1965.95565,True,True,偏多,False,2120.865,1972.935,0.03217917551812998693268507771,0.03981515954534504281553185432,-0.1484661654135338345864661654,0.0048087955808295453727063957,True,60.06386228021249920992287332,0.531058391983061483778398,-2.054060452084058533552876827,2.585118844067120017331274827,2030.917,2055.607799582030550352794141,2006.226200417969449647205859,20.35734563869269938914553809,3.697619
2024-02-02,1,2039.275,1983.644183333333333333333333,1966.154358333333333333333333,True,True,偏多,False,2088.355,1972.935,0.02406737688639344865209449437,0.03253116916551225312917581003,-0.09572932330827067669172932331,0.0019707456081886803339554618,True,52.58585565401246685511196511,0.956400936264441401628197,-1.451968174414358546516662062,2.408369110678799948144859062,2031.546,2056.414839860355368012729519,2006.677160139644631987270481,21.0396780930717922899208568,3.697619
2024-02-04,0,2039.115,1984.722266666666666666666667,1966.372233333333333333333333,True,True,偏多,False,2088.355,1972.935,0.02414773075574452642445374587,0.03245525632443486512531171611,0.06890977443609022556390977444,0.0010069547366664455565965470,True,52.51303508591848237795672165,1.265983830658520352631565,-0.9083777733997827666870166496,2.174361604058303119318581650,2031.7455,2056.789383464830289774409218,2006.701616535169710225590782,19.76398680070952141206936703,0.578183
2024-02-05,0,2025.005,1985.574491666666666666666667,1966.519970833333333333333333,True,True,偏多,False,2088.355,1972.935,0.03128387337315216505638257683,0.02571351675674874876852155921,0.2399248120300751879699248120,0.0133528992679906793704729303,False,46.40947172806518048356868527,0.368523319649225851535838,-0.6529975547899810430424457196,1.021520874439206894578283720,2030.562,2054.506909354599778897865029,2006.617090645400221102134971,20.13155917208741273977869796,0.578183
2024-02-06,0,2035.175,1986.507825,1966.72175,True,True,偏多,False,2088.355,1972.935,0.02613043104401341407987028143,0.03058213667129362339847924626,0.5733458646616541353383458647,0.0842916237660121154478437361,False,50.84422541831578096652773566,0.472467097979274594534504,-0.4279046242361299155270557756,0.9003717222154045100615597756,2029.9455,2052.720075715038030099806813,2007.170924284961969900193187,19.83573351693831182979450525,0.578183
2024-02-07,1,2036.395,1987.360658333333333333333333,1966.951166666666666666666667,True,True,偏多,False,2088.355,1972.935,0.02551567844155971704900080780,0.03116291289263625180772885418,1.043631578947368421052631579,0.3539865603771303258021343026,False,51.36417509563952582030214868,0.645842228032967773869248,-0.2131552537823103776477950204,0.8589974818152781515170430204,2029.0705,2049.299743658624511214130782,2008.841256341375488785869218,19.41603826572843241338061201,3.697619
2024-02-08,1,2034.185,1988.217908333333333333333333,1967.027833333333333333333333,True,True,偏多,False,2088.355,1972.935,0.02662982963693076096815186426,0.03011033903012754493814476068,1.100503759398496240601503759,0.3892013409583822517691245485,False,50.32570554332231495028756648,0.598021122200015503845253,-0.0509199785858452013491854163,0.6489411007858607051944384163,2029.3775,2049.721211436215369204668501,2009.033788563784630795331499,19.35346410389068724099628258,3.697619
2024-02-09,1,2024.155,1989.0083,1966.912666666666666666666667,True,True,偏多,False,2088.355,1972.935,0.03171693867317473217219037080,0.02530438627476650750560110268,0.7114887218045112781954887218,0.1992729397500326589937668913,False,45.79994331929192869074692989,-0.246374571796742149351271,-0.09001089722802459094960253304,-0.1563636745687175584016684670,2030.112,2048.493022931273438787293280,2011.730977068726561212706720,19.17557381075563815235369096,3.697619
2024-02-11,0,2025.345,1989.875383333333333333333333,1966.810958333333333333333333,True,True,偏多,False,2088.355,1972.935,0.03111074903288081783597362425,0.02587707279500529539411803915,0.5417518796992481203007518797,0.1168386272092151150148686413,False,46.41564533774890674692846587,-0.810201687357771739185000,-0.2340490552539740205966820264,-0.5761526321037977185883179736,2030.1955,2048.473683142752454651037707,2011.917316857247545348962293,18.05688996713023542718557018,0.578183
2024-02-12,0,2018.845,1990.658941666666666666666667,1966.821570833333333333333333,True,True,偏多,False,2088.355,2001.755,0.03443057787992639355671188229,0.008465236310860913046816372728,0.3666466165413533834586466165,0.0498560875914856581883708680,False,43.50831625955663920470112625,-1.761232029323162195730686,-0.5394856500678116556234828212,-1.221746379255350540107203179,2029.669,2048.606140650055910697901398,2010.731859349944089302098602,17.88925496947807575381517231,0.578183
2024-02-13,0,1991.435,1991.215358333333333333333333,1966.719320833333333333333333,True,True,偏多,False,2088.355,1989.985,0.04866842251943949965728231150,0.0007281181660460923906630143590,-0.2132481203007518796992481203,0.0094941317764745819446114574,False,33.87303714856082670108366480,-4.672822957879258283386357,-1.366153111630100981176057657,-3.306669846249157302210299343,2027.864,2053.103654435035357670597180,2002.624345564964642329402820,19.67287961451535605711408857,0.578183
2024-02-14,0,1993.645,1991.861025,1966.604570833333333333333333,True,True,偏多,False,2088.355,1984.088,0.04750595015662266852925169727,0.004793732083695943861620298498,-0.8162330827067669172932330827,0.1038199091077257829760225989,False,35.12061221791158546770730997,-6.724436101814897573904204,-2.437809709667060299721686926,-4.286626392147837274182517074,2026.5145,2055.729082985214764143328638,1997.299917014785235856671362,19.12031678490711633874879653,0.578183
2024-02-15,0,2003.345,1992.710025,1966.467658333333333333333333,True,True,偏多,False,2088.355,1984.088,0.04243402908635307448292730408,0.009612423222160935834816269789,-1.103954887218045112781954887,0.1701471684025086256876041045,False,40.43264303323624447153408556,-7.481404392911881091273979,-3.446528646316024458032145341,-4.034875746595856633241833659,2025.219,2056.083893584783343620022286,1994.354106415216656379977714,19.04029415741375088598102535,0.578183
2024-02-16,0,2013.055,1993.839608333333333333333333,1966.391145833333333333333333,True,True,偏多,False,2088.355,1984.088,0.03740583342233570369413652384,0.01438957206832401499213881389,-1.419105263157894736842105263,0.2772428864383801836331665308,True,45.26389728480585484414123963,-7.214625653538727082475096,-4.200148047760564982920735473,-3.014477605778162099554360527,2025.0585,2056.140590840225018556054599,1993.976409159774981443945401,19.11670171759848296555380926,0.578183
2024-02-18,0,2013.695,1995.065025,1966.380608333333333333333333,True,True,偏多,False,2088.355,1984.088,0.03707612125967437968510623506,0.01470282242345538922230029870,-1.652390977443609022556390977,0.3677722062853232191780436805,True,45.57720983662128840078917438,-6.872338884473848846721270,-4.734586215103221755680842378,-2.137752669370627091040427622,2024.715,2056.138111239977495264724135,1993.291888760022504735275865,18.2019373091985913251571086,0.578183
2024-02-19,0,2016.085,1996.464916666666666666666667,1966.406804166666666666666667,True,True,偏多,False,2088.355,1984.088,0.03584670289199116108695813917,0.01587085861955225102116230218,-1.883045112781954887218045113,0.4749113548174194353638239109,True,46.80183501500433105025287123,-6.335192967007361923019881,-5.054707565484049789148650102,-1.280485401523312133871230898,2024.6235,2056.135812054179712314738423,1993.111187945820287685261577,17.59537035854154908764588656,0.578183
2024-02-20,0,2024.095,1997.930,1966.4676,True,True,偏多,False,2088.355,1984.088,0.03174752173193451888374804542,0.01976537662510899933056501795,-1.935571428571428571428571429,0.5025958702804757712774880819,True,50.79783852672298419521947416,-5.203181858257181433817712,-5.084402424038676118082462482,-0.118779434218505315735249518,2024.7395,2056.226085381714543738134941,1993.252914618285456261865059,17.46855819007429558138546609,0.578183
2024-02-21,1,2025.658,1999.603441666666666666666667,1966.5147375,True,True,偏多,False,2088.355,1984.088,0.03095142417920497932029987293,0.02052172676730227906191469636,-1.823047368421052631578947368,0.4495064118560712615499834023,True,51.56241830376514195223919976,-4.132299287489864168102990,-4.893981796728913728086567986,0.761682509239049559983577986,2024.47065,2055.829189540450540567486470,1993.112110459549459432513530,17.09794689078327446842936137,3.697619
2024-02-22,1,2024.615,2001.281441666666666666666667,1966.660529166666666666666667,True,True,偏多,False,2088.355,1984.088,0.03148252877707613546279169126,0.02001713906100666052558140684,-1.633653383458646616541353383,0.3721326305154614399589115978,True,50.99296397993271524249593011,-3.329399275777694069117348,-4.581065292538669796292723989,1.251666016760975727175375989,2023.88465,2054.768885870586146007498039,1993.000414129413853992501961,16.95902211287018343497012127,3.697619
2024-02-23,1,2035.215,2003.054691666666666666666667,1966.879654166666666666666667,True,True,偏多,False,2088.355,1984.088,0.02611026353481081851303179271,0.02512117884351284753699240621,-1.220101503759398496240601504,0.2132411669201565757315138453,True,56.27782548481938651303225822,-1.816820642376105597614439,-4.028216362506156956557066991,2.211395720130051358942627991,2023.65415,2054.125118460323016126411226,1993.183181539676983873588774,17.55694910480802747532939832,3.697619
2024-02-25,0,2033.935,2004.828,1967.194820833333333333333333,True,True,偏多,False,2088.355,1984.088,0.02675601727685496340836850735,0.02450766617418944066550799313,-0.5823240601503759398496240602,0.0599771980214404847058714828,True,55.49951452548402157087163102,-0.713155665866301460709146,-3.365204223178185857387482793,2.652048557311884396678336793,2022.61365,2050.035545312140625266201152,1995.191754687859374733798848,16.48695274017888265566301273,0.578183
2024-02-26,0,2031.205,2006.482225,1967.418808333333333333333333,True,True,偏多,False,2078.825,1984.088,0.02344421168715122304247971032,0.02319657543182495119891886836,-0.1965165413533834586466165414,0.0072286045372346277354263264,True,53.79083168789792575528279097,-0.058111531382935809735379,-2.703785684819135847857062034,2.645674153436200038121683034,2022.21015,2048.866316935814308859188139,1995.553983064185691140811861,16.16574183016610532311565468,0.578183
2024-02-27,0,2030.025,2008.000225,1967.62435,True,True,偏多,False,2078.825,1984.088,0.02403911281880765015209172301,0.02262878535978620952943929262,0.1820428571428571428571428571,0.0066300685084469725330633002,True,53.03084693420449421753120288,0.361630870635461048545895,-2.090702373728216468576470627,2.452333244363677517122365627,2021.75565,2047.539065989934305056759775,1995.972234010065694943240225,15.77176027086852637146453649,0.578183
2024-02-28,0,2034.518,2009.434391666666666666666667,1967.894654166666666666666667,True,True,偏多,False,2078.825,1984.088,0.02177763971613915433532659824,0.02478719775396432963483242714,0.4156676691729323308270676692,0.0330955652988801408226450832,True,55.60295818600491581214104085,1.044783682807874985392524,-1.463605162420998177782671702,2.508388845228873163175195702,2022.2313,2048.581697128696182137925525,1995.880902871303817862074475,15.60592025152077448778849817,0.578183
2024-02-29,0,2044.185,2010.973475,1968.183154166666666666666667,True,True,偏多,False,2065.835,1984.088,0.01059101793624353960135702003,0.02939900253646318704031190915,0.9336661654135338345864661654,0.1532758558696194105936221237,True,60.60204504580499873280113448,2.339267695959391602746521,-0.7030305907449202216768331616,3.042298286704311824423354162,2022.6818,2050.184831517270964288095183,1995.178768482729035711904817,16.10478309069786202437503401,0.578183
2024-03-01,0,2082.395,2012.700141666666666666666667,1968.694320833333333333333333,True,True,偏多,True,2088.215,1984.088,0.002794858804405504239109294826,0.04720862276369276722235694957,2.003236090225563909774436090,0.3783177643397444207833408109,True,73.36714810162521741033245737,6.374897419129846028277470,0.7125550112300330283140274704,5.662342407899812999963442530,2024.9818,2062.542146412673033279578516,1987.421453587326966720421484,18.47587001279087187977681729,0.578183
2024-03-03,0,2083.445,2014.474641666666666666666667,1969.290070833333333333333333,True,True,偏多,False,2088.215,1984.088,0.002289477284017576657891137035,0.04768880388011202599540664620,2.983738345864661654135338346,0.5766994978697632561587220852,True,73.62009007303843726525069230,9.547827858432853386989439,2.479609580670597100049109776,7.068218277762256286940329224,2027.4448,2072.756647451190952295839150,1982.132952548809047704160850,17.46402215473438103122133034,0.578183
2024-03-04,0,2114.475,2015.989116666666666666666667,1969.992933333333333333333333,True,True,偏多,True,2119.805,1984.088,0.002520720273353905815864458081,0.06166400643185660743210489601,4.175082706766917293233082707,0.6653798143794686233765518159,True,79.74297447608346145136426980,14.400262500525718373023154,4.863740164641621354643918620,9.536522335884097018379235380,2031.9608,2090.988531457680126570754530,1972.933068542319873429245470,19.10923485796763952899123531,0.578183
2024-03-05,0,2127.945,2017.67395,1970.760975,True,True,偏多,True,2141.748,1984.088,0.006486539830681714048060452690,0.06760372096083310423906632925,5.441825563909774436090225564,0.7555549551529927117591871867,True,81.72582936010679843856844568,19.112451892472826628485201,7.713482510207862409412175096,11.39896938226496421907302590,2037.0908,2109.290834965642502796706140,1964.890765034357497203293860,19.98521808239852241977757564,0.578183
2024-03-06,0,2147.275,2019.573283333333333333333333,1971.619045833333333333333333,True,True,偏多,True,2152.085,1984.088,0.002240048433479642803087634327,0.07599725233144334097868228336,6.727793984962406015037593985,0.8124788873850680201864460291,True,84.12700091037362197224983179,24.128526750636825100673584,10.99649135829365494766445688,13.13203539234317015300912712,2043.5123,2129.590358426291191526857054,1957.434241573708808473142946,20.59127393365577081836489166,0.578183
2024-03-07,0,2161.865,2021.550925,1972.466908333333333333333333,True,True,偏多,True,2164.635,1984.088,0.001281301098819769042007710935,0.08223316442053504728556130933,7.596273684210526315789473684,0.8183539011424132663909740625,True,85.65872772588133381495168245,28.947405608165464073463074,14.58667420826801677282418030,14.36073139989744730063889370,2052.0338,2148.874037390456659288966823,1955.193562609543340711033177,20.59096865268035861705311369,0.578183
2024-03-08,0,2178.965,2023.452758333333333333333333,1973.353241666666666666666667,True,True,偏多,True,2195.085,1984.088,0.007398007769743892168988487654,0.08943558065411789542282689258,8.487648120300751879699248120,0.8277580641403568708966804384,True,87.21584030471420229578346931,33.757098096449549148173209,18.42075898590432324789398604,15.33633911054522590027922296,2061.2998,2168.887215934392624485449452,1953.712384065607375514550548,22.06232803463176157297789129,0.578183
2024-03-10,0,2181.545,2025.157008333333333333333333,1974.20595,True,True,偏多,False,2195.085,1984.088,0.006206610452683763112839753477,0.09051245791400131558138841968,9.290360902255639097744360902,0.8517389731818837227767401485,True,87.43746487170111600524324537,37.346491378194065384505387,22.20590546436227167521626623,15.14058591383179370928912077,2070.2098,2186.302562579930020373195925,1954.117037420069979626804075,20.96716174644377860347947049,0.578183
2024-03-11,0,2183.555,2026.8479,1975.188520833333333333333333,True,True,偏多,False,2195.085,1984.088,0.005280379930892512439576745262,0.09134965686689824620859103618,10.00713383458646616541353383,0.8818813226441134289396063813,True,87.61756450236121340252576276,39.893434930806503286081818,25.74341135765111799738937658,14.15002357315538528869244142,2078.7348,2201.628736642293300734786930,1955.840863357706699265213070,20.48593590741208013180236546,0.578183
2024-03-12,0,2156.885,2028.393233333333333333333333,1976.053645833333333333333333,True,True,偏多,False,2195.085,1984.088,0.01771072634841449590497407140,0.08011414609494711122753415226,10.09662105263157894736842105,0.8877070944223732792436365301,False,72.72040511825582712268381463,39.306756119539250892318830,28.45608031002874457637526726,10.85067580951050631594356274,2085.8943,2209.479661340411187066566176,1962.308938659588812933433824,21.44908334259693155095933936,0.578183
2024-03-13,0,2175.345,2030.07565,1976.9459375,True,True,偏多,True,2195.085,1984.088,0.009074422677782144901153610117,0.08792030689384902164943951419,10.27223609022556390977443609,0.8970096633243589751781229748,False,75.78886720412803990267771662,39.871759830147081627777243,30.73921621405241198665566241,9.13254361609466964112158059,2093.8573,2218.938561324148790340895115,1968.776038675851209659104885,21.57343453241143644017652941,0.578183
2024-03-14,0,2161.555,2031.649233333333333333333333,1977.772020833333333333333333,True,True,偏多,False,2195.085,1984.088,0.01551198095815281128631933955,0.08210154263944243842974155180,10.13783609022556390977443609,0.8876310075431599178668655968,False,69.49983429951068609110410452,38.759990545521911045839792,32.34337108034631179849248833,6.41661946517559924734730367,2100.7303,2224.825462819668357933824136,1976.635137180331642066175864,21.75983206581061955159249159,0.578183
2024-03-15,0,2155.625,2033.08865,1978.652104166666666666666667,True,True,偏多,False,2195.085,1984.088,0.01830559582487677587706581618,0.07957645694404175123224122934,9.736693984962406015037593985,0.8573810801520043490608527894,False,66.92789492558462561417267835,36.974188507191399495366407,33.26953456571532933786727206,3.70465394147607015749913494,2107.22865,2228.497816718131612632212656,1985.959483281868387367787344,21.45555834682414672647874219,0.578183
2024-03-17,0,2156.428,2034.522675,1979.448575,True,True,偏多,False,2195.085,1984.088,0.01792640422031247971181973152,0.07991919971360045408425414621,9.135115789473684210526315789,0.8130119950653477447018094034,False,67.10541476975166472310762038,35.217754562548504126814707,33.65917856508196429565675905,1.55857599746653983115794795,2113.8193,2230.659260208996990226290124,1996.979339791003009773709876,20.30394703633670767458740346,0.578183
2024-03-18,0,2162.035,2035.8259,1980.2870625,True,True,偏多,False,2195.085,1984.088,0.01528652403869502575120199257,0.08230532808210782896669110352,8.582790977443609022556390977,0.7702340924390667146659272014,False,68.38163089601073483345092201,33.887571220591266967672325,33.70485709618382483005987224,0.18271412440744213761245276,2120.1603,2232.943129930978412207053239,2007.377470069021587792946761,20.10152224802694284068830321,0.578183
2024-03-19,0,2156.965,2037.111483333333333333333333,1981.108145833333333333333333,True,True,偏多,False,2195.085,1984.088,0.01767298032188746688054743586,0.08014826388003514197031477099,7.747120300751879699248120301,0.7031345669894770364878510235,False,65.89222301786047214467964172,32.054777192327434242216928,33.37484111541254671249128339,-1.32006392308511247027435539,2126.3118,2232.860191046697650262120474,2019.763408953302349737879526,19.78712780173930406635342441,0.578183
2024-03-20,0,2203.855,2038.848233333333333333333333,1982.1248125,True,True,偏多,False,2222.875,1984.088,0.008630331850325906196188043224,0.09971935540223835052669073056,7.353193984962406015037593985,0.6882879692654933821673723999,False,74.96838797993692461194743199,33.994043669416141545723760,33.49868162621326567913777871,0.49536204320287586658598129,2134.9443,2237.159799321971714369531254,2032.728800678028285630468746,23.61661867304363949018532266,0.578183
2024-03-21,0,2181.735,2040.49915,1983.116229166666666666666667,True,True,偏多,False,2222.875,1984.088,0.01885655223938745998024508018,0.09059166214045243808253522999,6.365012030075187969924812030,0.6373561031299067740725142762,False,66.04049710974535079620056439,33.361457078309959045101206,33.47123671663260435233046417,-0.10977963832264530722925817,2142.5298,2234.476040159345286847015602,2050.583559840654713152984398,25.21621733925480809802922819,0.578183
2024-03-22,0,2165.055,2041.9994,1984.032354166666666666666667,True,True,偏多,False,2222.875,1984.088,0.02670601901568320435277625742,0.08358540545159360847645902760,4.981351127819548872180451128,0.5453253743552742740993794680,False,60.21698094344024340218916761,31.155054967576511683700616,33.00800036682138581860449454,-1.85294539924487413490387854,2149.05665,2226.850474529393077011762335,2071.262825470606922988237665,25.48148752930803609102714046,0.578183
2024-03-24,0,2168.275,2043.52765,1984.907979166666666666666667,True,True,偏多,False,2222.875,1984.088,0.02518130772157590711510301968,0.08494632830245241032618095029,3.600030827067669172932330827,0.4569565075390361373782185055,False,60.93316992313627613767159226,29.328215080619235127803281,32.27204330958095568044425183,-2.94382822896172055264097083,2155.26115,2216.678999640882087789090021,2093.843300359117912210909979,23.92852413435746208452520186,0.578183
2024-03-25,0,2172.815,2045.033958333333333333333333,1985.805716666666666666666667,True,True,偏多,False,2222.875,1984.088,0.02303923711866863952982651537,0.08685829212335150484509725863,2.700281954887218045112781955,0.3604932265324599041582034864,False,61.97263707625624072444909898,27.924870837782403237823280,31.40260881522124519192005746,-3.47773797743884195409677746,2159.78215,2211.648582857002996326659450,2107.915717142997003673340550,23.48720098190335764991625887,0.578183
2024-03-26,0,2178.248,2046.6159,1986.7274375,True,True,偏多,False,2222.875,1984.088,0.02048756615408346524362698830,0.08913585597232271072898953654,1.758756390977443609022556391,0.2737227629552216735283056891,False,63.23337522727528978641368426,26.940554170741781064900791,30.51019788632535236651620417,-3.56964371558357130161541317,2164.5223,2203.290536978743307305258078,2125.754063021256692694741922,24.13361519748168924635081181,0.578183
2024-03-27,0,2190.545,2048.398233333333333333333333,1987.719770833333333333333333,True,True,偏多,False,2222.875,1984.088,0.01475888420461574630970831460,0.09424914804306690800691152202,1.340288721804511278195488722,0.2213021832611055811152396720,True,65.98238742980908216416234375,26.843308301456486985660655,29.77681996935157929034509434,-2.93351166789509230468443934,2168.3258,2201.183059244191381581320724,2135.468540755808618418679276,24.14049982623299715732575382,0.578183
2024-03-28,0,2232.698,2050.597316666666666666666667,1988.950991666666666666666667,True,True,偏多,False,2236.015,1984.088,0.001485646513769439485322242417,0.1113495869123365542496119045,1.6223,0.2377158517700422022381968310,True,73.34079843670835110873688529,29.823844349150840775593192,29.78622484531143158739471387,0.03761950383940918819847813,2173.56345,2211.936641159844915874335325,2135.190258840155084125664675,25.90117841007349736037391426,0.578183
2024-03-31,0,2245.885,2053.056316666666666666666667,1990.251533333333333333333333,True,True,偏多,False,2247.265,1984.088,0.0006144571071092242033763972777,0.1165674110651257744719787523,2.240384210526315789473684211,0.2923926994176425941456694925,True,75.15163879003607422112874287,32.871103710174612653453804,30.40320061828406780060653190,2.46790309189054485284727210,2178.49395,2226.276031128703467136931704,2130.711868871296532863068296,25.09159423792539040606149181,0.578183
2024-04-01,0,2248.885,2055.471566666666666666666667,1991.645366666666666666666667,True,True,偏多,False,2265.585,1984.088,0.007425902169297229515960131354,0.1177459051930178733016583774,2.983408270676691729323308271,0.3766360204383767916828507032,True,75.55838439338295802696655387,35.123274392342244607293841,31.34721537309570316194399372,3.77605901924654144534984728,2182.84495,2238.908111357436845848193444,2126.781788642563154151806556,25.95576607807357680562852811,0.578183
2024-04-02,0,2279.845,2058.319041666666666666666667,1993.143104166666666666666667,True,True,偏多,True,2288.185,1984.088,0.003658143426417146779715287662,0.1297268016027405371856420064,4.307860902255639097744360902,0.5016501267611207769178619342,True,79.32048089495659584825268530,38.957273936577942068481404,32.86922708579215094325147578,6.08804685078579112522992822,2187.88895,2258.032384867348775993103651,2117.745515132651224006896349,27.07321135821117846236934753,0.578183
2024-04-03,0,2297.445,2061.295683333333333333333333,1994.693979166666666666666667,True,True,偏多,True,2302.555,1984.088,0.002224209937561073279229753052,0.1363936895116096359216433908,5.772779699248120300751879699,0.6174534904531784953478125491,True,81.10133202444765509960144752,42.921150799593625924756772,34.87961182855244593955253502,8.04153897104117998520423698,2193.68395,2278.408384686753738174098060,2108.959515313246261825901940,27.79298197548180857220010842,0.578183
2024-04-04,0,2288.635,2064.147266666666666666666667,1996.220395833333333333333333,True,True,偏多,False,2305.425,1984.088,0.007336250647219849386206188405,0.1330692749171449357368038154,6.969292481203007518796992481,0.7299019150915028151815207917,True,77.50337699395221226420459852,44.834830384012254291641955,36.87065553964440760997041902,7.96417484436784668167153598,2198.93795,2293.014690072081579329833527,2104.861209927918420670166473,27.64612612009025081704295782,0.578183
2024-04-05,0,2328.195,2067.195766666666666666666667,1997.9404375,True,True,偏多,True,2330.345,1984.088,0.0009234621670435680860065415483,0.1477999050766795736611409268,8.151827819548872180451127820,0.7655563301212153085487925596,True,81.47713158873152989132103126,48.978997233525285014510495,39.29232387842058309087843422,9.68667335510470192363206078,2207.50345,2314.949942431302753997673253,2100.056957568697246002326747,30.15283139722666147296846084,0.578183
2024-04-07,0,2311.115,2070.119183333333333333333333,1999.613841666666666666666667,True,True,偏多,False,2330.345,1984.088,0.008320659075814055120580325947,0.1415018292036527823150297584,9.124227819548872180451127820,0.8324745678028831000020765512,True,75.29331765860744278535809690,50.305179269656288743088291,41.49489495666772422132040558,8.81028431298856452176788542,2214.29195,2329.620399587211567612352850,2098.963500412788432387647150,29.75262915456761422489928506,0.578183
2024-04-08,0,2338.685,2073.08735,2001.405758333333333333333333,True,True,偏多,True,2353.835,1984.088,0.006477999388545272236320838420,0.1516223860844876501110666892,10.06858270676691729323308271,0.8684519778265808101773776521,True,78.17302185209806826290037039,52.970248622526376692907496,43.78996568983945471563782366,9.18028293268692197726967234,2223.14845,2347.749372604088289310882221,2098.547527395911710689117779,31.27601278638421320883505041,0.578183
2024-04-09,0,2354.775,2076.207158333333333333333333,2003.219245833333333333333333,True,True,偏多,True,2365.185,1984.088,0.004420804535465171831703665955,0.1574192863437058742342686669,10.88280225563909774436090226,0.8908436848025061477760730506,True,79.66282227315571786490645950,55.738149128364464098687130,46.17960237754445659224768493,9.55854675082000750643944507,2233.10595,2366.079666056181568983315587,2100.132233943818431016684413,31.00344044449962655106111824,0.578183
2024-04-10,0,2335.435,2079.214825,2004.958120833333333333333333,True,True,偏多,False,2365.185,1984.088,0.01273852622744799148766717978,0.1504417806532830072341983399,11.13394135338345864661654135,0.9019349650149605122728097840,False,73.19578093887251358224985847,55.728747540307530139127730,48.08943141009707130162369394,7.63931613021045883750403606,2242.0563,2377.259552153341341140546061,2106.853047846658658859453939,31.70319469846393894027103836,0.578183
2024-04-11,0,2376.725,2082.510908333333333333333333,2006.856329166666666666666667,True,True,偏多,False,2379.455,1984.088,0.001148639409271160946260084781,0.1652008541164838170171138857,11.79428571428571428571428571,0.9174596635856460796674427969,True,77.41181720873574142765198664,58.380085355473094357260647,50.14756219917227591275108455,8.23252315630081844450956245,2252.7908,2394.795910799013145940938297,2110.785689200986854059061703,33.28153793428794330168024991,0.578183
2024-04-12,0,2343.285,2085.377825,2008.593995833333333333333333,True,True,偏多,False,2431.385,1984.088,0.03759679253697266871080555716,0.1532877989659815173997187709,11.57402105263157894736842105,0.9080912933872382408374286122,False,68.07318408697466741348099818,57.124465861879469806142442,51.54294293171371469142935604,5.58152293016575511471308596,2262.1068,2402.176865776524857031404770,2122.036734223475142968595230,37.87785665326737592298880349,0.578183
2024-04-14,0,2364.585,2088.496466666666666666666667,2010.4599125,True,True,偏多,False,2431.385,1990.175,0.02825020035228169002171628425,0.1583406813457752628896825447,12.11823007518796992481203008,0.9397711926106879748623726035,False,70.51324698662557646739341706,57.188872630580995074569574,52.67212887148717076805739963,4.51674375909382430651217437,2270.1433,2414.306346069511169995562515,2125.980253930488830004437485,37.25443832089113478563246039,0.578183
2024-04-15,0,2381.825,2091.728133333333333333333333,2012.419620833333333333333333,True,True,偏多,True,2431.385,1994.985,0.02080757402412015996137415637,0.1624132755345165996662223295,12.31776240601503759398496241,0.9467836715655069701350674697,False,72.35489249472667445753067492,57.962879385198076181461834,53.73027897422935185073828650,4.23260041096872433072354750,2280.1478,2426.140877549039975020716584,2134.154722450960024979283416,39.46319272654176801523014179,0.578183
2024-04-16,0,2382.575,2094.91205,2014.331025,True,True,偏多,True,2431.385,2009.935,0.02048623862837476259928858483,0.1564022118925951963736713430,11.96375338345864661654135338,0.9382276883742461024787088318,False,72.43554857735726131763831920,57.968578359496950824394951,54.57793885128287164546961940,3.39063950821407917892533160,2291.0238,2433.466156501989954968191080,2148.581443498010045031808920,39.16467896036021315699941738,0.578183
2024-04-17,0,2367.815,2097.958025,2016.177025,True,True,偏多,False,2431.385,2013.185,0.02684753665299020404888050798,0.1497709913992436064472942354,11.12263157894736842105263158,0.9111859853663786201264414618,False,68.21738253562805699153092598,56.134996890819465706187052,54.88935045919019045761310592,1.24564643162927524857394608,2301.0008,2435.379321010762728218612272,2166.622278989237271781387728,39.29670189176305507435660185,0.578183
2024-04-18,0,2379.795,2100.997025,2018.073108333333333333333333,True,True,偏多,False,2431.385,2014.945,0.02167833784002403568374586887,0.1533115247321723089593851571,10.22427669172932330827067669,0.8921176738994046976415742547,False,69.75679458223392021319906157,55.014384664467368069913775,54.91435730024562598007323974,0.10002736422174208984053526,2311.3498,2436.187955350998358141387754,2186.511644649001641858612246,38.53686604235140828333113029,0.578183
2024-04-19,0,2390.295,2103.880191666666666666666667,2019.977525,True,True,偏多,True,2431.385,2015.955,0.01719034679819854871469839497,0.1566082847514637314641079867,9.250457894736842105263157895,0.8864918547110689010479749620,False,71.07899055991151192173511321,54.347074405479629260071021,54.80090072129242663607279599,-0.45382631581279737600177499,2321.95215,2435.257828663119087290016817,2208.646471336880912709983183,38.9942327536120219773789067,0.578183
2024-04-21,0,2386.405,2106.734025,2021.763858333333333333333333,True,True,偏多,False,2431.385,2015.955,0.01884843519855179653076489531,0.1552334997621945981507749104,8.096363157894736842105263158,0.8867417781402026289764543739,False,69.86043790132457660279877020,52.894599707919667181019621,54.41964051861787474506216099,-1.52504081069820756404253999,2331.74515,2430.900742790875896210247612,2232.589557209124103789752388,36.85321612835402040756612765,0.578183
2024-04-22,0,2333.665,2109.181191666666666666666667,2023.321179166666666666666667,True,True,偏多,False,2431.385,2015.955,0.04187404790319090357870559828,0.1361420769476338720424739626,6.559887218045112781954887218,0.7367225862164249939580285749,False,55.87449196932921845081486078,46.946654008031723475996221,52.92504321650064449124897299,-5.97838920846892101525275199,2336.7935,2424.932922570153022304398202,2248.654077429846977695601798,38.64227211918587609273997567,0.578183
2024-04-23,0,2323.155,2111.276916666666666666666667,2024.856208333333333333333333,True,True,偏多,False,2431.385,2024.355,0.04658750707550723046890973697,0.1286181937924933979867895168,4.929654135338345864661654135,0.5304450426090500533542291295,False,53.57277480361036891693222398,40.913173428255907485154569,50.52266925885169709003009219,-9.60949583059578960487552319,2340.657,2418.715836424840461491832791,2262.598163575159538508167209,38.95639553924402780040140598,0.578183
2024-04-24,0,2316.085,2112.928333333333333333333333,2026.367958333333333333333333,True,True,偏多,False,2431.385,2024.355,0.04978228346541685646252188499,0.1259582441922468303192672117,3.129593984962406015037593985,0.2904872999659146090739592491,False,52.02034150567949137034028085,35.155851909306126780248379,47.44930578894258302807374955,-12.29345387963645624782537055,2344.017,2410.982365555636295652747558,2277.051634444363704347252442,37.99472442929802581465844841,0.578183
2024-04-25,0,2330.545,2115.399916666666666666666667,2027.93125,True,True,偏多,False,2431.385,2024.355,0.04326884913185542437498525023,0.1313812863514757277804118779,1.923894736842105263157894737,0.1340877310214119250223656669,False,54.89899000555453558938396964,31.397997706034291449848961,44.23904417236092471242879184,-12.84104646632663326257983084,2346.552,2407.143625857043974851933953,2285.960374142956025148066047,38.12438697006245254218284495,0.578183
2024-04-26,0,2337.245,2118.053,2029.430625,True,True,偏多,False,2431.385,2024.355,0.04027819077589212940876972675,0.1338712886325567067209470980,1.015563909774436090225563910,0.0429935615952908090301568014,False,56.20997544311219580639774404,28.630470934741152185862535,41.11732952483697020711554047,-12.48685859009581802125300547,2348.542,2405.026770372198557783524954,2292.057229627801442216475046,37.27643075791513450345549889,0.578183
2024-04-28,0,2335.845,2120.6265,2030.922916666666666666666667,True,True,偏多,False,2431.385,2028.015,0.04090168654170118308363782700,0.1317852854106329829248087951,-0.1117218045112781954887218045,0.0006686529240270702923931372,False,55.84469080624322062790076260,26.024226644585659575208069,38.09870894878670808073404618,-12.07448230420104850552597718,2350.9025,2400.729344923193762259087464,2301.075655076806237740912536,34.95954284663548203892296326,0.578183
2024-04-29,0,2333.025,2123.16825,2032.426708333333333333333333,True,True,偏多,False,2431.385,2038.915,0.04215985683822505116747570215,0.1260638012880273464707836393,-0.7256541353383458646616541353,0.0286641090614822670126392880,False,55.06839685709278562071511758,23.460767709055451295348211,35.17112070084045672365687914,-11.71035299178500542830866814,2351.144,2400.573506127413411574109425,2301.714493872586588425890575,34.3807897861615190361427516,0.578183
2024-04-30,0,2291.265,2125.558641666666666666666667,2033.801029166666666666666667,True,True,偏多,False,2431.385,2079.308,0.06115399135412097684030437335,0.09250654114648458384342273809,-2.213105263157894736842105263,0.2296963304016707987409802478,False,45.07569731620069225918312693,17.853718483679300064171989,31.70764025740822539175990111,-13.85392177372892532758791211,2350.1515,2403.405331890296870917807600,2296.897668109703129082192400,35.57359051572141053356112649,0.578183
2024-05-01,0,2323.638,2128.197833333333333333333333,2035.311904166666666666666667,True,True,偏多,False,2431.385,2079.308,0.04636995952037279472964377412,0.1051497694563438883337249606,-2.772919548872180451127819549,0.3468951157436388770713676496,True,52.30158900875510235541567564,15.839731558000784996279826,28.53405851752673731266388609,-12.69432695952595231638406009,2349.39915,2403.694670081402664468206642,2295.103629918597335531793358,36.36904833602702406687818889,0.578183
2024-05-02,0,2304.115,2130.874666666666666666666667,2036.769279166666666666666667,True,True,偏多,False,2431.385,2110.375,0.05523595827465208984794595756,0.08408434474841750520264830531,-3.334954135338345864661654135,0.4446507550348762131810869543,False,48.18456736447104511522361049,12.523921498759774216634630,25.33203111377334469345803487,-12.80810961501357047682340487,2346.86615,2404.543615621419254589622741,2289.188684378580745410377259,36.69747345488223663352974683,0.578183
2024-05-03,0,2301.175,2133.531,2038.169029166666666666666667,True,True,偏多,False,2431.385,2123.615,0.05658413636511782024400577966,0.07716058100752876248003737221,-4.168176691729323308270676692,0.6234432384121134728200310070,False,47.57719840760312192460952528,9.548811948086506235811361,22.17538728063597700192870010,-12.62657533254947076611733910,2345.15315,2406.032987090041559998694785,2284.273312909958440001305215,37.17501106524779115970619349,0.578183
2024-05-05,0,2293.875,2135.706916666666666666666667,2039.510654166666666666666667,True,True,偏多,False,2431.385,2144.048,0.05994659691569941692550814670,0.06531611356329355348482371533,-4.402218796992481203007518797,0.6501809070535507716562124590,False,46.02585928299883365336956698,6.526731109831535524501833,19.04565604647508870644332668,-12.51892493664355318194149368,2341.01065,2403.972914334361419152608945,2278.048385665638580847391055,35.42465313201580607687003681,0.578183
2024-05-06,0,2325.935,2138.127666666666666666666667,2041.087945833333333333333333,True,True,偏多,False,2431.385,2145.985,0.04533660656897118793087511044,0.07736673638773224531210029515,-4.581674436090225563909774436,0.6969896557963934351726032598,True,53.23745483918942056022193957,6.642118132739105075190927,16.56494846372789198019284674,-9.92283033098878690500191974,2340.14315,2403.433410041415535331066371,2276.852889958584464668933629,35.77596362258610564280789132,0.578183
2024-05-07,0,2315.105,2140.591166666666666666666667,2042.573945833333333333333333,True,True,偏多,False,2431.385,2145.985,0.05022666358545292762099343226,0.07305068236645854075733066103,-4.553438345864661654135338346,0.6916336655324046516677441376,True,50.76971174593315926799109526,5.792895793048578596953712,14.41053792959202930354501979,-8.61764213654345070659130779,2337.66915,2400.812441780758468785038567,2274.525858219241531214961433,34.64696622097281238260732766,0.578183
2024-05-08,0,2308.695,2143.019083333333333333333333,2044.035695833333333333333333,True,True,偏多,False,2431.385,2145.985,0.05314257621730024970816846747,0.07047704439087882981511200050,-4.270157142857142857142857143,0.6534077777277443155846380832,True,49.31272396465040218991305130,4.550195717301886016033344,12.43846948713400064604268463,-7.88827376983211463000934063,2334.01265,2394.935123552130169561175528,2273.090176447869830438824472,33.44289720518904006956394711,0.578183
2024-05-09,0,2346.404,2145.676325,2045.629816666666666666666667,True,True,偏多,False,2431.385,2145.985,0.03621754821420352164418403651,0.08541538456293119172998341292,-3.326363909774436090225563910,0.4517571013744498115509919829,True,57.11054720996975080530509094,6.532841575707732159004185,11.25734390484874694863498470,-4.72450232914101478963079970,2332.2041,2389.278727591951925061138975,2275.129472408048074938861025,34.02769026196125149316652231,0.578183
2024-05-10,0,2360.175,2148.337241666666666666666667,2047.330358333333333333333333,True,True,偏多,False,2431.385,2145.985,0.03017149152075587615325134789,0.09075174510364697533021915748,-2.364502255639097744360902256,0.2353286217584120758230730610,True,59.55745741224171255459458509,9.110289566473477915930011,10.82793303717369314209398996,-1.71764347070021522616397896,2331.8221,2388.033988674549977266217496,2275.610211325450022733782504,33.91856952896401924365462786,0.578183
2024-05-12,0,2360.278,2151.071933333333333333333333,2049.098329166666666666666667,True,True,偏多,False,2431.385,2145.985,0.03012653594195260049875480770,0.09079142372212086881291102150,-1.200522556390977443609022556,0.0670788356219573337991892694,True,59.57603386885568912490557400,11.034053210902783247812866,10.86915707191951116323776517,0.16489613898327208457510083,2330.84625,2384.303102858637310542921317,2277.389397141362689457078683,31.80795741975230358339358301,0.578183
2024-05-13,0,2338.275,2153.451933333333333333333333,2050.7755375,True,True,偏多,False,2431.385,2145.985,0.03981995274294084314291518320,0.08223583624680587184997487464,-0.1557330827067669172932330827,0.0015109848609280697662923811,True,53.88226744912144246267310852,10.660306172083546305580768,10.82738689195231819170636574,-0.16708071986877188612559774,2328.24525,2374.448938202891335847855975,2282.041561797108664152144025,31.84810331834142475600832708,0.578183
2024-05-14,0,2355.695,2155.975158333333333333333333,2052.4969,True,True,偏多,False,2431.385,2145.985,0.03213064509624548169436196112,0.08902256022108125202965579160,1.154718045112781954887218045,0.1108688312718621853903394834,True,57.35703966828553888483245300,11.635629077030485495506266,10.98903532896795165246634579,0.64659374806253384303992021,2326.70975,2366.703952249201070918965032,2286.715547750798929081034968,31.3491673670313229877220180,0.578183
2024-05-15,0,2391.715,2158.782991666666666666666667,2054.363275,True,True,偏多,False,2431.385,2145.985,0.01658642438584864835484160947,0.1027421745483889175758817418,2.193184210526315789473684211,0.2664130624231654173291242121,True,63.48371931112242569968798000,15.140561505954378188519050,11.81934056436523695967688663,3.32122094158914122884216337,2329.61225,2378.615306981682275451350525,2280.609193018317724548649475,31.97279826938622848859901671,0.578183
2024-05-16,0,2377.705,2161.380133333333333333333333,2056.201191666666666666666667,True,True,偏多,False,2431.385,2147.045,0.02257639194096828664615669311,0.09700951127242445972061294399,2.778266917293233082706766917,0.3632957575040404496873970543,True,59.88009571611049404082414463,16.596442337664500632463321,12.77476091902508969423417350,3.82168141863941093822914750,2332.33975,2385.497871426081264407885637,2279.181628573918735592114363,31.57688410728721216798480123,0.578183
2024-05-17,0,2414.525,2164.17255,2058.239179166666666666666667,True,True,偏多,False,2431.385,2149.475,0.006982739876373199697663101438,0.1097731437860448742506290057,3.695687969924812030075187970,0.4510961285331648780241959357,True,65.43353864871295590742861556,20.485164444130670631195006,14.31684162404620588162634000,6.16832282008446474956866600,2337.26175,2400.719777242816176281688560,2273.803722757183823718311440,32.80617809962383987027160114,0.578183
2024-05-19,0,2420.185,2167.118633333333333333333333,2060.337720833333333333333333,True,True,偏多,False,2431.385,2157.035,0.004627745399628540793369101949,0.1087313573135937955156320694,4.774251879699248120300751880,0.5706094870536003711937342112,True,66.20788477994567213482669453,23.749944847269343187110770,16.20346226869083334272322600,7.54648257857850984438754400,2341.74375,2414.632693314812844116101898,2268.854806685187155883898102,31.22502252107927987953791534,0.578183
2024-05-20,0,2426.105,2170.147108333333333333333333,2062.4785125,True,True,偏多,True,2449.985,2157.035,0.009842937548045117585595017528,0.1109061644075586176196001410,5.908379699248120300751879699,0.6978480957788627756319766978,True,67.03957757411397162721740553,26.509417301611387574940947,18.26465327527494418916677020,8.24476402633644338577417680,2346.18675,2427.753614666664735054409662,2264.619885333335264945590338,32.05466376957361703099949281,0.578183
2024-05-21,0,2421.494,2173.129433333333333333333333,2064.5956625,True,True,偏多,False,2449.985,2163.455,0.01176587676863952584644025548,0.1065618993893852307707555749,6.820906766917293233082706767,0.8043783080699777927455047541,True,65.68356909978602837713624612,28.001466463257019074523667,20.21201591287135916623814956,7.78945055038565990828551744,2350.4692,2438.176907309221120695712057,2262.761492690778879304287943,31.74218778603264438592810046,0.578183
2024-05-22,0,2382.105,2175.818183333333333333333333,2066.5479125,True,True,偏多,False,2449.985,2163.455,0.02849580518071201731241905793,0.09178856515560817008486191835,6.997412030075187969924812030,0.8340548613246743315437954415,False,55.37878145999947969965176415,25.709203368098958066224959,21.31145340391687894623551145,4.39774996418207911998944755,2352.9232,2441.285285778007752955942225,2264.561114221992247044057775,33.15267437274459835836180757,0.578183
2024-05-23,0,2331.908,2178.226625,2068.316258333333333333333333,True,True,偏多,False,2449.985,2167.458,0.05063535954248623873669115591,0.07052165008225024314852901572,5.723644360902255639097744361,0.6120097881254751904741563705,False,45.56751373246596705732793524,19.615969280803053195720558,20.97235657929411379613252076,-1.35638729849106060041196276,2354.95535,2439.331416922498823001512784,2270.579283077501176998487216,34.83869763183426990419310703,0.578183
2024-05-24,0,2333.405,2180.637516666666666666666667,2070.116508333333333333333333,True,True,偏多,False,2449.985,2173.275,0.04996132261651963546833918672,0.06862503508820800503984520475,4.921297744360902255639097744,0.4591740847113637399267981220,False,45.87548095959161445608509613,14.737942924308506038536535,19.72547384829699224461332361,-4.98753092398848620607678861,2355.4437,2439.199863720886834801172610,2271.687536279113165198827390,33.92593351527467919675074224,0.578183
2024-05-26,0,2337.105,2183.068766666666666666666667,2071.966258333333333333333333,True,True,偏多,False,2449.985,2187.225,0.04829907085903286330738242398,0.06413062314273428023131181526,3.848863157894736842105263158,0.3010489062680275323601115028,False,46.67847714551131296221369961,11.043330332475929137169718,17.98904514513277962312460249,-6.94571481265685048595488449,2357.0932,2437.991568679720606588626714,2276.194831320279393411373286,32.10715254989791639698283208,0.578183
2024-05-27,0,2352.365,2185.63685,2073.8878,True,True,偏多,False,2449.985,2228.395,0.04149866198485354101085503313,0.05270015495044348984957691515,2.898398496240601503759398496,0.1894540976545863643843889791,False,49.97491405836279598477462446,9.240162856453529238524267,16.23926868739692954620453539,-6.99910583094340030768026839,2359.6527,2436.447517864488747024810322,2282.857882135511252975189678,31.5323559391909223686269155,0.578183
2024-05-28,0,2359.685,2188.378683333333333333333333,2075.8479125,True,True,偏多,False,2449.985,2228.395,0.03826781964541877411603667439,0.05563878229509447235542032093,1.860264661654135338345864662,0.0922583286085820932694835386,False,51.52308333357662611464789178,8.306055428157306762508324,14.65262603554900498946529311,-6.34657060739169822695696911,2362.9432,2433.574591994211752190630026,2292.311808005788247809369974,30.98147337210585648515356439,0.578183
2024-05-29,0,2337.495,2190.9356,2077.7126625,True,True,偏多,False,2449.985,2246.585,0.04812416711051788346071328495,0.03889206180120171380045732718,0.9123789473684210526315789474,0.0228603292894159497599989297,False,46.79523893742123115771500669,5.709406526464741497680922,12.86398213373215229110841889,-7.15457560726741079342749689,2363.5212,2433.113282899134438825650172,2293.929117100865561174349828,30.68543955981258102192830979,0.578183
2024-05-30,0,2343.864,2193.578675,2079.584366666666666666666667,True,True,偏多,False,2449.985,2265.405,0.04527609110426202202858186311,0.03347421181433735063126529526,-0.1329045112781954887218045113,0.0005287264761318814019262874,False,48.26269058178294844305253636,4.117998908027948295919500,11.11478548859131149207063511,-6.99678658056336319615113511,2364.95915,2431.616802368726578188207938,2298.301497631273421811792062,30.58219387696882523464771624,0.578183
2024-05-31,0,2326.995,2196.010925,2081.369866666666666666666667,True,True,偏多,False,2449.985,2267.605,0.05285357295567889058635708285,0.02552218633903381829355026547,-1.563630827067669172932330827,0.0794080001858957570332241787,False,44.74272433462211661921212703,1.478565601183988399429275,9.187541511109846873542363088,-7.708975909925858474113088088,2365.87415,2429.866478769236082552551060,2301.881821230763917447448940,31.19796574289962343217287936,0.578183
2024-06-02,0,2325.748,2198.319866666666666666666667,2083.069629166666666666666667,True,True,偏多,False,2449.985,2267.605,0.05341808312852467249246263998,0.02499969902156209529149331742,-2.444284962406015037593984962,0.1832189245181276403107492272,False,44.48444069207161271726657904,-0.705692010744287740549440,7.208894806739019950724002470,-7.914586817483307691273442470,2364.84135,2430.696916754147670914112943,2298.985783245852329085887057,29.40596818983536461558910226,0.578183
2024-06-03,0,2350.488,2200.844725,2084.880808333333333333333333,True,True,偏多,False,2449.985,2277.165,0.04233035863190962897917368649,0.03119479869712161899996936806,-2.723012030075187969924812030,0.2255197523039285637809641289,True,50.57976989838145964787831963,-0.435401626804968046908268,5.680035520030222351197548376,-6.115437146835190398105816376,2364.357,2430.484649735946309374941106,2298.229350264053690625058894,30.15768474770426714304702353,0.578183
2024-06-04,0,2328.668,2203.1345,2086.60535,True,True,偏多,False,2449.985,2277.165,0.05209716455931030099610592837,0.02211693551850242284430412579,-3.297260150375939849624060150,0.3133671187361889723745119422,False,45.80318142855930093042774935,-1.959300595208008537110675,4.152168296982576173535903701,-6.111468892190584710646578701,2362.7765,2430.705046536783782416476064,2294.847953463216217583523936,30.65620726572539091854366471,0.578183
2024-06-05,1,2354.935,2205.858583333333333333333333,2088.438808333333333333333333,True,True,偏多,False,2449.985,2277.165,0.04036204820939856089446205522,0.03302426606254525071817268842,-3.796147368421052631578947368,0.4255631109181263513463685112,True,51.71466681612988490305598625,-1.035537102131097142971699,3.114627217159841510234383161,-4.150164319290938653206082161,2363.6095,2430.719447121123557028953427,2296.499552878876442971046573,30.75219246103072013864768866,3.697619
2024-06-06,0,2376.718,2208.919025,2090.3369875,True,True,偏多,False,2449.985,2277.165,0.03082696390568843253595925137,0.04188675307714251333140911122,-3.733848872180451127819548872,0.4101236832047885334214957679,True,56.00074465555689412295484656,1.437685430645754771444556,2.779238859857024162476417729,-1.341553429211269391031861729,2364.66065,2431.900251647466651243118884,2297.421048352533348756881116,30.34867871381424012874428233,0.578183
2024-06-07,0,2293.415,2211.166858333333333333333333,2091.825695833333333333333333,True,True,偏多,False,2449.985,2277.165,0.06826937122151900114022102411,0.007085503495878417120320569980,-4.324469924812030075187969925,0.4698810534900927411869688409,False,41.00901370124239385193288857,-3.286242048582019424057747,1.566142678169215445169584783,-4.852384726751234869227331783,2359.74565,2432.500966559753899541001045,2286.990333440246100458998955,35.39284451997036583383397645,0.578183
2024-06-09,0,2298.328,2213.408133333333333333333333,2093.301458333333333333333333,True,True,偏多,False,2449.985,2277.165,0.06598579489089459816005374342,0.009207998162142218169034184851,-4.918296240601503759398496241,0.5434269710701766988891839113,False,41.99527536568110069155714645,-6.557954551696862233365160,-0.058676767804000090537364174,-6.499277783892862142827795826,2355.7768,2432.719940709487548185760413,2278.833659290512451814239587,33.67071276854391113141726384,0.578183
2024-06-10,0,2309.798,2215.760325,2094.843095833333333333333333,True,True,偏多,False,2449.985,2277.165,0.06069232028082109344626672982,0.01412807526891961981090987177,-4.647533082706766917293233083,0.5182546187421836638594995338,True,44.33513079728646441953797045,-8.131541788590863155376779,-1.673249771961372703505247139,-6.458292016629490451871531861,2350.54045,2424.992510187680501820742295,2276.088389812319498179257705,33.12209042793363176488745928,0.578183
2024-06-11,0,2315.008,2218.213433333333333333333333,2096.408804166666666666666667,True,True,偏多,False,2449.985,2277.165,0.05830519808138891960632533451,0.01634681176047771757160234435,-4.055488721804511278195488722,0.4639414700266264202438729109,True,45.41228908574765229311395314,-8.856129603381423841791844,-3.109825738245382931162566511,-5.746303865136040910629277489,2345.2816,2413.946915731888978185991891,2276.616284268111021814008109,32.3469411116526580673954979,0.578183
2024-06-12,0,2320.448,2220.640041666666666666666667,2097.992220833333333333333333,True,True,偏多,True,2449.985,2277.165,0.05582413396033869321786137849,0.01865286358496290371514466172,-3.134095488721804511278195489,0.3819716229365242848643731342,True,46.57478247933953955647173901,-8.888941941426661714717700,-4.265648978881638687873593209,-4.623292962545023026844106791,2339.99875,2398.480787484598636374141359,2281.516712515401363625858641,32.24437388939175391972439091,0.578183
2024-06-13,0,2302.208,2223.0229,2099.511775,True,True,偏多,False,2449.985,2277.165,0.06418924788724563549427332370,0.01087781816412765484265539864,-2.387196240601503759398496241,0.3390887626105002934147266265,False,43.24908207968387513121614345,-10.268393865064079857725506,-5.466197956118126921843975767,-4.802195908945952935881530233,2334.03445,2381.312248309460223847929316,2286.756651690539776152070684,32.16263289729234292545836299,0.578183
2024-06-14,0,2332.184,2225.619725,2101.202020833333333333333333,True,True,偏多,False,2449.985,2277.165,0.05051102314397148766992655811,0.02359119177560604137580911283,-1.654622556390977443609022556,0.2082139233912640189025424813,True,49.61638018251551981407127696,-8.840894444950215669395719,-6.141137253884544671354324414,-2.699757191065670998041394586,2331.5384,2373.357037330262209298295316,2289.719762669737790701704684,32.37673054748574700221133706,0.578183
2024-06-16,0,2328.748,2228.210,2102.917408333333333333333333,True,True,偏多,False,2449.985,2277.165,0.05206102163050703639895772321,0.02215052895375540848558968167,-1.688649624060150375939849624,0.2166885584820096338003809807,True,48.93858595221159612137509166,-7.895829150616558933018868,-6.492075633230947523687233131,-1.403753517385611409331634869,2331.3804,2373.216132547189848388254206,2289.544667452810151611745794,30.43982122266533650205338441,0.578183
2024-06-17,0,2320.545,2230.69975,2104.5858125,True,True,偏多,False,2449.985,2277.165,0.05577999995690667494058507807,0.01869388441077419313135491878,-1.811473684210526315789473684,0.2463991723067301606116779354,True,47.27809320428997311728687888,-7.719782790091710391036790,-6.737617064603100097157144505,-0.982165725488610293879645495,2330.7374,2372.823455877927073816303917,2288.651344122072926183696083,29.61697684961781246619242838,0.578183
2024-06-18,0,2328.195,2233.176083333333333333333333,2106.293883333333333333333333,True,True,偏多,False,2449.985,2277.165,0.05231091038336565450917985822,0.02191826715545733926926223963,-1.747252631578947368421052632,0.2302271968110375000611356665,True,49.01548306413434527040528073,-6.883623586944416400697136,-6.766818369071363357865142804,-0.116805217873053042831993196,2330.2919,2372.287443953614888258721228,2288.296356046385111741278772,29.39740707464511157575011206,0.578183
2024-06-19,0,2329.265,2235.617166666666666666666667,2108.004216666666666666666667,True,True,偏多,False,2449.985,2277.165,0.05182750781899011061429249141,0.02236757088609496987247050035,-1.4134,0.1599548808793792668636447763,True,49.26730937032479100698321362,-6.064711121949306677203707,-6.626396919646952021732855643,0.561685797697645344529148643,2329.1369,2369.892956825458470743811829,2288.380843174541529256188171,28.07502085502760360605367549,0.578183
2024-06-20,1,2360.715,2238.29125,2109.834091666666666666666667,True,True,偏多,False,2449.985,2277.165,0.03781481457948121649584977433,0.03539181985118915243898564630,-0.4799458646616541353383458647,0.0183029580494713586018729250,True,56.12668781408552615563472803,-2.845167610948017786407389,-5.870151057907165174667762314,3.024983446959147388260373314,2329.1884,2370.101033209804523653880476,2288.275766790195476346119524,28.76587650823991763419269867,3.697619
2024-06-21,1,2321.755,2240.516333333333333333333333,2111.538091666666666666666667,True,True,偏多,False,2449.985,2277.165,0.05522977230586345243145809958,0.01920529943943267054448036076,-0.4549804511278195488721804511,0.0164998648477274238567024717,False,47.54981982256301084703898425,-3.398229901634210048189106,-5.375766826652574149372031051,1.977536925018364101182925051,2328.4014,2369.250111687885580120428141,2287.552688312114419879571859,30.42331390050849494603607734,3.697619
2024-06-23,0,2319.085,2242.848083333333333333333333,2113.246133333333333333333333,True,True,偏多,False,2449.985,2277.165,0.05644467537843589174178609236,0.01807609466664654378774387312,-0.3439255639097744360902255639,0.0096395249968124023317638225,False,47.01952843061329567895156935,-4.005805999446648885218211,-5.101774661211389096541267041,1.095968661764740211323056041,2327.16245,2367.560691548240685769364939,2286.764208451759314230635061,28.62164862190074530703350039,0.578183
2024-06-24,1,2330.755,2245.278416666666666666666667,2115.000341666666666666666667,True,True,偏多,False,2449.985,2277.165,0.05115509781165330547397731636,0.02299254962447790522813423118,-0.2952473684210526315789473684,0.0070933515222292622663137959,True,49.66197463790411720866735678,-3.505236776941332887047644,-4.782467084357377854642542433,1.277230307416044967594898433,2327.35045,2367.778809098410115907937904,2286.922090901589884092062096,27.77560229176497778510253608,3.697619
2024-06-25,1,2319.898,2247.735858333333333333333333,2116.655175,True,True,偏多,False,2449.985,2277.165,0.05607444810073546336951021122,0.01842020640562645426652378682,-0.4270127819548872180451127820,0.0147450273537715925383219380,False,47.29844597943735321169282386,-3.939192664984845049312326,-4.613812200482871293576499146,0.674619535498026244264173146,2327.05795,2367.612903179482281335477207,2286.502996820517718664522793,27.33541641378176508616664064,3.697619
2024-06-26,0,2298.258,2249.928216666666666666666667,2118.218020833333333333333333,True,True,偏多,False,2449.985,2277.165,0.06601826252753172185194177503,0.009177820766859073263315084729,-0.4684924812030075187969924812,0.0174432088529079905762617086,False,42.91442806889125723939784111,-5.960563316130219591835228,-4.883162423612340953228244917,-1.077400892517878638606983083,2324.44645,2365.355110131932945036499582,2283.537789868067054963500418,27.54531524136878186572616631,0.578183
2024-06-27,0,2327.588,2252.354825,2119.857741666666666666666667,True,True,偏多,False,2449.985,2277.165,0.05258533726759203089206509056,0.02166319812612885098221850259,-0.3569571428571428571428571429,0.0101360616147321091374887923,True,49.71717902831276800975897460,-5.136616523538929337779550,-4.933853243597658630138505934,-0.202763279941270707641044066,2324.39245,2365.281524093087507818527706,2283.503375906912492181472294,28.03493558127101173246001157,0.578183
2024-06-28,0,2326.275,2254.788908333333333333333333,2121.503408333333333333333333,True,True,偏多,False,2449.985,2277.165,0.05317943923224898174119568839,0.02111100364316342650804397588,0.1521872180451127819548872180,0.0020843952065001357918299123,True,49.43318178331422998765694859,-4.537277964972660000980606,-4.854538187872658904306925947,0.317260222899998903326319947,2322.95945,2361.402157383715835265739192,2284.516742616284164734260808,27.51315446832308232299858217,0.578183
2024-06-30,0,2324.825,2257.294491666666666666666667,2123.151395833333333333333333,True,True,偏多,False,2449.985,2277.165,0.05383631025991203638983579409,0.02050046777714451625391158474,1.027657142857142857142857143,0.1607789640977842029443618259,False,49.09962194387863806093219591,-4.131673362506521232822110,-4.709965222799431370009962758,0.578291860292910137187852758,2320.3648,2349.921738817137338994427793,2290.807861182862661005572207,25.8529291491571478713558263,0.578183
2024-07-01,0,2332.138,2259.8511,2124.863241666666666666666667,True,True,偏多,False,2449.985,2286.628,0.05053174383334090864262749460,0.01951428260248750288362009452,0.7703225563909774436090225564,0.1064954512312068127381021945,True,50.89914134293450303591964634,-3.183434162711039049987708,-4.404659010781752906005511806,1.221224848070713856017803806,2322.30095,2349.523757140153639930609603,2295.078142859846360069390397,25.43436278136020873768755299,0.578183
2024-07-02,0,2330.138,2262.445208333333333333333333,2126.552075,True,True,偏多,False,2449.985,2286.628,0.05143343441461407006795305686,0.01867271380493344171031930298,0.5037601503759398496240601504,0.0537190275733791062026022340,True,50.37461611646853417442931154,-2.563777420276276211015027,-4.036482692680657567007414845,1.472705272404381355992387845,2323.89145,2348.957480235958784544729500,2298.825419764041215455270500,24.88355115412019382785272778,0.578183
2024-07-03,0,2358.675,2265.505541666666666666666667,2128.36045,True,True,偏多,False,2449.985,2286.628,0.03871241268932769457428429097,0.03054553933882370398634826757,0.7781398496240601503759398496,0.0998322608272191338463769479,True,57.15856998175434603750557165,0.227381308642996967223001,-3.183709892415926660161331676,3.411091201058923627384332676,2326.3353,2354.737241201967164131656787,2297.933358798032835868343213,25.82829750025446569729181865,0.578183
2024-07-04,0,2356.655,2268.530625,2130.195825,True,True,偏多,False,2449.985,2286.628,0.03960274202206092958027373544,0.02971457425885418103201359554,1.032426315789473684210526316,0.1496170213981812902752724934,True,56.56906733065995353735468289,2.250455739464159748267347,-2.096876766039909378475595941,4.347332505504069126742942941,2328.41765,2359.199476367355137818175613,2297.635823632644862181824387,24.84206196452200386177097446,0.578183
2024-07-05,0,2390.705,2271.758625,2132.234325,True,True,偏多,False,2449.985,2286.628,0.02479603296935422814609079748,0.04353402029945141705061895968,1.796409022556390977443609023,0.2583377442129344037357540775,True,63.41799185027221802206457367,6.526078661167758397253461,-0.372285680598375823329784553,6.898364341766134220583245553,2331.9305,2372.690776051567658635834269,2291.170223948432341364165731,26.3033432527704321573587620,0.578183
2024-07-07,0,2385.938,2274.865983333333333333333333,2134.352795833333333333333333,True,True,偏多,False,2449.985,2286.628,0.02684353072041268465484015092,0.04162304301285280673680539897,2.098642105263157894736842105,0.2931835047401015239339746212,True,61.94519261204214823852214491,9.421280908529064935379294,1.586427637227112328412031158,7.834853271301952606967262842,2336.117,2380.815653053531713775964967,2291.418346946468286224035033,24.85881873471540128897599329,0.578183
2024-07-08,0,2361.655,2277.76565,2136.4153375,True,True,偏多,False,2449.985,2286.628,0.03740173734097486720117883433,0.03176882313462381253824119103,2.401370676691729323308270677,0.3623476364897310096039801991,True,54.94512689747969273556020670,9.645131319897278719547632,3.198168373761145606639151326,6.446962946136133112908480674,2337.59055,2383.597379682015690919000279,2291.583720317984309080999721,25.94176025366430119690627949,0.578183
2024-07-09,0,2364.918,2280.672591666666666666666667,2138.568754166666666666666667,True,True,偏多,False,2449.985,2286.628,0.03597038036836795186978998849,0.03310474189802775402783521458,2.652143609022556390977443609,0.4181462414557837050416645854,True,55.67004873157994689131148825,9.970892966184086912619149,4.552713292245733867835150861,5.418179673938353044783998139,2339.39905,2386.698790538294710607698949,2292.099309461705289392301051,25.65327737840256539712725953,0.578183
2024-07-10,0,2372.694,2283.577583333333333333333333,2140.753791666666666666666667,True,True,偏多,False,2449.985,2286.628,0.03257520775961839158357546317,0.03627353548329451669705406597,2.830090225563909774436090226,0.4512466434789981018335516421,True,57.42796304272353840263749938,10.732798609671653594796330,5.788730355730917813227386689,4.944068253940735781568943311,2342.0065,2390.593390946015469451273086,2293.419609053984530548726914,25.49090042280238215447531242,0.578183
2024-07-11,0,2415.875,2286.829391666666666666666667,2143.216416666666666666666667,True,True,偏多,True,2449.985,2286.628,0.01411910798364981631913902830,0.05349904278987944326589744916,3.667278195488721804511278195,0.5360278451003402435471086428,True,65.58859785925701900484484643,14.652060312008959074054278,7.561396346986526065392764951,7.090663965022433008661513049,2346.3905,2404.156992881254267814903106,2288.624007118745732185096894,27.45726467831649771486993296,0.578183
2024-07-12,0,2410.534,2290.045383333333333333333333,2145.6634125,True,True,偏多,False,2449.985,2286.628,0.01636608319982211410417774651,0.05140188854419809054757161691,4.313211278195488721804511278,0.6131888419228858405895341721,True,63.95557418292117803705069871,17.129669220540933918782821,9.475050921697407636070776161,7.654618298843526282712044839,2350.45395,2413.976720441708538567300882,2286.931179558291461432699118,27.41053148700817644952208061,0.578183
2024-07-14,0,2408.545,2293.156466666666666666666667,2148.105579166666666666666667,True,True,偏多,False,2449.985,2286.628,0.01720540824439651324762460324,0.05061852695299444270295967067,5.3051,0.8022001716107881342957578557,True,63.32327244775664829784516054,18.716939228985746872131021,11.32342858315507548328282513,7.39351064583067138884819587,2352.84545,2421.154464516314023603237993,2284.536435483685976396762007,26.11906495222187813169907485,0.578183
2024-07-15,0,2422.435,2296.393966666666666666666667,2150.610983333333333333333333,True,True,偏多,False,2449.985,2286.628,0.01137285417358979704305791487,0.05606218536307475742383180560,5.808334586466165413533834586,0.8402638731492123812939439541,True,65.86156527076779934366750274,20.855262577721873865527690,13.22979538206843515973179810,7.62546719565343870579589190,2357.87945,2430.954580638200025047514305,2284.804319361799974952485695,26.9964888842060296937205695,0.578183
2024-07-16,0,2468.175,2300.035383333333333333333333,2153.258804166666666666666667,True,True,偏多,True,2469.865,2286.628,0.0006847164402848258328522086157,0.07355515715052619850699403405,6.771441353383458646616541353,0.8411876265623181708971358801,True,72.58906377294349523314832361,25.941695257469872235105961,15.77217535714872257480663068,10.16951990032114966029933032,2365.33395,2450.479215497207770466064278,2280.188684502792229533935722,28.64173967819131328702624311,0.578183
2024-07-17,1,2461.215,2303.628633333333333333333333,2155.814429166666666666666667,True,True,偏多,False,2483.548,2286.628,0.009073973626846902850827741583,0.07093529009046344996272166389,7.595187218045112781954887218,0.8840122708051405743343937058,True,70.31827885988247551327724286,29.075946556332607456455251,18.43292959698549955113635474,10.64301695934710790531889626,2371.85695,2465.018167863389913930374356,2278.695732136610086069625644,28.89040112974907662366722574,3.697619
2024-07-18,1,2441.148,2307.017216666666666666666667,2158.225804166666666666666667,True,True,偏多,False,2483.548,2286.628,0.01736887726594208954147802591,0.06329808762107008669691473028,7.764654887218045112781954887,0.8956973998614646056544513362,False,64.09281069200010343221980121,29.599420405226971433792098,20.66622775863379392766750339,8.93319264659317750612459461,2377.91945,2472.536046397196617822917910,2283.302853602803382177082090,29.29894390619557115054813819,3.697619
2024-07-19,0,2400.485,2309.986383333333333333333333,2160.479929166666666666666667,True,True,偏多,False,2483.548,2286.628,0.03460259072645736174148140897,0.04743083168609676794481115275,6.829207518796992481203007519,0.8076174533382275546761848278,False,53.71509473230967569766476184,26.428462077093188550693707,21.81867462232567285227274411,4.60978745476751569842096289,2383.0308,2470.668966369681651389963344,2295.392633630318348610036656,30.60209077003874463979469975,0.578183
2024-07-21,0,2411.435,2312.728383333333333333333333,2162.7142625,True,True,偏多,False,2483.548,2286.628,0.02990460037280706301434622953,0.05175631937000167949789233382,6.359569172932330827067669173,0.7516103785818862516478693591,False,55.79097721308656923327648570,24.516418235084177020622960,22.35822334487737368594278729,2.15819489020680333468017271,2387.22315,2471.820572606779220954386630,2302.625727393220779045613370,29.22551285789312002266650691,0.578183
2024-07-22,0,2395.565,2315.329383333333333333333333,2164.9020125,True,True,偏多,False,2483.548,2286.628,0.03672745260512655678305535437,0.04547444966010106175369902299,5.516399248120300751879699248,0.6343999230821211885698213694,False,52.14099938355854258007185850,21.473005900346812693409435,22.18117985597126148743611683,-0.70817395562444879402668183,2390.68765,2470.560641463385168493778990,2310.814658536614831506221010,29.16083336804361144961889927,0.578183
2024-07-23,0,2408.408,2317.778825,2166.883970833333333333333333,True,True,偏多,False,2483.548,2286.628,0.03119903272203048652886055851,0.05056452229024318138787115804,4.729610526315789473684210526,0.5404313059878742503417645800,False,54.72256019132382181885524149,19.868372237514441067320098,21.71861833227989740341291306,-1.85024609476545633609281506,2394.8668,2469.062878159428345893044391,2320.670721840571654106955609,28.77598812746906777464612075,0.578183
2024-07-24,0,2398.595,2320.034241666666666666666667,2168.854095833333333333333333,True,True,偏多,False,2483.548,2286.628,0.03541781751400298924995674551,0.04668024405954319090967837421,3.792415789473684210526315789,0.4090201973593146193110980262,False,52.39690990882826088309179832,17.601957006092902715628224,20.89528606704249846585597525,-3.29332906094959575022775125,2398.18965,2466.575994476876375878413109,2329.803305523123624121586891,29.50984611836413436217139784,0.578183
2024-07-25,0,2363.635,2321.837241666666666666666667,2170.7052625,True,True,偏多,False,2483.548,2286.628,0.05073245234564558402629847671,0.03257990341148273739388695801,2.224278195488721804511278195,0.1654083093274615107735103968,False,45.05112874680480334410035304,12.836851545508017651304069,19.28359916273560230294559400,-6.44674761722758465164152500,2399.8645,2462.936450775285205221440360,2336.792549224714794778559640,30.75414282419526762201629799,0.578183
2024-07-26,0,2386.765,2323.711408333333333333333333,2172.631166666666666666666667,True,True,偏多,False,2483.548,2286.628,0.04054986561307879074814654983,0.04195511497780468542148053956,1.386781954887218045112781955,0.0697866123778682528815354118,False,50.04147636351276492395740412,10.802346110058230006590796,17.58734855220012784367463440,-6.78500244214189783708383840,2401.269,2461.809770490637133945233954,2340.728229509362866054766046,31.05220405103846279187227671,0.578183
2024-07-28,0,2396.875,2325.527325,2174.490041666666666666666667,True,True,偏多,False,2483.548,2286.628,0.03616083441981747066492829205,0.04599614080834419817470664928,0.6195789473684210526315789474,0.0156863619709749583797300918,False,52.08962648637090447917667880,9.891752437155311139575088,16.04822932919116450285472512,-6.15647689203585336327963712,2403.280,2460.330749825046120948376141,2346.229250174953879051623859,29.9934751902500011638813998,0.578183
2024-07-29,0,2380.988,2327.18935,2176.173179166666666666666667,True,True,偏多,False,2483.548,2286.628,0.04307455560464815446360922441,0.03963060712611739328379647440,0.1025691729323308270676691729,0.0004212476036455750213270831,False,48.71016709021905910291799875,7.798258791010228709410928,14.39823522155497734416596570,-6.59997643054474863475503770,2402.79415,2460.427511714461876425567365,2345.160788285538123574432635,30.19944124808928679503272839,0.578183
2024-07-30,0,2409.675,2329.073683333333333333333333,2177.960791666666666666666667,True,True,偏多,False,2483.548,2286.628,0.03065683131542635417639308205,0.05106373266104350171703652982,-0.06528270676691729323308270677,0.0001734141045600362161328463,True,54.45602454316068530441814575,8.357609822765389441226348,13.19011014179705976357804216,-4.83250031903167032235169416,2403.981,2461.152786674897610724573263,2346.809213325102389275426737,30.63855258751148059538753351,0.578183
2024-07-31,0,2445.638,2331.479958333333333333333333,2179.936595833333333333333333,True,True,偏多,False,2483.548,2286.628,0.01550106761507631137560015014,0.06501779903648863813859614546,-0.1384879699248120300751879699,0.0008004142688688397042175485,True,60.43934782695316434813907985,11.569447698667405519529297,12.86597765317112891476829313,-1.29652995450372339523899613,2408.18015,2464.632296312695675928966582,2351.728003687304324071033418,31.81315597411780341000270969,0.578183
2024-08-01,0,2445.705,2333.732958333333333333333333,2181.904304166666666666666667,True,True,偏多,True,2483.548,2286.628,0.01547324800006542080913274495,0.06504341284006043247243637315,-0.2855052631578947368421052632,0.0035792981108529999338930397,True,60.44977253955064373779774017,13.959344066412091557863182,13.08465093581932144338727090,0.87469313059277011447591110,2412.2195,2467.254757595472377329069689,2357.184242404527622670930311,31.83007340453796030928823043,0.578183
2024-08-02,0,2443.055,2336.078791666666666666666667,2183.8640125,True,True,偏多,False,2483.548,2286.628,0.01657473941438076506668904302,0.06402925844895018736786523431,-0.4690849624060150375939849624,0.0102431004590285094825232283,True,59.77880175850198254272425246,15.461293140099100943362800,13.55997937667527734338237672,1.90131376342382359998042328,2415.73755,2469.189261454264960701102211,2362.285838545735039298897789,34.33006816135667743005335683,0.578183
2024-08-04,0,2440.865,2338.455791666666666666666667,2185.772220833333333333333333,True,True,偏多,False,2483.548,2286.628,0.01748683356105315123941717383,0.06318948405585724732830369562,-0.1079511278195488721804511278,0.0005206075735034628003793741,True,59.19405215995287805436392537,16.287135939824260992476600,14.10541068930507407320122138,2.18172525051918691927537862,2416.98705,2471.549990047160215319921490,2362.424109952839784680078510,32.5758490069740576136209742,0.578183
2024-08-05,0,2404.675,2340.524516666666666666666667,2187.523595833333333333333333,True,True,偏多,False,2483.548,2287.665,0.03279985860875170241300799484,0.04865938224500192333683345982,-0.3857278195488721804511278195,0.0065989044958906592674847770,False,50.41734083242895913159988241,13.861603820636574295999074,14.05664931557137411776079190,-0.19504549493479982176171790,2416.6941,2471.455035820710734088396144,2361.933164179289265911603856,36.99835979219019635550519033,0.578183
2024-08-06,0,2383.748,2342.372125,2189.0990125,True,True,偏多,False,2483.548,2287.665,0.04186684162923262022663469461,0.04030753250763084017270281926,-0.9850563909774436090225563910,0.0403747793827524331938958123,False,46.15565225327906725871329083,10.133900834713041137265980,13.27209961939970752166182952,-3.13819878468666638439584952,2415.45425,2471.991129244878736055048287,2358.917370755121263944951713,36.97704837846232518725481959,0.578183
2024-08-07,0,2384.685,2344.269791666666666666666667,2190.6906375,True,True,偏多,True,2483.548,2293.464,0.04145746712878220813231097608,0.03825285100547871102472653621,-1.314394736842105263157894737,0.0683494624197079559876726994,False,46.37422331908673637481382886,7.172596206599583065469215,12.05219893683968263042330662,-4.87960273024009956495409162,2413.56675,2471.547533581717831075206116,2355.585966418282168924793884,36.33511635142930195959376105,0.578183
2024-08-08,0,2424.445,2346.108041666666666666666667,2192.4781375,True,True,偏多,False,2483.548,2293.464,0.02437795041751823613239318689,0.05402514802356828057555440524,-0.2967556390977443609022556391,0.0042284870869086816722104436,True,54.76526809389919888025456954,7.942484646606422660893753,11.23025607879303063651739590,-3.28777143218660797562364290,2411.38025,2464.010119910061529621021974,2358.750380089938470378978026,36.93710804061292324819420669,0.578183
2024-08-09,0,2430.925,2348.184625,2194.3418875,True,True,偏多,False,2483.548,2293.464,0.02164731532235671606487242511,0.05654678774540555549842138281,0.7693195488721804511278195489,0.0336333411165566396946817868,True,55.97436574666964749483346017,8.972084026707434621287408,10.77862166837591143347139832,-1.80653764166847681218399032,2409.86575,2458.243713524212136889699506,2361.487786475787863110300494,35.73224318056914301618033479,0.578183
2024-08-11,0,2427.765,2350.373875,2196.1866375,True,True,偏多,False,2483.548,2293.464,0.02297710033714136252891033523,0.05531878085399534139424532440,1.518953383458646616541353383,0.1390396829245429135748500050,True,55.19950915240559630003393826,9.424424463804154138732153,10.50778222746155997452354926,-1.08335776365740583579139626,2409.1966,2456.175287773925742124710144,2362.217912226074257875289856,33.64208295338563280073888231,0.578183
2024-08-12,0,2475.425,2352.933458333333333333333333,2198.230554166666666666666667,True,True,偏多,False,2483.548,2293.464,0.003281456719553208034983891655,0.07350697354999646525344132826,2.327521804511278195488721805,0.2391413095934966247418712774,True,63.42355129932608443829092128,13.473358715503246021189065,11.10089752506989718385665241,2.37246119043334883733241259,2412.9436,2467.833479462064771417114501,2358.053720537935228582885499,34.9647913138580876006861050,0.578183
2024-08-13,0,2463.975,2355.359791666666666666666667,2200.196875,True,True,偏多,False,2483.548,2293.464,0.007943668259621140636573017178,0.06920159498371533802088089368,3.032721804511278195488721805,0.3489349936122769504301568068,True,60.54789020459654537300215236,15.578667787740389279282782,11.99645157760399560294187833,3.58221621013639367634090367,2415.5706,2474.779382572858226266446864,2356.361817427141773733553136,33.78730622001108134349424036,0.578183
2024-08-14,0,2449.295,2357.618516666666666666666667,2202.117208333333333333333333,True,True,偏多,False,2483.548,2293.464,0.01398484053574600037970109766,0.06362279758052827446265149768,3.198621052631578947368421053,0.3754577814948474194218094946,True,56.98074706280157974664700093,15.879537655872163748965520,12.77306879325762923214660666,3.10646886261453451681891334,2418.2571,2478.458703214200201231504365,2358.055496785799798768495635,34.35357006143886124753036605,0.578183
2024-08-15,0,2457.195,2359.8406,2204.119416666666666666666667,True,True,偏多,False,2483.548,2293.464,0.01072483054865405472500147526,0.06663329528181524054867440313,3.599364661654135338345864662,0.4436033120902994826309620071,True,58.40107727562522294072314190,16.564497949640680342033585,13.53135462453423945412400233,3.03314332510644088790958267,2420.69645,2483.020300755469209855186040,2358.372599244530790144813960,34.60902934276465687270676847,0.578183
2024-08-16,0,2506.844,2362.12515,2206.361233333333333333333333,True,True,偏多,False,2509.638,2293.464,0.001114548811174528610475961009,0.08511897828504685572775968509,4.481073684210526315789473684,0.5182022271648212965991127284,True,65.99887669351797500834726126,20.872982533651447697377128,14.99968020635768110277462746,5.87330232729376659460250054,2426.1089,2497.897960230372148255797424,2354.319839769627851744202576,36.35645581828146709608485644,0.578183
2024-08-18,0,2506.305,2364.295316666666666666666667,2208.675816666666666666666667,True,True,偏多,False,2509.998,2293.464,0.001473483873670602739889997426,0.08492222614566064385619467702,4.640302255639097744360902256,0.5249103931863304887025315885,True,65.85824641216139103985857537,23.967709970883228984926888,16.79328615926279067920507957,7.17442381162043830572180843,2433.2424,2507.105835707797941559460875,2359.378964292202058440539125,34.32028040268993373207879526,0.578183
2024-08-19,0,2503.515,2366.417233333333333333333333,2210.9444,True,True,偏多,False,2509.998,2293.464,0.002589559079933613339644459889,0.08390243317895039574358452016,4.910342857142857142857142857,0.5458314756121394392752039128,True,65.08516640361820680578622800,25.896653575883818552267277,18.61395964258699625381751906,7.28269393329682229844975794,2439.0799,2515.729227652367571175259974,2362.430572347632428824740026,33.42811751678350989407316703,0.578183
2024-08-20,0,2512.795,2368.358483333333333333333333,2213.3387625,True,True,偏多,False,2531.558,2293.464,0.007466983976010776844111835625,0.08728567193105685103639572667,5.297022556390977443609022556,0.5766672210095715709802332222,True,66.49401749824397667552997788,27.853100519107826691325789,20.46178781789116234131917305,7.39131270121666435000661595,2444.8759,2525.320150523949814470745839,2364.431649476050185529254161,33.49203769415611633021079796,0.578183
2024-08-21,0,2512.585,2370.151316666666666666666667,2215.7235,True,True,偏多,False,2531.558,2293.464,0.007551187323015937769269497350,0.08720938794110448004744118109,5.255539097744360902255639098,0.5741116685079825268517161309,True,66.42869439083529314545920324,29.051762933096917664191281,22.17978284093231340589359464,6.87198009216460425829768636,2451.45575,2531.447446003710285127510197,2371.464053996289714872489803,32.96382071600210802091002668,0.578183
2024-08-22,0,2487.475,2371.808316666666666666666667,2217.977791666666666666666667,True,True,偏多,False,2531.558,2293.464,0.01772198715564980552568367521,0.07799515573020834380245027588,5.110403759398496240601503759,0.5558872403337791998132978857,False,58.96901385603536146014457520,27.656734762483277626815911,23.27517322524250625007805791,4.38156153724077137673785309,2455.34575,2534.393166716487326332374427,2376.298333283512673667625573,33.74069066485910030513073906,0.578183
2024-08-23,0,2512.235,2373.341983333333333333333333,2220.268875,True,True,偏多,False,2531.558,2296.425,0.007691557517509309439602584949,0.08590358784110562905142233907,5.769827067669172932330827068,0.6480268984700215047224663737,False,63.34059491922335373417797226,28.223744204167938251358674,24.26488742102759265033418113,3.95885678314034560102449287,2458.6756,2541.334971861634661226648522,2376.016228138365338773351478,33.60492704594059314047854341,0.578183
2024-08-25,0,2515.785,2375.047566666666666666666667,2222.583375,True,True,偏多,False,2531.558,2318.395,0.006269613659354833580771011831,0.07846059977303306920106447888,6.380876691729323308270676692,0.7315716419862628750177800473,False,63.93391356431389050780573242,28.629535143332069073990654,25.13781696548848793506547570,3.49171817784358113892517830,2462.1796,2548.215110769449146102278068,2376.144089230550853897721932,31.66743225694483648758721888,0.578183
2024-08-26,0,2515.335,2376.51965,2224.8035,True,True,偏多,False,2531.558,2318.395,0.006449637920992631200217863625,0.07829573396784126170072773607,6.838272180451127819548872180,0.7930998154644710237504472073,False,63.79297032400864671137916539,28.585302572667703546719520,25.82731408692433105739628456,2.75798848574337248932323544,2465.7936,2554.347619525710971534945096,2377.239580474289028465054904,30.69997281002020530990241753,0.578183
2024-08-27,0,2525.178,2377.939675,2227.073416666666666666666667,True,True,偏多,False,2531.558,2318.395,0.002526554563678283273495967413,0.08188848469296025864315307673,7.293011278195488721804511278,0.8470096247444861929368875855,False,65.58035880851436869522064110,29.010085572031317979236785,26.46386838394572844176438465,2.54621718808558953747240035,2470.00925,2561.397115318925137917855704,2378.621384681074862082144296,30.33304618073304778776653056,0.578183
2024-08-28,0,2508.094,2379.3785,2229.2966625,True,True,偏多,False,2531.558,2318.945,0.009355311244315404446563805025,0.07541543498768387468731235751,6.805485714285714285714285714,0.8019418285623396892299938898,False,60.04028484786890854835945933,27.649467288660573526317413,26.70098816488869745867499032,0.94847912377187606764242268,2475.1802,2562.822449080223859805127390,2387.537950919776140194872610,30.46711431068068723149749266,0.578183
2024-08-29,0,2519.435,2380.56775,2231.539329166666666666666667,True,True,偏多,False,2531.558,2326.685,0.004811793120282920575446479072,0.07650524820048939543985060142,5.994030827067669172932330827,0.7686416803110799012873525977,False,62.31613510340444349663573662,27.173057325465140424727394,26.79540199700398605188547106,0.37765532846115437284192294,2481.96455,2560.811123986381932078713707,2403.117976013618067921286293,30.0796775742034952863905289,0.578183
2024-08-30,0,2502.925,2381.898083333333333333333333,2233.637954166666666666666667,True,True,偏多,False,2531.558,2347.515,0.01143981541596332291219273450,0.06209135311685328166045726500,4.757472932330827067669172932,0.7046194561791023934507607978,False,57.20804215931630029410750563,25.173100148312420582459118,26.47094162726567295800020045,-1.29784147895325237554108245,2487.87655,2553.238474517183549649802047,2422.514625482816450350197953,30.26520060461753133736263398,0.578183
2024-09-01,0,2502.885,2383.050583333333333333333333,2235.773525,True,True,偏多,False,2531.558,2347.515,0.01145597979931159442003927468,0.06207636387608699560706944186,3.970328571428571428571428571,0.6075201418436488188852673731,False,57.19580952217864809847298695,23.316118312670689417349111,25.83997696434667624986998256,-2.52385865167598683252087156,2491.79855,2550.543688077886922266942562,2433.053411922113077733057438,28.34268627571627909897958869,0.578183
2024-09-02,0,2497.175,2384.011833333333333333333333,2237.869983333333333333333333,True,True,偏多,False,2531.558,2349.455,0.01376875869732798061809845125,0.05915484497482154834963508765,3.085973684210526315789473684,0.4740650908675072239163805266,False,55.37551530623376533539572614,21.140008688590464835939857,24.89998330919543396708395745,-3.75997462060496913114410045,2495.11105,2546.800159566619543383329485,2443.421940433380456616670515,27.54749439887940202048104664,0.578183
2024-09-03,0,2493.155,2384.933333333333333333333333,2239.922691666666666666666667,True,True,偏多,False,2531.558,2349.455,0.01540337443921456949126708929,0.05763781233015997801981826240,1.994671428571428571428571429,0.3071790640945715287132145615,False,54.07080280434654375892742041,18.873483955324300678585713,23.69468343842120730938430856,-4.82119948309690663079859556,2498.38055,2539.885642012788021284671126,2456.875457987211978715328874,27.93124479895944473330382902,0.578183
2024-09-04,0,2495.695,2385.999,2241.9785125,True,True,偏多,False,2531.558,2349.455,0.01436994504536812390937193848,0.05859690386846149068696295020,1.593850375939849624060150376,0.2092559326217506973589420840,False,54.79552378045364382596023938,17.085255358545120205689040,22.37279782244598988864525485,-5.28754246390086968295621485,2499.39405,2539.576321147733797551844756,2459.211778852266202448155244,27.96665588474805582378212695,0.578183
2024-09-05,0,2517.125,2387.143416666666666666666667,2244.070220833333333333333333,True,True,偏多,False,2531.558,2353.005,0.005733922629984605452649351939,0.06520137061131250931121815563,1.287901503759398496240601504,0.1577625044630709134004491883,True,60.46378897774251392680645357,17.199033462395675445377527,21.33804495043592699999170928,-4.13901148804025155461418228,2502.05155,2539.445950471059834869694820,2464.657149528940165130305180,28.09639475012319469351197503,0.578183
2024-09-06,0,2497.035,2388.032916666666666666666667,2245.956554166666666666666667,True,True,偏多,False,2531.558,2353.005,0.01382559715822966037720736794,0.05768040896503252857889456896,0.3832383458646616541353383459,0.0237081624134479200443826417,False,53.66957354991611189993473355,15.489554387493453192194688,20.16834683784743223843230502,-4.67879245035397904623761702,2504.43855,2533.142775329905700139304040,2475.734324670094299860695960,29.24022369654296650111826253,0.578183
2024-09-08,0,2496.745,2388.952416666666666666666667,2247.843220833333333333333333,True,True,偏多,False,2531.558,2353.005,0.01394335424722989332110407751,0.05757095738651724545358056189,-0.4726203007518796992481203008,0.0794893694117441000822598563,False,53.57598625954111215844243018,13.950565888496060222411043,18.92479064797715783522805262,-4.97422475948109761281700962,2506.41605,2525.748356271885928302553301,2487.083743728114071697446699,27.34513628964704032246695806,0.578183
2024-09-09,0,2506.625,2390.39375,2249.787470833333333333333333,True,True,偏多,False,2531.558,2353.005,0.009946840871690021443175584701,0.06128559317807809305340846756,-0.4628781954887218045112781955,0.0762519103432484159575762042,True,56.36751622930979718207409871,13.373973008785896952951936,17.81462712013890565877282930,-4.44065411135300870582089330,2506.4051,2525.736672361295394639029816,2487.073527638704605360970184,26.97119798324368029943360391,0.578183
2024-09-10,0,2518.555,2392.022083333333333333333333,2251.6495,True,True,偏多,False,2531.558,2353.005,0.005162881096501763908272799284,0.06573213608596993117084995166,-0.2908887218045112781954887218,0.0280136682183170419709637510,True,59.53184226947736719707847195,13.721497413471257389097058,16.99600117880537600483767504,-3.27450376533411861574061704,2507.0176,2527.060830152847120365274404,2486.974369847152879634725596,26.37782669872627456375977506,0.578183
2024-09-11,0,2511.778,2393.652858333333333333333333,2253.290595833333333333333333,True,True,偏多,False,2531.558,2353.005,0.007874899772193243192670689846,0.06321139845957723970828632148,-0.2781872180451127819548872180,0.0255319601589783722811912546,True,57.00283838687944196887290676,13.296788643199431435773754,16.25615867168418709102489083,-2.95937002848475565525113683,2507.43075,2527.508771405258039021025075,2487.352728594741960978974925,26.49798193453154066634836256,0.578183
2024-09-12,0,2558.344,2395.551183333333333333333333,2255.47555,True,True,偏多,False,2559.978,2353.005,0.0006386944054435212778265940780,0.08026246665811947103282435826,0.5338436090225563909774436090,0.0423476424771193996056811299,True,67.28641963494660157719129168,16.527175918420087097007362,16.31036212103136709222138506,0.21681379738872000478597694,2509.7082,2539.625696536976485459482539,2479.790703463023514540517461,28.11191179635071633303776524,0.578183
2024-09-13,0,2577.615,2397.554266666666666666666667,2257.803633333333333333333333,True,True,偏多,True,2585.965,2353.005,0.003239428696682786219043573226,0.08713869216310426498914694398,1.549363909774436090225563910,0.1800349938252490012349015282,True,70.43754114953012608063601808,20.407049983981340539888310,17.12969969362136178175477005,3.27735029035997875813353995,2512.9597,2555.071207829095837304042486,2470.848192170904162695957514,28.19963238232566516639221058,0.578183
2024-09-15,0,2579.025,2399.580766666666666666666667,2260.103633333333333333333333,True,True,偏多,False,2585.965,2353.005,0.002690939405395449830846928587,0.08763777008753307936138657051,2.090763909774436090225563910,0.2389965702614686846631303666,True,70.66022737850580482852908383,23.326757015586523829440183,18.36911115801439419129185264,4.95764585757212963814833036,2517.5372,2566.858552907640317485508650,2468.215847092359682514491350,26.40537292644526051164990982,0.578183
2024-09-16,0,2583.545,2401.668433333333333333333333,2262.418341666666666666666667,True,True,偏多,False,2589.515,2353.005,0.002310778407188572291173561908,0.08923397889334228743838408079,2.950013533834586466165413534,0.3564074381172667503289697750,True,71.40386967022371318071164973,25.709014581481336676474384,19.83709184270778268832835891,5.87192273877355398814602509,2521.1027,2578.089785895314913882778922,2464.115614104685086117221078,25.54784628884202761796063055,0.578183
2024-09-17,0,2573.885,2404.0236,2264.791120833333333333333333,True,True,偏多,False,2589.515,2353.005,0.006072532378097700557717225129,0.08581579985119770308308257750,3.620082706766917293233082707,0.4629006919593831465560442506,True,67.46810413531818193093132741,26.511877180612812990515717,21.17204891028878874876583053,5.33982827032402424174988647,2524.0077,2585.369826029335065730443025,2462.645573970664934269556975,25.56950012535331135953487123,0.578183
2024-09-18,0,2559.175,2405.986408333333333333333333,2267.092120833333333333333333,True,True,偏多,False,2599.995,2353.005,0.01595045278263502886672462805,0.08056111832914904217179364444,3.985535338345864661654135338,0.5310274749842104234841552207,False,61.87511803748648551011658648,25.665323636563538729545072,22.07070385554373874492167882,3.59461978101979998462339318,2526.1997,2589.274225029047979347892155,2463.125174970952020652107845,27.55382154497093197671095186,0.578183
2024-09-19,0,2587.135,2408.344908333333333333333333,2269.6097875,True,True,偏多,False,2599.995,2353.005,0.004970749497030498988263078657,0.09049779002641918570155790092,4.839907518796992481203007519,0.6653576880065246442361626068,True,67.40597476345577315154211947,26.940014465168084095114565,23.04456597746860781496025606,3.89544848769947628015430894,2529.29755,2597.725778036315539244134611,2460.869321963684460755865389,28.71212000604443683551731244,0.578183
2024-09-20,0,2621.504,2411.014316666666666666666667,2272.272658333333333333333333,True,True,偏多,True,2625.574,2353.005,0.001552543883205976416591391812,0.1024217395815531847367007641,5.822349624060150375939849624,0.7314169275972182903664660298,True,72.65700375313925336698784142,30.373381758631268252240355,24.51032913370113990241627585,5.86305262493012834982407915,2534.96805,2613.481054585164106429955021,2456.455045414835893570044979,29.58411143418411991869464726,0.578183
2024-09-22,0,2620.165,2413.7334,2274.720158333333333333333333,True,True,偏多,False,2625.574,2355.728,0.002064373808519692462115935447,0.1009237967837903338148551713,6.794190225563909774436090226,0.8222862628009325419662303505,True,72.16918712896607645291664160,32.610391669365885261358962,26.13034164083408897420481308,6.48005002853179628715414892,2540.00455,2626.412162450466423010741240,2453.596937549533576989258760,27.80174633174239706735931531,0.578183
2024-09-23,0,2626.205,2416.23565,2277.181658333333333333333333,True,True,偏多,False,2634.715,2364.164,0.003240417256078638187041757974,0.09977933938896620789313857829,7.440158646616541353383458647,0.8635752921089349333492692570,True,73.04822488933130317345132204,34.473229728552654880909335,27.79891925837780215554571746,6.67431047017485272536361754,2546.16855,2638.501755380242269589882732,2453.835344619757730410117268,27.3180501651893687054050785,0.578183
2024-09-24,0,2658.035,2419.0934,2279.842283333333333333333333,True,True,偏多,True,2664.204,2364.164,0.002320887422475625791232997308,0.1105594922564977511582804591,8.354826315789473684210526316,0.8915744013002006962020184318,True,77.14504099392653481177991294,38.079006216763911364820205,29.85493665005502399740061497,8.22406956670888736741959003,2553.92605,2655.969339724459589278616370,2451.882760275540410721383630,28.34740372481869951216185861,0.578183
2024-09-25,0,2656.188,2421.989175,2282.504129166666666666666667,True,True,偏多,False,2670.348,2364.164,0.005330947960008854794916624877,0.1099410132114142523044302587,8.919642105263157894736842105,0.9116193745106730026542226668,True,76.41914200184074256312996603,40.322756955769723010450428,31.94850071119796380001057758,8.37425624457175921043985042,2561.8767,2669.614096406447468967973084,2454.139303593552531032026916,27.79637488733164954700744014,0.578183
2024-09-26,0,2672.495,2424.7066,2285.1914625,True,True,偏多,False,2685.405,2364.164,0.004830691918974591159197678574,0.1153719651486719339044600645,9.414824060150375939849624060,0.9218444017461024596691682437,True,78.35558980153324822571251967,42.922006030993424749785214,34.14320177515705598996550486,8.77880425583636875981970914,2570.8437,2683.929797630256920984620300,2457.757602369743079015379700,28.00520525252224600793548013,0.578183
2024-09-27,0,2657.955,2427.1881,2287.762670833333333333333333,True,True,偏多,False,2685.405,2364.164,0.01032748861436706039041293024,0.1105327215848274331205757810,9.472712781954887218045112782,0.9241873542699461392906667290,False,72.62856977251150334742305370,43.309429026898109306246539,35.97644722550526665322171169,7.33298180139284265302482731,2578.9567,2692.593809680068860857355780,2465.319590319931139142644220,28.22076202019922843594008869,0.578183
2024-09-29,0,2663.418,2429.714266666666666666666667,2290.3931,True,True,偏多,False,2685.405,2364.164,0.008255181875319608112583154428,0.1123571290724925640661736160,9.703012781954887218045112782,0.9371520606491340711038005120,False,73.41480068654731116878159002,43.555205687200661488018272,37.49219891784434562018102375,6.06300676935631586783724825,2586.27135,2701.863247174975028610282862,2470.679452825024971389717138,26.76785044732785497623008236,0.578183
2024-09-30,1,2635.595,2432.191933333333333333333333,2292.821933333333333333333333,True,True,偏多,False,2685.405,2364.164,0.01889895829973876866514012965,0.1029866121312265351846546985,8.998641353383458646616541353,0.8927594560620423907033012327,False,63.42273997856829012094112484,41.031911552825730445383381,38.20014144484062258522149520,2.83177010798510786016188580,2593.19935,2703.033029780429827862404954,2483.365670219570172137595046,27.80728970109015104935650505,3.697619
2024-10-01,1,2660.218,2434.729625,2295.352391666666666666666667,True,True,偏多,False,2685.405,2364.164,0.009468021041884537282282880576,0.1112893755323811807904464972,8.433087218045112781954887218,0.8730586656784120541176805502,False,67.62260246051485635068202204,40.551599492528269025138001,38.67043305437815187320479636,1.88116643815011715193320464,2601.373,2705.458611683844179635728602,2497.287388316155820364271398,28.61341186529799740297389754,3.697619
2024-10-02,0,2660.135,2436.966458333333333333333333,2297.874725,True,True,偏多,False,2685.405,2378.868,0.009499517881611271608395814498,0.1057341074795076189742249923,7.776523308270676691729323308,0.8472362200751894014166596599,False,67.59442793517137342559246719,39.706539052209422966254720,38.87765425394440609181478109,0.82888479826501687443993891,2609.0485,2706.482165570992452526380996,2511.614834429007547473619004,28.15816816063385473133290486,0.578183
2024-10-03,0,2655.615,2439.282375,2300.331254166666666666666667,True,True,偏多,False,2685.405,2378.868,0.01121774052338158957529611785,0.1042120186849373873848430590,7.012914285714285714285714286,0.8074059768375716752933633477,False,65.98216338767536093264690146,38.231388689541273797998534,38.74840114106377963305153167,-0.51701245152250583505299767,2615.9015,2705.908932063135764144531283,2525.894067936864235855468717,28.04115614916000796480912594,0.578183
2024-10-04,0,2653.545,2441.274208333333333333333333,2302.723379166666666666666667,True,True,偏多,False,2685.405,2383.085,0.01200657987710779353657088913,0.1019240299297731902040477927,5.906623308270676691729323308,0.7713720105053873693538117460,False,65.21499715105987442517746749,36.474830557085700816624046,38.29368702426816386976603454,-1.81885646718246305314198854,2622.98985,2700.549020777606950895216065,2545.430679222393049104783935,28.7522878527914359673227598,0.578183
2024-10-06,0,2650.055,2443.189791666666666666666667,2305.1542125,True,True,偏多,False,2685.405,2416.815,0.01333934578716290793964653564,0.08801326764916199852455892425,5.272544360902255639097744361,0.7053340429935810611306101627,False,63.86672567608810332398023599,34.404537654938619981454586,37.51585715040225509210374483,-3.11131949546363511064915883,2627.5754,2699.977079407041381141985078,2555.173720592958618858014922,27.03212443473490482679970553,0.578183
2024-10-07,0,2642.855,2444.996041666666666666666667,2307.571575,True,True,偏多,False,2685.405,2423.695,0.01610001305406463843078791686,0.08292547264227511535820164179,4.701975939849624060150375940,0.6194411146382298345342944815,False,61.06198608162596676533599450,31.816079823855424227615784,36.37590168509288891920615266,-4.55982186123746469159036866,2630.8374,2699.735335575458282377024545,2561.939464424541717622975455,26.65675840368241162488544085,0.578183
2024-10-08,0,2621.865,2446.6658,2309.897616666666666666666667,True,True,偏多,False,2685.405,2423.695,0.02423465739082675881481311967,0.07558360174913658788686679139,3.755708270676691729323308271,0.4458445712247406393954071639,False,53.66322073029402586837727942,27.751093433988471152925944,34.65094003487200536595011093,-6.89984660088353421302416693,2632.9794,2697.846716147348041795721551,2568.112083852651958204278449,28.20341851770509650882219507,0.578183
2024-10-09,0,2608.745,2448.554466666666666666666667,2312.186325,True,True,偏多,False,2685.405,2432.015,0.02938577745237652587738548612,0.06774521848628363446791464861,2.628959398496240601503759398,0.2399971926524624967571727184,False,49.61635095994609614358356108,23.203413573733867220870646,32.36143474264437773693421794,-9.15802116891051051606357194,2634.2394,2696.127424303252725503384827,2572.351375696747274496615173,27.55460290929758961533489542,0.578183
2024-10-10,0,2633.005,2451.063608333333333333333333,2314.645116666666666666666667,True,True,偏多,False,2685.405,2432.015,0.01990121553130358658642881423,0.07633483415337228755737265976,1.658360902255639097744360902,0.1192622692798476186644866989,False,56.19461947349862828698504084,21.311260821981868502355860,30.15139995851187589001854635,-8.84013913653000738766268635,2637.1954,2692.575449087735557910958799,2581.815350912264442089041201,28.02363127291919035709668861,0.578183
2024-10-11,0,2656.835,2453.758858333333333333333333,2317.1981875,True,True,偏多,False,2685.405,2432.015,0.01075339642845716802134871003,0.08461948145067345168217070311,0.7070255639097744360902255639,0.0363050312671093394075885748,True,61.51057491303580153740244499,21.486910252125096076142215,28.41850201723451992724328008,-6.93159176510942385110106508,2642.0784,2684.871872578887542297213152,2599.284927421112457702786848,28.11358618199639104587549656,0.578183
2024-10-13,0,2647.865,2456.348525,2319.708645833333333333333333,True,True,偏多,False,2685.405,2450.565,0.01417745995358524698200248124,0.07451286224939715582176583776,-0.07783609022556390977443609023,0.0006729699012574164480334131,True,58.62653551214352299196408463,20.664106697369788949323636,26.86762295326157373165935126,-6.20351625589178478233571526,2645.1149,2679.717522350914388465404326,2610.512277649085611534595674,26.95190145471093454259867538,0.578183
2024-10-14,0,2649.255,2458.822608333333333333333333,2322.229729166666666666666667,True,True,偏多,False,2685.405,2470.705,0.01364534557828521603243175912,0.06739630575388175166225976737,-0.3914954887218045112781954887,0.0188472999921832585578838237,True,58.94775020803923384537604689,19.894854833132784346268355,25.47306932923581585458115201,-5.57821449610303150831279701,2646.50245,2679.389734159534973677798875,2613.615165840465026322201125,26.71583706508872493241305571,0.578183
2024-10-15,0,2660.345,2461.328108333333333333333333,2324.853395833333333333333333,True,True,偏多,False,2685.405,2470.705,0.009419830886595535541442933153,0.07128398760311162649957054442,-0.6095992481203007518796992481,0.0512158186005522504095381702,True,61.51499063675973014861003266,19.950114998381481203176401,24.36847846306494892430020181,-4.41836346468346772112380081,2648.51145,2679.576222958932115781329368,2617.446677041067884218670632,27.01113441758238743724069459,0.578183
2024-10-16,0,2673.998,2464.1323,2327.53395,True,True,偏多,False,2685.405,2470.705,0.004265896982720256335270258243,0.07602586090191540906163729367,-0.5977127819548872180451127820,0.0488554824782940751244018848,True,64.46151300507492459301643501,20.855186466899617131486962,23.66582006383188256573755385,-2.81063359693226543425059185,2650.9011,2682.087246192820939830463263,2619.714953807179060169536737,26.99176767346935976315207355,0.578183
2024-10-17,0,2693.635,2467.047058333333333333333333,2330.312866666666666666666667,True,True,偏多,False,2696.605,2470.705,0.001102599275699937073879720155,0.08276176987602254945454747952,0.1254120300751879699248120301,0.0015908059762200754108479194,True,68.22922492398520743319755104,22.893106432640041381513904,23.51127733759351432889282388,-0.61817090495347294737891988,2652.6811,2688.943488922408297395678036,2616.418711077591702604321964,26.7559985539358340657840683,0.578183
2024-10-18,0,2721.105,2470.331308333333333333333333,2333.171116666666666666666667,True,True,偏多,False,2722.405,2470.705,0.0004777470917145791874991960986,0.09202143981948509888446054085,1.158268421052631578947368421,0.0808577871468057800520236659,True,72.60468091992378102368780356,26.420216304002025721204369,24.09306513087521660735513290,2.32715117312680911384923610,2655.92695,2702.902741959157005786425589,2608.951158040842994213574411,26.96342722865470306108520628,0.578183
2024-10-20,0,2723.315,2473.644366666666666666666667,2335.982116666666666666666667,True,True,偏多,False,2724.915,2471.718,0.0005875192550255846275586922556,0.09238630125417000971242768464,2.382555639097744360902255639,0.2488224240695646937980171510,True,72.92770792804337597408155131,29.058832684083329397928189,25.08621864151683916546974412,3.97261404256649023245844488,2658.46795,2713.551777995065847638399914,2603.384122004934152361600086,25.42796814089365284243626297,0.578183
2024-10-21,0,2721.325,2476.734675,2338.7897,True,True,偏多,False,2740.418,2471.718,0.007016067540628186637024243705,0.09172259836660450332099253121,3.272414285714285714285714286,0.3763672822455922782557820083,True,72.10326069832545324159307187,30.636223492590523681424877,26.19621961173157606866077070,4.44000388085894761276410630,2661.63645,2723.152461419710884893387943,2600.120438580289115106612057,25.48689898797267763940510133,0.578183
2024-10-22,0,2746.408,2480.215841666666666666666667,2341.675170833333333333333333,True,True,偏多,False,2748.775,2471.718,0.0008618530094581722744763341790,0.1000179143084348720219282787,4.511566165413533834586466165,0.5254534822543374351183978100,True,75.81462961935091250962826956,33.523863317003960528250773,27.66174835278605296057877116,5.86211496421790756767200184,2665.78595,2737.563067619684339063042334,2594.008832380315660936957666,25.68569191740320066516187981,0.578183
2024-10-23,0,2721.178,2483.267866666666666666666667,2344.563225,True,True,偏多,False,2758.338,2471.718,0.01365585051768021055586955355,0.09167353256567560078760007614,4.826181954887218045112781955,0.5622146051673986495670675297,True,66.26498437688146680634550614,33.391571289783673607350826,28.80771294018557708993318213,4.58385834959809651741764387,2670.0651,2744.294927314631414276413935,2595.835272685368585723586065,27.40121392330297204622174554,0.578183
2024-10-24,0,2733.688,2486.242616666666666666666667,2347.580820833333333333333333,True,True,偏多,False,2758.338,2471.718,0.009017122656279721753177392592,0.09583024836777276704583697920,5.5796,0.6628831614352230952417873338,True,68.39101499039968817941484581,33.905341681109275893171656,29.82723868837031685058087690,4.07810299273895904259077910,2673.7386,2752.771950298212715967810905,2594.705249701787284032189095,27.26334150020990261434876371,0.578183
2024-10-25,0,2746.625,2490.019366666666666666666667,2350.5931125,True,True,偏多,False,2758.338,2471.718,0.004264506439721476357347653939,0.1000890183406908478587357211,6.406040601503759398496240602,0.7583735630297233160479315509,True,70.46402260331155721398196289,34.953494076807576534277188,30.85248976605776878732013912,4.10100431074980774695704888,2678.0631,2762.897875491893653033444328,2593.228324508106346966555672,27.51238853590919528475242344,0.578183
2024-10-27,0,2735.655,2493.663758333333333333333333,2353.535945833333333333333333,True,True,偏多,False,2758.338,2471.718,0.008291615719087384922440877962,0.09648036759021148500084988787,6.874338345864661654135338346,0.8167309788585539974603132233,False,66.48244606014537587455338694,34.501265964299890979197167,31.58224500570619322569554470,2.91902095859369775350162230,2682.0651,2769.788854292437803758832134,2594.341345707562196241167866,26.72650364048710990727010748,0.578183
2024-10-28,0,2744.285,2497.284483333333333333333333,2356.522404166666666666666667,True,True,偏多,False,2758.338,2471.718,0.005120823821141025804535607636,0.09932168123937564793744089991,7.312876691729323308270676692,0.8647844824298070928294034838,False,68.01367737366926857972347791,34.442212417870224051664988,32.15423848813899939088943336,2.28797392973122466077555464,2686.6021,2777.292251403335963335864887,2595.911948596664036664135113,26.33482480902374491389367123,0.578183
2024-10-29,0,2774.885,2501.116791666666666666666667,2359.6651125,True,True,偏多,False,2775.265,2471.718,0.0001369426120361744720952399829,0.1092538970083444899518358418,7.997001503759398496240601504,0.9086702037689679773392824962,True,72.76478256365053704181207104,36.444467190121963934063823,33.01228422853559229952431129,3.43218296158637163453951171,2692.8436,2789.593350673373830663994916,2596.093849326626169336005084,26.75019446552204884861555186,0.578183
2024-10-30,1,2785.258,2504.990208333333333333333333,2362.815125,True,True,偏多,False,2789.925,2471.718,0.001675607789296359619108894041,0.1125712591077738579334481761,8.527913533834586466165413534,0.9330916918816105257919849019,True,74.16564530705645829186122573,38.425339536585612401082125,34.09489529014559631983587403,4.33044424644001608124625097,2699.96375,2801.777503249499647349950482,2598.149996750500352650049518,26.20589486084190250228586959,3.697619
2024-10-31,1,2746.545,2508.693016666666666666666667,2365.857958333333333333333333,True,True,偏多,False,2790.005,2471.718,0.01582351645430895907403665332,0.1000628061801281246074613742,7.960221804511278195488721805,0.8942024907356975310626463859,False,61.46005576268852231998087049,36.451192918725671884916042,34.56615481586161143285190762,1.88503810286406045206413438,2706.19775,2803.278484168783457959393593,2609.117015831216542040606407,28.51904522792462375212259319,3.697619
2024-11-01,0,2735.895,2512.057275,2368.8385,True,True,偏多,False,2790.005,2485.015,0.01977780580029569848258065459,0.09169942559930114277046450979,6.845740601503759398496240602,0.8266517552168587358295482253,False,58.49138906736966937230972388,33.639525991129129635670067,34.38082905091511507341553950,-0.74130305978598543774547250,2712.55525,2799.388281484280220308517551,2625.722218515719779691482449,28.55004199735857919839955082,0.578183
2024-11-03,0,2738.235,2515.469666666666666666666667,2371.839833333333333333333333,True,True,偏多,False,2790.005,2485.015,0.01890633930250690682136485729,0.09247562754840252936654450768,5.956537593984962406015037594,0.7495667959072917503249082183,False,58.96044225887860929256114456,31.239963287272817279301625,33.75265589818665551459275660,-2.51269261091383823529113160,2717.81675,2797.160831598755681860450520,2638.472668401244318139549480,27.24039614040439496994244005,0.578183
2024-11-04,0,2736.225,2518.933666666666666666666667,2374.816708333333333333333333,True,True,偏多,False,2790.005,2485.405,0.01965481639850523988341602025,0.09166643824977843561841588320,5.256642857142857142857142857,0.6614078333363769014991477167,False,58.35049355552530008986847058,28.843611159895104552468211,32.77084695052834532216784748,-3.92723579063324076969963648,2721.78625,2796.328006960444660557406603,2647.244493039555339442593397,26.46443927323265247208940861,0.578183
2024-11-05,0,2745.495,2522.411166666666666666666667,2377.793625,True,True,偏多,False,2790.005,2485.405,0.01621201277001050812330745458,0.09473337230626899702967952956,4.428161654135338345864661654,0.5820387824834154623193800518,False,60.38589816496602553921466887,27.376912357420883988111910,31.69206003190685305535665998,-4.31514767448596906724474998,2726.66775,2793.605841448367423556840406,2659.729658551632576443159594,26.37269361085889158122587942,0.578183
2024-11-06,0,2663.875,2525.199583333333333333333333,2380.408375,True,True,偏多,False,2790.005,2500.024,0.04734831777016564215663272488,0.06150851672845009619445356858,2.308815789473684210526315789,0.1742545680720352420043390095,False,41.26451876451986397825454613,19.404804607819476036116382,29.23460894708937765150860438,-9.82980433926990161539222238,2727.39875,2791.184404819481158948771068,2663.613095180518841051228932,31.43964406722611361113831661,0.578183
2024-11-07,1,2706.785,2528.0835,2383.187375,True,True,偏多,False,2790.005,2500.825,0.03074496127324482735052839439,0.07609026945250546312322552401,0.9555902255639097744360902256,0.0375679856530055497698929571,False,50.19375122524289876011791881,16.360733811319005691548759,26.65983391993530325951663530,-10.29910010861629756796787630,2729.72075,2786.578355337808591180417780,2672.863144662191408819582220,33.98752663385281978177129399,3.697619
2024-11-08,1,2684.035,2531.1025,2385.809416666666666666666667,True,True,偏多,False,2790.005,2510.885,0.03948160139491474589563846969,0.06451108126384342976153440622,-0.5768962406015037593984962406,0.0146170831768342846267260349,False,46.18488949989977862273867850,11.974516135299332279804339,23.72277036300810906357417604,-11.74825422770877678376983704,2730.2226,2785.251796324860133286936391,2675.193403675139866713063609,33.70413187429190408307334442,3.697619
2024-11-10,0,2685.465,2534.155666666666666666666667,2388.501875,True,True,偏多,False,2790.005,2546.645,0.03892808135648761015317645175,0.05169309598151530554298789967,-1.793989473684210526315789474,0.1354380553270661542581853811,False,46.47427270326972366375155748,8.515633156818968982513931,20.68134292177028104736212703,-12.16570976495131206484819603,2729.8141,2786.032095481518193312837193,2673.596104518481806687162807,31.76933674041391093428239125,0.578183
2024-11-11,1,2623.855,2536.598166666666666666666667,2390.938291666666666666666667,True,True,偏多,False,2790.005,2546.645,0.06332285892322555933921653445,0.02942616874789193762612644372,-3.445203007518796992481203008,0.2980699681059895220513089604,False,37.19432344467983765238454340,0.793880018045818604494223,16.70385034102538855878854622,-15.90997032297956995429432322,2724.9516,2797.726484960128930457329461,2652.176715039871069542670539,34.89366983038434586754793473,3.697619
2024-11-12,1,2598.775,2538.922141666666666666666667,2393.329,True,True,偏多,False,2790.005,2546.645,0.07358466970014718473126761647,0.02005945108753162547738838491,-5.273566917293233082706766917,0.4443185307679097340081194206,False,34.20049824679965842244908474,-7.265657398577542160102349,11.90994879310480241501036718,-19.17560619168234457511271618,2718.7246,2809.964136115436273079438210,2627.485063884563726920561790,35.08033627107117830558022511,3.697619
2024-11-13,1,2570.694,2541.192441666666666666666667,2395.560329166666666666666667,True,True,偏多,False,2790.005,2546.645,0.08531198190060738462065107710,0.009355061318072084814450883691,-7.347230827067669172932330827,0.5753322165403841213269688760,False,31.17481550153086564710621649,-15.737390048084989572135534,6.380481024866844017581186944,-22.11787107295183358971672094,2711.19305,2822.902562845549550359892172,2599.483537154450449640107828,36.10695510885180842661020903,3.697619
2024-11-14,1,2566.775,2543.185666666666666666666667,2397.770245833333333333333333,True,True,偏多,False,2790.005,2536.664,0.08696905650086197660488356011,0.01173106329927632924584351959,-8.854320300751879699248120301,0.6484642134522126453118180430,False,30.76573792997283533354193394,-22.508070727350539657664263,0.602770674423367282532096956,-23.11084140177390694019635996,2702.2114,2829.016885708466098678916716,2575.405914291533901321083284,36.43152974393382211042376553,3.697619
2024-11-15,0,2562.715,2545.156,2399.972454166666666666666667,True,True,偏多,False,2790.005,2536.664,0.08869109518615999047884762839,0.01016539100134037534411746917,-10.54765338345864661654135338,0.7530702903561116721367531486,False,30.32183026605573641165118346,-27.880107490565992976438460,-5.093804958574504769262014436,-22.78630253199148820717644556,2694.28825,2834.461103012093607739630386,2554.115396987906392260369614,35.37020619079569195967921085,0.578183
2024-11-17,0,2571.255,2547.209583333333333333333333,2402.2520375,True,True,偏多,False,2790.005,2536.664,0.08507518701956826530235235323,0.01345296363060062109747963543,-11.68316992481203007518796992,0.8213915983137353392757132995,False,32.52714664805755606346914915,-31.089992618548858192270797,-10.29304249056937545386377095,-20.79695012797948273840702605,2686.1666,2834.832507281259343882027981,2537.500692718740656117972019,33.7454057485959996768449815,0.578183
2024-11-18,0,2612.435,2549.545391666666666666666667,2404.698245833333333333333333,True,True,偏多,False,2790.005,2536.664,0.06797106913664837594045402087,0.02900397521852218332704928544,-11.78187218045112781954887218,0.8287236566328795963643845359,True,42.05138743608947919802128071,-29.965543728865361045788773,-14.22754273822857257224877136,-15.73800099063678847354000164,2679.4571,2828.714289335589459906617009,2530.199910664410540093382991,34.56501962369628541421319711,0.578183
2024-11-19,0,2635.015,2552.086033333333333333333333,2407.265620833333333333333333,True,True,偏多,False,2790.005,2536.664,0.05881939951005971503008521773,0.03732464521074832591085819246,-11.52942406015037593984962406,0.8058127395175756656955157988,True,46.50996618100945356883431566,-26.941824014966719565829481,-16.77039899357620197096491329,-10.17142502139051759486456771,2674.4251,2822.546009158565456058796521,2526.304190841434543941203479,34.12608965057512217034082589,0.578183
2024-11-20,0,2652.025,2554.530616666666666666666667,2410.018079166666666666666667,True,True,偏多,False,2790.005,2536.664,0.05202816715528699767159057701,0.04349921286564040685890970108,-10.74637443609022556390977444,0.7321358907258173716950082203,True,49.65261175983210470034865411,-22.908860432681838411265027,-17.99809128139732925902493603,-4.91076915128450915224009097,2669.8121,2814.653242029328117280171201,2524.970957970671882719828799,34.30065467553404201531648119,0.578183
2024-11-21,0,2669.018,2557.133641666666666666666667,2412.832133333333333333333333,True,True,偏多,False,2790.005,2536.664,0.04533015513570908851120524478,0.04958902487731442800310825929,-9.098672932330827067669172932,0.5900933852939271771116385114,True,52.64578336255188411846607641,-18.132494544194460430779885,-18.02497193395675549337592582,-0.10752261023770493740395918,2664.51875,2801.116485938594531304052391,2527.921014061405468695947609,33.50067934156732472850816111,0.578183
2024-11-22,0,2715.805,2559.842808333333333333333333,2415.800716666666666666666667,True,True,偏多,False,2790.005,2536.664,0.02732154922757709040229324270,0.06596239420724241983500288128,-6.459603007518796992481203008,0.3421221600431981070114389534,True,59.74227539161038808870955657,-10.451393126784754486744176,-16.51025617252235529204957586,6.05886304573760080530539986,2661.0461,2788.408444753698689119361238,2533.683755246301310880638762,34.49684510288394439075757817,0.578183
2024-11-24,0,2719.725,2562.624366666666666666666667,2418.745175,True,True,偏多,False,2790.005,2536.664,0.02584084787984079272720587559,0.06730864333710209671933743301,-4.271350375939849624060150376,0.1571512178995771747993844777,True,60.27936505753631381370445430,-4.001625427939147214502590,-14.00853002360571367654017869,10.00690459566656646203758869,2659.7051,2783.965327015566006489581334,2535.444872984433993510418666,34.17092759553509121998917973,0.578183
2024-11-25,1,2610.355,2564.696866666666666666666667,2421.231258333333333333333333,True,True,偏多,False,2790.005,2536.664,0.06882205677005618009810926100,0.02823025986886841061847909576,-3.773353383458646616541353383,0.1296232537210017206899451838,False,43.03020888194359011746887127,-7.627458422542285138364566,-12.73231570339302796890505615,5.10485728085074283054049015,2653.4281,2774.296240564666584929459690,2532.559959435333415070540310,39.93657562442544184713280975,3.697619
2024-11-26,1,2632.105,2566.923425,2423.798008333333333333333333,True,True,偏多,False,2790.005,2536.664,0.05999000799740131947623670028,0.03626033155972121172977521793,-2.738912781954887218045112782,0.0758781080847432892215643453,True,46.31992220980070069511528717,-8.646245430592694792235179,-11.91510164883296133357108072,3.26885621824026654133590172,2648.1216,2762.790534309864413250689352,2533.452665690135586749310648,39.4608202226807674294804662,3.697619
2024-11-27,1,2636.935,2569.125433333333333333333333,2426.351508333333333333333333,True,True,偏多,False,2790.005,2536.664,0.05804845398161122667035782073,0.03802558652374821525748643785,-1.507615037593984962406015038,0.0262342284048180903665516984,True,47.05113309975017335330903334,-8.960608523161047714302067,-11.32420302369857860971727798,2.36359450053753089541521098,2643.1571,2750.502177392305232805863115,2535.812022607694767194136885,38.86811877820356975594614719,3.697619
2024-11-28,1,2638.615,2570.9816,2428.905495833333333333333333,True,True,偏多,False,2790.005,2536.664,0.05737479700524707090651724484,0.03863807338319535059112451040,0.04335939849624060150375939850,0.0000268339010745227478527774,True,47.31992903677971641604794283,-8.970772102544674103792625,-10.85351683946779770853234738,1.88274473692312360473972238,2637.8131,2734.344179324536716794991587,2541.282020675463283205008413,38.14203886547474334480713668,3.697619
2024-11-29,0,2649.945,2572.976691666666666666666667,2431.5110375,True,True,偏多,False,2790.005,2536.664,0.05285392715697872974722116874,0.04274843440146870972793774965,0.6281759398496240601503759398,0.0056984833048920338758673890,True,49.19316913996717230357795408,-7.972686335935895074432890,-10.27735073876141718171245590,2.30466440282552210727956590,2637.1166,2733.084828595509670374283833,2541.148371404490329625716167,37.7226075179408331058923412,0.578183
2024-12-01,0,2645.595,2574.952108333333333333333333,2434.0542875,True,True,偏多,False,2790.005,2536.664,0.05458507443505147235310015327,0.04117448059888229301915070145,1.849323308270676691729323308,0.0553619917642081398275679604,False,48.48038636146852240914969303,-7.446862030633451161693122,-9.711252997135823977708589120,2.264390966502372816015467120,2634.0571,2724.699795239936461192104309,2543.414404760063538807895691,35.75242126665934502690003111,0.578183
2024-12-02,1,2642.095,2576.782608333333333333333333,2436.5882875,True,True,偏多,False,2790.005,2536.664,0.05598208997026980483290721946,0.03990431835342786690107660777,2.753275187969924812030075188,0.1307347583352170920606757788,False,47.87926338593221420741414078,-7.229229175702665176934693,-9.214848232849192217553809896,1.985619057146527040619116896,2631.9601,2719.777365010702764427276634,2544.142834989297235572723366,35.31639117618367752497860031,3.697619
2024-12-03,0,2642.595,2578.236108333333333333333333,2439.135745833333333333333333,True,True,偏多,False,2790.005,2536.664,0.05578228975684885500805079855,0.04008597609546676656846773721,3.750016541353383458646616541,0.2618203328148925767983902271,False,47.97849882121271971556222442,-6.936448686218970571475129,-8.759168323523147888338073717,1.822719637304177316862944717,2629.8166,2714.336177730606297675948129,2545.297022269393702324051871,34.33400609217055770176584314,0.578183
2024-12-04,0,2650.178,2579.8108,2441.719716666666666666666667,True,True,偏多,False,2790.005,2536.664,0.05276136168966763741907147369,0.04283259464081280578134751703,3.946763157894736842105263158,0.2872444238338686600199333306,False,49.54739976064204445763781967,-6.023102733646628979488575,-8.211955205547844106568173974,2.188852471901215127079598974,2631.13275,2716.058830820617172761226326,2546.206669179382827238773674,33.64464851415837500878256863,0.578183
2024-12-05,1,2633.635,2581.414858333333333333333333,2444.2160375,True,True,偏多,False,2790.005,2536.664,0.05937421092900117138479705806,0.03682021236807682157930009284,3.471597744360902255639097744,0.2292454183104119386954959703,False,46.26900885596203197170196967,-6.558548466148109168336847,-7.881273857667897118921908579,1.322725391519787950585061579,2632.87575,2716.494733858631049499565911,2549.256766141368950500434089,33.53145933457563393672667087,3.697619
2024-12-06,0,2632.664,2583.349683333333333333333333,2446.668033333333333333333333,True,True,偏多,False,2790.005,2536.664,0.05976493772087892720073659229,0.03646496476572779511551796963,2.486755639097744360902255639,0.1330758993462604809781967369,False,46.07629759787662308378692542,-6.980774627325643684746897,-7.701174011599446432086906263,0.720399384273802747340009263,2635.97425,2714.589939360012610653268714,2557.358560639987389346731286,33.48992652496308865553190866,0.578183
2024-12-08,0,2639.935,2585.25385,2448.991116666666666666666667,True,True,偏多,False,2790.005,2536.664,0.05684609658949936267370219343,0.03911876618174311109932630917,1.450718045112781954887218045,0.0541166852928121529385948663,False,47.82859969948574640739591174,-6.652002820529402708318909,-7.491339773385437687333306810,0.839336952856034979014397810,2639.63225,2711.551183706987063477216021,2567.713316293012936522783979,32.20071748746572518013677233,0.578183
2024-12-09,0,2660.435,2587.4611,2451.395241666666666666666667,True,True,偏多,False,2790.005,2536.664,0.04870256179910428181857478194,0.04652284306889662780710673255,0.5334172932330827067669172932,0.0095079646085300060117102769,True,52.51392699641833047580910209,-4.683284136338280544925825,-6.929728645976006258851810448,2.246444509637725713925985448,2644.51825,2707.606594831276085713868709,2581.429905168723914286131291,33.38638052407531623869843145,0.578183
2024-12-10,0,2695.798,2589.856016666666666666666667,2453.817420833333333333333333,True,True,偏多,False,2790.005,2536.664,0.03494586760580726003951334633,0.05903038729162941733764918588,0.1091969924812030075187969925,0.0004838789474166612124115614,True,59.30352628951888580266399255,-0.266489906429700154291062,-5.597080898066745037939660758,5.330590991637044883648598758,2650.7454,2707.994430183576035841129876,2593.496369816423964158870124,33.8866390580699365073628292,0.578183
2024-12-11,0,2717.395,2592.512683333333333333333333,2456.2734625,True,True,偏多,True,2790.005,2536.664,0.02672044366019662213259389967,0.06650891754787213489389654430,0.4564330827067669172932330827,0.0073648868344352531131701965,True,62.80161621400251946362634977,4.919835942147446307366271,-3.493697530023906768878474406,8.413533472171353076244745406,2655.9934,2717.330027942527130743940385,2594.656772057472869256059615,34.79902198249351247112262711,0.578183
2024-12-12,1,2715.505,2595.444933333333333333333333,2458.6410875,True,True,偏多,False,2790.005,2536.664,0.02743504431035847844139487867,0.06585920482562175359647653015,0.9753609022556390977443609023,0.0293041793079709336210548117,True,62.29696175440336828951613158,8.776360912489684175532372,-1.039685841521188579996305124,9.816046754010872755528677124,2660.0179,2725.727130553705314256539188,2594.308669446294685743460812,32.57552041231540443747101089,3.697619
2024-12-13,1,2647.385,2597.616766666666666666666667,2460.6640875,True,True,偏多,False,2790.005,2536.664,0.05387202843560721240016091351,0.04182277983746225048491247023,0.6686872180451127819548872180,0.0137134103651223208526804548,False,47.48591834631168599256208711,6.263765252074176132921399,0.421004377197884362587235701,5.842760874876291770334163299,2659.7859,2725.638982132577515372957050,2593.932817867422484627042950,35.2172689542928755490802244,3.697619
2024-12-15,0,2651.345,2599.73735,2462.6323375,True,True,偏多,False,2790.005,2536.664,0.05229798460781226132396953244,0.04325389566427605611491525999,0.6938729323308270676691729323,0.0147860639718709328661018062,False,48.25608254022221646882317709,4.539722894175140758990621,1.244748080593335641867912761,3.294974813581805117122708239,2658.90225,2724.710368811815309328219229,2593.094131188184690671780771,33.09174974327195586700306551,0.578183
2024-12-16,1,2651.565,2601.992158333333333333333333,2464.590754166666666666666667,True,True,偏多,False,2790.005,2536.664,0.05221067558215619832061442959,0.04333327676296828476767493914,1.487519548872180451127819549,0.0805697718251746738737370088,False,48.30144516022369710481545075,3.154792580787860728030716,1.626756980632240659100473409,1.528035600155620068930242591,2655.69025,2716.127185573786333396698919,2595.253314426213666603301081,32.21905333303824473364570369,3.697619
2024-12-17,1,2647.198,2603.971516666666666666666667,2466.5226,True,True,偏多,False,2790.005,2536.664,0.05394647472535110709512473189,0.04175509349886181539877258898,2.377276691729323308270676692,0.2689858738945788044835948647,False,47.41289792523948712940933544,1.685416493880016137073175,1.638488883281795754695013727,0.046927610598220382378161273,2652.0639,2704.925562334436664970466849,2599.202237665563335029533151,31.75126380924979868124243914,3.697619
2024-12-18,0,2587.948,2605.157433333333333333333333,2468.318695833333333333333333,False,True,盤整,False,2790.005,2536.664,0.07807614372468071228633651063,0.01981647235570421044008612229,0.8027736842105263157894736842,0.0262629747796263912172471593,False,37.36864588763162297618568003,-4.211506839097697045438553,0.468489738805897194668300382,-4.679996577903594240106853382,2650.94355,2708.071282906093866801800433,2593.815817093906133198199567,34.43053068001767020401083634,0.578183
2024-12-19,0,2593.385,2606.3881,2470.060529166666666666666667,False,True,盤整,True,2790.005,2536.664,0.07581597024737939025636378710,0.02187141515818129587392539095,-0.3169421052631578947368421053,0.0034790218097903194880903836,False,38.65295745373291247207589639,-8.349888289845504273384339,-1.295185866924383098942227494,-7.054702422921121174442111506,2649.00755,2710.976934581339840832079188,2587.038165418660159167920812,34.79334991715926518943863374,0.578183
2024-12-20,0,2622.435,2607.882933333333333333333333,2471.9808625,True,True,偏多,False,2790.005,2536.664,0.06389862856467367160673191137,0.03270662571236274683643255219,-0.8871691729323308270676691729,0.0265001553219489676107125342,False,45.12744316009074444093629623,-9.179675599806373135468538,-2.872083813500781106247489595,-6.307591786305592029221048405,2648.28255,2711.132951075808577532011765,2585.432148924191422467988235,35.32403920879074624733587419,0.578183
2024-12-22,0,2624.098,2609.409875,2473.932833333333333333333333,True,True,偏多,False,2790.005,2536.664,0.06322439177195363892659496711,0.03331963973906462334867066703,-1.385308270676691729323308271,0.0630784292809146711912045785,False,45.48215941200506951984985642,-9.592521206188177820742841,-4.216171292038260449146559876,-5.376349914149917371596281124,2647.5567,2711.167639858172194750501043,2583.945760141827805249498957,33.03810783673426437252616889,0.578183
2024-12-23,0,2615.348,2611.165483333333333333333333,2475.845,True,True,偏多,False,2790.005,2536.664,0.06678155258879506666034500954,0.03008548002024969526043952851,-1.807722556390977443609022556,0.1024885741500579731067915495,False,43.87505515169451670617586988,-10.504664958126193710108830,-5.473870025255847101339013901,-5.030794932870346608769816099,2645.82685,2710.947671718633127211083752,2580.706028281366872788916248,32.46967156268181691734572826,0.578183
2024-12-24,0,2616.348,2613.103816666666666666666667,2477.737970833333333333333333,True,True,偏多,False,2790.005,2536.664,0.06637381571564638954756783119,0.03045619313638705554459880719,-2.232509774436090225563909774,0.1504520442773597216263468468,False,44.11808013663276601605155253,-11.019824137472203951519689,-6.583060847699118471375148921,-4.436763289773085480144540079,2644.3645,2710.741885605340016283885428,2577.987114394659983716114572,30.95540930820454428039246196,0.578183
2024-12-25,0,2618.205,2615.049816666666666666666667,2479.659804166666666666666667,True,True,偏多,False,2790.005,2536.664,0.06561747456749948915382867270,0.03114385619155108175257476019,-2.642051127819548872180451128,0.2046694445042464597983820427,True,44.59783383380463069641400263,-11.149720085535634152607745,-7.496392695266421607621668137,-3.653327390269212544986076863,2643.170,2710.520454792822297615342017,2575.819545207177702384657983,29.14266578618993397465014325,0.578183
2024-12-26,0,2632.478,2616.783425,2481.445733333333333333333333,True,True,偏多,False,2790.005,2536.664,0.05983981632515067552321424908,0.03639688536808284817574923703,-2.803872932330827067669172932,0.2294074506880480826283409629,True,48.27359553859598231400888530,-9.985841183470963977931917,-7.994282392907330081683717910,-1.991558790563633896248199090,2642.66415,2710.176059110245134586891998,2575.152240889754865413108002,28.54461823003351011931799016,0.578183
2024-12-27,0,2621.348,2618.370283333333333333333333,2483.277454166666666666666667,True,True,偏多,False,2790.005,2536.664,0.06433979769187456224812577346,0.03230551609324668071541817416,-2.989749624060150375939849624,0.2568158836635538605346850848,True,45.72590043950749293699283718,-9.848034736742564678935961,-8.365032861674377001134166528,-1.483001875068187677801794472,2641.22265,2709.260361928826648336839678,2573.184938071173351663160322,28.42143121360254511079527658,0.578183
2024-12-29,0,2623.748,2620.003475,2485.188675,True,True,偏多,False,2762.048,2536.664,0.05271085485343866865262974950,0.03319068752029539422231098413,-3.359192481203007518796992481,0.3208396559717481125655345427,True,46.38301479602795697424022968,-9.436385415382792411301682,-8.579303372416060083167669622,-0.857082042966732328134012378,2640.7283,2709.122092911637822106109289,2572.334507088362177893890711,26.89732898405950617430989968,0.578183
2024-12-30,0,2606.548,2621.096166666666666666666667,2487.0148125,False,True,盤整,False,2749.875,2536.664,0.05498728586621078913566909184,0.02681093921922788300848478524,-3.974813533834586466165413534,0.4295753316122067455159968683,True,42.41920553788618400661442401,-10.378410757162084310889621,-8.939124849365264928712059898,-1.439285907796819382177561102,2639.4225,2709.362062831061504998678537,2569.482937168938495001321463,27.26751977091239859043062113,0.578183
2024-12-31,0,2624.255,2622.431833333333333333333333,2488.8958125,True,True,偏多,False,2749.875,2536.664,0.04786882372330432827602500519,0.03337747284467401224347481476,-4.1834,0.4716497193512686089339296097,True,47.40253720903056167536335137,-9.585668096081334838362911,-9.068433498708478910642230118,-0.517234597372855927720680882,2638.6385,2708.888353416217175762369656,2568.388646583782824237630344,27.09762550156151297682843391,0.578183
2025-01-01,0,2623.555,2623.884,2490.751258333333333333333333,False,True,盤整,False,2749.875,2536.664,0.04814840931484188438969261174,0.03311956486523057454484468593,-4.054723308270676691729323308,0.4488212923823302580100334683,True,47.22852318819640775358461462,-8.911175491575547247769473,-9.036981897281892578067678694,0.125806405706345330298205694,2636.7945,2706.593679601195886835312960,2566.995320398804113164687040,25.48565225144997633562640291,0.578183
2025-01-02,0,2658.295,2625.559833333333333333333333,2492.700216666666666666666667,True,True,偏多,False,2749.605,2536.664,0.03434908465764710086728523358,0.04575526794430264511651265191,-2.815939097744360902255639098,0.2479118927746378588627743552,True,55.88407068653393699998422316,-5.509892961075849879096330,-8.331564110040684038273408955,2.821671148964834159177078955,2634.91935,2700.142293973037586276947482,2569.696406026962413723052518,26.3743199477749780259388027,0.578183
2025-01-03,0,2639.898,2626.668616666666666666666667,2494.396883333333333333333333,True,True,偏多,False,2721.185,2536.664,0.03079171998312055996102879732,0.03910529876533108476160821365,-1.442568421052631578947368421,0.0975074545231706178969822227,True,51.10382135165773601310347695,-4.249846614261832283935362,-7.515220610884913687405799564,3.265373996623081403470437564,2631.0445,2684.321937935771648740642511,2577.767062064228351259357489,26.53043995150533673837174536,0.578183
2025-01-05,0,2640.848,2627.789808333333333333333333,2496.0425625,True,True,偏多,False,2721.185,2536.664,0.03042091025307022592742937117,0.03945096423573034116314153635,0.03106842105263157894736842105,0.0000933483619037212355490650,True,51.33531427524799226790527388,-3.138416039245016991043602,-6.639859696556934348133360051,3.501443657311917357089758051,2627.31165,2664.396083754744051639692274,2590.227216245255948360307726,24.87969424068352697134519212,0.578183
2025-01-06,0,2634.465,2628.881058333333333333333333,2497.649145833333333333333333,True,True,偏多,False,2721.185,2536.664,0.03291749937843167398314268741,0.03712366647497689284162059469,0.4502067669172932330827067669,0.0206849219228642001312741726,True,49.63497142653694471652363711,-2.741056858941301112099419,-5.860099129033807700926571841,3.119042270092506588827152841,2626.66565,2662.765957063929525528868989,2590.565342936070474471131011,25.5982875092061321876776784,0.578183
2025-01-07,0,2649.555,2630.020725,2499.189604166666666666666667,True,True,偏多,False,2721.185,2536.664,0.02703472847327192679525429742,0.04260753220823874197742639802,1.166871428571428571428571429,0.1407988466067315586643625189,True,53.55183058302607132621847008,-1.194737764869258174327203,-4.927026856200897795606698073,3.732289091331639621279495073,2626.57615,2662.439369801211379799179835,2590.712930198788620200820165,26.00719554426283703141498709,0.578183
2025-01-08,0,2662.475,2631.269808333333333333333333,2500.7105625,True,True,偏多,False,2721.185,2536.664,0.02205091127616221748561019352,0.04725340144038911163485103147,2.074272932330827067669172932,0.4036054945445680825436420227,True,56.65967314586601429472440010,1.061036314701365303121995,-3.729414222020445175860959458,4.790450536721810478982954458,2627.12165,2664.775829248922688475527446,2589.467470751077311524472554,25.9173244339583486720282023,0.578183
2025-01-09,0,2669.795,2632.789141666666666666666667,2502.298729166666666666666667,True,True,偏多,False,2721.185,2536.664,0.01924866890529048110435445418,0.04986562638704469818843768904,3.000887218045112781954887218,0.7060617791928015996115871102,True,58.35963127621649002302432839,3.400220721035029106785930,-2.303487233409350319331581566,5.703707954444379426117511566,2628.2515,2669.437929379104957803933803,2587.065070620895042196066197,25.71537268867560948116904499,0.578183
2025-01-10,0,2689.755,2634.268475,2503.805229166666666666666667,True,True,偏多,True,2721.185,2536.664,0.01168507912430686066203055669,0.05691633624623804026760801634,3.243137593984962406015037594,0.6910342588678745306401109655,True,62.66043333976908003776926491,6.786416814646474775106268,-0.485506423798185300444011653,7.271923238444660075550279653,2633.34185,2678.334482647023445765082832,2588.349217352976554234917168,26.34313178234163737537125606,0.578183
2025-01-12,0,2690.868,2635.7275,2505.387533333333333333333333,True,True,偏多,False,2721.185,2554.335,0.01126662474710762475156715231,0.05073938966905845994675324096,3.434042105263157894736842105,0.6903723062937825863705878303,True,62.89059774366173257173163218,9.450867693519869816951476,1.501768399665425723035085878,7.949099293854444093916390122,2638.216,2685.879919834608651288497691,2590.552080165391348711502309,24.72426522646009184855902349,0.578183
2025-01-13,0,2667.675,2636.997,2506.758325,True,True,偏多,False,2721.185,2563.835,0.02005866531717694246862904964,0.03892528137797895170888507783,3.605711278195488721804511278,0.7280213244881812308645463404,False,55.24814081088284360246478573,9.580544391286548327605682,3.117523597989650243949205102,6.463020793296898083656476898,2640.478,2689.213420609655150487269808,2591.742579390344849512730192,25.5746748531415138593762361,0.578183
2025-01-14,0,2675.415,2638.248975,2508.094325,True,True,偏多,True,2721.185,2569.735,0.01710762629349091636250824638,0.03950041395447061483919317190,3.846179699248120300751879699,0.7748235151127041899882474063,False,57.12081620265969713508985608,10.190398848040652023102787,4.532098647999850599779921482,5.658300200040801423322865518,2643.04385,2693.434968174833151840701064,2592.652731825166848159298936,25.14455522077426286942079066,0.578183
2025-01-15,0,2694.625,2639.8034,2509.59095,True,True,偏多,False,2721.185,2582.264,0.009856659089854803544092406179,0.04169819548174606856241592058,4.145750375939849624060150376,0.8006310970668255588540625440,True,61.43426030321430219602202998,12.084496797371751476576555,6.042578277874230775139248186,6.041918519497520701437306814,2647.0077,2700.441091706310390268190471,2593.574308293689609731809529,25.35801556214752980731930561,0.578183
2025-01-16,0,2714.448,2641.428508333333333333333333,2510.998129166666666666666667,True,True,偏多,True,2724.565,2582.264,0.003727092948547918398142090031,0.04869645688552516017989661250,4.625082706766917293233082707,0.8174208059630276974281757460,True,65.31203992772107514225631079,15.012083546307835077143449,7.836479331560951635540088349,7.175604214746883441603360651,2651.9127,2710.908688179197405490423263,2592.916711820802594509576737,26.03530016485127767822506949,0.578183
2025-01-17,0,2702.645,2643.092841666666666666666667,2512.4954625,True,True,偏多,False,2724.565,2582.264,0.008110573160736981734560032857,0.04454192097001270977135361840,4.817603007518796992481203008,0.8350166080462215479306362573,True,61.35612373072740423191214600,16.193149135402398182121575,9.507813292329240944856385679,6.685335843073157237265189321,2656.1347,2716.935497116814184083429420,2595.333902883185815916570580,25.52777872450475784406613596,0.578183
2025-01-19,0,2696.245,2644.704175,2513.877379166666666666666667,True,True,偏多,False,2724.565,2582.264,0.01050349652943259978228981417,0.04227397732772800691331833717,5.017080451127819548872180451,0.8659674861282718182700322050,False,59.26013603602803831769049308,16.423406800528880407593081,10.89093199396916883740372474,5.53247480655971157018935626,2659.32305,2721.499524404633140150983971,2597.146575595366859849016029,24.55365167275441799806141196,0.578183
2025-01-20,0,2710.205,2646.479425,2515.245629166666666666666667,True,True,偏多,False,2724.565,2582.264,0.005298492180480812337074132769,0.04720713008794537682573827441,5.144359398496240601503759398,0.8763642254876387423567020446,False,62.28647822005701768295608074,17.530265007673231092420123,12.21879859670998128840700439,5.31146641096324980401311861,2663.7659,2727.140437375510679146987140,2600.391362624489320853012860,24.53889083898624528391416825,0.578183
2025-01-21,0,2744.058,2648.570283333333333333333333,2516.751808333333333333333333,True,True,偏多,False,2745.848,2582.264,0.0006523185734412319273134897294,0.05896158171583836784790992027,5.659527819548872180451127820,0.8800493498179840627953039274,True,68.41405495686768856158754061,20.898210725433924864379542,13.95468102245477000360151191,6.94352970297915486077803009,2669.7814,2739.356286467460369115666272,2600.206513532539630884333728,25.86489863620151347792029909,0.578183
2025-01-22,0,2755.188,2650.732725,2518.3658625,True,True,偏多,False,2763.205,2582.264,0.002909783288835462407646955489,0.06276304920027235890980942135,5.8812,0.8714466912299795131810296088,True,70.13226646513805247985731893,24.186621635640349616035730,16.00106914509188592608835553,8.18555249054846368994737447,2677.2134,2749.869378560335969092753811,2604.557421439664030907246189,25.49954873361569108664027773,0.578183
2025-01-23,0,2754.365,2652.709725,2519.926570833333333333333333,True,True,偏多,False,2763.205,2582.264,0.003209451180217581910894162538,0.06248300424961833308221677229,6.147180451127819548872180451,0.8756996800456915349529646094,True,69.82977526379083367580887416,26.421728512461447645213248,18.08520101856579826991333402,8.33652749389564937529991398,2683.7189,2759.476147507812742602210838,2607.961652492187257397789162,25.32029525264314172330882932,0.578183
2025-01-24,0,2769.805,2654.982808333333333333333333,2521.5078625,True,True,偏多,False,2785.825,2582.264,0.005783800664667729316684748565,0.06770909865495946465545408431,6.427025563909774436090225564,0.8743201187561979752075656397,True,72.24812622725419003641074499,29.103459216381550686361295,20.28885265812894875320292622,8.81460655825260193315836878,2691.0314,2770.299894844799469044497408,2611.762905155200530955502592,25.77955987745434588592962723,0.578183
2025-01-26,0,2767.285,2657.237308333333333333333333,2523.0948625,True,True,偏多,False,2785.825,2582.264,0.006699707475016125914027648038,0.06686011740749507188453664874,6.999472180451127819548872180,0.9160337302881038197147247605,True,71.24436770065173396043114251,30.671841286787539670891972,22.36545038386066693674073538,8.30639090292687273415123662,2696.4809,2780.821246214371209444913734,2612.140553785628790555086266,24.36316274335046403693465386,0.578183
2025-01-27,0,2741.615,2659.195558333333333333333333,2524.794654166666666666666667,True,True,偏多,False,2785.825,2582.264,0.01612553184892846005000702141,0.05812304061657088978576495970,6.750830827067669172932330827,0.8944036019201617424314084285,False,61.82208145677871463093247850,29.503344717598071898989888,23.79302925060814792919056590,5.71031546698992396979932210,2701.56675,2783.888818734635185915829663,2619.244681265364814084170337,25.6147939759682880342964643,0.578183
2025-01-28,0,2762.545,2661.228808333333333333333333,2526.625445833333333333333333,True,True,偏多,False,2785.825,2582.264,0.008427012048672510312049215488,0.06525902745475639310852854886,6.663231578947368421052631579,0.8899621364948893981156562560,False,65.79429302071582735685357290,29.921265129571017981984097,25.01867642640072193974927212,4.90258870317029604223482488,2707.6516,2789.107953201944905139678027,2626.195246798055094860321973,25.93780869197055317470385971,0.578183
2025-01-29,0,2760.035,2663.297616666666666666666667,2528.4752375,True,True,偏多,False,2785.825,2582.264,0.009344084404726751653511640251,0.06440896582833188709563465681,6.255987969924812030075187970,0.8741000118305627977842388609,False,64.92192311169920548765527234,29.707484653144454166871478,25.95643807174946838517371330,3.75104658139498578169776470,2713.9301,2791.098796134896564675674427,2636.761403865103435324325573,25.58403664254408509079644116,0.578183
2025-01-30,0,2795.965,2665.277791666666666666666667,2530.4144875,True,True,偏多,False,2798.305,2582.264,0.0008369203477153683969577587702,0.07643192958424014606763675511,6.411466165413533834586466165,0.8736696237813949896889846449,True,70.87505774303618182622778803,32.067656819441084178770463,27.17868182128779154389306324,4.88897499815329263487739976,2721.2506,2800.356624080091397297286538,2642.144575919908602702713462,26.60160545379093615573955251,0.578183
2025-01-31,0,2798.085,2667.115041666666666666666667,2532.334654166666666666666667,True,True,偏多,False,2816.935,2582.264,0.006736750313160608058725878592,0.07713168113191700752478927552,6.581064661654135338345864662,0.8776034809327994397348179262,True,71.18578549329883319177627900,33.720467983127149468107042,28.48703905365566312873585899,5.23342892947148633937118301,2728.0311,2809.047475495081239779578919,2647.014724504918760220421081,26.5614907785201550017581559,0.578183
2025-02-02,0,2792.545,2668.894375,2534.237570833333333333333333,True,True,偏多,False,2816.935,2582.264,0.008733968476783722375109443178,0.07530084564438531876836362530,6.583174436090225563909774436,0.8777056720120347102740646819,False,69.11077954269102098884640512,34.189189345181734529916532,29.62746911196087740897199359,4.56172023322085712094453841,2734.1686,2815.206229921907266993750465,2653.130970078092733006249535,26.13567000862585821591828762,0.578183
2025-02-03,0,2813.548,2670.811066666666666666666667,2536.23975,True,True,偏多,False,2830.305,2582.264,0.005955825171633823201168062532,0.08220368019312270485522194752,7.015898496240601503759398496,0.8993182868262156719655971672,True,72.39593115780858781618579783,35.842253781604195936976201,30.87042604588954111457283507,4.97182773571465482240336593,2740.35825,2825.678556204033281118157383,2655.037943795966718881842617,28.44169357943829691478126708,0.578183
2025-02-04,0,2841.035,2673.037316666666666666666667,2538.530458333333333333333333,True,True,偏多,False,2845.335,2582.264,0.001513532920220975806352262468,0.09108335518569816985711193280,7.672712781954887218045112782,0.9113552653604736606904538216,True,75.99421252446691587913248994,38.921626160207501074279631,32.48066606875313310651419426,6.44096009145436796776543674,2747.8666,2840.556178707425356384454384,2655.177021292574643615545616,29.15371546662127570658260514,0.578183
2025-02-05,0,2868.985,2675.619066666666666666666667,2540.8027375,True,True,偏多,False,2882.215,2582.264,0.004611386953922728769930829196,0.09993813142975651667750092803,8.136792481203007518796992481,0.8954318230920344291073053235,True,78.99287624355921555610399309,43.120318181504022181007053,34.60859649130331092141276601,8.51172169020071125959428699,2757.9321,2857.098100532238870765795658,2658.766099467761129234204342,30.13416436186261315611241906,0.578183
2025-02-06,0,2857.835,2677.8749,2543.109904166666666666666667,True,True,偏多,False,2882.215,2582.264,0.008530933381388358670112165328,0.09642649068263213236593435240,8.261075187969924812030075188,0.8955352210343060999353003443,True,74.96964494876783820705911283,45.029033375608088322391705,36.69268386816426640160855381,8.33634950744382192078315119,2767.0531,2867.727965903859042587436453,2666.378234096140957412563547,30.7767240503009979306758177,0.578183
2025-02-07,1,2860.135,2679.863491666666666666666667,2545.438904166666666666666667,True,True,偏多,False,2886.605,2582.264,0.009254807902424186270927770892,0.09715310640931284712085268702,8.447215037593984962406015038,0.8999636014888447584959161433,True,75.24967563224711928700682825,46.194789913716879876782623,38.59310507727478909664336765,7.60168483644209078013925535,2775.3286,2878.018303044463031498021953,2672.638896955536968501978047,31.04410090385092664991325929,3.697619
2025-02-09,0,2867.198,2681.9221,2547.82775,True,True,偏多,False,2886.605,2582.264,0.006768629163385298120325139736,0.09937716195393551474296508298,8.798362406015037593984962406,0.9144765868502856130099814231,True,76.13272993550461591228992664,47.145125777890811950715307,40.30350921739799366745775552,6.84161656049281828325755148,2782.9661,2889.072449133122095183382984,2676.859750866877904816617016,29.9593079821472890320623122,0.578183
2025-02-10,1,2917.655,2684.35085,2550.29325,True,True,偏多,False,2921.455,2582.264,0.001302415809956968867121026989,0.1149522476098099329769969376,9.454261654135338345864661654,0.9051147294590178104916410630,True,81.27305286245400913926721767,51.377484352068213866751281,42.51830424433203770731646062,8.85918010773617615943482038,2793.7166,2908.321087089118809947021698,2679.112112910881190052978302,31.81200026913676838691500419,3.697619
2025-02-11,1,2898.375,2686.353683333333333333333333,2552.723541666666666666666667,True,True,偏多,False,2942.665,2582.264,0.01528097640919480743520075905,0.1090649070599905119247854401,9.410356390977443609022556391,0.9048592210910256172400496654,True,74.65658700949435916779395576,52.569930706742039141517343,44.52862953681403799415663710,8.04130116992800114736070590,2803.8231,2917.911472189106107869778701,2689.734727810893892130221299,33.89900024991271350213536104,3.697619
2025-02-12,1,2905.498,2688.431266666666666666666667,2555.210220833333333333333333,True,True,偏多,False,2942.665,2582.264,0.01279195511406306251114266814,0.1112490870756063160256864744,9.384674436090225563909774436,0.9045628039198566018939799467,True,75.45172247471857052298001529,53.473312543517918896487707,46.31756613815481417462285108,7.15574640536310472186485592,2813.58775,2927.383402108285754135290668,2699.792097891714245864709332,34.71692880349037682341140668,3.697619
2025-02-13,0,2930.935,2690.584933333333333333333333,2557.645766666666666666666667,True,True,偏多,False,2942.665,2582.264,0.004002135837198709626791450510,0.1189623788995661793932652891,9.963225563909774436090225564,0.9176322956447342844717469601,True,78.09480528820450985856083256,55.600870249897677463527306,48.17422696050338683240374206,7.42664328939429063112356394,2822.9316,2942.879165614980281683080658,2702.984034385019718316919342,34.45336246038392133602487763,0.578183
2025-02-14,0,2882.085,2692.452683333333333333333333,2559.820391666666666666666667,True,True,偏多,False,2942.665,2586.815,0.02101950497643199281076026557,0.1024501359259008669071175902,9.738638345864661654135338346,0.9004515097649210735618693027,False,63.87204396892818707920874302,52.737265942931417908204743,49.08683475698899304756394225,3.65043118594242486064080075,2829.27645,2947.633434960711127435598264,2710.919465039288872564401736,36.50169371321364124059452923,0.578183
2025-02-16,0,2879.075,2694.249825,2561.982045833333333333333333,True,True,偏多,False,2942.665,2589.475,0.02208695501159226487673992515,0.1005878624210901070656374009,9.267233834586466165413533835,0.8635897316780150604642530615,False,63.10936426077878038040600997,49.652592871172309505508094,49.19998637982565633915277260,0.45260649134665316635532140,2835.51195,2950.518402411114742636285608,2720.505497588885257363714392,34.99371559084123829483777714,0.578183
2025-02-17,0,2899.175,2696.446325,2564.319129166666666666666667,True,True,偏多,False,2942.665,2595.905,0.01500081919856510903964058741,0.1046056205644709270740814197,9.139227819548872180451127820,0.8541203627764922359888296918,False,66.02668109751855274457680861,48.273403508726599964871026,49.01466980560584506429642328,-0.74126629687924509942539728,2841.98045,2956.025328265488099910616191,2727.935571734511900089383809,34.43273590578114984520650734,0.578183
2025-02-18,0,2933.778,2698.725991666666666666666667,2566.727808333333333333333333,True,True,偏多,False,2942.665,2595.905,0.003029199891743683400720845272,0.1151665190754037967426301513,9.271219548872180451127819549,0.8596513578394196289529546730,False,70.37069583505093166037870671,49.403071062266552889273654,49.09235005693798662929186942,0.31072100532856625998178458,2850.3051,2965.624270371452117900360036,2734.985929628547882099639964,35.19111191251106771340604253,0.578183
2025-02-19,0,2935.085,2701.017241666666666666666667,2568.99185,True,True,偏多,False,2946.865,2595.905,0.004013512385501612389419727197,0.1155605374290693455215095985,8.766201503759398496240601504,0.8517823574543972386278724247,False,70.52400506617813963250099768,49.829402381281996885437836,49.23976052180678868052106274,0.58964185947520820491677326,2859.9786,2969.518653712603226931963603,2750.438546287396773068036397,34.71317534733170573387703949,0.578183
2025-02-20,0,2941.205,2703.397158333333333333333333,2571.339766666666666666666667,True,True,偏多,False,2954.755,2595.905,0.004606955312533468425356274044,0.1174008612116462470314037954,8.388153383458646616541353383,0.8430114318684999782543007425,False,71.27353596801710739619565254,50.083771336279487231316464,49.40856268470132839068014299,0.67520865157815884063632101,2868.9116,2974.271524738773423252534944,2763.551675261226576747465056,34.43437710823658389574296524,0.578183
2025-02-21,0,2934.955,2705.742241666666666666666667,2573.508225,True,True,偏多,False,2954.755,2595.905,0.006746270385746970566840036730,0.1155213623377530490246017401,7.612526315789473684210526316,0.8290880696602998402186434671,False,69.33450924664099166943287710,49.213732525109093773172183,49.36959665278288146717855099,-0.15586412767378769400636799,2877.6576,2974.074751006239548604589385,2781.240448993760451395410615,34.32692160050539933176132486,0.578183
2025-02-23,0,2936.635,2708.130408333333333333333333,2575.6601,True,True,偏多,False,2954.755,2595.905,0.006170327602851563098580518178,0.1160273578432457557714867527,7.165177443609022556390977444,0.8071797109280037833907795682,False,69.57412343780407822200089455,48.105255023193724610544359,49.11672832686505009585171259,-1.01147330367132548530735359,2884.6911,2976.665645839378842784398435,2792.716554160621157215601565,32.36571291475501366520694451,0.578183
2025-02-24,0,2949.795,2710.688241666666666666666667,2577.842141666666666666666667,True,True,偏多,False,2956.035,2595.905,0.002115401239747168871057141259,0.1199710488355970499644890577,6.727768421052631578947368421,0.7945320748389423260082451178,False,71.45566508458229564394276578,47.738382279263521139989290,48.84105911734474430467922807,-1.10267683808122316468993807,2892.2766,2979.321060415123488776152377,2805.232139584876511223847623,32.5524477065582269748350199,0.578183
2025-02-25,0,2918.405,2713.159408333333333333333333,2579.912604166666666666666667,True,True,偏多,False,2956.035,2595.905,0.01289402944416556303871464036,0.1105055672533455774644026446,5.526321804511278195488721805,0.7298148551149012495720031689,False,61.66076996833522282534132979,44.402873636249674875138575,47.95342202112573041877109746,-3.55054838487605554363252246,2898.5696,2973.172488299046438460741812,2823.966711700953561539258188,34.82155858466121076234680419,0.578183
2025-02-26,0,2918.995,2715.744825,2582.149645833333333333333333,True,True,偏多,False,2956.035,2602.475,0.01268929888540405173698481840,0.1084345810801320317438022333,4.475666917293233082706766917,0.6510590405865345213776341172,False,61.76685364000959376399875018,41.330633261965326093558800,46.62886426929364955372863797,-5.29823100732832346016983797,2903.84195,2967.811514201970299181717092,2839.872385798029700818282908,35.14909011432826713646488961,0.578183
2025-02-27,0,2875.815,2717.768241666666666666666667,2584.415925,True,True,偏多,False,2956.035,2614.365,0.02789470115428148194511816650,0.09091335847403257859076470496,3.083593233082706766917293233,0.3667561331732647853934398099,False,50.70827516603801908544090153,35.008044555480832591254888,44.30470032653108616123388798,-9.29665577105025356997899998,2905.58095,2964.302053972847785689304796,2846.859846027152214310695204,36.31201224901910519814596892,0.578183
2025-02-28,0,2856.998,2719.436266666666666666666667,2586.5975625,True,True,偏多,False,2956.035,2614.365,0.03466470750067028398339795828,0.08492585574088606292339021588,1.811720300751879699248120301,0.1195719626751959796355012086,False,46.77787521105078508486365877,28.154426115295194290689089,41.07464548428390778712492818,-12.92021936898871349643583918,2904.9816,2965.404601125068258231314353,2844.558598874931741768685647,37.46615423123202625542125686,0.578183
2025-03-02,0,2870.608,2721.292458333333333333333333,2588.820491666666666666666667,True,True,偏多,False,2956.035,2614.365,0.02975920083828931013917609092,0.08926436490109412361423085284,0.5762488721804511278195488722,0.0128345329401683957413335872,False,49.80816001702760193688999718,23.549631883066615060437376,37.56964276404044924178741774,-14.02001088097383418135004174,2905.62025,2964.280765397923329190487196,2846.959734602076670809512804,36.34928607185831009431973851,0.578183
2025-03-03,0,2890.625,2723.303875,2591.063241666666666666666667,True,True,偏多,False,2956.035,2614.365,0.02262832432432432432432432432,0.09557102702702702702702702703,-0.3561571428571428571428571429,0.0055080149579826785458081178,False,53.96010080026028242022420747,21.270312961712980449152560,34.30977680357495548326044619,-13.03946384186197503410788619,2907.14475,2962.488670865348887928170810,2851.800829134651112071829190,36.3421942095827165161540429,0.578183
2025-03-04,0,2914.075,2725.418291666666666666666667,2593.3732,True,True,偏多,False,2956.035,2614.365,0.01439908032566080145500716351,0.1028491030601477312697854379,-0.8878917293233082706766917293,0.0383867412217769261811191746,True,58.31090049707526697454865896,21.112780325761124495021692,31.67037750801218928561269535,-10.55759718225106479059100335,2909.4886,2961.751705068107080466817132,2857.225494931892919533182868,37.03682319461252247928589698,0.578183
2025-03-05,0,2918.165,2727.453016666666666666666667,2595.792658333333333333333333,True,True,偏多,True,2956.035,2632.775,0.01297733335846328086314516143,0.09779775989363178572836011672,-0.635,0.0196216723344927815061189369,True,59.03797890357167795529008245,21.075023641459686075175323,29.55130673470168864352522088,-8.47628309324200256834989788,2909.5141,2961.793613348538354579938564,2857.234586651461645420061436,36.93440725214019944505119005,0.578183
2025-03-06,0,2910.058,2729.256541666666666666666667,2598.1518,True,True,偏多,False,2956.035,2645.095,0.01579934145642457985373487401,0.09105076256212075498151583233,-0.8031105263157894736842105263,0.0316890978073690762794942109,True,56.91894868205384535071516163,20.158558733343633910621327,27.67275713443007769694444210,-7.51419840108644378632311510,2910.09825,2962.127336545412269038566782,2858.069163454587730961433218,36.83980673413018519897610504,0.578183
2025-03-07,0,2909.355,2730.825291666666666666666667,2600.5783,True,True,偏多,False,2956.035,2655.305,0.01604479343359610635347009904,0.08732176032144581874676689507,-0.8863639097744360902255639098,0.0386606430480332431603867918,True,56.72880184068174631414337410,19.154723734297226842544876,25.96915045440350752606452888,-6.81442672010628068351965288,2910.2911,2962.279128490797763661256349,2858.303071509202236338743651,36.67174911026374339904924039,0.578183
2025-03-09,0,2915.908,2732.430233333333333333333333,2603.0373,True,True,偏多,False,2956.035,2656.615,0.01376140811026959698316956502,0.08892358743828680465913190677,-0.4801661654135338345864661654,0.0116969552706880676178853349,True,58.13282862268667988112736200,18.672702310721868292427487,24.50986082566717967933712050,-5.83715851494531138690963350,2909.53975,2960.741046768246016759009945,2858.338453231753983240990055,34.57540988810204744197429465,0.578183
2025-03-10,0,2884.405,2733.789233333333333333333333,2605.261954166666666666666667,True,True,偏多,False,2956.035,2656.615,0.02483354452651413376415586577,0.07897295976119858341668385681,-1.272730075187969924812030075,0.0829531087335011457150646573,False,49.77185707936534749209024070,15.569196040846907966353435,22.72172786870312533674038340,-7.15253182785621737038694840,2909.65575,2960.617671458575323227205985,2858.693828541424676772794015,34.83359489609475833897613074,0.578183
2025-03-11,0,2915.148,2735.1954,2607.705620833333333333333333,True,True,偏多,False,2956.035,2656.615,0.01402570298317615434962478749,0.08868606328049210537509587849,-1.677123308270676691729323308,0.1556716562173426428953260485,True,56.36706817445401357300119789,15.412680347459438674228712,21.25991836445438800423804912,-5.84723801699494933000933712,2911.4594,2960.480837487695115528268524,2862.437962512304884471731476,35.35333811780227560047783569,0.578183
2025-03-12,0,2937.925,2737.001625,2610.134745833333333333333333,True,True,偏多,False,2956.035,2659.645,0.006164214539173055813201494252,0.09471991286367078805619612482,-1.493007518796992481203007519,0.1186820211511403569145384154,True,60.50478721144373525019296308,16.931379672042367990379100,20.39421062597198400146625930,-3.46283095392961601108715930,2913.3969,2963.376796041908690628764630,2863.417003958091309371235370,35.29902825224497020044370457,0.578183
2025-03-13,1,2986.195,2739.10585,2612.674233333333333333333333,True,True,偏多,False,2989.785,2669.315,0.001202198784741117040246869344,0.1061149723979847263825704617,-0.1312278195488721804511278195,0.0006643824653029627527308260,True,67.53179376123579861673832957,21.778891910139621807985483,20.67114688280551156277010404,1.10774502733411024521537896,2916.01775,2974.731883006883444910551759,2857.303616993116555089448241,36.85031194851318661469772567,3.697619
2025-03-14,1,2983.795,2741.082266666666666666666667,2615.550816666666666666666667,True,True,偏多,False,3004.725,2689.308,0.007014556965207060136504015859,0.09869545327343198845765208401,1.138080451127819548872180451,0.0403463342971812337936492974,True,66.89450687310037096003662000,25.137154866937873410862444,21.56434847963198393238857203,3.57280638730588947847387197,2918.45325,2983.795899875483317438882535,2853.110600124516682561117465,36.12100395219081614221931669,3.697619
2025-03-16,0,2989.915,2743.2011,2618.432429166666666666666667,True,True,偏多,False,3004.725,2689.308,0.004953318070915059458212022750,0.1005403163635086616174707308,2.518200751879699248120300752,0.1633300232791733004805662762,True,67.73076477467394612088625271,27.970014393011285653448526,22.84548166230784427660056282,5.12453273070344137684796318,2920.88875,2992.748079030752854643648718,2849.029420969247145356351282,34.31643224132004356063222264,0.578183
2025-03-17,1,2999.518,2745.328041666666666666666667,2621.3062625,True,True,偏多,False,3004.725,2689.308,0.001735945575255757758413185052,0.1034199494718818156783856606,3.863574436090225563909774436,0.3141814420428961739836327018,True,69.05180396645096883653909639,30.636795908960411648027951,24.40374451163835775088604046,6.23305139732205389714191054,2924.1169,3003.609159197735725191182345,2844.624640802264274808817655,33.34311565265432616344420674,3.697619
2025-03-18,1,3031.528,2747.466733333333333333333333,2624.2917625,True,True,偏多,False,3038.058,2689.308,0.002154029255213872344243562982,0.1128869665726326789658548428,5.595672932330827067669172932,0.4896422261264352321499655857,True,73.01712759352286046870736848,34.930521644715876040954533,26.50909993825386140889973897,8.42142170646201463205479403,2928.86155,3021.084436383966534362032980,2836.638663616033465637967020,33.73289310603616000891247769,3.697619
2025-03-19,1,3049.875,2749.671875,2627.331041666666666666666667,True,True,偏多,False,3051.758,2702.745,0.0006174023525554325996967088815,0.1138177794171892290667650314,7.654964661654135338345864662,0.6930039334142537555601119282,True,74.99472972661374025235227316,39.360061504413566080530008,29.07929225148580234322579278,10.28076925292776373730421522,2933.86555,3039.913227293705966391591988,2827.817872706294033608408012,33.42647216989072000827587214,3.697619
2025-03-20,1,3046.245,2752.169375,2630.431195833333333333333333,True,True,偏多,False,3057.245,2730.529,0.003611003054580311169981403334,0.1036410400345343201219862486,9.016271428571428571428571429,0.7973030674335202580013914488,True,73.84160020917019637002064665,42.092378357402769774436377,31.68190947266919582946790962,10.41046888473357394496846738,2940.25755,3056.707975669423810827104158,2823.807124330576189172895842,33.31150987204138286482759556,3.697619
2025-03-21,0,3022.705,2754.559458333333333333333333,2633.308366666666666666666667,True,True,偏多,False,3057.245,2730.529,0.01142685111514355519311345302,0.09666044155814080434577638241,9.858367669172932330827067669,0.8779862911213893127021557558,False,66.68123019427252633186894528,41.875562463221629993030412,33.72064007077968266218041010,8.15492239244194733085000190,2945.44305,3066.778292998025928047946066,2824.107807001974071952053934,34.36047345260985551733991016,0.578183
2025-03-23,0,3024.515,2756.945125,2636.207395833333333333333333,True,True,偏多,False,3057.245,2730.529,0.01082156973928051274336546521,0.09720103884424444911002259866,9.888576691729323308270676692,0.8798050087143593384634936177,False,66.94663382528783554524604749,41.372865538000262586025391,35.25108516422379864694940628,6.12178037377646393907598472,2952.87805,3074.459240483520106055090870,2831.296859516479893944909130,32.32686820599486583752991658,0.578183
2025-03-24,1,3009.595,2759.223208333333333333333333,2639.0784375,True,True,偏多,False,3057.245,2730.529,0.01583269509684857929389170304,0.09272543315628847070785271772,9.184923308270676691729323308,0.8402234801477575703501171638,False,62.52534458182213073008103196,39.317329593305456069585271,36.06433405004013013147657922,3.25299554326532593810869178,2960.5079,3076.066946037772395588023659,2844.948853962227604411976341,32.23137761985237542056349396,3.697619
2025-03-25,1,3020.775,2761.517208333333333333333333,2641.9641875,True,True,偏多,False,3057.245,2730.529,0.01207306072117254678021368688,0.09608328988421845387359204178,8.626409774436090225563909774,0.8086982874750776267776404257,False,64.42146497088503242147948013,38.150658074318864570156854,36.48159885489587701921263418,1.66905921942298755094421982,2968.01625,3078.643634072615583112437048,2857.388865927384416887562952,31.97127921843434860480895868,3.697619
2025-03-26,1,3021.395,2764.496541666666666666666667,2644.8480625,True,True,偏多,False,3057.245,2734.738,0.01186538006450662690578358672,0.09487571138497283539557058908,8.166996240601503759398496241,0.7754853362333104882524644364,False,64.52865157889346810205919086,36.851292547200379896015994,36.55553759335677759457330614,0.29575495384360230144268786,2974.55475,3081.509821187625320564729180,2867.599678812374679435270820,31.1033307028318951330368902,3.697619
2025-03-27,1,3055.275,2767.400625,2647.7420625,True,True,偏多,False,3059.518,2745.0,0.001388745693922805639426892833,0.1015538699462405184476029163,8.365199248120300751879699248,0.7879439425826654935052227795,False,69.87038743268960355110923538,38.115991435672218058486648,36.86762836181986568735597451,1.24836307385235237113067349,2981.61475,3090.295956161645077686526909,2872.933543838354922313473091,31.60759279548675976639139804,3.697619
2025-03-28,1,3083.898,2770.732816666666666666666667,2650.917658333333333333333333,True,True,偏多,False,3086.725,2758.475,0.0009166969854385586034298151236,0.1055232695763608264605379296,8.824550375939849624060150376,0.8076234924580947104035369150,True,73.50107882747014630402004841,40.955798354723689917305688,37.68526236040063053334591721,3.27053599432305938395977079,2989.9014,3103.145069981858147125004308,2876.657730018141852874995692,31.63847902438056264022058389,3.697619
2025-03-30,0,3088.898,2774.094758333333333333333333,2654.1252125,True,True,偏多,False,3097.715,2771.885,0.002854416040931102289554397717,0.1026298051926609425108889967,8.978102255639097744360902256,0.8128247422592048436408799531,True,74.08847128002908594192055639,43.112845959624715562621966,38.77077908024544753920112697,4.34206687937926802342083903,2998.8434,3113.688351968120914879148210,2883.998448031879085120851790,30.36551623692480816591911361,0.578183
2025-03-31,0,3120.348,2778.2322,2657.415183333333333333333333,True,True,偏多,False,3127.825,2771.885,0.002396207089722043823317142832,0.1116744029832569956940700204,9.300907518796992481203007519,0.8162635296277514329397466023,True,77.47124325021171632207825201,46.820357946830650577469512,40.38069485356248814685480398,6.43966309326816243061470802,3009.39305,3128.116347416261143871057843,2890.669752583738856128942157,31.86369364857303615406774835,0.578183
2025-04-01,1,3114.998,2782.534058333333333333333333,2660.7281,True,True,偏多,False,3148.835,2771.885,0.01086260729541399384526089583,0.1101487063555096985616042129,9.333469924812030075187969925,0.8169913802078107500369071321,True,75.66168115853599558864381810,48.764757846244637833233606,42.05750745209891808413056438,6.70725039414571974910304162,3019.34755,3138.433415015920340334877455,2900.261684984079659665122545,33.02842981653210500020576633,3.697619
2025-04-02,0,3162.475,2787.465566666666666666666667,2664.329004166666666666666667,True,True,偏多,False,3167.548,2806.925,0.001604123352753776709697309860,0.1124277662274010071225859493,9.247475939849624060150375940,0.8204044817433142962416824128,True,80.10319046851037105904247251,53.519763376027737388795405,44.34995863688468194506353250,9.16980473914305544373187250,3033.25105,3150.994028670449814639888954,2915.508071329550185360111046,35.19589911535124035733392588,0.578183
2025-04-03,0,3112.625,2792.014316666666666666666667,2667.599991666666666666666667,True,True,偏多,False,3167.548,2832.455,0.01764523513111923215935103008,0.09001084293803461708365125899,8.516604511278195488721804511,0.8076840273678235566337261172,False,66.40123021350150193807942092,52.658645048923012113081197,46.01169591929234797866706540,6.64694912963066413441413160,3043.1249,3152.412667269534791242239382,2933.837132730465208757760618,40.58476346425472318895293117,0.578183
2025-04-04,0,3037.998,2795.975008333333333333333333,2670.565504166666666666666667,True,True,偏多,False,3167.548,2832.455,0.04264321437999630019506266956,0.06765738489623758804317843527,6.782312030075187969924812030,0.6349388042656230161128284836,False,52.04792775723028322571843660,45.430730176702238610876832,45.89550277077432610510901872,-0.46477259407208749423218672,3048.12855,3146.289251149645421631647923,2949.967848850354578368352077,46.33585178823652867545629323,0.578183
2025-04-06,0,2999.548,2799.544116666666666666666667,2673.37685,True,True,偏多,False,3167.548,2832.455,0.05600843860474978230053328035,0.05570605971299675817823218698,5.110406015037593984962406015,0.3719466226263517766453504860,False,46.47389143749479589665054229,36.182868323233515911305015,43.95297588126616406634821798,-7.77010755803264815504320298,3048.7962,3145.432638617324883285277901,2952.159761382675116714722099,47.4127909462196337700665580,0.578183
2025-04-07,0,2981.075,2802.616116666666666666666667,2676.080754166666666666666667,True,True,偏多,False,3167.548,2832.455,0.06255226721904011136922083477,0.04985449879657506100987060037,3.116625563909774436090225564,0.1372769636258948981387248038,False,44.03394806886473542972075024,27.051422502729718743135586,40.57266520555887500170569158,-13.52124270282915625857010558,3048.6602,3145.669108200432809530371628,2951.651291799567190469628372,51.10152016434680278649037529,0.578183
2025-04-08,0,2978.265,2805.476533333333333333333333,2678.781283333333333333333333,True,True,偏多,False,3167.548,2832.455,0.06355478777073228876543893844,0.04895803429177725957898306564,1.183424060150375939849624060,0.0191823232805847895189050893,False,43.65846295662846609455394585,19.364717970964866617155144,36.33107575864007332479558206,-16.96635778767520670764043806,3048.0777,3146.618393001622431252829568,2949.537006998377568747170432,51.22855443832203115888391991,0.578183
2025-04-09,0,3086.495,2809.097116666666666666666667,2681.813866666666666666666667,True,True,偏多,True,3167.548,2832.455,0.02626053176823549041874359103,0.08230695335647716908661766826,0.9655105263157894736842105263,0.0131086439213367115059347666,True,58.37950014655177333393311176,21.755422762648075160992060,33.41594515944167369203487765,-11.66052239679359853104281765,3052.42655,3149.679761191147822170429468,2955.173338808852177829570532,56.6922291212990289332493542,0.578183
2025-04-10,0,3188.775,2813.428425,2685.281033333333333333333333,True,True,偏多,False,3191.045,2832.455,0.0007118721138995382239261158282,0.1117419698787151805944288951,2.583368421052631578947368421,0.0691194207316078569772591097,True,67.12211482584303124845963709,31.539645345731522593787456,33.04068519669964347238539332,-1.50103985096812087859793732,3060.2889,3173.610349787584345041823898,2946.967450212415654958176102,60.70992704120624115230297176,0.578183
2025-04-11,0,3236.375,2817.766508333333333333333333,2688.804658333333333333333333,True,True,偏多,False,3245.025,2832.455,0.002672743424355953806341972114,0.1248063033486539724228496389,4.934454135338345864661654135,0.1734219688446212738071602105,True,70.25372406106923602645656006,42.643071639079163487358920,34.96116248517554747538009866,7.68190915390361601197882134,3069.6139,3206.264921005918576341866375,2932.962878994081423658133625,60.68493225254865249856704521,0.578183
2025-04-13,0,3223.545,2821.965008333333333333333333,2692.2946875,True,True,偏多,False,3245.025,2832.455,0.006663471426643648529801817564,0.1213229534565206938324112119,6.764487218045112781954887218,0.2647302125123100605354312850,True,68.36358860093626293706613684,49.832900539689660899845293,37.93551009607837016027313753,11.89739044361129073957215547,3078.4789,3230.099756922654279002055896,2926.858043077345720997944104,58.29100852022374874866939912,0.578183
2025-04-14,0,3212.395,2826.982008333333333333333333,2695.8394375,True,True,偏多,False,3245.515,2832.455,0.01031006460911562868202696119,0.1182731264368173901403781291,7.796933834586466165413533835,0.3159130887383632938712323834,True,66.68447073639689062937984328,54.008602378747006041823559,41.15012855261209733658322182,12.85847382613490870524033718,3087.9634,3247.943461496925297312723393,2927.983338503074702687276607,57.85593648306490955233587061,0.578183
2025-04-15,0,3251.665,2832.145008333333333333333333,2699.534216666666666666666667,True,True,偏多,False,3251.665,2832.455,0,0.1289216447573781431974080971,9.133711278195488721804511278,0.3744406673500977150121835278,True,69.52363316874171203204954749,59.797330573122453021529339,44.87956895671416847357244526,14.91776161640828454795689374,3099.3209,3271.460819041342644637502083,2927.180980958657355362497917,56.72194101998884458431187985,0.578183
2025-04-16,0,3349.885,2838.086258333333333333333333,2703.605845833333333333333333,True,True,偏多,False,3357.455,2832.455,0.002259779067042599969849711259,0.1544620188454230518361078067,11.29647368421052631578947368,0.4305417246648149908632676140,True,75.21329050483355131507170948,71.486421545090424837292793,50.20093947438941974631651481,21.28548207070100509097627819,3116.3354,3314.881377300372419305621110,2917.789422699627580694378890,60.24180237570392711400388843,0.578183
2025-04-17,0,3326.925,2843.822175,2707.4018875,True,True,偏多,False,3357.455,2832.455,0.009176642094426535013563575975,0.1486267348978410995138153099,12.79604812030075187969924812,0.4783430212745145146945323411,True,71.83708957368099911904852383,77.998314226317862301639741,55.76041442477510825738116005,22.23789980154275404425858095,3131.6429,3345.012215491145539738870275,2918.273584508854460261129725,61.13310220601078946300361069,0.578183
2025-04-20,0,3347.975,2849.639091666666666666666667,2711.307891666666666666666667,True,True,偏多,False,3357.455,2832.455,0.002831562362323494052374943063,0.1539796444119206385949715873,14.14575037593984962406015038,0.5178859977079256263177001281,True,73.03229507558242314318760700,83.890557048062232254599433,61.38644294943253305682481464,22.50411409862969919777461836,3147.9719,3374.663133699849981649290344,2921.280666300150018350709656,58.62645204843859021564620993,0.578183
2025-04-21,0,3434.954,2856.217083333333333333333333,2715.584595833333333333333333,True,True,偏多,False,3444.045,2832.455,0.002646614772716024726968687208,0.1754023489106404336127936502,16.78185939849624060150375940,0.5789269723151772731456753503,True,77.31610067686042741410942791,94.489464591616228858717716,68.00704727786927221720339491,26.48241731374695664151432109,3166.95585,3421.318889956889176977404927,2912.592810043110823022595073,61.35027690212154805738576636,0.578183
2025-04-22,0,3336.315,2862.00225,2719.392429166666666666666667,True,True,偏多,False,3499.915,2832.455,0.04903613717529669710444007835,0.1510229100069987396274032878,17.88983609022556390977443609,0.6221284351518138087613546651,False,64.75378119504507401846521412,93.848010791362337550164032,73.17523998056788528379552233,20.67277081079445226636850967,3179.5767,3441.149243906351149743051574,2918.004156093648850256948426,70.34597140911286605328678305,0.578183
2025-04-23,0,3316.145,2867.615166666666666666666667,2722.9256375,True,True,偏多,False,3499.915,2832.455,0.05541675650491760764381533377,0.1458591225655090474029332252,18.40904285714285714285714286,0.6439935965740268832837924338,False,62.51691825865769191356656153,90.666951423170686666822382,76.67358226908844556040089426,13.99336915408224110642148774,3190.93905,3455.494221035816270245417344,2926.383878964183729754582656,74.38483059417623276376629857,0.578183
2025-04-24,0,3348.745,2873.436558333333333333333333,2726.623679166666666666666667,True,True,偏多,False,3499.915,2832.455,0.04514228464693489650600448825,0.1541741756986572581668654974,19.54881804511278195488721805,0.6919755240977251654137591507,False,64.64284335123700911995977058,89.741996631303487978542487,79.28726514153145404402921281,10.45473148977203393451327419,3202.3589,3473.378661140696159384858639,2931.339138859303840615141361,73.63019983744935899492584864,0.578183
2025-04-25,0,3318.625,2879.144808333333333333333333,2730.279833333333333333333333,True,True,偏多,False,3499.915,2832.455,0.05462804625409619948020641079,0.1464974198651549964217107989,19.83037969924812030075187970,0.7047359303059074066260119958,False,61.18971177834134892877343350,85.591881092019460653211600,80.54818833162905536586569025,5.04369276039040528734590975,3212.54025,3484.963169758140027170811754,2940.117330241859972829188246,75.36375699191726192385971657,0.578183
2025-04-27,0,3302.415,2884.726066666666666666666667,2734.037875,True,True,偏多,False,3499.915,2832.455,0.05980471866800508113002151456,0.1423079776466616097613413214,20.32380075187969924812030075,0.7311947425175663255540649906,False,59.35215035713813259773999382,80.071854602927764479197811,80.45292158588879718853211440,-0.38106698296103270933430340,3219.53725,3493.640521522887883973096149,2945.433978477112116026903851,72.6749172067803146435840225,0.578183
2025-04-28,0,3337.325,2890.53765,2737.89575,True,True,偏多,False,3499.915,2832.455,0.04871865940536207891050467066,0.1512798423887394844673503480,20.31839473684210526315789474,0.7309629875816974428601293529,False,61.99889019580054421521124200,77.619391061868141955634895,79.88621548108466614195267052,-2.26682441921652418631777552,3230.77225,3504.846049421889286144439933,2956.698450578110713855560067,73.56028026343886359761373514,0.578183
2025-04-29,0,3316.775,2896.00715,2741.734125,True,True,偏多,False,3499.915,2855.075,0.05521628690520158889282510873,0.1392014833686336878443668925,18.50320150375939849624060150,0.6658508612937311494009001135,False,59.54114138073402093686147843,73.174077563181906167024236,78.54378789750411414696698362,-5.36971033432220797994274762,3244.7111,3506.218640390635772581172407,2983.203559609364227418827593,71.18740310176465905492703977,0.578183
2025-04-30,0,3272.545,2900.813375,2745.334695833333333333333333,True,True,偏多,False,3499.915,2858.735,0.06947803620729432291992929051,0.1264489869505232166402601034,15.02983233082706766917293233,0.5386681503529475098963193052,False,54.53061057220982695527509331,65.329070376881500279457204,75.90084439337959137346502770,-10.57177401649809109400782370,3258.36095,3494.528001339914899653927298,3022.193898660085100346072702,70.45901716592432626528939407,0.578183
2025-05-01,1,3236.955,2905.143041666666666666666667,2748.8278625,True,True,偏多,False,3499.915,2879.935,0.08123684141423034920164166632,0.1102950149137074812593934732,10.34583383458646616541353383,0.3573762895357328519177016660,False,50.82436434297287072177448885,55.599118075627546945557595,71.84049912982918248788354116,-16.24138105420163554232594616,3271.15495,3470.740204265414107020039045,3071.569695734585892979960955,70.74123022550116010348300878,3.697619
2025-05-02,1,3239.415,2909.508958333333333333333333,2752.476945833333333333333333,True,True,偏多,False,3499.915,2879.935,0.08041575407905439716738979106,0.1109706536519711120680740195,5.267827819548872180451127820,0.1662735713744898588328804187,False,51.07190357003796094413767833,47.538567206261884966627046,66.98011274511572298363224213,-19.44154553885383801700519613,3284.21245,3433.198559480682795632121817,3135.226340519317204367878183,69.00328520939393438180565101,3.697619
2025-05-04,0,3247.745,2914.511958333333333333333333,2756.0643625,True,True,偏多,False,3499.915,2879.935,0.07764464266745080047848584171,0.1132508863842450685013755698,1.625009774436090225563909774,0.0244158800778649994571319766,False,51.95385999477308589190765701,41.346072169508025752745538,61.85330462999418353745490130,-20.50723246048615778470936330,3292.27495,3412.209858046781775985568211,3172.340041953218224014431789,65.17233626586579621167667594,0.578183
2025-05-05,0,3333.765,2920.198791666666666666666667,2759.968070833333333333333333,True,True,偏多,False,3499.915,2879.935,0.04983854590830487451874982190,0.1361313709874571243024028388,0.5835150375939849624060150376,0.0036591103975428223637135869,True,59.97689530713015754379148686,42.885216261287674223319906,58.05968695625288167462790224,-15.17447069496520745130799624,3299.52445,3410.771913283393567904052273,3188.276986716606432095947727,67.4178836754468107679854848,0.578183
2025-05-06,0,3400.385,2926.438958333333333333333333,2764.215558333333333333333333,True,True,偏多,True,3499.915,2879.935,0.02927021499036138554898930562,0.1530561980481621933986886779,1.027283458646616541353383459,0.0105183118347358688159224632,True,64.86964119120444143610828394,48.916793925658764344444327,56.23110835013405820859118719,-7.31431442447529386414686019,3307.72495,3423.241203350729827070259059,3192.208696649270172929740941,70.9271062700577528559865216,0.578183
2025-05-07,0,3376.015,2932.512433333333333333333333,2768.241975,True,True,偏多,False,3499.915,2879.935,0.03670007390370007242266399883,0.1469424750778654715692910132,0.6736984962406015037593984962,0.0047806071618144685243912890,True,61.88912286065941571534566352,51.140887036768208008066658,55.21306408746088816848628135,-4.07217705069268016041962335,3315.34845,3427.718317707450826205540176,3202.978582292549173794459824,68.81374153648219908055891291,0.578183
2025-05-08,1,3316.025,2938.579741666666666666666667,2771.8685875,True,True,偏多,False,3499.915,2879.938,0.05545494982697657587020604489,0.1315089602762343468459978438,-0.9422172932330827067669172932,0.0113534698997051688587947542,True,55.16932805222220259401307451,47.515080932517564633319862,53.67346745647222346145299748,-6.15838652395465882813313548,3320.52995,3422.509381113288722836498594,3218.550518886711277163501406,72.91704571244775628909041914,3.697619
2025-05-09,1,3323.345,2944.662741666666666666666667,2775.525420833333333333333333,True,True,偏多,False,3499.915,2905.755,0.05313020465825847150987935348,0.1256535207750022943750949721,-1.989343609022556390977443609,0.0559851160051679578559266530,True,55.79996756045874296052331124,44.716798874400763531927701,51.88213374005793147554793818,-7.16533486565716794362023718,3324.11395,3421.075451534320310875250402,3227.152448465679689124749598,72.92797101870148798272681779,3.697619
2025-05-11,0,3287.315,2950.203408333333333333333333,2779.043170833333333333333333,True,True,偏多,False,3499.915,2932.768,0.06467284090511557304365416761,0.1078530654957008987578008192,-2.108131578947368421052631579,0.0622165354443809127807225532,False,51.92788652215428876048968828,39.140631462777620064661163,49.33383328460186919337058314,-10.19320182182424912870942014,3320.98545,3418.455372906453557941402412,3223.515527093546442058597588,71.85168737450852455538918793,0.578183
2025-05-12,0,3236.585,2955.307466666666666666666667,2782.358670833333333333333333,True,True,偏多,False,3499.915,2956.125,0.08136044627284622526521009026,0.08665306179198136307249770978,-3.220069924812030075187969925,0.1272615029853327451498827609,False,46.98423412020972735012942738,30.278954642129543330310899,45.52285755610740402075864631,-15.24390291397786069044774731,3316.46845,3420.566501166148158587497423,3212.370398833851841412502577,72.58942399061505851571853164,0.578183
2025-05-13,1,3253.925,2960.628941666666666666666667,2785.8972125,True,True,偏多,False,3499.915,2956.125,0.07559793172860468511105818358,0.09152024093978810206135666925,-3.616075939849624060150375940,0.1534721493923496845686574331,False,48.77922537209202586279976253,24.374234003249944255474528,41.29313284553591206770182265,-16.91889884228596781222729465,3311.76595,3418.216663105126731227006297,3205.315236894873268772993703,70.96660799128541147888149366,3.697619
2025-05-14,1,3185.815,2965.3745,2789.239158333333333333333333,True,True,偏多,False,3499.915,2956.125,0.09859329559312138338227423752,0.07209772067744046656820939069,-3.470300751879699248120300752,0.1476411175060067640372542436,False,42.66827382035544802849314583,14.036982972751683507320966,35.84190287097906635562565132,-21.80491989822738284830468532,3299.309,3403.466194355454870806388250,3195.151805644545129193611750,72.094707420479310658961387,3.697619
2025-05-15,1,3236.845,2970.529833333333333333333333,2792.789825,True,True,偏多,False,3499.915,2956.125,0.08127358585289070066685306216,0.08672642650482182495609150268,-3.778338345864661654135338346,0.1686786035570968010537114647,False,47.93145977939834913494501814,9.848800735492343223071641,30.64328244388172172911484926,-20.79448170838937850604320826,3294.3355,3400.430927700726104382344993,3188.240072299273895617655007,76.3450854618736456118927165,3.697619
2025-05-16,1,3202.465,2975.279725,2796.031575,True,True,偏多,False,3499.915,2956.125,0.09288157716009386519446738684,0.07692199602493704068584668373,-4.746413533834586466165413534,0.2355583863272046970539708913,False,44.93826496080246062228019544,3.712660227833403191559244,25.25715800067205802160372821,-21.54449777283865483004448421,3288.6515,3401.434101721187475007286921,3175.868898278812524992713079,77.37543650031124235390037957,3.697619
2025-05-18,0,3234.265,2980.387366666666666666666667,2799.378825,True,True,偏多,False,3499.915,2956.125,0.08213612675522877686274934181,0.08599790060492878598383249363,-4.574518796992481203007518797,0.2234022209999690891081478721,False,48.16276291377019349967518045,1.399585354564052418248287,20.48564347145045690093263997,-19.08605811688640448268435297,3282.9275,3394.543767071605651328908136,3171.311232928394348671091864,74.88861960743186790005035243,0.578183
2025-05-19,0,3222.195,2985.374425,2802.68895,True,True,偏多,False,3499.915,2956.125,0.08618969367154998378434576430,0.08257414588502558038852397201,-4.878481203007518796992481203,0.2463680675436651853056320907,False,47.03682347459656377702821573,-1.391451487508106192388484,16.11022447965874428226841518,-17.50167596716685047465689918,3278.106,3391.455144840179539838864336,3164.756855159820460161135664,72.62514677832959162147532729,0.578183
2025-05-20,0,3290.435,2991.073483333333333333333333,2806.084825,True,True,偏多,False,3499.915,2956.125,0.06366331503281481019986719081,0.1016005482557777315157418396,-4.318526315789473684210526316,0.1944073377722082227232080081,True,53.63614927305518340269294128,1.881342456594995821413346,13.26444807504599459009740134,-11.38310561845099876868405534,3277.507,3390.461897122701147631272810,3164.552102877298852368727190,74.54906486559176364851280393,0.578183
2025-05-21,0,3319.835,2996.869983333333333333333333,2809.650908333333333333333333,True,True,偏多,False,3499.915,2956.125,0.05424365969995496764146410891,0.1095566496527688876103782266,-2.769345864661654135338345865,0.0822695051902534493098219584,True,56.17004955634862870739835811,6.769356601329961834261920,11.96542978030278803893030507,-5.19607317897282620466838507,3276.6325,3387.980796237526688076039675,3165.284203762473311923960325,72.05577451804949481647617507,0.578183
2025-05-22,1,3299.748,3002.504925,2813.1944625,True,True,偏多,False,3499.915,2956.125,0.06066129898404362999841199995,0.1041361340320533568017921369,-1.805295488721804511278195489,0.0355874185403959188156504925,True,53.99862302903207321149649957,8.919471881662713418866793,11.35623820057477311491760266,-2.43676631891205969605080966,3275.78115,3386.144754030087745227560381,3165.417545969912254772439619,71.65243348104595947244216257,3.697619
2025-05-23,0,3356.575,3008.323925,2816.941879166666666666666667,True,True,偏多,False,3499.915,2956.125,0.04270424465414894647073281544,0.1193031587257844677982765170,-0.7021947368421052631578947368,0.0048892528204286013639676363,True,58.84569968159991219967054699,15.035596709482815504595776,12.09210990235638159285323733,2.94348680712643391174253867,3279.98265,3395.796938374578376114055289,3164.168361625421623885944711,72.17961680382839093869629379,0.578183
2025-05-25,0,3342.298,3014.177258333333333333333333,2820.4229375,True,True,偏多,False,3499.915,2956.125,0.04715827254182601312031422692,0.1155411635946286058274875550,-0.4913593984962406015037593985,0.0023424224475183210586360260,True,57.21459148219451271971285981,18.517180586441780779687192,13.37712403917346143022002826,5.14005654726831934946716374,3285.2498,3402.332432151143578567466858,3168.167167848856421432533142,68.14321560355493444307512995,0.578183
2025-05-26,1,3345.945,3020.053066666666666666666667,2823.9214375,True,True,偏多,False,3499.915,2956.125,0.04601689507747437569954078743,0.1165052025660911939676234965,-0.3479924812030075187969924812,0.0011577592923854539742182945,True,57.53837011695782632824210654,21.324824016122545245588590,14.96666403456327819329374061,6.35815998155926705229484939,3290.5763,3408.523203413527563453679467,3172.629396586472436546320533,65.65441448901529626856976353,3.697619
2025-05-27,1,3309.148,3025.675425,2827.278241666666666666666667,True,True,偏多,False,3499.915,2956.125,0.05764837353904993067702018767,0.1066809341860805258634548833,-0.7589661654135338345864661654,0.0056432535015693152137018521,True,53.16664270978949473596329622,20.346153495033428570775285,16.04256192665730826879004949,4.30359156837612030198523551,3293.64645,3410.161883728712523726269196,3177.131016271287476273730804,65.64974202551420367795763756,3.697619
2025-05-28,0,3259.548,3030.7587,2830.3897125,True,True,偏多,False,3499.915,2956.125,0.07374243299991287135516948976,0.09308744648030953985031053385,-0.6126360902255639097744360902,0.0037165101355543058408755047,False,47.88521973319332380518636766,15.390828687968924867479673,15.91221527891963158852797419,-0.52138659095070672104830119,3289.9356,3405.829542524016327468638907,3174.041657475983672531361093,66.35997473797747484381780631,0.578183
2025-05-29,0,3315.395,3036.1997,2833.734754166666666666666667,True,True,偏多,False,3499.915,2956.125,0.05565551012775250007917608611,0.1083641617363843523923996990,1.495007518796992481203007519,0.0269039230717656569993117169,True,53.48772359123377913023096902,15.788088982286263278088755,15.88739001959295792644013035,-0.09930103730669464835137535,3285.6861,3390.800300422017195687649654,3180.571899577982804312350346,67.73261939955051235497367729,0.578183
2025-05-30,0,3288.865,3041.358616666666666666666667,2837.073879166666666666666667,True,True,偏多,False,3499.915,2956.125,0.06417107421557284960009000065,0.1011716808078166783981707975,2.966666165413533834586466165,0.1252833089804466185639622602,False,50.69938183663836545432471522,13.803058284303707750468078,15.47052367253510789124571988,-1.66746538823140014077764188,3281.3286,3377.988844937409505821563095,3184.668355062590494178436905,66.56264658529690432961841463,0.578183
2025-06-01,0,3309.935,3046.526783333333333333333333,2840.397629166666666666666667,True,True,偏多,False,3499.915,2956.125,0.05739689752215677951379709873,0.1068933377845788512463235683,3.923166917293233082706766917,0.2209253782917461291013488900,False,52.80370188092843519570190259,13.771332714268329969563353,15.13068548088175230690924650,-1.35935276661342233734589350,3281.0241,3377.282758103881751547006721,3184.765441896118248452993279,63.77838611491855402035995644,0.578183
2025-06-02,0,3387.198,3052.329533333333333333333333,2844.028516666666666666666667,True,True,偏多,False,3499.915,2956.125,0.03327735786334309361306897323,0.1272653680121445513371228963,6.108161654135338345864661654,0.4461862238127463695594273829,True,59.61152947990315355260700615,19.752968433308779514785425,16.05514207136715774848448220,3.69782636194162176630094280,3284.21675,3389.674442449389390192842339,3178.759057550610609807157661,65.70421567813865730461995955,0.578183
2025-06-03,0,3359.698,3058.096391666666666666666667,2847.546695833333333333333333,True,True,偏多,False,3499.915,2956.125,0.04173500118165382721899408816,0.1201218085673176577180448957,7.235384962406015037593984962,0.5704057795129439015299730836,True,56.48829295883119373223129742,22.020597917647493209591488,17.24823324062322484070588336,4.77236467702426836888560464,3287.8359,3398.318911814305641692306530,3177.352888185694358307693470,64.99841455827161035428996244,0.578183
2025-06-04,0,3377.935,3063.950725,2851.09985,True,True,偏多,False,3499.915,2956.125,0.03611081918390969630854353325,0.1248721482207324889318474157,7.713290225563909774436090226,0.6038041206434727887291311697,True,58.05768830538443234339409322,25.001087138509476950996905,18.79880402020047526276408769,6.20228311830900168823281731,3294.9034,3409.380193668236533117502409,3180.426606331763466882497591,63.28759923268078104326925084,0.578183
2025-06-05,1,3361.648,3069.50925,2854.656325,True,True,偏多,False,3499.915,2969.605,0.04113071921866893856822606055,0.1166222638420203424034878131,8.019757142857142857142857143,0.6315774374204520746373939431,False,56.11121568806248108270400015,25.752067728774455928439931,20.18945676191527139589925635,5.56261096685918453254067465,3300.28955,3416.668312297035965684914379,3183.910787702964034315085621,63.34777071606072525446430435,3.697619
2025-06-06,0,3309.625,3074.469058333333333333333333,2857.948783333333333333333333,True,True,偏多,False,3499.915,2971.745,0.05749593987234203270763304000,0.1020901159496921856705820146,6.345627819548872180451127820,0.4964656139021137393052299193,False,50.30924729427333309597557742,21.896989071816539675115352,20.53096322389552505174247548,1.36602584792101462337287652,3306.48005,3410.341846434444556549252852,3202.618253565555443450747148,63.71100137919924487914542547,0.578183
2025-06-08,1,3317.798,3079.595333333333333333333333,2861.3440875,True,True,偏多,False,3499.915,3078.105,0.05489092464339299740369968274,0.07224460319766302830974037600,5.407812030075187969924812030,0.3977999909880467454429679263,False,51.16360563187543478064603992,19.279067171672114807979395,20.28058401345084300298985938,-1.00151684177872819501046438,3310.5277,3409.409194918108919132411231,3211.646205081891080867588769,60.01500128068501310206360936,3.697619
2025-06-09,0,3326.555,3084.847916666666666666666667,2864.776045833333333333333333,True,True,偏多,False,3499.915,3120.205,0.05211397376565245426574940141,0.06203114032384854601832827054,3.930520300751879699248120301,0.2799556685425296894051308871,False,52.11363041297971971397208439,17.706848393249307692041202,19.76583688941053594080012790,-2.05898849616122824875892590,3316.7322,3402.402686160871061091683907,3231.061713839128938908316093,58.93300118920751216620192298,0.578183
2025-06-10,0,3327.755,3089.994166666666666666666667,2868.236795833333333333333333,True,True,偏多,False,3499.915,3120.205,0.05173457781597503421976677971,0.06236937514931237425832130070,2.785875187969924812030075188,0.1744757070807345950889260207,False,52.25070875756009289030097186,16.368992103678740205855538,19.08646793226417679381120992,-2.71747582858543658795567192,3321.4067,3398.323284732032921951706807,3244.490115267967078048293193,58.09471538997840415433035705,0.578183
2025-06-11,0,3365.265,3095.170891666666666666666667,2871.8705875,True,True,偏多,False,3499.915,3120.205,0.04001170784470168025400674241,0.07282041681710058494650495578,1.845921804511278195488721805,0.1097948170708502389834272752,True,56.44752786920972847347529136,18.126523590725403967894058,18.89447906395642222862777954,-0.76795547323101826073372154,3328.5602,3392.806511724798646218511460,3264.313888275201353781488540,57.78530714783708957187818869,0.578183
2025-06-12,0,3395.545,3100.5072,2875.6199625,True,True,偏多,False,3499.915,3120.205,0.03073733377116191951512938276,0.08108860286051281900254598305,2.200870676691729323308270677,0.1393292232171729477409678975,True,59.53911961906696052452335214,21.712435455611247041082140,19.45807034228738719111865163,2.25436511332385984996348837,3333.8157,3401.814184986358335776259611,3265.817215013641664223740389,57.96921378013444031674403236,0.578183
2025-06-13,0,3431.855,3106.15295,2879.4313375,True,True,偏多,True,3499.915,3120.205,0.01983184021469438539798447195,0.09081094626666919202588687459,3.380684210526315789473684211,0.2381958159617445975538636056,True,62.93669092999772689614285746,27.170999618064699625020584,21.00065619744284967789903810,6.17034342062184994712154590,3339.4167,3419.301354539154139099812677,3259.532045460845860900187323,57.77019851012483743697660148,0.578183
2025-06-15,0,3444.015,3111.771366666666666666666667,2883.3770875,True,True,偏多,False,3499.915,3120.205,0.01623105590422805940159958653,0.09402107714397295017588483209,4.248597744360902255639097744,0.2983430929989025559939061300,True,64.02615307411779383278383537,32.108039920635755642351040,23.22213294208143087078943848,8.88590697855432477156160152,3346.63005,3436.334387011038658029868433,3256.925712988961341970131567,55.28589861654449190576398709,0.578183
2025-06-16,0,3402.598,3117.065641666666666666666667,2887.151475,True,True,偏多,False,3499.915,3120.205,0.02860079268841044401954036298,0.08299334802406866752992860162,5.205165413533834586466165414,0.4174358263046985819224782611,True,57.79474682981012735689788698,32.306267622984751033224177,25.03895987826209490327638618,7.26730774472265612994779082,3348.9312,3441.841849511452668565560057,3256.020550488547331434439943,56.2340487153627424839237023,0.578183
2025-06-17,0,3387.155,3122.445141666666666666666667,2890.82035,True,True,偏多,False,3499.915,3120.205,0.03329047533992391845073520403,0.07881245470018348732195603685,5.646484962406015037593984962,0.4766821396521232946802775776,False,55.62101828310883979636297706,30.861491405474878464441316,26.20346618370465161550937214,4.65802522177022684893194386,3351.17405,3445.490958330320073103375321,3256.857141669679926896624679,54.87897380712254659221486642,0.578183
2025-06-18,0,3374.885,3127.547975,2894.388391666666666666666667,True,True,偏多,False,3499.915,3120.205,0.03704718827456342956871123016,0.07546331208322653957097797406,5.902648872180451127819548872,0.5152040537654530494399039442,False,53.88682649379133615556679367,28.399042899956033819788746,26.64258152695492805636524691,1.75646137300110576342349909,3352.62105,3447.459213194939620256027863,3257.782886805060379743972137,53.63690424947093612134237596,0.578183
2025-06-19,0,3368.585,3132.619225,2897.958420833333333333333333,True,True,偏多,False,3451.085,3120.205,0.02449099547732950185315199112,0.07373422371708002024588959459,5.444288721804511278195488722,0.4566943390555493024388048230,False,52.97355897490978181204715893,25.643574208738066832442274,26.44278006331155581158065233,-0.79920585457348897913837833,3355.5929,3448.501123280611711415775692,3262.684676719388288584224308,52.70091108879444068410363482,0.578183
2025-06-20,0,3368.005,3137.386225,2901.332008333333333333333333,True,True,偏多,False,3451.085,3120.205,0.02466742181202225056079192281,0.07357471262661427165339718914,4.105106015037593984962406015,0.3345129025544941335811136242,False,52.88469667501513593228357816,23.146228946858029257370910,25.78346984002085050073870386,-2.63724089316282124336779386,3361.01575,3442.870476355599039410072200,3279.161023644400960589927800,51.37156029673769492095337519,0.578183
2025-06-22,0,3372.498,3142.173,2904.644020833333333333333333,True,True,偏多,False,3451.085,3120.205,0.02330231181753110009257233066,0.07480893984221784564438585286,3.548810526315789473684210526,0.2668186949302009756628323980,False,53.53494310927495691792547415,21.284260676759902618698235,24.88362800736866092433061009,-3.59936733060875830563237509,3363.8709,3443.102879323755379726047573,3284.638920676244620273952427,49.74809170411357385517099125,0.578183
2025-06-23,0,3343.898,3146.767608333333333333333333,2907.830991666666666666666667,True,True,偏多,False,3451.085,3120.205,0.03205450644726603502858041723,0.06689588019730266892112139784,2.079179699248120300751879699,0.1105256624566698271373369397,False,48.90784397836185811495496743,17.301416468828209068527926,23.36718569966057055317007327,-6.06576923083236148464214727,3366.62255,3438.747625920861254924272517,3294.497474079138745075727483,49.92701372524831857980163473,0.578183
2025-06-24,0,3324.015,3151.0215,2910.916283333333333333333333,True,True,偏多,False,3451.085,3120.205,0.03822786599940132640797348989,0.06131440441754925895340424156,0.5754338345864661654135338346,0.0089503382812469386840347940,False,45.93536242314005246891741610,12.397679081202771568325799,21.17328437596901075620121842,-8.77560529476623918787541942,3367.32655,3437.472320442628969673293167,3297.180779557371030326706833,50.82629845915915296695866082,0.578183
2025-06-25,0,3338.805,3155.169583333333333333333333,2914.10345,True,True,偏多,False,3451.085,3120.205,0.03362879832754533433369124582,0.06547252684718035344981213338,0.4817428571428571428571428571,0.0061971086372002646638583985,False,48.44539335131884927520612657,9.594264557209021144311873,18.85748041221701283382334934,-9.26321585500799168951147634,3364.9069,3435.481195209800005483469284,3294.332604790199994516530716,49.21799142636207061217589934,0.578183
2025-06-26,0,3318.498,3158.915525,2917.267295833333333333333333,True,True,偏多,False,3451.085,3120.205,0.03995391891150755552662680526,0.05975384044227237744304802956,-0.2634872180451127819548872180,0.0017133871949633455190706930,False,45.33334845687288278504460144,5.668589194453700770576610,16.21970216866435042117400147,-10.55111297421064965059739147,3362.8469,3436.257304006244237533149998,3289.436495993755762466850002,48.58313489590763699702047796,0.578183
2025-06-27,0,3273.335,3162.378025,2920.1264625,True,True,偏多,False,3451.085,3120.205,0.05430241634296520215621071476,0.04678103524387207542155019269,-1.303995488721804511278195489,0.0330797538196154702704767200,False,39.28855917108046825456776864,-1.074428131858344545262432,12.76087610855981142788671478,-13.83530424041815597314914678,3357.6169,3440.300766094662022643202856,3274.933033905337977356797144,49.85291097477137721151901525,0.578183
2025-06-29,0,3263.585,3165.740108333333333333333333,2922.8018,True,True,偏多,False,3451.085,3120.205,0.05745215767323357596017876047,0.04393328195833722731290896361,-2.583659398496240601503759398,0.1043798826924294378471360859,False,38.10721328024952921062371345,-7.122952497124381820688890,8.784110387422972778171593824,-15.90706288454735459886048382,3352.71375,3444.939602572638221179488088,3260.487897427361778820511912,48.89006019085913598212479987,0.578183
2025-06-30,0,3312.298,3169.449275,2925.6856875,True,True,偏多,False,3451.085,3120.205,0.04190051740513685664756009272,0.05799387615486287767586129026,-3.841375939849624060150375940,0.2319577903464850061173297087,False,46.72608693913485566308771127,-7.894714293305757101200344,5.448345451277226802297206260,-13.34305974458298390349755026,3352.8474,3444.830523059396064408859588,3260.864276940603935591140412,49.34098446294062626911588559,0.578183
2025-07-01,0,3337.875,3172.951108333333333333333333,2928.650979166666666666666667,True,True,偏多,False,3451.085,3120.205,0.03391678837583792083286522114,0.06521214844773995431224955997,-4.608678947368421052631578947,0.3421641645876939387310409839,True,50.61472368490500642030139610,-6.369072232840387225803902,3.084861914453703996676984608,-9.453934147294091222480886608,3353.85125,3444.713819481332630867606762,3262.988680518667369132393238,49.25877128701629582132189376,0.578183
2025-07-02,0,3349.098,3176.707133333333333333333333,2931.530408333333333333333333,True,True,偏多,False,3451.085,3120.205,0.03045207993316409373508926881,0.06834467071432367759916252077,-5.107575939849624060150375940,0.4280079815705477752101532149,True,52.26135697342731471948365132,-4.205904553184152853618040,1.626708620926132626617979686,-5.832613174110285480236019686,3354.9784,3445.014094524782780730290328,3264.942705475217219269709672,48.46743048080084611979890135,0.578183
2025-07-03,0,3330.648,3180.25005,2934.340658333333333333333333,True,True,偏多,False,3451.085,3120.205,0.03616023068183728811930891526,0.06318380086998085657805928456,-5.884996240601503759398496241,0.5703219591855479209073496575,True,49.34833349575585480897961748,-3.934979396152240991038029,0.514371017510457903086777949,-4.449350413662698894124806949,3355.12305,3444.992475086566565839862833,3265.253624913433434160137167,48.7433283036007856826704084,0.578183
2025-07-04,0,3336.248,3183.627658333333333333333333,2937.106295833333333333333333,True,True,偏多,False,3451.085,3120.205,0.03442100227561020643549280509,0.06475627711129388462728190470,-5.994503759398496240601503759,0.5886641515474041715541642440,True,50.25467509653687578393184898,-3.231149379718096472024766,-0.2347330619352529719355308408,-2.996416317782843500089235159,3353.6722,3443.776447264155089882844748,3263.567952735844910117155252,46.63951913905787241962252209,0.578183
2025-07-06,0,3328.655,3187.349075,2939.900879166666666666666667,True,True,偏多,False,3451.085,3120.205,0.03678062160241899505956610102,0.06262289122783827101336726095,-5.690742857142857142857142857,0.5487831590347574615716152196,True,48.97504893502731008265569456,-3.248602792714500663999847,-0.8375070080911025103483940726,-2.411095784623398153651452927,3350.3277,3438.919677273565804526304626,3261.735722726434195473695374,44.47119634341088153250662766,0.578183
2025-07-07,0,3334.398,3191.143433333333333333333333,2942.696629166666666666666667,True,True,偏多,True,3451.085,3120.205,0.03499492262171462434898293485,0.06423738258000394673941143199,-4.631036842105263157894736842,0.4405247414336362422092016181,True,50.01182280097907319179016307,-2.767124950558241832481750,-1.223430596584530374775065258,-1.543694353973711457706684742,3345.45485,3425.922052686001207854862052,3264.987647313998792145137948,44.8198966045958185658990114,0.578183
2025-07-08,0,3301.995,3194.500266666666666666666667,2945.473295833333333333333333,True,True,偏多,False,3451.085,3120.205,0.04515149174968466033413133575,0.05505459578224679322651911950,-3.695678947368421052631578947,0.3858200120646002828264851368,False,44.51582039810485130960557037,-4.943219234332588994882310,-1.967388324134142098796514206,-2.975830910198446896085795794,3338.35385,3406.970210898185208259832871,3269.737489101814791740167129,45.35990398998183152547765344,0.578183
2025-07-09,0,3317.425,3197.697325,2948.211658333333333333333333,True,True,偏多,False,3451.085,3120.205,0.04029028538700950285236290195,0.05944972380686827886086347091,-2.980281203007518796992481203,0.3030723938616215291086319771,True,47.47586675936952476177293167,-5.360920234619241740411155,-2.646094706231162027119442365,-2.714825528388079713291712635,3334.0952,3396.527577611620719053513660,3271.662822388379280946486340,44.87205370498312927365782105,0.578183
2025-07-10,0,3323.555,3200.934575,2950.975908333333333333333333,True,True,偏多,False,3451.085,3120.205,0.03837156298000183538409925517,0.06118448468582587019020296038,-2.293069172932330827067669173,0.2108655224750966164097903444,True,48.64797085979578973828287740,-5.138082895987767489866391,-3.144492344182483119668832092,-1.993590551805284370197558908,3330.9152,3388.504286311904619416216368,3273.326113688095380583783632,43.10833558319862003982511954,0.578183
2025-07-11,0,3354.725,3204.380575,2953.888866666666666666666667,True,True,偏多,True,3451.085,3120.205,0.02872366587425198786785802115,0.06990736945651282892040331175,-1.258669172932330827067669173,0.0693302101794525288668532575,True,54.23982665315066410351593553,-2.418445859783760399099224,-2.999283047302738575554910474,0.580837187518978176455686474,3329.9072,3385.035697703456422049281176,3274.778702296543577950718824,43.25874018439871860840903957,0.578183
2025-07-13,0,3367.498,3207.9851,2956.863670833333333333333333,True,True,偏多,False,3451.085,3153.475,0.02482169254443506722201468271,0.06355549431655193262178626387,-0.1109556390977443609022556391,0.0005417209892309028958454195,True,56.33800648390893386578775201,0.758813309433439007047123,-2.247663775955503059034503779,3.006477085388942066081626779,3329.85285,3384.830651426666745164611882,3274.875048573333254835388118,41.52454445694166727923696531,0.578183
2025-07-14,0,3345.048,3211.388541666666666666666667,2959.759475,True,True,偏多,False,3451.085,3204.205,0.03169969459332123186274158099,0.04210492644649643293608940739,0.7085203007518796992481203008,0.0240828699134194228728001462,True,51.83896988190294455297163846,1.448588290336561743976061,-1.508413362697090098432390823,2.957001653033651842408451823,3328.705,3381.358106442070443143218591,3276.051893557929556856781409,40.99064842430297675929146779,0.578183
2025-07-15,0,3330.798,3214.563566666666666666666667,2962.625904166666666666666667,True,True,偏多,False,3451.085,3204.205,0.03611356797980544001767744547,0.03800680797814817950533175533,1.429888721804511278195488722,0.1146282692216043636271728180,False,49.15563682912133556318709307,0.835750018504688540783906,-1.039580686456734370589131458,1.875330704961422911373037458,3326.620,3375.325969634121852681849692,3277.914030365878147318150308,41.35510210828133556219922009,0.578183
2025-07-16,0,3346.275,3218.12915,2965.644279166666666666666667,True,True,偏多,True,3451.085,3204.205,0.03132139468513496350419496306,0.04245616394348940239520063354,1.983484962406015037593984962,0.2189539724991992891939106464,True,52.05824710293649065594503792,1.580714335234648982262601,-0.5155216821184577000187849664,2.096236017353106682281385966,3326.73885,3375.624153772299502813283963,3277.853546227700497186716037,42.52159481483266873632784723,0.578183
2025-07-17,0,3340.055,3221.637983333333333333333333,2968.691404166666666666666667,True,True,偏多,False,3451.085,3244.925,0.03324196757239027501044144483,0.02848156692030520455501481263,2.130707518796992481203007519,0.2493860765731136316260229401,False,50.80301598555270974100547499,1.650179662185647630346904,-0.0823814132576366339456471732,1.732561075443284264292551173,3327.54085,3376.746339605429189347711763,3278.335360394570810652288237,42.16933804234462096944728671,0.578183
2025-07-18,0,3349.655,3225.58665,2971.677445833333333333333333,True,True,偏多,False,3451.085,3244.925,0.03028073040357887603350195766,0.03126590648887721272787794564,2.624478947368421052631578947,0.3675480976919163802016868849,False,52.69872860990686778117145233,2.451610563219214689326379,0.4244169820377336307087580614,2.027193581181481058617620939,3328.08335,3378.007631600339528571202161,3278.159068399660471428797839,41.2565281821771480430581948,0.578183
2025-07-20,0,3348.898,3229.685816666666666666666667,2974.561041666666666666666667,True,True,偏多,False,3451.085,3244.925,0.03051361970415342599266982751,0.03104692946754424888425983712,2.770483458646616541353383459,0.4001040100541831012636645039,False,52.52684886500268227698088928,2.991186220003699254745326,0.9377708296309267555160716492,2.053415390372772499229254351,3329.60335,3380.115392497903408380245209,3279.091307502096591619754791,38.68227616916449461141118089,0.578183
2025-07-21,0,3396.298,3234.066566666666666666666667,2977.6795125,True,True,偏多,False,3451.085,3244.925,0.01613138776397124162838478838,0.04456999945234487668632140054,2.834816541353383458646616541,0.4023117877162033931053328176,True,61.08546508821036140962883003,7.161039669393210532441135,2.182424597583383510901084319,4.978615071809827021540050681,3335.7515,3387.294465271703179339579925,3284.208534728296820660420075,39.85189929993845928202466797,0.578183
2025-07-22,0,3427.305,3238.5389,2980.9213875,True,True,偏多,False,3451.085,3244.925,0.006938396203430975649964038800,0.05321382252236086371069980641,3.003252631578947368421052632,0.3967652379368556135583104053,True,65.47084778786278573348238636,12.819904455446038906334533,4.309920569155914589987774055,8.509983886290124316346758945,3343.9375,3398.923341932264709117411809,3288.951658067735290882588191,40.58847792137142647616576311,0.578183
2025-07-23,0,3389.885,3242.503983333333333333333333,2983.9611375,True,True,偏多,False,3451.085,3244.925,0.01805370978661518016097891226,0.04276251259261007379306377650,3.160074436090225563909774436,0.4169656130203683726283747220,True,57.10687237745515108810050070,14.122320974941035052190222,6.272400650312938682428263644,7.849920324628096369761958356,3347.81685,3404.255031637168290328284763,3291.378668362831709671715237,41.79215806984489601358249431,0.578183
2025-07-24,0,3369.148,3246.262175,2986.857595833333333333333333,True,True,偏多,False,3451.085,3244.925,0.02431979835851675260332879410,0.03687074595713812512837073349,3.307828571428571428571428571,0.4482210792183708121782001551,False,53.06139069696933164549094346,13.327561028962003143077839,7.683432726042751574558178715,5.644128302919251568519660285,3349.3805,3406.360530335197260229968260,3292.400469664802739770031740,41.80678963628454629832660186,0.578183
2025-07-25,0,3335.575,3249.80815,2989.532345833333333333333333,True,True,偏多,False,3451.085,3244.925,0.03462971151900347016631315440,0.02717672365334312674726246599,3.106146616541353383458646617,0.3908633822230954026601635439,False,47.22812840426299958943672221,9.874816786055787224051580,8.121709538045358704456858972,1.753107248010428519594721028,3348.70435,3406.001797992995290121393662,3291.406902007004709878606338,42.28416180512136441987470173,0.578183
2025-07-27,0,3333.398,3253.341841666666666666666667,2992.083566666666666666666667,True,True,偏多,False,3451.085,3244.925,0.03530541507494754601760725842,0.02654138509712911569515551398,2.602384210526315789473684211,0.2759104579698300072188163198,False,46.86832499730246361849041972,6.883477942912104812004778,7.874063219018707925966442778,-0.990585276106603113961664778,3348.84185,3405.978287030234918210649447,3291.705412969765081789350553,40.70743596189840981845508018,0.578183
2025-07-28,0,3312.405,3256.645983333333333333333333,2994.538108333333333333333333,True,True,偏多,False,3451.085,3244.925,0.04186686108733684437742365441,0.02037190500557751844958572397,1.883007518796992481203007519,0.1350190486960719977563821342,False,43.43214009279263498007804352,2.786736935401674377358368,6.856597962295301216244827822,-4.069861026893626838886459822,3347.6497,3406.748729992378047490304882,3288.550670007621952509695118,40.91976196461995197427971731,0.578183
2025-07-29,0,3327.198,3260.335925,2997.062579166666666666666667,True,True,偏多,False,3451.085,3244.925,0.03723463406746457529729219602,0.02472741327687742058032013724,1.290924060150375939849624060,0.0632510898622339783111293513,False,46.41352934745872119158696861,0.725350255039922049617069,5.630348420844225382919276058,-4.904998165804303333302207058,3347.57685,3406.772870123906978751671655,3288.380829876093021248328345,39.86070753857566969040259464,0.578183
2025-07-30,0,3285.075,3263.41865,2999.307025,True,True,偏多,False,3451.085,3244.925,0.05053461488702693241402403294,0.01222194318242353675334657504,0.1899533834586466165413533835,0.0011354682705262641587216216,False,39.95584294856514529602759659,-4.258201705414897261856793,3.652638395592400853964062246,-7.910840101007298115820855246,3345.1107,3410.121476402378090657554004,3280.099923597621909342445996,41.71779985724883614108812359,0.578183
2025-07-31,0,3288.355,3266.3389,3001.6702625,True,True,偏多,False,3451.085,3244.925,0.04948674945375423273947003897,0.01320721150848980721363721374,-1.301616541353383458646616541,0.0501067071536798857024683571,False,40.64831877189896592235160695,-7.852515045310668548488944,1.351607707411786973473460996,-9.204122752722455521962404996,3344.4287,3411.488298355790947877534260,3277.369101644209052122465740,41.03581415315963355958182905,0.578183
2025-08-01,0,3362.425,3269.47415,3004.290,True,True,偏多,False,3451.085,3244.925,0.02636787437638014230800687004,0.03494501736098202933894436307,-1.470900751879699248120300752,0.0654625608621441303930641540,True,53.64853352068176805275515948,-4.670367205681307949143889,0.147212724793167988949990997,-4.817579930474475938093879997,3346.6787,3412.978572787509931993745833,3280.378827212490068006254167,43.96111314221965973389741269,0.578183
2025-08-03,0,3361.805,3272.624233333333333333333333,3006.85325,True,True,偏多,False,3451.085,3244.925,0.02655716200077041946216392682,0.03476703735047095236041352785,-1.619921804511278195488721805,0.0807922736346174179342104661,True,53.54281459863783133593105204,-2.173466565451110237985867,-0.3169231332556876564371806024,-1.856543432195422581548686398,3348.5912,3414.316860108058252958763852,3282.865539891941747041236148,41.8760336320611126100475975,0.578183
2025-08-04,0,3377.198,3275.851591666666666666666667,3009.526345833333333333333333,True,True,偏多,False,3451.085,3244.925,0.02187819606668012950380759434,0.03916649245913328149548827164,-1.114403759398496240601503759,0.0369433497360289906015867356,True,55.86803639725729746770149366,1.035495093594783811929801,-0.0464394878855933627637842820,1.081934581480377174693585282,3349.71485,3416.580066219720698664331052,3282.849633780279301335668948,41.77467408691389028075848339,0.578183
2025-08-05,0,3383.065,3279.047816666666666666666667,3012.187929166666666666666667,True,True,偏多,False,3451.085,3244.925,0.02010602811355974537882068479,0.04083279511330701597515862095,-0.3571864661654135338345864662,0.0036666833643514513732914310,True,56.75644024464562936947936841,4.005861121695187596770512,0.7640206340305628291430749744,3.241840487664624767627437026,3350.4932,3418.520637416383692557935268,3282.465762583616307442064732,41.69434022356289811784716315,0.578183
2025-08-06,0,3369.905,3281.867625,3014.667179166666666666666667,True,True,偏多,False,3451.085,3244.925,0.02408969985800786669060403780,0.03708709889447922122433718458,-0.1658518796992481203007518797,0.0007798807470736368997209969,True,54.12450267988504226549964610,5.237619563976755375813571,1.658740420019801338477174180,3.578879143956954037336396820,3351.73605,3420.226831074462860880906602,3283.245268925537139119093398,40.65067306473697682371522293,0.578183
2025-08-07,0,3400.109,3284.786241666666666666666667,3017.229058333333333333333333,True,True,偏多,True,3451.085,3244.925,0.01499246053582399858357482069,0.04564088974794631583869811233,0.1945894736842105263157894737,0.0010025478298307946355759022,True,58.84196384754604127451787285,8.552420399793063403544588,3.037476415974453751490656944,5.514943983818609652053931056,3355.2016,3426.076525155233850165643574,3284.326674844766149834356426,40.87419641725576419344984986,0.578183
2025-08-08,0,3398.579,3287.722358333333333333333333,3019.945866666666666666666667,True,True,偏多,False,3451.085,3244.925,0.01544939811609499146555074930,0.04521124858359920425566096889,0.6733203007518796992481203008,0.0112572346032859624486531013,True,58.51371976268583245799930103,10.929971819309623101584050,4.615975496641487621509335555,6.313996322668135480074714445,3357.8168,3431.003416674361986795754505,3284.630183325638013204245495,40.16353953030892389391771773,0.578183
2025-08-10,0,3391.255,3290.793608333333333333333333,3022.676533333333333333333333,True,True,偏多,False,3451.085,3244.925,0.01764243620724481054948684189,0.04314921762002562473184705957,0.8705593984962406015037593985,0.0183581630180760833782315770,True,56.87804849418596969700806067,12.083916984807672744189508,6.109563794274724646045370044,5.974353190532948098144137956,3360.3768,3434.475334373089998385149247,3286.278265626910001614850753,38.39750099242971504435216646,0.578183
2025-08-11,0,3348.848,3293.496383333333333333333333,3025.220754166666666666666667,True,True,偏多,False,3451.085,3244.925,0.03052900579542577029474016139,0.03103246250650970124651820566,0.5365706766917293233082706767,0.0069695192594639157742242424,False,48.43545962294512312777024091,9.467402034872439014103306,6.781131442394267519656957235,2.686270592478171494446348765,3360.33645,3434.459169395540258335287890,3286.213730604459741664712110,39.27032235011330682689844029,0.578183
2025-08-12,0,3350.435,3296.336716666666666666666667,3027.7799625,True,True,偏多,False,3451.085,3244.925,0.03004087528932810217180754141,0.03149143320195735777593058812,0.2145142857142857142857142857,0.0011152753561958662457132580,False,48.74209051291714418919340539,7.436133603614094194074477,6.912131874638232854540461188,0.524001728975861339534015812,3360.4133,3434.491596562758514877980279,3286.335003437241485122019721,38.48672789653378491069140884,0.578183
2025-08-13,0,3362.565,3299.184966666666666666666667,3030.3510875,True,True,偏多,False,3438.655,3244.925,0.02262855885313741147011284540,0.03498519731217091714212215972,0.8118533834586466165413533835,0.0167946034517432971606024340,False,51.13397563372717454449802369,6.727577042330614985287509,6.875220908176709280689870750,-0.147643865846094295402361750,3358.72665,3430.973438804139938742736625,3286.479861195860061257263375,37.74239018963851455992773678,0.578183
2025-08-14,0,3335.248,3301.800408333333333333333333,3033.148475,True,True,偏多,False,3438.655,3244.925,0.03100429113517195722776836985,0.02708134447573313888502444196,1.559260150375939849624060150,0.0751217311973510310927622774,False,45.93540593411180126093505761,3.916638687566286659482477,6.283504464054624756448392000,-2.366865776488338096965915000,3354.1238,3419.732526275092401004129930,3288.515073724907598995870070,38.25436231895004923421861272,0.578183
2025-08-15,0,3334.645,3304.128491666666666666666667,3035.764558333333333333333333,True,True,偏多,False,3438.655,3244.925,0.03119072644914226251969849864,0.02690541272009464275807469761,1.845642105263157894736842105,0.1106592991587444585671059795,False,45.82465624402713794079319720,1.621599934545046100410358,5.351123558152709025240785200,-3.729523623607662924830427200,3351.3618,3415.346973534499380929316326,3287.376626465500619070683674,36.69619358188218857463156896,0.578183
2025-08-17,0,3326.895,3306.153466666666666666666667,3038.443141666666666666666667,True,True,偏多,False,3438.655,3244.925,0.03359288465671444394848650168,0.02463858943549465793179526255,1.776951127819548872180451128,0.1016174448254069459557089497,False,44.34484218716907120237892261,-0.813220740153020390035438,4.118254698491563142185540560,-4.931475438644583532220978560,3349.24915,3413.535263201141659937831617,3284.963036798858340062168383,35.18310832603346081930074261,0.578183
2025-08-18,0,3330.745,3308.168858333333333333333333,3041.131808333333333333333333,True,True,偏多,False,3438.655,3244.925,0.03239815716904176092736009511,0.02576600730467207786846486297,1.296698496240601503759398496,0.0537112572342587882455500985,False,45.29003001369391273681145878,-2.404453795940360000612224,2.813712999605178513625987648,-5.218166795545538514238211648,3349.00765,3413.533267388057589975554258,3284.482032611942410024445742,34.92645773131678504649354671,0.578183
2025-08-19,0,3314.135,3309.78375,3044.007975,True,True,偏多,False,3438.655,3244.925,0.03757239822759181505883133910,0.02088327723523634372166492916,0.5520496240601503759398496241,0.0093086405672393681681571099,False,41.97776131051879314219016002,-4.948759423170436789518683,1.261218515050055452997053518,-6.209977938220492242515736518,3348.0445,3414.031868310912354492859208,3282.057131689087645507140792,34.75313932193701468602972194,0.578183
2025-08-20,0,3346.765,3311.715141666666666666666667,3047.1246,True,True,偏多,False,3438.655,3244.925,0.02745636457892920476938177613,0.03042938479397268705750179651,-0.02895789473684210526315789474,0.0000272764402784418809366734,False,49.75224784287871899299750216,-4.282802186120833854450881,0.152414374815877591507466614,-4.435216560936711445958347614,3349.7625,3413.706376271305292209635825,3285.818623728694707790364175,35.17648651322722792274188466,0.578183
2025-08-21,0,3338.185,3313.179391666666666666666667,3050.322479166666666666666667,True,True,偏多,False,3438.655,3244.925,0.03009719353481008392285029140,0.02793733720569710785951048249,-0.5506323308270676691729323308,0.0100496382262800103062863836,False,47.93350491488759768783179824,-4.396678399986577038036497,-0.7574041801446133344013261088,-3.639274219841963703635170891,3350.31185,3413.656846172625979565933442,3286.966853827374020434066558,34.30580890513956878540317861,0.578183
2025-08-22,1,3371.235,3315.334475,3053.674395833333333333333333,True,True,偏多,False,3438.655,3244.925,0.01999860585215803703983851615,0.03746698168475351021213294238,-1.281785714285714285714285714,0.0688294679286515911417033312,True,54.78944903744205160537401264,-1.799325822246215406509142,-0.9657885085649337488228892870,-0.8335373136812816576862527130,3354.61985,3410.964675900077107257509461,3298.275024099922892742490539,35.96539398334388530073152299,3.697619
2025-08-24,0,3368.865,3318.0917,3057.033354166666666666666667,True,True,偏多,False,3438.655,3244.925,0.02071617592275143111997660933,0.03678983871422571103324116579,-2.124570676691729323308270677,0.2641973249273319223243386608,True,54.23791354458169777316138941,0.067082332077386617126355,-0.7592143404364696756330404296,0.8262966725138562927593954296,3358.64535,3406.313993732646726100728048,3310.976706267353273899271952,33.82593727024789349353641421,0.578183
2025-08-25,1,3354.648,3321.050866666666666666666667,3060.297491666666666666666667,True,True,偏多,False,3438.655,3244.925,0.02504197161669421054012224233,0.03270775354075897083688065037,-2.121996992481203007518796992,0.2635885006823015521237648560,True,50.92613312348716699215925738,0.394483793931178668497455,-0.5284747135629400068069413436,0.9229585074941186753043963436,3358.2565,3405.922351388598945280457279,3310.590648611401054719542721,33.17408460808732967256952748,3.697619
2025-08-26,1,3390.648,3324.463975,3063.540045833333333333333333,True,True,偏多,False,3438.655,3259.195,0.01415865049984545726952488138,0.03876928539913314505073956365,-1.603232330827067669172932331,0.1383455507379115487151688773,True,57.93100114923287154631100001,3.518294240751885504546066,0.2808790773000250954636601252,3.237415163451860409082405875,3359.69865,3409.408183151197467265879624,3309.989116848802532734120376,33.87736427893823469595741837,3.697619
2025-08-27,1,3395.465,3327.940641666666666666666667,3066.7085875,True,True,偏多,False,3438.655,3267.955,0.01271990728810339673652945915,0.03755303029187460333120794943,-0.8159789473684210526315789474,0.0332622994644031972085716927,True,58.77886946157932021712844577,6.309891665004554558378499,1.486681594840930988046627900,4.823210070163623570331871100,3360.612,3412.209497629245548520018710,3309.014502370754451479981290,33.27969540187121793196045991,3.697619
2025-08-28,0,3414.508,3330.674083333333333333333333,3069.8856,True,True,偏多,False,3438.655,3267.955,0.007071882684123159178423362897,0.04292067846963603541125104993,0.3084849624060150375939849624,0.0040403829793999386844678603,True,62.03632073289265124631859089,9.944232761897619434647459,3.178191828252268677366794120,6.766040933645350757280664880,3362.18415,3418.153279531465825719246731,3306.215020468534174280753269,33.66143144459470236539185563,0.578183
2025-08-29,1,3446.805,3332.824333333333333333333333,3073.126379166666666666666667,True,True,偏多,False,3453.565,3267.955,0.001961236565456995681507947215,0.05188863309644728959137520109,1.639262406015037593984962406,0.0795338477883789788826024333,True,66.82465997348472918289133893,15.254725270723836993722599,5.593498516746582340637955096,9.661226753977254653084643904,3366.02915,3433.063638933011192160445197,3298.994661066988807839554803,34.78418634140936648214958023,3.697619
2025-08-31,0,3447.685,3334.58525,3076.175879166666666666666667,True,True,偏多,False,3453.565,3267.955,0.001705492236094654819103253342,0.05213063258389325010840607538,3.343877443609022556390977444,0.2668841736960048958108581869,True,66.94698992504302013196304486,19.311723956889975115576654,8.337143604775260895625694876,10.97458035211471421995095912,3368.40795,3443.055363092417341987853182,3293.760536907582658012146818,33.04460160273726887628175307,0.578183
2025-09-01,1,3478.965,3336.71375,3079.339379166666666666666667,True,True,偏多,False,3489.595,3267.955,0.003055506450912843331278124385,0.06065309653876943286293480963,5.399648872180451127819548872,0.4990618119595889456641901078,True,71.03539391196247257311355350,24.765478210075525209729242,11.62281052583531375844640430,13.14266768424021145128283770,3372.42725,3460.575596557096577227004371,3284.278903442903422772995629,34.47334434539889252797591356,3.697619
2025-09-02,1,3529.698,3339.357941666666666666666667,3083.169975,True,True,偏多,True,3539.849,3267.955,0.002875883432520289271206771797,0.07415450273649473694350054877,7.943654135338345864661654135,0.6738603886017813598281390099,True,76.18137277369767595722180486,32.803211847641690950621107,15.85889079019658919688134484,16.94432105744510175373976216,3379.3494,3490.948626186206147905216074,3267.750173813793852094783926,37.01410546358468591883477688,3.697619
2025-09-03,1,3560.175,3341.928858333333333333333333,3087.036933333333333333333333,True,True,偏多,True,3578.175,3267.955,0.005055931239335145042027428427,0.08208023481991756023229195194,10.04527593984962406015037594,0.7309232061667904077869834727,True,78.63683024729674805775270064,41.157969405875676178378311,20.91870651333240659318073807,20.23926289254326958519757293,3389.91575,3525.419656654937443541505531,3254.411843345062556458494469,38.06074078761435121034657853,3.697619
2025-09-04,0,3552.415,3343.616608333333333333333333,3090.851433333333333333333333,True,True,偏多,False,3578.175,3267.955,0.007251405030099242346403784468,0.08007510383781174215287346777,11.74331353383458646616541353,0.8001385530128806430782306755,True,76.47505917675188622377572298,46.615651602145884819175228,26.05809553109510223837963606,20.55755607105078258079559194,3400.01475,3551.417540069238816521168422,3248.611959930761183478831578,39.10804501707046898103610864,0.578183
2025-09-05,0,3585.195,3345.768858333333333333333333,3094.795516666666666666666667,True,True,偏多,True,3599.905,3267.955,0.004102984635424293518204728055,0.08848612139646518529675512768,13.79743383458646616541353383,0.8729215857676190868594459305,True,79.09004163986284786131675493,52.975309714868744753484206,31.44153836784983074140055005,21.53377134701891401208365595,3411.14625,3581.454828511917596240925618,3240.837671488082403759074382,40.26461323013686405381924374,0.578183
2025-09-07,0,3590.798,3347.792383333333333333333333,3098.7157375,True,True,偏多,False,3599.905,3267.955,0.002536205044115542004869112660,0.08990842704045173245612813642,15.16549398496240601503759398,0.9089035719496599410843571965,True,79.50931103197650302662733229,57.801203567117495474056947,36.71347140770336368793182944,21.08773215941413178612511756,3423.92375,3607.376183275631424642995380,3240.471316724368575357004620,38.72078371369851662140358347,0.578183
2025-09-08,1,3634.735,3349.457225,3102.837154166666666666666667,True,True,偏多,True,3646.115,3267.955,0.003130902252846493623331549618,0.1009096949296166020356367108,16.76741879699248120300751880,0.9336819709770658852623333632,True,82.47655900850111711988100510,64.428417228370875719815568,42.25646057183686609430857715,22.17195665653400962550699085,3438.92825,3639.049195377414205338572926,3238.807304622585794661427074,40.72287059129147971987475608,3.697619
2025-09-09,1,3633.355,3351.932558333333333333333333,3106.967404166666666666666667,True,True,偏多,False,3673.645,3267.955,0.01108892469907289543686207376,0.1005682076207802430535964694,17.77599774436090225563909774,0.9516947009667455386721145534,True,82.07454689026645924139194337,68.776366196835821773104339,47.56044169683665723006772952,21.21592449999916454303660948,3454.25125,3664.392340376798987427976421,3244.110159623201012572023579,41.75266554905637402559798779,3.697619
2025-09-10,0,3644.685,3354.670391666666666666666667,3111.142779166666666666666667,True,True,偏多,False,3673.645,3267.955,0.007945816991043121696388028046,0.1033642139169777360732134601,18.54638120300751879699248120,0.9656331771228982398439796674,False,82.81515708277320695772390863,72.302920332278889800346489,52.50893742392510374412348142,19.79398290835378605622300758,3469.94825,3687.608394488489210411848049,3252.288105511510789588151951,41.43268943840949016662670295,0.578183
2025-09-11,1,3631.595,3357.027475,3115.232016666666666666666667,True,True,偏多,False,3673.645,3267.955,0.01157893432500044746179020513,0.1001323110093498862070247371,18.39541127819548872180451128,0.9629323488635147605810095718,False,78.76610527216101441276250351,73.197708668226833242768726,56.64669167278544964385253034,16.55101699544138359891619566,3485.82125,3702.012162308427062616010304,3269.630337691572937383989696,41.14678304995166944043908131,3.697619
2025-09-12,0,3642.635,3359.727558333333333333333333,3119.436183333333333333333333,True,True,偏多,False,3673.645,3267.955,0.008513068149842078605185531902,0.1028596057524292167620417637,18.43998270676691729323308271,0.9639868303028968944534603954,False,79.66895867112653719525168659,73.945275499317366330218983,60.10640843809183298112582087,13.83886706122553334909316213,3500.61475,3717.210923328962577957883915,3284.018576671037422042116085,40.07486997495512162326486121,0.578183
2025-09-14,0,3637.965,3362.523808333333333333333333,3123.6249375,True,True,偏多,False,3673.645,3267.955,0.009807680942504944385116404363,0.1017079603569578047067522640,17.83744887218045112781954887,0.9507018827440257160022883210,False,78.15512715660721514254866882,73.315759193199494916338484,62.74827858911336536816835350,10.56748060408612954817013050,3515.60375,3726.581368042175269981058480,3304.626131957824730018941520,37.88259354817261293588879969,0.578183
2025-09-15,1,3676.598,3365.351083333333333333333333,3127.944366666666666666666667,True,True,偏多,False,3685.345,3267.955,0.002379101549856688166614897794,0.1111470440880400848828183010,17.85786015037593984962406015,0.9511075794546915332055043333,False,81.31772766749073397763324504,75.068875942614843581630532,65.21239805981366101086078920,9.85647788280118257076974280,3530.8719,3742.045885633552884363598913,3319.697914366447115636401087,39.40505115187456915475388543,3.697619
2025-09-16,0,3694.085,3368.495333333333333333333333,3132.251241666666666666666667,True,True,偏多,False,3702.828,3267.955,0.002366756585189566563844632703,0.1153546818765675397290533380,17.63147218045112781954887218,0.9479613883604465015260274698,False,82.54927166725202577424157721,76.981889054634107138977515,67.56629625877775023648413436,9.41559279585635690249338064,3547.1329,3755.975490955868003471696937,3338.290309044131996528303063,38.61704749816924278655717933,0.578183
2025-09-17,1,3668.748,3371.797025,3136.3052,True,True,偏多,False,3707.308,3267.955,0.01051039755251655333100011230,0.1092451702869752842113985480,16.32959548872180451127819549,0.9289776373935761523084182071,False,74.85020961768838159710281847,75.582216831234565970072986,69.16948037326911338320190469,6.41273645796545258687108131,3562.8379,3758.226228364720905608493310,3367.449571635279094391506690,40.25461553401429687323166652,3.697619
2025-09-18,1,3639.895,3375.154858333333333333333333,3140.14895,True,True,偏多,False,3707.308,3267.955,0.01852058919282012255848039573,0.1021842663043851539673534539,14.71162330827067669172932331,0.8772558981080754033946670036,False,67.16766180415429151420160481,71.322607917388947493352082,69.60010588209308020523194015,1.72250203529586728812014185,3575.30025,3756.443964190556443939556858,3394.156535809443556060443142,40.61642871015613281085797606,3.697619
2025-09-19,0,3684.489,3378.863808333333333333333333,3144.186383333333333333333333,True,True,偏多,False,3707.308,3267.955,0.006193260449413745026786618171,0.1130506835547615965198973318,13.43195864661654135338345865,0.8602401281125166151546193573,False,71.95823738637929313722170246,70.729870359049628772350210,69.82605877748438991865559412,0.90381158156523885369461588,3589.75145,3756.766388439021076687345458,3422.736511560978923312654542,41.51175523085926618151097777,0.578183
2025-09-21,0,3686.065,3382.516475,3148.514216666666666666666667,True,True,偏多,False,3707.308,3267.955,0.005763056267320299560642582266,0.1134299042474834274490547508,12.04086466165413533834586466,0.8431508908427600260583628632,False,72.11310142046862331176678908,69.585157225204867623162416,69.77787846702848545955695850,-0.19272124182361783639454250,3603.3293,3754.556824771253199269362178,3452.101775228746800730637822,39.15591557151217573997447936,0.578183
2025-09-22,0,3747.598,3385.965083333333333333333333,3153.0819375,True,True,偏多,False,3748.948,3267.955,0.0003602307397965310046595179099,0.1279867797986870523465964066,11.63040977443609022556390977,0.8474972914833190982748948273,True,77.36839688027696930384572089,72.803924345694529200030527,70.38308764276169420765167220,2.42083670293283499237885480,3618.36895,3764.066308321247540730285643,3472.671591678752459269714357,40.90999303068987747283344512,0.578183
2025-09-23,0,3763.535,3388.991333333333333333333333,3157.715145833333333333333333,True,True,偏多,False,3790.865,3267.955,0.007261789780087072393374845724,0.1316793918483553361400916957,11.00920075187969924812030075,0.8658185354491328445305928056,True,78.49857607704667351399416362,75.767403721056007310681834,71.45995085842055682825770456,4.30745286263545048242412944,3634.16145,3770.609763488258256302530744,3497.713136511741743697469256,41.8742792427834576533453419,0.578183
2025-09-24,0,3742.815,3392.048,3162.280216666666666666666667,True,True,偏多,False,3790.865,3267.955,0.01283793080876292309398140170,0.1268724208917619492280542853,10.11092406015037593984962406,0.8791399067458509630980435635,False,73.36865802174227860935796452,75.572894357352823410927936,72.28253955820701014479175085,3.29035479914581326613618515,3647.35395,3771.715942569233145107444188,3522.991957430766854892555812,43.28683072544178210667781748,0.578183
2025-09-25,1,3744.475,3395.618416666666666666666667,3167.099079166666666666666667,True,True,偏多,False,3790.865,3267.955,0.01238891967498781538132849064,0.1272594956569345502373496952,9.640642105263157894736842105,0.8752882420171625944764113905,False,73.51797283516049858731745475,74.691693068327789604443510,72.76437026023116603672210268,1.92732280809662356772140732,3658.0928,3776.931046179586477436517774,3539.254553820413522563482226,43.01705710219594052762940194,3.697619
2025-09-26,1,3759.005,3399.248916666666666666666667,3171.955829166666666666666667,True,True,偏多,False,3790.865,3281.435,0.008475647145986770435261458817,0.1270469180009071549519088163,9.536174436090225563909774436,0.8735086426614043962579100208,True,74.84731391218680873438554099,74.309194131703301128087410,73.07333503452559305499516414,1.23585909717770807309224586,3668.0343,3785.704476240371119790887900,3550.364123759628880209112100,43.46726730918194477565587323,3.697619
2025-09-28,0,3766.648,3403.243358333333333333333333,3176.723383333333333333333333,True,True,偏多,False,3790.865,3281.435,0.006429323897534359462312379601,0.1288182490107915579050657242,9.119373684210526315789473684,0.8737621509285402091221107962,True,75.54277884626366204639861477,73.772385060197467693585196,73.21314503965996798271317051,0.55924002053749971087202549,3678.74595,3791.256751492967776298129686,3566.235148507032223701870314,41.53296250138323443453759657,0.578183
2025-09-29,0,3832.655,3408.210608333333333333333333,3181.7590375,True,True,偏多,False,3834.005,3311.255,0.0003522362435439662583770258476,0.1360414647287585237909490940,9.840954135338345864661654135,0.8567699966728275193245534157,True,80.54564167985416891699818639,77.776612880981245285430069,74.12583860792422344325655021,3.65077427305702184217351879,3691.11895,3813.730364728768218385022800,3568.507535271231781614977200,43.59060803699871768921348253,0.578183
2025-09-30,0,3862.765,3413.284275,3186.956608333333333333333333,True,True,偏多,True,3871.505,3311.255,0.002262627936206318530896909338,0.1427759648852570632694455914,10.70902556390977443609022556,0.8392911819110026487228333958,True,82.32207241982974236416398751,82.429422565287837469520153,75.78655539939694624850927077,6.64286716589089122101088223,3704.7173,3839.526473371992753273626979,3569.908126628007246726373021,46.09342174864166642569823378,0.578183
2025-10-01,0,3863.165,3418.928858333333333333333333,3192.151679166666666666666667,True,True,偏多,False,3895.145,3311.255,0.008278186409330173575293832906,0.1428647236139279580344096097,11.86758045112781954887218045,0.8634746065262211276579191669,True,82.34513615596899505692461069,85.167328471051830349140360,77.66271001372792306863548862,7.50461845732390728050487138,3716.1388,3863.425394232604889844539976,3568.852205767395110155460024,45.80746305231011882386264565,0.578183
2025-10-02,1,3862.145,3424.139691666666666666666667,3197.3347625,True,True,偏多,False,3896.958,3311.255,0.009013902895929593528984540974,0.1426383525217204429144944066,12.64627067669172932330827068,0.8839547107685488413320374277,True,82.05116283772693010864690742,86.260476078461775421787071,79.38226322667469353926580510,6.87821285178708188252126590,3727.5783,3882.700260981802960187142257,3572.456339018197039812857743,48.09714426285939605072959953,3.697619
2025-10-03,0,3886.825,3429.842691666666666666666667,3202.561208333333333333333333,True,True,偏多,False,3896.958,3311.255,0.002607012150019617554173393451,0.1480823036797386041306207509,13.61238195488721804511278195,0.9069095325546246817038597811,True,83.57874949319489994062560102,88.102680316991370274467120,81.12634664473802888630606808,6.97633367225334138816105192,3739.6853,3904.531129301320207832514016,3574.839470698679792167485984,48.49663395836943918996319956,0.578183
2025-10-05,0,3909.355,3435.468441666666666666666667,3207.927904166666666666666667,True,True,偏多,False,3920.485,3311.255,0.002847016963156326299351171741,0.1529919897272056387818450870,14.32954586466165413533834586,0.9157098455998354338625974411,True,84.84663312727171020449291554,90.339248534449128403780924,82.96892702268024878980103926,7.37032151176887961397988474,3753.5733,3926.268117788027443750708361,3580.878482211972556249291639,47.69237438991447924782297102,0.578183
2025-10-06,0,3969.248,3441.693883333333333333333333,3213.534154166666666666666667,True,True,偏多,False,3975.925,3311.255,0.001682182619982424882496634123,0.1657727105990857714106047292,15.65895563909774436090225564,0.9161083228172701796129696398,True,87.58979628335711197835473980,95.839827638902367640094804,85.54310714592467255985979221,10.29672049297769508023501179,3769.90395,3958.579315471462649026074418,3581.228584528537350973925582,49.80484764777773073012133024,0.578183
2025-10-07,0,3994.145,3447.558133333333333333333333,3219.315808333333333333333333,True,True,偏多,False,3995.775,3311.255,0.0004080973524997214672977570919,0.1709727613794691980386290433,16.77915263157894736842105263,0.9154096008626612371308227967,True,88.52012275940652303741260668,101.043291864455163421935084,88.64314408963077073227485057,12.40014777482439268966023343,3787.71295,3989.962755951427305689580472,3585.463144048572694310419528,50.18235853007932139225552094,0.578183
2025-10-08,0,4011.465,3453.321716666666666666666667,3225.09585,True,True,偏多,False,4059.098,3311.255,0.01187421552973788877629494461,0.1745521897860258035406017502,18.22116390977443609022556391,0.9330222678795239350674709949,True,89.13057087420026640723934121,105.350241991432936032528635,91.98456366999120379232560746,13.36567832144173224020302754,3804.4563,4022.004718710961905258564485,3586.907881289038094741435515,51.95883292078794129280869801,0.578183
2025-10-09,0,3989.548,3459.07005,3230.7874875,True,True,偏多,False,4059.098,3311.255,0.01743305256635588793517461126,0.1700175057425051659987547462,19.12262631578947368421052632,0.9560642650597347582946011442,False,83.10812506478485207811675596,105.775695885886371143021831,94.74279011317023726246485217,11.03290577271613388055697883,3819.22945,4044.772690530480097117055839,3593.686209469519902882944161,56.38870199787451691475093386,0.578183
2025-10-10,0,4017.845,3464.580633333333333333333333,3236.452279166666666666666667,True,True,偏多,True,4059.098,3311.255,0.01026744436383185513627330074,0.1758629314968596349535634152,19.58396842105263157894736842,0.9622342622232504325884871978,False,84.55880343214767813275368897,107.160918214750043994342463,97.22641573348619860884037434,9.93450248126384538550208866,3836.6843,4066.927128718811565942262342,3606.441471281188434057737658,57.79472328374062284941158144,0.578183
2025-10-12,0,4034.705,3470.350691666666666666666667,3242.263975,True,True,偏多,False,4059.938,3311.255,0.006253988829418755522398787520,0.1793067894678793121182341708,19.30563609022556390977443609,0.9615882358670226506941575821,False,85.36525852938041656421192184,108.369956583919587749715123,99.45512390357287643701532407,8.91483268034671131269979893,3856.4248,4083.471589499961879553465341,3629.378010500038120446534659,57.90960019204486407445361134,0.578183
2025-10-13,0,4127.798,3476.866133333333333333333333,3248.4596,True,True,偏多,False,4131.748,3311.255,0.0009569266713148269367832437537,0.1978156392342842358080506847,20.46762030075187969924812030,0.9540337085761527095926850412,True,88.83320217803871048541031968,115.508445829463593965466180,102.6657882887510199427054953,12.8426575407125740227606847,3878.59025,4120.253889794549978552400950,3636.926610205450021447599050,61.44841446404165949770692481,0.578183
2025-10-14,0,4161.325,3483.967608333333333333333333,3254.821516666666666666666667,True,True,偏多,True,4179.355,3311.255,0.004332754591386157053342384937,0.2042786852745219371233921888,21.46681578947368421052631579,0.9470376929258595568330081484,True,89.77312516235852372788074686,122.459462237460025114952437,106.6245230784928209771548836,15.8349391589672041377975534,3902.35325,4156.748980146459022678072770,3647.957519853540977321927230,63.45567057375296953358500161,0.578183
2025-10-15,0,4209.285,3491.882083333333333333333333,3261.320391666666666666666667,True,True,偏多,False,4217.995,3311.255,0.002069235036354155159367921155,0.2133450217792332902143713243,23.40805112781954887218045113,0.9509165533727820075497052490,True,90.94700839063406074678998962,130.335734782329479433040502,111.3667654192601526683320073,18.9689693630693267647084947,3925.4376,4202.271884379951754558760981,3648.603315620048245441239019,63.53240838991347170975750149,0.578183
2025-10-16,0,4365.225,3500.630666666666666666666667,3268.415183333333333333333333,True,True,偏多,True,4379.125,3311.255,0.003184257397957722683252295128,0.2414468899083094227674403954,27.13437142857142857142857143,0.9198497475861917528021527244,True,93.54245643879284197576088068,147.460954186061052138858325,118.5856031726203325624372708,28.8753510134407195764210542,3955.5221,4281.799609965918429374489291,3629.244590034081570625510709,71.56223636206250944477482279,0.578183
2025-10-17,1,4250.855,3508.64725,3275.002933333333333333333333,True,True,偏多,False,4379.125,3321.045,0.03017510594927373434285573138,0.2187348192304842202333412925,27.99487969924812030075187970,0.9284097176883765277872271337,True,76.27132503970029730284287401,150.074149397690505943828320,124.8833124176343672387154806,25.1908369800561387051128394,3980.9241,4315.993360571542133816363204,3645.854839428457866183636796,80.23850519334375877014804971,3.697619
2025-10-19,0,4237.605,3516.377833333333333333333333,3281.452308333333333333333333,True,True,偏多,False,4379.125,3321.045,0.03339622263047169332677302391,0.2162919856853104524843632193,27.92834285714285714285714286,0.9276073051636957337213672892,False,74.55392692366814100539512091,149.354297789734203301638676,129.7775094920543344513001197,19.5767882976798688503385563,4005.5806,4339.998032137979314399139499,3671.163167862020685600860501,77.39196910810491885799461757,0.578183
2025-10-20,1,4359.905,3524.483725,3288.406629166666666666666667,True,True,偏多,True,4381.298,3351.175,0.004906758289458141863182798708,0.2313651329558786257957455495,29.09682105263157894736842105,0.9292556546261401631549910756,True,79.20771998929791787784340797,156.844393563674602048622418,135.1908863063783879707645794,21.6535072572962140778578386,4035.6256,4383.725386845323994662592731,3687.525813154676005337407269,83.49204274324028179670928771,3.697619
2025-10-21,0,4092.618,3530.591391666666666666666667,3294.343891666666666666666667,True,True,偏多,False,4381.298,3351.175,0.07053675666773688626693231570,0.1811659431688958021491377891,25.66398345864661654135338346,0.8241464038974835471938745037,False,55.37260251142582647450086531,139.603261835979192496559852,136.0733614122985488759236339,3.5299004236806436206362181,4051.9241,4377.946697474408206089679198,3725.901502525591793910320802,98.51753969015169023980148143,0.578183
2025-10-22,0,4087.305,3536.502808333333333333333333,3300.226766666666666666666667,True,True,偏多,False,4381.298,3351.175,0.07192832440936020189342366180,0.1801015583618056396574270821,22.70728120300751879699248120,0.7122953050780862374256963820,False,55.01819510728755761159989099,124.080503224981601622475963,133.6747897748351594252340997,-9.5942865498535578027581367,4064.6566,4374.941697632741621167255160,3754.371502367258378832744840,102.7567868551408552226728042,0.578183
2025-10-23,0,4121.375,3542.833866666666666666666667,3306.171558333333333333333333,True,True,偏多,False,4381.298,3373.665,0.06306705893057535409905674684,0.1814224621637196324042340238,20.32978195488721804511278195,0.6239418562183193193817533160,False,56.92224327574873658004822878,113.222609689584838383550113,129.5843537577850952168973024,-16.3617440682002568333471894,4077.5871,4374.402534641731527323779003,3780.771665358268472676220997,101.7763020797736512781961754,0.578183
2025-10-24,0,4111.555,3549.516616666666666666666667,3311.9928375,True,True,偏多,False,4381.298,3384.445,0.06560607847882370538640490034,0.1768455000601962031396880256,17.42942556390977443609022556,0.5145760174684346481811322609,False,56.18403649754962397667391468,102.642065071372732274607636,124.1958960205026226284393691,-21.5538309491298903538317331,4090.0066,4370.216918462686166656292634,3809.796281537313833343707366,101.6870662169326761868964486,0.578183
2025-10-26,0,4064.165,3555.736341666666666666666667,3317.6658375,True,True,偏多,False,4381.298,3404.185,0.07803152677118178026728737637,0.1623900604429200093992246870,13.46244511278195488721804511,0.3552152313973905927142171428,False,52.63637711633525111043771058,89.402355583356150767320993,117.2371879330733282562156939,-27.8348323497171774888947009,4100.1076,4360.605349848554354072279350,3839.609850151445645927720650,98.012275772866056459260988,0.578183
2025-10-27,0,3998.205,3561.333425,3323.090670833333333333333333,True,True,偏多,False,4381.298,3436.548,0.09581624754108406147258582289,0.1404772891835211050959117904,8.639073684210526315789473684,0.1634923580915676285235064644,False,48.08524509684848010248976539,72.748767174416023936628370,108.3395037813418673922982291,-35.5907366069258434556698591,4105.6766,4352.078623362146926993471972,3859.274576637853073006528028,100.0454703605184809978852031,0.578183
2025-10-28,0,3964.535,3566.639925,3328.317045833333333333333333,True,True,偏多,False,4381.298,3436.548,0.1051227949810002938553953995,0.1331775353225535907742017664,3.522950375939849624060150376,0.0289801291521378412882311120,False,45.90339262850274000717901529,56.186112242347080990226704,97.90882547354291011188392408,-41.72271323119582912165722008,4108.4356,4347.097002237060528002350179,3869.774197762939471997649821,102.4140796204814466408934029,0.578183
2025-10-29,0,3952.465,3571.533258333333333333333333,3333.352075,True,True,偏多,False,4381.298,3469.805,0.1084976084544708175783972787,0.1221161983724081048156024152,-0.9029,0.0018711071973392090153491521,False,45.11314090928757779129121335,41.606526614744950978200023,86.64836570178331828514714386,-45.04183908703836730694712086,4107.59645,4348.318647233636931590097161,3866.874252766363068409902839,103.2135739333042004522581599,0.578183
2025-10-30,0,4036.345,3576.873258333333333333333333,3338.690229166666666666666667,True,True,偏多,False,4381.298,3510.425,0.08546172341561486939297805316,0.1302960970878356532952460704,-3.712116541353383458646616541,0.0325119597438171452439914561,False,51.37771901848132845645660670,36.400907942239066199795073,76.59887414987446786807672969,-40.19796620763540166828165669,4109.70645,4347.131123033343356439809060,3872.281776966656643560190940,105.1883186523539004199540056,0.578183
2025-10-31,0,4001.505,3581.620341666666666666666667,3343.886645833333333333333333,True,True,偏多,False,4381.298,3510.425,0.09491253915714212527536514386,0.1227238251607832553001933023,-6.809032330827067669172932331,0.1085979323711513030959300764,False,48.88210313776012878938935893,29.128347353327172812728003,67.10476879056500885700698435,-37.97642143723783604427898135,4109.20845,4347.495498757984327006853851,3870.921401242015672993146149,102.4727244629000503899572909,0.578183
2025-11-02,0,3979.435,3586.082175,3348.926770833333333333333333,True,True,偏多,False,4381.298,3544.605,0.1009849388166913142192296143,0.1092692806893440903042768634,-10.55231428571428571428571429,0.2585307610521690755311577951,False,47.31425568777045937718962646,21.337955469099026451775421,57.95140612627181237596067168,-36.61345065717278592418525068,4108.7028,4348.043978831056984497135484,3869.361621168943015502864516,96.873958429835761076388913,0.578183
2025-11-03,0,3996.925,3591.0349,3354.050270833333333333333333,True,True,偏多,False,4381.298,3577.698,0.09616717851848608617874991400,0.1048873821750470674330891873,-13.58373684210526315789473684,0.4221894615016165233616655102,True,48.71800951834183905166724957,16.386418175540233417390630,49.63840853612549658424666334,-33.25199036058526316685603334,4107.6568,4348.753566404363042838348420,3866.560033595636957161651580,94.81581854199034957093256207,0.578183
2025-11-04,0,3934.328,3595.594675,3359.019908333333333333333333,True,True,偏多,False,4381.298,3579.365,0.1136077114058614330071107442,0.09022201504297557295680482156,-17.21173308270676691729323308,0.6256907368429054443243877454,False,44.18088555882105350587428379,7.326775929298555303073308,41.17608201476010832801199227,-33.84930608546155302493868427,4102.63795,4353.578335164664159124657665,3851.697564835335840875342335,93.18611721756246745872309336,0.578183
2025-11-05,0,3973.515,3600.583258333333333333333333,3364.065616666666666666666667,True,True,偏多,False,4381.298,3611.465,0.1026252574861300385175342235,0.09111580049402103678984475961,-18.65908270676691729323308271,0.7022258025021147173824288612,True,47.47851095905275870853321743,3.271298090456231363900782,33.59512522989933293518975022,-30.32382713944310157128896822,4094.9238,4351.713570212600174755406272,3838.134029787399825244593728,90.857608844879434068814301,0.578183
2025-11-06,0,3988.875,3605.752341666666666666666667,3369.185783333333333333333333,True,True,偏多,False,4381.298,3611.465,0.09837936761618250759926044311,0.09461564977593933126508100655,-19.12562556390977443609022556,0.7259999140627160939083304730,True,48.75639640108222956101700045,1.281948808281120227923437,27.13248994557569039373648758,-25.85054113729457016581305058,4086.3013,4345.166210300411322472700215,3827.436389699588677527299785,88.29063678453090306389899379,0.578183
2025-11-07,0,4000.289,3611.021375,3374.2038,True,True,偏多,False,4381.298,3611.465,0.09524536852212427652102135621,0.09719897737388473682776419404,-18.41252481203007518796992481,0.6933812602640412925949019924,True,49.73509970317281775752118445,0.619251236112231215657160,21.82984220368299855812062206,-21.21059096757076734246346206,4075.8515,4330.859095106106594567784129,3820.843904893893405432215871,85.08201987135012427362049421,0.578183
2025-11-09,0,4011.635,3616.347516666666666666666667,3379.260258333333333333333333,True,True,偏多,False,4381.298,3626.148,0.09214771533302506334698944445,0.09609224169197845766127775832,-14.76084812030075187969924812,0.6055335546078477451375180416,True,50.74220743574140814742166890,0.998080759499999297606291,17.66348991484639870601775585,-16.66540915534639940841146485,4058.172,4276.932055665562491646444708,3839.411944334437508353555292,80.10523273768225825407617321,0.578183
2025-11-10,0,4119.705,3622.812575,3384.790091666666666666666667,True,True,偏多,False,4381.298,3626.148,0.06349799318155062073619348958,0.1198039665461483285817795206,-10.83944210526315789473684211,0.3809899686012410131400204039,True,59.13986173812495294698270016,9.904479038399247802864370,16.11168773955696852538707868,-6.20720870115772072252270868,4051.6145,4254.138259222961294507397182,3849.090740777038705492602818,82.35485897070495409307073229,0.578183
2025-11-11,0,4142.405,3629.632491666666666666666667,3390.326995833333333333333333,True,True,偏多,False,4381.298,3626.148,0.05767012158395907691304930348,0.1246273601929314009615187313,-6.605742857142857142857142857,0.1627685441182187375127982454,True,60.65710342729065277940509847,18.580381062740263038575237,16.60542640419362742802471034,1.97495465854663561055052666,4046.8545,4235.680696301784355992974096,3858.028303698215644007025904,80.18022618708317165785139429,0.578183
2025-11-12,0,4190.975,3636.733908333333333333333333,3395.951745833333333333333333,True,True,偏多,False,4381.298,3627.465,0.04541258299083148909263357572,0.1344579721902421274285816546,0.3960240601503759398496240602,0.0010469325377302550494688824,True,63.75804433194295801257946744,29.040527878816667989191156,19.09244669911823554025799947,9.94808117969843244893315653,4038.408,4179.560327486301124754079386,3897.255672513698875245920614,82.51235288800580225371915186,0.578183
2025-11-13,0,4185.725,3643.9608,3401.4381625,True,True,偏多,False,4381.298,3627.465,0.04672380531449151580670015350,0.1333723548489210351850635195,3.3565,0.0635180132566587021943180719,True,63.17838667956808300791175610,36.486049995357251150053301,22.57116735836603866221705978,13.91488263699121248783624122,4043.06335,4196.653731528629584949563872,3889.472968471370415050436128,83.75861339600538780702492671,0.578183
2025-11-14,0,4082.019,3650.699833333333333333333333,3406.538929166666666666666667,True,True,偏多,False,4381.298,3627.465,0.07331641523471595796099920162,0.1113551896745213581808413925,4.611561654135338345864661654,0.1203502823451911766994261852,False,52.93963930090102971702558113,33.630797522614320564973178,24.78309339121569504276828342,8.84770413139862552220489458,4042.79905,4196.101919166203148397622335,3889.496180833796851602377665,90.56585529629071724938028907,0.578183
2025-11-16,0,4096.198,3657.638275,3411.689191666666666666666667,True,True,偏多,False,4381.298,3631.938,0.06960112767986313161619628739,0.1133392477609724920523861395,6.615076691729323308270676692,0.2549169253372794254760516105,False,54.03641690883251971737328280,32.141607721774539387887918,26.25479625732746391179221034,5.88681146444707547609570766,4041.5402,4192.639122795101355414745562,3890.441277204898644585254438,86.661151346555666017281697,0.578183
2025-11-17,0,4036.345,3663.672,3416.5606375,True,True,偏多,False,4381.298,3683.365,0.08546172341561486939297805316,0.08745040376875613952722079010,7.646356390977443609022556391,0.3567123236172277743245741744,False,48.85986481448018593353222473,25.833979157335684740452025,26.17063283732910807752417327,-0.33665367999342333707214827,4037.7797,4185.425568908141144780562573,3890.133831091858855219437427,87.24749767894454701604729007,0.578183
2025-11-18,0,4076.635,3669.828333333333333333333333,3421.389720833333333333333333,True,True,偏多,False,4381.298,3685.235,0.07473394110583851632535166872,0.09601055772714505958958798126,8.618042105263157894736842105,0.4498083131918870644110130303,False,52.18074265048044005771294378,23.811717699073497370062627,25.69884980967798593603186402,-1.88713211060448856596923702,4038.4032,4186.593812567193337720650339,3890.212587432806662279349661,87.0596049875913650863296265,0.578183
2025-11-19,0,4104.165,3676.120558333333333333333333,3426.413845833333333333333333,True,True,偏多,False,4381.298,3717.348,0.06752481929941900484020501125,0.09424986568522464374604822175,8.922787969924812030075187970,0.4729335500429176790332789508,False,54.36154156251095953715275583,24.152091568536758007278197,25.38949816144974035028113062,-1.23740659291298234300293362,4043.7012,4193.333837643797484453624910,3894.068562356202515546375090,86.37156177419198186587751029,0.578183
2025-11-20,0,4078.675,3682.354116666666666666666667,3431.302083333333333333333333,True,True,偏多,False,4381.298,3717.348,0.07419639956603553850208707485,0.08858930902805445395869982286,8.172421052631578947368421053,0.4180010377081627352735573443,False,51.99703938338892875470174610,22.110138428446301150312867,24.73362621484905251028747790,-2.62348778640275135997461090,4049.4082,4195.184819336023840994309171,3903.631580663976159005690829,85.287878790321126018314831,0.578183
2025-11-21,0,4064.279,3688.421041666666666666666667,3436.02435,True,True,偏多,False,4381.298,3721.915,0.07800128878947532883446239788,0.08423732721105022563657662282,6.854178947368421052631578947,0.3239071996865213731963442001,False,50.65692020291216394803529925,19.109951342296270266362105,23.60889124033849606150240332,-4.49893989804222579514029832,4054.9989,4193.888893780545616381262762,3916.108906219454383618737238,84.8218874481553313027209145,0.578183
2025-11-23,0,4074.905,3694.639791666666666666666667,3440.994433333333333333333333,True,True,偏多,False,4381.298,3734.275,0.07519021915848344930740716655,0.08359213282272838262487100926,6.844016541353383458646616541,0.3230346997852964552881029183,False,51.64751549154371491883996358,17.389258310785035012368065,22.36496465442780385167553566,-4.97570634364276883930747066,4056.9269,4195.798130291806661159582415,3918.055669708193338840417585,79.69218120185852192395513486,0.578183
2025-11-24,0,4143.498,3701.382291666666666666666667,3446.2628625,True,True,偏多,False,4381.298,3755.898,0.05739112218709891980157827999,0.09354415037728991301552456403,7.205663909774436090225563910,0.3458285924722972056449125927,True,57.56920752829571256748104766,21.314775071728824656533782,22.15492673788800801264718493,-0.84015166615918335611340293,4064.02655,4205.335403768580261596505852,3922.717696231419738403494148,81.44295397315434178652976807,0.578183
2025-11-25,0,4133.505,3708.311541666666666666666667,3451.405904166666666666666667,True,True,偏多,False,4381.298,3763.665,0.05994742960272214500768718073,0.08947370330990285484110942167,6.862557142857142857142857143,0.3251261021566864762597932877,False,56.48390084265402839889773680,23.350256578773345606731609,22.39399270606507553146406974,0.95626387270827007526753926,4071.73005,4210.528902448390220831747981,3932.931197551609779168252019,79.17060011792903165892049893,0.578183
2025-11-26,0,4164.248,3715.3684,3456.5328625,True,True,偏多,False,4381.298,3792.875,0.05212225592712057495134775835,0.08918128795403155623776489777,7.003109774436090225563909774,0.3331710478111492560798234134,True,59.04210331513819446286693456,27.131340305617077455385387,23.34146222597547591624833319,3.78987807964160153913705381,4080.0962,4220.017273077074419641062693,3940.175126922925580358937307,76.42270010950552939756903471,0.578183
2025-11-27,0,4163.025,3722.363983333333333333333333,3461.649279166666666666666667,True,True,偏多,False,4381.298,3819.095,0.05243134499552608980248737396,0.08261540586472577032326253145,5.886203759398496240601503759,0.2847910517710688498697894271,True,58.89377664165867931050731199,29.686977524020376454126832,24.61056528558445602382403295,5.07641223843592043030279905,4091.53105,4218.734222368420120310626432,3964.327877631579879689373568,72.70679295882656301202838936,0.578183
2025-11-28,0,4218.959,3729.565933333333333333333333,3466.973254166666666666666667,True,True,偏多,False,4381.298,3819.095,0.03847844930467444694295441127,0.09477788241127728427794628959,5.843191729323308270676691729,0.2831008000809189960116923249,True,63.41999314185380025309108855,35.812915771783412690130793,26.85103538282424735708538496,8.96188038895916533304540804,4103.80325,4230.453312636976220328503648,3977.153187363023779671496352,72.98916489033895136831207586,0.578183
2025-11-30,0,4221.805,3736.685158333333333333333333,3472.335129166666666666666667,True,True,偏多,False,4381.298,3837.785,0.03777839099626818386922181389,0.09096109365543884665445230180,5.714274436090225563909774436,0.2776599846432144968443619260,True,63.63937604233584265396719055,40.431346982745524696229271,29.56709770280850282491416217,10.86424927993702187131510883,4115.44975,4240.513160268351470378056573,3990.386339731648529621943427,69.63286739817188341343264187,0.578183
2025-12-01,0,4227.248,3744.036825,3477.712683333333333333333333,True,True,偏多,False,4381.298,3883.248,0.03644214865084802216477481331,0.08137682009666809233808851527,5.493064661654135338345864662,0.2680209102099204259914443466,True,64.08303246751281147173512282,44.023219333411048066292417,32.45832202892901187318981314,11.56489730448203619310260386,4126.7977,4249.162412166702700906982928,4004.432987833297299093017072,68.16694829830246316961602459,0.578183
2025-12-02,0,4212.435,3751.3838,3482.973683333333333333333333,True,True,偏多,False,4381.298,3886.199,0.04008679065671042995322183013,0.07744594278606079381640310177,4.898096240601503759398496241,0.2384045940391276430152562616,True,61.87050593437822631189346000,45.154011410617243891084998,34.99745990526665827676885011,10.15655150535058561431614789,4136.8377,4252.527700949260952108668186,4021.147699050739047891331814,68.07695199128085865750059426,0.578183
2025-12-03,0,4206.985,3758.556383333333333333333333,3488.342766666666666666666667,True,True,偏多,False,4381.298,3886.199,0.04143418624026470263145696978,0.07625080669410516082182370510,5.629684210526315789473684211,0.2961490941661394641577771095,True,61.03554449554632316834744145,45.090626155885719322006991,37.01609315539047048581647829,8.07453300049524883619051271,4141.2017,4260.505602673969555269722186,4021.897797326030444730277814,66.55931256333222589625055181,0.578183
2025-12-04,0,4205.915,3765.771883333333333333333333,3493.704933333333333333333333,True,True,偏多,False,4381.298,3886.199,0.04169913086688627801560421454,0.07601580155566624622703977612,6.573159398496240601503759398,0.3823231761221241253226940037,False,60.86188437232104439292689099,44.441755928892237459373145,38.50122571009082388052781163,5.94053021880141357884533337,4144.3772,4266.975563143396005130335981,4021.778836856603994869664019,64.96579023737992404651836954,0.578183
2025-12-05,0,4197.405,3772.836466666666666666666667,3499.211558333333333333333333,True,True,偏多,False,4381.298,3886.199,0.04381111663039425549833766339,0.07414247612512969322712485452,8.066454135338345864661654135,0.5709173618217757739615113637,False,59.41399134717789168692994137,42.748062663539597966319584,39.35059310078057869768616610,3.39746956275901926863341790,4144.6987,4267.816788508715891288078410,4021.580611491284108711921590,65.13180522042421518605277171,0.578183
2025-12-07,0,4200.665,3779.934525,3504.810170833333333333333333,True,True,偏多,False,4381.298,3886.199,0.04300104864348859049698083518,0.07486100415053330841664355525,9.513756390977443609022556391,0.7793806683884856597405879569,False,59.80844736715843709724612398,41.193994576285654227131528,39.71927339588159380357523848,1.47472118040406042355628952,4145.4457,4269.726211629297696579250503,4021.165188370702303420749497,61.1302477046796283870490023,0.578183
2025-12-08,0,4194.535,3786.5865,3510.326533333333333333333333,True,True,偏多,False,4381.298,3886.199,0.04452531687064239540258932158,0.07350898252130450693581052489,9.213557894736842105263157895,0.7528684239787400251569445210,False,58.65406960267847238185951124,39.017969783408226463071010,39.57901267338692033547439278,-0.56104288997869387240338278,4151.0715,4273.531328877064825008399051,4028.611671122935174991600949,59.81787286863108350225978785,0.578183
2025-12-09,0,4210.448,3793.112691666666666666666667,3515.825795833333333333333333,True,True,偏多,False,4381.298,3886.199,0.04057762974391323678620422340,0.07701056989660007676142776256,9.195369924812030075187969925,0.7512835167916736822839393744,False,60.77082590319210926498239484,38.137870931058011246635322,39.29078432492113851770657862,-1.15291339386312727107125662,4156.784,4279.130935448338876650208898,4034.437064551661123349791102,59.22373909230029182352694586,0.578183
2025-12-10,0,4232.225,3800.132191666666666666666667,3521.3180875,True,True,偏多,False,4381.298,3886.199,0.03522331634069549704942435716,0.08175983082184902740284365789,8.371430075187969924812030075,0.7269206497456010043996612384,False,63.52307055690055221626619153,38.750911762623420849181318,39.18280981246159498400152650,-0.43189804983817413482020850,4166.578,4279.813335569776981166498036,4053.342664430223018833501964,59.05632915713598526470359259,0.578183
2025-12-11,0,4275.905,3807.6885,3526.9753375,True,True,偏多,False,4381.298,3886.199,0.02464811542819590238791554069,0.09114000427979573914761904205,8.513091729323308270676691729,0.7303457076111942676102158926,True,68.32354062704779549391069714,42.274053020828531838649762,39.80105845413498235493117360,2.47299456669354948371858840,4176.5415,4291.422681350994123557987819,4061.660318649005876442012181,60.68087707448341488865333598,0.578183
2025-12-12,0,4298.705,3815.714583333333333333333333,3532.761366666666666666666667,True,True,偏多,False,4381.298,3886.199,0.01921346079807756056765932996,0.09596052764727982031797948452,9.115497744360902255639097744,0.7489171131076442794561726462,True,70.50548489995327385408529642,46.371396707219105612864072,41.11512610475180700651775328,5.25627060246729860634631872,4186.2685,4307.744177847872081754740634,4064.792822152127918245259366,63.23795728344888525374952626,0.578183
2025-12-14,0,4301.975,3823.786058333333333333333333,3538.56395,True,True,偏多,False,4381.298,3886.199,0.01843874034600387031537840178,0.09664770250873145473881182480,9.069603007518796992481203008,0.7483068058709492132953155131,True,70.81597644480403306624036808,49.313971997613781867728684,42.75489528332420197875993942,6.55907671428957988896874458,4197.4335,4318.346849091818641925009194,4076.520150908181358074990806,59.74931747748825059276741724,0.578183
2025-12-15,0,4303.965,3832.049058333333333333333333,3544.347520833333333333333333,True,True,偏多,False,4381.298,3886.199,0.01796785057499305872608164797,0.09706538041085371279738566647,8.489042105263157894736842105,0.7505878213862354248041603324,True,71.01594315304463419063017835,51.216172330571277145839379,44.44715069277361701217582734,6.76902163779766013366355166,4209.4178,4322.419181084657544994220469,4096.416418915342455005779531,60.12008051481051840756974458,0.578183
2025-12-16,0,4307.695,3840.219866666666666666666667,3550.277895833333333333333333,True,True,偏多,False,4381.298,3886.199,0.01708640003528569223215664062,0.09784722455977036442923651744,7.769115789473684210526315789,0.7616230450452775027263958502,True,71.41135218358772206757325547,52.420390000773630686856710,46.04179855437361974711200387,6.37859144640001093974470613,4221.0573,4323.723473695331608963908461,4118.391126304668391036091539,60.38364619232405280702904854,0.578183
2025-12-17,0,4338.648,3848.999641666666666666666667,3556.209145833333333333333333,True,True,偏多,False,4372.108,3886.199,0.007712079892169173438361443473,0.1042834081031694666172503508,8.224362406015037593984962406,0.7674619711603230087972498933,True,74.51804781440265971863262137,55.235667206763809322276481,47.88057228485165766214489930,7.35509492191215166013158170,4230.8148,4339.082678607830863880705415,4122.546921392169136119294585,59.09695717858662046366983079,0.578183
2025-12-18,0,4334.865,3857.720558333333333333333333,3562.029729166666666666666667,True,True,偏多,False,4374.395,3886.199,0.009119084446689804642128416917,0.1035017238137750541250996282,8.174323308270676691729323308,0.7669191958222547431164598514,True,73.46725479003754111463606490,56.510124650696128089944090,49.60648275802055174770473744,6.90364189267557634223935256,4240.8828,4348.530022124121716696942720,4133.235577875878283303057280,59.59788880868757614483627145,0.578183
2025-12-19,0,4338.669,3865.855925,3567.6650375,True,True,偏多,False,4374.395,3886.199,0.008234322553760150866544555485,0.1042877435453130902587867385,8.361245864661654135338345865,0.7734518127971523185380556691,True,73.86632114336801916235611389,57.168094162031179795781173,51.11880503882267735732002455,6.04928912320850243846114845,4249.60385,4359.246666666254976322864174,4139.961033333745023677135826,58.7444681794956064202051092,0.578183
2025-12-21,0,4354.915,3874.131841666666666666666667,3573.3780375,True,True,偏多,False,4374.395,3886.199,0.004473106822980471490258707690,0.1076291959774186178145842112,8.498656390977443609022556391,0.7764328932184725184006278865,True,75.55717090662715382986475819,58.328086295846035920915285,52.56066129022734907003907664,5.76742500561868685087620836,4259.19835,4370.428911155241862782207689,4147.967788844758137217792311,55.92793473810306310447617283,0.578183
2025-12-22,0,4459.865,3883.154066666666666666666667,3579.502829166666666666666667,True,True,偏多,False,4461.598,3886.199,0.0003885767842748603377008048450,0.1286285571424247146494344560,10.72996466165413533834586466,0.7843969869134477337496347200,True,83.14423335384031525956591819,66.944284277657150709314771,55.43738588771330939789421551,11.50689838994384131142055549,4271.24365,4410.962870414766128196138867,4131.524429585233871803861133,59.55543939966713002558501763,0.578183
2025-12-23,0,4503.125,3892.4879,3585.767858333333333333333333,True,True,偏多,False,4510.175,3886.199,0.001565579458709229701596113810,0.1369995281054823039555863983,13.26194511278195488721804511,0.8067572414846104577686324982,True,85.18549257255679139382033525,76.382909086453241774763773,59.62649052746129587326812701,16.75641855899194590149564599,4285.30965,4455.588853668886119206792856,4115.030446331113880793207144,61.03005087111947788090037351,0.578183
2025-12-24,0,4479.029,3901.7306,3591.7991125,True,True,偏多,False,4525.765,3886.199,0.01043440442113681335843103494,0.1323568121572778385672430341,15.11260150375939849624060150,0.8631429711519710523714090465,True,79.41645622189703420341717120,80.985194516860968486727933,63.89823132534123039596008821,17.08696319151973809076784479,4297.8987,4485.494746747366187668592390,4110.302653252633812331407610,62.23290438032522946083606111,0.578183
2025-12-25,0,4494.785,3910.8529,3597.819570833333333333333333,True,True,偏多,False,4525.765,3915.065,0.006892432007315144105891605494,0.1289761356772348399311646719,16.57583609022556390977443609,0.8981437190921003780895435889,True,80.35339425282023139865148210,84.924954389495387209928026,68.10357593817206175875367577,16.82137845132332545117435023,4312.0162,4513.726625492189173558455934,4110.305774507810826441544066,59.25883978173057021363348531,0.578183
2025-12-26,0,4532.365,3920.301116666666666666666667,3604.0117375,True,True,偏多,True,4549.715,3915.065,0.003828023559444131264803253930,0.1361982099852946530122794612,18.06528872180451127819548872,0.9209125172689208244499003332,True,82.41000424625179552951129599,90.041689852220411711467380,72.49119872098173174929641662,17.55049113123867996217096338,4328.2852,4545.386057773155746691110923,4111.184342226844253308889077,59.18177979732124376980252207,0.578183
2025-12-28,0,4526.448,3929.761058333333333333333333,3610.277333333333333333333333,True,True,偏多,False,4549.715,3928.475,0.005140233578293620074725259188,0.1321064552160988041837661672,18.96402481203007518796992481,0.9385289606101350563040819379,True,80.97275267559306127017307962,92.552400658033802284337616,76.50343910839214585630465650,16.04896154964165642803295950,4344.31185,4570.064312436426150270583130,4118.559387563573849729416870,56.85972409751258350053091335,0.578183
2025-12-29,0,4345.455,3938.066116666666666666666667,3615.78125,True,True,偏多,False,4549.715,3928.475,0.04700543441365748811114141097,0.09595773054835454515119820594,16.66077368421052631578947368,0.7951578677988425656272916260,False,51.42726441037847959577612942,79.026565526884364103146632,77.00806439209058950567305160,2.01850113479377459747358040,4351.71435,4567.188067919633994512363928,4136.240632080366005487636072,69.00167237626168467906441954,0.578183
2025-12-30,0,4338.655,3946.301283333333333333333333,3621.319,True,True,偏多,False,4549.715,3928.475,0.04864641230980568862931023555,0.09454081967798776348891534358,14.08922180451127819548872180,0.6329819221612397499050535577,False,50.67907294922369426680963193,66.986363466560623487077950,75.00372420698459630195403128,-8.01736074042397281487608128,4358.61385,4562.842738285937648346397649,4154.384961714062351653602351,69.77319577795727863055981814,0.578183
