trading_day_utc,label_traded,feature_close,feature_sma_120,feature_sma_240,feature_above_sma_120,feature_above_sma_240,feature_trend_label,feature_volume_backed_candle,feature_resistance,feature_support,feature_distance_to_resistance_pct,feature_distance_to_support_pct,feature_trendline_slope,feature_trendline_r_squared,feature_trendline_price_above,feature_rsi_14,feature_macd_line,feature_macd_signal,feature_macd_histogram,feature_bb_middle_20,feature_bb_upper_20,feature_bb_lower_20,feature_atr_14,sample_weight
2021-01-06,0,1923.985,1895.81215,1834.2879125,True,True,偏多,False,1965.415,1764.245,0.02153343191345046868868520285,0.08302559531389277982936457405,4.524447368421052631578947368,0.7619520603063817307140741582,False,62.14578865048005737159008031,19.873118439338191510839133,13.33323823448301805573481807,6.53988020485517345510431493,1884.44235,1944.218444553843177619281502,1824.666255446156822380718498,24.85226920869871658926276935,0.578183
2021-01-29,0,1847.048,1879.887575,1849.858529166666666666666667,False,False,偏空,True,1959.225,1776.75,0.06073312658902205032029487052,0.03805964977629168272833191124,-0.6978015037593984962406015038,0.0410661496779988940141732419,True,46.18761812092230848887335241,-6.349695077189811605751609,-5.857067626335063566616087645,-0.492627450854748039135521355,1850.739,1890.450448510473651570406738,1811.027551489526348429593262,25.95430224537224682737874288,0.578183
2021-02-01,1,1857.585,1878.477125,1850.9316375,False,True,盤整,True,1959.225,1802.948,0.05471620410371530777864808340,0.02941292053930237378101136691,0.5666248120300751879699248120,0.0608893635337772507690018144,True,50.08299041397277302435240402,-4.591650434751353533421259,-5.542763193869000336408593973,0.951112759117646802987334973,1848.16645,1874.648444513064910005726875,1821.684455486935089994273125,25.31607183401994751952554871,3.697619
2021-02-02,1,1836.325,1877.590375,1851.395708333333333333333333,False,False,偏空,False,1959.225,1802.948,0.06692715069500224633439069881,0.01817597647475256286332757001,0.3421751879699248120300751880,0.0214435630834842834907098067,False,42.90403169921813583529566689,-5.543636914151980826145316,-5.542937937925596434355938378,-0.000698976226384391789377622,1847.74945,1874.697407892760631222961639,1820.801492107239368777038361,25.98335241730423698241658094,3.697619
2021-02-04,0,1795.775,1875.2491,1852.294945833333333333333333,False,False,偏空,False,1959.225,1784.888,0.09101919783937297267196614275,0.006062563517144408403057175871,-0.4095060150375939849624060150,0.0182641815103691820100062447,False,32.60416223719257008953828057,-10.054327999708086612990330,-6.581360485818972192572893602,-3.472967513889114420417436398,1843.95345,1878.898526737503381822502858,1809.008373262496618177497142,26.97992631900212270422654172,0.578183
2021-02-17,0,1778.085,1867.26515,1857.6304625,False,False,偏空,False,1959.225,1769.418,0.1018736449607302238081981458,0.004874345152228380532989142814,-2.603733082706766917293233083,0.5074362233532668724051949565,False,31.72038996959413236086776971,-14.414814553202230339302540,-10.55006307425559892333757903,-3.86475147894663141596496097,1827.89915,1870.052447020636475950791416,1785.745852979363524049208584,23.77349462316839424506178364,0.578183
2021-02-28,0,1739.085,1858.390858333333333333333333,1859.263858333333333333333333,False,False,偏空,False,1959.225,1717.09,0.1265838070019579261508206902,0.01264745541477271093707323104,-4.037907518796992481203007519,0.6101208145393667198756220095,False,31.08796664724526786614544068,-21.709306020035113963956716,-16.65031910697982660516325727,-5.05898691305528735879345873,1799.76695,1859.384519650145920721040150,1740.149380349854079278959850,25.83169746653288000440038562,0.578183
2021-03-04,0,1694.195,1851.631975,1859.106683333333333333333333,False,False,偏空,False,1959.225,1690.258,0.1564341767033901056253855076,0.002323817506249280631804485316,-6.402414285714285714285714286,0.7926434004828609553736583172,False,26.41787359983712189813607793,-31.137802842161363595000830,-23.33464768995354834345801748,-7.80315515220781525154281252,1778.14415,1861.077778957799742479731221,1695.210521042200257520268779,28.26459957678169475754059282,0.578183
2021-03-21,0,1738.088,1831.120358333333333333333333,1859.594483333333333333333333,False,False,偏空,False,1875.522,1676.696,0.07907194572426712571515366311,0.03532157175010701414427808028,1.100206766917293233082706767,0.1461571651681956842397964353,True,46.98998546195501464590051297,-11.687423700094376203028758,-18.48432935664515159879546142,6.79690565655077539576670342,1723.77815,1756.966837417703038772280618,1690.589462582296961227719382,23.72110267630606706111747903,0.578183
2021-03-23,0,1727.045,1828.710191666666666666666667,1859.610679166666666666666667,False,False,偏空,False,1875.522,1676.696,0.08597170311138389561360589909,0.02915326468042233989270690688,1.748385714285714285714285714,0.3742814229154573722832257081,False,43.51755518136939294767338835,-10.256068552155751319262473,-15.54642889208150636589677615,5.29036033992575504663430315,1723.47665,1756.434884074507086672919035,1690.518415925492913327080965,22.76947118518227210882068345,0.578183
2021-03-29,0,1711.858,1820.59555,1859.577316666666666666666667,False,False,偏空,False,1871.636,1676.696,0.09333601268329499292581510850,0.02054025509125172765498072854,1.061415037593984962406015038,0.1973236953934236797497252085,False,39.29073959279893338776675524,-9.158225660660100497417445,-11.05078830908040829248166414,1.89256264842030779506421914,1727.0321,1754.588433782998056869795465,1699.475766217001943130204535,20.90387316438069211879789303,0.578183
2021-03-30,0,1685.398,1818.319908333333333333333333,1859.312204166666666666666667,False,False,偏空,False,1871.636,1676.696,0.1105009024574610863428104222,0.005163172140942376815446559210,0.1611616541353383458646616541,0.0033662177415217956169296809,False,32.56190438351012847822410460,-11.974251215850864404421487,-11.23548089043449951486962871,-0.73877032541636488955185829,1725.91775,1757.952138221878063516776486,1693.883361778121936483223514,21.96202508121064268174090067,0.578183
2021-04-04,0,1727.968,1814.58205,1858.805175,False,False,偏空,False,1855.232,1676.696,0.07364951202800051852812089113,0.02967184577492175781032982092,-0.9248962406015037593984962406,0.1578539009966428423030940970,True,48.42999664690149729233212296,-9.380484979731692002134558,-10.91255619735216906875190986,1.53207121762047706661735186,1727.7802,1754.626916407039427733338116,1700.933483592960572266661884,21.8077380114503578614375943,0.578183
2021-04-15,0,1763.845,1803.649491666666666666666667,1857.486958333333333333333333,False,False,偏空,False,1826.375,1676.696,0.03545096082705679920854723629,0.04940853646437186941029398842,1.574606766917293233082706767,0.3071627265838110177920122601,True,58.20308781053157743156242065,2.435246491462184004066006,-1.546773196713327140576999779,3.982019688175511144643005779,1731.98595,1764.751214408974330753751851,1699.220685591025669246248149,20.93602273958747240786575069,0.578183
2021-05-11,1,1835.448,1795.858358333333333333333333,1851.203058333333333333333333,True,False,盤整,False,1845.296,1677.788,0.005365447563755551778094503358,0.08589728502251221500146013398,3.013065413533834586466165414,0.5399839191925086135231387432,True,69.77744457299880671654216391,20.088041381087181806306536,14.80373827151810580729150018,5.28430310956907599901503582,1791.78995,1839.077190111789142139646844,1744.502709888210857860353156,20.06028836154095202746769056,3.697619
2021-05-12,1,1817.518,1795.312883333333333333333333,1850.518320833333333333333333,True,False,盤整,False,1845.296,1677.788,0.01528347999854746968118059904,0.07687956873054352143967762630,3.068215037593984962406015038,0.5516955366551881197825466963,False,60.84216087715336157032619037,19.342698801200453816433364,15.71153037745457540911987294,3.63116842374587840731349106,1794.0656,1841.704516945707319470049087,1746.426683054292680529950913,20.80262490714516973979142695,3.697619
2021-05-13,1,1824.948,1794.862658333333333333333333,1849.892529166666666666666667,True,False,盤整,True,1845.296,1677.788,0.01114990673706867264163143279,0.08063791406659258236399064521,3.237377443609022556390977444,0.5862460722462002932141127104,False,62.95891397740502360554487253,19.131017876204294236715826,16.39542787720451917463906355,2.73558999899977506207676245,1796.4711,1845.232838816002039694941464,1747.709361183997960305058536,20.74686598520622904409203931,3.697619
2021-05-14,0,1842.688,1794.68385,1849.108666666666666666666667,True,False,盤整,False,1845.85,1677.788,0.001715971450402889691580994721,0.08948883370380661294804112253,3.850201503759398496240601504,0.7094946424488818872444294109,True,67.47916597485176908963801774,20.162310395068222836803615,17.14880438077725990707197384,3.01350601429096292973164116,1798.9321,1851.647161752406209241462286,1746.217038247593790758537714,21.14237555769149839808546507,0.578183
2021-05-17,1,1868.875,1794.385741666666666666666667,1847.485141666666666666666667,True,True,偏多,False,1868.955,1677.788,0.00004280650123737542639288341917,0.1022470737743294762892114240,4.839993984962406015037593985,0.8139374312772253417122147169,True,73.04441864187524494190805027,23.312074644498580250819545,19.01123521397665125195264858,4.30083943052192899886689642,1806.7328,1868.602089944527406059797933,1744.863510055472593940202067,20.54903300637685321059409999,3.697619
2021-05-18,1,1870.025,1794.235133333333333333333333,1846.800670833333333333333333,True,True,偏多,False,1874.848,1677.788,0.002579109904947794815577331854,0.1027991604390315637491477387,5.239934586466165413533834586,0.8425200616087697962776931971,True,73.26338163207842218116354973,24.883078013553049674400376,20.18560377389193093644219406,4.69747423966111873795818194,1811.49415,1877.329865602627119921463254,1745.658434397372880078536746,19.92003064877850655269452142,3.697619
2021-05-19,1,1865.805,1794.145133333333333333333333,1846.128879166666666666666667,True,True,偏多,False,1890.022,1677.788,0.01297938423361498120114374225,0.1007699089669070454843887759,5.518133082706766917293233083,0.8705708646044260339159652142,False,70.98468776836770392740757602,25.493715091717627716528942,21.24722603745707029245954365,4.24648905426055742406939835,1815.78565,1883.990604967436200192050555,1747.580695032563799807949445,21.20624274529432751321634132,3.697619
2021-05-21,0,1880.898,1793.988216666666666666666667,1845.36935,True,True,偏多,False,1890.022,1677.788,0.004850874422749133658497164652,0.1079856536611767357932221737,5.987611278195488721804511278,0.9061957682133916014946897812,False,74.18715924822099411875006042,27.239216354557101966197051,23.25854808682526767293586518,3.98066826773183429326118582,1825.56645,1898.104922047527993129915184,1753.027977952472006870084816,20.98660216303439464149776369,0.578183
2021-05-31,1,1907.998,1793.414816666666666666666667,1843.4645125,True,True,偏多,False,1912.648,1721.148,0.002437109472861082663608662064,0.09792987204389103133231795840,4.643767669172932330827067669,0.9086328819321502530842122406,False,76.89392089899747920178134977,28.937178912299787955553366,27.90864309457229919945693534,1.02853581772748875609643066,1868.33545,1924.518081823277912369513978,1812.152818176722087630486022,17.91457319553547786216101829,3.697619
2021-06-01,1,1898.795,1793.844983333333333333333333,1843.294416666666666666666667,True,True,偏多,False,1916.485,1721.148,0.009316434896868803635990193781,0.09355775636653772524153476284,4.570791729323308270676691729,0.8975877232862320351095403958,False,70.25492481235684074861620641,27.788934806090248035573665,27.88470143687588896668028127,-0.09576663078564093110661627,1871.46745,1927.106384096458030546522048,1815.828515903541969453477952,18.36496082442580087200665984,3.697619
2021-06-02,1,1907.688,1794.252841666666666666666667,1843.1805125,True,True,偏多,False,1916.485,1723.578,0.004611341057866904860752911378,0.09650949211820800885679419276,4.529557894736842105263157895,0.8927909624400234868830126597,False,72.70716294813452229521737606,27.282043443036161226067362,27.76416983810794341855769742,-0.48212639507178219249033542,1875.0476,1930.332527296325532926824508,1819.762672703674467073175492,18.13674933696681509543475556,3.697619
2021-06-03,1,1870.868,1794.4412,1842.935858333333333333333333,True,True,偏多,False,1916.485,1723.578,0.02438279985546815702657803757,0.07872816254273417472531466677,3.844592481203007518796992481,0.7191080878634027281569802242,False,53.16431119203108447133841305,23.636791880038957472453394,26.93869424649414622933683674,-3.30190236645518875688344274,1876.8186,1929.103832803918928328694771,1824.533367196081071671305229,20.00648152718347116004655874,3.697619
2021-06-04,1,1890.708,1794.80745,1842.773954166666666666666667,True,True,偏多,False,1916.485,1723.578,0.01363351717980777571153239950,0.08839545820930572039680373701,3.106687218045112781954887218,0.6369054450902610909767108981,False,59.48380079592051135970271016,22.094138468801388064665203,25.96978309095559459640250999,-3.87564462215420653173730699,1880.4781,1925.371848593317533300787280,1835.584351406682466699212720,21.49051856095608036290037597,3.697619
2021-06-06,1,1889.198,1795.321783333333333333333333,1842.506954166666666666666667,True,True,偏多,False,1916.485,1723.578,0.01444369515529870347099668748,0.08766683005169389338756445857,2.354466165413533834586466165,0.5371239648500188072201217796,False,58.83315119857189953366926491,20.513265984569088522213883,24.87847966967829338156478459,-4.36521368510920485935090159,1883.6906,1920.739985524729016752362542,1846.641214475270983247637458,20.15719580660207462269320626,3.697619
2021-06-07,1,1898.658,1796.057891666666666666666667,1842.385245833333333333333333,True,True,偏多,False,1916.485,1723.578,0.009389263363912826849279859775,0.09221249956548256716059448305,1.920876691729323308270676692,0.4674183616116902684908254135,False,61.66240672522769396739387669,19.795565138124191860496025,23.86189676336747307735103267,-4.06633162524328121685500767,1886.4891,1918.891145150885152113603800,1854.087054849114847886396200,20.04618182041621214964369153,3.697619
2021-06-08,1,1893.285,1796.525391666666666666666667,1842.088816666666666666666667,True,True,偏多,False,1916.485,1723.578,0.01225383394470457432452060836,0.08963626712301634460738874496,1.394527819548872180451127820,0.3563050111246386279360722429,False,59.17485489848661643700016973,18.579058034634609668432221,22.80532901762090039556727034,-4.22627098298629072713504934,1888.8031,1915.745857222674890888410064,1861.860342777325109111589936,20.04788311895791128181199928,3.697619
2021-06-09,1,1888.598,1796.923833333333333333333333,1841.737204166666666666666667,True,True,偏多,False,1916.485,1723.578,0.01476597984324880149190034089,0.08737698546752670499492215919,1.076943609022556390977443609,0.2400455264633874010496808186,False,57.01414204237463945025816564,17.040335283642662256776167,21.65233027082525276780904967,-4.61199498718259051103288267,1889.78925,1915.138900466032071109741332,1864.439599533967928890258668,19.45017718188948904739685647,3.697619
2021-06-15,0,1857.785,1797.480683333333333333333333,1840.1849375,True,True,偏多,False,1916.485,1756.028,0.03159676711783118068021864748,0.05477329185024101281902911263,-1.382611278195488721804511278,0.3237664058641322758937498196,False,44.02233340557756574927400615,6.506281613916401890908328,14.16385429481515580306083655,-7.65757268089875391215250855,1889.75585,1917.778552976515309737402372,1861.733147023484690262597628,20.15429245700320933404816637,0.578183
2021-06-16,0,1818.688,1797.209375,1839.703575,True,False,盤整,False,1916.485,1756.028,0.05377337949114966393356089665,0.03445340817116514762290178414,-2.593779699248120300751879699,0.5171562748391247791990681764,False,33.31667010795087666176575437,1.150000525174466888866732,11.56108354088701802022201564,-10.41108301571255113135528364,1886.82285,1928.418508890201511027199879,1845.227191109798488972800121,22.9761287100744086673304402,0.578183
2021-06-18,0,1763.198,1796.011408333333333333333333,1838.367158333333333333333333,False,False,偏空,False,1916.485,1756.028,0.08693691803189431929936399656,0.004066474667053841939475884160,-5.425552631578947368421052632,0.6000431370956185334152850543,False,24.16652956907026084561558224,-13.339320196843106079134212,3.704983447463005535292030330,-17.04430364430611161442624233,1874.10135,1954.876647236902817849602304,1793.326052763097182150397696,26.25712118368660747336145099,0.578183
2021-06-22,0,1777.438,1794.092275,1836.2847,False,False,偏空,False,1916.485,1756.028,0.07822888899640943875398185478,0.01204542718227021139415270744,-7.737275939849624060150375940,0.7670214040718505121928029017,False,31.22120052264204808620897568,-22.676344806626599283108484,-8.244553004034628667247280726,-14.43179180259197061586120327,1855.39785,1957.282829994648867772125810,1753.512870005351132227874190,24.12341007309018827222124921,0.578183
2021-06-24,0,1775.148,1793.107466666666666666666667,1834.836866666666666666666667,False,False,偏空,False,1916.485,1756.028,0.07961984014853972739174423766,0.01077093290249601723349264399,-8.288059398496240601503759398,0.8075372597544552009445019932,True,30.76399598478669242155630968,-25.124921185533066056301281,-14.15916662475486455858573970,-10.96575456077820149771554130,1842.67685,1949.041518397499364365967162,1736.312181602500635634032838,23.31135868547062152043566896,0.578183
2021-06-28,0,1778.018,1792.383183333333333333333333,1832.6712125,False,False,偏空,False,1916.485,1760.767,0.07787716434816745387279543852,0.009702376466379980405147754410,-8.217782706766917293233082707,0.8086097536913295880814556782,True,32.89796652849825707283349592,-24.618600983582298975313016,-19.37108021756547966806607303,-5.24752076601681930724694297,1826.25335,1931.646160561774089164193804,1720.860539438225910835806196,20.92729410786405083104852941,0.578183
2021-06-30,0,1768.138,1791.242208333333333333333333,1831.135504166666666666666667,False,False,偏空,False,1916.485,1750.488,0.08390012544269734602163405798,0.009982252516489097570438506497,-7.645743609022556390977443609,0.7684909963900501818250604086,True,32.50626638182956113706082680,-25.334650816408055786713244,-21.54221383874071680711649250,-3.79243697766733897959675150,1813.33535,1913.918714591317982019089380,1712.751985408682017980910620,21.4270546134133907675877626,0.578183
2021-07-04,0,1786.108,1790.044508333333333333333333,1829.7710875,False,False,偏空,False,1916.485,1750.488,0.07299502605665502869927238442,0.01994280301079218054003453319,-4.654372932330827067669172932,0.5020031830934213137377814540,True,41.24012061079229345722400250,-20.640136859771646286330841,-21.85340579842644948967819239,1.21326893865480320334735139,1796.7555,1872.514417981977540912577388,1720.996582018022459087422612,19.75058199186196046515682013,0.578183
2021-07-14,0,1826.258,1790.770425,1826.788070833333333333333333,True,False,盤整,False,1916.485,1750.488,0.04940539617074914935348674722,0.04148920908217787410103063204,2.418617293233082706766917293,0.7474684170251304735437976523,True,60.19500518883243826185653165,-2.979828844526171860849585,-9.744234827819543147140099064,6.764405983293371286290514064,1789.77335,1822.035741035228619583076536,1757.510958964771380416923464,18.72674685033708942862951737,0.578183
2021-07-21,0,1802.448,1793.884458333333333333333333,1824.4822625,True,False,盤整,False,1916.485,1750.488,0.06326784462020540953192547025,0.02882746131927245612633485127,2.451052631578947368421052632,0.6722666348643066873157973062,False,46.43802298127220744390346256,-0.149076664119962075292087,-2.487259773452492432503196733,2.338183109332530357211109733,1800.244,1834.719270209238389666263619,1765.768729790761610333736381,18.26058445087834313932675429,0.578183
2021-07-29,0,1830.138,1799.777808333333333333333333,1821.6501875,True,True,偏多,False,1909.498,1750.488,0.04336285023315181696680796749,0.04352130822921550178183284539,-0.01545864661654135338345864662,0.0000940172068016438234037998,True,61.87294386205918019276022438,0.589671777064455001104143,-1.275092330290015445370581978,1.864764107354470446474724978,1809.303,1827.689269333391154258929266,1790.916730666608845741070734,17.24037475775281485197454598,0.578183
2021-08-05,0,1803.405,1803.779591666666666666666667,1819.262329166666666666666667,False,False,偏空,False,1902.948,1750.488,0.05519725186522162243090154458,0.02934282648656291847921016078,-0.3985406015037593984962406015,0.0646411422099092527145616410,False,46.43156940639629839980127026,0.548941108413624917250975,0.4197103036969976619614767008,0.1292308047166272552894982992,1810.88005,1828.957779409137642029216996,1792.802320590862357970783004,16.42542173569448456091376764,0.578183
2021-08-06,0,1762.568,1804.008375,1818.668175,False,False,偏空,False,1902.948,1750.488,0.07964515411603977832344624434,0.006853636285238356761271054507,-0.8459030075187969924812030075,0.1348462882703884419634800732,False,30.74194511195368527240094481,-3.242816561256276672715191,-0.3127950692936572049738568394,-2.930021491962619467741334161,1807.69555,1834.261594217948595441956088,1781.129505782051404558043912,18.46910589743059280656278424,0.578183
2021-08-09,0,1731.395,1803.736908333333333333333333,1817.428633333333333333333333,False,False,偏空,True,1877.888,1670.488,0.08460980885355450373831505809,0.03517799231255721542455649924,-2.633626315789473684210526316,0.3091553986441819033877494346,False,28.29626492556611460340922611,-13.576426153228965515772513,-4.460132630396651522963579297,-9.116293522832313992808933703,1798.16625,1852.791263361554429920944771,1743.541236638445570079055229,25.44357600339678665463831906,0.578183
2021-08-26,0,1793.418,1810.113066666666666666666667,1809.9273375,False,False,偏空,False,1833.976,1670.488,0.02261491743698345840177805732,0.06854509099384527198901761887,1.912889473684210526315789474,0.1819900577693349262973991570,False,52.75184746567306364301696132,0.270618116775137873211300,-3.702621317636249180780479607,3.973239434411387053991779607,1775.42075,1827.132813300065682063009036,1723.708686699934317936990964,19.61062842212324616466417169,0.578183
2021-09-08,0,1790.648,1815.013416666666666666666667,1808.8942625,False,False,偏空,False,1833.976,1670.488,0.02419682707042366785655248826,0.06710419915025175243822348111,1.753161654135338345864661654,0.4095906322757908006976150719,False,45.49088934728609979598891486,5.487342940331371137848345,6.268563159884607489380228394,-0.781220219553236351531883394,1802.45235,1834.044033939131829697572720,1770.860666060868170302427280,18.11112612846479065153710333,0.578183
2021-09-15,0,1794.968,1815.735791666666666666666667,1808.172966666666666666666667,False,False,偏空,False,1833.908,1670.488,0.02169398005981165123835076726,0.06934942572792384042501036230,-0.7540338345864661654135338346,0.1093606582465169630119649190,False,48.31644955942949372119748260,0.317323065562109636978930,2.442447880663209886858235459,-2.125124815101100249879305459,1804.67365,1830.969432348315860670659294,1778.377867651684139329340706,17.41996910048760078973726325,0.578183
2021-09-21,0,1774.824,1815.0645,1806.328416666666666666666667,False,False,偏空,False,1833.908,1670.488,0.03329006143707770460620320663,0.05878667405894894366990755140,-3.309452631578947368421052632,0.6834498581407293269930514546,True,44.96055307808642136355717494,-8.546549258710813490594135,-4.283788457103498073369544270,-4.262760801607315417224590730,1793.6624,1839.829081797157568729489246,1747.495718202842431270510754,19.47977852462393414950600509,0.578183
2021-09-29,0,1728.728,1810.663041666666666666666667,1802.9879625,False,False,偏空,False,1833.908,1670.488,0.06084242286814351361232073525,0.03368951043773225169026012189,-3.391250375939849624060150376,0.7616183547995916844726093626,False,31.76033141558950390078659885,-15.102180356596585137014245,-11.04172198740294264598660976,-4.06045836919364249102763524,1768.76085,1813.575186872367084039532246,1723.946513127632915960467754,20.08709946767920598282320737,0.578183
2021-10-03,0,1763.058,1808.675483333333333333333333,1801.573320833333333333333333,False,False,偏空,False,1833.908,1670.488,0.04018585888836328697070657914,0.05250536284115440331514901949,-2.469307518796992481203007519,0.5082191820029186912467801114,True,47.98648135564112752956844247,-10.988808932024804893320551,-11.66416806389641539539491987,0.67535913187161050207436887,1763.52155,1803.467750071971802008952788,1723.575349928028197991047212,19.99318350236560333245721086,0.578183
2021-10-07,1,1755.028,1805.071366666666666666666667,1799.588458333333333333333333,False,False,偏空,False,1833.908,1721.548,0.04494515187222084206063948837,0.01907661872061300446488603031,-0.5248315789473684210526315789,0.0492444554754236562635055417,True,45.00887971812024866513170502,-7.158712648213511438797510,-9.419504929731951214164329584,2.260792281518439775366819584,1757.2834,1784.558547584568630524328910,1730.008252415431369475671090,19.73865563856372336469987504,3.697619
2021-10-25,1,1807.778,1790.374733333333333333333333,1793.2163125,True,True,偏多,False,1833.908,1721.548,0.01445420842603461265708510669,0.04769944097118119592118058744,1.978203759398496240601503759,0.5094818455584290698308070679,True,64.32774484097799107282562602,6.978681099629188610727403,2.331349808412954959747046081,4.647331291216233650980356919,1772.48725,1804.449142515149975080018779,1740.525357484850024919981221,18.53737668275625613442653104,3.697619
2021-10-26,1,1793.468,1789.542925,1793.034158333333333333333333,True,True,偏多,False,1833.908,1721.548,0.02254849264107304953308338928,0.04010107791162150648910379221,2.129045864661654135338345865,0.5568846412424755485036696575,False,57.08593574376288399535734004,7.331600171410554493031919,3.331399881012474866404020665,4.000200290398079626627898335,1774.00775,1806.910198467401328033950522,1741.105301532598671966049478,19.04042120541652355339606454,3.697619
2021-10-27,1,1796.518,1788.775591666666666666666667,1792.8497125,True,True,偏多,False,1833.908,1721.548,0.02081248281397681515019610157,0.04173072577062962909361331197,2.355051127819548872180451128,0.6313213071439657359208709107,False,58.16690570129118328349208826,7.767857561878455916569282,4.218691417185671076437072932,3.549166144692784840132209068,1775.4359,1809.618172890491059327853825,1741.253627109508940672146175,18.79496254788677187101063136,3.697619
2021-10-29,1,1782.988,1787.168891666666666666666667,1792.1964875,False,False,偏空,False,1833.908,1721.548,0.02855880129311021723085068436,0.03445900925861531317092431357,2.308013533834586466165413534,0.5998123041126547164323734792,False,51.33892571202058450477486518,7.231518514376435543916287,5.467503979150696469849908717,1.764014535225739074066378283,1778.4027,1812.770876216377848408082912,1744.034523783622151591917088,19.41056464588196146020814643,3.697619
2021-10-31,0,1779.958,1786.388675,1791.8829875,False,False,偏空,False,1833.908,1721.548,0.03030970393683446463343517094,0.03281538103708065021758940379,1.961157894736842105263157895,0.4797912874349098000948408009,False,50.01898608624672332212840752,6.103382051276413826391464,5.594679593575839941158219774,0.508702457700573885233244226,1779.6492,1812.301381535695283464074931,1746.997018464304716535925069,18.35152431403324992733613597,0.578183
2021-11-01,1,1791.978,1785.765508333333333333333333,1791.6131375,True,True,偏多,False,1830.098,1721.548,0.02127258258750944487041693592,0.03930293787088903993240988450,1.773475187969924812030075188,0.4277780526587115578689045688,False,54.96549921138809151129829682,6.108820639431366454240774,5.697507802746945243774730619,0.411312836684421210466043381,1781.4177,1812.688694106999540669399545,1750.146705893000459330600455,18.16998686303087493252641197,3.697619
2021-11-02,1,1787.038,1785.17595,1791.328316666666666666666667,True,False,盤整,False,1828.378,1721.548,0.02313325178311821013319246709,0.03664723413827797730098632486,1.418927819548872180451127820,0.3259564077657486000966459123,False,52.65889535925867908842785187,5.649391377849846530712561,5.687884517767525501162296695,-0.038493139917678970449735695,1783.0757,1811.737691480704895359900217,1754.413708519295104640099783,17.58884494424295529448881111,3.697619
2021-11-03,1,1777.164,1784.829916666666666666666667,1791.019645833333333333333333,False,False,偏空,False,1827.128,1721.548,0.02811445651611218773281475429,0.03129480453126441904067379263,0.8627218045112781954887218045,0.1536592737753246791553615649,False,48.29627585155790022032112729,4.437389632988543496259259,5.437785540811729100181689156,-1.000395907823185603922430156,1784.274,1809.655495464215657598258559,1758.892504535784342401741441,18.39421316251131563059675317,3.697619
2021-11-04,1,1791.214,1784.951383333333333333333333,1790.817133333333333333333333,True,True,偏多,False,1813.748,1721.548,0.01258029470515527457914018091,0.03889317524315910885019880372,0.5832962406015037593984962406,0.0854884261694337991442642380,False,54.12078647447198461318407107,4.558044794330958002072093,5.261837391515574880559769925,-0.703792597184616878487676925,1785.8198,1808.826871222561119372095391,1762.812728777438880627904609,19.09034079376050737126841366,3.697619
2021-11-05,1,1817.588,1785.404633333333333333333333,1790.708020833333333333333333,True,True,偏多,False,1818.128,1721.548,0.0002970970318906154750141396180,0.05283925730143464855621846095,1.128993984962406015037593985,0.2362181705919362747954672882,True,62.63088821411360915996505044,6.704540492883209161873350,5.550378011789101736822485940,1.154162481094107425050864060,1787.1173,1813.906564962667415448058730,1760.328035037332584551941270,20.10060216563475684474924126,3.697619
2021-11-08,1,1824.508,1786.133175,1790.446670833333333333333333,True,True,偏多,False,1826.403,1721.548,0.001038636169312494108000622634,0.05643165171103661918720005612,1.846912030075187969924812030,0.4525509454295646140941719638,True,64.28046151996653620418833770,9.909435563857155078107747,6.839775475932338815787552082,3.069660087924816262320194918,1791.03105,1822.693046194017837068090699,1759.369053805982162931909301,18.57684574485854034062562129,3.697619
2021-11-09,1,1829.813,1786.569633333333333333333333,1790.330954166666666666666667,True,True,偏多,True,1832.633,1721.548,0.001541141089280707919333833567,0.05916724823793469605910549329,2.082670676691729323308270677,0.4858876241468121644109240311,True,65.75018288007643755943981790,11.590111423089322186759077,7.789842665363735489981857066,3.800268757725586696777219934,1793.978,1828.435082610110798525609532,1759.520917389889201474390468,18.22064247736864460200950549,3.697619
2021-11-10,1,1848.444,1787.163125,1790.38145,True,True,偏多,False,1868.458,1721.548,0.01082748517131165455918599644,0.06865017279398239816840542640,2.385587969924812030075187970,0.4953690392176417659778957373,True,70.36238085699103949124977710,14.261032835045130352377537,9.084080699300014462460993053,5.176952135745115889916543947,1798.206,1837.295204008268062966076760,1759.116795991731937033923240,20.22559658612802713043739796,3.697619
2021-11-11,1,1862.198,1787.888541666666666666666667,1790.498004166666666666666667,True,True,偏多,False,1868.458,1721.548,0.003361618904112237259410653432,0.07552902537753772692270102320,2.832264661654135338345864662,0.5119369019567019180381182041,True,73.22853390236615419449459267,17.288301373357571161880575,10.72492483411152580234490944,6.56337653924604535953566556,1802.886,1848.537119920545213279399682,1757.234880079454786720600318,20.43448254426173947826329811,3.697619
2021-11-12,1,1864.448,1788.584458333333333333333333,1790.784141666666666666666667,True,True,偏多,False,1868.568,1721.548,0.002209769325827268982562130990,0.07664466909240697514760400934,3.371963909774436090225563910,0.5641859198757382951791224090,True,73.67700001191707135607974633,19.642562463222217708791723,12.50845235993366418363427215,7.13411010328855352515745085,1807.040,1858.812318762056620868991288,1755.267681237943379131008712,20.65201950538590094410163396,3.697619
2021-11-15,1,1862.258,1789.983125,1791.183154166666666666666667,True,True,偏多,False,1870.468,1721.548,0.004408626516841382880352776039,0.07555881086294165470090610431,4.275203007518796992481203008,0.6763424086726175531797886882,True,71.92492544817004681185431774,22.176927495279481209303363,15.85554645075857515202537318,6.32138104452090605727798982,1814.6152,1874.566589403749434704393538,1754.663810596250565295606462,19.14387396127661867118967418,3.697619
2021-11-16,1,1850.208,1790.723541666666666666666667,1791.265779166666666666666667,True,True,偏多,False,1877.118,1721.548,0.01454431069371659835002334873,0.06953812760511250626956536779,4.463031578947368421052631579,0.7095105880287442031776261961,False,64.90127549201193644256955151,21.616936929492559935438211,17.00782454650537210870794074,4.60911238298718782673027026,1817.4102,1878.515142512369652011758228,1756.305257487630347988241772,19.76145439261400305181898316,3.697619
2021-11-17,1,1866.378,1791.542208333333333333333333,1791.392208333333333333333333,True,True,偏多,False,1877.118,1721.548,0.005754461314910484371333138303,0.07759950020842508859405758105,5.010484210526315789473684211,0.8025402104193973992738225849,False,69.24188582382266165575387789,22.221765552542777627590150,18.05061274771285321248438259,4.17115280482992441510576741,1820.3402,1884.842042077881775794359710,1755.838357922118224205640290,19.67306479314157426240334151,3.697619
2021-11-18,1,1859.448,1792.242375,1791.465220833333333333333333,True,True,偏多,False,1877.118,1721.548,0.009502820191798856434812912219,0.07416179425291807030903795105,5.144869172932330827067669173,0.8228438048037084296948562801,False,65.50311115709199458344520149,21.889574125558842456169701,18.81840502328205106122144627,3.07116910227679139494825473,1823.6392,1889.048794136028699256994264,1758.229605863971300743005736,19.40113159363146181508881711,3.697619
2021-11-19,1,1845.175,1792.72735,1791.542345833333333333333333,True,True,偏多,False,1877.118,1721.548,0.01731163710759142086793935535,0.06700014903735418049778476296,5.024293984962406015037593985,0.7993049521750334324904943923,False,58.49723498510100818509977557,20.241269456263065983334083,19.10297790987825404564397362,1.13829154638481193769010938,1826.07205,1890.882436567200785367049574,1761.261663432799214632950426,19.64383647980064311401104446,3.697619
2021-11-22,1,1808.928,1793.365516666666666666666667,1791.581495833333333333333333,True,True,偏多,False,1877.118,1721.548,0.03769635939075518760282332962,0.04830485237665622954589679633,3.879687969924812030075187970,0.5315210776234287650497856301,False,44.49043085858665496392096341,14.403567762227965468844193,18.09789951380673909776713852,-3.69433175157877362892294552,1829.63875,1891.009633154391708655741521,1768.267866845608291344258479,20.84065492390973819524421691,3.697619
2021-11-29,0,1786.685,1792.732358333333333333333333,1791.684033333333333333333333,False,False,偏空,False,1877.118,1745.77,0.05061496570464295608906998156,0.02289995158631767771039662839,-3.231210526315789473684210526,0.3936312018128561672498123012,False,38.81409949957882433167908728,-3.737229789254383420469426,4.987884452217197929320732290,-8.725114241471581349790158290,1829.7692,1889.163711856231296077746710,1770.374688143768703922253290,21.01531798953107329700642155,0.578183
2021-12-02,0,1768.885,1791.582475,1791.286629166666666666666667,False,False,偏空,False,1877.118,1745.77,0.06118713200688569353010512272,0.01306755385454679077497971886,-5.709760902255639097744360902,0.8476663735977954167276336122,True,35.29349038889768395262675894,-9.526318552927883613690012,-1.376601373658614850363130092,-8.149717179269268763326881908,1822.4489,1893.969519116168170933370669,1750.928280883831829066629331,22.11023236989787464778538927,0.578183
2021-12-12,0,1783.098,1789.885816666666666666666667,1793.155833333333333333333333,False,False,偏空,False,1877.118,1758.644,0.05272845351180922192723002325,0.01371433314377560851955416920,-2.380967669172932330827067669,0.4836389946040562252570386453,True,43.72298307733348835074598052,-8.903342037249040838718958,-8.130370906961234662460729882,-0.772971130287806176258228118,1791.30515,1830.788924587924088188039808,1751.821375412075911811960192,17.83235355141319870500896075,0.578183
2021-12-13,0,1785.668,1789.786233333333333333333333,1793.4807625,False,False,偏空,False,1877.118,1758.644,0.05121332744944748967893247793,0.01513383226893241072808607199,-1.610921804511278195488721805,0.3634929571031897680833243583,True,45.25439924358343308164224278,-8.222630239782256113719646,-8.148822773525438952712513106,-0.073807466256817161007132894,1788.3298,1819.144098133171879856962025,1757.515501866828120143037975,17.25554258345511308322260641,0.578183
2021-12-14,0,1772.358,1789.557483333333333333333333,1793.8466125,False,False,偏空,False,1877.118,1758.644,0.05910769720338667470116082642,0.007737714389530783284189763016,-0.9462240601503759398496240602,0.3861109025315257150692561148,False,39.29110764698083718658949451,-8.657370224789393367766115,-8.250532263778229835723233485,-0.406837961011163532042881515,1784.7038,1802.265387622991265307682140,1767.142212377008734692317860,17.66993239892260500584956309,0.578183
2021-12-15,0,1779.345,1789.308375,1794.111616666666666666666667,False,False,偏空,False,1877.118,1752.928,0.05494887163534896268008733551,0.01484647440490742379920701157,-0.6402909774436090225563909774,0.2899739235774997992310469472,True,43.50002924942159364373612426,-8.341951464042399554067296,-8.268816103831063779392045988,-0.073135360211335774675250012,1783.22465,1796.937373847215767511144332,1769.511926152784232488855668,18.43736579899956179114602287,0.578183
2021-12-20,1,1791.515,1788.62565,1795.305145833333333333333333,True,False,盤整,False,1877.118,1752.928,0.04778246344574284892953729106,0.02153875351308808466577170719,0.5865481203007518796992481203,0.1589183579546708596100337139,True,49.28773963539910867406508484,-3.139996875157129610839876,-5.890239669302589142520512053,2.750242794145459531680636053,1784.34365,1801.312110169090181766893119,1767.375189830909818233106881,17.63045761102734496868288107,3.697619
2021-12-21,1,1790.455,1788.453958333333333333333333,1795.554466666666666666666667,True,False,盤整,False,1877.118,1752.928,0.04840278029886257962361522630,0.02095947678104169052000748413,0.8488218045112781954887218045,0.3541356121466951769458555868,False,48.74067216015630427088939653,-2.830667992737021363965548,-5.278325333989475586809519242,2.447657341252454222843971242,1784.09515,1800.544833513976796264944829,1767.645466486023203735055171,17.48542492452539175663410385,3.697619
2021-12-22,1,1803.568,1788.387708333333333333333333,1795.854395833333333333333333,True,True,偏多,False,1877.118,1752.928,0.04078027554270202177017999876,0.02807767713776247970689211607,1.167897744360902255639097744,0.5300687901904539342374402419,True,55.34399778529191388208855283,-1.510006697476400699161267,-4.524661606686860609279868794,3.014654909210459910118601794,1784.9393,1803.438993068805222747908339,1766.439606931194777252091661,17.60503742991643520258881071,3.697619
2021-12-23,1,1808.355,1788.428958333333333333333333,1796.104275,True,True,偏多,False,1877.118,1752.928,0.03802516651874217175278084226,0.03065050833492317603567883518,1.315439849624060150375939850,0.5593764912048375830747619932,True,57.49657993106380075985487369,-0.076223555064502449537842,-3.634973996362388977331463435,3.558750441297886527793621435,1786.70215,1806.985734676037911815109741,1766.418565323962088184890259,17.19403475635097554526103851,3.697619
2021-12-27,1,1812.274,1789.5782,1796.685441666666666666666667,True,True,偏多,False,1877.118,1752.928,0.03578046145340053435628387319,0.03274670386486811596921878259,1.573695488721804511278195489,0.6458973810743580442180735310,True,59.17119827422410522475199955,2.156957381663821501823658,-1.742337845758132317534556838,3.899295227421953819358214838,1790.14825,1812.730372476640675593145462,1767.566127523359324406854538,15.76924425420058605688324239,3.697619
2021-12-28,1,1806.428,1790.203475,1796.970191666666666666666667,True,True,偏多,False,1877.118,1752.928,0.03913247580307656878657771027,0.02961645855799400806453398641,1.690048872180451127819548872,0.6950756350437833658811023433,False,55.37428736943333435647535732,2.608448341139594476023098,-0.8721806083785869588230258704,3.480628949518181434846123870,1791.33025,1814.708341358149835068412892,1767.952158641850164931587108,15.72722680747197276710586794,3.697619
2021-12-29,1,1804.485,1790.8507,1797.242220833333333333333333,True,True,偏多,False,1877.118,1752.928,0.04025137366062893290883548492,0.02857158690706766750624139297,1.742890977443609022556390977,0.7191439056316126056638379653,False,54.13101890741102828225113774,2.777457516328424077164846,-0.1422529834371847516254514964,2.919710499765608828790297496,1792.41575,1816.117921705352233398329352,1768.713578294647766601670648,15.90599632122397471231259166,3.697619
2021-12-30,1,1815.588,1791.378641666666666666666667,1797.61115,True,True,偏多,False,1877.118,1752.928,0.03388984725609554590578919887,0.03451223515467165458242729077,1.890911278195488721804511278,0.7545621173282062704047524720,True,59.69930482490580021300302818,3.763929576475473775185705,0.6389835285453469537367798028,3.124946047930126821448925197,1794.1539,1819.258278477867162684591804,1769.049521522132837315408196,16.27342515542226223286169226,3.697619
2021-12-31,1,1829.058,1792.009725,1798.00515,True,True,偏多,False,1877.118,1752.928,0.02627582066834403283001413843,0.04162251825803227672386550891,2.238658646616541353383458647,0.7974332151939889631799008341,True,65.21616345098025607229071992,5.568442676858769421496228,1.624875358208031447288669442,3.943567318650737974207558558,1796.3769,1825.288127873613393108491026,1767.465672126386606891508974,16.22889478717781493051442853,3.697619
2022-01-03,1,1804.028,1792.629608333333333333333333,1798.727466666666666666666667,True,True,偏多,False,1877.118,1752.928,0.04051489223005407898325303155,0.02832550270838368362353577661,2.213200751879699248120300752,0.7370615836845129204394040213,False,50.38250403395908318283087265,5.857829897110458853505314,3.309504994532963767960493643,2.548324902577495085544820357,1800.01735,1829.747338525224828952821627,1770.287361474775171047178373,16.61677152567883022069866541,3.697619
2022-01-04,0,1813.788,1792.849441666666666666666667,1799.072354166666666666666667,True,True,偏多,False,1877.118,1752.928,0.03491587771007416522768923380,0.03355408680617580444903152959,2.129987218045112781954887218,0.7107107379338562881754838100,False,54.71642326760004232799145227,5.782422814272731491761239,3.804088558480917312720642714,1.978334255791814179040596286,1801.59235,1830.730124584034381948735012,1772.454575415965618051264988,16.73700213098748520493447502,0.578183
2022-01-05,1,1810.178,1793.050525,1799.482020833333333333333333,True,True,偏多,False,1877.118,1752.928,0.03697978872795934985399225932,0.03162672400172800685899397739,1.960623308270676691729323308,0.6487951803855120414532793086,False,52.87670048964095699791331761,5.369469426701603427810625,4.117164732125054535738639171,1.252304694576548892071985829,1802.94635,1831.017885841667088949651513,1774.874814158332911050348487,17.07121626448837911886772681,3.697619
2022-01-06,1,1791.278,1793.082941666666666666666667,1799.9231875,False,False,偏空,False,1877.118,1752.928,0.04792109320831272421142893510,0.02140929548623943352176490751,1.521116541353383458646616541,0.4074780021412359823434567269,False,44.45019282836466795965117493,3.477047605365801059441219,3.989141306773203840479155137,-0.512093701407402781037936137,1803.22685,1830.708083707932400610113021,1775.745616292067599389886979,17.64827224559635203894860346,3.697619
2022-01-07,1,1795.808,1793.223608333333333333333333,1800.291729166666666666666667,True,False,盤整,False,1877.118,1752.928,0.04527766888219676045546071740,0.02387783103761649352269284912,0.9277300751879699248120300752,0.2007732662813063960733137545,False,46.64491800441470883985937672,2.316123983460362724571272,3.654537842110635617297578510,-1.338413858650272892726306510,1804.39935,1828.277161208525793183407675,1780.521538791474206816592325,17.53196708519661260759513179,3.697619
2022-01-13,1,1820.728,1794.103883333333333333333333,1801.9444625,True,True,偏多,False,1877.118,1752.928,0.03097112803230356209164685774,0.03723785211190249175055252624,0.4300834586466165413533834586,0.0480078639661284866962610328,True,57.08059322964101404310940590,4.326325638407828872536310,3.154269243451885304772644375,1.172056394955943567763665625,1809.17215,1831.809332309421815494926447,1786.534967690578184505073553,16.33837010985732485889774214,3.697619
2022-01-18,0,1814.158,1794.3413,1803.178433333333333333333333,True,True,偏多,False,1848.984,1752.928,0.01919678440356352644036517216,0.03375119476914359168275310089,0.2558323308270676691729323308,0.0193384711039610221523748848,False,53.04398918455061060506501836,4.435825095584735748996550,3.983853741598271802821741200,0.451971353986463946174808800,1812.03345,1833.249776010645669751838035,1790.817123989354330248161965,15.07164886265189127694133729,0.578183
2022-01-19,0,1838.414,1794.541016666666666666666667,1803.561220833333333333333333,True,True,偏多,True,1848.984,1752.928,0.005749521054561159782290604837,0.04649986346927297115883582262,0.6364954887218045112781954887,0.0925050209315749205441650409,True,63.36432329674423449986919982,6.087840011243304365723614,4.404650995527278315402115760,1.683189015716026050321498240,1813.34045,1837.474960647411105111702309,1789.205939352588894888297691,16.36474537246247047144552749,0.578183
2022-01-28,0,1791.028,1795.61655,1805.363383333333333333333333,False,False,偏空,False,1853.748,1752.928,0.03501899467791681648751443305,0.02127269925428301511757493462,1.239893233082706766917293233,0.1620516214081101294865517842,False,39.24901779297660377266466144,2.426492101471194749800600,6.279620368227546785593644937,-3.853128266756352035793044937,1818.2793,1853.800155739128808325258566,1782.758444260871191674741434,17.86256421330734179337447943,0.578183
2022-02-03,0,1805.608,1795.910275,1805.823033333333333333333333,True,False,盤整,False,1853.748,1752.928,0.02666137943562500830745100819,0.02917576794077119729199250336,-1.457205263157894736842105263,0.2325029231947309922541862391,True,46.92240726350637847980525477,-2.512999533157494386315395,0.7220232298690418511133496872,-3.235022763026536237428744687,1818.14365,1852.996022161877303125820801,1783.291277838122696874179199,16.68197550583745399329035259,0.578183
2022-02-16,0,1869.788,1803.706866666666666666666667,1807.5549125,True,True,偏多,False,1879.378,1780.158,0.005128923706858745483445182021,0.04793591572948377035257473040,3.225284962406015037593984962,0.5096762480686584849803130882,True,65.87514927449796975839250263,12.817005698071136034020761,7.124068437689313211900425898,5.692937260381822822120335102,1824.79095,1876.892028658603604768420452,1772.689871341396395231579548,19.09290507137156606033060671,0.578183
2022-02-23,0,1910.623,1811.111683333333333333333333,1809.011429166666666666666667,True,True,偏多,False,1914.023,1780.158,0.001779524270355794942277989954,0.06828400997999081974832292922,6.511643609022556390977443609,0.9440463639805633405441357740,False,70.59924235050155464070367881,24.276144169013317348822307,18.16189929917041879588099362,6.11424486984289855294131338,1853.4937,1930.783072537497029417556552,1776.204327462502970582443448,19.97609466142959106697920236,0.578183
2022-03-13,0,1974.108,1834.506275,1813.214545833333333333333333,True,True,偏多,False,2070.358,1780.158,0.04875619773588881661996202842,0.09824690442468193229549751077,6.549828571428571428571428571,0.7385630340437850505424561786,False,59.77078606108727006156016264,36.678689204656874761147014,35.47200514731622743608295158,1.20668405734064732506406242,1944.2757,2032.170254734863979513309389,1856.381145265136020486690611,36.52575911524309867884754744,0.578183
2022-03-30,0,1933.958,1851.508391666666666666666667,1819.0390125,True,True,偏多,False,2070.358,1788.538,0.07052893599550765838761751806,0.07519294627908155192615351523,-3.602204511278195488721804511,0.4062906852060419850530281222,True,49.91037537209333599719690564,3.405576273087393258322077,8.613935214862429778323159080,-5.208358941775036520001082080,1951.0336,2016.207806672271815233549653,1885.859393327728184766450347,30.16167313296354144378972221,0.578183
2022-04-12,0,1965.758,1859.231458333333333333333333,1826.2984875,True,True,偏多,False,2070.358,1844.398,0.05321102597573048157504636888,0.06173699916266396982741517521,0.2996375939849624060150375940,0.0137444680659822245106047465,True,59.65943253790971263996233108,4.547388292175141439381259,2.178513050640097194291847280,2.368875241535044245089411720,1937.6809,1967.156194522023015741454030,1908.205605477976984258545970,24.94281361217571641183100385,0.578183
2022-04-27,0,1885.513,1875.13115,1832.972954166666666666666667,True,True,偏多,False,2070.358,1881.248,0.09803432805819954569393051122,0.002261983873884719967457132356,-1.236812030075187969924812030,0.0727729097875909043920992478,False,34.94009036561374484672817759,-7.732021858571498080041085,0.911438736651002279435247157,-8.643460595222500359476332157,1942.2033,1995.077602477101293671681525,1889.328997522898706328318475,23.84927068258714833154221631,0.578183
2022-04-28,0,1895.428,1876.054733333333333333333333,1833.330370833333333333333333,True,True,偏多,False,2070.358,1871.938,0.09229050114274981692789174793,0.01239297931654486480098426318,-2.075166917293233082706766917,0.1791438937155943832469831486,False,38.54287264064291726258958214,-9.813834603756216170395840,-1.233615931430441410530970275,-8.580218672325774759864869725,1940.4033,1996.946170305989949805962720,1883.860429694010050194037280,23.90789420525949487928920086,0.578183
2022-05-24,0,1867.345,1886.013966666666666666666667,1839.3217875,False,True,盤整,False,1998.268,1786.638,0.07011184328552035108670331406,0.04322018694992087696703073080,-2.059165413533834586466165414,0.2264977898446973191047267578,True,51.19710025600455051277822265,-15.794525118371643717781286,-22.06486370873479973928940292,6.27033859036315602150811692,1848.1081,1898.006322044076881116698192,1798.209877955923118883301808,24.58987324642715496853360215,0.578183
2022-05-26,0,1852.628,1886.70205,1839.8762875,False,True,盤整,False,1998.268,1786.638,0.07861265186535019442651196031,0.03561967108345550212994729649,-1.342765413533834586466165414,0.1012601971357751006106209532,True,46.85507145544135386739147391,-12.601829146749582045489363,-18.88776836192701919281714071,6.28593921517743714732777771,1846.8661,1895.529963191900414514711162,1798.202236808099585485288838,23.86830907472545504939887124,0.578183
2022-05-27,0,1852.838,1887.21505,1840.148995833333333333333333,False,True,盤整,False,1998.268,1786.638,0.07849040229097201158439108006,0.03572897360697481377217004401,-0.5161699248120300751879699248,0.0184781279915988356863848805,True,46.92906223003517076552512464,-11.317192894642804376054800,-17.37365326847017622946467257,6.05646037382737185340987257,1844.8173,1888.608770745340353320723850,1801.025829254659646679276150,23.16414414081649397444180901,0.578183
2022-05-29,0,1849.753,1887.664591666666666666666667,1840.4441,False,True,盤整,False,1998.268,1786.638,0.08028909805795692722217506878,0.03412077180034307283188620318,0.01635112781954887218045112782,0.0000203727434678852603556213,True,45.91767789972519726114495845,-10.427837507440710140730800,-15.98449011626428301171789806,5.55665260882357287098709806,1843.60105,1885.379158714852088191577417,1801.822941285147911808422583,21.92241955932960154769596551,0.578183
2022-06-02,0,1869.718,1889.017725,1841.43925,False,True,盤整,False,1998.268,1786.638,0.06875368371059165071952026990,0.04443450830553056664160049804,1.959696992481203007518796992,0.4097175885440865328871584272,True,53.96140106118697318091817869,-6.727801479055150357467672,-11.57758771688973961842995574,4.84978623783458926096228374,1841.19925,1876.507195099509826897286069,1805.891304900490173102713931,21.86594278514193955132612638,0.578183
2022-06-07,0,1853.458,1890.027641666666666666666667,1842.168595833333333333333333,False,True,盤整,False,1998.268,1786.638,0.07812963660358098214256810783,0.03605153178545184190847594065,1.227678195488721804511278195,0.2612905809266481181898727091,False,49.18926832979072991451862678,-5.428388955223858066683234,-8.203439703815934883771479890,2.775050748592076817088245890,1845.978,1873.676004772907379943590557,1818.279995227092620056409443,20.65030747309555746369808141,0.578183
2022-06-16,0,1850.634,1890.763316666666666666666667,1843.177958333333333333333333,False,True,盤整,True,1958.208,1786.638,0.05812818742117566196233290861,0.03458058157366610577780371484,-0.6689518796992481203007518797,0.0653796959733233707024581727,True,50.02647491598377092163890307,-5.665225184276538204438833,-5.413120490571796774205449224,-0.252104693704741430233383776,1848.5644,1878.736063158665947164150634,1818.392736841334052835849366,26.47749465617593466674912602,0.578183
2022-06-19,0,1838.318,1891.504233333333333333333333,1843.560391666666666666666667,False,False,偏空,False,1955.482,1786.638,0.06373434846419389898809672755,0.02811265515541924737722200403,-0.7838481203007518796992481203,0.0876044935974752788232174215,False,46.96419651784622576207127348,-5.680404331088658962204652,-5.510800512888033445476986863,-0.169603818200625516727665137,1847.0924,1877.634194448918681700099497,1816.550605551081318299900503,24.51578365762108652388062397,0.578183
2022-06-27,0,1823.443,1893.111141666666666666666667,1844.969983333333333333333333,False,False,偏空,False,1909.633,1786.638,0.04726772375116743435358275526,0.02018434357421646851587902665,-1.506396240601503759398496241,0.2955390315217976264465070778,False,43.40768126186058535223103452,-7.361974749158185624155150,-6.501190904927719321152575752,-0.860783844230466303002574248,1839.80345,1871.759833233870506328963861,1807.847066766129493671036139,21.76015668987304441850442841,0.578183
2022-07-01,0,1810.598,1892.670766666666666666666667,1845.776345833333333333333333,False,False,偏空,False,1909.633,1784.397,0.05469739831812473006155977196,0.01447090961107877066030118226,-2.131954135338345864661654135,0.4670452645979247322024181486,False,40.12780012736155281488395170,-10.045383915638093362107159,-8.093793434959625570994335494,-1.951590480678467791112823506,1832.66545,1868.642387476527931948752753,1796.688512523472068051247247,21.54938533994856366193526082,0.578183
2022-07-06,0,1739.818,1890.046733333333333333333333,1846.316204166666666666666667,False,False,偏空,False,1878.763,1732.128,0.07986180163672292159294822792,0.004420002551991070330344898145,-3.188326315789473684210526316,0.5490004207602438846961220393,False,23.73816520618930578712880344,-18.544855055158790523514770,-11.68682289721897440561867642,-6.85803215793981611789609358,1818.1965,1867.821697202630842542959997,1768.571302797369157457040003,23.01363306159597372835623137,0.578183
2022-07-10,0,1741.828,1886.362233333333333333333333,1846.350966666666666666666667,False,False,偏空,False,1878.763,1732.128,0.07861568421221842799633488496,0.005568862137937844609226628576,-5.477994736842105263157894737,0.8030188213692299524780876359,False,24.74125804204688681045338017,-25.744590150897954107066050,-17.80152422646863275722836945,-7.94306592442932134983768055,1804.70545,1875.204711699609308745426531,1734.206188300390691254573469,20.81314571294692211413944618,0.578183
2022-08-07,0,1774.438,1845.0743,1842.582908333333333333333333,False,False,偏空,False,1878.763,1680.748,0.05879326299369152373878377266,0.05279981605443526344679273099,4.573391729323308270676691729,0.8615364902899368594676793213,False,55.83029270477543342345148300,3.379856052506544081175097,-4.944892194380565858999219192,8.324748246887109940174316192,1739.66195,1796.485372010558287037768709,1682.838527989441712962231291,20.48896186373990042235422264,0.578183
2022-08-30,0,1723.198,1816.317275,1837.120908333333333333333333,False,False,偏空,False,1814.198,1680.748,0.05280878923954182862329227402,0.02463442970569835851712919815,-3.860987218045112781954887218,0.8413524486017177662354564661,False,36.69486328016185760280114387,-8.649491427937564941263003,-4.391961793800664945853607322,-4.257529634136899995409395678,1762.79775,1811.341710179923516413036022,1714.253789820076483586963978,17.82857843886067475960944814,0.578183
2022-09-12,0,1725.155,1794.063983333333333333333333,1833.646041666666666666666667,False,False,偏空,False,1807.768,1680.748,0.04788729128686987546046587118,0.02574087545756758088403650686,-2.058338345864661654135338346,0.5048557262941786769627248114,True,47.12437144018001225318118433,-11.195125464212671856319817,-12.58900855056635368179558121,1.39388308635368182547576421,1724.8558,1758.264451176603942625684698,1691.447148823396057374315302,18.13025493158934020749180514,0.578183
2022-09-26,0,1627.508,1772.494566666666666666666667,1827.825854166666666666666667,False,False,偏空,False,1807.768,1621.033,0.1107582881313025803867016322,0.003978475067403662531919965985,-4.337321804511278195488721805,0.7936095180929727028798429158,False,25.97916634658849712153585948,-23.994398897532924615417451,-19.77736242559113007273648063,-4.21703647194179454268097037,1686.0925,1742.241759362880290800613188,1629.943240637119709199386812,21.63283491888062523905269691,0.578183
2022-10-10,0,1669.998,1757.61175,1821.5490375,False,False,偏空,False,1802.308,1614.71,0.07922763979358059111448037662,0.03310662647500176646918140022,2.357428571428571428571428571,0.2537108848447231128046060396,False,44.36301723215939888561042151,-1.454962083365613434646098,-6.343571308289730060176726250,4.888609224924116625530628250,1673.2554,1727.230668730780766720412310,1619.280131269219233279587690,23.01542202290327088143973843,0.578183
2022-10-11,0,1663.955,1755.916833333333333333333333,1820.9654,False,False,偏空,False,1801.588,1614.71,0.08271437629022419476488246377,0.02959515131118329522132509593,2.297080451127819548872180451,0.2399690940346799505185056066,False,42.78006778282878076937859502,-3.140675926709418884386190,-5.702992231973667825018619000,2.562316305264248940632429000,1672.56075,1726.639216815822358334220128,1618.482283184177641665779872,23.0093204498387515327654714,0.578183
2022-10-14,1,1643.618,1751.100391666666666666666667,1819.157720833333333333333333,False,False,偏空,False,1772.294,1614.71,0.07828826406135732268690170100,0.01758802836182129910964713212,1.647398496240601503759398496,0.1169615360814129677668510332,False,38.38662023104528935539441075,-7.240688844015136856432082,-5.593087824223387179074798512,-1.647601019791749677357283488,1671.1881,1726.740516343125885670432647,1615.635683656874114329567353,24.37701276541389836643066351,3.697619
2022-10-17,1,1650.568,1747.732516666666666666666667,1817.937345833333333333333333,False,False,偏空,False,1765.368,1614.71,0.06955181489038924782256774638,0.02172464266846321993398636106,0.6376112781954887218045112782,0.0172842580365532500850030138,False,41.00340811327084351285908829,-9.634319095538035428416689,-6.911352035520674705601325968,-2.722967060017360722815363032,1670.27625,1726.207746596729825033765554,1614.344753403270174966234446,22.89690386405586134656521496,3.697619
2022-10-18,1,1652.198,1746.1981,1817.316970833333333333333333,False,False,偏空,False,1765.368,1614.71,0.06849663297014038269021025325,0.02268977447013009336653355106,-0.03672180451127819548872180451,0.0000587234365506320490590141,False,41.65458065390347616732041096,-10.063287641340239207189222,-7.541739156684587605918905174,-2.521548484655651601270316826,1670.6899,1725.954127449227949919522524,1615.425672550772050080477476,22.33712501662329982181055675,3.697619
2022-10-19,1,1627.018,1744.374383333333333333333333,1816.510429166666666666666667,False,False,偏空,False,1765.368,1614.71,0.08503286380359651829297524674,0.007564759578566432577881744394,-1.342425563909774436090225564,0.0782592237675390019398634188,False,35.19250371816848978656282083,-12.293353736868002974521671,-8.492062072721270679639458339,-3.801291664146732294882212661,1670.6654,1726.006561055402514928540814,1615.324238944597485071459186,22.67025894400734983453837413,3.697619
2022-10-20,1,1626.828,1742.3503,1815.6840125,False,False,偏空,False,1765.368,1614.71,0.08515958663116199131069787341,0.007448851384411873904309490616,-2.631001503759398496240601504,0.2974597874966918721478804873,False,35.14819441337213230584728217,-13.915618014140547202779041,-9.576773261005125984267374871,-4.338844753135421218511666129,1670.5709,1726.203939107710087421240255,1614.937860892289912578759745,22.70674044800682484635706169,3.697619
2022-10-21,1,1657.298,1740.741633333333333333333333,1815.003054166666666666666667,False,False,偏空,True,1765.368,1614.71,0.06520855030296301570387462001,0.02569724937820476462289823556,-3.049181203007518796992481203,0.4003984712481876751879455863,True,46.73119901838186569383723198,-12.597384977654471630014541,-10.18089560433499511341680810,-2.41648937331947651659773290,1670.63105,1726.203922941661024044919937,1615.058177058338975955080063,23.99418755886348021447441443,3.697619
2022-10-24,1,1651.588,1737.59155,1813.6657625,False,False,偏空,False,1745.418,1614.71,0.05681198943077813595158114493,0.02232881323913712136440807272,-3.717446616541353383458646617,0.5840121553793503214417288063,True,45.13155452312664452666059263,-10.587590388130243496270625,-10.41151508307277873337013962,-0.17607530505746476290048538,1670.0462,1726.145781045137939603885512,1613.946618954862060396114488,23.02960049718330691962334714,3.697619
2022-10-25,1,1652.598,1735.917716666666666666666667,1812.972679166666666666666667,False,False,偏空,True,1745.418,1614.71,0.05616610936234946429803255238,0.02292632570050308665507280052,-4.060830827067669172932330827,0.6854605382194128599469010187,True,45.50150298266407274200707428,-9.974014339241990978068141,-10.32401493430662118230973990,0.35000059506463020424159890,1669.47185,1726.037071093088640026125816,1612.906628906911359973874184,23.10527189024164213965025091,3.697619
2022-10-26,1,1667.358,1734.373675,1812.3610125,False,False,偏空,False,1740.334,1614.71,0.04376744526370461532556295649,0.03157570239864504203656323357,-3.594510526315789473684210526,0.5744399110038645286951230838,True,50.72971628133310384425916630,-8.202192485107411472603879,-9.899650444466779240368567720,1.697457959359367767764688720,1667.79385,1722.488302220586321546303040,1613.099397779413678453696960,23.24918104093866770110380441,3.697619
2022-10-27,1,1661.728,1732.831458333333333333333333,1811.624820833333333333333333,False,False,偏空,False,1735.035,1614.71,0.04411492133489957441891813823,0.02829464268520479885998189836,-2.771215789473684210526315789,0.4452403268423767735407345207,True,48.80639335415640143930462908,-7.169657499844052470059470,-9.353651855542233886306748176,2.183994355698181416247278176,1664.60905,1712.505014015666288706022990,1616.713085984333711293977010,22.72995382372876286531067552,3.697619
2022-10-28,1,1644.498,1730.943625,1810.815195833333333333333333,False,False,偏空,False,1735.035,1614.71,0.05505449079293498684704998121,0.01811373440405521928272335996,-2.211585714285714285714285714,0.3727690229044445298703048736,True,43.38522166190056030821176662,-7.653458779197898807438530,-9.013613240273366870533104541,1.360154461075468063094574541,1660.92155,1702.695898815870248104838623,1619.147201184129751895161377,23.1749571220338512320741987,3.697619
2022-10-31,1,1632.248,1727.42575,1809.176404166666666666666667,False,False,偏空,False,1735.035,1614.71,0.06297266101719836691483156971,0.01074469075777700447481020041,-1.435768421052631578947368421,0.2593248643814474795532546047,False,39.76705129332365789780323984,-9.130186949138379760110483,-8.880418489564558329316177426,-0.249768459573821430794305574,1654.3882,1686.903527884553155771210830,1621.872872115446844228789170,21.23877935522306560316601826,3.697619
2022-11-01,1,1646.688,1726.058375,1808.356195833333333333333333,False,False,偏空,False,1735.035,1614.71,0.05365132921354865038185740104,0.01941958646689597543675547523,-0.8797744360902255639097744361,0.1495391033257017536011809931,True,45.56787020906571892243338126,-8.731946813367547528207789,-8.850724154325156169094499741,0.118777340957608640886710741,1651.8942,1678.131538162245041278130933,1625.656861837754958721869067,21.60750940127856091722558839,3.697619
2022-11-02,1,1633.578,1724.390625,1807.456945833333333333333333,False,False,偏空,False,1735.035,1614.71,0.06210722720310875881041492968,0.01155010657587210405624953323,-0.8555849624060150375939849624,0.1438778789518477776374319720,False,41.64636772023622910597027964,-9.366237911400456206595048,-8.953826905740216176594609393,-0.412411005660240030000438607,1650.0732,1676.086290386188258504826397,1624.060109613811741495173603,22.74618730118723513742376065,3.697619
2022-11-03,1,1629.588,1722.548575,1806.655945833333333333333333,False,False,偏空,False,1735.035,1614.71,0.06470776662567471041760248603,0.009129915046011629933455572820,-0.9290443609022556390977443609,0.1616250038312858690186321526,False,40.50389601979598956105929797,-10.074742470698029032036974,-9.178010018731778747683082314,-0.896732451966250284353891686,1648.35485,1675.005511794972371755036923,1621.704188205027628244963077,22.86295963681671834189349203,3.697619
2022-11-04,1,1681.148,1721.234991666666666666666667,1806.172570833333333333333333,False,False,偏空,False,1735.035,1614.71,0.03205369188197588790516956270,0.03951942363194674115544853874,-0.04873157894736842105263157895,0.0004004008160757591995496211,True,56.94186709887068084199154950,-6.401978322333471798043760,-8.622803679452117357755217851,2.220825357118645559711457851,1648.69035,1676.776281134822644508790799,1620.604418865177355491209201,24.98131966275838131747252831,3.697619
2022-11-07,1,1673.918,1718.477816666666666666666667,1805.197608333333333333333333,False,False,偏空,False,1735.035,1614.71,0.03651134643393523458138331746,0.03537090825237556439443270220,0.7896789473684210526315789474,0.0858518495776361941482828057,True,54.61701196541902034524866115,-2.208260582962205435656071,-6.622520813116764389632126585,4.414260230154558953976055585,1650.66445,1681.745920135596868192101103,1619.582979864403131807898897,23.21474501533758389108600656,3.697619
2022-11-08,1,1711.367,1717.478166666666666666666667,1804.8376875,False,False,偏空,False,1735.035,1614.71,0.01382987985627863573388992542,0.05647941090368109236651168335,1.605282706766917293233082707,0.2064696275522805433532011488,True,63.30631534578849915707228576,2.317145134334358409300932,-4.834587623626539829845514868,7.151732757960898239146446868,1653.8629,1694.605548813743075042915814,1613.120251186256924957084186,25.28376322852775647029414895,3.697619
2022-11-09,1,1706.348,1716.394166666666666666666667,1804.4450625,False,False,偏空,False,1731.71,1614.71,0.01486332213593006819242030348,0.05370416820015612290107293471,2.303045112781954887218045113,0.3239480634293205572094708070,True,61.60391445879701873999481422,5.435908643505918590856408,-2.780488370200048145705130294,8.216397013705966736561538294,1656.6519,1703.316824938973168780146179,1609.986975061026831219853821,24.91492299791863100813028117,3.697619
2022-11-18,1,1750.398,1712.7435,1802.707133333333333333333333,True,False,盤整,False,1786.367,1614.71,0.02054904084671029103095410301,0.07751837010782690565231450219,8.672264661654135338345864662,0.8195787008624487648626587698,False,61.37428080082444183863237935,28.448366150473031240729895,21.51494576203065202538320983,6.93342038844237921534668517,1702.8844,1813.359146076015037835985222,1592.409653923984962164014778,23.66603183721376395109618642,3.697619
2022-11-22,1,1740.998,1711.452808333333333333333333,1801.220729166666666666666667,True,False,盤整,False,1786.367,1614.71,0.02605919133738235196134630827,0.07253770538507224017488819631,7.502833834586466165413533835,0.6991458947378998509626832139,False,57.67108679956229109951282221,23.147964696841969881327757,23.14561540791391344625951794,0.00234928892805643506823906,1716.98035,1820.462928777831005500167028,1613.497771222168994499832972,21.39395260435810473781279941,3.697619
2022-11-23,1,1752.198,1711.555975,1800.801354166666666666666667,True,False,盤整,False,1786.367,1614.71,0.01950065004069174830698357149,0.07846601810982548775880351421,6.668063909774436090225563910,0.6306545971324457424392074355,False,60.49079033710884414228948296,22.309278530540081028696055,22.97834803243914696274682535,-0.66906950189906593405077035,1722.97785,1819.812277929894851008389641,1626.143422070105148991610359,21.65438456118966868511188516,3.697619
2022-11-24,1,1755.207,1711.669133333333333333333333,1800.323933333333333333333333,True,False,盤整,False,1786.367,1614.71,0.01775289182415521360158659349,0.08004582935232140710468907656,5.923903759398496240601503759,0.5621342085882354268017808447,False,61.23786307911322986324759374,21.637985624969768326164709,22.71027555094527123543040208,-1.07228992597550290926569308,1728.4038,1819.523820183492057872302183,1637.283779816507942127697817,20.56335709253326377903246479,3.697619
2022-11-25,1,1754.417,1711.773958333333333333333333,1799.717845833333333333333333,True,False,盤整,False,1786.367,1616.477,0.01821117784426393497099036318,0.07862440913420241595926168066,4.798271428571428571428571429,0.4715449939428472877996114716,False,60.91220753609068456742413414,20.802437216047503179438844,22.32870788396571762423209046,-1.52627066791821444479324646,1734.44575,1815.029794852253476343679228,1653.861705147746523656320772,20.17383158592374493767300302,3.697619
2022-11-28,1,1741.108,1711.914733333333333333333333,1798.423258333333333333333333,True,False,盤整,False,1786.367,1616.477,0.02599436680550545974172768145,0.07158142975622419746506247746,2.446551879699248120300751880,0.2300480728905256408880233166,False,55.28229840764622104259799492,17.695643496913646021446334,20.96799514752072497971377782,-3.27235165060707895826744382,1743.5002,1802.326421005942579585085754,1684.673978994057420414914246,19.53825274500567803299355873,3.697619
2022-12-01,0,1802.098,1713.210025,1796.780975,True,True,偏多,False,1804.298,1616.477,0.001220799312800968648763829714,0.1030027223824675461600867433,0.6780744360902255639097744361,0.0425108801697824381557736799,True,70.48222770379252291751029437,20.316308214126878186709653,19.72398402495342380229147458,0.59232418917345438441817842,1756.81315,1794.740556245484280413712818,1718.885743754515719586287182,21.02423916937954615105205851,0.578183
2022-12-06,0,1770.798,1715.709916666666666666666667,1794.801179166666666666666667,True,False,盤整,False,1809.758,1616.477,0.02200138016871489577015560216,0.08714771532382575539389585938,1.142720300751879699248120301,0.1223779711483556343535649352,False,57.33366442656914013973712160,19.779434934929223179560588,20.62581406377837953169911409,-0.84637912884915635213852609,1763.9641,1801.635706309792525224815094,1726.292493690207474775184906,21.21143442619349275354534161,0.578183
2022-12-18,0,1790.965,1720.734083333333333333333333,1787.075241666666666666666667,True,True,偏多,False,1824.358,1616.477,0.01864525549075498404491433389,0.09742680621899367100976289319,2.227046616541353383458646617,0.4198019157799318553461735620,False,56.27838265643398036672669161,15.345166276800752399162838,17.88346184407121081018556256,-2.53829556727045841102272456,1781.5799,1821.219833768360410821358844,1741.939966231639589178641156,20.19030445597478775166078468,0.578183
2022-12-21,0,1814.845,1721.789783333333333333333333,1785.304766666666666666666667,True,True,偏多,False,1824.358,1616.477,0.005241769958315999437968531748,0.1093029983276808763282814786,1.535934586466165413533834586,0.2886099074139886616564087908,True,61.72942020814370517190846982,16.032859113817081512547464,16.63322358076335429642370314,-0.60036446694627278387623914,1790.22305,1823.194870189216124014344043,1757.251229810783875985655957,20.35882904146377867725901747,0.578183
2022-12-23,1,1798.198,1721.986708333333333333333333,1784.142004166666666666666667,True,True,偏多,False,1824.358,1616.477,0.01454789739505883111870884074,0.1010572806776561869160125859,0.7049992481203007518796992481,0.1014874618049207970418356805,False,55.49026228385436652967991147,13.766347675756362954042583,15.74119508098520347243467045,-1.97484740522884051839208745,1793.70505,1819.226672397292849219348048,1768.183427602707150780651952,20.78130667350703365539170384,3.697619
2022-12-26,1,1801.685,1722.213766666666666666666667,1783.644033333333333333333333,True,True,偏多,False,1824.358,1616.477,0.01258433077924276441220302106,0.1027971038222552776983767973,0.9515187969924812030075187970,0.1852565739286956734948503733,False,56.46601649432875809326700544,13.201860858285124731298029,15.23332823644518772420734216,-2.03146737816006299290931316,1793.6844,1819.179479967711417241237278,1768.189320032288582758762722,19.70885619682795982286372499,3.697619
2022-12-27,1,1812.335,1722.407941666666666666666667,1783.199854166666666666666667,True,True,偏多,False,1833.215,1616.477,0.01152104881271950274093917515,0.1080694242510352666587579007,1.274223308270676691729323308,0.3021254560079402190821005623,True,59.39393288408776192396869528,13.458723199488170286340923,14.87840722905378423663405833,-1.41968402956561395029313533,1794.43875,1821.173597183965723951152823,1767.703902816034276048847177,20.63322361134024840694488749,3.697619
2022-12-28,1,1805.695,1722.505666666666666666666667,1782.65905,True,True,偏多,False,1833.215,1616.477,0.01524066910524756395736821556,0.1047895685594743298286809234,1.503699248120300751879699248,0.4086906335565257084191155312,False,56.82771452618089873756627979,12.976906250863910589735316,14.49810703341580950725430986,-1.52120078255189891751899386,1794.7841,1821.910331311407782803021784,1767.657868688592217196978216,20.41013621053023066359168124,3.697619
2022-12-29,1,1814.895,1722.700391666666666666666667,1782.223016666666666666666667,True,True,偏多,False,1833.215,1616.477,0.01009424787659892170070444847,0.1093275368547491728171602214,1.386359398496240601503759398,0.3847150490594888435091454820,True,59.44244948099414216826337236,13.185432501931924666870692,14.23557212711903253917758629,-1.05013962518710787230689429,1797.071,1822.847981739528776723255303,1771.294018260471223276744697,20.08155505263521418762084686,3.697619
2022-12-30,1,1823.463,1722.989016666666666666666667,1781.712579166666666666666667,True,True,偏多,True,1833.215,1616.477,0.005348065740845852095710195381,0.1135125856680393295613895100,1.348551127819548872180451128,0.3791281976775715937292267194,True,61.76497414491420752169396561,13.882033610296529147055152,14.16486442375453186075309943,-0.28283081345800271369794743,1799.70425,1824.962321825656051055761253,1774.446178174343948944238747,19.55444397744698460279078637,3.697619
2023-01-06,1,1865.598,1725.481383333333333333333333,1779.6480875,True,True,偏多,False,1869.765,1664.557,0.002233600164665699684497946503,0.1077622295907264051526641860,2.993098496240601503759398496,0.6228827797151589319130281308,True,67.16619165058280465481897416,19.800677636197339572048884,16.53693091123531479091547209,3.26374672496202478113341191,1813.22965,1856.966113863805907828433150,1769.493186136194092171566850,21.96676172636071141139852339,3.697619
2023-01-08,0,1869.585,1726.408108333333333333333333,1779.379866666666666666666667,True,True,偏多,False,1869.808,1702.048,0.0001192778076418028599929930974,0.08961186573490908410155194869,3.740469924812030075187969925,0.7415450335119058886023352357,True,67.92179152666428217123126845,21.607552102474217603014641,17.55105514948309535333530587,4.05649695299112224967933513,1816.23015,1866.323862896031174502781250,1766.136437103968825497218750,20.77849303162066059629862886,0.578183
2023-01-09,0,1870.415,1727.44075,1779.103783333333333333333333,True,True,偏多,False,1881.445,1703.838,0.005897087010102036179136715649,0.08905884522953462199565337104,4.377878947368421052631578947,0.8379235806590490235613483475,True,68.08644177425074302078049602,22.843165406794002754306734,18.60947720094527683352959150,4.23368820584872592077714250,1819.37215,1874.527464207336358895641808,1764.216835792663641104358192,20.32788638650489912513444109,0.578183
2023-01-10,0,1877.165,1728.537641666666666666666667,1778.905395833333333333333333,True,True,偏多,False,1881.445,1728.137,0.002280033987422522793680896458,0.07938993109289806703193379378,4.526167669172932330827067669,0.8407656402405709199450458091,True,69.45934823110038986952389625,24.089379073633788810113283,19.70545757548297922884632980,4.38392149815080958126695320,1824.40665,1881.333739605125607545319936,1767.479560394874392454680064,19.79660878746883490191055244,0.578183
2023-01-12,1,1897.955,1730.986375,1778.5670375,True,True,偏多,False,1901.475,1728.137,0.001854627744071908975713333562,0.08947419722806915864707013601,5.169022556390977443609022556,0.8708140642679243295552059997,True,73.44199965585046592562860883,26.697352583251102783187765,21.91347654874593279356352775,4.78387603450516998962423725,1833.9685,1897.849474186372580709752963,1770.087525813627419290247037,20.41615247490935254297389471,3.697619
2023-01-13,1,1919.398,1732.390458333333333333333333,1778.562370833333333333333333,True,True,偏多,False,1921.798,1728.137,0.001250392050007346053293793158,0.09964634744852292229126007217,5.649809774436090225563909774,0.8617324877061524627318540108,True,76.85313360654559780514036048,29.617059179911560329507788,23.45419307497905830075237980,6.16286610493250202875540820,1840.58215,1910.771854325563304085229758,1770.392445674436695914770242,21.0716415838443987899043308,3.697619
2023-01-16,1,1917.845,1735.232933333333333333333333,1778.471579166666666666666667,True,True,偏多,False,1928.885,1728.137,0.005756461027872429732329776390,0.09891727433656004525913199450,6.9165,0.9595933099441847667883249017,True,75.77355598384860794350449899,32.453977476277299816164516,26.51962372398778366184648723,5.93435375228951615431802877,1850.71765,1932.144680289149069519008710,1769.290619710850930480991290,19.8186909574984867117032240,3.697619
2023-01-17,1,1908.558,1736.682133333333333333333333,1778.310829166666666666666667,True,True,偏多,False,1928.885,1728.137,0.01065044918729218603783589495,0.09453262620260950937828454781,6.838012030075187969924812030,0.9552551558780872293123495630,False,70.95643837947128582534881880,32.197726081446618972905553,27.65524419547955072405830038,4.54248188596706824884725262,1856.4748,1937.160391250482883227925574,1775.789208749517116772074426,19.49235588910573766086727943,3.697619
2023-01-20,1,1925.298,1741.618,1777.897054166666666666666667,True,True,偏多,False,1937.435,1728.137,0.006303959179306268432211532968,0.1024054458063115424209654817,6.608783458646616541353383459,0.9388188577539963024266730416,False,71.73490779674132149470211131,32.513424912102592017868881,29.90118611315490948537594286,2.61223879894768253249293814,1874.0473,1952.707752493231946828389993,1795.386847506768053171610007,20.88818691266957202657631666,3.697619
2023-01-23,1,1931.225,1745.368783333333333333333333,1777.514179166666666666666667,True,True,偏多,False,1937.435,1739.348,0.003215575606156714002770262398,0.09935507255757356082279382257,5.988539849624060150375939850,0.9162107302760222950601729475,False,72.96424300016540209409793416,32.020082000529805071761701,30.70259175252874922907070539,1.31749024800105584269099561,1885.9373,1958.089416881211461791822984,1813.785183118788538208177016,20.00041626653651873720100774,3.697619
2023-01-26,1,1930.655,1751.1226,1777.10775,True,True,偏多,False,1949.085,1739.348,0.009545983099000080283634310636,0.09908916921977256423338193515,5.061086466165413533834586466,0.8691942003924676028701875920,False,66.77920777822515736993439663,30.967405454736006537540685,31.17936117634579731242509461,-0.21195572160979077488440961,1902.26975,1964.875059605096595193373381,1839.664440394903404806626619,21.6715034757947272833930809,3.697619
2023-01-27,1,1927.598,1752.881516666666666666666667,1776.98665,True,True,偏多,False,1949.085,1740.057,0.01114703376948928147881456611,0.09729258901492946143334865465,4.670996240601503759398496241,0.8195046490935221406473961910,False,65.23995670693215383978859831,29.266430655122138317574338,30.79677507210106551345494329,-1.53034441697892719588060529,1905.91725,1965.423095097351571013928729,1846.411404902648428986071271,21.43732465609510390600786084,3.697619
2023-01-29,1,1928.875,1754.700825,1776.895095833333333333333333,True,True,偏多,False,1949.085,1744.717,0.01047761000583241526796707926,0.09547430497051390058972198821,3.843296992481203007518796992,0.7913568857610181756605163450,False,65.59669400779063477270402723,27.702106459924695828226638,30.17784134966579157640928223,-2.47573488974109574818264423,1910.72475,1960.549321656462838074978530,1860.900178343537161925021470,20.17387289494545362700729935,3.697619
2023-01-30,1,1921.985,1756.417883333333333333333333,1776.85875,True,True,偏多,False,1949.085,1766.0,0.01410000598339737302840552866,0.08115828167233355099025226524,3.291630075187969924812030075,0.6965657524546609352702288608,False,61.90515038899166403864649746,25.611173184941802757333407,29.26450771672099381259410718,-3.65333453177919105526070018,1913.5441,1959.027799673179621415896685,1868.060400326820378584103315,19.72145340244934979650677797,3.697619
2023-01-31,1,1927.198,1758.158408333333333333333333,1776.836625,True,True,偏多,False,1949.085,1766.0,0.01135690261197863426591351797,0.08364371486479334245884439482,2.792594736842105263157894737,0.6150523975024668599237408063,False,63.57537297472385814259952288,24.096964229500028382618386,28.23099901927680072659896294,-4.13403478977677234398057694,1916.42475,1957.490303213733770422108712,1875.359196786266229577891288,20.4794210165601105253277224,3.697619
2023-02-01,1,1952.985,1760.056991666666666666666667,1777.0604875,True,True,偏多,False,1956.025,1766.0,0.001556591576484202387627145114,0.09574318287134821824028346352,2.588414285714285714285714286,0.6094337837732864545452087869,True,70.47204067966136323102487704,24.693091523903196284108117,27.52341752020207983810079375,-2.83032599629888355399267675,1920.55325,1958.791353623872353327560297,1882.315146376127646672439703,21.55874808680581691637574223,3.697619
2023-02-02,1,1915.025,1761.831666666666666666666667,1777.096204166666666666666667,True,True,偏多,False,1959.625,1766.0,0.02328951319173378937611780525,0.07781882743045129959138914636,1.824361654135338345864661654,0.4108537500298360961643029338,False,54.20254953840248146813982107,21.850591922379715907393712,26.38885240063760705195937740,-4.53826047825789114456566540,1922.44625,1955.270372756747056742810853,1889.622127243252943257189147,23.47598036631968713663461779,3.697619
2023-02-03,1,1864.548,1763.2247,1777.00885,True,True,偏多,False,1959.625,1767.118,0.05099198304361164207089332106,0.05225395109163185930316623654,0.2772240601503759398496240602,0.0076826749798056413455951648,False,40.73527322251432640359436401,15.347897454834200331251158,24.18066141147692570781773352,-8.83276395664272537656657552,1921.8314,1958.306837529384071803615465,1885.355962470615928196384535,25.88698176872542376973214509,3.697619
2023-02-07,1,1872.865,1768.163316666666666666666667,1776.669020833333333333333333,True,True,偏多,False,1959.625,1773.608,0.04632474844689820141868207265,0.05299741305433119845797748369,-2.310459398496240601503759398,0.2597138022423411240238553135,False,43.50696048460113627729316275,3.388070585567948933037585,15.34904267344494586409517193,-11.96097208787699693105758693,1915.45825,1967.743193901184402054972820,1863.173306098815597945027180,23.95094640885195190309822258,3.697619
2023-02-08,1,1874.855,1769.823483333333333333333333,1776.718008333333333333333333,True,True,偏多,False,1959.625,1773.608,0.04521416322862301351304500881,0.05400257619922607348301601991,-2.852820300751879699248120301,0.3556162428997298651512878229,False,44.20765959366125938314751902,1.305353047666997929388663,12.54030474828935627715387014,-11.23495170062235834776520714,1913.30875,1968.479570410340102173766862,1858.137929589659897826233138,23.48637880821966962430549239,3.697619
2023-02-09,0,1862.305,1771.457016666666666666666667,1776.693120833333333333333333,True,True,偏多,False,1959.625,1773.608,0.05225782028185501300807332848,0.04762753684278353975315536392,-3.656457142857142857142857143,0.5025643020296413711512610251,False,40.77299327159594552221670054,-1.342421126445336878933297,9.763759573342417645936436712,-11.10618069978775452486973371,1910.9961,1970.478774808384331767892379,1851.513425191615668232107621,24.04042317906112179399795722,0.578183
2023-02-19,0,1838.595,1784.654658333333333333333333,1776.243754166666666666666667,True,True,偏多,False,1959.625,1784.627,0.06582743888675863906950687889,0.02935284823465744223170410014,-5.508526315789473684210526316,0.8032496120339498091846742165,True,36.19305947479706876035978036,-13.882634170750785684726445,-7.374125829570929323143413994,-6.508508341179856361583031006,1878.4834,1949.365403869529535190465677,1807.601396130470464809534323,21.14424010359624254056452844,0.578183
2023-02-22,0,1825.055,1788.631191666666666666666667,1776.461066666666666666666667,True,True,偏多,False,1959.625,1796.905,0.07373476415779250488341447244,0.01542419269556259948330324292,-4.755656390977443609022556391,0.7328249006603175409185991946,True,32.69734816768042416206545747,-15.538825808974839900731567,-11.00300778309817487824664322,-4.53581802587666502248492378,1864.66875,1928.736014283329594968534481,1800.601485716670405031465519,20.07177168644349302537181814,0.578183
2023-02-26,0,1811.625,1791.047091666666666666666667,1776.3489625,True,True,偏多,False,1959.625,1804.205,0.08169461119160974263437521562,0.004095770371903677637480162837,-3.174615037593984962406015038,0.8799530335951839045668354251,False,29.33461033252246805021245403,-18.575845431419093931784972,-14.27654609625311020195711867,-4.29929933516598372982785333,1847.1786,1886.207574766959995051014741,1808.149625233040004948985259,18.53705116440100370872517656,0.578183
2023-03-01,0,1836.475,1794.530016666666666666666667,1776.070883333333333333333333,True,True,偏多,False,1959.625,1804.594,0.06705781456322574497338651493,0.01735988782858465266339046271,-2.967319548872180451127819549,0.8010445912713145890443653642,True,44.27785256494174243159787492,-15.944108423553002775726926,-15.71047218099900551623866862,-0.23363624255399725948825738,1841.20645,1879.441511409523066175974693,1802.971388590476933824025307,18.96227274350911266329052949,0.578183
2023-03-16,0,1921.265,1817.721566666666666666666667,1776.819641666666666666666667,True,True,偏多,True,1959.625,1804.594,0.01996601197648424345418253078,0.06072613616549512951102528803,5.223859398496240601503759398,0.6682780997083902138899391457,True,68.09132665754696015207491607,14.128756925009856100027406,2.202328971582339168422900778,11.92642795342751693160450522,1850.22095,1923.916062346681445302722218,1776.525837653318554697277782,24.38610264834347968292251834,0.578183
2023-03-19,0,1976.895,1823.018291666666666666666667,1777.924875,True,True,偏多,False,1990.548,1804.594,0.006906284855796590107213584940,0.08715738569827937245023129706,7.928803007518796992481203008,0.7498641780490354105916125240,True,73.70581292613445600065473861,26.660194439105353570361173,10.22665364892732135889293830,16.43354079017803221146823470,1866.0471,1971.641805840586534587194869,1760.452394159413465412805131,26.84853238556146972660155919,0.578183
2023-03-20,0,1976.525,1825.785183333333333333333333,1778.364404166666666666666667,True,True,偏多,False,2009.695,1804.594,0.01678197847231884241282048039,0.08698650409177723529932583701,8.632604511278195488721804511,0.7802547195355213809576641557,True,73.57188285154440896598780853,30.148785439352520542006428,14.21108000701236119551563624,15.93770543234015934649079176,1874.3401,1987.046729721414347684737066,1761.633470278585652315262934,28.06985150087850760327287639,0.578183
2023-03-23,0,1991.205,1833.964275,1780.011325,True,True,偏多,False,2009.695,1804.594,0.009285834457024766410289246964,0.09371762324823410949651090671,9.352437593984962406015037594,0.8164676710623240337532598542,True,69.78688650990454793370160137,34.007946614443233374712704,22.92801144889230559360239302,11.07993516555092778111031098,1896.8236,2016.189738026493929121247400,1777.457461973506070878752600,31.13542374177481093454464629,0.578183
2023-03-26,0,1975.665,1839.718333333333333333333333,1781.133454166666666666666667,True,True,偏多,False,2009.695,1804.594,0.01722458007810028522041945370,0.08658907254013205680112772155,9.540056390977443609022556391,0.8289569442196246551656513682,False,65.15620595726290957280699823,34.471324326970422904681811,27.10302541654072482131502798,7.36829891042969808336678302,1910.79425,2031.634266330477214976472737,1789.954233669522785023527263,29.45164087938746453029614909,0.578183
2023-03-27,1,1958.035,1842.025725,1781.630358333333333333333333,True,True,偏多,False,2009.695,1804.594,0.02638359375598495430367690057,0.07836478918916158291348213898,9.346562406015037593984962406,0.8102711321198146358949146415,False,59.97921898796501997974955882,32.577006062318664633971188,28.19782154569631278384625998,4.37918451662235185012492802,1915.9061,2035.652522469984463415176631,1796.159677530015536584823369,29.82795224514550277813213844,3.697619
2023-03-28,1,1971.835,1844.519958333333333333333333,1782.186679166666666666666667,True,True,偏多,False,2009.695,1804.594,0.01920038948492140569570983373,0.08481490591251296381289509518,9.140529323308270676691729323,0.7930651040854228620257303958,False,62.49146867744755380727278056,31.822460344288726790719604,28.92274930541479558522092878,2.89971103887393120549867522,1921.8851,2040.255399463843547378591836,1803.514800536156452621408164,29.56309851334939543683698569,3.697619
2023-03-29,1,1963.145,1846.930183333333333333333333,1782.704,True,True,偏多,False,2009.695,1804.594,0.02371195199539514401636150157,0.08076377445374641200726385468,8.535796992481203007518796992,0.7413410901906167481571384086,False,59.93983594378922032967815019,30.175423552734915354659593,29.17328415487881953910866162,1.00213939785609581555093138,1927.7296,2042.059773351394862651531414,1813.399426648605137348468586,28.4628771909672957627772010,3.697619
2023-03-30,1,1978.385,1849.155333333333333333333333,1783.31675,True,True,偏多,False,2009.695,1804.594,0.01582603992650571046585977957,0.08784488357928310212622922232,7.461583458646616541353383459,0.6906897593264612622693029270,False,62.80795616995510376752324525,29.756857137098910208405628,29.28999875132283767296805490,0.46685838577607253543757310,1935.9556,2039.497305209833201780722210,1832.413894790166798219277790,28.50060024875534606543597236,3.697619
2023-03-31,1,1968.748,1851.342,1783.868083333333333333333333,True,True,偏多,False,2009.695,1804.594,0.02079849731910838766566366036,0.08337989422719413556229644424,6.022984210526315789473684211,0.6199477462856214389675212829,False,59.88806615126558460813603887,28.321047470864445661244765,29.09620849523115927062339692,-0.77516102436671360937863192,1943.63425,2031.852817698359283665842764,1855.415682301640716334157236,27.94562880241567848933340291,3.697619
2023-04-02,0,1956.995,1853.049641666666666666666667,1784.4203625,True,True,偏多,False,2009.695,1804.594,0.02692904171957516498509193943,0.07787500734544544058620487022,4.441969172932330827067669173,0.5103646615961932507484335314,False,56.44183414909769199787061672,25.935817134403090866047567,28.46413022306554558970823094,-2.52831308866245472366066394,1949.91325,2021.620169029825845669860805,1878.206330970174154330139195,27.05694103081455859723815984,0.578183
2023-04-14,1,2003.498,1873.854816666666666666666667,1792.6538125,True,True,偏多,False,2048.538,1804.594,0.02248068128842654197808033749,0.09927836214460907872131641759,2.875187969924812030075187970,0.5174690211217347786621446949,False,57.04039929202274337387981936,26.833915111332519881390732,28.04543608816917783212607210,-1.21152097683665795073534010,1990.4148,2036.509382469526719859881356,1944.320217530473280140118644,28.98982180868357056385590554,3.697619
2023-04-17,1,1993.905,1877.932025,1794.800579166666666666666667,True,True,偏多,False,2048.538,1804.594,0.02740000150458522346852031566,0.09494484441334968315942835792,2.734651127819548872180451128,0.4833851471985403329623984901,False,54.42200124598864078029374519,22.400758025134827350169075,26.41381532459061352498467394,-4.01305729945578617481559894,1992.2103,2037.571141094935618488502322,1946.849458905064381511497678,27.88083615136491543516146957,3.697619
2023-04-18,1,2005.608,1880.025283333333333333333333,1795.899620833333333333333333,True,True,偏多,False,2048.538,1804.594,0.02140498043486065073533811193,0.1002259663902417620990741960,2.701484210526315789473684211,0.4745407901657582732976383383,False,57.02782306407575410766285284,21.118093078689282429336340,25.35467087541034730585500715,-4.23657779672106487651866715,1993.5913,2038.817643765995499716292498,1948.364956234004500283707502,27.35741928341027861836422174,3.697619
2023-04-19,1,1993.635,1882.0496,1796.948816666666666666666667,True,True,偏多,False,2048.538,1804.594,0.02753914332362744434161719673,0.09482227188025892402571182789,2.419061654135338345864661654,0.3934922267547945882868478271,False,53.64844293240765254368656260,18.917383014338051708691475,24.06721330319588818642230072,-5.14983028885783647773082572,1994.4898,2038.963645089445549311055674,1950.015954910554450688944326,28.18117504888097300276677733,3.697619
2023-04-20,1,2005.195,1884.250325,1798.082529166666666666666667,True,True,偏多,False,2048.538,1804.594,0.02161535411767932794566114518,0.1000406444261031969459329392,1.996390977443609022556390977,0.3094803913375305938758891886,False,56.33865722619687319599810989,17.899762502218562663072945,22.83372314300042308175242958,-4.93396064078186041867948458,1996.8478,2038.233933110499705152324997,1955.461666889500294847675003,27.73037683110376064542629324,3.697619
2023-04-21,1,1982.248,1886.19635,1799.1534875,True,True,偏多,False,2048.538,1804.594,0.03344182968024182645158426191,0.08962248921426582344893272688,1.392883458646616541353383459,0.1583793911518150911314853904,False,50.12013048806018966229801703,15.067965662213623238009164,21.28057164684306311300377646,-6.21260598462943987499461246,1997.36845,2037.732177620104662479138851,1957.004722379895337520861149,28.17320705745349202789584372,3.697619
2023-04-24,1,1994.935,1889.564633333333333333333333,1801.387329166666666666666667,True,True,偏多,False,2048.538,1804.594,0.02686954712810191810760751603,0.09541213122232052673395373784,0.3034052631578947368421052632,0.0091216304918693915678739974,False,53.37616996605922579811770546,11.817581169878493569422938,18.04158280763013952635362102,-6.22400163775164595693068302,1999.26895,2035.905341642600394059894349,1962.632558357399605940105651,26.21660200362061302405304893,3.697619
2023-05-18,0,1958.295,1926.806083333333333333333333,1824.6070125,True,True,偏多,False,2079.778,1934.175,0.06203508664424920658021391057,0.01231683684021048922659762702,-0.2735127819548872180451127820,0.0044587465009845294742015146,False,36.89993283260228425442245096,-1.314636293869760992943069,6.352523422771371573081373139,-7.667159716641132566024442139,2007.7436,2054.982204189370371361300838,1960.504995810629628638699162,25.3706059608601401953140334,0.578183
2023-06-08,0,1965.275,1940.4916,1839.2845625,True,True,偏多,False,2079.778,1931.905,0.05826309295136812914223200315,0.01697981198559997964661434150,-0.9143421052631578947368421053,0.1528238762694709867862165594,True,48.71811303855727374486827484,-9.200924608041896798725377,-10.44336022640033967880569382,1.24243561835844288008031682,1960.36275,1987.336351330745585111297485,1933.389148669254414888702515,22.72383240733955894961743536,0.578183
2023-06-15,0,1958.125,1941.552433333333333333333333,1845.3905125,True,True,偏多,False,2079.778,1924.898,0.06212729013724864347270986275,0.01696878391318225343121608682,0.2606338345864661654135338346,0.0229106935748178739269133391,True,47.78918059635167680838536129,-7.503583550172259125254725,-8.517556947752333184741807995,1.013973397580074059487082995,1954.56325,1974.421340964390308180477918,1934.705159035609691819522082,22.33575127487779448747492322,0.578183
2023-06-16,0,1957.358,1941.774958333333333333333333,1846.448779166666666666666667,True,True,偏多,False,2079.778,1924.898,0.06254348974484994569210129164,0.01658357847670175818628988667,0.3819022556390977443609022556,0.0496693037951310862861854944,False,47.50817702380480722559098499,-6.829966469319914496874811,-8.180038852065849447168408596,1.350072382745934950293597596,1954.4454,1974.207541639002590652391589,1934.683258360997409347608411,21.78748332667223773836957156,0.578183
2023-06-19,0,1952.385,1942.216183333333333333333333,1848.458504166666666666666667,True,True,偏多,False,2079.778,1924.898,0.06524993789647021463492087882,0.01407867812956973137982518817,0.007106015037593984962406015038,0.0000201506082843146275452876,False,45.50546392470236446647483517,-6.095566073394665059725591,-7.454359808830531043368720982,1.358793735435865983643129982,1955.60375,1973.859843962017176252414813,1937.347656037982823747585187,19.72149327656942947849213058,0.578183
2023-06-28,0,1909.498,1943.7966,1855.979958333333333333333333,False,True,盤整,False,2079.778,1902.695,0.08917527014953668451079812600,0.003562716483599354385288698915,-2.702497744360902255639097744,0.7368660018926642022299816270,False,33.61296108278046117073043236,-13.891749281184659656280189,-11.24011769864314362465256557,-2.65163158254151603162762343,1942.2771,1978.584646399612298780947777,1905.969553600387701219052223,18.89595080406032846678667853,0.578183
2023-07-02,0,1918.105,1945.000016666666666666666667,1859.052516666666666666666667,False,True,盤整,False,2052.925,1892.915,0.07028812291297921646625184753,0.01313275342069386191058362290,-2.923002255639097744360902256,0.8062503005909221458164936405,True,39.45481778199270152053810640,-13.457668275718611345727490,-12.53292905130410183584247516,-0.92473922441450950988501484,1935.94175,1973.483976555573392096385094,1898.399523444426607903614906,18.01049924071448310551396965,0.578183
2023-07-11,0,1933.235,1950.147575,1868.1581875,False,True,盤整,False,2022.114,1892.915,0.04597423489643007704702221923,0.02085623320496473527532865896,-0.5024135338345864661654135338,0.0819850622439992533081943472,True,50.98975602631994128710921416,-6.855161976906942285529880,-9.839544598407478795893622768,2.984382621500536510363742768,1922.9511,1943.186872344044592952354821,1902.715327655955407047645179,17.33875971328789814443726946,0.578183
2023-07-19,1,1977.695,1958.378041666666666666666667,1875.760375,True,True,偏多,False,1985.194,1892.915,0.003791787914718902560809427136,0.04286808633282685146091788673,3.437952631578947368421052632,0.8158768425480524499268433256,True,68.05087981608665648227659474,7.682644309020070796822884,0.796188834519112904734261096,6.886455474500957892088622904,1934.47225,1978.367083485844322086329554,1890.577416514155677913670446,16.64607702618595054586640491,3.697619
2023-07-20,1,1972.115,1959.508375,1877.019195833333333333333333,True,True,偏多,False,1987.385,1892.915,0.007742956166349325470370642686,0.04015992982153677650644105440,3.674328571428571428571428571,0.8529705305695813737086601295,False,64.16579633851979053616366515,8.706629514384611359588655,2.378276970492212595705139877,6.328352543892398763883515123,1937.30875,1983.190164328135090739873037,1891.427335671864909260126963,17.04185723860123979259023313,3.697619
2023-07-21,1,1961.428,1960.5389,1878.258666666666666666666667,True,True,偏多,False,1987.385,1892.915,0.01323372563254934670046517129,0.03493016312604898064063529225,3.579772180451127819548872180,0.8355558167060720590454093798,False,57.40604763498751873420340084,8.557152059734213095549430,3.614051988340612695673997902,4.943100071393600399875432098,1939.90525,1985.069362000016118992885322,1894.741137999983881007114678,17.04079600727257980740521648,3.697619
2023-07-24,1,1954.345,1962.266566666666666666666667,1880.665291666666666666666667,False,True,盤整,False,1987.385,1892.915,0.01690591988620228260619286769,0.03143252598696750062041246556,3.193519548872180451127819549,0.7469129436032489932043807221,False,53.12179473094057744876370110,7.489632490620032362992165,5.140617988188568362636567978,2.349014502431464000355597022,1944.26575,1986.880545303391989894041500,1901.650954696608010105958500,15.90191084300543871148715094,3.697619
2023-07-25,1,1965.235,1963.258066666666666666666667,1882.0053625,True,True,偏多,False,1987.385,1892.915,0.01127091670970647276279935987,0.03679967026844117879032278582,3.080015789473684210526315789,0.7230921086350943384873223713,False,58.29602367269859064314238159,7.629779480888513807747806,5.638450286728557451658815582,1.991329194159956356088990418,1946.62225,1988.393930966295814129003186,1904.850569033704185870996814,15.78227435421933594638092587,3.697619
2023-08-09,0,1916.535,1967.765708333333333333333333,1898.024058333333333333333333,False,True,盤整,False,1987.385,1892.915,0.03696775691547506306954999517,0.01232432488840537741288314589,-2.581261654135338345864661654,0.7971815112993792293160818218,False,36.02574797641494027792686127,-4.988003550052641766483951,-0.2875448134544857110241293116,-4.700458736598156055459821688,1952.8661,1986.207147589420461999641448,1919.525052410579538000358552,16.39852833016524552476445017,0.578183
2023-08-11,0,1913.378,1966.64015,1900.3022125,False,True,盤整,False,1987.385,1892.915,0.03867871377218719981101486481,0.01069469806802419595082623507,-2.847480451127819548872180451,0.8039826183731013135886674809,False,35.28687914008239815324861130,-8.065943950428917654397965,-2.885992082366114600076970800,-5.179951868062803054320994200,1946.39625,1983.020036351905232792736217,1909.772463648094767207263783,16.06257289692819639635302081,0.578183
2023-08-14,0,1907.505,1965.535291666666666666666667,1902.6268125,False,True,盤整,False,1987.385,1892.915,0.04187669232846047585720614101,0.007648734865701531581830716040,-3.140613533834586466165413534,0.8434082439639576453745861366,False,33.07544684943257741803493209,-10.019011202950526302807821,-5.282381229536852582037188392,-4.736629973413673720770632608,1940.7726,1980.211191609741846865356830,1901.334008390258153134643170,15.02859601826972036216153325,0.578183
2023-08-27,0,1914.905,1957.915258333333333333333333,1910.400666666666666666666667,False,True,盤整,False,1987.385,1884.755,0.03785044166681898057605990898,0.01574490640527859084393220551,-1.601324060150375939849624060,0.3263537052028964057781156803,True,47.56252845441067421516530905,-8.097077950123790165203405,-10.83528889619297213546134627,2.73821094606918197025794127,1911.65025,1943.976905545385452075921692,1879.323594454614547924078308,13.84554325925124001160490829,0.578183
2023-09-01,0,1939.238,1954.768008333333333333333333,1914.3114125,False,True,盤整,False,1987.385,1884.755,0.02482779318474576096384249896,0.02809505589308790359924877710,1.947603007518796992481203008,0.4435031503426289892585558944,True,60.30587077701542263588301210,1.511706155347074735778985,-4.367468030766783674745221319,5.879174186113858410524206319,1912.4286,1946.155614741301964212891747,1878.701585258698035787108253,14.41076380629568531272092956,0.578183
2023-09-08,0,1918.258,1951.239283333333333333333333,1918.717816666666666666666667,False,False,偏空,False,1987.385,1884.755,0.03603634130549696651858092081,0.01746532531077675682833070421,2.168947368421052631578947368,0.5053828722099932782075361210,False,45.52104253301411745212247986,0.276430405747598669184508,-0.01366364795398684315140501152,0.2900940537015855123359130115,1918.3604,1953.545968663302857012700774,1883.174831336697142987299226,12.8419343513467855826187958,0.578183
2023-09-18,0,1934.055,1946.541675,1923.154108333333333333333333,False,True,盤整,False,1982.085,1884.755,0.02483383357763869176419491690,0.02549048501723063718456817412,-0.8063992481203007518796992481,0.1856518567471219424472660398,True,58.28747175971240944552619664,-0.441595109458519001274270,-1.215815638728902405334776510,0.774220529270383404060506510,1925.36375,1946.947469391013218044319964,1903.780030608986781955680036,12.12058436459280852963720269,0.578183
2023-09-20,0,1929.308,1944.817033333333333333333333,1924.280683333333333333333333,False,True,盤整,False,1982.085,1884.755,0.02735540411380660837979213272,0.02309273584103730456723343292,-0.9213037593984962406015037594,0.2539155001533925556928826243,True,54.48739547507192731468367683,0.798605881882273653035825,-0.5630778717824967440186287664,1.361683753664770397054453766,1926.5919,1947.677407448482239456316628,1905.506392551517760543683372,12.34499366130706449749330232,0.578183
2023-09-21,0,1921.295,1943.746533333333333333333333,1924.861433333333333333333333,False,False,偏空,False,1982.085,1884.755,0.03164011773309148256774727462,0.01901842247026094379051629240,-0.8464511278195488721804511278,0.2216939684031936541583047513,True,48.49304319377949043122901343,0.505078404422163570749608,-0.3494466165415646810649814132,0.8545250209637282518145894132,1925.8504,1946.582856828846888979598814,1905.117943171153111020401186,12.65013697121370274767235216,0.578183
2023-10-01,0,1848.285,1935.0052,1927.825404166666666666666667,False,False,偏空,False,1952.905,1845.595,0.05660382462661331991548922379,0.001455403252204070259727260677,-2.901375187969924812030075188,0.4241723209461307337655324015,False,20.72761636613928911831632062,-15.323767157557341967095920,-6.784338727346626097541049010,-8.539428430210715869554870990,1907.99075,1959.366544424514741512191853,1856.614955575485258487808147,14.52650579021566479717711697,0.578183
2023-10-05,0,1821.138,1929.561641666666666666666667,1928.1838625,False,False,偏空,False,1952.905,1812.924,0.07235420929111357843282606810,0.004510366594953265485646886727,-6.282609774436090225563909774,0.7604350712099935152814274429,False,16.14593153406660198932962226,-26.170720091262211844521006,-16.80176234824729126007562982,-9.36895774301492058444537618,1889.00475,1972.092086464409544821149246,1805.917413535590455178850754,15.61503815791205753519824129,0.578183
2023-10-13,0,1932.738,1923.99675,1929.36655,True,True,偏多,True,1952.905,1810.288,0.01043441997828986650027060057,0.06335571608774702003065081765,-2.505669172932330827067669173,0.1509886216486668190957106455,True,66.76159095503249992441897574,-7.702672392997483839565218,-16.39188917192665514486558998,8.68921677892917130530037198,1870.0759,1944.442416763661857016540671,1795.709383236338142983459329,20.03175560875382177555130832,0.578183
2023-10-15,0,1925.765,1923.848,1929.617245833333333333333333,True,False,盤整,False,1952.905,1810.288,0.01409310066389201174598146711,0.05996422201047375977858149878,-0.9013879699248120300751879699,0.0192085395511306549580591701,True,63.95217202094682896939749269,-2.769454391499650755827189,-13.66740221584125426705790978,10.89794782434160351123072078,1870.2994,1945.304432746876392521075481,1795.294367253123607478924519,19.43691592241426307729764344,0.578183
2023-10-19,0,1977.035,1923.254891666666666666666667,1930.774216666666666666666667,True,True,偏多,True,1982.205,1810.288,0.002615027048079573705068448459,0.08434195651569142680832661030,6.156906766917293233082706767,0.6031816473870616833910205836,True,72.99034669632192320977047487,13.607505217172660778992223,-1.043912120718619019090838136,14.65141733789127979808306114,1875.5279,1966.952767192465748749500153,1784.103032807534251250499847,21.86915206320475238834594946,0.578183
2023-10-25,0,1982.895,1924.215558333333333333333333,1932.1099125,True,True,偏多,False,1997.135,1810.288,0.007181419086739338189868853368,0.08704797783039444852097564420,9.920288721804511278195488722,0.9416204699425916918922811739,False,71.69563383852954472859883447,25.132916210478087887012330,14.93317575255677540912507651,10.19974045792131247788725349,1906.3174,2024.216960744559180058142827,1788.417839255440819941857173,22.02209352688515597765464654,0.578183
2023-11-01,0,1985.025,1926.065308333333333333333333,1933.7674125,True,True,偏多,False,2009.395,1810.288,0.01227692346443999445850807924,0.08802760670520522411556529515,6.747315789473684210526315789,0.7953553198385803327333833630,False,65.04192982694825570593449653,26.888606179498820909912976,24.59464849844042695059951845,2.29395768105839395931345755,1953.6666,2040.918775038562792265710918,1866.414424961437207734289082,21.9614893502615583270134105,0.578183
2023-11-16,0,1982.505,1929.724166666666666666666667,1936.901091666666666666666667,True,True,偏多,False,2009.395,1810.288,0.01356364801097601267083815678,0.08686838116423413812323298050,-2.441041353383458646616541353,0.5141813085127112376074789622,True,59.57034562131082350549292449,5.775969221415933105411811,9.325940304190160776068177088,-3.549971082774227670656366088,1974.51975,2013.779073768373800149351827,1935.260426231626199850648173,21.33025637871294347581483881,0.578183
2023-11-17,0,1980.398,1930.231333333333333333333333,1937.393145833333333333333333,True,True,偏多,False,2009.395,1810.288,0.01464200630378338091636125668,0.08589687527456602157748089020,-2.224825563909774436090225564,0.4291271108018229322641942843,True,58.62759696452251297021584315,6.667930553864788136236767,8.794338354125086248101895070,-2.126407800260298111865128070,1974.3949,2013.562666782904536693010350,1935.227133217095463306989650,20.86788092309059037039949318,0.578183
2023-11-24,0,2000.505,1933.750,1940.86305,True,True,偏多,False,2009.395,1810.288,0.004443877920824991689598376410,0.09508449116598058990104998488,1.090088721804511278195488722,0.1109210140136016970964437817,True,62.77832496751748650001511713,11.365342213375475081995745,9.502029547462000277936263273,1.863312665913474804059481727,1973.5479,2011.294753129234495168358078,1935.801046870765504831641922,18.91657510363214538255180761,0.578183
2023-11-28,0,2044.315,1936.074858333333333333333333,1943.111216666666666666666667,True,True,偏多,False,2044.425,1810.288,0.00005380775467577159097301541103,0.1144769763955163465512897963,3.724551879699248120300751880,0.6818256237757438249410250330,True,73.81289958098601577181672520,16.857121629731948774046407,11.95107740882583435634972711,4.90604422090611441769667989,1978.3664,2030.385542543490660655436241,1926.347257456509339344563759,18.74776986249264701365390719,0.578183
2023-12-06,0,2027.025,1941.219333333333333333333333,1949.7986875,True,True,偏多,False,2145.135,1852.888,0.05826765826765826765826765827,0.08590767257433924100590767257,5.285121804511278195488721805,0.6420636118054348697856814200,False,54.13358782572264534022013525,22.029221778496685072004058,21.70353063583078175064125159,0.32569114266590332136280641,2012.0271,2088.093312535921623866244405,1935.960887464078376133755595,28.06367739987760508854028254,0.578183
2023-12-20,0,2032.115,1947.124725,1957.970120833333333333333333,True,True,偏多,False,2145.135,1931.515,0.05561693112840562665006655627,0.04950507230151836879310472094,-1.883753383458646616541353383,0.1454847519689553346666572108,True,54.44196719951538403813381975,8.432405452139911296454522,9.301028288910339474152885631,-0.868622836770428177698363631,2030.3968,2087.353015803369521259421929,1973.440584196630478740578071,25.27400252356092722056878409,0.578183
2023-12-22,0,2052.908,1949.018641666666666666666667,1959.066841666666666666666667,True,True,偏多,True,2145.135,1931.515,0.04492505265701141989801783616,0.05913221634871119407201881429,-0.8227962406015037593984962406,0.0267485459151696827547292601,True,58.94524743574239897866958304,11.237865687823373788119011,9.809717636233074607873871884,1.428148051590299180245139116,2031.26295,2089.281654885493609232473273,1973.244245114506390767526727,25.0166144208254933687557373,0.578183
2023-12-27,0,2079.435,1952.305808333333333333333333,1960.146175,True,True,偏多,False,2145.135,1931.515,0.03159512079002228970850254997,0.07113470726423283247612933321,2.806418796992481203007518797,0.4494333817220496834289705254,True,64.68971099579370245916139305,15.769749653635895399371080,11.92501440401789222809087783,3.84473524961800317128020217,2029.79645,2078.074046180733771078155010,1981.518853819266228921844990,22.99510491346705864838059579,0.578183
2023-12-29,1,2062.688,1954.809916666666666666666667,1961.0493125,True,True,偏多,False,2145.135,1931.515,0.03997065964411486371181681379,0.06359323368342667432011045781,3.646893233082706766917293233,0.6472408274860291325148842184,False,58.76047846796631510810386339,16.046595886880004068338240,13.43428333126443001657539669,2.61231255561557405176284331,2033.6221,2085.899733205415870280549238,1981.344466794584129719450762,22.59450882844863730396081984,3.697619
2024-01-02,1,2059.455,1957.277641666666666666666667,1961.690466666666666666666667,True,True,偏多,False,2145.135,1931.515,0.04160323969205445129900871833,0.06212323163166954364140027337,4.196684210526315789473684211,0.7847134507131264375523906563,False,57.40349874918668492987845218,15.117594837552326028237079,14.15151037202719046248183832,0.96608446552513556575524068,2037.0236,2091.659306450635375672895654,1982.387893549364624327104346,21.40326526534601889984376813,3.697619
2024-01-04,1,2044.098,1959.5955,1962.3291875,True,True,偏多,False,2145.135,1931.515,0.04942864774585171552440245037,0.05507710491375658114239141176,3.333855639097744360902255639,0.5794613091043374170003010272,False,51.83620773544298684748917206,11.429795113650191603065126,13.43566203773241948616823277,-2.00586692408222788310310677,2040.8056,2091.313625280741277462188782,1990.297574719258722537811218,21.84750933593610813302855517,3.697619
2024-01-08,1,2030.665,1963.317141666666666666666667,1963.1910625,True,True,偏多,False,2145.135,1931.515,0.05637069629899564920851051257,0.04882636968677748422314857448,1.058357894736842105263157895,0.1401031402183049638955108129,False,46.62444662652262247241023920,6.708415456601354398731516,10.93259803555823059790343778,-4.22418257895687619917192178,2046.9126,2079.521371644451742518630211,2014.303828355548257481369789,22.25048870665146850155383954,3.697619
2024-01-11,0,2035.125,1966.728808333333333333333333,1963.948954166666666666666667,True,True,偏多,True,2145.135,1931.515,0.05405564768748848350838400590,0.05091087771021436029727903691,-0.7084255639097744360902255639,0.0767239434924989617446195902,False,48.93371345964535606676068484,2.448588703048927570975835,7.230071459353055332966976967,-4.781482756304127761991141967,2047.9231,2077.418520131945908595135740,2018.427679868054091404864260,22.29098931797131060419598596,0.578183
2024-01-12,1,2048.675,1967.819391666666666666666667,1964.061120833333333333333333,True,True,偏多,False,2145.135,1937.978,0.04708409093682502105019097709,0.05403346065139663441004551722,-1.019601503759398496240601504,0.1766991080215726016349422174,True,54.45309014741493701101341536,2.922306090692135442664696,6.368518385620871354906520774,-3.446212294928735912241824774,2048.9801,2076.953104113966737126473489,2021.007095886033262873526511,22.99663293811621698961055839,3.697619
2024-01-14,0,2047.505,1968.916891666666666666666667,1964.1750375,True,True,偏多,False,2145.135,1955.325,0.04768242324194568511432206515,0.04502064708022691031279532895,-1.168807518796992481203007519,0.2361755693068973058655850710,True,53.91125589458041874965012993,3.166816225276504738800816,5.728177953551998031685379819,-2.561361728275493292884563819,2049.3121,2077.048579184640576871849116,2021.575620815359423128150884,21.52830201396505863320980422,0.578183
2024-01-16,1,2028.045,1971.019033333333333333333333,1964.467145833333333333333333,True,True,偏多,False,2145.135,1965.355,0.05773540527946865084354637101,0.03091154288982739534872253821,-1.658339849624060150375939850,0.4557898681885894882742077040,False,45.49983172299801177872217130,2.247445844937710505480230,4.728649220939065263392383004,-2.481203376001354757912153004,2049.1696,2077.497672411655544905062942,2020.841527588344455094937058,21.5757808181637495357778414,3.697619
2024-01-25,1,2020.565,1976.784316666666666666666667,1964.951954166666666666666667,True,True,偏多,False,2145.135,1972.935,0.06165107284348684650085495889,0.02357261459047345668167072081,-1.275331578947368421052631579,0.3925284431465968633854764982,False,45.38057972554473497708269975,-4.253191792398304409573902,-1.775176319304295658803553745,-2.478015473094008750770348255,2032.72915,2056.204569845233865380202858,2009.253730154766134619797142,20.02499173905154999664360829,3.697619
2024-01-26,1,2017.915,1977.624816666666666666666667,1965.053120833333333333333333,True,True,偏多,False,2145.135,1972.935,0.06304527197627253873428761866,0.02229033433023690294189794912,-1.326448872180451127819548872,0.4119310384378200687273264460,False,44.39386629736952694054396382,-4.690236473166832165846721,-2.358188350076802960212187196,-2.332048123090029205634533804,2031.48015,2055.314541951757443564590524,2007.645758048242556435409476,19.37106375769072499688335056,3.697619
2024-01-30,1,2036.335,1980.391266666666666666666667,1965.541025,True,True,偏多,False,2145.135,1972.935,0.05342932277842300014486810864,0.03113436639845604971677057066,-0.6943609022556390977443609023,0.1366710003847258078801273361,True,52.73743751785820018231829781,-2.765584152982685967839465,-2.976753923134816636846815917,0.211169770152130669007350917,2029.255,2050.915720209632919774920662,2007.594279790367080225079338,18.7599038176554383448078430,3.697619
2024-01-31,1,2039.825,1981.376933333333333333333333,1965.728066666666666666666667,True,True,偏多,False,2145.135,1972.935,0.05162697780446852058387361661,0.03279202872795460394886816271,-0.5210977443609022556390977444,0.0736601283105545588505882918,True,54.23560903963481736604501598,-1.594685122964926142041214,-2.700340163100838537885695534,1.105655040135912395844481534,2029.713,2051.855608337772675330512553,2007.570391662227324669487447,19.19691068782290703446442564,3.697619
2024-02-01,1,2054.745,1982.55985,1965.95565,True,True,偏多,False,2120.865,1972.935,0.03217917551812998693268507771,0.03981515954534504281553185432,-0.1484661654135338345864661654,0.0048087955808295453727063957,True,60.06386228021249920992287332,0.531058391983061483778398,-2.054060452084058533552876827,2.585118844067120017331274827,2030.917,2055.607799582030550352794141,2006.226200417969449647205859,20.35734563869269938914553809,3.697619
2024-02-02,1,2039.275,1983.644183333333333333333333,1966.154358333333333333333333,True,True,偏多,False,2088.355,1972.935,0.02406737688639344865209449437,0.03253116916551225312917581003,-0.09572932330827067669172932331,0.0019707456081886803339554618,True,52.58585565401246685511196511,0.956400936264441401628197,-1.451968174414358546516662062,2.408369110678799948144859062,2031.546,2056.414839860355368012729519,2006.677160139644631987270481,21.0396780930717922899208568,3.697619
2024-02-07,1,2036.395,1987.360658333333333333333333,1966.951166666666666666666667,True,True,偏多,False,2088.355,1972.935,0.02551567844155971704900080780,0.03116291289263625180772885418,1.043631578947368421052631579,0.3539865603771303258021343026,False,51.36417509563952582030214868,0.645842228032967773869248,-0.2131552537823103776477950204,0.8589974818152781515170430204,2029.0705,2049.299743658624511214130782,2008.841256341375488785869218,19.41603826572843241338061201,3.697619
2024-02-08,1,2034.185,1988.217908333333333333333333,1967.027833333333333333333333,True,True,偏多,False,2088.355,1972.935,0.02662982963693076096815186426,0.03011033903012754493814476068,1.100503759398496240601503759,0.3892013409583822517691245485,False,50.32570554332231495028756648,0.598021122200015503845253,-0.0509199785858452013491854163,0.6489411007858607051944384163,2029.3775,2049.721211436215369204668501,2009.033788563784630795331499,19.35346410389068724099628258,3.697619
2024-02-09,1,2024.155,1989.0083,1966.912666666666666666666667,True,True,偏多,False,2088.355,1972.935,0.03171693867317473217219037080,0.02530438627476650750560110268,0.7114887218045112781954887218,0.1992729397500326589937668913,False,45.79994331929192869074692989,-0.246374571796742149351271,-0.09001089722802459094960253304,-0.1563636745687175584016684670,2030.112,2048.493022931273438787293280,2011.730977068726561212706720,19.17557381075563815235369096,3.697619
2024-02-14,0,1993.645,1991.861025,1966.604570833333333333333333,True,True,偏多,False,2088.355,1984.088,0.04750595015662266852925169727,0.004793732083695943861620298498,-0.8162330827067669172932330827,0.1038199091077257829760225989,False,35.12061221791158546770730997,-6.724436101814897573904204,-2.437809709667060299721686926,-4.286626392147837274182517074,2026.5145,2055.729082985214764143328638,1997.299917014785235856671362,19.12031678490711633874879653,0.578183
2024-02-16,0,2013.055,1993.839608333333333333333333,1966.391145833333333333333333,True,True,偏多,False,2088.355,1984.088,0.03740583342233570369413652384,0.01438957206832401499213881389,-1.419105263157894736842105263,0.2772428864383801836331665308,True,45.26389728480585484414123963,-7.214625653538727082475096,-4.200148047760564982920735473,-3.014477605778162099554360527,2025.0585,2056.140590840225018556054599,1993.976409159774981443945401,19.11670171759848296555380926,0.578183
2024-02-18,0,2013.695,1995.065025,1966.380608333333333333333333,True,True,偏多,False,2088.355,1984.088,0.03707612125967437968510623506,0.01470282242345538922230029870,-1.652390977443609022556390977,0.3677722062853232191780436805,True,45.57720983662128840078917438,-6.872338884473848846721270,-4.734586215103221755680842378,-2.137752669370627091040427622,2024.715,2056.138111239977495264724135,1993.291888760022504735275865,18.2019373091985913251571086,0.578183
2024-02-21,1,2025.658,1999.603441666666666666666667,1966.5147375,True,True,偏多,False,2088.355,1984.088,0.03095142417920497932029987293,0.02052172676730227906191469636,-1.823047368421052631578947368,0.4495064118560712615499834023,True,51.56241830376514195223919976,-4.132299287489864168102990,-4.893981796728913728086567986,0.761682509239049559983577986,2024.47065,2055.829189540450540567486470,1993.112110459549459432513530,17.09794689078327446842936137,3.697619
2024-02-22,1,2024.615,2001.281441666666666666666667,1966.660529166666666666666667,True,True,偏多,False,2088.355,1984.088,0.03148252877707613546279169126,0.02001713906100666052558140684,-1.633653383458646616541353383,0.3721326305154614399589115978,True,50.99296397993271524249593011,-3.329399275777694069117348,-4.581065292538669796292723989,1.251666016760975727175375989,2023.88465,2054.768885870586146007498039,1993.000414129413853992501961,16.95902211287018343497012127,3.697619
2024-02-23,1,2035.215,2003.054691666666666666666667,1966.879654166666666666666667,True,True,偏多,False,2088.355,1984.088,0.02611026353481081851303179271,0.02512117884351284753699240621,-1.220101503759398496240601504,0.2132411669201565757315138453,True,56.27782548481938651303225822,-1.816820642376105597614439,-4.028216362506156956557066991,2.211395720130051358942627991,2023.65415,2054.125118460323016126411226,1993.183181539676983873588774,17.55694910480802747532939832,3.697619
2024-02-27,0,2030.025,2008.000225,1967.62435,True,True,偏多,False,2078.825,1984.088,0.02403911281880765015209172301,0.02262878535978620952943929262,0.1820428571428571428571428571,0.0066300685084469725330633002,True,53.03084693420449421753120288,0.361630870635461048545895,-2.090702373728216468576470627,2.452333244363677517122365627,2021.75565,2047.539065989934305056759775,1995.972234010065694943240225,15.77176027086852637146453649,0.578183
2024-03-05,0,2127.945,2017.67395,1970.760975,True,True,偏多,True,2141.748,1984.088,0.006486539830681714048060452690,0.06760372096083310423906632925,5.441825563909774436090225564,0.7555549551529927117591871867,True,81.72582936010679843856844568,19.112451892472826628485201,7.713482510207862409412175096,11.39896938226496421907302590,2037.0908,2109.290834965642502796706140,1964.890765034357497203293860,19.98521808239852241977757564,0.578183
2024-03-10,0,2181.545,2025.157008333333333333333333,1974.20595,True,True,偏多,False,2195.085,1984.088,0.006206610452683763112839753477,0.09051245791400131558138841968,9.290360902255639097744360902,0.8517389731818837227767401485,True,87.43746487170111600524324537,37.346491378194065384505387,22.20590546436227167521626623,15.14058591383179370928912077,2070.2098,2186.302562579930020373195925,1954.117037420069979626804075,20.96716174644377860347947049,0.578183
2024-03-20,0,2203.855,2038.848233333333333333333333,1982.1248125,True,True,偏多,False,2222.875,1984.088,0.008630331850325906196188043224,0.09971935540223835052669073056,7.353193984962406015037593985,0.6882879692654933821673723999,False,74.96838797993692461194743199,33.994043669416141545723760,33.49868162621326567913777871,0.49536204320287586658598129,2134.9443,2237.159799321971714369531254,2032.728800678028285630468746,23.61661867304363949018532266,0.578183
2024-04-11,0,2376.725,2082.510908333333333333333333,2006.856329166666666666666667,True,True,偏多,False,2379.455,1984.088,0.001148639409271160946260084781,0.1652008541164838170171138857,11.79428571428571428571428571,0.9174596635856460796674427969,True,77.41181720873574142765198664,58.380085355473094357260647,50.14756219917227591275108455,8.23252315630081844450956245,2252.7908,2394.795910799013145940938297,2110.785689200986854059061703,33.28153793428794330168024991,0.578183
2024-04-14,0,2364.585,2088.496466666666666666666667,2010.4599125,True,True,偏多,False,2431.385,1990.175,0.02825020035228169002171628425,0.1583406813457752628896825447,12.11823007518796992481203008,0.9397711926106879748623726035,False,70.51324698662557646739341706,57.188872630580995074569574,52.67212887148717076805739963,4.51674375909382430651217437,2270.1433,2414.306346069511169995562515,2125.980253930488830004437485,37.25443832089113478563246039,0.578183
2024-04-17,0,2367.815,2097.958025,2016.177025,True,True,偏多,False,2431.385,2013.185,0.02684753665299020404888050798,0.1497709913992436064472942354,11.12263157894736842105263158,0.9111859853663786201264414618,False,68.21738253562805699153092598,56.134996890819465706187052,54.88935045919019045761310592,1.24564643162927524857394608,2301.0008,2435.379321010762728218612272,2166.622278989237271781387728,39.29670189176305507435660185,0.578183
2024-04-19,0,2390.295,2103.880191666666666666666667,2019.977525,True,True,偏多,True,2431.385,2015.955,0.01719034679819854871469839497,0.1566082847514637314641079867,9.250457894736842105263157895,0.8864918547110689010479749620,False,71.07899055991151192173511321,54.347074405479629260071021,54.80090072129242663607279599,-0.45382631581279737600177499,2321.95215,2435.257828663119087290016817,2208.646471336880912709983183,38.9942327536120219773789067,0.578183
2024-04-23,0,2323.155,2111.276916666666666666666667,2024.856208333333333333333333,True,True,偏多,False,2431.385,2024.355,0.04658750707550723046890973697,0.1286181937924933979867895168,4.929654135338345864661654135,0.5304450426090500533542291295,False,53.57277480361036891693222398,40.913173428255907485154569,50.52266925885169709003009219,-9.60949583059578960487552319,2340.657,2418.715836424840461491832791,2262.598163575159538508167209,38.95639553924402780040140598,0.578183
2024-04-29,0,2333.025,2123.16825,2032.426708333333333333333333,True,True,偏多,False,2431.385,2038.915,0.04215985683822505116747570215,0.1260638012880273464707836393,-0.7256541353383458646616541353,0.0286641090614822670126392880,False,55.06839685709278562071511758,23.460767709055451295348211,35.17112070084045672365687914,-11.71035299178500542830866814,2351.144,2400.573506127413411574109425,2301.714493872586588425890575,34.3807897861615190361427516,0.578183
2024-05-08,0,2308.695,2143.019083333333333333333333,2044.035695833333333333333333,True,True,偏多,False,2431.385,2145.985,0.05314257621730024970816846747,0.07047704439087882981511200050,-4.270157142857142857142857143,0.6534077777277443155846380832,True,49.31272396465040218991305130,4.550195717301886016033344,12.43846948713400064604268463,-7.88827376983211463000934063,2334.01265,2394.935123552130169561175528,2273.090176447869830438824472,33.44289720518904006956394711,0.578183
2024-05-17,0,2414.525,2164.17255,2058.239179166666666666666667,True,True,偏多,False,2431.385,2149.475,0.006982739876373199697663101438,0.1097731437860448742506290057,3.695687969924812030075187970,0.4510961285331648780241959357,True,65.43353864871295590742861556,20.485164444130670631195006,14.31684162404620588162634000,6.16832282008446474956866600,2337.26175,2400.719777242816176281688560,2273.803722757183823718311440,32.80617809962383987027160114,0.578183
2024-06-03,0,2350.488,2200.844725,2084.880808333333333333333333,True,True,偏多,False,2449.985,2277.165,0.04233035863190962897917368649,0.03119479869712161899996936806,-2.723012030075187969924812030,0.2255197523039285637809641289,True,50.57976989838145964787831963,-0.435401626804968046908268,5.680035520030222351197548376,-6.115437146835190398105816376,2364.357,2430.484649735946309374941106,2298.229350264053690625058894,30.15768474770426714304702353,0.578183
2024-06-05,1,2354.935,2205.858583333333333333333333,2088.438808333333333333333333,True,True,偏多,False,2449.985,2277.165,0.04036204820939856089446205522,0.03302426606254525071817268842,-3.796147368421052631578947368,0.4255631109181263513463685112,True,51.71466681612988490305598625,-1.035537102131097142971699,3.114627217159841510234383161,-4.150164319290938653206082161,2363.6095,2430.719447121123557028953427,2296.499552878876442971046573,30.75219246103072013864768866,3.697619
2024-06-20,1,2360.715,2238.29125,2109.834091666666666666666667,True,True,偏多,False,2449.985,2277.165,0.03781481457948121649584977433,0.03539181985118915243898564630,-0.4799458646616541353383458647,0.0183029580494713586018729250,True,56.12668781408552615563472803,-2.845167610948017786407389,-5.870151057907165174667762314,3.024983446959147388260373314,2329.1884,2370.101033209804523653880476,2288.275766790195476346119524,28.76587650823991763419269867,3.697619
2024-06-21,1,2321.755,2240.516333333333333333333333,2111.538091666666666666666667,True,True,偏多,False,2449.985,2277.165,0.05522977230586345243145809958,0.01920529943943267054448036076,-0.4549804511278195488721804511,0.0164998648477274238567024717,False,47.54981982256301084703898425,-3.398229901634210048189106,-5.375766826652574149372031051,1.977536925018364101182925051,2328.4014,2369.250111687885580120428141,2287.552688312114419879571859,30.42331390050849494603607734,3.697619
2024-06-24,1,2330.755,2245.278416666666666666666667,2115.000341666666666666666667,True,True,偏多,False,2449.985,2277.165,0.05115509781165330547397731636,0.02299254962447790522813423118,-0.2952473684210526315789473684,0.0070933515222292622663137959,True,49.66197463790411720866735678,-3.505236776941332887047644,-4.782467084357377854642542433,1.277230307416044967594898433,2327.35045,2367.778809098410115907937904,2286.922090901589884092062096,27.77560229176497778510253608,3.697619
2024-06-25,1,2319.898,2247.735858333333333333333333,2116.655175,True,True,偏多,False,2449.985,2277.165,0.05607444810073546336951021122,0.01842020640562645426652378682,-0.4270127819548872180451127820,0.0147450273537715925383219380,False,47.29844597943735321169282386,-3.939192664984845049312326,-4.613812200482871293576499146,0.674619535498026244264173146,2327.05795,2367.612903179482281335477207,2286.502996820517718664522793,27.33541641378176508616664064,3.697619
2024-06-28,0,2326.275,2254.788908333333333333333333,2121.503408333333333333333333,True,True,偏多,False,2449.985,2277.165,0.05317943923224898174119568839,0.02111100364316342650804397588,0.1521872180451127819548872180,0.0020843952065001357918299123,True,49.43318178331422998765694859,-4.537277964972660000980606,-4.854538187872658904306925947,0.317260222899998903326319947,2322.95945,2361.402157383715835265739192,2284.516742616284164734260808,27.51315446832308232299858217,0.578183
2024-07-07,0,2385.938,2274.865983333333333333333333,2134.352795833333333333333333,True,True,偏多,False,2449.985,2286.628,0.02684353072041268465484015092,0.04162304301285280673680539897,2.098642105263157894736842105,0.2931835047401015239339746212,True,61.94519261204214823852214491,9.421280908529064935379294,1.586427637227112328412031158,7.834853271301952606967262842,2336.117,2380.815653053531713775964967,2291.418346946468286224035033,24.85881873471540128897599329,0.578183
2024-07-09,0,2364.918,2280.672591666666666666666667,2138.568754166666666666666667,True,True,偏多,False,2449.985,2286.628,0.03597038036836795186978998849,0.03310474189802775402783521458,2.652143609022556390977443609,0.4181462414557837050416645854,True,55.67004873157994689131148825,9.970892966184086912619149,4.552713292245733867835150861,5.418179673938353044783998139,2339.39905,2386.698790538294710607698949,2292.099309461705289392301051,25.65327737840256539712725953,0.578183
2024-07-10,0,2372.694,2283.577583333333333333333333,2140.753791666666666666666667,True,True,偏多,False,2449.985,2286.628,0.03257520775961839158357546317,0.03627353548329451669705406597,2.830090225563909774436090226,0.4512466434789981018335516421,True,57.42796304272353840263749938,10.732798609671653594796330,5.788730355730917813227386689,4.944068253940735781568943311,2342.0065,2390.593390946015469451273086,2293.419609053984530548726914,25.49090042280238215447531242,0.578183
2024-07-11,0,2415.875,2286.829391666666666666666667,2143.216416666666666666666667,True,True,偏多,True,2449.985,2286.628,0.01411910798364981631913902830,0.05349904278987944326589744916,3.667278195488721804511278195,0.5360278451003402435471086428,True,65.58859785925701900484484643,14.652060312008959074054278,7.561396346986526065392764951,7.090663965022433008661513049,2346.3905,2404.156992881254267814903106,2288.624007118745732185096894,27.45726467831649771486993296,0.578183
2024-07-16,0,2468.175,2300.035383333333333333333333,2153.258804166666666666666667,True,True,偏多,True,2469.865,2286.628,0.0006847164402848258328522086157,0.07355515715052619850699403405,6.771441353383458646616541353,0.8411876265623181708971358801,True,72.58906377294349523314832361,25.941695257469872235105961,15.77217535714872257480663068,10.16951990032114966029933032,2365.33395,2450.479215497207770466064278,2280.188684502792229533935722,28.64173967819131328702624311,0.578183
2024-07-17,1,2461.215,2303.628633333333333333333333,2155.814429166666666666666667,True,True,偏多,False,2483.548,2286.628,0.009073973626846902850827741583,0.07093529009046344996272166389,7.595187218045112781954887218,0.8840122708051405743343937058,True,70.31827885988247551327724286,29.075946556332607456455251,18.43292959698549955113635474,10.64301695934710790531889626,2371.85695,2465.018167863389913930374356,2278.695732136610086069625644,28.89040112974907662366722574,3.697619
2024-07-18,1,2441.148,2307.017216666666666666666667,2158.225804166666666666666667,True,True,偏多,False,2483.548,2286.628,0.01736887726594208954147802591,0.06329808762107008669691473028,7.764654887218045112781954887,0.8956973998614646056544513362,False,64.09281069200010343221980121,29.599420405226971433792098,20.66622775863379392766750339,8.93319264659317750612459461,2377.91945,2472.536046397196617822917910,2283.302853602803382177082090,29.29894390619557115054813819,3.697619
2024-07-21,0,2411.435,2312.728383333333333333333333,2162.7142625,True,True,偏多,False,2483.548,2286.628,0.02990460037280706301434622953,0.05175631937000167949789233382,6.359569172932330827067669173,0.7516103785818862516478693591,False,55.79097721308656923327648570,24.516418235084177020622960,22.35822334487737368594278729,2.15819489020680333468017271,2387.22315,2471.820572606779220954386630,2302.625727393220779045613370,29.22551285789312002266650691,0.578183
2024-07-22,0,2395.565,2315.329383333333333333333333,2164.9020125,True,True,偏多,False,2483.548,2286.628,0.03672745260512655678305535437,0.04547444966010106175369902299,5.516399248120300751879699248,0.6343999230821211885698213694,False,52.14099938355854258007185850,21.473005900346812693409435,22.18117985597126148743611683,-0.70817395562444879402668183,2390.68765,2470.560641463385168493778990,2310.814658536614831506221010,29.16083336804361144961889927,0.578183
2024-07-29,0,2380.988,2327.18935,2176.173179166666666666666667,True,True,偏多,False,2483.548,2286.628,0.04307455560464815446360922441,0.03963060712611739328379647440,0.1025691729323308270676691729,0.0004212476036455750213270831,False,48.71016709021905910291799875,7.798258791010228709410928,14.39823522155497734416596570,-6.59997643054474863475503770,2402.79415,2460.427511714461876425567365,2345.160788285538123574432635,30.19944124808928679503272839,0.578183
2024-07-30,0,2409.675,2329.073683333333333333333333,2177.960791666666666666666667,True,True,偏多,False,2483.548,2286.628,0.03065683131542635417639308205,0.05106373266104350171703652982,-0.06528270676691729323308270677,0.0001734141045600362161328463,True,54.45602454316068530441814575,8.357609822765389441226348,13.19011014179705976357804216,-4.83250031903167032235169416,2403.981,2461.152786674897610724573263,2346.809213325102389275426737,30.63855258751148059538753351,0.578183
2024-08-09,0,2430.925,2348.184625,2194.3418875,True,True,偏多,False,2483.548,2293.464,0.02164731532235671606487242511,0.05654678774540555549842138281,0.7693195488721804511278195489,0.0336333411165566396946817868,True,55.97436574666964749483346017,8.972084026707434621287408,10.77862166837591143347139832,-1.80653764166847681218399032,2409.86575,2458.243713524212136889699506,2361.487786475787863110300494,35.73224318056914301618033479,0.578183
2024-08-14,0,2449.295,2357.618516666666666666666667,2202.117208333333333333333333,True,True,偏多,False,2483.548,2293.464,0.01398484053574600037970109766,0.06362279758052827446265149768,3.198621052631578947368421053,0.3754577814948474194218094946,True,56.98074706280157974664700093,15.879537655872163748965520,12.77306879325762923214660666,3.10646886261453451681891334,2418.2571,2478.458703214200201231504365,2358.055496785799798768495635,34.35357006143886124753036605,0.578183
2024-08-16,0,2506.844,2362.12515,2206.361233333333333333333333,True,True,偏多,False,2509.638,2293.464,0.001114548811174528610475961009,0.08511897828504685572775968509,4.481073684210526315789473684,0.5182022271648212965991127284,True,65.99887669351797500834726126,20.872982533651447697377128,14.99968020635768110277462746,5.87330232729376659460250054,2426.1089,2497.897960230372148255797424,2354.319839769627851744202576,36.35645581828146709608485644,0.578183
2024-08-19,0,2503.515,2366.417233333333333333333333,2210.9444,True,True,偏多,False,2509.998,2293.464,0.002589559079933613339644459889,0.08390243317895039574358452016,4.910342857142857142857142857,0.5458314756121394392752039128,True,65.08516640361820680578622800,25.896653575883818552267277,18.61395964258699625381751906,7.28269393329682229844975794,2439.0799,2515.729227652367571175259974,2362.430572347632428824740026,33.42811751678350989407316703,0.578183
2024-08-23,0,2512.235,2373.341983333333333333333333,2220.268875,True,True,偏多,False,2531.558,2296.425,0.007691557517509309439602584949,0.08590358784110562905142233907,5.769827067669172932330827068,0.6480268984700215047224663737,False,63.34059491922335373417797226,28.223744204167938251358674,24.26488742102759265033418113,3.95885678314034560102449287,2458.6756,2541.334971861634661226648522,2376.016228138365338773351478,33.60492704594059314047854341,0.578183
2024-08-27,0,2525.178,2377.939675,2227.073416666666666666666667,True,True,偏多,False,2531.558,2318.395,0.002526554563678283273495967413,0.08188848469296025864315307673,7.293011278195488721804511278,0.8470096247444861929368875855,False,65.58035880851436869522064110,29.010085572031317979236785,26.46386838394572844176438465,2.54621718808558953747240035,2470.00925,2561.397115318925137917855704,2378.621384681074862082144296,30.33304618073304778776653056,0.578183
2024-08-29,0,2519.435,2380.56775,2231.539329166666666666666667,True,True,偏多,False,2531.558,2326.685,0.004811793120282920575446479072,0.07650524820048939543985060142,5.994030827067669172932330827,0.7686416803110799012873525977,False,62.31613510340444349663573662,27.173057325465140424727394,26.79540199700398605188547106,0.37765532846115437284192294,2481.96455,2560.811123986381932078713707,2403.117976013618067921286293,30.0796775742034952863905289,0.578183
2024-09-03,0,2493.155,2384.933333333333333333333333,2239.922691666666666666666667,True,True,偏多,False,2531.558,2349.455,0.01540337443921456949126708929,0.05763781233015997801981826240,1.994671428571428571428571429,0.3071790640945715287132145615,False,54.07080280434654375892742041,18.873483955324300678585713,23.69468343842120730938430856,-4.82119948309690663079859556,2498.38055,2539.885642012788021284671126,2456.875457987211978715328874,27.93124479895944473330382902,0.578183
2024-09-22,0,2620.165,2413.7334,2274.720158333333333333333333,True,True,偏多,False,2625.574,2355.728,0.002064373808519692462115935447,0.1009237967837903338148551713,6.794190225563909774436090226,0.8222862628009325419662303505,True,72.16918712896607645291664160,32.610391669365885261358962,26.13034164083408897420481308,6.48005002853179628715414892,2540.00455,2626.412162450466423010741240,2453.596937549533576989258760,27.80174633174239706735931531,0.578183
2024-09-30,1,2635.595,2432.191933333333333333333333,2292.821933333333333333333333,True,True,偏多,False,2685.405,2364.164,0.01889895829973876866514012965,0.1029866121312265351846546985,8.998641353383458646616541353,0.8927594560620423907033012327,False,63.42273997856829012094112484,41.031911552825730445383381,38.20014144484062258522149520,2.83177010798510786016188580,2593.19935,2703.033029780429827862404954,2483.365670219570172137595046,27.80728970109015104935650505,3.697619
2024-10-01,1,2660.218,2434.729625,2295.352391666666666666666667,True,True,偏多,False,2685.405,2364.164,0.009468021041884537282282880576,0.1112893755323811807904464972,8.433087218045112781954887218,0.8730586656784120541176805502,False,67.62260246051485635068202204,40.551599492528269025138001,38.67043305437815187320479636,1.88116643815011715193320464,2601.373,2705.458611683844179635728602,2497.287388316155820364271398,28.61341186529799740297389754,3.697619
2024-10-02,0,2660.135,2436.966458333333333333333333,2297.874725,True,True,偏多,False,2685.405,2378.868,0.009499517881611271608395814498,0.1057341074795076189742249923,7.776523308270676691729323308,0.8472362200751894014166596599,False,67.59442793517137342559246719,39.706539052209422966254720,38.87765425394440609181478109,0.82888479826501687443993891,2609.0485,2706.482165570992452526380996,2511.614834429007547473619004,28.15816816063385473133290486,0.578183
2024-10-10,0,2633.005,2451.063608333333333333333333,2314.645116666666666666666667,True,True,偏多,False,2685.405,2432.015,0.01990121553130358658642881423,0.07633483415337228755737265976,1.658360902255639097744360902,0.1192622692798476186644866989,False,56.19461947349862828698504084,21.311260821981868502355860,30.15139995851187589001854635,-8.84013913653000738766268635,2637.1954,2692.575449087735557910958799,2581.815350912264442089041201,28.02363127291919035709668861,0.578183
2024-10-23,0,2721.178,2483.267866666666666666666667,2344.563225,True,True,偏多,False,2758.338,2471.718,0.01365585051768021055586955355,0.09167353256567560078760007614,4.826181954887218045112781955,0.5622146051673986495670675297,True,66.26498437688146680634550614,33.391571289783673607350826,28.80771294018557708993318213,4.58385834959809651741764387,2670.0651,2744.294927314631414276413935,2595.835272685368585723586065,27.40121392330297204622174554,0.578183
2024-10-30,1,2785.258,2504.990208333333333333333333,2362.815125,True,True,偏多,False,2789.925,2471.718,0.001675607789296359619108894041,0.1125712591077738579334481761,8.527913533834586466165413534,0.9330916918816105257919849019,True,74.16564530705645829186122573,38.425339536585612401082125,34.09489529014559631983587403,4.33044424644001608124625097,2699.96375,2801.777503249499647349950482,2598.149996750500352650049518,26.20589486084190250228586959,3.697619
2024-10-31,1,2746.545,2508.693016666666666666666667,2365.857958333333333333333333,True,True,偏多,False,2790.005,2471.718,0.01582351645430895907403665332,0.1000628061801281246074613742,7.960221804511278195488721805,0.8942024907356975310626463859,False,61.46005576268852231998087049,36.451192918725671884916042,34.56615481586161143285190762,1.88503810286406045206413438,2706.19775,2803.278484168783457959393593,2609.117015831216542040606407,28.51904522792462375212259319,3.697619
2024-11-07,1,2706.785,2528.0835,2383.187375,True,True,偏多,False,2790.005,2500.825,0.03074496127324482735052839439,0.07609026945250546312322552401,0.9555902255639097744360902256,0.0375679856530055497698929571,False,50.19375122524289876011791881,16.360733811319005691548759,26.65983391993530325951663530,-10.29910010861629756796787630,2729.72075,2786.578355337808591180417780,2672.863144662191408819582220,33.98752663385281978177129399,3.697619
2024-11-08,1,2684.035,2531.1025,2385.809416666666666666666667,True,True,偏多,False,2790.005,2510.885,0.03948160139491474589563846969,0.06451108126384342976153440622,-0.5768962406015037593984962406,0.0146170831768342846267260349,False,46.18488949989977862273867850,11.974516135299332279804339,23.72277036300810906357417604,-11.74825422770877678376983704,2730.2226,2785.251796324860133286936391,2675.193403675139866713063609,33.70413187429190408307334442,3.697619
2024-11-11,1,2623.855,2536.598166666666666666666667,2390.938291666666666666666667,True,True,偏多,False,2790.005,2546.645,0.06332285892322555933921653445,0.02942616874789193762612644372,-3.445203007518796992481203008,0.2980699681059895220513089604,False,37.19432344467983765238454340,0.793880018045818604494223,16.70385034102538855878854622,-15.90997032297956995429432322,2724.9516,2797.726484960128930457329461,2652.176715039871069542670539,34.89366983038434586754793473,3.697619
2024-11-12,1,2598.775,2538.922141666666666666666667,2393.329,True,True,偏多,False,2790.005,2546.645,0.07358466970014718473126761647,0.02005945108753162547738838491,-5.273566917293233082706766917,0.4443185307679097340081194206,False,34.20049824679965842244908474,-7.265657398577542160102349,11.90994879310480241501036718,-19.17560619168234457511271618,2718.7246,2809.964136115436273079438210,2627.485063884563726920561790,35.08033627107117830558022511,3.697619
2024-11-13,1,2570.694,2541.192441666666666666666667,2395.560329166666666666666667,True,True,偏多,False,2790.005,2546.645,0.08531198190060738462065107710,0.009355061318072084814450883691,-7.347230827067669172932330827,0.5753322165403841213269688760,False,31.17481550153086564710621649,-15.737390048084989572135534,6.380481024866844017581186944,-22.11787107295183358971672094,2711.19305,2822.902562845549550359892172,2599.483537154450449640107828,36.10695510885180842661020903,3.697619
2024-11-14,1,2566.775,2543.185666666666666666666667,2397.770245833333333333333333,True,True,偏多,False,2790.005,2536.664,0.08696905650086197660488356011,0.01173106329927632924584351959,-8.854320300751879699248120301,0.6484642134522126453118180430,False,30.76573792997283533354193394,-22.508070727350539657664263,0.602770674423367282532096956,-23.11084140177390694019635996,2702.2114,2829.016885708466098678916716,2575.405914291533901321083284,36.43152974393382211042376553,3.697619
2024-11-25,1,2610.355,2564.696866666666666666666667,2421.231258333333333333333333,True,True,偏多,False,2790.005,2536.664,0.06882205677005618009810926100,0.02823025986886841061847909576,-3.773353383458646616541353383,0.1296232537210017206899451838,False,43.03020888194359011746887127,-7.627458422542285138364566,-12.73231570339302796890505615,5.10485728085074283054049015,2653.4281,2774.296240564666584929459690,2532.559959435333415070540310,39.93657562442544184713280975,3.697619
2024-11-26,1,2632.105,2566.923425,2423.798008333333333333333333,True,True,偏多,False,2790.005,2536.664,0.05999000799740131947623670028,0.03626033155972121172977521793,-2.738912781954887218045112782,0.0758781080847432892215643453,True,46.31992220980070069511528717,-8.646245430592694792235179,-11.91510164883296133357108072,3.26885621824026654133590172,2648.1216,2762.790534309864413250689352,2533.452665690135586749310648,39.4608202226807674294804662,3.697619
2024-11-27,1,2636.935,2569.125433333333333333333333,2426.351508333333333333333333,True,True,偏多,False,2790.005,2536.664,0.05804845398161122667035782073,0.03802558652374821525748643785,-1.507615037593984962406015038,0.0262342284048180903665516984,True,47.05113309975017335330903334,-8.960608523161047714302067,-11.32420302369857860971727798,2.36359450053753089541521098,2643.1571,2750.502177392305232805863115,2535.812022607694767194136885,38.86811877820356975594614719,3.697619
2024-11-28,1,2638.615,2570.9816,2428.905495833333333333333333,True,True,偏多,False,2790.005,2536.664,0.05737479700524707090651724484,0.03863807338319535059112451040,0.04335939849624060150375939850,0.0000268339010745227478527774,True,47.31992903677971641604794283,-8.970772102544674103792625,-10.85351683946779770853234738,1.88274473692312360473972238,2637.8131,2734.344179324536716794991587,2541.282020675463283205008413,38.14203886547474334480713668,3.697619
2024-12-02,1,2642.095,2576.782608333333333333333333,2436.5882875,True,True,偏多,False,2790.005,2536.664,0.05598208997026980483290721946,0.03990431835342786690107660777,2.753275187969924812030075188,0.1307347583352170920606757788,False,47.87926338593221420741414078,-7.229229175702665176934693,-9.214848232849192217553809896,1.985619057146527040619116896,2631.9601,2719.777365010702764427276634,2544.142834989297235572723366,35.31639117618367752497860031,3.697619
2024-12-05,1,2633.635,2581.414858333333333333333333,2444.2160375,True,True,偏多,False,2790.005,2536.664,0.05937421092900117138479705806,0.03682021236807682157930009284,3.471597744360902255639097744,0.2292454183104119386954959703,False,46.26900885596203197170196967,-6.558548466148109168336847,-7.881273857667897118921908579,1.322725391519787950585061579,2632.87575,2716.494733858631049499565911,2549.256766141368950500434089,33.53145933457563393672667087,3.697619
2024-12-06,0,2632.664,2583.349683333333333333333333,2446.668033333333333333333333,True,True,偏多,False,2790.005,2536.664,0.05976493772087892720073659229,0.03646496476572779511551796963,2.486755639097744360902255639,0.1330758993462604809781967369,False,46.07629759787662308378692542,-6.980774627325643684746897,-7.701174011599446432086906263,0.720399384273802747340009263,2635.97425,2714.589939360012610653268714,2557.358560639987389346731286,33.48992652496308865553190866,0.578183
2024-12-10,0,2695.798,2589.856016666666666666666667,2453.817420833333333333333333,True,True,偏多,False,2790.005,2536.664,0.03494586760580726003951334633,0.05903038729162941733764918588,0.1091969924812030075187969925,0.0004838789474166612124115614,True,59.30352628951888580266399255,-0.266489906429700154291062,-5.597080898066745037939660758,5.330590991637044883648598758,2650.7454,2707.994430183576035841129876,2593.496369816423964158870124,33.8866390580699365073628292,0.578183
2024-12-11,0,2717.395,2592.512683333333333333333333,2456.2734625,True,True,偏多,True,2790.005,2536.664,0.02672044366019662213259389967,0.06650891754787213489389654430,0.4564330827067669172932330827,0.0073648868344352531131701965,True,62.80161621400251946362634977,4.919835942147446307366271,-3.493697530023906768878474406,8.413533472171353076244745406,2655.9934,2717.330027942527130743940385,2594.656772057472869256059615,34.79902198249351247112262711,0.578183
2024-12-12,1,2715.505,2595.444933333333333333333333,2458.6410875,True,True,偏多,False,2790.005,2536.664,0.02743504431035847844139487867,0.06585920482562175359647653015,0.9753609022556390977443609023,0.0293041793079709336210548117,True,62.29696175440336828951613158,8.776360912489684175532372,-1.039685841521188579996305124,9.816046754010872755528677124,2660.0179,2725.727130553705314256539188,2594.308669446294685743460812,32.57552041231540443747101089,3.697619
2024-12-13,1,2647.385,2597.616766666666666666666667,2460.6640875,True,True,偏多,False,2790.005,2536.664,0.05387202843560721240016091351,0.04182277983746225048491247023,0.6686872180451127819548872180,0.0137134103651223208526804548,False,47.48591834631168599256208711,6.263765252074176132921399,0.421004377197884362587235701,5.842760874876291770334163299,2659.7859,2725.638982132577515372957050,2593.932817867422484627042950,35.2172689542928755490802244,3.697619
2024-12-15,0,2651.345,2599.73735,2462.6323375,True,True,偏多,False,2790.005,2536.664,0.05229798460781226132396953244,0.04325389566427605611491525999,0.6938729323308270676691729323,0.0147860639718709328661018062,False,48.25608254022221646882317709,4.539722894175140758990621,1.244748080593335641867912761,3.294974813581805117122708239,2658.90225,2724.710368811815309328219229,2593.094131188184690671780771,33.09174974327195586700306551,0.578183
2024-12-16,1,2651.565,2601.992158333333333333333333,2464.590754166666666666666667,True,True,偏多,False,2790.005,2536.664,0.05221067558215619832061442959,0.04333327676296828476767493914,1.487519548872180451127819549,0.0805697718251746738737370088,False,48.30144516022369710481545075,3.154792580787860728030716,1.626756980632240659100473409,1.528035600155620068930242591,2655.69025,2716.127185573786333396698919,2595.253314426213666603301081,32.21905333303824473364570369,3.697619
2024-12-17,1,2647.198,2603.971516666666666666666667,2466.5226,True,True,偏多,False,2790.005,2536.664,0.05394647472535110709512473189,0.04175509349886181539877258898,2.377276691729323308270676692,0.2689858738945788044835948647,False,47.41289792523948712940933544,1.685416493880016137073175,1.638488883281795754695013727,0.046927610598220382378161273,2652.0639,2704.925562334436664970466849,2599.202237665563335029533151,31.75126380924979868124243914,3.697619
2025-01-06,0,2634.465,2628.881058333333333333333333,2497.649145833333333333333333,True,True,偏多,False,2721.185,2536.664,0.03291749937843167398314268741,0.03712366647497689284162059469,0.4502067669172932330827067669,0.0206849219228642001312741726,True,49.63497142653694471652363711,-2.741056858941301112099419,-5.860099129033807700926571841,3.119042270092506588827152841,2626.66565,2662.765957063929525528868989,2590.565342936070474471131011,25.5982875092061321876776784,0.578183
2025-01-08,0,2662.475,2631.269808333333333333333333,2500.7105625,True,True,偏多,False,2721.185,2536.664,0.02205091127616221748561019352,0.04725340144038911163485103147,2.074272932330827067669172932,0.4036054945445680825436420227,True,56.65967314586601429472440010,1.061036314701365303121995,-3.729414222020445175860959458,4.790450536721810478982954458,2627.12165,2664.775829248922688475527446,2589.467470751077311524472554,25.9173244339583486720282023,0.578183
2025-01-12,0,2690.868,2635.7275,2505.387533333333333333333333,True,True,偏多,False,2721.185,2554.335,0.01126662474710762475156715231,0.05073938966905845994675324096,3.434042105263157894736842105,0.6903723062937825863705878303,True,62.89059774366173257173163218,9.450867693519869816951476,1.501768399665425723035085878,7.949099293854444093916390122,2638.216,2685.879919834608651288497691,2590.552080165391348711502309,24.72426522646009184855902349,0.578183
2025-01-16,0,2714.448,2641.428508333333333333333333,2510.998129166666666666666667,True,True,偏多,True,2724.565,2582.264,0.003727092948547918398142090031,0.04869645688552516017989661250,4.625082706766917293233082707,0.8174208059630276974281757460,True,65.31203992772107514225631079,15.012083546307835077143449,7.836479331560951635540088349,7.175604214746883441603360651,2651.9127,2710.908688179197405490423263,2592.916711820802594509576737,26.03530016485127767822506949,0.578183
2025-01-19,0,2696.245,2644.704175,2513.877379166666666666666667,True,True,偏多,False,2724.565,2582.264,0.01050349652943259978228981417,0.04227397732772800691331833717,5.017080451127819548872180451,0.8659674861282718182700322050,False,59.26013603602803831769049308,16.423406800528880407593081,10.89093199396916883740372474,5.53247480655971157018935626,2659.32305,2721.499524404633140150983971,2597.146575595366859849016029,24.55365167275441799806141196,0.578183
2025-01-20,0,2710.205,2646.479425,2515.245629166666666666666667,True,True,偏多,False,2724.565,2582.264,0.005298492180480812337074132769,0.04720713008794537682573827441,5.144359398496240601503759398,0.8763642254876387423567020446,False,62.28647822005701768295608074,17.530265007673231092420123,12.21879859670998128840700439,5.31146641096324980401311861,2663.7659,2727.140437375510679146987140,2600.391362624489320853012860,24.53889083898624528391416825,0.578183
2025-01-21,0,2744.058,2648.570283333333333333333333,2516.751808333333333333333333,True,True,偏多,False,2745.848,2582.264,0.0006523185734412319273134897294,0.05896158171583836784790992027,5.659527819548872180451127820,0.8800493498179840627953039274,True,68.41405495686768856158754061,20.898210725433924864379542,13.95468102245477000360151191,6.94352970297915486077803009,2669.7814,2739.356286467460369115666272,2600.206513532539630884333728,25.86489863620151347792029909,0.578183
2025-01-28,0,2762.545,2661.228808333333333333333333,2526.625445833333333333333333,True,True,偏多,False,2785.825,2582.264,0.008427012048672510312049215488,0.06525902745475639310852854886,6.663231578947368421052631579,0.8899621364948893981156562560,False,65.79429302071582735685357290,29.921265129571017981984097,25.01867642640072193974927212,4.90258870317029604223482488,2707.6516,2789.107953201944905139678027,2626.195246798055094860321973,25.93780869197055317470385971,0.578183
2025-02-06,0,2857.835,2677.8749,2543.109904166666666666666667,True,True,偏多,False,2882.215,2582.264,0.008530933381388358670112165328,0.09642649068263213236593435240,8.261075187969924812030075188,0.8955352210343060999353003443,True,74.96964494876783820705911283,45.029033375608088322391705,36.69268386816426640160855381,8.33634950744382192078315119,2767.0531,2867.727965903859042587436453,2666.378234096140957412563547,30.7767240503009979306758177,0.578183
2025-02-07,1,2860.135,2679.863491666666666666666667,2545.438904166666666666666667,True,True,偏多,False,2886.605,2582.264,0.009254807902424186270927770892,0.09715310640931284712085268702,8.447215037593984962406015038,0.8999636014888447584959161433,True,75.24967563224711928700682825,46.194789913716879876782623,38.59310507727478909664336765,7.60168483644209078013925535,2775.3286,2878.018303044463031498021953,2672.638896955536968501978047,31.04410090385092664991325929,3.697619
2025-02-10,1,2917.655,2684.35085,2550.29325,True,True,偏多,False,2921.455,2582.264,0.001302415809956968867121026989,0.1149522476098099329769969376,9.454261654135338345864661654,0.9051147294590178104916410630,True,81.27305286245400913926721767,51.377484352068213866751281,42.51830424433203770731646062,8.85918010773617615943482038,2793.7166,2908.321087089118809947021698,2679.112112910881190052978302,31.81200026913676838691500419,3.697619
2025-02-11,1,2898.375,2686.353683333333333333333333,2552.723541666666666666666667,True,True,偏多,False,2942.665,2582.264,0.01528097640919480743520075905,0.1090649070599905119247854401,9.410356390977443609022556391,0.9048592210910256172400496654,True,74.65658700949435916779395576,52.569930706742039141517343,44.52862953681403799415663710,8.04130116992800114736070590,2803.8231,2917.911472189106107869778701,2689.734727810893892130221299,33.89900024991271350213536104,3.697619
2025-02-12,1,2905.498,2688.431266666666666666666667,2555.210220833333333333333333,True,True,偏多,False,2942.665,2582.264,0.01279195511406306251114266814,0.1112490870756063160256864744,9.384674436090225563909774436,0.9045628039198566018939799467,True,75.45172247471857052298001529,53.473312543517918896487707,46.31756613815481417462285108,7.15574640536310472186485592,2813.58775,2927.383402108285754135290668,2699.792097891714245864709332,34.71692880349037682341140668,3.697619
2025-02-14,0,2882.085,2692.452683333333333333333333,2559.820391666666666666666667,True,True,偏多,False,2942.665,2586.815,0.02101950497643199281076026557,0.1024501359259008669071175902,9.738638345864661654135338346,0.9004515097649210735618693027,False,63.87204396892818707920874302,52.737265942931417908204743,49.08683475698899304756394225,3.65043118594242486064080075,2829.27645,2947.633434960711127435598264,2710.919465039288872564401736,36.50169371321364124059452923,0.578183
2025-02-17,0,2899.175,2696.446325,2564.319129166666666666666667,True,True,偏多,False,2942.665,2595.905,0.01500081919856510903964058741,0.1046056205644709270740814197,9.139227819548872180451127820,0.8541203627764922359888296918,False,66.02668109751855274457680861,48.273403508726599964871026,49.01466980560584506429642328,-0.74126629687924509942539728,2841.98045,2956.025328265488099910616191,2727.935571734511900089383809,34.43273590578114984520650734,0.578183
2025-02-24,0,2949.795,2710.688241666666666666666667,2577.842141666666666666666667,True,True,偏多,False,2956.035,2595.905,0.002115401239747168871057141259,0.1199710488355970499644890577,6.727768421052631578947368421,0.7945320748389423260082451178,False,71.45566508458229564394276578,47.738382279263521139989290,48.84105911734474430467922807,-1.10267683808122316468993807,2892.2766,2979.321060415123488776152377,2805.232139584876511223847623,32.5524477065582269748350199,0.578183
2025-02-26,0,2918.995,2715.744825,2582.149645833333333333333333,True,True,偏多,False,2956.035,2602.475,0.01268929888540405173698481840,0.1084345810801320317438022333,4.475666917293233082706766917,0.6510590405865345213776341172,False,61.76685364000959376399875018,41.330633261965326093558800,46.62886426929364955372863797,-5.29823100732832346016983797,2903.84195,2967.811514201970299181717092,2839.872385798029700818282908,35.14909011432826713646488961,0.578183
2025-03-03,0,2890.625,2723.303875,2591.063241666666666666666667,True,True,偏多,False,2956.035,2614.365,0.02262832432432432432432432432,0.09557102702702702702702702703,-0.3561571428571428571428571429,0.0055080149579826785458081178,False,53.96010080026028242022420747,21.270312961712980449152560,34.30977680357495548326044619,-13.03946384186197503410788619,2907.14475,2962.488670865348887928170810,2851.800829134651112071829190,36.3421942095827165161540429,0.578183
2025-03-05,0,2918.165,2727.453016666666666666666667,2595.792658333333333333333333,True,True,偏多,True,2956.035,2632.775,0.01297733335846328086314516143,0.09779775989363178572836011672,-0.635,0.0196216723344927815061189369,True,59.03797890357167795529008245,21.075023641459686075175323,29.55130673470168864352522088,-8.47628309324200256834989788,2909.5141,2961.793613348538354579938564,2857.234586651461645420061436,36.93440725214019944505119005,0.578183
2025-03-09,0,2915.908,2732.430233333333333333333333,2603.0373,True,True,偏多,False,2956.035,2656.615,0.01376140811026959698316956502,0.08892358743828680465913190677,-0.4801661654135338345864661654,0.0116969552706880676178853349,True,58.13282862268667988112736200,18.672702310721868292427487,24.50986082566717967933712050,-5.83715851494531138690963350,2909.53975,2960.741046768246016759009945,2858.338453231753983240990055,34.57540988810204744197429465,0.578183
2025-03-11,0,2915.148,2735.1954,2607.705620833333333333333333,True,True,偏多,False,2956.035,2656.615,0.01402570298317615434962478749,0.08868606328049210537509587849,-1.677123308270676691729323308,0.1556716562173426428953260485,True,56.36706817445401357300119789,15.412680347459438674228712,21.25991836445438800423804912,-5.84723801699494933000933712,2911.4594,2960.480837487695115528268524,2862.437962512304884471731476,35.35333811780227560047783569,0.578183
2025-03-13,1,2986.195,2739.10585,2612.674233333333333333333333,True,True,偏多,False,2989.785,2669.315,0.001202198784741117040246869344,0.1061149723979847263825704617,-0.1312278195488721804511278195,0.0006643824653029627527308260,True,67.53179376123579861673832957,21.778891910139621807985483,20.67114688280551156277010404,1.10774502733411024521537896,2916.01775,2974.731883006883444910551759,2857.303616993116555089448241,36.85031194851318661469772567,3.697619
2025-03-14,1,2983.795,2741.082266666666666666666667,2615.550816666666666666666667,True,True,偏多,False,3004.725,2689.308,0.007014556965207060136504015859,0.09869545327343198845765208401,1.138080451127819548872180451,0.0403463342971812337936492974,True,66.89450687310037096003662000,25.137154866937873410862444,21.56434847963198393238857203,3.57280638730588947847387197,2918.45325,2983.795899875483317438882535,2853.110600124516682561117465,36.12100395219081614221931669,3.697619
2025-03-17,1,2999.518,2745.328041666666666666666667,2621.3062625,True,True,偏多,False,3004.725,2689.308,0.001735945575255757758413185052,0.1034199494718818156783856606,3.863574436090225563909774436,0.3141814420428961739836327018,True,69.05180396645096883653909639,30.636795908960411648027951,24.40374451163835775088604046,6.23305139732205389714191054,2924.1169,3003.609159197735725191182345,2844.624640802264274808817655,33.34311565265432616344420674,3.697619
2025-03-18,1,3031.528,2747.466733333333333333333333,2624.2917625,True,True,偏多,False,3038.058,2689.308,0.002154029255213872344243562982,0.1128869665726326789658548428,5.595672932330827067669172932,0.4896422261264352321499655857,True,73.01712759352286046870736848,34.930521644715876040954533,26.50909993825386140889973897,8.42142170646201463205479403,2928.86155,3021.084436383966534362032980,2836.638663616033465637967020,33.73289310603616000891247769,3.697619
2025-03-19,1,3049.875,2749.671875,2627.331041666666666666666667,True,True,偏多,False,3051.758,2702.745,0.0006174023525554325996967088815,0.1138177794171892290667650314,7.654964661654135338345864662,0.6930039334142537555601119282,True,74.99472972661374025235227316,39.360061504413566080530008,29.07929225148580234322579278,10.28076925292776373730421522,2933.86555,3039.913227293705966391591988,2827.817872706294033608408012,33.42647216989072000827587214,3.697619
2025-03-20,1,3046.245,2752.169375,2630.431195833333333333333333,True,True,偏多,False,3057.245,2730.529,0.003611003054580311169981403334,0.1036410400345343201219862486,9.016271428571428571428571429,0.7973030674335202580013914488,True,73.84160020917019637002064665,42.092378357402769774436377,31.68190947266919582946790962,10.41046888473357394496846738,2940.25755,3056.707975669423810827104158,2823.807124330576189172895842,33.31150987204138286482759556,3.697619
2025-03-21,0,3022.705,2754.559458333333333333333333,2633.308366666666666666666667,True,True,偏多,False,3057.245,2730.529,0.01142685111514355519311345302,0.09666044155814080434577638241,9.858367669172932330827067669,0.8779862911213893127021557558,False,66.68123019427252633186894528,41.875562463221629993030412,33.72064007077968266218041010,8.15492239244194733085000190,2945.44305,3066.778292998025928047946066,2824.107807001974071952053934,34.36047345260985551733991016,0.578183
2025-03-24,1,3009.595,2759.223208333333333333333333,2639.0784375,True,True,偏多,False,3057.245,2730.529,0.01583269509684857929389170304,0.09272543315628847070785271772,9.184923308270676691729323308,0.8402234801477575703501171638,False,62.52534458182213073008103196,39.317329593305456069585271,36.06433405004013013147657922,3.25299554326532593810869178,2960.5079,3076.066946037772395588023659,2844.948853962227604411976341,32.23137761985237542056349396,3.697619
2025-03-25,1,3020.775,2761.517208333333333333333333,2641.9641875,True,True,偏多,False,3057.245,2730.529,0.01207306072117254678021368688,0.09608328988421845387359204178,8.626409774436090225563909774,0.8086982874750776267776404257,False,64.42146497088503242147948013,38.150658074318864570156854,36.48159885489587701921263418,1.66905921942298755094421982,2968.01625,3078.643634072615583112437048,2857.388865927384416887562952,31.97127921843434860480895868,3.697619
2025-03-26,1,3021.395,2764.496541666666666666666667,2644.8480625,True,True,偏多,False,3057.245,2734.738,0.01186538006450662690578358672,0.09487571138497283539557058908,8.166996240601503759398496241,0.7754853362333104882524644364,False,64.52865157889346810205919086,36.851292547200379896015994,36.55553759335677759457330614,0.29575495384360230144268786,2974.55475,3081.509821187625320564729180,2867.599678812374679435270820,31.1033307028318951330368902,3.697619
2025-03-27,1,3055.275,2767.400625,2647.7420625,True,True,偏多,False,3059.518,2745.0,0.001388745693922805639426892833,0.1015538699462405184476029163,8.365199248120300751879699248,0.7879439425826654935052227795,False,69.87038743268960355110923538,38.115991435672218058486648,36.86762836181986568735597451,1.24836307385235237113067349,2981.61475,3090.295956161645077686526909,2872.933543838354922313473091,31.60759279548675976639139804,3.697619
2025-03-28,1,3083.898,2770.732816666666666666666667,2650.917658333333333333333333,True,True,偏多,False,3086.725,2758.475,0.0009166969854385586034298151236,0.1055232695763608264605379296,8.824550375939849624060150376,0.8076234924580947104035369150,True,73.50107882747014630402004841,40.955798354723689917305688,37.68526236040063053334591721,3.27053599432305938395977079,2989.9014,3103.145069981858147125004308,2876.657730018141852874995692,31.63847902438056264022058389,3.697619
2025-04-01,1,3114.998,2782.534058333333333333333333,2660.7281,True,True,偏多,False,3148.835,2771.885,0.01086260729541399384526089583,0.1101487063555096985616042129,9.333469924812030075187969925,0.8169913802078107500369071321,True,75.66168115853599558864381810,48.764757846244637833233606,42.05750745209891808413056438,6.70725039414571974910304162,3019.34755,3138.433415015920340334877455,2900.261684984079659665122545,33.02842981653210500020576633,3.697619
2025-04-02,0,3162.475,2787.465566666666666666666667,2664.329004166666666666666667,True,True,偏多,False,3167.548,2806.925,0.001604123352753776709697309860,0.1124277662274010071225859493,9.247475939849624060150375940,0.8204044817433142962416824128,True,80.10319046851037105904247251,53.519763376027737388795405,44.34995863688468194506353250,9.16980473914305544373187250,3033.25105,3150.994028670449814639888954,2915.508071329550185360111046,35.19589911535124035733392588,0.578183
2025-04-11,0,3236.375,2817.766508333333333333333333,2688.804658333333333333333333,True,True,偏多,False,3245.025,2832.455,0.002672743424355953806341972114,0.1248063033486539724228496389,4.934454135338345864661654135,0.1734219688446212738071602105,True,70.25372406106923602645656006,42.643071639079163487358920,34.96116248517554747538009866,7.68190915390361601197882134,3069.6139,3206.264921005918576341866375,2932.962878994081423658133625,60.68493225254865249856704521,0.578183
2025-04-13,0,3223.545,2821.965008333333333333333333,2692.2946875,True,True,偏多,False,3245.025,2832.455,0.006663471426643648529801817564,0.1213229534565206938324112119,6.764487218045112781954887218,0.2647302125123100605354312850,True,68.36358860093626293706613684,49.832900539689660899845293,37.93551009607837016027313753,11.89739044361129073957215547,3078.4789,3230.099756922654279002055896,2926.858043077345720997944104,58.29100852022374874866939912,0.578183
2025-05-01,1,3236.955,2905.143041666666666666666667,2748.8278625,True,True,偏多,False,3499.915,2879.935,0.08123684141423034920164166632,0.1102950149137074812593934732,10.34583383458646616541353383,0.3573762895357328519177016660,False,50.82436434297287072177448885,55.599118075627546945557595,71.84049912982918248788354116,-16.24138105420163554232594616,3271.15495,3470.740204265414107020039045,3071.569695734585892979960955,70.74123022550116010348300878,3.697619
2025-05-02,1,3239.415,2909.508958333333333333333333,2752.476945833333333333333333,True,True,偏多,False,3499.915,2879.935,0.08041575407905439716738979106,0.1109706536519711120680740195,5.267827819548872180451127820,0.1662735713744898588328804187,False,51.07190357003796094413767833,47.538567206261884966627046,66.98011274511572298363224213,-19.44154553885383801700519613,3284.21245,3433.198559480682795632121817,3135.226340519317204367878183,69.00328520939393438180565101,3.697619
2025-05-08,1,3316.025,2938.579741666666666666666667,2771.8685875,True,True,偏多,False,3499.915,2879.938,0.05545494982697657587020604489,0.1315089602762343468459978438,-0.9422172932330827067669172932,0.0113534698997051688587947542,True,55.16932805222220259401307451,47.515080932517564633319862,53.67346745647222346145299748,-6.15838652395465882813313548,3320.52995,3422.509381113288722836498594,3218.550518886711277163501406,72.91704571244775628909041914,3.697619
2025-05-09,1,3323.345,2944.662741666666666666666667,2775.525420833333333333333333,True,True,偏多,False,3499.915,2905.755,0.05313020465825847150987935348,0.1256535207750022943750949721,-1.989343609022556390977443609,0.0559851160051679578559266530,True,55.79996756045874296052331124,44.716798874400763531927701,51.88213374005793147554793818,-7.16533486565716794362023718,3324.11395,3421.075451534320310875250402,3227.152448465679689124749598,72.92797101870148798272681779,3.697619
2025-05-11,0,3287.315,2950.203408333333333333333333,2779.043170833333333333333333,True,True,偏多,False,3499.915,2932.768,0.06467284090511557304365416761,0.1078530654957008987578008192,-2.108131578947368421052631579,0.0622165354443809127807225532,False,51.92788652215428876048968828,39.140631462777620064661163,49.33383328460186919337058314,-10.19320182182424912870942014,3320.98545,3418.455372906453557941402412,3223.515527093546442058597588,71.85168737450852455538918793,0.578183
2025-05-13,1,3253.925,2960.628941666666666666666667,2785.8972125,True,True,偏多,False,3499.915,2956.125,0.07559793172860468511105818358,0.09152024093978810206135666925,-3.616075939849624060150375940,0.1534721493923496845686574331,False,48.77922537209202586279976253,24.374234003249944255474528,41.29313284553591206770182265,-16.91889884228596781222729465,3311.76595,3418.216663105126731227006297,3205.315236894873268772993703,70.96660799128541147888149366,3.697619
2025-05-14,1,3185.815,2965.3745,2789.239158333333333333333333,True,True,偏多,False,3499.915,2956.125,0.09859329559312138338227423752,0.07209772067744046656820939069,-3.470300751879699248120300752,0.1476411175060067640372542436,False,42.66827382035544802849314583,14.036982972751683507320966,35.84190287097906635562565132,-21.80491989822738284830468532,3299.309,3403.466194355454870806388250,3195.151805644545129193611750,72.094707420479310658961387,3.697619
2025-05-15,1,3236.845,2970.529833333333333333333333,2792.789825,True,True,偏多,False,3499.915,2956.125,0.08127358585289070066685306216,0.08672642650482182495609150268,-3.778338345864661654135338346,0.1686786035570968010537114647,False,47.93145977939834913494501814,9.848800735492343223071641,30.64328244388172172911484926,-20.79448170838937850604320826,3294.3355,3400.430927700726104382344993,3188.240072299273895617655007,76.3450854618736456118927165,3.697619
2025-05-16,1,3202.465,2975.279725,2796.031575,True,True,偏多,False,3499.915,2956.125,0.09288157716009386519446738684,0.07692199602493704068584668373,-4.746413533834586466165413534,0.2355583863272046970539708913,False,44.93826496080246062228019544,3.712660227833403191559244,25.25715800067205802160372821,-21.54449777283865483004448421,3288.6515,3401.434101721187475007286921,3175.868898278812524992713079,77.37543650031124235390037957,3.697619
2025-05-22,1,3299.748,3002.504925,2813.1944625,True,True,偏多,False,3499.915,2956.125,0.06066129898404362999841199995,0.1041361340320533568017921369,-1.805295488721804511278195489,0.0355874185403959188156504925,True,53.99862302903207321149649957,8.919471881662713418866793,11.35623820057477311491760266,-2.43676631891205969605080966,3275.78115,3386.144754030087745227560381,3165.417545969912254772439619,71.65243348104595947244216257,3.697619
2025-05-25,0,3342.298,3014.177258333333333333333333,2820.4229375,True,True,偏多,False,3499.915,2956.125,0.04715827254182601312031422692,0.1155411635946286058274875550,-0.4913593984962406015037593985,0.0023424224475183210586360260,True,57.21459148219451271971285981,18.517180586441780779687192,13.37712403917346143022002826,5.14005654726831934946716374,3285.2498,3402.332432151143578567466858,3168.167167848856421432533142,68.14321560355493444307512995,0.578183
2025-05-26,1,3345.945,3020.053066666666666666666667,2823.9214375,True,True,偏多,False,3499.915,2956.125,0.04601689507747437569954078743,0.1165052025660911939676234965,-0.3479924812030075187969924812,0.0011577592923854539742182945,True,57.53837011695782632824210654,21.324824016122545245588590,14.96666403456327819329374061,6.35815998155926705229484939,3290.5763,3408.523203413527563453679467,3172.629396586472436546320533,65.65441448901529626856976353,3.697619
2025-05-27,1,3309.148,3025.675425,2827.278241666666666666666667,True,True,偏多,False,3499.915,2956.125,0.05764837353904993067702018767,0.1066809341860805258634548833,-0.7589661654135338345864661654,0.0056432535015693152137018521,True,53.16664270978949473596329622,20.346153495033428570775285,16.04256192665730826879004949,4.30359156837612030198523551,3293.64645,3410.161883728712523726269196,3177.131016271287476273730804,65.64974202551420367795763756,3.697619
2025-05-29,0,3315.395,3036.1997,2833.734754166666666666666667,True,True,偏多,False,3499.915,2956.125,0.05565551012775250007917608611,0.1083641617363843523923996990,1.495007518796992481203007519,0.0269039230717656569993117169,True,53.48772359123377913023096902,15.788088982286263278088755,15.88739001959295792644013035,-0.09930103730669464835137535,3285.6861,3390.800300422017195687649654,3180.571899577982804312350346,67.73261939955051235497367729,0.578183
2025-06-05,1,3361.648,3069.50925,2854.656325,True,True,偏多,False,3499.915,2969.605,0.04113071921866893856822606055,0.1166222638420203424034878131,8.019757142857142857142857143,0.6315774374204520746373939431,False,56.11121568806248108270400015,25.752067728774455928439931,20.18945676191527139589925635,5.56261096685918453254067465,3300.28955,3416.668312297035965684914379,3183.910787702964034315085621,63.34777071606072525446430435,3.697619
2025-06-08,1,3317.798,3079.595333333333333333333333,2861.3440875,True,True,偏多,False,3499.915,3078.105,0.05489092464339299740369968274,0.07224460319766302830974037600,5.407812030075187969924812030,0.3977999909880467454429679263,False,51.16360563187543478064603992,19.279067171672114807979395,20.28058401345084300298985938,-1.00151684177872819501046438,3310.5277,3409.409194918108919132411231,3211.646205081891080867588769,60.01500128068501310206360936,3.697619
2025-06-12,0,3395.545,3100.5072,2875.6199625,True,True,偏多,False,3499.915,3120.205,0.03073733377116191951512938276,0.08108860286051281900254598305,2.200870676691729323308270677,0.1393292232171729477409678975,True,59.53911961906696052452335214,21.712435455611247041082140,19.45807034228738719111865163,2.25436511332385984996348837,3333.8157,3401.814184986358335776259611,3265.817215013641664223740389,57.96921378013444031674403236,0.578183
2025-08-01,0,3362.425,3269.47415,3004.290,True,True,偏多,False,3451.085,3244.925,0.02636787437638014230800687004,0.03494501736098202933894436307,-1.470900751879699248120300752,0.0654625608621441303930641540,True,53.64853352068176805275515948,-4.670367205681307949143889,0.147212724793167988949990997,-4.817579930474475938093879997,3346.6787,3412.978572787509931993745833,3280.378827212490068006254167,43.96111314221965973389741269,0.578183
2025-08-06,0,3369.905,3281.867625,3014.667179166666666666666667,True,True,偏多,False,3451.085,3244.925,0.02408969985800786669060403780,0.03708709889447922122433718458,-0.1658518796992481203007518797,0.0007798807470736368997209969,True,54.12450267988504226549964610,5.237619563976755375813571,1.658740420019801338477174180,3.578879143956954037336396820,3351.73605,3420.226831074462860880906602,3283.245268925537139119093398,40.65067306473697682371522293,0.578183
2025-08-08,0,3398.579,3287.722358333333333333333333,3019.945866666666666666666667,True,True,偏多,False,3451.085,3244.925,0.01544939811609499146555074930,0.04521124858359920425566096889,0.6733203007518796992481203008,0.0112572346032859624486531013,True,58.51371976268583245799930103,10.929971819309623101584050,4.615975496641487621509335555,6.313996322668135480074714445,3357.8168,3431.003416674361986795754505,3284.630183325638013204245495,40.16353953030892389391771773,0.578183
2025-08-19,0,3314.135,3309.78375,3044.007975,True,True,偏多,False,3438.655,3244.925,0.03757239822759181505883133910,0.02088327723523634372166492916,0.5520496240601503759398496241,0.0093086405672393681681571099,False,41.97776131051879314219016002,-4.948759423170436789518683,1.261218515050055452997053518,-6.209977938220492242515736518,3348.0445,3414.031868310912354492859208,3282.057131689087645507140792,34.75313932193701468602972194,0.578183
2025-08-22,1,3371.235,3315.334475,3053.674395833333333333333333,True,True,偏多,False,3438.655,3244.925,0.01999860585215803703983851615,0.03746698168475351021213294238,-1.281785714285714285714285714,0.0688294679286515911417033312,True,54.78944903744205160537401264,-1.799325822246215406509142,-0.9657885085649337488228892870,-0.8335373136812816576862527130,3354.61985,3410.964675900077107257509461,3298.275024099922892742490539,35.96539398334388530073152299,3.697619
2025-08-25,1,3354.648,3321.050866666666666666666667,3060.297491666666666666666667,True,True,偏多,False,3438.655,3244.925,0.02504197161669421054012224233,0.03270775354075897083688065037,-2.121996992481203007518796992,0.2635885006823015521237648560,True,50.92613312348716699215925738,0.394483793931178668497455,-0.5284747135629400068069413436,0.9229585074941186753043963436,3358.2565,3405.922351388598945280457279,3310.590648611401054719542721,33.17408460808732967256952748,3.697619
2025-08-26,1,3390.648,3324.463975,3063.540045833333333333333333,True,True,偏多,False,3438.655,3259.195,0.01415865049984545726952488138,0.03876928539913314505073956365,-1.603232330827067669172932331,0.1383455507379115487151688773,True,57.93100114923287154631100001,3.518294240751885504546066,0.2808790773000250954636601252,3.237415163451860409082405875,3359.69865,3409.408183151197467265879624,3309.989116848802532734120376,33.87736427893823469595741837,3.697619
2025-08-27,1,3395.465,3327.940641666666666666666667,3066.7085875,True,True,偏多,False,3438.655,3267.955,0.01271990728810339673652945915,0.03755303029187460333120794943,-0.8159789473684210526315789474,0.0332622994644031972085716927,True,58.77886946157932021712844577,6.309891665004554558378499,1.486681594840930988046627900,4.823210070163623570331871100,3360.612,3412.209497629245548520018710,3309.014502370754451479981290,33.27969540187121793196045991,3.697619
2025-08-28,0,3414.508,3330.674083333333333333333333,3069.8856,True,True,偏多,False,3438.655,3267.955,0.007071882684123159178423362897,0.04292067846963603541125104993,0.3084849624060150375939849624,0.0040403829793999386844678603,True,62.03632073289265124631859089,9.944232761897619434647459,3.178191828252268677366794120,6.766040933645350757280664880,3362.18415,3418.153279531465825719246731,3306.215020468534174280753269,33.66143144459470236539185563,0.578183
2025-08-29,1,3446.805,3332.824333333333333333333333,3073.126379166666666666666667,True,True,偏多,False,3453.565,3267.955,0.001961236565456995681507947215,0.05188863309644728959137520109,1.639262406015037593984962406,0.0795338477883789788826024333,True,66.82465997348472918289133893,15.254725270723836993722599,5.593498516746582340637955096,9.661226753977254653084643904,3366.02915,3433.063638933011192160445197,3298.994661066988807839554803,34.78418634140936648214958023,3.697619
2025-09-01,1,3478.965,3336.71375,3079.339379166666666666666667,True,True,偏多,False,3489.595,3267.955,0.003055506450912843331278124385,0.06065309653876943286293480963,5.399648872180451127819548872,0.4990618119595889456641901078,True,71.03539391196247257311355350,24.765478210075525209729242,11.62281052583531375844640430,13.14266768424021145128283770,3372.42725,3460.575596557096577227004371,3284.278903442903422772995629,34.47334434539889252797591356,3.697619
2025-09-02,1,3529.698,3339.357941666666666666666667,3083.169975,True,True,偏多,True,3539.849,3267.955,0.002875883432520289271206771797,0.07415450273649473694350054877,7.943654135338345864661654135,0.6738603886017813598281390099,True,76.18137277369767595722180486,32.803211847641690950621107,15.85889079019658919688134484,16.94432105744510175373976216,3379.3494,3490.948626186206147905216074,3267.750173813793852094783926,37.01410546358468591883477688,3.697619
2025-09-03,1,3560.175,3341.928858333333333333333333,3087.036933333333333333333333,True,True,偏多,True,3578.175,3267.955,0.005055931239335145042027428427,0.08208023481991756023229195194,10.04527593984962406015037594,0.7309232061667904077869834727,True,78.63683024729674805775270064,41.157969405875676178378311,20.91870651333240659318073807,20.23926289254326958519757293,3389.91575,3525.419656654937443541505531,3254.411843345062556458494469,38.06074078761435121034657853,3.697619
2025-09-08,1,3634.735,3349.457225,3102.837154166666666666666667,True,True,偏多,True,3646.115,3267.955,0.003130902252846493623331549618,0.1009096949296166020356367108,16.76741879699248120300751880,0.9336819709770658852623333632,True,82.47655900850111711988100510,64.428417228370875719815568,42.25646057183686609430857715,22.17195665653400962550699085,3438.92825,3639.049195377414205338572926,3238.807304622585794661427074,40.72287059129147971987475608,3.697619
2025-09-09,1,3633.355,3351.932558333333333333333333,3106.967404166666666666666667,True,True,偏多,False,3673.645,3267.955,0.01108892469907289543686207376,0.1005682076207802430535964694,17.77599774436090225563909774,0.9516947009667455386721145534,True,82.07454689026645924139194337,68.776366196835821773104339,47.56044169683665723006772952,21.21592449999916454303660948,3454.25125,3664.392340376798987427976421,3244.110159623201012572023579,41.75266554905637402559798779,3.697619
2025-09-11,1,3631.595,3357.027475,3115.232016666666666666666667,True,True,偏多,False,3673.645,3267.955,0.01157893432500044746179020513,0.1001323110093498862070247371,18.39541127819548872180451128,0.9629323488635147605810095718,False,78.76610527216101441276250351,73.197708668226833242768726,56.64669167278544964385253034,16.55101699544138359891619566,3485.82125,3702.012162308427062616010304,3269.630337691572937383989696,41.14678304995166944043908131,3.697619
2025-09-12,0,3642.635,3359.727558333333333333333333,3119.436183333333333333333333,True,True,偏多,False,3673.645,3267.955,0.008513068149842078605185531902,0.1028596057524292167620417637,18.43998270676691729323308271,0.9639868303028968944534603954,False,79.66895867112653719525168659,73.945275499317366330218983,60.10640843809183298112582087,13.83886706122553334909316213,3500.61475,3717.210923328962577957883915,3284.018576671037422042116085,40.07486997495512162326486121,0.578183
2025-09-15,1,3676.598,3365.351083333333333333333333,3127.944366666666666666666667,True,True,偏多,False,3685.345,3267.955,0.002379101549856688166614897794,0.1111470440880400848828183010,17.85786015037593984962406015,0.9511075794546915332055043333,False,81.31772766749073397763324504,75.068875942614843581630532,65.21239805981366101086078920,9.85647788280118257076974280,3530.8719,3742.045885633552884363598913,3319.697914366447115636401087,39.40505115187456915475388543,3.697619
2025-09-17,1,3668.748,3371.797025,3136.3052,True,True,偏多,False,3707.308,3267.955,0.01051039755251655333100011230,0.1092451702869752842113985480,16.32959548872180451127819549,0.9289776373935761523084182071,False,74.85020961768838159710281847,75.582216831234565970072986,69.16948037326911338320190469,6.41273645796545258687108131,3562.8379,3758.226228364720905608493310,3367.449571635279094391506690,40.25461553401429687323166652,3.697619
2025-09-18,1,3639.895,3375.154858333333333333333333,3140.14895,True,True,偏多,False,3707.308,3267.955,0.01852058919282012255848039573,0.1021842663043851539673534539,14.71162330827067669172932331,0.8772558981080754033946670036,False,67.16766180415429151420160481,71.322607917388947493352082,69.60010588209308020523194015,1.72250203529586728812014185,3575.30025,3756.443964190556443939556858,3394.156535809443556060443142,40.61642871015613281085797606,3.697619
2025-09-24,0,3742.815,3392.048,3162.280216666666666666666667,True,True,偏多,False,3790.865,3267.955,0.01283793080876292309398140170,0.1268724208917619492280542853,10.11092406015037593984962406,0.8791399067458509630980435635,False,73.36865802174227860935796452,75.572894357352823410927936,72.28253955820701014479175085,3.29035479914581326613618515,3647.35395,3771.715942569233145107444188,3522.991957430766854892555812,43.28683072544178210667781748,0.578183
2025-09-25,1,3744.475,3395.618416666666666666666667,3167.099079166666666666666667,True,True,偏多,False,3790.865,3267.955,0.01238891967498781538132849064,0.1272594956569345502373496952,9.640642105263157894736842105,0.8752882420171625944764113905,False,73.51797283516049858731745475,74.691693068327789604443510,72.76437026023116603672210268,1.92732280809662356772140732,3658.0928,3776.931046179586477436517774,3539.254553820413522563482226,43.01705710219594052762940194,3.697619
2025-09-26,1,3759.005,3399.248916666666666666666667,3171.955829166666666666666667,True,True,偏多,False,3790.865,3281.435,0.008475647145986770435261458817,0.1270469180009071549519088163,9.536174436090225563909774436,0.8735086426614043962579100208,True,74.84731391218680873438554099,74.309194131703301128087410,73.07333503452559305499516414,1.23585909717770807309224586,3668.0343,3785.704476240371119790887900,3550.364123759628880209112100,43.46726730918194477565587323,3.697619
2025-09-30,0,3862.765,3413.284275,3186.956608333333333333333333,True,True,偏多,True,3871.505,3311.255,0.002262627936206318530896909338,0.1427759648852570632694455914,10.70902556390977443609022556,0.8392911819110026487228333958,True,82.32207241982974236416398751,82.429422565287837469520153,75.78655539939694624850927077,6.64286716589089122101088223,3704.7173,3839.526473371992753273626979,3569.908126628007246726373021,46.09342174864166642569823378,0.578183
2025-10-02,1,3862.145,3424.139691666666666666666667,3197.3347625,True,True,偏多,False,3896.958,3311.255,0.009013902895929593528984540974,0.1426383525217204429144944066,12.64627067669172932330827068,0.8839547107685488413320374277,True,82.05116283772693010864690742,86.260476078461775421787071,79.38226322667469353926580510,6.87821285178708188252126590,3727.5783,3882.700260981802960187142257,3572.456339018197039812857743,48.09714426285939605072959953,3.697619
2025-10-08,0,4011.465,3453.321716666666666666666667,3225.09585,True,True,偏多,False,4059.098,3311.255,0.01187421552973788877629494461,0.1745521897860258035406017502,18.22116390977443609022556391,0.9330222678795239350674709949,True,89.13057087420026640723934121,105.350241991432936032528635,91.98456366999120379232560746,13.36567832144173224020302754,3804.4563,4022.004718710961905258564485,3586.907881289038094741435515,51.95883292078794129280869801,0.578183
2025-10-09,0,3989.548,3459.07005,3230.7874875,True,True,偏多,False,4059.098,3311.255,0.01743305256635588793517461126,0.1700175057425051659987547462,19.12262631578947368421052632,0.9560642650597347582946011442,False,83.10812506478485207811675596,105.775695885886371143021831,94.74279011317023726246485217,11.03290577271613388055697883,3819.22945,4044.772690530480097117055839,3593.686209469519902882944161,56.38870199787451691475093386,0.578183
2025-10-10,0,4017.845,3464.580633333333333333333333,3236.452279166666666666666667,True,True,偏多,True,4059.098,3311.255,0.01026744436383185513627330074,0.1758629314968596349535634152,19.58396842105263157894736842,0.9622342622232504325884871978,False,84.55880343214767813275368897,107.160918214750043994342463,97.22641573348619860884037434,9.93450248126384538550208866,3836.6843,4066.927128718811565942262342,3606.441471281188434057737658,57.79472328374062284941158144,0.578183
2025-10-17,1,4250.855,3508.64725,3275.002933333333333333333333,True,True,偏多,False,4379.125,3321.045,0.03017510594927373434285573138,0.2187348192304842202333412925,27.99487969924812030075187970,0.9284097176883765277872271337,True,76.27132503970029730284287401,150.074149397690505943828320,124.8833124176343672387154806,25.1908369800561387051128394,3980.9241,4315.993360571542133816363204,3645.854839428457866183636796,80.23850519334375877014804971,3.697619
2025-10-20,1,4359.905,3524.483725,3288.406629166666666666666667,True,True,偏多,True,4381.298,3351.175,0.004906758289458141863182798708,0.2313651329558786257957455495,29.09682105263157894736842105,0.9292556546261401631549910756,True,79.20771998929791787784340797,156.844393563674602048622418,135.1908863063783879707645794,21.6535072572962140778578386,4035.6256,4383.725386845323994662592731,3687.525813154676005337407269,83.49204274324028179670928771,3.697619
2025-10-21,0,4092.618,3530.591391666666666666666667,3294.343891666666666666666667,True,True,偏多,False,4381.298,3351.175,0.07053675666773688626693231570,0.1811659431688958021491377891,25.66398345864661654135338346,0.8241464038974835471938745037,False,55.37260251142582647450086531,139.603261835979192496559852,136.0733614122985488759236339,3.5299004236806436206362181,4051.9241,4377.946697474408206089679198,3725.901502525591793910320802,98.51753969015169023980148143,0.578183
2025-11-03,0,3996.925,3591.0349,3354.050270833333333333333333,True,True,偏多,False,4381.298,3577.698,0.09616717851848608617874991400,0.1048873821750470674330891873,-13.58373684210526315789473684,0.4221894615016165233616655102,True,48.71800951834183905166724957,16.386418175540233417390630,49.63840853612549658424666334,-33.25199036058526316685603334,4107.6568,4348.753566404363042838348420,3866.560033595636957161651580,94.81581854199034957093256207,0.578183
2025-11-13,0,4185.725,3643.9608,3401.4381625,True,True,偏多,False,4381.298,3627.465,0.04672380531449151580670015350,0.1333723548489210351850635195,3.3565,0.0635180132566587021943180719,True,63.17838667956808300791175610,36.486049995357251150053301,22.57116735836603866221705978,13.91488263699121248783624122,4043.06335,4196.653731528629584949563872,3889.472968471370415050436128,83.75861339600538780702492671,0.578183
2025-11-16,0,4096.198,3657.638275,3411.689191666666666666666667,True,True,偏多,False,4381.298,3631.938,0.06960112767986313161619628739,0.1133392477609724920523861395,6.615076691729323308270676692,0.2549169253372794254760516105,False,54.03641690883251971737328280,32.141607721774539387887918,26.25479625732746391179221034,5.88681146444707547609570766,4041.5402,4192.639122795101355414745562,3890.441277204898644585254438,86.661151346555666017281697,0.578183
2025-11-19,0,4104.165,3676.120558333333333333333333,3426.413845833333333333333333,True,True,偏多,False,4381.298,3717.348,0.06752481929941900484020501125,0.09424986568522464374604822175,8.922787969924812030075187970,0.4729335500429176790332789508,False,54.36154156251095953715275583,24.152091568536758007278197,25.38949816144974035028113062,-1.23740659291298234300293362,4043.7012,4193.333837643797484453624910,3894.068562356202515546375090,86.37156177419198186587751029,0.578183
2025-11-20,0,4078.675,3682.354116666666666666666667,3431.302083333333333333333333,True,True,偏多,False,4381.298,3717.348,0.07419639956603553850208707485,0.08858930902805445395869982286,8.172421052631578947368421053,0.4180010377081627352735573443,False,51.99703938338892875470174610,22.110138428446301150312867,24.73362621484905251028747790,-2.62348778640275135997461090,4049.4082,4195.184819336023840994309171,3903.631580663976159005690829,85.287878790321126018314831,0.578183
2025-12-08,0,4194.535,3786.5865,3510.326533333333333333333333,True,True,偏多,False,4381.298,3886.199,0.04452531687064239540258932158,0.07350898252130450693581052489,9.213557894736842105263157895,0.7528684239787400251569445210,False,58.65406960267847238185951124,39.017969783408226463071010,39.57901267338692033547439278,-0.56104288997869387240338278,4151.0715,4273.531328877064825008399051,4028.611671122935174991600949,59.81787286863108350225978785,0.578183
2025-12-21,0,4354.915,3874.131841666666666666666667,3573.3780375,True,True,偏多,False,4374.395,3886.199,0.004473106822980471490258707690,0.1076291959774186178145842112,8.498656390977443609022556391,0.7764328932184725184006278865,True,75.55717090662715382986475819,58.328086295846035920915285,52.56066129022734907003907664,5.76742500561868685087620836,4259.19835,4370.428911155241862782207689,4147.967788844758137217792311,55.92793473810306310447617283,0.578183
2025-12-30,0,4338.655,3946.301283333333333333333333,3621.319,True,True,偏多,False,4549.715,3928.475,0.04864641230980568862931023555,0.09454081967798776348891534358,14.08922180451127819548872180,0.6329819221612397499050535577,False,50.67907294922369426680963193,66.986363466560623487077950,75.00372420698459630195403128,-8.01736074042397281487608128,4358.61385,4562.842738285937648346397649,4154.384961714062351653602351,69.77319577795727863055981814,0.578183
