trading_day_utc,label_traded,feature_close,feature_sma_120,feature_sma_240,feature_above_sma_120,feature_above_sma_240,feature_trend_label,feature_volume_backed_candle,feature_resistance,feature_support,feature_distance_to_resistance_pct,feature_distance_to_support_pct,feature_trendline_slope,feature_trendline_r_squared,feature_trendline_price_above,sample_weight
2021-01-06,0,1923.985,1895.81215,1834.2879125,True,True,偏多,False,1965.415,1764.245,0.02153343191345046868868520285,0.08302559531389277982936457405,4.524447368421052631578947368,0.7619520603063817307140741582,False,0.578183
2021-01-29,0,1847.048,1879.887575,1849.858529166666666666666667,False,False,偏空,True,1959.225,1776.75,0.06073312658902205032029487052,0.03805964977629168272833191124,-0.6978015037593984962406015038,0.0410661496779988940141732419,True,0.578183
2021-02-01,1,1857.585,1878.477125,1850.9316375,False,True,盤整,True,1959.225,1802.948,0.05471620410371530777864808340,0.02941292053930237378101136691,0.5666248120300751879699248120,0.0608893635337772507690018144,True,3.697619
2021-02-02,1,1836.325,1877.590375,1851.395708333333333333333333,False,False,偏空,False,1959.225,1802.948,0.06692715069500224633439069881,0.01817597647475256286332757001,0.3421751879699248120300751880,0.0214435630834842834907098067,False,3.697619
2021-02-04,0,1795.775,1875.2491,1852.294945833333333333333333,False,False,偏空,False,1959.225,1784.888,0.09101919783937297267196614275,0.006062563517144408403057175871,-0.4095060150375939849624060150,0.0182641815103691820100062447,False,0.578183
2021-02-17,0,1778.085,1867.26515,1857.6304625,False,False,偏空,False,1959.225,1769.418,0.1018736449607302238081981458,0.004874345152228380532989142814,-2.603733082706766917293233083,0.5074362233532668724051949565,False,0.578183
2021-02-28,0,1739.085,1858.390858333333333333333333,1859.263858333333333333333333,False,False,偏空,False,1959.225,1717.09,0.1265838070019579261508206902,0.01264745541477271093707323104,-4.037907518796992481203007519,0.6101208145393667198756220095,False,0.578183
2021-03-04,0,1694.195,1851.631975,1859.106683333333333333333333,False,False,偏空,False,1959.225,1690.258,0.1564341767033901056253855076,0.002323817506249280631804485316,-6.402414285714285714285714286,0.7926434004828609553736583172,False,0.578183
2021-03-21,0,1738.088,1831.120358333333333333333333,1859.594483333333333333333333,False,False,偏空,False,1875.522,1676.696,0.07907194572426712571515366311,0.03532157175010701414427808028,1.100206766917293233082706767,0.1461571651681956842397964353,True,0.578183
2021-03-23,0,1727.045,1828.710191666666666666666667,1859.610679166666666666666667,False,False,偏空,False,1875.522,1676.696,0.08597170311138389561360589909,0.02915326468042233989270690688,1.748385714285714285714285714,0.3742814229154573722832257081,False,0.578183
2021-03-29,0,1711.858,1820.59555,1859.577316666666666666666667,False,False,偏空,False,1871.636,1676.696,0.09333601268329499292581510850,0.02054025509125172765498072854,1.061415037593984962406015038,0.1973236953934236797497252085,False,0.578183
2021-03-30,0,1685.398,1818.319908333333333333333333,1859.312204166666666666666667,False,False,偏空,False,1871.636,1676.696,0.1105009024574610863428104222,0.005163172140942376815446559210,0.1611616541353383458646616541,0.0033662177415217956169296809,False,0.578183
2021-04-04,0,1727.968,1814.58205,1858.805175,False,False,偏空,False,1855.232,1676.696,0.07364951202800051852812089113,0.02967184577492175781032982092,-0.9248962406015037593984962406,0.1578539009966428423030940970,True,0.578183
2021-04-15,0,1763.845,1803.649491666666666666666667,1857.486958333333333333333333,False,False,偏空,False,1826.375,1676.696,0.03545096082705679920854723629,0.04940853646437186941029398842,1.574606766917293233082706767,0.3071627265838110177920122601,True,0.578183
2021-05-11,1,1835.448,1795.858358333333333333333333,1851.203058333333333333333333,True,False,盤整,False,1845.296,1677.788,0.005365447563755551778094503358,0.08589728502251221500146013398,3.013065413533834586466165414,0.5399839191925086135231387432,True,3.697619
2021-05-12,1,1817.518,1795.312883333333333333333333,1850.518320833333333333333333,True,False,盤整,False,1845.296,1677.788,0.01528347999854746968118059904,0.07687956873054352143967762630,3.068215037593984962406015038,0.5516955366551881197825466963,False,3.697619
2021-05-13,1,1824.948,1794.862658333333333333333333,1849.892529166666666666666667,True,False,盤整,True,1845.296,1677.788,0.01114990673706867264163143279,0.08063791406659258236399064521,3.237377443609022556390977444,0.5862460722462002932141127104,False,3.697619
2021-05-14,0,1842.688,1794.68385,1849.108666666666666666666667,True,False,盤整,False,1845.85,1677.788,0.001715971450402889691580994721,0.08948883370380661294804112253,3.850201503759398496240601504,0.7094946424488818872444294109,True,0.578183
2021-05-17,1,1868.875,1794.385741666666666666666667,1847.485141666666666666666667,True,True,偏多,False,1868.955,1677.788,0.00004280650123737542639288341917,0.1022470737743294762892114240,4.839993984962406015037593985,0.8139374312772253417122147169,True,3.697619
2021-05-18,1,1870.025,1794.235133333333333333333333,1846.800670833333333333333333,True,True,偏多,False,1874.848,1677.788,0.002579109904947794815577331854,0.1027991604390315637491477387,5.239934586466165413533834586,0.8425200616087697962776931971,True,3.697619
2021-05-19,1,1865.805,1794.145133333333333333333333,1846.128879166666666666666667,True,True,偏多,False,1890.022,1677.788,0.01297938423361498120114374225,0.1007699089669070454843887759,5.518133082706766917293233083,0.8705708646044260339159652142,False,3.697619
2021-05-21,0,1880.898,1793.988216666666666666666667,1845.36935,True,True,偏多,False,1890.022,1677.788,0.004850874422749133658497164652,0.1079856536611767357932221737,5.987611278195488721804511278,0.9061957682133916014946897812,False,0.578183
2021-05-31,1,1907.998,1793.414816666666666666666667,1843.4645125,True,True,偏多,False,1912.648,1721.148,0.002437109472861082663608662064,0.09792987204389103133231795840,4.643767669172932330827067669,0.9086328819321502530842122406,False,3.697619
2021-06-01,1,1898.795,1793.844983333333333333333333,1843.294416666666666666666667,True,True,偏多,False,1916.485,1721.148,0.009316434896868803635990193781,0.09355775636653772524153476284,4.570791729323308270676691729,0.8975877232862320351095403958,False,3.697619
2021-06-02,1,1907.688,1794.252841666666666666666667,1843.1805125,True,True,偏多,False,1916.485,1723.578,0.004611341057866904860752911378,0.09650949211820800885679419276,4.529557894736842105263157895,0.8927909624400234868830126597,False,3.697619
2021-06-03,1,1870.868,1794.4412,1842.935858333333333333333333,True,True,偏多,False,1916.485,1723.578,0.02438279985546815702657803757,0.07872816254273417472531466677,3.844592481203007518796992481,0.7191080878634027281569802242,False,3.697619
2021-06-04,1,1890.708,1794.80745,1842.773954166666666666666667,True,True,偏多,False,1916.485,1723.578,0.01363351717980777571153239950,0.08839545820930572039680373701,3.106687218045112781954887218,0.6369054450902610909767108981,False,3.697619
2021-06-06,1,1889.198,1795.321783333333333333333333,1842.506954166666666666666667,True,True,偏多,False,1916.485,1723.578,0.01444369515529870347099668748,0.08766683005169389338756445857,2.354466165413533834586466165,0.5371239648500188072201217796,False,3.697619
2021-06-07,1,1898.658,1796.057891666666666666666667,1842.385245833333333333333333,True,True,偏多,False,1916.485,1723.578,0.009389263363912826849279859775,0.09221249956548256716059448305,1.920876691729323308270676692,0.4674183616116902684908254135,False,3.697619
2021-06-08,1,1893.285,1796.525391666666666666666667,1842.088816666666666666666667,True,True,偏多,False,1916.485,1723.578,0.01225383394470457432452060836,0.08963626712301634460738874496,1.394527819548872180451127820,0.3563050111246386279360722429,False,3.697619
2021-06-09,1,1888.598,1796.923833333333333333333333,1841.737204166666666666666667,True,True,偏多,False,1916.485,1723.578,0.01476597984324880149190034089,0.08737698546752670499492215919,1.076943609022556390977443609,0.2400455264633874010496808186,False,3.697619
2021-06-15,0,1857.785,1797.480683333333333333333333,1840.1849375,True,True,偏多,False,1916.485,1756.028,0.03159676711783118068021864748,0.05477329185024101281902911263,-1.382611278195488721804511278,0.3237664058641322758937498196,False,0.578183
2021-06-16,0,1818.688,1797.209375,1839.703575,True,False,盤整,False,1916.485,1756.028,0.05377337949114966393356089665,0.03445340817116514762290178414,-2.593779699248120300751879699,0.5171562748391247791990681764,False,0.578183
2021-06-18,0,1763.198,1796.011408333333333333333333,1838.367158333333333333333333,False,False,偏空,False,1916.485,1756.028,0.08693691803189431929936399656,0.004066474667053841939475884160,-5.425552631578947368421052632,0.6000431370956185334152850543,False,0.578183
2021-06-22,0,1777.438,1794.092275,1836.2847,False,False,偏空,False,1916.485,1756.028,0.07822888899640943875398185478,0.01204542718227021139415270744,-7.737275939849624060150375940,0.7670214040718505121928029017,False,0.578183
2021-06-24,0,1775.148,1793.107466666666666666666667,1834.836866666666666666666667,False,False,偏空,False,1916.485,1756.028,0.07961984014853972739174423766,0.01077093290249601723349264399,-8.288059398496240601503759398,0.8075372597544552009445019932,True,0.578183
2021-06-28,0,1778.018,1792.383183333333333333333333,1832.6712125,False,False,偏空,False,1916.485,1760.767,0.07787716434816745387279543852,0.009702376466379980405147754410,-8.217782706766917293233082707,0.8086097536913295880814556782,True,0.578183
2021-06-30,0,1768.138,1791.242208333333333333333333,1831.135504166666666666666667,False,False,偏空,False,1916.485,1750.488,0.08390012544269734602163405798,0.009982252516489097570438506497,-7.645743609022556390977443609,0.7684909963900501818250604086,True,0.578183
2021-07-04,0,1786.108,1790.044508333333333333333333,1829.7710875,False,False,偏空,False,1916.485,1750.488,0.07299502605665502869927238442,0.01994280301079218054003453319,-4.654372932330827067669172932,0.5020031830934213137377814540,True,0.578183
2021-07-14,0,1826.258,1790.770425,1826.788070833333333333333333,True,False,盤整,False,1916.485,1750.488,0.04940539617074914935348674722,0.04148920908217787410103063204,2.418617293233082706766917293,0.7474684170251304735437976523,True,0.578183
2021-07-21,0,1802.448,1793.884458333333333333333333,1824.4822625,True,False,盤整,False,1916.485,1750.488,0.06326784462020540953192547025,0.02882746131927245612633485127,2.451052631578947368421052632,0.6722666348643066873157973062,False,0.578183
2021-07-29,0,1830.138,1799.777808333333333333333333,1821.6501875,True,True,偏多,False,1909.498,1750.488,0.04336285023315181696680796749,0.04352130822921550178183284539,-0.01545864661654135338345864662,0.0000940172068016438234037998,True,0.578183
2021-08-05,0,1803.405,1803.779591666666666666666667,1819.262329166666666666666667,False,False,偏空,False,1902.948,1750.488,0.05519725186522162243090154458,0.02934282648656291847921016078,-0.3985406015037593984962406015,0.0646411422099092527145616410,False,0.578183
2021-08-06,0,1762.568,1804.008375,1818.668175,False,False,偏空,False,1902.948,1750.488,0.07964515411603977832344624434,0.006853636285238356761271054507,-0.8459030075187969924812030075,0.1348462882703884419634800732,False,0.578183
2021-08-09,0,1731.395,1803.736908333333333333333333,1817.428633333333333333333333,False,False,偏空,True,1877.888,1670.488,0.08460980885355450373831505809,0.03517799231255721542455649924,-2.633626315789473684210526316,0.3091553986441819033877494346,False,0.578183
2021-08-26,0,1793.418,1810.113066666666666666666667,1809.9273375,False,False,偏空,False,1833.976,1670.488,0.02261491743698345840177805732,0.06854509099384527198901761887,1.912889473684210526315789474,0.1819900577693349262973991570,False,0.578183
2021-09-08,0,1790.648,1815.013416666666666666666667,1808.8942625,False,False,偏空,False,1833.976,1670.488,0.02419682707042366785655248826,0.06710419915025175243822348111,1.753161654135338345864661654,0.4095906322757908006976150719,False,0.578183
2021-09-15,0,1794.968,1815.735791666666666666666667,1808.172966666666666666666667,False,False,偏空,False,1833.908,1670.488,0.02169398005981165123835076726,0.06934942572792384042501036230,-0.7540338345864661654135338346,0.1093606582465169630119649190,False,0.578183
2021-09-21,0,1774.824,1815.0645,1806.328416666666666666666667,False,False,偏空,False,1833.908,1670.488,0.03329006143707770460620320663,0.05878667405894894366990755140,-3.309452631578947368421052632,0.6834498581407293269930514546,True,0.578183
2021-09-29,0,1728.728,1810.663041666666666666666667,1802.9879625,False,False,偏空,False,1833.908,1670.488,0.06084242286814351361232073525,0.03368951043773225169026012189,-3.391250375939849624060150376,0.7616183547995916844726093626,False,0.578183
2021-10-03,0,1763.058,1808.675483333333333333333333,1801.573320833333333333333333,False,False,偏空,False,1833.908,1670.488,0.04018585888836328697070657914,0.05250536284115440331514901949,-2.469307518796992481203007519,0.5082191820029186912467801114,True,0.578183
2021-10-07,1,1755.028,1805.071366666666666666666667,1799.588458333333333333333333,False,False,偏空,False,1833.908,1721.548,0.04494515187222084206063948837,0.01907661872061300446488603031,-0.5248315789473684210526315789,0.0492444554754236562635055417,True,3.697619
2021-10-25,1,1807.778,1790.374733333333333333333333,1793.2163125,True,True,偏多,False,1833.908,1721.548,0.01445420842603461265708510669,0.04769944097118119592118058744,1.978203759398496240601503759,0.5094818455584290698308070679,True,3.697619
2021-10-26,1,1793.468,1789.542925,1793.034158333333333333333333,True,True,偏多,False,1833.908,1721.548,0.02254849264107304953308338928,0.04010107791162150648910379221,2.129045864661654135338345865,0.5568846412424755485036696575,False,3.697619
2021-10-27,1,1796.518,1788.775591666666666666666667,1792.8497125,True,True,偏多,False,1833.908,1721.548,0.02081248281397681515019610157,0.04173072577062962909361331197,2.355051127819548872180451128,0.6313213071439657359208709107,False,3.697619
2021-10-29,1,1782.988,1787.168891666666666666666667,1792.1964875,False,False,偏空,False,1833.908,1721.548,0.02855880129311021723085068436,0.03445900925861531317092431357,2.308013533834586466165413534,0.5998123041126547164323734792,False,3.697619
2021-10-31,0,1779.958,1786.388675,1791.8829875,False,False,偏空,False,1833.908,1721.548,0.03030970393683446463343517094,0.03281538103708065021758940379,1.961157894736842105263157895,0.4797912874349098000948408009,False,0.578183
2021-11-01,1,1791.978,1785.765508333333333333333333,1791.6131375,True,True,偏多,False,1830.098,1721.548,0.02127258258750944487041693592,0.03930293787088903993240988450,1.773475187969924812030075188,0.4277780526587115578689045688,False,3.697619
2021-11-02,1,1787.038,1785.17595,1791.328316666666666666666667,True,False,盤整,False,1828.378,1721.548,0.02313325178311821013319246709,0.03664723413827797730098632486,1.418927819548872180451127820,0.3259564077657486000966459123,False,3.697619
2021-11-03,1,1777.164,1784.829916666666666666666667,1791.019645833333333333333333,False,False,偏空,False,1827.128,1721.548,0.02811445651611218773281475429,0.03129480453126441904067379263,0.8627218045112781954887218045,0.1536592737753246791553615649,False,3.697619
2021-11-04,1,1791.214,1784.951383333333333333333333,1790.817133333333333333333333,True,True,偏多,False,1813.748,1721.548,0.01258029470515527457914018091,0.03889317524315910885019880372,0.5832962406015037593984962406,0.0854884261694337991442642380,False,3.697619
2021-11-05,1,1817.588,1785.404633333333333333333333,1790.708020833333333333333333,True,True,偏多,False,1818.128,1721.548,0.0002970970318906154750141396180,0.05283925730143464855621846095,1.128993984962406015037593985,0.2362181705919362747954672882,True,3.697619
2021-11-08,1,1824.508,1786.133175,1790.446670833333333333333333,True,True,偏多,False,1826.403,1721.548,0.001038636169312494108000622634,0.05643165171103661918720005612,1.846912030075187969924812030,0.4525509454295646140941719638,True,3.697619
2021-11-09,1,1829.813,1786.569633333333333333333333,1790.330954166666666666666667,True,True,偏多,True,1832.633,1721.548,0.001541141089280707919333833567,0.05916724823793469605910549329,2.082670676691729323308270677,0.4858876241468121644109240311,True,3.697619
2021-11-10,1,1848.444,1787.163125,1790.38145,True,True,偏多,False,1868.458,1721.548,0.01082748517131165455918599644,0.06865017279398239816840542640,2.385587969924812030075187970,0.4953690392176417659778957373,True,3.697619
2021-11-11,1,1862.198,1787.888541666666666666666667,1790.498004166666666666666667,True,True,偏多,False,1868.458,1721.548,0.003361618904112237259410653432,0.07552902537753772692270102320,2.832264661654135338345864662,0.5119369019567019180381182041,True,3.697619
2021-11-12,1,1864.448,1788.584458333333333333333333,1790.784141666666666666666667,True,True,偏多,False,1868.568,1721.548,0.002209769325827268982562130990,0.07664466909240697514760400934,3.371963909774436090225563910,0.5641859198757382951791224090,True,3.697619
2021-11-15,1,1862.258,1789.983125,1791.183154166666666666666667,True,True,偏多,False,1870.468,1721.548,0.004408626516841382880352776039,0.07555881086294165470090610431,4.275203007518796992481203008,0.6763424086726175531797886882,True,3.697619
2021-11-16,1,1850.208,1790.723541666666666666666667,1791.265779166666666666666667,True,True,偏多,False,1877.118,1721.548,0.01454431069371659835002334873,0.06953812760511250626956536779,4.463031578947368421052631579,0.7095105880287442031776261961,False,3.697619
2021-11-17,1,1866.378,1791.542208333333333333333333,1791.392208333333333333333333,True,True,偏多,False,1877.118,1721.548,0.005754461314910484371333138303,0.07759950020842508859405758105,5.010484210526315789473684211,0.8025402104193973992738225849,False,3.697619
2021-11-18,1,1859.448,1792.242375,1791.465220833333333333333333,True,True,偏多,False,1877.118,1721.548,0.009502820191798856434812912219,0.07416179425291807030903795105,5.144869172932330827067669173,0.8228438048037084296948562801,False,3.697619
2021-11-19,1,1845.175,1792.72735,1791.542345833333333333333333,True,True,偏多,False,1877.118,1721.548,0.01731163710759142086793935535,0.06700014903735418049778476296,5.024293984962406015037593985,0.7993049521750334324904943923,False,3.697619
2021-11-22,1,1808.928,1793.365516666666666666666667,1791.581495833333333333333333,True,True,偏多,False,1877.118,1721.548,0.03769635939075518760282332962,0.04830485237665622954589679633,3.879687969924812030075187970,0.5315210776234287650497856301,False,3.697619
2021-11-29,0,1786.685,1792.732358333333333333333333,1791.684033333333333333333333,False,False,偏空,False,1877.118,1745.77,0.05061496570464295608906998156,0.02289995158631767771039662839,-3.231210526315789473684210526,0.3936312018128561672498123012,False,0.578183
2021-12-02,0,1768.885,1791.582475,1791.286629166666666666666667,False,False,偏空,False,1877.118,1745.77,0.06118713200688569353010512272,0.01306755385454679077497971886,-5.709760902255639097744360902,0.8476663735977954167276336122,True,0.578183
2021-12-12,0,1783.098,1789.885816666666666666666667,1793.155833333333333333333333,False,False,偏空,False,1877.118,1758.644,0.05272845351180922192723002325,0.01371433314377560851955416920,-2.380967669172932330827067669,0.4836389946040562252570386453,True,0.578183
2021-12-13,0,1785.668,1789.786233333333333333333333,1793.4807625,False,False,偏空,False,1877.118,1758.644,0.05121332744944748967893247793,0.01513383226893241072808607199,-1.610921804511278195488721805,0.3634929571031897680833243583,True,0.578183
2021-12-14,0,1772.358,1789.557483333333333333333333,1793.8466125,False,False,偏空,False,1877.118,1758.644,0.05910769720338667470116082642,0.007737714389530783284189763016,-0.9462240601503759398496240602,0.3861109025315257150692561148,False,0.578183
2021-12-15,0,1779.345,1789.308375,1794.111616666666666666666667,False,False,偏空,False,1877.118,1752.928,0.05494887163534896268008733551,0.01484647440490742379920701157,-0.6402909774436090225563909774,0.2899739235774997992310469472,True,0.578183
2021-12-20,1,1791.515,1788.62565,1795.305145833333333333333333,True,False,盤整,False,1877.118,1752.928,0.04778246344574284892953729106,0.02153875351308808466577170719,0.5865481203007518796992481203,0.1589183579546708596100337139,True,3.697619
2021-12-21,1,1790.455,1788.453958333333333333333333,1795.554466666666666666666667,True,False,盤整,False,1877.118,1752.928,0.04840278029886257962361522630,0.02095947678104169052000748413,0.8488218045112781954887218045,0.3541356121466951769458555868,False,3.697619
2021-12-22,1,1803.568,1788.387708333333333333333333,1795.854395833333333333333333,True,True,偏多,False,1877.118,1752.928,0.04078027554270202177017999876,0.02807767713776247970689211607,1.167897744360902255639097744,0.5300687901904539342374402419,True,3.697619
2021-12-23,1,1808.355,1788.428958333333333333333333,1796.104275,True,True,偏多,False,1877.118,1752.928,0.03802516651874217175278084226,0.03065050833492317603567883518,1.315439849624060150375939850,0.5593764912048375830747619932,True,3.697619
2021-12-27,1,1812.274,1789.5782,1796.685441666666666666666667,True,True,偏多,False,1877.118,1752.928,0.03578046145340053435628387319,0.03274670386486811596921878259,1.573695488721804511278195489,0.6458973810743580442180735310,True,3.697619
2021-12-28,1,1806.428,1790.203475,1796.970191666666666666666667,True,True,偏多,False,1877.118,1752.928,0.03913247580307656878657771027,0.02961645855799400806453398641,1.690048872180451127819548872,0.6950756350437833658811023433,False,3.697619
2021-12-29,1,1804.485,1790.8507,1797.242220833333333333333333,True,True,偏多,False,1877.118,1752.928,0.04025137366062893290883548492,0.02857158690706766750624139297,1.742890977443609022556390977,0.7191439056316126056638379653,False,3.697619
2021-12-30,1,1815.588,1791.378641666666666666666667,1797.61115,True,True,偏多,False,1877.118,1752.928,0.03388984725609554590578919887,0.03451223515467165458242729077,1.890911278195488721804511278,0.7545621173282062704047524720,True,3.697619
2021-12-31,1,1829.058,1792.009725,1798.00515,True,True,偏多,False,1877.118,1752.928,0.02627582066834403283001413843,0.04162251825803227672386550891,2.238658646616541353383458647,0.7974332151939889631799008341,True,3.697619
2022-01-03,1,1804.028,1792.629608333333333333333333,1798.727466666666666666666667,True,True,偏多,False,1877.118,1752.928,0.04051489223005407898325303155,0.02832550270838368362353577661,2.213200751879699248120300752,0.7370615836845129204394040213,False,3.697619
2022-01-04,0,1813.788,1792.849441666666666666666667,1799.072354166666666666666667,True,True,偏多,False,1877.118,1752.928,0.03491587771007416522768923380,0.03355408680617580444903152959,2.129987218045112781954887218,0.7107107379338562881754838100,False,0.578183
2022-01-05,1,1810.178,1793.050525,1799.482020833333333333333333,True,True,偏多,False,1877.118,1752.928,0.03697978872795934985399225932,0.03162672400172800685899397739,1.960623308270676691729323308,0.6487951803855120414532793086,False,3.697619
2022-01-06,1,1791.278,1793.082941666666666666666667,1799.9231875,False,False,偏空,False,1877.118,1752.928,0.04792109320831272421142893510,0.02140929548623943352176490751,1.521116541353383458646616541,0.4074780021412359823434567269,False,3.697619
2022-01-07,1,1795.808,1793.223608333333333333333333,1800.291729166666666666666667,True,False,盤整,False,1877.118,1752.928,0.04527766888219676045546071740,0.02387783103761649352269284912,0.9277300751879699248120300752,0.2007732662813063960733137545,False,3.697619
2022-01-13,1,1820.728,1794.103883333333333333333333,1801.9444625,True,True,偏多,False,1877.118,1752.928,0.03097112803230356209164685774,0.03723785211190249175055252624,0.4300834586466165413533834586,0.0480078639661284866962610328,True,3.697619
2022-01-18,0,1814.158,1794.3413,1803.178433333333333333333333,True,True,偏多,False,1848.984,1752.928,0.01919678440356352644036517216,0.03375119476914359168275310089,0.2558323308270676691729323308,0.0193384711039610221523748848,False,0.578183
2022-01-19,0,1838.414,1794.541016666666666666666667,1803.561220833333333333333333,True,True,偏多,True,1848.984,1752.928,0.005749521054561159782290604837,0.04649986346927297115883582262,0.6364954887218045112781954887,0.0925050209315749205441650409,True,0.578183
2022-01-28,0,1791.028,1795.61655,1805.363383333333333333333333,False,False,偏空,False,1853.748,1752.928,0.03501899467791681648751443305,0.02127269925428301511757493462,1.239893233082706766917293233,0.1620516214081101294865517842,False,0.578183
2022-02-03,0,1805.608,1795.910275,1805.823033333333333333333333,True,False,盤整,False,1853.748,1752.928,0.02666137943562500830745100819,0.02917576794077119729199250336,-1.457205263157894736842105263,0.2325029231947309922541862391,True,0.578183
2022-02-16,0,1869.788,1803.706866666666666666666667,1807.5549125,True,True,偏多,False,1879.378,1780.158,0.005128923706858745483445182021,0.04793591572948377035257473040,3.225284962406015037593984962,0.5096762480686584849803130882,True,0.578183
2022-02-23,0,1910.623,1811.111683333333333333333333,1809.011429166666666666666667,True,True,偏多,False,1914.023,1780.158,0.001779524270355794942277989954,0.06828400997999081974832292922,6.511643609022556390977443609,0.9440463639805633405441357740,False,0.578183
2022-03-13,0,1974.108,1834.506275,1813.214545833333333333333333,True,True,偏多,False,2070.358,1780.158,0.04875619773588881661996202842,0.09824690442468193229549751077,6.549828571428571428571428571,0.7385630340437850505424561786,False,0.578183
2022-03-30,0,1933.958,1851.508391666666666666666667,1819.0390125,True,True,偏多,False,2070.358,1788.538,0.07052893599550765838761751806,0.07519294627908155192615351523,-3.602204511278195488721804511,0.4062906852060419850530281222,True,0.578183
2022-04-12,0,1965.758,1859.231458333333333333333333,1826.2984875,True,True,偏多,False,2070.358,1844.398,0.05321102597573048157504636888,0.06173699916266396982741517521,0.2996375939849624060150375940,0.0137444680659822245106047465,True,0.578183
2022-04-27,0,1885.513,1875.13115,1832.972954166666666666666667,True,True,偏多,False,2070.358,1881.248,0.09803432805819954569393051122,0.002261983873884719967457132356,-1.236812030075187969924812030,0.0727729097875909043920992478,False,0.578183
2022-04-28,0,1895.428,1876.054733333333333333333333,1833.330370833333333333333333,True,True,偏多,False,2070.358,1871.938,0.09229050114274981692789174793,0.01239297931654486480098426318,-2.075166917293233082706766917,0.1791438937155943832469831486,False,0.578183
2022-05-24,0,1867.345,1886.013966666666666666666667,1839.3217875,False,True,盤整,False,1998.268,1786.638,0.07011184328552035108670331406,0.04322018694992087696703073080,-2.059165413533834586466165414,0.2264977898446973191047267578,True,0.578183
2022-05-26,0,1852.628,1886.70205,1839.8762875,False,True,盤整,False,1998.268,1786.638,0.07861265186535019442651196031,0.03561967108345550212994729649,-1.342765413533834586466165414,0.1012601971357751006106209532,True,0.578183
2022-05-27,0,1852.838,1887.21505,1840.148995833333333333333333,False,True,盤整,False,1998.268,1786.638,0.07849040229097201158439108006,0.03572897360697481377217004401,-0.5161699248120300751879699248,0.0184781279915988356863848805,True,0.578183
2022-05-29,0,1849.753,1887.664591666666666666666667,1840.4441,False,True,盤整,False,1998.268,1786.638,0.08028909805795692722217506878,0.03412077180034307283188620318,0.01635112781954887218045112782,0.0000203727434678852603556213,True,0.578183
2022-06-02,0,1869.718,1889.017725,1841.43925,False,True,盤整,False,1998.268,1786.638,0.06875368371059165071952026990,0.04443450830553056664160049804,1.959696992481203007518796992,0.4097175885440865328871584272,True,0.578183
2022-06-07,0,1853.458,1890.027641666666666666666667,1842.168595833333333333333333,False,True,盤整,False,1998.268,1786.638,0.07812963660358098214256810783,0.03605153178545184190847594065,1.227678195488721804511278195,0.2612905809266481181898727091,False,0.578183
2022-06-16,0,1850.634,1890.763316666666666666666667,1843.177958333333333333333333,False,True,盤整,True,1958.208,1786.638,0.05812818742117566196233290861,0.03458058157366610577780371484,-0.6689518796992481203007518797,0.0653796959733233707024581727,True,0.578183
2022-06-19,0,1838.318,1891.504233333333333333333333,1843.560391666666666666666667,False,False,偏空,False,1955.482,1786.638,0.06373434846419389898809672755,0.02811265515541924737722200403,-0.7838481203007518796992481203,0.0876044935974752788232174215,False,0.578183
2022-06-27,0,1823.443,1893.111141666666666666666667,1844.969983333333333333333333,False,False,偏空,False,1909.633,1786.638,0.04726772375116743435358275526,0.02018434357421646851587902665,-1.506396240601503759398496241,0.2955390315217976264465070778,False,0.578183
2022-07-01,0,1810.598,1892.670766666666666666666667,1845.776345833333333333333333,False,False,偏空,False,1909.633,1784.397,0.05469739831812473006155977196,0.01447090961107877066030118226,-2.131954135338345864661654135,0.4670452645979247322024181486,False,0.578183
2022-07-06,0,1739.818,1890.046733333333333333333333,1846.316204166666666666666667,False,False,偏空,False,1878.763,1732.128,0.07986180163672292159294822792,0.004420002551991070330344898145,-3.188326315789473684210526316,0.5490004207602438846961220393,False,0.578183
2022-07-10,0,1741.828,1886.362233333333333333333333,1846.350966666666666666666667,False,False,偏空,False,1878.763,1732.128,0.07861568421221842799633488496,0.005568862137937844609226628576,-5.477994736842105263157894737,0.8030188213692299524780876359,False,0.578183
2022-08-07,0,1774.438,1845.0743,1842.582908333333333333333333,False,False,偏空,False,1878.763,1680.748,0.05879326299369152373878377266,0.05279981605443526344679273099,4.573391729323308270676691729,0.8615364902899368594676793213,False,0.578183
2022-08-30,0,1723.198,1816.317275,1837.120908333333333333333333,False,False,偏空,False,1814.198,1680.748,0.05280878923954182862329227402,0.02463442970569835851712919815,-3.860987218045112781954887218,0.8413524486017177662354564661,False,0.578183
2022-09-12,0,1725.155,1794.063983333333333333333333,1833.646041666666666666666667,False,False,偏空,False,1807.768,1680.748,0.04788729128686987546046587118,0.02574087545756758088403650686,-2.058338345864661654135338346,0.5048557262941786769627248114,True,0.578183
2022-09-26,0,1627.508,1772.494566666666666666666667,1827.825854166666666666666667,False,False,偏空,False,1807.768,1621.033,0.1107582881313025803867016322,0.003978475067403662531919965985,-4.337321804511278195488721805,0.7936095180929727028798429158,False,0.578183
2022-10-10,0,1669.998,1757.61175,1821.5490375,False,False,偏空,False,1802.308,1614.71,0.07922763979358059111448037662,0.03310662647500176646918140022,2.357428571428571428571428571,0.2537108848447231128046060396,False,0.578183
2022-10-11,0,1663.955,1755.916833333333333333333333,1820.9654,False,False,偏空,False,1801.588,1614.71,0.08271437629022419476488246377,0.02959515131118329522132509593,2.297080451127819548872180451,0.2399690940346799505185056066,False,0.578183
2022-10-14,1,1643.618,1751.100391666666666666666667,1819.157720833333333333333333,False,False,偏空,False,1772.294,1614.71,0.07828826406135732268690170100,0.01758802836182129910964713212,1.647398496240601503759398496,0.1169615360814129677668510332,False,3.697619
2022-10-17,1,1650.568,1747.732516666666666666666667,1817.937345833333333333333333,False,False,偏空,False,1765.368,1614.71,0.06955181489038924782256774638,0.02172464266846321993398636106,0.6376112781954887218045112782,0.0172842580365532500850030138,False,3.697619
2022-10-18,1,1652.198,1746.1981,1817.316970833333333333333333,False,False,偏空,False,1765.368,1614.71,0.06849663297014038269021025325,0.02268977447013009336653355106,-0.03672180451127819548872180451,0.0000587234365506320490590141,False,3.697619
2022-10-19,1,1627.018,1744.374383333333333333333333,1816.510429166666666666666667,False,False,偏空,False,1765.368,1614.71,0.08503286380359651829297524674,0.007564759578566432577881744394,-1.342425563909774436090225564,0.0782592237675390019398634188,False,3.697619
2022-10-20,1,1626.828,1742.3503,1815.6840125,False,False,偏空,False,1765.368,1614.71,0.08515958663116199131069787341,0.007448851384411873904309490616,-2.631001503759398496240601504,0.2974597874966918721478804873,False,3.697619
2022-10-21,1,1657.298,1740.741633333333333333333333,1815.003054166666666666666667,False,False,偏空,True,1765.368,1614.71,0.06520855030296301570387462001,0.02569724937820476462289823556,-3.049181203007518796992481203,0.4003984712481876751879455863,True,3.697619
2022-10-24,1,1651.588,1737.59155,1813.6657625,False,False,偏空,False,1745.418,1614.71,0.05681198943077813595158114493,0.02232881323913712136440807272,-3.717446616541353383458646617,0.5840121553793503214417288063,True,3.697619
2022-10-25,1,1652.598,1735.917716666666666666666667,1812.972679166666666666666667,False,False,偏空,True,1745.418,1614.71,0.05616610936234946429803255238,0.02292632570050308665507280052,-4.060830827067669172932330827,0.6854605382194128599469010187,True,3.697619
2022-10-26,1,1667.358,1734.373675,1812.3610125,False,False,偏空,False,1740.334,1614.71,0.04376744526370461532556295649,0.03157570239864504203656323357,-3.594510526315789473684210526,0.5744399110038645286951230838,True,3.697619
2022-10-27,1,1661.728,1732.831458333333333333333333,1811.624820833333333333333333,False,False,偏空,False,1735.035,1614.71,0.04411492133489957441891813823,0.02829464268520479885998189836,-2.771215789473684210526315789,0.4452403268423767735407345207,True,3.697619
2022-10-28,1,1644.498,1730.943625,1810.815195833333333333333333,False,False,偏空,False,1735.035,1614.71,0.05505449079293498684704998121,0.01811373440405521928272335996,-2.211585714285714285714285714,0.3727690229044445298703048736,True,3.697619
2022-10-31,1,1632.248,1727.42575,1809.176404166666666666666667,False,False,偏空,False,1735.035,1614.71,0.06297266101719836691483156971,0.01074469075777700447481020041,-1.435768421052631578947368421,0.2593248643814474795532546047,False,3.697619
2022-11-01,1,1646.688,1726.058375,1808.356195833333333333333333,False,False,偏空,False,1735.035,1614.71,0.05365132921354865038185740104,0.01941958646689597543675547523,-0.8797744360902255639097744361,0.1495391033257017536011809931,True,3.697619
2022-11-02,1,1633.578,1724.390625,1807.456945833333333333333333,False,False,偏空,False,1735.035,1614.71,0.06210722720310875881041492968,0.01155010657587210405624953323,-0.8555849624060150375939849624,0.1438778789518477776374319720,False,3.697619
2022-11-03,1,1629.588,1722.548575,1806.655945833333333333333333,False,False,偏空,False,1735.035,1614.71,0.06470776662567471041760248603,0.009129915046011629933455572820,-0.9290443609022556390977443609,0.1616250038312858690186321526,False,3.697619
2022-11-04,1,1681.148,1721.234991666666666666666667,1806.172570833333333333333333,False,False,偏空,False,1735.035,1614.71,0.03205369188197588790516956270,0.03951942363194674115544853874,-0.04873157894736842105263157895,0.0004004008160757591995496211,True,3.697619
2022-11-07,1,1673.918,1718.477816666666666666666667,1805.197608333333333333333333,False,False,偏空,False,1735.035,1614.71,0.03651134643393523458138331746,0.03537090825237556439443270220,0.7896789473684210526315789474,0.0858518495776361941482828057,True,3.697619
2022-11-08,1,1711.367,1717.478166666666666666666667,1804.8376875,False,False,偏空,False,1735.035,1614.71,0.01382987985627863573388992542,0.05647941090368109236651168335,1.605282706766917293233082707,0.2064696275522805433532011488,True,3.697619
2022-11-09,1,1706.348,1716.394166666666666666666667,1804.4450625,False,False,偏空,False,1731.71,1614.71,0.01486332213593006819242030348,0.05370416820015612290107293471,2.303045112781954887218045113,0.3239480634293205572094708070,True,3.697619
2022-11-18,1,1750.398,1712.7435,1802.707133333333333333333333,True,False,盤整,False,1786.367,1614.71,0.02054904084671029103095410301,0.07751837010782690565231450219,8.672264661654135338345864662,0.8195787008624487648626587698,False,3.697619
2022-11-22,1,1740.998,1711.452808333333333333333333,1801.220729166666666666666667,True,False,盤整,False,1786.367,1614.71,0.02605919133738235196134630827,0.07253770538507224017488819631,7.502833834586466165413533835,0.6991458947378998509626832139,False,3.697619
2022-11-23,1,1752.198,1711.555975,1800.801354166666666666666667,True,False,盤整,False,1786.367,1614.71,0.01950065004069174830698357149,0.07846601810982548775880351421,6.668063909774436090225563910,0.6306545971324457424392074355,False,3.697619
2022-11-24,1,1755.207,1711.669133333333333333333333,1800.323933333333333333333333,True,False,盤整,False,1786.367,1614.71,0.01775289182415521360158659349,0.08004582935232140710468907656,5.923903759398496240601503759,0.5621342085882354268017808447,False,3.697619
2022-11-25,1,1754.417,1711.773958333333333333333333,1799.717845833333333333333333,True,False,盤整,False,1786.367,1616.477,0.01821117784426393497099036318,0.07862440913420241595926168066,4.798271428571428571428571429,0.4715449939428472877996114716,False,3.697619
2022-11-28,1,1741.108,1711.914733333333333333333333,1798.423258333333333333333333,True,False,盤整,False,1786.367,1616.477,0.02599436680550545974172768145,0.07158142975622419746506247746,2.446551879699248120300751880,0.2300480728905256408880233166,False,3.697619
2022-12-01,0,1802.098,1713.210025,1796.780975,True,True,偏多,False,1804.298,1616.477,0.001220799312800968648763829714,0.1030027223824675461600867433,0.6780744360902255639097744361,0.0425108801697824381557736799,True,0.578183
2022-12-06,0,1770.798,1715.709916666666666666666667,1794.801179166666666666666667,True,False,盤整,False,1809.758,1616.477,0.02200138016871489577015560216,0.08714771532382575539389585938,1.142720300751879699248120301,0.1223779711483556343535649352,False,0.578183
2022-12-18,0,1790.965,1720.734083333333333333333333,1787.075241666666666666666667,True,True,偏多,False,1824.358,1616.477,0.01864525549075498404491433389,0.09742680621899367100976289319,2.227046616541353383458646617,0.4198019157799318553461735620,False,0.578183
2022-12-21,0,1814.845,1721.789783333333333333333333,1785.304766666666666666666667,True,True,偏多,False,1824.358,1616.477,0.005241769958315999437968531748,0.1093029983276808763282814786,1.535934586466165413533834586,0.2886099074139886616564087908,True,0.578183
2022-12-23,1,1798.198,1721.986708333333333333333333,1784.142004166666666666666667,True,True,偏多,False,1824.358,1616.477,0.01454789739505883111870884074,0.1010572806776561869160125859,0.7049992481203007518796992481,0.1014874618049207970418356805,False,3.697619
2022-12-26,1,1801.685,1722.213766666666666666666667,1783.644033333333333333333333,True,True,偏多,False,1824.358,1616.477,0.01258433077924276441220302106,0.1027971038222552776983767973,0.9515187969924812030075187970,0.1852565739286956734948503733,False,3.697619
2022-12-27,1,1812.335,1722.407941666666666666666667,1783.199854166666666666666667,True,True,偏多,False,1833.215,1616.477,0.01152104881271950274093917515,0.1080694242510352666587579007,1.274223308270676691729323308,0.3021254560079402190821005623,True,3.697619
2022-12-28,1,1805.695,1722.505666666666666666666667,1782.65905,True,True,偏多,False,1833.215,1616.477,0.01524066910524756395736821556,0.1047895685594743298286809234,1.503699248120300751879699248,0.4086906335565257084191155312,False,3.697619
2022-12-29,1,1814.895,1722.700391666666666666666667,1782.223016666666666666666667,True,True,偏多,False,1833.215,1616.477,0.01009424787659892170070444847,0.1093275368547491728171602214,1.386359398496240601503759398,0.3847150490594888435091454820,True,3.697619
2022-12-30,1,1823.463,1722.989016666666666666666667,1781.712579166666666666666667,True,True,偏多,True,1833.215,1616.477,0.005348065740845852095710195381,0.1135125856680393295613895100,1.348551127819548872180451128,0.3791281976775715937292267194,True,3.697619
2023-01-06,1,1865.598,1725.481383333333333333333333,1779.6480875,True,True,偏多,False,1869.765,1664.557,0.002233600164665699684497946503,0.1077622295907264051526641860,2.993098496240601503759398496,0.6228827797151589319130281308,True,3.697619
2023-01-08,0,1869.585,1726.408108333333333333333333,1779.379866666666666666666667,True,True,偏多,False,1869.808,1702.048,0.0001192778076418028599929930974,0.08961186573490908410155194869,3.740469924812030075187969925,0.7415450335119058886023352357,True,0.578183
2023-01-09,0,1870.415,1727.44075,1779.103783333333333333333333,True,True,偏多,False,1881.445,1703.838,0.005897087010102036179136715649,0.08905884522953462199565337104,4.377878947368421052631578947,0.8379235806590490235613483475,True,0.578183
2023-01-10,0,1877.165,1728.537641666666666666666667,1778.905395833333333333333333,True,True,偏多,False,1881.445,1728.137,0.002280033987422522793680896458,0.07938993109289806703193379378,4.526167669172932330827067669,0.8407656402405709199450458091,True,0.578183
2023-01-12,1,1897.955,1730.986375,1778.5670375,True,True,偏多,False,1901.475,1728.137,0.001854627744071908975713333562,0.08947419722806915864707013601,5.169022556390977443609022556,0.8708140642679243295552059997,True,3.697619
2023-01-13,1,1919.398,1732.390458333333333333333333,1778.562370833333333333333333,True,True,偏多,False,1921.798,1728.137,0.001250392050007346053293793158,0.09964634744852292229126007217,5.649809774436090225563909774,0.8617324877061524627318540108,True,3.697619
2023-01-16,1,1917.845,1735.232933333333333333333333,1778.471579166666666666666667,True,True,偏多,False,1928.885,1728.137,0.005756461027872429732329776390,0.09891727433656004525913199450,6.9165,0.9595933099441847667883249017,True,3.697619
2023-01-17,1,1908.558,1736.682133333333333333333333,1778.310829166666666666666667,True,True,偏多,False,1928.885,1728.137,0.01065044918729218603783589495,0.09453262620260950937828454781,6.838012030075187969924812030,0.9552551558780872293123495630,False,3.697619
2023-01-20,1,1925.298,1741.618,1777.897054166666666666666667,True,True,偏多,False,1937.435,1728.137,0.006303959179306268432211532968,0.1024054458063115424209654817,6.608783458646616541353383459,0.9388188577539963024266730416,False,3.697619
2023-01-23,1,1931.225,1745.368783333333333333333333,1777.514179166666666666666667,True,True,偏多,False,1937.435,1739.348,0.003215575606156714002770262398,0.09935507255757356082279382257,5.988539849624060150375939850,0.9162107302760222950601729475,False,3.697619
2023-01-26,1,1930.655,1751.1226,1777.10775,True,True,偏多,False,1949.085,1739.348,0.009545983099000080283634310636,0.09908916921977256423338193515,5.061086466165413533834586466,0.8691942003924676028701875920,False,3.697619
2023-01-27,1,1927.598,1752.881516666666666666666667,1776.98665,True,True,偏多,False,1949.085,1740.057,0.01114703376948928147881456611,0.09729258901492946143334865465,4.670996240601503759398496241,0.8195046490935221406473961910,False,3.697619
2023-01-29,1,1928.875,1754.700825,1776.895095833333333333333333,True,True,偏多,False,1949.085,1744.717,0.01047761000583241526796707926,0.09547430497051390058972198821,3.843296992481203007518796992,0.7913568857610181756605163450,False,3.697619
2023-01-30,1,1921.985,1756.417883333333333333333333,1776.85875,True,True,偏多,False,1949.085,1766.0,0.01410000598339737302840552866,0.08115828167233355099025226524,3.291630075187969924812030075,0.6965657524546609352702288608,False,3.697619
2023-01-31,1,1927.198,1758.158408333333333333333333,1776.836625,True,True,偏多,False,1949.085,1766.0,0.01135690261197863426591351797,0.08364371486479334245884439482,2.792594736842105263157894737,0.6150523975024668599237408063,False,3.697619
2023-02-01,1,1952.985,1760.056991666666666666666667,1777.0604875,True,True,偏多,False,1956.025,1766.0,0.001556591576484202387627145114,0.09574318287134821824028346352,2.588414285714285714285714286,0.6094337837732864545452087869,True,3.697619
2023-02-02,1,1915.025,1761.831666666666666666666667,1777.096204166666666666666667,True,True,偏多,False,1959.625,1766.0,0.02328951319173378937611780525,0.07781882743045129959138914636,1.824361654135338345864661654,0.4108537500298360961643029338,False,3.697619
2023-02-03,1,1864.548,1763.2247,1777.00885,True,True,偏多,False,1959.625,1767.118,0.05099198304361164207089332106,0.05225395109163185930316623654,0.2772240601503759398496240602,0.0076826749798056413455951648,False,3.697619
2023-02-07,1,1872.865,1768.163316666666666666666667,1776.669020833333333333333333,True,True,偏多,False,1959.625,1773.608,0.04632474844689820141868207265,0.05299741305433119845797748369,-2.310459398496240601503759398,0.2597138022423411240238553135,False,3.697619
2023-02-08,1,1874.855,1769.823483333333333333333333,1776.718008333333333333333333,True,True,偏多,False,1959.625,1773.608,0.04521416322862301351304500881,0.05400257619922607348301601991,-2.852820300751879699248120301,0.3556162428997298651512878229,False,3.697619
2023-02-09,0,1862.305,1771.457016666666666666666667,1776.693120833333333333333333,True,True,偏多,False,1959.625,1773.608,0.05225782028185501300807332848,0.04762753684278353975315536392,-3.656457142857142857142857143,0.5025643020296413711512610251,False,0.578183
2023-02-19,0,1838.595,1784.654658333333333333333333,1776.243754166666666666666667,True,True,偏多,False,1959.625,1784.627,0.06582743888675863906950687889,0.02935284823465744223170410014,-5.508526315789473684210526316,0.8032496120339498091846742165,True,0.578183
2023-02-22,0,1825.055,1788.631191666666666666666667,1776.461066666666666666666667,True,True,偏多,False,1959.625,1796.905,0.07373476415779250488341447244,0.01542419269556259948330324292,-4.755656390977443609022556391,0.7328249006603175409185991946,True,0.578183
2023-02-26,0,1811.625,1791.047091666666666666666667,1776.3489625,True,True,偏多,False,1959.625,1804.205,0.08169461119160974263437521562,0.004095770371903677637480162837,-3.174615037593984962406015038,0.8799530335951839045668354251,False,0.578183
2023-03-01,0,1836.475,1794.530016666666666666666667,1776.070883333333333333333333,True,True,偏多,False,1959.625,1804.594,0.06705781456322574497338651493,0.01735988782858465266339046271,-2.967319548872180451127819549,0.8010445912713145890443653642,True,0.578183
2023-03-16,0,1921.265,1817.721566666666666666666667,1776.819641666666666666666667,True,True,偏多,True,1959.625,1804.594,0.01996601197648424345418253078,0.06072613616549512951102528803,5.223859398496240601503759398,0.6682780997083902138899391457,True,0.578183
2023-03-19,0,1976.895,1823.018291666666666666666667,1777.924875,True,True,偏多,False,1990.548,1804.594,0.006906284855796590107213584940,0.08715738569827937245023129706,7.928803007518796992481203008,0.7498641780490354105916125240,True,0.578183
2023-03-20,0,1976.525,1825.785183333333333333333333,1778.364404166666666666666667,True,True,偏多,False,2009.695,1804.594,0.01678197847231884241282048039,0.08698650409177723529932583701,8.632604511278195488721804511,0.7802547195355213809576641557,True,0.578183
2023-03-23,0,1991.205,1833.964275,1780.011325,True,True,偏多,False,2009.695,1804.594,0.009285834457024766410289246964,0.09371762324823410949651090671,9.352437593984962406015037594,0.8164676710623240337532598542,True,0.578183
2023-03-26,0,1975.665,1839.718333333333333333333333,1781.133454166666666666666667,True,True,偏多,False,2009.695,1804.594,0.01722458007810028522041945370,0.08658907254013205680112772155,9.540056390977443609022556391,0.8289569442196246551656513682,False,0.578183
2023-03-27,1,1958.035,1842.025725,1781.630358333333333333333333,True,True,偏多,False,2009.695,1804.594,0.02638359375598495430367690057,0.07836478918916158291348213898,9.346562406015037593984962406,0.8102711321198146358949146415,False,3.697619
2023-03-28,1,1971.835,1844.519958333333333333333333,1782.186679166666666666666667,True,True,偏多,False,2009.695,1804.594,0.01920038948492140569570983373,0.08481490591251296381289509518,9.140529323308270676691729323,0.7930651040854228620257303958,False,3.697619
2023-03-29,1,1963.145,1846.930183333333333333333333,1782.704,True,True,偏多,False,2009.695,1804.594,0.02371195199539514401636150157,0.08076377445374641200726385468,8.535796992481203007518796992,0.7413410901906167481571384086,False,3.697619
2023-03-30,1,1978.385,1849.155333333333333333333333,1783.31675,True,True,偏多,False,2009.695,1804.594,0.01582603992650571046585977957,0.08784488357928310212622922232,7.461583458646616541353383459,0.6906897593264612622693029270,False,3.697619
2023-03-31,1,1968.748,1851.342,1783.868083333333333333333333,True,True,偏多,False,2009.695,1804.594,0.02079849731910838766566366036,0.08337989422719413556229644424,6.022984210526315789473684211,0.6199477462856214389675212829,False,3.697619
2023-04-02,0,1956.995,1853.049641666666666666666667,1784.4203625,True,True,偏多,False,2009.695,1804.594,0.02692904171957516498509193943,0.07787500734544544058620487022,4.441969172932330827067669173,0.5103646615961932507484335314,False,0.578183
2023-04-14,1,2003.498,1873.854816666666666666666667,1792.6538125,True,True,偏多,False,2048.538,1804.594,0.02248068128842654197808033749,0.09927836214460907872131641759,2.875187969924812030075187970,0.5174690211217347786621446949,False,3.697619
2023-04-17,1,1993.905,1877.932025,1794.800579166666666666666667,True,True,偏多,False,2048.538,1804.594,0.02740000150458522346852031566,0.09494484441334968315942835792,2.734651127819548872180451128,0.4833851471985403329623984901,False,3.697619
2023-04-18,1,2005.608,1880.025283333333333333333333,1795.899620833333333333333333,True,True,偏多,False,2048.538,1804.594,0.02140498043486065073533811193,0.1002259663902417620990741960,2.701484210526315789473684211,0.4745407901657582732976383383,False,3.697619
2023-04-19,1,1993.635,1882.0496,1796.948816666666666666666667,True,True,偏多,False,2048.538,1804.594,0.02753914332362744434161719673,0.09482227188025892402571182789,2.419061654135338345864661654,0.3934922267547945882868478271,False,3.697619
2023-04-20,1,2005.195,1884.250325,1798.082529166666666666666667,True,True,偏多,False,2048.538,1804.594,0.02161535411767932794566114518,0.1000406444261031969459329392,1.996390977443609022556390977,0.3094803913375305938758891886,False,3.697619
2023-04-21,1,1982.248,1886.19635,1799.1534875,True,True,偏多,False,2048.538,1804.594,0.03344182968024182645158426191,0.08962248921426582344893272688,1.392883458646616541353383459,0.1583793911518150911314853904,False,3.697619
2023-04-24,1,1994.935,1889.564633333333333333333333,1801.387329166666666666666667,True,True,偏多,False,2048.538,1804.594,0.02686954712810191810760751603,0.09541213122232052673395373784,0.3034052631578947368421052632,0.0091216304918693915678739974,False,3.697619
2023-05-18,0,1958.295,1926.806083333333333333333333,1824.6070125,True,True,偏多,False,2079.778,1934.175,0.06203508664424920658021391057,0.01231683684021048922659762702,-0.2735127819548872180451127820,0.0044587465009845294742015146,False,0.578183
2023-06-08,0,1965.275,1940.4916,1839.2845625,True,True,偏多,False,2079.778,1931.905,0.05826309295136812914223200315,0.01697981198559997964661434150,-0.9143421052631578947368421053,0.1528238762694709867862165594,True,0.578183
2023-06-15,0,1958.125,1941.552433333333333333333333,1845.3905125,True,True,偏多,False,2079.778,1924.898,0.06212729013724864347270986275,0.01696878391318225343121608682,0.2606338345864661654135338346,0.0229106935748178739269133391,True,0.578183
2023-06-16,0,1957.358,1941.774958333333333333333333,1846.448779166666666666666667,True,True,偏多,False,2079.778,1924.898,0.06254348974484994569210129164,0.01658357847670175818628988667,0.3819022556390977443609022556,0.0496693037951310862861854944,False,0.578183
2023-06-19,0,1952.385,1942.216183333333333333333333,1848.458504166666666666666667,True,True,偏多,False,2079.778,1924.898,0.06524993789647021463492087882,0.01407867812956973137982518817,0.007106015037593984962406015038,0.0000201506082843146275452876,False,0.578183
2023-06-28,0,1909.498,1943.7966,1855.979958333333333333333333,False,True,盤整,False,2079.778,1902.695,0.08917527014953668451079812600,0.003562716483599354385288698915,-2.702497744360902255639097744,0.7368660018926642022299816270,False,0.578183
2023-07-02,0,1918.105,1945.000016666666666666666667,1859.052516666666666666666667,False,True,盤整,False,2052.925,1892.915,0.07028812291297921646625184753,0.01313275342069386191058362290,-2.923002255639097744360902256,0.8062503005909221458164936405,True,0.578183
2023-07-11,0,1933.235,1950.147575,1868.1581875,False,True,盤整,False,2022.114,1892.915,0.04597423489643007704702221923,0.02085623320496473527532865896,-0.5024135338345864661654135338,0.0819850622439992533081943472,True,0.578183
2023-07-19,1,1977.695,1958.378041666666666666666667,1875.760375,True,True,偏多,False,1985.194,1892.915,0.003791787914718902560809427136,0.04286808633282685146091788673,3.437952631578947368421052632,0.8158768425480524499268433256,True,3.697619
2023-07-20,1,1972.115,1959.508375,1877.019195833333333333333333,True,True,偏多,False,1987.385,1892.915,0.007742956166349325470370642686,0.04015992982153677650644105440,3.674328571428571428571428571,0.8529705305695813737086601295,False,3.697619
2023-07-21,1,1961.428,1960.5389,1878.258666666666666666666667,True,True,偏多,False,1987.385,1892.915,0.01323372563254934670046517129,0.03493016312604898064063529225,3.579772180451127819548872180,0.8355558167060720590454093798,False,3.697619
2023-07-24,1,1954.345,1962.266566666666666666666667,1880.665291666666666666666667,False,True,盤整,False,1987.385,1892.915,0.01690591988620228260619286769,0.03143252598696750062041246556,3.193519548872180451127819549,0.7469129436032489932043807221,False,3.697619
2023-07-25,1,1965.235,1963.258066666666666666666667,1882.0053625,True,True,偏多,False,1987.385,1892.915,0.01127091670970647276279935987,0.03679967026844117879032278582,3.080015789473684210526315789,0.7230921086350943384873223713,False,3.697619
2023-08-09,0,1916.535,1967.765708333333333333333333,1898.024058333333333333333333,False,True,盤整,False,1987.385,1892.915,0.03696775691547506306954999517,0.01232432488840537741288314589,-2.581261654135338345864661654,0.7971815112993792293160818218,False,0.578183
2023-08-11,0,1913.378,1966.64015,1900.3022125,False,True,盤整,False,1987.385,1892.915,0.03867871377218719981101486481,0.01069469806802419595082623507,-2.847480451127819548872180451,0.8039826183731013135886674809,False,0.578183
2023-08-14,0,1907.505,1965.535291666666666666666667,1902.6268125,False,True,盤整,False,1987.385,1892.915,0.04187669232846047585720614101,0.007648734865701531581830716040,-3.140613533834586466165413534,0.8434082439639576453745861366,False,0.578183
2023-08-27,0,1914.905,1957.915258333333333333333333,1910.400666666666666666666667,False,True,盤整,False,1987.385,1884.755,0.03785044166681898057605990898,0.01574490640527859084393220551,-1.601324060150375939849624060,0.3263537052028964057781156803,True,0.578183
2023-09-01,0,1939.238,1954.768008333333333333333333,1914.3114125,False,True,盤整,False,1987.385,1884.755,0.02482779318474576096384249896,0.02809505589308790359924877710,1.947603007518796992481203008,0.4435031503426289892585558944,True,0.578183
2023-09-08,0,1918.258,1951.239283333333333333333333,1918.717816666666666666666667,False,False,偏空,False,1987.385,1884.755,0.03603634130549696651858092081,0.01746532531077675682833070421,2.168947368421052631578947368,0.5053828722099932782075361210,False,0.578183
2023-09-18,0,1934.055,1946.541675,1923.154108333333333333333333,False,True,盤整,False,1982.085,1884.755,0.02483383357763869176419491690,0.02549048501723063718456817412,-0.8063992481203007518796992481,0.1856518567471219424472660398,True,0.578183
2023-09-20,0,1929.308,1944.817033333333333333333333,1924.280683333333333333333333,False,True,盤整,False,1982.085,1884.755,0.02735540411380660837979213272,0.02309273584103730456723343292,-0.9213037593984962406015037594,0.2539155001533925556928826243,True,0.578183
2023-09-21,0,1921.295,1943.746533333333333333333333,1924.861433333333333333333333,False,False,偏空,False,1982.085,1884.755,0.03164011773309148256774727462,0.01901842247026094379051629240,-0.8464511278195488721804511278,0.2216939684031936541583047513,True,0.578183
2023-10-01,0,1848.285,1935.0052,1927.825404166666666666666667,False,False,偏空,False,1952.905,1845.595,0.05660382462661331991548922379,0.001455403252204070259727260677,-2.901375187969924812030075188,0.4241723209461307337655324015,False,0.578183
2023-10-05,0,1821.138,1929.561641666666666666666667,1928.1838625,False,False,偏空,False,1952.905,1812.924,0.07235420929111357843282606810,0.004510366594953265485646886727,-6.282609774436090225563909774,0.7604350712099935152814274429,False,0.578183
2023-10-13,0,1932.738,1923.99675,1929.36655,True,True,偏多,True,1952.905,1810.288,0.01043441997828986650027060057,0.06335571608774702003065081765,-2.505669172932330827067669173,0.1509886216486668190957106455,True,0.578183
2023-10-15,0,1925.765,1923.848,1929.617245833333333333333333,True,False,盤整,False,1952.905,1810.288,0.01409310066389201174598146711,0.05996422201047375977858149878,-0.9013879699248120300751879699,0.0192085395511306549580591701,True,0.578183
2023-10-19,0,1977.035,1923.254891666666666666666667,1930.774216666666666666666667,True,True,偏多,True,1982.205,1810.288,0.002615027048079573705068448459,0.08434195651569142680832661030,6.156906766917293233082706767,0.6031816473870616833910205836,True,0.578183
2023-10-25,0,1982.895,1924.215558333333333333333333,1932.1099125,True,True,偏多,False,1997.135,1810.288,0.007181419086739338189868853368,0.08704797783039444852097564420,9.920288721804511278195488722,0.9416204699425916918922811739,False,0.578183
2023-11-01,0,1985.025,1926.065308333333333333333333,1933.7674125,True,True,偏多,False,2009.395,1810.288,0.01227692346443999445850807924,0.08802760670520522411556529515,6.747315789473684210526315789,0.7953553198385803327333833630,False,0.578183
2023-11-16,0,1982.505,1929.724166666666666666666667,1936.901091666666666666666667,True,True,偏多,False,2009.395,1810.288,0.01356364801097601267083815678,0.08686838116423413812323298050,-2.441041353383458646616541353,0.5141813085127112376074789622,True,0.578183
2023-11-17,0,1980.398,1930.231333333333333333333333,1937.393145833333333333333333,True,True,偏多,False,2009.395,1810.288,0.01464200630378338091636125668,0.08589687527456602157748089020,-2.224825563909774436090225564,0.4291271108018229322641942843,True,0.578183
2023-11-24,0,2000.505,1933.750,1940.86305,True,True,偏多,False,2009.395,1810.288,0.004443877920824991689598376410,0.09508449116598058990104998488,1.090088721804511278195488722,0.1109210140136016970964437817,True,0.578183
2023-11-28,0,2044.315,1936.074858333333333333333333,1943.111216666666666666666667,True,True,偏多,False,2044.425,1810.288,0.00005380775467577159097301541103,0.1144769763955163465512897963,3.724551879699248120300751880,0.6818256237757438249410250330,True,0.578183
2023-12-06,0,2027.025,1941.219333333333333333333333,1949.7986875,True,True,偏多,False,2145.135,1852.888,0.05826765826765826765826765827,0.08590767257433924100590767257,5.285121804511278195488721805,0.6420636118054348697856814200,False,0.578183
2023-12-20,0,2032.115,1947.124725,1957.970120833333333333333333,True,True,偏多,False,2145.135,1931.515,0.05561693112840562665006655627,0.04950507230151836879310472094,-1.883753383458646616541353383,0.1454847519689553346666572108,True,0.578183
2023-12-22,0,2052.908,1949.018641666666666666666667,1959.066841666666666666666667,True,True,偏多,True,2145.135,1931.515,0.04492505265701141989801783616,0.05913221634871119407201881429,-0.8227962406015037593984962406,0.0267485459151696827547292601,True,0.578183
2023-12-27,0,2079.435,1952.305808333333333333333333,1960.146175,True,True,偏多,False,2145.135,1931.515,0.03159512079002228970850254997,0.07113470726423283247612933321,2.806418796992481203007518797,0.4494333817220496834289705254,True,0.578183
2023-12-29,1,2062.688,1954.809916666666666666666667,1961.0493125,True,True,偏多,False,2145.135,1931.515,0.03997065964411486371181681379,0.06359323368342667432011045781,3.646893233082706766917293233,0.6472408274860291325148842184,False,3.697619
2024-01-02,1,2059.455,1957.277641666666666666666667,1961.690466666666666666666667,True,True,偏多,False,2145.135,1931.515,0.04160323969205445129900871833,0.06212323163166954364140027337,4.196684210526315789473684211,0.7847134507131264375523906563,False,3.697619
2024-01-04,1,2044.098,1959.5955,1962.3291875,True,True,偏多,False,2145.135,1931.515,0.04942864774585171552440245037,0.05507710491375658114239141176,3.333855639097744360902255639,0.5794613091043374170003010272,False,3.697619
2024-01-08,1,2030.665,1963.317141666666666666666667,1963.1910625,True,True,偏多,False,2145.135,1931.515,0.05637069629899564920851051257,0.04882636968677748422314857448,1.058357894736842105263157895,0.1401031402183049638955108129,False,3.697619
2024-01-11,0,2035.125,1966.728808333333333333333333,1963.948954166666666666666667,True,True,偏多,True,2145.135,1931.515,0.05405564768748848350838400590,0.05091087771021436029727903691,-0.7084255639097744360902255639,0.0767239434924989617446195902,False,0.578183
2024-01-12,1,2048.675,1967.819391666666666666666667,1964.061120833333333333333333,True,True,偏多,False,2145.135,1937.978,0.04708409093682502105019097709,0.05403346065139663441004551722,-1.019601503759398496240601504,0.1766991080215726016349422174,True,3.697619
2024-01-14,0,2047.505,1968.916891666666666666666667,1964.1750375,True,True,偏多,False,2145.135,1955.325,0.04768242324194568511432206515,0.04502064708022691031279532895,-1.168807518796992481203007519,0.2361755693068973058655850710,True,0.578183
2024-01-16,1,2028.045,1971.019033333333333333333333,1964.467145833333333333333333,True,True,偏多,False,2145.135,1965.355,0.05773540527946865084354637101,0.03091154288982739534872253821,-1.658339849624060150375939850,0.4557898681885894882742077040,False,3.697619
2024-01-25,1,2020.565,1976.784316666666666666666667,1964.951954166666666666666667,True,True,偏多,False,2145.135,1972.935,0.06165107284348684650085495889,0.02357261459047345668167072081,-1.275331578947368421052631579,0.3925284431465968633854764982,False,3.697619
2024-01-26,1,2017.915,1977.624816666666666666666667,1965.053120833333333333333333,True,True,偏多,False,2145.135,1972.935,0.06304527197627253873428761866,0.02229033433023690294189794912,-1.326448872180451127819548872,0.4119310384378200687273264460,False,3.697619
2024-01-30,1,2036.335,1980.391266666666666666666667,1965.541025,True,True,偏多,False,2145.135,1972.935,0.05342932277842300014486810864,0.03113436639845604971677057066,-0.6943609022556390977443609023,0.1366710003847258078801273361,True,3.697619
2024-01-31,1,2039.825,1981.376933333333333333333333,1965.728066666666666666666667,True,True,偏多,False,2145.135,1972.935,0.05162697780446852058387361661,0.03279202872795460394886816271,-0.5210977443609022556390977444,0.0736601283105545588505882918,True,3.697619
2024-02-01,1,2054.745,1982.55985,1965.95565,True,True,偏多,False,2120.865,1972.935,0.03217917551812998693268507771,0.03981515954534504281553185432,-0.1484661654135338345864661654,0.0048087955808295453727063957,True,3.697619
2024-02-02,1,2039.275,1983.644183333333333333333333,1966.154358333333333333333333,True,True,偏多,False,2088.355,1972.935,0.02406737688639344865209449437,0.03253116916551225312917581003,-0.09572932330827067669172932331,0.0019707456081886803339554618,True,3.697619
2024-02-07,1,2036.395,1987.360658333333333333333333,1966.951166666666666666666667,True,True,偏多,False,2088.355,1972.935,0.02551567844155971704900080780,0.03116291289263625180772885418,1.043631578947368421052631579,0.3539865603771303258021343026,False,3.697619
2024-02-08,1,2034.185,1988.217908333333333333333333,1967.027833333333333333333333,True,True,偏多,False,2088.355,1972.935,0.02662982963693076096815186426,0.03011033903012754493814476068,1.100503759398496240601503759,0.3892013409583822517691245485,False,3.697619
2024-02-09,1,2024.155,1989.0083,1966.912666666666666666666667,True,True,偏多,False,2088.355,1972.935,0.03171693867317473217219037080,0.02530438627476650750560110268,0.7114887218045112781954887218,0.1992729397500326589937668913,False,3.697619
2024-02-14,0,1993.645,1991.861025,1966.604570833333333333333333,True,True,偏多,False,2088.355,1984.088,0.04750595015662266852925169727,0.004793732083695943861620298498,-0.8162330827067669172932330827,0.1038199091077257829760225989,False,0.578183
2024-02-16,0,2013.055,1993.839608333333333333333333,1966.391145833333333333333333,True,True,偏多,False,2088.355,1984.088,0.03740583342233570369413652384,0.01438957206832401499213881389,-1.419105263157894736842105263,0.2772428864383801836331665308,True,0.578183
2024-02-18,0,2013.695,1995.065025,1966.380608333333333333333333,True,True,偏多,False,2088.355,1984.088,0.03707612125967437968510623506,0.01470282242345538922230029870,-1.652390977443609022556390977,0.3677722062853232191780436805,True,0.578183
2024-02-21,1,2025.658,1999.603441666666666666666667,1966.5147375,True,True,偏多,False,2088.355,1984.088,0.03095142417920497932029987293,0.02052172676730227906191469636,-1.823047368421052631578947368,0.4495064118560712615499834023,True,3.697619
2024-02-22,1,2024.615,2001.281441666666666666666667,1966.660529166666666666666667,True,True,偏多,False,2088.355,1984.088,0.03148252877707613546279169126,0.02001713906100666052558140684,-1.633653383458646616541353383,0.3721326305154614399589115978,True,3.697619
2024-02-23,1,2035.215,2003.054691666666666666666667,1966.879654166666666666666667,True,True,偏多,False,2088.355,1984.088,0.02611026353481081851303179271,0.02512117884351284753699240621,-1.220101503759398496240601504,0.2132411669201565757315138453,True,3.697619
2024-02-27,0,2030.025,2008.000225,1967.62435,True,True,偏多,False,2078.825,1984.088,0.02403911281880765015209172301,0.02262878535978620952943929262,0.1820428571428571428571428571,0.0066300685084469725330633002,True,0.578183
2024-03-05,0,2127.945,2017.67395,1970.760975,True,True,偏多,True,2141.748,1984.088,0.006486539830681714048060452690,0.06760372096083310423906632925,5.441825563909774436090225564,0.7555549551529927117591871867,True,0.578183
2024-03-10,0,2181.545,2025.157008333333333333333333,1974.20595,True,True,偏多,False,2195.085,1984.088,0.006206610452683763112839753477,0.09051245791400131558138841968,9.290360902255639097744360902,0.8517389731818837227767401485,True,0.578183
2024-03-20,0,2203.855,2038.848233333333333333333333,1982.1248125,True,True,偏多,False,2222.875,1984.088,0.008630331850325906196188043224,0.09971935540223835052669073056,7.353193984962406015037593985,0.6882879692654933821673723999,False,0.578183
2024-04-11,0,2376.725,2082.510908333333333333333333,2006.856329166666666666666667,True,True,偏多,False,2379.455,1984.088,0.001148639409271160946260084781,0.1652008541164838170171138857,11.79428571428571428571428571,0.9174596635856460796674427969,True,0.578183
2024-04-14,0,2364.585,2088.496466666666666666666667,2010.4599125,True,True,偏多,False,2431.385,1990.175,0.02825020035228169002171628425,0.1583406813457752628896825447,12.11823007518796992481203008,0.9397711926106879748623726035,False,0.578183
2024-04-17,0,2367.815,2097.958025,2016.177025,True,True,偏多,False,2431.385,2013.185,0.02684753665299020404888050798,0.1497709913992436064472942354,11.12263157894736842105263158,0.9111859853663786201264414618,False,0.578183
2024-04-19,0,2390.295,2103.880191666666666666666667,2019.977525,True,True,偏多,True,2431.385,2015.955,0.01719034679819854871469839497,0.1566082847514637314641079867,9.250457894736842105263157895,0.8864918547110689010479749620,False,0.578183
2024-04-23,0,2323.155,2111.276916666666666666666667,2024.856208333333333333333333,True,True,偏多,False,2431.385,2024.355,0.04658750707550723046890973697,0.1286181937924933979867895168,4.929654135338345864661654135,0.5304450426090500533542291295,False,0.578183
2024-04-29,0,2333.025,2123.16825,2032.426708333333333333333333,True,True,偏多,False,2431.385,2038.915,0.04215985683822505116747570215,0.1260638012880273464707836393,-0.7256541353383458646616541353,0.0286641090614822670126392880,False,0.578183
2024-05-08,0,2308.695,2143.019083333333333333333333,2044.035695833333333333333333,True,True,偏多,False,2431.385,2145.985,0.05314257621730024970816846747,0.07047704439087882981511200050,-4.270157142857142857142857143,0.6534077777277443155846380832,True,0.578183
2024-05-17,0,2414.525,2164.17255,2058.239179166666666666666667,True,True,偏多,False,2431.385,2149.475,0.006982739876373199697663101438,0.1097731437860448742506290057,3.695687969924812030075187970,0.4510961285331648780241959357,True,0.578183
2024-06-03,0,2350.488,2200.844725,2084.880808333333333333333333,True,True,偏多,False,2449.985,2277.165,0.04233035863190962897917368649,0.03119479869712161899996936806,-2.723012030075187969924812030,0.2255197523039285637809641289,True,0.578183
2024-06-05,1,2354.935,2205.858583333333333333333333,2088.438808333333333333333333,True,True,偏多,False,2449.985,2277.165,0.04036204820939856089446205522,0.03302426606254525071817268842,-3.796147368421052631578947368,0.4255631109181263513463685112,True,3.697619
2024-06-20,1,2360.715,2238.29125,2109.834091666666666666666667,True,True,偏多,False,2449.985,2277.165,0.03781481457948121649584977433,0.03539181985118915243898564630,-0.4799458646616541353383458647,0.0183029580494713586018729250,True,3.697619
2024-06-21,1,2321.755,2240.516333333333333333333333,2111.538091666666666666666667,True,True,偏多,False,2449.985,2277.165,0.05522977230586345243145809958,0.01920529943943267054448036076,-0.4549804511278195488721804511,0.0164998648477274238567024717,False,3.697619
2024-06-24,1,2330.755,2245.278416666666666666666667,2115.000341666666666666666667,True,True,偏多,False,2449.985,2277.165,0.05115509781165330547397731636,0.02299254962447790522813423118,-0.2952473684210526315789473684,0.0070933515222292622663137959,True,3.697619
2024-06-25,1,2319.898,2247.735858333333333333333333,2116.655175,True,True,偏多,False,2449.985,2277.165,0.05607444810073546336951021122,0.01842020640562645426652378682,-0.4270127819548872180451127820,0.0147450273537715925383219380,False,3.697619
2024-06-28,0,2326.275,2254.788908333333333333333333,2121.503408333333333333333333,True,True,偏多,False,2449.985,2277.165,0.05317943923224898174119568839,0.02111100364316342650804397588,0.1521872180451127819548872180,0.0020843952065001357918299123,True,0.578183
2024-07-07,0,2385.938,2274.865983333333333333333333,2134.352795833333333333333333,True,True,偏多,False,2449.985,2286.628,0.02684353072041268465484015092,0.04162304301285280673680539897,2.098642105263157894736842105,0.2931835047401015239339746212,True,0.578183
2024-07-09,0,2364.918,2280.672591666666666666666667,2138.568754166666666666666667,True,True,偏多,False,2449.985,2286.628,0.03597038036836795186978998849,0.03310474189802775402783521458,2.652143609022556390977443609,0.4181462414557837050416645854,True,0.578183
2024-07-10,0,2372.694,2283.577583333333333333333333,2140.753791666666666666666667,True,True,偏多,False,2449.985,2286.628,0.03257520775961839158357546317,0.03627353548329451669705406597,2.830090225563909774436090226,0.4512466434789981018335516421,True,0.578183
2024-07-11,0,2415.875,2286.829391666666666666666667,2143.216416666666666666666667,True,True,偏多,True,2449.985,2286.628,0.01411910798364981631913902830,0.05349904278987944326589744916,3.667278195488721804511278195,0.5360278451003402435471086428,True,0.578183
2024-07-16,0,2468.175,2300.035383333333333333333333,2153.258804166666666666666667,True,True,偏多,True,2469.865,2286.628,0.0006847164402848258328522086157,0.07355515715052619850699403405,6.771441353383458646616541353,0.8411876265623181708971358801,True,0.578183
2024-07-17,1,2461.215,2303.628633333333333333333333,2155.814429166666666666666667,True,True,偏多,False,2483.548,2286.628,0.009073973626846902850827741583,0.07093529009046344996272166389,7.595187218045112781954887218,0.8840122708051405743343937058,True,3.697619
2024-07-18,1,2441.148,2307.017216666666666666666667,2158.225804166666666666666667,True,True,偏多,False,2483.548,2286.628,0.01736887726594208954147802591,0.06329808762107008669691473028,7.764654887218045112781954887,0.8956973998614646056544513362,False,3.697619
2024-07-21,0,2411.435,2312.728383333333333333333333,2162.7142625,True,True,偏多,False,2483.548,2286.628,0.02990460037280706301434622953,0.05175631937000167949789233382,6.359569172932330827067669173,0.7516103785818862516478693591,False,0.578183
2024-07-22,0,2395.565,2315.329383333333333333333333,2164.9020125,True,True,偏多,False,2483.548,2286.628,0.03672745260512655678305535437,0.04547444966010106175369902299,5.516399248120300751879699248,0.6343999230821211885698213694,False,0.578183
2024-07-29,0,2380.988,2327.18935,2176.173179166666666666666667,True,True,偏多,False,2483.548,2286.628,0.04307455560464815446360922441,0.03963060712611739328379647440,0.1025691729323308270676691729,0.0004212476036455750213270831,False,0.578183
2024-07-30,0,2409.675,2329.073683333333333333333333,2177.960791666666666666666667,True,True,偏多,False,2483.548,2286.628,0.03065683131542635417639308205,0.05106373266104350171703652982,-0.06528270676691729323308270677,0.0001734141045600362161328463,True,0.578183
2024-08-09,0,2430.925,2348.184625,2194.3418875,True,True,偏多,False,2483.548,2293.464,0.02164731532235671606487242511,0.05654678774540555549842138281,0.7693195488721804511278195489,0.0336333411165566396946817868,True,0.578183
2024-08-14,0,2449.295,2357.618516666666666666666667,2202.117208333333333333333333,True,True,偏多,False,2483.548,2293.464,0.01398484053574600037970109766,0.06362279758052827446265149768,3.198621052631578947368421053,0.3754577814948474194218094946,True,0.578183
2024-08-16,0,2506.844,2362.12515,2206.361233333333333333333333,True,True,偏多,False,2509.638,2293.464,0.001114548811174528610475961009,0.08511897828504685572775968509,4.481073684210526315789473684,0.5182022271648212965991127284,True,0.578183
2024-08-19,0,2503.515,2366.417233333333333333333333,2210.9444,True,True,偏多,False,2509.998,2293.464,0.002589559079933613339644459889,0.08390243317895039574358452016,4.910342857142857142857142857,0.5458314756121394392752039128,True,0.578183
2024-08-23,0,2512.235,2373.341983333333333333333333,2220.268875,True,True,偏多,False,2531.558,2296.425,0.007691557517509309439602584949,0.08590358784110562905142233907,5.769827067669172932330827068,0.6480268984700215047224663737,False,0.578183
2024-08-27,0,2525.178,2377.939675,2227.073416666666666666666667,True,True,偏多,False,2531.558,2318.395,0.002526554563678283273495967413,0.08188848469296025864315307673,7.293011278195488721804511278,0.8470096247444861929368875855,False,0.578183
2024-08-29,0,2519.435,2380.56775,2231.539329166666666666666667,True,True,偏多,False,2531.558,2326.685,0.004811793120282920575446479072,0.07650524820048939543985060142,5.994030827067669172932330827,0.7686416803110799012873525977,False,0.578183
2024-09-03,0,2493.155,2384.933333333333333333333333,2239.922691666666666666666667,True,True,偏多,False,2531.558,2349.455,0.01540337443921456949126708929,0.05763781233015997801981826240,1.994671428571428571428571429,0.3071790640945715287132145615,False,0.578183
2024-09-22,0,2620.165,2413.7334,2274.720158333333333333333333,True,True,偏多,False,2625.574,2355.728,0.002064373808519692462115935447,0.1009237967837903338148551713,6.794190225563909774436090226,0.8222862628009325419662303505,True,0.578183
2024-09-30,1,2635.595,2432.191933333333333333333333,2292.821933333333333333333333,True,True,偏多,False,2685.405,2364.164,0.01889895829973876866514012965,0.1029866121312265351846546985,8.998641353383458646616541353,0.8927594560620423907033012327,False,3.697619
2024-10-01,1,2660.218,2434.729625,2295.352391666666666666666667,True,True,偏多,False,2685.405,2364.164,0.009468021041884537282282880576,0.1112893755323811807904464972,8.433087218045112781954887218,0.8730586656784120541176805502,False,3.697619
2024-10-02,0,2660.135,2436.966458333333333333333333,2297.874725,True,True,偏多,False,2685.405,2378.868,0.009499517881611271608395814498,0.1057341074795076189742249923,7.776523308270676691729323308,0.8472362200751894014166596599,False,0.578183
2024-10-10,0,2633.005,2451.063608333333333333333333,2314.645116666666666666666667,True,True,偏多,False,2685.405,2432.015,0.01990121553130358658642881423,0.07633483415337228755737265976,1.658360902255639097744360902,0.1192622692798476186644866989,False,0.578183
2024-10-23,0,2721.178,2483.267866666666666666666667,2344.563225,True,True,偏多,False,2758.338,2471.718,0.01365585051768021055586955355,0.09167353256567560078760007614,4.826181954887218045112781955,0.5622146051673986495670675297,True,0.578183
2024-10-30,1,2785.258,2504.990208333333333333333333,2362.815125,True,True,偏多,False,2789.925,2471.718,0.001675607789296359619108894041,0.1125712591077738579334481761,8.527913533834586466165413534,0.9330916918816105257919849019,True,3.697619
2024-10-31,1,2746.545,2508.693016666666666666666667,2365.857958333333333333333333,True,True,偏多,False,2790.005,2471.718,0.01582351645430895907403665332,0.1000628061801281246074613742,7.960221804511278195488721805,0.8942024907356975310626463859,False,3.697619
2024-11-07,1,2706.785,2528.0835,2383.187375,True,True,偏多,False,2790.005,2500.825,0.03074496127324482735052839439,0.07609026945250546312322552401,0.9555902255639097744360902256,0.0375679856530055497698929571,False,3.697619
2024-11-08,1,2684.035,2531.1025,2385.809416666666666666666667,True,True,偏多,False,2790.005,2510.885,0.03948160139491474589563846969,0.06451108126384342976153440622,-0.5768962406015037593984962406,0.0146170831768342846267260349,False,3.697619
2024-11-11,1,2623.855,2536.598166666666666666666667,2390.938291666666666666666667,True,True,偏多,False,2790.005,2546.645,0.06332285892322555933921653445,0.02942616874789193762612644372,-3.445203007518796992481203008,0.2980699681059895220513089604,False,3.697619
2024-11-12,1,2598.775,2538.922141666666666666666667,2393.329,True,True,偏多,False,2790.005,2546.645,0.07358466970014718473126761647,0.02005945108753162547738838491,-5.273566917293233082706766917,0.4443185307679097340081194206,False,3.697619
2024-11-13,1,2570.694,2541.192441666666666666666667,2395.560329166666666666666667,True,True,偏多,False,2790.005,2546.645,0.08531198190060738462065107710,0.009355061318072084814450883691,-7.347230827067669172932330827,0.5753322165403841213269688760,False,3.697619
2024-11-14,1,2566.775,2543.185666666666666666666667,2397.770245833333333333333333,True,True,偏多,False,2790.005,2536.664,0.08696905650086197660488356011,0.01173106329927632924584351959,-8.854320300751879699248120301,0.6484642134522126453118180430,False,3.697619
2024-11-25,1,2610.355,2564.696866666666666666666667,2421.231258333333333333333333,True,True,偏多,False,2790.005,2536.664,0.06882205677005618009810926100,0.02823025986886841061847909576,-3.773353383458646616541353383,0.1296232537210017206899451838,False,3.697619
2024-11-26,1,2632.105,2566.923425,2423.798008333333333333333333,True,True,偏多,False,2790.005,2536.664,0.05999000799740131947623670028,0.03626033155972121172977521793,-2.738912781954887218045112782,0.0758781080847432892215643453,True,3.697619
2024-11-27,1,2636.935,2569.125433333333333333333333,2426.351508333333333333333333,True,True,偏多,False,2790.005,2536.664,0.05804845398161122667035782073,0.03802558652374821525748643785,-1.507615037593984962406015038,0.0262342284048180903665516984,True,3.697619
2024-11-28,1,2638.615,2570.9816,2428.905495833333333333333333,True,True,偏多,False,2790.005,2536.664,0.05737479700524707090651724484,0.03863807338319535059112451040,0.04335939849624060150375939850,0.0000268339010745227478527774,True,3.697619
2024-12-02,1,2642.095,2576.782608333333333333333333,2436.5882875,True,True,偏多,False,2790.005,2536.664,0.05598208997026980483290721946,0.03990431835342786690107660777,2.753275187969924812030075188,0.1307347583352170920606757788,False,3.697619
2024-12-05,1,2633.635,2581.414858333333333333333333,2444.2160375,True,True,偏多,False,2790.005,2536.664,0.05937421092900117138479705806,0.03682021236807682157930009284,3.471597744360902255639097744,0.2292454183104119386954959703,False,3.697619
2024-12-06,0,2632.664,2583.349683333333333333333333,2446.668033333333333333333333,True,True,偏多,False,2790.005,2536.664,0.05976493772087892720073659229,0.03646496476572779511551796963,2.486755639097744360902255639,0.1330758993462604809781967369,False,0.578183
2024-12-10,0,2695.798,2589.856016666666666666666667,2453.817420833333333333333333,True,True,偏多,False,2790.005,2536.664,0.03494586760580726003951334633,0.05903038729162941733764918588,0.1091969924812030075187969925,0.0004838789474166612124115614,True,0.578183
2024-12-11,0,2717.395,2592.512683333333333333333333,2456.2734625,True,True,偏多,True,2790.005,2536.664,0.02672044366019662213259389967,0.06650891754787213489389654430,0.4564330827067669172932330827,0.0073648868344352531131701965,True,0.578183
2024-12-12,1,2715.505,2595.444933333333333333333333,2458.6410875,True,True,偏多,False,2790.005,2536.664,0.02743504431035847844139487867,0.06585920482562175359647653015,0.9753609022556390977443609023,0.0293041793079709336210548117,True,3.697619
2024-12-13,1,2647.385,2597.616766666666666666666667,2460.6640875,True,True,偏多,False,2790.005,2536.664,0.05387202843560721240016091351,0.04182277983746225048491247023,0.6686872180451127819548872180,0.0137134103651223208526804548,False,3.697619
2024-12-15,0,2651.345,2599.73735,2462.6323375,True,True,偏多,False,2790.005,2536.664,0.05229798460781226132396953244,0.04325389566427605611491525999,0.6938729323308270676691729323,0.0147860639718709328661018062,False,0.578183
2024-12-16,1,2651.565,2601.992158333333333333333333,2464.590754166666666666666667,True,True,偏多,False,2790.005,2536.664,0.05221067558215619832061442959,0.04333327676296828476767493914,1.487519548872180451127819549,0.0805697718251746738737370088,False,3.697619
2024-12-17,1,2647.198,2603.971516666666666666666667,2466.5226,True,True,偏多,False,2790.005,2536.664,0.05394647472535110709512473189,0.04175509349886181539877258898,2.377276691729323308270676692,0.2689858738945788044835948647,False,3.697619
2025-01-06,0,2634.465,2628.881058333333333333333333,2497.649145833333333333333333,True,True,偏多,False,2721.185,2536.664,0.03291749937843167398314268741,0.03712366647497689284162059469,0.4502067669172932330827067669,0.0206849219228642001312741726,True,0.578183
2025-01-08,0,2662.475,2631.269808333333333333333333,2500.7105625,True,True,偏多,False,2721.185,2536.664,0.02205091127616221748561019352,0.04725340144038911163485103147,2.074272932330827067669172932,0.4036054945445680825436420227,True,0.578183
2025-01-12,0,2690.868,2635.7275,2505.387533333333333333333333,True,True,偏多,False,2721.185,2554.335,0.01126662474710762475156715231,0.05073938966905845994675324096,3.434042105263157894736842105,0.6903723062937825863705878303,True,0.578183
2025-01-16,0,2714.448,2641.428508333333333333333333,2510.998129166666666666666667,True,True,偏多,True,2724.565,2582.264,0.003727092948547918398142090031,0.04869645688552516017989661250,4.625082706766917293233082707,0.8174208059630276974281757460,True,0.578183
2025-01-19,0,2696.245,2644.704175,2513.877379166666666666666667,True,True,偏多,False,2724.565,2582.264,0.01050349652943259978228981417,0.04227397732772800691331833717,5.017080451127819548872180451,0.8659674861282718182700322050,False,0.578183
2025-01-20,0,2710.205,2646.479425,2515.245629166666666666666667,True,True,偏多,False,2724.565,2582.264,0.005298492180480812337074132769,0.04720713008794537682573827441,5.144359398496240601503759398,0.8763642254876387423567020446,False,0.578183
2025-01-21,0,2744.058,2648.570283333333333333333333,2516.751808333333333333333333,True,True,偏多,False,2745.848,2582.264,0.0006523185734412319273134897294,0.05896158171583836784790992027,5.659527819548872180451127820,0.8800493498179840627953039274,True,0.578183
2025-01-28,0,2762.545,2661.228808333333333333333333,2526.625445833333333333333333,True,True,偏多,False,2785.825,2582.264,0.008427012048672510312049215488,0.06525902745475639310852854886,6.663231578947368421052631579,0.8899621364948893981156562560,False,0.578183
2025-02-06,0,2857.835,2677.8749,2543.109904166666666666666667,True,True,偏多,False,2882.215,2582.264,0.008530933381388358670112165328,0.09642649068263213236593435240,8.261075187969924812030075188,0.8955352210343060999353003443,True,0.578183
2025-02-07,1,2860.135,2679.863491666666666666666667,2545.438904166666666666666667,True,True,偏多,False,2886.605,2582.264,0.009254807902424186270927770892,0.09715310640931284712085268702,8.447215037593984962406015038,0.8999636014888447584959161433,True,3.697619
2025-02-10,1,2917.655,2684.35085,2550.29325,True,True,偏多,False,2921.455,2582.264,0.001302415809956968867121026989,0.1149522476098099329769969376,9.454261654135338345864661654,0.9051147294590178104916410630,True,3.697619
2025-02-11,1,2898.375,2686.353683333333333333333333,2552.723541666666666666666667,True,True,偏多,False,2942.665,2582.264,0.01528097640919480743520075905,0.1090649070599905119247854401,9.410356390977443609022556391,0.9048592210910256172400496654,True,3.697619
2025-02-12,1,2905.498,2688.431266666666666666666667,2555.210220833333333333333333,True,True,偏多,False,2942.665,2582.264,0.01279195511406306251114266814,0.1112490870756063160256864744,9.384674436090225563909774436,0.9045628039198566018939799467,True,3.697619
2025-02-14,0,2882.085,2692.452683333333333333333333,2559.820391666666666666666667,True,True,偏多,False,2942.665,2586.815,0.02101950497643199281076026557,0.1024501359259008669071175902,9.738638345864661654135338346,0.9004515097649210735618693027,False,0.578183
2025-02-17,0,2899.175,2696.446325,2564.319129166666666666666667,True,True,偏多,False,2942.665,2595.905,0.01500081919856510903964058741,0.1046056205644709270740814197,9.139227819548872180451127820,0.8541203627764922359888296918,False,0.578183
2025-02-24,0,2949.795,2710.688241666666666666666667,2577.842141666666666666666667,True,True,偏多,False,2956.035,2595.905,0.002115401239747168871057141259,0.1199710488355970499644890577,6.727768421052631578947368421,0.7945320748389423260082451178,False,0.578183
2025-02-26,0,2918.995,2715.744825,2582.149645833333333333333333,True,True,偏多,False,2956.035,2602.475,0.01268929888540405173698481840,0.1084345810801320317438022333,4.475666917293233082706766917,0.6510590405865345213776341172,False,0.578183
2025-03-03,0,2890.625,2723.303875,2591.063241666666666666666667,True,True,偏多,False,2956.035,2614.365,0.02262832432432432432432432432,0.09557102702702702702702702703,-0.3561571428571428571428571429,0.0055080149579826785458081178,False,0.578183
2025-03-05,0,2918.165,2727.453016666666666666666667,2595.792658333333333333333333,True,True,偏多,True,2956.035,2632.775,0.01297733335846328086314516143,0.09779775989363178572836011672,-0.635,0.0196216723344927815061189369,True,0.578183
2025-03-09,0,2915.908,2732.430233333333333333333333,2603.0373,True,True,偏多,False,2956.035,2656.615,0.01376140811026959698316956502,0.08892358743828680465913190677,-0.4801661654135338345864661654,0.0116969552706880676178853349,True,0.578183
2025-03-11,0,2915.148,2735.1954,2607.705620833333333333333333,True,True,偏多,False,2956.035,2656.615,0.01402570298317615434962478749,0.08868606328049210537509587849,-1.677123308270676691729323308,0.1556716562173426428953260485,True,0.578183
2025-03-13,1,2986.195,2739.10585,2612.674233333333333333333333,True,True,偏多,False,2989.785,2669.315,0.001202198784741117040246869344,0.1061149723979847263825704617,-0.1312278195488721804511278195,0.0006643824653029627527308260,True,3.697619
2025-03-14,1,2983.795,2741.082266666666666666666667,2615.550816666666666666666667,True,True,偏多,False,3004.725,2689.308,0.007014556965207060136504015859,0.09869545327343198845765208401,1.138080451127819548872180451,0.0403463342971812337936492974,True,3.697619
2025-03-17,1,2999.518,2745.328041666666666666666667,2621.3062625,True,True,偏多,False,3004.725,2689.308,0.001735945575255757758413185052,0.1034199494718818156783856606,3.863574436090225563909774436,0.3141814420428961739836327018,True,3.697619
2025-03-18,1,3031.528,2747.466733333333333333333333,2624.2917625,True,True,偏多,False,3038.058,2689.308,0.002154029255213872344243562982,0.1128869665726326789658548428,5.595672932330827067669172932,0.4896422261264352321499655857,True,3.697619
2025-03-19,1,3049.875,2749.671875,2627.331041666666666666666667,True,True,偏多,False,3051.758,2702.745,0.0006174023525554325996967088815,0.1138177794171892290667650314,7.654964661654135338345864662,0.6930039334142537555601119282,True,3.697619
2025-03-20,1,3046.245,2752.169375,2630.431195833333333333333333,True,True,偏多,False,3057.245,2730.529,0.003611003054580311169981403334,0.1036410400345343201219862486,9.016271428571428571428571429,0.7973030674335202580013914488,True,3.697619
2025-03-21,0,3022.705,2754.559458333333333333333333,2633.308366666666666666666667,True,True,偏多,False,3057.245,2730.529,0.01142685111514355519311345302,0.09666044155814080434577638241,9.858367669172932330827067669,0.8779862911213893127021557558,False,0.578183
2025-03-24,1,3009.595,2759.223208333333333333333333,2639.0784375,True,True,偏多,False,3057.245,2730.529,0.01583269509684857929389170304,0.09272543315628847070785271772,9.184923308270676691729323308,0.8402234801477575703501171638,False,3.697619
2025-03-25,1,3020.775,2761.517208333333333333333333,2641.9641875,True,True,偏多,False,3057.245,2730.529,0.01207306072117254678021368688,0.09608328988421845387359204178,8.626409774436090225563909774,0.8086982874750776267776404257,False,3.697619
2025-03-26,1,3021.395,2764.496541666666666666666667,2644.8480625,True,True,偏多,False,3057.245,2734.738,0.01186538006450662690578358672,0.09487571138497283539557058908,8.166996240601503759398496241,0.7754853362333104882524644364,False,3.697619
2025-03-27,1,3055.275,2767.400625,2647.7420625,True,True,偏多,False,3059.518,2745.0,0.001388745693922805639426892833,0.1015538699462405184476029163,8.365199248120300751879699248,0.7879439425826654935052227795,False,3.697619
2025-03-28,1,3083.898,2770.732816666666666666666667,2650.917658333333333333333333,True,True,偏多,False,3086.725,2758.475,0.0009166969854385586034298151236,0.1055232695763608264605379296,8.824550375939849624060150376,0.8076234924580947104035369150,True,3.697619
2025-04-01,1,3114.998,2782.534058333333333333333333,2660.7281,True,True,偏多,False,3148.835,2771.885,0.01086260729541399384526089583,0.1101487063555096985616042129,9.333469924812030075187969925,0.8169913802078107500369071321,True,3.697619
2025-04-02,0,3162.475,2787.465566666666666666666667,2664.329004166666666666666667,True,True,偏多,False,3167.548,2806.925,0.001604123352753776709697309860,0.1124277662274010071225859493,9.247475939849624060150375940,0.8204044817433142962416824128,True,0.578183
2025-04-11,0,3236.375,2817.766508333333333333333333,2688.804658333333333333333333,True,True,偏多,False,3245.025,2832.455,0.002672743424355953806341972114,0.1248063033486539724228496389,4.934454135338345864661654135,0.1734219688446212738071602105,True,0.578183
2025-04-13,0,3223.545,2821.965008333333333333333333,2692.2946875,True,True,偏多,False,3245.025,2832.455,0.006663471426643648529801817564,0.1213229534565206938324112119,6.764487218045112781954887218,0.2647302125123100605354312850,True,0.578183
2025-05-01,1,3236.955,2905.143041666666666666666667,2748.8278625,True,True,偏多,False,3499.915,2879.935,0.08123684141423034920164166632,0.1102950149137074812593934732,10.34583383458646616541353383,0.3573762895357328519177016660,False,3.697619
2025-05-02,1,3239.415,2909.508958333333333333333333,2752.476945833333333333333333,True,True,偏多,False,3499.915,2879.935,0.08041575407905439716738979106,0.1109706536519711120680740195,5.267827819548872180451127820,0.1662735713744898588328804187,False,3.697619
2025-05-08,1,3316.025,2938.579741666666666666666667,2771.8685875,True,True,偏多,False,3499.915,2879.938,0.05545494982697657587020604489,0.1315089602762343468459978438,-0.9422172932330827067669172932,0.0113534698997051688587947542,True,3.697619
2025-05-09,1,3323.345,2944.662741666666666666666667,2775.525420833333333333333333,True,True,偏多,False,3499.915,2905.755,0.05313020465825847150987935348,0.1256535207750022943750949721,-1.989343609022556390977443609,0.0559851160051679578559266530,True,3.697619
2025-05-11,0,3287.315,2950.203408333333333333333333,2779.043170833333333333333333,True,True,偏多,False,3499.915,2932.768,0.06467284090511557304365416761,0.1078530654957008987578008192,-2.108131578947368421052631579,0.0622165354443809127807225532,False,0.578183
2025-05-13,1,3253.925,2960.628941666666666666666667,2785.8972125,True,True,偏多,False,3499.915,2956.125,0.07559793172860468511105818358,0.09152024093978810206135666925,-3.616075939849624060150375940,0.1534721493923496845686574331,False,3.697619
2025-05-14,1,3185.815,2965.3745,2789.239158333333333333333333,True,True,偏多,False,3499.915,2956.125,0.09859329559312138338227423752,0.07209772067744046656820939069,-3.470300751879699248120300752,0.1476411175060067640372542436,False,3.697619
2025-05-15,1,3236.845,2970.529833333333333333333333,2792.789825,True,True,偏多,False,3499.915,2956.125,0.08127358585289070066685306216,0.08672642650482182495609150268,-3.778338345864661654135338346,0.1686786035570968010537114647,False,3.697619
2025-05-16,1,3202.465,2975.279725,2796.031575,True,True,偏多,False,3499.915,2956.125,0.09288157716009386519446738684,0.07692199602493704068584668373,-4.746413533834586466165413534,0.2355583863272046970539708913,False,3.697619
2025-05-22,1,3299.748,3002.504925,2813.1944625,True,True,偏多,False,3499.915,2956.125,0.06066129898404362999841199995,0.1041361340320533568017921369,-1.805295488721804511278195489,0.0355874185403959188156504925,True,3.697619
2025-05-25,0,3342.298,3014.177258333333333333333333,2820.4229375,True,True,偏多,False,3499.915,2956.125,0.04715827254182601312031422692,0.1155411635946286058274875550,-0.4913593984962406015037593985,0.0023424224475183210586360260,True,0.578183
2025-05-26,1,3345.945,3020.053066666666666666666667,2823.9214375,True,True,偏多,False,3499.915,2956.125,0.04601689507747437569954078743,0.1165052025660911939676234965,-0.3479924812030075187969924812,0.0011577592923854539742182945,True,3.697619
2025-05-27,1,3309.148,3025.675425,2827.278241666666666666666667,True,True,偏多,False,3499.915,2956.125,0.05764837353904993067702018767,0.1066809341860805258634548833,-0.7589661654135338345864661654,0.0056432535015693152137018521,True,3.697619
2025-05-29,0,3315.395,3036.1997,2833.734754166666666666666667,True,True,偏多,False,3499.915,2956.125,0.05565551012775250007917608611,0.1083641617363843523923996990,1.495007518796992481203007519,0.0269039230717656569993117169,True,0.578183
2025-06-05,1,3361.648,3069.50925,2854.656325,True,True,偏多,False,3499.915,2969.605,0.04113071921866893856822606055,0.1166222638420203424034878131,8.019757142857142857142857143,0.6315774374204520746373939431,False,3.697619
2025-06-08,1,3317.798,3079.595333333333333333333333,2861.3440875,True,True,偏多,False,3499.915,3078.105,0.05489092464339299740369968274,0.07224460319766302830974037600,5.407812030075187969924812030,0.3977999909880467454429679263,False,3.697619
2025-06-12,0,3395.545,3100.5072,2875.6199625,True,True,偏多,False,3499.915,3120.205,0.03073733377116191951512938276,0.08108860286051281900254598305,2.200870676691729323308270677,0.1393292232171729477409678975,True,0.578183
2025-08-01,0,3362.425,3269.47415,3004.290,True,True,偏多,False,3451.085,3244.925,0.02636787437638014230800687004,0.03494501736098202933894436307,-1.470900751879699248120300752,0.0654625608621441303930641540,True,0.578183
2025-08-06,0,3369.905,3281.867625,3014.667179166666666666666667,True,True,偏多,False,3451.085,3244.925,0.02408969985800786669060403780,0.03708709889447922122433718458,-0.1658518796992481203007518797,0.0007798807470736368997209969,True,0.578183
2025-08-08,0,3398.579,3287.722358333333333333333333,3019.945866666666666666666667,True,True,偏多,False,3451.085,3244.925,0.01544939811609499146555074930,0.04521124858359920425566096889,0.6733203007518796992481203008,0.0112572346032859624486531013,True,0.578183
2025-08-19,0,3314.135,3309.78375,3044.007975,True,True,偏多,False,3438.655,3244.925,0.03757239822759181505883133910,0.02088327723523634372166492916,0.5520496240601503759398496241,0.0093086405672393681681571099,False,0.578183
2025-08-22,1,3371.235,3315.334475,3053.674395833333333333333333,True,True,偏多,False,3438.655,3244.925,0.01999860585215803703983851615,0.03746698168475351021213294238,-1.281785714285714285714285714,0.0688294679286515911417033312,True,3.697619
2025-08-25,1,3354.648,3321.050866666666666666666667,3060.297491666666666666666667,True,True,偏多,False,3438.655,3244.925,0.02504197161669421054012224233,0.03270775354075897083688065037,-2.121996992481203007518796992,0.2635885006823015521237648560,True,3.697619
2025-08-26,1,3390.648,3324.463975,3063.540045833333333333333333,True,True,偏多,False,3438.655,3259.195,0.01415865049984545726952488138,0.03876928539913314505073956365,-1.603232330827067669172932331,0.1383455507379115487151688773,True,3.697619
2025-08-27,1,3395.465,3327.940641666666666666666667,3066.7085875,True,True,偏多,False,3438.655,3267.955,0.01271990728810339673652945915,0.03755303029187460333120794943,-0.8159789473684210526315789474,0.0332622994644031972085716927,True,3.697619
2025-08-28,0,3414.508,3330.674083333333333333333333,3069.8856,True,True,偏多,False,3438.655,3267.955,0.007071882684123159178423362897,0.04292067846963603541125104993,0.3084849624060150375939849624,0.0040403829793999386844678603,True,0.578183
2025-08-29,1,3446.805,3332.824333333333333333333333,3073.126379166666666666666667,True,True,偏多,False,3453.565,3267.955,0.001961236565456995681507947215,0.05188863309644728959137520109,1.639262406015037593984962406,0.0795338477883789788826024333,True,3.697619
2025-09-01,1,3478.965,3336.71375,3079.339379166666666666666667,True,True,偏多,False,3489.595,3267.955,0.003055506450912843331278124385,0.06065309653876943286293480963,5.399648872180451127819548872,0.4990618119595889456641901078,True,3.697619
2025-09-02,1,3529.698,3339.357941666666666666666667,3083.169975,True,True,偏多,True,3539.849,3267.955,0.002875883432520289271206771797,0.07415450273649473694350054877,7.943654135338345864661654135,0.6738603886017813598281390099,True,3.697619
2025-09-03,1,3560.175,3341.928858333333333333333333,3087.036933333333333333333333,True,True,偏多,True,3578.175,3267.955,0.005055931239335145042027428427,0.08208023481991756023229195194,10.04527593984962406015037594,0.7309232061667904077869834727,True,3.697619
2025-09-08,1,3634.735,3349.457225,3102.837154166666666666666667,True,True,偏多,True,3646.115,3267.955,0.003130902252846493623331549618,0.1009096949296166020356367108,16.76741879699248120300751880,0.9336819709770658852623333632,True,3.697619
2025-09-09,1,3633.355,3351.932558333333333333333333,3106.967404166666666666666667,True,True,偏多,False,3673.645,3267.955,0.01108892469907289543686207376,0.1005682076207802430535964694,17.77599774436090225563909774,0.9516947009667455386721145534,True,3.697619
2025-09-11,1,3631.595,3357.027475,3115.232016666666666666666667,True,True,偏多,False,3673.645,3267.955,0.01157893432500044746179020513,0.1001323110093498862070247371,18.39541127819548872180451128,0.9629323488635147605810095718,False,3.697619
2025-09-12,0,3642.635,3359.727558333333333333333333,3119.436183333333333333333333,True,True,偏多,False,3673.645,3267.955,0.008513068149842078605185531902,0.1028596057524292167620417637,18.43998270676691729323308271,0.9639868303028968944534603954,False,0.578183
2025-09-15,1,3676.598,3365.351083333333333333333333,3127.944366666666666666666667,True,True,偏多,False,3685.345,3267.955,0.002379101549856688166614897794,0.1111470440880400848828183010,17.85786015037593984962406015,0.9511075794546915332055043333,False,3.697619
2025-09-17,1,3668.748,3371.797025,3136.3052,True,True,偏多,False,3707.308,3267.955,0.01051039755251655333100011230,0.1092451702869752842113985480,16.32959548872180451127819549,0.9289776373935761523084182071,False,3.697619
2025-09-18,1,3639.895,3375.154858333333333333333333,3140.14895,True,True,偏多,False,3707.308,3267.955,0.01852058919282012255848039573,0.1021842663043851539673534539,14.71162330827067669172932331,0.8772558981080754033946670036,False,3.697619
2025-09-24,0,3742.815,3392.048,3162.280216666666666666666667,True,True,偏多,False,3790.865,3267.955,0.01283793080876292309398140170,0.1268724208917619492280542853,10.11092406015037593984962406,0.8791399067458509630980435635,False,0.578183
2025-09-25,1,3744.475,3395.618416666666666666666667,3167.099079166666666666666667,True,True,偏多,False,3790.865,3267.955,0.01238891967498781538132849064,0.1272594956569345502373496952,9.640642105263157894736842105,0.8752882420171625944764113905,False,3.697619
2025-09-26,1,3759.005,3399.248916666666666666666667,3171.955829166666666666666667,True,True,偏多,False,3790.865,3281.435,0.008475647145986770435261458817,0.1270469180009071549519088163,9.536174436090225563909774436,0.8735086426614043962579100208,True,3.697619
2025-09-30,0,3862.765,3413.284275,3186.956608333333333333333333,True,True,偏多,True,3871.505,3311.255,0.002262627936206318530896909338,0.1427759648852570632694455914,10.70902556390977443609022556,0.8392911819110026487228333958,True,0.578183
2025-10-02,1,3862.145,3424.139691666666666666666667,3197.3347625,True,True,偏多,False,3896.958,3311.255,0.009013902895929593528984540974,0.1426383525217204429144944066,12.64627067669172932330827068,0.8839547107685488413320374277,True,3.697619
2025-10-08,0,4011.465,3453.321716666666666666666667,3225.09585,True,True,偏多,False,4059.098,3311.255,0.01187421552973788877629494461,0.1745521897860258035406017502,18.22116390977443609022556391,0.9330222678795239350674709949,True,0.578183
2025-10-09,0,3989.548,3459.07005,3230.7874875,True,True,偏多,False,4059.098,3311.255,0.01743305256635588793517461126,0.1700175057425051659987547462,19.12262631578947368421052632,0.9560642650597347582946011442,False,0.578183
2025-10-10,0,4017.845,3464.580633333333333333333333,3236.452279166666666666666667,True,True,偏多,True,4059.098,3311.255,0.01026744436383185513627330074,0.1758629314968596349535634152,19.58396842105263157894736842,0.9622342622232504325884871978,False,0.578183
2025-10-17,1,4250.855,3508.64725,3275.002933333333333333333333,True,True,偏多,False,4379.125,3321.045,0.03017510594927373434285573138,0.2187348192304842202333412925,27.99487969924812030075187970,0.9284097176883765277872271337,True,3.697619
2025-10-20,1,4359.905,3524.483725,3288.406629166666666666666667,True,True,偏多,True,4381.298,3351.175,0.004906758289458141863182798708,0.2313651329558786257957455495,29.09682105263157894736842105,0.9292556546261401631549910756,True,3.697619
2025-10-21,0,4092.618,3530.591391666666666666666667,3294.343891666666666666666667,True,True,偏多,False,4381.298,3351.175,0.07053675666773688626693231570,0.1811659431688958021491377891,25.66398345864661654135338346,0.8241464038974835471938745037,False,0.578183
2025-11-03,0,3996.925,3591.0349,3354.050270833333333333333333,True,True,偏多,False,4381.298,3577.698,0.09616717851848608617874991400,0.1048873821750470674330891873,-13.58373684210526315789473684,0.4221894615016165233616655102,True,0.578183
2025-11-13,0,4185.725,3643.9608,3401.4381625,True,True,偏多,False,4381.298,3627.465,0.04672380531449151580670015350,0.1333723548489210351850635195,3.3565,0.0635180132566587021943180719,True,0.578183
2025-11-16,0,4096.198,3657.638275,3411.689191666666666666666667,True,True,偏多,False,4381.298,3631.938,0.06960112767986313161619628739,0.1133392477609724920523861395,6.615076691729323308270676692,0.2549169253372794254760516105,False,0.578183
2025-11-19,0,4104.165,3676.120558333333333333333333,3426.413845833333333333333333,True,True,偏多,False,4381.298,3717.348,0.06752481929941900484020501125,0.09424986568522464374604822175,8.922787969924812030075187970,0.4729335500429176790332789508,False,0.578183
2025-11-20,0,4078.675,3682.354116666666666666666667,3431.302083333333333333333333,True,True,偏多,False,4381.298,3717.348,0.07419639956603553850208707485,0.08858930902805445395869982286,8.172421052631578947368421053,0.4180010377081627352735573443,False,0.578183
2025-12-08,0,4194.535,3786.5865,3510.326533333333333333333333,True,True,偏多,False,4381.298,3886.199,0.04452531687064239540258932158,0.07350898252130450693581052489,9.213557894736842105263157895,0.7528684239787400251569445210,False,0.578183
2025-12-21,0,4354.915,3874.131841666666666666666667,3573.3780375,True,True,偏多,False,4374.395,3886.199,0.004473106822980471490258707690,0.1076291959774186178145842112,8.498656390977443609022556391,0.7764328932184725184006278865,True,0.578183
2025-12-30,0,4338.655,3946.301283333333333333333333,3621.319,True,True,偏多,False,4549.715,3928.475,0.04864641230980568862931023555,0.09454081967798776348891534358,14.08922180451127819548872180,0.6329819221612397499050535577,False,0.578183
