candidate_id,observation_rows,sources,formats,record_ids,identity_confirmed,reason,deleted_rows
dup_96599830dc4f9972,2,"2025/statement (1).html|DREA,補交易紀錄/INFINOX 8月.csv",CSV|HTML,rec_fb298eab28c80c450076|c_471032afab3735b5a570,False,SAME_MINUTE_TIMES_AND_ECONOMIC_FIELDS,0
dup_3098a1ba27ffc297,2,"2025/statement (1).html|DREA,補交易紀錄/INFINOX 8月.csv",CSV|HTML,rec_005e4b8eb48c91b4cb5e|c_ff0b8ec5143b4e187e37,False,SAME_MINUTE_TIMES_AND_ECONOMIC_FIELDS,0
dup_693584a4bb902dc4,2,"2025/2021-2024/2021/statement (6).html|DREA,補交易紀錄/2021-05-07 (風控賺錢) Hantec 最高+518.78%.csv",CSV|HTML,rec_fbd8b76a3e7ca16f7b43|c_7b920078c0f6ce9ba489,False,SAME_MINUTE_TIMES_AND_ECONOMIC_FIELDS,0
dup_ea6ee671c3419ab2,2,"2025/2021-2024/2021/statement (6).html|DREA,補交易紀錄/2021-05-07 (風控賺錢) Hantec 最高+518.78%.csv",CSV|HTML,rec_f8fc0e377148d2c76d6b|c_080bba791fb344768f1a,False,SAME_MINUTE_TIMES_AND_ECONOMIC_FIELDS,0
dup_1b02d5e1e3acb832,2,"2025/2021-2024/2021/statement (6).html|DREA,補交易紀錄/2021-05-07 (風控賺錢) Hantec 最高+518.78%.csv",CSV|HTML,rec_9912e33620400a61d78e|c_6d6787f706b0d5234596,False,SAME_MINUTE_TIMES_AND_ECONOMIC_FIELDS,0
dup_aacad27c1496695b,2,"DREA,補交易紀錄/20220307-d心急代價.csv|手動交易2024後策略較固定/2020含更久以前交易/statement.html",CSV|HTML,rec_fbd7fb25b06553e35d18|c_7265f38fb83740ad3c04,False,SAME_MINUTE_TIMES_AND_ECONOMIC_FIELDS,0
dup_bd8ca2d9d0d63d31,2,"DREA,補交易紀錄/20220307-d心急代價.csv|手動交易2024後策略較固定/2020含更久以前交易/statement.html",CSV|HTML,rec_4f9547022934c8c08bb5|c_a57b05e09bbaa9b7cae6,False,SAME_MINUTE_TIMES_AND_ECONOMIC_FIELDS,0
dup_fca377066d5fa018,2,"2025/statement (3).html|DREA,補交易紀錄/2025-02~.csv",CSV|HTML,rec_2dcc7bf1a8d4625de241|c_7f9b2849a57d65dda96e,False,SAME_MINUTE_TIMES_AND_ECONOMIC_FIELDS,0
dup_825530ef298a1f55,2,"2025/statement (3).html|DREA,補交易紀錄/2025-02~.csv",CSV|HTML,rec_bcd129f91a9390420cbe|c_e2ece0c57b3379995e0c,False,SAME_MINUTE_TIMES_AND_ECONOMIC_FIELDS,0
dup_63cd2776da166666,2,"2025/statement (3).html|DREA,補交易紀錄/2025-02~.csv",CSV|HTML,rec_c4e66614796ef4f0ea1e|c_df82aa2eeb05888c5d66,False,SAME_MINUTE_TIMES_AND_ECONOMIC_FIELDS,0
dup_c8fc055f2314bd19,2,"2025/2021-2024/2024/statement (8).html|DREA,補交易紀錄/2023-12-12 XM 績效.csv",CSV|HTML,rec_f83f69f85718d94d5bfe|c_28596f3bfc8805845226,False,SAME_MINUTE_TIMES_AND_ECONOMIC_FIELDS,0
dup_8e24b20b7ad4ad2e,2,"2025/2021-2024/2024/statement (8).html|DREA,補交易紀錄/2023-12-12 XM 績效.csv",CSV|HTML,rec_2b9b08e51dde6685ebc5|c_8067be594771673969f4,False,SAME_MINUTE_TIMES_AND_ECONOMIC_FIELDS,0
dup_5176aa1f1e4ea18a,2,"DREA,補交易紀錄/dream-手動-01.csv|手動交易2024後策略較固定/2020含更久以前交易/statement (13).html",CSV|HTML,rec_56e5f74849015073c063|c_8f38fdb7f7e13fdd3f05,False,SAME_MINUTE_TIMES_AND_ECONOMIC_FIELDS,0
dup_281d4514c496020c,2,"DREA,補交易紀錄/dream-手動-01.csv|手動交易2024後策略較固定/2020含更久以前交易/statement (13).html",CSV|HTML,rec_08c0a91d6388c160f64c|c_b7b6dc40e45f630a39da,False,SAME_MINUTE_TIMES_AND_ECONOMIC_FIELDS,0
dup_8af612e9ee390ca1,2,"DREA,補交易紀錄/dream-手動-01.csv|手動交易2024後策略較固定/2020含更久以前交易/statement (13).html",CSV|HTML,rec_e1feae37d20c68303dd8|c_12a03352a6b83ac98bf7,False,SAME_MINUTE_TIMES_AND_ECONOMIC_FIELDS,0
dup_16fcac56923a59f0,2,"DREA,補交易紀錄/dream-手動-01.csv|手動交易2024後策略較固定/2020含更久以前交易/statement (13).html",CSV|HTML,rec_48cab2e1e19815b355d5|c_af1e41845b8e85345c54,False,SAME_MINUTE_TIMES_AND_ECONOMIC_FIELDS,0
dup_d302a125c185aab7,2,"DREA,補交易紀錄/dream-手動-01.csv|手動交易2024後策略較固定/2020含更久以前交易/statement (13).html",CSV|HTML,rec_ec8772d8ad51ff83d35d|c_6ec5a7730a8e5cb2e60d,False,SAME_MINUTE_TIMES_AND_ECONOMIC_FIELDS,0
dup_50b5f7bc2030759f,2,"DREA,補交易紀錄/dream-手動-01.csv|手動交易2024後策略較固定/2020含更久以前交易/statement (13).html",CSV|HTML,rec_89b4e59535c845d33acd|c_bfc9aa8a05d882ddeea7,False,SAME_MINUTE_TIMES_AND_ECONOMIC_FIELDS,0
dup_b0772ca1d4caab45,2,"DREA,補交易紀錄/dream-手動-02.csv|手動交易2024後策略較固定/2020含更久以前交易/statement (12).html",CSV|HTML,rec_7938563276507505068e|c_59eaa04cab99a5bfab15,False,SAME_MINUTE_TIMES_AND_ECONOMIC_FIELDS,0
dup_5afd3e183fabcac0,2,"DREA,補交易紀錄/dream-手動-02.csv|手動交易2024後策略較固定/2020含更久以前交易/statement (12).html",CSV|HTML,rec_0c29d05c452a8d66224e|c_30345ded294d24adfbc2,False,SAME_MINUTE_TIMES_AND_ECONOMIC_FIELDS,0
dup_4ab8f9a514329752,2,"DREA,補交易紀錄/dream-手動-01.csv|手動交易2024後策略較固定/2020含更久以前交易/statement (13).html",CSV|HTML,rec_3cd3165b3e517fe930ae|c_a8558b548052935276ed,False,SAME_MINUTE_TIMES_AND_ECONOMIC_FIELDS,0
dup_2fb55089b5032644,2,"DREA,補交易紀錄/dream-手動-01.csv|手動交易2024後策略較固定/2020含更久以前交易/statement (13).html",CSV|HTML,rec_266b41aae57503f79e8d|c_f5660c2205cb4c7e9338,False,SAME_MINUTE_TIMES_AND_ECONOMIC_FIELDS,0
dup_91cdcde003cc5254,2,"DREA,補交易紀錄/dream-手動-01.csv|手動交易2024後策略較固定/2020含更久以前交易/statement (13).html",CSV|HTML,rec_b2fc6b275a41772fc519|c_64faeccf42ded99c4844,False,SAME_MINUTE_TIMES_AND_ECONOMIC_FIELDS,0
dup_9365af16ba765027,2,"DREA,補交易紀錄/dream-手動-01.csv|手動交易2024後策略較固定/2020含更久以前交易/statement (13).html",CSV|HTML,rec_f6a7dcea96796d7b9e59|c_fa1c777f6bcb4a18814d,False,SAME_MINUTE_TIMES_AND_ECONOMIC_FIELDS,0
dup_1f4a337b50e26cce,2,"DREA,補交易紀錄/dream-手動-02.csv|手動交易2024後策略較固定/2020含更久以前交易/statement (12).html",CSV|HTML,rec_49b20dda79e3c267ad63|c_edafba0c066f5b7d50a0,False,SAME_MINUTE_TIMES_AND_ECONOMIC_FIELDS,0
dup_4f37ee6b65c685fa,2,"DREA,補交易紀錄/dream-手動-02.csv|手動交易2024後策略較固定/2020含更久以前交易/statement (12).html",CSV|HTML,rec_eb279797e7825d3e766e|c_1ebb4fb4a32e6abdf9f7,False,SAME_MINUTE_TIMES_AND_ECONOMIC_FIELDS,0
dup_88038091a8552b4d,2,"DREA,補交易紀錄/dream-手動-01.csv|手動交易2024後策略較固定/2020含更久以前交易/statement (13).html",CSV|HTML,rec_baa58241c9e2a4782a4a|c_f28e0043296cacbe8e40,False,SAME_MINUTE_TIMES_AND_ECONOMIC_FIELDS,0
dup_114f01ebabc081fe,2,"DREA,補交易紀錄/dream-手動-01.csv|手動交易2024後策略較固定/2020含更久以前交易/statement (13).html",CSV|HTML,rec_08ff476a7c20571e6e24|c_60fcc75200851158e635,False,SAME_MINUTE_TIMES_AND_ECONOMIC_FIELDS,0
dup_5d5f3ce4c6afea7a,2,"DREA,補交易紀錄/dream-手動-02.csv|手動交易2024後策略較固定/2020含更久以前交易/statement (12).html",CSV|HTML,rec_6c9c4a1f2023b53e97e3|c_1f98bc3fc146ef052d1d,False,SAME_MINUTE_TIMES_AND_ECONOMIC_FIELDS,0
dup_dc8eea7aa9fa2f65,2,"DREA,補交易紀錄/dream-手動-02.csv|手動交易2024後策略較固定/2020含更久以前交易/statement (12).html",CSV|HTML,rec_c721e841816b636c3121|c_9bc6c3a3f49e1a4186da,False,SAME_MINUTE_TIMES_AND_ECONOMIC_FIELDS,0
dup_e779aee5b747ef8e,2,"DREA,補交易紀錄/dream-手動-02.csv|手動交易2024後策略較固定/2020含更久以前交易/statement (12).html",CSV|HTML,rec_d2176a67ecc9b35ffad8|c_bd34257879ffef47b2a0,False,SAME_MINUTE_TIMES_AND_ECONOMIC_FIELDS,0
dup_53cf70f28aaf258d,2,"DREA,補交易紀錄/dream-手動-02.csv|手動交易2024後策略較固定/2020含更久以前交易/statement (12).html",CSV|HTML,rec_31351a9f4854f91b422d|c_8ba6175f46a91b3dcfae,False,SAME_MINUTE_TIMES_AND_ECONOMIC_FIELDS,0
dup_de91481a9012a923,2,"DREA,補交易紀錄/dream-手動-02.csv|手動交易2024後策略較固定/2020含更久以前交易/statement (12).html",CSV|HTML,rec_2d2bd9f8a2a15e001556|c_6b902b1c5ed10f35e425,False,SAME_MINUTE_TIMES_AND_ECONOMIC_FIELDS,0
dup_f1780d2cb4781b3e,2,"DREA,補交易紀錄/dream-手動-02.csv|手動交易2024後策略較固定/2020含更久以前交易/statement (12).html",CSV|HTML,rec_719441babfe602dbcac4|c_9eb38ca002ebf6ef61cb,False,SAME_MINUTE_TIMES_AND_ECONOMIC_FIELDS,0
dup_b73e848be90087a3,2,"DREA,補交易紀錄/dream-手動-02.csv|手動交易2024後策略較固定/2020含更久以前交易/statement (12).html",CSV|HTML,rec_dc34e23bd68c2fe99a41|c_7604ff3a29f988bb54e7,False,SAME_MINUTE_TIMES_AND_ECONOMIC_FIELDS,0
dup_7a97fc3a1e86a5fc,2,"DREA,補交易紀錄/dream-手動-01.csv|手動交易2024後策略較固定/2020含更久以前交易/statement (13).html",CSV|HTML,rec_d80f2c81a6fc5c44f339|c_6c68dc67e082b7139078,False,SAME_MINUTE_TIMES_AND_ECONOMIC_FIELDS,0
dup_4874a36b67dddb7d,2,"DREA,補交易紀錄/dream-手動-02.csv|手動交易2024後策略較固定/2020含更久以前交易/statement (12).html",CSV|HTML,rec_577665e388d65fdb74f9|c_dca646eb96355311c851,False,SAME_MINUTE_TIMES_AND_ECONOMIC_FIELDS,0
dup_2e165e58a0fe7838,2,"DREA,補交易紀錄/dream-手動-02.csv|手動交易2024後策略較固定/2020含更久以前交易/statement (12).html",CSV|HTML,rec_d949ee4d82edcf7cec77|c_e467896f11d7a5596522,False,SAME_MINUTE_TIMES_AND_ECONOMIC_FIELDS,0
dup_91c44b189660e057,2,"DREA,補交易紀錄/dream-手動-01.csv|手動交易2024後策略較固定/2020含更久以前交易/statement (13).html",CSV|HTML,rec_e88ba1901df4f0a58f0f|c_b682c6055a3a7e8ed0b7,False,SAME_MINUTE_TIMES_AND_ECONOMIC_FIELDS,0
dup_4ddf5de97f3b1225,2,"DREA,補交易紀錄/dream-手動-02.csv|手動交易2024後策略較固定/2020含更久以前交易/statement (12).html",CSV|HTML,rec_cf453c8f9d26e6582608|c_a0b9c0cf07ae86ae4bfc,False,SAME_MINUTE_TIMES_AND_ECONOMIC_FIELDS,0
dup_0e379fdff6579eac,2,"DREA,補交易紀錄/dream-手動-01.csv|手動交易2024後策略較固定/2020含更久以前交易/statement (13).html",CSV|HTML,rec_d9c66e045548e625633d|c_9f20eeebde63f66b1f5f,False,SAME_MINUTE_TIMES_AND_ECONOMIC_FIELDS,0
dup_9ed3019d16a096b5,2,"DREA,補交易紀錄/dream-手動-01.csv|手動交易2024後策略較固定/2020含更久以前交易/statement (13).html",CSV|HTML,rec_8be5a8c6ef4d75812f5e|c_5f05529eda510c09e308,False,SAME_MINUTE_TIMES_AND_ECONOMIC_FIELDS,0
dup_4165ccfed7d1dfb1,2,"DREA,補交易紀錄/dream-手動-02.csv|手動交易2024後策略較固定/2020含更久以前交易/statement (12).html",CSV|HTML,rec_ae83733a5f0e12fae7a5|c_5261b9e828171a36d7f9,False,SAME_MINUTE_TIMES_AND_ECONOMIC_FIELDS,0
dup_f4e6fc2024b06231,2,"DREA,補交易紀錄/dream-手動-02.csv|手動交易2024後策略較固定/2020含更久以前交易/statement (12).html",CSV|HTML,rec_e8f0ad99c4a7b2094f50|c_23bf3573912ab7e138c9,False,SAME_MINUTE_TIMES_AND_ECONOMIC_FIELDS,0
dup_426435cbc61eac09,2,"DREA,補交易紀錄/dream-手動-01.csv|手動交易2024後策略較固定/2020含更久以前交易/statement (13).html",CSV|HTML,rec_2c26bd466921bf83ecf9|c_78d49d2c8c7210f83ff1,False,SAME_MINUTE_TIMES_AND_ECONOMIC_FIELDS,0
dup_df7df1f820bfaf1c,2,"DREA,補交易紀錄/dream-手動-02.csv|手動交易2024後策略較固定/2020含更久以前交易/statement (12).html",CSV|HTML,rec_2e337598c9de87a174ba|c_c6e4ae5a4e037e1e4211,False,SAME_MINUTE_TIMES_AND_ECONOMIC_FIELDS,0
dup_d167ec35930440bd,2,"DREA,補交易紀錄/dream-手動-01.csv|手動交易2024後策略較固定/2020含更久以前交易/statement (13).html",CSV|HTML,rec_2a6fcb77820c7d96704c|c_2314b43b0a6f7daf79ed,False,SAME_MINUTE_TIMES_AND_ECONOMIC_FIELDS,0
dup_7cd05f6252d6fc1a,2,"DREA,補交易紀錄/dream-手動-01.csv|手動交易2024後策略較固定/2020含更久以前交易/statement (13).html",CSV|HTML,rec_14abf488c795844063de|c_d42d68d3bec3990dd986,False,SAME_MINUTE_TIMES_AND_ECONOMIC_FIELDS,0
dup_36302a472e6878fe,2,"DREA,補交易紀錄/dream-手動-02.csv|手動交易2024後策略較固定/2020含更久以前交易/statement (12).html",CSV|HTML,rec_ffb29486c13f327bd0a6|c_875fa5f49886c263e436,False,SAME_MINUTE_TIMES_AND_ECONOMIC_FIELDS,0
dup_df7601e2bdbcff6b,2,"DREA,補交易紀錄/dream-手動-01.csv|手動交易2024後策略較固定/2020含更久以前交易/statement (13).html",CSV|HTML,rec_dadeeb40f1056b6c6353|c_1561add237463fd2f85f,False,SAME_MINUTE_TIMES_AND_ECONOMIC_FIELDS,0
dup_872f5a1221706f9a,2,"DREA,補交易紀錄/dream-手動-02.csv|手動交易2024後策略較固定/2020含更久以前交易/statement (12).html",CSV|HTML,rec_165c886f47de339d08c3|c_8f2d5c098e5aba7cd1ae,False,SAME_MINUTE_TIMES_AND_ECONOMIC_FIELDS,0
dup_e8e9cd75eb106d9f,2,"DREA,補交易紀錄/dream-手動-01.csv|手動交易2024後策略較固定/2020含更久以前交易/statement (13).html",CSV|HTML,rec_9b6108e53aa775ef7ad3|c_267286d5e1367d471f71,False,SAME_MINUTE_TIMES_AND_ECONOMIC_FIELDS,0
dup_19fe5982dc4a13d0,2,"DREA,補交易紀錄/dream-手動-02.csv|手動交易2024後策略較固定/2020含更久以前交易/statement (12).html",CSV|HTML,rec_e34c29c5e704f433ed29|c_47ae33d3263479da6ad4,False,SAME_MINUTE_TIMES_AND_ECONOMIC_FIELDS,0
dup_9f014ec6a6228f1d,2,"DREA,補交易紀錄/dream-手動-01.csv|手動交易2024後策略較固定/2020含更久以前交易/statement (13).html",CSV|HTML,rec_30d56ab87b5f5cc62d92|c_e340456e16d7b67803a6,False,SAME_MINUTE_TIMES_AND_ECONOMIC_FIELDS,0
dup_8f0fb382f43fd0a1,2,"DREA,補交易紀錄/dream-手動-01.csv|手動交易2024後策略較固定/2020含更久以前交易/statement (13).html",CSV|HTML,rec_ee2f9357237abeb205ff|c_f6a0dac25bcd30c93dae,False,SAME_MINUTE_TIMES_AND_ECONOMIC_FIELDS,0
dup_042a22fe37a7ad95,2,"DREA,補交易紀錄/dream-手動-02.csv|手動交易2024後策略較固定/2020含更久以前交易/statement (12).html",CSV|HTML,rec_d2303fc2e58f793e7520|c_bec390a6092387958b67,False,SAME_MINUTE_TIMES_AND_ECONOMIC_FIELDS,0
dup_28e9b266c35d653d,2,"DREA,補交易紀錄/dream-手動-02.csv|手動交易2024後策略較固定/2020含更久以前交易/statement (12).html",CSV|HTML,rec_4be72aeeead927382c82|c_0d7362d32a26d36f0a05,False,SAME_MINUTE_TIMES_AND_ECONOMIC_FIELDS,0
dup_dbdba39ee663a52d,2,"DREA,補交易紀錄/dream-手動-01.csv|手動交易2024後策略較固定/2020含更久以前交易/statement (13).html",CSV|HTML,rec_a5f8b7da3ef5aaf031e8|c_27b64c37082d061204a3,False,SAME_MINUTE_TIMES_AND_ECONOMIC_FIELDS,0
dup_52401040b1ec8965,2,"DREA,補交易紀錄/dream-手動-01.csv|手動交易2024後策略較固定/2020含更久以前交易/statement (13).html",CSV|HTML,rec_b3a05ca0ef15771e4c3b|c_6fa1ed8a5845fddaba67,False,SAME_MINUTE_TIMES_AND_ECONOMIC_FIELDS,0
dup_4c8865002731df60,2,"DREA,補交易紀錄/dream-手動-02.csv|手動交易2024後策略較固定/2020含更久以前交易/statement (12).html",CSV|HTML,rec_069c6360276d97c5d2bc|c_847881654a3954676966,False,SAME_MINUTE_TIMES_AND_ECONOMIC_FIELDS,0
dup_555574d39a21af0c,2,"DREA,補交易紀錄/dream-手動-01.csv|手動交易2024後策略較固定/2020含更久以前交易/statement (13).html",CSV|HTML,rec_293593d72ea73110ed7e|c_69826eddf08f728e9524,False,SAME_MINUTE_TIMES_AND_ECONOMIC_FIELDS,0
dup_43cffee7914f20f6,2,"DREA,補交易紀錄/dream-手動-02.csv|手動交易2024後策略較固定/2020含更久以前交易/statement (12).html",CSV|HTML,rec_30564595f65029e7855c|c_187f66e51ddad9901c4f,False,SAME_MINUTE_TIMES_AND_ECONOMIC_FIELDS,0
dup_583ba2e69e334716,2,"DREA,補交易紀錄/dream-手動-01.csv|手動交易2024後策略較固定/2020含更久以前交易/statement (13).html",CSV|HTML,rec_5dcc1d77d4c124df1b42|c_e4c1342c21d328e7f28c,False,SAME_MINUTE_TIMES_AND_ECONOMIC_FIELDS,0
dup_a5730f407a60093f,2,"DREA,補交易紀錄/dream-手動-02.csv|手動交易2024後策略較固定/2020含更久以前交易/statement (12).html",CSV|HTML,rec_f9cd54b18ad815807f62|c_9a9928e320a2f0521127,False,SAME_MINUTE_TIMES_AND_ECONOMIC_FIELDS,0
dup_59945ef00bf3c127,2,"DREA,補交易紀錄/dream-手動-01.csv|手動交易2024後策略較固定/2020含更久以前交易/statement (13).html",CSV|HTML,rec_4f54b19713a24cac95f3|c_346296069bf27e036c24,False,SAME_MINUTE_TIMES_AND_ECONOMIC_FIELDS,0
dup_f67e3e223d496e14,2,"DREA,補交易紀錄/dream-手動-02.csv|手動交易2024後策略較固定/2020含更久以前交易/statement (12).html",CSV|HTML,rec_ffca132e7ddec1f3b005|c_13462c2a339caec8d1b0,False,SAME_MINUTE_TIMES_AND_ECONOMIC_FIELDS,0
dup_3de93936cea8dcd6,2,"DREA,補交易紀錄/dream-手動-02.csv|手動交易2024後策略較固定/2020含更久以前交易/statement (12).html",CSV|HTML,rec_e17b5d023be76d1dd666|c_1fb9b0383297174e6982,False,SAME_MINUTE_TIMES_AND_ECONOMIC_FIELDS,0
dup_969215ade8236838,2,"DREA,補交易紀錄/dream-手動-01.csv|手動交易2024後策略較固定/2020含更久以前交易/statement (13).html",CSV|HTML,rec_7619cd50214144a2a3d2|c_4c257ae7fe918da13e86,False,SAME_MINUTE_TIMES_AND_ECONOMIC_FIELDS,0
dup_1e143ba63163a727,2,"DREA,補交易紀錄/dream-手動-01.csv|手動交易2024後策略較固定/2020含更久以前交易/statement (13).html",CSV|HTML,rec_4db5ddc5abab4e00b8f4|c_3332805ca31bdb4f3f65,False,SAME_MINUTE_TIMES_AND_ECONOMIC_FIELDS,0
dup_b1bb1b3e0e4f9780,2,"DREA,補交易紀錄/dream-手動-01.csv|手動交易2024後策略較固定/2020含更久以前交易/statement (13).html",CSV|HTML,rec_0e47328d7503a605a829|c_f34fabcd20b896e714b1,False,SAME_MINUTE_TIMES_AND_ECONOMIC_FIELDS,0
dup_d3b42cba6c6c7324,2,"DREA,補交易紀錄/dream-手動-01.csv|手動交易2024後策略較固定/2020含更久以前交易/statement (13).html",CSV|HTML,rec_550fe406cb16d1ea843d|c_5d450beee25f3e37c3ea,False,SAME_MINUTE_TIMES_AND_ECONOMIC_FIELDS,0
dup_e759b9110d8641a6,2,"DREA,補交易紀錄/dream-手動-02.csv|手動交易2024後策略較固定/2020含更久以前交易/statement (12).html",CSV|HTML,rec_9c1f19e5221798d2b6ff|c_2f6b06a1ba6c059cf889,False,SAME_MINUTE_TIMES_AND_ECONOMIC_FIELDS,0
dup_a82abc4037944acd,2,"DREA,補交易紀錄/dream-手動-02.csv|手動交易2024後策略較固定/2020含更久以前交易/statement (12).html",CSV|HTML,rec_4a24fee8f02aa019b826|c_fb785814e7c03bde62af,False,SAME_MINUTE_TIMES_AND_ECONOMIC_FIELDS,0
dup_25014d21f79f1d29,2,"DREA,補交易紀錄/dream-手動-01.csv|手動交易2024後策略較固定/2020含更久以前交易/statement (13).html",CSV|HTML,rec_c8612459b206b3fac284|c_a57aa3b6fbd637b34136,False,SAME_MINUTE_TIMES_AND_ECONOMIC_FIELDS,0
dup_f12db0b203b9a6d1,2,"DREA,補交易紀錄/dream-手動-01.csv|手動交易2024後策略較固定/2020含更久以前交易/statement (13).html",CSV|HTML,rec_adef56b8a64fc028197b|c_f5fddba55980abb317da,False,SAME_MINUTE_TIMES_AND_ECONOMIC_FIELDS,0
dup_bacd324d91cd9e28,2,"DREA,補交易紀錄/dream-手動-02.csv|手動交易2024後策略較固定/2020含更久以前交易/statement (12).html",CSV|HTML,rec_b78e52620883bb628b80|c_400cfaeaba7872b866b4,False,SAME_MINUTE_TIMES_AND_ECONOMIC_FIELDS,0
dup_f4562c5553bcfab1,2,"DREA,補交易紀錄/dream-手動-01.csv|手動交易2024後策略較固定/2020含更久以前交易/statement (13).html",CSV|HTML,rec_0ea7fcd159666d83c9bf|c_0477734ccbb2ae675ef4,False,SAME_MINUTE_TIMES_AND_ECONOMIC_FIELDS,0
dup_22621435b5f1fa18,2,"DREA,補交易紀錄/dream-手動-02.csv|手動交易2024後策略較固定/2020含更久以前交易/statement (12).html",CSV|HTML,rec_7d072ce81f75fc7f2130|c_2e786a544d49cd6f99be,False,SAME_MINUTE_TIMES_AND_ECONOMIC_FIELDS,0
dup_1a10a3ae49718480,2,"DREA,補交易紀錄/dream-手動-01.csv|手動交易2024後策略較固定/2020含更久以前交易/statement (13).html",CSV|HTML,rec_20624d7e48fa97077a8d|c_26d476f96db6a3a5d6fb,False,SAME_MINUTE_TIMES_AND_ECONOMIC_FIELDS,0
dup_42b2d0d0e2400382,2,"DREA,補交易紀錄/dream-手動-02.csv|手動交易2024後策略較固定/2020含更久以前交易/statement (12).html",CSV|HTML,rec_204a7232f2e4ba17c4aa|c_ed5cd93fdb010fba29af,False,SAME_MINUTE_TIMES_AND_ECONOMIC_FIELDS,0
dup_fa7a18fc65470cf9,2,"DREA,補交易紀錄/dream-手動-01.csv|手動交易2024後策略較固定/2020含更久以前交易/statement (13).html",CSV|HTML,rec_1dbe2a55d863830a33f4|c_6f4821053bdc4f5bbcda,False,SAME_MINUTE_TIMES_AND_ECONOMIC_FIELDS,0
dup_43d4f51fa87695a8,2,"DREA,補交易紀錄/dream-手動-01.csv|手動交易2024後策略較固定/2020含更久以前交易/statement (13).html",CSV|HTML,rec_a10c4b5ccc488e2c666c|c_9692b10f3fbe903869a2,False,SAME_MINUTE_TIMES_AND_ECONOMIC_FIELDS,0
dup_0e2433628893f46b,2,"DREA,補交易紀錄/dream-手動-02.csv|手動交易2024後策略較固定/2020含更久以前交易/statement (12).html",CSV|HTML,rec_a39d640b0d2566565fae|c_a013cf1adbb8e7aecc5d,False,SAME_MINUTE_TIMES_AND_ECONOMIC_FIELDS,0
dup_2b3d97e94f0193c2,2,"DREA,補交易紀錄/dream-手動-02.csv|手動交易2024後策略較固定/2020含更久以前交易/statement (12).html",CSV|HTML,rec_01ec39ab5545e9ebaa91|c_68645bb656f4c268e43a,False,SAME_MINUTE_TIMES_AND_ECONOMIC_FIELDS,0
dup_c95f4f2a674f8798,2,"DREA,補交易紀錄/dream-手動-01.csv|手動交易2024後策略較固定/2020含更久以前交易/statement (13).html",CSV|HTML,rec_5de10f5df3e2aadf5458|c_7c2fb8c25884db9e744c,False,SAME_MINUTE_TIMES_AND_ECONOMIC_FIELDS,0
dup_dd3b4268123e40f0,2,"DREA,補交易紀錄/dream-手動-02.csv|手動交易2024後策略較固定/2020含更久以前交易/statement (12).html",CSV|HTML,rec_90993dc8279607e221d5|c_f3c4cfad638f8c4309a7,False,SAME_MINUTE_TIMES_AND_ECONOMIC_FIELDS,0
dup_cc67b72ef82cf170,2,"DREA,補交易紀錄/dream-手動-01.csv|手動交易2024後策略較固定/2020含更久以前交易/statement (13).html",CSV|HTML,rec_68ed10dda8ef9479c6d3|c_7333da06acc7491405ce,False,SAME_MINUTE_TIMES_AND_ECONOMIC_FIELDS,0
dup_1911809a679cee5d,2,"DREA,補交易紀錄/dream-手動-02.csv|手動交易2024後策略較固定/2020含更久以前交易/statement (12).html",CSV|HTML,rec_52ca1903f50647ded11a|c_f2061402f974bbdcbd23,False,SAME_MINUTE_TIMES_AND_ECONOMIC_FIELDS,0
dup_86b2e042fda3ed2e,2,"DREA,補交易紀錄/dream-手動-01.csv|手動交易2024後策略較固定/2020含更久以前交易/statement (13).html",CSV|HTML,rec_8c49d9fa098e87af86ae|c_fbb8a8b10f899120df79,False,SAME_MINUTE_TIMES_AND_ECONOMIC_FIELDS,0
dup_510b74b2bb76069f,2,"DREA,補交易紀錄/dream-手動-01.csv|手動交易2024後策略較固定/2020含更久以前交易/statement (13).html",CSV|HTML,rec_ebde617ad7c8a58aa3c3|c_f70996211efa35a6542e,False,SAME_MINUTE_TIMES_AND_ECONOMIC_FIELDS,0
dup_d20e64dd053d3250,2,"DREA,補交易紀錄/dream-手動-01.csv|手動交易2024後策略較固定/2020含更久以前交易/statement (13).html",CSV|HTML,rec_75cf64243a91bf598663|c_b4f337566f758b7acd3f,False,SAME_MINUTE_TIMES_AND_ECONOMIC_FIELDS,0
dup_5ed5ba6bd350cc9c,2,"DREA,補交易紀錄/dream-手動-02.csv|手動交易2024後策略較固定/2020含更久以前交易/statement (12).html",CSV|HTML,rec_ed7c7012fbbc0237cc55|c_2385ccf4e11ccb560550,False,SAME_MINUTE_TIMES_AND_ECONOMIC_FIELDS,0
dup_ced8665d2660d0be,2,"DREA,補交易紀錄/dream-手動-02.csv|手動交易2024後策略較固定/2020含更久以前交易/statement (12).html",CSV|HTML,rec_41a66a59eb5e8f550fa8|c_377739e8e97b19f2bbb0,False,SAME_MINUTE_TIMES_AND_ECONOMIC_FIELDS,0
dup_08523a3b5cd02567,2,"DREA,補交易紀錄/dream-手動-01.csv|手動交易2024後策略較固定/2020含更久以前交易/statement (13).html",CSV|HTML,rec_8dfc9a81483d325b032d|c_d0b68a949eccc5469f22,False,SAME_MINUTE_TIMES_AND_ECONOMIC_FIELDS,0
dup_d516898f6dadf45b,2,"DREA,補交易紀錄/dream-手動-02.csv|手動交易2024後策略較固定/2020含更久以前交易/statement (12).html",CSV|HTML,rec_04b6c4aca0dd9959c8ce|c_cdf46d470d423d9ac291,False,SAME_MINUTE_TIMES_AND_ECONOMIC_FIELDS,0
dup_dec36a77c8d4b7ee,2,"DREA,補交易紀錄/dream-手動-01.csv|手動交易2024後策略較固定/2020含更久以前交易/statement (13).html",CSV|HTML,rec_9b0ea1c7e23d2827397c|c_e9e50487f386f7b5d602,False,SAME_MINUTE_TIMES_AND_ECONOMIC_FIELDS,0
dup_b205055754e7ead4,2,"DREA,補交易紀錄/dream-手動-01.csv|手動交易2024後策略較固定/2020含更久以前交易/statement (13).html",CSV|HTML,rec_4f509a12bc9fefa19f35|c_35c3c2177b2edc6916c0,False,SAME_MINUTE_TIMES_AND_ECONOMIC_FIELDS,0
dup_99b4ba978c8b324a,2,"DREA,補交易紀錄/dream-手動-02.csv|手動交易2024後策略較固定/2020含更久以前交易/statement (12).html",CSV|HTML,rec_64bdc694e3c1172bbb87|c_750efcdfb32e6d65554d,False,SAME_MINUTE_TIMES_AND_ECONOMIC_FIELDS,0
dup_bff36c1d5099d2f6,2,"DREA,補交易紀錄/dream-手動-01.csv|手動交易2024後策略較固定/2020含更久以前交易/statement (13).html",CSV|HTML,rec_ac09e9067523a162a0a7|c_77e0c321e7d470f83832,False,SAME_MINUTE_TIMES_AND_ECONOMIC_FIELDS,0
dup_88bf09390a6e2ba6,2,"DREA,補交易紀錄/dream-手動-01.csv|手動交易2024後策略較固定/2020含更久以前交易/statement (13).html",CSV|HTML,rec_40edc97382506f79152d|c_c711418a2b73cf90fa75,False,SAME_MINUTE_TIMES_AND_ECONOMIC_FIELDS,0
dup_6d3ab3ac6e9f54ee,2,"DREA,補交易紀錄/dream-手動-02.csv|手動交易2024後策略較固定/2020含更久以前交易/statement (12).html",CSV|HTML,rec_eaad556403b95391f4aa|c_03095bb781d751220d5e,False,SAME_MINUTE_TIMES_AND_ECONOMIC_FIELDS,0
dup_2907f5f9b5a4450c,2,"DREA,補交易紀錄/dream-手動-01.csv|手動交易2024後策略較固定/2020含更久以前交易/statement (13).html",CSV|HTML,rec_7b01f6b97b849fb1e9e4|c_f40b281be39d010c5f99,False,SAME_MINUTE_TIMES_AND_ECONOMIC_FIELDS,0
dup_5f1798d3278873c6,2,"DREA,補交易紀錄/dream-手動-01.csv|手動交易2024後策略較固定/2020含更久以前交易/statement (13).html",CSV|HTML,rec_79b8d39ad55230d5f6b4|c_c87352fa9169ce0b07ec,False,SAME_MINUTE_TIMES_AND_ECONOMIC_FIELDS,0
dup_c18730b7da179c90,2,"DREA,補交易紀錄/dream-手動-01.csv|手動交易2024後策略較固定/2020含更久以前交易/statement (13).html",CSV|HTML,rec_6e37d77cd9eef40a1cd6|c_d6861cc381272e063b19,False,SAME_MINUTE_TIMES_AND_ECONOMIC_FIELDS,0
dup_437a33d8781396a7,2,"DREA,補交易紀錄/dream-手動-01.csv|手動交易2024後策略較固定/2020含更久以前交易/statement (13).html",CSV|HTML,rec_74d4e9f05dbf0e861985|c_596860efd1ac3fb73931,False,SAME_MINUTE_TIMES_AND_ECONOMIC_FIELDS,0
dup_fc7fd9c4f68c0467,2,"DREA,補交易紀錄/dream-手動-04.csv|手動交易2024後策略較固定/2020含更久以前交易/statement (11).html",CSV|HTML,rec_d367895a3af72a62da66|c_e3c17a6dc43a06a39d16,False,SAME_MINUTE_TIMES_AND_ECONOMIC_FIELDS,0
dup_c259c029203d13f3,2,"DREA,補交易紀錄/dream-手動-04.csv|手動交易2024後策略較固定/2020含更久以前交易/statement (11).html",CSV|HTML,rec_2576c18a6c02612149ae|c_680c4bc6b83d04f6fed7,False,SAME_MINUTE_TIMES_AND_ECONOMIC_FIELDS,0
dup_e3d6a3f543418eb9,2,"DREA,補交易紀錄/dream-手動-04.csv|手動交易2024後策略較固定/2020含更久以前交易/statement (11).html",CSV|HTML,rec_a01ea43894e7e16ec5d0|c_4f0fa0fc1626b7672c3c,False,SAME_MINUTE_TIMES_AND_ECONOMIC_FIELDS,0
dup_a094996200c1aa0a,2,"DREA,補交易紀錄/dream-手動-04.csv|手動交易2024後策略較固定/2020含更久以前交易/statement (11).html",CSV|HTML,rec_ef23f15aa94407f1248a|c_789f106b0e1c75e77057,False,SAME_MINUTE_TIMES_AND_ECONOMIC_FIELDS,0
dup_cb54253904456bec,2,"DREA,補交易紀錄/dream-手動-04.csv|手動交易2024後策略較固定/2020含更久以前交易/statement (11).html",CSV|HTML,rec_7d62c943a878f88f74af|c_8a342116e44e8b175d21,False,SAME_MINUTE_TIMES_AND_ECONOMIC_FIELDS,0
dup_6dc1309f64766d6f,2,"DREA,補交易紀錄/dream-手動-04.csv|手動交易2024後策略較固定/2020含更久以前交易/statement (11).html",CSV|HTML,rec_503f9d8fd5e5e066ac13|c_48846e4413d5c936e8d1,False,SAME_MINUTE_TIMES_AND_ECONOMIC_FIELDS,0
dup_efc4f418eb98c4c7,2,"DREA,補交易紀錄/dream-手動-04.csv|手動交易2024後策略較固定/2020含更久以前交易/statement (11).html",CSV|HTML,rec_edc07daa1723793e4af4|c_0769b62dc7e11d54e289,False,SAME_MINUTE_TIMES_AND_ECONOMIC_FIELDS,0
dup_cb25e3bcc7442d26,2,"DREA,補交易紀錄/dream-手動-04.csv|手動交易2024後策略較固定/2020含更久以前交易/statement (11).html",CSV|HTML,rec_d7001aab120d0543aa4a|c_c44a7b71bf8e156d9adb,False,SAME_MINUTE_TIMES_AND_ECONOMIC_FIELDS,0
dup_20098f658daf3d65,2,"DREA,補交易紀錄/dream-手動-04.csv|手動交易2024後策略較固定/2020含更久以前交易/statement (11).html",CSV|HTML,rec_a095a1db816c7b90a990|c_cdda23716504c1e97001,False,SAME_MINUTE_TIMES_AND_ECONOMIC_FIELDS,0
dup_f4da5aa29a3962ba,2,"DREA,補交易紀錄/dream-手動-04.csv|手動交易2024後策略較固定/2020含更久以前交易/statement (11).html",CSV|HTML,rec_f5160cc3870345a46672|c_f1c73cc065f4be74738f,False,SAME_MINUTE_TIMES_AND_ECONOMIC_FIELDS,0
dup_ca68eb28e4d58e79,2,"DREA,補交易紀錄/dream-手動-04.csv|手動交易2024後策略較固定/2020含更久以前交易/statement (11).html",CSV|HTML,rec_fd4b79f202752154340f|c_bb3ffa24e7f85563a666,False,SAME_MINUTE_TIMES_AND_ECONOMIC_FIELDS,0
dup_ba554434edf19863,2,"DREA,補交易紀錄/dream-手動-04.csv|手動交易2024後策略較固定/2020含更久以前交易/statement (11).html",CSV|HTML,rec_ec003f2de5cde33ea556|c_fa39b98a4150b09b785c,False,SAME_MINUTE_TIMES_AND_ECONOMIC_FIELDS,0
dup_8f223c949377f000,2,"DREA,補交易紀錄/dream-手動-04.csv|手動交易2024後策略較固定/2020含更久以前交易/statement (11).html",CSV|HTML,rec_a54c4b9071fc0f5877c5|c_1ae8ec6b2c31ccd4a617,False,SAME_MINUTE_TIMES_AND_ECONOMIC_FIELDS,0
dup_96aeb38ef1ede91f,2,"DREA,補交易紀錄/dream-手動-04.csv|手動交易2024後策略較固定/2020含更久以前交易/statement (11).html",CSV|HTML,rec_9cd6fe37c3ecf5ebe704|c_edf9ec716f6edd92bca8,False,SAME_MINUTE_TIMES_AND_ECONOMIC_FIELDS,0
dup_51302676cb0d2e65,2,"DREA,補交易紀錄/dream-手動-04.csv|手動交易2024後策略較固定/2020含更久以前交易/statement (11).html",CSV|HTML,rec_e072a57298efe2f68be6|c_fdf2e411e6cfba900316,False,SAME_MINUTE_TIMES_AND_ECONOMIC_FIELDS,0
dup_790d8e7fe83ce6b8,2,"DREA,補交易紀錄/dream-手動-04.csv|手動交易2024後策略較固定/2020含更久以前交易/statement (11).html",CSV|HTML,rec_6d0571e658f38af9c1a2|c_b7a5a8f83c369e4b511a,False,SAME_MINUTE_TIMES_AND_ECONOMIC_FIELDS,0
dup_0ddd789c56f24ed2,2,"DREA,補交易紀錄/dream-手動-04.csv|手動交易2024後策略較固定/2020含更久以前交易/statement (11).html",CSV|HTML,rec_2ff47e16b5d9d6df9d69|c_bebbf72b206b155f5f38,False,SAME_MINUTE_TIMES_AND_ECONOMIC_FIELDS,0
dup_4194dfc02363e4ea,2,"DREA,補交易紀錄/dream-手動-04.csv|手動交易2024後策略較固定/2020含更久以前交易/statement (11).html",CSV|HTML,rec_d25791fe0ea17abaf02a|c_792409d692019cc15c02,False,SAME_MINUTE_TIMES_AND_ECONOMIC_FIELDS,0
dup_8bc335ab2abd831b,2,"DREA,補交易紀錄/dream-手動-04.csv|手動交易2024後策略較固定/2020含更久以前交易/statement (11).html",CSV|HTML,rec_6a2e5130b1ee2f428551|c_ef2ba69fef3b96b25425,False,SAME_MINUTE_TIMES_AND_ECONOMIC_FIELDS,0
dup_3110a661782a69c2,2,"DREA,補交易紀錄/dream-手動-04.csv|手動交易2024後策略較固定/2020含更久以前交易/statement (11).html",CSV|HTML,rec_acdb2538984f330f8726|c_870c35e384cf2606ff0d,False,SAME_MINUTE_TIMES_AND_ECONOMIC_FIELDS,0
dup_f2837c56d2837cd4,2,"DREA,補交易紀錄/dream-手動-04.csv|手動交易2024後策略較固定/2020含更久以前交易/statement (11).html",CSV|HTML,rec_91f8fbca1e6f67155bf2|c_300f4e6102f8aa1aadf8,False,SAME_MINUTE_TIMES_AND_ECONOMIC_FIELDS,0
dup_f3502919803f66d9,2,"DREA,補交易紀錄/dream-手動-04.csv|手動交易2024後策略較固定/2020含更久以前交易/statement (11).html",CSV|HTML,rec_ed132b8cf0c59bcc8c1b|c_7e4aab13d119050ccdde,False,SAME_MINUTE_TIMES_AND_ECONOMIC_FIELDS,0
dup_db7df37cd0adcb0d,2,"DREA,補交易紀錄/dream-手動-04.csv|手動交易2024後策略較固定/2020含更久以前交易/statement (11).html",CSV|HTML,rec_23573379da0f1143d7c0|c_f771d11332a45b9d39d5,False,SAME_MINUTE_TIMES_AND_ECONOMIC_FIELDS,0
dup_8f492bd10ec36b6d,2,"DREA,補交易紀錄/dream-手動-04.csv|手動交易2024後策略較固定/2020含更久以前交易/statement (11).html",CSV|HTML,rec_a9308810ad33c30462d7|c_183f2cf2b75fd1e41a52,False,SAME_MINUTE_TIMES_AND_ECONOMIC_FIELDS,0
dup_5b1ec01d1257a2ca,2,"DREA,補交易紀錄/dream-手動-04.csv|手動交易2024後策略較固定/2020含更久以前交易/statement (11).html",CSV|HTML,rec_5ccb629cc3f481ea8904|c_8b1e9ba682df20c50f00,False,SAME_MINUTE_TIMES_AND_ECONOMIC_FIELDS,0
dup_3e104eaf4aa4777a,2,"DREA,補交易紀錄/dream-手動-04.csv|手動交易2024後策略較固定/2020含更久以前交易/statement (11).html",CSV|HTML,rec_55af49c334167cd2d075|c_98d6e469b659d1572d73,False,SAME_MINUTE_TIMES_AND_ECONOMIC_FIELDS,0
dup_d5d9dcabae8fe725,2,"DREA,補交易紀錄/dream-手動-04.csv|手動交易2024後策略較固定/2020含更久以前交易/statement (11).html",CSV|HTML,rec_e4386aa50e46220ea8e3|c_adb9299df8f9f03c650b,False,SAME_MINUTE_TIMES_AND_ECONOMIC_FIELDS,0
dup_b6e80415fb3cd079,2,"DREA,補交易紀錄/dream-手動-04.csv|手動交易2024後策略較固定/2020含更久以前交易/statement (11).html",CSV|HTML,rec_1a3cc9226445d1889d89|c_da44169e26712daf362f,False,SAME_MINUTE_TIMES_AND_ECONOMIC_FIELDS,0
dup_d068407a4dd824da,2,"DREA,補交易紀錄/dream-手動-04.csv|手動交易2024後策略較固定/2020含更久以前交易/statement (11).html",CSV|HTML,rec_36701ccf704f05a53ff3|c_51f617c2cfa93d9e99ce,False,SAME_MINUTE_TIMES_AND_ECONOMIC_FIELDS,0
dup_2484c34840ba75fb,2,"DREA,補交易紀錄/dream-手動-04.csv|手動交易2024後策略較固定/2020含更久以前交易/statement (11).html",CSV|HTML,rec_ed3743ceff7821481abe|c_e35c557b4b358117694c,False,SAME_MINUTE_TIMES_AND_ECONOMIC_FIELDS,0
dup_396d135aaaa1c287,2,"DREA,補交易紀錄/dream-手動-04.csv|手動交易2024後策略較固定/2020含更久以前交易/statement (11).html",CSV|HTML,rec_9407c30b55185a1b7aa2|c_26aba5cf488ab42e93f1,False,SAME_MINUTE_TIMES_AND_ECONOMIC_FIELDS,0
dup_ae9d10e596bad3e8,2,"DREA,補交易紀錄/dream-手動-04.csv|手動交易2024後策略較固定/2020含更久以前交易/statement (11).html",CSV|HTML,rec_2922db080aa98a66e3f9|c_c536ec70ae765ecac67f,False,SAME_MINUTE_TIMES_AND_ECONOMIC_FIELDS,0
dup_b8cc565c55a1c1c1,2,"DREA,補交易紀錄/dream-手動-04.csv|手動交易2024後策略較固定/2020含更久以前交易/statement (11).html",CSV|HTML,rec_6a5da37a47d5deca129e|c_782947e3790ca7010ade,False,SAME_MINUTE_TIMES_AND_ECONOMIC_FIELDS,0
dup_f5a8af524d23eedb,2,"DREA,補交易紀錄/dream-手動-04.csv|手動交易2024後策略較固定/2020含更久以前交易/statement (11).html",CSV|HTML,rec_4b634fe5acdf54496b5c|c_5fbf6b24319918f354e2,False,SAME_MINUTE_TIMES_AND_ECONOMIC_FIELDS,0
dup_d171651f11f1d529,2,"DREA,補交易紀錄/dream-手動-04.csv|手動交易2024後策略較固定/2020含更久以前交易/statement (11).html",CSV|HTML,rec_6925e81d118bf99e2a64|c_8185f2c55881896f52d8,False,SAME_MINUTE_TIMES_AND_ECONOMIC_FIELDS,0
dup_c3d1ffa783f429bf,2,"DREA,補交易紀錄/dream-手動-04.csv|手動交易2024後策略較固定/2020含更久以前交易/statement (11).html",CSV|HTML,rec_950ac9250f3f075e9f86|c_24031256ab01ca4ffe5e,False,SAME_MINUTE_TIMES_AND_ECONOMIC_FIELDS,0
dup_07a110960042afd1,2,"DREA,補交易紀錄/dream-手動-04.csv|手動交易2024後策略較固定/2020含更久以前交易/statement (11).html",CSV|HTML,rec_893cdafaf6115d11062f|c_11266f19de8d952071a3,False,SAME_MINUTE_TIMES_AND_ECONOMIC_FIELDS,0
dup_11df80e09170e902,2,"DREA,補交易紀錄/dream-手動-04.csv|手動交易2024後策略較固定/2020含更久以前交易/statement (11).html",CSV|HTML,rec_f2b3463976a0b77655ff|c_dd850d1aea1267991d47,False,SAME_MINUTE_TIMES_AND_ECONOMIC_FIELDS,0
dup_8a1229c8bebffeb2,2,"DREA,補交易紀錄/dream-手動-04.csv|手動交易2024後策略較固定/2020含更久以前交易/statement (11).html",CSV|HTML,rec_a290cb20722f96cd401c|c_6761a9fd05fde06cd9d0,False,SAME_MINUTE_TIMES_AND_ECONOMIC_FIELDS,0
dup_5421a940be1ae583,2,"DREA,補交易紀錄/dream-手動-04.csv|手動交易2024後策略較固定/2020含更久以前交易/statement (11).html",CSV|HTML,rec_3d11fa753fcd34b6d473|c_11be8575fa2d64383095,False,SAME_MINUTE_TIMES_AND_ECONOMIC_FIELDS,0
dup_af96cde13c235c52,2,"DREA,補交易紀錄/dream-手動-04.csv|手動交易2024後策略較固定/2020含更久以前交易/statement (11).html",CSV|HTML,rec_d6c91f1371e2b0914611|c_5e0a7fd29094d602ccf6,False,SAME_MINUTE_TIMES_AND_ECONOMIC_FIELDS,0
dup_799b4035322647b3,2,"DREA,補交易紀錄/dream-手動-04.csv|手動交易2024後策略較固定/2020含更久以前交易/statement (11).html",CSV|HTML,rec_fc8b9647b26083a2e1de|c_65fad006a1955a3472ea,False,SAME_MINUTE_TIMES_AND_ECONOMIC_FIELDS,0
dup_92043cfa809b0b72,2,"DREA,補交易紀錄/dream-手動-04.csv|手動交易2024後策略較固定/2020含更久以前交易/statement (11).html",CSV|HTML,rec_76a4d074d154ab37fd91|c_9e6a700fe76092a8775b,False,SAME_MINUTE_TIMES_AND_ECONOMIC_FIELDS,0
dup_1206ae5352381710,2,"DREA,補交易紀錄/dream-手動-04.csv|手動交易2024後策略較固定/2020含更久以前交易/statement (11).html",CSV|HTML,rec_61757e12eb735103b0ab|c_69c2dfd8cf645f48754d,False,SAME_MINUTE_TIMES_AND_ECONOMIC_FIELDS,0
dup_50aadf85d63e583e,2,"DREA,補交易紀錄/dream-手動-04.csv|手動交易2024後策略較固定/2020含更久以前交易/statement (11).html",CSV|HTML,rec_c1f05ffbbd8c34ceef21|c_93d4b8ef90a0eb074cc4,False,SAME_MINUTE_TIMES_AND_ECONOMIC_FIELDS,0
dup_ee06743155c2d062,2,"DREA,補交易紀錄/dream-手動-04.csv|手動交易2024後策略較固定/2020含更久以前交易/statement (11).html",CSV|HTML,rec_804c820c8e966c4ce5b6|c_bbcd468f869b786b5b62,False,SAME_MINUTE_TIMES_AND_ECONOMIC_FIELDS,0
dup_f55e7019dd8cd954,2,"DREA,補交易紀錄/dream-手動-04.csv|手動交易2024後策略較固定/2020含更久以前交易/statement (11).html",CSV|HTML,rec_8cc875a7bb3505901971|c_9261acc8416a75091b60,False,SAME_MINUTE_TIMES_AND_ECONOMIC_FIELDS,0
dup_50bbabb82fd6e351,2,"DREA,補交易紀錄/dream-手動-04.csv|手動交易2024後策略較固定/2020含更久以前交易/statement (11).html",CSV|HTML,rec_5f74b0497d9b9175584e|c_9eb7edb375dacc20ffa9,False,SAME_MINUTE_TIMES_AND_ECONOMIC_FIELDS,0
dup_9d8d8743a563c144,2,"DREA,補交易紀錄/dream-手動-04.csv|手動交易2024後策略較固定/2020含更久以前交易/statement (11).html",CSV|HTML,rec_7b8416f1219f857023b5|c_29cbc5ac7fe6d2bcb70b,False,SAME_MINUTE_TIMES_AND_ECONOMIC_FIELDS,0
dup_fc6fc08e3ee17159,2,"DREA,補交易紀錄/dream-手動-04.csv|手動交易2024後策略較固定/2020含更久以前交易/statement (11).html",CSV|HTML,rec_c0761a38b1a31c9069cf|c_a62ae53631756fb92496,False,SAME_MINUTE_TIMES_AND_ECONOMIC_FIELDS,0
dup_080b105de2afb28d,2,"DREA,補交易紀錄/dream-手動-04.csv|手動交易2024後策略較固定/2020含更久以前交易/statement (11).html",CSV|HTML,rec_4b6f27111659f23da9dc|c_6a6d95a26e18da72f596,False,SAME_MINUTE_TIMES_AND_ECONOMIC_FIELDS,0
dup_f1234f7db2ca61e3,2,"DREA,補交易紀錄/dream-手動-04.csv|手動交易2024後策略較固定/2020含更久以前交易/statement (11).html",CSV|HTML,rec_1f777cf167b77c8d3289|c_b06fac8357fa32b33bab,False,SAME_MINUTE_TIMES_AND_ECONOMIC_FIELDS,0
dup_52e4e809b24f8565,2,"DREA,補交易紀錄/dream-手動-04.csv|手動交易2024後策略較固定/2020含更久以前交易/statement (11).html",CSV|HTML,rec_716f9ee48332cabe52d5|c_8bb8c1471737fe9a2465,False,SAME_MINUTE_TIMES_AND_ECONOMIC_FIELDS,0
dup_f1afb379c1a1964b,2,"DREA,補交易紀錄/dream-手動-04.csv|手動交易2024後策略較固定/2020含更久以前交易/statement (11).html",CSV|HTML,rec_429c420cd3ef1011d17e|c_f0a906e9b8d975309ff7,False,SAME_MINUTE_TIMES_AND_ECONOMIC_FIELDS,0
dup_7ac961a574f11c25,2,"DREA,補交易紀錄/dream-手動-04.csv|手動交易2024後策略較固定/2020含更久以前交易/statement (11).html",CSV|HTML,rec_90193c042e2a9e032a9e|c_9629b96150df30f98d46,False,SAME_MINUTE_TIMES_AND_ECONOMIC_FIELDS,0
dup_b7c64e487cefdc3e,2,"DREA,補交易紀錄/dream-手動-04.csv|手動交易2024後策略較固定/2020含更久以前交易/statement (11).html",CSV|HTML,rec_687794236783cc0fc036|c_f9e6e499fff300dfd540,False,SAME_MINUTE_TIMES_AND_ECONOMIC_FIELDS,0
dup_6287e9569d59df23,2,"DREA,補交易紀錄/dream-手動-04.csv|手動交易2024後策略較固定/2020含更久以前交易/statement (11).html",CSV|HTML,rec_578e23e216d2c663f769|c_2a9f417fb1957ea17d3e,False,SAME_MINUTE_TIMES_AND_ECONOMIC_FIELDS,0
dup_1237b882492769c9,2,"DREA,補交易紀錄/dream-手動-04.csv|手動交易2024後策略較固定/2020含更久以前交易/statement (11).html",CSV|HTML,rec_cba2b906d684feb0b5e6|c_58c956531a597504c952,False,SAME_MINUTE_TIMES_AND_ECONOMIC_FIELDS,0
dup_f77ed7bddc454b92,2,"DREA,補交易紀錄/dream-手動-04.csv|手動交易2024後策略較固定/2020含更久以前交易/statement (11).html",CSV|HTML,rec_1280815b3819e3094cab|c_591c8941de8ae9ba4058,False,SAME_MINUTE_TIMES_AND_ECONOMIC_FIELDS,0
dup_42c9348a1f207feb,2,"DREA,補交易紀錄/手動-04.csv|手動交易2024後策略較固定/2020含更久以前交易/statement (10).html",CSV|HTML,rec_5e1359b4b91086203db9|c_c1dde44ff3c923956da7,False,SAME_MINUTE_TIMES_AND_ECONOMIC_FIELDS,0
dup_b87acd870d580af6,2,"DREA,補交易紀錄/手動-04.csv|手動交易2024後策略較固定/2020含更久以前交易/statement (10).html",CSV|HTML,rec_d8971b6323877174d6f3|c_7fcf2aa73316ad885c03,False,SAME_MINUTE_TIMES_AND_ECONOMIC_FIELDS,0
dup_ade327c019260bb9,2,"DREA,補交易紀錄/手動-04.csv|手動交易2024後策略較固定/2020含更久以前交易/statement (10).html",CSV|HTML,rec_866b1551e52d2a4a0b67|c_e15768ee283f50df7d4c,False,SAME_MINUTE_TIMES_AND_ECONOMIC_FIELDS,0
dup_6adbe5eb79b70726,2,"DREA,補交易紀錄/手動-04.csv|手動交易2024後策略較固定/2020含更久以前交易/statement (10).html",CSV|HTML,rec_d1fac08e4f409e50316f|c_700edd84ed99c3740645,False,SAME_MINUTE_TIMES_AND_ECONOMIC_FIELDS,0
dup_21547536411a0baa,2,"DREA,補交易紀錄/手動-04.csv|手動交易2024後策略較固定/2020含更久以前交易/statement (10).html",CSV|HTML,rec_febb4a60b40cbaa466f8|c_8fa1464a2ad2eb98951e,False,SAME_MINUTE_TIMES_AND_ECONOMIC_FIELDS,0
dup_2564162aa06259a9,2,"DREA,補交易紀錄/手動-04.csv|手動交易2024後策略較固定/2020含更久以前交易/statement (10).html",CSV|HTML,rec_b09abdaf5f188530252d|c_91e466bb763c089d6e1c,False,SAME_MINUTE_TIMES_AND_ECONOMIC_FIELDS,0
dup_ddb250f719a2c074,2,"DREA,補交易紀錄/手動-04.csv|手動交易2024後策略較固定/2020含更久以前交易/statement (10).html",CSV|HTML,rec_0aea7da2baea9bcb5fad|c_e2697f003e72db0838f5,False,SAME_MINUTE_TIMES_AND_ECONOMIC_FIELDS,0
dup_f482d5313d524953,2,"DREA,補交易紀錄/手動-04.csv|手動交易2024後策略較固定/2020含更久以前交易/statement (10).html",CSV|HTML,rec_41eef0e276d6edf72f26|c_692a9fcb166dcbbde759,False,SAME_MINUTE_TIMES_AND_ECONOMIC_FIELDS,0
dup_a9db3eea28ddb421,2,"DREA,補交易紀錄/手動-04.csv|手動交易2024後策略較固定/2020含更久以前交易/statement (10).html",CSV|HTML,rec_036416d937d1275b3c56|c_6d45183242a7c7e1e9ae,False,SAME_MINUTE_TIMES_AND_ECONOMIC_FIELDS,0
dup_c41045202c8909d7,2,"DREA,補交易紀錄/手動-04.csv|手動交易2024後策略較固定/2020含更久以前交易/statement (10).html",CSV|HTML,rec_1f3b0a9d4f1a7a983861|c_9580c1a927a10a799a53,False,SAME_MINUTE_TIMES_AND_ECONOMIC_FIELDS,0
dup_d186b26591c6605d,2,"DREA,補交易紀錄/手動-04.csv|手動交易2024後策略較固定/2020含更久以前交易/statement (10).html",CSV|HTML,rec_c6c370af4b8ebd72c667|c_cebe770b38dab5e56403,False,SAME_MINUTE_TIMES_AND_ECONOMIC_FIELDS,0
dup_88ef54c4afcd3bd6,2,"DREA,補交易紀錄/手動-04.csv|手動交易2024後策略較固定/2020含更久以前交易/statement (10).html",CSV|HTML,rec_1813d685f98cc8eb8f17|c_a1a09f9af8d8a5d3e533,False,SAME_MINUTE_TIMES_AND_ECONOMIC_FIELDS,0
dup_4ad5ea68b0cd45fa,2,"DREA,補交易紀錄/手動-04.csv|手動交易2024後策略較固定/2020含更久以前交易/statement (10).html",CSV|HTML,rec_f0f9ac34bd23815c46fd|c_25e87e91f36a38108e94,False,SAME_MINUTE_TIMES_AND_ECONOMIC_FIELDS,0
dup_57f6d740389fbcb9,2,"DREA,補交易紀錄/手動-04.csv|手動交易2024後策略較固定/2020含更久以前交易/statement (10).html",CSV|HTML,rec_a635475ab665baea355f|c_516dc4d3a4864cb4623f,False,SAME_MINUTE_TIMES_AND_ECONOMIC_FIELDS,0
dup_100404ea567a5af7,2,"DREA,補交易紀錄/手動-04.csv|手動交易2024後策略較固定/2020含更久以前交易/statement (10).html",CSV|HTML,rec_04a7b4a360d4164f2113|c_ef6204478d84c31b937d,False,SAME_MINUTE_TIMES_AND_ECONOMIC_FIELDS,0
dup_e6215688c99fbba2,2,"DREA,補交易紀錄/手動-04.csv|手動交易2024後策略較固定/2020含更久以前交易/statement (10).html",CSV|HTML,rec_65081dfbba19fc1ee681|c_27d86f5d4f437dea6092,False,SAME_MINUTE_TIMES_AND_ECONOMIC_FIELDS,0
dup_8fe5c37d0d963e3e,2,"DREA,補交易紀錄/手動-04.csv|手動交易2024後策略較固定/2020含更久以前交易/statement (10).html",CSV|HTML,rec_3ae360420cfcafef7d19|c_8fbb5dbb5290e82f2743,False,SAME_MINUTE_TIMES_AND_ECONOMIC_FIELDS,0
dup_f6526b8dbfd5c885,2,"DREA,補交易紀錄/手動-04.csv|手動交易2024後策略較固定/2020含更久以前交易/statement (10).html",CSV|HTML,rec_f1d10718f21eb646fe87|c_cf82bbe3e992e1dc96c7,False,SAME_MINUTE_TIMES_AND_ECONOMIC_FIELDS,0
dup_0388efa8cfa88d78,2,"DREA,補交易紀錄/手動-04.csv|手動交易2024後策略較固定/2020含更久以前交易/statement (10).html",CSV|HTML,rec_e821f1b2d96ae68f7542|c_357be3043df2b8c6d871,False,SAME_MINUTE_TIMES_AND_ECONOMIC_FIELDS,0
dup_ad13d5b78c440c13,2,"DREA,補交易紀錄/手動-04.csv|手動交易2024後策略較固定/2020含更久以前交易/statement (10).html",CSV|HTML,rec_c57bb0f3d3b731883a82|c_c9405ab346ab7fe42865,False,SAME_MINUTE_TIMES_AND_ECONOMIC_FIELDS,0
dup_7e172d7bb6208a63,2,"DREA,補交易紀錄/手動-04.csv|手動交易2024後策略較固定/2020含更久以前交易/statement (10).html",CSV|HTML,rec_86f04f6da841b896b8b3|c_39e7234515fd8012ed07,False,SAME_MINUTE_TIMES_AND_ECONOMIC_FIELDS,0
dup_3425152d024f932c,2,"DREA,補交易紀錄/手動-04.csv|手動交易2024後策略較固定/2020含更久以前交易/statement (10).html",CSV|HTML,rec_a4a6e6f679f9ce2ac80a|c_5ff97572be3abd4a93db,False,SAME_MINUTE_TIMES_AND_ECONOMIC_FIELDS,0
dup_462f9f09ac560b14,2,"DREA,補交易紀錄/手動-04.csv|手動交易2024後策略較固定/2020含更久以前交易/statement (10).html",CSV|HTML,rec_7fe4012040a4b6571f68|c_deaf564ea795157b22a5,False,SAME_MINUTE_TIMES_AND_ECONOMIC_FIELDS,0
dup_67365252c689b1e0,2,"DREA,補交易紀錄/手動-04.csv|手動交易2024後策略較固定/2020含更久以前交易/statement (10).html",CSV|HTML,rec_c935fc1d035978383d26|c_0db794c2600500ab465f,False,SAME_MINUTE_TIMES_AND_ECONOMIC_FIELDS,0
dup_0dc2d6f5a2680867,2,"DREA,補交易紀錄/手動-04.csv|手動交易2024後策略較固定/2020含更久以前交易/statement (10).html",CSV|HTML,rec_c6fbb018500060d6f5a4|c_e0d5acfca54f7546c5aa,False,SAME_MINUTE_TIMES_AND_ECONOMIC_FIELDS,0
dup_01d9e41583d412cd,2,"DREA,補交易紀錄/手動-04.csv|手動交易2024後策略較固定/2020含更久以前交易/statement (10).html",CSV|HTML,rec_5971d03550f598d0669b|c_a12858dbe39d749d1d5d,False,SAME_MINUTE_TIMES_AND_ECONOMIC_FIELDS,0
dup_8ae7b6603c50ac4a,2,"DREA,補交易紀錄/手動-04.csv|手動交易2024後策略較固定/2020含更久以前交易/statement (10).html",CSV|HTML,rec_415b1f22cee44bef28b9|c_6a95396d57c4e9286114,False,SAME_MINUTE_TIMES_AND_ECONOMIC_FIELDS,0
dup_e42c5874e7f60d36,2,"DREA,補交易紀錄/手動-04.csv|手動交易2024後策略較固定/2020含更久以前交易/statement (10).html",CSV|HTML,rec_1e079f1b77f968230b6e|c_5ec15a7a9d16bc8c467f,False,SAME_MINUTE_TIMES_AND_ECONOMIC_FIELDS,0
dup_b6bc15f292d00075,2,"DREA,補交易紀錄/手動-04.csv|手動交易2024後策略較固定/2020含更久以前交易/statement (10).html",CSV|HTML,rec_460ee893c9b4d7937f5a|c_067024e0081e16ec50b4,False,SAME_MINUTE_TIMES_AND_ECONOMIC_FIELDS,0
dup_aabc3cd5118cd67a,2,"DREA,補交易紀錄/手動-04.csv|手動交易2024後策略較固定/2020含更久以前交易/statement (10).html",CSV|HTML,rec_1dfa3021c0e352171004|c_4d5fe8a386186915cef0,False,SAME_MINUTE_TIMES_AND_ECONOMIC_FIELDS,0
dup_09cb51b6201439c3,2,"DREA,補交易紀錄/手動-04.csv|手動交易2024後策略較固定/2020含更久以前交易/statement (10).html",CSV|HTML,rec_4e0c1c69ffd9e1c5c56f|c_f60fc3ff401427bf933e,False,SAME_MINUTE_TIMES_AND_ECONOMIC_FIELDS,0
dup_4d8e033d36c52346,2,"DREA,補交易紀錄/手動-04.csv|手動交易2024後策略較固定/2020含更久以前交易/statement (10).html",CSV|HTML,rec_6a3086ce5f68f17f3ccf|c_2d947c58320baa47c8de,False,SAME_MINUTE_TIMES_AND_ECONOMIC_FIELDS,0
dup_01fc12841f6d8305,2,"DREA,補交易紀錄/手動-04.csv|手動交易2024後策略較固定/2020含更久以前交易/statement (10).html",CSV|HTML,rec_91e17f879cb5934b055f|c_cebd17dbf576890ad218,False,SAME_MINUTE_TIMES_AND_ECONOMIC_FIELDS,0
dup_6a53355024fa2cc0,2,"DREA,補交易紀錄/手動-04.csv|手動交易2024後策略較固定/2020含更久以前交易/statement (10).html",CSV|HTML,rec_37b7ae86a5a23c0c6ce5|c_b4b3e456829b27acfd41,False,SAME_MINUTE_TIMES_AND_ECONOMIC_FIELDS,0
dup_6923cf5561ed2512,2,"DREA,補交易紀錄/手動-04.csv|手動交易2024後策略較固定/2020含更久以前交易/statement (10).html",CSV|HTML,rec_fa9d2fb02bd5d48c7391|c_e31d464c7c5a80822c55,False,SAME_MINUTE_TIMES_AND_ECONOMIC_FIELDS,0
dup_26f876d0c20c5a93,2,"DREA,補交易紀錄/手動-04.csv|手動交易2024後策略較固定/2020含更久以前交易/statement (10).html",CSV|HTML,rec_191862c11c7dc320af13|c_a088f13a7ffedc3f72a7,False,SAME_MINUTE_TIMES_AND_ECONOMIC_FIELDS,0
dup_ef25d713f962c0a3,2,"DREA,補交易紀錄/手動-04.csv|手動交易2024後策略較固定/2020含更久以前交易/statement (10).html",CSV|HTML,rec_fbdca39049c785839c16|c_cd7f9b6c223a53ec2ba7,False,SAME_MINUTE_TIMES_AND_ECONOMIC_FIELDS,0
dup_fbd4b91868fbe7a8,2,"DREA,補交易紀錄/手動-04.csv|手動交易2024後策略較固定/2020含更久以前交易/statement (10).html",CSV|HTML,rec_2bcb1489a4a85134f04b|c_84769fbf1dde6f318a4e,False,SAME_MINUTE_TIMES_AND_ECONOMIC_FIELDS,0
dup_e9923832179a37a9,2,"DREA,補交易紀錄/手動-04.csv|手動交易2024後策略較固定/2020含更久以前交易/statement (10).html",CSV|HTML,rec_ce6c744630eb420376ee|c_8a68bf2436df64f58dcd,False,SAME_MINUTE_TIMES_AND_ECONOMIC_FIELDS,0
dup_42465f0928499664,2,"DREA,補交易紀錄/手動-04.csv|手動交易2024後策略較固定/2020含更久以前交易/statement (10).html",CSV|HTML,rec_671a73143a8120357384|c_430a10849a17ed3eb2d3,False,SAME_MINUTE_TIMES_AND_ECONOMIC_FIELDS,0
dup_902ee03789f0684c,2,"DREA,補交易紀錄/手動-04.csv|手動交易2024後策略較固定/2020含更久以前交易/statement (10).html",CSV|HTML,rec_3cc582791a0b24564c63|c_3c174b23adbc3cdd1d8d,False,SAME_MINUTE_TIMES_AND_ECONOMIC_FIELDS,0
dup_d92f23e2ea2aaad6,2,"DREA,補交易紀錄/手動-04.csv|手動交易2024後策略較固定/2020含更久以前交易/statement (10).html",CSV|HTML,rec_d914ffcb91e9be78b1c4|c_5aac4090b7166e889ca5,False,SAME_MINUTE_TIMES_AND_ECONOMIC_FIELDS,0
dup_d8e4669df1afa892,2,"DREA,補交易紀錄/手動-04.csv|手動交易2024後策略較固定/2020含更久以前交易/statement (10).html",CSV|HTML,rec_916b6066e515f5199bcc|c_8fe87354e00677629a7c,False,SAME_MINUTE_TIMES_AND_ECONOMIC_FIELDS,0
dup_25540c096fb5ba0a,2,"DREA,補交易紀錄/手動-04.csv|手動交易2024後策略較固定/2020含更久以前交易/statement (10).html",CSV|HTML,rec_fc454fb5f0e34681746c|c_c90c0a16a2ec7e966814,False,SAME_MINUTE_TIMES_AND_ECONOMIC_FIELDS,0
dup_4562ec87b2f40106,2,"DREA,補交易紀錄/手動-04.csv|手動交易2024後策略較固定/2020含更久以前交易/statement (10).html",CSV|HTML,rec_8ee64fab95763a48b915|c_d0a5420e279cfc08a362,False,SAME_MINUTE_TIMES_AND_ECONOMIC_FIELDS,0
dup_3dcf31aa3b6a06c3,2,"DREA,補交易紀錄/手動-04.csv|手動交易2024後策略較固定/2020含更久以前交易/statement (10).html",CSV|HTML,rec_0608ea8e39174aefe7c8|c_87a16889f77df032d91e,False,SAME_MINUTE_TIMES_AND_ECONOMIC_FIELDS,0
dup_57232af25b32a1d4,2,"DREA,補交易紀錄/手動-04.csv|手動交易2024後策略較固定/2020含更久以前交易/statement (10).html",CSV|HTML,rec_0fc7b9e0daa430949a11|c_545a1ede55dd729afc05,False,SAME_MINUTE_TIMES_AND_ECONOMIC_FIELDS,0
dup_1cd13fa0b3c06b41,2,"DREA,補交易紀錄/手動-04.csv|手動交易2024後策略較固定/2020含更久以前交易/statement (10).html",CSV|HTML,rec_c12f274e5a367b895158|c_970a7346716177072d4c,False,SAME_MINUTE_TIMES_AND_ECONOMIC_FIELDS,0
dup_39ded5d241403df6,2,"DREA,補交易紀錄/手動-04.csv|手動交易2024後策略較固定/2020含更久以前交易/statement (10).html",CSV|HTML,rec_bd69d5906c86c06d9381|c_6b5e3fdcd2095a2878a5,False,SAME_MINUTE_TIMES_AND_ECONOMIC_FIELDS,0
dup_04dd965edfd36304,2,"DREA,補交易紀錄/手動-04.csv|手動交易2024後策略較固定/2020含更久以前交易/statement (10).html",CSV|HTML,rec_31d719e01468d92839b5|c_068c36f2f54f52b6c327,False,SAME_MINUTE_TIMES_AND_ECONOMIC_FIELDS,0
dup_ff16a0ee75a6e61b,2,"DREA,補交易紀錄/手動-04.csv|手動交易2024後策略較固定/2020含更久以前交易/statement (10).html",CSV|HTML,rec_e00980253493caf5e922|c_5e82988e8d31c7f42a3d,False,SAME_MINUTE_TIMES_AND_ECONOMIC_FIELDS,0
dup_54f16cbb999b8514,2,"DREA,補交易紀錄/手動-04.csv|手動交易2024後策略較固定/2020含更久以前交易/statement (10).html",CSV|HTML,rec_e22bfacdeb3d50bc8359|c_610055949116adc764e6,False,SAME_MINUTE_TIMES_AND_ECONOMIC_FIELDS,0
dup_d1532f7a0f5b6882,2,"DREA,補交易紀錄/手動-04.csv|手動交易2024後策略較固定/2020含更久以前交易/statement (10).html",CSV|HTML,rec_a7ad9440da415967a23e|c_13eefd8b7d476649572c,False,SAME_MINUTE_TIMES_AND_ECONOMIC_FIELDS,0
dup_4925de03e7b4b486,2,"DREA,補交易紀錄/手動-04.csv|手動交易2024後策略較固定/2020含更久以前交易/statement (10).html",CSV|HTML,rec_c0b8a10ffbf2a46c2b6e|c_ef1688732b8071efae30,False,SAME_MINUTE_TIMES_AND_ECONOMIC_FIELDS,0
dup_2dcb432f30e1619e,2,"DREA,補交易紀錄/手動-04.csv|手動交易2024後策略較固定/2020含更久以前交易/statement (10).html",CSV|HTML,rec_e8542e380065a44cd5e2|c_f76a7ab126c3511c3666,False,SAME_MINUTE_TIMES_AND_ECONOMIC_FIELDS,0
dup_1181db0b7bb2315a,2,"DREA,補交易紀錄/手動-04.csv|手動交易2024後策略較固定/2020含更久以前交易/statement (10).html",CSV|HTML,rec_623ef629b6433ab5a5a4|c_d2a991884cbae491bb41,False,SAME_MINUTE_TIMES_AND_ECONOMIC_FIELDS,0
dup_9e262d3e180955ea,2,"DREA,補交易紀錄/手動-04.csv|手動交易2024後策略較固定/2020含更久以前交易/statement (10).html",CSV|HTML,rec_c22afcc70890d3bbbc59|c_94bc03f415751ce4bc88,False,SAME_MINUTE_TIMES_AND_ECONOMIC_FIELDS,0
dup_3ad8e30d0bf8ff8e,2,"DREA,補交易紀錄/手動-04.csv|手動交易2024後策略較固定/2020含更久以前交易/statement (10).html",CSV|HTML,rec_15cf2b18f2d92fcf07bf|c_7ee18a786b312d33a58c,False,SAME_MINUTE_TIMES_AND_ECONOMIC_FIELDS,0
dup_ec5ab8895c2a4360,2,"DREA,補交易紀錄/手動-04.csv|手動交易2024後策略較固定/2020含更久以前交易/statement (10).html",CSV|HTML,rec_1003bde4810b364acea6|c_0467e12df40c27cfa9fc,False,SAME_MINUTE_TIMES_AND_ECONOMIC_FIELDS,0
dup_b9af76202ed35eca,2,"DREA,補交易紀錄/手動-04.csv|手動交易2024後策略較固定/2020含更久以前交易/statement (10).html",CSV|HTML,rec_647726bf6671e78158e9|c_f0a0879f69376017f5ff,False,SAME_MINUTE_TIMES_AND_ECONOMIC_FIELDS,0
dup_e0269b79d50c8dec,2,"DREA,補交易紀錄/手動-04.csv|手動交易2024後策略較固定/2020含更久以前交易/statement (10).html",CSV|HTML,rec_9c002f610d9b43c21733|c_5702d8f5259c5fa3f60b,False,SAME_MINUTE_TIMES_AND_ECONOMIC_FIELDS,0
dup_9601fca8d31a6efe,2,"DREA,補交易紀錄/手動-04.csv|手動交易2024後策略較固定/2020含更久以前交易/statement (10).html",CSV|HTML,rec_cf32c7383f371b693d24|c_ad8dff74a1728a68cdb3,False,SAME_MINUTE_TIMES_AND_ECONOMIC_FIELDS,0
dup_6360c344c1d13ab3,2,"DREA,補交易紀錄/手動-04.csv|手動交易2024後策略較固定/2020含更久以前交易/statement (10).html",CSV|HTML,rec_62810125902df87e1e12|c_573fb26c90c8b28f99ec,False,SAME_MINUTE_TIMES_AND_ECONOMIC_FIELDS,0
dup_09a5891f30ec1350,2,"DREA,補交易紀錄/手動-04.csv|手動交易2024後策略較固定/2020含更久以前交易/statement (10).html",CSV|HTML,rec_e7a9b4a4b530e0afca5c|c_071f7cffea89678134bd,False,SAME_MINUTE_TIMES_AND_ECONOMIC_FIELDS,0
dup_9b567805edb99022,2,"DREA,補交易紀錄/手動-04.csv|手動交易2024後策略較固定/2020含更久以前交易/statement (10).html",CSV|HTML,rec_852eccffc3594293fc72|c_1aeb90aa8115e65e099d,False,SAME_MINUTE_TIMES_AND_ECONOMIC_FIELDS,0
dup_e09d351212ad1a37,2,"DREA,補交易紀錄/手動-04.csv|手動交易2024後策略較固定/2020含更久以前交易/statement (10).html",CSV|HTML,rec_49bbc8211580eb844896|c_1c3a861e67ff97faa817,False,SAME_MINUTE_TIMES_AND_ECONOMIC_FIELDS,0
dup_08f3ca0cad1b11c9,2,"DREA,補交易紀錄/手動-04.csv|手動交易2024後策略較固定/2020含更久以前交易/statement (10).html",CSV|HTML,rec_d5bd38fbf3457294f840|c_32617883090d49a8fc5e,False,SAME_MINUTE_TIMES_AND_ECONOMIC_FIELDS,0
dup_97e58a39221e19f5,2,"DREA,補交易紀錄/手動-04.csv|手動交易2024後策略較固定/2020含更久以前交易/statement (10).html",CSV|HTML,rec_8c77ba9a741828b2ab0a|c_f5a28b0a77faac426c15,False,SAME_MINUTE_TIMES_AND_ECONOMIC_FIELDS,0
dup_1e9009ff473d7c56,2,"DREA,補交易紀錄/手動-04.csv|手動交易2024後策略較固定/2020含更久以前交易/statement (10).html",CSV|HTML,rec_eef6db11258ccd58d2f4|c_0ba8a98d5e4028ee77e5,False,SAME_MINUTE_TIMES_AND_ECONOMIC_FIELDS,0
dup_3fea7b320ab07443,2,"DREA,補交易紀錄/dream-復活.csv|手動交易2024後策略較固定/其他/statement (4).html",CSV|HTML,rec_f541462d2e2bff48f53f|c_0aa396340a90045fc393,False,SAME_MINUTE_TIMES_AND_ECONOMIC_FIELDS,0
dup_2ed017a28e9fbbb7,2,"DREA,補交易紀錄/dream-復活.csv|手動交易2024後策略較固定/其他/statement (4).html",CSV|HTML,rec_87bb462655e61f81e5e4|c_687b12d3e5c6c79e3221,False,SAME_MINUTE_TIMES_AND_ECONOMIC_FIELDS,0
dup_1447ebacd5bbd40b,2,"DREA,補交易紀錄/dream-復活.csv|手動交易2024後策略較固定/其他/statement (4).html",CSV|HTML,rec_487a7ec31005d2a7ce34|c_9fb60514760510d272c5,False,SAME_MINUTE_TIMES_AND_ECONOMIC_FIELDS,0
dup_89f1cc2299030e8c,2,"DREA,補交易紀錄/dream-復活.csv|手動交易2024後策略較固定/其他/statement (4).html",CSV|HTML,rec_577f9baab8ee8fbd424a|c_c022ad9e1b9d4b7bbc41,False,SAME_MINUTE_TIMES_AND_ECONOMIC_FIELDS,0
dup_2ceb26267ccddc88,2,"DREA,補交易紀錄/dream-復活.csv|手動交易2024後策略較固定/其他/statement (4).html",CSV|HTML,rec_f390e42d1467c77b4951|c_89371338d8d713c3fd95,False,SAME_MINUTE_TIMES_AND_ECONOMIC_FIELDS,0
dup_d29b4061a655798d,2,"DREA,補交易紀錄/dream-復活.csv|手動交易2024後策略較固定/其他/statement (4).html",CSV|HTML,rec_cfb3aaca4e9498f1e3a6|c_2e9038536b1788f9a022,False,SAME_MINUTE_TIMES_AND_ECONOMIC_FIELDS,0
dup_5687afd6ef933a73,2,"DREA,補交易紀錄/dream-復活.csv|手動交易2024後策略較固定/其他/statement (4).html",CSV|HTML,rec_e54e25c9542f598bb945|c_35a1b5a82bcf19910e1c,False,SAME_MINUTE_TIMES_AND_ECONOMIC_FIELDS,0
dup_1575288034b97c76,2,"DREA,補交易紀錄/dream-復活.csv|手動交易2024後策略較固定/其他/statement (4).html",CSV|HTML,rec_4dad421efd75d0a89bb1|c_36b9ce2cdd80d1d84dd2,False,SAME_MINUTE_TIMES_AND_ECONOMIC_FIELDS,0
dup_bd2f63be2aa55b43,2,"DREA,補交易紀錄/dream-復活.csv|手動交易2024後策略較固定/其他/statement (4).html",CSV|HTML,rec_6d0cbe83bc9a674f2315|c_58178691e3189de2bb76,False,SAME_MINUTE_TIMES_AND_ECONOMIC_FIELDS,0
dup_4568b08a6b6d1161,2,"DREA,補交易紀錄/dream-復活.csv|手動交易2024後策略較固定/其他/statement (4).html",CSV|HTML,rec_dbccdd0f18e17888609a|c_83cbcc4f90b237403f76,False,SAME_MINUTE_TIMES_AND_ECONOMIC_FIELDS,0
dup_622c160ac35cb480,2,"DREA,補交易紀錄/dream-復活.csv|手動交易2024後策略較固定/其他/statement (4).html",CSV|HTML,rec_ec04965d38ad0597ab20|c_41d516d2701e8a2bf9c8,False,SAME_MINUTE_TIMES_AND_ECONOMIC_FIELDS,0
dup_28ac6d8fb62e85b4,2,"DREA,補交易紀錄/dream-復活.csv|手動交易2024後策略較固定/其他/statement (4).html",CSV|HTML,rec_a965acb97346920aeb84|c_e860572a10b4ddbf7b46,False,SAME_MINUTE_TIMES_AND_ECONOMIC_FIELDS,0
dup_cebe6f4e5adaddba,2,"DREA,補交易紀錄/dream-復活.csv|手動交易2024後策略較固定/其他/statement (4).html",CSV|HTML,rec_e464c0a4ba6c13a3ab8b|c_1a66a0dcd43d7a670242,False,SAME_MINUTE_TIMES_AND_ECONOMIC_FIELDS,0
dup_67c44b6f6098cebb,2,"DREA,補交易紀錄/dream-復活.csv|手動交易2024後策略較固定/其他/statement (4).html",CSV|HTML,rec_dfaefa1bc15d66968ff5|c_f9ad1b6e1dbf3929542f,False,SAME_MINUTE_TIMES_AND_ECONOMIC_FIELDS,0
dup_a1e04cd6a2ec6a4d,2,"DREA,補交易紀錄/dream-復活.csv|手動交易2024後策略較固定/其他/statement (4).html",CSV|HTML,rec_fbb3e93ec60ebb214496|c_0d9de054f396ac60e206,False,SAME_MINUTE_TIMES_AND_ECONOMIC_FIELDS,0
dup_4bba987487c4f54a,2,"DREA,補交易紀錄/dream-復活.csv|手動交易2024後策略較固定/其他/statement (4).html",CSV|HTML,rec_1e572e747d50926e4389|c_c177043213b2ad8b9ab3,False,SAME_MINUTE_TIMES_AND_ECONOMIC_FIELDS,0
dup_a2b498dcc63ce494,2,"DREA,補交易紀錄/dream-復活.csv|手動交易2024後策略較固定/其他/statement (4).html",CSV|HTML,rec_f1a25f88a189637a170e|c_c0484f240596e292cf1e,False,SAME_MINUTE_TIMES_AND_ECONOMIC_FIELDS,0
dup_d263d2a49848c8c1,2,"DREA,補交易紀錄/dream-復活.csv|手動交易2024後策略較固定/其他/statement (4).html",CSV|HTML,rec_66971025392a785e35b8|c_8ff66c69e27679118c0f,False,SAME_MINUTE_TIMES_AND_ECONOMIC_FIELDS,0
dup_7e0c4e729a1dded9,2,"DREA,補交易紀錄/dream-復活.csv|手動交易2024後策略較固定/其他/statement (4).html",CSV|HTML,rec_4cd302e050f0991b77ad|c_76465487e82e1a357a8f,False,SAME_MINUTE_TIMES_AND_ECONOMIC_FIELDS,0
dup_df442b9c852fa075,2,"DREA,補交易紀錄/dream-復活.csv|手動交易2024後策略較固定/其他/statement (4).html",CSV|HTML,rec_7cebc4a83157f46109cf|c_9b0485b0def46a58a472,False,SAME_MINUTE_TIMES_AND_ECONOMIC_FIELDS,0
dup_d1a9d483830c50da,2,"DREA,補交易紀錄/dream-復活.csv|手動交易2024後策略較固定/其他/statement (4).html",CSV|HTML,rec_b7b637bb2587901add11|c_214b20848231d4961389,False,SAME_MINUTE_TIMES_AND_ECONOMIC_FIELDS,0
dup_82ec9cb57238f5b1,2,"DREA,補交易紀錄/dream-復活.csv|手動交易2024後策略較固定/其他/statement (4).html",CSV|HTML,rec_1c108ad1fcdcbb4afa6d|c_16539150062ddd33b65f,False,SAME_MINUTE_TIMES_AND_ECONOMIC_FIELDS,0
dup_dda63a9a5493d3cd,2,"DREA,補交易紀錄/dream-復活.csv|手動交易2024後策略較固定/其他/statement (4).html",CSV|HTML,rec_9bcfda24894693b0a36f|c_3c40189593049faf18f6,False,SAME_MINUTE_TIMES_AND_ECONOMIC_FIELDS,0
dup_dcc45dd21e9b0244,2,"DREA,補交易紀錄/dream-復活.csv|手動交易2024後策略較固定/其他/statement (4).html",CSV|HTML,rec_c2586a599ab62de68699|c_e87b4ef3f97a25c76f96,False,SAME_MINUTE_TIMES_AND_ECONOMIC_FIELDS,0
dup_d9395c09022213c6,2,"DREA,補交易紀錄/dream-復活.csv|手動交易2024後策略較固定/其他/statement (4).html",CSV|HTML,rec_5d93380d61175a02bbd7|c_f24418b5e5b9ec324a19,False,SAME_MINUTE_TIMES_AND_ECONOMIC_FIELDS,0
dup_3b3efc2d89bfb6aa,2,"DREA,補交易紀錄/dream-復活.csv|手動交易2024後策略較固定/其他/statement (4).html",CSV|HTML,rec_4a24dea064aafb34dd0e|c_d6548b94abb48dd98b5d,False,SAME_MINUTE_TIMES_AND_ECONOMIC_FIELDS,0
dup_5f918c49bc2f172b,2,"DREA,補交易紀錄/dream-復活.csv|手動交易2024後策略較固定/其他/statement (4).html",CSV|HTML,rec_e96603c2b35bb9ed6fc4|c_483300fe3546226cb397,False,SAME_MINUTE_TIMES_AND_ECONOMIC_FIELDS,0
dup_7cb5ec8597ab4976,2,"DREA,補交易紀錄/dream-復活.csv|手動交易2024後策略較固定/其他/statement (4).html",CSV|HTML,rec_1e17083afdc3dbf52d0f|c_ef4d80a529f37a26ffbb,False,SAME_MINUTE_TIMES_AND_ECONOMIC_FIELDS,0
dup_0548c7d7aaeb60a5,2,"DREA,補交易紀錄/dream-復活.csv|手動交易2024後策略較固定/其他/statement (4).html",CSV|HTML,rec_f78d6ef77196f54d1a69|c_b56922f63426d1918ece,False,SAME_MINUTE_TIMES_AND_ECONOMIC_FIELDS,0
dup_d8ceed1758f31629,2,"DREA,補交易紀錄/dream-復活.csv|手動交易2024後策略較固定/其他/statement (4).html",CSV|HTML,rec_a6e6f74d1fdb689da772|c_305a0c801a2c7f911b0b,False,SAME_MINUTE_TIMES_AND_ECONOMIC_FIELDS,0
dup_0b0e5ac15309a68b,2,"DREA,補交易紀錄/dream-復活.csv|手動交易2024後策略較固定/其他/statement (4).html",CSV|HTML,rec_0215265272801cdbd9a0|c_70b4031c4904a388dbeb,False,SAME_MINUTE_TIMES_AND_ECONOMIC_FIELDS,0
dup_77aa0adde3900c33,2,"DREA,補交易紀錄/dream-復活.csv|手動交易2024後策略較固定/其他/statement (4).html",CSV|HTML,rec_c4402e632d1e9b89f883|c_465d69a2279e5c92a16b,False,SAME_MINUTE_TIMES_AND_ECONOMIC_FIELDS,0
dup_1521053501fe7dc0,2,"DREA,補交易紀錄/dream-復活.csv|手動交易2024後策略較固定/其他/statement (4).html",CSV|HTML,rec_d12bdcbbcb88c723c20c|c_8a26b8f0ce7f36060847,False,SAME_MINUTE_TIMES_AND_ECONOMIC_FIELDS,0
dup_27957008e8edbbf5,2,"DREA,補交易紀錄/dream-復活.csv|手動交易2024後策略較固定/其他/statement (4).html",CSV|HTML,rec_1ae9156dbb2e04bb407b|c_92ab37850b3c0edcca08,False,SAME_MINUTE_TIMES_AND_ECONOMIC_FIELDS,0
dup_d96eba418d8d4a85,2,"DREA,補交易紀錄/dream-復活.csv|手動交易2024後策略較固定/其他/statement (4).html",CSV|HTML,rec_aeee95f8a3212bfec23d|c_ab9063728ae8bda106dc,False,SAME_MINUTE_TIMES_AND_ECONOMIC_FIELDS,0
dup_8ac564d069869905,2,"DREA,補交易紀錄/dream-復活.csv|手動交易2024後策略較固定/其他/statement (4).html",CSV|HTML,rec_bc83c1399bf84eb99672|c_d8d894f1eeb8a4494c52,False,SAME_MINUTE_TIMES_AND_ECONOMIC_FIELDS,0
dup_e6c389b263d83847,2,"DREA,補交易紀錄/dream-復活.csv|手動交易2024後策略較固定/其他/statement (4).html",CSV|HTML,rec_40726c969cf350606528|c_38c7cd4d7c50fae63e9a,False,SAME_MINUTE_TIMES_AND_ECONOMIC_FIELDS,0
dup_59e360924c687ffc,2,"DREA,補交易紀錄/dream-復活.csv|手動交易2024後策略較固定/其他/statement (4).html",CSV|HTML,rec_db66038311c86ab612df|c_f3478a6a20a2812e9b55,False,SAME_MINUTE_TIMES_AND_ECONOMIC_FIELDS,0
dup_e39d52ebfe32a8e7,2,"DREA,補交易紀錄/2019.02 Jim 一個月挑戰.csv|手動交易2024後策略較固定/其他/statement (3).html",CSV|HTML,rec_36f3d76e311b105a928e|c_9db4a5cd99f03a2e5e27,False,SAME_MINUTE_TIMES_AND_ECONOMIC_FIELDS,0
dup_0acc3277b7a218a7,2,"DREA,補交易紀錄/2019.02 Jim 一個月挑戰.csv|手動交易2024後策略較固定/其他/statement (3).html",CSV|HTML,rec_814179bb804d6fac52ef|c_65d9937a757c076d1574,False,SAME_MINUTE_TIMES_AND_ECONOMIC_FIELDS,0
dup_b98cb76f48358822,2,"DREA,補交易紀錄/2019.02 Jim 一個月挑戰.csv|手動交易2024後策略較固定/其他/statement (3).html",CSV|HTML,rec_00a6bb668ee1c3ef5514|c_105717eefaed4b930ebf,False,SAME_MINUTE_TIMES_AND_ECONOMIC_FIELDS,0
dup_0d3c64aa86a0a37f,2,"DREA,補交易紀錄/2019.02 Jim 一個月挑戰.csv|手動交易2024後策略較固定/其他/statement (3).html",CSV|HTML,rec_97f55503d11ebed1b146|c_a49923fbc0015a37158f,False,SAME_MINUTE_TIMES_AND_ECONOMIC_FIELDS,0
dup_bfc0773548148ddb,2,"DREA,補交易紀錄/2019.02 Jim 一個月挑戰.csv|手動交易2024後策略較固定/其他/statement (3).html",CSV|HTML,rec_7f4f5cef609d8b41ac95|c_1eb288c1cb7b4f0c1828,False,SAME_MINUTE_TIMES_AND_ECONOMIC_FIELDS,0
dup_fb12dd1637b68f4f,2,"DREA,補交易紀錄/2019.02 Jim 一個月挑戰.csv|手動交易2024後策略較固定/其他/statement (3).html",CSV|HTML,rec_96a1cb30f01ed775cc0e|c_374f5e7fe90176641921,False,SAME_MINUTE_TIMES_AND_ECONOMIC_FIELDS,0
dup_3e94cb9962c1aa7c,2,"DREA,補交易紀錄/2019.02 Jim 一個月挑戰.csv|手動交易2024後策略較固定/其他/statement (3).html",CSV|HTML,rec_b3966dff0da508f30d7f|c_6a150de3fdaef4e24a62,False,SAME_MINUTE_TIMES_AND_ECONOMIC_FIELDS,0
dup_08e407fde5d9c6b9,2,"DREA,補交易紀錄/2019.02 Jim 一個月挑戰.csv|手動交易2024後策略較固定/其他/statement (3).html",CSV|HTML,rec_482bcaaf36847dfe07ba|c_d4427885bc1516c79997,False,SAME_MINUTE_TIMES_AND_ECONOMIC_FIELDS,0
dup_80a35d25d89f0f9a,2,"DREA,補交易紀錄/2019.02 Jim 一個月挑戰.csv|手動交易2024後策略較固定/其他/statement (3).html",CSV|HTML,rec_6076b8c0678ab15d9f87|c_96679716435b40bd02de,False,SAME_MINUTE_TIMES_AND_ECONOMIC_FIELDS,0
dup_c53a39deff53582f,2,"DREA,補交易紀錄/2019.02 Jim 一個月挑戰.csv|手動交易2024後策略較固定/其他/statement (3).html",CSV|HTML,rec_0d4f81e59b83496709e1|c_b18bf3746370021bc198,False,SAME_MINUTE_TIMES_AND_ECONOMIC_FIELDS,0
dup_34a93594b781cd31,2,"DREA,補交易紀錄/2019.02 Jim 一個月挑戰.csv|手動交易2024後策略較固定/其他/statement (3).html",CSV|HTML,rec_ccccf726879be975648f|c_8d8fe31498bf5e0d259c,False,SAME_MINUTE_TIMES_AND_ECONOMIC_FIELDS,0
dup_f579f6b8e18f4824,2,"DREA,補交易紀錄/2019.02 Jim 一個月挑戰.csv|手動交易2024後策略較固定/其他/statement (3).html",CSV|HTML,rec_c792863e9837aa78bd1c|c_ec385d3f65c5957ae0f6,False,SAME_MINUTE_TIMES_AND_ECONOMIC_FIELDS,0
dup_7588b5f89f2dbe96,2,"DREA,補交易紀錄/2019.02 Jim 一個月挑戰.csv|手動交易2024後策略較固定/其他/statement (3).html",CSV|HTML,rec_107c790d1e00dacbe507|c_9a490f3112792f5c1966,False,SAME_MINUTE_TIMES_AND_ECONOMIC_FIELDS,0
dup_8e4e64d578a3cbc4,2,"DREA,補交易紀錄/2019.02 Jim 一個月挑戰.csv|手動交易2024後策略較固定/其他/statement (3).html",CSV|HTML,rec_f8571d2887f4c94461c0|c_7ec6861c4325f3836d62,False,SAME_MINUTE_TIMES_AND_ECONOMIC_FIELDS,0
dup_238632eaa364d73b,2,"DREA,補交易紀錄/2019.02 Jim 一個月挑戰.csv|手動交易2024後策略較固定/其他/statement (3).html",CSV|HTML,rec_45b67c858283d46256a4|c_01cc0513b464a0b16ce4,False,SAME_MINUTE_TIMES_AND_ECONOMIC_FIELDS,0
dup_4fc20a2aa0ef8563,2,"DREA,補交易紀錄/2019.02 Jim 一個月挑戰.csv|手動交易2024後策略較固定/其他/statement (3).html",CSV|HTML,rec_7b90cf35679f8f3d21fc|c_d024b7157b5fe7f0b38f,False,SAME_MINUTE_TIMES_AND_ECONOMIC_FIELDS,0
dup_25b572b1c1c05bb5,2,"DREA,補交易紀錄/2019.02 Jim 一個月挑戰.csv|手動交易2024後策略較固定/其他/statement (3).html",CSV|HTML,rec_a7e28659fa58d920075c|c_254c0a2c55718089ed8e,False,SAME_MINUTE_TIMES_AND_ECONOMIC_FIELDS,0
dup_d35ede6e60686844,2,"DREA,補交易紀錄/2019.02 Jim 一個月挑戰.csv|手動交易2024後策略較固定/其他/statement (3).html",CSV|HTML,rec_bd66908bdd46f9622347|c_a430687f939b91babd66,False,SAME_MINUTE_TIMES_AND_ECONOMIC_FIELDS,0
dup_abe237bff5429e05,2,"DREA,補交易紀錄/2019.02 Jim 一個月挑戰.csv|手動交易2024後策略較固定/其他/statement (3).html",CSV|HTML,rec_9e8ace0df192e4044d83|c_9f676d15c69477139387,False,SAME_MINUTE_TIMES_AND_ECONOMIC_FIELDS,0
dup_28140a57fbfc16da,2,"DREA,補交易紀錄/2019.02 Jim 一個月挑戰.csv|手動交易2024後策略較固定/其他/statement (3).html",CSV|HTML,rec_c1d2d1d05d8f9303971a|c_c132b3709ad8b2c8fa73,False,SAME_MINUTE_TIMES_AND_ECONOMIC_FIELDS,0
dup_f895e01b1c35bd10,2,"DREA,補交易紀錄/2019.02 Jim 一個月挑戰.csv|手動交易2024後策略較固定/其他/statement (3).html",CSV|HTML,rec_2a5395a231b7e0287b44|c_69c5b18fcbb4e20b58ae,False,SAME_MINUTE_TIMES_AND_ECONOMIC_FIELDS,0
dup_5bb13c113f077d11,2,"DREA,補交易紀錄/2019.02 Jim 一個月挑戰.csv|手動交易2024後策略較固定/其他/statement (3).html",CSV|HTML,rec_10eaa40279f365db6c4b|c_5a6c6104b121d1384f54,False,SAME_MINUTE_TIMES_AND_ECONOMIC_FIELDS,0
dup_cca89b3e67f190ab,2,"DREA,補交易紀錄/2019.02 Jim 一個月挑戰.csv|手動交易2024後策略較固定/其他/statement (3).html",CSV|HTML,rec_5f02fdc8667aecf0ba0c|c_649641f622061501bd6c,False,SAME_MINUTE_TIMES_AND_ECONOMIC_FIELDS,0
dup_2210fd7d05237b2d,2,"DREA,補交易紀錄/2019.02 Jim 一個月挑戰.csv|手動交易2024後策略較固定/其他/statement (3).html",CSV|HTML,rec_2674bb178ed3351dea2c|c_6b204a3240c7f7358eb6,False,SAME_MINUTE_TIMES_AND_ECONOMIC_FIELDS,0
dup_ce823f596b968cdf,2,"DREA,補交易紀錄/2019.02 Jim 一個月挑戰.csv|手動交易2024後策略較固定/其他/statement (3).html",CSV|HTML,rec_f9ab377ca2c4822a4e0d|c_04d46701c8da11cce69a,False,SAME_MINUTE_TIMES_AND_ECONOMIC_FIELDS,0
dup_43f55d38462597d6,2,"DREA,補交易紀錄/2019.02 Jim 一個月挑戰.csv|手動交易2024後策略較固定/其他/statement (3).html",CSV|HTML,rec_9a7f824ec94f5a30ac0d|c_8121aae858e0b9b6eeac,False,SAME_MINUTE_TIMES_AND_ECONOMIC_FIELDS,0
dup_f365900bd7d9ead1,2,"DREA,補交易紀錄/2019.02 Jim 一個月挑戰.csv|手動交易2024後策略較固定/其他/statement (3).html",CSV|HTML,rec_7a1a44cfbd64e0353c14|c_b772a914d37803a04c3d,False,SAME_MINUTE_TIMES_AND_ECONOMIC_FIELDS,0
dup_ac6d98ce5467ada0,2,"DREA,補交易紀錄/2019.02 Jim 一個月挑戰.csv|手動交易2024後策略較固定/其他/statement (3).html",CSV|HTML,rec_afcd1868291be86d175d|c_2f61e6ef4d7a72288691,False,SAME_MINUTE_TIMES_AND_ECONOMIC_FIELDS,0
dup_d6ef9c903a8feff9,2,"DREA,補交易紀錄/2019.02 Jim 一個月挑戰.csv|手動交易2024後策略較固定/其他/statement (3).html",CSV|HTML,rec_70a09e1fa9ef8f42dcaa|c_5b507cbf9eee5fbb3268,False,SAME_MINUTE_TIMES_AND_ECONOMIC_FIELDS,0
dup_d8560b9b12a02df6,2,"DREA,補交易紀錄/2019.02 Jim 一個月挑戰.csv|手動交易2024後策略較固定/其他/statement (3).html",CSV|HTML,rec_1f0739037a766804a6ec|c_73b71f997684281d56c7,False,SAME_MINUTE_TIMES_AND_ECONOMIC_FIELDS,0
dup_b1eca632476afbb5,2,"DREA,補交易紀錄/2019.02 Jim 一個月挑戰.csv|手動交易2024後策略較固定/其他/statement (3).html",CSV|HTML,rec_c5e978bff979b1bdb22d|c_213c9bf8086deb41edb2,False,SAME_MINUTE_TIMES_AND_ECONOMIC_FIELDS,0
dup_f0033ee9a32ef2a9,2,"DREA,補交易紀錄/2019.02 Jim 一個月挑戰.csv|手動交易2024後策略較固定/其他/statement (3).html",CSV|HTML,rec_787006b5a1c8db1d4257|c_9c1c10a2795229a84113,False,SAME_MINUTE_TIMES_AND_ECONOMIC_FIELDS,0
dup_5a7e17fc3aba3f24,2,"DREA,補交易紀錄/2019.02 Jim 一個月挑戰.csv|手動交易2024後策略較固定/其他/statement (3).html",CSV|HTML,rec_a8bc10b1e0bf5b0bcad8|c_a457f35d8ceebdbf3a55,False,SAME_MINUTE_TIMES_AND_ECONOMIC_FIELDS,0
dup_e8e09c4722a4d750,2,"DREA,補交易紀錄/2019.02 Jim 一個月挑戰.csv|手動交易2024後策略較固定/其他/statement (3).html",CSV|HTML,rec_9fbf89b59611489133e0|c_2b63dc948c81ceddf89e,False,SAME_MINUTE_TIMES_AND_ECONOMIC_FIELDS,0
dup_e392cc948bbfc2fd,2,"DREA,補交易紀錄/2019.02 Jim 一個月挑戰.csv|手動交易2024後策略較固定/其他/statement (3).html",CSV|HTML,rec_10bc7a47f6ec90fffb93|c_033e674770c6d9f3b747,False,SAME_MINUTE_TIMES_AND_ECONOMIC_FIELDS,0
dup_ef64a00e4a2edf7d,2,"DREA,補交易紀錄/2019.02 Jim 一個月挑戰.csv|手動交易2024後策略較固定/其他/statement (3).html",CSV|HTML,rec_1959d2f02151d81df00a|c_a4ffe1bdf17061e102f1,False,SAME_MINUTE_TIMES_AND_ECONOMIC_FIELDS,0
dup_0de41655aacf88ea,2,"DREA,補交易紀錄/2019.02 Jim 一個月挑戰.csv|手動交易2024後策略較固定/其他/statement (3).html",CSV|HTML,rec_2dfe1599a24a441202fa|c_818bc9ce9109810d6a37,False,SAME_MINUTE_TIMES_AND_ECONOMIC_FIELDS,0
dup_ee9ae165c24459ed,2,"DREA,補交易紀錄/2019.02 Jim 一個月挑戰.csv|手動交易2024後策略較固定/其他/statement (3).html",CSV|HTML,rec_b09f1c896ff9613ff64a|c_7431ed1a44d120a3c3c3,False,SAME_MINUTE_TIMES_AND_ECONOMIC_FIELDS,0
dup_b77d568fe7820c9f,2,"DREA,補交易紀錄/2019.02 Jim 一個月挑戰.csv|手動交易2024後策略較固定/其他/statement (3).html",CSV|HTML,rec_4b40a27974e21e7658aa|c_c00f3e004947f0084f4e,False,SAME_MINUTE_TIMES_AND_ECONOMIC_FIELDS,0
dup_bd78cc0eab1e862f,2,"DREA,補交易紀錄/2019.02 Jim 一個月挑戰.csv|手動交易2024後策略較固定/其他/statement (3).html",CSV|HTML,rec_660c509b2c8c8589103d|c_e803148a9daa9534b4f8,False,SAME_MINUTE_TIMES_AND_ECONOMIC_FIELDS,0
dup_8969de7c8b665ad7,2,"DREA,補交易紀錄/2019.02 Jim 一個月挑戰.csv|手動交易2024後策略較固定/其他/statement (3).html",CSV|HTML,rec_72b816cb954b9e750f55|c_c6633b747257b98152e1,False,SAME_MINUTE_TIMES_AND_ECONOMIC_FIELDS,0
dup_71c0145ac6bf9e72,2,"DREA,補交易紀錄/2019.02 Jim 一個月挑戰.csv|手動交易2024後策略較固定/其他/statement (3).html",CSV|HTML,rec_468468a920a4fb8f9f15|c_37f1146e9ac72f8d175c,False,SAME_MINUTE_TIMES_AND_ECONOMIC_FIELDS,0
dup_04acf0d03507a906,2,"DREA,補交易紀錄/2019.02 Jim 一個月挑戰.csv|手動交易2024後策略較固定/其他/statement (3).html",CSV|HTML,rec_34f1931a1003ef8c46bf|c_9d203d8f2988c24d5ae2,False,SAME_MINUTE_TIMES_AND_ECONOMIC_FIELDS,0
dup_5feb4f1fc8e8419e,2,"DREA,補交易紀錄/2019.02 Jim 一個月挑戰.csv|手動交易2024後策略較固定/其他/statement (3).html",CSV|HTML,rec_b1b9fd2e16070d93c6a4|c_84804c59036418d444a3,False,SAME_MINUTE_TIMES_AND_ECONOMIC_FIELDS,0
dup_4e465c75f5edf6b7,2,"DREA,補交易紀錄/2019.02 Jim 一個月挑戰.csv|手動交易2024後策略較固定/其他/statement (3).html",CSV|HTML,rec_09a9164a8b0ac1376b7d|c_e825d772ae3890ad16dd,False,SAME_MINUTE_TIMES_AND_ECONOMIC_FIELDS,0
dup_bd2babea725a7d89,2,"DREA,補交易紀錄/2019.02 Jim 一個月挑戰.csv|手動交易2024後策略較固定/其他/statement (3).html",CSV|HTML,rec_d5bef5948b73b160e5c5|c_e66e26b27683538ecb10,False,SAME_MINUTE_TIMES_AND_ECONOMIC_FIELDS,0
dup_6b07d5cbc6dc97f1,2,"DREA,補交易紀錄/2019.02 Jim 一個月挑戰.csv|手動交易2024後策略較固定/其他/statement (3).html",CSV|HTML,rec_5edd0f3a14f6f08d4ebb|c_8623eeb29966ddd3a42f,False,SAME_MINUTE_TIMES_AND_ECONOMIC_FIELDS,0
dup_47ab3ed5dbdf9be2,2,"DREA,補交易紀錄/2019.02 Jim 一個月挑戰.csv|手動交易2024後策略較固定/其他/statement (3).html",CSV|HTML,rec_a4b4ae271c026e8fac7e|c_cd82e203a3e475fc1c84,False,SAME_MINUTE_TIMES_AND_ECONOMIC_FIELDS,0
dup_0a0b5dc05e6a2075,2,"DREA,補交易紀錄/2019.02 Jim 一個月挑戰.csv|手動交易2024後策略較固定/其他/statement (3).html",CSV|HTML,rec_6bc3b674370ebf2bda3b|c_11612e7f63aae6f9b3ba,False,SAME_MINUTE_TIMES_AND_ECONOMIC_FIELDS,0
dup_453ce54214d4d240,2,"DREA,補交易紀錄/2019.02 Jim 一個月挑戰.csv|手動交易2024後策略較固定/其他/statement (3).html",CSV|HTML,rec_448afa7b03eaf05d33a0|c_0f2e521cfd62addbe0f8,False,SAME_MINUTE_TIMES_AND_ECONOMIC_FIELDS,0
dup_c343ffadc1226434,2,"DREA,補交易紀錄/2019.02 Jim 一個月挑戰.csv|手動交易2024後策略較固定/其他/statement (3).html",CSV|HTML,rec_9b51ca149b371bea00dd|c_83cad17e6ba186b47433,False,SAME_MINUTE_TIMES_AND_ECONOMIC_FIELDS,0
dup_a83bfe752fb6d32f,2,"DREA,補交易紀錄/2019.02 Jim 一個月挑戰.csv|手動交易2024後策略較固定/其他/statement (3).html",CSV|HTML,rec_5138f7135fa31c39e3d1|c_d0458c0456463e1611d6,False,SAME_MINUTE_TIMES_AND_ECONOMIC_FIELDS,0
dup_aec43527eff47c77,2,"DREA,補交易紀錄/2019.02 Jim 一個月挑戰.csv|手動交易2024後策略較固定/其他/statement (3).html",CSV|HTML,rec_8b2ffc5a41a07f775176|c_19454b7e4dd589fd06ee,False,SAME_MINUTE_TIMES_AND_ECONOMIC_FIELDS,0
dup_fcae5a4a67bbeca9,2,"DREA,補交易紀錄/2019.02 Jim 一個月挑戰.csv|手動交易2024後策略較固定/其他/statement (3).html",CSV|HTML,rec_825a50a3d9536ac6145b|c_1841623e15e03008921e,False,SAME_MINUTE_TIMES_AND_ECONOMIC_FIELDS,0
dup_51b2c601e0796814,2,"DREA,補交易紀錄/2019.02 Jim 一個月挑戰.csv|手動交易2024後策略較固定/其他/statement (3).html",CSV|HTML,rec_50abad52758dbf3bbc1a|c_cb6d064485b6ebe7decf,False,SAME_MINUTE_TIMES_AND_ECONOMIC_FIELDS,0
dup_ff7933db2798a8a4,2,"DREA,補交易紀錄/2019.02 Jim 一個月挑戰.csv|手動交易2024後策略較固定/其他/statement (3).html",CSV|HTML,rec_d872ba014129dd1bfa4f|c_637f33c20b098c9bb55c,False,SAME_MINUTE_TIMES_AND_ECONOMIC_FIELDS,0
dup_bb34111f0be11fa3,2,"DREA,補交易紀錄/2019.02 Jim 一個月挑戰.csv|手動交易2024後策略較固定/其他/statement (3).html",CSV|HTML,rec_f65668c1670689fb4fce|c_2e868b65e0ff3efe38f9,False,SAME_MINUTE_TIMES_AND_ECONOMIC_FIELDS,0
dup_b6bee4e6efdc4815,2,"DREA,補交易紀錄/2019.02 Jim 一個月挑戰.csv|手動交易2024後策略較固定/其他/statement (3).html",CSV|HTML,rec_39951127555aabdd8bfa|c_5918b0b71e087fef89c4,False,SAME_MINUTE_TIMES_AND_ECONOMIC_FIELDS,0
dup_a1656bf5c69e6c00,2,"DREA,補交易紀錄/2019.02 Jim 一個月挑戰.csv|手動交易2024後策略較固定/其他/statement (3).html",CSV|HTML,rec_8c9a6040dd159c61cede|c_73df109b3e9332fed72d,False,SAME_MINUTE_TIMES_AND_ECONOMIC_FIELDS,0
dup_4661245bc07eccab,2,"DREA,補交易紀錄/2019.02 Jim 一個月挑戰.csv|手動交易2024後策略較固定/其他/statement (3).html",CSV|HTML,rec_805c590f4f06638b927d|c_3dee208a3451c126a527,False,SAME_MINUTE_TIMES_AND_ECONOMIC_FIELDS,0
dup_9e040068145c20b5,2,"DREA,補交易紀錄/2019.02 Jim 一個月挑戰.csv|手動交易2024後策略較固定/其他/statement (3).html",CSV|HTML,rec_aed06cee16abaaeb6ddd|c_0b092cdc8c15dbf2ff06,False,SAME_MINUTE_TIMES_AND_ECONOMIC_FIELDS,0
dup_18f071099c85c8c8,2,"DREA,補交易紀錄/2019.02 Jim 一個月挑戰.csv|手動交易2024後策略較固定/其他/statement (3).html",CSV|HTML,rec_e5b9824b1ed08561b0ed|c_08fc8fb5393fc259fb7c,False,SAME_MINUTE_TIMES_AND_ECONOMIC_FIELDS,0
dup_8d0d6de49c308e46,2,"DREA,補交易紀錄/2019.02 Jim 一個月挑戰.csv|手動交易2024後策略較固定/其他/statement (3).html",CSV|HTML,rec_ac01f5e738f10bf27fa0|c_2f1b91cb6665c4679147,False,SAME_MINUTE_TIMES_AND_ECONOMIC_FIELDS,0
dup_7e20418e132b5e44,2,"DREA,補交易紀錄/2019.02 Jim 一個月挑戰.csv|手動交易2024後策略較固定/其他/statement (3).html",CSV|HTML,rec_d9a05607e5c0ce7c6c49|c_a086f21c39c71160c0ff,False,SAME_MINUTE_TIMES_AND_ECONOMIC_FIELDS,0
dup_f997822d96db468e,2,"DREA,補交易紀錄/2019.02 Jim 一個月挑戰.csv|手動交易2024後策略較固定/其他/statement (3).html",CSV|HTML,rec_797f3ece4bea6d17f858|c_c5e25a49646bcc0406be,False,SAME_MINUTE_TIMES_AND_ECONOMIC_FIELDS,0
dup_2f0f8dca40929b43,2,"DREA,補交易紀錄/2019.02 Jim 一個月挑戰.csv|手動交易2024後策略較固定/其他/statement (3).html",CSV|HTML,rec_a2db3f3c1e1b19bb4898|c_e61148bcf662a1c50dcd,False,SAME_MINUTE_TIMES_AND_ECONOMIC_FIELDS,0
dup_1097c1f2f1c41f01,2,"DREA,補交易紀錄/2019.02 Jim 一個月挑戰.csv|手動交易2024後策略較固定/其他/statement (3).html",CSV|HTML,rec_82686d8f2490acf7ee87|c_22c8658278aafe707e2b,False,SAME_MINUTE_TIMES_AND_ECONOMIC_FIELDS,0
dup_b2816b7b91114555,2,"DREA,補交易紀錄/Dream-每日100USD.csv|手動交易2024後策略較固定/2020含更久以前交易/statement (8).html",CSV|HTML,rec_f5d4584c8cd40b27312d|c_62488e0ecb540e1688a5,False,SAME_MINUTE_TIMES_AND_ECONOMIC_FIELDS,0
dup_e559ed413faa0733,2,"DREA,補交易紀錄/Dream-每日100USD.csv|手動交易2024後策略較固定/2020含更久以前交易/statement (8).html",CSV|HTML,rec_22a107ce00c37ae79b2a|c_a8400f9bf00c2a3a415e,False,SAME_MINUTE_TIMES_AND_ECONOMIC_FIELDS,0
dup_c74f1f2d235ca836,2,"DREA,補交易紀錄/Dream-每日100USD.csv|手動交易2024後策略較固定/2020含更久以前交易/statement (8).html",CSV|HTML,rec_b325ece2e935adaf968b|c_6dba6f063559b37ccedc,False,SAME_MINUTE_TIMES_AND_ECONOMIC_FIELDS,0
dup_3b1c488ddd47dc48,2,"DREA,補交易紀錄/Dream-每日100USD.csv|手動交易2024後策略較固定/2020含更久以前交易/statement (8).html",CSV|HTML,rec_dcec38da55421663e03f|c_4965bc93d65992fb0749,False,SAME_MINUTE_TIMES_AND_ECONOMIC_FIELDS,0
dup_d6f65ca865a12b98,2,"DREA,補交易紀錄/Dream-每日100USD.csv|手動交易2024後策略較固定/2020含更久以前交易/statement (8).html",CSV|HTML,rec_3d94f5afc6ddcea658cf|c_33eec732d8dec84fc70d,False,SAME_MINUTE_TIMES_AND_ECONOMIC_FIELDS,0
dup_00444971121acf96,2,"DREA,補交易紀錄/2020-02-4 10倍 (日).csv|手動交易2024後策略較固定/2020含更久以前交易/statement (4).html",CSV|HTML,rec_c9f28e3708bd1cf314b8|c_549c95dd01798ef2e1df,False,SAME_MINUTE_TIMES_AND_ECONOMIC_FIELDS,0
dup_8bf89766cbbdc3cf,2,"DREA,補交易紀錄/2020-02-4 10倍 (日).csv|手動交易2024後策略較固定/2020含更久以前交易/statement (4).html",CSV|HTML,rec_c605b2f68652c3fda567|c_106746869054ec9d00c2,False,SAME_MINUTE_TIMES_AND_ECONOMIC_FIELDS,0
dup_8a942fd035c5fe8a,2,"DREA,補交易紀錄/2020-02-4 10倍 (日).csv|手動交易2024後策略較固定/2020含更久以前交易/statement (4).html",CSV|HTML,rec_ea24a982f4fe70ebc69b|c_35519c36693e0df97d0f,False,SAME_MINUTE_TIMES_AND_ECONOMIC_FIELDS,0
dup_0827c8728e25231e,2,"DREA,補交易紀錄/2020-02-4 10倍 (日).csv|手動交易2024後策略較固定/2020含更久以前交易/statement (4).html",CSV|HTML,rec_908c482b82e54cec03de|c_ee81853800ff8a5096b4,False,SAME_MINUTE_TIMES_AND_ECONOMIC_FIELDS,0
dup_f2f036407d95039a,2,"DREA,補交易紀錄/2020-02-4 6K(日) 最高+184.76%.csv|手動交易2024後策略較固定/2020含更久以前交易/statement (3).html",CSV|HTML,rec_8f8bca483d96c922cdf5|c_6d3a7ee7931acb44cfb7,False,SAME_MINUTE_TIMES_AND_ECONOMIC_FIELDS,0
dup_73b96cb619af29d1,6,"DREA,補交易紀錄/2020-02 10倍 (高).csv|手動交易2024後策略較固定/2020含更久以前交易/statement (6).html",CSV|HTML,rec_495239733bbc2ece016d|rec_c1ff5791430e8e29d816|rec_1a8bda23b99d0e8f552b|c_8d3150dbad5520d595ac|c_82a0ef1fb1dce8a2ceb5|c_b2127638908803e0f20c,False,SAME_MINUTE_TIMES_AND_ECONOMIC_FIELDS,0
dup_10ee41d1657d135e,2,"DREA,補交易紀錄/2020-02 10倍 (高).csv|手動交易2024後策略較固定/2020含更久以前交易/statement (6).html",CSV|HTML,rec_4765e67863b3e512b72b|c_191cbd50a06008572f5b,False,SAME_MINUTE_TIMES_AND_ECONOMIC_FIELDS,0
dup_d343abfa6743d141,2,"DREA,補交易紀錄/2020-02 18倍.csv|手動交易2024後策略較固定/2020含更久以前交易/statement (5).html",CSV|HTML,rec_58fba50c9683140ad367|c_70789c6e6296f64122bd,False,SAME_MINUTE_TIMES_AND_ECONOMIC_FIELDS,0
dup_a60af78ca71dad38,2,"DREA,補交易紀錄/2020-02 18倍.csv|手動交易2024後策略較固定/2020含更久以前交易/statement (5).html",CSV|HTML,rec_543d53cf1c6435e4c51a|c_bd7ce5d5142875b325ef,False,SAME_MINUTE_TIMES_AND_ECONOMIC_FIELDS,0
dup_1583f6f1202c5719,2,"2025/2021-2024/2021/statement (3).html|DREA,補交易紀錄/2021-10-07 Hantec手動 最高+1,130%.csv",CSV|HTML,rec_320a97e82d6bdec70aa8|c_5d61b48ff930e3aa20f0,False,SAME_MINUTE_TIMES_AND_ECONOMIC_FIELDS,0
dup_85a6fa29b5d1c26f,2,"2025/2021-2024/2021/statement (3).html|DREA,補交易紀錄/2021-10-07 Hantec手動 最高+1,130%.csv",CSV|HTML,rec_a100a170d2072320bec7|c_7e8d17f4fc1c6cd197dd,False,SAME_MINUTE_TIMES_AND_ECONOMIC_FIELDS,0
dup_7e83f0f811e88109,2,"2025/2021-2024/2021/statement (3).html|DREA,補交易紀錄/2021-10-07 Hantec手動 最高+1,130%.csv",CSV|HTML,rec_b8681cfe2945127a1945|c_75bcf09a1eb6cb8865e4,False,SAME_MINUTE_TIMES_AND_ECONOMIC_FIELDS,0
dup_830fbe65bd40fcec,2,"2025/2021-2024/2021/statement (3).html|DREA,補交易紀錄/2021-10-07 Hantec手動 最高+1,130%.csv",CSV|HTML,rec_2d8d356f5d24a474ab63|c_9beeb1161519b74eb5ec,False,SAME_MINUTE_TIMES_AND_ECONOMIC_FIELDS,0
dup_51ecdd795a8f89d3,2,"2025/2021-2024/2021/statement (3).html|DREA,補交易紀錄/2021-10-07 Hantec手動 最高+1,130%.csv",CSV|HTML,rec_fef156022e3d4e946b41|c_e1e5fb1e54e20824879b,False,SAME_MINUTE_TIMES_AND_ECONOMIC_FIELDS,0
dup_eb9471fccba16118,2,"2025/2021-2024/2021/statement (3).html|DREA,補交易紀錄/2021-10-07 Hantec手動 最高+1,130%.csv",CSV|HTML,rec_4f113d4926faa08f4ba5|c_0c20501e7b615c7c657d,False,SAME_MINUTE_TIMES_AND_ECONOMIC_FIELDS,0
dup_3d83a3e36f6eb299,2,"2025/2021-2024/2021/statement (3).html|DREA,補交易紀錄/2021-10-07 Hantec手動 最高+1,130%.csv",CSV|HTML,rec_9a48cd70a4cd13d6791f|c_ecff70bed16b879b96d9,False,SAME_MINUTE_TIMES_AND_ECONOMIC_FIELDS,0
dup_2e56d5e148ea6455,2,"DREA,補交易紀錄/dream-手動-01.csv|手動交易2024後策略較固定/2020含更久以前交易/statement (13).html",CSV|HTML,rec_f9075b91dc39f84def5a|c_bf7cb460f47493ae1791,False,SAME_MINUTE_TIMES_AND_ECONOMIC_FIELDS,0
dup_41ea6d597a44a531,2,"DREA,補交易紀錄/dream-手動-01.csv|手動交易2024後策略較固定/2020含更久以前交易/statement (13).html",CSV|HTML,rec_09b5548cff03db4e67be|c_8faf485911744e900cb4,False,SAME_MINUTE_TIMES_AND_ECONOMIC_FIELDS,0
dup_5a661522534fd8a5,2,"DREA,補交易紀錄/dream-手動-01.csv|手動交易2024後策略較固定/2020含更久以前交易/statement (13).html",CSV|HTML,rec_d9052d1466eb873fe6b5|c_88cebcdd0b803003c9ca,False,SAME_MINUTE_TIMES_AND_ECONOMIC_FIELDS,0
dup_bb28c6bcda91a8f5,2,"DREA,補交易紀錄/dream-手動-01.csv|手動交易2024後策略較固定/2020含更久以前交易/statement (13).html",CSV|HTML,rec_f32233753a54a4a7db30|c_d3abf30b564e611799d8,False,SAME_MINUTE_TIMES_AND_ECONOMIC_FIELDS,0
dup_1fcbcf40fa05baf1,2,"DREA,補交易紀錄/dream-手動-01.csv|手動交易2024後策略較固定/2020含更久以前交易/statement (13).html",CSV|HTML,rec_f3bfe9c9bac996d3697f|c_9587a323309fed436a82,False,SAME_MINUTE_TIMES_AND_ECONOMIC_FIELDS,0
dup_04016978b3f9fea9,2,"DREA,補交易紀錄/dream-手動-01.csv|手動交易2024後策略較固定/2020含更久以前交易/statement (13).html",CSV|HTML,rec_f18b53bca480bd74f3fc|c_9647ea545db19117b3e0,False,SAME_MINUTE_TIMES_AND_ECONOMIC_FIELDS,0
dup_8094404717ec4d23,2,"DREA,補交易紀錄/dream-手動-01.csv|手動交易2024後策略較固定/2020含更久以前交易/statement (13).html",CSV|HTML,rec_fb7475e575a243ed4faa|c_cb25e4cf58e143a930c4,False,SAME_MINUTE_TIMES_AND_ECONOMIC_FIELDS,0
dup_8d452289f6aff50c,2,"DREA,補交易紀錄/dream-手動-01.csv|手動交易2024後策略較固定/2020含更久以前交易/statement (13).html",CSV|HTML,rec_c58dfb1122012609377a|c_ad170c1154a153f9cce7,False,SAME_MINUTE_TIMES_AND_ECONOMIC_FIELDS,0
dup_0c2c23462ee15ecf,2,"DREA,補交易紀錄/dream-手動-02.csv|手動交易2024後策略較固定/2020含更久以前交易/statement (12).html",CSV|HTML,rec_d66f096617b3d072a0ae|c_5175fca7e1fffcda2f4b,False,SAME_MINUTE_TIMES_AND_ECONOMIC_FIELDS,0
dup_1bc30d8a13f802ed,2,"DREA,補交易紀錄/dream-手動-01.csv|手動交易2024後策略較固定/2020含更久以前交易/statement (13).html",CSV|HTML,rec_125900b798b9923a3e02|c_8ebe3e1927e4ee3014a9,False,SAME_MINUTE_TIMES_AND_ECONOMIC_FIELDS,0
dup_03ea7b6989dcc79c,2,"DREA,補交易紀錄/dream-手動-01.csv|手動交易2024後策略較固定/2020含更久以前交易/statement (13).html",CSV|HTML,rec_0587563fd71b7a800a77|c_6286661b80f48948126c,False,SAME_MINUTE_TIMES_AND_ECONOMIC_FIELDS,0
dup_e7efb6ab03a1e5f4,2,"DREA,補交易紀錄/dream-手動-02.csv|手動交易2024後策略較固定/2020含更久以前交易/statement (12).html",CSV|HTML,rec_d2958e0461883705f4c7|c_67330c8a28a54a0526f3,False,SAME_MINUTE_TIMES_AND_ECONOMIC_FIELDS,0
dup_21bd16d721ad6609,2,"DREA,補交易紀錄/dream-手動-01.csv|手動交易2024後策略較固定/2020含更久以前交易/statement (13).html",CSV|HTML,rec_11963b1e05ccb3822ac4|c_a97bba91ed6a1036cb8b,False,SAME_MINUTE_TIMES_AND_ECONOMIC_FIELDS,0
dup_5ca63d5ef33f3804,2,"DREA,補交易紀錄/dream-手動-02.csv|手動交易2024後策略較固定/2020含更久以前交易/statement (12).html",CSV|HTML,rec_e068a3a71622a67327e5|c_83d049d0d1d357bd413a,False,SAME_MINUTE_TIMES_AND_ECONOMIC_FIELDS,0
dup_54f367bebaf771d3,2,"DREA,補交易紀錄/dream-手動-02.csv|手動交易2024後策略較固定/2020含更久以前交易/statement (12).html",CSV|HTML,rec_acb1783ab37816e36b57|c_3e626b311f8d93045f6a,False,SAME_MINUTE_TIMES_AND_ECONOMIC_FIELDS,0
dup_513ac7886f6254f6,2,"DREA,補交易紀錄/dream-手動-01.csv|手動交易2024後策略較固定/2020含更久以前交易/statement (13).html",CSV|HTML,rec_22027a12afef4ae5192a|c_b81d8b6f2f0a153cb853,False,SAME_MINUTE_TIMES_AND_ECONOMIC_FIELDS,0
dup_422ab81de53de22e,2,"DREA,補交易紀錄/dream-手動-02.csv|手動交易2024後策略較固定/2020含更久以前交易/statement (12).html",CSV|HTML,rec_730a08cbd9c306d982cf|c_8a41a9eaa8a5e5f6f2c3,False,SAME_MINUTE_TIMES_AND_ECONOMIC_FIELDS,0
dup_8275a5751b0e0dcb,2,"DREA,補交易紀錄/dream-手動-01.csv|手動交易2024後策略較固定/2020含更久以前交易/statement (13).html",CSV|HTML,rec_542bc10c185cbd3e3654|c_3992310b4a088bbf1c41,False,SAME_MINUTE_TIMES_AND_ECONOMIC_FIELDS,0
dup_0b40f0396cfe38fb,2,"DREA,補交易紀錄/dream-手動-02.csv|手動交易2024後策略較固定/2020含更久以前交易/statement (12).html",CSV|HTML,rec_2a536cb4c8d55d3d7318|c_3ca19f4876a9c556bc25,False,SAME_MINUTE_TIMES_AND_ECONOMIC_FIELDS,0
dup_4b91c54d79b34c3f,2,"DREA,補交易紀錄/dream-手動-01.csv|手動交易2024後策略較固定/2020含更久以前交易/statement (13).html",CSV|HTML,rec_b4c97ea894709afde771|c_f430927f220aa88f58a9,False,SAME_MINUTE_TIMES_AND_ECONOMIC_FIELDS,0
dup_79659723ce413a2f,2,"DREA,補交易紀錄/dream-手動-01.csv|手動交易2024後策略較固定/2020含更久以前交易/statement (13).html",CSV|HTML,rec_cd17daaf1cb3127ad156|c_ec89676ed92d2716ffcd,False,SAME_MINUTE_TIMES_AND_ECONOMIC_FIELDS,0
dup_bdc5bf3f7be1c13b,2,"DREA,補交易紀錄/dream-手動-01.csv|手動交易2024後策略較固定/2020含更久以前交易/statement (13).html",CSV|HTML,rec_e1135e97f7cb875bfeb9|c_17c33271cac29831bddc,False,SAME_MINUTE_TIMES_AND_ECONOMIC_FIELDS,0
dup_9bf0b4e31f7ab6f4,2,"DREA,補交易紀錄/dream-手動-02.csv|手動交易2024後策略較固定/2020含更久以前交易/statement (12).html",CSV|HTML,rec_dc90bcffb529707f569a|c_2600a221b82d135ff6e6,False,SAME_MINUTE_TIMES_AND_ECONOMIC_FIELDS,0
dup_1ab246052c37129a,2,"DREA,補交易紀錄/dream-手動-01.csv|手動交易2024後策略較固定/2020含更久以前交易/statement (13).html",CSV|HTML,rec_10074f3ee74d46487604|c_cad60a58beb8c9da1f90,False,SAME_MINUTE_TIMES_AND_ECONOMIC_FIELDS,0
dup_bd2906ec7afcdbff,2,"DREA,補交易紀錄/dream-手動-02.csv|手動交易2024後策略較固定/2020含更久以前交易/statement (12).html",CSV|HTML,rec_1e4d4a489ee458e9c2d4|c_a53221d53edb0cf19ba9,False,SAME_MINUTE_TIMES_AND_ECONOMIC_FIELDS,0
dup_2e5012fbf1dfe1ee,2,"DREA,補交易紀錄/dream-手動-01.csv|手動交易2024後策略較固定/2020含更久以前交易/statement (13).html",CSV|HTML,rec_2b3aabaca446e8b70ec2|c_dc7ee90ae31008f9b405,False,SAME_MINUTE_TIMES_AND_ECONOMIC_FIELDS,0
dup_f7e2cc2bab8c0703,2,"DREA,補交易紀錄/dream-手動-02.csv|手動交易2024後策略較固定/2020含更久以前交易/statement (12).html",CSV|HTML,rec_0b82b23860a0e73e8ae7|c_45c500dc2c335fab1070,False,SAME_MINUTE_TIMES_AND_ECONOMIC_FIELDS,0
dup_3691c37abd0d96e6,2,"DREA,補交易紀錄/dream-手動-02.csv|手動交易2024後策略較固定/2020含更久以前交易/statement (12).html",CSV|HTML,rec_2521fe712b8c4ee9990f|c_eff4f962ee9b1a7d5e52,False,SAME_MINUTE_TIMES_AND_ECONOMIC_FIELDS,0
dup_c5192e7b529a3ffc,2,"DREA,補交易紀錄/dream-手動-01.csv|手動交易2024後策略較固定/2020含更久以前交易/statement (13).html",CSV|HTML,rec_2a364e52bab686aab196|c_6458f59f2aa177d60d30,False,SAME_MINUTE_TIMES_AND_ECONOMIC_FIELDS,0
dup_244cb3d9b4d2833a,2,"DREA,補交易紀錄/dream-手動-01.csv|手動交易2024後策略較固定/2020含更久以前交易/statement (13).html",CSV|HTML,rec_71798ff010c261c50a26|c_b2a01f06cee5faed279f,False,SAME_MINUTE_TIMES_AND_ECONOMIC_FIELDS,0
dup_3b9f082b0f13b3b9,2,"DREA,補交易紀錄/dream-手動-02.csv|手動交易2024後策略較固定/2020含更久以前交易/statement (12).html",CSV|HTML,rec_ebb30254fa6330528434|c_ad064024144097b05074,False,SAME_MINUTE_TIMES_AND_ECONOMIC_FIELDS,0
dup_9af2b0e848d531f3,2,"DREA,補交易紀錄/dream-手動-02.csv|手動交易2024後策略較固定/2020含更久以前交易/statement (12).html",CSV|HTML,rec_3c938395a62a693a5612|c_c6667655480167d514b6,False,SAME_MINUTE_TIMES_AND_ECONOMIC_FIELDS,0
dup_ce03d5337465a390,2,"DREA,補交易紀錄/dream-手動-01.csv|手動交易2024後策略較固定/2020含更久以前交易/statement (13).html",CSV|HTML,rec_4ade2b6ca4e84ee34cfb|c_ab743124a7c41972874b,False,SAME_MINUTE_TIMES_AND_ECONOMIC_FIELDS,0
dup_be31d35bed467655,2,"DREA,補交易紀錄/dream-手動-01.csv|手動交易2024後策略較固定/2020含更久以前交易/statement (13).html",CSV|HTML,rec_a1376c08d5668a6a1d0d|c_02f2d132da8e1f62780d,False,SAME_MINUTE_TIMES_AND_ECONOMIC_FIELDS,0
dup_447fbd5dcaede29f,2,"DREA,補交易紀錄/dream-手動-02.csv|手動交易2024後策略較固定/2020含更久以前交易/statement (12).html",CSV|HTML,rec_50967f5d787eebbf38b3|c_bf5e759e9c396aa2143e,False,SAME_MINUTE_TIMES_AND_ECONOMIC_FIELDS,0
dup_52a46e243de5a890,2,"DREA,補交易紀錄/dream-手動-01.csv|手動交易2024後策略較固定/2020含更久以前交易/statement (13).html",CSV|HTML,rec_c8dd58facbaee8954f61|c_a1a25cc3e7139a451ebb,False,SAME_MINUTE_TIMES_AND_ECONOMIC_FIELDS,0
dup_7b9057eca927a5fd,2,"DREA,補交易紀錄/dream-手動-01.csv|手動交易2024後策略較固定/2020含更久以前交易/statement (13).html",CSV|HTML,rec_39a6432160b6d40c3a4a|c_41f090098de4a5e8fa8e,False,SAME_MINUTE_TIMES_AND_ECONOMIC_FIELDS,0
dup_f34895743b7d5a5e,2,"DREA,補交易紀錄/dream-手動-02.csv|手動交易2024後策略較固定/2020含更久以前交易/statement (12).html",CSV|HTML,rec_36174ef16645a76d6cc6|c_a747ac9817f1a66dc391,False,SAME_MINUTE_TIMES_AND_ECONOMIC_FIELDS,0
dup_3285d78e05f2ca97,2,"DREA,補交易紀錄/dream-手動-02.csv|手動交易2024後策略較固定/2020含更久以前交易/statement (12).html",CSV|HTML,rec_fd61bc70d0f00e39e2c8|c_419fec42a325423e29f8,False,SAME_MINUTE_TIMES_AND_ECONOMIC_FIELDS,0
dup_4547692d6de05bc1,2,"DREA,補交易紀錄/dream-手動-01.csv|手動交易2024後策略較固定/2020含更久以前交易/statement (13).html",CSV|HTML,rec_a3992fa229809d32a329|c_0e6c93379b0a09e36706,False,SAME_MINUTE_TIMES_AND_ECONOMIC_FIELDS,0
dup_741a4336d2bb5398,2,"DREA,補交易紀錄/dream-手動-01.csv|手動交易2024後策略較固定/2020含更久以前交易/statement (13).html",CSV|HTML,rec_96b58105fab3385476b0|c_eafe97673061401f63af,False,SAME_MINUTE_TIMES_AND_ECONOMIC_FIELDS,0
dup_2ded439310ffda57,2,"DREA,補交易紀錄/dream-手動-01.csv|手動交易2024後策略較固定/2020含更久以前交易/statement (13).html",CSV|HTML,rec_f4322033880d8f5eb581|c_4ed72f3d56486dc51b5f,False,SAME_MINUTE_TIMES_AND_ECONOMIC_FIELDS,0
dup_9dc5150b0385062d,2,"DREA,補交易紀錄/dream-手動-01.csv|手動交易2024後策略較固定/2020含更久以前交易/statement (13).html",CSV|HTML,rec_fbb7f540c2ba9252e899|c_78505c5cd91960ecf96e,False,SAME_MINUTE_TIMES_AND_ECONOMIC_FIELDS,0
dup_6dcc2bd8aca0bf48,2,"DREA,補交易紀錄/dream-手動-02.csv|手動交易2024後策略較固定/2020含更久以前交易/statement (12).html",CSV|HTML,rec_0329953b66bb0c67d9c4|c_9e7669cea43e23e9c7fe,False,SAME_MINUTE_TIMES_AND_ECONOMIC_FIELDS,0
dup_10a93656740799fd,2,"DREA,補交易紀錄/dream-手動-01.csv|手動交易2024後策略較固定/2020含更久以前交易/statement (13).html",CSV|HTML,rec_7a0c8d92c29030e0f9a4|c_3dd950f7d87984e8e107,False,SAME_MINUTE_TIMES_AND_ECONOMIC_FIELDS,0
dup_130789760df3580c,2,"DREA,補交易紀錄/dream-手動-01.csv|手動交易2024後策略較固定/2020含更久以前交易/statement (13).html",CSV|HTML,rec_079d0f731d54ed8732fb|c_f0b34f681e4018e19464,False,SAME_MINUTE_TIMES_AND_ECONOMIC_FIELDS,0
dup_16fe560bd51787ee,2,"DREA,補交易紀錄/dream-手動-01.csv|手動交易2024後策略較固定/2020含更久以前交易/statement (13).html",CSV|HTML,rec_72f84648067afaa228b4|c_5ba6de4ff712626a6669,False,SAME_MINUTE_TIMES_AND_ECONOMIC_FIELDS,0
dup_cce8001669109944,2,"DREA,補交易紀錄/dream-手動-01.csv|手動交易2024後策略較固定/2020含更久以前交易/statement (13).html",CSV|HTML,rec_3153e045fd0cb49dea82|c_90a3a1190e64abfaac4e,False,SAME_MINUTE_TIMES_AND_ECONOMIC_FIELDS,0
dup_f1bd816c030e9510,2,"DREA,補交易紀錄/dream-手動-01.csv|手動交易2024後策略較固定/2020含更久以前交易/statement (13).html",CSV|HTML,rec_51ec381892481d75d79d|c_8daf5e0999bae3f95530,False,SAME_MINUTE_TIMES_AND_ECONOMIC_FIELDS,0
dup_e05733aa0f1984f4,2,"DREA,補交易紀錄/dream-手動-01.csv|手動交易2024後策略較固定/2020含更久以前交易/statement (13).html",CSV|HTML,rec_e7a75f40a6e8606e163e|c_70814f8616cffae969da,False,SAME_MINUTE_TIMES_AND_ECONOMIC_FIELDS,0
dup_7ad179de4e55ad81,2,"DREA,補交易紀錄/dream-手動-01.csv|手動交易2024後策略較固定/2020含更久以前交易/statement (13).html",CSV|HTML,rec_7af36320f600261226e6|c_9e5a52d5be123df3fcea,False,SAME_MINUTE_TIMES_AND_ECONOMIC_FIELDS,0
dup_a3069be3f6c98756,2,"DREA,補交易紀錄/dream-手動-01.csv|手動交易2024後策略較固定/2020含更久以前交易/statement (13).html",CSV|HTML,rec_03b601f3d02372d432e9|c_281ebb210b4f030f6b71,False,SAME_MINUTE_TIMES_AND_ECONOMIC_FIELDS,0
dup_abe1056bc4914fa1,2,"DREA,補交易紀錄/dream-手動-04.csv|手動交易2024後策略較固定/2020含更久以前交易/statement (11).html",CSV|HTML,rec_a0cb8deb11ef5fcc6354|c_1a7555507122263e99c4,False,SAME_MINUTE_TIMES_AND_ECONOMIC_FIELDS,0
dup_dbf559436482d525,2,"DREA,補交易紀錄/dream-手動-04.csv|手動交易2024後策略較固定/2020含更久以前交易/statement (11).html",CSV|HTML,rec_12333b7f2669247bdbe4|c_80f3b08fb984cd86d974,False,SAME_MINUTE_TIMES_AND_ECONOMIC_FIELDS,0
dup_70bbb6f249b1dd13,2,"DREA,補交易紀錄/dream-手動-04.csv|手動交易2024後策略較固定/2020含更久以前交易/statement (11).html",CSV|HTML,rec_762b73c8ed44e1335792|c_65974296c8d4bc4cae67,False,SAME_MINUTE_TIMES_AND_ECONOMIC_FIELDS,0
dup_cc6325e559cbc1ee,2,"DREA,補交易紀錄/dream-手動-04.csv|手動交易2024後策略較固定/2020含更久以前交易/statement (11).html",CSV|HTML,rec_70149ad7e97cde564777|c_b564f3de22c44814aba2,False,SAME_MINUTE_TIMES_AND_ECONOMIC_FIELDS,0
dup_826008b497324082,2,"DREA,補交易紀錄/dream-手動-04.csv|手動交易2024後策略較固定/2020含更久以前交易/statement (11).html",CSV|HTML,rec_6b7205f8d98b2cdfd2e3|c_1c0db75e63fdd385eeb5,False,SAME_MINUTE_TIMES_AND_ECONOMIC_FIELDS,0
dup_a7184864ce9d1d35,2,"DREA,補交易紀錄/dream-手動-04.csv|手動交易2024後策略較固定/2020含更久以前交易/statement (11).html",CSV|HTML,rec_870af2a54c1f88cd4ebf|c_4579e650556e0eb66190,False,SAME_MINUTE_TIMES_AND_ECONOMIC_FIELDS,0
dup_ac800a4fd87f891b,2,"DREA,補交易紀錄/dream-手動-04.csv|手動交易2024後策略較固定/2020含更久以前交易/statement (11).html",CSV|HTML,rec_758987d7640d50f8ae92|c_aa7f2489b8ed1b3b0bce,False,SAME_MINUTE_TIMES_AND_ECONOMIC_FIELDS,0
dup_ead9d8f7ed8135ab,2,"DREA,補交易紀錄/dream-手動-04.csv|手動交易2024後策略較固定/2020含更久以前交易/statement (11).html",CSV|HTML,rec_601f5fd369c302799a53|c_58dfb99f67884bb5a91f,False,SAME_MINUTE_TIMES_AND_ECONOMIC_FIELDS,0
dup_226df9069864c158,2,"DREA,補交易紀錄/dream-手動-04.csv|手動交易2024後策略較固定/2020含更久以前交易/statement (11).html",CSV|HTML,rec_1bd38e66ab864d4aac44|c_cc1ef54eece8a9234cf7,False,SAME_MINUTE_TIMES_AND_ECONOMIC_FIELDS,0
dup_b23a54296b69d0b3,2,"DREA,補交易紀錄/dream-手動-04.csv|手動交易2024後策略較固定/2020含更久以前交易/statement (11).html",CSV|HTML,rec_88d47942a1030c37d910|c_d377fda7164a47bd7a8d,False,SAME_MINUTE_TIMES_AND_ECONOMIC_FIELDS,0
dup_23ced64e3496cbc7,2,"DREA,補交易紀錄/dream-手動-04.csv|手動交易2024後策略較固定/2020含更久以前交易/statement (11).html",CSV|HTML,rec_106da941e398aa345a9b|c_dbb839daa6c03d80e689,False,SAME_MINUTE_TIMES_AND_ECONOMIC_FIELDS,0
dup_1c411f062ecfb80b,2,"DREA,補交易紀錄/dream-手動-04.csv|手動交易2024後策略較固定/2020含更久以前交易/statement (11).html",CSV|HTML,rec_22deeab97099ddcdd463|c_0c2c66a946f2e4d8746d,False,SAME_MINUTE_TIMES_AND_ECONOMIC_FIELDS,0
dup_aefb4fe771e81b63,2,"DREA,補交易紀錄/dream-手動-04.csv|手動交易2024後策略較固定/2020含更久以前交易/statement (11).html",CSV|HTML,rec_26eb5d38135cca9320fe|c_a23e628ecee074894689,False,SAME_MINUTE_TIMES_AND_ECONOMIC_FIELDS,0
dup_e15d48c436998976,2,"DREA,補交易紀錄/dream-手動-04.csv|手動交易2024後策略較固定/2020含更久以前交易/statement (11).html",CSV|HTML,rec_866f69e01f758eabdba7|c_596d0effc9512f5f8bbc,False,SAME_MINUTE_TIMES_AND_ECONOMIC_FIELDS,0
dup_fab1f6c88eba7363,2,"DREA,補交易紀錄/dream-手動-04.csv|手動交易2024後策略較固定/2020含更久以前交易/statement (11).html",CSV|HTML,rec_44937b10635de90012cd|c_5b834bc922a990831297,False,SAME_MINUTE_TIMES_AND_ECONOMIC_FIELDS,0
dup_9eafad2b0bc9e922,2,"DREA,補交易紀錄/dream-手動-04.csv|手動交易2024後策略較固定/2020含更久以前交易/statement (11).html",CSV|HTML,rec_1632efe5fe265d98a5bb|c_68f282ee35af32284c4e,False,SAME_MINUTE_TIMES_AND_ECONOMIC_FIELDS,0
dup_f526b31249ab26c1,2,"DREA,補交易紀錄/dream-手動-04.csv|手動交易2024後策略較固定/2020含更久以前交易/statement (11).html",CSV|HTML,rec_de269e4fe16ed47fd92c|c_ac604e4d07e88dd5da01,False,SAME_MINUTE_TIMES_AND_ECONOMIC_FIELDS,0
dup_32a307b586576912,2,"DREA,補交易紀錄/dream-手動-04.csv|手動交易2024後策略較固定/2020含更久以前交易/statement (11).html",CSV|HTML,rec_3cb857f212cfb57ce4fd|c_8976850d96202660a96c,False,SAME_MINUTE_TIMES_AND_ECONOMIC_FIELDS,0
dup_fa3d505857fc0891,2,"DREA,補交易紀錄/dream-手動-04.csv|手動交易2024後策略較固定/2020含更久以前交易/statement (11).html",CSV|HTML,rec_3492bb9df1231f5a16f7|c_143e937552a7b12f41c0,False,SAME_MINUTE_TIMES_AND_ECONOMIC_FIELDS,0
dup_d2bc0e8a9592f32c,2,"DREA,補交易紀錄/dream-手動-04.csv|手動交易2024後策略較固定/2020含更久以前交易/statement (11).html",CSV|HTML,rec_8286de8227f76eb6e938|c_f2c324590e70d1900724,False,SAME_MINUTE_TIMES_AND_ECONOMIC_FIELDS,0
dup_8da282a4369fe6b2,2,"DREA,補交易紀錄/dream-手動-04.csv|手動交易2024後策略較固定/2020含更久以前交易/statement (11).html",CSV|HTML,rec_aa37fffa834d652af043|c_2c08a36d066bc2f46a2b,False,SAME_MINUTE_TIMES_AND_ECONOMIC_FIELDS,0
dup_880a2d3e98736b7d,2,"DREA,補交易紀錄/dream-手動-04.csv|手動交易2024後策略較固定/2020含更久以前交易/statement (11).html",CSV|HTML,rec_2458607995ca48f22d03|c_4c9f887686fc9237a4b4,False,SAME_MINUTE_TIMES_AND_ECONOMIC_FIELDS,0
dup_66a374af7ecf8182,2,"DREA,補交易紀錄/dream-手動-04.csv|手動交易2024後策略較固定/2020含更久以前交易/statement (11).html",CSV|HTML,rec_30e03ff7e87af3668c5c|c_23746efb6d64876eb119,False,SAME_MINUTE_TIMES_AND_ECONOMIC_FIELDS,0
dup_3fcc956077632531,2,"DREA,補交易紀錄/dream-手動-04.csv|手動交易2024後策略較固定/2020含更久以前交易/statement (11).html",CSV|HTML,rec_e5eac8f2f4928be2c8af|c_610010d039300f9fe257,False,SAME_MINUTE_TIMES_AND_ECONOMIC_FIELDS,0
dup_02b5ececf56e4d1b,2,"DREA,補交易紀錄/dream-手動-04.csv|手動交易2024後策略較固定/2020含更久以前交易/statement (11).html",CSV|HTML,rec_ea22f694947cc38cb061|c_48cd5c95d3f21bd0b5c4,False,SAME_MINUTE_TIMES_AND_ECONOMIC_FIELDS,0
dup_256c5feea45ab626,2,"DREA,補交易紀錄/dream-手動-04.csv|手動交易2024後策略較固定/2020含更久以前交易/statement (11).html",CSV|HTML,rec_39f51efb603b3aa6169d|c_837e5832d16a5b9575fb,False,SAME_MINUTE_TIMES_AND_ECONOMIC_FIELDS,0
dup_d5f20bdf865b864f,2,"DREA,補交易紀錄/dream-手動-04.csv|手動交易2024後策略較固定/2020含更久以前交易/statement (11).html",CSV|HTML,rec_6a681df3ff9aaebe8413|c_216a53eede0581031c29,False,SAME_MINUTE_TIMES_AND_ECONOMIC_FIELDS,0
dup_3dd0a4cfc11a719e,2,"DREA,補交易紀錄/dream-手動-04.csv|手動交易2024後策略較固定/2020含更久以前交易/statement (11).html",CSV|HTML,rec_f78897086936ff1a27ae|c_9167f10fa5748534f8b5,False,SAME_MINUTE_TIMES_AND_ECONOMIC_FIELDS,0
dup_12722b6433ce6e70,2,"DREA,補交易紀錄/dream-手動-04.csv|手動交易2024後策略較固定/2020含更久以前交易/statement (11).html",CSV|HTML,rec_88df1de90048b2026525|c_aec8ea84e5a1f68786d5,False,SAME_MINUTE_TIMES_AND_ECONOMIC_FIELDS,0
dup_3fccd28177b8ca19,2,"DREA,補交易紀錄/手動-04.csv|手動交易2024後策略較固定/2020含更久以前交易/statement (10).html",CSV|HTML,rec_2b0276e04a478e3c91b4|c_33a26c33a0fd58a2e16f,False,SAME_MINUTE_TIMES_AND_ECONOMIC_FIELDS,0
dup_9e3f529aaf2d2c41,2,"DREA,補交易紀錄/手動-04.csv|手動交易2024後策略較固定/2020含更久以前交易/statement (10).html",CSV|HTML,rec_e305e07392a7b75fef58|c_8bfb021c0ae45df811cd,False,SAME_MINUTE_TIMES_AND_ECONOMIC_FIELDS,0
dup_3b4d68d18972d147,2,"DREA,補交易紀錄/手動-04.csv|手動交易2024後策略較固定/2020含更久以前交易/statement (10).html",CSV|HTML,rec_0f27c946129cbdd8829e|c_00b7426f039a9c99a7d1,False,SAME_MINUTE_TIMES_AND_ECONOMIC_FIELDS,0
dup_78f523d08ee463a3,2,"DREA,補交易紀錄/手動-04.csv|手動交易2024後策略較固定/2020含更久以前交易/statement (10).html",CSV|HTML,rec_9fcfe343e377f60078fe|c_172cc3320f099b673ba7,False,SAME_MINUTE_TIMES_AND_ECONOMIC_FIELDS,0
dup_466aab7025889c2e,2,"DREA,補交易紀錄/手動-04.csv|手動交易2024後策略較固定/2020含更久以前交易/statement (10).html",CSV|HTML,rec_c5777f9c44d64cee5ce0|c_32c04bb28086f412dee3,False,SAME_MINUTE_TIMES_AND_ECONOMIC_FIELDS,0
dup_ecf57617a85c3d81,2,"DREA,補交易紀錄/手動-04.csv|手動交易2024後策略較固定/2020含更久以前交易/statement (10).html",CSV|HTML,rec_a659b16d3e6b9f166ed8|c_9c2a4c49cf26bb5e6735,False,SAME_MINUTE_TIMES_AND_ECONOMIC_FIELDS,0
dup_713a84e80ed99620,2,"DREA,補交易紀錄/手動-04.csv|手動交易2024後策略較固定/2020含更久以前交易/statement (10).html",CSV|HTML,rec_ed458afcca11cf4eb5cf|c_ba317437b5c8137c4691,False,SAME_MINUTE_TIMES_AND_ECONOMIC_FIELDS,0
dup_4876b2af64ab7788,2,"DREA,補交易紀錄/手動-04.csv|手動交易2024後策略較固定/2020含更久以前交易/statement (10).html",CSV|HTML,rec_204901f8c2932c54c11d|c_cd0a18ca5750977fcba1,False,SAME_MINUTE_TIMES_AND_ECONOMIC_FIELDS,0
dup_55020feaf94609fc,2,"DREA,補交易紀錄/手動-04.csv|手動交易2024後策略較固定/2020含更久以前交易/statement (10).html",CSV|HTML,rec_c5e4f603a0ff131689b8|c_a5482fa3f9a9e637e921,False,SAME_MINUTE_TIMES_AND_ECONOMIC_FIELDS,0
dup_dca57d55e8a17d96,2,"DREA,補交易紀錄/手動-04.csv|手動交易2024後策略較固定/2020含更久以前交易/statement (10).html",CSV|HTML,rec_b03b466b566870895a1b|c_d0b7d25f4abe0c659dfe,False,SAME_MINUTE_TIMES_AND_ECONOMIC_FIELDS,0
dup_60f6a57ab60c381e,2,"DREA,補交易紀錄/手動-04.csv|手動交易2024後策略較固定/2020含更久以前交易/statement (10).html",CSV|HTML,rec_a9f1e1adbcaffd5315e2|c_6961c7541a7049ea7f95,False,SAME_MINUTE_TIMES_AND_ECONOMIC_FIELDS,0
dup_e4d5a62976549a1c,2,"DREA,補交易紀錄/手動-04.csv|手動交易2024後策略較固定/2020含更久以前交易/statement (10).html",CSV|HTML,rec_0349d4c4777258402e91|c_6836b193284d267d9e21,False,SAME_MINUTE_TIMES_AND_ECONOMIC_FIELDS,0
dup_ba3b61ef7d8afe25,2,"DREA,補交易紀錄/手動-04.csv|手動交易2024後策略較固定/2020含更久以前交易/statement (10).html",CSV|HTML,rec_d9734ae6133beba7df93|c_8ecb2734b978f1007857,False,SAME_MINUTE_TIMES_AND_ECONOMIC_FIELDS,0
dup_f35fd41f8a67fcd8,2,"DREA,補交易紀錄/手動-04.csv|手動交易2024後策略較固定/2020含更久以前交易/statement (10).html",CSV|HTML,rec_17c124ad9fd2becd018a|c_900be1c2cf0e614e073e,False,SAME_MINUTE_TIMES_AND_ECONOMIC_FIELDS,0
dup_11bda2c8b88c0935,2,"DREA,補交易紀錄/手動-04.csv|手動交易2024後策略較固定/2020含更久以前交易/statement (10).html",CSV|HTML,rec_3d1644aee9b0aa8427b5|c_d9fde597f3dfecc064c0,False,SAME_MINUTE_TIMES_AND_ECONOMIC_FIELDS,0
dup_705705084c043cc5,2,"DREA,補交易紀錄/手動-04.csv|手動交易2024後策略較固定/2020含更久以前交易/statement (10).html",CSV|HTML,rec_391ce338f638da40fbd3|c_a6e757b7e3a6e00ed052,False,SAME_MINUTE_TIMES_AND_ECONOMIC_FIELDS,0
dup_90f985c765e254e1,2,"DREA,補交易紀錄/手動-04.csv|手動交易2024後策略較固定/2020含更久以前交易/statement (10).html",CSV|HTML,rec_402bc11b562e3679c47f|c_49f02c30eacb56e8440f,False,SAME_MINUTE_TIMES_AND_ECONOMIC_FIELDS,0
dup_2ba842ac091ec2c3,2,"DREA,補交易紀錄/手動-04.csv|手動交易2024後策略較固定/2020含更久以前交易/statement (10).html",CSV|HTML,rec_cecf411389ee181c7ae2|c_6b9b9cb37fde37d1d5b4,False,SAME_MINUTE_TIMES_AND_ECONOMIC_FIELDS,0
dup_d48252b79b06ffa2,2,"DREA,補交易紀錄/手動-04.csv|手動交易2024後策略較固定/2020含更久以前交易/statement (10).html",CSV|HTML,rec_7d7d3d21dcfc1f749691|c_af9778df8fdd974c1dd5,False,SAME_MINUTE_TIMES_AND_ECONOMIC_FIELDS,0
dup_97e0bd005f66c6fb,2,"DREA,補交易紀錄/手動-04.csv|手動交易2024後策略較固定/2020含更久以前交易/statement (10).html",CSV|HTML,rec_feca011b43f90042320a|c_dd0b014cdaf322ffc946,False,SAME_MINUTE_TIMES_AND_ECONOMIC_FIELDS,0
dup_a666946a796cb102,2,"DREA,補交易紀錄/手動-04.csv|手動交易2024後策略較固定/2020含更久以前交易/statement (10).html",CSV|HTML,rec_1b878b8693b17af9d6f9|c_1984bfca573bc8f05e25,False,SAME_MINUTE_TIMES_AND_ECONOMIC_FIELDS,0
dup_bf978da55c44dc7e,2,"DREA,補交易紀錄/手動-04.csv|手動交易2024後策略較固定/2020含更久以前交易/statement (10).html",CSV|HTML,rec_8bc91d7c89ca67b1f71a|c_79c8a9bedd174286d656,False,SAME_MINUTE_TIMES_AND_ECONOMIC_FIELDS,0
dup_c7c272bb637d266b,2,"DREA,補交易紀錄/手動-04.csv|手動交易2024後策略較固定/2020含更久以前交易/statement (10).html",CSV|HTML,rec_ac3532eb2656bfedd3b7|c_ff9d6120539f4462fac8,False,SAME_MINUTE_TIMES_AND_ECONOMIC_FIELDS,0
dup_858bba9e8c1f386d,2,"DREA,補交易紀錄/手動-04.csv|手動交易2024後策略較固定/2020含更久以前交易/statement (10).html",CSV|HTML,rec_aa48ea4f10bf90af95ba|c_a66551f3159e830d951b,False,SAME_MINUTE_TIMES_AND_ECONOMIC_FIELDS,0
dup_99d331e7f9b6fc89,2,"DREA,補交易紀錄/手動-04.csv|手動交易2024後策略較固定/2020含更久以前交易/statement (10).html",CSV|HTML,rec_de36b1a263291a2d4b62|c_1238265ea23ff6e637b5,False,SAME_MINUTE_TIMES_AND_ECONOMIC_FIELDS,0
dup_32dde99c4afdad42,2,"DREA,補交易紀錄/dream-復活.csv|手動交易2024後策略較固定/其他/statement (4).html",CSV|HTML,rec_30b5e97789fea35292f1|c_40d5cc7413ac87bb923e,False,SAME_MINUTE_TIMES_AND_ECONOMIC_FIELDS,0
dup_a1058047863cfc2e,2,"DREA,補交易紀錄/dream-復活.csv|手動交易2024後策略較固定/其他/statement (4).html",CSV|HTML,rec_bb2a3130030d44da1f00|c_a3df87d55806d71dbf08,False,SAME_MINUTE_TIMES_AND_ECONOMIC_FIELDS,0
dup_a9200f167ea19b06,2,"DREA,補交易紀錄/dream-復活.csv|手動交易2024後策略較固定/其他/statement (4).html",CSV|HTML,rec_df93cf9649fe3a53f4df|c_229d384de73cf4c4ca6f,False,SAME_MINUTE_TIMES_AND_ECONOMIC_FIELDS,0
dup_df5aca2363198b26,2,"DREA,補交易紀錄/dream-復活.csv|手動交易2024後策略較固定/其他/statement (4).html",CSV|HTML,rec_a01a8442df590b22f73e|c_b958e4829ef51a1009c8,False,SAME_MINUTE_TIMES_AND_ECONOMIC_FIELDS,0
dup_6337d68b2663c35d,2,"DREA,補交易紀錄/dream-復活.csv|手動交易2024後策略較固定/其他/statement (4).html",CSV|HTML,rec_5b18744cd651cceb0429|c_9bc8e0f38f6c17ed0a57,False,SAME_MINUTE_TIMES_AND_ECONOMIC_FIELDS,0
dup_6b9d709f30952d36,2,"DREA,補交易紀錄/dream-復活.csv|手動交易2024後策略較固定/其他/statement (4).html",CSV|HTML,rec_3ebd08b8bed5730412a2|c_c568193d7761bc90f410,False,SAME_MINUTE_TIMES_AND_ECONOMIC_FIELDS,0
dup_fdc502df18f69e6c,2,"DREA,補交易紀錄/dream-復活.csv|手動交易2024後策略較固定/其他/statement (4).html",CSV|HTML,rec_a353ea3bbeb0dbf834d8|c_379b867ea84eb0859387,False,SAME_MINUTE_TIMES_AND_ECONOMIC_FIELDS,0
dup_1b7970d4da5664ef,2,"DREA,補交易紀錄/dream-復活.csv|手動交易2024後策略較固定/其他/statement (4).html",CSV|HTML,rec_b7f614755821fa857596|c_0d62f4ed901cfd4e9c77,False,SAME_MINUTE_TIMES_AND_ECONOMIC_FIELDS,0
dup_563cfcf9f46d4fc4,2,"DREA,補交易紀錄/dream-復活.csv|手動交易2024後策略較固定/其他/statement (4).html",CSV|HTML,rec_521e29fd1df2a748845b|c_b60ecda375ce05970bb1,False,SAME_MINUTE_TIMES_AND_ECONOMIC_FIELDS,0
dup_cfcbf1572d8566c7,2,"DREA,補交易紀錄/dream-復活.csv|手動交易2024後策略較固定/其他/statement (4).html",CSV|HTML,rec_619d2629a553a90dab1c|c_cd5c7c649efe586267df,False,SAME_MINUTE_TIMES_AND_ECONOMIC_FIELDS,0
dup_539b5d9c2e6c7bfb,2,"DREA,補交易紀錄/dream-復活.csv|手動交易2024後策略較固定/其他/statement (4).html",CSV|HTML,rec_8f59649c902b8ef260c3|c_38c88b8bc612fa9c86ae,False,SAME_MINUTE_TIMES_AND_ECONOMIC_FIELDS,0
dup_32d2368b3e2274c5,2,"DREA,補交易紀錄/dream-復活.csv|手動交易2024後策略較固定/其他/statement (4).html",CSV|HTML,rec_b7e1e70270f72e761ebd|c_994c594decf9dec79664,False,SAME_MINUTE_TIMES_AND_ECONOMIC_FIELDS,0
dup_b9fa1770b2068ffd,2,"DREA,補交易紀錄/dream-復活.csv|手動交易2024後策略較固定/其他/statement (4).html",CSV|HTML,rec_73fc66e3454ff1088ee1|c_7fd3bd07bd8ecae80ab0,False,SAME_MINUTE_TIMES_AND_ECONOMIC_FIELDS,0
dup_5ca09d01212ac35c,2,"DREA,補交易紀錄/dream-復活.csv|手動交易2024後策略較固定/其他/statement (4).html",CSV|HTML,rec_094c326c32d54ff0d8b5|c_25753d5a4e75a8b3a4fc,False,SAME_MINUTE_TIMES_AND_ECONOMIC_FIELDS,0
dup_82cc65f795e39ed7,2,"DREA,補交易紀錄/dream-復活.csv|手動交易2024後策略較固定/其他/statement (4).html",CSV|HTML,rec_f018b2b0f61bac8b6fdf|c_35da1d9b8ae96d9f23c2,False,SAME_MINUTE_TIMES_AND_ECONOMIC_FIELDS,0
dup_accb3b9b27977e7d,2,"DREA,補交易紀錄/dream-復活.csv|手動交易2024後策略較固定/其他/statement (4).html",CSV|HTML,rec_e82f46be259202407d5e|c_34c2c8f4b1021b3327ae,False,SAME_MINUTE_TIMES_AND_ECONOMIC_FIELDS,0
dup_f20a35966fe1c8fb,2,"DREA,補交易紀錄/dream-復活.csv|手動交易2024後策略較固定/其他/statement (4).html",CSV|HTML,rec_f926a48cb16f2fe93b95|c_04ec47279dbeef7b6717,False,SAME_MINUTE_TIMES_AND_ECONOMIC_FIELDS,0
dup_fd828c7f325379e5,2,"DREA,補交易紀錄/dream-復活.csv|手動交易2024後策略較固定/其他/statement (4).html",CSV|HTML,rec_d19613f916bff4382008|c_3db297f910893aba777d,False,SAME_MINUTE_TIMES_AND_ECONOMIC_FIELDS,0
dup_ad708ad267503336,2,"DREA,補交易紀錄/dream-復活.csv|手動交易2024後策略較固定/其他/statement (4).html",CSV|HTML,rec_37bcaf122b385c47cb15|c_fc78ccd25bba3d509df0,False,SAME_MINUTE_TIMES_AND_ECONOMIC_FIELDS,0
dup_0734731d8cd5a101,2,"DREA,補交易紀錄/dream-復活.csv|手動交易2024後策略較固定/其他/statement (4).html",CSV|HTML,rec_899a6c771d9a1a134207|c_d524b624aa6055df4a75,False,SAME_MINUTE_TIMES_AND_ECONOMIC_FIELDS,0
dup_66e3f9af7bb610bc,2,"DREA,補交易紀錄/dream-復活.csv|手動交易2024後策略較固定/其他/statement (4).html",CSV|HTML,rec_4fc98ab6cff1c7eac7c9|c_0607ecbfa8ca41f5f7f0,False,SAME_MINUTE_TIMES_AND_ECONOMIC_FIELDS,0
dup_87b492dac719586c,2,"DREA,補交易紀錄/dream-復活.csv|手動交易2024後策略較固定/其他/statement (4).html",CSV|HTML,rec_171857aa7be0bc2ef0f8|c_e85c6028d9da1ca71b41,False,SAME_MINUTE_TIMES_AND_ECONOMIC_FIELDS,0
dup_b98302bb98b348da,2,"DREA,補交易紀錄/dream-復活.csv|手動交易2024後策略較固定/其他/statement (4).html",CSV|HTML,rec_2cf58c4889242d7293b4|c_54b6a1c87f1862d63602,False,SAME_MINUTE_TIMES_AND_ECONOMIC_FIELDS,0
dup_a3f939aab5609969,2,"DREA,補交易紀錄/dream-復活.csv|手動交易2024後策略較固定/其他/statement (4).html",CSV|HTML,rec_d98999f40855bdb26092|c_03b781e7fef84412eff9,False,SAME_MINUTE_TIMES_AND_ECONOMIC_FIELDS,0
dup_3e0324fdf276ce0b,2,"DREA,補交易紀錄/dream-復活.csv|手動交易2024後策略較固定/其他/statement (4).html",CSV|HTML,rec_363956a538099762175c|c_449bcc3dd28865c5090c,False,SAME_MINUTE_TIMES_AND_ECONOMIC_FIELDS,0
dup_fc78d0e2c0638e51,2,"DREA,補交易紀錄/dream-復活.csv|手動交易2024後策略較固定/其他/statement (4).html",CSV|HTML,rec_6480895da3aff28a5bb9|c_2523da83697cbe52a31e,False,SAME_MINUTE_TIMES_AND_ECONOMIC_FIELDS,0
dup_205f3901535abc97,2,"DREA,補交易紀錄/dream-復活.csv|手動交易2024後策略較固定/其他/statement (4).html",CSV|HTML,rec_0476e8332364bee58baf|c_3afa65853bd80aa76580,False,SAME_MINUTE_TIMES_AND_ECONOMIC_FIELDS,0
dup_af6227f040f0a180,2,"DREA,補交易紀錄/dream-復活.csv|手動交易2024後策略較固定/其他/statement (4).html",CSV|HTML,rec_9a2ef8aa48b4135fae63|c_089f74128893837ee157,False,SAME_MINUTE_TIMES_AND_ECONOMIC_FIELDS,0
dup_0a7c234394943bc4,2,"DREA,補交易紀錄/dream-復活.csv|手動交易2024後策略較固定/其他/statement (4).html",CSV|HTML,rec_e030f8dfcdf6f23b9586|c_ce3efce88207c02f0238,False,SAME_MINUTE_TIMES_AND_ECONOMIC_FIELDS,0
dup_e404e674640ce5d5,2,"DREA,補交易紀錄/dream-復活.csv|手動交易2024後策略較固定/其他/statement (4).html",CSV|HTML,rec_558b61a6643b5a464cb4|c_0d34dcbce2ffd594c5f6,False,SAME_MINUTE_TIMES_AND_ECONOMIC_FIELDS,0
dup_9882fe3a73fedc04,2,"DREA,補交易紀錄/dream-復活.csv|手動交易2024後策略較固定/其他/statement (4).html",CSV|HTML,rec_c36a6cadca003d3d2fc2|c_912ba21c8c7342c545d2,False,SAME_MINUTE_TIMES_AND_ECONOMIC_FIELDS,0
dup_aaefd152d961be39,2,"DREA,補交易紀錄/dream-復活.csv|手動交易2024後策略較固定/其他/statement (4).html",CSV|HTML,rec_ad66d2a3333f6ad50838|c_a3ce5007c60276a91945,False,SAME_MINUTE_TIMES_AND_ECONOMIC_FIELDS,0
dup_7decdf5474f0c334,2,"DREA,補交易紀錄/dream-復活.csv|手動交易2024後策略較固定/其他/statement (4).html",CSV|HTML,rec_dd3b7b08a604fc9db541|c_719e28c8220d2750683e,False,SAME_MINUTE_TIMES_AND_ECONOMIC_FIELDS,0
dup_b1a56e92d93b0c33,2,"DREA,補交易紀錄/dream-復活.csv|手動交易2024後策略較固定/其他/statement (4).html",CSV|HTML,rec_81eb4c9cf68a6ccccda5|c_ef56660297417d24da79,False,SAME_MINUTE_TIMES_AND_ECONOMIC_FIELDS,0
dup_c5d166c6ba4e9fb2,2,"DREA,補交易紀錄/dream-復活.csv|手動交易2024後策略較固定/其他/statement (4).html",CSV|HTML,rec_a3711024af27bdc0a541|c_f1a34c00deb92589c10b,False,SAME_MINUTE_TIMES_AND_ECONOMIC_FIELDS,0
dup_ad7a5af18e66fb36,2,"DREA,補交易紀錄/dream-復活.csv|手動交易2024後策略較固定/其他/statement (4).html",CSV|HTML,rec_b1b7c551ceeb4dbd917a|c_49219dedcd6b30c6ad17,False,SAME_MINUTE_TIMES_AND_ECONOMIC_FIELDS,0
dup_a7ab26d0dd3094d3,2,"DREA,補交易紀錄/dream-復活.csv|手動交易2024後策略較固定/其他/statement (4).html",CSV|HTML,rec_efc9fd7ab8a70868c24d|c_5c870bcf9e3d60c1c5dc,False,SAME_MINUTE_TIMES_AND_ECONOMIC_FIELDS,0
dup_7767781776eb6528,2,"DREA,補交易紀錄/dream-復活.csv|手動交易2024後策略較固定/其他/statement (4).html",CSV|HTML,rec_c9a985083aa89234580e|c_b8e6e9cca06ffb042f3f,False,SAME_MINUTE_TIMES_AND_ECONOMIC_FIELDS,0
dup_e6e90b1cc40d8ac8,2,"DREA,補交易紀錄/dream-復活.csv|手動交易2024後策略較固定/其他/statement (4).html",CSV|HTML,rec_6ccdbdf0bd0223ce8d12|c_ecb3f66ba0ddc5b4dc90,False,SAME_MINUTE_TIMES_AND_ECONOMIC_FIELDS,0
dup_1fb1b66d986ec10e,2,"DREA,補交易紀錄/dream-復活.csv|手動交易2024後策略較固定/其他/statement (4).html",CSV|HTML,rec_bfd06ec4c324bd863513|c_c54a99af202ccc2a99d8,False,SAME_MINUTE_TIMES_AND_ECONOMIC_FIELDS,0
dup_2dac08b785d56694,2,"DREA,補交易紀錄/dream-復活.csv|手動交易2024後策略較固定/其他/statement (4).html",CSV|HTML,rec_04369669acd8456e753f|c_c1805db5f3183104e223,False,SAME_MINUTE_TIMES_AND_ECONOMIC_FIELDS,0
dup_cb14a55e98eddf86,2,"DREA,補交易紀錄/dream-復活.csv|手動交易2024後策略較固定/其他/statement (4).html",CSV|HTML,rec_f64fea0051c5e34c7d95|c_25264e5c8d724d7efb7a,False,SAME_MINUTE_TIMES_AND_ECONOMIC_FIELDS,0
dup_ec4b6f6557b386de,2,"DREA,補交易紀錄/2019.02 Jim 一個月挑戰.csv|手動交易2024後策略較固定/其他/statement (3).html",CSV|HTML,rec_e6576a585c2b8749256c|c_7b5c4b6dcc58f29833bd,False,SAME_MINUTE_TIMES_AND_ECONOMIC_FIELDS,0
dup_a3fb0e157991d5cf,2,"DREA,補交易紀錄/2019.02 Jim 一個月挑戰.csv|手動交易2024後策略較固定/其他/statement (3).html",CSV|HTML,rec_382c8018b2fb922d8c8d|c_7402b7a560a36e3127c8,False,SAME_MINUTE_TIMES_AND_ECONOMIC_FIELDS,0
dup_e3126740e1477665,2,"DREA,補交易紀錄/2019.02 Jim 一個月挑戰.csv|手動交易2024後策略較固定/其他/statement (3).html",CSV|HTML,rec_10f1728505fa9dac6086|c_96c422f1348975b87669,False,SAME_MINUTE_TIMES_AND_ECONOMIC_FIELDS,0
dup_11c299b211546515,2,"DREA,補交易紀錄/2019.02 Jim 一個月挑戰.csv|手動交易2024後策略較固定/其他/statement (3).html",CSV|HTML,rec_08d7842d57ed4cf9299d|c_3e1dd01184b7973915ca,False,SAME_MINUTE_TIMES_AND_ECONOMIC_FIELDS,0
dup_1e64e10b152000a0,2,"DREA,補交易紀錄/2019.02 Jim 一個月挑戰.csv|手動交易2024後策略較固定/其他/statement (3).html",CSV|HTML,rec_91f7ec6e0be31dfb6354|c_bdee66e90aa0f3f24029,False,SAME_MINUTE_TIMES_AND_ECONOMIC_FIELDS,0
dup_fa2bff3d3ed06bc0,2,"DREA,補交易紀錄/2019.02 Jim 一個月挑戰.csv|手動交易2024後策略較固定/其他/statement (3).html",CSV|HTML,rec_29f36796185cde2f7762|c_5b76ca6c98496b398c04,False,SAME_MINUTE_TIMES_AND_ECONOMIC_FIELDS,0
dup_1d2fe3d37e6ec927,2,"DREA,補交易紀錄/2019.02 Jim 一個月挑戰.csv|手動交易2024後策略較固定/其他/statement (3).html",CSV|HTML,rec_569f1b566fa961272ab9|c_bac06a9aa40e809a04fe,False,SAME_MINUTE_TIMES_AND_ECONOMIC_FIELDS,0
dup_f7c22b4b217f5e77,2,"DREA,補交易紀錄/2019.02 Jim 一個月挑戰.csv|手動交易2024後策略較固定/其他/statement (3).html",CSV|HTML,rec_d2cde09c9538470c7d38|c_24bfb9a612c6555ffa0e,False,SAME_MINUTE_TIMES_AND_ECONOMIC_FIELDS,0
dup_5ad976d3ee409163,2,"DREA,補交易紀錄/2019.02 Jim 一個月挑戰.csv|手動交易2024後策略較固定/其他/statement (3).html",CSV|HTML,rec_280c898cf5af4796fba2|c_2596a3ee996d2956d445,False,SAME_MINUTE_TIMES_AND_ECONOMIC_FIELDS,0
dup_ec707ad02dbceac6,2,"DREA,補交易紀錄/2019.02 Jim 一個月挑戰.csv|手動交易2024後策略較固定/其他/statement (3).html",CSV|HTML,rec_5bc1f6957ccee66bbb1d|c_f5c0bf899c79f67a1018,False,SAME_MINUTE_TIMES_AND_ECONOMIC_FIELDS,0
dup_51278913f5e45869,2,"DREA,補交易紀錄/2019.02 Jim 一個月挑戰.csv|手動交易2024後策略較固定/其他/statement (3).html",CSV|HTML,rec_48dc063ca95b8b558408|c_f0a21bae5786da9a5578,False,SAME_MINUTE_TIMES_AND_ECONOMIC_FIELDS,0
dup_8b8c3dc9af2668cc,2,"DREA,補交易紀錄/dream-手動-02.csv|手動交易2024後策略較固定/2020含更久以前交易/statement (12).html",CSV|HTML,rec_9f30e55e42a85d8776b3|c_cca170342b74fbde238d,False,SAME_MINUTE_TIMES_AND_ECONOMIC_FIELDS,0
dup_769637d9c1fcd2f2,2,"DREA,補交易紀錄/dream-手動-01.csv|手動交易2024後策略較固定/2020含更久以前交易/statement (13).html",CSV|HTML,rec_d5b66b296a0e3359e1f7|c_864fc242bce0fa4fe2ca,False,SAME_MINUTE_TIMES_AND_ECONOMIC_FIELDS,0
dup_fdb2a62fb00aba0c,2,"DREA,補交易紀錄/dream-手動-02.csv|手動交易2024後策略較固定/2020含更久以前交易/statement (12).html",CSV|HTML,rec_db04ce9a978af6684f49|c_eafca13ad74dc01e9b05,False,SAME_MINUTE_TIMES_AND_ECONOMIC_FIELDS,0
dup_5d98db1fe4b36d85,2,"DREA,補交易紀錄/dream-手動-01.csv|手動交易2024後策略較固定/2020含更久以前交易/statement (13).html",CSV|HTML,rec_c20c13c1ecf1daa89cdf|c_654762ab03e0e01e29ea,False,SAME_MINUTE_TIMES_AND_ECONOMIC_FIELDS,0
dup_9bc40a2fae6a7536,2,"DREA,補交易紀錄/dream-手動-01.csv|手動交易2024後策略較固定/2020含更久以前交易/statement (13).html",CSV|HTML,rec_f0f6da853713b7f8ab87|c_ab7d8a8ecc9728ca3e85,False,SAME_MINUTE_TIMES_AND_ECONOMIC_FIELDS,0
dup_106e14b6b13cc56c,2,"DREA,補交易紀錄/dream-手動-01.csv|手動交易2024後策略較固定/2020含更久以前交易/statement (13).html",CSV|HTML,rec_15ab834cac537a00d0b7|c_e1ee252c71cad9ab4d72,False,SAME_MINUTE_TIMES_AND_ECONOMIC_FIELDS,0
dup_858b40e746f60344,2,"DREA,補交易紀錄/dream-手動-01.csv|手動交易2024後策略較固定/2020含更久以前交易/statement (13).html",CSV|HTML,rec_70d1a2bbaa42569b2bf4|c_40735a873ece1886780d,False,SAME_MINUTE_TIMES_AND_ECONOMIC_FIELDS,0
dup_b08a3de4b9707c33,2,"DREA,補交易紀錄/dream-手動-01.csv|手動交易2024後策略較固定/2020含更久以前交易/statement (13).html",CSV|HTML,rec_691ad1263446756cf2d5|c_2a6c0dbe82f3519d73d2,False,SAME_MINUTE_TIMES_AND_ECONOMIC_FIELDS,0
dup_9c8757c74fac2f06,2,"2025/2021-2024/2024/statement (12).html|DREA,補交易紀錄/2023-24-12-28 XM比賽帳戶.csv",CSV|HTML,rec_f178d45ceeafffb61a3d|c_a62adeefebac4ac6d8d1,False,SAME_MINUTE_TIMES_AND_ECONOMIC_FIELDS,0
dup_6733019578d7951c,2,"2025/2021-2024/2024/statement (12).html|DREA,補交易紀錄/2023-24-12-28 XM比賽帳戶.csv",CSV|HTML,rec_d649f50be8b3466c62b5|c_19fbeb154892c82073de,False,SAME_MINUTE_TIMES_AND_ECONOMIC_FIELDS,0
dup_2b8671a9f3485628,2,"2025/2021-2024/2024/statement (12).html|DREA,補交易紀錄/2023-24-12-28 XM比賽帳戶.csv",CSV|HTML,rec_55b75ee1660a599a7510|c_d940cfabf4e181659efe,False,SAME_MINUTE_TIMES_AND_ECONOMIC_FIELDS,0
dup_c814248b5a05d6c3,2,"2025/2021-2024/2024/statement (12).html|DREA,補交易紀錄/2023-24-12-28 XM比賽帳戶.csv",CSV|HTML,rec_738b885e2efc1fd5b663|c_f9ff21e9f993b17bf711,False,SAME_MINUTE_TIMES_AND_ECONOMIC_FIELDS,0
dup_2bfe968acbb64441,2,"2025/2021-2024/2024/statement (12).html|DREA,補交易紀錄/2023-24-12-28 XM比賽帳戶.csv",CSV|HTML,rec_f0379ea6dcf40d4614f1|c_08e61a8e729b1840620b,False,SAME_MINUTE_TIMES_AND_ECONOMIC_FIELDS,0
dup_db1fdebf7dc511c6,2,"2025/2021-2024/2024/statement (12).html|DREA,補交易紀錄/2023-24-12-28 XM比賽帳戶.csv",CSV|HTML,rec_b47bd1a4e1cced4a96b5|c_3b3fe5b127bae10f629a,False,SAME_MINUTE_TIMES_AND_ECONOMIC_FIELDS,0
dup_9ea319b9dd4cbaf3,2,"2025/2021-2024/2024/statement (12).html|DREA,補交易紀錄/2023-24-12-28 XM比賽帳戶.csv",CSV|HTML,rec_fd22a3b7ba5db83e7c0b|c_9c23beb46958a0364188,False,SAME_MINUTE_TIMES_AND_ECONOMIC_FIELDS,0
dup_49504e0955e281fb,2,"2025/2021-2024/2024/statement (12).html|DREA,補交易紀錄/2023-24-12-28 XM比賽帳戶.csv",CSV|HTML,rec_c4053c8dbf8a376dc3f9|c_dfef9ab9fc567e46bd3d,False,SAME_MINUTE_TIMES_AND_ECONOMIC_FIELDS,0
dup_153faf9eff4d89ba,2,"2025/2021-2024/2024/statement (12).html|DREA,補交易紀錄/2023-24-12-28 XM比賽帳戶.csv",CSV|HTML,rec_19f4e918e6d5e20006aa|c_ddd6cced94e0a50d5cf9,False,SAME_MINUTE_TIMES_AND_ECONOMIC_FIELDS,0
dup_2a74cb810854a33c,2,"2025/2021-2024/2024/statement (12).html|DREA,補交易紀錄/2023-24-12-28 XM比賽帳戶.csv",CSV|HTML,rec_4154ec0c3fe911e7db29|c_2a9f46f13e638e54aca8,False,SAME_MINUTE_TIMES_AND_ECONOMIC_FIELDS,0
dup_618ba95ceb9c31f0,2,"2025/2021-2024/2024/statement (12).html|DREA,補交易紀錄/2023-24-12-28 XM比賽帳戶.csv",CSV|HTML,rec_35de2e35fc249fc82e6d|c_c12015385f14ef1b1c3c,False,SAME_MINUTE_TIMES_AND_ECONOMIC_FIELDS,0
dup_fbd2b60b2f5e068b,2,"2025/2021-2024/2024/statement (12).html|DREA,補交易紀錄/2023-24-12-28 XM比賽帳戶.csv",CSV|HTML,rec_864948f3523c2d9aeba7|c_ee62214ba6e36aea4401,False,SAME_MINUTE_TIMES_AND_ECONOMIC_FIELDS,0
dup_78352d0a424acf2f,2,"2025/2021-2024/2024/statement (12).html|DREA,補交易紀錄/2023-24-12-28 XM比賽帳戶.csv",CSV|HTML,rec_a44bdadf8433c71e9126|c_778ea3675060b4b3b12b,False,SAME_MINUTE_TIMES_AND_ECONOMIC_FIELDS,0
dup_02a44800284891f7,2,"2025/2021-2024/2024/statement (12).html|DREA,補交易紀錄/2023-24-12-28 XM比賽帳戶.csv",CSV|HTML,rec_c1a88c1b85205de4cdd7|c_8cf4f3df6da9fb0b0ffb,False,SAME_MINUTE_TIMES_AND_ECONOMIC_FIELDS,0
dup_9977b83b813b966e,2,"2025/2021-2024/2024/statement (12).html|DREA,補交易紀錄/2023-24-12-28 XM比賽帳戶.csv",CSV|HTML,rec_dfef04d728a076e50b14|c_50bdf79c4f75c81794e8,False,SAME_MINUTE_TIMES_AND_ECONOMIC_FIELDS,0
dup_cf0e0d7466c1a388,2,"2025/2021-2024/2024/statement (12).html|DREA,補交易紀錄/2023-24-12-28 XM比賽帳戶.csv",CSV|HTML,rec_aa475b5cdb4d31fad868|c_7b2440057084004974a7,False,SAME_MINUTE_TIMES_AND_ECONOMIC_FIELDS,0
dup_e9e06e41018ad725,2,"2025/2021-2024/2024/statement (12).html|DREA,補交易紀錄/2023-24-12-28 XM比賽帳戶.csv",CSV|HTML,rec_628bcd8d76a65417ac99|c_63b914bb4c6c16d203bf,False,SAME_MINUTE_TIMES_AND_ECONOMIC_FIELDS,0
dup_4a38bef130ec9638,2,"2025/2021-2024/2024/statement (12).html|DREA,補交易紀錄/2023-24-12-28 XM比賽帳戶.csv",CSV|HTML,rec_d2739fd6e5ad92d4ba24|c_b4a1c8060bbbc1ebf317,False,SAME_MINUTE_TIMES_AND_ECONOMIC_FIELDS,0
dup_ecfbb1b614c91e6c,2,"2025/2021-2024/2024/statement (12).html|DREA,補交易紀錄/2023-24-12-28 XM比賽帳戶.csv",CSV|HTML,rec_af6522d274f1d2cd0081|c_33ea291beed1a1136793,False,SAME_MINUTE_TIMES_AND_ECONOMIC_FIELDS,0
dup_824451b442f8b27f,2,"2025/2021-2024/2024/statement (12).html|DREA,補交易紀錄/2023-24-12-28 XM比賽帳戶.csv",CSV|HTML,rec_a19e21894b94b3eddb79|c_de48ad6629e6e832a7ef,False,SAME_MINUTE_TIMES_AND_ECONOMIC_FIELDS,0
dup_122fc712733e090f,2,"2025/2021-2024/2024/statement (12).html|DREA,補交易紀錄/2023-24-12-28 XM比賽帳戶.csv",CSV|HTML,rec_a08dc24817e377fd3a11|c_f1e51b7f552aa3571cf0,False,SAME_MINUTE_TIMES_AND_ECONOMIC_FIELDS,0
dup_cd472b6ca9f86146,2,"2025/2021-2024/2024/statement (12).html|DREA,補交易紀錄/2023-24-12-28 XM比賽帳戶.csv",CSV|HTML,rec_cce9e6bcedc3c284200e|c_12956871565ab9004596,False,SAME_MINUTE_TIMES_AND_ECONOMIC_FIELDS,0
dup_4801a63713acec98,2,"2025/2021-2024/2024/statement (12).html|DREA,補交易紀錄/2023-24-12-28 XM比賽帳戶.csv",CSV|HTML,rec_a02b2981e81ab13336c1|c_065733c0b3041684beff,False,SAME_MINUTE_TIMES_AND_ECONOMIC_FIELDS,0
dup_0182eb7c2acb47fc,2,"2025/2021-2024/2024/statement (12).html|DREA,補交易紀錄/2023-24-12-28 XM比賽帳戶.csv",CSV|HTML,rec_2c0af39f42d01309b1f6|c_c470abfbbbd7e64ee80f,False,SAME_MINUTE_TIMES_AND_ECONOMIC_FIELDS,0
dup_aec429947e3340b7,2,"2025/2021-2024/2024/statement (12).html|DREA,補交易紀錄/2023-24-12-28 XM比賽帳戶.csv",CSV|HTML,rec_7617f6e30e2c135a0165|c_3ff4445e3be90cca32ba,False,SAME_MINUTE_TIMES_AND_ECONOMIC_FIELDS,0
dup_cceac222d4f08784,2,"2025/2021-2024/2024/statement (12).html|DREA,補交易紀錄/2023-24-12-28 XM比賽帳戶.csv",CSV|HTML,rec_67a35548f57c3541d9a1|c_72b9d109531d311d376b,False,SAME_MINUTE_TIMES_AND_ECONOMIC_FIELDS,0
dup_6c2a4beb4445a41b,2,"2025/2021-2024/2024/statement (12).html|DREA,補交易紀錄/2023-24-12-28 XM比賽帳戶.csv",CSV|HTML,rec_65ac87762ddfb3b9427d|c_770e21e2baf2570ff270,False,SAME_MINUTE_TIMES_AND_ECONOMIC_FIELDS,0
dup_aa702426d4af3cf3,2,"2025/2021-2024/2024/statement (12).html|DREA,補交易紀錄/2023-24-12-28 XM比賽帳戶.csv",CSV|HTML,rec_098edecf5c8c26c242b6|c_12996c2681b09acc721a,False,SAME_MINUTE_TIMES_AND_ECONOMIC_FIELDS,0
dup_9a70e36b7e9e8124,2,"2025/2021-2024/2024/statement (12).html|DREA,補交易紀錄/2023-24-12-28 XM比賽帳戶.csv",CSV|HTML,rec_43f7c106cc5bd54ba3e2|c_8ce684861bb0fa4016cb,False,SAME_MINUTE_TIMES_AND_ECONOMIC_FIELDS,0
dup_7f553921d51a46ad,2,"2025/2021-2024/2024/statement (12).html|DREA,補交易紀錄/2023-24-12-28 XM比賽帳戶.csv",CSV|HTML,rec_715f45bb0ff235e5cb4f|c_1137cb35a417c0fc1049,False,SAME_MINUTE_TIMES_AND_ECONOMIC_FIELDS,0
dup_3856f0d5509d5d1c,2,"2025/2021-2024/2024/statement (12).html|DREA,補交易紀錄/2023-24-12-28 XM比賽帳戶.csv",CSV|HTML,rec_4fcd2dad097de665fa7c|c_80fdb37df4abdc62fb0b,False,SAME_MINUTE_TIMES_AND_ECONOMIC_FIELDS,0
dup_87250a4c47a74490,2,"2025/2021-2024/2024/statement (12).html|DREA,補交易紀錄/2023-24-12-28 XM比賽帳戶.csv",CSV|HTML,rec_24c1e7a3ba448af8726a|c_e9f59dd4279ae711a05b,False,SAME_MINUTE_TIMES_AND_ECONOMIC_FIELDS,0
dup_31e95b43e0352368,2,"2025/2021-2024/2024/statement (12).html|DREA,補交易紀錄/2023-24-12-28 XM比賽帳戶.csv",CSV|HTML,rec_2e93a97047989597e36c|c_9a85a4987e00b3bbcc55,False,SAME_MINUTE_TIMES_AND_ECONOMIC_FIELDS,0
dup_31182662797e69bb,2,"2025/2021-2024/2024/statement (12).html|DREA,補交易紀錄/2023-24-12-28 XM比賽帳戶.csv",CSV|HTML,rec_bf4994d60730262d0711|c_34cf13ecc7108ea46ac9,False,SAME_MINUTE_TIMES_AND_ECONOMIC_FIELDS,0
dup_2204e299722ff9cd,2,"2025/2021-2024/2024/statement (12).html|DREA,補交易紀錄/2023-24-12-28 XM比賽帳戶.csv",CSV|HTML,rec_9b8ce91dfa1fc5bc9451|c_92fc732be4d662519f19,False,SAME_MINUTE_TIMES_AND_ECONOMIC_FIELDS,0
dup_2bc6cfd9935df636,2,"2025/2021-2024/2024/statement (12).html|DREA,補交易紀錄/2023-24-12-28 XM比賽帳戶.csv",CSV|HTML,rec_a2987f0b84ce9451657e|c_2432e76d96f206431253,False,SAME_MINUTE_TIMES_AND_ECONOMIC_FIELDS,0
dup_5fbb2a6969ff1685,2,"2025/2021-2024/2024/statement (12).html|DREA,補交易紀錄/2023-24-12-28 XM比賽帳戶.csv",CSV|HTML,rec_bcc5396f04c4130b2082|c_64fc2fe433334bcadf28,False,SAME_MINUTE_TIMES_AND_ECONOMIC_FIELDS,0
dup_15e532744b153cca,2,"2025/2021-2024/2024/statement (12).html|DREA,補交易紀錄/2023-24-12-28 XM比賽帳戶.csv",CSV|HTML,rec_8e85a46ed10ccced8196|c_bb5cd5c56905c18c5b62,False,SAME_MINUTE_TIMES_AND_ECONOMIC_FIELDS,0
dup_a53c7ecdb4d9dc54,2,"2025/2021-2024/2024/statement (12).html|DREA,補交易紀錄/2023-24-12-28 XM比賽帳戶.csv",CSV|HTML,rec_7d39f1fda643c2319565|c_c7f560e14e4e5e6dd513,False,SAME_MINUTE_TIMES_AND_ECONOMIC_FIELDS,0
dup_c87079a3bb2eaa5e,2,"2025/2021-2024/2024/statement (12).html|DREA,補交易紀錄/2023-24-12-28 XM比賽帳戶.csv",CSV|HTML,rec_94eb3a1779988d47e491|c_34ff04b4c8155c1ed2e2,False,SAME_MINUTE_TIMES_AND_ECONOMIC_FIELDS,0
dup_02a5971af0856722,2,"2025/2021-2024/2024/statement (12).html|DREA,補交易紀錄/2023-24-12-28 XM比賽帳戶.csv",CSV|HTML,rec_258d2058fb6293208cb9|c_093e91b7278df4b49194,False,SAME_MINUTE_TIMES_AND_ECONOMIC_FIELDS,0
dup_05c395eef3f15e78,2,"2025/2021-2024/2024/statement (12).html|DREA,補交易紀錄/2023-24-12-28 XM比賽帳戶.csv",CSV|HTML,rec_82ae552e04c5af42055a|c_8949e7172cf1b6eb987b,False,SAME_MINUTE_TIMES_AND_ECONOMIC_FIELDS,0
dup_3172d2e146a05fb7,2,"2025/2021-2024/2024/statement (12).html|DREA,補交易紀錄/2023-24-12-28 XM比賽帳戶.csv",CSV|HTML,rec_5c1a6d27a60168b46c0f|c_4f5ad36eaf484449b557,False,SAME_MINUTE_TIMES_AND_ECONOMIC_FIELDS,0
dup_837ad268179d4168,2,"2025/2021-2024/2024/statement (12).html|DREA,補交易紀錄/2023-24-12-28 XM比賽帳戶.csv",CSV|HTML,rec_dfc826fc4c340e434f28|c_5857c713a08c877a43e6,False,SAME_MINUTE_TIMES_AND_ECONOMIC_FIELDS,0
dup_3707b126e9b016db,2,"2025/2021-2024/2024/statement (12).html|DREA,補交易紀錄/2023-24-12-28 XM比賽帳戶.csv",CSV|HTML,rec_72ed701b57fd60954336|c_6ec0f6bc6e546a4f6519,False,SAME_MINUTE_TIMES_AND_ECONOMIC_FIELDS,0
dup_afa51095b2595c36,2,"2025/2021-2024/2024/statement (12).html|DREA,補交易紀錄/2023-24-12-28 XM比賽帳戶.csv",CSV|HTML,rec_0d06d6e59dfb65ef9a13|c_4aa19e567e891add3ca5,False,SAME_MINUTE_TIMES_AND_ECONOMIC_FIELDS,0
dup_7414b32633ba8681,2,"2025/2021-2024/2024/statement (12).html|DREA,補交易紀錄/2023-24-12-28 XM比賽帳戶.csv",CSV|HTML,rec_2716cdb10297410590e6|c_ef132daa3d4e0e9e8ffe,False,SAME_MINUTE_TIMES_AND_ECONOMIC_FIELDS,0
dup_3c6f0e33723820fb,2,"2025/2021-2024/2024/statement (12).html|DREA,補交易紀錄/2023-24-12-28 XM比賽帳戶.csv",CSV|HTML,rec_6c29ea81d25bbb405fc2|c_cfcac2831aa616d8ed8e,False,SAME_MINUTE_TIMES_AND_ECONOMIC_FIELDS,0
dup_3819d26403873d5f,2,"2025/2021-2024/2024/statement (12).html|DREA,補交易紀錄/2023-24-12-28 XM比賽帳戶.csv",CSV|HTML,rec_1b1041d6668913afe59d|c_b99d5992103918c6835b,False,SAME_MINUTE_TIMES_AND_ECONOMIC_FIELDS,0
dup_0fac333b5116eaec,2,"2025/2021-2024/2024/statement (12).html|DREA,補交易紀錄/2023-24-12-28 XM比賽帳戶.csv",CSV|HTML,rec_ff2ad5a07240c937c8ae|c_a5d64e78ab25de5acd8b,False,SAME_MINUTE_TIMES_AND_ECONOMIC_FIELDS,0
dup_8699b7d78910e84e,2,"2025/2021-2024/2024/statement (12).html|DREA,補交易紀錄/2023-24-12-28 XM比賽帳戶.csv",CSV|HTML,rec_a497ec1100180b3e595e|c_bd2e630d0fdb2c55e5ae,False,SAME_MINUTE_TIMES_AND_ECONOMIC_FIELDS,0
dup_61b282a7f7236314,2,"2025/2021-2024/2024/statement (12).html|DREA,補交易紀錄/2023-24-12-28 XM比賽帳戶.csv",CSV|HTML,rec_73d2f7074693f3a9d784|c_15b546bb63e49db4e3ae,False,SAME_MINUTE_TIMES_AND_ECONOMIC_FIELDS,0
dup_9b15a479218ee455,2,"2025/2021-2024/2024/statement (12).html|DREA,補交易紀錄/2023-24-12-28 XM比賽帳戶.csv",CSV|HTML,rec_2ca97e526720ad3fbf28|c_72eb3d6e0262e02433ea,False,SAME_MINUTE_TIMES_AND_ECONOMIC_FIELDS,0
dup_bebaa53052d03aab,2,"2025/2021-2024/2024/statement (11).html|DREA,補交易紀錄/2024-01-22 XM 績效.csv",CSV|HTML,rec_2c4b68d6ea83d71bc69f|c_cf27d79749a3f81f35ea,False,SAME_MINUTE_TIMES_AND_ECONOMIC_FIELDS,0
dup_568c0892aff5205b,2,"2025/2021-2024/2024/statement (11).html|DREA,補交易紀錄/2024-01-22 XM 績效.csv",CSV|HTML,rec_fa5e357c6a26e4714ace|c_dc3b4d42928eba6c2485,False,SAME_MINUTE_TIMES_AND_ECONOMIC_FIELDS,0
dup_fa48bc996abaada3,2,"2025/2021-2024/2024/statement (11).html|DREA,補交易紀錄/2024-01-22 XM 績效.csv",CSV|HTML,rec_96be9256b16e49648b65|c_a061f7a8fb2e88d05929,False,SAME_MINUTE_TIMES_AND_ECONOMIC_FIELDS,0
dup_164b7299cf35ffac,2,"2025/2021-2024/2024/statement (11).html|DREA,補交易紀錄/2024-01-22 XM 績效.csv",CSV|HTML,rec_8e7095577008d56b9a77|c_9607410cb233d40f6b64,False,SAME_MINUTE_TIMES_AND_ECONOMIC_FIELDS,0
dup_b711d97997b8bdfe,2,"2025/2021-2024/2024/statement (11).html|DREA,補交易紀錄/2024-01-22 XM 績效.csv",CSV|HTML,rec_b3b5ae1bd8de4cc9b97a|c_0333f49ab0495510ab62,False,SAME_MINUTE_TIMES_AND_ECONOMIC_FIELDS,0
dup_d470c776676e2550,2,"2025/2021-2024/2024/statement (11).html|DREA,補交易紀錄/2024-01-22 XM 績效.csv",CSV|HTML,rec_1a0ec351db3236c2aff2|c_0e77478670ca066fe2d0,False,SAME_MINUTE_TIMES_AND_ECONOMIC_FIELDS,0
dup_3282f5cc9fab4a45,2,"2025/2021-2024/2024/statement (11).html|DREA,補交易紀錄/2024-01-22 XM 績效.csv",CSV|HTML,rec_7dc121c0f0deae4dccff|c_c542d24f686b2d98e723,False,SAME_MINUTE_TIMES_AND_ECONOMIC_FIELDS,0
dup_953f8ceb170f64ec,2,"2025/2021-2024/2024/statement (11).html|DREA,補交易紀錄/2024-01-22 XM 績效.csv",CSV|HTML,rec_7cf0422244229fc3d7fe|c_adc3e7b6b6caec9df85d,False,SAME_MINUTE_TIMES_AND_ECONOMIC_FIELDS,0
dup_f3b3f77e1fdc72ec,2,"2025/2021-2024/2024/statement (11).html|DREA,補交易紀錄/2024-01-22 XM 績效.csv",CSV|HTML,rec_64838f106352f2d141b8|c_0f21313fecddfedb93f4,False,SAME_MINUTE_TIMES_AND_ECONOMIC_FIELDS,0
dup_db97f7be6570a811,2,"2025/2021-2024/2024/statement (11).html|DREA,補交易紀錄/2024-01-22 XM 績效.csv",CSV|HTML,rec_16ff1fc6cee66155457b|c_fa127d5b91d4f5705990,False,SAME_MINUTE_TIMES_AND_ECONOMIC_FIELDS,0
dup_93d13b768b368ce3,2,"2025/2021-2024/2024/statement (11).html|DREA,補交易紀錄/2024-01-22 XM 績效.csv",CSV|HTML,rec_28c0d8bd35e457561033|c_c3615a52a42582e8b6cd,False,SAME_MINUTE_TIMES_AND_ECONOMIC_FIELDS,0
dup_275c9a5a3ae5f30b,2,"2025/2021-2024/2024/statement (11).html|DREA,補交易紀錄/2024-01-22 XM 績效.csv",CSV|HTML,rec_ce7bc6b854f662f94f11|c_23dbf1459a2339acdd2c,False,SAME_MINUTE_TIMES_AND_ECONOMIC_FIELDS,0
dup_a27ff6beb739355e,2,"2025/2021-2024/2024/statement (11).html|DREA,補交易紀錄/2024-01-22 XM 績效.csv",CSV|HTML,rec_049f261cb765cdd3b522|c_db7db6d0ecf7dad585e4,False,SAME_MINUTE_TIMES_AND_ECONOMIC_FIELDS,0
dup_f66d08a401df968a,2,"2025/2021-2024/2024/statement (11).html|DREA,補交易紀錄/2024-01-22 XM 績效.csv",CSV|HTML,rec_3b5bfa44355bbb6ee2d5|c_cb5b3c26aaa5861b7aa8,False,SAME_MINUTE_TIMES_AND_ECONOMIC_FIELDS,0
dup_3cf6165971ff419f,2,"2025/2021-2024/2024/statement (11).html|DREA,補交易紀錄/2024-01-22 XM 績效.csv",CSV|HTML,rec_1251f07a3c4866776aff|c_11f42dabfdb6dd348a8a,False,SAME_MINUTE_TIMES_AND_ECONOMIC_FIELDS,0
dup_dde72eb9cb12a058,2,"2025/2021-2024/2024/statement (11).html|DREA,補交易紀錄/2024-01-22 XM 績效.csv",CSV|HTML,rec_037f04face082ae8670a|c_4c26b513de47e4501c86,False,SAME_MINUTE_TIMES_AND_ECONOMIC_FIELDS,0
dup_011b3a7469dc6c5a,2,"2025/2021-2024/2024/statement (11).html|DREA,補交易紀錄/2024-01-22 XM 績效.csv",CSV|HTML,rec_f2b462fc7187ce4007c2|c_9a4f7385a9b1c65d3a7f,False,SAME_MINUTE_TIMES_AND_ECONOMIC_FIELDS,0
dup_d4d98d4b608ecade,2,"2025/2021-2024/2024/statement (11).html|DREA,補交易紀錄/2024-01-22 XM 績效.csv",CSV|HTML,rec_34a8aee54d9efb39868b|c_3898536fa7e80d33147f,False,SAME_MINUTE_TIMES_AND_ECONOMIC_FIELDS,0
dup_6ecbe053a2ed51d3,2,"2025/2021-2024/2024/statement (11).html|DREA,補交易紀錄/2024-01-22 XM 績效.csv",CSV|HTML,rec_dcb9f1db39a51a631f11|c_558d540fb37d85d511cb,False,SAME_MINUTE_TIMES_AND_ECONOMIC_FIELDS,0
dup_55a6c5727cb5c93c,2,"2025/2021-2024/2024/statement (11).html|DREA,補交易紀錄/2024-01-22 XM 績效.csv",CSV|HTML,rec_d127338c117830cc7592|c_d1403794b4fe02080cf8,False,SAME_MINUTE_TIMES_AND_ECONOMIC_FIELDS,0
dup_209dac3ff10ccead,2,"2025/2021-2024/2024/statement (11).html|DREA,補交易紀錄/2024-01-22 XM 績效.csv",CSV|HTML,rec_c0c15d68bbc0b02c6a13|c_e028877b4a8f54f45b0e,False,SAME_MINUTE_TIMES_AND_ECONOMIC_FIELDS,0
dup_b8869ca6fe3c0bcd,2,"2025/2021-2024/2024/statement (11).html|DREA,補交易紀錄/2024-01-22 XM 績效.csv",CSV|HTML,rec_55f1ab90ed635978ea47|c_f000494157212b26a7f8,False,SAME_MINUTE_TIMES_AND_ECONOMIC_FIELDS,0
dup_8ff2563c3a548f8e,2,"2025/2021-2024/2024/statement (11).html|DREA,補交易紀錄/2024-01-22 XM 績效.csv",CSV|HTML,rec_33ef10bdb8ff8206bd9c|c_3a682884c6df226acc68,False,SAME_MINUTE_TIMES_AND_ECONOMIC_FIELDS,0
dup_33924b7eb4d7fa29,2,"2025/2021-2024/2024/statement (11).html|DREA,補交易紀錄/2024-01-22 XM 績效.csv",CSV|HTML,rec_5f11511119977f993353|c_91656b4e6d24505adc4e,False,SAME_MINUTE_TIMES_AND_ECONOMIC_FIELDS,0
dup_c7aa3c7e1959fc00,2,"2025/2021-2024/2024/statement (11).html|DREA,補交易紀錄/2024-01-22 XM 績效.csv",CSV|HTML,rec_3a433c509f215b806cfc|c_434470fbd82b20affb11,False,SAME_MINUTE_TIMES_AND_ECONOMIC_FIELDS,0
dup_5cad07b679e7b9d1,2,"2025/2021-2024/2024/statement (11).html|DREA,補交易紀錄/2024-01-22 XM 績效.csv",CSV|HTML,rec_2c46818a8c08403ac8e5|c_e09355d94d802db9158b,False,SAME_MINUTE_TIMES_AND_ECONOMIC_FIELDS,0
dup_de86091ffe1373b8,2,"2025/2021-2024/2024/statement (11).html|DREA,補交易紀錄/2024-01-22 XM 績效.csv",CSV|HTML,rec_d0602a75b133e98359f9|c_9571d15e934497c5e4d8,False,SAME_MINUTE_TIMES_AND_ECONOMIC_FIELDS,0
dup_5d3cb4c0969ccbed,2,"2025/2021-2024/2024/statement (11).html|DREA,補交易紀錄/2024-01-22 XM 績效.csv",CSV|HTML,rec_3497468b2d924b02566b|c_09d20a5bc42249a90c5d,False,SAME_MINUTE_TIMES_AND_ECONOMIC_FIELDS,0
dup_b696e5c2373f5e5a,2,"2025/2021-2024/2024/statement (11).html|DREA,補交易紀錄/2024-01-22 XM 績效.csv",CSV|HTML,rec_5fa66f284e9464a74ef3|c_f7b528bd8871d0f37a25,False,SAME_MINUTE_TIMES_AND_ECONOMIC_FIELDS,0
dup_39f19de2afe4f7ec,2,"2025/2021-2024/2024/statement (11).html|DREA,補交易紀錄/2024-01-22 XM 績效.csv",CSV|HTML,rec_d4b213e98ca87423dc56|c_d13d327af321d0d8174d,False,SAME_MINUTE_TIMES_AND_ECONOMIC_FIELDS,0
dup_aaa52e81abe0c73e,2,"2025/2021-2024/2024/statement (11).html|DREA,補交易紀錄/2024-01-22 XM 績效.csv",CSV|HTML,rec_328bda3b642143933f67|c_d4419e7a639291836c2f,False,SAME_MINUTE_TIMES_AND_ECONOMIC_FIELDS,0
dup_897b656d41c98291,2,"2025/2021-2024/2024/statement (11).html|DREA,補交易紀錄/2024-01-22 XM 績效.csv",CSV|HTML,rec_83db26b81ceac33743f8|c_d8e33b806262169edb95,False,SAME_MINUTE_TIMES_AND_ECONOMIC_FIELDS,0
dup_91c87ce85b216396,2,"2025/2021-2024/2024/statement (11).html|DREA,補交易紀錄/2024-01-22 XM 績效.csv",CSV|HTML,rec_97d5019a743f0c6e4446|c_1bd9cb613970d5dcf2da,False,SAME_MINUTE_TIMES_AND_ECONOMIC_FIELDS,0
dup_48cd915482413e7a,2,"2025/2021-2024/2024/statement (11).html|DREA,補交易紀錄/2024-01-22 XM 績效.csv",CSV|HTML,rec_66ab31d2595f8a3a9c56|c_e51239497a29aae26458,False,SAME_MINUTE_TIMES_AND_ECONOMIC_FIELDS,0
dup_ef9af35f50bfb52a,2,"2025/2021-2024/2024/statement (11).html|DREA,補交易紀錄/2024-01-22 XM 績效.csv",CSV|HTML,rec_2514e872189e15593719|c_1524a96815e02b2d4b1e,False,SAME_MINUTE_TIMES_AND_ECONOMIC_FIELDS,0
dup_92022190ca15a746,2,"2025/2021-2024/2024/statement (11).html|DREA,補交易紀錄/2024-01-22 XM 績效.csv",CSV|HTML,rec_3fef50bdf05e5a9b8e81|c_508602510e6973db40bd,False,SAME_MINUTE_TIMES_AND_ECONOMIC_FIELDS,0
dup_f097939ea7ebb80e,2,"2025/2021-2024/2024/statement (11).html|DREA,補交易紀錄/2024-01-22 XM 績效.csv",CSV|HTML,rec_d4e03ef97099d1160137|c_9bc95219477568c21ad6,False,SAME_MINUTE_TIMES_AND_ECONOMIC_FIELDS,0
dup_b5ef3c765d0b06f8,2,"2025/2021-2024/2024/statement (11).html|DREA,補交易紀錄/2024-01-22 XM 績效.csv",CSV|HTML,rec_01d88d2bf0f1ed342f21|c_369340d2728f278530fb,False,SAME_MINUTE_TIMES_AND_ECONOMIC_FIELDS,0
dup_daf7c3cb70082b1b,2,"2025/2021-2024/2024/statement (11).html|DREA,補交易紀錄/2024-01-22 XM 績效.csv",CSV|HTML,rec_f20504491fffce694ba3|c_bfee2017d015af1951cf,False,SAME_MINUTE_TIMES_AND_ECONOMIC_FIELDS,0
dup_a7a00f0272c630e1,2,"2025/2021-2024/2024/statement (11).html|DREA,補交易紀錄/2024-01-22 XM 績效.csv",CSV|HTML,rec_ce462e79315561667bc0|c_cb4f2dc4816fe3ed3db8,False,SAME_MINUTE_TIMES_AND_ECONOMIC_FIELDS,0
dup_8ece16635138efa7,2,"2025/2021-2024/2024/statement (11).html|DREA,補交易紀錄/2024-01-22 XM 績效.csv",CSV|HTML,rec_92e7142e6219a8ffde05|c_5ba74b945f70954a8a84,False,SAME_MINUTE_TIMES_AND_ECONOMIC_FIELDS,0
dup_c2cd62fc9217fb80,2,"2025/2021-2024/2024/statement (11).html|DREA,補交易紀錄/2024-01-22 XM 績效.csv",CSV|HTML,rec_30b011bf9086b935e954|c_1d46ff17ab5d224d692d,False,SAME_MINUTE_TIMES_AND_ECONOMIC_FIELDS,0
dup_07cd95326329c085,2,"2025/2021-2024/2024/statement (11).html|DREA,補交易紀錄/2024-01-22 XM 績效.csv",CSV|HTML,rec_d1a0d343a5207bbd4205|c_b47eedcf580fc29ffbee,False,SAME_MINUTE_TIMES_AND_ECONOMIC_FIELDS,0
dup_04fdb52e04c67752,2,"2025/2021-2024/2024/statement (11).html|DREA,補交易紀錄/2024-01-22 XM 績效.csv",CSV|HTML,rec_05ef1db1b1b08024b361|c_8da0d4a618d056b7b5ed,False,SAME_MINUTE_TIMES_AND_ECONOMIC_FIELDS,0
dup_bc4a586779f96819,2,"2025/2021-2024/2024/statement (11).html|DREA,補交易紀錄/2024-01-22 XM 績效.csv",CSV|HTML,rec_926861c2a034c52389ab|c_4cb791777c8ac55e3e51,False,SAME_MINUTE_TIMES_AND_ECONOMIC_FIELDS,0
dup_50423b85230658c9,2,"2025/2021-2024/2024/statement (11).html|DREA,補交易紀錄/2024-01-22 XM 績效.csv",CSV|HTML,rec_7acf8e047a3c488b7a82|c_549431478d89170e8ecb,False,SAME_MINUTE_TIMES_AND_ECONOMIC_FIELDS,0
dup_fbeba220d3e5e181,2,"2025/2021-2024/2024/statement (11).html|DREA,補交易紀錄/2024-01-22 XM 績效.csv",CSV|HTML,rec_4e1072bb38a0764163bf|c_4682451ec6c03bf9f5ab,False,SAME_MINUTE_TIMES_AND_ECONOMIC_FIELDS,0
dup_d86ac657ed567a93,2,"2025/2021-2024/2024/statement (11).html|DREA,補交易紀錄/2024-01-22 XM 績效.csv",CSV|HTML,rec_434387f977c3b94e06af|c_7eeb227eb01e47e753b3,False,SAME_MINUTE_TIMES_AND_ECONOMIC_FIELDS,0
dup_7cbba6fbf95252c5,2,"2025/2021-2024/2024/statement (11).html|DREA,補交易紀錄/2024-01-22 XM 績效.csv",CSV|HTML,rec_d5461a1199b584417fe7|c_52e95889c971ed7d697b,False,SAME_MINUTE_TIMES_AND_ECONOMIC_FIELDS,0
dup_22bc3697092b9f73,2,"2025/2021-2024/2024/statement (11).html|DREA,補交易紀錄/2024-01-22 XM 績效.csv",CSV|HTML,rec_75d77750e30d6eb7dde2|c_e1fa7d9e4de86d1b7596,False,SAME_MINUTE_TIMES_AND_ECONOMIC_FIELDS,0
dup_73e93537a34d3cc8,2,"2025/2021-2024/2024/statement (11).html|DREA,補交易紀錄/2024-01-22 XM 績效.csv",CSV|HTML,rec_058797e7ad5a9480a225|c_1af8cc38d0da050546da,False,SAME_MINUTE_TIMES_AND_ECONOMIC_FIELDS,0
dup_c530a52b496d5219,2,"2025/2021-2024/2024/statement (11).html|DREA,補交易紀錄/2024-01-22 XM 績效.csv",CSV|HTML,rec_b09e44f982aa5776f842|c_2fe890205f8f6a1e58df,False,SAME_MINUTE_TIMES_AND_ECONOMIC_FIELDS,0
dup_ce78caf43ceb21ee,2,"2025/2021-2024/2024/statement (11).html|DREA,補交易紀錄/2024-01-22 XM 績效.csv",CSV|HTML,rec_5617247a0df2531e4763|c_bdddd4bcdca2a8379abd,False,SAME_MINUTE_TIMES_AND_ECONOMIC_FIELDS,0
dup_4a2cab5694543a3d,2,"2025/2021-2024/2024/statement (11).html|DREA,補交易紀錄/2024-01-22 XM 績效.csv",CSV|HTML,rec_8286f2607097e34fd6e7|c_55dc66527363c4b37a03,False,SAME_MINUTE_TIMES_AND_ECONOMIC_FIELDS,0
dup_c2059ff737785eb2,2,"2025/2021-2024/2024/statement (11).html|DREA,補交易紀錄/2024-01-22 XM 績效.csv",CSV|HTML,rec_1e7e2dfc1ca3975ea82f|c_c9e66e8ee08252dffd23,False,SAME_MINUTE_TIMES_AND_ECONOMIC_FIELDS,0
dup_3fb3e3351b146168,2,"2025/2021-2024/2024/statement (11).html|DREA,補交易紀錄/2024-01-22 XM 績效.csv",CSV|HTML,rec_1e5bb5aa52f4319e025b|c_6ec58b487c685e7e3f5c,False,SAME_MINUTE_TIMES_AND_ECONOMIC_FIELDS,0
dup_2aee2c7857022b73,2,"2025/2021-2024/2024/statement (11).html|DREA,補交易紀錄/2024-01-22 XM 績效.csv",CSV|HTML,rec_886298f76f2429f39c5c|c_b2fb865fe6fb5ba79a76,False,SAME_MINUTE_TIMES_AND_ECONOMIC_FIELDS,0
dup_0decc35d46e1e0ef,2,"2025/2021-2024/2024/statement (11).html|DREA,補交易紀錄/2024-01-22 XM 績效.csv",CSV|HTML,rec_1624dd658873ad148ff9|c_2279ed291786c294868a,False,SAME_MINUTE_TIMES_AND_ECONOMIC_FIELDS,0
dup_c97ba4f1710f2478,2,"2025/2021-2024/2024/statement (11).html|DREA,補交易紀錄/2024-01-22 XM 績效.csv",CSV|HTML,rec_24c37bfaa04e1e295d75|c_bece63e1d7732b0629fd,False,SAME_MINUTE_TIMES_AND_ECONOMIC_FIELDS,0
dup_890756be7abce59f,2,"2025/2021-2024/2024/statement (11).html|DREA,補交易紀錄/2024-01-22 XM 績效.csv",CSV|HTML,rec_2ab9f1210a9e4f33aedd|c_904ee521165ce413f96f,False,SAME_MINUTE_TIMES_AND_ECONOMIC_FIELDS,0
dup_590b10a3d9b4a6ba,2,"2025/2021-2024/2024/statement (11).html|DREA,補交易紀錄/2024-01-22 XM 績效.csv",CSV|HTML,rec_f80cce3f42fdaa4a8879|c_511f4dc9cc280ef0d200,False,SAME_MINUTE_TIMES_AND_ECONOMIC_FIELDS,0
dup_99076b1b0d4b8d57,2,"2025/2021-2024/2024/statement (11).html|DREA,補交易紀錄/2024-01-22 XM 績效.csv",CSV|HTML,rec_bf48212fa67a5ac7ec67|c_6a92224e74818225e98f,False,SAME_MINUTE_TIMES_AND_ECONOMIC_FIELDS,0
dup_1412bf61a4908f99,2,"2025/2021-2024/2024/statement (8).html|DREA,補交易紀錄/2023-12-12 XM 績效.csv",CSV|HTML,rec_1a80af8ea5f41a63edd4|c_d05d5b7dd8af9d3e74af,False,SAME_MINUTE_TIMES_AND_ECONOMIC_FIELDS,0
dup_ac956bb476e4bcae,2,"2025/2021-2024/2024/statement (8).html|DREA,補交易紀錄/2023-12-12 XM 績效.csv",CSV|HTML,rec_c9f3748f59ba4b3dbf82|c_f8cf36501c19e80634a5,False,SAME_MINUTE_TIMES_AND_ECONOMIC_FIELDS,0
dup_e8cf6e47e364246e,2,"2025/2021-2024/2024/statement (8).html|DREA,補交易紀錄/2023-12-12 XM 績效.csv",CSV|HTML,rec_718776d08c82d88330a6|c_7b0433f591bd05552d35,False,SAME_MINUTE_TIMES_AND_ECONOMIC_FIELDS,0
dup_3e3ae42dc147d184,2,"2025/2021-2024/2024/statement (8).html|DREA,補交易紀錄/2023-12-12 XM 績效.csv",CSV|HTML,rec_0a799c2aaba919c8b0ce|c_0781482e9f048bbdef31,False,SAME_MINUTE_TIMES_AND_ECONOMIC_FIELDS,0
dup_33ba0fb27a09e9ee,2,"2025/2021-2024/2024/statement (8).html|DREA,補交易紀錄/2023-12-12 XM 績效.csv",CSV|HTML,rec_42234274375c2b3c6937|c_b031f202ac4da497a766,False,SAME_MINUTE_TIMES_AND_ECONOMIC_FIELDS,0
dup_27f85f3f4926ea1e,2,"2025/2021-2024/2024/statement (8).html|DREA,補交易紀錄/2023-12-12 XM 績效.csv",CSV|HTML,rec_5098a950a4b3df7667db|c_8d70e4ae9559caca1cbd,False,SAME_MINUTE_TIMES_AND_ECONOMIC_FIELDS,0
dup_309a2364f47169bb,2,"2025/2021-2024/2024/statement (8).html|DREA,補交易紀錄/2023-12-12 XM 績效.csv",CSV|HTML,rec_d6af53762e5a74cfab17|c_262af1662dc13f04bf6f,False,SAME_MINUTE_TIMES_AND_ECONOMIC_FIELDS,0
dup_efe006a02ab0aa15,2,"2025/2021-2024/2024/statement (8).html|DREA,補交易紀錄/2023-12-12 XM 績效.csv",CSV|HTML,rec_3639983c95b66ba4709b|c_4c03cc9bc482bbd7b203,False,SAME_MINUTE_TIMES_AND_ECONOMIC_FIELDS,0
dup_dc7d8ab94ffc7924,2,"2025/2021-2024/2024/statement (8).html|DREA,補交易紀錄/2023-12-12 XM 績效.csv",CSV|HTML,rec_912301633abd4f685784|c_d01e81a2c0d5b5df587a,False,SAME_MINUTE_TIMES_AND_ECONOMIC_FIELDS,0
dup_c09ab552818151eb,2,"2025/2021-2024/2024/statement (8).html|DREA,補交易紀錄/2023-12-12 XM 績效.csv",CSV|HTML,rec_f93f05f9d60e236a4083|c_6351560db50afc70d2a4,False,SAME_MINUTE_TIMES_AND_ECONOMIC_FIELDS,0
dup_4f7fa29c3c4e03bd,2,"2025/2021-2024/2024/statement (8).html|DREA,補交易紀錄/2023-12-12 XM 績效.csv",CSV|HTML,rec_79687edc2c6ff37101ff|c_4c6c79bbbb41e08147d0,False,SAME_MINUTE_TIMES_AND_ECONOMIC_FIELDS,0
dup_e662093438e53c4a,2,"2025/2021-2024/2024/statement (8).html|DREA,補交易紀錄/2023-12-12 XM 績效.csv",CSV|HTML,rec_67e84c14415444a4837e|c_88ce12ab641d132c0f8a,False,SAME_MINUTE_TIMES_AND_ECONOMIC_FIELDS,0
dup_3b8849087f8613ed,2,"2025/2021-2024/2024/statement (8).html|DREA,補交易紀錄/2023-12-12 XM 績效.csv",CSV|HTML,rec_c0c595bb750397d758f8|c_caa8c970f0c8a822a73c,False,SAME_MINUTE_TIMES_AND_ECONOMIC_FIELDS,0
dup_aeadf7154b7c08b7,2,"2025/2021-2024/2024/statement (8).html|DREA,補交易紀錄/2023-12-12 XM 績效.csv",CSV|HTML,rec_6c925f69583f524159f6|c_d244eeb44a3d1f75de41,False,SAME_MINUTE_TIMES_AND_ECONOMIC_FIELDS,0
dup_ec07cc6e645ac37a,2,"2025/2021-2024/2024/statement (8).html|DREA,補交易紀錄/2023-12-12 XM 績效.csv",CSV|HTML,rec_c1b58ca80a4e5c856e56|c_947c3a252ff82c39ff44,False,SAME_MINUTE_TIMES_AND_ECONOMIC_FIELDS,0
dup_214ea73d189cf3e7,2,"2025/2021-2024/2024/statement (8).html|DREA,補交易紀錄/2023-12-12 XM 績效.csv",CSV|HTML,rec_f753bf391b652f7f5004|c_2dc8d5b37d46dec80a75,False,SAME_MINUTE_TIMES_AND_ECONOMIC_FIELDS,0
dup_80d4c19ec09c9ce5,2,"2025/2021-2024/2024/statement (8).html|DREA,補交易紀錄/2023-12-12 XM 績效.csv",CSV|HTML,rec_632c49780c45ec474f5d|c_cb352bef7d67b7dfe53c,False,SAME_MINUTE_TIMES_AND_ECONOMIC_FIELDS,0
dup_4f1729219c041b94,2,"2025/2021-2024/2024/statement (8).html|DREA,補交易紀錄/2023-12-12 XM 績效.csv",CSV|HTML,rec_efe9005fb383869fa438|c_74e9c6e4376cb1213761,False,SAME_MINUTE_TIMES_AND_ECONOMIC_FIELDS,0
dup_85e7d63267ba1273,2,"2025/2021-2024/2024/statement (8).html|DREA,補交易紀錄/2023-12-12 XM 績效.csv",CSV|HTML,rec_488164bda3c5d55b5d32|c_f264f79041f02fdcf1f6,False,SAME_MINUTE_TIMES_AND_ECONOMIC_FIELDS,0
dup_35f822f0cff0a740,2,"2025/2021-2024/2024/statement (8).html|DREA,補交易紀錄/2023-12-12 XM 績效.csv",CSV|HTML,rec_c77b2d4eb98c2812c93d|c_e338d803e7923e76db53,False,SAME_MINUTE_TIMES_AND_ECONOMIC_FIELDS,0
dup_7f70ec22dc3abfdd,2,"2025/2021-2024/2024/statement (8).html|DREA,補交易紀錄/2023-12-12 XM 績效.csv",CSV|HTML,rec_f628fc2535ea1a8654e7|c_d117845ebf540c5c4373,False,SAME_MINUTE_TIMES_AND_ECONOMIC_FIELDS,0
dup_d3e4b89c19f04ab4,2,"2025/2021-2024/2024/statement (8).html|DREA,補交易紀錄/2023-12-12 XM 績效.csv",CSV|HTML,rec_76417a0083130ac93cb2|c_5b1e9f41af537037a790,False,SAME_MINUTE_TIMES_AND_ECONOMIC_FIELDS,0
dup_c8ac913cb3ba32b9,2,"2025/2021-2024/2024/statement (8).html|DREA,補交易紀錄/2023-12-12 XM 績效.csv",CSV|HTML,rec_06d8edd4da5447e1c3bb|c_faa226cf565cfa30e843,False,SAME_MINUTE_TIMES_AND_ECONOMIC_FIELDS,0
dup_6ed646ff87b9d7ff,2,"2025/2021-2024/2024/statement (8).html|DREA,補交易紀錄/2023-12-12 XM 績效.csv",CSV|HTML,rec_8f3b17c97e468b2b8069|c_055343bab0783b72001e,False,SAME_MINUTE_TIMES_AND_ECONOMIC_FIELDS,0
dup_d1226e5b80e0530d,2,"2025/2021-2024/2024/statement (8).html|DREA,補交易紀錄/2023-12-12 XM 績效.csv",CSV|HTML,rec_2fd984232e78c287468e|c_c3e9feae2256d8444649,False,SAME_MINUTE_TIMES_AND_ECONOMIC_FIELDS,0
dup_44c5c26b0782b4d7,2,"2025/2021-2024/2024/statement (8).html|DREA,補交易紀錄/2023-12-12 XM 績效.csv",CSV|HTML,rec_9ec79fbf8a2cbae68a94|c_99ab03aefcba795b39f0,False,SAME_MINUTE_TIMES_AND_ECONOMIC_FIELDS,0
dup_663edf1bd08fb0cf,2,"2025/2021-2024/2024/statement (8).html|DREA,補交易紀錄/2023-12-12 XM 績效.csv",CSV|HTML,rec_5c93df026d68cd740b3c|c_7c1fa92a12b897166ba9,False,SAME_MINUTE_TIMES_AND_ECONOMIC_FIELDS,0
dup_1c1025d7f5f7614a,2,"2025/2021-2024/2024/statement (8).html|DREA,補交易紀錄/2023-12-12 XM 績效.csv",CSV|HTML,rec_493f71e64000edb5510b|c_8769223e8f7b6778bb74,False,SAME_MINUTE_TIMES_AND_ECONOMIC_FIELDS,0
dup_60ab38e7868b4e46,2,"2025/2021-2024/2024/statement (8).html|DREA,補交易紀錄/2023-12-12 XM 績效.csv",CSV|HTML,rec_662351d826c311b8346d|c_6902035ac3601b055eb2,False,SAME_MINUTE_TIMES_AND_ECONOMIC_FIELDS,0
dup_55e8cdb4373280d5,2,"2025/2021-2024/2024/statement (8).html|DREA,補交易紀錄/2023-12-12 XM 績效.csv",CSV|HTML,rec_902383b96cdc68ad1249|c_31d7a13976157c4dcbd9,False,SAME_MINUTE_TIMES_AND_ECONOMIC_FIELDS,0
dup_c1b5b32ba2ac914b,2,"2025/2021-2024/2024/statement (8).html|DREA,補交易紀錄/2023-12-12 XM 績效.csv",CSV|HTML,rec_2b9d170db398934de91e|c_de8cb44a28db5c87a853,False,SAME_MINUTE_TIMES_AND_ECONOMIC_FIELDS,0
dup_abf2341b9410dbdc,2,"2025/2021-2024/2024/statement (8).html|DREA,補交易紀錄/2023-12-12 XM 績效.csv",CSV|HTML,rec_c85ff7ff4ce2a0d4ade0|c_1430c47725c805510690,False,SAME_MINUTE_TIMES_AND_ECONOMIC_FIELDS,0
dup_beaf8bd7e1e5eb07,2,"2025/2021-2024/2024/statement (8).html|DREA,補交易紀錄/2023-12-12 XM 績效.csv",CSV|HTML,rec_f779fe9deb37c295bfdd|c_870d82adb0dcbb895619,False,SAME_MINUTE_TIMES_AND_ECONOMIC_FIELDS,0
dup_cf76a01b7edfacc2,2,"2025/2021-2024/2024/statement (8).html|DREA,補交易紀錄/2023-12-12 XM 績效.csv",CSV|HTML,rec_2989f44b00c635742f11|c_22c7adbc7bda2800b1e6,False,SAME_MINUTE_TIMES_AND_ECONOMIC_FIELDS,0
dup_505b25a9b4bff645,2,"2025/2021-2024/2024/statement (8).html|DREA,補交易紀錄/2023-12-12 XM 績效.csv",CSV|HTML,rec_0140e92c15a89ceb06fd|c_5a524c96ac56d84fcbda,False,SAME_MINUTE_TIMES_AND_ECONOMIC_FIELDS,0
dup_c920bd4d24fdd1f4,2,"2025/2021-2024/2024/statement (8).html|DREA,補交易紀錄/2023-12-12 XM 績效.csv",CSV|HTML,rec_2b7678088708bd8982b3|c_847f7596885888f85164,False,SAME_MINUTE_TIMES_AND_ECONOMIC_FIELDS,0
dup_b4bb519be836aec0,2,"2025/2021-2024/2024/statement (8).html|DREA,補交易紀錄/2023-12-12 XM 績效.csv",CSV|HTML,rec_95d6a6633ab2d3da7a70|c_3a799719857470a42504,False,SAME_MINUTE_TIMES_AND_ECONOMIC_FIELDS,0
dup_72ddeb78649236b4,2,"2025/2021-2024/2024/statement (8).html|DREA,補交易紀錄/2023-12-12 XM 績效.csv",CSV|HTML,rec_fa4decaa53e5b225d442|c_4f731430fbba5d3ec799,False,SAME_MINUTE_TIMES_AND_ECONOMIC_FIELDS,0
dup_5919b14f6886a75e,2,"2025/2021-2024/2024/statement (8).html|DREA,補交易紀錄/2023-12-12 XM 績效.csv",CSV|HTML,rec_0588b83e3ef7f52981f5|c_4cf7c5a4750dc5c74273,False,SAME_MINUTE_TIMES_AND_ECONOMIC_FIELDS,0
dup_32e1d215e78d602f,2,"2025/2021-2024/2024/statement (8).html|DREA,補交易紀錄/2023-12-12 XM 績效.csv",CSV|HTML,rec_33105c39f8e9178fd46d|c_08ce60de18e9c9626a5e,False,SAME_MINUTE_TIMES_AND_ECONOMIC_FIELDS,0
dup_289280997bb6df50,2,"2025/2021-2024/2024/statement (8).html|DREA,補交易紀錄/2023-12-12 XM 績效.csv",CSV|HTML,rec_4c9b1141c4676e1f0f76|c_8456ff0310c90286eb8e,False,SAME_MINUTE_TIMES_AND_ECONOMIC_FIELDS,0
dup_1a0a97467fe2b40e,2,"2025/2021-2024/2024/statement (8).html|DREA,補交易紀錄/2023-12-12 XM 績效.csv",CSV|HTML,rec_ec19c49bde65630bbaec|c_2a86c99a2c00e872b8ad,False,SAME_MINUTE_TIMES_AND_ECONOMIC_FIELDS,0
dup_bf4160392b80c02e,2,"2025/2021-2024/2024/statement (8).html|DREA,補交易紀錄/2023-12-12 XM 績效.csv",CSV|HTML,rec_1ea3d40942a0b856a808|c_dd5f3b13d2879ee5bb11,False,SAME_MINUTE_TIMES_AND_ECONOMIC_FIELDS,0
dup_c67819bac4ea8e17,2,"2025/2021-2024/2024/statement (8).html|DREA,補交易紀錄/2023-12-12 XM 績效.csv",CSV|HTML,rec_3d6e900884f86f37305b|c_6ea6b46c539ece4b6c21,False,SAME_MINUTE_TIMES_AND_ECONOMIC_FIELDS,0
dup_ab5e0aed128724ee,2,"2025/2021-2024/2024/statement (8).html|DREA,補交易紀錄/2023-12-12 XM 績效.csv",CSV|HTML,rec_81087528a19d02b73262|c_5f7ffda3b3993d19bc20,False,SAME_MINUTE_TIMES_AND_ECONOMIC_FIELDS,0
dup_26433eab4e4570e9,2,"2025/2021-2024/2024/statement (8).html|DREA,補交易紀錄/2023-12-12 XM 績效.csv",CSV|HTML,rec_2f5830bbaef509f57b25|c_47c37b9f105d29d9babe,False,SAME_MINUTE_TIMES_AND_ECONOMIC_FIELDS,0
dup_0e80c0f012606861,2,"2025/2021-2024/2024/statement (8).html|DREA,補交易紀錄/2023-12-12 XM 績效.csv",CSV|HTML,rec_9528beb059df7256a4fa|c_4723ed9f5c71c7bb8150,False,SAME_MINUTE_TIMES_AND_ECONOMIC_FIELDS,0
dup_04985a50137ba130,2,"2025/2021-2024/2024/statement (8).html|DREA,補交易紀錄/2023-12-12 XM 績效.csv",CSV|HTML,rec_d1f7116f0ce84bf239a2|c_a5e1c49db21f5ecec480,False,SAME_MINUTE_TIMES_AND_ECONOMIC_FIELDS,0
dup_8ce01f0dffd23da5,2,"2025/2021-2024/2024/statement (6).html|DREA,補交易紀錄/2024-05-24.csv",CSV|HTML,rec_ee58c8da8df8117b98fd|c_0f91140705db852ee53c,False,SAME_MINUTE_TIMES_AND_ECONOMIC_FIELDS,0
dup_fa9432ffa83b151e,2,"2025/2021-2024/2024/statement (6).html|DREA,補交易紀錄/2024-05-24.csv",CSV|HTML,rec_22760b114142bdf4ab9b|c_7b43094cc3195884bc25,False,SAME_MINUTE_TIMES_AND_ECONOMIC_FIELDS,0
dup_3681cb0551882cab,2,"2025/2021-2024/2024/statement (6).html|DREA,補交易紀錄/2024-05-24.csv",CSV|HTML,rec_96b9f86d6bfe8884c342|c_bdf7300eaff05eef03fa,False,SAME_MINUTE_TIMES_AND_ECONOMIC_FIELDS,0
dup_c423e939a03caf82,2,"2025/2021-2024/2024/statement (6).html|DREA,補交易紀錄/2024-05-24.csv",CSV|HTML,rec_081ad91bf66230232104|c_154c18fc44b2b597b7a4,False,SAME_MINUTE_TIMES_AND_ECONOMIC_FIELDS,0
dup_e32d4f08b112d659,2,"2025/2021-2024/2024/statement (6).html|DREA,補交易紀錄/2024-05-24.csv",CSV|HTML,rec_9822c614de44d74f1030|c_fc16c6f8fcddf2f448e1,False,SAME_MINUTE_TIMES_AND_ECONOMIC_FIELDS,0
dup_036fe0e983f8121e,2,"2025/2021-2024/2024/statement (6).html|DREA,補交易紀錄/2024-05-24.csv",CSV|HTML,rec_a30386a384f2e90f5121|c_dd7c59f3c949d80ed29f,False,SAME_MINUTE_TIMES_AND_ECONOMIC_FIELDS,0
dup_82831fd969f211ac,2,"2025/2021-2024/2024/statement (6).html|DREA,補交易紀錄/2024-05-24.csv",CSV|HTML,rec_cd92ca733515e674a146|c_2829e8cc92253f8cc6a3,False,SAME_MINUTE_TIMES_AND_ECONOMIC_FIELDS,0
dup_177d33010d4eb57d,2,"2025/2021-2024/2024/statement (6).html|DREA,補交易紀錄/2024-05-24.csv",CSV|HTML,rec_c99318bd060c0a63576e|c_317141bd6a29af5e573f,False,SAME_MINUTE_TIMES_AND_ECONOMIC_FIELDS,0
dup_71b4a3acfcc77812,2,"2025/2021-2024/2024/statement (6).html|DREA,補交易紀錄/2024-05-24.csv",CSV|HTML,rec_c225a85825d45341c46a|c_37388c44566ca19792f6,False,SAME_MINUTE_TIMES_AND_ECONOMIC_FIELDS,0
dup_05f1f6b9eaf47b3f,2,"2025/2021-2024/2024/statement (6).html|DREA,補交易紀錄/2024-05-24.csv",CSV|HTML,rec_5f63125ffec33e18a093|c_98d7b1b19a7587ce4f38,False,SAME_MINUTE_TIMES_AND_ECONOMIC_FIELDS,0
dup_67b648cb48687144,2,"2025/2021-2024/2024/statement (6).html|DREA,補交易紀錄/2024-05-24.csv",CSV|HTML,rec_1c7867ffcbed81683808|c_6ec66bfbe67a5d10e336,False,SAME_MINUTE_TIMES_AND_ECONOMIC_FIELDS,0
dup_1cec4bcc1e32f578,2,"2025/2021-2024/2024/statement (6).html|DREA,補交易紀錄/2024-05-24.csv",CSV|HTML,rec_aae34027086d123d4cc7|c_d0f893a97c717c16b8b9,False,SAME_MINUTE_TIMES_AND_ECONOMIC_FIELDS,0
dup_0a7c4a74e0901360,2,"2025/2021-2024/2024/statement (6).html|DREA,補交易紀錄/2024-05-24.csv",CSV|HTML,rec_ea29bfe21e20903ffe2a|c_bf0d8685e8763aad3011,False,SAME_MINUTE_TIMES_AND_ECONOMIC_FIELDS,0
dup_661b7cd8b53111e6,2,"2025/2021-2024/2024/statement (6).html|DREA,補交易紀錄/2024-05-24.csv",CSV|HTML,rec_1f4853f070c1552e85a5|c_9a8b7c28492872840a6c,False,SAME_MINUTE_TIMES_AND_ECONOMIC_FIELDS,0
dup_a59c47ccb08a4846,2,"2025/2021-2024/2024/statement (6).html|DREA,補交易紀錄/2024-05-24.csv",CSV|HTML,rec_27b69c2b5917baf3ac00|c_68284f3fe92aac705fe5,False,SAME_MINUTE_TIMES_AND_ECONOMIC_FIELDS,0
dup_cc208520ce5e269b,2,"2025/2021-2024/2024/statement (6).html|DREA,補交易紀錄/2024-05-24.csv",CSV|HTML,rec_84e9ce6a878b4a150788|c_d14dd142a02a88f60f73,False,SAME_MINUTE_TIMES_AND_ECONOMIC_FIELDS,0
dup_54899ea63da59f27,2,"2025/2021-2024/2024/statement (6).html|DREA,補交易紀錄/2024-05-24.csv",CSV|HTML,rec_e53e3f7251394dbd929b|c_afea9e2d2baafcc85ddb,False,SAME_MINUTE_TIMES_AND_ECONOMIC_FIELDS,0
dup_10530705613dc3d0,2,"2025/2021-2024/2024/statement (6).html|DREA,補交易紀錄/2024-05-24.csv",CSV|HTML,rec_b27749761e906fdf4658|c_0a81aebcb1b61aa9a31e,False,SAME_MINUTE_TIMES_AND_ECONOMIC_FIELDS,0
dup_0667b3dc3081dd90,2,"2025/2021-2024/2024/statement (6).html|DREA,補交易紀錄/2024-05-24.csv",CSV|HTML,rec_fe66e1ccaa2d3f1efb08|c_aeb800d0d1f3b05701e2,False,SAME_MINUTE_TIMES_AND_ECONOMIC_FIELDS,0
dup_4b030a22c6ebda9c,2,"2025/2021-2024/2024/statement (5).html|DREA,補交易紀錄/2024-06-20.csv",CSV|HTML,rec_cc3fbea1901498ab179f|c_b6e77608867796adf39d,False,SAME_MINUTE_TIMES_AND_ECONOMIC_FIELDS,0
dup_b1d57ccb58ce5ed3,2,"2025/2021-2024/2024/statement (5).html|DREA,補交易紀錄/2024-06-20.csv",CSV|HTML,rec_347806aaedb8c07f9af7|c_1c95925778fa2ef43342,False,SAME_MINUTE_TIMES_AND_ECONOMIC_FIELDS,0
dup_b537c1e132c25e38,2,"2025/2021-2024/2024/statement (5).html|DREA,補交易紀錄/2024-06-20.csv",CSV|HTML,rec_bf90266ed71f4591c9db|c_1823fccf47a1b5abd30a,False,SAME_MINUTE_TIMES_AND_ECONOMIC_FIELDS,0
dup_94e3f3abad5b7b3b,2,"2025/2021-2024/2024/statement (5).html|DREA,補交易紀錄/2024-06-20.csv",CSV|HTML,rec_e03a039c58a45927790c|c_35613edf4bf008e56a43,False,SAME_MINUTE_TIMES_AND_ECONOMIC_FIELDS,0
dup_ee512f11863a6fb8,2,"2025/2021-2024/2024/statement (5).html|DREA,補交易紀錄/2024-06-20.csv",CSV|HTML,rec_886fbd55dc4239b8a53a|c_3e21537bb22391c53be4,False,SAME_MINUTE_TIMES_AND_ECONOMIC_FIELDS,0
dup_2d417495457720fd,2,"2025/2021-2024/2024/statement (5).html|DREA,補交易紀錄/2024-06-20.csv",CSV|HTML,rec_95c45eea5bfab521e0be|c_4406b467613ae8e75c32,False,SAME_MINUTE_TIMES_AND_ECONOMIC_FIELDS,0
dup_b8c2e6ba250104df,2,"2025/2021-2024/2024/statement (5).html|DREA,補交易紀錄/2024-06-20.csv",CSV|HTML,rec_30b75008e846783abaa2|c_cda2425abc4ed87a02ba,False,SAME_MINUTE_TIMES_AND_ECONOMIC_FIELDS,0
dup_29c11c177cc3a0e9,2,"2025/2021-2024/2024/statement (5).html|DREA,補交易紀錄/2024-06-20.csv",CSV|HTML,rec_1481344ed5f506454bec|c_bc0c086df8ec31fd823d,False,SAME_MINUTE_TIMES_AND_ECONOMIC_FIELDS,0
dup_3797470f6121e745,2,"2025/2021-2024/2024/statement (5).html|DREA,補交易紀錄/2024-06-20.csv",CSV|HTML,rec_0b99c9708c9a5d49cb5a|c_6c2bc348194e235c4b15,False,SAME_MINUTE_TIMES_AND_ECONOMIC_FIELDS,0
dup_945edbe779c16edd,2,"2025/2021-2024/2024/statement (5).html|DREA,補交易紀錄/2024-06-20.csv",CSV|HTML,rec_bb4ed472b49034320891|c_43631c649542bc95c2cb,False,SAME_MINUTE_TIMES_AND_ECONOMIC_FIELDS,0
dup_986965fb695beec4,2,"2025/2021-2024/2024/statement (5).html|DREA,補交易紀錄/2024-06-20.csv",CSV|HTML,rec_a3cea473470ebc808664|c_06a21cf69d902753d176,False,SAME_MINUTE_TIMES_AND_ECONOMIC_FIELDS,0
dup_33d6754cfd8b4c94,2,"2025/2021-2024/2024/statement (5).html|DREA,補交易紀錄/2024-06-20.csv",CSV|HTML,rec_ce55aef336c6f804acee|c_180cedcad6bcbcdb204e,False,SAME_MINUTE_TIMES_AND_ECONOMIC_FIELDS,0
dup_ecbf14f4a353149d,2,"2025/2021-2024/2024/statement (5).html|DREA,補交易紀錄/2024-06-20.csv",CSV|HTML,rec_191f4e78b427a32e92a7|c_67906268acb75ec088fd,False,SAME_MINUTE_TIMES_AND_ECONOMIC_FIELDS,0
dup_56f99a0ac9d4940e,2,"2025/2021-2024/2024/statement (5).html|DREA,補交易紀錄/2024-06-20.csv",CSV|HTML,rec_526951aee7b5a0b6070f|c_f4a97b309d9e84d07374,False,SAME_MINUTE_TIMES_AND_ECONOMIC_FIELDS,0
dup_c68b58b5b0311bee,2,"2025/2021-2024/2024/statement (5).html|DREA,補交易紀錄/2024-06-20.csv",CSV|HTML,rec_0b86c5326ba96d6ba048|c_934fc4cf26dd733d9d6d,False,SAME_MINUTE_TIMES_AND_ECONOMIC_FIELDS,0
dup_aa1cbef54426cff2,2,"2025/2021-2024/2024/statement (5).html|DREA,補交易紀錄/2024-06-20.csv",CSV|HTML,rec_77643727e48bb7eac08d|c_d7aeca16eb51d3ad209e,False,SAME_MINUTE_TIMES_AND_ECONOMIC_FIELDS,0
dup_81479423c8495d85,2,"2025/2021-2024/2024/statement (5).html|DREA,補交易紀錄/2024-06-20.csv",CSV|HTML,rec_b84340806e4139552ae4|c_a3dd22a2c74263d419e4,False,SAME_MINUTE_TIMES_AND_ECONOMIC_FIELDS,0
dup_cd4c38dfa6e75686,2,"2025/2021-2024/2024/statement (5).html|DREA,補交易紀錄/2024-06-20.csv",CSV|HTML,rec_926c6c66e282b36296ee|c_e545162917c6eef05b6b,False,SAME_MINUTE_TIMES_AND_ECONOMIC_FIELDS,0
dup_e743a51a37a9ab8e,2,"2025/2021-2024/2024/statement (5).html|DREA,補交易紀錄/2024-06-20.csv",CSV|HTML,rec_995cae55202508eace20|c_0b6d04b54c0dadfc8d1d,False,SAME_MINUTE_TIMES_AND_ECONOMIC_FIELDS,0
dup_403e271b4c9c2b2b,2,"2025/2021-2024/2024/statement (5).html|DREA,補交易紀錄/2024-06-20.csv",CSV|HTML,rec_90b69399eba905ed9d01|c_ddea2cb7d604efa6f263,False,SAME_MINUTE_TIMES_AND_ECONOMIC_FIELDS,0
dup_0d2a590a2dcedf7a,2,"2025/2021-2024/2024/statement (5).html|DREA,補交易紀錄/2024-06-20.csv",CSV|HTML,rec_02a2415b8a8f67bf0ec1|c_2232ca3b35f28c71541e,False,SAME_MINUTE_TIMES_AND_ECONOMIC_FIELDS,0
dup_810cf41e84942d67,2,"2025/2021-2024/2024/statement (5).html|DREA,補交易紀錄/2024-06-20.csv",CSV|HTML,rec_b30cb001a8a7dd069f3a|c_baa4530b66cd70287dd6,False,SAME_MINUTE_TIMES_AND_ECONOMIC_FIELDS,0
dup_c7292179c031fba9,2,"2025/2021-2024/2024/statement (5).html|DREA,補交易紀錄/2024-06-20.csv",CSV|HTML,rec_59150c71b713ecfdd613|c_bd5d8b2c4e6bbe845d7b,False,SAME_MINUTE_TIMES_AND_ECONOMIC_FIELDS,0
dup_acb81c0729c3d79a,2,"2025/2021-2024/2024/statement (5).html|DREA,補交易紀錄/2024-06-20.csv",CSV|HTML,rec_f14d3cf82c53985b14e9|c_a3888ba6a7b3b511f299,False,SAME_MINUTE_TIMES_AND_ECONOMIC_FIELDS,0
dup_6a90502765cbaf8e,2,"2025/2021-2024/2024/statement (5).html|DREA,補交易紀錄/2024-06-20.csv",CSV|HTML,rec_517e272441973c5a3047|c_ff006ce5d0b9b530165e,False,SAME_MINUTE_TIMES_AND_ECONOMIC_FIELDS,0
dup_00d375c388246a63,2,"2025/2021-2024/2024/statement (5).html|DREA,補交易紀錄/2024-06-20.csv",CSV|HTML,rec_c8cf97bd262fa4de0872|c_6a621d506d4df0af8d36,False,SAME_MINUTE_TIMES_AND_ECONOMIC_FIELDS,0
dup_8e9b48bda04f730d,2,"2025/2021-2024/2024/statement (4).html|DREA,補交易紀錄/2024-09-10 Xm —挑戰1日50倍.csv",CSV|HTML,rec_963bc1c882fd69b08638|c_10f4bffbeed2952673cf,False,SAME_MINUTE_TIMES_AND_ECONOMIC_FIELDS,0
dup_f86ff724eccd1ac8,2,"2025/2021-2024/2024/statement (4).html|DREA,補交易紀錄/2024-09-10 Xm —挑戰1日50倍.csv",CSV|HTML,rec_e4d6d5c511e493c3f0f8|c_2a28989a4c5afbfc81e8,False,SAME_MINUTE_TIMES_AND_ECONOMIC_FIELDS,0
dup_f539aa9c33526bbf,2,"2025/2021-2024/2024/statement (4).html|DREA,補交易紀錄/2024-09-10 Xm —挑戰1日50倍.csv",CSV|HTML,rec_1c592d8da6bab434585a|c_564c8911e3e2b249e7c8,False,SAME_MINUTE_TIMES_AND_ECONOMIC_FIELDS,0
dup_08d9b59cab3fdf4c,2,"2025/2021-2024/2024/statement (4).html|DREA,補交易紀錄/2024-09-10 Xm —挑戰1日50倍.csv",CSV|HTML,rec_5d6cad21b48a8f509d26|c_11f2e7fee56f30d7758f,False,SAME_MINUTE_TIMES_AND_ECONOMIC_FIELDS,0
dup_923470a815ee1a59,2,"2025/2021-2024/2024/statement (4).html|DREA,補交易紀錄/2024-09-10 Xm —挑戰1日50倍.csv",CSV|HTML,rec_421c61973d65c384615f|c_3501159707521faf36eb,False,SAME_MINUTE_TIMES_AND_ECONOMIC_FIELDS,0
dup_05793d6eee067ca4,2,"2025/2021-2024/2024/statement (4).html|DREA,補交易紀錄/2024-09-10 Xm —挑戰1日50倍.csv",CSV|HTML,rec_7d627c01ea02226f3037|c_469166bb8d76cb021bd0,False,SAME_MINUTE_TIMES_AND_ECONOMIC_FIELDS,0
dup_2b5331be04c29029,2,"2025/2021-2024/2024/statement (4).html|DREA,補交易紀錄/2024-09-10 Xm —挑戰1日50倍.csv",CSV|HTML,rec_226e6a3751e58d5446c1|c_f28eaf039fb3b703fe36,False,SAME_MINUTE_TIMES_AND_ECONOMIC_FIELDS,0
dup_b6018b59bf4c5af2,2,"2025/2021-2024/2024/statement (4).html|DREA,補交易紀錄/2024-09-10 Xm —挑戰1日50倍.csv",CSV|HTML,rec_7530053dfada66028047|c_2b893518333d6cb61c5a,False,SAME_MINUTE_TIMES_AND_ECONOMIC_FIELDS,0
dup_0451fce651eff1ab,2,"2025/2021-2024/2024/statement (4).html|DREA,補交易紀錄/2024-09-10 Xm —挑戰1日50倍.csv",CSV|HTML,rec_659c8a5b79c2fbc450a4|c_507d7159b02f5f39022e,False,SAME_MINUTE_TIMES_AND_ECONOMIC_FIELDS,0
dup_33b31bd4bfd146d5,2,"2025/2021-2024/2024/statement (4).html|DREA,補交易紀錄/2024-09-10 Xm —挑戰1日50倍.csv",CSV|HTML,rec_3811a3be6af264829589|c_1d587125e61751d751f7,False,SAME_MINUTE_TIMES_AND_ECONOMIC_FIELDS,0
dup_8d0bd7b1551a01e2,2,"2025/2021-2024/2024/statement (4).html|DREA,補交易紀錄/2024-09-10 Xm —挑戰1日50倍.csv",CSV|HTML,rec_2a21ca21d2dbfc88e254|c_2c1c0b71f9493e910cab,False,SAME_MINUTE_TIMES_AND_ECONOMIC_FIELDS,0
dup_ba9792c88d908e3c,2,"2025/2021-2024/2024/statement (4).html|DREA,補交易紀錄/2024-09-10 Xm —挑戰1日50倍.csv",CSV|HTML,rec_eb2e00cc713dd1392f4d|c_5c3cd5ecd465ae136e4c,False,SAME_MINUTE_TIMES_AND_ECONOMIC_FIELDS,0
dup_0c592c3f07efac2c,2,"2025/2021-2024/2024/statement (4).html|DREA,補交易紀錄/2024-09-10 Xm —挑戰1日50倍.csv",CSV|HTML,rec_15555d795fc090226059|c_a95685eb325ec55d4f77,False,SAME_MINUTE_TIMES_AND_ECONOMIC_FIELDS,0
dup_2306fcad07d06da7,2,"2025/2021-2024/2024/statement (4).html|DREA,補交易紀錄/2024-09-10 Xm —挑戰1日50倍.csv",CSV|HTML,rec_5e961a6fd472b9ab6087|c_28ab438a23bd4f77f8a1,False,SAME_MINUTE_TIMES_AND_ECONOMIC_FIELDS,0
dup_c0b803e09fb0c57f,2,"2025/2021-2024/2024/statement (4).html|DREA,補交易紀錄/2024-09-10 Xm —挑戰1日50倍.csv",CSV|HTML,rec_1085efd9238aa8012121|c_d5df26bed5fc6274ed47,False,SAME_MINUTE_TIMES_AND_ECONOMIC_FIELDS,0
dup_1ee3f48416a90f61,2,"2025/2021-2024/2024/statement (4).html|DREA,補交易紀錄/2024-09-10 Xm —挑戰1日50倍.csv",CSV|HTML,rec_d18b4a24691a9a1ded38|c_e9aa3e7799806b8450f3,False,SAME_MINUTE_TIMES_AND_ECONOMIC_FIELDS,0
dup_d1acf511743fe793,2,"2025/2021-2024/2024/statement (4).html|DREA,補交易紀錄/2024-09-10 Xm —挑戰1日50倍.csv",CSV|HTML,rec_de7222adcc540ed33ad8|c_32aa8ca4e15e75d0d06f,False,SAME_MINUTE_TIMES_AND_ECONOMIC_FIELDS,0
dup_a8aca2f0d1f40305,2,"2025/2021-2024/2024/statement (4).html|DREA,補交易紀錄/2024-09-10 Xm —挑戰1日50倍.csv",CSV|HTML,rec_4f720994f32d532ca0a4|c_fa54f4886a352158e1df,False,SAME_MINUTE_TIMES_AND_ECONOMIC_FIELDS,0
dup_d0230a39bc5f9e52,2,"2025/2021-2024/2024/statement (4).html|DREA,補交易紀錄/2024-09-10 Xm —挑戰1日50倍.csv",CSV|HTML,rec_7feac95212059d49d4d3|c_043ba35d755d36d58460,False,SAME_MINUTE_TIMES_AND_ECONOMIC_FIELDS,0
dup_01651430616a4ed0,2,"2025/2021-2024/2024/statement (4).html|DREA,補交易紀錄/2024-09-10 Xm —挑戰1日50倍.csv",CSV|HTML,rec_a9ff88348896aa2b70c7|c_1f86ccdf9144b8cd7d12,False,SAME_MINUTE_TIMES_AND_ECONOMIC_FIELDS,0
dup_e73cbbc05a9569d7,2,"2025/2021-2024/2024/statement (4).html|DREA,補交易紀錄/2024-09-10 Xm —挑戰1日50倍.csv",CSV|HTML,rec_06c72bef11979c36cac0|c_8cf968fbbff9986ee3e8,False,SAME_MINUTE_TIMES_AND_ECONOMIC_FIELDS,0
dup_50fc39780c820bf8,2,"2025/2021-2024/2024/statement (4).html|DREA,補交易紀錄/2024-09-10 Xm —挑戰1日50倍.csv",CSV|HTML,rec_7f3f41594f4a8a1d5346|c_228136cf8340699367e5,False,SAME_MINUTE_TIMES_AND_ECONOMIC_FIELDS,0
dup_7cfd7d9a94c69726,2,"2025/2021-2024/2024/statement (4).html|DREA,補交易紀錄/2024-09-10 Xm —挑戰1日50倍.csv",CSV|HTML,rec_2463bb37b5076c9b6b04|c_af3823f6b40868b77cc7,False,SAME_MINUTE_TIMES_AND_ECONOMIC_FIELDS,0
dup_188ad1485a34c364,2,"2025/2021-2024/2024/statement (4).html|DREA,補交易紀錄/2024-09-10 Xm —挑戰1日50倍.csv",CSV|HTML,rec_acd8bcc756c701246892|c_55e2d7a58825cdbbea6f,False,SAME_MINUTE_TIMES_AND_ECONOMIC_FIELDS,0
dup_c68b036bcb40d153,2,"2025/2021-2024/2024/statement (4).html|DREA,補交易紀錄/2024-09-10 Xm —挑戰1日50倍.csv",CSV|HTML,rec_5a6a46cb210c666b4858|c_8ee1689e195053a6253a,False,SAME_MINUTE_TIMES_AND_ECONOMIC_FIELDS,0
dup_1266d76073276c81,2,"2025/2021-2024/2024/statement (4).html|DREA,補交易紀錄/2024-09-10 Xm —挑戰1日50倍.csv",CSV|HTML,rec_d531e7ac7133ce97385e|c_0fab60be21ab873284df,False,SAME_MINUTE_TIMES_AND_ECONOMIC_FIELDS,0
dup_fdc66753258d4006,2,"2025/2021-2024/2024/statement (4).html|DREA,補交易紀錄/2024-09-10 Xm —挑戰1日50倍.csv",CSV|HTML,rec_169196069e086b5892fd|c_1a21cad6d8496f1cca89,False,SAME_MINUTE_TIMES_AND_ECONOMIC_FIELDS,0
dup_89b3099caf16b0a1,2,"2025/2021-2024/2024/statement (4).html|DREA,補交易紀錄/2024-09-10 Xm —挑戰1日50倍.csv",CSV|HTML,rec_0684273139ed132357c5|c_8eabeebc196c6a9a4161,False,SAME_MINUTE_TIMES_AND_ECONOMIC_FIELDS,0
dup_8b45a128cb6711a9,2,"2025/2021-2024/2024/statement (4).html|DREA,補交易紀錄/2024-09-10 Xm —挑戰1日50倍.csv",CSV|HTML,rec_f47936b7ac3fab8ec1c1|c_544b8b01e666cfee5b16,False,SAME_MINUTE_TIMES_AND_ECONOMIC_FIELDS,0
dup_c6aadc1047f0db79,2,"2025/2021-2024/2024/statement (4).html|DREA,補交易紀錄/2024-09-10 Xm —挑戰1日50倍.csv",CSV|HTML,rec_366c4a1052f8950365fe|c_68f1d75500168bffcbce,False,SAME_MINUTE_TIMES_AND_ECONOMIC_FIELDS,0
dup_b2cf43166d8337a2,2,"2025/2021-2024/2024/statement (4).html|DREA,補交易紀錄/2024-09-10 Xm —挑戰1日50倍.csv",CSV|HTML,rec_a6b49538ca35e4ad1e2a|c_bc93b345403c2e5f0f28,False,SAME_MINUTE_TIMES_AND_ECONOMIC_FIELDS,0
dup_dc4bc56730de4bf1,2,"2025/2021-2024/2024/statement (4).html|DREA,補交易紀錄/2024-09-10 Xm —挑戰1日50倍.csv",CSV|HTML,rec_ac363a2e2fc1bcc01555|c_6cda0532bf5ec5912af2,False,SAME_MINUTE_TIMES_AND_ECONOMIC_FIELDS,0
dup_ee614b3bfaae5571,2,"2025/2021-2024/2024/statement (4).html|DREA,補交易紀錄/2024-09-10 Xm —挑戰1日50倍.csv",CSV|HTML,rec_0105ec90ef72daaa453a|c_1086606f19c978aaef4c,False,SAME_MINUTE_TIMES_AND_ECONOMIC_FIELDS,0
dup_f2603eff30afbe20,2,"2025/2021-2024/2024/statement (4).html|DREA,補交易紀錄/2024-09-10 Xm —挑戰1日50倍.csv",CSV|HTML,rec_79b13f1b21b7f856008c|c_1b370a5d79cab311f65b,False,SAME_MINUTE_TIMES_AND_ECONOMIC_FIELDS,0
dup_44f43705e85bc692,2,"2025/2021-2024/2024/statement (4).html|DREA,補交易紀錄/2024-09-10 Xm —挑戰1日50倍.csv",CSV|HTML,rec_d134ee0565d070cb098f|c_9fa8adafc2594a6dc3ab,False,SAME_MINUTE_TIMES_AND_ECONOMIC_FIELDS,0
dup_72e5ce1c8f10f553,2,"2025/2021-2024/2024/statement (4).html|DREA,補交易紀錄/2024-09-10 Xm —挑戰1日50倍.csv",CSV|HTML,rec_4052cff8b92173e5dbac|c_7c4d198829e97ddd0c48,False,SAME_MINUTE_TIMES_AND_ECONOMIC_FIELDS,0
dup_e38ce5fe19610af4,2,"2025/2021-2024/2024/statement (4).html|DREA,補交易紀錄/2024-09-10 Xm —挑戰1日50倍.csv",CSV|HTML,rec_46fcf27557bb372f54c8|c_6554f2fe12a1aabd28dd,False,SAME_MINUTE_TIMES_AND_ECONOMIC_FIELDS,0
dup_ffde79dca2c46508,2,"2025/2021-2024/2024/statement (4).html|DREA,補交易紀錄/2024-09-10 Xm —挑戰1日50倍.csv",CSV|HTML,rec_ad81005269ddb980dc53|c_f212fa39f7db53b2e5fd,False,SAME_MINUTE_TIMES_AND_ECONOMIC_FIELDS,0
dup_08ebef59dfa17920,2,"2025/2021-2024/2024/statement (4).html|DREA,補交易紀錄/2024-09-10 Xm —挑戰1日50倍.csv",CSV|HTML,rec_fd004e97442c18c9eeaa|c_049db36fd3da956a8e62,False,SAME_MINUTE_TIMES_AND_ECONOMIC_FIELDS,0
dup_3bc60cfe318c3249,2,"2025/2021-2024/2024/statement (4).html|DREA,補交易紀錄/2024-09-10 Xm —挑戰1日50倍.csv",CSV|HTML,rec_8097a276fecb25546133|c_3e083bd7b5044df19322,False,SAME_MINUTE_TIMES_AND_ECONOMIC_FIELDS,0
dup_0db5858d29f04540,2,"2025/2021-2024/2024/statement (4).html|DREA,補交易紀錄/2024-09-10 Xm —挑戰1日50倍.csv",CSV|HTML,rec_0c9f420e8b1f8d62cda7|c_c8629e11704ceb682bf5,False,SAME_MINUTE_TIMES_AND_ECONOMIC_FIELDS,0
dup_b9b3fb0cb294c24f,2,"2025/2021-2024/2024/statement (4).html|DREA,補交易紀錄/2024-09-10 Xm —挑戰1日50倍.csv",CSV|HTML,rec_7736ec084a17fbd8691f|c_261ff097a7811d4d7783,False,SAME_MINUTE_TIMES_AND_ECONOMIC_FIELDS,0
dup_a4dd12250e203c1b,2,"2025/2021-2024/2024/statement (4).html|DREA,補交易紀錄/2024-09-10 Xm —挑戰1日50倍.csv",CSV|HTML,rec_07dc801a112780392b6f|c_cbfa67aceaa77b6fc1d5,False,SAME_MINUTE_TIMES_AND_ECONOMIC_FIELDS,0
dup_9a9329cc464f9f97,2,"2025/2021-2024/2024/statement (4).html|DREA,補交易紀錄/2024-09-10 Xm —挑戰1日50倍.csv",CSV|HTML,rec_86a853c63a8bf0d57bed|c_ad1cc10188cab8efd2b7,False,SAME_MINUTE_TIMES_AND_ECONOMIC_FIELDS,0
dup_6b2471a20ddb4f23,2,"2025/2021-2024/2024/statement (4).html|DREA,補交易紀錄/2024-09-10 Xm —挑戰1日50倍.csv",CSV|HTML,rec_f26ffcd5fb5edeabf2b6|c_f373aa6f540c4257225d,False,SAME_MINUTE_TIMES_AND_ECONOMIC_FIELDS,0
dup_90e24e5192071a7e,2,"2025/2021-2024/2024/statement (4).html|DREA,補交易紀錄/2024-09-10 Xm —挑戰1日50倍.csv",CSV|HTML,rec_0a69f5874d879cc20304|c_256ec56720df81f39281,False,SAME_MINUTE_TIMES_AND_ECONOMIC_FIELDS,0
dup_296bdde153c686ab,2,"2025/2021-2024/2024/statement (4).html|DREA,補交易紀錄/2024-09-10 Xm —挑戰1日50倍.csv",CSV|HTML,rec_19c5dcfdc97a0632d9b4|c_735d8f05bb4ff3efa629,False,SAME_MINUTE_TIMES_AND_ECONOMIC_FIELDS,0
dup_f67922cc4b5817fd,2,"2025/2021-2024/2024/statement (4).html|DREA,補交易紀錄/2024-09-10 Xm —挑戰1日50倍.csv",CSV|HTML,rec_68584153b63afbc1b6d7|c_b9b54f9d63b36357277a,False,SAME_MINUTE_TIMES_AND_ECONOMIC_FIELDS,0
dup_3128f217f99eae65,2,"2025/2021-2024/2024/statement (4).html|DREA,補交易紀錄/2024-09-10 Xm —挑戰1日50倍.csv",CSV|HTML,rec_babcde6a7f6cbd4c1e4b|c_d3df7819674858d588d4,False,SAME_MINUTE_TIMES_AND_ECONOMIC_FIELDS,0
dup_c7f35eba3590e9cd,2,"2025/2021-2024/2024/statement (4).html|DREA,補交易紀錄/2024-09-10 Xm —挑戰1日50倍.csv",CSV|HTML,rec_0aa02ed29040f1741bb8|c_b455489f5ac89073bbc4,False,SAME_MINUTE_TIMES_AND_ECONOMIC_FIELDS,0
dup_36fb0cd68fe130d1,2,"2025/2021-2024/2024/statement (4).html|DREA,補交易紀錄/2024-09-10 Xm —挑戰1日50倍.csv",CSV|HTML,rec_c09fe45e963f75f8b081|c_9b6d12fabd9e3d78e3f1,False,SAME_MINUTE_TIMES_AND_ECONOMIC_FIELDS,0
dup_9cc9ed81a821a12e,2,"2025/2021-2024/2024/statement (4).html|DREA,補交易紀錄/2024-09-10 Xm —挑戰1日50倍.csv",CSV|HTML,rec_f478cc48ddddc88cfcb9|c_a2104c4c0610e47b5d3c,False,SAME_MINUTE_TIMES_AND_ECONOMIC_FIELDS,0
dup_897d00a3605c7bec,2,"2025/2021-2024/2024/statement (4).html|DREA,補交易紀錄/2024-09-10 Xm —挑戰1日50倍.csv",CSV|HTML,rec_b2535cc7133125f0ae0c|c_c0fd3aa1721fb927a990,False,SAME_MINUTE_TIMES_AND_ECONOMIC_FIELDS,0
dup_6886efcf828f45b5,2,"2025/2021-2024/2024/statement (4).html|DREA,補交易紀錄/2024-09-10 Xm —挑戰1日50倍.csv",CSV|HTML,rec_fa299a1739cf7049161b|c_4f38afc4b8a2cb4b5667,False,SAME_MINUTE_TIMES_AND_ECONOMIC_FIELDS,0
dup_150ce23a543e4a2e,2,"2025/2021-2024/2024/statement (4).html|DREA,補交易紀錄/2024-09-10 Xm —挑戰1日50倍.csv",CSV|HTML,rec_9a6729000eae61086247|c_75758a81a47fa8422c15,False,SAME_MINUTE_TIMES_AND_ECONOMIC_FIELDS,0
dup_f26b9442e98d7e36,2,"2025/2021-2024/2024/statement (4).html|DREA,補交易紀錄/2024-09-10 Xm —挑戰1日50倍.csv",CSV|HTML,rec_fad43aa2e309cba7075a|c_32d0e165161391c10e8e,False,SAME_MINUTE_TIMES_AND_ECONOMIC_FIELDS,0
dup_955ea2bdd00a0810,2,"2025/2021-2024/2024/statement (4).html|DREA,補交易紀錄/2024-09-10 Xm —挑戰1日50倍.csv",CSV|HTML,rec_01b3efc15ccac0d4e4e7|c_ce6007c163e0a1ae755f,False,SAME_MINUTE_TIMES_AND_ECONOMIC_FIELDS,0
dup_343a266355c0ec4c,2,"2025/2021-2024/2024/statement (4).html|DREA,補交易紀錄/2024-09-10 Xm —挑戰1日50倍.csv",CSV|HTML,rec_a80996a644d709c063de|c_5432f7802908cd3fd165,False,SAME_MINUTE_TIMES_AND_ECONOMIC_FIELDS,0
dup_7470bdfc685a38f5,2,"2025/2021-2024/2024/statement (4).html|DREA,補交易紀錄/2024-09-10 Xm —挑戰1日50倍.csv",CSV|HTML,rec_32b2dda207d74b82ffde|c_d6c50a962020a4dfe1ce,False,SAME_MINUTE_TIMES_AND_ECONOMIC_FIELDS,0
dup_36ba42e8ab8acc63,2,"2025/2021-2024/2024/statement (4).html|DREA,補交易紀錄/2024-09-10 Xm —挑戰1日50倍.csv",CSV|HTML,rec_0c403ab8c26fd59fd0b2|c_84e7a74f8ad5f282be60,False,SAME_MINUTE_TIMES_AND_ECONOMIC_FIELDS,0
dup_a7e65904cdbe5560,2,"2025/2021-2024/2024/statement (4).html|DREA,補交易紀錄/2024-09-10 Xm —挑戰1日50倍.csv",CSV|HTML,rec_84d35d0aa83da819da5a|c_43e768e5dcfa4bfeb625,False,SAME_MINUTE_TIMES_AND_ECONOMIC_FIELDS,0
dup_e98f774303db98a3,2,"2025/2021-2024/2024/statement (4).html|DREA,補交易紀錄/2024-09-10 Xm —挑戰1日50倍.csv",CSV|HTML,rec_de238a0f584c001385a8|c_625484474bb252f153e4,False,SAME_MINUTE_TIMES_AND_ECONOMIC_FIELDS,0
dup_f31ace2e2a9e423d,2,"2025/2021-2024/2024/statement (4).html|DREA,補交易紀錄/2024-09-10 Xm —挑戰1日50倍.csv",CSV|HTML,rec_c90e7bb50aa11e1cbaaf|c_0e7ff82bb3f7c1ac2201,False,SAME_MINUTE_TIMES_AND_ECONOMIC_FIELDS,0
dup_f2d1126c2d31e7af,2,"2025/2021-2024/2024/statement (4).html|DREA,補交易紀錄/2024-09-10 Xm —挑戰1日50倍.csv",CSV|HTML,rec_c45394048a1f014e754d|c_aba36b2d78495fd97a33,False,SAME_MINUTE_TIMES_AND_ECONOMIC_FIELDS,0
dup_cc1e71a9d703d733,2,"2025/2021-2024/2024/statement (4).html|DREA,補交易紀錄/2024-09-10 Xm —挑戰1日50倍.csv",CSV|HTML,rec_5037b39203a7f88c58a2|c_d72cff7d4053e7a39f85,False,SAME_MINUTE_TIMES_AND_ECONOMIC_FIELDS,0
dup_ae215b1f89f6cdc3,2,"2025/2021-2024/2024/statement (4).html|DREA,補交易紀錄/2024-09-10 Xm —挑戰1日50倍.csv",CSV|HTML,rec_09e61335060e558695c9|c_b8b03dddfb535c1f5d98,False,SAME_MINUTE_TIMES_AND_ECONOMIC_FIELDS,0
dup_e0cdc2e88a1566b1,2,"2025/2021-2024/2024/statement (4).html|DREA,補交易紀錄/2024-09-10 Xm —挑戰1日50倍.csv",CSV|HTML,rec_7e6dfbee15ade208cb30|c_25456a36d562d2a17ac2,False,SAME_MINUTE_TIMES_AND_ECONOMIC_FIELDS,0
dup_8a86f4298f9abdd9,2,"2025/2021-2024/2024/statement (4).html|DREA,補交易紀錄/2024-09-10 Xm —挑戰1日50倍.csv",CSV|HTML,rec_7691b2c867a2b12e26d2|c_a63ade19e1389199ccbe,False,SAME_MINUTE_TIMES_AND_ECONOMIC_FIELDS,0
dup_f3668ed52f619cd9,2,"2025/2021-2024/2024/statement (4).html|DREA,補交易紀錄/2024-09-10 Xm —挑戰1日50倍.csv",CSV|HTML,rec_cbacf5980bb2f1f24346|c_39dd3d6c51ae8a599266,False,SAME_MINUTE_TIMES_AND_ECONOMIC_FIELDS,0
dup_bb468ec8534e0cd0,2,"2025/2021-2024/2024/statement (4).html|DREA,補交易紀錄/2024-09-10 Xm —挑戰1日50倍.csv",CSV|HTML,rec_e8092f77391d05e9484c|c_7fce0d99a414142e444f,False,SAME_MINUTE_TIMES_AND_ECONOMIC_FIELDS,0
dup_0e36e9c019b6faa5,2,"2025/2021-2024/2024/statement (4).html|DREA,補交易紀錄/2024-09-10 Xm —挑戰1日50倍.csv",CSV|HTML,rec_3deb7480c93fcf326361|c_64696cd2c00030226ba5,False,SAME_MINUTE_TIMES_AND_ECONOMIC_FIELDS,0
dup_41bded0aeeced167,2,"2025/2021-2024/2024/statement (4).html|DREA,補交易紀錄/2024-09-10 Xm —挑戰1日50倍.csv",CSV|HTML,rec_93a2281cb9a9347e56b1|c_4de756b84557b2994f1c,False,SAME_MINUTE_TIMES_AND_ECONOMIC_FIELDS,0
dup_839ece09570e473f,2,"2025/2021-2024/2024/statement (4).html|DREA,補交易紀錄/2024-09-10 Xm —挑戰1日50倍.csv",CSV|HTML,rec_979a7be81c8b79ced89e|c_4cee18e2c32705ea7974,False,SAME_MINUTE_TIMES_AND_ECONOMIC_FIELDS,0
dup_0543b8e748a352d0,2,"2025/2021-2024/2024/statement (4).html|DREA,補交易紀錄/2024-09-10 Xm —挑戰1日50倍.csv",CSV|HTML,rec_188f6010f32e915e2ddb|c_63524932c82306f5b65a,False,SAME_MINUTE_TIMES_AND_ECONOMIC_FIELDS,0
dup_2e0edc28adec6a4e,2,"2025/2021-2024/2024/statement (4).html|DREA,補交易紀錄/2024-09-10 Xm —挑戰1日50倍.csv",CSV|HTML,rec_4a374c85d5b88f9212b1|c_afd13f5c14b40e5e2836,False,SAME_MINUTE_TIMES_AND_ECONOMIC_FIELDS,0
dup_770b881c6d09a16b,2,"2025/2021-2024/2024/statement (4).html|DREA,補交易紀錄/2024-09-10 Xm —挑戰1日50倍.csv",CSV|HTML,rec_2b8c9883b21602bfe52e|c_40f16c611288a4c25267,False,SAME_MINUTE_TIMES_AND_ECONOMIC_FIELDS,0
dup_a344250d2473bf1a,2,"2025/2021-2024/2024/statement (4).html|DREA,補交易紀錄/2024-09-10 Xm —挑戰1日50倍.csv",CSV|HTML,rec_5573b51eb40c56ad7c79|c_9f1ade82d7bd52982a13,False,SAME_MINUTE_TIMES_AND_ECONOMIC_FIELDS,0
dup_60c657a8224e119c,2,"2025/2021-2024/2024/statement (4).html|DREA,補交易紀錄/2024-09-10 Xm —挑戰1日50倍.csv",CSV|HTML,rec_51ed94a9dd302ccd5d0d|c_9d83becc2cd2ed8a1712,False,SAME_MINUTE_TIMES_AND_ECONOMIC_FIELDS,0
dup_c8415c729e9515ea,2,"2025/2021-2024/2024/statement (4).html|DREA,補交易紀錄/2024-09-10 Xm —挑戰1日50倍.csv",CSV|HTML,rec_f0931b1b24b90a160d25|c_0e9d89bdff0bde50337e,False,SAME_MINUTE_TIMES_AND_ECONOMIC_FIELDS,0
dup_96eef97e00e78386,2,"2025/2021-2024/2024/statement (2).html|DREA,補交易紀錄/2024-10 XM 特別.csv",CSV|HTML,rec_dbbae02b7233ac3ed559|c_281e0f173e381394d829,False,SAME_MINUTE_TIMES_AND_ECONOMIC_FIELDS,0
dup_cba48ef23182204b,2,"2025/2021-2024/2024/statement (2).html|DREA,補交易紀錄/2024-10 XM 特別.csv",CSV|HTML,rec_ef8d71099176735fd2f3|c_f2c481b06493387ede86,False,SAME_MINUTE_TIMES_AND_ECONOMIC_FIELDS,0
dup_43564d590f80706a,2,"2025/2021-2024/2024/statement (2).html|DREA,補交易紀錄/2024-10 XM 特別.csv",CSV|HTML,rec_3fac2e9fc5e37202affa|c_4e04e7d5cf8b2387dbcd,False,SAME_MINUTE_TIMES_AND_ECONOMIC_FIELDS,0
dup_95553b11514a563b,2,"2025/2021-2024/2024/statement (2).html|DREA,補交易紀錄/2024-10 XM 特別.csv",CSV|HTML,rec_08a605a0e883d3f033bc|c_001969a592c7ed087934,False,SAME_MINUTE_TIMES_AND_ECONOMIC_FIELDS,0
dup_71fc64aa87b6fd16,2,"2025/2021-2024/2024/statement (2).html|DREA,補交易紀錄/2024-10 XM 特別.csv",CSV|HTML,rec_b1716a5d90dbd7d468a1|c_d65daf48b1d77304d894,False,SAME_MINUTE_TIMES_AND_ECONOMIC_FIELDS,0
dup_514f676c6438a317,2,"2025/2021-2024/2024/statement (2).html|DREA,補交易紀錄/2024-10 XM 特別.csv",CSV|HTML,rec_efaf7075c1249159cdb8|c_b94132511d8f49ed976d,False,SAME_MINUTE_TIMES_AND_ECONOMIC_FIELDS,0
dup_4fc3715b045a8054,2,"2025/2021-2024/2024/statement (2).html|DREA,補交易紀錄/2024-10 XM 特別.csv",CSV|HTML,rec_92ddb522609540d2a1ea|c_099ec08f0f2bcdc2a03e,False,SAME_MINUTE_TIMES_AND_ECONOMIC_FIELDS,0
dup_7a4478fe6b0e7f18,2,"2025/2021-2024/2024/statement (2).html|DREA,補交易紀錄/2024-10 XM 特別.csv",CSV|HTML,rec_7033a031617844a4439d|c_c0138fd52fe1eb2df809,False,SAME_MINUTE_TIMES_AND_ECONOMIC_FIELDS,0
dup_d4444d819a1818e3,2,"2025/2021-2024/2024/statement (2).html|DREA,補交易紀錄/2024-10 XM 特別.csv",CSV|HTML,rec_b1378cff57176b4b86eb|c_f25a34afd53706be1eb4,False,SAME_MINUTE_TIMES_AND_ECONOMIC_FIELDS,0
dup_335fc94a64b95225,2,"2025/2021-2024/2024/statement (2).html|DREA,補交易紀錄/2024-10 XM 特別.csv",CSV|HTML,rec_a2eecba7df5c1a344a16|c_628951f4c9d682450798,False,SAME_MINUTE_TIMES_AND_ECONOMIC_FIELDS,0
dup_e7f7d007f3f3e3df,2,"2025/2021-2024/2024/statement (2).html|DREA,補交易紀錄/2024-10 XM 特別.csv",CSV|HTML,rec_0eb27f70e495df28d8ad|c_85b44e8c8e76ecc08663,False,SAME_MINUTE_TIMES_AND_ECONOMIC_FIELDS,0
dup_51cdf48b7f4fcca9,2,"2025/2021-2024/2024/statement (2).html|DREA,補交易紀錄/2024-10 XM 特別.csv",CSV|HTML,rec_192fc8aa6761d8134d7d|c_9c2371bf7fc2b081152c,False,SAME_MINUTE_TIMES_AND_ECONOMIC_FIELDS,0
dup_97953be2814047c4,2,"2025/2021-2024/2024/statement (2).html|DREA,補交易紀錄/2024-10 XM 特別.csv",CSV|HTML,rec_d949cf67cc2f64c6d3c6|c_e01e6cb8c637b217f4f4,False,SAME_MINUTE_TIMES_AND_ECONOMIC_FIELDS,0
dup_5f809cb4c8899d1b,2,"2025/2021-2024/2024/statement (2).html|DREA,補交易紀錄/2024-10 XM 特別.csv",CSV|HTML,rec_a39431ede05fc045638d|c_0a9e64d1f20414d93768,False,SAME_MINUTE_TIMES_AND_ECONOMIC_FIELDS,0
dup_a08feae26097debb,2,"2025/2021-2024/2024/statement (2).html|DREA,補交易紀錄/2024-10 XM 特別.csv",CSV|HTML,rec_b5ab80765486d29de11a|c_38b5e14f0cac728e63a3,False,SAME_MINUTE_TIMES_AND_ECONOMIC_FIELDS,0
dup_03a6c89a02658e79,2,"2025/2021-2024/2024/statement (2).html|DREA,補交易紀錄/2024-10 XM 特別.csv",CSV|HTML,rec_a5fafd62e72170be1861|c_30adc668ff89cec9069b,False,SAME_MINUTE_TIMES_AND_ECONOMIC_FIELDS,0
dup_879d39a1b0295d98,2,"2025/2021-2024/2024/statement (2).html|DREA,補交易紀錄/2024-10 XM 特別.csv",CSV|HTML,rec_0348720e3a023d1b1ba0|c_59ba5b223c663dfcc068,False,SAME_MINUTE_TIMES_AND_ECONOMIC_FIELDS,0
dup_4c4684b568550f0f,2,"2025/2021-2024/2024/statement (2).html|DREA,補交易紀錄/2024-10 XM 特別.csv",CSV|HTML,rec_b8769db27eeb6c826c52|c_48a46fe378ff94e8dcef,False,SAME_MINUTE_TIMES_AND_ECONOMIC_FIELDS,0
dup_e772be83eb86331a,2,"2025/2021-2024/2024/statement (2).html|DREA,補交易紀錄/2024-10 XM 特別.csv",CSV|HTML,rec_e25cbcce91d934989f23|c_4ef3b53f3c8535da0f41,False,SAME_MINUTE_TIMES_AND_ECONOMIC_FIELDS,0
dup_e8f5f0223683da40,2,"2025/2021-2024/2024/statement (2).html|DREA,補交易紀錄/2024-10 XM 特別.csv",CSV|HTML,rec_231b369aabf27336d198|c_9d30b55a0253ab844ab8,False,SAME_MINUTE_TIMES_AND_ECONOMIC_FIELDS,0
dup_e04152049500d85c,2,"2025/2021-2024/2024/statement (2).html|DREA,補交易紀錄/2024-10 XM 特別.csv",CSV|HTML,rec_0badbbf526f03b3c44ef|c_ea6ef74c274d2ff6b311,False,SAME_MINUTE_TIMES_AND_ECONOMIC_FIELDS,0
dup_0f1ec0560b5d086e,2,"2025/2021-2024/2024/statement (2).html|DREA,補交易紀錄/2024-10 XM 特別.csv",CSV|HTML,rec_230039865e753ba647ea|c_6f3dd6954f969eb1651c,False,SAME_MINUTE_TIMES_AND_ECONOMIC_FIELDS,0
dup_8e8dc71c8824c00d,2,"2025/2021-2024/2024/statement (2).html|DREA,補交易紀錄/2024-10 XM 特別.csv",CSV|HTML,rec_69c8df97e661ac663186|c_0e92df79e74eee840f40,False,SAME_MINUTE_TIMES_AND_ECONOMIC_FIELDS,0
dup_50efc64c8e7c974c,2,"2025/2021-2024/2024/statement (2).html|DREA,補交易紀錄/2024-10 XM 特別.csv",CSV|HTML,rec_6f1f55e8ccef7a0dc1f4|c_4f9b71c41e0b1a4b104c,False,SAME_MINUTE_TIMES_AND_ECONOMIC_FIELDS,0
dup_21800be6b30da0d4,2,"2025/2021-2024/2024/statement (2).html|DREA,補交易紀錄/2024-10 XM 特別.csv",CSV|HTML,rec_aebe88046b5a327ac48d|c_cf27eae66c8abb55d79e,False,SAME_MINUTE_TIMES_AND_ECONOMIC_FIELDS,0
dup_643b7aa3cfbb4748,2,"2025/2021-2024/2024/statement (2).html|DREA,補交易紀錄/2024-10 XM 特別.csv",CSV|HTML,rec_a659fd826c36997d85c9|c_eb0f5cdb69ce38ab0b5c,False,SAME_MINUTE_TIMES_AND_ECONOMIC_FIELDS,0
dup_a015bc1b9088346a,2,"2025/2021-2024/2024/statement (2).html|DREA,補交易紀錄/2024-10 XM 特別.csv",CSV|HTML,rec_b4ca48888fc69f4924cc|c_d9361b22407a7981a397,False,SAME_MINUTE_TIMES_AND_ECONOMIC_FIELDS,0
dup_aefd3ad367883d5c,2,"2025/2021-2024/2024/statement (2).html|DREA,補交易紀錄/2024-10 XM 特別.csv",CSV|HTML,rec_cee9b9f2c53a1a7a1378|c_dc70133ef99dbfeef3a9,False,SAME_MINUTE_TIMES_AND_ECONOMIC_FIELDS,0
dup_82dd1bea79900426,2,"2025/2021-2024/2024/statement (2).html|DREA,補交易紀錄/2024-10 XM 特別.csv",CSV|HTML,rec_bae9e7a40a67f316781a|c_bcdf3ed908547394016a,False,SAME_MINUTE_TIMES_AND_ECONOMIC_FIELDS,0
dup_b9f39c05daa537e8,2,"2025/2021-2024/2024/statement (2).html|DREA,補交易紀錄/2024-10 XM 特別.csv",CSV|HTML,rec_2d49dacc06ea3fccbbe6|c_6c65fd95975a750e5ca3,False,SAME_MINUTE_TIMES_AND_ECONOMIC_FIELDS,0
dup_dabef5ac07bcace7,2,"2025/2021-2024/2024/statement (2).html|DREA,補交易紀錄/2024-10 XM 特別.csv",CSV|HTML,rec_13e75c546088cf5ea440|c_9b245572411761fe762a,False,SAME_MINUTE_TIMES_AND_ECONOMIC_FIELDS,0
dup_c83649efd4674a2e,2,"2025/2021-2024/2024/statement (2).html|DREA,補交易紀錄/2024-10 XM 特別.csv",CSV|HTML,rec_5f5418b5650a19783e6a|c_6a9e9d8eb7a095e6b295,False,SAME_MINUTE_TIMES_AND_ECONOMIC_FIELDS,0
dup_b46ed240b0d3c6f6,2,"2025/2021-2024/2024/statement (2).html|DREA,補交易紀錄/2024-10 XM 特別.csv",CSV|HTML,rec_f43eb0d35ceeb6a5ed08|c_60c756363fb1745b86df,False,SAME_MINUTE_TIMES_AND_ECONOMIC_FIELDS,0
dup_2431c9f99a30f14e,2,"2025/2021-2024/2024/statement (2).html|DREA,補交易紀錄/2024-10 XM 特別.csv",CSV|HTML,rec_ab26d8bb9910f8262982|c_c0b635359b7633abdfa9,False,SAME_MINUTE_TIMES_AND_ECONOMIC_FIELDS,0
dup_49a340e3356f4b02,2,"2025/2021-2024/2024/statement (2).html|DREA,補交易紀錄/2024-10 XM 特別.csv",CSV|HTML,rec_6b72a842615067e3bb7c|c_0a5c7f6ce18e62b5a6d9,False,SAME_MINUTE_TIMES_AND_ECONOMIC_FIELDS,0
dup_c942476ee4b317df,2,"2025/2021-2024/2024/statement (2).html|DREA,補交易紀錄/2024-10 XM 特別.csv",CSV|HTML,rec_70e7b953de9d29168ecf|c_6b396f6d24a5469afddb,False,SAME_MINUTE_TIMES_AND_ECONOMIC_FIELDS,0
dup_78e235cb8c37a145,2,"2025/2021-2024/2024/statement (2).html|DREA,補交易紀錄/2024-10 XM 特別.csv",CSV|HTML,rec_4220b16b8c2172971049|c_16e399d6f6bc81cfca56,False,SAME_MINUTE_TIMES_AND_ECONOMIC_FIELDS,0
dup_4e634e4321ae12ca,2,"2025/2021-2024/2024/statement (2).html|DREA,補交易紀錄/2024-10 XM 特別.csv",CSV|HTML,rec_a1d564d113534c8a1241|c_80cc2070c952070c456a,False,SAME_MINUTE_TIMES_AND_ECONOMIC_FIELDS,0
dup_2633a2c1d6c6f703,2,"2025/2021-2024/2024/statement (2).html|DREA,補交易紀錄/2024-10 XM 特別.csv",CSV|HTML,rec_c26f362df846c1c3fd60|c_be6e0da83709ac617740,False,SAME_MINUTE_TIMES_AND_ECONOMIC_FIELDS,0
dup_356b2bfa93d1a985,2,"2025/2021-2024/2024/statement (2).html|DREA,補交易紀錄/2024-10 XM 特別.csv",CSV|HTML,rec_30d66ed3f21420b28877|c_b809fe5ad76a144c5bcf,False,SAME_MINUTE_TIMES_AND_ECONOMIC_FIELDS,0
dup_8f6d41bc30766c5b,2,"2025/2021-2024/2024/statement (2).html|DREA,補交易紀錄/2024-10 XM 特別.csv",CSV|HTML,rec_9359d9154dd2839bc42d|c_f7165c496cd91564dec4,False,SAME_MINUTE_TIMES_AND_ECONOMIC_FIELDS,0
dup_4c26cc6f688ab179,2,"2025/2021-2024/2024/statement (2).html|DREA,補交易紀錄/2024-10 XM 特別.csv",CSV|HTML,rec_1005b5cf119f8addc118|c_ba85d8b9d17a189860dc,False,SAME_MINUTE_TIMES_AND_ECONOMIC_FIELDS,0
dup_2078a2d34718ad19,2,"2025/2021-2024/2024/statement (2).html|DREA,補交易紀錄/2024-10 XM 特別.csv",CSV|HTML,rec_05afe63d19ceef9c2190|c_ed1bde34d6eb3d13710c,False,SAME_MINUTE_TIMES_AND_ECONOMIC_FIELDS,0
dup_5af66b54f80c006c,2,"2025/2021-2024/2024/statement (2).html|DREA,補交易紀錄/2024-10 XM 特別.csv",CSV|HTML,rec_14830efe1e77fd2cf898|c_01beb7e6f86418447567,False,SAME_MINUTE_TIMES_AND_ECONOMIC_FIELDS,0
dup_fd10897ee78c53af,2,"2025/2021-2024/2024/statement (2).html|DREA,補交易紀錄/2024-10 XM 特別.csv",CSV|HTML,rec_738386cecb5e0e0be4b4|c_442d259acd3cfed4f51d,False,SAME_MINUTE_TIMES_AND_ECONOMIC_FIELDS,0
dup_baf1942fcd90e314,2,"2025/2021-2024/2024/statement (2).html|DREA,補交易紀錄/2024-10 XM 特別.csv",CSV|HTML,rec_0602ac260bcb2dd18868|c_cbf4694d1e77cf5aab00,False,SAME_MINUTE_TIMES_AND_ECONOMIC_FIELDS,0
dup_1cc5dc0ad6203091,2,"2025/2021-2024/2024/statement (2).html|DREA,補交易紀錄/2024-10 XM 特別.csv",CSV|HTML,rec_06c0467d77d2595fd82e|c_b718814714fcf4cb97ba,False,SAME_MINUTE_TIMES_AND_ECONOMIC_FIELDS,0
dup_bb29050537aa83b5,2,"2025/2021-2024/2024/statement (2).html|DREA,補交易紀錄/2024-10 XM 特別.csv",CSV|HTML,rec_7eb98b273f2212593eef|c_606e5982700d660cef1a,False,SAME_MINUTE_TIMES_AND_ECONOMIC_FIELDS,0
dup_1f12c483f357675a,2,"2025/2021-2024/2024/statement (2).html|DREA,補交易紀錄/2024-10 XM 特別.csv",CSV|HTML,rec_a263f23b933d01c49d1e|c_62ba1d0eaf28a5e126e2,False,SAME_MINUTE_TIMES_AND_ECONOMIC_FIELDS,0
dup_3478ceeb78dfb4f4,2,"2025/2021-2024/2024/statement (2).html|DREA,補交易紀錄/2024-10 XM 特別.csv",CSV|HTML,rec_74fe402c82bfba403710|c_b2fa27679c6191544b07,False,SAME_MINUTE_TIMES_AND_ECONOMIC_FIELDS,0
dup_058a97ea15854f5f,2,"2025/2021-2024/2024/statement (2).html|DREA,補交易紀錄/2024-10 XM 特別.csv",CSV|HTML,rec_e84203fca2c6d7e70e1d|c_af2f7ed41cfc88bb0176,False,SAME_MINUTE_TIMES_AND_ECONOMIC_FIELDS,0
dup_d91a3803df4e0eb3,2,"2025/2021-2024/2024/statement (2).html|DREA,補交易紀錄/2024-10 XM 特別.csv",CSV|HTML,rec_ad9e73d26f3bdaae0968|c_67c661cc65dd8322d7e1,False,SAME_MINUTE_TIMES_AND_ECONOMIC_FIELDS,0
dup_22e2bb03b90c8521,2,"2025/2021-2024/2024/statement (2).html|DREA,補交易紀錄/2024-10 XM 特別.csv",CSV|HTML,rec_d7ef6947b5275f8d02ed|c_25a088195eafe83570da,False,SAME_MINUTE_TIMES_AND_ECONOMIC_FIELDS,0
dup_95b7e4fa328b1231,2,"2025/2021-2024/2024/statement (2).html|DREA,補交易紀錄/2024-10 XM 特別.csv",CSV|HTML,rec_8edd5d4b41a2691b9944|c_08e24913859508cb8fe2,False,SAME_MINUTE_TIMES_AND_ECONOMIC_FIELDS,0
dup_7e095a57e3156d0b,2,"2025/2021-2024/2024/statement (2).html|DREA,補交易紀錄/2024-10 XM 特別.csv",CSV|HTML,rec_e4a1bdb0299c0d461f29|c_459a33ca70b9580e8ce9,False,SAME_MINUTE_TIMES_AND_ECONOMIC_FIELDS,0
dup_e1c993af0964afcc,2,"2025/2021-2024/2024/statement (2).html|DREA,補交易紀錄/2024-10 XM 特別.csv",CSV|HTML,rec_f49d69a714013c692e5b|c_eff439c2c8d4dd416515,False,SAME_MINUTE_TIMES_AND_ECONOMIC_FIELDS,0
dup_ab71bd8dce1b0ca2,2,"2025/2021-2024/2024/statement (2).html|DREA,補交易紀錄/2024-10 XM 特別.csv",CSV|HTML,rec_c8311b98b87c6ff2cafe|c_c77020f882e28bbeaa8f,False,SAME_MINUTE_TIMES_AND_ECONOMIC_FIELDS,0
dup_0fa0a85690f5013f,2,"2025/2021-2024/2024/statement (2).html|DREA,補交易紀錄/2024-10 XM 特別.csv",CSV|HTML,rec_bc5623bcbbc56759e8b2|c_52e6a011f26c9946504f,False,SAME_MINUTE_TIMES_AND_ECONOMIC_FIELDS,0
dup_5325cdbb7abfbc1a,2,"2025/2021-2024/2024/statement (2).html|DREA,補交易紀錄/2024-10 XM 特別.csv",CSV|HTML,rec_7ed17061e8476ee29542|c_04d13c87513bf700f01e,False,SAME_MINUTE_TIMES_AND_ECONOMIC_FIELDS,0
dup_f0d8153f2a43ec38,2,"2025/2021-2024/2024/statement (2).html|DREA,補交易紀錄/2024-10 XM 特別.csv",CSV|HTML,rec_57352b600ba8efd08e56|c_ce02fb52f501f5e8bfc5,False,SAME_MINUTE_TIMES_AND_ECONOMIC_FIELDS,0
dup_1f92ba7a110c7a06,2,"2025/2021-2024/2024/statement (2).html|DREA,補交易紀錄/2024-10 XM 特別.csv",CSV|HTML,rec_43c883f8731ba8b73c2f|c_f5919f555dba87547d10,False,SAME_MINUTE_TIMES_AND_ECONOMIC_FIELDS,0
dup_d8cd6d01ac63f61e,2,"2025/2021-2024/2024/statement (2).html|DREA,補交易紀錄/2024-10 XM 特別.csv",CSV|HTML,rec_9ebcce9c3d14ed95ffbc|c_e9c8372bb36401a264f2,False,SAME_MINUTE_TIMES_AND_ECONOMIC_FIELDS,0
dup_ed118ec87a96551b,2,"2025/2021-2024/2024/statement (2).html|DREA,補交易紀錄/2024-10 XM 特別.csv",CSV|HTML,rec_4db6587d45cce12527d4|c_f01b31779749a9a49ac5,False,SAME_MINUTE_TIMES_AND_ECONOMIC_FIELDS,0
dup_6aa51cc862716ce7,2,"2025/2021-2024/2024/statement (2).html|DREA,補交易紀錄/2024-10 XM 特別.csv",CSV|HTML,rec_450c3c345071b2874773|c_54e4610ec625b264ad8d,False,SAME_MINUTE_TIMES_AND_ECONOMIC_FIELDS,0
dup_95d600e308d7544b,2,"2025/2021-2024/2024/statement (2).html|DREA,補交易紀錄/2024-10 XM 特別.csv",CSV|HTML,rec_b2ea62d07d445fba44d5|c_122f3254fba86e23d593,False,SAME_MINUTE_TIMES_AND_ECONOMIC_FIELDS,0
dup_be3b73a0a6798f7d,2,"2025/2021-2024/2024/statement (2).html|DREA,補交易紀錄/2024-10 XM 特別.csv",CSV|HTML,rec_e87f9c5360664da73923|c_5a1efa10588a70cecaf7,False,SAME_MINUTE_TIMES_AND_ECONOMIC_FIELDS,0
dup_4f2d47487ac17057,2,"2025/2021-2024/2024/statement (2).html|DREA,補交易紀錄/2024-10 XM 特別.csv",CSV|HTML,rec_65a658b165323fb22b27|c_72c1517ef35455806f26,False,SAME_MINUTE_TIMES_AND_ECONOMIC_FIELDS,0
dup_270e6c41cf0f3601,2,"2025/2021-2024/2024/statement (2).html|DREA,補交易紀錄/2024-10 XM 特別.csv",CSV|HTML,rec_e26a3d2c027ad84d8a48|c_6d48d4ab89e7c4dab7d8,False,SAME_MINUTE_TIMES_AND_ECONOMIC_FIELDS,0
dup_9256f3766aa32d98,2,"2025/2021-2024/2024/statement (2).html|DREA,補交易紀錄/2024-10 XM 特別.csv",CSV|HTML,rec_c7c4a0455d599c841998|c_a681ff18e753fe2096b4,False,SAME_MINUTE_TIMES_AND_ECONOMIC_FIELDS,0
dup_69d7406fa8a75de4,2,"2025/2021-2024/2024/statement (2).html|DREA,補交易紀錄/2024-10 XM 特別.csv",CSV|HTML,rec_b4f26ad3985b450e9336|c_bc14ec07d0c54470def7,False,SAME_MINUTE_TIMES_AND_ECONOMIC_FIELDS,0
dup_cd8dbcfb83f0cbf8,2,"2025/2021-2024/2024/statement (2).html|DREA,補交易紀錄/2024-10 XM 特別.csv",CSV|HTML,rec_01b0433ae1652e306d2f|c_270a8911e9acbf0ca5eb,False,SAME_MINUTE_TIMES_AND_ECONOMIC_FIELDS,0
dup_d6ecbc93ed821584,2,"2025/2021-2024/2024/statement (2).html|DREA,補交易紀錄/2024-10 XM 特別.csv",CSV|HTML,rec_64862c89e644f818fd6f|c_dd5caeb4297514b08dba,False,SAME_MINUTE_TIMES_AND_ECONOMIC_FIELDS,0
dup_c9dd74b452f628b8,2,"2025/2021-2024/2024/statement (2).html|DREA,補交易紀錄/2024-10 XM 特別.csv",CSV|HTML,rec_fa9a1e78d88c85d09fa5|c_1105cf68ad6b41a0968b,False,SAME_MINUTE_TIMES_AND_ECONOMIC_FIELDS,0
dup_8f3e1c38a9c1158c,2,"2025/2021-2024/2024/statement (2).html|DREA,補交易紀錄/2024-10 XM 特別.csv",CSV|HTML,rec_1fe8a9a53ff87eb60d35|c_9f857a17016ce1689fec,False,SAME_MINUTE_TIMES_AND_ECONOMIC_FIELDS,0
dup_4c40d227aa3423de,2,"2025/2021-2024/2024/statement (2).html|DREA,補交易紀錄/2024-10 XM 特別.csv",CSV|HTML,rec_5a57686c5dd6692adbfa|c_d103decedaf033aaeaea,False,SAME_MINUTE_TIMES_AND_ECONOMIC_FIELDS,0
dup_604176c43b401fb3,2,"2025/2021-2024/2024/statement (2).html|DREA,補交易紀錄/2024-10 XM 特別.csv",CSV|HTML,rec_7c70ec4d4116d69343df|c_83740387513f1c811ad8,False,SAME_MINUTE_TIMES_AND_ECONOMIC_FIELDS,0
dup_efade712be0a11ff,2,"2025/2021-2024/2024/statement (2).html|DREA,補交易紀錄/2024-10 XM 特別.csv",CSV|HTML,rec_3994bac0a7fe655e6941|c_9ce2c4236eb5c088b5cd,False,SAME_MINUTE_TIMES_AND_ECONOMIC_FIELDS,0
dup_26f5ec48fd0df63c,2,"2025/2021-2024/2024/statement (2).html|DREA,補交易紀錄/2024-10 XM 特別.csv",CSV|HTML,rec_b55d8505f675aa27565d|c_8367cea92d9e14d6ba5b,False,SAME_MINUTE_TIMES_AND_ECONOMIC_FIELDS,0
dup_7fedf4ecc9b5f497,2,"2025/2021-2024/2024/statement (2).html|DREA,補交易紀錄/2024-10 XM 特別.csv",CSV|HTML,rec_56aab6322c72f5d1a581|c_09a09f3a7e5a4329efc4,False,SAME_MINUTE_TIMES_AND_ECONOMIC_FIELDS,0
dup_0ad59710f5682780,2,"2025/2021-2024/2024/statement (2).html|DREA,補交易紀錄/2024-10 XM 特別.csv",CSV|HTML,rec_a203679924bd94057b2a|c_c7c33dd7098b9f3fdbb6,False,SAME_MINUTE_TIMES_AND_ECONOMIC_FIELDS,0
dup_24f7d75c59f7327f,2,"2025/2021-2024/2024/statement (2).html|DREA,補交易紀錄/2024-10 XM 特別.csv",CSV|HTML,rec_95e2f493bcc9d8536f89|c_0392ee4c036d7a46f5ce,False,SAME_MINUTE_TIMES_AND_ECONOMIC_FIELDS,0
dup_80f2e15b03bcf699,2,"2025/2021-2024/2024/statement (2).html|DREA,補交易紀錄/2024-10 XM 特別.csv",CSV|HTML,rec_d21b5976695004214e8f|c_8652168b30c14b27c943,False,SAME_MINUTE_TIMES_AND_ECONOMIC_FIELDS,0
dup_4e43a6b60c6fc8ac,2,"2025/2021-2024/2024/statement (2).html|DREA,補交易紀錄/2024-10 XM 特別.csv",CSV|HTML,rec_447cb569b733d1c19d59|c_2f04d39ea3cb9f539e62,False,SAME_MINUTE_TIMES_AND_ECONOMIC_FIELDS,0
dup_7372077ba072df77,2,"2025/2021-2024/2024/statement (2).html|DREA,補交易紀錄/2024-10 XM 特別.csv",CSV|HTML,rec_044d75c3be0ad40c3cdd|c_fb89fccdbcd5870cfc05,False,SAME_MINUTE_TIMES_AND_ECONOMIC_FIELDS,0
dup_0d6ffcc2e43b98dd,2,"2025/2021-2024/2024/statement (2).html|DREA,補交易紀錄/2024-10 XM 特別.csv",CSV|HTML,rec_0e6ea0877744ed28f66e|c_5b8263021a3076258cb4,False,SAME_MINUTE_TIMES_AND_ECONOMIC_FIELDS,0
dup_80a6a6133bb7d145,2,"2025/2021-2024/2024/statement (2).html|DREA,補交易紀錄/2024-10 XM 特別.csv",CSV|HTML,rec_949465de5e91484a823b|c_06b6d9fbf51c691c79e3,False,SAME_MINUTE_TIMES_AND_ECONOMIC_FIELDS,0
dup_2e53dd23a5f2ee23,2,"2025/2021-2024/2024/statement (2).html|DREA,補交易紀錄/2024-10 XM 特別.csv",CSV|HTML,rec_826fb06a3daed4dd1dd5|c_4106126a9c78d72c8d1b,False,SAME_MINUTE_TIMES_AND_ECONOMIC_FIELDS,0
dup_5373a3226b8573f5,2,"2025/2021-2024/2024/statement (1).html|DREA,補交易紀錄/2024-11~12 XM.csv",CSV|HTML,rec_faa89ac4e9bbd4c3e444|c_bc0e159d8e202aee9216,False,SAME_MINUTE_TIMES_AND_ECONOMIC_FIELDS,0
dup_6959a0a5da14f375,2,"2025/2021-2024/2024/statement (1).html|DREA,補交易紀錄/2024-11~12 XM.csv",CSV|HTML,rec_f3876fab225d05de96c5|c_f89d4a4fb04302783029,False,SAME_MINUTE_TIMES_AND_ECONOMIC_FIELDS,0
dup_e7da18a74cbaddfb,2,"2025/2021-2024/2024/statement (1).html|DREA,補交易紀錄/2024-11~12 XM.csv",CSV|HTML,rec_3e33e05e50966a6d200d|c_1ad5f27b3840c5969c0d,False,SAME_MINUTE_TIMES_AND_ECONOMIC_FIELDS,0
dup_7a0ca13fe1bfae9c,2,"2025/2021-2024/2024/statement (1).html|DREA,補交易紀錄/2024-11~12 XM.csv",CSV|HTML,rec_114afdbdae252b6a0dd5|c_b0055118fb85186be1cc,False,SAME_MINUTE_TIMES_AND_ECONOMIC_FIELDS,0
dup_c4f17b3f909bdc8d,2,"2025/2021-2024/2024/statement (1).html|DREA,補交易紀錄/2024-11~12 XM.csv",CSV|HTML,rec_497012b71cbb08b6dad6|c_feb316c9727172ef1c91,False,SAME_MINUTE_TIMES_AND_ECONOMIC_FIELDS,0
dup_3dd3564824002f22,2,"2025/2021-2024/2024/statement (1).html|DREA,補交易紀錄/2024-11~12 XM.csv",CSV|HTML,rec_195a695914fbf6aef6bf|c_6918598f2f80e4137c40,False,SAME_MINUTE_TIMES_AND_ECONOMIC_FIELDS,0
dup_c6715cf94afccd78,2,"2025/2021-2024/2024/statement (1).html|DREA,補交易紀錄/2024-11~12 XM.csv",CSV|HTML,rec_86c4d757b0d8f2ebeebf|c_87dba9cabbb958d36c0f,False,SAME_MINUTE_TIMES_AND_ECONOMIC_FIELDS,0
dup_d485c145e553da69,2,"2025/2021-2024/2024/statement (1).html|DREA,補交易紀錄/2024-11~12 XM.csv",CSV|HTML,rec_203e8d2efe6494f36a82|c_448409ce17d33f6de1de,False,SAME_MINUTE_TIMES_AND_ECONOMIC_FIELDS,0
dup_b9757e638ff13d48,2,"2025/2021-2024/2024/statement (1).html|DREA,補交易紀錄/2024-11~12 XM.csv",CSV|HTML,rec_117ec705a3849a4f7643|c_c584e119c8cbc2ea6eac,False,SAME_MINUTE_TIMES_AND_ECONOMIC_FIELDS,0
dup_5469f9ac9ffc73bf,2,"2025/2021-2024/2024/statement (1).html|DREA,補交易紀錄/2024-11~12 XM.csv",CSV|HTML,rec_8ec394e759f6d34ad243|c_f53869d54be6699e9e4b,False,SAME_MINUTE_TIMES_AND_ECONOMIC_FIELDS,0
dup_14b98d28bd31e462,2,"2025/2021-2024/2024/statement (1).html|DREA,補交易紀錄/2024-11~12 XM.csv",CSV|HTML,rec_a73a361742070e2ecc96|c_06415bb5bb938112ca92,False,SAME_MINUTE_TIMES_AND_ECONOMIC_FIELDS,0
dup_b76b5e5dea45d404,2,"2025/2021-2024/2024/statement (1).html|DREA,補交易紀錄/2024-11~12 XM.csv",CSV|HTML,rec_30115ee5bee277a36495|c_30205f4a6e6f491dddb2,False,SAME_MINUTE_TIMES_AND_ECONOMIC_FIELDS,0
dup_4c81bbf8d12b943f,2,"2025/2021-2024/2024/statement (1).html|DREA,補交易紀錄/2024-11~12 XM.csv",CSV|HTML,rec_67bc0a417d96f8e4b0f3|c_39f2edf6bb550398c256,False,SAME_MINUTE_TIMES_AND_ECONOMIC_FIELDS,0
dup_47a4744d294f045f,2,"2025/2021-2024/2024/statement (1).html|DREA,補交易紀錄/2024-11~12 XM.csv",CSV|HTML,rec_d2a9752efa2dc5fddbda|c_fb9f59f19da4d3531d48,False,SAME_MINUTE_TIMES_AND_ECONOMIC_FIELDS,0
dup_6a44237b135e7c4c,2,"2025/2021-2024/2024/statement (1).html|DREA,補交易紀錄/2024-11~12 XM.csv",CSV|HTML,rec_3112f8f6791b689b8d3c|c_a02467ce3c40998bfa17,False,SAME_MINUTE_TIMES_AND_ECONOMIC_FIELDS,0
dup_0c7c99b0767c8027,2,"2025/2021-2024/2024/statement (1).html|DREA,補交易紀錄/2024-11~12 XM.csv",CSV|HTML,rec_f1ea65617f318c9fe9e2|c_b3442dab1e74e704cbab,False,SAME_MINUTE_TIMES_AND_ECONOMIC_FIELDS,0
dup_5fe95da645b7dfb7,2,"2025/2021-2024/2024/statement (1).html|DREA,補交易紀錄/2024-11~12 XM.csv",CSV|HTML,rec_4297f5fd97d98c41c8ec|c_bfa6cfe7dc084feac165,False,SAME_MINUTE_TIMES_AND_ECONOMIC_FIELDS,0
dup_917c91fa525ddf47,2,"2025/2021-2024/2024/statement (1).html|DREA,補交易紀錄/2024-11~12 XM.csv",CSV|HTML,rec_80fdaf326a910f2105a9|c_caa2cbe5a7c338519d1f,False,SAME_MINUTE_TIMES_AND_ECONOMIC_FIELDS,0
dup_d42a030fb816b99e,2,"2025/2021-2024/2024/statement (1).html|DREA,補交易紀錄/2024-11~12 XM.csv",CSV|HTML,rec_389917f61c8143b24f47|c_37af6a63a08f5bd60896,False,SAME_MINUTE_TIMES_AND_ECONOMIC_FIELDS,0
dup_6ab7b3a9cd8350f3,2,"2025/2021-2024/2024/statement (1).html|DREA,補交易紀錄/2024-11~12 XM.csv",CSV|HTML,rec_050745ec9417ee757e23|c_d1b6524a7f8919a4dd56,False,SAME_MINUTE_TIMES_AND_ECONOMIC_FIELDS,0
dup_4739beb7434be22e,2,"2025/2021-2024/2024/statement (1).html|DREA,補交易紀錄/2024-11~12 XM.csv",CSV|HTML,rec_051a461ef0dd7885697f|c_91f8cd2acf3e17a954fc,False,SAME_MINUTE_TIMES_AND_ECONOMIC_FIELDS,0
dup_bf016da2b14f6a9c,2,"2025/2021-2024/2024/statement (1).html|DREA,補交易紀錄/2024-11~12 XM.csv",CSV|HTML,rec_be46a7b7fcd30bc82ffc|c_7a5b9872ec94b9660bc9,False,SAME_MINUTE_TIMES_AND_ECONOMIC_FIELDS,0
dup_0b51188e023ed278,2,"2025/2021-2024/2024/statement (1).html|DREA,補交易紀錄/2024-11~12 XM.csv",CSV|HTML,rec_71d232240fdc072ba95d|c_8151d3247944311e7044,False,SAME_MINUTE_TIMES_AND_ECONOMIC_FIELDS,0
dup_ac1938af8f8a640e,2,"2025/2021-2024/2024/statement (1).html|DREA,補交易紀錄/2024-11~12 XM.csv",CSV|HTML,rec_12ecb0532daabbadc6bb|c_0d646e6a3d87110bbe62,False,SAME_MINUTE_TIMES_AND_ECONOMIC_FIELDS,0
dup_1f3bf5868f87f52d,2,"2025/2021-2024/2024/statement (1).html|DREA,補交易紀錄/2024-11~12 XM.csv",CSV|HTML,rec_a850a1b1490b27d3c344|c_136b3462ec9baf58c195,False,SAME_MINUTE_TIMES_AND_ECONOMIC_FIELDS,0
dup_f4d533260facb11d,2,"2025/2021-2024/2024/statement (1).html|DREA,補交易紀錄/2024-11~12 XM.csv",CSV|HTML,rec_9443b14c591d82f5741b|c_6bafb3d58f117480def5,False,SAME_MINUTE_TIMES_AND_ECONOMIC_FIELDS,0
dup_044a69ee7e2fa753,2,"2025/2021-2024/2024/statement (1).html|DREA,補交易紀錄/2024-11~12 XM.csv",CSV|HTML,rec_3ff1bffcdb8a21ae5fd2|c_6ddf875e1a8c3181b53d,False,SAME_MINUTE_TIMES_AND_ECONOMIC_FIELDS,0
dup_7b8b9cc298811df3,2,"2025/2021-2024/2024/statement (1).html|DREA,補交易紀錄/2024-11~12 XM.csv",CSV|HTML,rec_f6985cc4a2839a53bb8a|c_e6c07a690319399d32d6,False,SAME_MINUTE_TIMES_AND_ECONOMIC_FIELDS,0
dup_449890923fe64c77,2,"2025/2021-2024/2024/statement (1).html|DREA,補交易紀錄/2024-11~12 XM.csv",CSV|HTML,rec_e7ad55a2d28df4b4eee8|c_a4b2a5359e7d19fbdd97,False,SAME_MINUTE_TIMES_AND_ECONOMIC_FIELDS,0
dup_2aad4d2d859a109d,2,"2025/2021-2024/2024/statement (1).html|DREA,補交易紀錄/2024-11~12 XM.csv",CSV|HTML,rec_1c410e3fb33ffbeb8604|c_c2c4d064a9485233b0df,False,SAME_MINUTE_TIMES_AND_ECONOMIC_FIELDS,0
dup_027a16cc9391016f,2,"2025/2021-2024/2024/statement (1).html|DREA,補交易紀錄/2024-11~12 XM.csv",CSV|HTML,rec_3a36fd4a362cf93e08d7|c_1b41b9e6a924606cf114,False,SAME_MINUTE_TIMES_AND_ECONOMIC_FIELDS,0
dup_397cef6d09d57afc,2,"2025/2021-2024/2024/statement (1).html|DREA,補交易紀錄/2024-11~12 XM.csv",CSV|HTML,rec_c3e1650ba44d609bd7bc|c_cce1f2660c254bde863c,False,SAME_MINUTE_TIMES_AND_ECONOMIC_FIELDS,0
dup_caedd2b9be29edf8,2,"2025/2021-2024/2024/statement (1).html|DREA,補交易紀錄/2024-11~12 XM.csv",CSV|HTML,rec_96e4875d29c2c8e0bbdf|c_9f91dfa28835e75ab772,False,SAME_MINUTE_TIMES_AND_ECONOMIC_FIELDS,0
dup_08e4dd49c66597bc,2,"2025/2021-2024/2024/statement (1).html|DREA,補交易紀錄/2024-11~12 XM.csv",CSV|HTML,rec_c25b0047437bc7b91932|c_6ef3cad81eed17ea1558,False,SAME_MINUTE_TIMES_AND_ECONOMIC_FIELDS,0
dup_cd595ff54a7ac869,2,"2025/2021-2024/2024/statement (1).html|DREA,補交易紀錄/2024-11~12 XM.csv",CSV|HTML,rec_16bae4308973298b0dcb|c_cdcb08709276953bf355,False,SAME_MINUTE_TIMES_AND_ECONOMIC_FIELDS,0
dup_604e2b841d46c45d,2,"2025/2021-2024/2024/statement (1).html|DREA,補交易紀錄/2024-11~12 XM.csv",CSV|HTML,rec_92eac7766d5af3d550cf|c_18a91d90e29ecf2242e4,False,SAME_MINUTE_TIMES_AND_ECONOMIC_FIELDS,0
dup_34b229478fd5e09a,2,"2025/2021-2024/2024/statement (1).html|DREA,補交易紀錄/2024-11~12 XM.csv",CSV|HTML,rec_c0b6e3171b3a11d35c6a|c_50befb73e26ce150e45d,False,SAME_MINUTE_TIMES_AND_ECONOMIC_FIELDS,0
dup_cdc25eb5f0e9172f,2,"2025/2021-2024/2024/statement (1).html|DREA,補交易紀錄/2024-11~12 XM.csv",CSV|HTML,rec_ae08ad34e65ded87992a|c_61addfc9d4d5e6a826d3,False,SAME_MINUTE_TIMES_AND_ECONOMIC_FIELDS,0
dup_9f2354fdf42f92da,2,"2025/2021-2024/2024/statement (1).html|DREA,補交易紀錄/2024-11~12 XM.csv",CSV|HTML,rec_7588ac866a125299866d|c_576fb3b80bd30418cfa5,False,SAME_MINUTE_TIMES_AND_ECONOMIC_FIELDS,0
dup_3ae4f12f877132fc,2,"2025/2021-2024/2024/statement (1).html|DREA,補交易紀錄/2024-11~12 XM.csv",CSV|HTML,rec_c0505acc650efded4a89|c_a2e7d89465e32805af82,False,SAME_MINUTE_TIMES_AND_ECONOMIC_FIELDS,0
dup_cfd6a8a32f0cba22,2,"2025/2021-2024/2024/statement (1).html|DREA,補交易紀錄/2024-11~12 XM.csv",CSV|HTML,rec_eabe19272098ffba5ef9|c_cd8e9b95d6be82d280fd,False,SAME_MINUTE_TIMES_AND_ECONOMIC_FIELDS,0
dup_f923b0dd1e98941e,2,"2025/2021-2024/2024/statement (1).html|DREA,補交易紀錄/2024-11~12 XM.csv",CSV|HTML,rec_17c84d219ee90d20767b|c_3b247ae271fc535c7783,False,SAME_MINUTE_TIMES_AND_ECONOMIC_FIELDS,0
dup_0ae5ff9bb5a812e3,2,"2025/2021-2024/2024/statement (1).html|DREA,補交易紀錄/2024-11~12 XM.csv",CSV|HTML,rec_64915926be8601cc715b|c_c6b022dd31a779d75dc9,False,SAME_MINUTE_TIMES_AND_ECONOMIC_FIELDS,0
dup_28f996d82919af9b,2,"2025/2021-2024/2024/statement (1).html|DREA,補交易紀錄/2024-11~12 XM.csv",CSV|HTML,rec_a81d4b25fdf6d510e43a|c_6be79a57d3aff2f802aa,False,SAME_MINUTE_TIMES_AND_ECONOMIC_FIELDS,0
dup_3c8ad08f53c685f6,2,"2025/2021-2024/2024/statement (1).html|DREA,補交易紀錄/2024-11~12 XM.csv",CSV|HTML,rec_6b2b9ea70576004ea9e5|c_31aacfaacf2a77fe3004,False,SAME_MINUTE_TIMES_AND_ECONOMIC_FIELDS,0
dup_b786ba3a2af0e932,2,"2025/2021-2024/2024/statement (1).html|DREA,補交易紀錄/2024-11~12 XM.csv",CSV|HTML,rec_5c026d03458cd5db5db6|c_0a2eea456836b55db68e,False,SAME_MINUTE_TIMES_AND_ECONOMIC_FIELDS,0
dup_b9d1ffde4a43dda6,2,"2025/2021-2024/2024/statement (1).html|DREA,補交易紀錄/2024-11~12 XM.csv",CSV|HTML,rec_17dff1c7ca920819b967|c_569b3b2eb22f7451e259,False,SAME_MINUTE_TIMES_AND_ECONOMIC_FIELDS,0
dup_d60cb1ca686d0e79,2,"2025/2021-2024/2024/statement (1).html|DREA,補交易紀錄/2024-11~12 XM.csv",CSV|HTML,rec_109c58118d829e3412b7|c_24e9545a13130ae68353,False,SAME_MINUTE_TIMES_AND_ECONOMIC_FIELDS,0
dup_43829eb997a0a08a,2,"2025/2021-2024/2024/statement (1).html|DREA,補交易紀錄/2024-11~12 XM.csv",CSV|HTML,rec_e33beaedb48945ff9f09|c_50be2e54882ba9fd3c36,False,SAME_MINUTE_TIMES_AND_ECONOMIC_FIELDS,0
dup_1acf7f55e1f09e71,2,"2025/2021-2024/2024/statement (1).html|DREA,補交易紀錄/2024-11~12 XM.csv",CSV|HTML,rec_1eed1a644419262e1209|c_64dc20357653f1aa334f,False,SAME_MINUTE_TIMES_AND_ECONOMIC_FIELDS,0
dup_247d5edf8faa5ab3,2,"2025/2021-2024/2024/statement (1).html|DREA,補交易紀錄/2024-11~12 XM.csv",CSV|HTML,rec_93808032a2dd4380c5cf|c_0c9e7fceb34fc8345652,False,SAME_MINUTE_TIMES_AND_ECONOMIC_FIELDS,0
dup_221d952c0b9e4470,2,"2025/2021-2024/2024/statement (1).html|DREA,補交易紀錄/2024-11~12 XM.csv",CSV|HTML,rec_3eddeaef923e8cdc90cd|c_4afe2ff27e1e66ae0226,False,SAME_MINUTE_TIMES_AND_ECONOMIC_FIELDS,0
dup_dacb5f9ac922a5e0,2,"2025/2021-2024/2024/statement (1).html|DREA,補交易紀錄/2024-11~12 XM.csv",CSV|HTML,rec_ef3fc2a51c6afb2be340|c_6d1c7976361619203a48,False,SAME_MINUTE_TIMES_AND_ECONOMIC_FIELDS,0
dup_a1b525590cbb7cbf,2,"2025/2021-2024/2024/statement (1).html|DREA,補交易紀錄/2024-11~12 XM.csv",CSV|HTML,rec_b4e20e43f285931c568c|c_3535da3f0e2801589777,False,SAME_MINUTE_TIMES_AND_ECONOMIC_FIELDS,0
dup_829d50d43575f240,2,"2025/2021-2024/2024/statement (1).html|DREA,補交易紀錄/2024-11~12 XM.csv",CSV|HTML,rec_7c10d117a488791673a2|c_2a1fb0a48e3e3e93b69d,False,SAME_MINUTE_TIMES_AND_ECONOMIC_FIELDS,0
dup_adf105403c998502,2,"2025/2021-2024/2024/statement (1).html|DREA,補交易紀錄/2024-11~12 XM.csv",CSV|HTML,rec_0a0010d0b0a8b9f5b818|c_968d93393ad108192568,False,SAME_MINUTE_TIMES_AND_ECONOMIC_FIELDS,0
dup_7050e5b4fdb97cef,2,"2025/2021-2024/2024/statement (1).html|DREA,補交易紀錄/2024-11~12 XM.csv",CSV|HTML,rec_5c10cfd70fc1e5fedd7a|c_7585b575ac74f5a05403,False,SAME_MINUTE_TIMES_AND_ECONOMIC_FIELDS,0
dup_d9557fe4a9ddf357,2,"2025/2021-2024/2024/statement (1).html|DREA,補交易紀錄/2024-11~12 XM.csv",CSV|HTML,rec_f46ad7f1c005001d90c3|c_9d3874e3bc5b946ccc97,False,SAME_MINUTE_TIMES_AND_ECONOMIC_FIELDS,0
dup_3a4bb09eea9d7cc5,2,"2025/2021-2024/2024/statement (1).html|DREA,補交易紀錄/2024-11~12 XM.csv",CSV|HTML,rec_ee162f801082a970c83f|c_65538475a4b574ad4487,False,SAME_MINUTE_TIMES_AND_ECONOMIC_FIELDS,0
dup_6cfbc1c5a34543eb,2,"2025/2021-2024/2024/statement (1).html|DREA,補交易紀錄/2024-11~12 XM.csv",CSV|HTML,rec_33b91a0cce985c34d133|c_415a26f68714dfd359c8,False,SAME_MINUTE_TIMES_AND_ECONOMIC_FIELDS,0
dup_9b862bbaea773223,2,"2025/2021-2024/2024/statement (1).html|DREA,補交易紀錄/2024-11~12 XM.csv",CSV|HTML,rec_560008f6a1941f6e15a8|c_de2899175dbcbd4d2cde,False,SAME_MINUTE_TIMES_AND_ECONOMIC_FIELDS,0
dup_7f503e8e1c3ca55d,2,"2025/2021-2024/2024/statement (1).html|DREA,補交易紀錄/2024-11~12 XM.csv",CSV|HTML,rec_f1b28aca8c60f2a128d3|c_e735853b675535739cf8,False,SAME_MINUTE_TIMES_AND_ECONOMIC_FIELDS,0
dup_158523e18bbe7354,2,"2025/2021-2024/2024/statement (1).html|DREA,補交易紀錄/2024-11~12 XM.csv",CSV|HTML,rec_17b69ada9e49152fa945|c_3b3f5b321c05c8e1cae9,False,SAME_MINUTE_TIMES_AND_ECONOMIC_FIELDS,0
dup_b80b8f00bdef904c,2,"2025/2021-2024/2024/statement (1).html|DREA,補交易紀錄/2024-11~12 XM.csv",CSV|HTML,rec_c5e2559ac192c732a0a9|c_3f3c43ce63fa1dee2bef,False,SAME_MINUTE_TIMES_AND_ECONOMIC_FIELDS,0
dup_c8db06d6188b4618,2,"2025/2021-2024/2024/statement (1).html|DREA,補交易紀錄/2024-11~12 XM.csv",CSV|HTML,rec_273f615f3d86244f566b|c_23a328ef0423a867c93d,False,SAME_MINUTE_TIMES_AND_ECONOMIC_FIELDS,0
dup_e4b1ef525b853ff0,2,"2025/2021-2024/2024/statement (1).html|DREA,補交易紀錄/2024-11~12 XM.csv",CSV|HTML,rec_0f20e012380e1e15b51b|c_b7f11db670f228a200be,False,SAME_MINUTE_TIMES_AND_ECONOMIC_FIELDS,0
dup_19eb88c881b3573f,2,"2025/2021-2024/2024/statement (1).html|DREA,補交易紀錄/2024-11~12 XM.csv",CSV|HTML,rec_5de36e3fc91800d806f1|c_6845c89e69eee20c8898,False,SAME_MINUTE_TIMES_AND_ECONOMIC_FIELDS,0
dup_29ef9ddf24be3bfe,2,"2025/2021-2024/2024/statement (1).html|DREA,補交易紀錄/2024-11~12 XM.csv",CSV|HTML,rec_95622d3683e91f658988|c_9ecf09bd30743209eeed,False,SAME_MINUTE_TIMES_AND_ECONOMIC_FIELDS,0
dup_14691d50f5425bb9,2,"2025/2021-2024/2024/statement (1).html|DREA,補交易紀錄/2024-11~12 XM.csv",CSV|HTML,rec_8f1feec9c45baa0be905|c_2cf7ffe08da10603e5f4,False,SAME_MINUTE_TIMES_AND_ECONOMIC_FIELDS,0
dup_3793b3bcd15eff96,2,"2025/2021-2024/2024/statement (1).html|DREA,補交易紀錄/2024-11~12 XM.csv",CSV|HTML,rec_0df329f4eb8cba6019bb|c_1a8f180365422c92dd9f,False,SAME_MINUTE_TIMES_AND_ECONOMIC_FIELDS,0
dup_9deaadd34a3461f6,2,"2025/2021-2024/2024/statement (1).html|DREA,補交易紀錄/2024-11~12 XM.csv",CSV|HTML,rec_30a8ee34eaffc1f13cc4|c_3fd5049b764ce766cef5,False,SAME_MINUTE_TIMES_AND_ECONOMIC_FIELDS,0
dup_a020ca34f1f78c5d,2,"2025/2021-2024/2024/statement (1).html|DREA,補交易紀錄/2024-11~12 XM.csv",CSV|HTML,rec_d39521c7768b5075e05c|c_531ec0457e61aa7a38c6,False,SAME_MINUTE_TIMES_AND_ECONOMIC_FIELDS,0
dup_8ef68da133272e9c,2,"2025/2021-2024/2024/statement (1).html|DREA,補交易紀錄/2024-11~12 XM.csv",CSV|HTML,rec_4ffb9480050a2139420a|c_063aedf326213c103c7c,False,SAME_MINUTE_TIMES_AND_ECONOMIC_FIELDS,0
dup_7c7cd83987da4b0a,2,"2025/2021-2024/2024/statement (1).html|DREA,補交易紀錄/2024-11~12 XM.csv",CSV|HTML,rec_d7d996da5a47c041df57|c_708ab2d455c1202cd508,False,SAME_MINUTE_TIMES_AND_ECONOMIC_FIELDS,0
dup_151faf669bc64e57,2,"2025/2021-2024/2024/statement (1).html|DREA,補交易紀錄/2024-11~12 XM.csv",CSV|HTML,rec_40dbd2e92f9ca89acfe1|c_d6f8849a764b4a1b4be8,False,SAME_MINUTE_TIMES_AND_ECONOMIC_FIELDS,0
dup_84032676cc2ecabd,2,"2025/2021-2024/2024/statement (1).html|DREA,補交易紀錄/2024-11~12 XM.csv",CSV|HTML,rec_63e409312c143d1610b3|c_d8c44cd1a90344b6e13e,False,SAME_MINUTE_TIMES_AND_ECONOMIC_FIELDS,0
dup_33db7f789b51f846,2,"2025/2021-2024/2024/statement (1).html|DREA,補交易紀錄/2024-11~12 XM.csv",CSV|HTML,rec_99dd8af621be93c5e361|c_2cc73aac2c88cae3691f,False,SAME_MINUTE_TIMES_AND_ECONOMIC_FIELDS,0
dup_c3a4d16e86b9ae71,2,"2025/2021-2024/2024/statement (1).html|DREA,補交易紀錄/2024-11~12 XM.csv",CSV|HTML,rec_8e03ca89cbd6b8fca00b|c_9d07a23154354bcccb3d,False,SAME_MINUTE_TIMES_AND_ECONOMIC_FIELDS,0
dup_1bb4fcafbe61d300,2,"2025/2021-2024/2024/statement (1).html|DREA,補交易紀錄/2024-11~12 XM.csv",CSV|HTML,rec_a9f080a0532f997bffee|c_d36cc0eec8651334e750,False,SAME_MINUTE_TIMES_AND_ECONOMIC_FIELDS,0
dup_17cfe7dcd85f94f7,2,"2025/2021-2024/2024/statement (12).html|DREA,補交易紀錄/2023-24-12-28 XM比賽帳戶.csv",CSV|HTML,rec_39b3e59082b9348f9c94|c_a22ef43d93e97b8693b5,False,SAME_MINUTE_TIMES_AND_ECONOMIC_FIELDS,0
dup_7da4c1722476e5d4,2,"2025/2021-2024/2024/statement (12).html|DREA,補交易紀錄/2023-24-12-28 XM比賽帳戶.csv",CSV|HTML,rec_05867dbbf7d2165b08c1|c_3d453b91e2173e244743,False,SAME_MINUTE_TIMES_AND_ECONOMIC_FIELDS,0
dup_71b213748b83fddc,2,"2025/2021-2024/2024/statement (12).html|DREA,補交易紀錄/2023-24-12-28 XM比賽帳戶.csv",CSV|HTML,rec_8e1eedcd868fd31aadb3|c_3781ea5a99c41ae380fd,False,SAME_MINUTE_TIMES_AND_ECONOMIC_FIELDS,0
dup_b817bd2ee9da3bc7,2,"2025/2021-2024/2024/statement (12).html|DREA,補交易紀錄/2023-24-12-28 XM比賽帳戶.csv",CSV|HTML,rec_4aaa082fdb9a52e3a533|c_6ca454fcfb882dfa33e6,False,SAME_MINUTE_TIMES_AND_ECONOMIC_FIELDS,0
dup_921132195288d84e,2,"2025/2021-2024/2024/statement (12).html|DREA,補交易紀錄/2023-24-12-28 XM比賽帳戶.csv",CSV|HTML,rec_b3f383564d18d5fddcb4|c_0494881127f49150be1c,False,SAME_MINUTE_TIMES_AND_ECONOMIC_FIELDS,0
dup_7da074969c88b47b,2,"2025/2021-2024/2024/statement (12).html|DREA,補交易紀錄/2023-24-12-28 XM比賽帳戶.csv",CSV|HTML,rec_4b3e447731dbd0c62169|c_55ec626ef6e0229fed1c,False,SAME_MINUTE_TIMES_AND_ECONOMIC_FIELDS,0
dup_3e6115538f26f365,2,"2025/2021-2024/2024/statement (12).html|DREA,補交易紀錄/2023-24-12-28 XM比賽帳戶.csv",CSV|HTML,rec_5dc18648efa50cb3dac9|c_ffe6531eb9dac2a0c4b3,False,SAME_MINUTE_TIMES_AND_ECONOMIC_FIELDS,0
dup_42c2b9efa5505667,2,"2025/2021-2024/2024/statement (12).html|DREA,補交易紀錄/2023-24-12-28 XM比賽帳戶.csv",CSV|HTML,rec_480e1f1b8d32ad023fb4|c_d6f9905f831a8d9809d9,False,SAME_MINUTE_TIMES_AND_ECONOMIC_FIELDS,0
dup_1a49e42c5512a0ec,2,"2025/2021-2024/2024/statement (12).html|DREA,補交易紀錄/2023-24-12-28 XM比賽帳戶.csv",CSV|HTML,rec_b89af79f72a5a1e887bb|c_eb9bd38d8652fdd134a6,False,SAME_MINUTE_TIMES_AND_ECONOMIC_FIELDS,0
dup_62aa1621605f22d3,2,"2025/2021-2024/2024/statement (12).html|DREA,補交易紀錄/2023-24-12-28 XM比賽帳戶.csv",CSV|HTML,rec_fdaa3396d36fc6430375|c_0ef0f6f5aa2fdae2cd83,False,SAME_MINUTE_TIMES_AND_ECONOMIC_FIELDS,0
dup_7795b250d85f5027,2,"2025/2021-2024/2024/statement (12).html|DREA,補交易紀錄/2023-24-12-28 XM比賽帳戶.csv",CSV|HTML,rec_475d9babfe3fd2f987d1|c_bca7451756817b000ee9,False,SAME_MINUTE_TIMES_AND_ECONOMIC_FIELDS,0
dup_e8dc08f4b6c8e5d7,2,"2025/2021-2024/2024/statement (12).html|DREA,補交易紀錄/2023-24-12-28 XM比賽帳戶.csv",CSV|HTML,rec_57e1111698825d9b0011|c_9abb5b916558f1a443ec,False,SAME_MINUTE_TIMES_AND_ECONOMIC_FIELDS,0
dup_0e4a065bbef0a976,2,"2025/2021-2024/2024/statement (12).html|DREA,補交易紀錄/2023-24-12-28 XM比賽帳戶.csv",CSV|HTML,rec_500699434163188dbf0d|c_01de655c1a6519bddabc,False,SAME_MINUTE_TIMES_AND_ECONOMIC_FIELDS,0
dup_9bbf890edff8f33c,2,"2025/2021-2024/2024/statement (12).html|DREA,補交易紀錄/2023-24-12-28 XM比賽帳戶.csv",CSV|HTML,rec_7393e30e34b273566212|c_a703fbbafbee5a182a13,False,SAME_MINUTE_TIMES_AND_ECONOMIC_FIELDS,0
dup_ce4e7efbb55ccb22,2,"2025/2021-2024/2024/statement (12).html|DREA,補交易紀錄/2023-24-12-28 XM比賽帳戶.csv",CSV|HTML,rec_2982283b5250135fd33e|c_075832cba0d78c28b674,False,SAME_MINUTE_TIMES_AND_ECONOMIC_FIELDS,0
dup_3a1a6897b7627ce4,2,"2025/2021-2024/2024/statement (12).html|DREA,補交易紀錄/2023-24-12-28 XM比賽帳戶.csv",CSV|HTML,rec_37fea1db7deb5d9ad662|c_869c65adc9ce615138ab,False,SAME_MINUTE_TIMES_AND_ECONOMIC_FIELDS,0
dup_2e50668423e07c28,2,"2025/2021-2024/2024/statement (12).html|DREA,補交易紀錄/2023-24-12-28 XM比賽帳戶.csv",CSV|HTML,rec_bbef439af0d3df61748b|c_d697adf8c3acb8cf6151,False,SAME_MINUTE_TIMES_AND_ECONOMIC_FIELDS,0
dup_afe9ef7461bd67cf,2,"2025/2021-2024/2024/statement (12).html|DREA,補交易紀錄/2023-24-12-28 XM比賽帳戶.csv",CSV|HTML,rec_bc7a6aeafe5fc0718a33|c_aca8a7e79edb49cc8a71,False,SAME_MINUTE_TIMES_AND_ECONOMIC_FIELDS,0
dup_fef874a9f8308e29,2,"2025/2021-2024/2024/statement (12).html|DREA,補交易紀錄/2023-24-12-28 XM比賽帳戶.csv",CSV|HTML,rec_595409d4a1970d010b84|c_f97e080d0ad0836d18e7,False,SAME_MINUTE_TIMES_AND_ECONOMIC_FIELDS,0
dup_dc0cd552ac1f4098,2,"2025/2021-2024/2024/statement (12).html|DREA,補交易紀錄/2023-24-12-28 XM比賽帳戶.csv",CSV|HTML,rec_7f42e544340f6c28d41b|c_9e81fe3add1fb876bc52,False,SAME_MINUTE_TIMES_AND_ECONOMIC_FIELDS,0
dup_5ff2f04a945459e7,2,"2025/2021-2024/2024/statement (12).html|DREA,補交易紀錄/2023-24-12-28 XM比賽帳戶.csv",CSV|HTML,rec_c98f9fc05f0426fde47c|c_f10c48ec79654382cc20,False,SAME_MINUTE_TIMES_AND_ECONOMIC_FIELDS,0
dup_5bbfe6cf74447529,2,"2025/2021-2024/2024/statement (12).html|DREA,補交易紀錄/2023-24-12-28 XM比賽帳戶.csv",CSV|HTML,rec_100ca9bc964853cd1008|c_6c30d450a6cffeaa68bc,False,SAME_MINUTE_TIMES_AND_ECONOMIC_FIELDS,0
dup_79cb923e8ea45ffc,2,"2025/2021-2024/2024/statement (12).html|DREA,補交易紀錄/2023-24-12-28 XM比賽帳戶.csv",CSV|HTML,rec_d5383be185097322dfe2|c_1022ee7bc19e7b2a154d,False,SAME_MINUTE_TIMES_AND_ECONOMIC_FIELDS,0
dup_1b3520803736f518,2,"2025/2021-2024/2024/statement (12).html|DREA,補交易紀錄/2023-24-12-28 XM比賽帳戶.csv",CSV|HTML,rec_8154f4a2d06d79454e42|c_a9c0ac9f2b943e05e4b9,False,SAME_MINUTE_TIMES_AND_ECONOMIC_FIELDS,0
dup_aa8e958aa961604c,2,"2025/2021-2024/2024/statement (12).html|DREA,補交易紀錄/2023-24-12-28 XM比賽帳戶.csv",CSV|HTML,rec_338f7d88171507e0ef85|c_eae24875ba5247a32ad3,False,SAME_MINUTE_TIMES_AND_ECONOMIC_FIELDS,0
dup_c9d68b3e2bac1c73,2,"2025/2021-2024/2024/statement (12).html|DREA,補交易紀錄/2023-24-12-28 XM比賽帳戶.csv",CSV|HTML,rec_a821717ff93c49243ce8|c_f082f25751472f9f3b03,False,SAME_MINUTE_TIMES_AND_ECONOMIC_FIELDS,0
dup_adadeb5f0c8e4b9f,2,"2025/2021-2024/2024/statement (12).html|DREA,補交易紀錄/2023-24-12-28 XM比賽帳戶.csv",CSV|HTML,rec_117576d7dff0a051d67e|c_87b9d5f1a02c930b121b,False,SAME_MINUTE_TIMES_AND_ECONOMIC_FIELDS,0
dup_e5f9df9c45a7160f,2,"2025/2021-2024/2024/statement (12).html|DREA,補交易紀錄/2023-24-12-28 XM比賽帳戶.csv",CSV|HTML,rec_816ae749f3f1ee4ff2e1|c_e055a70562b64405e30e,False,SAME_MINUTE_TIMES_AND_ECONOMIC_FIELDS,0
dup_cc79bd8345c0039d,2,"2025/2021-2024/2024/statement (12).html|DREA,補交易紀錄/2023-24-12-28 XM比賽帳戶.csv",CSV|HTML,rec_dde53f57373b2952e288|c_00752520341ad1174894,False,SAME_MINUTE_TIMES_AND_ECONOMIC_FIELDS,0
dup_7c8e13b06b8eea5d,2,"2025/2021-2024/2024/statement (12).html|DREA,補交易紀錄/2023-24-12-28 XM比賽帳戶.csv",CSV|HTML,rec_2497306a1bc6b972d0e3|c_51cf190a9455d0be57a9,False,SAME_MINUTE_TIMES_AND_ECONOMIC_FIELDS,0
dup_a8ec442a080837ed,2,"2025/2021-2024/2024/statement (12).html|DREA,補交易紀錄/2023-24-12-28 XM比賽帳戶.csv",CSV|HTML,rec_082ac441d360b3458e15|c_88ba8c98ad463e6178a7,False,SAME_MINUTE_TIMES_AND_ECONOMIC_FIELDS,0
dup_018c19decc5261c5,2,"2025/2021-2024/2024/statement (12).html|DREA,補交易紀錄/2023-24-12-28 XM比賽帳戶.csv",CSV|HTML,rec_91b4a5ebb10acaa7e3e5|c_f539c9725fd209960200,False,SAME_MINUTE_TIMES_AND_ECONOMIC_FIELDS,0
dup_84bb5525e6117fbb,2,"2025/2021-2024/2024/statement (12).html|DREA,補交易紀錄/2023-24-12-28 XM比賽帳戶.csv",CSV|HTML,rec_28bc6ba8696a1410df74|c_163e817792f357be77fa,False,SAME_MINUTE_TIMES_AND_ECONOMIC_FIELDS,0
dup_47827c7a145d4594,2,"2025/2021-2024/2024/statement (11).html|DREA,補交易紀錄/2024-01-22 XM 績效.csv",CSV|HTML,rec_4c5451d5067b3efd1deb|c_b886d1ae855a0f873425,False,SAME_MINUTE_TIMES_AND_ECONOMIC_FIELDS,0
dup_c45ed8941c52c2e0,2,"2025/2021-2024/2024/statement (11).html|DREA,補交易紀錄/2024-01-22 XM 績效.csv",CSV|HTML,rec_e76ec4269574f1fb0085|c_d78cd722e74ab753241f,False,SAME_MINUTE_TIMES_AND_ECONOMIC_FIELDS,0
dup_ece9e813610b2b42,2,"2025/2021-2024/2024/statement (11).html|DREA,補交易紀錄/2024-01-22 XM 績效.csv",CSV|HTML,rec_c6de22745bab4e434671|c_22e04a6fde24945b5b49,False,SAME_MINUTE_TIMES_AND_ECONOMIC_FIELDS,0
dup_0ce813adf71bf626,2,"2025/2021-2024/2024/statement (11).html|DREA,補交易紀錄/2024-01-22 XM 績效.csv",CSV|HTML,rec_4b209f809ea206d5b792|c_774cf6d0e0678cd6c856,False,SAME_MINUTE_TIMES_AND_ECONOMIC_FIELDS,0
dup_2cbfd98c32435a12,2,"2025/2021-2024/2024/statement (11).html|DREA,補交易紀錄/2024-01-22 XM 績效.csv",CSV|HTML,rec_380c9297869a50fd54a5|c_c3e60993517d6320e643,False,SAME_MINUTE_TIMES_AND_ECONOMIC_FIELDS,0
dup_63a88925d8c7fc95,2,"2025/2021-2024/2024/statement (11).html|DREA,補交易紀錄/2024-01-22 XM 績效.csv",CSV|HTML,rec_b57e14fa9ad81a53ed82|c_0ea50252345ae5405294,False,SAME_MINUTE_TIMES_AND_ECONOMIC_FIELDS,0
dup_b630fae025f6d2ff,2,"2025/2021-2024/2024/statement (11).html|DREA,補交易紀錄/2024-01-22 XM 績效.csv",CSV|HTML,rec_8c9648710778d9fbbf82|c_074901a2c9320f67f756,False,SAME_MINUTE_TIMES_AND_ECONOMIC_FIELDS,0
dup_afdb6397dbf7b69c,2,"2025/2021-2024/2024/statement (11).html|DREA,補交易紀錄/2024-01-22 XM 績效.csv",CSV|HTML,rec_046749ae43dcf8f41b6c|c_4b18c4b0dd1d64bc1f5e,False,SAME_MINUTE_TIMES_AND_ECONOMIC_FIELDS,0
dup_f4476cb52308ea1a,2,"2025/2021-2024/2024/statement (8).html|DREA,補交易紀錄/2023-12-12 XM 績效.csv",CSV|HTML,rec_3ea2992950bd6faaa7c1|c_8087343de0f1194e6f33,False,SAME_MINUTE_TIMES_AND_ECONOMIC_FIELDS,0
dup_fa81f3b4a92c0ae7,2,"2025/2021-2024/2024/statement (8).html|DREA,補交易紀錄/2023-12-12 XM 績效.csv",CSV|HTML,rec_d4a0ec19e047ced3b259|c_1b312e4f8fd66a059c35,False,SAME_MINUTE_TIMES_AND_ECONOMIC_FIELDS,0
dup_42a57e910c99c311,2,"2025/2021-2024/2024/statement (8).html|DREA,補交易紀錄/2023-12-12 XM 績效.csv",CSV|HTML,rec_9e0a6e762530e4d52d35|c_44f177c1fc144bd982bc,False,SAME_MINUTE_TIMES_AND_ECONOMIC_FIELDS,0
dup_d26f7acfc9a25a97,2,"2025/2021-2024/2024/statement (8).html|DREA,補交易紀錄/2023-12-12 XM 績效.csv",CSV|HTML,rec_d2ed26a2e124b4d84b6b|c_d866d1382471d657e877,False,SAME_MINUTE_TIMES_AND_ECONOMIC_FIELDS,0
dup_63176f8a42fc8480,2,"2025/2021-2024/2024/statement (8).html|DREA,補交易紀錄/2023-12-12 XM 績效.csv",CSV|HTML,rec_f64abb37b2388f9f2d1d|c_39386c5a8fe1b69b3bda,False,SAME_MINUTE_TIMES_AND_ECONOMIC_FIELDS,0
dup_9b6c33542dfe6884,2,"2025/2021-2024/2024/statement (8).html|DREA,補交易紀錄/2023-12-12 XM 績效.csv",CSV|HTML,rec_3d6f1089c956474faebe|c_86b9f05fddbe9f3f2682,False,SAME_MINUTE_TIMES_AND_ECONOMIC_FIELDS,0
dup_09b26cc50c2e9ff4,2,"2025/2021-2024/2024/statement (8).html|DREA,補交易紀錄/2023-12-12 XM 績效.csv",CSV|HTML,rec_9723975502d59a3bbf62|c_7f18db1f81ad2d16d3af,False,SAME_MINUTE_TIMES_AND_ECONOMIC_FIELDS,0
dup_6466d0c06d77f55a,2,"2025/2021-2024/2024/statement (8).html|DREA,補交易紀錄/2023-12-12 XM 績效.csv",CSV|HTML,rec_1c8bbb4283c6a2a27558|c_ba1de500eee5eb990fad,False,SAME_MINUTE_TIMES_AND_ECONOMIC_FIELDS,0
dup_04b6c1bb9095a715,2,"2025/2021-2024/2024/statement (6).html|DREA,補交易紀錄/2024-05-24.csv",CSV|HTML,rec_adb191da53cb4cc43f41|c_fe01c661e411cf9995c0,False,SAME_MINUTE_TIMES_AND_ECONOMIC_FIELDS,0
dup_da2e49874705c9ec,2,"2025/2021-2024/2024/statement (6).html|DREA,補交易紀錄/2024-05-24.csv",CSV|HTML,rec_d1dbe1bcb8621c95e926|c_cf0f4faa213e1088e256,False,SAME_MINUTE_TIMES_AND_ECONOMIC_FIELDS,0
dup_ddf4889cd3e1daa9,2,"2025/2021-2024/2024/statement (6).html|DREA,補交易紀錄/2024-05-24.csv",CSV|HTML,rec_198b510a44391b10bb0a|c_5f07931f919ed035dd98,False,SAME_MINUTE_TIMES_AND_ECONOMIC_FIELDS,0
dup_abd3439400db9e3e,2,"2025/2021-2024/2024/statement (6).html|DREA,補交易紀錄/2024-05-24.csv",CSV|HTML,rec_c894625de976197d6d80|c_effe12266db40bde721c,False,SAME_MINUTE_TIMES_AND_ECONOMIC_FIELDS,0
dup_a4ce3381426b6e83,2,"2025/2021-2024/2024/statement (6).html|DREA,補交易紀錄/2024-05-24.csv",CSV|HTML,rec_252f67ed43986cf1789f|c_34584888b309f43d8309,False,SAME_MINUTE_TIMES_AND_ECONOMIC_FIELDS,0
dup_3c69c666b8ae9efd,2,"2025/2021-2024/2024/statement (6).html|DREA,補交易紀錄/2024-05-24.csv",CSV|HTML,rec_9183bd5192376d5258ba|c_6b8101d8957f21c92fa6,False,SAME_MINUTE_TIMES_AND_ECONOMIC_FIELDS,0
dup_08eadbe696112ebc,2,"2025/2021-2024/2024/statement (6).html|DREA,補交易紀錄/2024-05-24.csv",CSV|HTML,rec_6dbcf2746e78ada91ae6|c_171ca934a430481657e7,False,SAME_MINUTE_TIMES_AND_ECONOMIC_FIELDS,0
dup_0390555b94d57ad9,2,"2025/2021-2024/2024/statement (6).html|DREA,補交易紀錄/2024-05-24.csv",CSV|HTML,rec_b1307e19910c58425d2b|c_e693d95aad83cf93f8ed,False,SAME_MINUTE_TIMES_AND_ECONOMIC_FIELDS,0
dup_7a27ae7389a535b1,2,"2025/2021-2024/2024/statement (6).html|DREA,補交易紀錄/2024-05-24.csv",CSV|HTML,rec_47cbee9c6249254cbebc|c_ac7a10cf254ef9db298c,False,SAME_MINUTE_TIMES_AND_ECONOMIC_FIELDS,0
dup_aa179222e1af9730,2,"2025/2021-2024/2024/statement (6).html|DREA,補交易紀錄/2024-05-24.csv",CSV|HTML,rec_1534938d911d46d24e81|c_62dcb280a38d826ca649,False,SAME_MINUTE_TIMES_AND_ECONOMIC_FIELDS,0
dup_7eb4f7988e7fb4e2,2,"2025/2021-2024/2024/statement (6).html|DREA,補交易紀錄/2024-05-24.csv",CSV|HTML,rec_5d6ddfcf3687e2718815|c_d04ed00ba8307c4e9792,False,SAME_MINUTE_TIMES_AND_ECONOMIC_FIELDS,0
dup_fb33b4ff87386c8a,2,"2025/2021-2024/2024/statement (6).html|DREA,補交易紀錄/2024-05-24.csv",CSV|HTML,rec_e8dd124e679a8312ee9b|c_a6a464e02e0fa1167771,False,SAME_MINUTE_TIMES_AND_ECONOMIC_FIELDS,0
dup_07560b7d8e5fd2c0,2,"2025/2021-2024/2024/statement (6).html|DREA,補交易紀錄/2024-05-24.csv",CSV|HTML,rec_355760a18d4342a07e6e|c_1588440ef51a431f5920,False,SAME_MINUTE_TIMES_AND_ECONOMIC_FIELDS,0
dup_e308fa07f6709472,2,"2025/2021-2024/2024/statement (6).html|DREA,補交易紀錄/2024-05-24.csv",CSV|HTML,rec_319919316d5034a83ff6|c_a367239c5ff965fdc716,False,SAME_MINUTE_TIMES_AND_ECONOMIC_FIELDS,0
dup_eccd3c279405a946,2,"2025/2021-2024/2024/statement (6).html|DREA,補交易紀錄/2024-05-24.csv",CSV|HTML,rec_b185f0f45af770cdeb0b|c_567f75946dec4f5e1ce0,False,SAME_MINUTE_TIMES_AND_ECONOMIC_FIELDS,0
dup_a76d0e14ed9c0b95,2,"2025/2021-2024/2024/statement (6).html|DREA,補交易紀錄/2024-05-24.csv",CSV|HTML,rec_8997d16a57df1c65c861|c_1794ddbfd246ad1b91d4,False,SAME_MINUTE_TIMES_AND_ECONOMIC_FIELDS,0
dup_2f71432317f5e75b,2,"2025/2021-2024/2024/statement (6).html|DREA,補交易紀錄/2024-05-24.csv",CSV|HTML,rec_54855c5a8739f7e6f6bc|c_6e3ee9e4c76c9d7d92df,False,SAME_MINUTE_TIMES_AND_ECONOMIC_FIELDS,0
dup_aa4c6942b9da0071,2,"2025/2021-2024/2024/statement (6).html|DREA,補交易紀錄/2024-05-24.csv",CSV|HTML,rec_dc2a9d8893c509a1e689|c_0d9993859b1ae3c53e34,False,SAME_MINUTE_TIMES_AND_ECONOMIC_FIELDS,0
dup_af34e0aa4cfb0e81,2,"2025/2021-2024/2024/statement (6).html|DREA,補交易紀錄/2024-05-24.csv",CSV|HTML,rec_b0cc5f9fe4f407255cc6|c_3a5a5932d6d51b16bc5d,False,SAME_MINUTE_TIMES_AND_ECONOMIC_FIELDS,0
dup_8622274f5b672d94,2,"2025/2021-2024/2024/statement (6).html|DREA,補交易紀錄/2024-05-24.csv",CSV|HTML,rec_de24c4934d5dee36396c|c_ac44f732b49a1fe14903,False,SAME_MINUTE_TIMES_AND_ECONOMIC_FIELDS,0
dup_d4a24eecbc5cc77d,2,"2025/2021-2024/2024/statement (6).html|DREA,補交易紀錄/2024-05-24.csv",CSV|HTML,rec_fdbaea84a8ccdb6dc97a|c_e8ff72593104c280b196,False,SAME_MINUTE_TIMES_AND_ECONOMIC_FIELDS,0
dup_2e99b49294e712dd,2,"2025/2021-2024/2024/statement (6).html|DREA,補交易紀錄/2024-05-24.csv",CSV|HTML,rec_471071dbef8da3c551d1|c_8802f988b5dc605b8aae,False,SAME_MINUTE_TIMES_AND_ECONOMIC_FIELDS,0
dup_c53015842b6ff062,2,"2025/2021-2024/2024/statement (6).html|DREA,補交易紀錄/2024-05-24.csv",CSV|HTML,rec_02014bd19058f5516c0d|c_307aaed41514df897bfc,False,SAME_MINUTE_TIMES_AND_ECONOMIC_FIELDS,0
dup_57af825e3ac9916b,2,"2025/2021-2024/2024/statement (6).html|DREA,補交易紀錄/2024-05-24.csv",CSV|HTML,rec_530aa38411352a5ebc7f|c_75b8c0af58eac3ebb58a,False,SAME_MINUTE_TIMES_AND_ECONOMIC_FIELDS,0
dup_1793854609758235,2,"2025/2021-2024/2024/statement (6).html|DREA,補交易紀錄/2024-05-24.csv",CSV|HTML,rec_a95870dbe2865eeac7ad|c_ae0f1949f52c47e7ce97,False,SAME_MINUTE_TIMES_AND_ECONOMIC_FIELDS,0
dup_4031769d34532215,2,"2025/2021-2024/2024/statement (6).html|DREA,補交易紀錄/2024-05-24.csv",CSV|HTML,rec_550b74a05ccd3e739c27|c_68d8fe862b62d4c975a3,False,SAME_MINUTE_TIMES_AND_ECONOMIC_FIELDS,0
dup_84e49919de7c9b85,2,"2025/2021-2024/2024/statement (6).html|DREA,補交易紀錄/2024-05-24.csv",CSV|HTML,rec_33aaf13c5e77c004f4d6|c_c1454232ff9682cf0230,False,SAME_MINUTE_TIMES_AND_ECONOMIC_FIELDS,0
dup_c07f5de2d9bbf39a,2,"2025/2021-2024/2024/statement (6).html|DREA,補交易紀錄/2024-05-24.csv",CSV|HTML,rec_6c4cbf99a141d9d9901c|c_0bb3e7346e4d946d746f,False,SAME_MINUTE_TIMES_AND_ECONOMIC_FIELDS,0
dup_be018fb15774ba7e,2,"2025/2021-2024/2024/statement (6).html|DREA,補交易紀錄/2024-05-24.csv",CSV|HTML,rec_1c2688d14b5a1e4c8808|c_325d0064f07056307325,False,SAME_MINUTE_TIMES_AND_ECONOMIC_FIELDS,0
dup_836840e0dc81e280,2,"2025/2021-2024/2024/statement (6).html|DREA,補交易紀錄/2024-05-24.csv",CSV|HTML,rec_9ea922b61d118d2dbd5e|c_6676022c395c42ada003,False,SAME_MINUTE_TIMES_AND_ECONOMIC_FIELDS,0
dup_377c3f9789d4d5a6,2,"2025/2021-2024/2024/statement (6).html|DREA,補交易紀錄/2024-05-24.csv",CSV|HTML,rec_a64b2a669d32d1dd3835|c_01e437af18a34f99f63a,False,SAME_MINUTE_TIMES_AND_ECONOMIC_FIELDS,0
dup_d9d061bff6a48344,2,"2025/2021-2024/2024/statement (6).html|DREA,補交易紀錄/2024-05-24.csv",CSV|HTML,rec_4e0c9e8b8812ef26d54f|c_bb271a89e04b7be3b1c3,False,SAME_MINUTE_TIMES_AND_ECONOMIC_FIELDS,0
dup_9685378bc16c9bfa,2,"2025/2021-2024/2024/statement (6).html|DREA,補交易紀錄/2024-05-24.csv",CSV|HTML,rec_904fd61688fce8d6790c|c_1ca26523dcfba27a1f64,False,SAME_MINUTE_TIMES_AND_ECONOMIC_FIELDS,0
dup_afe04422954448aa,2,"2025/2021-2024/2024/statement (6).html|DREA,補交易紀錄/2024-05-24.csv",CSV|HTML,rec_542ae2f17f73e221f04e|c_e9236584266b4fdabafc,False,SAME_MINUTE_TIMES_AND_ECONOMIC_FIELDS,0
dup_d2ffa37e4639ecb2,2,"2025/2021-2024/2024/statement (6).html|DREA,補交易紀錄/2024-05-24.csv",CSV|HTML,rec_e559d50af8f3a81ddbf1|c_2a8f374d64f5eedfc452,False,SAME_MINUTE_TIMES_AND_ECONOMIC_FIELDS,0
dup_1e11b1180609f4a3,2,"2025/2021-2024/2024/statement (6).html|DREA,補交易紀錄/2024-05-24.csv",CSV|HTML,rec_5ce2206ca907ea5e3846|c_51488a7c3d41d1fdb0fe,False,SAME_MINUTE_TIMES_AND_ECONOMIC_FIELDS,0
dup_57ebcffefc24a185,2,"2025/2021-2024/2024/statement (6).html|DREA,補交易紀錄/2024-05-24.csv",CSV|HTML,rec_f10d67b36c134d468249|c_3a495a4550e003cb36a1,False,SAME_MINUTE_TIMES_AND_ECONOMIC_FIELDS,0
dup_0283d6835603610c,2,"2025/2021-2024/2024/statement (6).html|DREA,補交易紀錄/2024-05-24.csv",CSV|HTML,rec_26dd29aa47d084a444f6|c_c6ce473415ef5429e71e,False,SAME_MINUTE_TIMES_AND_ECONOMIC_FIELDS,0
dup_f036627f3b8ac481,2,"2025/2021-2024/2024/statement (6).html|DREA,補交易紀錄/2024-05-24.csv",CSV|HTML,rec_afae8509f5c81f934593|c_9cb3e039f2368136ced1,False,SAME_MINUTE_TIMES_AND_ECONOMIC_FIELDS,0
dup_17db494cd65b8624,2,"2025/2021-2024/2024/statement (6).html|DREA,補交易紀錄/2024-05-24.csv",CSV|HTML,rec_15292a0f992db4318a8a|c_a50a80b71e09f985c59f,False,SAME_MINUTE_TIMES_AND_ECONOMIC_FIELDS,0
dup_68b51150ca858db0,2,"2025/2021-2024/2024/statement (6).html|DREA,補交易紀錄/2024-05-24.csv",CSV|HTML,rec_850346f0c13ab6f50476|c_c4b6085981a01f6161a2,False,SAME_MINUTE_TIMES_AND_ECONOMIC_FIELDS,0
dup_e39073f17a07431c,2,"2025/2021-2024/2024/statement (6).html|DREA,補交易紀錄/2024-05-24.csv",CSV|HTML,rec_84ff2bbd5ece155111a9|c_7a7b0681bec8d8613882,False,SAME_MINUTE_TIMES_AND_ECONOMIC_FIELDS,0
dup_a651c95fa5193fb1,2,"2025/2021-2024/2024/statement (6).html|DREA,補交易紀錄/2024-05-24.csv",CSV|HTML,rec_088e6af65e0ae31a0981|c_117472602e0388b956d1,False,SAME_MINUTE_TIMES_AND_ECONOMIC_FIELDS,0
dup_c2021e31dd542125,2,"2025/2021-2024/2024/statement (6).html|DREA,補交易紀錄/2024-05-24.csv",CSV|HTML,rec_bea759968ac53bbcb42d|c_5a48e7caa867f6e8dbd0,False,SAME_MINUTE_TIMES_AND_ECONOMIC_FIELDS,0
dup_2cffa558852d320d,2,"2025/2021-2024/2024/statement (6).html|DREA,補交易紀錄/2024-05-24.csv",CSV|HTML,rec_e4919504e054d35ae7fe|c_c468fe47ced774e54479,False,SAME_MINUTE_TIMES_AND_ECONOMIC_FIELDS,0
dup_652a386f18a5ed93,2,"2025/2021-2024/2024/statement (6).html|DREA,補交易紀錄/2024-05-24.csv",CSV|HTML,rec_63347bc73aaab0a322ce|c_3b4dafa57eda5fa7d713,False,SAME_MINUTE_TIMES_AND_ECONOMIC_FIELDS,0
dup_0a5481df20dc52d6,2,"2025/2021-2024/2024/statement (6).html|DREA,補交易紀錄/2024-05-24.csv",CSV|HTML,rec_4f3fc900ee4fce78b0b7|c_8e399b271e65bd18fe45,False,SAME_MINUTE_TIMES_AND_ECONOMIC_FIELDS,0
dup_ed5202e69c12b133,2,"2025/2021-2024/2024/statement (6).html|DREA,補交易紀錄/2024-05-24.csv",CSV|HTML,rec_1d3ffccaa22d62795522|c_73af868cca4d672dd98d,False,SAME_MINUTE_TIMES_AND_ECONOMIC_FIELDS,0
dup_751f47f6ae7e0af3,2,"2025/2021-2024/2024/statement (6).html|DREA,補交易紀錄/2024-05-24.csv",CSV|HTML,rec_ff654b18aa7df2b36de7|c_4084878c6c0debed0a5d,False,SAME_MINUTE_TIMES_AND_ECONOMIC_FIELDS,0
dup_ef9fed1331cf324b,2,"2025/2021-2024/2024/statement (6).html|DREA,補交易紀錄/2024-05-24.csv",CSV|HTML,rec_7a7a394ad9b331691ddc|c_83084fa86c297706ce55,False,SAME_MINUTE_TIMES_AND_ECONOMIC_FIELDS,0
dup_18874b6a9209ca8d,2,"2025/2021-2024/2024/statement (6).html|DREA,補交易紀錄/2024-05-24.csv",CSV|HTML,rec_fbf764d68684d8d4421e|c_f3cf1a5a5881ee248db4,False,SAME_MINUTE_TIMES_AND_ECONOMIC_FIELDS,0
dup_20d2c15b084bfd13,2,"2025/2021-2024/2024/statement (6).html|DREA,補交易紀錄/2024-05-24.csv",CSV|HTML,rec_95acd39fb3fbf6c0966f|c_fb58d47713f4e7e4f383,False,SAME_MINUTE_TIMES_AND_ECONOMIC_FIELDS,0
dup_24c1500f4d8a32c7,2,"2025/2021-2024/2024/statement (6).html|DREA,補交易紀錄/2024-05-24.csv",CSV|HTML,rec_7fc28d6e38610c10cd31|c_ea21ba5ab6b70babc800,False,SAME_MINUTE_TIMES_AND_ECONOMIC_FIELDS,0
dup_5926413a1c9c3359,2,"2025/2021-2024/2024/statement (6).html|DREA,補交易紀錄/2024-05-24.csv",CSV|HTML,rec_5560588b3dccc6636710|c_fe1cb4721520c0500d0d,False,SAME_MINUTE_TIMES_AND_ECONOMIC_FIELDS,0
dup_091d95a0e82d1723,2,"2025/2021-2024/2024/statement (6).html|DREA,補交易紀錄/2024-05-24.csv",CSV|HTML,rec_72eb31993e457dcfec52|c_30a0ba30414091e4cee3,False,SAME_MINUTE_TIMES_AND_ECONOMIC_FIELDS,0
dup_192ce0491182a182,2,"2025/2021-2024/2024/statement (6).html|DREA,補交易紀錄/2024-05-24.csv",CSV|HTML,rec_fef857e3dc1daa405160|c_8d623dedb9d0bceaf1b8,False,SAME_MINUTE_TIMES_AND_ECONOMIC_FIELDS,0
dup_b5a82897c0934018,2,"2025/2021-2024/2024/statement (6).html|DREA,補交易紀錄/2024-05-24.csv",CSV|HTML,rec_fddaac447b76276f37da|c_20cf2edfce3b07f1db6e,False,SAME_MINUTE_TIMES_AND_ECONOMIC_FIELDS,0
dup_46a21bba0b23b4f8,2,"2025/2021-2024/2024/statement (6).html|DREA,補交易紀錄/2024-05-24.csv",CSV|HTML,rec_4cdf3fce864a60986cb2|c_e5752be2ba6863b3aa8a,False,SAME_MINUTE_TIMES_AND_ECONOMIC_FIELDS,0
dup_5e97ec00f37e95a9,2,"2025/2021-2024/2024/statement (6).html|DREA,補交易紀錄/2024-05-24.csv",CSV|HTML,rec_ba1cf5cad56d15d886d9|c_094f0b0621c28dda56af,False,SAME_MINUTE_TIMES_AND_ECONOMIC_FIELDS,0
dup_749e6bbe8f10094f,2,"2025/2021-2024/2024/statement (6).html|DREA,補交易紀錄/2024-05-24.csv",CSV|HTML,rec_3b9a43d13463e33c7076|c_725140ac6ed95ada702f,False,SAME_MINUTE_TIMES_AND_ECONOMIC_FIELDS,0
dup_b641fb3b0d6bb986,2,"2025/2021-2024/2024/statement (6).html|DREA,補交易紀錄/2024-05-24.csv",CSV|HTML,rec_8132924394557c2efaea|c_f4e4088b8fc9b0142da8,False,SAME_MINUTE_TIMES_AND_ECONOMIC_FIELDS,0
dup_516385b810aab51c,2,"2025/2021-2024/2024/statement (6).html|DREA,補交易紀錄/2024-05-24.csv",CSV|HTML,rec_54601daffa9103ca4040|c_1d67eeb2663a04b286af,False,SAME_MINUTE_TIMES_AND_ECONOMIC_FIELDS,0
dup_e640c24871eaa520,2,"2025/2021-2024/2024/statement (6).html|DREA,補交易紀錄/2024-05-24.csv",CSV|HTML,rec_f3e1d67f98ddc297e716|c_514b5896102424201703,False,SAME_MINUTE_TIMES_AND_ECONOMIC_FIELDS,0
dup_cfceba28d7fa674a,2,"2025/2021-2024/2024/statement (6).html|DREA,補交易紀錄/2024-05-24.csv",CSV|HTML,rec_55f2b6e6dca6c483a0a7|c_e38435096c2f5138daf5,False,SAME_MINUTE_TIMES_AND_ECONOMIC_FIELDS,0
dup_6fb03b27f37081cc,2,"2025/2021-2024/2024/statement (6).html|DREA,補交易紀錄/2024-05-24.csv",CSV|HTML,rec_d77f391cba3c32ae4f3c|c_6e6934d6d08c3a437a69,False,SAME_MINUTE_TIMES_AND_ECONOMIC_FIELDS,0
dup_f2bc66bbd26ce655,2,"2025/2021-2024/2024/statement (6).html|DREA,補交易紀錄/2024-05-24.csv",CSV|HTML,rec_3b2bd5059551da7153fb|c_9587189446db5595bf08,False,SAME_MINUTE_TIMES_AND_ECONOMIC_FIELDS,0
dup_a9c4b5d189b7543d,2,"2025/2021-2024/2024/statement (6).html|DREA,補交易紀錄/2024-05-24.csv",CSV|HTML,rec_0c0a859868ee882a54af|c_ed444bcbd5ced7826462,False,SAME_MINUTE_TIMES_AND_ECONOMIC_FIELDS,0
dup_8fa13789ad17b6d1,2,"2025/2021-2024/2024/statement (6).html|DREA,補交易紀錄/2024-05-24.csv",CSV|HTML,rec_d06a17fd1834a3f8b71d|c_ca38d019936312cf95ae,False,SAME_MINUTE_TIMES_AND_ECONOMIC_FIELDS,0
dup_aa7e6fc937020431,2,"2025/2021-2024/2024/statement (6).html|DREA,補交易紀錄/2024-05-24.csv",CSV|HTML,rec_0efdb156f40c2e848675|c_b9f293c00846dcdfdec1,False,SAME_MINUTE_TIMES_AND_ECONOMIC_FIELDS,0
dup_88452c8be872d822,2,"2025/2021-2024/2024/statement (5).html|DREA,補交易紀錄/2024-06-20.csv",CSV|HTML,rec_5ee4b586456a18e16ad3|c_baea8d1d28ba1421da59,False,SAME_MINUTE_TIMES_AND_ECONOMIC_FIELDS,0
dup_f4de3548c0661916,2,"2025/2021-2024/2024/statement (5).html|DREA,補交易紀錄/2024-06-20.csv",CSV|HTML,rec_ee9bb4966dcb190f5cf6|c_6665b3480ab1b98bffe6,False,SAME_MINUTE_TIMES_AND_ECONOMIC_FIELDS,0
dup_d6443224598fbeb4,2,"2025/2021-2024/2024/statement (5).html|DREA,補交易紀錄/2024-06-20.csv",CSV|HTML,rec_124f7fc88f5068516ef6|c_8aa02a5557c110d3422a,False,SAME_MINUTE_TIMES_AND_ECONOMIC_FIELDS,0
dup_281a8ebd7c82a6f2,2,"2025/2021-2024/2024/statement (5).html|DREA,補交易紀錄/2024-06-20.csv",CSV|HTML,rec_b867229a5c4461fcec56|c_6231c711bc7338b73bd2,False,SAME_MINUTE_TIMES_AND_ECONOMIC_FIELDS,0
dup_9283ad150602e394,2,"2025/2021-2024/2024/statement (5).html|DREA,補交易紀錄/2024-06-20.csv",CSV|HTML,rec_f270e111607e05d309da|c_5eb2d489c315bb8d057b,False,SAME_MINUTE_TIMES_AND_ECONOMIC_FIELDS,0
dup_23c81007ed2c39b3,2,"2025/2021-2024/2024/statement (5).html|DREA,補交易紀錄/2024-06-20.csv",CSV|HTML,rec_c509b2c45dc8502f0727|c_c10f1abf6c0d8b45fbe6,False,SAME_MINUTE_TIMES_AND_ECONOMIC_FIELDS,0
dup_9cc705deb2c9c695,2,"2025/2021-2024/2024/statement (5).html|DREA,補交易紀錄/2024-06-20.csv",CSV|HTML,rec_0fbdefcb3ba84a8190d7|c_de9f15f594f23eb09799,False,SAME_MINUTE_TIMES_AND_ECONOMIC_FIELDS,0
dup_5ab7d51dfc0a65ab,2,"2025/2021-2024/2024/statement (5).html|DREA,補交易紀錄/2024-06-20.csv",CSV|HTML,rec_f41656efd4c6ce791a15|c_ec81f0e1d8ac19fe73ba,False,SAME_MINUTE_TIMES_AND_ECONOMIC_FIELDS,0
dup_8ee971ad6cd57368,2,"2025/2021-2024/2024/statement (5).html|DREA,補交易紀錄/2024-06-20.csv",CSV|HTML,rec_e49c4d187acee78c5b9a|c_a60a2e5a4397c1dc8784,False,SAME_MINUTE_TIMES_AND_ECONOMIC_FIELDS,0
dup_70c764c548e15a2d,2,"2025/2021-2024/2024/statement (5).html|DREA,補交易紀錄/2024-06-20.csv",CSV|HTML,rec_14ab361ed5a7ef98eabb|c_e9648b1fc971b2e2b0cd,False,SAME_MINUTE_TIMES_AND_ECONOMIC_FIELDS,0
dup_773cae5d7e85b660,2,"2025/2021-2024/2024/statement (5).html|DREA,補交易紀錄/2024-06-20.csv",CSV|HTML,rec_6a751d2d57d0b651283c|c_ed9ac5aa03c49f722956,False,SAME_MINUTE_TIMES_AND_ECONOMIC_FIELDS,0
dup_a47161e496fa03cb,2,"2025/2021-2024/2024/statement (5).html|DREA,補交易紀錄/2024-06-20.csv",CSV|HTML,rec_2e2845c0691f60de8f0a|c_adff803dde3ba18903f3,False,SAME_MINUTE_TIMES_AND_ECONOMIC_FIELDS,0
dup_a20093134daf51a5,2,"2025/2021-2024/2024/statement (5).html|DREA,補交易紀錄/2024-06-20.csv",CSV|HTML,rec_f7030391dc2caa0b5bf1|c_28fcb18db98b55fef561,False,SAME_MINUTE_TIMES_AND_ECONOMIC_FIELDS,0
dup_6ef497d856905860,2,"2025/2021-2024/2024/statement (5).html|DREA,補交易紀錄/2024-06-20.csv",CSV|HTML,rec_4be6570aef4ef28a6026|c_2b09ea17b023ce625fb8,False,SAME_MINUTE_TIMES_AND_ECONOMIC_FIELDS,0
dup_440647ca5c8f5d41,2,"2025/2021-2024/2024/statement (5).html|DREA,補交易紀錄/2024-06-20.csv",CSV|HTML,rec_0d0db023bb0cf28e39b5|c_97e56826c271b5a8404c,False,SAME_MINUTE_TIMES_AND_ECONOMIC_FIELDS,0
dup_ad10ee3e59de07d0,2,"2025/2021-2024/2024/statement (5).html|DREA,補交易紀錄/2024-06-20.csv",CSV|HTML,rec_453f2aac000ebcd19a79|c_bfff8bdbc7c9c6775597,False,SAME_MINUTE_TIMES_AND_ECONOMIC_FIELDS,0
dup_0299e155fb7fd014,2,"2025/2021-2024/2024/statement (5).html|DREA,補交易紀錄/2024-06-20.csv",CSV|HTML,rec_3c3d47ef978789cdffb1|c_33d6100acfa781323f7b,False,SAME_MINUTE_TIMES_AND_ECONOMIC_FIELDS,0
dup_255d7b4fa0a63192,2,"2025/2021-2024/2024/statement (5).html|DREA,補交易紀錄/2024-06-20.csv",CSV|HTML,rec_3f2a903e7c122240b45d|c_2eed1121e1805aacea5a,False,SAME_MINUTE_TIMES_AND_ECONOMIC_FIELDS,0
dup_1b99ff360b2c4c81,2,"2025/2021-2024/2024/statement (5).html|DREA,補交易紀錄/2024-06-20.csv",CSV|HTML,rec_c3e5af3e4c8803ff0353|c_758fceded0f9bbedc976,False,SAME_MINUTE_TIMES_AND_ECONOMIC_FIELDS,0
dup_632a2c30596dfdef,2,"2025/2021-2024/2024/statement (5).html|DREA,補交易紀錄/2024-06-20.csv",CSV|HTML,rec_60b4b8c36fff8547410b|c_952343e7b6a974bf83d4,False,SAME_MINUTE_TIMES_AND_ECONOMIC_FIELDS,0
dup_6403afcbece83bff,2,"2025/2021-2024/2024/statement (5).html|DREA,補交易紀錄/2024-06-20.csv",CSV|HTML,rec_a8d85ab1e322563d3ee6|c_7d0b528a530c978528b4,False,SAME_MINUTE_TIMES_AND_ECONOMIC_FIELDS,0
dup_bdf70c9585883a11,2,"2025/2021-2024/2024/statement (5).html|DREA,補交易紀錄/2024-06-20.csv",CSV|HTML,rec_00bf16cf45d249c3e2b6|c_c70e2973602f8a268b85,False,SAME_MINUTE_TIMES_AND_ECONOMIC_FIELDS,0
dup_5fd54fe4c46efe4c,2,"2025/2021-2024/2024/statement (5).html|DREA,補交易紀錄/2024-06-20.csv",CSV|HTML,rec_fb6a7376775089160214|c_d14fb88ac4f0a95102a4,False,SAME_MINUTE_TIMES_AND_ECONOMIC_FIELDS,0
dup_019d51878c75722c,2,"2025/2021-2024/2024/statement (5).html|DREA,補交易紀錄/2024-06-20.csv",CSV|HTML,rec_11a512e81eb0e4bc8586|c_89823841cb6b20e65637,False,SAME_MINUTE_TIMES_AND_ECONOMIC_FIELDS,0
dup_c3c7d24437943b15,2,"2025/2021-2024/2024/statement (5).html|DREA,補交易紀錄/2024-06-20.csv",CSV|HTML,rec_b52a7ecba5902e8179bd|c_5ce78a2a2a4cc6d737e8,False,SAME_MINUTE_TIMES_AND_ECONOMIC_FIELDS,0
dup_cb106882981b135f,2,"2025/2021-2024/2024/statement (5).html|DREA,補交易紀錄/2024-06-20.csv",CSV|HTML,rec_5169c8d1a2cd7e661ffd|c_a6a1be652c3584d1223f,False,SAME_MINUTE_TIMES_AND_ECONOMIC_FIELDS,0
dup_0b5ebcb51bb3b30a,2,"2025/2021-2024/2024/statement (5).html|DREA,補交易紀錄/2024-06-20.csv",CSV|HTML,rec_ebc80616b8b9eede0052|c_b23d6250137af9d56182,False,SAME_MINUTE_TIMES_AND_ECONOMIC_FIELDS,0
dup_9c614e09e9f2e349,2,"2025/2021-2024/2024/statement (5).html|DREA,補交易紀錄/2024-06-20.csv",CSV|HTML,rec_20bdbaebea56029f78d5|c_95e46cc4cf2f47e4c37f,False,SAME_MINUTE_TIMES_AND_ECONOMIC_FIELDS,0
dup_47e7d3175c141853,2,"2025/2021-2024/2024/statement (5).html|DREA,補交易紀錄/2024-06-20.csv",CSV|HTML,rec_f5afb974b0d3d788b720|c_cdca2908403150cec319,False,SAME_MINUTE_TIMES_AND_ECONOMIC_FIELDS,0
dup_a73fd6de48c57e06,2,"2025/2021-2024/2024/statement (1).html|DREA,補交易紀錄/2024-11~12 XM.csv",CSV|HTML,rec_b959e0d498324c5fb4a2|c_1b17d4f2206ed0de475b,False,SAME_MINUTE_TIMES_AND_ECONOMIC_FIELDS,0
dup_12e547c79fa10464,2,"2025/2021-2024/2024/statement (7).html|DREA,補交易紀錄/2024-02 打平 績效.csv",CSV|HTML,rec_3cf9fb62e0a22156ceca|c_5a7211fb41b82a2c689d,False,SAME_MINUTE_TIMES_AND_ECONOMIC_FIELDS,0
dup_08942026745421c9,2,"2025/2021-2024/2024/statement (7).html|DREA,補交易紀錄/2024-02 打平 績效.csv",CSV|HTML,rec_d65ed7d45021ea4ef88d|c_4ebb926246be5f84726c,False,SAME_MINUTE_TIMES_AND_ECONOMIC_FIELDS,0
dup_8f0f69eb6c1e68ea,2,"2025/2021-2024/2024/statement (7).html|DREA,補交易紀錄/2024-02 打平 績效.csv",CSV|HTML,rec_2d8acd854db7ca775685|c_e14f70b8074a5cac7e47,False,SAME_MINUTE_TIMES_AND_ECONOMIC_FIELDS,0
dup_cd72582321b90228,2,"2025/2021-2024/2024/statement (7).html|DREA,補交易紀錄/2024-02 打平 績效.csv",CSV|HTML,rec_98809c22ea2fc6dc283b|c_4df3b40db5dbc73758d0,False,SAME_MINUTE_TIMES_AND_ECONOMIC_FIELDS,0
dup_a5e645e2c5ef2654,2,"2025/2021-2024/2024/statement (7).html|DREA,補交易紀錄/2024-02 打平 績效.csv",CSV|HTML,rec_597a886191057d6982ae|c_ba314e56ac332fae8d4b,False,SAME_MINUTE_TIMES_AND_ECONOMIC_FIELDS,0
dup_00d01aacdc713e17,2,"2025/2021-2024/2024/statement (7).html|DREA,補交易紀錄/2024-02 打平 績效.csv",CSV|HTML,rec_140bc3f0229d8ea9d433|c_da2bbb960bd2f3f5cbf7,False,SAME_MINUTE_TIMES_AND_ECONOMIC_FIELDS,0
dup_111ef1dba2d11211,2,"2025/2021-2024/2024/statement (7).html|DREA,補交易紀錄/2024-02 打平 績效.csv",CSV|HTML,rec_5ea0dc4d358e522a9b34|c_fb89b4452758f0c6ab9f,False,SAME_MINUTE_TIMES_AND_ECONOMIC_FIELDS,0
dup_2ae753b34f1fe6c9,2,"2025/2021-2024/2024/statement (7).html|DREA,補交易紀錄/2024-02 打平 績效.csv",CSV|HTML,rec_7adb7b00765876c5bd28|c_99b9814aed2c2c3d9aa9,False,SAME_MINUTE_TIMES_AND_ECONOMIC_FIELDS,0
dup_3a07c7effcaccd85,2,"2025/2021-2024/2024/statement (7).html|DREA,補交易紀錄/2024-02 打平 績效.csv",CSV|HTML,rec_fa8f6ff0e63f82156421|c_6fd9888bd11af4182c41,False,SAME_MINUTE_TIMES_AND_ECONOMIC_FIELDS,0
dup_4f16430c65813fb7,2,"2025/2021-2024/2024/statement (7).html|DREA,補交易紀錄/2024-02 打平 績效.csv",CSV|HTML,rec_45ae7fd0b3f9a51acee8|c_66874c7210fefc3629d7,False,SAME_MINUTE_TIMES_AND_ECONOMIC_FIELDS,0
dup_db579adbe5ef2728,2,"2025/2021-2024/2024/statement (7).html|DREA,補交易紀錄/2024-02 打平 績效.csv",CSV|HTML,rec_41ab1fe3f9e96bb570d0|c_ffa80f66204b980eef45,False,SAME_MINUTE_TIMES_AND_ECONOMIC_FIELDS,0
dup_b593e7e0348591eb,2,"2025/2021-2024/2024/statement (7).html|DREA,補交易紀錄/2024-02 打平 績效.csv",CSV|HTML,rec_f1e19a1c4d3d54d0655c|c_2b655e9c824c3fced4e9,False,SAME_MINUTE_TIMES_AND_ECONOMIC_FIELDS,0
dup_ea8e4c98577fdb23,2,"2025/2021-2024/2024/statement (7).html|DREA,補交易紀錄/2024-02 打平 績效.csv",CSV|HTML,rec_acaec7096a1a5b02ae73|c_6350f440e23c55fde7b2,False,SAME_MINUTE_TIMES_AND_ECONOMIC_FIELDS,0
dup_d95a34e768216a97,2,"2025/2021-2024/2024/statement (7).html|DREA,補交易紀錄/2024-02 打平 績效.csv",CSV|HTML,rec_bbdea9c4ef0a548a8ed7|c_daed09650600e5565fff,False,SAME_MINUTE_TIMES_AND_ECONOMIC_FIELDS,0
dup_c48e85439ee2685c,2,"2025/2021-2024/2024/statement (7).html|DREA,補交易紀錄/2024-02 打平 績效.csv",CSV|HTML,rec_04fc32a1dcc021e12d7a|c_7282f5f99a10d8c47db8,False,SAME_MINUTE_TIMES_AND_ECONOMIC_FIELDS,0
dup_ee09363a5d5a980d,2,"2025/2021-2024/2024/statement (7).html|DREA,補交易紀錄/2024-02 打平 績效.csv",CSV|HTML,rec_d2f79951b7abed21db17|c_e11a64d07509648e413f,False,SAME_MINUTE_TIMES_AND_ECONOMIC_FIELDS,0
dup_92a47a7441ab18b4,2,"2025/2021-2024/2024/statement (7).html|DREA,補交易紀錄/2024-02 打平 績效.csv",CSV|HTML,rec_faf92243ca229d189017|c_a6ca69ba3d20e4944c01,False,SAME_MINUTE_TIMES_AND_ECONOMIC_FIELDS,0
dup_b40f07f3e1813384,2,"2025/2021-2024/2024/statement (7).html|DREA,補交易紀錄/2024-02 打平 績效.csv",CSV|HTML,rec_cafa82a73e0e1dab9e4b|c_2d1decbd7235babeaf17,False,SAME_MINUTE_TIMES_AND_ECONOMIC_FIELDS,0
dup_9d6bc3a19cc2c8b9,2,"2025/2021-2024/2024/statement (7).html|DREA,補交易紀錄/2024-02 打平 績效.csv",CSV|HTML,rec_e9b3813de00c26956a2c|c_61ac31eeff103aafc12a,False,SAME_MINUTE_TIMES_AND_ECONOMIC_FIELDS,0
dup_b45cfe5653cd6e83,2,"2025/2021-2024/2024/statement (7).html|DREA,補交易紀錄/2024-02 打平 績效.csv",CSV|HTML,rec_ed267ae48260497829f2|c_702acd38594e2f2af611,False,SAME_MINUTE_TIMES_AND_ECONOMIC_FIELDS,0
dup_6d20ec1de0665dc8,2,"2025/2021-2024/2024/statement (7).html|DREA,補交易紀錄/2024-02 打平 績效.csv",CSV|HTML,rec_f95687e74828330f5521|c_fd787a6135d1c9e7a69e,False,SAME_MINUTE_TIMES_AND_ECONOMIC_FIELDS,0
dup_51031ed553fef085,2,"2025/2021-2024/2024/statement (7).html|DREA,補交易紀錄/2024-02 打平 績效.csv",CSV|HTML,rec_440da7d9a2f9641b3668|c_2f31a884b3d8aa30ef42,False,SAME_MINUTE_TIMES_AND_ECONOMIC_FIELDS,0
dup_c4b0e289352427dc,2,"2025/2021-2024/2024/statement (7).html|DREA,補交易紀錄/2024-02 打平 績效.csv",CSV|HTML,rec_e84ef0be84cdefc8143b|c_a79c7cd2286c0e0060df,False,SAME_MINUTE_TIMES_AND_ECONOMIC_FIELDS,0
dup_47b9a0919ba7d657,2,"2025/2021-2024/2024/statement (7).html|DREA,補交易紀錄/2024-02 打平 績效.csv",CSV|HTML,rec_b76afdda4dd52383df43|c_6a61d7f60f9709f8e31e,False,SAME_MINUTE_TIMES_AND_ECONOMIC_FIELDS,0
dup_12e2a4229b8f45f1,2,"2025/2021-2024/2024/statement (7).html|DREA,補交易紀錄/2024-02 打平 績效.csv",CSV|HTML,rec_8d3edb1ee88a88b2420b|c_dbe5632c12d2d6171e59,False,SAME_MINUTE_TIMES_AND_ECONOMIC_FIELDS,0
dup_751a106985d6be9b,2,"2025/2021-2024/2024/statement (7).html|DREA,補交易紀錄/2024-02 打平 績效.csv",CSV|HTML,rec_c73acbdd023cd0a05ed9|c_913a4a670c48d5a4eb7e,False,SAME_MINUTE_TIMES_AND_ECONOMIC_FIELDS,0
dup_975fd751adec03d2,2,"2025/2021-2024/2024/statement (7).html|DREA,補交易紀錄/2024-02 打平 績效.csv",CSV|HTML,rec_fca2b30412fefc832ab0|c_fe5f71288e53990e5f81,False,SAME_MINUTE_TIMES_AND_ECONOMIC_FIELDS,0
dup_f1cc5f6c875a554e,2,"2025/2021-2024/2024/statement (7).html|DREA,補交易紀錄/2024-02 打平 績效.csv",CSV|HTML,rec_28a71cd1cd8852e04648|c_d406ec66fa154fa35301,False,SAME_MINUTE_TIMES_AND_ECONOMIC_FIELDS,0
dup_61f9805c2882f059,2,"2025/2021-2024/2024/statement (7).html|DREA,補交易紀錄/2024-02 打平 績效.csv",CSV|HTML,rec_7c42af1436c7449e6525|c_2cf12d627c869249dbc7,False,SAME_MINUTE_TIMES_AND_ECONOMIC_FIELDS,0
dup_c177d50284cd6f91,2,"2025/2021-2024/2024/statement (7).html|DREA,補交易紀錄/2024-02 打平 績效.csv",CSV|HTML,rec_768bb68c560ab0234cef|c_ddd4e1bff6f84ab91acb,False,SAME_MINUTE_TIMES_AND_ECONOMIC_FIELDS,0
dup_0fea1224eee66056,2,"2025/2021-2024/2024/statement (7).html|DREA,補交易紀錄/2024-02 打平 績效.csv",CSV|HTML,rec_dc792e28dd117e2234d6|c_52faf0f03723601bc35a,False,SAME_MINUTE_TIMES_AND_ECONOMIC_FIELDS,0
dup_6c08ce50b89e448f,2,"2025/2021-2024/2024/statement (7).html|DREA,補交易紀錄/2024-02 打平 績效.csv",CSV|HTML,rec_1b6daf8711277799700d|c_89abe46bd92c67954adb,False,SAME_MINUTE_TIMES_AND_ECONOMIC_FIELDS,0
dup_b22f2c21e70324a6,2,"2025/2021-2024/2024/statement (7).html|DREA,補交易紀錄/2024-02 打平 績效.csv",CSV|HTML,rec_7c6433fdb7811cdb0ab8|c_3d8d55afda74e50d07b9,False,SAME_MINUTE_TIMES_AND_ECONOMIC_FIELDS,0
dup_4c25cf8a39d67307,2,"2025/2021-2024/2024/statement (7).html|DREA,補交易紀錄/2024-02 打平 績效.csv",CSV|HTML,rec_088cd09ffc0b403a3fb6|c_50f072a497c3a0b68d24,False,SAME_MINUTE_TIMES_AND_ECONOMIC_FIELDS,0
dup_1a1a91a250da1a7c,2,"2025/2021-2024/2024/statement (7).html|DREA,補交易紀錄/2024-02 打平 績效.csv",CSV|HTML,rec_1615d4292cc2c235d623|c_1e6008f02f469fc9e3fa,False,SAME_MINUTE_TIMES_AND_ECONOMIC_FIELDS,0
dup_fae45478bfca9ad1,2,"2025/2021-2024/2024/statement (7).html|DREA,補交易紀錄/2024-02 打平 績效.csv",CSV|HTML,rec_2bedd4cc0bbf210313d6|c_d99c6cebc09dce44dda4,False,SAME_MINUTE_TIMES_AND_ECONOMIC_FIELDS,0
dup_3fa5b9af01d15546,2,"2025/2021-2024/2024/statement (7).html|DREA,補交易紀錄/2024-02 打平 績效.csv",CSV|HTML,rec_0a3ea271fb049f6999ff|c_74b33b1bc2f757e3e7ed,False,SAME_MINUTE_TIMES_AND_ECONOMIC_FIELDS,0
dup_4ac94ba2389c6eeb,2,"2025/2021-2024/2024/statement (7).html|DREA,補交易紀錄/2024-02 打平 績效.csv",CSV|HTML,rec_e2bd2dcb46182e45ce47|c_e1d6fbffb17d35b9a83d,False,SAME_MINUTE_TIMES_AND_ECONOMIC_FIELDS,0
dup_977bfa58bdb80998,2,"2025/2021-2024/2024/statement (7).html|DREA,補交易紀錄/2024-02 打平 績效.csv",CSV|HTML,rec_408fdc2f25ed77233d04|c_2bec865a8b27c9cce3bf,False,SAME_MINUTE_TIMES_AND_ECONOMIC_FIELDS,0
dup_0258290a0e8aa18c,2,"2025/2021-2024/2024/statement (7).html|DREA,補交易紀錄/2024-02 打平 績效.csv",CSV|HTML,rec_1598e1007ad5831969c9|c_69c9cffe8972bbaab265,False,SAME_MINUTE_TIMES_AND_ECONOMIC_FIELDS,0
dup_3a053dcbe4ebe63b,2,"2025/2021-2024/2024/statement (7).html|DREA,補交易紀錄/2024-02 打平 績效.csv",CSV|HTML,rec_9d35d7e3bf282fde1bc0|c_d00340c8d9b373b7a9b1,False,SAME_MINUTE_TIMES_AND_ECONOMIC_FIELDS,0
dup_85299e5b805d2497,2,"2025/2021-2024/2024/statement (7).html|DREA,補交易紀錄/2024-02 打平 績效.csv",CSV|HTML,rec_f76935acf533cb3488c6|c_41e5cd14917680a9b278,False,SAME_MINUTE_TIMES_AND_ECONOMIC_FIELDS,0
dup_daccc2a2db248509,2,"2025/2021-2024/2024/statement (7).html|DREA,補交易紀錄/2024-02 打平 績效.csv",CSV|HTML,rec_0c408e1c27134cccbc69|c_d6dc8d5e60a92f6cf85c,False,SAME_MINUTE_TIMES_AND_ECONOMIC_FIELDS,0
dup_99f6d43e729f190b,2,"2025/2021-2024/2024/statement (7).html|DREA,補交易紀錄/2024-02 打平 績效.csv",CSV|HTML,rec_daa056a9435e97b5c6fe|c_20dc7973b8e4a177647b,False,SAME_MINUTE_TIMES_AND_ECONOMIC_FIELDS,0
dup_12fbd42977d6b75e,2,"2025/2021-2024/2024/statement (7).html|DREA,補交易紀錄/2024-02 打平 績效.csv",CSV|HTML,rec_d566ae40b24a53efd159|c_3db597cceb38e8a235fd,False,SAME_MINUTE_TIMES_AND_ECONOMIC_FIELDS,0
dup_582c99f64574458d,2,"2025/2021-2024/2024/statement (7).html|DREA,補交易紀錄/2024-02 打平 績效.csv",CSV|HTML,rec_875900fa694884c986e6|c_595f075c63f9d4865eba,False,SAME_MINUTE_TIMES_AND_ECONOMIC_FIELDS,0
dup_eaaa12bfb4318317,2,"2025/2021-2024/2024/statement (7).html|DREA,補交易紀錄/2024-02 打平 績效.csv",CSV|HTML,rec_ea1f5843c5220c8e5d5e|c_5a4d5067e3f20d6a4e2d,False,SAME_MINUTE_TIMES_AND_ECONOMIC_FIELDS,0
dup_e3fc8744021eb076,2,"2025/2021-2024/2024/statement (7).html|DREA,補交易紀錄/2024-02 打平 績效.csv",CSV|HTML,rec_e4e333b6be772c8c9b5e|c_9097ff49396322277193,False,SAME_MINUTE_TIMES_AND_ECONOMIC_FIELDS,0
dup_428e25e5151bc876,2,"2025/2021-2024/2024/statement (7).html|DREA,補交易紀錄/2024-02 打平 績效.csv",CSV|HTML,rec_2a34d557d741954e3e64|c_46eb02b7b9a3f064e9aa,False,SAME_MINUTE_TIMES_AND_ECONOMIC_FIELDS,0
dup_0b8003a8289ba4e9,2,"2025/2021-2024/2024/statement (7).html|DREA,補交易紀錄/2024-02 打平 績效.csv",CSV|HTML,rec_742ee8ddfe1a5634e349|c_4da6afc01362bf8885b7,False,SAME_MINUTE_TIMES_AND_ECONOMIC_FIELDS,0
dup_58c06114bd66cb42,2,"2025/2021-2024/2024/statement (7).html|DREA,補交易紀錄/2024-02 打平 績效.csv",CSV|HTML,rec_dee33f2a165eff07f8dd|c_1d33fb3c2e24856a2683,False,SAME_MINUTE_TIMES_AND_ECONOMIC_FIELDS,0
dup_a6367eb4d7b66336,2,"2025/2021-2024/2024/statement (7).html|DREA,補交易紀錄/2024-02 打平 績效.csv",CSV|HTML,rec_0a9d187df6b0035ae189|c_0322e9ed0f635a58d043,False,SAME_MINUTE_TIMES_AND_ECONOMIC_FIELDS,0
dup_6f38cb7a43a92bef,2,"2025/2021-2024/2024/statement (7).html|DREA,補交易紀錄/2024-02 打平 績效.csv",CSV|HTML,rec_f662cae2a43a7a8f4835|c_f107efd780cb751cdba9,False,SAME_MINUTE_TIMES_AND_ECONOMIC_FIELDS,0
dup_7eee3749a32ac072,2,"2025/2021-2024/2024/statement (7).html|DREA,補交易紀錄/2024-02 打平 績效.csv",CSV|HTML,rec_57d8712992a7aab285a9|c_67aa73fad4d3f4115437,False,SAME_MINUTE_TIMES_AND_ECONOMIC_FIELDS,0
dup_073651d7ca911e6b,2,"2025/2021-2024/2024/statement (7).html|DREA,補交易紀錄/2024-02 打平 績效.csv",CSV|HTML,rec_0f015e8fcb15863fff98|c_881973c00348c5b36693,False,SAME_MINUTE_TIMES_AND_ECONOMIC_FIELDS,0
dup_91fe33205132d970,2,"2025/2021-2024/2024/statement (7).html|DREA,補交易紀錄/2024-02 打平 績效.csv",CSV|HTML,rec_e3f8f8a0321903827eb0|c_a66352e4747a72508f25,False,SAME_MINUTE_TIMES_AND_ECONOMIC_FIELDS,0
dup_2506e387643280c8,2,"2025/2021-2024/2024/statement (7).html|DREA,補交易紀錄/2024-02 打平 績效.csv",CSV|HTML,rec_49e2c3f068ca36ece1b6|c_97cf55cb80ac3e5a8c61,False,SAME_MINUTE_TIMES_AND_ECONOMIC_FIELDS,0
dup_f0a6251997660a6d,2,"2025/2021-2024/2024/statement (7).html|DREA,補交易紀錄/2024-02 打平 績效.csv",CSV|HTML,rec_27985ea5851f606b175a|c_112a5ffa44685ff41d83,False,SAME_MINUTE_TIMES_AND_ECONOMIC_FIELDS,0
dup_ede68696d3a3400e,2,"2025/2021-2024/2024/statement (7).html|DREA,補交易紀錄/2024-02 打平 績效.csv",CSV|HTML,rec_4ed773bcff98ce125338|c_ca14754bde604bcf071b,False,SAME_MINUTE_TIMES_AND_ECONOMIC_FIELDS,0
dup_84346c158135a418,2,"2025/2021-2024/2024/statement (7).html|DREA,補交易紀錄/2024-02 打平 績效.csv",CSV|HTML,rec_db5e1620260ba6f6d9f5|c_48751096681376e0ccfc,False,SAME_MINUTE_TIMES_AND_ECONOMIC_FIELDS,0
dup_97627f2bc2bbebbd,2,"2025/2021-2024/2024/statement (7).html|DREA,補交易紀錄/2024-02 打平 績效.csv",CSV|HTML,rec_d407a3729e204271e429|c_f9087f62858d6956de14,False,SAME_MINUTE_TIMES_AND_ECONOMIC_FIELDS,0
dup_52243a26e9afe01e,2,"2025/2021-2024/2024/statement (7).html|DREA,補交易紀錄/2024-02 打平 績效.csv",CSV|HTML,rec_0b69aa91367353b85418|c_acf60f7d87c3ae66d0d8,False,SAME_MINUTE_TIMES_AND_ECONOMIC_FIELDS,0
dup_fad6c2153046b665,2,"2025/2021-2024/2024/statement (7).html|DREA,補交易紀錄/2024-02 打平 績效.csv",CSV|HTML,rec_5453e749134b827e9799|c_d577e5ee3acf619cf89d,False,SAME_MINUTE_TIMES_AND_ECONOMIC_FIELDS,0
dup_dc4cb87b22c28741,2,"2025/2021-2024/2024/statement (7).html|DREA,補交易紀錄/2024-02 打平 績效.csv",CSV|HTML,rec_f0f365b4550eaf42175b|c_c4639eaaf8d902382a15,False,SAME_MINUTE_TIMES_AND_ECONOMIC_FIELDS,0
dup_88ed1f522fb1701d,2,"2025/2021-2024/2024/statement (7).html|DREA,補交易紀錄/2024-02 打平 績效.csv",CSV|HTML,rec_3724dad36f5912d6fc84|c_75a391f306dca77f52aa,False,SAME_MINUTE_TIMES_AND_ECONOMIC_FIELDS,0
dup_74f47efef4f7e873,2,"2025/2021-2024/2024/statement (7).html|DREA,補交易紀錄/2024-02 打平 績效.csv",CSV|HTML,rec_20515cee9b6af6e8538e|c_91620e32ee6d6ba71511,False,SAME_MINUTE_TIMES_AND_ECONOMIC_FIELDS,0
dup_a40a1b0195871ac1,2,"2025/2021-2024/2024/statement (7).html|DREA,補交易紀錄/2024-02 打平 績效.csv",CSV|HTML,rec_ec975332bf8c159bd4d1|c_b67883dd25656aa52ccb,False,SAME_MINUTE_TIMES_AND_ECONOMIC_FIELDS,0
dup_46ce239897a63f0a,2,"2025/2021-2024/2024/statement (7).html|DREA,補交易紀錄/2024-02 打平 績效.csv",CSV|HTML,rec_3654d740f92c1f04635e|c_daae61863b7c86c9f56d,False,SAME_MINUTE_TIMES_AND_ECONOMIC_FIELDS,0
dup_98263c59b64691c7,2,"2025/2021-2024/2024/statement (7).html|DREA,補交易紀錄/2024-02 打平 績效.csv",CSV|HTML,rec_2d48e447a86e209fcbf0|c_59a6e7a502f9fa3d37bb,False,SAME_MINUTE_TIMES_AND_ECONOMIC_FIELDS,0
dup_9d4baaae2af9a9d0,2,"2025/2021-2024/2024/statement (7).html|DREA,補交易紀錄/2024-02 打平 績效.csv",CSV|HTML,rec_dd05a2adafa9f53d94ea|c_d217d24432bfebe7759b,False,SAME_MINUTE_TIMES_AND_ECONOMIC_FIELDS,0
dup_93296a25857bdc81,2,"2025/2021-2024/2024/statement (7).html|DREA,補交易紀錄/2024-02 打平 績效.csv",CSV|HTML,rec_88d9212d8d2f193e9311|c_6061ef4a2e96f070b9a4,False,SAME_MINUTE_TIMES_AND_ECONOMIC_FIELDS,0
dup_6c5e8fee92400b1f,2,"2025/2021-2024/2024/statement (7).html|DREA,補交易紀錄/2024-02 打平 績效.csv",CSV|HTML,rec_b9dedf0ea1302c675de1|c_c1e3c258bc0a7b6d6a7c,False,SAME_MINUTE_TIMES_AND_ECONOMIC_FIELDS,0
dup_1f425841bf4add06,2,"2025/2021-2024/2024/statement (7).html|DREA,補交易紀錄/2024-02 打平 績效.csv",CSV|HTML,rec_c9def3ae7c29ffe8bf43|c_4c9a65989b8eec50b438,False,SAME_MINUTE_TIMES_AND_ECONOMIC_FIELDS,0
dup_31c4539ea983ce2a,2,"2025/2021-2024/2024/statement (7).html|DREA,補交易紀錄/2024-02 打平 績效.csv",CSV|HTML,rec_b34c192c5b906c850988|c_e39dff8b2c795a3a3c38,False,SAME_MINUTE_TIMES_AND_ECONOMIC_FIELDS,0
dup_9b3cd523ba7aa2a0,2,"2025/2021-2024/2024/statement (7).html|DREA,補交易紀錄/2024-02 打平 績效.csv",CSV|HTML,rec_0b0238c9864d99dbc0e7|c_76f234c923a6394e2506,False,SAME_MINUTE_TIMES_AND_ECONOMIC_FIELDS,0
dup_86f240cf6b8c2912,2,"2025/2021-2024/2024/statement (7).html|DREA,補交易紀錄/2024-02 打平 績效.csv",CSV|HTML,rec_7141ae9cf5c7e7bd34e3|c_9df18d040019a692fb45,False,SAME_MINUTE_TIMES_AND_ECONOMIC_FIELDS,0
dup_2b47b6a0410720e8,2,"2025/2021-2024/2024/statement (7).html|DREA,補交易紀錄/2024-02 打平 績效.csv",CSV|HTML,rec_5b3857755c8ff6af1b37|c_bd90e8c153d1fc90ef3c,False,SAME_MINUTE_TIMES_AND_ECONOMIC_FIELDS,0
dup_5ef83ab1ee04de7e,2,"2025/2021-2024/2024/statement (7).html|DREA,補交易紀錄/2024-02 打平 績效.csv",CSV|HTML,rec_7cff9732310129f775ff|c_d053e00081a11060ab0f,False,SAME_MINUTE_TIMES_AND_ECONOMIC_FIELDS,0
dup_3d8e4e2082e4d1ee,2,"2025/2021-2024/2024/statement (7).html|DREA,補交易紀錄/2024-02 打平 績效.csv",CSV|HTML,rec_f12a6b3dab89e2fce187|c_629411fd656e6bc1671a,False,SAME_MINUTE_TIMES_AND_ECONOMIC_FIELDS,0
dup_5d6b7d8dc6bfb8b5,2,"2025/2021-2024/2024/statement (7).html|DREA,補交易紀錄/2024-02 打平 績效.csv",CSV|HTML,rec_5aafde092ced18756011|c_42248de16a329ea6b6ce,False,SAME_MINUTE_TIMES_AND_ECONOMIC_FIELDS,0
dup_f339b29971af710c,2,"2025/2021-2024/2024/statement (7).html|DREA,補交易紀錄/2024-02 打平 績效.csv",CSV|HTML,rec_f013ac33016f7ca39d80|c_f8a5ef33a00561f9b014,False,SAME_MINUTE_TIMES_AND_ECONOMIC_FIELDS,0
dup_044ec83e7f6d3947,2,"2025/2021-2024/2024/statement (7).html|DREA,補交易紀錄/2024-02 打平 績效.csv",CSV|HTML,rec_dc63de1d6d6d49988a04|c_74512a2deea2c1521dd1,False,SAME_MINUTE_TIMES_AND_ECONOMIC_FIELDS,0
dup_c1908e2934ab1456,2,"2025/2021-2024/2024/statement (7).html|DREA,補交易紀錄/2024-02 打平 績效.csv",CSV|HTML,rec_a8b12bfeb354e722e7b0|c_119fd908f935a5fb0449,False,SAME_MINUTE_TIMES_AND_ECONOMIC_FIELDS,0
dup_0ea6b763de221bb6,2,"2025/2021-2024/2024/statement (7).html|DREA,補交易紀錄/2024-02 打平 績效.csv",CSV|HTML,rec_02d1e60c819844a8aa82|c_0e4a41bdc3d67730b49a,False,SAME_MINUTE_TIMES_AND_ECONOMIC_FIELDS,0
dup_3906620dd968aa30,2,"2025/2021-2024/2024/statement (7).html|DREA,補交易紀錄/2024-02 打平 績效.csv",CSV|HTML,rec_51225a025863d3625331|c_91f409801dbf309f04f1,False,SAME_MINUTE_TIMES_AND_ECONOMIC_FIELDS,0
dup_f09824c825738a83,2,"2025/2021-2024/2024/statement (7).html|DREA,補交易紀錄/2024-02 打平 績效.csv",CSV|HTML,rec_71cfd230d84c9fceed72|c_0629045292a1b62ab752,False,SAME_MINUTE_TIMES_AND_ECONOMIC_FIELDS,0
dup_a93e06fd87d9142b,2,"2025/2021-2024/2024/statement (7).html|DREA,補交易紀錄/2024-02 打平 績效.csv",CSV|HTML,rec_4eac240dcc8b6e048ef8|c_d10739d1e391f96cf699,False,SAME_MINUTE_TIMES_AND_ECONOMIC_FIELDS,0
dup_10fbc9b982422370,2,"2025/2021-2024/2024/statement (7).html|DREA,補交易紀錄/2024-02 打平 績效.csv",CSV|HTML,rec_d85ab7ddd065aa7ab7c9|c_ea9d91856b8bf56abb39,False,SAME_MINUTE_TIMES_AND_ECONOMIC_FIELDS,0
dup_aa882525ab824d3b,2,"2025/2021-2024/2024/statement (7).html|DREA,補交易紀錄/2024-02 打平 績效.csv",CSV|HTML,rec_aa968efd73a63324e99d|c_2602e03b773c7ca3c4db,False,SAME_MINUTE_TIMES_AND_ECONOMIC_FIELDS,0
dup_b097fdac2986b866,2,"2025/2021-2024/2024/statement (10).html|DREA,補交易紀錄/2024-02-15 XM 績效.csv",CSV|HTML,rec_661ad3a6b121eabe6eef|c_607cb041cf8e45121167,False,SAME_MINUTE_TIMES_AND_ECONOMIC_FIELDS,0
dup_1752d6913d022cbc,2,"2025/2021-2024/2024/statement (10).html|DREA,補交易紀錄/2024-02-15 XM 績效.csv",CSV|HTML,rec_0356932ec51105a6f41b|c_227c45f77c3d9eadaa75,False,SAME_MINUTE_TIMES_AND_ECONOMIC_FIELDS,0
dup_45ca8c8aa53ebfcc,2,"2025/2021-2024/2024/statement (10).html|DREA,補交易紀錄/2024-02-15 XM 績效.csv",CSV|HTML,rec_0e364d20f1129f26d2ad|c_c42e451ad163b6bc3359,False,SAME_MINUTE_TIMES_AND_ECONOMIC_FIELDS,0
dup_fc1a2516960856d1,2,"2025/2021-2024/2024/statement (10).html|DREA,補交易紀錄/2024-02-15 XM 績效.csv",CSV|HTML,rec_3883e2131b8160c1ca31|c_3c850523ff3ee66ebe80,False,SAME_MINUTE_TIMES_AND_ECONOMIC_FIELDS,0
dup_b8fac5e0c03909c0,2,"2025/2021-2024/2024/statement (10).html|DREA,補交易紀錄/2024-02-15 XM 績效.csv",CSV|HTML,rec_64748012fa2a61cd9140|c_c7499d321d4349c179de,False,SAME_MINUTE_TIMES_AND_ECONOMIC_FIELDS,0
dup_636e9e1e6c3cbed2,2,"2025/2021-2024/2024/statement (10).html|DREA,補交易紀錄/2024-02-15 XM 績效.csv",CSV|HTML,rec_5b97871e8cca550dbdc2|c_efe6ccb4cabd5ab6dc13,False,SAME_MINUTE_TIMES_AND_ECONOMIC_FIELDS,0
dup_f39647402e5aa5a5,2,"2025/2021-2024/2024/statement (10).html|DREA,補交易紀錄/2024-02-15 XM 績效.csv",CSV|HTML,rec_f5a04f741642851c4691|c_f1e31a14243475d14312,False,SAME_MINUTE_TIMES_AND_ECONOMIC_FIELDS,0
dup_6474285fea463d7c,2,"2025/2021-2024/2024/statement (10).html|DREA,補交易紀錄/2024-02-15 XM 績效.csv",CSV|HTML,rec_f4f35f7d2df5c2e749bd|c_27c0b3ba1f461f5124f7,False,SAME_MINUTE_TIMES_AND_ECONOMIC_FIELDS,0
dup_6b9a8f32bfc5dc7c,2,"2025/2021-2024/2024/statement (10).html|DREA,補交易紀錄/2024-02-15 XM 績效.csv",CSV|HTML,rec_9ae23043281b9a9b0b19|c_bb0bf285c65419bd48c2,False,SAME_MINUTE_TIMES_AND_ECONOMIC_FIELDS,0
dup_1fd8848e5b831fe4,2,"2025/2021-2024/2024/statement (10).html|DREA,補交易紀錄/2024-02-15 XM 績效.csv",CSV|HTML,rec_49d700313a9cbc1923b0|c_b64bcb9c8ac57f9d3090,False,SAME_MINUTE_TIMES_AND_ECONOMIC_FIELDS,0
dup_1b93994dcf8a0c35,2,"2025/2021-2024/2024/statement (10).html|DREA,補交易紀錄/2024-02-15 XM 績效.csv",CSV|HTML,rec_1ec5551ffb2b1d5f10ca|c_62dae2727678ffa6974c,False,SAME_MINUTE_TIMES_AND_ECONOMIC_FIELDS,0
dup_ab15edabbff1dd8f,2,"2025/2021-2024/2024/statement (10).html|DREA,補交易紀錄/2024-02-15 XM 績效.csv",CSV|HTML,rec_22e0a7dc9c6051d2847f|c_5a280b9320886e11b4b2,False,SAME_MINUTE_TIMES_AND_ECONOMIC_FIELDS,0
dup_23c2f58d975de808,2,"2025/2021-2024/2024/statement (10).html|DREA,補交易紀錄/2024-02-15 XM 績效.csv",CSV|HTML,rec_9fbb073662c9b1b5d8f8|c_02208d86d9302b27416c,False,SAME_MINUTE_TIMES_AND_ECONOMIC_FIELDS,0
dup_6ac22bce72466c77,2,"2025/2021-2024/2024/statement (10).html|DREA,補交易紀錄/2024-02-15 XM 績效.csv",CSV|HTML,rec_22bcb76db1d8e0b4ddf5|c_efdb41213fed57d1f7c1,False,SAME_MINUTE_TIMES_AND_ECONOMIC_FIELDS,0
dup_ce3f7bc8a2933622,2,"2025/2021-2024/2024/statement (10).html|DREA,補交易紀錄/2024-02-15 XM 績效.csv",CSV|HTML,rec_cf8ff6aed63885fd31d1|c_97c63634c31a6f74bc8b,False,SAME_MINUTE_TIMES_AND_ECONOMIC_FIELDS,0
dup_b7f2a30f9818c878,2,"2025/2021-2024/2024/statement (10).html|DREA,補交易紀錄/2024-02-15 XM 績效.csv",CSV|HTML,rec_2ebadf9c8efdb22297cc|c_c7949cdaecfb9ba06e5d,False,SAME_MINUTE_TIMES_AND_ECONOMIC_FIELDS,0
dup_376e04d58f657ccc,2,"2025/2021-2024/2024/statement (10).html|DREA,補交易紀錄/2024-02-15 XM 績效.csv",CSV|HTML,rec_708b19da0bf3c8de304d|c_3b494397ee66a5d872e0,False,SAME_MINUTE_TIMES_AND_ECONOMIC_FIELDS,0
dup_ac85b0be7927f9a7,2,"2025/2021-2024/2024/statement (10).html|DREA,補交易紀錄/2024-02-15 XM 績效.csv",CSV|HTML,rec_498a7b411c824a52e31b|c_970f290c3ab217e3757a,False,SAME_MINUTE_TIMES_AND_ECONOMIC_FIELDS,0
dup_2cfd73c944f01e0a,2,"2025/2021-2024/2024/statement (10).html|DREA,補交易紀錄/2024-02-15 XM 績效.csv",CSV|HTML,rec_e2156dc51c0ca61fc33c|c_e2ea8666c8f648738841,False,SAME_MINUTE_TIMES_AND_ECONOMIC_FIELDS,0
dup_52b6ddd326c753e9,2,"2025/2021-2024/2024/statement (10).html|DREA,補交易紀錄/2024-02-15 XM 績效.csv",CSV|HTML,rec_b9f32f74337bd1b8b337|c_b3ca568e580d6d3400f7,False,SAME_MINUTE_TIMES_AND_ECONOMIC_FIELDS,0
dup_a137c3674a803fea,2,"2025/2021-2024/2024/statement (10).html|DREA,補交易紀錄/2024-02-15 XM 績效.csv",CSV|HTML,rec_8b12c97bc12b7c828ea8|c_c5dd3d936ec29e1046b5,False,SAME_MINUTE_TIMES_AND_ECONOMIC_FIELDS,0
dup_4b41d394eabbe505,2,"2025/2021-2024/2024/statement (10).html|DREA,補交易紀錄/2024-02-15 XM 績效.csv",CSV|HTML,rec_3db83eb03ea776adb5af|c_0505fda7dada2b0c533c,False,SAME_MINUTE_TIMES_AND_ECONOMIC_FIELDS,0
dup_90a7f16a54042c80,2,"2025/2021-2024/2024/statement (10).html|DREA,補交易紀錄/2024-02-15 XM 績效.csv",CSV|HTML,rec_ec47dd59647e7c003b39|c_76803a9c3ea27116c022,False,SAME_MINUTE_TIMES_AND_ECONOMIC_FIELDS,0
dup_108c301f28441782,2,"2025/2021-2024/2024/statement (10).html|DREA,補交易紀錄/2024-02-15 XM 績效.csv",CSV|HTML,rec_78f10b671adb75e632b6|c_8eabac914ec9eaeebaf0,False,SAME_MINUTE_TIMES_AND_ECONOMIC_FIELDS,0
dup_0938015fb011802f,2,"2025/2021-2024/2024/statement (10).html|DREA,補交易紀錄/2024-02-15 XM 績效.csv",CSV|HTML,rec_c054357b68e111836e74|c_79bd2d5ab11ef6b0dc5e,False,SAME_MINUTE_TIMES_AND_ECONOMIC_FIELDS,0
dup_bda289b6942d380e,2,"2025/2021-2024/2024/statement (10).html|DREA,補交易紀錄/2024-02-15 XM 績效.csv",CSV|HTML,rec_e063215a2cf6e4d41dcf|c_801d1d162082b2f37343,False,SAME_MINUTE_TIMES_AND_ECONOMIC_FIELDS,0
dup_659e8d8dd39d48bb,2,"2025/2021-2024/2024/statement (10).html|DREA,補交易紀錄/2024-02-15 XM 績效.csv",CSV|HTML,rec_d7df559897ccf86ba81e|c_b60640f79c529ef06d6b,False,SAME_MINUTE_TIMES_AND_ECONOMIC_FIELDS,0
dup_eb5fe891f1194c1e,2,"2025/2021-2024/2024/statement (10).html|DREA,補交易紀錄/2024-02-15 XM 績效.csv",CSV|HTML,rec_d1066ad63ee18b5245e1|c_b051181432172bdcaed8,False,SAME_MINUTE_TIMES_AND_ECONOMIC_FIELDS,0
dup_4b7841f9f6a0f7dc,2,"2025/2021-2024/2024/statement (10).html|DREA,補交易紀錄/2024-02-15 XM 績效.csv",CSV|HTML,rec_f38806a36cf397d510e7|c_d6fb76b847672d72b419,False,SAME_MINUTE_TIMES_AND_ECONOMIC_FIELDS,0
dup_8a2e48a9823604d8,2,"2025/2021-2024/2024/statement (10).html|DREA,補交易紀錄/2024-02-15 XM 績效.csv",CSV|HTML,rec_abaaf93cdae4a6ff249c|c_8da0a0a02f79eec2c0e8,False,SAME_MINUTE_TIMES_AND_ECONOMIC_FIELDS,0
dup_278b8c19bd3dee71,2,"2025/2021-2024/2024/statement (10).html|DREA,補交易紀錄/2024-02-15 XM 績效.csv",CSV|HTML,rec_29c91ac3c13e5f84279d|c_349a51c70a154db7ccca,False,SAME_MINUTE_TIMES_AND_ECONOMIC_FIELDS,0
dup_4101bfdb1c715197,2,"2025/2021-2024/2024/statement (10).html|DREA,補交易紀錄/2024-02-15 XM 績效.csv",CSV|HTML,rec_027c3356c8f029bc06f9|c_7fe827ae4138664c608b,False,SAME_MINUTE_TIMES_AND_ECONOMIC_FIELDS,0
dup_d48cc2d16ef411cf,2,"2025/2021-2024/2024/statement (10).html|DREA,補交易紀錄/2024-02-15 XM 績效.csv",CSV|HTML,rec_ebc0c8e9912d1316a834|c_54e5bca9d17bb214259c,False,SAME_MINUTE_TIMES_AND_ECONOMIC_FIELDS,0
dup_454a822675d06d61,2,"2025/2021-2024/2024/statement (10).html|DREA,補交易紀錄/2024-02-15 XM 績效.csv",CSV|HTML,rec_38709b228602ed7673df|c_12735b080751b4bcdb24,False,SAME_MINUTE_TIMES_AND_ECONOMIC_FIELDS,0
dup_efca6205e75def9a,2,"2025/2021-2024/2024/statement (10).html|DREA,補交易紀錄/2024-02-15 XM 績效.csv",CSV|HTML,rec_2b50fa887ec65fadd016|c_9ac3cc9621ae5943b928,False,SAME_MINUTE_TIMES_AND_ECONOMIC_FIELDS,0
dup_5db436732db93f41,2,"2025/2021-2024/2024/statement (10).html|DREA,補交易紀錄/2024-02-15 XM 績效.csv",CSV|HTML,rec_04fdaa29a82a62c498fd|c_27eaef7b2706c5897f09,False,SAME_MINUTE_TIMES_AND_ECONOMIC_FIELDS,0
dup_5e99dd2b5e789716,2,"2025/2021-2024/2024/statement (10).html|DREA,補交易紀錄/2024-02-15 XM 績效.csv",CSV|HTML,rec_3aa841b6e80f49423086|c_6ae2e6895d1c0ecc249b,False,SAME_MINUTE_TIMES_AND_ECONOMIC_FIELDS,0
dup_c1290ca0e26d0934,2,"2025/2021-2024/2024/statement (10).html|DREA,補交易紀錄/2024-02-15 XM 績效.csv",CSV|HTML,rec_9ef37096d6514559edb2|c_93a57712114f29b9c971,False,SAME_MINUTE_TIMES_AND_ECONOMIC_FIELDS,0
dup_bfaca8c2ed377c6b,2,"2025/2021-2024/2024/statement (10).html|DREA,補交易紀錄/2024-02-15 XM 績效.csv",CSV|HTML,rec_b99cd13687312c17f4a1|c_ec7a547a10796f988b60,False,SAME_MINUTE_TIMES_AND_ECONOMIC_FIELDS,0
dup_4b1bc15354c13d7d,2,"2025/2021-2024/2024/statement (10).html|DREA,補交易紀錄/2024-02-15 XM 績效.csv",CSV|HTML,rec_c771575c2cdf09e97ff6|c_ac615648542bf86549b4,False,SAME_MINUTE_TIMES_AND_ECONOMIC_FIELDS,0
dup_4ccd649d0da22214,2,"2025/2021-2024/2024/statement (10).html|DREA,補交易紀錄/2024-02-15 XM 績效.csv",CSV|HTML,rec_d0786e819ec8bb279822|c_5f8934896ad5b99874d4,False,SAME_MINUTE_TIMES_AND_ECONOMIC_FIELDS,0
dup_dc29c0174064ad2c,2,"2025/2021-2024/2024/statement (10).html|DREA,補交易紀錄/2024-02-15 XM 績效.csv",CSV|HTML,rec_f3fe3271844e7df785d7|c_774489331a4cec174772,False,SAME_MINUTE_TIMES_AND_ECONOMIC_FIELDS,0
dup_7d1effe6f2179a05,2,"2025/2021-2024/2024/statement (10).html|DREA,補交易紀錄/2024-02-15 XM 績效.csv",CSV|HTML,rec_5f558be53499f46ba0c5|c_48166c642366039cb82f,False,SAME_MINUTE_TIMES_AND_ECONOMIC_FIELDS,0
dup_3499134b85917f50,2,"2025/2021-2024/2024/statement (10).html|DREA,補交易紀錄/2024-02-15 XM 績效.csv",CSV|HTML,rec_3f6975df63058dbf2817|c_d07735f1036e57bcd2e0,False,SAME_MINUTE_TIMES_AND_ECONOMIC_FIELDS,0
dup_e5473116cad47ba3,2,"2025/2021-2024/2024/statement (10).html|DREA,補交易紀錄/2024-02-15 XM 績效.csv",CSV|HTML,rec_fbf01ac26281a9f5b8c2|c_59cc33a6a6b7bded782c,False,SAME_MINUTE_TIMES_AND_ECONOMIC_FIELDS,0
dup_a77fd0d708a54623,2,"2025/2021-2024/2024/statement (10).html|DREA,補交易紀錄/2024-02-15 XM 績效.csv",CSV|HTML,rec_1df179d4c1a6dca532c7|c_1e692192b2c1fb56bff3,False,SAME_MINUTE_TIMES_AND_ECONOMIC_FIELDS,0
dup_c525d0dc39a4caac,2,"2025/2021-2024/2024/statement (10).html|DREA,補交易紀錄/2024-02-15 XM 績效.csv",CSV|HTML,rec_5f9a85ae86213385b2c5|c_2efca4e0da6e4a7b37db,False,SAME_MINUTE_TIMES_AND_ECONOMIC_FIELDS,0
dup_9af69ba1bbb5fffb,2,"2025/2021-2024/2024/statement (10).html|DREA,補交易紀錄/2024-02-15 XM 績效.csv",CSV|HTML,rec_d63b4bcfc2e051faf170|c_de470581a0035fe965db,False,SAME_MINUTE_TIMES_AND_ECONOMIC_FIELDS,0
dup_abb98ccbaccdda4c,2,"2025/2021-2024/2024/statement (10).html|DREA,補交易紀錄/2024-02-15 XM 績效.csv",CSV|HTML,rec_5a2fda8b721dc2e1fd32|c_b0a676ad1011ade74140,False,SAME_MINUTE_TIMES_AND_ECONOMIC_FIELDS,0
dup_564f53d4fdcac914,2,"2025/2021-2024/2024/statement (10).html|DREA,補交易紀錄/2024-02-15 XM 績效.csv",CSV|HTML,rec_0ebcfa3a5ac0e3a1b1f5|c_4a4838581f3b1b131db2,False,SAME_MINUTE_TIMES_AND_ECONOMIC_FIELDS,0
dup_2e9ab4b3aa03d96c,2,"2025/2021-2024/2024/statement (10).html|DREA,補交易紀錄/2024-02-15 XM 績效.csv",CSV|HTML,rec_ffbb561e5976373e6ead|c_51e50fe984d3cbb74159,False,SAME_MINUTE_TIMES_AND_ECONOMIC_FIELDS,0
dup_eb250eacc354aed7,2,"2025/2021-2024/2024/statement (10).html|DREA,補交易紀錄/2024-02-15 XM 績效.csv",CSV|HTML,rec_1afd36bc96c0ce878cdd|c_540d19e8aa0ee9b4520c,False,SAME_MINUTE_TIMES_AND_ECONOMIC_FIELDS,0
dup_7a24db8617e4ada3,2,"2025/2021-2024/2024/statement (10).html|DREA,補交易紀錄/2024-02-15 XM 績效.csv",CSV|HTML,rec_a18d353d1a26e054fc90|c_7b12d54324caa0f75fc5,False,SAME_MINUTE_TIMES_AND_ECONOMIC_FIELDS,0
dup_bfd1f19ce90c332b,2,"2025/2021-2024/2024/statement (10).html|DREA,補交易紀錄/2024-02-15 XM 績效.csv",CSV|HTML,rec_496516003998669578ae|c_a228490c4c8d8e4f8e8d,False,SAME_MINUTE_TIMES_AND_ECONOMIC_FIELDS,0
dup_81fe2918bf52e0b0,2,"2025/2021-2024/2024/statement (10).html|DREA,補交易紀錄/2024-02-15 XM 績效.csv",CSV|HTML,rec_ead3ea0c38678172ef53|c_f80ca263418c0a6faf9c,False,SAME_MINUTE_TIMES_AND_ECONOMIC_FIELDS,0
dup_70a8708add0874c3,2,"2025/2021-2024/2024/statement (10).html|DREA,補交易紀錄/2024-02-15 XM 績效.csv",CSV|HTML,rec_2183e72227ab167d601d|c_59b1f343fdfac85d4f74,False,SAME_MINUTE_TIMES_AND_ECONOMIC_FIELDS,0
dup_530a4de657c9b672,2,"2025/2021-2024/2024/statement (10).html|DREA,補交易紀錄/2024-02-15 XM 績效.csv",CSV|HTML,rec_27e9670871631ae848b9|c_5902f34efd31129f73c5,False,SAME_MINUTE_TIMES_AND_ECONOMIC_FIELDS,0
dup_df5b9889f3bc6f50,2,"2025/2021-2024/2024/statement (10).html|DREA,補交易紀錄/2024-02-15 XM 績效.csv",CSV|HTML,rec_29206e8a7d37af2ca5c1|c_82a830e8c0bd0d5c855f,False,SAME_MINUTE_TIMES_AND_ECONOMIC_FIELDS,0
dup_e341a4b1c5ed2e64,2,"2025/2021-2024/2024/statement (10).html|DREA,補交易紀錄/2024-02-15 XM 績效.csv",CSV|HTML,rec_6a6fee0e2e2a0264b82a|c_39bbe30c9411651b9a55,False,SAME_MINUTE_TIMES_AND_ECONOMIC_FIELDS,0
dup_37669d65bc91fd2b,2,"2025/2021-2024/2024/statement (10).html|DREA,補交易紀錄/2024-02-15 XM 績效.csv",CSV|HTML,rec_610c897745afa33f26cb|c_c39c712828e7f5b8edf7,False,SAME_MINUTE_TIMES_AND_ECONOMIC_FIELDS,0
dup_b1bd898264d6e9c0,2,"2025/2021-2024/2024/statement (10).html|DREA,補交易紀錄/2024-02-15 XM 績效.csv",CSV|HTML,rec_c14e122a2e01aadf902e|c_5731f373368d058cc1b8,False,SAME_MINUTE_TIMES_AND_ECONOMIC_FIELDS,0
dup_69ac8eef3ce7fc45,2,"2025/2021-2024/2024/statement (10).html|DREA,補交易紀錄/2024-02-15 XM 績效.csv",CSV|HTML,rec_fbd9d802ef2c8ce378d2|c_1356760777d95e69d82e,False,SAME_MINUTE_TIMES_AND_ECONOMIC_FIELDS,0
dup_2301fb8cd87794ed,2,"2025/2021-2024/2024/statement (10).html|DREA,補交易紀錄/2024-02-15 XM 績效.csv",CSV|HTML,rec_a770fe7213e050b4219e|c_6f8f1a1d07a148c00040,False,SAME_MINUTE_TIMES_AND_ECONOMIC_FIELDS,0
dup_de9e58fb04478bbc,2,"2025/2021-2024/2024/statement (10).html|DREA,補交易紀錄/2024-02-15 XM 績效.csv",CSV|HTML,rec_edc54343b5a67305794f|c_6c4198994d5139cd7284,False,SAME_MINUTE_TIMES_AND_ECONOMIC_FIELDS,0
dup_0a0b7b60be054030,2,"2025/2021-2024/2024/statement (10).html|DREA,補交易紀錄/2024-02-15 XM 績效.csv",CSV|HTML,rec_e5ad264bb2e064e7a963|c_6e8b12118b85df59c212,False,SAME_MINUTE_TIMES_AND_ECONOMIC_FIELDS,0
dup_db149cfa1cae5b58,2,"2025/2021-2024/2024/statement (10).html|DREA,補交易紀錄/2024-02-15 XM 績效.csv",CSV|HTML,rec_b1e7233129cdb670a1a1|c_56b705f15a01ac7ab18c,False,SAME_MINUTE_TIMES_AND_ECONOMIC_FIELDS,0
dup_6a79790f209040e6,2,"2025/2021-2024/2024/statement (10).html|DREA,補交易紀錄/2024-02-15 XM 績效.csv",CSV|HTML,rec_595055d748bcb49700ad|c_a8df909766bad80c908a,False,SAME_MINUTE_TIMES_AND_ECONOMIC_FIELDS,0
dup_fa42f76ca8b06194,2,"2025/2021-2024/2024/statement (10).html|DREA,補交易紀錄/2024-02-15 XM 績效.csv",CSV|HTML,rec_fa1b3de0e2ac450eda98|c_46034fba213422cfe705,False,SAME_MINUTE_TIMES_AND_ECONOMIC_FIELDS,0
dup_5ace6a7a4f23df32,2,"2025/2021-2024/2024/statement (10).html|DREA,補交易紀錄/2024-02-15 XM 績效.csv",CSV|HTML,rec_a6e3aff429534afc8b13|c_016051197c46d8f00db4,False,SAME_MINUTE_TIMES_AND_ECONOMIC_FIELDS,0
dup_022cc5856463d2d4,2,"2025/2021-2024/2024/statement (10).html|DREA,補交易紀錄/2024-02-15 XM 績效.csv",CSV|HTML,rec_f4cf3148a039d81d017f|c_6fa2e1f97abc407815f6,False,SAME_MINUTE_TIMES_AND_ECONOMIC_FIELDS,0
dup_0d85e08985a55a27,2,"2025/2021-2024/2024/statement (10).html|DREA,補交易紀錄/2024-02-15 XM 績效.csv",CSV|HTML,rec_1823949acffa88e32191|c_3638d265f3d15df0c14b,False,SAME_MINUTE_TIMES_AND_ECONOMIC_FIELDS,0
dup_c22de275cea2a319,2,"2025/2021-2024/2024/statement (10).html|DREA,補交易紀錄/2024-02-15 XM 績效.csv",CSV|HTML,rec_5e3fb4356165c5bda500|c_942645af450c2115aa5b,False,SAME_MINUTE_TIMES_AND_ECONOMIC_FIELDS,0
dup_1b3689fac94c9119,2,"2025/2021-2024/2024/statement (10).html|DREA,補交易紀錄/2024-02-15 XM 績效.csv",CSV|HTML,rec_a11f579258f4e2253f5a|c_b06497373d969134ee83,False,SAME_MINUTE_TIMES_AND_ECONOMIC_FIELDS,0
dup_49a097139b610326,2,"2025/2021-2024/2024/statement (10).html|DREA,補交易紀錄/2024-02-15 XM 績效.csv",CSV|HTML,rec_eaf530fbc5ffa63687de|c_617c5deeaf92aa64933b,False,SAME_MINUTE_TIMES_AND_ECONOMIC_FIELDS,0
dup_2cb8fe12a029d62f,2,"2025/2021-2024/2024/statement (10).html|DREA,補交易紀錄/2024-02-15 XM 績效.csv",CSV|HTML,rec_bdc3a51a26840265e62e|c_f88b2d27916a5a99bdb5,False,SAME_MINUTE_TIMES_AND_ECONOMIC_FIELDS,0
dup_a8cb9435d0e80195,2,"2025/2021-2024/2024/statement (10).html|DREA,補交易紀錄/2024-02-15 XM 績效.csv",CSV|HTML,rec_a0f6c12ca459b43254b6|c_ab9b540d4493b06dfacd,False,SAME_MINUTE_TIMES_AND_ECONOMIC_FIELDS,0
dup_2081dd789a983e8f,2,"2025/2021-2024/2024/statement (10).html|DREA,補交易紀錄/2024-02-15 XM 績效.csv",CSV|HTML,rec_7b08ced3c4e60bd90db6|c_0bcbc49678e5f15f6d80,False,SAME_MINUTE_TIMES_AND_ECONOMIC_FIELDS,0
dup_353c72f146101818,2,"2025/2021-2024/2024/statement (10).html|DREA,補交易紀錄/2024-02-15 XM 績效.csv",CSV|HTML,rec_39e4f49a12bf0298755b|c_1d19dc647916d47b3536,False,SAME_MINUTE_TIMES_AND_ECONOMIC_FIELDS,0
dup_7f906bde82278389,2,"2025/2021-2024/2024/statement (10).html|DREA,補交易紀錄/2024-02-15 XM 績效.csv",CSV|HTML,rec_ae2d8a4bec2e32181d07|c_75a5d35ed2635940f9b7,False,SAME_MINUTE_TIMES_AND_ECONOMIC_FIELDS,0
dup_4fee9ea9ad4bc74c,2,"2025/2021-2024/2024/statement (10).html|DREA,補交易紀錄/2024-02-15 XM 績效.csv",CSV|HTML,rec_74ea25b1a294676d8045|c_c2e1d23c35f0b11e9a0b,False,SAME_MINUTE_TIMES_AND_ECONOMIC_FIELDS,0
dup_bccffb166feec6e1,2,"2025/2021-2024/2024/statement (10).html|DREA,補交易紀錄/2024-02-15 XM 績效.csv",CSV|HTML,rec_d042c0f30c338eac8366|c_3dca100d8270cb15ac4a,False,SAME_MINUTE_TIMES_AND_ECONOMIC_FIELDS,0
dup_8bb087a272cd422f,2,"2025/2021-2024/2024/statement (10).html|DREA,補交易紀錄/2024-02-15 XM 績效.csv",CSV|HTML,rec_0bc7542bd4f0b2811f9d|c_69a6f92777d623400038,False,SAME_MINUTE_TIMES_AND_ECONOMIC_FIELDS,0
dup_872ba774d4c4ed7f,2,"2025/2021-2024/2024/statement (10).html|DREA,補交易紀錄/2024-02-15 XM 績效.csv",CSV|HTML,rec_5e7999951d4e9c684045|c_d329697c4be5b4d2f25f,False,SAME_MINUTE_TIMES_AND_ECONOMIC_FIELDS,0
dup_495e777c0ab3f487,2,"2025/2021-2024/2024/statement (10).html|DREA,補交易紀錄/2024-02-15 XM 績效.csv",CSV|HTML,rec_10e63ae94af5f9ab884c|c_a280952c06c0134ea2ad,False,SAME_MINUTE_TIMES_AND_ECONOMIC_FIELDS,0
dup_490f772e84d16fd6,2,"2025/2021-2024/2024/statement (10).html|DREA,補交易紀錄/2024-02-15 XM 績效.csv",CSV|HTML,rec_cbc12d46ebf509634027|c_6a1c1c7b38f93f204a89,False,SAME_MINUTE_TIMES_AND_ECONOMIC_FIELDS,0
dup_339fb96cf2071042,2,"2025/2021-2024/2024/statement (10).html|DREA,補交易紀錄/2024-02-15 XM 績效.csv",CSV|HTML,rec_e7c06fba03c0bce9cb92|c_ea4cd5df097961eba039,False,SAME_MINUTE_TIMES_AND_ECONOMIC_FIELDS,0
dup_87f8c1be63aaf460,2,"2025/statement (4).html|DREA,補交易紀錄/2025-01~02.csv",CSV|HTML,rec_254c1bbd5eeaaa329f77|c_e46e557e41128e84a742,False,SAME_MINUTE_TIMES_AND_ECONOMIC_FIELDS,0
dup_f641c63174e6ccae,2,"DREA,補交易紀錄/2024-10-17 高績效 316倍 8交易日.csv|手動交易2024後策略較固定/模擬倉/statement (1).html",CSV|HTML,rec_3a4f98751e37f31db4c2|c_f8f0d2ebd92fcde468a9,False,SAME_MINUTE_TIMES_AND_ECONOMIC_FIELDS,0
dup_e84e7f444a11909e,2,"DREA,補交易紀錄/2024-10-17 高績效 316倍 8交易日.csv|手動交易2024後策略較固定/模擬倉/statement (1).html",CSV|HTML,rec_61009f4d66300cd532af|c_7a845c5dfd4d8b767c49,False,SAME_MINUTE_TIMES_AND_ECONOMIC_FIELDS,0
dup_507cee4af4ae7c3f,2,"DREA,補交易紀錄/2024-10-17 高績效 316倍 8交易日.csv|手動交易2024後策略較固定/模擬倉/statement (1).html",CSV|HTML,rec_a8a4764b43f6fd5748eb|c_976346c5fdc564e898a3,False,SAME_MINUTE_TIMES_AND_ECONOMIC_FIELDS,0
dup_fa6293d29d2be7ba,2,"DREA,補交易紀錄/dream 小資金示範.csv|手動交易2024後策略較固定/2026/statement (2).html",CSV|HTML,rec_f88e73bb60655896f17f|c_446f015d6a8210e599a2,False,SAME_MINUTE_TIMES_AND_ECONOMIC_FIELDS,0
dup_404259d62833cc7d,2,"DREA,補交易紀錄/dream 小資金示範.csv|手動交易2024後策略較固定/2026/statement (2).html",CSV|HTML,rec_52a4f2f2df2441d817c4|c_4e6fd60a118f0d96933f,False,SAME_MINUTE_TIMES_AND_ECONOMIC_FIELDS,0
dup_e319ceb3a5d306bf,2,"DREA,補交易紀錄/dream 小資金示範.csv|手動交易2024後策略較固定/2026/statement (2).html",CSV|HTML,rec_9633614d6c6e45c8f445|c_0f535759cb5427e03fa3,False,SAME_MINUTE_TIMES_AND_ECONOMIC_FIELDS,0
dup_689ce0085a3d28f4,2,"DREA,補交易紀錄/dream 小資金示範.csv|手動交易2024後策略較固定/2026/statement (2).html",CSV|HTML,rec_9acc10713b12b3462535|c_3f2804969b50924a8a94,False,SAME_MINUTE_TIMES_AND_ECONOMIC_FIELDS,0
dup_32d719e7b4f1dbb0,2,"DREA,補交易紀錄/2024-10-17 高績效 316倍 8交易日.csv|手動交易2024後策略較固定/模擬倉/statement (1).html",CSV|HTML,rec_af0313ff2db44f1c13de|c_7ecb118d3ca66fe0f548,False,SAME_MINUTE_TIMES_AND_ECONOMIC_FIELDS,0
dup_42ab3e333278b6c3,2,"DREA,補交易紀錄/dream 手動 10倍.csv|手動交易2024後策略較固定/2020含更久以前交易/statement (9).html",CSV|HTML,rec_e11bbe3ad51e2bf631fe|c_afb30bceb4c383cc8dd0,False,SAME_MINUTE_TIMES_AND_ECONOMIC_FIELDS,0
dup_ef07d2d85d789e06,2,"DREA,補交易紀錄/dream 手動 10倍.csv|手動交易2024後策略較固定/2020含更久以前交易/statement (9).html",CSV|HTML,rec_04fb2fc4fe8847d56998|c_7b33bd23294c59a02988,False,SAME_MINUTE_TIMES_AND_ECONOMIC_FIELDS,0
dup_ff1cbdb28593d1d2,2,"DREA,補交易紀錄/dream 手動 10倍.csv|手動交易2024後策略較固定/2020含更久以前交易/statement (9).html",CSV|HTML,rec_3ce490030d28a1df3acc|c_582da73c00abe7349e1b,False,SAME_MINUTE_TIMES_AND_ECONOMIC_FIELDS,0
dup_928f34df8fd7042e,2,"DREA,補交易紀錄/dream 手動 10倍.csv|手動交易2024後策略較固定/2020含更久以前交易/statement (9).html",CSV|HTML,rec_3f7b7ea5619890636b73|c_42990a83406b99df6b2d,False,SAME_MINUTE_TIMES_AND_ECONOMIC_FIELDS,0
dup_56543123a09176f3,2,"DREA,補交易紀錄/dream 手動 10倍.csv|手動交易2024後策略較固定/2020含更久以前交易/statement (9).html",CSV|HTML,rec_b28e86715c5ffa29adc0|c_523682177472e2d862e1,False,SAME_MINUTE_TIMES_AND_ECONOMIC_FIELDS,0
dup_37d4fdf157f27183,2,"DREA,補交易紀錄/dream 手動 10倍.csv|手動交易2024後策略較固定/2020含更久以前交易/statement (9).html",CSV|HTML,rec_3e4e74d51fcd76989687|c_fdd73f7f980a193e0da1,False,SAME_MINUTE_TIMES_AND_ECONOMIC_FIELDS,0
dup_16a3caef6e06fe05,2,"DREA,補交易紀錄/dream 手動 10倍.csv|手動交易2024後策略較固定/2020含更久以前交易/statement (9).html",CSV|HTML,rec_d1754045df8e06a5bec1|c_4f7695d58bdb89900f88,False,SAME_MINUTE_TIMES_AND_ECONOMIC_FIELDS,0
dup_5a056e7fbd867319,2,"DREA,補交易紀錄/dream 手動 10倍.csv|手動交易2024後策略較固定/2020含更久以前交易/statement (9).html",CSV|HTML,rec_bebc7614210a47cd12c6|c_a20284e6707db27c411d,False,SAME_MINUTE_TIMES_AND_ECONOMIC_FIELDS,0
dup_bb908c81cc3e9ec4,2,"DREA,補交易紀錄/dream 手動 10倍.csv|手動交易2024後策略較固定/2020含更久以前交易/statement (9).html",CSV|HTML,rec_a9fcdcf868206cd74f44|c_42058e9a2c86f215c7a3,False,SAME_MINUTE_TIMES_AND_ECONOMIC_FIELDS,0
dup_86e87917c82b31cb,2,"DREA,補交易紀錄/dream 手動 10倍.csv|手動交易2024後策略較固定/2020含更久以前交易/statement (9).html",CSV|HTML,rec_8e44d9c6db39f1f9a63c|c_1ece06c5adbfa457b2c3,False,SAME_MINUTE_TIMES_AND_ECONOMIC_FIELDS,0
dup_14e0491c6d167bd6,2,"DREA,補交易紀錄/dream 手動 10倍.csv|手動交易2024後策略較固定/2020含更久以前交易/statement (9).html",CSV|HTML,rec_efe7dd2e69804d302280|c_66e8c7a8d1cea7bcd9b1,False,SAME_MINUTE_TIMES_AND_ECONOMIC_FIELDS,0
dup_8fc84cec11d9e1a5,2,"DREA,補交易紀錄/dream 手動 10倍.csv|手動交易2024後策略較固定/2020含更久以前交易/statement (9).html",CSV|HTML,rec_330b73704b309a9d4b3c|c_bdd9ca7d54c75cf430d2,False,SAME_MINUTE_TIMES_AND_ECONOMIC_FIELDS,0
dup_2c1cf6fcb1ce88e5,2,"DREA,補交易紀錄/dream 手動 10倍.csv|手動交易2024後策略較固定/2020含更久以前交易/statement (9).html",CSV|HTML,rec_3c25e7c5cb1b194dd89f|c_e8f0ce42a33ebf5aff3a,False,SAME_MINUTE_TIMES_AND_ECONOMIC_FIELDS,0
dup_dc777f7e7f9b2a1a,2,"DREA,補交易紀錄/dream 手動 10倍.csv|手動交易2024後策略較固定/2020含更久以前交易/statement (9).html",CSV|HTML,rec_6c2e996348eb439b90b8|c_d41df889a5e932d5eff4,False,SAME_MINUTE_TIMES_AND_ECONOMIC_FIELDS,0
dup_25d11d1f4788f733,2,"DREA,補交易紀錄/dream 手動 10倍.csv|手動交易2024後策略較固定/2020含更久以前交易/statement (9).html",CSV|HTML,rec_4aa0df9d4e4593a9d262|c_0729a13687389f4558e8,False,SAME_MINUTE_TIMES_AND_ECONOMIC_FIELDS,0
dup_ab45c4ed2bcb0640,2,"DREA,補交易紀錄/dream 手動 10倍.csv|手動交易2024後策略較固定/2020含更久以前交易/statement (9).html",CSV|HTML,rec_d331f2ec92cb084c97c1|c_851d73e143db6b504442,False,SAME_MINUTE_TIMES_AND_ECONOMIC_FIELDS,0
dup_d9977ed12e64c824,2,"DREA,補交易紀錄/dream 手動 10倍.csv|手動交易2024後策略較固定/2020含更久以前交易/statement (9).html",CSV|HTML,rec_80a207460315929deca2|c_ff02680c7525eb4e77f7,False,SAME_MINUTE_TIMES_AND_ECONOMIC_FIELDS,0
dup_b2c8db2ca0e05aa5,2,"DREA,補交易紀錄/dream 手動 10倍.csv|手動交易2024後策略較固定/2020含更久以前交易/statement (9).html",CSV|HTML,rec_113e0171694050e33814|c_7c486290f3e3dfef4aa2,False,SAME_MINUTE_TIMES_AND_ECONOMIC_FIELDS,0
dup_44d05e4358817125,2,"DREA,補交易紀錄/dream 手動 10倍.csv|手動交易2024後策略較固定/2020含更久以前交易/statement (9).html",CSV|HTML,rec_887a7faad5b34130663d|c_735cca52ed4c9961e93f,False,SAME_MINUTE_TIMES_AND_ECONOMIC_FIELDS,0
dup_032908ccb72a71b3,2,"DREA,補交易紀錄/dream 手動 10倍.csv|手動交易2024後策略較固定/2020含更久以前交易/statement (9).html",CSV|HTML,rec_29ff7d2e7d8bb0a4ced3|c_bc6a174c4e7ed8898071,False,SAME_MINUTE_TIMES_AND_ECONOMIC_FIELDS,0
dup_b49ad76b96d68dbd,2,"DREA,補交易紀錄/dream 手動 10倍.csv|手動交易2024後策略較固定/2020含更久以前交易/statement (9).html",CSV|HTML,rec_916dc832b96813ec29c7|c_67ba5cb73fe233f62102,False,SAME_MINUTE_TIMES_AND_ECONOMIC_FIELDS,0
dup_f9289a2e0ae477db,2,"DREA,補交易紀錄/dream 手動 10倍.csv|手動交易2024後策略較固定/2020含更久以前交易/statement (9).html",CSV|HTML,rec_51c9481204d522b80217|c_45be264d4f8b1a94ea12,False,SAME_MINUTE_TIMES_AND_ECONOMIC_FIELDS,0
dup_57bde3a1d80b47e7,2,"DREA,補交易紀錄/dream 手動 10倍.csv|手動交易2024後策略較固定/2020含更久以前交易/statement (9).html",CSV|HTML,rec_abbeb42038df36e2e62a|c_7c8b2e125da578cd065a,False,SAME_MINUTE_TIMES_AND_ECONOMIC_FIELDS,0
dup_c0762985fa70cba8,2,"DREA,補交易紀錄/dream 手動 10倍.csv|手動交易2024後策略較固定/2020含更久以前交易/statement (9).html",CSV|HTML,rec_cd2cebf903b34779fb11|c_147000f77ff0bed7cc1e,False,SAME_MINUTE_TIMES_AND_ECONOMIC_FIELDS,0
dup_2c5a13d99e01f0c4,2,"DREA,補交易紀錄/dream 手動 10倍.csv|手動交易2024後策略較固定/2020含更久以前交易/statement (9).html",CSV|HTML,rec_2e885ce450106f082a5b|c_9562f27b855f92fdcecd,False,SAME_MINUTE_TIMES_AND_ECONOMIC_FIELDS,0
dup_2e1ef557166a68b0,2,"DREA,補交易紀錄/dream 手動 10倍.csv|手動交易2024後策略較固定/2020含更久以前交易/statement (9).html",CSV|HTML,rec_5ea020997b813e594073|c_6e3fb436e8e82ede1b8f,False,SAME_MINUTE_TIMES_AND_ECONOMIC_FIELDS,0
dup_f176fde60018ea7a,2,"DREA,補交易紀錄/dream 手動 10倍.csv|手動交易2024後策略較固定/2020含更久以前交易/statement (9).html",CSV|HTML,rec_782bdba0ff4bb60800a3|c_56851537cd2f36455cdf,False,SAME_MINUTE_TIMES_AND_ECONOMIC_FIELDS,0
dup_07e40a9c04568f0f,2,"DREA,補交易紀錄/dream 手動 10倍.csv|手動交易2024後策略較固定/2020含更久以前交易/statement (9).html",CSV|HTML,rec_55c04837ddd7d25fb4d8|c_150e22b9a1f37347640e,False,SAME_MINUTE_TIMES_AND_ECONOMIC_FIELDS,0
dup_704127e81877ea36,2,"DREA,補交易紀錄/dream 手動 10倍.csv|手動交易2024後策略較固定/2020含更久以前交易/statement (9).html",CSV|HTML,rec_74a0c1ce949134061748|c_1803db0bece46cd6c1dd,False,SAME_MINUTE_TIMES_AND_ECONOMIC_FIELDS,0
dup_30d3fe34cf4a3706,2,"DREA,補交易紀錄/dream 手動 10倍.csv|手動交易2024後策略較固定/2020含更久以前交易/statement (9).html",CSV|HTML,rec_6b0644d5d5d60955a4b8|c_b193582608dd2e119853,False,SAME_MINUTE_TIMES_AND_ECONOMIC_FIELDS,0
dup_a14184b873049f9a,2,"DREA,補交易紀錄/dream 手動 10倍.csv|手動交易2024後策略較固定/2020含更久以前交易/statement (9).html",CSV|HTML,rec_4bbbf2d2b6fa50dcf0b3|c_e32b570aa221458640f9,False,SAME_MINUTE_TIMES_AND_ECONOMIC_FIELDS,0
dup_b94e2d607a4def9c,2,"DREA,補交易紀錄/dream 手動 10倍.csv|手動交易2024後策略較固定/2020含更久以前交易/statement (9).html",CSV|HTML,rec_4bb5ef6c490eb5002a7a|c_d76c164defb55f885e46,False,SAME_MINUTE_TIMES_AND_ECONOMIC_FIELDS,0
dup_1c62c815583d77e2,2,"DREA,補交易紀錄/dream 手動 10倍.csv|手動交易2024後策略較固定/2020含更久以前交易/statement (9).html",CSV|HTML,rec_e1e2bb3407d2bced4cdf|c_90b1ceeb8c687f7a9585,False,SAME_MINUTE_TIMES_AND_ECONOMIC_FIELDS,0
dup_8368cf57eaf48ab3,2,"DREA,補交易紀錄/dream 手動 10倍.csv|手動交易2024後策略較固定/2020含更久以前交易/statement (9).html",CSV|HTML,rec_efaceba38f3127d63bd6|c_c0fe8cd70a0190fe2078,False,SAME_MINUTE_TIMES_AND_ECONOMIC_FIELDS,0
dup_016ec506e68a2e55,2,"DREA,補交易紀錄/dream 手動 10倍.csv|手動交易2024後策略較固定/2020含更久以前交易/statement (9).html",CSV|HTML,rec_eaf1825ab75659f10d3c|c_2dcd8e5c6293545c5374,False,SAME_MINUTE_TIMES_AND_ECONOMIC_FIELDS,0
dup_db5159f2ed604c18,2,"DREA,補交易紀錄/dream 手動 10倍.csv|手動交易2024後策略較固定/2020含更久以前交易/statement (9).html",CSV|HTML,rec_10bb714c4cae62d71fb8|c_560b7f819cfebc275b9a,False,SAME_MINUTE_TIMES_AND_ECONOMIC_FIELDS,0
dup_0d7a270524938ca0,2,"DREA,補交易紀錄/dream 手動 10倍.csv|手動交易2024後策略較固定/2020含更久以前交易/statement (9).html",CSV|HTML,rec_fbc54feed420ae05e742|c_299fda6b87837d2ae633,False,SAME_MINUTE_TIMES_AND_ECONOMIC_FIELDS,0
dup_01b936368c9ba278,2,"DREA,補交易紀錄/dream 手動 10倍.csv|手動交易2024後策略較固定/2020含更久以前交易/statement (9).html",CSV|HTML,rec_69e45390526789850652|c_4bc4f20557f6bc65ce2a,False,SAME_MINUTE_TIMES_AND_ECONOMIC_FIELDS,0
dup_a97e987ed99cf07c,2,"DREA,補交易紀錄/dream 手動 10倍.csv|手動交易2024後策略較固定/2020含更久以前交易/statement (9).html",CSV|HTML,rec_540344fd009c93236dcc|c_a960703be900552d5769,False,SAME_MINUTE_TIMES_AND_ECONOMIC_FIELDS,0
dup_dc36180cfb6405be,2,"DREA,補交易紀錄/dream 手動 10倍.csv|手動交易2024後策略較固定/2020含更久以前交易/statement (9).html",CSV|HTML,rec_72ca43a4ec9c960ef85e|c_64f534eedb8e9ff201f3,False,SAME_MINUTE_TIMES_AND_ECONOMIC_FIELDS,0
dup_687b5ac69de475a5,2,"DREA,補交易紀錄/dream 手動 10倍.csv|手動交易2024後策略較固定/2020含更久以前交易/statement (9).html",CSV|HTML,rec_28be70dbd6aec37cfc9c|c_3250cd2bb93c1b4215a0,False,SAME_MINUTE_TIMES_AND_ECONOMIC_FIELDS,0
dup_da4bd75452e4645c,2,"DREA,補交易紀錄/dream 手動 10倍.csv|手動交易2024後策略較固定/2020含更久以前交易/statement (9).html",CSV|HTML,rec_3cc7eb618be8165966d3|c_987a6d72e50d6e5aedc9,False,SAME_MINUTE_TIMES_AND_ECONOMIC_FIELDS,0
dup_96783a567d35a77c,2,"DREA,補交易紀錄/dream 手動 10倍.csv|手動交易2024後策略較固定/2020含更久以前交易/statement (9).html",CSV|HTML,rec_5589b60792c5ef9ff3e6|c_1e9e4a2255420f6072c5,False,SAME_MINUTE_TIMES_AND_ECONOMIC_FIELDS,0
dup_f9d2185ef9688087,2,"DREA,補交易紀錄/dream 手動 10倍.csv|手動交易2024後策略較固定/2020含更久以前交易/statement (9).html",CSV|HTML,rec_5216eaa976ac3abd4dca|c_167e3b07fe344cdf9ce1,False,SAME_MINUTE_TIMES_AND_ECONOMIC_FIELDS,0
dup_5ded9730abf1262b,2,"DREA,補交易紀錄/dream 手動 10倍.csv|手動交易2024後策略較固定/2020含更久以前交易/statement (9).html",CSV|HTML,rec_751a5acf851e87bf6f94|c_2aa7fc1aaa0a0067687d,False,SAME_MINUTE_TIMES_AND_ECONOMIC_FIELDS,0
dup_2ca9b13a9b13377e,2,"DREA,補交易紀錄/dream 手動 10倍.csv|手動交易2024後策略較固定/2020含更久以前交易/statement (9).html",CSV|HTML,rec_67dbfe9db8483181c196|c_3db657ef5b72bc59edc6,False,SAME_MINUTE_TIMES_AND_ECONOMIC_FIELDS,0
dup_ad2db9a01e1f5094,2,"DREA,補交易紀錄/dream 手動 10倍.csv|手動交易2024後策略較固定/2020含更久以前交易/statement (9).html",CSV|HTML,rec_516e4bd083386142e155|c_8780cbffbf1f74a8c2b5,False,SAME_MINUTE_TIMES_AND_ECONOMIC_FIELDS,0
dup_b4ae0a920e00725b,2,"DREA,補交易紀錄/dream 手動 10倍.csv|手動交易2024後策略較固定/2020含更久以前交易/statement (9).html",CSV|HTML,rec_e2ac293e9faf2480b544|c_22e28e521f49f7ef3736,False,SAME_MINUTE_TIMES_AND_ECONOMIC_FIELDS,0
dup_4428639630fc5b8c,2,"DREA,補交易紀錄/dream 手動 10倍.csv|手動交易2024後策略較固定/2020含更久以前交易/statement (9).html",CSV|HTML,rec_fb806d184a17987c7ad2|c_5bd2feda41eacca2955e,False,SAME_MINUTE_TIMES_AND_ECONOMIC_FIELDS,0
dup_f439a2508698824a,2,"DREA,補交易紀錄/dream 手動 10倍.csv|手動交易2024後策略較固定/2020含更久以前交易/statement (9).html",CSV|HTML,rec_4082d8e47304ee4880d8|c_f5e80ef25e4de7264c60,False,SAME_MINUTE_TIMES_AND_ECONOMIC_FIELDS,0
dup_eacbc65066b94145,2,"DREA,補交易紀錄/dream 手動 10倍.csv|手動交易2024後策略較固定/2020含更久以前交易/statement (9).html",CSV|HTML,rec_9926e47feb9ba2b7e593|c_d04dd1d82f00d184014f,False,SAME_MINUTE_TIMES_AND_ECONOMIC_FIELDS,0
dup_7e1d3198188353e4,2,"DREA,補交易紀錄/dream 手動 10倍.csv|手動交易2024後策略較固定/2020含更久以前交易/statement (9).html",CSV|HTML,rec_ef87d7e8ea87f36b6a7a|c_28e64896fba00eaa445c,False,SAME_MINUTE_TIMES_AND_ECONOMIC_FIELDS,0
dup_84801b14883af143,2,"DREA,補交易紀錄/dream 手動 10倍.csv|手動交易2024後策略較固定/2020含更久以前交易/statement (9).html",CSV|HTML,rec_38c89e963733f91f96b4|c_b753537522ff51e7c657,False,SAME_MINUTE_TIMES_AND_ECONOMIC_FIELDS,0
dup_80f1b31704d2ae6c,2,"DREA,補交易紀錄/dream 手動 10倍.csv|手動交易2024後策略較固定/2020含更久以前交易/statement (9).html",CSV|HTML,rec_3ec3f784c16a40460578|c_478c4da6b6452fcddee4,False,SAME_MINUTE_TIMES_AND_ECONOMIC_FIELDS,0
dup_430ad91751a295f1,2,"DREA,補交易紀錄/dream 手動 10倍.csv|手動交易2024後策略較固定/2020含更久以前交易/statement (9).html",CSV|HTML,rec_01fe83777e1f6c12eec3|c_8d9aa27e7871d9ec7af1,False,SAME_MINUTE_TIMES_AND_ECONOMIC_FIELDS,0
dup_3b0931979c8625e5,2,"DREA,補交易紀錄/dream 手動 10倍.csv|手動交易2024後策略較固定/2020含更久以前交易/statement (9).html",CSV|HTML,rec_b8ec9260ea5643361b3e|c_c37f2afc11c41b93b394,False,SAME_MINUTE_TIMES_AND_ECONOMIC_FIELDS,0
dup_b4c8f03e8f19c9ad,2,"DREA,補交易紀錄/dream 手動 10倍.csv|手動交易2024後策略較固定/2020含更久以前交易/statement (9).html",CSV|HTML,rec_521769810269ab88addd|c_6056319c53ac0af45813,False,SAME_MINUTE_TIMES_AND_ECONOMIC_FIELDS,0
dup_dc6266a3d06e9aac,2,"DREA,補交易紀錄/dream 手動 10倍.csv|手動交易2024後策略較固定/2020含更久以前交易/statement (9).html",CSV|HTML,rec_3e60177473ac6b10c9b2|c_cee0a68e7298df5cdd22,False,SAME_MINUTE_TIMES_AND_ECONOMIC_FIELDS,0
dup_720c3459934ef60c,2,"DREA,補交易紀錄/Dream-每日100USD.csv|手動交易2024後策略較固定/2020含更久以前交易/statement (8).html",CSV|HTML,rec_117db422a5be4e7132b2|c_e4a6f5a96a93a1f4d703,False,SAME_MINUTE_TIMES_AND_ECONOMIC_FIELDS,0
dup_925ac4499848d98b,2,"DREA,補交易紀錄/Dream-每日100USD.csv|手動交易2024後策略較固定/2020含更久以前交易/statement (8).html",CSV|HTML,rec_13f5719fb19cfa15ed10|c_ebe6a8a9258946a49a89,False,SAME_MINUTE_TIMES_AND_ECONOMIC_FIELDS,0
dup_e98f8b62adfc3f54,2,"DREA,補交易紀錄/Dream-每日100USD.csv|手動交易2024後策略較固定/2020含更久以前交易/statement (8).html",CSV|HTML,rec_3f0f36d083e3556fa503|c_3ffd622a1e8112aa4f86,False,SAME_MINUTE_TIMES_AND_ECONOMIC_FIELDS,0
dup_865d6185e9f09278,2,"DREA,補交易紀錄/Dream-每日100USD.csv|手動交易2024後策略較固定/2020含更久以前交易/statement (8).html",CSV|HTML,rec_f13d0873aac5dfd0d0e3|c_193b1b1e80e7db03ef6a,False,SAME_MINUTE_TIMES_AND_ECONOMIC_FIELDS,0
dup_96beb6030a65908f,6,"DREA,補交易紀錄/Dream-每日100USD.csv|手動交易2024後策略較固定/2020含更久以前交易/statement (8).html",CSV|HTML,rec_dbfd09311a3de5c72807|rec_6eb49de87425605f4ef5|rec_322a1e61331c8c07e8fa|c_23867bda1c078ca5448b|c_4cade3a6fafdfcee2a28|c_f20b1a30a7c5f9634dc7,False,SAME_MINUTE_TIMES_AND_ECONOMIC_FIELDS,0
dup_d2b4df0594af2ad6,2,"DREA,補交易紀錄/Dream-每日100USD.csv|手動交易2024後策略較固定/2020含更久以前交易/statement (8).html",CSV|HTML,rec_2504e5f66ce3e479c35a|c_cb8e0b10e46f602856c9,False,SAME_MINUTE_TIMES_AND_ECONOMIC_FIELDS,0
dup_3f041c9172daac3e,2,"DREA,補交易紀錄/Dream-每日100USD.csv|手動交易2024後策略較固定/2020含更久以前交易/statement (8).html",CSV|HTML,rec_7199050de2411c37f273|c_e370cb802f9719da96b8,False,SAME_MINUTE_TIMES_AND_ECONOMIC_FIELDS,0
dup_1ae5f45b37c171e3,2,"DREA,補交易紀錄/Dream-每日100USD.csv|手動交易2024後策略較固定/2020含更久以前交易/statement (8).html",CSV|HTML,rec_97be5d8d2417803b0ef1|c_141bbbff3150d67e897e,False,SAME_MINUTE_TIMES_AND_ECONOMIC_FIELDS,0
dup_fe07e38a85cd5452,2,"DREA,補交易紀錄/Dream-每日100USD.csv|手動交易2024後策略較固定/2020含更久以前交易/statement (8).html",CSV|HTML,rec_a1be23c62ef8320cb590|c_433be1035b815c337633,False,SAME_MINUTE_TIMES_AND_ECONOMIC_FIELDS,0
dup_d088f8a0fb16053c,2,"DREA,補交易紀錄/Dream-每日100USD.csv|手動交易2024後策略較固定/2020含更久以前交易/statement (8).html",CSV|HTML,rec_d3681ba962f25ee2d7b4|c_576c3d27d57f050305c1,False,SAME_MINUTE_TIMES_AND_ECONOMIC_FIELDS,0
dup_633f349d2ec7192e,2,"DREA,補交易紀錄/Dream-每日100USD.csv|手動交易2024後策略較固定/2020含更久以前交易/statement (8).html",CSV|HTML,rec_9e27370113e1e6010850|c_2c850940fc39c5d457fb,False,SAME_MINUTE_TIMES_AND_ECONOMIC_FIELDS,0
dup_ca04a7a37af82ce5,2,"DREA,補交易紀錄/Dream-每日100USD.csv|手動交易2024後策略較固定/2020含更久以前交易/statement (8).html",CSV|HTML,rec_82ca2af669a6358918f9|c_5f48e564ca0665d3a59c,False,SAME_MINUTE_TIMES_AND_ECONOMIC_FIELDS,0
dup_b20f4bb268ed2fa7,2,"DREA,補交易紀錄/Dream-每日100USD.csv|手動交易2024後策略較固定/2020含更久以前交易/statement (8).html",CSV|HTML,rec_471f2c09acd7969c7371|c_af25b582cd6f0b537465,False,SAME_MINUTE_TIMES_AND_ECONOMIC_FIELDS,0
dup_1928cc81eb663bbf,2,"DREA,補交易紀錄/Dream-每日100USD.csv|手動交易2024後策略較固定/2020含更久以前交易/statement (8).html",CSV|HTML,rec_98afc0a53ba0ea01b0b5|c_d30122e67b8aea95993c,False,SAME_MINUTE_TIMES_AND_ECONOMIC_FIELDS,0
dup_62dec8f3b9b0543a,2,"DREA,補交易紀錄/Dream-每日100USD.csv|手動交易2024後策略較固定/2020含更久以前交易/statement (8).html",CSV|HTML,rec_8aafa8059da833152090|c_de651073093fd1761605,False,SAME_MINUTE_TIMES_AND_ECONOMIC_FIELDS,0
dup_e925434fc16adff2,2,"DREA,補交易紀錄/Dream-每日100USD.csv|手動交易2024後策略較固定/2020含更久以前交易/statement (8).html",CSV|HTML,rec_8dda75a116fac357c54d|c_84d5793718dc3be9ccba,False,SAME_MINUTE_TIMES_AND_ECONOMIC_FIELDS,0
dup_a94fd1dbdb73d32a,2,"DREA,補交易紀錄/Dream-每日100USD.csv|手動交易2024後策略較固定/2020含更久以前交易/statement (8).html",CSV|HTML,rec_bbbcb93c018ad028696f|c_85832994d18869828182,False,SAME_MINUTE_TIMES_AND_ECONOMIC_FIELDS,0
dup_141621c3bf0dd6e3,2,"DREA,補交易紀錄/Dream-每日100USD.csv|手動交易2024後策略較固定/2020含更久以前交易/statement (8).html",CSV|HTML,rec_4a1256a46c91c053bb5d|c_75f729aaaa9e2deab882,False,SAME_MINUTE_TIMES_AND_ECONOMIC_FIELDS,0
dup_573835d861526963,2,"DREA,補交易紀錄/Dream-每日100USD.csv|手動交易2024後策略較固定/2020含更久以前交易/statement (8).html",CSV|HTML,rec_e133dd5b3dd97f55be5e|c_8b7944981c8d0140727b,False,SAME_MINUTE_TIMES_AND_ECONOMIC_FIELDS,0
dup_9523429fd674920e,2,"DREA,補交易紀錄/Dream-每日100USD.csv|手動交易2024後策略較固定/2020含更久以前交易/statement (8).html",CSV|HTML,rec_38f1922c73f769fe0b2f|c_a69cddb0390ba2d2c942,False,SAME_MINUTE_TIMES_AND_ECONOMIC_FIELDS,0
dup_c08beeea2a72c901,2,"DREA,補交易紀錄/Dream-每日100USD.csv|手動交易2024後策略較固定/2020含更久以前交易/statement (8).html",CSV|HTML,rec_bb177db83c404f8956da|c_15e6a268440dda475e4d,False,SAME_MINUTE_TIMES_AND_ECONOMIC_FIELDS,0
dup_601dbb495c075050,2,"DREA,補交易紀錄/Dream-每日100USD.csv|手動交易2024後策略較固定/2020含更久以前交易/statement (8).html",CSV|HTML,rec_3a57d550bfd700780313|c_8f2175f5c1a037492343,False,SAME_MINUTE_TIMES_AND_ECONOMIC_FIELDS,0
dup_e0c10ee873f7583e,2,"DREA,補交易紀錄/Dream-每日100USD.csv|手動交易2024後策略較固定/2020含更久以前交易/statement (8).html",CSV|HTML,rec_9f5dbfb4fae8151bf370|c_64b860b21b3ced7081c3,False,SAME_MINUTE_TIMES_AND_ECONOMIC_FIELDS,0
dup_b7c7fe723465409d,2,"DREA,補交易紀錄/Dream-每日100USD.csv|手動交易2024後策略較固定/2020含更久以前交易/statement (8).html",CSV|HTML,rec_ca46d75221db60f40fa0|c_72120cfd02958d3c1aaa,False,SAME_MINUTE_TIMES_AND_ECONOMIC_FIELDS,0
dup_09aebb256b4292c4,2,"DREA,補交易紀錄/Dream-每日100USD.csv|手動交易2024後策略較固定/2020含更久以前交易/statement (8).html",CSV|HTML,rec_63f7b27d5ebb6495b62f|c_d8a4df38feaf9997c2c8,False,SAME_MINUTE_TIMES_AND_ECONOMIC_FIELDS,0
dup_df8b867c263c151f,2,"DREA,補交易紀錄/Dream-每日100USD.csv|手動交易2024後策略較固定/2020含更久以前交易/statement (8).html",CSV|HTML,rec_5bb324cadecbfad63293|c_02ad09f6f756e05bcaab,False,SAME_MINUTE_TIMES_AND_ECONOMIC_FIELDS,0
dup_32d81fc9110dc58a,2,"DREA,補交易紀錄/Dream-每日100USD.csv|手動交易2024後策略較固定/2020含更久以前交易/statement (8).html",CSV|HTML,rec_f36a675bfc965807ea46|c_0443f6c46b172f8e15c2,False,SAME_MINUTE_TIMES_AND_ECONOMIC_FIELDS,0
dup_52835bb2d01786a4,2,"DREA,補交易紀錄/Dream-每日100USD.csv|手動交易2024後策略較固定/2020含更久以前交易/statement (8).html",CSV|HTML,rec_5f56ffb9d55a9f64c929|c_3201e121cee099e4ad29,False,SAME_MINUTE_TIMES_AND_ECONOMIC_FIELDS,0
dup_2669d01e52e26b93,2,"DREA,補交易紀錄/Dream-每日100USD.csv|手動交易2024後策略較固定/2020含更久以前交易/statement (8).html",CSV|HTML,rec_c617645e193a17067075|c_0702dea51f5070a74207,False,SAME_MINUTE_TIMES_AND_ECONOMIC_FIELDS,0
dup_7b0eff079f7d777f,2,"DREA,補交易紀錄/Dream-每日100USD.csv|手動交易2024後策略較固定/2020含更久以前交易/statement (8).html",CSV|HTML,rec_291ec68651e00b15dece|c_e32274a3456c4fce354c,False,SAME_MINUTE_TIMES_AND_ECONOMIC_FIELDS,0
dup_fbf2dfb07d92319d,2,"DREA,補交易紀錄/Dream-每日100USD.csv|手動交易2024後策略較固定/2020含更久以前交易/statement (8).html",CSV|HTML,rec_c042b3b8cf0b84e8c8f2|c_7781919eebf3bb54772b,False,SAME_MINUTE_TIMES_AND_ECONOMIC_FIELDS,0
dup_3f1c1a6c64b25918,2,"DREA,補交易紀錄/Dream-每日100USD.csv|手動交易2024後策略較固定/2020含更久以前交易/statement (8).html",CSV|HTML,rec_ac457f8e12713a4a56b1|c_d206f7bcc573db6b3f36,False,SAME_MINUTE_TIMES_AND_ECONOMIC_FIELDS,0
dup_13bedebc3f83ad82,2,"DREA,補交易紀錄/Dream-每日100USD.csv|手動交易2024後策略較固定/2020含更久以前交易/statement (8).html",CSV|HTML,rec_4c0650d89e7ee049b836|c_8034275c28bf5668d67c,False,SAME_MINUTE_TIMES_AND_ECONOMIC_FIELDS,0
dup_77e2c0696955e0a1,2,"DREA,補交易紀錄/Dream-每日100USD.csv|手動交易2024後策略較固定/2020含更久以前交易/statement (8).html",CSV|HTML,rec_eacea742c5bd336ae368|c_e09c769501d1f964586a,False,SAME_MINUTE_TIMES_AND_ECONOMIC_FIELDS,0
dup_9a2bdfc135160195,2,"DREA,補交易紀錄/Dream-每日100USD.csv|手動交易2024後策略較固定/2020含更久以前交易/statement (8).html",CSV|HTML,rec_60c1a47f07a9d80e2874|c_c16d46930e8310be6e73,False,SAME_MINUTE_TIMES_AND_ECONOMIC_FIELDS,0
dup_6f0f8999a5a7eea2,2,"DREA,補交易紀錄/Dream-每日100USD.csv|手動交易2024後策略較固定/2020含更久以前交易/statement (8).html",CSV|HTML,rec_accd5f0ed5a01dc96622|c_6be7ff40cac838ea383d,False,SAME_MINUTE_TIMES_AND_ECONOMIC_FIELDS,0
dup_7fedbdcc7f50dab4,2,"DREA,補交易紀錄/Dream-每日100USD.csv|手動交易2024後策略較固定/2020含更久以前交易/statement (8).html",CSV|HTML,rec_9714df5763005ac326f5|c_b119e3eee0184d17ca6c,False,SAME_MINUTE_TIMES_AND_ECONOMIC_FIELDS,0
dup_5e9e3768aeec6f6d,2,"DREA,補交易紀錄/Dream-每日100USD.csv|手動交易2024後策略較固定/2020含更久以前交易/statement (8).html",CSV|HTML,rec_e9d10d179a09cf34f3d2|c_6852eb46e8e078703aae,False,SAME_MINUTE_TIMES_AND_ECONOMIC_FIELDS,0
dup_da5a7891e5de22d3,2,"DREA,補交易紀錄/Dream-每日100USD.csv|手動交易2024後策略較固定/2020含更久以前交易/statement (8).html",CSV|HTML,rec_d9c4df57243decff32f8|c_35d050ec149234e2b684,False,SAME_MINUTE_TIMES_AND_ECONOMIC_FIELDS,0
dup_f39db839245c410b,2,"DREA,補交易紀錄/Dream-每日100USD.csv|手動交易2024後策略較固定/2020含更久以前交易/statement (8).html",CSV|HTML,rec_308d9e5ec51cb4de83e9|c_210574ca17d3114c3a69,False,SAME_MINUTE_TIMES_AND_ECONOMIC_FIELDS,0
dup_2e4317973f83fc6a,2,"DREA,補交易紀錄/Dream-每日100USD.csv|手動交易2024後策略較固定/2020含更久以前交易/statement (8).html",CSV|HTML,rec_b0380c06347f7793381a|c_df6eca6fa40d200490b9,False,SAME_MINUTE_TIMES_AND_ECONOMIC_FIELDS,0
dup_adafefe81319fddd,2,"DREA,補交易紀錄/Dream-每日100USD.csv|手動交易2024後策略較固定/2020含更久以前交易/statement (8).html",CSV|HTML,rec_74b7a04f20eb082174f1|c_57d259604d4b940a428b,False,SAME_MINUTE_TIMES_AND_ECONOMIC_FIELDS,0
dup_60478c97d0d0ba31,2,"DREA,補交易紀錄/Dream-每日100USD.csv|手動交易2024後策略較固定/2020含更久以前交易/statement (8).html",CSV|HTML,rec_fb6de64d8c19f781d4a0|c_e0f1347cd4a71d070919,False,SAME_MINUTE_TIMES_AND_ECONOMIC_FIELDS,0
dup_d7c70ba2cca0ee60,2,"DREA,補交易紀錄/Dream-每日100USD.csv|手動交易2024後策略較固定/2020含更久以前交易/statement (8).html",CSV|HTML,rec_9ae0786479552d4219e1|c_8adb48d867b392c491ec,False,SAME_MINUTE_TIMES_AND_ECONOMIC_FIELDS,0
dup_5ec2af27f4514e5f,2,"DREA,補交易紀錄/Dream-每日100USD.csv|手動交易2024後策略較固定/2020含更久以前交易/statement (8).html",CSV|HTML,rec_5c16cbb916464529b4e1|c_0eb61922a7e5b7dcff41,False,SAME_MINUTE_TIMES_AND_ECONOMIC_FIELDS,0
dup_6b0c691ce6a9c681,2,"DREA,補交易紀錄/Dream-每日100USD.csv|手動交易2024後策略較固定/2020含更久以前交易/statement (8).html",CSV|HTML,rec_903532882846005a3c9c|c_8901491887b8461c4352,False,SAME_MINUTE_TIMES_AND_ECONOMIC_FIELDS,0
dup_efd25d6626f0fda8,2,"DREA,補交易紀錄/Dream-每日100USD.csv|手動交易2024後策略較固定/2020含更久以前交易/statement (8).html",CSV|HTML,rec_4de677164d0cbf46982a|c_b99e617c582cfd167f0a,False,SAME_MINUTE_TIMES_AND_ECONOMIC_FIELDS,0
dup_71dcb70ff9999526,2,"DREA,補交易紀錄/Dream-每日100USD.csv|手動交易2024後策略較固定/2020含更久以前交易/statement (8).html",CSV|HTML,rec_92c5367345d3c8f0d32d|c_19a96a0c7d3b501322a7,False,SAME_MINUTE_TIMES_AND_ECONOMIC_FIELDS,0
dup_e507020861fe6369,2,"DREA,補交易紀錄/Dream-每日100USD.csv|手動交易2024後策略較固定/2020含更久以前交易/statement (8).html",CSV|HTML,rec_6cf56f0b91c88c8cc727|c_258561cb7c6f619bf994,False,SAME_MINUTE_TIMES_AND_ECONOMIC_FIELDS,0
dup_816328e7f7fe09b3,2,"DREA,補交易紀錄/Dream-每日100USD.csv|手動交易2024後策略較固定/2020含更久以前交易/statement (8).html",CSV|HTML,rec_d4cc63273ef74b73570a|c_ff1f6a6c1f5a2e09bce0,False,SAME_MINUTE_TIMES_AND_ECONOMIC_FIELDS,0
dup_3ad0ef5d916b72e7,2,"DREA,補交易紀錄/Dream-每日100USD.csv|手動交易2024後策略較固定/2020含更久以前交易/statement (8).html",CSV|HTML,rec_7551f0a83e6cf3b18ce9|c_ee14c7bfcb7943dcb01c,False,SAME_MINUTE_TIMES_AND_ECONOMIC_FIELDS,0
dup_c509c71561012d1e,2,"DREA,補交易紀錄/Dream-每日100USD.csv|手動交易2024後策略較固定/2020含更久以前交易/statement (8).html",CSV|HTML,rec_5f55017dd5697997241b|c_4c3156e4eb95a3180177,False,SAME_MINUTE_TIMES_AND_ECONOMIC_FIELDS,0
dup_d35eed4ee4b9131b,2,"DREA,補交易紀錄/Dream-每日100USD.csv|手動交易2024後策略較固定/2020含更久以前交易/statement (8).html",CSV|HTML,rec_120e799b5b781890ecd2|c_2c3201730463eee302f1,False,SAME_MINUTE_TIMES_AND_ECONOMIC_FIELDS,0
dup_406bf150b8158107,2,"DREA,補交易紀錄/Dream-每日100USD.csv|手動交易2024後策略較固定/2020含更久以前交易/statement (8).html",CSV|HTML,rec_96554e05fec49f63d5f4|c_9ee6c32a86169f54f5ce,False,SAME_MINUTE_TIMES_AND_ECONOMIC_FIELDS,0
dup_5179eec5a5d459c1,2,"DREA,補交易紀錄/Dream-每日100USD.csv|手動交易2024後策略較固定/2020含更久以前交易/statement (8).html",CSV|HTML,rec_2e29f6f5b223045213e0|c_e2889aa1f0a4e7ca6280,False,SAME_MINUTE_TIMES_AND_ECONOMIC_FIELDS,0
dup_f227b3f0bd98e429,2,"DREA,補交易紀錄/Dream-每日100USD.csv|手動交易2024後策略較固定/2020含更久以前交易/statement (8).html",CSV|HTML,rec_1870cee50b8eb7ba344e|c_8ef57b27dcd9cbe170b7,False,SAME_MINUTE_TIMES_AND_ECONOMIC_FIELDS,0
dup_a51900167d6e631f,2,"DREA,補交易紀錄/2020-02(10倍).csv|手動交易2024後策略較固定/2020含更久以前交易/statement (7).html",CSV|HTML,rec_0ee36f01b8e114ac7658|c_9618af6af4296a6257e5,False,SAME_MINUTE_TIMES_AND_ECONOMIC_FIELDS,0
dup_432f92989df1576f,2,"DREA,補交易紀錄/2020-02(10倍).csv|手動交易2024後策略較固定/2020含更久以前交易/statement (7).html",CSV|HTML,rec_54f30d13e2bc94903e06|c_9542df551abfb30b5980,False,SAME_MINUTE_TIMES_AND_ECONOMIC_FIELDS,0
dup_b5ce1e70447178c1,2,"DREA,補交易紀錄/2020-02(10倍).csv|手動交易2024後策略較固定/2020含更久以前交易/statement (7).html",CSV|HTML,rec_57109b66aa823382355a|c_b606690be9fcfe5bef3c,False,SAME_MINUTE_TIMES_AND_ECONOMIC_FIELDS,0
dup_0f848b4d3e9d05f7,2,"DREA,補交易紀錄/2020-02(10倍).csv|手動交易2024後策略較固定/2020含更久以前交易/statement (7).html",CSV|HTML,rec_ba6abf2f9e72d4cedbf8|c_f58571a8cc0f17d664a1,False,SAME_MINUTE_TIMES_AND_ECONOMIC_FIELDS,0
dup_4bc7a9e5e4c7e2f3,2,"DREA,補交易紀錄/2020-02(10倍).csv|手動交易2024後策略較固定/2020含更久以前交易/statement (7).html",CSV|HTML,rec_a2d52abc7c1b764bc4e3|c_65772e726929adb6aefb,False,SAME_MINUTE_TIMES_AND_ECONOMIC_FIELDS,0
dup_ce16c4cfff441ea8,2,"DREA,補交易紀錄/2020-02(10倍).csv|手動交易2024後策略較固定/2020含更久以前交易/statement (7).html",CSV|HTML,rec_fcbd052da50db971c08c|c_02aa1f31e388795c26f9,False,SAME_MINUTE_TIMES_AND_ECONOMIC_FIELDS,0
dup_7844df6de11c2947,2,"DREA,補交易紀錄/2020-02(10倍).csv|手動交易2024後策略較固定/2020含更久以前交易/statement (7).html",CSV|HTML,rec_af3d111beecda6d70533|c_d4c5692ec10feedcce04,False,SAME_MINUTE_TIMES_AND_ECONOMIC_FIELDS,0
dup_679d18601b4fecf4,2,"DREA,補交易紀錄/2020-02(10倍).csv|手動交易2024後策略較固定/2020含更久以前交易/statement (7).html",CSV|HTML,rec_8e87e7c1f3ff4fc396f8|c_0d599f74fe9f9e18e675,False,SAME_MINUTE_TIMES_AND_ECONOMIC_FIELDS,0
dup_55398556f4533720,2,"DREA,補交易紀錄/2020-02(10倍).csv|手動交易2024後策略較固定/2020含更久以前交易/statement (7).html",CSV|HTML,rec_0468050652f05665b039|c_b9d11106ca1fb60500a8,False,SAME_MINUTE_TIMES_AND_ECONOMIC_FIELDS,0
dup_c274ce561596b8d1,2,"DREA,補交易紀錄/2020-02(10倍).csv|手動交易2024後策略較固定/2020含更久以前交易/statement (7).html",CSV|HTML,rec_386c121f745f234432b8|c_87a7a4995a00938f8d72,False,SAME_MINUTE_TIMES_AND_ECONOMIC_FIELDS,0
dup_c9065caaede320d8,2,"DREA,補交易紀錄/2020-02(10倍).csv|手動交易2024後策略較固定/2020含更久以前交易/statement (7).html",CSV|HTML,rec_fffd9efc8ba54f1dd2f8|c_0aa64d63714ca534300f,False,SAME_MINUTE_TIMES_AND_ECONOMIC_FIELDS,0
dup_1eba1e07299f1140,2,"DREA,補交易紀錄/2020-02(10倍).csv|手動交易2024後策略較固定/2020含更久以前交易/statement (7).html",CSV|HTML,rec_c5d2384667047a0f7193|c_32318218fbf31b6c9c38,False,SAME_MINUTE_TIMES_AND_ECONOMIC_FIELDS,0
dup_0cdd3de697d2d72f,2,"DREA,補交易紀錄/2020-02(10倍).csv|手動交易2024後策略較固定/2020含更久以前交易/statement (7).html",CSV|HTML,rec_0cf91956cc8ac3c30886|c_f0691252a3406df0f27a,False,SAME_MINUTE_TIMES_AND_ECONOMIC_FIELDS,0
dup_6e2bf28673d7b6c6,2,"DREA,補交易紀錄/2020-02(10倍).csv|手動交易2024後策略較固定/2020含更久以前交易/statement (7).html",CSV|HTML,rec_241e826e92feb076c0b4|c_e7f5fb51e0354d764b10,False,SAME_MINUTE_TIMES_AND_ECONOMIC_FIELDS,0
dup_9b466eaaf4e311dc,2,"DREA,補交易紀錄/2020-02(10倍).csv|手動交易2024後策略較固定/2020含更久以前交易/statement (7).html",CSV|HTML,rec_739430825d472fd95e41|c_f33b91b661441d7ea0e4,False,SAME_MINUTE_TIMES_AND_ECONOMIC_FIELDS,0
dup_f608598c5382c11d,2,"DREA,補交易紀錄/2020-02(10倍).csv|手動交易2024後策略較固定/2020含更久以前交易/statement (7).html",CSV|HTML,rec_0536bbd626cefc05be93|c_5927d47d5914f84d3ff4,False,SAME_MINUTE_TIMES_AND_ECONOMIC_FIELDS,0
dup_c7624276d598b1af,2,"DREA,補交易紀錄/2020-02(10倍).csv|手動交易2024後策略較固定/2020含更久以前交易/statement (7).html",CSV|HTML,rec_e367f7c0009965609d44|c_d629ae36986aab7867a6,False,SAME_MINUTE_TIMES_AND_ECONOMIC_FIELDS,0
dup_180cac36d4b99a2e,2,"DREA,補交易紀錄/2020-02(10倍).csv|手動交易2024後策略較固定/2020含更久以前交易/statement (7).html",CSV|HTML,rec_e5c14854c7937814d001|c_e1ecb282289072e0da41,False,SAME_MINUTE_TIMES_AND_ECONOMIC_FIELDS,0
dup_7694be7def08c47e,2,"DREA,補交易紀錄/2020-02(10倍).csv|手動交易2024後策略較固定/2020含更久以前交易/statement (7).html",CSV|HTML,rec_a7154e71f6e433cb0606|c_20aa39d16254214062f1,False,SAME_MINUTE_TIMES_AND_ECONOMIC_FIELDS,0
dup_88c234159a5b5339,2,"DREA,補交易紀錄/2020-02(10倍).csv|手動交易2024後策略較固定/2020含更久以前交易/statement (7).html",CSV|HTML,rec_0e75e09e8d787cc91db3|c_ac0a909c04e0834d4d72,False,SAME_MINUTE_TIMES_AND_ECONOMIC_FIELDS,0
dup_6c40e71591cd309c,2,"DREA,補交易紀錄/2020-02(10倍).csv|手動交易2024後策略較固定/2020含更久以前交易/statement (7).html",CSV|HTML,rec_959b4c6c6c7f8f7cd368|c_718b3fa3525c4701cde5,False,SAME_MINUTE_TIMES_AND_ECONOMIC_FIELDS,0
dup_ada660cd249c9859,2,"DREA,補交易紀錄/2020-02(10倍).csv|手動交易2024後策略較固定/2020含更久以前交易/statement (7).html",CSV|HTML,rec_b6dbf677fe0c0ee60109|c_64cd2b6ed05398ca0202,False,SAME_MINUTE_TIMES_AND_ECONOMIC_FIELDS,0
dup_373afd09b60d1a2a,2,"DREA,補交易紀錄/2020-02(10倍).csv|手動交易2024後策略較固定/2020含更久以前交易/statement (7).html",CSV|HTML,rec_ec1853eb5010d8dc8a04|c_5ad565f23477542f0b4e,False,SAME_MINUTE_TIMES_AND_ECONOMIC_FIELDS,0
dup_12448715aaba0278,2,"DREA,補交易紀錄/2020-02(10倍).csv|手動交易2024後策略較固定/2020含更久以前交易/statement (7).html",CSV|HTML,rec_e53c0bccaa2cbf6bec9f|c_7796e71b788bbccdd392,False,SAME_MINUTE_TIMES_AND_ECONOMIC_FIELDS,0
dup_c82faaec4694e1f8,2,"DREA,補交易紀錄/2020-02(10倍).csv|手動交易2024後策略較固定/2020含更久以前交易/statement (7).html",CSV|HTML,rec_480bec59e7acac53a58d|c_3239b530d7ed922d12a2,False,SAME_MINUTE_TIMES_AND_ECONOMIC_FIELDS,0
dup_658a2357b85ce6a6,2,"DREA,補交易紀錄/2020-02(10倍).csv|手動交易2024後策略較固定/2020含更久以前交易/statement (7).html",CSV|HTML,rec_3c537d8ea3cd4736fdbc|c_2bf381e47815a1057af4,False,SAME_MINUTE_TIMES_AND_ECONOMIC_FIELDS,0
dup_109e45c2ceee18f0,2,"DREA,補交易紀錄/2020-02(10倍).csv|手動交易2024後策略較固定/2020含更久以前交易/statement (7).html",CSV|HTML,rec_24418d30487a2a7b9281|c_588a90bd1323b21500f2,False,SAME_MINUTE_TIMES_AND_ECONOMIC_FIELDS,0
dup_6cdf2461c28cbcd5,2,"DREA,補交易紀錄/2020-02(10倍).csv|手動交易2024後策略較固定/2020含更久以前交易/statement (7).html",CSV|HTML,rec_d7b5a4847965846c0b07|c_2c392ddb402ce17e9df9,False,SAME_MINUTE_TIMES_AND_ECONOMIC_FIELDS,0
dup_0f9f3f07bf58c01c,2,"DREA,補交易紀錄/2020-02(10倍).csv|手動交易2024後策略較固定/2020含更久以前交易/statement (7).html",CSV|HTML,rec_8014e9b190e29edd975d|c_99f4ed64e44cf983c12e,False,SAME_MINUTE_TIMES_AND_ECONOMIC_FIELDS,0
dup_eca15dc1c11ddd5f,2,"DREA,補交易紀錄/2020-02(10倍).csv|手動交易2024後策略較固定/2020含更久以前交易/statement (7).html",CSV|HTML,rec_82b854de92f28f315941|c_538a4f55e700c78051b7,False,SAME_MINUTE_TIMES_AND_ECONOMIC_FIELDS,0
dup_9abcd31d69bc30bc,2,"DREA,補交易紀錄/2020-02(10倍).csv|手動交易2024後策略較固定/2020含更久以前交易/statement (7).html",CSV|HTML,rec_9896ad0d953abe6cefa0|c_17989b3ebc63c19dd938,False,SAME_MINUTE_TIMES_AND_ECONOMIC_FIELDS,0
dup_1b507c0cd05bb55e,2,"DREA,補交易紀錄/2020-02(10倍).csv|手動交易2024後策略較固定/2020含更久以前交易/statement (7).html",CSV|HTML,rec_6f259fc313482d7c38c2|c_2d9dfcc1258c9abc8286,False,SAME_MINUTE_TIMES_AND_ECONOMIC_FIELDS,0
dup_7b538a712720bfec,2,"DREA,補交易紀錄/2020-02(10倍).csv|手動交易2024後策略較固定/2020含更久以前交易/statement (7).html",CSV|HTML,rec_4468697b52edafa9b629|c_d4c2533913be3a47f19a,False,SAME_MINUTE_TIMES_AND_ECONOMIC_FIELDS,0
dup_90e240aad6a55ca4,2,"DREA,補交易紀錄/2020-02(10倍).csv|手動交易2024後策略較固定/2020含更久以前交易/statement (7).html",CSV|HTML,rec_21fb825556d54f4baef6|c_9d8a4fe24c554d008d61,False,SAME_MINUTE_TIMES_AND_ECONOMIC_FIELDS,0
dup_b0fbcb1420c4c7f9,2,"DREA,補交易紀錄/2020-02(10倍).csv|手動交易2024後策略較固定/2020含更久以前交易/statement (7).html",CSV|HTML,rec_de308590f9b6ae5ff162|c_1b498a8ad1831af76fd3,False,SAME_MINUTE_TIMES_AND_ECONOMIC_FIELDS,0
dup_01b3dad789c53dd2,2,"DREA,補交易紀錄/2020-02(10倍).csv|手動交易2024後策略較固定/2020含更久以前交易/statement (7).html",CSV|HTML,rec_f44602cb12d306b0dc35|c_60715a5508c2eb1aeaf2,False,SAME_MINUTE_TIMES_AND_ECONOMIC_FIELDS,0
dup_380e7869992b8c69,2,"DREA,補交易紀錄/2020-02(10倍).csv|手動交易2024後策略較固定/2020含更久以前交易/statement (7).html",CSV|HTML,rec_b84384bc042ec058b764|c_8262d2a323832ee9ce82,False,SAME_MINUTE_TIMES_AND_ECONOMIC_FIELDS,0
dup_70d212c6f10c185c,2,"DREA,補交易紀錄/2020-02-4 6K(日) 最高+184.76%.csv|手動交易2024後策略較固定/2020含更久以前交易/statement (3).html",CSV|HTML,rec_7892ed0061cddace98a4|c_eb0f8be70ae8b674ecb9,False,SAME_MINUTE_TIMES_AND_ECONOMIC_FIELDS,0
dup_e7a5cc93f7d1c098,2,"DREA,補交易紀錄/2020-02-4 10倍 (日).csv|手動交易2024後策略較固定/2020含更久以前交易/statement (4).html",CSV|HTML,rec_543564d444996d73cb17|c_0df8bedd4d29de9a3c3e,False,SAME_MINUTE_TIMES_AND_ECONOMIC_FIELDS,0
dup_34d67bd385225a4a,2,"DREA,補交易紀錄/2020-02-4 6K(日) 最高+184.76%.csv|手動交易2024後策略較固定/2020含更久以前交易/statement (3).html",CSV|HTML,rec_8edfe27efd54801b9e2d|c_46cad3f8eac631223a24,False,SAME_MINUTE_TIMES_AND_ECONOMIC_FIELDS,0
dup_77b8a69d031a14a6,2,"DREA,補交易紀錄/2020-02-4 6K(日) 最高+184.76%.csv|手動交易2024後策略較固定/2020含更久以前交易/statement (3).html",CSV|HTML,rec_4cf4bb5afe2257575fbb|c_e273b5bf14cbb6f1e7d5,False,SAME_MINUTE_TIMES_AND_ECONOMIC_FIELDS,0
dup_31b589ed31190b95,2,"DREA,補交易紀錄/2020-02-4 6K(日) 最高+184.76%.csv|手動交易2024後策略較固定/2020含更久以前交易/statement (3).html",CSV|HTML,rec_e53047331913b7c34f1e|c_c331b5e7247352b6f7fe,False,SAME_MINUTE_TIMES_AND_ECONOMIC_FIELDS,0
dup_e5e79700d28b34f3,2,"DREA,補交易紀錄/2020-02-4 6K(日) 最高+184.76%.csv|手動交易2024後策略較固定/2020含更久以前交易/statement (3).html",CSV|HTML,rec_764696f4cc21dc4f6211|c_82322317a8d4d1632c44,False,SAME_MINUTE_TIMES_AND_ECONOMIC_FIELDS,0
dup_523a43d8325f5c4e,2,"DREA,補交易紀錄/2020-02-4 6K(日) 最高+184.76%.csv|手動交易2024後策略較固定/2020含更久以前交易/statement (3).html",CSV|HTML,rec_2efe994e14df6d959493|c_a2a6f4acdc448c43606f,False,SAME_MINUTE_TIMES_AND_ECONOMIC_FIELDS,0
dup_2cfc1f39339f98fb,2,"DREA,補交易紀錄/2020-02-4 10倍 (日).csv|手動交易2024後策略較固定/2020含更久以前交易/statement (4).html",CSV|HTML,rec_31f68268f464534b0d0b|c_6b9d11af3bd90b066ac8,False,SAME_MINUTE_TIMES_AND_ECONOMIC_FIELDS,0
dup_6c948b09c82a9434,2,"DREA,補交易紀錄/2020-02-4 10倍 (日).csv|手動交易2024後策略較固定/2020含更久以前交易/statement (4).html",CSV|HTML,rec_8caa8801faf2774928be|c_547189f4646caee2ae8a,False,SAME_MINUTE_TIMES_AND_ECONOMIC_FIELDS,0
dup_9984c60d5a0c45c4,2,"DREA,補交易紀錄/2020-02-4 10倍 (日).csv|手動交易2024後策略較固定/2020含更久以前交易/statement (4).html",CSV|HTML,rec_94a870cbf10ebeb294c9|c_b5729ffb9587d9315e02,False,SAME_MINUTE_TIMES_AND_ECONOMIC_FIELDS,0
dup_44e04522241ea4d5,2,"DREA,補交易紀錄/2020-02-4 6K(日) 最高+184.76%.csv|手動交易2024後策略較固定/2020含更久以前交易/statement (3).html",CSV|HTML,rec_6a634b44af080307a07b|c_2eda2cd7d21116cfc984,False,SAME_MINUTE_TIMES_AND_ECONOMIC_FIELDS,0
dup_91487703b5f23a17,2,"DREA,補交易紀錄/2020-02-4 6K(日) 最高+184.76%.csv|手動交易2024後策略較固定/2020含更久以前交易/statement (3).html",CSV|HTML,rec_d229d604ef9166d773bc|c_134c6f925d497bcbc74a,False,SAME_MINUTE_TIMES_AND_ECONOMIC_FIELDS,0
dup_1609d059a6a6e537,2,"DREA,補交易紀錄/2020-02-4 6K(日) 最高+184.76%.csv|手動交易2024後策略較固定/2020含更久以前交易/statement (3).html",CSV|HTML,rec_b6e3428055bebca77fc4|c_8aca7e089d17575e462f,False,SAME_MINUTE_TIMES_AND_ECONOMIC_FIELDS,0
dup_ceae9270347f73d6,2,"DREA,補交易紀錄/2020-02-4 10倍 (日).csv|手動交易2024後策略較固定/2020含更久以前交易/statement (4).html",CSV|HTML,rec_cd2d256a11dceb00233a|c_3eeca3a090f47887c9d0,False,SAME_MINUTE_TIMES_AND_ECONOMIC_FIELDS,0
dup_20b0ed3876190821,2,"DREA,補交易紀錄/2020-02-4 6K(日) 最高+184.76%.csv|手動交易2024後策略較固定/2020含更久以前交易/statement (3).html",CSV|HTML,rec_a3f314da7532d92ae50d|c_8e5789d305db8214ba1b,False,SAME_MINUTE_TIMES_AND_ECONOMIC_FIELDS,0
dup_49bfa9486ae1e6cc,2,"DREA,補交易紀錄/2020-02-4 6K(日) 最高+184.76%.csv|手動交易2024後策略較固定/2020含更久以前交易/statement (3).html",CSV|HTML,rec_eaeb8db7dddac4e42f1a|c_d2c126ca4bedda717a9b,False,SAME_MINUTE_TIMES_AND_ECONOMIC_FIELDS,0
dup_2378865909aa82b5,2,"DREA,補交易紀錄/2020-02-4 6K(日) 最高+184.76%.csv|手動交易2024後策略較固定/2020含更久以前交易/statement (3).html",CSV|HTML,rec_93fca098d84910b8db87|c_90eeac9015577f51164d,False,SAME_MINUTE_TIMES_AND_ECONOMIC_FIELDS,0
dup_46a215f86448ac37,2,"DREA,補交易紀錄/2020-02-4 10倍 (日).csv|手動交易2024後策略較固定/2020含更久以前交易/statement (4).html",CSV|HTML,rec_7171eba59b9ffa75aac1|c_a8d2dd4d173bdb01b095,False,SAME_MINUTE_TIMES_AND_ECONOMIC_FIELDS,0
dup_2e0026bb83db61d1,2,"DREA,補交易紀錄/2020-02-4 10倍 (日).csv|手動交易2024後策略較固定/2020含更久以前交易/statement (4).html",CSV|HTML,rec_fceccda9a88cbd38521c|c_83b0ddd665747d23389d,False,SAME_MINUTE_TIMES_AND_ECONOMIC_FIELDS,0
dup_ec114973c037af85,2,"DREA,補交易紀錄/2020-02-4 10倍 (日).csv|手動交易2024後策略較固定/2020含更久以前交易/statement (4).html",CSV|HTML,rec_92eb62a0850cf2d699b4|c_58131f4dd4609a4fd2ef,False,SAME_MINUTE_TIMES_AND_ECONOMIC_FIELDS,0
dup_7a697b3ecdc4c9f4,2,"DREA,補交易紀錄/2020-02-4 6K(日) 最高+184.76%.csv|手動交易2024後策略較固定/2020含更久以前交易/statement (3).html",CSV|HTML,rec_75365bfb9ca212848df7|c_de5f6a4b538473c72804,False,SAME_MINUTE_TIMES_AND_ECONOMIC_FIELDS,0
dup_b8c829ee9dbf55fc,2,"DREA,補交易紀錄/2020-02-4 10倍 (日).csv|手動交易2024後策略較固定/2020含更久以前交易/statement (4).html",CSV|HTML,rec_a76dab606c7a833e7981|c_a376099fa5eef88a13ff,False,SAME_MINUTE_TIMES_AND_ECONOMIC_FIELDS,0
dup_96b4eb787bcf96bd,2,"DREA,補交易紀錄/2020-02-4 6K(日) 最高+184.76%.csv|手動交易2024後策略較固定/2020含更久以前交易/statement (3).html",CSV|HTML,rec_d398180b2e5a76209835|c_182e8154cabb3c02fff2,False,SAME_MINUTE_TIMES_AND_ECONOMIC_FIELDS,0
dup_c58b64b14e513406,2,"DREA,補交易紀錄/2020-02-4 10倍 (日).csv|手動交易2024後策略較固定/2020含更久以前交易/statement (4).html",CSV|HTML,rec_ac10a79fb84480825587|c_083e39e01fe5e5eb7100,False,SAME_MINUTE_TIMES_AND_ECONOMIC_FIELDS,0
dup_1f81561b9590ff52,2,"DREA,補交易紀錄/2020-02-4 6K(日) 最高+184.76%.csv|手動交易2024後策略較固定/2020含更久以前交易/statement (3).html",CSV|HTML,rec_41fbb0d892a14cc62ddd|c_ca69b3a46f2403d154b6,False,SAME_MINUTE_TIMES_AND_ECONOMIC_FIELDS,0
dup_be890a07b4bc62f1,2,"DREA,補交易紀錄/2020-02-4 6K(日) 最高+184.76%.csv|手動交易2024後策略較固定/2020含更久以前交易/statement (3).html",CSV|HTML,rec_41b47621a78eae1a6870|c_7a96e39b5ee4b75fe466,False,SAME_MINUTE_TIMES_AND_ECONOMIC_FIELDS,0
dup_dfa515a6f4568624,2,"DREA,補交易紀錄/2020-02-4 6K(日) 最高+184.76%.csv|手動交易2024後策略較固定/2020含更久以前交易/statement (3).html",CSV|HTML,rec_ab317716aac300ede8da|c_c247fcb28bbef9b56c11,False,SAME_MINUTE_TIMES_AND_ECONOMIC_FIELDS,0
dup_bfa15b01efd1dbd0,2,"DREA,補交易紀錄/2020-02-4 10倍 (日).csv|手動交易2024後策略較固定/2020含更久以前交易/statement (4).html",CSV|HTML,rec_3d4f3025e1dcf23b0c25|c_ba9b5053884f5f0af470,False,SAME_MINUTE_TIMES_AND_ECONOMIC_FIELDS,0
dup_27b9da5d84e7fadf,2,"DREA,補交易紀錄/2020-02-4 10倍 (日).csv|手動交易2024後策略較固定/2020含更久以前交易/statement (4).html",CSV|HTML,rec_aa9ed95be06712297e57|c_fa68717bb1ff9beae2c5,False,SAME_MINUTE_TIMES_AND_ECONOMIC_FIELDS,0
dup_3c8a599937745168,2,"DREA,補交易紀錄/2020-02-4 10倍 (日).csv|手動交易2024後策略較固定/2020含更久以前交易/statement (4).html",CSV|HTML,rec_7501d5a8b0c9e21a1901|c_bc278ada3075af0f3670,False,SAME_MINUTE_TIMES_AND_ECONOMIC_FIELDS,0
dup_83c871f77d04642e,2,"DREA,補交易紀錄/2020-02-4 10倍 (日).csv|手動交易2024後策略較固定/2020含更久以前交易/statement (4).html",CSV|HTML,rec_afec5f7f59e8b584a941|c_cfd74dbbacee365742a8,False,SAME_MINUTE_TIMES_AND_ECONOMIC_FIELDS,0
dup_6af291a756e41c71,2,"DREA,補交易紀錄/2020-02-4 10倍 (日).csv|手動交易2024後策略較固定/2020含更久以前交易/statement (4).html",CSV|HTML,rec_fc2253e4009ff9c58027|c_3b7df1a230550ae9fe0d,False,SAME_MINUTE_TIMES_AND_ECONOMIC_FIELDS,0
dup_2ea413e997b9009a,2,"DREA,補交易紀錄/2020-02-4 10倍 (日).csv|手動交易2024後策略較固定/2020含更久以前交易/statement (4).html",CSV|HTML,rec_5fb5e972affdae99c285|c_8a07bf59d1c895c26b29,False,SAME_MINUTE_TIMES_AND_ECONOMIC_FIELDS,0
dup_6c7c55e4241fbd8f,2,"DREA,補交易紀錄/2020-02-4 10倍 (日).csv|手動交易2024後策略較固定/2020含更久以前交易/statement (4).html",CSV|HTML,rec_b669f9e40ea1efd9eac1|c_4cbeef64137401fc3ee3,False,SAME_MINUTE_TIMES_AND_ECONOMIC_FIELDS,0
dup_a7e0417af794ad96,2,"DREA,補交易紀錄/2020-02-4 10倍 (日).csv|手動交易2024後策略較固定/2020含更久以前交易/statement (4).html",CSV|HTML,rec_3b752fd700a12ce86f96|c_b354fbe010049574253f,False,SAME_MINUTE_TIMES_AND_ECONOMIC_FIELDS,0
dup_f2c6d7b9cd59343b,2,"DREA,補交易紀錄/2020-02-4 10倍 (日).csv|手動交易2024後策略較固定/2020含更久以前交易/statement (4).html",CSV|HTML,rec_94a7b025698f225e6cf5|c_3f40641f97b684e9b1e7,False,SAME_MINUTE_TIMES_AND_ECONOMIC_FIELDS,0
dup_4308da57eaafe3ab,2,"DREA,補交易紀錄/2020-02-4 10倍 (日).csv|手動交易2024後策略較固定/2020含更久以前交易/statement (4).html",CSV|HTML,rec_ff1639fddcda820091ec|c_e491d720d9abcc4b148d,False,SAME_MINUTE_TIMES_AND_ECONOMIC_FIELDS,0
dup_b4f2203b382f10d6,2,"DREA,補交易紀錄/2020-02-4 10倍 (日).csv|手動交易2024後策略較固定/2020含更久以前交易/statement (4).html",CSV|HTML,rec_6f9d2bc3db18307bb5bd|c_0fd4c4629c684f82605a,False,SAME_MINUTE_TIMES_AND_ECONOMIC_FIELDS,0
dup_c3ac7a8a6b127de4,2,"DREA,補交易紀錄/2020-02-4 10倍 (日).csv|手動交易2024後策略較固定/2020含更久以前交易/statement (4).html",CSV|HTML,rec_a0298c3485ab754d7d80|c_1b00e619ef39d672b2a6,False,SAME_MINUTE_TIMES_AND_ECONOMIC_FIELDS,0
dup_e894e704682af8e3,2,"DREA,補交易紀錄/2020-02-4 10倍 (日).csv|手動交易2024後策略較固定/2020含更久以前交易/statement (4).html",CSV|HTML,rec_c42adb7633e220c08c2d|c_66b6c401e6763aab0dfb,False,SAME_MINUTE_TIMES_AND_ECONOMIC_FIELDS,0
dup_a29b7c9a355ac92f,2,"DREA,補交易紀錄/2020-02-4 10倍 (日).csv|手動交易2024後策略較固定/2020含更久以前交易/statement (4).html",CSV|HTML,rec_80a0b38bf9eaec77b3c0|c_82f968af29a75d77eff5,False,SAME_MINUTE_TIMES_AND_ECONOMIC_FIELDS,0
dup_8ad8a739e4711871,2,"DREA,補交易紀錄/2020-02-4 10倍 (日).csv|手動交易2024後策略較固定/2020含更久以前交易/statement (4).html",CSV|HTML,rec_e6668d52c258234d774e|c_77f768c9b511a8287260,False,SAME_MINUTE_TIMES_AND_ECONOMIC_FIELDS,0
dup_91891366d8a360a8,2,"DREA,補交易紀錄/2020-02-4 10倍 (日).csv|手動交易2024後策略較固定/2020含更久以前交易/statement (4).html",CSV|HTML,rec_d0989a9f9bda3f599328|c_0d14eeb22fec3e6ebc37,False,SAME_MINUTE_TIMES_AND_ECONOMIC_FIELDS,0
dup_ad00eefe91e6a672,2,"DREA,補交易紀錄/2020-02-4 10倍 (日).csv|手動交易2024後策略較固定/2020含更久以前交易/statement (4).html",CSV|HTML,rec_5b7b0391d91746f1913a|c_91e122f9c21641f96b5c,False,SAME_MINUTE_TIMES_AND_ECONOMIC_FIELDS,0
dup_31d1e232896df94b,2,"DREA,補交易紀錄/2020-02-4 10倍 (日).csv|手動交易2024後策略較固定/2020含更久以前交易/statement (4).html",CSV|HTML,rec_18bf054244a886d54e6a|c_5125d8bdc4f93fcd65f3,False,SAME_MINUTE_TIMES_AND_ECONOMIC_FIELDS,0
dup_af8200b8eed7d01b,2,"DREA,補交易紀錄/2020-02-4 10倍 (日).csv|手動交易2024後策略較固定/2020含更久以前交易/statement (4).html",CSV|HTML,rec_4aaea4c6cd3867de5a9b|c_88a6b76c19dfcafa5931,False,SAME_MINUTE_TIMES_AND_ECONOMIC_FIELDS,0
dup_bfc8f3abd6f36339,2,"DREA,補交易紀錄/2020-02-4 10倍 (日).csv|手動交易2024後策略較固定/2020含更久以前交易/statement (4).html",CSV|HTML,rec_2f4e4b37229d3c87e5b0|c_cabe9ca87e237254adbb,False,SAME_MINUTE_TIMES_AND_ECONOMIC_FIELDS,0
dup_cb3d0265cdee4971,2,"DREA,補交易紀錄/2020-02-4 10倍 (日).csv|手動交易2024後策略較固定/2020含更久以前交易/statement (4).html",CSV|HTML,rec_4a251385179d6e4f89d7|c_cc657b151eb6ade334e5,False,SAME_MINUTE_TIMES_AND_ECONOMIC_FIELDS,0
dup_be59d9e4bc2f05cb,2,"DREA,補交易紀錄/2020-02-4 10倍 (日).csv|手動交易2024後策略較固定/2020含更久以前交易/statement (4).html",CSV|HTML,rec_4f8f4598519c1c3a1053|c_f4dd31345fcc6e8f6b14,False,SAME_MINUTE_TIMES_AND_ECONOMIC_FIELDS,0
dup_1c90db6c4bc551a4,2,"DREA,補交易紀錄/2020-02-4 10倍 (日).csv|手動交易2024後策略較固定/2020含更久以前交易/statement (4).html",CSV|HTML,rec_f173c03d415adfdb1e95|c_b82d8c8f6406448fd34f,False,SAME_MINUTE_TIMES_AND_ECONOMIC_FIELDS,0
dup_862746874e12ac0b,2,"DREA,補交易紀錄/2020-02-4 10倍 (日).csv|手動交易2024後策略較固定/2020含更久以前交易/statement (4).html",CSV|HTML,rec_e4e79e4c241390c16e44|c_d0f6256120829d32a9d2,False,SAME_MINUTE_TIMES_AND_ECONOMIC_FIELDS,0
dup_c9571a24613ea802,2,"DREA,補交易紀錄/2020-02-4 10倍 (日).csv|手動交易2024後策略較固定/2020含更久以前交易/statement (4).html",CSV|HTML,rec_da143ced360d83a0e925|c_6b598a99a1c80ae67d79,False,SAME_MINUTE_TIMES_AND_ECONOMIC_FIELDS,0
dup_d635b272e7c78383,2,"DREA,補交易紀錄/2020-02-4 10倍 (日).csv|手動交易2024後策略較固定/2020含更久以前交易/statement (4).html",CSV|HTML,rec_9684f5bd3f1ac8dfbf56|c_839c1d8751f5e31148da,False,SAME_MINUTE_TIMES_AND_ECONOMIC_FIELDS,0
dup_39c24c578dcf004f,2,"DREA,補交易紀錄/2020-02-4 10倍 (日).csv|手動交易2024後策略較固定/2020含更久以前交易/statement (4).html",CSV|HTML,rec_75c95088f3f3a4ea6fdd|c_16f24a28a0fd3b1bf643,False,SAME_MINUTE_TIMES_AND_ECONOMIC_FIELDS,0
dup_83d480ddc789d10b,2,"DREA,補交易紀錄/2020-02-4 10倍 (日).csv|手動交易2024後策略較固定/2020含更久以前交易/statement (4).html",CSV|HTML,rec_a5a19cb584de432c7abd|c_4279219cb9560433e2b9,False,SAME_MINUTE_TIMES_AND_ECONOMIC_FIELDS,0
dup_42b49ac3ed540a1a,2,"DREA,補交易紀錄/2020-02-4 10倍 (日).csv|手動交易2024後策略較固定/2020含更久以前交易/statement (4).html",CSV|HTML,rec_6121480b69b1d6ea4eb2|c_8a575cbea9ddab221c4c,False,SAME_MINUTE_TIMES_AND_ECONOMIC_FIELDS,0
dup_1bd13b66bc5ef74b,2,"DREA,補交易紀錄/2020-02-4 10倍 (日).csv|手動交易2024後策略較固定/2020含更久以前交易/statement (4).html",CSV|HTML,rec_ac1266f21bc985cdf2ea|c_80a232f45a72f6775e34,False,SAME_MINUTE_TIMES_AND_ECONOMIC_FIELDS,0
dup_d6bf78a559b3f53d,2,"DREA,補交易紀錄/2020-02-4 10倍 (日).csv|手動交易2024後策略較固定/2020含更久以前交易/statement (4).html",CSV|HTML,rec_8708cf6862187b1dccc5|c_e16e1cb811d09a62d747,False,SAME_MINUTE_TIMES_AND_ECONOMIC_FIELDS,0
dup_93409b15fc460d40,2,"DREA,補交易紀錄/2020-02-4 10倍 (日).csv|手動交易2024後策略較固定/2020含更久以前交易/statement (4).html",CSV|HTML,rec_55dd8f91a949d6218514|c_9f2b3de243c0061c1a3e,False,SAME_MINUTE_TIMES_AND_ECONOMIC_FIELDS,0
dup_a785f1a69420cbad,2,"DREA,補交易紀錄/2020-02-4 10倍 (日).csv|手動交易2024後策略較固定/2020含更久以前交易/statement (4).html",CSV|HTML,rec_350d230de68982961d07|c_d8080fb2841fdcd96815,False,SAME_MINUTE_TIMES_AND_ECONOMIC_FIELDS,0
dup_047a81940009b6c6,2,"DREA,補交易紀錄/2020-02-4 10倍 (日).csv|手動交易2024後策略較固定/2020含更久以前交易/statement (4).html",CSV|HTML,rec_77c3894d86392a056173|c_facb2f5dfcf5358a1b00,False,SAME_MINUTE_TIMES_AND_ECONOMIC_FIELDS,0
dup_7b041cf919999eaa,2,"DREA,補交易紀錄/2020-02-4 10倍 (日).csv|手動交易2024後策略較固定/2020含更久以前交易/statement (4).html",CSV|HTML,rec_2a4de14a5e4de18d75c9|c_4585deb92bb7a5457f25,False,SAME_MINUTE_TIMES_AND_ECONOMIC_FIELDS,0
dup_7d463095bfe4091b,2,"DREA,補交易紀錄/2020-02-4 10倍 (日).csv|手動交易2024後策略較固定/2020含更久以前交易/statement (4).html",CSV|HTML,rec_e03b5cba76d2552cfe95|c_4fc84168e814fafd461e,False,SAME_MINUTE_TIMES_AND_ECONOMIC_FIELDS,0
dup_c250dc055e4b7079,2,"DREA,補交易紀錄/2020-02-4 10倍 (日).csv|手動交易2024後策略較固定/2020含更久以前交易/statement (4).html",CSV|HTML,rec_ad5607f69a9162cb4d67|c_c25a853bc9508f5a64a1,False,SAME_MINUTE_TIMES_AND_ECONOMIC_FIELDS,0
dup_e146f59dfcf58fe3,2,"DREA,補交易紀錄/2020-02-4 10倍 (日).csv|手動交易2024後策略較固定/2020含更久以前交易/statement (4).html",CSV|HTML,rec_0792ecf20c56226b2769|c_24e2e436fccffbd6f2f0,False,SAME_MINUTE_TIMES_AND_ECONOMIC_FIELDS,0
dup_c58f86c1e6163e9a,2,"DREA,補交易紀錄/2020-02-4 10倍 (日).csv|手動交易2024後策略較固定/2020含更久以前交易/statement (4).html",CSV|HTML,rec_2ab0a2daa93b4351f553|c_d5f278b6b7183a045755,False,SAME_MINUTE_TIMES_AND_ECONOMIC_FIELDS,0
dup_1dfb01edae577a0d,2,"DREA,補交易紀錄/2020-02-4 10倍 (日).csv|手動交易2024後策略較固定/2020含更久以前交易/statement (4).html",CSV|HTML,rec_f58adbd466d07beea7cc|c_0b60be984727d252d87c,False,SAME_MINUTE_TIMES_AND_ECONOMIC_FIELDS,0
dup_de9bc2879fedeb0c,2,"DREA,補交易紀錄/2020-02-4 10倍 (日).csv|手動交易2024後策略較固定/2020含更久以前交易/statement (4).html",CSV|HTML,rec_9b267fe616c443168859|c_2a71f5b6d4b7a06bad1a,False,SAME_MINUTE_TIMES_AND_ECONOMIC_FIELDS,0
dup_56ee67fd2879d634,2,"DREA,補交易紀錄/2020-02-4 10倍 (日).csv|手動交易2024後策略較固定/2020含更久以前交易/statement (4).html",CSV|HTML,rec_bbf5dd0f1e000ec63c43|c_bac7e844fd05ae34ed5d,False,SAME_MINUTE_TIMES_AND_ECONOMIC_FIELDS,0
dup_d6f23dcb303d7acd,2,"DREA,補交易紀錄/2020-02-4 10倍 (日).csv|手動交易2024後策略較固定/2020含更久以前交易/statement (4).html",CSV|HTML,rec_3e5c98963e16a3e438f4|c_a980a801881960410052,False,SAME_MINUTE_TIMES_AND_ECONOMIC_FIELDS,0
dup_1e03875774854bc9,2,"DREA,補交易紀錄/2020-02-4 10倍 (日).csv|手動交易2024後策略較固定/2020含更久以前交易/statement (4).html",CSV|HTML,rec_07724be36d14c4c0d862|c_1fd96d4384f99ad24c94,False,SAME_MINUTE_TIMES_AND_ECONOMIC_FIELDS,0
dup_4785674470823975,2,"DREA,補交易紀錄/2020-02-4 10倍 (日).csv|手動交易2024後策略較固定/2020含更久以前交易/statement (4).html",CSV|HTML,rec_6ea63f7995f42dafbce7|c_28f3fcd01d3db98b09cd,False,SAME_MINUTE_TIMES_AND_ECONOMIC_FIELDS,0
dup_94ab70fabb72b9f5,2,"DREA,補交易紀錄/2020-02-4 10倍 (日).csv|手動交易2024後策略較固定/2020含更久以前交易/statement (4).html",CSV|HTML,rec_a5ae5e44cee119a702c8|c_3c91154064871ee8f542,False,SAME_MINUTE_TIMES_AND_ECONOMIC_FIELDS,0
dup_78542e584af02393,2,"DREA,補交易紀錄/2020-02-4 10倍 (日).csv|手動交易2024後策略較固定/2020含更久以前交易/statement (4).html",CSV|HTML,rec_a1ee19a36a2bcd48bb60|c_3cd1597202cf035e88f1,False,SAME_MINUTE_TIMES_AND_ECONOMIC_FIELDS,0
dup_6d6395d74d6e2720,2,"DREA,補交易紀錄/2020-02-4 10倍 (日).csv|手動交易2024後策略較固定/2020含更久以前交易/statement (4).html",CSV|HTML,rec_4ccf68c340509d72903d|c_ce86b7c1d4a50ee3e7ef,False,SAME_MINUTE_TIMES_AND_ECONOMIC_FIELDS,0
dup_8666a248661e39e9,2,"DREA,補交易紀錄/2020-02-4 10倍 (日).csv|手動交易2024後策略較固定/2020含更久以前交易/statement (4).html",CSV|HTML,rec_155b72462015d9b56c5b|c_605bbba53179d88b4568,False,SAME_MINUTE_TIMES_AND_ECONOMIC_FIELDS,0
dup_4a7705e424e1cc53,2,"DREA,補交易紀錄/2020-02-4 10倍 (日).csv|手動交易2024後策略較固定/2020含更久以前交易/statement (4).html",CSV|HTML,rec_606ef8390af47d7720e1|c_13ef924640955ce4f5fd,False,SAME_MINUTE_TIMES_AND_ECONOMIC_FIELDS,0
dup_503e3c27cf6d3595,2,"DREA,補交易紀錄/2020-02-4 10倍 (日).csv|手動交易2024後策略較固定/2020含更久以前交易/statement (4).html",CSV|HTML,rec_0e85475df8321566af5f|c_5acbd7bf3e5c68dc8cb0,False,SAME_MINUTE_TIMES_AND_ECONOMIC_FIELDS,0
dup_c57b0171668bf802,2,"DREA,補交易紀錄/2020-02-4 10倍 (日).csv|手動交易2024後策略較固定/2020含更久以前交易/statement (4).html",CSV|HTML,rec_bf3a972888d064b35f17|c_a95c9a9969ac5d338ac2,False,SAME_MINUTE_TIMES_AND_ECONOMIC_FIELDS,0
dup_8059ec75c1a4e4a9,2,"DREA,補交易紀錄/2020-02-4 10倍 (日).csv|手動交易2024後策略較固定/2020含更久以前交易/statement (4).html",CSV|HTML,rec_c7513a6ab171aeabb6db|c_c8e14454a25f39a80304,False,SAME_MINUTE_TIMES_AND_ECONOMIC_FIELDS,0
dup_198dd97096059465,2,"DREA,補交易紀錄/2020-02-4 10倍 (日).csv|手動交易2024後策略較固定/2020含更久以前交易/statement (4).html",CSV|HTML,rec_05ac644d962986e86deb|c_7bd14d10f7ad56f36e44,False,SAME_MINUTE_TIMES_AND_ECONOMIC_FIELDS,0
dup_722e53e6652b4f8e,2,"DREA,補交易紀錄/2020-02-4 10倍 (日).csv|手動交易2024後策略較固定/2020含更久以前交易/statement (4).html",CSV|HTML,rec_19d4a4806a9612c51538|c_5a4431a229e4fcdbded8,False,SAME_MINUTE_TIMES_AND_ECONOMIC_FIELDS,0
dup_dc746830aed0db28,2,"DREA,補交易紀錄/2020-02-4 10倍 (日).csv|手動交易2024後策略較固定/2020含更久以前交易/statement (4).html",CSV|HTML,rec_4c84209bc108476602d0|c_40aeb961d9828570d2d5,False,SAME_MINUTE_TIMES_AND_ECONOMIC_FIELDS,0
dup_4f33c45c7c0cfafb,2,"DREA,補交易紀錄/2020-02-4 10倍 (日).csv|手動交易2024後策略較固定/2020含更久以前交易/statement (4).html",CSV|HTML,rec_c577146432a23b73ad4f|c_2afd3d5c0f32b83561b8,False,SAME_MINUTE_TIMES_AND_ECONOMIC_FIELDS,0
dup_f72a5252226171ff,2,"DREA,補交易紀錄/2020-02-4 10倍 (日).csv|手動交易2024後策略較固定/2020含更久以前交易/statement (4).html",CSV|HTML,rec_9ce56421603285a9eca6|c_b6e6ad26b2aee657296e,False,SAME_MINUTE_TIMES_AND_ECONOMIC_FIELDS,0
dup_f0054d8cbe578cb5,2,"DREA,補交易紀錄/2020-02-4 10倍 (日).csv|手動交易2024後策略較固定/2020含更久以前交易/statement (4).html",CSV|HTML,rec_10f1765d55d1506b538b|c_1b04b27032f9bd18612c,False,SAME_MINUTE_TIMES_AND_ECONOMIC_FIELDS,0
dup_c805f9cc37ecb5a1,2,"DREA,補交易紀錄/2020-02-4 10倍 (日).csv|手動交易2024後策略較固定/2020含更久以前交易/statement (4).html",CSV|HTML,rec_d3596420c2774ef74db6|c_fb1899e682973b8b029d,False,SAME_MINUTE_TIMES_AND_ECONOMIC_FIELDS,0
dup_0cf4f466dabbd529,2,"DREA,補交易紀錄/2020-02 10倍 (高).csv|手動交易2024後策略較固定/2020含更久以前交易/statement (6).html",CSV|HTML,rec_9ff2c9b22aca55bcbbe6|c_5f8bd10be16b9ccf2439,False,SAME_MINUTE_TIMES_AND_ECONOMIC_FIELDS,0
dup_3e15585ef061a993,2,"DREA,補交易紀錄/2020-02 10倍 (高).csv|手動交易2024後策略較固定/2020含更久以前交易/statement (6).html",CSV|HTML,rec_2476a9691773e9691f34|c_493ff8d2debb4e723807,False,SAME_MINUTE_TIMES_AND_ECONOMIC_FIELDS,0
dup_fa35ee7d1dd78027,2,"DREA,補交易紀錄/2020-02 10倍 (高).csv|手動交易2024後策略較固定/2020含更久以前交易/statement (6).html",CSV|HTML,rec_8dbbaaf392488a3c4607|c_c35a1268220e29f4a1bd,False,SAME_MINUTE_TIMES_AND_ECONOMIC_FIELDS,0
dup_442e7198f542550e,2,"DREA,補交易紀錄/2020-02 10倍 (高).csv|手動交易2024後策略較固定/2020含更久以前交易/statement (6).html",CSV|HTML,rec_5351285932ecac54ea6f|c_89cd49041804b9246bb5,False,SAME_MINUTE_TIMES_AND_ECONOMIC_FIELDS,0
dup_11fd834db3d3f4d7,2,"DREA,補交易紀錄/2020-02 10倍 (高).csv|手動交易2024後策略較固定/2020含更久以前交易/statement (6).html",CSV|HTML,rec_dd6c8e001cb7d2b5ab59|c_51d1a21955582681b35d,False,SAME_MINUTE_TIMES_AND_ECONOMIC_FIELDS,0
dup_54bc7f97d61a95d4,2,"DREA,補交易紀錄/2020-02 10倍 (高).csv|手動交易2024後策略較固定/2020含更久以前交易/statement (6).html",CSV|HTML,rec_7f090432cb3866a49d8e|c_a11814ad6ad3bc4873b0,False,SAME_MINUTE_TIMES_AND_ECONOMIC_FIELDS,0
dup_2fe26733df74f33b,2,"DREA,補交易紀錄/2020-02 10倍 (高).csv|手動交易2024後策略較固定/2020含更久以前交易/statement (6).html",CSV|HTML,rec_d8f503c34f6757081af5|c_789685263103bfbd1f12,False,SAME_MINUTE_TIMES_AND_ECONOMIC_FIELDS,0
dup_616c6d380e2d9c5c,2,"DREA,補交易紀錄/2020-02 10倍 (高).csv|手動交易2024後策略較固定/2020含更久以前交易/statement (6).html",CSV|HTML,rec_c9502b89ebb49e1439df|c_854c94c3521ddc355863,False,SAME_MINUTE_TIMES_AND_ECONOMIC_FIELDS,0
dup_74ccd4562496276f,2,"DREA,補交易紀錄/2020-02 10倍 (高).csv|手動交易2024後策略較固定/2020含更久以前交易/statement (6).html",CSV|HTML,rec_b7e0ff52254931364150|c_9c9eba5fdb230b780375,False,SAME_MINUTE_TIMES_AND_ECONOMIC_FIELDS,0
dup_eb74bc3d55d7b6de,2,"DREA,補交易紀錄/2020-02 10倍 (高).csv|手動交易2024後策略較固定/2020含更久以前交易/statement (6).html",CSV|HTML,rec_35f4c56e26d70ef502a1|c_11b172c9d6e89b73dd26,False,SAME_MINUTE_TIMES_AND_ECONOMIC_FIELDS,0
dup_35102d79cf870b7f,2,"DREA,補交易紀錄/2020-02 10倍 (高).csv|手動交易2024後策略較固定/2020含更久以前交易/statement (6).html",CSV|HTML,rec_38b4815545784c72db4c|c_144e04a451d1a9efb17d,False,SAME_MINUTE_TIMES_AND_ECONOMIC_FIELDS,0
dup_74806c319a2af2e1,2,"DREA,補交易紀錄/2020-02 10倍 (高).csv|手動交易2024後策略較固定/2020含更久以前交易/statement (6).html",CSV|HTML,rec_f71b64deae64cf839a45|c_c784fecfe88a1e5474dc,False,SAME_MINUTE_TIMES_AND_ECONOMIC_FIELDS,0
dup_df5c53050c4b7534,2,"DREA,補交易紀錄/2020-02 10倍 (高).csv|手動交易2024後策略較固定/2020含更久以前交易/statement (6).html",CSV|HTML,rec_94662e08a6a837965ad9|c_32559f74d7c7145da2ef,False,SAME_MINUTE_TIMES_AND_ECONOMIC_FIELDS,0
dup_7022b0cf0737b9e0,2,"DREA,補交易紀錄/2020-02 10倍 (高).csv|手動交易2024後策略較固定/2020含更久以前交易/statement (6).html",CSV|HTML,rec_7912dab4313fac11cac9|c_9b7cb648c78669af6673,False,SAME_MINUTE_TIMES_AND_ECONOMIC_FIELDS,0
dup_20571dfea733499e,2,"DREA,補交易紀錄/2020-02 10倍 (高).csv|手動交易2024後策略較固定/2020含更久以前交易/statement (6).html",CSV|HTML,rec_3fdde57edb510b9d0fbe|c_93035e2f761b6176f5ee,False,SAME_MINUTE_TIMES_AND_ECONOMIC_FIELDS,0
dup_ed179e8897efb2bc,2,"DREA,補交易紀錄/2020-02 10倍 (高).csv|手動交易2024後策略較固定/2020含更久以前交易/statement (6).html",CSV|HTML,rec_c0a543be4d79297b4bc3|c_77af5b6300055607ef5a,False,SAME_MINUTE_TIMES_AND_ECONOMIC_FIELDS,0
dup_ceb2a8c58affc60a,2,"DREA,補交易紀錄/2020-02 10倍 (高).csv|手動交易2024後策略較固定/2020含更久以前交易/statement (6).html",CSV|HTML,rec_91110d507cf11c206aec|c_7a95a784984abc2cbd56,False,SAME_MINUTE_TIMES_AND_ECONOMIC_FIELDS,0
dup_a6ae1b17c84c2df5,2,"DREA,補交易紀錄/2020-02 10倍 (高).csv|手動交易2024後策略較固定/2020含更久以前交易/statement (6).html",CSV|HTML,rec_854d9a63db4cf6aafa9b|c_14e900d5eb580b20a257,False,SAME_MINUTE_TIMES_AND_ECONOMIC_FIELDS,0
dup_b56b2ba30e30426e,2,"DREA,補交易紀錄/2020-02 10倍 (高).csv|手動交易2024後策略較固定/2020含更久以前交易/statement (6).html",CSV|HTML,rec_f143f7b7f9071b5f4345|c_a67d432d2ef2be494611,False,SAME_MINUTE_TIMES_AND_ECONOMIC_FIELDS,0
dup_21467fb725629c35,2,"DREA,補交易紀錄/2020-02 10倍 (高).csv|手動交易2024後策略較固定/2020含更久以前交易/statement (6).html",CSV|HTML,rec_c48abeabc1a86fa0baed|c_55b9d86ebe5bbeb7bb9e,False,SAME_MINUTE_TIMES_AND_ECONOMIC_FIELDS,0
dup_2c872228cea3b494,2,"DREA,補交易紀錄/2020-02 10倍 (高).csv|手動交易2024後策略較固定/2020含更久以前交易/statement (6).html",CSV|HTML,rec_71cdce8a644a10fc4a7f|c_b26838ed89eb1bc09be5,False,SAME_MINUTE_TIMES_AND_ECONOMIC_FIELDS,0
dup_c01a487b8463870a,2,"DREA,補交易紀錄/2020-02 10倍 (高).csv|手動交易2024後策略較固定/2020含更久以前交易/statement (6).html",CSV|HTML,rec_749c9be83acedbd18068|c_37f004c634c3984df061,False,SAME_MINUTE_TIMES_AND_ECONOMIC_FIELDS,0
dup_dbd4fdffbffcb596,2,"DREA,補交易紀錄/2020-02 10倍 (高).csv|手動交易2024後策略較固定/2020含更久以前交易/statement (6).html",CSV|HTML,rec_34e77678d6637f771d93|c_503abeac7eeaf2c4f71c,False,SAME_MINUTE_TIMES_AND_ECONOMIC_FIELDS,0
dup_5c95321bb9bebdbe,2,"DREA,補交易紀錄/2020-02 10倍 (高).csv|手動交易2024後策略較固定/2020含更久以前交易/statement (6).html",CSV|HTML,rec_8181ca5411d28f22c35e|c_6a93b9873656db054eeb,False,SAME_MINUTE_TIMES_AND_ECONOMIC_FIELDS,0
dup_5a9c99617d59ef20,2,"DREA,補交易紀錄/2020-02 10倍 (高).csv|手動交易2024後策略較固定/2020含更久以前交易/statement (6).html",CSV|HTML,rec_92c044ecf191b28aaa5a|c_f100850ab54cd076c18e,False,SAME_MINUTE_TIMES_AND_ECONOMIC_FIELDS,0
dup_82fa17532a631954,2,"DREA,補交易紀錄/2020-02 10倍 (高).csv|手動交易2024後策略較固定/2020含更久以前交易/statement (6).html",CSV|HTML,rec_e786b2ef794f1283fff1|c_4bb849867912a8a589ba,False,SAME_MINUTE_TIMES_AND_ECONOMIC_FIELDS,0
dup_3561f0d1b01416f0,2,"DREA,補交易紀錄/2020-02 10倍 (高).csv|手動交易2024後策略較固定/2020含更久以前交易/statement (6).html",CSV|HTML,rec_9b631196615fc258654a|c_f04859118fe22c204e1d,False,SAME_MINUTE_TIMES_AND_ECONOMIC_FIELDS,0
dup_271189a165a889b4,2,"DREA,補交易紀錄/2020-02 10倍 (高).csv|手動交易2024後策略較固定/2020含更久以前交易/statement (6).html",CSV|HTML,rec_f28c2f409c391656551a|c_e2ddf23a4287478a13c9,False,SAME_MINUTE_TIMES_AND_ECONOMIC_FIELDS,0
dup_d901ca0a49b230ed,2,"DREA,補交易紀錄/2020-02 10倍 (高).csv|手動交易2024後策略較固定/2020含更久以前交易/statement (6).html",CSV|HTML,rec_0390cc7a32201e439cb8|c_757233604622d2715c90,False,SAME_MINUTE_TIMES_AND_ECONOMIC_FIELDS,0
dup_916660624956da44,2,"DREA,補交易紀錄/2020-02 10倍 (高).csv|手動交易2024後策略較固定/2020含更久以前交易/statement (6).html",CSV|HTML,rec_6b7f89e9d6abc5cbc917|c_7bc15174cb511b490baf,False,SAME_MINUTE_TIMES_AND_ECONOMIC_FIELDS,0
dup_fe4c31ad5c27f5bd,2,"DREA,補交易紀錄/2020-02 10倍 (高).csv|手動交易2024後策略較固定/2020含更久以前交易/statement (6).html",CSV|HTML,rec_ceb19eb8a5ee230c4c75|c_0c189631b93fcb46724a,False,SAME_MINUTE_TIMES_AND_ECONOMIC_FIELDS,0
dup_20dc7de56b6a29cc,2,"DREA,補交易紀錄/2020-02 10倍 (高).csv|手動交易2024後策略較固定/2020含更久以前交易/statement (6).html",CSV|HTML,rec_1c778ed2a6bfe498fe72|c_8e154f0590f7c2b4ee60,False,SAME_MINUTE_TIMES_AND_ECONOMIC_FIELDS,0
dup_4c118886780bff62,2,"DREA,補交易紀錄/2020-02 10倍 (高).csv|手動交易2024後策略較固定/2020含更久以前交易/statement (6).html",CSV|HTML,rec_1a304a2fa892e56ffbff|c_397be15f4ed35da11523,False,SAME_MINUTE_TIMES_AND_ECONOMIC_FIELDS,0
dup_c7ec3da44127d83b,2,"DREA,補交易紀錄/2020-02 10倍 (高).csv|手動交易2024後策略較固定/2020含更久以前交易/statement (6).html",CSV|HTML,rec_c976b08dd58d3c4638e0|c_cba313662229cb2ae648,False,SAME_MINUTE_TIMES_AND_ECONOMIC_FIELDS,0
dup_6215f1d938054d49,2,"DREA,補交易紀錄/2020-02 10倍 (高).csv|手動交易2024後策略較固定/2020含更久以前交易/statement (6).html",CSV|HTML,rec_62c272fd6d0666e22011|c_16e198af9582e2f06687,False,SAME_MINUTE_TIMES_AND_ECONOMIC_FIELDS,0
dup_a035b94f611d1101,2,"DREA,補交易紀錄/2020-02 10倍 (高).csv|手動交易2024後策略較固定/2020含更久以前交易/statement (6).html",CSV|HTML,rec_61ee4825719ca9c7c9e7|c_9c702cd0d95531195cf4,False,SAME_MINUTE_TIMES_AND_ECONOMIC_FIELDS,0
dup_4c060be1b53e9446,2,"DREA,補交易紀錄/2020-02 10倍 (高).csv|手動交易2024後策略較固定/2020含更久以前交易/statement (6).html",CSV|HTML,rec_945adaae803aba72a442|c_9cddc38edc80f6ae7be0,False,SAME_MINUTE_TIMES_AND_ECONOMIC_FIELDS,0
dup_4a42e55dd0cc9427,2,"DREA,補交易紀錄/2020-02 10倍 (高).csv|手動交易2024後策略較固定/2020含更久以前交易/statement (6).html",CSV|HTML,rec_b10f6fb0dd191aebdac7|c_40b9ae92d5bed1bd3182,False,SAME_MINUTE_TIMES_AND_ECONOMIC_FIELDS,0
dup_16f3762606066fe8,2,"DREA,補交易紀錄/2020-02 10倍 (高).csv|手動交易2024後策略較固定/2020含更久以前交易/statement (6).html",CSV|HTML,rec_86fe7c5be6ac2d51db07|c_12e9f4ba5804aeed238d,False,SAME_MINUTE_TIMES_AND_ECONOMIC_FIELDS,0
dup_d2fbfe56d5e6c7d9,2,"DREA,補交易紀錄/2020-02 10倍 (高).csv|手動交易2024後策略較固定/2020含更久以前交易/statement (6).html",CSV|HTML,rec_73c43cf3ced03231fe8d|c_3558afacde94c8901e78,False,SAME_MINUTE_TIMES_AND_ECONOMIC_FIELDS,0
dup_47171a5c4a26d61f,2,"DREA,補交易紀錄/2020-02 10倍 (高).csv|手動交易2024後策略較固定/2020含更久以前交易/statement (6).html",CSV|HTML,rec_5506dd53f0d4061721a1|c_c4e16465a1d2e2f76ee0,False,SAME_MINUTE_TIMES_AND_ECONOMIC_FIELDS,0
dup_9be1b6cf6f70af76,2,"DREA,補交易紀錄/2020-02 10倍 (高).csv|手動交易2024後策略較固定/2020含更久以前交易/statement (6).html",CSV|HTML,rec_67baf1bba2a78b92cb2c|c_817878a8149ecaa84142,False,SAME_MINUTE_TIMES_AND_ECONOMIC_FIELDS,0
dup_3a188dfbf6a4b665,2,"DREA,補交易紀錄/2020-02 10倍 (高).csv|手動交易2024後策略較固定/2020含更久以前交易/statement (6).html",CSV|HTML,rec_015e5c6229408380bfe9|c_c748e9dbed1b2823ef01,False,SAME_MINUTE_TIMES_AND_ECONOMIC_FIELDS,0
dup_827e078c1574289e,2,"DREA,補交易紀錄/2020-02 10倍 (高).csv|手動交易2024後策略較固定/2020含更久以前交易/statement (6).html",CSV|HTML,rec_24748710d9cbc99cc4e1|c_cd65a5d03505123a61b0,False,SAME_MINUTE_TIMES_AND_ECONOMIC_FIELDS,0
dup_e56393deafa27b52,2,"DREA,補交易紀錄/2020-02 10倍 (高).csv|手動交易2024後策略較固定/2020含更久以前交易/statement (6).html",CSV|HTML,rec_81aef9c0181115a7513f|c_f8610c2858dd5300e6b8,False,SAME_MINUTE_TIMES_AND_ECONOMIC_FIELDS,0
dup_6f55a808a13092dc,2,"DREA,補交易紀錄/2020-02 10倍 (高).csv|手動交易2024後策略較固定/2020含更久以前交易/statement (6).html",CSV|HTML,rec_09291b933ce268f3946c|c_836fca6c637094ec1fb8,False,SAME_MINUTE_TIMES_AND_ECONOMIC_FIELDS,0
dup_e27c1bcf7448eb9a,2,"DREA,補交易紀錄/2020-02 10倍 (高).csv|手動交易2024後策略較固定/2020含更久以前交易/statement (6).html",CSV|HTML,rec_8d9e248549ce9b73a25c|c_876c0b40a28d46340f3e,False,SAME_MINUTE_TIMES_AND_ECONOMIC_FIELDS,0
dup_07b1c98061ee9901,2,"DREA,補交易紀錄/2020-02 10倍 (高).csv|手動交易2024後策略較固定/2020含更久以前交易/statement (6).html",CSV|HTML,rec_2f1cf0e18274959ef8dd|c_f1218005d580ad4d1143,False,SAME_MINUTE_TIMES_AND_ECONOMIC_FIELDS,0
dup_ea0dd1ecd096bf95,2,"DREA,補交易紀錄/2020-02 10倍 (高).csv|手動交易2024後策略較固定/2020含更久以前交易/statement (6).html",CSV|HTML,rec_a72c2d15ed86c244129c|c_84774b015656249f718c,False,SAME_MINUTE_TIMES_AND_ECONOMIC_FIELDS,0
dup_2da957f911d61925,2,"DREA,補交易紀錄/2020-02 10倍 (高).csv|手動交易2024後策略較固定/2020含更久以前交易/statement (6).html",CSV|HTML,rec_4f42711f38d20cc232fd|c_26fe410f332c05681542,False,SAME_MINUTE_TIMES_AND_ECONOMIC_FIELDS,0
dup_0c2d37dbeacd0a39,2,"DREA,補交易紀錄/2020-02 10倍 (高).csv|手動交易2024後策略較固定/2020含更久以前交易/statement (6).html",CSV|HTML,rec_591f388f0fb149d85a52|c_9aaf101b7eb5d9e9447c,False,SAME_MINUTE_TIMES_AND_ECONOMIC_FIELDS,0
dup_c98fd0d9388b7874,2,"DREA,補交易紀錄/2020-02 10倍 (高).csv|手動交易2024後策略較固定/2020含更久以前交易/statement (6).html",CSV|HTML,rec_77da6e3bbed46636ff76|c_ec4ea88c37a05fa8ac38,False,SAME_MINUTE_TIMES_AND_ECONOMIC_FIELDS,0
dup_331edfb99edc1e00,2,"DREA,補交易紀錄/2020-02 10倍 (高).csv|手動交易2024後策略較固定/2020含更久以前交易/statement (6).html",CSV|HTML,rec_cade6ab89a88d5625a38|c_1f3f62eb5deb45dde990,False,SAME_MINUTE_TIMES_AND_ECONOMIC_FIELDS,0
dup_ea90b1f889ab3a76,2,"DREA,補交易紀錄/2020-02 10倍 (高).csv|手動交易2024後策略較固定/2020含更久以前交易/statement (6).html",CSV|HTML,rec_61c1be18e4e86ada4300|c_a088d1444d1aecaf58c4,False,SAME_MINUTE_TIMES_AND_ECONOMIC_FIELDS,0
dup_eb906e66158b9f4c,2,"DREA,補交易紀錄/2020-02 10倍 (高).csv|手動交易2024後策略較固定/2020含更久以前交易/statement (6).html",CSV|HTML,rec_3db3e4eb3b06a68ed09a|c_5c14f351cdd9263b7e8e,False,SAME_MINUTE_TIMES_AND_ECONOMIC_FIELDS,0
dup_4700ad1b0a29ab63,2,"DREA,補交易紀錄/2020-02 10倍 (高).csv|手動交易2024後策略較固定/2020含更久以前交易/statement (6).html",CSV|HTML,rec_f3bd191a2b5159af68a5|c_195b65c9d7fc26f02510,False,SAME_MINUTE_TIMES_AND_ECONOMIC_FIELDS,0
dup_a511d70980b36fc4,2,"DREA,補交易紀錄/2020-02 10倍 (高).csv|手動交易2024後策略較固定/2020含更久以前交易/statement (6).html",CSV|HTML,rec_864ba53ba71860e52c64|c_09c307fa211e09dd27df,False,SAME_MINUTE_TIMES_AND_ECONOMIC_FIELDS,0
dup_16bc3fc7b58f14b6,2,"DREA,補交易紀錄/2020-02 10倍 (高).csv|手動交易2024後策略較固定/2020含更久以前交易/statement (6).html",CSV|HTML,rec_dbcdd53fbfadf1fceb6f|c_15904d76f2ffa57d7996,False,SAME_MINUTE_TIMES_AND_ECONOMIC_FIELDS,0
dup_f1b68d3a073c8a44,2,"DREA,補交易紀錄/2020-02 10倍 (高).csv|手動交易2024後策略較固定/2020含更久以前交易/statement (6).html",CSV|HTML,rec_c953d932ad42e97d659d|c_02a05d14cc50cd77ba12,False,SAME_MINUTE_TIMES_AND_ECONOMIC_FIELDS,0
dup_94b9605130f5898d,2,"DREA,補交易紀錄/2020-02 10倍 (高).csv|手動交易2024後策略較固定/2020含更久以前交易/statement (6).html",CSV|HTML,rec_2ac98146375e83a018dc|c_fa073d1a3282ea5fee06,False,SAME_MINUTE_TIMES_AND_ECONOMIC_FIELDS,0
dup_d640dd4695c218f6,2,"DREA,補交易紀錄/2020-02 10倍 (高).csv|手動交易2024後策略較固定/2020含更久以前交易/statement (6).html",CSV|HTML,rec_95ba03e8db836d40360e|c_d6abf0f437bdeb4fd52a,False,SAME_MINUTE_TIMES_AND_ECONOMIC_FIELDS,0
dup_f24296d923e7d56f,2,"DREA,補交易紀錄/2020-02 10倍 (高).csv|手動交易2024後策略較固定/2020含更久以前交易/statement (6).html",CSV|HTML,rec_74d5d2dcd91ebfeb41e8|c_42edaca9463f9e13a2ff,False,SAME_MINUTE_TIMES_AND_ECONOMIC_FIELDS,0
dup_f49f10382543ae50,2,"DREA,補交易紀錄/2020-02 10倍 (高).csv|手動交易2024後策略較固定/2020含更久以前交易/statement (6).html",CSV|HTML,rec_cffea35867283f385a53|c_9c322bf2b36be5bd6aa0,False,SAME_MINUTE_TIMES_AND_ECONOMIC_FIELDS,0
dup_1a7d2456227d788f,2,"DREA,補交易紀錄/2020-02 10倍 (高).csv|手動交易2024後策略較固定/2020含更久以前交易/statement (6).html",CSV|HTML,rec_397e2f32f1fecfe505f4|c_cbdd54fcd24778d09ce0,False,SAME_MINUTE_TIMES_AND_ECONOMIC_FIELDS,0
dup_00d94189d900eb8c,2,"DREA,補交易紀錄/2020-02 10倍 (高).csv|手動交易2024後策略較固定/2020含更久以前交易/statement (6).html",CSV|HTML,rec_9e86d9d9bc46c934b915|c_fbaedb080367acaaee61,False,SAME_MINUTE_TIMES_AND_ECONOMIC_FIELDS,0
dup_2e030a5f887b3f15,2,"DREA,補交易紀錄/2020-02 10倍 (高).csv|手動交易2024後策略較固定/2020含更久以前交易/statement (6).html",CSV|HTML,rec_6d2eb963c0d919dfc55e|c_ace58fb4076784c597b7,False,SAME_MINUTE_TIMES_AND_ECONOMIC_FIELDS,0
dup_d327274ad88099a6,2,"DREA,補交易紀錄/2020-02 10倍 (高).csv|手動交易2024後策略較固定/2020含更久以前交易/statement (6).html",CSV|HTML,rec_0326f61d2ebd597f9510|c_55d44c0da238b5c7c470,False,SAME_MINUTE_TIMES_AND_ECONOMIC_FIELDS,0
dup_1198886532d02dae,2,"DREA,補交易紀錄/2020-02 10倍 (高).csv|手動交易2024後策略較固定/2020含更久以前交易/statement (6).html",CSV|HTML,rec_87f01c1adce1232d552d|c_b53b9de34d73ce262fb8,False,SAME_MINUTE_TIMES_AND_ECONOMIC_FIELDS,0
dup_e608400c01cb135e,2,"DREA,補交易紀錄/2020-02 10倍 (高).csv|手動交易2024後策略較固定/2020含更久以前交易/statement (6).html",CSV|HTML,rec_9d092588af2c4717cd4a|c_b0f7403ef003c7700d11,False,SAME_MINUTE_TIMES_AND_ECONOMIC_FIELDS,0
dup_4714829fb5d00793,2,"DREA,補交易紀錄/2020-02 10倍 (高).csv|手動交易2024後策略較固定/2020含更久以前交易/statement (6).html",CSV|HTML,rec_825d668c09c1d91c3394|c_57c2bd65a828015149b0,False,SAME_MINUTE_TIMES_AND_ECONOMIC_FIELDS,0
dup_63201b2b8191b39a,2,"DREA,補交易紀錄/2020-02 10倍 (高).csv|手動交易2024後策略較固定/2020含更久以前交易/statement (6).html",CSV|HTML,rec_949420be6dc22daec4c2|c_72839098571f6b1e30ab,False,SAME_MINUTE_TIMES_AND_ECONOMIC_FIELDS,0
dup_94e1781caa9b061d,2,"DREA,補交易紀錄/2020-02 10倍 (高).csv|手動交易2024後策略較固定/2020含更久以前交易/statement (6).html",CSV|HTML,rec_b8a161a9770b9b920e0b|c_9917beb0d75ba1bebd87,False,SAME_MINUTE_TIMES_AND_ECONOMIC_FIELDS,0
dup_0926745b8f26b811,2,"DREA,補交易紀錄/2020-02 10倍 (高).csv|手動交易2024後策略較固定/2020含更久以前交易/statement (6).html",CSV|HTML,rec_34b106d47cb76f9141db|c_9c168fae05aaaec1ec03,False,SAME_MINUTE_TIMES_AND_ECONOMIC_FIELDS,0
dup_2fc7286341849c94,2,"DREA,補交易紀錄/2020-02 10倍 (高).csv|手動交易2024後策略較固定/2020含更久以前交易/statement (6).html",CSV|HTML,rec_f250e12f1eb391dcca6a|c_d95cd5c98aa3a2e69ada,False,SAME_MINUTE_TIMES_AND_ECONOMIC_FIELDS,0
dup_733abefb877b48df,2,"DREA,補交易紀錄/2020-02 10倍 (高).csv|手動交易2024後策略較固定/2020含更久以前交易/statement (6).html",CSV|HTML,rec_79e2b10754b5c50ceb0f|c_c921afee3f8036068703,False,SAME_MINUTE_TIMES_AND_ECONOMIC_FIELDS,0
dup_d39ec7b41ebcd18d,2,"DREA,補交易紀錄/2020-02 10倍 (高).csv|手動交易2024後策略較固定/2020含更久以前交易/statement (6).html",CSV|HTML,rec_2bce57d1562d1fb2d7e4|c_232bca1851fa06fba44a,False,SAME_MINUTE_TIMES_AND_ECONOMIC_FIELDS,0
dup_292af00085036099,2,"DREA,補交易紀錄/2020-02 10倍 (高).csv|手動交易2024後策略較固定/2020含更久以前交易/statement (6).html",CSV|HTML,rec_02d3138499b37db1eb91|c_5114f76fe81325b1ea3a,False,SAME_MINUTE_TIMES_AND_ECONOMIC_FIELDS,0
dup_8bc4e942c3d66cd9,2,"DREA,補交易紀錄/2020-02 10倍 (高).csv|手動交易2024後策略較固定/2020含更久以前交易/statement (6).html",CSV|HTML,rec_9a7b0c4ec148899c3885|c_e795952aa2def9318587,False,SAME_MINUTE_TIMES_AND_ECONOMIC_FIELDS,0
dup_c8288e14189d4048,2,"DREA,補交易紀錄/2020-02 10倍 (高).csv|手動交易2024後策略較固定/2020含更久以前交易/statement (6).html",CSV|HTML,rec_c1f395a3ac4d91f408a0|c_326a4dfb7dca8327f0c7,False,SAME_MINUTE_TIMES_AND_ECONOMIC_FIELDS,0
dup_84a6b65ea6c7625d,2,"DREA,補交易紀錄/2020-02 10倍 (高).csv|手動交易2024後策略較固定/2020含更久以前交易/statement (6).html",CSV|HTML,rec_2e5219ebfdaa3ca85cf3|c_1c4c9fd1ddcde8dc0562,False,SAME_MINUTE_TIMES_AND_ECONOMIC_FIELDS,0
dup_7f3e4159521929b0,2,"DREA,補交易紀錄/2020-02 18倍.csv|手動交易2024後策略較固定/2020含更久以前交易/statement (5).html",CSV|HTML,rec_3f1857b00071350a5a81|c_1db2b482fa6819bbad50,False,SAME_MINUTE_TIMES_AND_ECONOMIC_FIELDS,0
dup_82163676f5d36db6,2,"DREA,補交易紀錄/2020-02 18倍.csv|手動交易2024後策略較固定/2020含更久以前交易/statement (5).html",CSV|HTML,rec_2f01c7f8ba8a6d722a54|c_5795fce2cff19b16b904,False,SAME_MINUTE_TIMES_AND_ECONOMIC_FIELDS,0
dup_1efcd373c7a54540,2,"DREA,補交易紀錄/2020-02 18倍.csv|手動交易2024後策略較固定/2020含更久以前交易/statement (5).html",CSV|HTML,rec_376793d538cbdd6f89a0|c_e3c9bf00c4d646c7c603,False,SAME_MINUTE_TIMES_AND_ECONOMIC_FIELDS,0
dup_1ecc247761d820bf,2,"DREA,補交易紀錄/2020-02 18倍.csv|手動交易2024後策略較固定/2020含更久以前交易/statement (5).html",CSV|HTML,rec_c286d19637c7a4d27924|c_7694cf9e455e9a8eae62,False,SAME_MINUTE_TIMES_AND_ECONOMIC_FIELDS,0
dup_1fa8393bad434d60,2,"DREA,補交易紀錄/2020-02 18倍.csv|手動交易2024後策略較固定/2020含更久以前交易/statement (5).html",CSV|HTML,rec_25c49bd5ecc16f3ee8d7|c_74c529653af49d31c42a,False,SAME_MINUTE_TIMES_AND_ECONOMIC_FIELDS,0
dup_577e9fb199c696f7,2,"DREA,補交易紀錄/2020-02 18倍.csv|手動交易2024後策略較固定/2020含更久以前交易/statement (5).html",CSV|HTML,rec_bc9e49f7cf5ed265237c|c_3ab4c313f876e55081eb,False,SAME_MINUTE_TIMES_AND_ECONOMIC_FIELDS,0
dup_330341bd34865c56,2,"DREA,補交易紀錄/2020-02 18倍.csv|手動交易2024後策略較固定/2020含更久以前交易/statement (5).html",CSV|HTML,rec_ee03f4f61991f66de540|c_39371da2fb0bc529e145,False,SAME_MINUTE_TIMES_AND_ECONOMIC_FIELDS,0
dup_19861076e45e58d8,4,"DREA,補交易紀錄/2020-02 18倍.csv|手動交易2024後策略較固定/2020含更久以前交易/statement (5).html",CSV|HTML,rec_621b7a3a14b3bd8f2e3c|rec_78004984410dadfd18ea|c_e82b6d7316ea78e27ccd|c_f984f35384a0d0d7d26c,False,SAME_MINUTE_TIMES_AND_ECONOMIC_FIELDS,0
dup_b72a179ff384877e,2,"DREA,補交易紀錄/2020-02 18倍.csv|手動交易2024後策略較固定/2020含更久以前交易/statement (5).html",CSV|HTML,rec_b1319792d5636d0099ab|c_35a86a88e666e76287bd,False,SAME_MINUTE_TIMES_AND_ECONOMIC_FIELDS,0
dup_52972e4d73614a3e,2,"DREA,補交易紀錄/2020-02 18倍.csv|手動交易2024後策略較固定/2020含更久以前交易/statement (5).html",CSV|HTML,rec_d716907f6c10f5ff4dfa|c_c65e5932b6b7157a37b9,False,SAME_MINUTE_TIMES_AND_ECONOMIC_FIELDS,0
dup_14f0c039d798d51f,2,"DREA,補交易紀錄/2020-02 18倍.csv|手動交易2024後策略較固定/2020含更久以前交易/statement (5).html",CSV|HTML,rec_9664de2e3e130315c29e|c_4a4bcd9eb9114f3eb6e7,False,SAME_MINUTE_TIMES_AND_ECONOMIC_FIELDS,0
dup_75f6176e4c83bb49,2,"DREA,補交易紀錄/2020-02 18倍.csv|手動交易2024後策略較固定/2020含更久以前交易/statement (5).html",CSV|HTML,rec_df6791391ff88e322978|c_88f0fd0d8791ebe2d759,False,SAME_MINUTE_TIMES_AND_ECONOMIC_FIELDS,0
dup_acc7d11981eb86f7,2,"DREA,補交易紀錄/2020-02 18倍.csv|手動交易2024後策略較固定/2020含更久以前交易/statement (5).html",CSV|HTML,rec_3890e40176cac5ff7cfb|c_07188d2511fc49fc0bf8,False,SAME_MINUTE_TIMES_AND_ECONOMIC_FIELDS,0
dup_973f25039babde1e,2,"DREA,補交易紀錄/2020-02 18倍.csv|手動交易2024後策略較固定/2020含更久以前交易/statement (5).html",CSV|HTML,rec_bc762df58a87f4d0168c|c_b4d6d1e9d5fc3b965641,False,SAME_MINUTE_TIMES_AND_ECONOMIC_FIELDS,0
dup_31a46e1e7d48869f,2,"DREA,補交易紀錄/2020-02 18倍.csv|手動交易2024後策略較固定/2020含更久以前交易/statement (5).html",CSV|HTML,rec_14200d3f2704b3c7c789|c_d83df9140e2b029e30f9,False,SAME_MINUTE_TIMES_AND_ECONOMIC_FIELDS,0
dup_7f092ecf491b0f59,2,"DREA,補交易紀錄/2020-02 18倍.csv|手動交易2024後策略較固定/2020含更久以前交易/statement (5).html",CSV|HTML,rec_7cff37cbacd875b2d3b1|c_7248bfec0478fd0e7707,False,SAME_MINUTE_TIMES_AND_ECONOMIC_FIELDS,0
dup_98f94ed24129d045,2,"DREA,補交易紀錄/2020-02 18倍.csv|手動交易2024後策略較固定/2020含更久以前交易/statement (5).html",CSV|HTML,rec_a3c9eef3925eb95edd7e|c_03629e3593aeca36b533,False,SAME_MINUTE_TIMES_AND_ECONOMIC_FIELDS,0
dup_ec28a4937002c2d1,2,"DREA,補交易紀錄/2020-02 18倍.csv|手動交易2024後策略較固定/2020含更久以前交易/statement (5).html",CSV|HTML,rec_c28a4c628360630dc033|c_052ef89e192e504d275a,False,SAME_MINUTE_TIMES_AND_ECONOMIC_FIELDS,0
dup_0534f7948fc4e553,2,"DREA,補交易紀錄/2020-02 18倍.csv|手動交易2024後策略較固定/2020含更久以前交易/statement (5).html",CSV|HTML,rec_6012d8a18776dea6cae4|c_639feab25853cb388106,False,SAME_MINUTE_TIMES_AND_ECONOMIC_FIELDS,0
dup_78b7605d17685a48,2,"DREA,補交易紀錄/2020-02 18倍.csv|手動交易2024後策略較固定/2020含更久以前交易/statement (5).html",CSV|HTML,rec_ea9fe04f9937621dc2de|c_58b4aa7e2c2c5691532b,False,SAME_MINUTE_TIMES_AND_ECONOMIC_FIELDS,0
dup_6c99b5e0a6878ec6,2,"DREA,補交易紀錄/2020-02 18倍.csv|手動交易2024後策略較固定/2020含更久以前交易/statement (5).html",CSV|HTML,rec_cd5cd33edcb55806bff5|c_e558ca0a35f72500cb68,False,SAME_MINUTE_TIMES_AND_ECONOMIC_FIELDS,0
dup_603c55d089df9bad,2,"DREA,補交易紀錄/2020-02 18倍.csv|手動交易2024後策略較固定/2020含更久以前交易/statement (5).html",CSV|HTML,rec_8e13e4772c5f7b91b152|c_1cafe339c6267fcf7017,False,SAME_MINUTE_TIMES_AND_ECONOMIC_FIELDS,0
dup_c4ed4dbc5556cf66,2,"DREA,補交易紀錄/2020-02 18倍.csv|手動交易2024後策略較固定/2020含更久以前交易/statement (5).html",CSV|HTML,rec_0dd921e55b0503178147|c_ce1fc65207ee60fd4041,False,SAME_MINUTE_TIMES_AND_ECONOMIC_FIELDS,0
dup_53f5bf86feb555a9,2,"DREA,補交易紀錄/2020-02 18倍.csv|手動交易2024後策略較固定/2020含更久以前交易/statement (5).html",CSV|HTML,rec_92bb6e9aa297c675aecd|c_a21b98a3ef3b71b84c7f,False,SAME_MINUTE_TIMES_AND_ECONOMIC_FIELDS,0
dup_b16844138f7db9d6,2,"DREA,補交易紀錄/2020-02 18倍.csv|手動交易2024後策略較固定/2020含更久以前交易/statement (5).html",CSV|HTML,rec_eba7b08d89ec562c18a3|c_cf13a7d254cdbfc7d449,False,SAME_MINUTE_TIMES_AND_ECONOMIC_FIELDS,0
dup_0b656555db5a44f4,2,"DREA,補交易紀錄/2020-02 18倍.csv|手動交易2024後策略較固定/2020含更久以前交易/statement (5).html",CSV|HTML,rec_a8929bcbc4f8da1061db|c_fd5f2a64498b8c0215ac,False,SAME_MINUTE_TIMES_AND_ECONOMIC_FIELDS,0
dup_f29e6367b249a964,2,"DREA,補交易紀錄/2020-02 18倍.csv|手動交易2024後策略較固定/2020含更久以前交易/statement (5).html",CSV|HTML,rec_40a12aadc7618343752b|c_dd391152c03b550537ba,False,SAME_MINUTE_TIMES_AND_ECONOMIC_FIELDS,0
dup_c6e853b2f5d264af,2,"DREA,補交易紀錄/2020-02 18倍.csv|手動交易2024後策略較固定/2020含更久以前交易/statement (5).html",CSV|HTML,rec_5c81eca160a5377b8a5e|c_bb971c8f1e17af40f284,False,SAME_MINUTE_TIMES_AND_ECONOMIC_FIELDS,0
dup_e7f19353900f5e35,2,"DREA,補交易紀錄/2020-02 18倍.csv|手動交易2024後策略較固定/2020含更久以前交易/statement (5).html",CSV|HTML,rec_7cffff72c8b32e5a54e2|c_f580a47f5e6a804948fa,False,SAME_MINUTE_TIMES_AND_ECONOMIC_FIELDS,0
dup_e92a2b3db54ac574,2,"DREA,補交易紀錄/2020-02 18倍.csv|手動交易2024後策略較固定/2020含更久以前交易/statement (5).html",CSV|HTML,rec_692172f0857458fdd6a0|c_49712cd759fb9d121521,False,SAME_MINUTE_TIMES_AND_ECONOMIC_FIELDS,0
dup_e64423c07b40f49a,2,"DREA,補交易紀錄/2020-02 18倍.csv|手動交易2024後策略較固定/2020含更久以前交易/statement (5).html",CSV|HTML,rec_c3e3633d35fd3f41d439|c_c87af8448f9477e24158,False,SAME_MINUTE_TIMES_AND_ECONOMIC_FIELDS,0
dup_11af73ab1b2611d8,2,"DREA,補交易紀錄/2020-02 18倍.csv|手動交易2024後策略較固定/2020含更久以前交易/statement (5).html",CSV|HTML,rec_07f83d77cb83fbb626f6|c_1bb5c4d8807b92bd72a7,False,SAME_MINUTE_TIMES_AND_ECONOMIC_FIELDS,0
dup_89c9ee1a2d9b424b,2,"DREA,補交易紀錄/2020-02 18倍.csv|手動交易2024後策略較固定/2020含更久以前交易/statement (5).html",CSV|HTML,rec_49cacd47737d1adc341b|c_73bb0b27f5ed8a773a3b,False,SAME_MINUTE_TIMES_AND_ECONOMIC_FIELDS,0
dup_cc35f2e3d711c32a,2,"DREA,補交易紀錄/2020-02 18倍.csv|手動交易2024後策略較固定/2020含更久以前交易/statement (5).html",CSV|HTML,rec_8394d2f9766e6bc26765|c_c0b113401334ce382964,False,SAME_MINUTE_TIMES_AND_ECONOMIC_FIELDS,0
dup_d42dd568f90c00bb,2,"DREA,補交易紀錄/2020-02 18倍.csv|手動交易2024後策略較固定/2020含更久以前交易/statement (5).html",CSV|HTML,rec_b6a139442b73355ee006|c_ceaa367751380e278328,False,SAME_MINUTE_TIMES_AND_ECONOMIC_FIELDS,0
dup_ef1f2cb0091824ea,2,"DREA,補交易紀錄/2020-02 18倍.csv|手動交易2024後策略較固定/2020含更久以前交易/statement (5).html",CSV|HTML,rec_716645c17d6d2260ba98|c_b48aa013fbe57ceaa226,False,SAME_MINUTE_TIMES_AND_ECONOMIC_FIELDS,0
dup_7cf856472074eea0,2,"DREA,補交易紀錄/2020-02 18倍.csv|手動交易2024後策略較固定/2020含更久以前交易/statement (5).html",CSV|HTML,rec_d2cc863b1bf4c0f87c4a|c_babac84d41b63f44f1ea,False,SAME_MINUTE_TIMES_AND_ECONOMIC_FIELDS,0
dup_f954b97da0a28a7b,2,"DREA,補交易紀錄/2020-02 18倍.csv|手動交易2024後策略較固定/2020含更久以前交易/statement (5).html",CSV|HTML,rec_36eec39f4b04dfbb119d|c_00db95fd7e6f96b6300c,False,SAME_MINUTE_TIMES_AND_ECONOMIC_FIELDS,0
dup_012bd182cbea94f0,2,"DREA,補交易紀錄/2020-02 18倍.csv|手動交易2024後策略較固定/2020含更久以前交易/statement (5).html",CSV|HTML,rec_6e780c9747f96d092fd1|c_b866bae53b968b95254e,False,SAME_MINUTE_TIMES_AND_ECONOMIC_FIELDS,0
dup_f464b5774ffd5d10,2,"DREA,補交易紀錄/2020-02 18倍.csv|手動交易2024後策略較固定/2020含更久以前交易/statement (5).html",CSV|HTML,rec_7fe676b38b5fa5dda0f7|c_546cd72487ababa43b8c,False,SAME_MINUTE_TIMES_AND_ECONOMIC_FIELDS,0
dup_6569d6501f6a8cc9,2,"DREA,補交易紀錄/2020-02 18倍.csv|手動交易2024後策略較固定/2020含更久以前交易/statement (5).html",CSV|HTML,rec_7ced3ed1d8430eb0d905|c_33f5ddc42e2b7df0d47f,False,SAME_MINUTE_TIMES_AND_ECONOMIC_FIELDS,0
dup_06e2129903c4f307,4,"DREA,補交易紀錄/2020-02 18倍.csv|手動交易2024後策略較固定/2020含更久以前交易/statement (5).html",CSV|HTML,rec_99345de1cca144d81c41|rec_367cf0fb8e0a5cfc363d|c_cf42336590bdd55948b3|c_b992ecc0a0ab1a27c865,False,SAME_MINUTE_TIMES_AND_ECONOMIC_FIELDS,0
dup_1dc4baec77200696,2,"DREA,補交易紀錄/2020-02 18倍.csv|手動交易2024後策略較固定/2020含更久以前交易/statement (5).html",CSV|HTML,rec_f91418a83078b0bfe57e|c_6c071a4b25b7f28c6fcd,False,SAME_MINUTE_TIMES_AND_ECONOMIC_FIELDS,0
dup_f132025efc780a00,2,"DREA,補交易紀錄/2020-02 18倍.csv|手動交易2024後策略較固定/2020含更久以前交易/statement (5).html",CSV|HTML,rec_67016da28bd9e9fda785|c_3f670e149fd23f8d2124,False,SAME_MINUTE_TIMES_AND_ECONOMIC_FIELDS,0
dup_959f678ad8d2ccbd,2,"DREA,補交易紀錄/2020-02 18倍.csv|手動交易2024後策略較固定/2020含更久以前交易/statement (5).html",CSV|HTML,rec_080089793ab2c44f0cbd|c_ddf69bed57b7ab662449,False,SAME_MINUTE_TIMES_AND_ECONOMIC_FIELDS,0
dup_c855359fee2c899b,2,"DREA,補交易紀錄/2020-02 18倍.csv|手動交易2024後策略較固定/2020含更久以前交易/statement (5).html",CSV|HTML,rec_0efbee4fdaf0842cf110|c_6ebbbb8561a007cad32d,False,SAME_MINUTE_TIMES_AND_ECONOMIC_FIELDS,0
dup_68231a690bca4db2,2,"DREA,補交易紀錄/2020-02 18倍.csv|手動交易2024後策略較固定/2020含更久以前交易/statement (5).html",CSV|HTML,rec_c721f2a09247701e1bdb|c_24519fe871d47a9e97e4,False,SAME_MINUTE_TIMES_AND_ECONOMIC_FIELDS,0
dup_f93c3e8e0ae0ee59,2,"DREA,補交易紀錄/2020-02 18倍.csv|手動交易2024後策略較固定/2020含更久以前交易/statement (5).html",CSV|HTML,rec_985e301f7a30429bd7ad|c_1572c467cde64e2a19ea,False,SAME_MINUTE_TIMES_AND_ECONOMIC_FIELDS,0
dup_9313eaba8924ef6a,2,"DREA,補交易紀錄/2020-02 18倍.csv|手動交易2024後策略較固定/2020含更久以前交易/statement (5).html",CSV|HTML,rec_b2de61f1a70090bc5118|c_ae37a43ffbba5dc959d4,False,SAME_MINUTE_TIMES_AND_ECONOMIC_FIELDS,0
dup_fd107fae358da232,2,"DREA,補交易紀錄/2020-02 18倍.csv|手動交易2024後策略較固定/2020含更久以前交易/statement (5).html",CSV|HTML,rec_30463de71746b5d60ba1|c_26717cb730e4015791fa,False,SAME_MINUTE_TIMES_AND_ECONOMIC_FIELDS,0
dup_711964959b1170dd,2,"DREA,補交易紀錄/2020-02 18倍.csv|手動交易2024後策略較固定/2020含更久以前交易/statement (5).html",CSV|HTML,rec_4b94953a41b9688bfc7b|c_2242065e186cdc9efdbf,False,SAME_MINUTE_TIMES_AND_ECONOMIC_FIELDS,0
dup_e72b72c5b8bac55d,2,"DREA,補交易紀錄/2020-02 18倍.csv|手動交易2024後策略較固定/2020含更久以前交易/statement (5).html",CSV|HTML,rec_7442d7c141773df30bd7|c_eedff33dc4f420bef350,False,SAME_MINUTE_TIMES_AND_ECONOMIC_FIELDS,0
dup_1000de3a7692d2b9,2,"DREA,補交易紀錄/2020-02 18倍.csv|手動交易2024後策略較固定/2020含更久以前交易/statement (5).html",CSV|HTML,rec_093782aca2e1a9a99366|c_f7a03872fb12283a3e42,False,SAME_MINUTE_TIMES_AND_ECONOMIC_FIELDS,0
dup_58b5c45c1192c49a,2,"DREA,補交易紀錄/2020-02 18倍.csv|手動交易2024後策略較固定/2020含更久以前交易/statement (5).html",CSV|HTML,rec_4e279904f8031fdc6411|c_9f8fe7c31913703a3062,False,SAME_MINUTE_TIMES_AND_ECONOMIC_FIELDS,0
dup_680c3ce1c42423cb,2,"DREA,補交易紀錄/2020-02 18倍.csv|手動交易2024後策略較固定/2020含更久以前交易/statement (5).html",CSV|HTML,rec_93f853c4b6094a81b02e|c_5db2e96dd9b4b61040ed,False,SAME_MINUTE_TIMES_AND_ECONOMIC_FIELDS,0
dup_c53e0097b85a98cb,2,"DREA,補交易紀錄/2020-02 18倍.csv|手動交易2024後策略較固定/2020含更久以前交易/statement (5).html",CSV|HTML,rec_7c24ea6982057755d567|c_cdbf51487f057edc03c6,False,SAME_MINUTE_TIMES_AND_ECONOMIC_FIELDS,0
dup_fa569e8cb3d5a60c,2,"DREA,補交易紀錄/2020-02 18倍.csv|手動交易2024後策略較固定/2020含更久以前交易/statement (5).html",CSV|HTML,rec_ed6c0aaf73d827ab6630|c_4c8c4891835c777bcbd5,False,SAME_MINUTE_TIMES_AND_ECONOMIC_FIELDS,0
dup_57351403c00f82c1,2,"DREA,補交易紀錄/2020-02 18倍.csv|手動交易2024後策略較固定/2020含更久以前交易/statement (5).html",CSV|HTML,rec_3463244acf7ba574c924|c_a9ccd08fc681c7078b2c,False,SAME_MINUTE_TIMES_AND_ECONOMIC_FIELDS,0
dup_984f6f066846b8c9,2,"DREA,補交易紀錄/2020-02 18倍.csv|手動交易2024後策略較固定/2020含更久以前交易/statement (5).html",CSV|HTML,rec_5425ee01afd4719a3032|c_7d35d5e4fe0a043b6280,False,SAME_MINUTE_TIMES_AND_ECONOMIC_FIELDS,0
dup_9d68112d60d68f08,2,"DREA,補交易紀錄/2020-02 18倍.csv|手動交易2024後策略較固定/2020含更久以前交易/statement (5).html",CSV|HTML,rec_37c72018d709a1c19f6d|c_16e12eaa38986f13e9ed,False,SAME_MINUTE_TIMES_AND_ECONOMIC_FIELDS,0
dup_c87f6d4846cef082,2,"DREA,補交易紀錄/2020-02 18倍.csv|手動交易2024後策略較固定/2020含更久以前交易/statement (5).html",CSV|HTML,rec_30430762cc474706ab46|c_f585f4d9408c743d6f70,False,SAME_MINUTE_TIMES_AND_ECONOMIC_FIELDS,0
dup_42775ec15c8db61f,2,"DREA,補交易紀錄/2020-02 18倍.csv|手動交易2024後策略較固定/2020含更久以前交易/statement (5).html",CSV|HTML,rec_d2325406f7f8a0f3abef|c_3bc7372a2bab942a51a2,False,SAME_MINUTE_TIMES_AND_ECONOMIC_FIELDS,0
dup_aa87ac19cb993292,2,"DREA,補交易紀錄/2020-02 18倍.csv|手動交易2024後策略較固定/2020含更久以前交易/statement (5).html",CSV|HTML,rec_26b7197f2521a59ab771|c_653082cbb5fe8c38e6be,False,SAME_MINUTE_TIMES_AND_ECONOMIC_FIELDS,0
dup_bf18818dd657cac3,2,"DREA,補交易紀錄/2020-02 18倍.csv|手動交易2024後策略較固定/2020含更久以前交易/statement (5).html",CSV|HTML,rec_cf7c3c7f5153955ce424|c_a710b02b60be06adeaf6,False,SAME_MINUTE_TIMES_AND_ECONOMIC_FIELDS,0
dup_b0a981f3d9e3e381,2,"DREA,補交易紀錄/2020-02 18倍.csv|手動交易2024後策略較固定/2020含更久以前交易/statement (5).html",CSV|HTML,rec_9d1822e5d876ec74c9db|c_665b1a58e5a820ec11ae,False,SAME_MINUTE_TIMES_AND_ECONOMIC_FIELDS,0
dup_0f6b6fe0a7bb5e0b,2,"DREA,補交易紀錄/2020-02 18倍.csv|手動交易2024後策略較固定/2020含更久以前交易/statement (5).html",CSV|HTML,rec_c7e1e4241e7a222a55b6|c_41748e71f5d1430f0dfc,False,SAME_MINUTE_TIMES_AND_ECONOMIC_FIELDS,0
dup_303ab68aa16d3641,2,"DREA,補交易紀錄/2020-02 18倍.csv|手動交易2024後策略較固定/2020含更久以前交易/statement (5).html",CSV|HTML,rec_ccd7534b16a2bc769850|c_207df87235d4dae933fc,False,SAME_MINUTE_TIMES_AND_ECONOMIC_FIELDS,0
dup_9d249851e01f9478,2,"DREA,補交易紀錄/2020-02 18倍.csv|手動交易2024後策略較固定/2020含更久以前交易/statement (5).html",CSV|HTML,rec_5734d5e33b09559324f5|c_30c23078aeaa922043fc,False,SAME_MINUTE_TIMES_AND_ECONOMIC_FIELDS,0
dup_9db5947784e82c74,2,"DREA,補交易紀錄/2020-02 18倍.csv|手動交易2024後策略較固定/2020含更久以前交易/statement (5).html",CSV|HTML,rec_90bd19faf1bc41aa1a05|c_bbf9921f3b060a2cf66a,False,SAME_MINUTE_TIMES_AND_ECONOMIC_FIELDS,0
dup_9edb3c6e35831a54,2,"DREA,補交易紀錄/2020-02 18倍.csv|手動交易2024後策略較固定/2020含更久以前交易/statement (5).html",CSV|HTML,rec_f41a01eb13c1f14608f7|c_4db82f85a7a64bd52a73,False,SAME_MINUTE_TIMES_AND_ECONOMIC_FIELDS,0
dup_76ca01f63176e801,2,"DREA,補交易紀錄/2020-02 18倍.csv|手動交易2024後策略較固定/2020含更久以前交易/statement (5).html",CSV|HTML,rec_05a4587229f97e71c214|c_75294d253e102dd5d75d,False,SAME_MINUTE_TIMES_AND_ECONOMIC_FIELDS,0
dup_5f4da0ecc44f4d03,2,"DREA,補交易紀錄/2020-02 18倍.csv|手動交易2024後策略較固定/2020含更久以前交易/statement (5).html",CSV|HTML,rec_5bd77bc0807fee2f43d3|c_87f49ea816946d8e2996,False,SAME_MINUTE_TIMES_AND_ECONOMIC_FIELDS,0
dup_201e4bc3df600d07,2,"DREA,補交易紀錄/2020-02 18倍.csv|手動交易2024後策略較固定/2020含更久以前交易/statement (5).html",CSV|HTML,rec_e2da65ea400b24adb48d|c_1d43851a4340a7a02dcf,False,SAME_MINUTE_TIMES_AND_ECONOMIC_FIELDS,0
dup_9dcc813497016350,2,"DREA,補交易紀錄/2020 Jim 20倍績效.csv|手動交易2024後策略較固定/其他/statement.html",CSV|HTML,rec_f3ac43dd25f3b9149399|c_14b823de78c6b60bc511,False,SAME_MINUTE_TIMES_AND_ECONOMIC_FIELDS,0
dup_3627a48efba294c8,2,"DREA,補交易紀錄/2020 Jim 20倍績效.csv|手動交易2024後策略較固定/其他/statement.html",CSV|HTML,rec_a457bbda8ca4c0446781|c_5b4167b600d9d534738e,False,SAME_MINUTE_TIMES_AND_ECONOMIC_FIELDS,0
dup_fb669e78a5eea740,2,"DREA,補交易紀錄/2020 Jim 20倍績效.csv|手動交易2024後策略較固定/其他/statement.html",CSV|HTML,rec_f9ec66da7b0189a700f9|c_2ddc8c4d3747df4c535a,False,SAME_MINUTE_TIMES_AND_ECONOMIC_FIELDS,0
dup_a206f8b6a92240be,2,"DREA,補交易紀錄/2020 Jim 20倍績效.csv|手動交易2024後策略較固定/其他/statement.html",CSV|HTML,rec_5da7132fe78edcbbd3f7|c_d021b454148416264aae,False,SAME_MINUTE_TIMES_AND_ECONOMIC_FIELDS,0
dup_853e3fbfd254f561,2,"DREA,補交易紀錄/2020 Jim 20倍績效.csv|手動交易2024後策略較固定/其他/statement.html",CSV|HTML,rec_61dfd83b3685cdc9a178|c_98b65bd79a2b6e0a9dc2,False,SAME_MINUTE_TIMES_AND_ECONOMIC_FIELDS,0
dup_7c701763fead8622,2,"DREA,補交易紀錄/2020 Jim 20倍績效.csv|手動交易2024後策略較固定/其他/statement.html",CSV|HTML,rec_2c5e5f8951b82ee3f0cd|c_a17c2d27851556997dfa,False,SAME_MINUTE_TIMES_AND_ECONOMIC_FIELDS,0
dup_218d4d9ba250103a,2,"DREA,補交易紀錄/2020 Jim 20倍績效.csv|手動交易2024後策略較固定/其他/statement.html",CSV|HTML,rec_deeca8f8eee840f5b615|c_1351f24da02ec8ef3418,False,SAME_MINUTE_TIMES_AND_ECONOMIC_FIELDS,0
dup_c698aded6940dcfd,2,"DREA,補交易紀錄/2020 Jim 20倍績效.csv|手動交易2024後策略較固定/其他/statement.html",CSV|HTML,rec_8aa6a975d73918be7ce8|c_61b005711e9e786811cb,False,SAME_MINUTE_TIMES_AND_ECONOMIC_FIELDS,0
dup_e432a5c19202d50b,2,"DREA,補交易紀錄/2020 Jim 20倍績效.csv|手動交易2024後策略較固定/其他/statement.html",CSV|HTML,rec_95bf93600ec1e4f973ec|c_9f40bf029adcdd727344,False,SAME_MINUTE_TIMES_AND_ECONOMIC_FIELDS,0
dup_17b5f177c76d895c,2,"DREA,補交易紀錄/2020 Jim 20倍績效.csv|手動交易2024後策略較固定/其他/statement.html",CSV|HTML,rec_5fe98279b37a2d8d4f95|c_638db9ba5880920d2423,False,SAME_MINUTE_TIMES_AND_ECONOMIC_FIELDS,0
dup_a443b194a5d8ac81,2,"DREA,補交易紀錄/2020 Jim 20倍績效.csv|手動交易2024後策略較固定/其他/statement.html",CSV|HTML,rec_fec578408ee53810e86c|c_c8fb973f1849ec071d1f,False,SAME_MINUTE_TIMES_AND_ECONOMIC_FIELDS,0
dup_fa373a91dadb613e,2,"DREA,補交易紀錄/2020 Jim 20倍績效.csv|手動交易2024後策略較固定/其他/statement.html",CSV|HTML,rec_e3ce252b1a8bd8f580b9|c_91513198d6d5c29233d8,False,SAME_MINUTE_TIMES_AND_ECONOMIC_FIELDS,0
dup_c67a1fdf8a93b3e2,2,"DREA,補交易紀錄/2020 Jim 20倍績效.csv|手動交易2024後策略較固定/其他/statement.html",CSV|HTML,rec_a4716d982e49ed4b654d|c_932f6d4b4c3de65c9e41,False,SAME_MINUTE_TIMES_AND_ECONOMIC_FIELDS,0
dup_2953388ff46c663e,2,"DREA,補交易紀錄/2020 Jim 20倍績效.csv|手動交易2024後策略較固定/其他/statement.html",CSV|HTML,rec_7a61ae401fa7780ac48c|c_07b646924891a1bdbe47,False,SAME_MINUTE_TIMES_AND_ECONOMIC_FIELDS,0
dup_909dd3579a4e0a6c,2,"DREA,補交易紀錄/2020 Jim 20倍績效.csv|手動交易2024後策略較固定/其他/statement.html",CSV|HTML,rec_1bf50089bfe06b2d8a7f|c_0a403a1817efe7b8fb28,False,SAME_MINUTE_TIMES_AND_ECONOMIC_FIELDS,0
dup_28cb36af91bc7f74,2,"DREA,補交易紀錄/2020 Jim 20倍績效.csv|手動交易2024後策略較固定/其他/statement.html",CSV|HTML,rec_ea62514e656a7b7d4192|c_2d2203cb5c44601e8f42,False,SAME_MINUTE_TIMES_AND_ECONOMIC_FIELDS,0
dup_dd21b0e93916759b,2,"DREA,補交易紀錄/2020 Jim 20倍績效.csv|手動交易2024後策略較固定/其他/statement.html",CSV|HTML,rec_7fa1e6e0fc89810d8f43|c_c6aae71ae5f992a2ff4b,False,SAME_MINUTE_TIMES_AND_ECONOMIC_FIELDS,0
dup_964c057cdabcfb8e,2,"DREA,補交易紀錄/2020 Jim 20倍績效.csv|手動交易2024後策略較固定/其他/statement.html",CSV|HTML,rec_426dd3a60ca1fcb79ba2|c_ede7f300b5299c146fc5,False,SAME_MINUTE_TIMES_AND_ECONOMIC_FIELDS,0
dup_d9af35e851c7a775,2,"DREA,補交易紀錄/2020 Jim 20倍績效.csv|手動交易2024後策略較固定/其他/statement.html",CSV|HTML,rec_ecfa81e2719a4b72f92f|c_32a53eeccc60bb52751b,False,SAME_MINUTE_TIMES_AND_ECONOMIC_FIELDS,0
dup_b2ddd9a2944d8169,2,"DREA,補交易紀錄/2020 Jim 20倍績效.csv|手動交易2024後策略較固定/其他/statement.html",CSV|HTML,rec_ea9b35a04e1a5bab1710|c_dbb6206ec58f75e99de2,False,SAME_MINUTE_TIMES_AND_ECONOMIC_FIELDS,0
dup_6d29c8d9d5442b18,2,"DREA,補交易紀錄/2020 Jim 20倍績效.csv|手動交易2024後策略較固定/其他/statement.html",CSV|HTML,rec_56856de137b483268a64|c_82d30c500161c1717b52,False,SAME_MINUTE_TIMES_AND_ECONOMIC_FIELDS,0
dup_b0e927e93b2d8825,2,"DREA,補交易紀錄/2020 Jim 20倍績效.csv|手動交易2024後策略較固定/其他/statement.html",CSV|HTML,rec_b6291d123453c53f544b|c_8240d061c93b41484c50,False,SAME_MINUTE_TIMES_AND_ECONOMIC_FIELDS,0
dup_fe1541bccbcef969,2,"DREA,補交易紀錄/2020 Jim 20倍績效.csv|手動交易2024後策略較固定/其他/statement.html",CSV|HTML,rec_a12c96fac3d95d9ee375|c_fc5224f31fcf71081a3b,False,SAME_MINUTE_TIMES_AND_ECONOMIC_FIELDS,0
dup_65ea6bd9fbe2f89e,2,"DREA,補交易紀錄/2020 Jim 20倍績效.csv|手動交易2024後策略較固定/其他/statement.html",CSV|HTML,rec_fa75580db6ba098ce2b0|c_73ae51832ef291927b71,False,SAME_MINUTE_TIMES_AND_ECONOMIC_FIELDS,0
dup_768b339ab5e5838f,2,"DREA,補交易紀錄/2020 Jim 20倍績效.csv|手動交易2024後策略較固定/其他/statement.html",CSV|HTML,rec_d39272609469bfa22aba|c_ee4393b30fbf8b801922,False,SAME_MINUTE_TIMES_AND_ECONOMIC_FIELDS,0
dup_cc88cbb38fa01496,2,"DREA,補交易紀錄/2020 Jim 20倍績效.csv|手動交易2024後策略較固定/其他/statement.html",CSV|HTML,rec_0fc2cf18c1c4a6b5c45d|c_164234721ce306450ff4,False,SAME_MINUTE_TIMES_AND_ECONOMIC_FIELDS,0
dup_2ecccb6ff90efa24,2,"DREA,補交易紀錄/2020 Jim 20倍績效.csv|手動交易2024後策略較固定/其他/statement.html",CSV|HTML,rec_eec063b7108ed485fa79|c_f647585010a177ebf725,False,SAME_MINUTE_TIMES_AND_ECONOMIC_FIELDS,0
dup_d40f6e3ccddcdde7,2,"DREA,補交易紀錄/dream 10月份高風險.csv|手動交易2024後策略較固定/2020含更久以前交易/statement (2).html",CSV|HTML,rec_eddcf53342b28460a4a9|c_a21c630881ea2a84f89d,False,SAME_MINUTE_TIMES_AND_ECONOMIC_FIELDS,0
dup_5c8d07b918e4b09f,2,"DREA,補交易紀錄/dream 10月份高風險.csv|手動交易2024後策略較固定/2020含更久以前交易/statement (2).html",CSV|HTML,rec_6df3ee636fc902ad3ce3|c_a2d4c1d44028bc127dc0,False,SAME_MINUTE_TIMES_AND_ECONOMIC_FIELDS,0
dup_6896aa6f01d141e5,2,"DREA,補交易紀錄/dream 10月份高風險.csv|手動交易2024後策略較固定/2020含更久以前交易/statement (2).html",CSV|HTML,rec_ae758266af1f7c61a3bb|c_ad2daff523866cde5831,False,SAME_MINUTE_TIMES_AND_ECONOMIC_FIELDS,0
dup_53384ee1588fb64d,2,"DREA,補交易紀錄/dream 10月份高風險.csv|手動交易2024後策略較固定/2020含更久以前交易/statement (2).html",CSV|HTML,rec_e89acc2bf56e930dbc62|c_dddd252c94ea08f5a918,False,SAME_MINUTE_TIMES_AND_ECONOMIC_FIELDS,0
dup_0dfa3fd416cc0edf,2,"DREA,補交易紀錄/dream 10月份高風險.csv|手動交易2024後策略較固定/2020含更久以前交易/statement (2).html",CSV|HTML,rec_33a88f2614fbceb8e384|c_f32e10bbd680e06e3e3b,False,SAME_MINUTE_TIMES_AND_ECONOMIC_FIELDS,0
dup_310b991dd3000f60,2,"DREA,補交易紀錄/dream 10月份高風險.csv|手動交易2024後策略較固定/2020含更久以前交易/statement (2).html",CSV|HTML,rec_e251c2222b9aa1bd5cb4|c_527189accdbc4200539c,False,SAME_MINUTE_TIMES_AND_ECONOMIC_FIELDS,0
dup_ba4c0b6e213ad4db,2,"DREA,補交易紀錄/dream 10月份高風險.csv|手動交易2024後策略較固定/2020含更久以前交易/statement (2).html",CSV|HTML,rec_ad239d9a4319f532ce64|c_4d86e6064469f0b55250,False,SAME_MINUTE_TIMES_AND_ECONOMIC_FIELDS,0
dup_a9d3fb8ebe7196f6,2,"DREA,補交易紀錄/dream 10月份高風險.csv|手動交易2024後策略較固定/2020含更久以前交易/statement (2).html",CSV|HTML,rec_44e610efa3c1f1fcc2d9|c_a1817827184ae6e3146d,False,SAME_MINUTE_TIMES_AND_ECONOMIC_FIELDS,0
dup_f6f8be9f578333f1,2,"DREA,補交易紀錄/dream 10月份高風險.csv|手動交易2024後策略較固定/2020含更久以前交易/statement (2).html",CSV|HTML,rec_443634175516bc3d436f|c_d01dc2158c58cfb20c24,False,SAME_MINUTE_TIMES_AND_ECONOMIC_FIELDS,0
dup_de8ec8a1927f7074,2,"DREA,補交易紀錄/dream 10月份高風險.csv|手動交易2024後策略較固定/2020含更久以前交易/statement (2).html",CSV|HTML,rec_c045fd8d5816b1826ab4|c_94c27d08e8ba408c0151,False,SAME_MINUTE_TIMES_AND_ECONOMIC_FIELDS,0
dup_283e9283b469e1fa,2,"DREA,補交易紀錄/dream 10月份高風險.csv|手動交易2024後策略較固定/2020含更久以前交易/statement (2).html",CSV|HTML,rec_e74f051e17ce19815c6e|c_ae116cf32f207ca3e9a5,False,SAME_MINUTE_TIMES_AND_ECONOMIC_FIELDS,0
dup_1bb9b46596f7ded9,2,"DREA,補交易紀錄/dream 10月份高風險.csv|手動交易2024後策略較固定/2020含更久以前交易/statement (2).html",CSV|HTML,rec_2f1b41f2de7e775b3d6b|c_f734b61a9662bde24fa8,False,SAME_MINUTE_TIMES_AND_ECONOMIC_FIELDS,0
dup_b7152b2191c64496,2,"DREA,補交易紀錄/dream 10月份高風險.csv|手動交易2024後策略較固定/2020含更久以前交易/statement (2).html",CSV|HTML,rec_4e8ce5e0c435124d788a|c_c36d4c62154964736c57,False,SAME_MINUTE_TIMES_AND_ECONOMIC_FIELDS,0
dup_d3eb18b01d0640ba,2,"DREA,補交易紀錄/dream 10月份高風險.csv|手動交易2024後策略較固定/2020含更久以前交易/statement (2).html",CSV|HTML,rec_3c53425a849a2fd94a85|c_e1a510cb2758d487c7e2,False,SAME_MINUTE_TIMES_AND_ECONOMIC_FIELDS,0
dup_1a0ce10c81a95758,2,"DREA,補交易紀錄/dream 10月份高風險.csv|手動交易2024後策略較固定/2020含更久以前交易/statement (2).html",CSV|HTML,rec_fded3e4bd2a779d2c56d|c_20c99ebeb48130450837,False,SAME_MINUTE_TIMES_AND_ECONOMIC_FIELDS,0
dup_1e8b264d2fee3aad,2,"DREA,補交易紀錄/dream 10月份高風險.csv|手動交易2024後策略較固定/2020含更久以前交易/statement (2).html",CSV|HTML,rec_c67892b877a1cbfcdf88|c_53c8755bfc0029c1532c,False,SAME_MINUTE_TIMES_AND_ECONOMIC_FIELDS,0
dup_6e6b82270b09dfe6,2,"DREA,補交易紀錄/dream 10月份高風險.csv|手動交易2024後策略較固定/2020含更久以前交易/statement (2).html",CSV|HTML,rec_8ba40e505d7737f63cba|c_347371e74516cf1e3580,False,SAME_MINUTE_TIMES_AND_ECONOMIC_FIELDS,0
dup_4d70fcc2911c3f22,2,"DREA,補交易紀錄/dream 10月份高風險.csv|手動交易2024後策略較固定/2020含更久以前交易/statement (2).html",CSV|HTML,rec_09ba2d8c615426af1a8f|c_9a0ff0eabddb5b52dac5,False,SAME_MINUTE_TIMES_AND_ECONOMIC_FIELDS,0
dup_22abf599ce4ecb45,2,"DREA,補交易紀錄/dream 10月份高風險.csv|手動交易2024後策略較固定/2020含更久以前交易/statement (2).html",CSV|HTML,rec_0cb01858c3b26874c2f1|c_974b9f37ad5ad41231f8,False,SAME_MINUTE_TIMES_AND_ECONOMIC_FIELDS,0
dup_241acf500f5fa223,2,"DREA,補交易紀錄/dream 10月份高風險.csv|手動交易2024後策略較固定/2020含更久以前交易/statement (2).html",CSV|HTML,rec_341463d92ec22d42584f|c_5b09ee1e8f296b07837e,False,SAME_MINUTE_TIMES_AND_ECONOMIC_FIELDS,0
dup_c1e06feeaa4d1ec0,2,"DREA,補交易紀錄/dream 10月份高風險.csv|手動交易2024後策略較固定/2020含更久以前交易/statement (2).html",CSV|HTML,rec_b7f61834d47fa01caa15|c_9085dc2c26f4ed385019,False,SAME_MINUTE_TIMES_AND_ECONOMIC_FIELDS,0
dup_b240764b769db203,2,"DREA,補交易紀錄/dream 10月份高風險.csv|手動交易2024後策略較固定/2020含更久以前交易/statement (2).html",CSV|HTML,rec_e2d494e4508f29c37356|c_90ba17b9b81af83efc78,False,SAME_MINUTE_TIMES_AND_ECONOMIC_FIELDS,0
dup_11ab724fdc2d5c34,2,"DREA,補交易紀錄/dream 10月份高風險.csv|手動交易2024後策略較固定/2020含更久以前交易/statement (2).html",CSV|HTML,rec_d3998305254c6ba6152a|c_de9234ee621febf7a45e,False,SAME_MINUTE_TIMES_AND_ECONOMIC_FIELDS,0
dup_ef361145fb545672,2,"DREA,補交易紀錄/dream 10月份高風險.csv|手動交易2024後策略較固定/2020含更久以前交易/statement (2).html",CSV|HTML,rec_0a5e4ff76a4d940dc862|c_acc3fc1381b0883fc7a2,False,SAME_MINUTE_TIMES_AND_ECONOMIC_FIELDS,0
dup_ceb5937471ed5056,2,"DREA,補交易紀錄/dream 10月份高風險.csv|手動交易2024後策略較固定/2020含更久以前交易/statement (2).html",CSV|HTML,rec_5946985674f638ce4da5|c_5c8104553025989cfb2d,False,SAME_MINUTE_TIMES_AND_ECONOMIC_FIELDS,0
dup_875c7a152fda2824,2,"DREA,補交易紀錄/dream 10月份高風險.csv|手動交易2024後策略較固定/2020含更久以前交易/statement (2).html",CSV|HTML,rec_aab464a430711465f023|c_92244eb36ad9e47c7a91,False,SAME_MINUTE_TIMES_AND_ECONOMIC_FIELDS,0
dup_ca3231db86bc6b2b,2,"DREA,補交易紀錄/dream 10月份高風險.csv|手動交易2024後策略較固定/2020含更久以前交易/statement (2).html",CSV|HTML,rec_8aa061c973200d274a27|c_015477e21800b607c07e,False,SAME_MINUTE_TIMES_AND_ECONOMIC_FIELDS,0
dup_10260fa8f538d310,2,"DREA,補交易紀錄/dream 10月份高風險.csv|手動交易2024後策略較固定/2020含更久以前交易/statement (2).html",CSV|HTML,rec_d117da9e2310cdf6e43a|c_ef5ef11145640262ca57,False,SAME_MINUTE_TIMES_AND_ECONOMIC_FIELDS,0
dup_0bd29f94fe6f656d,2,"DREA,補交易紀錄/dream 10月份高風險.csv|手動交易2024後策略較固定/2020含更久以前交易/statement (2).html",CSV|HTML,rec_7152cc8ac379ede0dad0|c_e8b68801e44ee0c8ffc9,False,SAME_MINUTE_TIMES_AND_ECONOMIC_FIELDS,0
dup_c6be1880d1552d20,2,"DREA,補交易紀錄/2020 Jim 20倍績效.csv|手動交易2024後策略較固定/其他/statement.html",CSV|HTML,rec_11c1dbc94f4d18ba82f2|c_d5d4e00cc9c4f0fc45a1,False,SAME_MINUTE_TIMES_AND_ECONOMIC_FIELDS,0
dup_78ec364276226b6e,2,"DREA,補交易紀錄/2020 Jim 20倍績效.csv|手動交易2024後策略較固定/其他/statement.html",CSV|HTML,rec_62372a969e12e3d8310a|c_86617f69f1c0efe460db,False,SAME_MINUTE_TIMES_AND_ECONOMIC_FIELDS,0
dup_f6d5430bfaefdf9a,2,"DREA,補交易紀錄/2020 Jim 20倍績效.csv|手動交易2024後策略較固定/其他/statement.html",CSV|HTML,rec_78b5e19e5e0bdb664e73|c_40f375f892e870ba06ed,False,SAME_MINUTE_TIMES_AND_ECONOMIC_FIELDS,0
dup_3371ca27b2a2af25,2,"DREA,補交易紀錄/2020 Jim 20倍績效.csv|手動交易2024後策略較固定/其他/statement.html",CSV|HTML,rec_49c900f21efb6f3c28c1|c_2c53f2a69f6dca242091,False,SAME_MINUTE_TIMES_AND_ECONOMIC_FIELDS,0
dup_c55ecd083f92db61,2,"DREA,補交易紀錄/2020-12-7 手動 最高+1,592%.csv|手動交易2024後策略較固定/2020含更久以前交易/statement (1).html",CSV|HTML,rec_b608730cec8694b8ed35|c_569314da36c55aa8daf6,False,SAME_MINUTE_TIMES_AND_ECONOMIC_FIELDS,0
dup_a679c6407d72f254,2,"DREA,補交易紀錄/2020-12-7 手動 最高+1,592%.csv|手動交易2024後策略較固定/2020含更久以前交易/statement (1).html",CSV|HTML,rec_731077e6ea316f7aec06|c_5c2d0b7f7ef4dc31ab23,False,SAME_MINUTE_TIMES_AND_ECONOMIC_FIELDS,0
dup_65b9bb85b1da6aa9,2,"DREA,補交易紀錄/2020-12-7 手動 最高+1,592%.csv|手動交易2024後策略較固定/2020含更久以前交易/statement (1).html",CSV|HTML,rec_b89e67d9f38aacbc538b|c_0883e7859bbeb0148217,False,SAME_MINUTE_TIMES_AND_ECONOMIC_FIELDS,0
dup_7fea9b5c17d7309b,2,"DREA,補交易紀錄/2020-12-7 手動 最高+1,592%.csv|手動交易2024後策略較固定/2020含更久以前交易/statement (1).html",CSV|HTML,rec_739e0b5f6f4a360ef3e5|c_d2f95cf1a7650cfa014c,False,SAME_MINUTE_TIMES_AND_ECONOMIC_FIELDS,0
dup_769564e54c55e348,2,"DREA,補交易紀錄/2020-12-7 手動 最高+1,592%.csv|手動交易2024後策略較固定/2020含更久以前交易/statement (1).html",CSV|HTML,rec_d627d8ddeb33387f234f|c_868e92bb91c8142e4556,False,SAME_MINUTE_TIMES_AND_ECONOMIC_FIELDS,0
dup_d654c4413ccce11b,2,"DREA,補交易紀錄/2020-12-7 手動 最高+1,592%.csv|手動交易2024後策略較固定/2020含更久以前交易/statement (1).html",CSV|HTML,rec_4ada9570efadcc544675|c_7401c15f8507d7f0904c,False,SAME_MINUTE_TIMES_AND_ECONOMIC_FIELDS,0
dup_baa3788b46822aed,2,"DREA,補交易紀錄/2020-12-7 手動 最高+1,592%.csv|手動交易2024後策略較固定/2020含更久以前交易/statement (1).html",CSV|HTML,rec_7924240dec065b096ab9|c_463b388d0980d94ca3a4,False,SAME_MINUTE_TIMES_AND_ECONOMIC_FIELDS,0
dup_ca52e6f651ad3f48,2,"DREA,補交易紀錄/2020-12-7 手動 最高+1,592%.csv|手動交易2024後策略較固定/2020含更久以前交易/statement (1).html",CSV|HTML,rec_ea8c4c7befc912312eb9|c_76cd69ef2ee14b0a85f5,False,SAME_MINUTE_TIMES_AND_ECONOMIC_FIELDS,0
dup_8b6d883320102bcb,2,"DREA,補交易紀錄/2020-12-7 手動 最高+1,592%.csv|手動交易2024後策略較固定/2020含更久以前交易/statement (1).html",CSV|HTML,rec_7dfa9a6d63b5e63f0e0e|c_4020ed610215b812a33c,False,SAME_MINUTE_TIMES_AND_ECONOMIC_FIELDS,0
dup_9c9342e7606cf998,2,"DREA,補交易紀錄/2020-12-7 手動 最高+1,592%.csv|手動交易2024後策略較固定/2020含更久以前交易/statement (1).html",CSV|HTML,rec_2a11b16fb175ca0e37cd|c_81e81139832e41c1d34e,False,SAME_MINUTE_TIMES_AND_ECONOMIC_FIELDS,0
dup_da6ecd10335cefba,2,"DREA,補交易紀錄/2020-12-7 手動 最高+1,592%.csv|手動交易2024後策略較固定/2020含更久以前交易/statement (1).html",CSV|HTML,rec_9311aea2ff17782b71e2|c_dcae75d9059d945bb9d3,False,SAME_MINUTE_TIMES_AND_ECONOMIC_FIELDS,0
dup_7704a66548cc111d,2,"DREA,補交易紀錄/2020-12-7 手動 最高+1,592%.csv|手動交易2024後策略較固定/2020含更久以前交易/statement (1).html",CSV|HTML,rec_e2cec5123d1427f42a6e|c_9e7d7ad676d6f437d7fb,False,SAME_MINUTE_TIMES_AND_ECONOMIC_FIELDS,0
dup_a97d4d165c33123f,2,"DREA,補交易紀錄/2020-12-7 手動 最高+1,592%.csv|手動交易2024後策略較固定/2020含更久以前交易/statement (1).html",CSV|HTML,rec_e3871448bf0f29e215ef|c_8f2a6ad18671c4ede87a,False,SAME_MINUTE_TIMES_AND_ECONOMIC_FIELDS,0
dup_be76a421f7025390,2,"DREA,補交易紀錄/2020-12-7 手動 最高+1,592%.csv|手動交易2024後策略較固定/2020含更久以前交易/statement (1).html",CSV|HTML,rec_09b2fa429bf46764b61b|c_a87aa47244651e573682,False,SAME_MINUTE_TIMES_AND_ECONOMIC_FIELDS,0
dup_805285806d67d5cb,2,"DREA,補交易紀錄/2020-12-7 手動 最高+1,592%.csv|手動交易2024後策略較固定/2020含更久以前交易/statement (1).html",CSV|HTML,rec_9f90b69bd0ff90ea050d|c_dac21f1e087377c8759e,False,SAME_MINUTE_TIMES_AND_ECONOMIC_FIELDS,0
dup_13f02a66ba03b462,2,"DREA,補交易紀錄/2020-12-7 手動 最高+1,592%.csv|手動交易2024後策略較固定/2020含更久以前交易/statement (1).html",CSV|HTML,rec_72f4068e480478046c52|c_767c925f5b4dc3b82b67,False,SAME_MINUTE_TIMES_AND_ECONOMIC_FIELDS,0
dup_54e21b866b74e0ac,2,"DREA,補交易紀錄/2020-12-7 手動 最高+1,592%.csv|手動交易2024後策略較固定/2020含更久以前交易/statement (1).html",CSV|HTML,rec_ae2ab7167c34af22c7ae|c_34d25ea30796dae5ffab,False,SAME_MINUTE_TIMES_AND_ECONOMIC_FIELDS,0
dup_997ec418d550967d,2,"DREA,補交易紀錄/2020-12-7 手動 最高+1,592%.csv|手動交易2024後策略較固定/2020含更久以前交易/statement (1).html",CSV|HTML,rec_2f756a1d6aaf40d6083e|c_59bce3e6eea78c8d5d2c,False,SAME_MINUTE_TIMES_AND_ECONOMIC_FIELDS,0
dup_b89e5ea622e9863d,2,"DREA,補交易紀錄/2020-12-7 手動 最高+1,592%.csv|手動交易2024後策略較固定/2020含更久以前交易/statement (1).html",CSV|HTML,rec_a7697f3ab02e0fc12574|c_83bd8350a58e2522645c,False,SAME_MINUTE_TIMES_AND_ECONOMIC_FIELDS,0
dup_5c8e9339f7c9b568,2,"DREA,補交易紀錄/2020-12-7 手動 最高+1,592%.csv|手動交易2024後策略較固定/2020含更久以前交易/statement (1).html",CSV|HTML,rec_289e4da70098d44f2dd0|c_4467cd8080702509bb77,False,SAME_MINUTE_TIMES_AND_ECONOMIC_FIELDS,0
dup_18f6bb5e1f8d2a17,2,"DREA,補交易紀錄/2020-12-7 手動 最高+1,592%.csv|手動交易2024後策略較固定/2020含更久以前交易/statement (1).html",CSV|HTML,rec_c00a9fc498e1fd1d4c36|c_d15968c5ae98e980ef11,False,SAME_MINUTE_TIMES_AND_ECONOMIC_FIELDS,0
dup_a417bddcc8b666e9,2,"DREA,補交易紀錄/2020-12-7 手動 最高+1,592%.csv|手動交易2024後策略較固定/2020含更久以前交易/statement (1).html",CSV|HTML,rec_f49cfc5beae6d10278e7|c_baf24b501a0ee41e9a28,False,SAME_MINUTE_TIMES_AND_ECONOMIC_FIELDS,0
dup_effe012465d117d2,2,"DREA,補交易紀錄/2020-12-7 手動 最高+1,592%.csv|手動交易2024後策略較固定/2020含更久以前交易/statement (1).html",CSV|HTML,rec_03ef7d810c90fc1d4f64|c_558e4249dec6574d878a,False,SAME_MINUTE_TIMES_AND_ECONOMIC_FIELDS,0
dup_ba33046594a13f21,2,"DREA,補交易紀錄/2020-12-7 手動 最高+1,592%.csv|手動交易2024後策略較固定/2020含更久以前交易/statement (1).html",CSV|HTML,rec_f3764c3c1a02b189a4dd|c_c0bfe3d6d177d733b728,False,SAME_MINUTE_TIMES_AND_ECONOMIC_FIELDS,0
dup_c66205fa91821bcd,2,"DREA,補交易紀錄/2020-12-7 手動 最高+1,592%.csv|手動交易2024後策略較固定/2020含更久以前交易/statement (1).html",CSV|HTML,rec_b8105bcc0bd1e0a000af|c_2094a8fc88cea7f6d190,False,SAME_MINUTE_TIMES_AND_ECONOMIC_FIELDS,0
dup_7df2560da8d0b23a,2,"DREA,補交易紀錄/2020-12-7 手動 最高+1,592%.csv|手動交易2024後策略較固定/2020含更久以前交易/statement (1).html",CSV|HTML,rec_cad278c9b457480919ff|c_160b453bfac4e4a96db4,False,SAME_MINUTE_TIMES_AND_ECONOMIC_FIELDS,0
dup_6ca783efe47c2e98,2,"DREA,補交易紀錄/2020-12-7 手動 最高+1,592%.csv|手動交易2024後策略較固定/2020含更久以前交易/statement (1).html",CSV|HTML,rec_6c2be02e77f1974ae929|c_790426766ab2c812194d,False,SAME_MINUTE_TIMES_AND_ECONOMIC_FIELDS,0
dup_02bdd0af5b1cf95e,2,"DREA,補交易紀錄/2020-12-7 手動 最高+1,592%.csv|手動交易2024後策略較固定/2020含更久以前交易/statement (1).html",CSV|HTML,rec_9c7e9c063f34698f6d7f|c_6079fe594a513a1a7cec,False,SAME_MINUTE_TIMES_AND_ECONOMIC_FIELDS,0
dup_8312561bad1cb2bc,2,"DREA,補交易紀錄/2020-12-7 手動 最高+1,592%.csv|手動交易2024後策略較固定/2020含更久以前交易/statement (1).html",CSV|HTML,rec_7967224ccf44a6b9a7bc|c_a2d32b789cc249c00b0b,False,SAME_MINUTE_TIMES_AND_ECONOMIC_FIELDS,0
dup_1eea10a36f4848df,2,"DREA,補交易紀錄/2020-12-7 手動 最高+1,592%.csv|手動交易2024後策略較固定/2020含更久以前交易/statement (1).html",CSV|HTML,rec_e983c441232ec66fddf3|c_3a02ae0b511ad4c3cfd8,False,SAME_MINUTE_TIMES_AND_ECONOMIC_FIELDS,0
dup_7815f76a3cd46fe3,2,"DREA,補交易紀錄/2020-12-7 手動 最高+1,592%.csv|手動交易2024後策略較固定/2020含更久以前交易/statement (1).html",CSV|HTML,rec_6d22ebc0057055458b38|c_97107f421b805c8d7431,False,SAME_MINUTE_TIMES_AND_ECONOMIC_FIELDS,0
dup_b128488c045caa4f,2,"DREA,補交易紀錄/2020-12-7 手動 最高+1,592%.csv|手動交易2024後策略較固定/2020含更久以前交易/statement (1).html",CSV|HTML,rec_0eaba41a00fd4a528f0a|c_45f3c879b41a54feb5dd,False,SAME_MINUTE_TIMES_AND_ECONOMIC_FIELDS,0
dup_1a067421060cad6f,2,"DREA,補交易紀錄/2020-12-7 手動 最高+1,592%.csv|手動交易2024後策略較固定/2020含更久以前交易/statement (1).html",CSV|HTML,rec_b795cbcedf14593f0d74|c_068bfb7b47df95e56f06,False,SAME_MINUTE_TIMES_AND_ECONOMIC_FIELDS,0
dup_9e0aa58875920a59,2,"DREA,補交易紀錄/2020-12-7 手動 最高+1,592%.csv|手動交易2024後策略較固定/2020含更久以前交易/statement (1).html",CSV|HTML,rec_b8b3fb27a17004a5954b|c_9da5812e50adbfecc311,False,SAME_MINUTE_TIMES_AND_ECONOMIC_FIELDS,0
dup_172d80237679cb5e,2,"DREA,補交易紀錄/2020-12-7 手動 最高+1,592%.csv|手動交易2024後策略較固定/2020含更久以前交易/statement (1).html",CSV|HTML,rec_7bd1398e200afb35c527|c_a6a1293321f85d250774,False,SAME_MINUTE_TIMES_AND_ECONOMIC_FIELDS,0
dup_bb9b77166186166c,2,"DREA,補交易紀錄/2020-12-7 手動 最高+1,592%.csv|手動交易2024後策略較固定/2020含更久以前交易/statement (1).html",CSV|HTML,rec_ae374c368fdd5042cdce|c_e47462e38eea47acb6a9,False,SAME_MINUTE_TIMES_AND_ECONOMIC_FIELDS,0
dup_7ef9b5f0cfee11c1,2,"DREA,補交易紀錄/2020-12-7 手動 最高+1,592%.csv|手動交易2024後策略較固定/2020含更久以前交易/statement (1).html",CSV|HTML,rec_5559341cecd8f730d051|c_5ce4a8bc8c7702e0b948,False,SAME_MINUTE_TIMES_AND_ECONOMIC_FIELDS,0
dup_5b61cdeecdf18e79,2,"DREA,補交易紀錄/2020-12-7 手動 最高+1,592%.csv|手動交易2024後策略較固定/2020含更久以前交易/statement (1).html",CSV|HTML,rec_26fead2b2cb0634acb0a|c_af10a07c201cdb8148ae,False,SAME_MINUTE_TIMES_AND_ECONOMIC_FIELDS,0
dup_036b49935cfd0356,2,"DREA,補交易紀錄/2020-12-7 手動 最高+1,592%.csv|手動交易2024後策略較固定/2020含更久以前交易/statement (1).html",CSV|HTML,rec_d66dc5245c1b6fd5f3a0|c_ab8a37cfaa951e6198eb,False,SAME_MINUTE_TIMES_AND_ECONOMIC_FIELDS,0
dup_7a6162366b72d0ff,2,"DREA,補交易紀錄/2020-12-7 手動 最高+1,592%.csv|手動交易2024後策略較固定/2020含更久以前交易/statement (1).html",CSV|HTML,rec_48b84a88ab87ec1808e0|c_1d38b666fe18d131b007,False,SAME_MINUTE_TIMES_AND_ECONOMIC_FIELDS,0
dup_da7343e12b3c3831,2,"DREA,補交易紀錄/2020-12-7 手動 最高+1,592%.csv|手動交易2024後策略較固定/2020含更久以前交易/statement (1).html",CSV|HTML,rec_38986d298411977aae29|c_84b9dae0bc304339357f,False,SAME_MINUTE_TIMES_AND_ECONOMIC_FIELDS,0
dup_44dc44bba8ae32e7,2,"DREA,補交易紀錄/2020-12-7 手動 最高+1,592%.csv|手動交易2024後策略較固定/2020含更久以前交易/statement (1).html",CSV|HTML,rec_d01827b9b98d0209d42e|c_a871cb3b32b029c9d06a,False,SAME_MINUTE_TIMES_AND_ECONOMIC_FIELDS,0
dup_6fc2edf9a6171132,2,"DREA,補交易紀錄/2020-12-7 手動 最高+1,592%.csv|手動交易2024後策略較固定/2020含更久以前交易/statement (1).html",CSV|HTML,rec_50c7a581676cc2cd5693|c_1115961df9de25ab2a93,False,SAME_MINUTE_TIMES_AND_ECONOMIC_FIELDS,0
dup_06db194ce4d8dc7d,2,"DREA,補交易紀錄/2020-12-7 手動 最高+1,592%.csv|手動交易2024後策略較固定/2020含更久以前交易/statement (1).html",CSV|HTML,rec_23544a19078803ac80ac|c_401e8445c78b5fcd3aca,False,SAME_MINUTE_TIMES_AND_ECONOMIC_FIELDS,0
dup_4bbe18bf3e62b1ea,2,"DREA,補交易紀錄/2020-12-7 手動 最高+1,592%.csv|手動交易2024後策略較固定/2020含更久以前交易/statement (1).html",CSV|HTML,rec_d218668f4bf408ac51b6|c_c9ee4bfd1b3b3c292dfa,False,SAME_MINUTE_TIMES_AND_ECONOMIC_FIELDS,0
dup_aefb77f42fd76887,2,"DREA,補交易紀錄/2020-12-7 手動 最高+1,592%.csv|手動交易2024後策略較固定/2020含更久以前交易/statement (1).html",CSV|HTML,rec_27c48103b0243106ea13|c_3b82e9b06db7149746af,False,SAME_MINUTE_TIMES_AND_ECONOMIC_FIELDS,0
dup_6be670a4044bc6cd,2,"DREA,補交易紀錄/2020-12-7 手動 最高+1,592%.csv|手動交易2024後策略較固定/2020含更久以前交易/statement (1).html",CSV|HTML,rec_4fc6f03be34700d56b21|c_22f16f0b2626d177f815,False,SAME_MINUTE_TIMES_AND_ECONOMIC_FIELDS,0
dup_52905195064103fa,2,"DREA,補交易紀錄/2020-12-7 手動 最高+1,592%.csv|手動交易2024後策略較固定/2020含更久以前交易/statement (1).html",CSV|HTML,rec_67a4668bd4769133b727|c_32c1aa8fd1841d4f81c0,False,SAME_MINUTE_TIMES_AND_ECONOMIC_FIELDS,0
dup_b8582fc5666a509b,2,"DREA,補交易紀錄/2020-12-7 手動 最高+1,592%.csv|手動交易2024後策略較固定/2020含更久以前交易/statement (1).html",CSV|HTML,rec_a397aabb21de67ae66af|c_c4036b09b5b48edf68f5,False,SAME_MINUTE_TIMES_AND_ECONOMIC_FIELDS,0
dup_f8b04412de0b6604,2,"DREA,補交易紀錄/2020-12-7 手動 最高+1,592%.csv|手動交易2024後策略較固定/2020含更久以前交易/statement (1).html",CSV|HTML,rec_762572640fc0ad5509d0|c_d91c6c508d9640d95de3,False,SAME_MINUTE_TIMES_AND_ECONOMIC_FIELDS,0
dup_726df1cac4ed3400,2,"DREA,補交易紀錄/2020-12-7 手動 最高+1,592%.csv|手動交易2024後策略較固定/2020含更久以前交易/statement (1).html",CSV|HTML,rec_10f7bbf30e9241ec9f2e|c_cba5d4082d3baa70020e,False,SAME_MINUTE_TIMES_AND_ECONOMIC_FIELDS,0
dup_2678379c07b076a9,2,"DREA,補交易紀錄/2020-12-7 手動 最高+1,592%.csv|手動交易2024後策略較固定/2020含更久以前交易/statement (1).html",CSV|HTML,rec_071c95b3bd44fdd03612|c_e606baa41528451e7b25,False,SAME_MINUTE_TIMES_AND_ECONOMIC_FIELDS,0
dup_80d7d2d4ad876555,2,"DREA,補交易紀錄/2020-12-7 手動 最高+1,592%.csv|手動交易2024後策略較固定/2020含更久以前交易/statement (1).html",CSV|HTML,rec_10fd957fbf9c0f050b2c|c_0fc074e333ab4af6c25e,False,SAME_MINUTE_TIMES_AND_ECONOMIC_FIELDS,0
dup_979f59fffdbfbeef,2,"DREA,補交易紀錄/2020-12-7 手動 最高+1,592%.csv|手動交易2024後策略較固定/2020含更久以前交易/statement (1).html",CSV|HTML,rec_f08265cb925f3098f785|c_9dd3d5ca13a438216286,False,SAME_MINUTE_TIMES_AND_ECONOMIC_FIELDS,0
dup_2f5ae4984ba8c202,2,"DREA,補交易紀錄/2020-12-7 手動 最高+1,592%.csv|手動交易2024後策略較固定/2020含更久以前交易/statement (1).html",CSV|HTML,rec_8ec80b3b9cef94cf3aa8|c_6b817ac3b18e7f800d1b,False,SAME_MINUTE_TIMES_AND_ECONOMIC_FIELDS,0
dup_3b85ddf91e5fd0cc,2,"DREA,補交易紀錄/2020-12-7 手動 最高+1,592%.csv|手動交易2024後策略較固定/2020含更久以前交易/statement (1).html",CSV|HTML,rec_2f75bb9132fe4670f2c6|c_cbaa86c9bc35eed9450d,False,SAME_MINUTE_TIMES_AND_ECONOMIC_FIELDS,0
dup_7dedce580fb9f23e,2,"DREA,補交易紀錄/2020-12-7 手動 最高+1,592%.csv|手動交易2024後策略較固定/2020含更久以前交易/statement (1).html",CSV|HTML,rec_171b376ac4bd5721fb5e|c_4a1240fd1ab48502066d,False,SAME_MINUTE_TIMES_AND_ECONOMIC_FIELDS,0
dup_93234bcbc580710f,2,"DREA,補交易紀錄/2020-12-7 手動 最高+1,592%.csv|手動交易2024後策略較固定/2020含更久以前交易/statement (1).html",CSV|HTML,rec_888336cc9b5300d6d628|c_6576b2b227274e6d9dc3,False,SAME_MINUTE_TIMES_AND_ECONOMIC_FIELDS,0
dup_49528caa72b038f8,2,"DREA,補交易紀錄/2020-12-7 手動 最高+1,592%.csv|手動交易2024後策略較固定/2020含更久以前交易/statement (1).html",CSV|HTML,rec_b519f3b8e5ccbb916366|c_22d7e93e51bac1796e53,False,SAME_MINUTE_TIMES_AND_ECONOMIC_FIELDS,0
dup_d7928ffc9d6fe005,2,"DREA,補交易紀錄/2020-12-7 手動 最高+1,592%.csv|手動交易2024後策略較固定/2020含更久以前交易/statement (1).html",CSV|HTML,rec_d4fe8ea709743f47082d|c_00b6443e07c59591cdad,False,SAME_MINUTE_TIMES_AND_ECONOMIC_FIELDS,0
dup_b1d33c1f39c8ecd8,2,"DREA,補交易紀錄/2020-12-7 手動 最高+1,592%.csv|手動交易2024後策略較固定/2020含更久以前交易/statement (1).html",CSV|HTML,rec_06085b29c6be5ab3d6ee|c_1607996df133e02fc5c6,False,SAME_MINUTE_TIMES_AND_ECONOMIC_FIELDS,0
dup_1c21aacb16cba026,2,"DREA,補交易紀錄/2020-12-7 手動 最高+1,592%.csv|手動交易2024後策略較固定/2020含更久以前交易/statement (1).html",CSV|HTML,rec_9b5ba4f333d07ba604b7|c_0e1e4b5d382666bfa978,False,SAME_MINUTE_TIMES_AND_ECONOMIC_FIELDS,0
dup_f169fb24a1a9a14c,2,"DREA,補交易紀錄/2020-12-7 手動 最高+1,592%.csv|手動交易2024後策略較固定/2020含更久以前交易/statement (1).html",CSV|HTML,rec_2e38061aa113b6ddf552|c_48992e5724c42c625baf,False,SAME_MINUTE_TIMES_AND_ECONOMIC_FIELDS,0
dup_cbfc03149d4ca638,2,"DREA,補交易紀錄/2020-12-7 手動 最高+1,592%.csv|手動交易2024後策略較固定/2020含更久以前交易/statement (1).html",CSV|HTML,rec_21574be33452640a9760|c_a8a93e2a72a527892e1d,False,SAME_MINUTE_TIMES_AND_ECONOMIC_FIELDS,0
dup_566c1f3e5348a3ba,2,"DREA,補交易紀錄/2020-12-7 手動 最高+1,592%.csv|手動交易2024後策略較固定/2020含更久以前交易/statement (1).html",CSV|HTML,rec_993735072ada706783e7|c_ca04a0ca951fb5a8b6be,False,SAME_MINUTE_TIMES_AND_ECONOMIC_FIELDS,0
dup_645543761f575b6f,2,"DREA,補交易紀錄/2020-12-7 手動 最高+1,592%.csv|手動交易2024後策略較固定/2020含更久以前交易/statement (1).html",CSV|HTML,rec_9d3476d2ebb131d084db|c_219568407db38ffe1f54,False,SAME_MINUTE_TIMES_AND_ECONOMIC_FIELDS,0
dup_1c01043323f72bf5,2,"DREA,補交易紀錄/2020-12-7 手動 最高+1,592%.csv|手動交易2024後策略較固定/2020含更久以前交易/statement (1).html",CSV|HTML,rec_534d0ea3cac11ecd0b39|c_ef1290ae6cd846c7b918,False,SAME_MINUTE_TIMES_AND_ECONOMIC_FIELDS,0
dup_674232c48d0cc3ad,2,"DREA,補交易紀錄/2020-12-7 手動 最高+1,592%.csv|手動交易2024後策略較固定/2020含更久以前交易/statement (1).html",CSV|HTML,rec_9f47bef36df145c09ffc|c_9cb5636946b779e86375,False,SAME_MINUTE_TIMES_AND_ECONOMIC_FIELDS,0
dup_650bf0170c752772,2,"2025/2021-2024/2021/statement (8).html|DREA,補交易紀錄/2021-01-27 挑戰 最高+389.08%.csv",CSV|HTML,rec_bc6953103cabb5849afe|c_f207e8155d07369fa315,False,SAME_MINUTE_TIMES_AND_ECONOMIC_FIELDS,0
dup_e374b44c6e57d4c1,2,"2025/2021-2024/2021/statement (8).html|DREA,補交易紀錄/2021-01-27 挑戰 最高+389.08%.csv",CSV|HTML,rec_f03ef5e53ba217970011|c_f31e339b15641eb97c87,False,SAME_MINUTE_TIMES_AND_ECONOMIC_FIELDS,0
dup_19221e1e36beb809,2,"2025/2021-2024/2021/statement (8).html|DREA,補交易紀錄/2021-01-27 挑戰 最高+389.08%.csv",CSV|HTML,rec_eeabf55a7e90d71926c9|c_f05e5dfeda6d4bea9374,False,SAME_MINUTE_TIMES_AND_ECONOMIC_FIELDS,0
dup_0755be73160753a3,2,"2025/2021-2024/2021/statement (8).html|DREA,補交易紀錄/2021-01-27 挑戰 最高+389.08%.csv",CSV|HTML,rec_84e080925a043ab340c3|c_bd44a04dd65523724f16,False,SAME_MINUTE_TIMES_AND_ECONOMIC_FIELDS,0
dup_b28b1ac1b7160671,2,"2025/2021-2024/2021/statement (8).html|DREA,補交易紀錄/2021-01-27 挑戰 最高+389.08%.csv",CSV|HTML,rec_bd20dbb5e6133c00c064|c_45e1e21ec3fa7da4f52f,False,SAME_MINUTE_TIMES_AND_ECONOMIC_FIELDS,0
dup_7713abae6cc9eb6e,2,"2025/2021-2024/2021/statement (8).html|DREA,補交易紀錄/2021-01-27 挑戰 最高+389.08%.csv",CSV|HTML,rec_77a65add3483e3fb52b0|c_fa0223e84db37febfab4,False,SAME_MINUTE_TIMES_AND_ECONOMIC_FIELDS,0
dup_55b435b974356600,2,"2025/2021-2024/2021/statement (8).html|DREA,補交易紀錄/2021-01-27 挑戰 最高+389.08%.csv",CSV|HTML,rec_d1a05c3da6fba81521e1|c_d8a5410af547293e33bb,False,SAME_MINUTE_TIMES_AND_ECONOMIC_FIELDS,0
dup_fb351f14cae1757e,2,"2025/2021-2024/2021/statement (8).html|DREA,補交易紀錄/2021-01-27 挑戰 最高+389.08%.csv",CSV|HTML,rec_39eae8294b321c661e31|c_921c634683430a9ed4fc,False,SAME_MINUTE_TIMES_AND_ECONOMIC_FIELDS,0
dup_22c6442eb1af8231,2,"2025/2021-2024/2021/statement (8).html|DREA,補交易紀錄/2021-01-27 挑戰 最高+389.08%.csv",CSV|HTML,rec_696f9f5d91397fa7ed50|c_6eba025e7c9b58153e70,False,SAME_MINUTE_TIMES_AND_ECONOMIC_FIELDS,0
dup_941f3581ae0c1cc9,2,"2025/2021-2024/2021/statement (8).html|DREA,補交易紀錄/2021-01-27 挑戰 最高+389.08%.csv",CSV|HTML,rec_4674c4827816cac52ed8|c_e4ef067603ad2811cf11,False,SAME_MINUTE_TIMES_AND_ECONOMIC_FIELDS,0
dup_2791578d80367b83,2,"2025/2021-2024/2021/statement (8).html|DREA,補交易紀錄/2021-01-27 挑戰 最高+389.08%.csv",CSV|HTML,rec_4fea5776908d5c30d047|c_4c7b1a6e0ae4475a4bc9,False,SAME_MINUTE_TIMES_AND_ECONOMIC_FIELDS,0
dup_0ce1990bac15a394,2,"2025/2021-2024/2021/statement (8).html|DREA,補交易紀錄/2021-01-27 挑戰 最高+389.08%.csv",CSV|HTML,rec_dc8045dcc21052d8aabc|c_2f6b62fbca399d232724,False,SAME_MINUTE_TIMES_AND_ECONOMIC_FIELDS,0
dup_b172ab3241491df3,2,"2025/2021-2024/2021/statement (8).html|DREA,補交易紀錄/2021-01-27 挑戰 最高+389.08%.csv",CSV|HTML,rec_e6d74fd3178baf6237fa|c_2737d6667ef71472f88e,False,SAME_MINUTE_TIMES_AND_ECONOMIC_FIELDS,0
dup_970fc45d48457d59,2,"2025/2021-2024/2021/statement (8).html|DREA,補交易紀錄/2021-01-27 挑戰 最高+389.08%.csv",CSV|HTML,rec_6bc345a27da78b634943|c_bc64e91d321af5e0b803,False,SAME_MINUTE_TIMES_AND_ECONOMIC_FIELDS,0
dup_87c266247d2a2fbb,2,"2025/2021-2024/2021/statement (8).html|DREA,補交易紀錄/2021-01-27 挑戰 最高+389.08%.csv",CSV|HTML,rec_ead7f81e200be79072c2|c_67a5b816e0cc5d0bace4,False,SAME_MINUTE_TIMES_AND_ECONOMIC_FIELDS,0
dup_43954047da3b8212,2,"2025/2021-2024/2021/statement (8).html|DREA,補交易紀錄/2021-01-27 挑戰 最高+389.08%.csv",CSV|HTML,rec_fab4260f7a595ae255e8|c_777a418907367968c25c,False,SAME_MINUTE_TIMES_AND_ECONOMIC_FIELDS,0
dup_7070ac47c4bfd237,2,"2025/2021-2024/2021/statement (8).html|DREA,補交易紀錄/2021-01-27 挑戰 最高+389.08%.csv",CSV|HTML,rec_c5c520d8cadef23e2fa0|c_bf832ce018281698444c,False,SAME_MINUTE_TIMES_AND_ECONOMIC_FIELDS,0
dup_779c046517378946,2,"2025/2021-2024/2021/statement (8).html|DREA,補交易紀錄/2021-01-27 挑戰 最高+389.08%.csv",CSV|HTML,rec_6f360e4cd3d508a0a4d5|c_e2be9b9a5d6c283036bd,False,SAME_MINUTE_TIMES_AND_ECONOMIC_FIELDS,0
dup_8e1addc37402fb66,2,"2025/2021-2024/2021/statement (8).html|DREA,補交易紀錄/2021-01-27 挑戰 最高+389.08%.csv",CSV|HTML,rec_2a0c1fa7f05a8e7feb3a|c_6e0a8d227a22c1363714,False,SAME_MINUTE_TIMES_AND_ECONOMIC_FIELDS,0
dup_ab0e6874dc905c61,2,"2025/2021-2024/2021/statement (8).html|DREA,補交易紀錄/2021-01-27 挑戰 最高+389.08%.csv",CSV|HTML,rec_1a12c94efdae35f1de77|c_df1ca3b178dbf5a3e2b7,False,SAME_MINUTE_TIMES_AND_ECONOMIC_FIELDS,0
dup_9ee46b5bb2a315e4,2,"2025/2021-2024/2021/statement (8).html|DREA,補交易紀錄/2021-01-27 挑戰 最高+389.08%.csv",CSV|HTML,rec_2295b14ea68d0098d5ef|c_4be6c4cae4ba3c0a0fbe,False,SAME_MINUTE_TIMES_AND_ECONOMIC_FIELDS,0
dup_6297f9ac8399a9bd,2,"2025/2021-2024/2021/statement (8).html|DREA,補交易紀錄/2021-01-27 挑戰 最高+389.08%.csv",CSV|HTML,rec_49b938eae0877634b778|c_09a2b98f489fac6d98c3,False,SAME_MINUTE_TIMES_AND_ECONOMIC_FIELDS,0
dup_d4c8a331c3f12f33,2,"2025/2021-2024/2021/statement (8).html|DREA,補交易紀錄/2021-01-27 挑戰 最高+389.08%.csv",CSV|HTML,rec_cad0c4a4259b7825b7a8|c_8f52339c852f3a132c4f,False,SAME_MINUTE_TIMES_AND_ECONOMIC_FIELDS,0
dup_dcb6a8428259a9e1,2,"2025/2021-2024/2021/statement (8).html|DREA,補交易紀錄/2021-01-27 挑戰 最高+389.08%.csv",CSV|HTML,rec_a7428534be855ea2c834|c_3193abf015c7f12f88a8,False,SAME_MINUTE_TIMES_AND_ECONOMIC_FIELDS,0
dup_ec53c234b9803be3,2,"2025/2021-2024/2021/statement (8).html|DREA,補交易紀錄/2021-01-27 挑戰 最高+389.08%.csv",CSV|HTML,rec_7bc2f885a48a89436946|c_394f41c156586c842eef,False,SAME_MINUTE_TIMES_AND_ECONOMIC_FIELDS,0
dup_491f41906e2b7b21,2,"2025/2021-2024/2021/statement (8).html|DREA,補交易紀錄/2021-01-27 挑戰 最高+389.08%.csv",CSV|HTML,rec_5a58172fdd4fb6b5a117|c_0a8d971c257316357d7a,False,SAME_MINUTE_TIMES_AND_ECONOMIC_FIELDS,0
dup_469b2299746d5c2a,2,"2025/2021-2024/2021/statement (8).html|DREA,補交易紀錄/2021-01-27 挑戰 最高+389.08%.csv",CSV|HTML,rec_9dcc910b7889b5589610|c_1283144755997e07e15f,False,SAME_MINUTE_TIMES_AND_ECONOMIC_FIELDS,0
dup_bad0a00e53dbeba5,2,"2025/2021-2024/2021/statement (8).html|DREA,補交易紀錄/2021-01-27 挑戰 最高+389.08%.csv",CSV|HTML,rec_6b3bb77886757bec971a|c_20e070c81386bf67c80e,False,SAME_MINUTE_TIMES_AND_ECONOMIC_FIELDS,0
dup_a4559c5d82fec3fb,2,"2025/2021-2024/2021/statement (8).html|DREA,補交易紀錄/2021-01-27 挑戰 最高+389.08%.csv",CSV|HTML,rec_437fe32e7faa9162cb63|c_dcf764881247d284f64e,False,SAME_MINUTE_TIMES_AND_ECONOMIC_FIELDS,0
dup_eebe92cd64f77552,2,"2025/2021-2024/2021/statement (8).html|DREA,補交易紀錄/2021-01-27 挑戰 最高+389.08%.csv",CSV|HTML,rec_05de937fdcf9bc0f6981|c_b3e79e1764a35cb3bcc7,False,SAME_MINUTE_TIMES_AND_ECONOMIC_FIELDS,0
dup_3106d80bd471727e,2,"2025/2021-2024/2021/statement (8).html|DREA,補交易紀錄/2021-01-27 挑戰 最高+389.08%.csv",CSV|HTML,rec_a3fcf31e5b989f57c2ad|c_da494e7d110e80936c58,False,SAME_MINUTE_TIMES_AND_ECONOMIC_FIELDS,0
dup_2e2686107226f0bf,2,"2025/2021-2024/2021/statement (8).html|DREA,補交易紀錄/2021-01-27 挑戰 最高+389.08%.csv",CSV|HTML,rec_5e3bc06b04c13e8d4b5e|c_7eb7347a4867304ac5e2,False,SAME_MINUTE_TIMES_AND_ECONOMIC_FIELDS,0
dup_93e76875297f976f,2,"2025/2021-2024/2021/statement (8).html|DREA,補交易紀錄/2021-01-27 挑戰 最高+389.08%.csv",CSV|HTML,rec_2141a041253128a68c64|c_0f7a4ce63d7f463fe28d,False,SAME_MINUTE_TIMES_AND_ECONOMIC_FIELDS,0
dup_1f703f9fed778a04,2,"2025/2021-2024/2021/statement (8).html|DREA,補交易紀錄/2021-01-27 挑戰 最高+389.08%.csv",CSV|HTML,rec_8c69026d52cbf23e37d1|c_9359d61c419cda787bf6,False,SAME_MINUTE_TIMES_AND_ECONOMIC_FIELDS,0
dup_41424bb6309a7ead,2,"2025/2021-2024/2021/statement (8).html|DREA,補交易紀錄/2021-01-27 挑戰 最高+389.08%.csv",CSV|HTML,rec_87243bcf6d7ba04d2715|c_30da48efcb0752a91b6f,False,SAME_MINUTE_TIMES_AND_ECONOMIC_FIELDS,0
dup_9bef8234d9f91cfa,2,"2025/2021-2024/2021/statement (8).html|DREA,補交易紀錄/2021-01-27 挑戰 最高+389.08%.csv",CSV|HTML,rec_c6fd0a1f67b3b4680fd1|c_c287569ecb538f5c4d04,False,SAME_MINUTE_TIMES_AND_ECONOMIC_FIELDS,0
dup_a7961b94134c4105,2,"2025/2021-2024/2021/statement (8).html|DREA,補交易紀錄/2021-01-27 挑戰 最高+389.08%.csv",CSV|HTML,rec_3b49a48678d72897ccc0|c_7a3b370d00996e8c7878,False,SAME_MINUTE_TIMES_AND_ECONOMIC_FIELDS,0
dup_71b5567ef07da17e,2,"2025/2021-2024/2021/statement (8).html|DREA,補交易紀錄/2021-01-27 挑戰 最高+389.08%.csv",CSV|HTML,rec_3d0c51143818eb012dfe|c_5f9e2d6f0157620e9394,False,SAME_MINUTE_TIMES_AND_ECONOMIC_FIELDS,0
dup_350dc1b8a6439595,2,"2025/2021-2024/2021/statement (8).html|DREA,補交易紀錄/2021-01-27 挑戰 最高+389.08%.csv",CSV|HTML,rec_91b03c7fc50100c35fd4|c_165cdbf5ee3d8bb96067,False,SAME_MINUTE_TIMES_AND_ECONOMIC_FIELDS,0
dup_a7ba92bea7656e7e,2,"2025/2021-2024/2021/statement (8).html|DREA,補交易紀錄/2021-01-27 挑戰 最高+389.08%.csv",CSV|HTML,rec_b40152d081e3d17b72ba|c_6951511ed9441eb44ae8,False,SAME_MINUTE_TIMES_AND_ECONOMIC_FIELDS,0
dup_5fba451612f18368,2,"2025/2021-2024/2021/statement (8).html|DREA,補交易紀錄/2021-01-27 挑戰 最高+389.08%.csv",CSV|HTML,rec_1021efcb67c4e02e358a|c_69b866885a5250979c01,False,SAME_MINUTE_TIMES_AND_ECONOMIC_FIELDS,0
dup_d0f858cab14bbc9d,2,"2025/2021-2024/2021/statement (8).html|DREA,補交易紀錄/2021-01-27 挑戰 最高+389.08%.csv",CSV|HTML,rec_d698b1b0e2cccd63755e|c_3977e44ac5ce3ef3570f,False,SAME_MINUTE_TIMES_AND_ECONOMIC_FIELDS,0
dup_fd981aa13e50c16f,2,"2025/2021-2024/2021/statement (8).html|DREA,補交易紀錄/2021-01-27 挑戰 最高+389.08%.csv",CSV|HTML,rec_b0a75922372c76a68ba4|c_474968a8b0bf76c0434a,False,SAME_MINUTE_TIMES_AND_ECONOMIC_FIELDS,0
dup_a1a84c64364b1f1e,2,"2025/2021-2024/2021/statement (8).html|DREA,補交易紀錄/2021-01-27 挑戰 最高+389.08%.csv",CSV|HTML,rec_6f5e8eca80a602029dae|c_c2ba1135b0fc28edce4f,False,SAME_MINUTE_TIMES_AND_ECONOMIC_FIELDS,0
dup_65d70f0ab779ff2d,2,"2025/2021-2024/2021/statement (8).html|DREA,補交易紀錄/2021-01-27 挑戰 最高+389.08%.csv",CSV|HTML,rec_28d6b59165153e510863|c_9f70d108cca557c45af1,False,SAME_MINUTE_TIMES_AND_ECONOMIC_FIELDS,0
dup_d737815883cd0109,2,"2025/2021-2024/2021/statement (8).html|DREA,補交易紀錄/2021-01-27 挑戰 最高+389.08%.csv",CSV|HTML,rec_12722e5d05a98eda85d1|c_ec0a1c2de1335ccdaee8,False,SAME_MINUTE_TIMES_AND_ECONOMIC_FIELDS,0
dup_b2c361f58e4e6923,2,"2025/2021-2024/2021/statement (8).html|DREA,補交易紀錄/2021-01-27 挑戰 最高+389.08%.csv",CSV|HTML,rec_1315f69fc7a98c5af39c|c_e55102b036dae007ba12,False,SAME_MINUTE_TIMES_AND_ECONOMIC_FIELDS,0
dup_7069be21ab9b8a01,2,"2025/2021-2024/2021/statement (8).html|DREA,補交易紀錄/2021-01-27 挑戰 最高+389.08%.csv",CSV|HTML,rec_8d6d9878506275cf2af0|c_861c1a2ac642252f7a39,False,SAME_MINUTE_TIMES_AND_ECONOMIC_FIELDS,0
dup_2e160d3b1fe7c09a,2,"2025/2021-2024/2021/statement (8).html|DREA,補交易紀錄/2021-01-27 挑戰 最高+389.08%.csv",CSV|HTML,rec_8e1fd24e99df8d6c14a2|c_b776e16b0516cb039666,False,SAME_MINUTE_TIMES_AND_ECONOMIC_FIELDS,0
dup_b0ebe5364cea72cd,2,"2025/2021-2024/2021/statement (8).html|DREA,補交易紀錄/2021-01-27 挑戰 最高+389.08%.csv",CSV|HTML,rec_97b381402f53a41669f6|c_ca2dc3b9f8506ae8ab34,False,SAME_MINUTE_TIMES_AND_ECONOMIC_FIELDS,0
dup_05dcb40c831034fb,2,"2025/2021-2024/2021/statement (8).html|DREA,補交易紀錄/2021-01-27 挑戰 最高+389.08%.csv",CSV|HTML,rec_b7c05ab2de349234e4d5|c_e61374a8c6fcb240c95e,False,SAME_MINUTE_TIMES_AND_ECONOMIC_FIELDS,0
dup_84d80be9c6aade27,2,"2025/2021-2024/2021/statement (8).html|DREA,補交易紀錄/2021-01-27 挑戰 最高+389.08%.csv",CSV|HTML,rec_c82434a720fb3a568e68|c_64d0f634f8ee70d7a61b,False,SAME_MINUTE_TIMES_AND_ECONOMIC_FIELDS,0
dup_967457b9fa1ccafe,2,"2025/2021-2024/2021/statement (8).html|DREA,補交易紀錄/2021-01-27 挑戰 最高+389.08%.csv",CSV|HTML,rec_c9dee38aa1534a1fb86a|c_491b6cf546a874e43bfb,False,SAME_MINUTE_TIMES_AND_ECONOMIC_FIELDS,0
dup_21123d0bb9a0e727,2,"2025/2021-2024/2021/statement (8).html|DREA,補交易紀錄/2021-01-27 挑戰 最高+389.08%.csv",CSV|HTML,rec_4ef55ffd53340323fce6|c_c2ae0cd89f4cb3b51579,False,SAME_MINUTE_TIMES_AND_ECONOMIC_FIELDS,0
dup_72cafaa39f04cb8f,2,"2025/2021-2024/2021/statement (8).html|DREA,補交易紀錄/2021-01-27 挑戰 最高+389.08%.csv",CSV|HTML,rec_db5df62f948260e359b8|c_47411cc2ddfcdadea2a9,False,SAME_MINUTE_TIMES_AND_ECONOMIC_FIELDS,0
dup_f669e9ebef8a4bad,2,"2025/2021-2024/2021/statement (8).html|DREA,補交易紀錄/2021-01-27 挑戰 最高+389.08%.csv",CSV|HTML,rec_7abd396e921d6a4913f8|c_fb28237e06313ddcd300,False,SAME_MINUTE_TIMES_AND_ECONOMIC_FIELDS,0
dup_2b70883ba01db813,2,"2025/2021-2024/2021/statement (8).html|DREA,補交易紀錄/2021-01-27 挑戰 最高+389.08%.csv",CSV|HTML,rec_7cbaf543181c41e2f832|c_d48886403efbcf86882d,False,SAME_MINUTE_TIMES_AND_ECONOMIC_FIELDS,0
dup_4c939710efa12cc8,2,"2025/2021-2024/2021/statement (8).html|DREA,補交易紀錄/2021-01-27 挑戰 最高+389.08%.csv",CSV|HTML,rec_02be906c81d672a41fd9|c_456a6f78f0fdbcd70216,False,SAME_MINUTE_TIMES_AND_ECONOMIC_FIELDS,0
dup_22fafcbf4f6f16b1,2,"2025/2021-2024/2021/statement (8).html|DREA,補交易紀錄/2021-01-27 挑戰 最高+389.08%.csv",CSV|HTML,rec_a1dc9e75ff6f9fbd937f|c_59127d5d47e8566a0d84,False,SAME_MINUTE_TIMES_AND_ECONOMIC_FIELDS,0
dup_cc840d6b65e8b5f7,2,"2025/2021-2024/2021/statement (8).html|DREA,補交易紀錄/2021-01-27 挑戰 最高+389.08%.csv",CSV|HTML,rec_673bdf8124af9daee3e5|c_e5423af3aaf4966b84be,False,SAME_MINUTE_TIMES_AND_ECONOMIC_FIELDS,0
dup_f55a534269f320f9,2,"2025/2021-2024/2021/statement (8).html|DREA,補交易紀錄/2021-01-27 挑戰 最高+389.08%.csv",CSV|HTML,rec_424eeef37ff61ec04c7b|c_d1dda7256dcd80131891,False,SAME_MINUTE_TIMES_AND_ECONOMIC_FIELDS,0
dup_9f4945093f2efb61,2,"2025/2021-2024/2021/statement (8).html|DREA,補交易紀錄/2021-01-27 挑戰 最高+389.08%.csv",CSV|HTML,rec_6ce25354b131c02d21ba|c_3b712d454ac3de8cda83,False,SAME_MINUTE_TIMES_AND_ECONOMIC_FIELDS,0
dup_0a4482ec87290117,2,"2025/2021-2024/2021/statement (8).html|DREA,補交易紀錄/2021-01-27 挑戰 最高+389.08%.csv",CSV|HTML,rec_c559e16d74711fdab306|c_bcdc807ffb5b36112a5d,False,SAME_MINUTE_TIMES_AND_ECONOMIC_FIELDS,0
dup_c19597185267b3b6,2,"2025/2021-2024/2021/statement (8).html|DREA,補交易紀錄/2021-01-27 挑戰 最高+389.08%.csv",CSV|HTML,rec_9fa5efde4e73709a986e|c_476ba41788078287e291,False,SAME_MINUTE_TIMES_AND_ECONOMIC_FIELDS,0
dup_6f8111dfdef4ce37,2,"2025/2021-2024/2021/statement (8).html|DREA,補交易紀錄/2021-01-27 挑戰 最高+389.08%.csv",CSV|HTML,rec_a60a7d38995b6ed572f6|c_852de40490c4f30de609,False,SAME_MINUTE_TIMES_AND_ECONOMIC_FIELDS,0
dup_7c0f4bddf37bec38,2,"2025/2021-2024/2021/statement (8).html|DREA,補交易紀錄/2021-01-27 挑戰 最高+389.08%.csv",CSV|HTML,rec_6c2d1399c8234731ffbd|c_b871f9002b86ba05ec61,False,SAME_MINUTE_TIMES_AND_ECONOMIC_FIELDS,0
dup_9aee66b5009c2ec7,2,"2025/2021-2024/2021/statement (8).html|DREA,補交易紀錄/2021-01-27 挑戰 最高+389.08%.csv",CSV|HTML,rec_434447dc11233d8ec52b|c_bb1a0dd41c3375ffe149,False,SAME_MINUTE_TIMES_AND_ECONOMIC_FIELDS,0
dup_1bd1f9200d2ce7e4,2,"2025/2021-2024/2021/statement (8).html|DREA,補交易紀錄/2021-01-27 挑戰 最高+389.08%.csv",CSV|HTML,rec_8b60f6d47202d4d66e5b|c_475f30cc3f86c6058b90,False,SAME_MINUTE_TIMES_AND_ECONOMIC_FIELDS,0
dup_00be61f09c517596,2,"2025/2021-2024/2021/statement (8).html|DREA,補交易紀錄/2021-01-27 挑戰 最高+389.08%.csv",CSV|HTML,rec_af3547c36a9ebccfe6f2|c_0f650fb91cccb912ba6f,False,SAME_MINUTE_TIMES_AND_ECONOMIC_FIELDS,0
dup_b9f8063a0d0a07e1,2,"2025/2021-2024/2021/statement (8).html|DREA,補交易紀錄/2021-01-27 挑戰 最高+389.08%.csv",CSV|HTML,rec_6e6a83e47dd988973951|c_633fea463047a8d2a962,False,SAME_MINUTE_TIMES_AND_ECONOMIC_FIELDS,0
dup_b5b9aa3e575f14d2,2,"2025/2021-2024/2021/statement (8).html|DREA,補交易紀錄/2021-01-27 挑戰 最高+389.08%.csv",CSV|HTML,rec_ba26ccd56f7b3eb3b345|c_45787d865fe996421d1d,False,SAME_MINUTE_TIMES_AND_ECONOMIC_FIELDS,0
dup_85f569ee704bb579,2,"2025/2021-2024/2021/statement (8).html|DREA,補交易紀錄/2021-01-27 挑戰 最高+389.08%.csv",CSV|HTML,rec_6e96f8d77edd70c6b69e|c_5f8881bbd8c18904cde9,False,SAME_MINUTE_TIMES_AND_ECONOMIC_FIELDS,0
dup_dac148ef0ed23a57,2,"2025/2021-2024/2021/statement (8).html|DREA,補交易紀錄/2021-01-27 挑戰 最高+389.08%.csv",CSV|HTML,rec_afe02e3ea019f57d3ef3|c_751596628eb21cfc0e1b,False,SAME_MINUTE_TIMES_AND_ECONOMIC_FIELDS,0
dup_8298f1b0634d2c34,2,"2025/2021-2024/2021/statement (8).html|DREA,補交易紀錄/2021-01-27 挑戰 最高+389.08%.csv",CSV|HTML,rec_436249328279d7150639|c_230e3eb01dcb28561aa6,False,SAME_MINUTE_TIMES_AND_ECONOMIC_FIELDS,0
dup_c62ba4a76fb7c2e5,2,"2025/2021-2024/2021/statement (8).html|DREA,補交易紀錄/2021-01-27 挑戰 最高+389.08%.csv",CSV|HTML,rec_4d9bd3f5a00227dff24f|c_3128059e65419f8a0c4c,False,SAME_MINUTE_TIMES_AND_ECONOMIC_FIELDS,0
dup_a452e16636941cab,2,"2025/2021-2024/2021/statement (6).html|DREA,補交易紀錄/2021-05-07 (風控賺錢) Hantec 最高+518.78%.csv",CSV|HTML,rec_41cf67c0cc802c389f45|c_69cafed48f79eb01c7b5,False,SAME_MINUTE_TIMES_AND_ECONOMIC_FIELDS,0
dup_189e7ff4547dd614,2,"2025/2021-2024/2021/statement (6).html|DREA,補交易紀錄/2021-05-07 (風控賺錢) Hantec 最高+518.78%.csv",CSV|HTML,rec_06f719ecb3aff8b19d3c|c_1224cd77074278310180,False,SAME_MINUTE_TIMES_AND_ECONOMIC_FIELDS,0
dup_fa23b8f4b48da8ee,2,"2025/2021-2024/2021/statement (6).html|DREA,補交易紀錄/2021-05-07 (風控賺錢) Hantec 最高+518.78%.csv",CSV|HTML,rec_8672a75a714d1129400d|c_527f21a874b96ceec1fb,False,SAME_MINUTE_TIMES_AND_ECONOMIC_FIELDS,0
dup_a815b8f4e4f01d53,2,"2025/2021-2024/2021/statement (6).html|DREA,補交易紀錄/2021-05-07 (風控賺錢) Hantec 最高+518.78%.csv",CSV|HTML,rec_b6c9d896db6dba76c3af|c_18a9def06ed0cdcd43f6,False,SAME_MINUTE_TIMES_AND_ECONOMIC_FIELDS,0
dup_c63af47267078756,2,"2025/2021-2024/2021/statement (6).html|DREA,補交易紀錄/2021-05-07 (風控賺錢) Hantec 最高+518.78%.csv",CSV|HTML,rec_68a427a4e59b82e1381d|c_eea561f5bc3fefa0a0df,False,SAME_MINUTE_TIMES_AND_ECONOMIC_FIELDS,0
dup_232dc640fbe5e756,2,"2025/2021-2024/2021/statement (6).html|DREA,補交易紀錄/2021-05-07 (風控賺錢) Hantec 最高+518.78%.csv",CSV|HTML,rec_afafc8477af65a8e4142|c_baa3f3778d195c303e36,False,SAME_MINUTE_TIMES_AND_ECONOMIC_FIELDS,0
dup_1e4445c9b16d81fb,2,"2025/2021-2024/2021/statement (6).html|DREA,補交易紀錄/2021-05-07 (風控賺錢) Hantec 最高+518.78%.csv",CSV|HTML,rec_4caab9695a8380289f13|c_86a25f1c918f52341f0c,False,SAME_MINUTE_TIMES_AND_ECONOMIC_FIELDS,0
dup_4837d1b2954078a9,2,"2025/2021-2024/2021/statement (6).html|DREA,補交易紀錄/2021-05-07 (風控賺錢) Hantec 最高+518.78%.csv",CSV|HTML,rec_41f5724e84066c320d15|c_86afbc852e9354a2c878,False,SAME_MINUTE_TIMES_AND_ECONOMIC_FIELDS,0
dup_8fec8963fd2b1580,2,"2025/2021-2024/2021/statement (6).html|DREA,補交易紀錄/2021-05-07 (風控賺錢) Hantec 最高+518.78%.csv",CSV|HTML,rec_d8a10bbcf3a37eebf1fa|c_90f42775b824a3c6f0a0,False,SAME_MINUTE_TIMES_AND_ECONOMIC_FIELDS,0
dup_0daa0ea35e848829,2,"2025/2021-2024/2021/statement (6).html|DREA,補交易紀錄/2021-05-07 (風控賺錢) Hantec 最高+518.78%.csv",CSV|HTML,rec_4cbdbb92187a34a39185|c_216d9dd08e14d550c1e5,False,SAME_MINUTE_TIMES_AND_ECONOMIC_FIELDS,0
dup_dcddddc12c99af9d,2,"2025/2021-2024/2021/statement (6).html|DREA,補交易紀錄/2021-05-07 (風控賺錢) Hantec 最高+518.78%.csv",CSV|HTML,rec_fcf74f3524b6a2611e2a|c_670672f0a6aae9dc8704,False,SAME_MINUTE_TIMES_AND_ECONOMIC_FIELDS,0
dup_7b2c8a471c52a45f,2,"2025/2021-2024/2021/statement (6).html|DREA,補交易紀錄/2021-05-07 (風控賺錢) Hantec 最高+518.78%.csv",CSV|HTML,rec_3435d80cd681866fdc79|c_31b79da40bfbad1c5e32,False,SAME_MINUTE_TIMES_AND_ECONOMIC_FIELDS,0
dup_73178407a788b634,2,"2025/2021-2024/2021/statement (6).html|DREA,補交易紀錄/2021-05-07 (風控賺錢) Hantec 最高+518.78%.csv",CSV|HTML,rec_22bb07004d5b7df7f643|c_5464894561c9e4e2aafe,False,SAME_MINUTE_TIMES_AND_ECONOMIC_FIELDS,0
dup_be06fa39f82a55da,2,"2025/2021-2024/2021/statement (6).html|DREA,補交易紀錄/2021-05-07 (風控賺錢) Hantec 最高+518.78%.csv",CSV|HTML,rec_5dc978c0b3a5c6e038b1|c_6890b6169fbde1f8bc29,False,SAME_MINUTE_TIMES_AND_ECONOMIC_FIELDS,0
dup_ef70b8b043fe37e8,2,"2025/2021-2024/2021/statement (5).html|DREA,補交易紀錄/2021-05-19 風控小賺 最高+10,505%.csv",CSV|HTML,rec_bd35f55b75e914d6679d|c_dd55ad7c6178607e92fc,False,SAME_MINUTE_TIMES_AND_ECONOMIC_FIELDS,0
dup_92c38b4d117ae96d,2,"2025/2021-2024/2021/statement (5).html|DREA,補交易紀錄/2021-05-19 風控小賺 最高+10,505%.csv",CSV|HTML,rec_497bdfa70f032979f7d3|c_296f4021262967ffdd6d,False,SAME_MINUTE_TIMES_AND_ECONOMIC_FIELDS,0
dup_d024cfc997c089a3,2,"2025/2021-2024/2021/statement (5).html|DREA,補交易紀錄/2021-05-19 風控小賺 最高+10,505%.csv",CSV|HTML,rec_e45affb92256aa7ffd9b|c_47e2d34369bade904b29,False,SAME_MINUTE_TIMES_AND_ECONOMIC_FIELDS,0
dup_eee468bee1808140,2,"2025/2021-2024/2021/statement (5).html|DREA,補交易紀錄/2021-05-19 風控小賺 最高+10,505%.csv",CSV|HTML,rec_16e42b9c3ae4e2a6b8e2|c_5a0f520f93c9c05abd3c,False,SAME_MINUTE_TIMES_AND_ECONOMIC_FIELDS,0
dup_44286df07ea09a96,2,"2025/2021-2024/2021/statement (5).html|DREA,補交易紀錄/2021-05-19 風控小賺 最高+10,505%.csv",CSV|HTML,rec_4651ccd688504faad0cb|c_8007230f622dbe0aa8bf,False,SAME_MINUTE_TIMES_AND_ECONOMIC_FIELDS,0
dup_b227228b1ee4d080,2,"2025/2021-2024/2021/statement (5).html|DREA,補交易紀錄/2021-05-19 風控小賺 最高+10,505%.csv",CSV|HTML,rec_69a528ef2b62c497648d|c_ef6e0355d44db40c463f,False,SAME_MINUTE_TIMES_AND_ECONOMIC_FIELDS,0
dup_7dd13b06288c3c84,2,"2025/2021-2024/2021/statement (5).html|DREA,補交易紀錄/2021-05-19 風控小賺 最高+10,505%.csv",CSV|HTML,rec_70398b2bc1d9d91615af|c_675a8f5d7aa3a16ad86c,False,SAME_MINUTE_TIMES_AND_ECONOMIC_FIELDS,0
dup_39cd04880f6dbe06,2,"2025/2021-2024/2021/statement (5).html|DREA,補交易紀錄/2021-05-19 風控小賺 最高+10,505%.csv",CSV|HTML,rec_62df2a9b69ff25b46f51|c_e4ec8c397a1e832c9833,False,SAME_MINUTE_TIMES_AND_ECONOMIC_FIELDS,0
dup_1cb3614446da0008,2,"2025/2021-2024/2021/statement (5).html|DREA,補交易紀錄/2021-05-19 風控小賺 最高+10,505%.csv",CSV|HTML,rec_865f5c5791e6306fd4dd|c_23bf73b04bd49fb1f769,False,SAME_MINUTE_TIMES_AND_ECONOMIC_FIELDS,0
dup_bf8119cc9530cd8e,2,"2025/2021-2024/2021/statement (5).html|DREA,補交易紀錄/2021-05-19 風控小賺 最高+10,505%.csv",CSV|HTML,rec_2667fe3e7aecd55d455d|c_a2935c11cccdcebd7781,False,SAME_MINUTE_TIMES_AND_ECONOMIC_FIELDS,0
dup_4b02b5140a3b39ea,2,"2025/2021-2024/2021/statement (5).html|DREA,補交易紀錄/2021-05-19 風控小賺 最高+10,505%.csv",CSV|HTML,rec_7c187731324a934fdcfe|c_e3bc18841deaea7b4b59,False,SAME_MINUTE_TIMES_AND_ECONOMIC_FIELDS,0
dup_07b07015d741abd8,2,"2025/2021-2024/2021/statement (5).html|DREA,補交易紀錄/2021-05-19 風控小賺 最高+10,505%.csv",CSV|HTML,rec_0af5ac213b5076cd5175|c_0d1a8bfa5d9d2869ee55,False,SAME_MINUTE_TIMES_AND_ECONOMIC_FIELDS,0
dup_98b0fe63014cb0fb,2,"2025/2021-2024/2021/statement (5).html|DREA,補交易紀錄/2021-05-19 風控小賺 最高+10,505%.csv",CSV|HTML,rec_b2a31f9b4ef35e5254fd|c_ec3ed445a5f5bc692ab1,False,SAME_MINUTE_TIMES_AND_ECONOMIC_FIELDS,0
dup_122a0e2c95ce5066,2,"2025/2021-2024/2021/statement (5).html|DREA,補交易紀錄/2021-05-19 風控小賺 最高+10,505%.csv",CSV|HTML,rec_a62993566380d0cc7416|c_50901897f9131053b7a0,False,SAME_MINUTE_TIMES_AND_ECONOMIC_FIELDS,0
dup_0f34cc77e9295369,2,"2025/2021-2024/2021/statement (5).html|DREA,補交易紀錄/2021-05-19 風控小賺 最高+10,505%.csv",CSV|HTML,rec_37540065b540665ba965|c_1ecc0135acdeafbb4a06,False,SAME_MINUTE_TIMES_AND_ECONOMIC_FIELDS,0
dup_8f721131ec6cd249,2,"2025/2021-2024/2021/statement (5).html|DREA,補交易紀錄/2021-05-19 風控小賺 最高+10,505%.csv",CSV|HTML,rec_277c2039b509c5c2115d|c_369385fa55a2b0b3bec8,False,SAME_MINUTE_TIMES_AND_ECONOMIC_FIELDS,0
dup_d2d54ca78ce2182f,2,"2025/2021-2024/2021/statement (5).html|DREA,補交易紀錄/2021-05-19 風控小賺 最高+10,505%.csv",CSV|HTML,rec_31f94ee1acdfb1fe186b|c_7164226723ac8f7f17a2,False,SAME_MINUTE_TIMES_AND_ECONOMIC_FIELDS,0
dup_85d734abd289a300,2,"2025/2021-2024/2021/statement (5).html|DREA,補交易紀錄/2021-05-19 風控小賺 最高+10,505%.csv",CSV|HTML,rec_80c747907f71339ae42f|c_8d045ffd2bd08d4614a9,False,SAME_MINUTE_TIMES_AND_ECONOMIC_FIELDS,0
dup_8fd2220fc3249102,2,"2025/2021-2024/2021/statement (5).html|DREA,補交易紀錄/2021-05-19 風控小賺 最高+10,505%.csv",CSV|HTML,rec_1a0cdfeb19c6063d6558|c_8029410ac575af9f2b7c,False,SAME_MINUTE_TIMES_AND_ECONOMIC_FIELDS,0
dup_cca983c8847e195d,2,"2025/2021-2024/2021/statement (5).html|DREA,補交易紀錄/2021-05-19 風控小賺 最高+10,505%.csv",CSV|HTML,rec_2de1377e912468bf0e79|c_574b844a0a1bc210ee30,False,SAME_MINUTE_TIMES_AND_ECONOMIC_FIELDS,0
dup_889e2afea20c9775,2,"2025/2021-2024/2021/statement (5).html|DREA,補交易紀錄/2021-05-19 風控小賺 最高+10,505%.csv",CSV|HTML,rec_b6ba6c3826f77a3fb788|c_cb06b322ace1349ef0e3,False,SAME_MINUTE_TIMES_AND_ECONOMIC_FIELDS,0
dup_6d2aa9a72cf6f9b2,2,"2025/2021-2024/2021/statement (5).html|DREA,補交易紀錄/2021-05-19 風控小賺 最高+10,505%.csv",CSV|HTML,rec_3d43c830a002d8818c1f|c_50a8c251aab022773d05,False,SAME_MINUTE_TIMES_AND_ECONOMIC_FIELDS,0
dup_37938002c7f3702f,2,"2025/2021-2024/2021/statement (5).html|DREA,補交易紀錄/2021-05-19 風控小賺 最高+10,505%.csv",CSV|HTML,rec_6be83c6a35ab3521955e|c_2a9e614e58b75b49f578,False,SAME_MINUTE_TIMES_AND_ECONOMIC_FIELDS,0
dup_36d4ef67d5d1b913,2,"2025/2021-2024/2021/statement (5).html|DREA,補交易紀錄/2021-05-19 風控小賺 最高+10,505%.csv",CSV|HTML,rec_b44a24a24f59a4d7ff31|c_31ae6643fbd0422c8e79,False,SAME_MINUTE_TIMES_AND_ECONOMIC_FIELDS,0
dup_f52ae60b0e89df1e,2,"2025/2021-2024/2021/statement (5).html|DREA,補交易紀錄/2021-05-19 風控小賺 最高+10,505%.csv",CSV|HTML,rec_9e9eb6403e219ad2f8e6|c_5a0389d502ac68e00590,False,SAME_MINUTE_TIMES_AND_ECONOMIC_FIELDS,0
dup_0eefd2f786635a97,2,"2025/2021-2024/2021/statement (5).html|DREA,補交易紀錄/2021-05-19 風控小賺 最高+10,505%.csv",CSV|HTML,rec_42003dca5c1439c82f2f|c_667883b1686220830de8,False,SAME_MINUTE_TIMES_AND_ECONOMIC_FIELDS,0
dup_6a4ddb6d4c752919,2,"2025/2021-2024/2021/statement (5).html|DREA,補交易紀錄/2021-05-19 風控小賺 最高+10,505%.csv",CSV|HTML,rec_ea16eafcc143f5deb2c0|c_e577d5709b662d41573f,False,SAME_MINUTE_TIMES_AND_ECONOMIC_FIELDS,0
dup_6225b9d2fe876224,2,"2025/2021-2024/2021/statement (5).html|DREA,補交易紀錄/2021-05-19 風控小賺 最高+10,505%.csv",CSV|HTML,rec_488b5bc5659f4b2ba49f|c_8052726c5b100db40aaa,False,SAME_MINUTE_TIMES_AND_ECONOMIC_FIELDS,0
dup_c8c22c5d64b5b109,2,"2025/2021-2024/2021/statement (5).html|DREA,補交易紀錄/2021-05-19 風控小賺 最高+10,505%.csv",CSV|HTML,rec_e910c2aae4e8c5325b51|c_02d710cb4fe96065d923,False,SAME_MINUTE_TIMES_AND_ECONOMIC_FIELDS,0
dup_779ae7add609790e,2,"2025/2021-2024/2021/statement (5).html|DREA,補交易紀錄/2021-05-19 風控小賺 最高+10,505%.csv",CSV|HTML,rec_bb2063ab3722eb38ca54|c_d37a761b2ade7c6a004c,False,SAME_MINUTE_TIMES_AND_ECONOMIC_FIELDS,0
dup_fa1ab61fde340da2,2,"2025/2021-2024/2021/statement (5).html|DREA,補交易紀錄/2021-05-19 風控小賺 最高+10,505%.csv",CSV|HTML,rec_d16c9d503481c2e1bff4|c_44b60347f1b512d94cd2,False,SAME_MINUTE_TIMES_AND_ECONOMIC_FIELDS,0
dup_15cbba32675f067c,2,"2025/2021-2024/2021/statement (5).html|DREA,補交易紀錄/2021-05-19 風控小賺 最高+10,505%.csv",CSV|HTML,rec_ca635dc163c567eee5aa|c_0ee54fe911d5d9ac643a,False,SAME_MINUTE_TIMES_AND_ECONOMIC_FIELDS,0
dup_5d34e1b0ea5d780a,2,"2025/2021-2024/2021/statement (5).html|DREA,補交易紀錄/2021-05-19 風控小賺 最高+10,505%.csv",CSV|HTML,rec_fb6a99e40cea32102684|c_ff245f8ac299520c0a26,False,SAME_MINUTE_TIMES_AND_ECONOMIC_FIELDS,0
dup_74f585b2ed97048f,2,"2025/2021-2024/2021/statement (5).html|DREA,補交易紀錄/2021-05-19 風控小賺 最高+10,505%.csv",CSV|HTML,rec_dbeb353d19c9d6a2ca1f|c_afec59c38f5d24c9bfeb,False,SAME_MINUTE_TIMES_AND_ECONOMIC_FIELDS,0
dup_393cbfb7ec2d66f2,2,"2025/2021-2024/2021/statement (5).html|DREA,補交易紀錄/2021-05-19 風控小賺 最高+10,505%.csv",CSV|HTML,rec_d2d3f9c6e482c689d5e5|c_913717654eb043a3066e,False,SAME_MINUTE_TIMES_AND_ECONOMIC_FIELDS,0
dup_8e71cba37ff60ae8,2,"2025/2021-2024/2021/statement (5).html|DREA,補交易紀錄/2021-05-19 風控小賺 最高+10,505%.csv",CSV|HTML,rec_5853749756898b6baf19|c_044b8c251c6032893f99,False,SAME_MINUTE_TIMES_AND_ECONOMIC_FIELDS,0
dup_da99633d471f4ca9,2,"2025/2021-2024/2021/statement (5).html|DREA,補交易紀錄/2021-05-19 風控小賺 最高+10,505%.csv",CSV|HTML,rec_459c46c26a941e209b8c|c_158304b66e330b1458da,False,SAME_MINUTE_TIMES_AND_ECONOMIC_FIELDS,0
dup_dd6328474e6823e3,2,"2025/2021-2024/2021/statement (5).html|DREA,補交易紀錄/2021-05-19 風控小賺 最高+10,505%.csv",CSV|HTML,rec_98d4b63898ff88024158|c_787f56609c32715878aa,False,SAME_MINUTE_TIMES_AND_ECONOMIC_FIELDS,0
dup_94e9db1256b47e73,2,"2025/2021-2024/2021/statement (5).html|DREA,補交易紀錄/2021-05-19 風控小賺 最高+10,505%.csv",CSV|HTML,rec_40ab7e47b07da3307e49|c_18a888a0164ce945f9eb,False,SAME_MINUTE_TIMES_AND_ECONOMIC_FIELDS,0
dup_f6791be5b42345d2,2,"2025/2021-2024/2021/statement (5).html|DREA,補交易紀錄/2021-05-19 風控小賺 最高+10,505%.csv",CSV|HTML,rec_779bfb9751266ff99230|c_81fc315a16e12e7cd5f0,False,SAME_MINUTE_TIMES_AND_ECONOMIC_FIELDS,0
dup_1d934bff1fc3895b,2,"2025/2021-2024/2021/statement (5).html|DREA,補交易紀錄/2021-05-19 風控小賺 最高+10,505%.csv",CSV|HTML,rec_ca088e2b4af9d2939b3a|c_13c77b24c7f8725c6809,False,SAME_MINUTE_TIMES_AND_ECONOMIC_FIELDS,0
dup_24b59f1d4404eb74,2,"2025/2021-2024/2021/statement (5).html|DREA,補交易紀錄/2021-05-19 風控小賺 最高+10,505%.csv",CSV|HTML,rec_29e793c61cc494b59158|c_6e02a5fe79a856790e59,False,SAME_MINUTE_TIMES_AND_ECONOMIC_FIELDS,0
dup_883b6789958cb90a,2,"2025/2021-2024/2021/statement (5).html|DREA,補交易紀錄/2021-05-19 風控小賺 最高+10,505%.csv",CSV|HTML,rec_ea153273257ddac1f3e4|c_331b01239104eaa26524,False,SAME_MINUTE_TIMES_AND_ECONOMIC_FIELDS,0
dup_b02f635c32bf3ce4,2,"2025/2021-2024/2021/statement (5).html|DREA,補交易紀錄/2021-05-19 風控小賺 最高+10,505%.csv",CSV|HTML,rec_f6ab730a50526af52b1b|c_7cba44d2c43f14bad697,False,SAME_MINUTE_TIMES_AND_ECONOMIC_FIELDS,0
dup_9005f0b5e3b460b6,2,"2025/2021-2024/2021/statement (5).html|DREA,補交易紀錄/2021-05-19 風控小賺 最高+10,505%.csv",CSV|HTML,rec_10cda998e7442b920492|c_9df34a9f428117692cf8,False,SAME_MINUTE_TIMES_AND_ECONOMIC_FIELDS,0
dup_114014c110ff81b5,2,"2025/2021-2024/2021/statement (5).html|DREA,補交易紀錄/2021-05-19 風控小賺 最高+10,505%.csv",CSV|HTML,rec_a3dbb666790b716a9236|c_8ed5e144ce5e451eb6a1,False,SAME_MINUTE_TIMES_AND_ECONOMIC_FIELDS,0
dup_7e8fa9e96a94a6ee,2,"2025/2021-2024/2021/statement (5).html|DREA,補交易紀錄/2021-05-19 風控小賺 最高+10,505%.csv",CSV|HTML,rec_413e8fea10b1569b1a0e|c_920da3390b271d10a753,False,SAME_MINUTE_TIMES_AND_ECONOMIC_FIELDS,0
dup_4f2376d8b11f2d1f,2,"2025/2021-2024/2021/statement (5).html|DREA,補交易紀錄/2021-05-19 風控小賺 最高+10,505%.csv",CSV|HTML,rec_f6d09933717f28153b8e|c_3f3d78079cf2946fe1e0,False,SAME_MINUTE_TIMES_AND_ECONOMIC_FIELDS,0
dup_4da468671cdbc3cf,2,"2025/2021-2024/2021/statement (5).html|DREA,補交易紀錄/2021-05-19 風控小賺 最高+10,505%.csv",CSV|HTML,rec_eae3e88bc04a31ba1221|c_cd3059174d732f8495b2,False,SAME_MINUTE_TIMES_AND_ECONOMIC_FIELDS,0
dup_930c82d4f00f2725,2,"2025/2021-2024/2021/statement (5).html|DREA,補交易紀錄/2021-05-19 風控小賺 最高+10,505%.csv",CSV|HTML,rec_ba0ed0db94bf5f86a92b|c_cb384df6cce543bf6d29,False,SAME_MINUTE_TIMES_AND_ECONOMIC_FIELDS,0
dup_3a4142a5be3fc911,2,"2025/2021-2024/2021/statement (5).html|DREA,補交易紀錄/2021-05-19 風控小賺 最高+10,505%.csv",CSV|HTML,rec_044dfee236ffb82cb3fe|c_4d00a22fbaed1093e5ea,False,SAME_MINUTE_TIMES_AND_ECONOMIC_FIELDS,0
dup_bc07b14624febca5,2,"2025/2021-2024/2021/statement (5).html|DREA,補交易紀錄/2021-05-19 風控小賺 最高+10,505%.csv",CSV|HTML,rec_e3279db45aea3c1272f4|c_4f523cd055e140da47af,False,SAME_MINUTE_TIMES_AND_ECONOMIC_FIELDS,0
dup_2b4f74b584503fa9,2,"2025/2021-2024/2021/statement (5).html|DREA,補交易紀錄/2021-05-19 風控小賺 最高+10,505%.csv",CSV|HTML,rec_b618fe05d33ddd12a40d|c_f2f06744562b2c4104b0,False,SAME_MINUTE_TIMES_AND_ECONOMIC_FIELDS,0
dup_a12e8451cb6625e7,2,"2025/2021-2024/2021/statement (5).html|DREA,補交易紀錄/2021-05-19 風控小賺 最高+10,505%.csv",CSV|HTML,rec_304aef5e2198921d9d9e|c_820b6ce9d227f1dcd2f0,False,SAME_MINUTE_TIMES_AND_ECONOMIC_FIELDS,0
dup_12b10c63ca162402,2,"2025/2021-2024/2021/statement (5).html|DREA,補交易紀錄/2021-05-19 風控小賺 最高+10,505%.csv",CSV|HTML,rec_85e69da686a98926f6e8|c_aff44d2d122159d65be1,False,SAME_MINUTE_TIMES_AND_ECONOMIC_FIELDS,0
dup_064c6df32c41d84a,2,"2025/2021-2024/2021/statement (5).html|DREA,補交易紀錄/2021-05-19 風控小賺 最高+10,505%.csv",CSV|HTML,rec_e18b8da5ce5c77fd84dc|c_c39d63ebc59196f3e079,False,SAME_MINUTE_TIMES_AND_ECONOMIC_FIELDS,0
dup_3bd70cee623e90be,2,"2025/2021-2024/2021/statement (5).html|DREA,補交易紀錄/2021-05-19 風控小賺 最高+10,505%.csv",CSV|HTML,rec_e76bc6d4b9f28e655b48|c_170c6304c244d918b480,False,SAME_MINUTE_TIMES_AND_ECONOMIC_FIELDS,0
dup_fd4c3c08bdade956,2,"2025/2021-2024/2021/statement (5).html|DREA,補交易紀錄/2021-05-19 風控小賺 最高+10,505%.csv",CSV|HTML,rec_4ee70d5eac4d7004d62f|c_3ee05a2a2c6283e1c984,False,SAME_MINUTE_TIMES_AND_ECONOMIC_FIELDS,0
dup_15f457f732faa7f5,2,"2025/2021-2024/2021/statement (5).html|DREA,補交易紀錄/2021-05-19 風控小賺 最高+10,505%.csv",CSV|HTML,rec_cbf3b7dc27af4fedf46c|c_7fead7a667177f7a9501,False,SAME_MINUTE_TIMES_AND_ECONOMIC_FIELDS,0
dup_64c567c02de8f9a6,2,"2025/2021-2024/2021/statement (5).html|DREA,補交易紀錄/2021-05-19 風控小賺 最高+10,505%.csv",CSV|HTML,rec_6498d4e91fbf52400ccd|c_c27700b0391cd1ab82ca,False,SAME_MINUTE_TIMES_AND_ECONOMIC_FIELDS,0
dup_53730845d76da262,2,"2025/2021-2024/2021/statement (5).html|DREA,補交易紀錄/2021-05-19 風控小賺 最高+10,505%.csv",CSV|HTML,rec_80ac42b587fd185adee2|c_6d1e953d3baa5005d50b,False,SAME_MINUTE_TIMES_AND_ECONOMIC_FIELDS,0
dup_38600df606af13c3,2,"2025/2021-2024/2021/statement (5).html|DREA,補交易紀錄/2021-05-19 風控小賺 最高+10,505%.csv",CSV|HTML,rec_830434b9e7255d2f3f03|c_3348258514b9db5a5d17,False,SAME_MINUTE_TIMES_AND_ECONOMIC_FIELDS,0
dup_08f845420f8dc448,2,"2025/2021-2024/2021/statement (5).html|DREA,補交易紀錄/2021-05-19 風控小賺 最高+10,505%.csv",CSV|HTML,rec_060acbaede3a83ebaef4|c_1aabd836772aee5810ef,False,SAME_MINUTE_TIMES_AND_ECONOMIC_FIELDS,0
dup_5a7a6c9f85e54d95,2,"2025/2021-2024/2021/statement (5).html|DREA,補交易紀錄/2021-05-19 風控小賺 最高+10,505%.csv",CSV|HTML,rec_4628771163d37f4f923b|c_7d1983073b24b2a6b319,False,SAME_MINUTE_TIMES_AND_ECONOMIC_FIELDS,0
dup_bdd4f9cb7b96e7db,2,"2025/2021-2024/2021/statement (5).html|DREA,補交易紀錄/2021-05-19 風控小賺 最高+10,505%.csv",CSV|HTML,rec_f365c93e1306921922c9|c_9553e47f76eefad28733,False,SAME_MINUTE_TIMES_AND_ECONOMIC_FIELDS,0
dup_52143085a94afdc8,2,"2025/2021-2024/2021/statement (5).html|DREA,補交易紀錄/2021-05-19 風控小賺 最高+10,505%.csv",CSV|HTML,rec_12cddacd83fdf1b58905|c_079043646ab205c458a9,False,SAME_MINUTE_TIMES_AND_ECONOMIC_FIELDS,0
dup_2d690c2aef7c88e1,2,"2025/2021-2024/2021/statement (5).html|DREA,補交易紀錄/2021-05-19 風控小賺 最高+10,505%.csv",CSV|HTML,rec_fd44e2159dfcafae1cd8|c_92438d6c10e1c89b7e9e,False,SAME_MINUTE_TIMES_AND_ECONOMIC_FIELDS,0
dup_30cc47ccacef34b3,2,"2025/2021-2024/2021/statement (5).html|DREA,補交易紀錄/2021-05-19 風控小賺 最高+10,505%.csv",CSV|HTML,rec_364fff13b9b194907bae|c_6916a0fe70a3a5ddacff,False,SAME_MINUTE_TIMES_AND_ECONOMIC_FIELDS,0
dup_636e9e1334b68e43,2,"2025/2021-2024/2021/statement (5).html|DREA,補交易紀錄/2021-05-19 風控小賺 最高+10,505%.csv",CSV|HTML,rec_1368c3fcea47dd76de9c|c_0ec28e318370e6322d16,False,SAME_MINUTE_TIMES_AND_ECONOMIC_FIELDS,0
dup_8e95e9f6d496253a,2,"2025/2021-2024/2021/statement (5).html|DREA,補交易紀錄/2021-05-19 風控小賺 最高+10,505%.csv",CSV|HTML,rec_06df6c4ccd6d53dc5a12|c_58c8f96e39cb4f951f83,False,SAME_MINUTE_TIMES_AND_ECONOMIC_FIELDS,0
dup_a4a341967f27f5e9,2,"2025/2021-2024/2021/statement (5).html|DREA,補交易紀錄/2021-05-19 風控小賺 最高+10,505%.csv",CSV|HTML,rec_b69d9a154cffe5d4569a|c_26fe64b9b30d73be00a5,False,SAME_MINUTE_TIMES_AND_ECONOMIC_FIELDS,0
dup_ad439fe3d477cf86,2,"2025/2021-2024/2021/statement (5).html|DREA,補交易紀錄/2021-05-19 風控小賺 最高+10,505%.csv",CSV|HTML,rec_03da85dc3da809fb37e4|c_2b7df3c0771084bb6c58,False,SAME_MINUTE_TIMES_AND_ECONOMIC_FIELDS,0
dup_0b67160f76741d4b,2,"2025/2021-2024/2021/statement (5).html|DREA,補交易紀錄/2021-05-19 風控小賺 最高+10,505%.csv",CSV|HTML,rec_9f2db057ea24e336f456|c_48432b3c82b18f0ab512,False,SAME_MINUTE_TIMES_AND_ECONOMIC_FIELDS,0
dup_330aea2efaf2332f,2,"2025/2021-2024/2021/statement (5).html|DREA,補交易紀錄/2021-05-19 風控小賺 最高+10,505%.csv",CSV|HTML,rec_a8e9f3e6b29872043cae|c_c19a1f9fb7387cd4e273,False,SAME_MINUTE_TIMES_AND_ECONOMIC_FIELDS,0
dup_2b12ffa40635df12,2,"2025/2021-2024/2021/statement (5).html|DREA,補交易紀錄/2021-05-19 風控小賺 最高+10,505%.csv",CSV|HTML,rec_82efba88d4b55172c994|c_ec0996c736c43cad508d,False,SAME_MINUTE_TIMES_AND_ECONOMIC_FIELDS,0
dup_b1202fa63e04deef,2,"2025/2021-2024/2021/statement (5).html|DREA,補交易紀錄/2021-05-19 風控小賺 最高+10,505%.csv",CSV|HTML,rec_0824133b5bfaeb5ea0e8|c_b988494de5d2394e015a,False,SAME_MINUTE_TIMES_AND_ECONOMIC_FIELDS,0
dup_3a624afc6ebe9b57,2,"2025/2021-2024/2021/statement (5).html|DREA,補交易紀錄/2021-05-19 風控小賺 最高+10,505%.csv",CSV|HTML,rec_e14ce1c8753cb1bde1f5|c_890167fa460e51294793,False,SAME_MINUTE_TIMES_AND_ECONOMIC_FIELDS,0
dup_0035f5dfa663917f,2,"2025/2021-2024/2021/statement (5).html|DREA,補交易紀錄/2021-05-19 風控小賺 最高+10,505%.csv",CSV|HTML,rec_91c2ca62250357da34fd|c_361dc63f3de5c087cfe1,False,SAME_MINUTE_TIMES_AND_ECONOMIC_FIELDS,0
dup_6f0659ec0a9aa298,2,"2025/2021-2024/2021/statement (7).html|DREA,補交易紀錄/2021-06-11 3K初始 最高+773.7%.csv",CSV|HTML,rec_c89f72bf53cb16ccb2de|c_cedbf37f5f00e595b407,False,SAME_MINUTE_TIMES_AND_ECONOMIC_FIELDS,0
dup_8b5e45e1986d7dc3,2,"2025/2021-2024/2021/statement (7).html|DREA,補交易紀錄/2021-06-11 3K初始 最高+773.7%.csv",CSV|HTML,rec_b03c68d3eb73cc5c591e|c_72b3e4d36b9f0b4d5139,False,SAME_MINUTE_TIMES_AND_ECONOMIC_FIELDS,0
dup_b3a959af0cc82756,2,"2025/2021-2024/2021/statement (7).html|DREA,補交易紀錄/2021-06-11 3K初始 最高+773.7%.csv",CSV|HTML,rec_89e595f363bcef6ccc70|c_f451f30a3b5b8a1a6c89,False,SAME_MINUTE_TIMES_AND_ECONOMIC_FIELDS,0
dup_527a9d23d8384054,2,"2025/2021-2024/2021/statement (7).html|DREA,補交易紀錄/2021-06-11 3K初始 最高+773.7%.csv",CSV|HTML,rec_704b0c2c2848c1b60fa2|c_af4de59f2237a7db153c,False,SAME_MINUTE_TIMES_AND_ECONOMIC_FIELDS,0
dup_9c52d8c1bd8451f7,2,"2025/2021-2024/2021/statement (7).html|DREA,補交易紀錄/2021-06-11 3K初始 最高+773.7%.csv",CSV|HTML,rec_13cfb8d015b288016b78|c_a255b1665283cfcf9a6a,False,SAME_MINUTE_TIMES_AND_ECONOMIC_FIELDS,0
dup_10ad44166780af26,2,"2025/2021-2024/2021/statement (7).html|DREA,補交易紀錄/2021-06-11 3K初始 最高+773.7%.csv",CSV|HTML,rec_43565f59655d19764eb6|c_86310642b87f099d8910,False,SAME_MINUTE_TIMES_AND_ECONOMIC_FIELDS,0
dup_b1691aa21859f39b,2,"2025/2021-2024/2021/statement (7).html|DREA,補交易紀錄/2021-06-11 3K初始 最高+773.7%.csv",CSV|HTML,rec_9b6a8b91d4230b0c4887|c_4a42441551c8fa56dd9d,False,SAME_MINUTE_TIMES_AND_ECONOMIC_FIELDS,0
dup_283b8c140b96f171,2,"2025/2021-2024/2021/statement (7).html|DREA,補交易紀錄/2021-06-11 3K初始 最高+773.7%.csv",CSV|HTML,rec_6ffd06361378e529f724|c_9fc8229bea3ca75ee90d,False,SAME_MINUTE_TIMES_AND_ECONOMIC_FIELDS,0
dup_49ac26fba5bcf244,2,"2025/2021-2024/2021/statement (7).html|DREA,補交易紀錄/2021-06-11 3K初始 最高+773.7%.csv",CSV|HTML,rec_5ea89976e12a0b954cff|c_265676dd302b475d9483,False,SAME_MINUTE_TIMES_AND_ECONOMIC_FIELDS,0
dup_8978f45af94645d0,2,"2025/2021-2024/2021/statement (7).html|DREA,補交易紀錄/2021-06-11 3K初始 最高+773.7%.csv",CSV|HTML,rec_e0cf89383790303c1674|c_7873890693fe27d63de0,False,SAME_MINUTE_TIMES_AND_ECONOMIC_FIELDS,0
dup_ba71f0e1af9a0593,2,"2025/2021-2024/2021/statement (7).html|DREA,補交易紀錄/2021-06-11 3K初始 最高+773.7%.csv",CSV|HTML,rec_580c608591e31a9f07bb|c_7d489ecd12f4e4c76857,False,SAME_MINUTE_TIMES_AND_ECONOMIC_FIELDS,0
dup_db0a82c95ccd2a06,2,"2025/2021-2024/2021/statement (7).html|DREA,補交易紀錄/2021-06-11 3K初始 最高+773.7%.csv",CSV|HTML,rec_8f737caad1fdac874774|c_3299c6bf43b52e901636,False,SAME_MINUTE_TIMES_AND_ECONOMIC_FIELDS,0
dup_a62d24e2df6f871c,2,"2025/2021-2024/2021/statement (7).html|DREA,補交易紀錄/2021-06-11 3K初始 最高+773.7%.csv",CSV|HTML,rec_0eb77b5c872d00e6241f|c_9cb971e989f62f205620,False,SAME_MINUTE_TIMES_AND_ECONOMIC_FIELDS,0
dup_71c3e5552bb7307e,2,"2025/2021-2024/2021/statement (7).html|DREA,補交易紀錄/2021-06-11 3K初始 最高+773.7%.csv",CSV|HTML,rec_52170d2f1a3bea474471|c_633f13e02ea8d5c9c42e,False,SAME_MINUTE_TIMES_AND_ECONOMIC_FIELDS,0
dup_8d503ebc0b96f1b2,2,"2025/2021-2024/2021/statement (7).html|DREA,補交易紀錄/2021-06-11 3K初始 最高+773.7%.csv",CSV|HTML,rec_3cfd8851d6386f6be6e2|c_0283843414bd764a4ded,False,SAME_MINUTE_TIMES_AND_ECONOMIC_FIELDS,0
dup_328d4a95ac8792d6,2,"2025/2021-2024/2021/statement (7).html|DREA,補交易紀錄/2021-06-11 3K初始 最高+773.7%.csv",CSV|HTML,rec_6558b94e4a5ee7d4e857|c_aec6a57f1520152c4c54,False,SAME_MINUTE_TIMES_AND_ECONOMIC_FIELDS,0
dup_c448da393edba65b,2,"2025/2021-2024/2021/statement (7).html|DREA,補交易紀錄/2021-06-11 3K初始 最高+773.7%.csv",CSV|HTML,rec_9359c9962ca4621b2e43|c_09ed410f06452bc207c6,False,SAME_MINUTE_TIMES_AND_ECONOMIC_FIELDS,0
dup_97a5178a229a2a0c,2,"2025/2021-2024/2021/statement (7).html|DREA,補交易紀錄/2021-06-11 3K初始 最高+773.7%.csv",CSV|HTML,rec_abc722b91e6bcec020f9|c_1c8374bc2a7c71592511,False,SAME_MINUTE_TIMES_AND_ECONOMIC_FIELDS,0
dup_a862870177d875b5,2,"2025/2021-2024/2021/statement (7).html|DREA,補交易紀錄/2021-06-11 3K初始 最高+773.7%.csv",CSV|HTML,rec_8a181e49fc76e03271a6|c_79b4e200833f2b57fe0b,False,SAME_MINUTE_TIMES_AND_ECONOMIC_FIELDS,0
dup_4c1e97e39e7795bf,2,"2025/2021-2024/2021/statement (7).html|DREA,補交易紀錄/2021-06-11 3K初始 最高+773.7%.csv",CSV|HTML,rec_c6a7c0c1f50a4871c4d7|c_7413505de0e8b622ccfb,False,SAME_MINUTE_TIMES_AND_ECONOMIC_FIELDS,0
dup_df408f1d1ac1db3e,2,"2025/2021-2024/2021/statement (7).html|DREA,補交易紀錄/2021-06-11 3K初始 最高+773.7%.csv",CSV|HTML,rec_9f978c521c4f36c39bc4|c_fa66b29acd68eab68ec4,False,SAME_MINUTE_TIMES_AND_ECONOMIC_FIELDS,0
dup_b437e987b9b08969,2,"2025/2021-2024/2021/statement (7).html|DREA,補交易紀錄/2021-06-11 3K初始 最高+773.7%.csv",CSV|HTML,rec_af2c3d13a62b8e224bbe|c_caa631f265d726703dcb,False,SAME_MINUTE_TIMES_AND_ECONOMIC_FIELDS,0
dup_c70fac2edb3119fb,2,"2025/2021-2024/2021/statement (7).html|DREA,補交易紀錄/2021-06-11 3K初始 最高+773.7%.csv",CSV|HTML,rec_45f17cf606625bb470a1|c_2478bb40ac41f9ca45d1,False,SAME_MINUTE_TIMES_AND_ECONOMIC_FIELDS,0
dup_93bc7c8fad9a0543,2,"2025/2021-2024/2021/statement (7).html|DREA,補交易紀錄/2021-06-11 3K初始 最高+773.7%.csv",CSV|HTML,rec_fb51c3870485efabf4eb|c_ad2678f269a547dcb259,False,SAME_MINUTE_TIMES_AND_ECONOMIC_FIELDS,0
dup_6d066eb2dc485b4b,2,"2025/2021-2024/2021/statement (7).html|DREA,補交易紀錄/2021-06-11 3K初始 最高+773.7%.csv",CSV|HTML,rec_0e4d606714fbd59e63a3|c_206ef341e892e08f9257,False,SAME_MINUTE_TIMES_AND_ECONOMIC_FIELDS,0
dup_6bd86c7f7800b6d9,2,"2025/2021-2024/2021/statement (7).html|DREA,補交易紀錄/2021-06-11 3K初始 最高+773.7%.csv",CSV|HTML,rec_3b431aa6069c15414df2|c_3cc0d79d02fa310bf905,False,SAME_MINUTE_TIMES_AND_ECONOMIC_FIELDS,0
dup_c25843a428c4b912,2,"2025/2021-2024/2021/statement (7).html|DREA,補交易紀錄/2021-06-11 3K初始 最高+773.7%.csv",CSV|HTML,rec_f039dad68251e27b8f31|c_f553a1a8c9629e95ab2a,False,SAME_MINUTE_TIMES_AND_ECONOMIC_FIELDS,0
dup_035df7410cf29bb3,2,"2025/2021-2024/2021/statement (7).html|DREA,補交易紀錄/2021-06-11 3K初始 最高+773.7%.csv",CSV|HTML,rec_337216ee89272fc25245|c_751ad5cb228558f80ad4,False,SAME_MINUTE_TIMES_AND_ECONOMIC_FIELDS,0
dup_1e2f501cdf01b40e,2,"2025/2021-2024/2021/statement (7).html|DREA,補交易紀錄/2021-06-11 3K初始 最高+773.7%.csv",CSV|HTML,rec_772fd9a13a406d34b031|c_24539a6f4c4dd58e041b,False,SAME_MINUTE_TIMES_AND_ECONOMIC_FIELDS,0
dup_c84dc8d1d9094137,2,"2025/2021-2024/2021/statement (7).html|DREA,補交易紀錄/2021-06-11 3K初始 最高+773.7%.csv",CSV|HTML,rec_fd046d61254c9c2a824f|c_4482d6a8a2c6066f31f3,False,SAME_MINUTE_TIMES_AND_ECONOMIC_FIELDS,0
dup_c81e6ce328b5e188,2,"2025/2021-2024/2021/statement (7).html|DREA,補交易紀錄/2021-06-11 3K初始 最高+773.7%.csv",CSV|HTML,rec_cf764a5cc885228a646c|c_b48ef6b971404d607310,False,SAME_MINUTE_TIMES_AND_ECONOMIC_FIELDS,0
dup_2ac070dc008db19b,2,"2025/2021-2024/2021/statement (7).html|DREA,補交易紀錄/2021-06-11 3K初始 最高+773.7%.csv",CSV|HTML,rec_9fa0c214b1d772c02f8b|c_adc4c50dc43c0022d9a0,False,SAME_MINUTE_TIMES_AND_ECONOMIC_FIELDS,0
dup_a99a4b5529dff99a,2,"2025/2021-2024/2021/statement (7).html|DREA,補交易紀錄/2021-06-11 3K初始 最高+773.7%.csv",CSV|HTML,rec_d031e8c99f3e9331e792|c_f7887e918d37b8a99f19,False,SAME_MINUTE_TIMES_AND_ECONOMIC_FIELDS,0
dup_bc6104a3e0e712c2,2,"2025/2021-2024/2021/statement (7).html|DREA,補交易紀錄/2021-06-11 3K初始 最高+773.7%.csv",CSV|HTML,rec_14f752ca8990e9caaa39|c_15e2a8ccdbe5a595cb37,False,SAME_MINUTE_TIMES_AND_ECONOMIC_FIELDS,0
dup_2383e07c25f70d29,2,"2025/2021-2024/2021/statement (7).html|DREA,補交易紀錄/2021-06-11 3K初始 最高+773.7%.csv",CSV|HTML,rec_7005ca2a708f43d58ae2|c_cd4311f83b3d245d4e9d,False,SAME_MINUTE_TIMES_AND_ECONOMIC_FIELDS,0
dup_d5e413a6d0493a35,2,"2025/2021-2024/2021/statement (7).html|DREA,補交易紀錄/2021-06-11 3K初始 最高+773.7%.csv",CSV|HTML,rec_f93e5255984d1b0e56fa|c_1730a5cd2a92f23beead,False,SAME_MINUTE_TIMES_AND_ECONOMIC_FIELDS,0
dup_dfaa63b354ecd54f,2,"2025/2021-2024/2021/statement (7).html|DREA,補交易紀錄/2021-06-11 3K初始 最高+773.7%.csv",CSV|HTML,rec_d75be3ab40976c3aab74|c_0a78e1e09824652a5850,False,SAME_MINUTE_TIMES_AND_ECONOMIC_FIELDS,0
dup_7b07e0b3258d9e73,2,"2025/2021-2024/2021/statement (7).html|DREA,補交易紀錄/2021-06-11 3K初始 最高+773.7%.csv",CSV|HTML,rec_68ede642d47287acbe85|c_382936582de054171ff3,False,SAME_MINUTE_TIMES_AND_ECONOMIC_FIELDS,0
dup_0457069990135e82,2,"2025/2021-2024/2021/statement (7).html|DREA,補交易紀錄/2021-06-11 3K初始 最高+773.7%.csv",CSV|HTML,rec_a054b373d192443fc864|c_5ec93d5a65a26ea8445c,False,SAME_MINUTE_TIMES_AND_ECONOMIC_FIELDS,0
dup_f5b8d237ce43fe5f,2,"2025/2021-2024/2021/statement (7).html|DREA,補交易紀錄/2021-06-11 3K初始 最高+773.7%.csv",CSV|HTML,rec_c3402c876de0ff347bda|c_e798e8d0808076efa4f2,False,SAME_MINUTE_TIMES_AND_ECONOMIC_FIELDS,0
dup_b7c3c7bfdde97819,2,"2025/2021-2024/2021/statement (7).html|DREA,補交易紀錄/2021-06-11 3K初始 最高+773.7%.csv",CSV|HTML,rec_ce5b67a67918806bf94a|c_90d2b67b6072c4b8cb26,False,SAME_MINUTE_TIMES_AND_ECONOMIC_FIELDS,0
dup_71f12d34269f7cc4,2,"2025/2021-2024/2021/statement (7).html|DREA,補交易紀錄/2021-06-11 3K初始 最高+773.7%.csv",CSV|HTML,rec_fba62e45b09e641f5adb|c_34bbe03e28046cebb664,False,SAME_MINUTE_TIMES_AND_ECONOMIC_FIELDS,0
dup_d516f68a918d54b3,2,"2025/2021-2024/2021/statement (7).html|DREA,補交易紀錄/2021-06-11 3K初始 最高+773.7%.csv",CSV|HTML,rec_be1173c59af22be02eaf|c_b69b68d5280b5f39916f,False,SAME_MINUTE_TIMES_AND_ECONOMIC_FIELDS,0
dup_ed6880d388eba202,2,"2025/2021-2024/2021/statement (7).html|DREA,補交易紀錄/2021-06-11 3K初始 最高+773.7%.csv",CSV|HTML,rec_702a3cd9ed1f39c4394a|c_ebdcf309903aea8c33dd,False,SAME_MINUTE_TIMES_AND_ECONOMIC_FIELDS,0
dup_7c6d7b0d8696daed,2,"2025/2021-2024/2021/statement (7).html|DREA,補交易紀錄/2021-06-11 3K初始 最高+773.7%.csv",CSV|HTML,rec_0f3136b8ac375e2c1f7d|c_cfbac10c3d60f2392e0a,False,SAME_MINUTE_TIMES_AND_ECONOMIC_FIELDS,0
dup_61f31433e4c2b984,2,"2025/2021-2024/2021/statement (7).html|DREA,補交易紀錄/2021-06-11 3K初始 最高+773.7%.csv",CSV|HTML,rec_375dba99f3a0241c525f|c_920f82b9d62f1bdb1602,False,SAME_MINUTE_TIMES_AND_ECONOMIC_FIELDS,0
dup_7d8d46c5975134a6,2,"2025/2021-2024/2021/statement (7).html|DREA,補交易紀錄/2021-06-11 3K初始 最高+773.7%.csv",CSV|HTML,rec_0deabe44d61a87593e91|c_019b67bc97cc29491095,False,SAME_MINUTE_TIMES_AND_ECONOMIC_FIELDS,0
dup_c5d2416e71f4cded,2,"2025/2021-2024/2021/statement (7).html|DREA,補交易紀錄/2021-06-11 3K初始 最高+773.7%.csv",CSV|HTML,rec_1c5e9ae1419e6f3cf5ca|c_33e01c82a8cabbff4ed7,False,SAME_MINUTE_TIMES_AND_ECONOMIC_FIELDS,0
dup_18fe60f176af21a7,2,"2025/2021-2024/2021/statement (7).html|DREA,補交易紀錄/2021-06-11 3K初始 最高+773.7%.csv",CSV|HTML,rec_9eb4f5f361b0a20f9588|c_d9de152d9c3c99bacb4a,False,SAME_MINUTE_TIMES_AND_ECONOMIC_FIELDS,0
dup_c498a8403c83e8f0,2,"2025/2021-2024/2021/statement (7).html|DREA,補交易紀錄/2021-06-11 3K初始 最高+773.7%.csv",CSV|HTML,rec_c5320d866b8f99d5399b|c_f0fcea64c3e15b3c4cad,False,SAME_MINUTE_TIMES_AND_ECONOMIC_FIELDS,0
dup_dfc7d9b32dff5d1f,2,"2025/2021-2024/2021/statement (7).html|DREA,補交易紀錄/2021-06-11 3K初始 最高+773.7%.csv",CSV|HTML,rec_696fce2c6986d88fcd54|c_9bd4b5a978ee60aa2b7b,False,SAME_MINUTE_TIMES_AND_ECONOMIC_FIELDS,0
dup_622025c424530435,2,"2025/2021-2024/2021/statement (7).html|DREA,補交易紀錄/2021-06-11 3K初始 最高+773.7%.csv",CSV|HTML,rec_e55fd312c97e11af165b|c_7177a84c36fa039159ce,False,SAME_MINUTE_TIMES_AND_ECONOMIC_FIELDS,0
dup_b27fad5af89a252b,2,"2025/2021-2024/2021/statement (7).html|DREA,補交易紀錄/2021-06-11 3K初始 最高+773.7%.csv",CSV|HTML,rec_42c25860c5024c16923d|c_0a5fad40f49a4e8e7b45,False,SAME_MINUTE_TIMES_AND_ECONOMIC_FIELDS,0
dup_b8970841e4a2da13,2,"2025/2021-2024/2021/statement (7).html|DREA,補交易紀錄/2021-06-11 3K初始 最高+773.7%.csv",CSV|HTML,rec_4515cbb6b43c40b5452c|c_b736674d1daf2e99325e,False,SAME_MINUTE_TIMES_AND_ECONOMIC_FIELDS,0
dup_f0160d93c3b920ca,2,"2025/2021-2024/2021/statement (7).html|DREA,補交易紀錄/2021-06-11 3K初始 最高+773.7%.csv",CSV|HTML,rec_f1497bcc9adff79b43a0|c_6301ea0d1599f2d4987a,False,SAME_MINUTE_TIMES_AND_ECONOMIC_FIELDS,0
dup_345a3d9e65446439,2,"2025/2021-2024/2021/statement (7).html|DREA,補交易紀錄/2021-06-11 3K初始 最高+773.7%.csv",CSV|HTML,rec_ea32d3812413a42047ea|c_a7c024288ef20cd1779c,False,SAME_MINUTE_TIMES_AND_ECONOMIC_FIELDS,0
dup_d3001b424e7f36ad,2,"2025/2021-2024/2021/statement (7).html|DREA,補交易紀錄/2021-06-11 3K初始 最高+773.7%.csv",CSV|HTML,rec_bfdd760b50f0f1f7e64c|c_6f6b441387450cdc7728,False,SAME_MINUTE_TIMES_AND_ECONOMIC_FIELDS,0
dup_c9e301067e3e12d0,2,"2025/2021-2024/2021/statement (7).html|DREA,補交易紀錄/2021-06-11 3K初始 最高+773.7%.csv",CSV|HTML,rec_371dc90418bb8a9541c0|c_f02ebe8d0faf684951cd,False,SAME_MINUTE_TIMES_AND_ECONOMIC_FIELDS,0
dup_447574eaaea30d18,2,"DREA,補交易紀錄/2021.06.30 Jim疫情拼經濟.csv|手動交易2024後策略較固定/其他/statement (1).html",CSV|HTML,rec_9dc2c4cf6536c58e5e63|c_b4fb1b0f5318708eb870,False,SAME_MINUTE_TIMES_AND_ECONOMIC_FIELDS,0
dup_7bdb33575f49038b,2,"DREA,補交易紀錄/2021.06.30 Jim疫情拼經濟.csv|手動交易2024後策略較固定/其他/statement (1).html",CSV|HTML,rec_5455aafd012155b3db15|c_c522b5de83af42116218,False,SAME_MINUTE_TIMES_AND_ECONOMIC_FIELDS,0
dup_3fd70b5f00392d38,2,"DREA,補交易紀錄/2021.06.30 Jim疫情拼經濟.csv|手動交易2024後策略較固定/其他/statement (1).html",CSV|HTML,rec_0a1d8c984dda2da31f5e|c_03946ab0b6c616447b35,False,SAME_MINUTE_TIMES_AND_ECONOMIC_FIELDS,0
dup_f0d025903bb02eb3,2,"DREA,補交易紀錄/2021.06.30 Jim疫情拼經濟.csv|手動交易2024後策略較固定/其他/statement (1).html",CSV|HTML,rec_a1410fbe3371352769fd|c_0dfecda84e8413db5a68,False,SAME_MINUTE_TIMES_AND_ECONOMIC_FIELDS,0
dup_901689cb7511b0cf,2,"DREA,補交易紀錄/2021.06.30 Jim疫情拼經濟.csv|手動交易2024後策略較固定/其他/statement (1).html",CSV|HTML,rec_3c6e041ea9c47de29323|c_ad6f4029ab9b55055f94,False,SAME_MINUTE_TIMES_AND_ECONOMIC_FIELDS,0
dup_5b4e2a2f56f9337e,2,"DREA,補交易紀錄/2021.06.30 Jim疫情拼經濟.csv|手動交易2024後策略較固定/其他/statement (1).html",CSV|HTML,rec_ea991663aff4fe43aae9|c_e9a1522eb26d92b0f4df,False,SAME_MINUTE_TIMES_AND_ECONOMIC_FIELDS,0
dup_fefc28cacd102acc,2,"DREA,補交易紀錄/2021.06.30 Jim疫情拼經濟.csv|手動交易2024後策略較固定/其他/statement (1).html",CSV|HTML,rec_deff530094e0792f0914|c_d826e6fd36af7fb93a52,False,SAME_MINUTE_TIMES_AND_ECONOMIC_FIELDS,0
dup_4c5297f651af4dba,2,"DREA,補交易紀錄/2021.06.30 Jim疫情拼經濟.csv|手動交易2024後策略較固定/其他/statement (1).html",CSV|HTML,rec_213e71b8563e1b1046ba|c_5b980362de78f8f9037d,False,SAME_MINUTE_TIMES_AND_ECONOMIC_FIELDS,0
dup_b1e77f55beb1a800,2,"DREA,補交易紀錄/2021.06.30 Jim疫情拼經濟.csv|手動交易2024後策略較固定/其他/statement (1).html",CSV|HTML,rec_0b974f5ddefa479b34db|c_6e976d9f57d8c3d49b9c,False,SAME_MINUTE_TIMES_AND_ECONOMIC_FIELDS,0
dup_8da275bed1158d9c,2,"DREA,補交易紀錄/2021.06.30 Jim疫情拼經濟.csv|手動交易2024後策略較固定/其他/statement (1).html",CSV|HTML,rec_272f52b5a0355e2e27a7|c_1c5e398868c16a8478d3,False,SAME_MINUTE_TIMES_AND_ECONOMIC_FIELDS,0
dup_3bb06d99772fcaf5,2,"DREA,補交易紀錄/2021.06.30 Jim疫情拼經濟.csv|手動交易2024後策略較固定/其他/statement (1).html",CSV|HTML,rec_509942fdbc9a0047a192|c_d5f484991da839f4d53b,False,SAME_MINUTE_TIMES_AND_ECONOMIC_FIELDS,0
dup_bec522532588b325,2,"DREA,補交易紀錄/2021.06.30 Jim疫情拼經濟.csv|手動交易2024後策略較固定/其他/statement (1).html",CSV|HTML,rec_3d4bf6e76164105c62cf|c_d75fa6be18284bfd449c,False,SAME_MINUTE_TIMES_AND_ECONOMIC_FIELDS,0
dup_5204ed53b82230c8,2,"DREA,補交易紀錄/2021.06.30 Jim疫情拼經濟.csv|手動交易2024後策略較固定/其他/statement (1).html",CSV|HTML,rec_43a1212b20bc4abec91d|c_57fa8627fe16d2a332d0,False,SAME_MINUTE_TIMES_AND_ECONOMIC_FIELDS,0
dup_9d20bb094496d739,2,"DREA,補交易紀錄/2021.06.30 Jim疫情拼經濟.csv|手動交易2024後策略較固定/其他/statement (1).html",CSV|HTML,rec_0b590f2b64347f3166d5|c_d23346fcb1d6ea69cdb5,False,SAME_MINUTE_TIMES_AND_ECONOMIC_FIELDS,0
dup_33d01a37f4b3931b,2,"DREA,補交易紀錄/2021.06.30 Jim疫情拼經濟.csv|手動交易2024後策略較固定/其他/statement (1).html",CSV|HTML,rec_a4260742ef2c9a13f0c4|c_c8e1dd9917fe2978669e,False,SAME_MINUTE_TIMES_AND_ECONOMIC_FIELDS,0
dup_8e2b16dce643367d,2,"DREA,補交易紀錄/2021.06.30 Jim疫情拼經濟.csv|手動交易2024後策略較固定/其他/statement (1).html",CSV|HTML,rec_f3d05541f0617ed264dc|c_655603443eae0b5b022b,False,SAME_MINUTE_TIMES_AND_ECONOMIC_FIELDS,0
dup_43f444dbcdd20b8d,2,"DREA,補交易紀錄/2021.06.30 Jim疫情拼經濟.csv|手動交易2024後策略較固定/其他/statement (1).html",CSV|HTML,rec_e19d1c2ff9ce4bddf9e2|c_f560130bba7da1b6d93c,False,SAME_MINUTE_TIMES_AND_ECONOMIC_FIELDS,0
dup_14dd002c6ec6dba0,2,"DREA,補交易紀錄/2021.06.30 Jim疫情拼經濟.csv|手動交易2024後策略較固定/其他/statement (1).html",CSV|HTML,rec_94e548894857cc3b61f5|c_928b34cb9a513e6e5d38,False,SAME_MINUTE_TIMES_AND_ECONOMIC_FIELDS,0
dup_c1a59686d5f0a3c6,2,"DREA,補交易紀錄/2021.06.30 Jim疫情拼經濟.csv|手動交易2024後策略較固定/其他/statement (1).html",CSV|HTML,rec_9a1efb6a8c3d565ebdf0|c_f069991b9ae01ccd73dc,False,SAME_MINUTE_TIMES_AND_ECONOMIC_FIELDS,0
dup_e0c8a96fc7f54545,2,"DREA,補交易紀錄/2021.06.30 Jim疫情拼經濟.csv|手動交易2024後策略較固定/其他/statement (1).html",CSV|HTML,rec_a4ddcd18981de1daaa65|c_82307917b804a515821f,False,SAME_MINUTE_TIMES_AND_ECONOMIC_FIELDS,0
dup_c420db65768bd3dc,2,"DREA,補交易紀錄/2021.06.30 Jim疫情拼經濟.csv|手動交易2024後策略較固定/其他/statement (1).html",CSV|HTML,rec_49038b89e331c5bfa753|c_206605ba9da64c6e863a,False,SAME_MINUTE_TIMES_AND_ECONOMIC_FIELDS,0
dup_f2c910a3293cab6a,2,"DREA,補交易紀錄/2021.06.30 Jim疫情拼經濟.csv|手動交易2024後策略較固定/其他/statement (1).html",CSV|HTML,rec_8dc177b05d6d4c36076a|c_f0a11e6ad744dee7b9fe,False,SAME_MINUTE_TIMES_AND_ECONOMIC_FIELDS,0
dup_a477c4f9d10abbb4,2,"DREA,補交易紀錄/2021.06.30 Jim疫情拼經濟.csv|手動交易2024後策略較固定/其他/statement (1).html",CSV|HTML,rec_79e771c0eea1b12eabdc|c_0443fcd9b2f91c66cf08,False,SAME_MINUTE_TIMES_AND_ECONOMIC_FIELDS,0
dup_53598a4c827a27a4,2,"DREA,補交易紀錄/2021.06.30 Jim疫情拼經濟.csv|手動交易2024後策略較固定/其他/statement (1).html",CSV|HTML,rec_fb51cd05f9578e9f3819|c_ad71b3ec6c34589aacb0,False,SAME_MINUTE_TIMES_AND_ECONOMIC_FIELDS,0
dup_df25b610f6c0a56d,2,"DREA,補交易紀錄/2021.06.30 Jim疫情拼經濟.csv|手動交易2024後策略較固定/其他/statement (1).html",CSV|HTML,rec_42b6810505f318dab067|c_42d1f9b317362917cb29,False,SAME_MINUTE_TIMES_AND_ECONOMIC_FIELDS,0
dup_a1f0a35c4b6d7731,2,"DREA,補交易紀錄/2021.06.30 Jim疫情拼經濟.csv|手動交易2024後策略較固定/其他/statement (1).html",CSV|HTML,rec_5385bcf56ae2666c91a6|c_128a4d944893d3d903a1,False,SAME_MINUTE_TIMES_AND_ECONOMIC_FIELDS,0
dup_17e1d449c0ddf7b1,2,"DREA,補交易紀錄/2021.06.30 Jim疫情拼經濟.csv|手動交易2024後策略較固定/其他/statement (1).html",CSV|HTML,rec_d2536cd830b499be4142|c_ddddfdb0772ca9aab470,False,SAME_MINUTE_TIMES_AND_ECONOMIC_FIELDS,0
dup_c2f280f95a2fa2bb,2,"DREA,補交易紀錄/2021.06.30 Jim疫情拼經濟.csv|手動交易2024後策略較固定/其他/statement (1).html",CSV|HTML,rec_bc42feae1f4944e85fd8|c_11d9c98ebb8a75478a50,False,SAME_MINUTE_TIMES_AND_ECONOMIC_FIELDS,0
dup_882e3cad39228b57,2,"DREA,補交易紀錄/2021.06.30 Jim疫情拼經濟.csv|手動交易2024後策略較固定/其他/statement (1).html",CSV|HTML,rec_137065abed219cba9bb7|c_1c41fae8e711b2483225,False,SAME_MINUTE_TIMES_AND_ECONOMIC_FIELDS,0
dup_41a75cd20f9d3f29,2,"DREA,補交易紀錄/2021.06.30 Jim疫情拼經濟.csv|手動交易2024後策略較固定/其他/statement (1).html",CSV|HTML,rec_2a6755b776ae85d465ce|c_171cc80c2ca3e5b72b6f,False,SAME_MINUTE_TIMES_AND_ECONOMIC_FIELDS,0
dup_e59a76e66d267710,2,"DREA,補交易紀錄/2021.06.30 Jim疫情拼經濟.csv|手動交易2024後策略較固定/其他/statement (1).html",CSV|HTML,rec_0394129443f106d40764|c_fd68855819509d0ba22a,False,SAME_MINUTE_TIMES_AND_ECONOMIC_FIELDS,0
dup_8ae1f69cea345258,2,"DREA,補交易紀錄/2021.06.30 Jim疫情拼經濟.csv|手動交易2024後策略較固定/其他/statement (1).html",CSV|HTML,rec_957f570080d4a2685dba|c_cdce17d790f618abf7cb,False,SAME_MINUTE_TIMES_AND_ECONOMIC_FIELDS,0
dup_07aad0a8c8d6ee15,2,"DREA,補交易紀錄/2021.06.30 Jim疫情拼經濟.csv|手動交易2024後策略較固定/其他/statement (1).html",CSV|HTML,rec_ce59bb5e60521f57ceeb|c_91ca069aa125d3031511,False,SAME_MINUTE_TIMES_AND_ECONOMIC_FIELDS,0
dup_fef2c94bfe4de04f,2,"DREA,補交易紀錄/2021.06.30 Jim疫情拼經濟.csv|手動交易2024後策略較固定/其他/statement (1).html",CSV|HTML,rec_bd2e2def8c424a162325|c_da164e78218c1f9f18a1,False,SAME_MINUTE_TIMES_AND_ECONOMIC_FIELDS,0
dup_bee66b18e0a6172f,2,"DREA,補交易紀錄/2021.06.30 Jim疫情拼經濟.csv|手動交易2024後策略較固定/其他/statement (1).html",CSV|HTML,rec_65409ae7e88335e4929f|c_f46da0b54357e3f79b9a,False,SAME_MINUTE_TIMES_AND_ECONOMIC_FIELDS,0
dup_8d1465e9391553a7,2,"DREA,補交易紀錄/2021.06.30 Jim疫情拼經濟.csv|手動交易2024後策略較固定/其他/statement (1).html",CSV|HTML,rec_94bee720623562b0812e|c_ed9267a810785097639d,False,SAME_MINUTE_TIMES_AND_ECONOMIC_FIELDS,0
dup_b0d6eccff370e54d,2,"DREA,補交易紀錄/2021.06.30 Jim疫情拼經濟.csv|手動交易2024後策略較固定/其他/statement (1).html",CSV|HTML,rec_c7c2355cae66dea5814a|c_6ec30a36d05ff49babb3,False,SAME_MINUTE_TIMES_AND_ECONOMIC_FIELDS,0
dup_17676199df78b497,2,"DREA,補交易紀錄/2021.06.30 Jim疫情拼經濟.csv|手動交易2024後策略較固定/其他/statement (1).html",CSV|HTML,rec_309d7d91317c255bc0f2|c_4d0fb709c25de2595637,False,SAME_MINUTE_TIMES_AND_ECONOMIC_FIELDS,0
dup_15c0e69b63a588b2,2,"DREA,補交易紀錄/2021.06.30 Jim疫情拼經濟.csv|手動交易2024後策略較固定/其他/statement (1).html",CSV|HTML,rec_6490ad7e599ee7d2e363|c_3251ba86e251e6a0cc67,False,SAME_MINUTE_TIMES_AND_ECONOMIC_FIELDS,0
dup_ebe3b47e0d5ccc45,2,"DREA,補交易紀錄/2021.06.30 Jim疫情拼經濟.csv|手動交易2024後策略較固定/其他/statement (1).html",CSV|HTML,rec_a5473588c5b7d51058f6|c_d4d0ed95da38cb6e0bd2,False,SAME_MINUTE_TIMES_AND_ECONOMIC_FIELDS,0
dup_700c164edb4f399e,2,"DREA,補交易紀錄/2021.06.30 Jim疫情拼經濟.csv|手動交易2024後策略較固定/其他/statement (1).html",CSV|HTML,rec_b51e689d6e2bf6737001|c_61bf8188448cff4df5f3,False,SAME_MINUTE_TIMES_AND_ECONOMIC_FIELDS,0
dup_3facf3f2a288ff2c,2,"DREA,補交易紀錄/2021.06.30 Jim疫情拼經濟.csv|手動交易2024後策略較固定/其他/statement (1).html",CSV|HTML,rec_52751f7a0caab0890e92|c_3e52b2dfaeb762950d2a,False,SAME_MINUTE_TIMES_AND_ECONOMIC_FIELDS,0
dup_0221fd0dc139bdd6,2,"DREA,補交易紀錄/2021.06.30 Jim疫情拼經濟.csv|手動交易2024後策略較固定/其他/statement (1).html",CSV|HTML,rec_b4137b184529ade72cfa|c_8267647ae8feaf41c0e3,False,SAME_MINUTE_TIMES_AND_ECONOMIC_FIELDS,0
dup_3bb502982494c61f,2,"DREA,補交易紀錄/2021.06.30 Jim疫情拼經濟.csv|手動交易2024後策略較固定/其他/statement (1).html",CSV|HTML,rec_eb48956dee30dee132ae|c_188f49217116dcabd58f,False,SAME_MINUTE_TIMES_AND_ECONOMIC_FIELDS,0
dup_fc85c7ce92d83c92,2,"DREA,補交易紀錄/2021.06.30 Jim疫情拼經濟.csv|手動交易2024後策略較固定/其他/statement (1).html",CSV|HTML,rec_bb098931553cd9e2984f|c_1637fa61fb71f3619c63,False,SAME_MINUTE_TIMES_AND_ECONOMIC_FIELDS,0
dup_061ea14923b811b9,2,"DREA,補交易紀錄/2021.06.30 Jim疫情拼經濟.csv|手動交易2024後策略較固定/其他/statement (1).html",CSV|HTML,rec_a0039c8a3a777c8985b0|c_0157aed052e4e422c498,False,SAME_MINUTE_TIMES_AND_ECONOMIC_FIELDS,0
dup_4b09163e18918e95,2,"DREA,補交易紀錄/2021.06.30 Jim疫情拼經濟.csv|手動交易2024後策略較固定/其他/statement (1).html",CSV|HTML,rec_1c845a5c0ff00ef81307|c_b87363c90dacd67ea0ce,False,SAME_MINUTE_TIMES_AND_ECONOMIC_FIELDS,0
dup_380a17a94ef27931,2,"DREA,補交易紀錄/2021.06.30 Jim疫情拼經濟.csv|手動交易2024後策略較固定/其他/statement (1).html",CSV|HTML,rec_2054cbcb8644c79a76e6|c_4f6109aef0be14c3a05a,False,SAME_MINUTE_TIMES_AND_ECONOMIC_FIELDS,0
dup_d60022875c23fb6a,2,"DREA,補交易紀錄/2021.06.30 Jim疫情拼經濟.csv|手動交易2024後策略較固定/其他/statement (1).html",CSV|HTML,rec_bc9ff6b9948e8f27b021|c_36c33469aa21c98c85f5,False,SAME_MINUTE_TIMES_AND_ECONOMIC_FIELDS,0
dup_2b6906d42555bb28,2,"DREA,補交易紀錄/2021.06.30 Jim疫情拼經濟.csv|手動交易2024後策略較固定/其他/statement (1).html",CSV|HTML,rec_68c90b236be19b2f0dd6|c_13ea92e03c856d7a07a5,False,SAME_MINUTE_TIMES_AND_ECONOMIC_FIELDS,0
dup_72a4c05cf30bd59f,2,"DREA,補交易紀錄/2021.06.30 Jim疫情拼經濟.csv|手動交易2024後策略較固定/其他/statement (1).html",CSV|HTML,rec_c2670e9591138f2de7be|c_f95e633f915bcaef6218,False,SAME_MINUTE_TIMES_AND_ECONOMIC_FIELDS,0
dup_7eb07583fb44be41,2,"DREA,補交易紀錄/2021.06.30 Jim疫情拼經濟.csv|手動交易2024後策略較固定/其他/statement (1).html",CSV|HTML,rec_53f5ebbb921c86ef1fb7|c_00bbd920e7c5060c09b1,False,SAME_MINUTE_TIMES_AND_ECONOMIC_FIELDS,0
dup_549519c3a1fbf3f1,2,"DREA,補交易紀錄/2021.06.30 Jim疫情拼經濟.csv|手動交易2024後策略較固定/其他/statement (1).html",CSV|HTML,rec_581d2894a50c4f1b9d47|c_a72425372033f12a5351,False,SAME_MINUTE_TIMES_AND_ECONOMIC_FIELDS,0
dup_4ec338e4b3b45bf1,2,"DREA,補交易紀錄/2021.06.30 Jim疫情拼經濟.csv|手動交易2024後策略較固定/其他/statement (1).html",CSV|HTML,rec_503cd6df448774d726e5|c_d9b13897f7c19455c4b2,False,SAME_MINUTE_TIMES_AND_ECONOMIC_FIELDS,0
dup_46185bb124aa9902,2,"DREA,補交易紀錄/2021.06.30 Jim疫情拼經濟.csv|手動交易2024後策略較固定/其他/statement (1).html",CSV|HTML,rec_b08438af75575bf38265|c_3ae7a4d308761aa11940,False,SAME_MINUTE_TIMES_AND_ECONOMIC_FIELDS,0
dup_5e41abee73b9b8a7,2,"DREA,補交易紀錄/2021.06.30 Jim疫情拼經濟.csv|手動交易2024後策略較固定/其他/statement (1).html",CSV|HTML,rec_d9693fe33567ea6738ee|c_1663b5d480470f083c83,False,SAME_MINUTE_TIMES_AND_ECONOMIC_FIELDS,0
dup_a6a77be3d57474d5,2,"DREA,補交易紀錄/2021.06.30 Jim疫情拼經濟.csv|手動交易2024後策略較固定/其他/statement (1).html",CSV|HTML,rec_708799e642d6830d00db|c_59988637a880f1dc1e75,False,SAME_MINUTE_TIMES_AND_ECONOMIC_FIELDS,0
dup_5e8a16cdc8ef19e3,2,"DREA,補交易紀錄/2021.06.30 Jim疫情拼經濟.csv|手動交易2024後策略較固定/其他/statement (1).html",CSV|HTML,rec_0e5273a1ac07c09d33b6|c_f31804e80ca7f4feff56,False,SAME_MINUTE_TIMES_AND_ECONOMIC_FIELDS,0
dup_6623366a69ea2b8e,2,"DREA,補交易紀錄/2021.06.30 Jim疫情拼經濟.csv|手動交易2024後策略較固定/其他/statement (1).html",CSV|HTML,rec_c46efff4df2cabd7c23d|c_7aba1776b7046a56685b,False,SAME_MINUTE_TIMES_AND_ECONOMIC_FIELDS,0
dup_97917897fc219584,2,"DREA,補交易紀錄/2021.06.30 Jim疫情拼經濟.csv|手動交易2024後策略較固定/其他/statement (1).html",CSV|HTML,rec_4104ece4de3a0af22cef|c_95380b9a96d093773bde,False,SAME_MINUTE_TIMES_AND_ECONOMIC_FIELDS,0
dup_0283b9d34ce1c550,2,"DREA,補交易紀錄/2021.06.30 Jim疫情拼經濟.csv|手動交易2024後策略較固定/其他/statement (1).html",CSV|HTML,rec_1478c14fd866ec5ec4a9|c_3e5a94f21e50574343cd,False,SAME_MINUTE_TIMES_AND_ECONOMIC_FIELDS,0
dup_44c6457b55ac9f57,2,"DREA,補交易紀錄/2021.06.30 Jim疫情拼經濟.csv|手動交易2024後策略較固定/其他/statement (1).html",CSV|HTML,rec_6e97838321291f4fd852|c_5f653d7f2c99c49a666a,False,SAME_MINUTE_TIMES_AND_ECONOMIC_FIELDS,0
dup_a7135185e3aa9843,2,"DREA,補交易紀錄/2021.06.30 Jim疫情拼經濟.csv|手動交易2024後策略較固定/其他/statement (1).html",CSV|HTML,rec_adf6ff5accd22d6fce9a|c_ac284037b6ccceed43be,False,SAME_MINUTE_TIMES_AND_ECONOMIC_FIELDS,0
dup_639ffeded4839df2,2,"DREA,補交易紀錄/2021.06.30 Jim疫情拼經濟.csv|手動交易2024後策略較固定/其他/statement (1).html",CSV|HTML,rec_5dd2a19addab527306b9|c_f93f641ed81fbc7a5f48,False,SAME_MINUTE_TIMES_AND_ECONOMIC_FIELDS,0
dup_e92284ee60789897,2,"DREA,補交易紀錄/2021.06.30 Jim疫情拼經濟.csv|手動交易2024後策略較固定/其他/statement (1).html",CSV|HTML,rec_1520cbc88f44912ed999|c_928c92959339fa598c72,False,SAME_MINUTE_TIMES_AND_ECONOMIC_FIELDS,0
dup_e6eb853d968aaada,2,"DREA,補交易紀錄/2021.06.30 Jim疫情拼經濟.csv|手動交易2024後策略較固定/其他/statement (1).html",CSV|HTML,rec_51f8e3f1e78a08c22359|c_1f83c170b33ee5e58fd1,False,SAME_MINUTE_TIMES_AND_ECONOMIC_FIELDS,0
dup_30953b2019c91162,2,"DREA,補交易紀錄/2021.06.30 Jim疫情拼經濟.csv|手動交易2024後策略較固定/其他/statement (1).html",CSV|HTML,rec_fbacec7964a4256c5c47|c_05b7199c26e61e3b8a1e,False,SAME_MINUTE_TIMES_AND_ECONOMIC_FIELDS,0
dup_a6d6eea94c5f2db1,2,"DREA,補交易紀錄/2021.06.30 Jim疫情拼經濟.csv|手動交易2024後策略較固定/其他/statement (1).html",CSV|HTML,rec_95a37005c009f8c38813|c_3571a3bd6e06d9e331df,False,SAME_MINUTE_TIMES_AND_ECONOMIC_FIELDS,0
dup_6167c8c6d169770e,2,"DREA,補交易紀錄/2021.06.30 Jim疫情拼經濟.csv|手動交易2024後策略較固定/其他/statement (1).html",CSV|HTML,rec_0fb5c544e6f0a846339b|c_3845e1dbb8a418d7dc79,False,SAME_MINUTE_TIMES_AND_ECONOMIC_FIELDS,0
dup_0c390f7153d366d3,2,"DREA,補交易紀錄/2021.06.30 Jim疫情拼經濟.csv|手動交易2024後策略較固定/其他/statement (1).html",CSV|HTML,rec_a6274f56b2919cc89f58|c_ca2a749e8a9e12e9f1ff,False,SAME_MINUTE_TIMES_AND_ECONOMIC_FIELDS,0
dup_1a39b7c9d6c5d918,2,"DREA,補交易紀錄/2021.06.30 Jim疫情拼經濟.csv|手動交易2024後策略較固定/其他/statement (1).html",CSV|HTML,rec_d84bd8fa65be151ff445|c_9ad6cf537416f168e096,False,SAME_MINUTE_TIMES_AND_ECONOMIC_FIELDS,0
dup_707c5059d83c8633,2,"DREA,補交易紀錄/2021.06.30 Jim疫情拼經濟.csv|手動交易2024後策略較固定/其他/statement (1).html",CSV|HTML,rec_bd7d9aab2b5db241a368|c_6b8e70ad73ac607b08cb,False,SAME_MINUTE_TIMES_AND_ECONOMIC_FIELDS,0
dup_d5e165627b169185,2,"DREA,補交易紀錄/2021.06.30 Jim疫情拼經濟.csv|手動交易2024後策略較固定/其他/statement (1).html",CSV|HTML,rec_b362f8e1a826f620775f|c_7aac76e1f7f9818832c1,False,SAME_MINUTE_TIMES_AND_ECONOMIC_FIELDS,0
dup_4fe599938cb8974f,2,"DREA,補交易紀錄/2021.06.30 Jim疫情拼經濟.csv|手動交易2024後策略較固定/其他/statement (1).html",CSV|HTML,rec_a1c7730791fb51f01101|c_5d45d709677ef82bf138,False,SAME_MINUTE_TIMES_AND_ECONOMIC_FIELDS,0
dup_f4d50dff91d4c50e,2,"DREA,補交易紀錄/2021.06.30 Jim疫情拼經濟.csv|手動交易2024後策略較固定/其他/statement (1).html",CSV|HTML,rec_1ee6aaa75b65deb9402e|c_e1726b2263f145f3df04,False,SAME_MINUTE_TIMES_AND_ECONOMIC_FIELDS,0
dup_20b6f4721793808c,2,"DREA,補交易紀錄/2021.06.30 Jim疫情拼經濟.csv|手動交易2024後策略較固定/其他/statement (1).html",CSV|HTML,rec_a40c49c028c944a92a22|c_10fecf28db834be74591,False,SAME_MINUTE_TIMES_AND_ECONOMIC_FIELDS,0
dup_9230ca55ca4c93b3,2,"DREA,補交易紀錄/2021.06.30 Jim疫情拼經濟.csv|手動交易2024後策略較固定/其他/statement (1).html",CSV|HTML,rec_606a830d42ac1eef0bbd|c_4455329dbb9f74672458,False,SAME_MINUTE_TIMES_AND_ECONOMIC_FIELDS,0
dup_aa4dfcfac7e86c1a,2,"DREA,補交易紀錄/2021.06.30 Jim疫情拼經濟.csv|手動交易2024後策略較固定/其他/statement (1).html",CSV|HTML,rec_8c4eb8ffe31776687227|c_531ec5ae483a5c14f73f,False,SAME_MINUTE_TIMES_AND_ECONOMIC_FIELDS,0
dup_ade17cd9c78a5244,2,"DREA,補交易紀錄/2021.06.30 Jim疫情拼經濟.csv|手動交易2024後策略較固定/其他/statement (1).html",CSV|HTML,rec_5b6b723a067b294fbfed|c_34d19beda9f9f0b733eb,False,SAME_MINUTE_TIMES_AND_ECONOMIC_FIELDS,0
dup_596a21d1ca942ae2,2,"DREA,補交易紀錄/2021.06.30 Jim疫情拼經濟.csv|手動交易2024後策略較固定/其他/statement (1).html",CSV|HTML,rec_e79941d3eafc391af8c8|c_801681edb8c196f56b64,False,SAME_MINUTE_TIMES_AND_ECONOMIC_FIELDS,0
dup_543beaab54c9bcfc,2,"DREA,補交易紀錄/2021.06.30 Jim疫情拼經濟.csv|手動交易2024後策略較固定/其他/statement (1).html",CSV|HTML,rec_15b37738768fd07cc3d2|c_26c487bdc872c9478b40,False,SAME_MINUTE_TIMES_AND_ECONOMIC_FIELDS,0
dup_1410b70d542548d2,2,"DREA,補交易紀錄/2021.06.30 Jim疫情拼經濟.csv|手動交易2024後策略較固定/其他/statement (1).html",CSV|HTML,rec_980eb8dc6c743b42b56c|c_6bbb3d145c56d3d51b53,False,SAME_MINUTE_TIMES_AND_ECONOMIC_FIELDS,0
dup_cc1d6329da9f555a,2,"DREA,補交易紀錄/2021.06.30 Jim疫情拼經濟.csv|手動交易2024後策略較固定/其他/statement (1).html",CSV|HTML,rec_9d274c2688d37c278584|c_ead55089cd1280805c01,False,SAME_MINUTE_TIMES_AND_ECONOMIC_FIELDS,0
dup_44a54caf3c7275a1,2,"DREA,補交易紀錄/2021.06.30 Jim疫情拼經濟.csv|手動交易2024後策略較固定/其他/statement (1).html",CSV|HTML,rec_f07515974e84a2a2fa40|c_121bd04d87b29514c108,False,SAME_MINUTE_TIMES_AND_ECONOMIC_FIELDS,0
dup_ed5432b18ab297e5,2,"DREA,補交易紀錄/2021.06.30 Jim疫情拼經濟.csv|手動交易2024後策略較固定/其他/statement (1).html",CSV|HTML,rec_3df654f87203c2bba941|c_06b7f72f1b4afc831405,False,SAME_MINUTE_TIMES_AND_ECONOMIC_FIELDS,0
dup_d651c670cad2cd1b,2,"DREA,補交易紀錄/2021.06.30 Jim疫情拼經濟.csv|手動交易2024後策略較固定/其他/statement (1).html",CSV|HTML,rec_10e96f1b6878f1b29f0b|c_f388facf73f1e7c79922,False,SAME_MINUTE_TIMES_AND_ECONOMIC_FIELDS,0
dup_49d6d74307923c98,2,"DREA,補交易紀錄/2021.06.30 Jim疫情拼經濟.csv|手動交易2024後策略較固定/其他/statement (1).html",CSV|HTML,rec_17c424b6eac0a86a8f3c|c_74e497f84440c38ace6c,False,SAME_MINUTE_TIMES_AND_ECONOMIC_FIELDS,0
dup_04723df4bf681641,2,"2025/2021-2024/2021/statement (3).html|DREA,補交易紀錄/2021-10-07 Hantec手動 最高+1,130%.csv",CSV|HTML,rec_4e2792120cf2be697b34|c_8cd9115d8b5a16c96b34,False,SAME_MINUTE_TIMES_AND_ECONOMIC_FIELDS,0
dup_2682ffbc7008d6eb,2,"2025/2021-2024/2021/statement (2).html|DREA,補交易紀錄/2021-11-20 1萬 最高+1,087.27%.csv",CSV|HTML,rec_69e3790100e8ae69466f|c_cbdf2323ac61a4b76b63,False,SAME_MINUTE_TIMES_AND_ECONOMIC_FIELDS,0
dup_b86f96ccafbd7d58,2,"2025/2021-2024/2021/statement (2).html|DREA,補交易紀錄/2021-11-20 1萬 最高+1,087.27%.csv",CSV|HTML,rec_2a46c1f27dbda7b60e35|c_f51ba7fb6a133adfb71f,False,SAME_MINUTE_TIMES_AND_ECONOMIC_FIELDS,0
dup_371ac965b276fa7d,2,"2025/2021-2024/2021/statement (1).html|DREA,補交易紀錄/2021-09-29 賺1萬-2 最高+955.85%.csv",CSV|HTML,rec_25b8451f669c2e86ce04|c_58414536a6891214c1a7,False,SAME_MINUTE_TIMES_AND_ECONOMIC_FIELDS,0
dup_d74465e680f8f50e,2,"2025/2021-2024/2021/statement (2).html|DREA,補交易紀錄/2021-11-20 1萬 最高+1,087.27%.csv",CSV|HTML,rec_54d10dba901cd7e07ce3|c_83ea46dfbd809fb277bf,False,SAME_MINUTE_TIMES_AND_ECONOMIC_FIELDS,0
dup_9180740a0d9b5e72,2,"2025/2021-2024/2021/statement (1).html|DREA,補交易紀錄/2021-09-29 賺1萬-2 最高+955.85%.csv",CSV|HTML,rec_a3d7876c4bb0854f23cb|c_84a4529bfe5d5cfffa7c,False,SAME_MINUTE_TIMES_AND_ECONOMIC_FIELDS,0
dup_fd355070629c2377,2,"2025/2021-2024/2021/statement (1).html|DREA,補交易紀錄/2021-09-29 賺1萬-2 最高+955.85%.csv",CSV|HTML,rec_249b0e4bae869f9528dc|c_bffd70b1fcf8ad48f29e,False,SAME_MINUTE_TIMES_AND_ECONOMIC_FIELDS,0
dup_af0ec432c9c88d17,2,"2025/2021-2024/2021/statement (2).html|DREA,補交易紀錄/2021-11-20 1萬 最高+1,087.27%.csv",CSV|HTML,rec_3f50aa101b3ba7b76944|c_e4026f0b4586e99d9613,False,SAME_MINUTE_TIMES_AND_ECONOMIC_FIELDS,0
dup_9e4c3f736e340725,2,"2025/2021-2024/2021/statement (2).html|DREA,補交易紀錄/2021-11-20 1萬 最高+1,087.27%.csv",CSV|HTML,rec_5e40ed201c40bc8a1937|c_d5baaf331ab2d6fc8a84,False,SAME_MINUTE_TIMES_AND_ECONOMIC_FIELDS,0
dup_5d733999df87ccc7,2,"2025/2021-2024/2021/statement (1).html|DREA,補交易紀錄/2021-09-29 賺1萬-2 最高+955.85%.csv",CSV|HTML,rec_a7486a6d69112054bc30|c_28e904d60defbcbd14c7,False,SAME_MINUTE_TIMES_AND_ECONOMIC_FIELDS,0
dup_9ea599e1bf994dc3,2,"2025/2021-2024/2021/statement (4).html|DREA,補交易紀錄/2021-09-20 大資金 18萬 217%.csv",CSV|HTML,rec_0447dd682d11caad619b|c_31dd875b8c1bacfdfb7b,False,SAME_MINUTE_TIMES_AND_ECONOMIC_FIELDS,0
dup_7b8c0ce1dc802dd4,2,"2025/2021-2024/2021/statement (4).html|DREA,補交易紀錄/2021-09-20 大資金 18萬 217%.csv",CSV|HTML,rec_6a6e5763f538759d6bfb|c_1c5f408d1e92500b75dd,False,SAME_MINUTE_TIMES_AND_ECONOMIC_FIELDS,0
dup_df6d5130397ba193,2,"2025/2021-2024/2021/statement (1).html|DREA,補交易紀錄/2021-09-29 賺1萬-2 最高+955.85%.csv",CSV|HTML,rec_4af28030fd8a8e469e81|c_160c5fb963fbf03841f2,False,SAME_MINUTE_TIMES_AND_ECONOMIC_FIELDS,0
dup_ee1fd296c46c5986,2,"2025/2021-2024/2021/statement (2).html|DREA,補交易紀錄/2021-11-20 1萬 最高+1,087.27%.csv",CSV|HTML,rec_7dc1b32a65e52a7370ba|c_e5a0f6759f1dd0e3c8b0,False,SAME_MINUTE_TIMES_AND_ECONOMIC_FIELDS,0
dup_151459c7e0dfb694,2,"2025/2021-2024/2021/statement (2).html|DREA,補交易紀錄/2021-11-20 1萬 最高+1,087.27%.csv",CSV|HTML,rec_0e7d37ecece7674697c9|c_e53b33e53e68922e0247,False,SAME_MINUTE_TIMES_AND_ECONOMIC_FIELDS,0
dup_99690229bdb2cf1a,2,"2025/2021-2024/2021/statement (1).html|DREA,補交易紀錄/2021-09-29 賺1萬-2 最高+955.85%.csv",CSV|HTML,rec_751c3a80bd60d8f4ead1|c_a8d0036ed55c93f1a5c8,False,SAME_MINUTE_TIMES_AND_ECONOMIC_FIELDS,0
dup_141b230587a35795,2,"2025/2021-2024/2021/statement (2).html|DREA,補交易紀錄/2021-11-20 1萬 最高+1,087.27%.csv",CSV|HTML,rec_3f38c56d1877698e11bf|c_274c7270291f8ba05eba,False,SAME_MINUTE_TIMES_AND_ECONOMIC_FIELDS,0
dup_a3f169ec0ae41cab,2,"2025/2021-2024/2021/statement (2).html|DREA,補交易紀錄/2021-11-20 1萬 最高+1,087.27%.csv",CSV|HTML,rec_4b5343623e9fd7d74194|c_e99f995f3d04b8f9429b,False,SAME_MINUTE_TIMES_AND_ECONOMIC_FIELDS,0
dup_d6647f577fdd1a3e,2,"2025/2021-2024/2021/statement (1).html|DREA,補交易紀錄/2021-09-29 賺1萬-2 最高+955.85%.csv",CSV|HTML,rec_6b7a828fca240c700772|c_b25954ec6041fadda729,False,SAME_MINUTE_TIMES_AND_ECONOMIC_FIELDS,0
dup_53add7a37b17af26,2,"2025/2021-2024/2021/statement (2).html|DREA,補交易紀錄/2021-11-20 1萬 最高+1,087.27%.csv",CSV|HTML,rec_10d22c378f77da7443ab|c_8956c726ec7bb09a4df7,False,SAME_MINUTE_TIMES_AND_ECONOMIC_FIELDS,0
dup_b85f20e7daf7a6d6,2,"2025/2021-2024/2021/statement (1).html|DREA,補交易紀錄/2021-09-29 賺1萬-2 最高+955.85%.csv",CSV|HTML,rec_d4097bb3a583800fd64c|c_3e371d75ef6f3da12a76,False,SAME_MINUTE_TIMES_AND_ECONOMIC_FIELDS,0
dup_043e6ab5b254d9b2,2,"2025/2021-2024/2021/statement (4).html|DREA,補交易紀錄/2021-09-20 大資金 18萬 217%.csv",CSV|HTML,rec_1d7114319e3b6d9b0d06|c_7171be40bb19b7c42bb1,False,SAME_MINUTE_TIMES_AND_ECONOMIC_FIELDS,0
dup_4dc94939fce1b230,2,"2025/2021-2024/2021/statement (1).html|DREA,補交易紀錄/2021-09-29 賺1萬-2 最高+955.85%.csv",CSV|HTML,rec_afce53c2238d12ca6fb8|c_896aa0ad1b3cd0a1b51f,False,SAME_MINUTE_TIMES_AND_ECONOMIC_FIELDS,0
dup_dd46a1dcf4bc529c,2,"2025/2021-2024/2021/statement (2).html|DREA,補交易紀錄/2021-11-20 1萬 最高+1,087.27%.csv",CSV|HTML,rec_e714b0c969ead09bcd79|c_5b75175f2bc2da8ed2ae,False,SAME_MINUTE_TIMES_AND_ECONOMIC_FIELDS,0
dup_9513db086f9bbb80,2,"2025/2021-2024/2021/statement (2).html|DREA,補交易紀錄/2021-11-20 1萬 最高+1,087.27%.csv",CSV|HTML,rec_9221b6f442b72df9167b|c_8b38daf4b66cf585f3c1,False,SAME_MINUTE_TIMES_AND_ECONOMIC_FIELDS,0
dup_1d44ea26151ed220,2,"2025/2021-2024/2021/statement (1).html|DREA,補交易紀錄/2021-09-29 賺1萬-2 最高+955.85%.csv",CSV|HTML,rec_d461ca73f175654550fc|c_5e161232097cb9d6f011,False,SAME_MINUTE_TIMES_AND_ECONOMIC_FIELDS,0
dup_29850eceb0d098ed,2,"2025/2021-2024/2021/statement (1).html|DREA,補交易紀錄/2021-09-29 賺1萬-2 最高+955.85%.csv",CSV|HTML,rec_e1c3ff2020ff8dbde87e|c_9c5edd5e312d056816b7,False,SAME_MINUTE_TIMES_AND_ECONOMIC_FIELDS,0
dup_ca000690b6572b2d,2,"2025/2021-2024/2021/statement (2).html|DREA,補交易紀錄/2021-11-20 1萬 最高+1,087.27%.csv",CSV|HTML,rec_c03882b87c76264a2471|c_9b52060f800000fdc641,False,SAME_MINUTE_TIMES_AND_ECONOMIC_FIELDS,0
dup_284f74d86c716085,2,"2025/2021-2024/2021/statement (1).html|DREA,補交易紀錄/2021-09-29 賺1萬-2 最高+955.85%.csv",CSV|HTML,rec_8b062e1033c87b3ce2f5|c_2aa88bb17524e4348bf4,False,SAME_MINUTE_TIMES_AND_ECONOMIC_FIELDS,0
dup_569f9f7e60efb526,2,"2025/2021-2024/2021/statement (1).html|DREA,補交易紀錄/2021-09-29 賺1萬-2 最高+955.85%.csv",CSV|HTML,rec_d0c2b2fadf84557a12ed|c_f7d61d812c8f684667a6,False,SAME_MINUTE_TIMES_AND_ECONOMIC_FIELDS,0
dup_8053431b5b4f68dd,2,"2025/2021-2024/2021/statement (2).html|DREA,補交易紀錄/2021-11-20 1萬 最高+1,087.27%.csv",CSV|HTML,rec_0716772e88f76a8f343e|c_1533686da0c3976618c3,False,SAME_MINUTE_TIMES_AND_ECONOMIC_FIELDS,0
dup_f50c7104cc9a0076,2,"2025/2021-2024/2021/statement (2).html|DREA,補交易紀錄/2021-11-20 1萬 最高+1,087.27%.csv",CSV|HTML,rec_624bf4248d311354dd3e|c_bf16407da205635d4d76,False,SAME_MINUTE_TIMES_AND_ECONOMIC_FIELDS,0
dup_6a93337ef35b8f59,2,"2025/2021-2024/2021/statement (2).html|DREA,補交易紀錄/2021-11-20 1萬 最高+1,087.27%.csv",CSV|HTML,rec_b9cbdeb9d3ce954b3e4b|c_0de495afd6b54c8a94a3,False,SAME_MINUTE_TIMES_AND_ECONOMIC_FIELDS,0
dup_0c34110365b9009d,2,"2025/2021-2024/2021/statement (2).html|DREA,補交易紀錄/2021-11-20 1萬 最高+1,087.27%.csv",CSV|HTML,rec_9e842ab2c617198ea3d8|c_b5eed7ef93ae4373e2e3,False,SAME_MINUTE_TIMES_AND_ECONOMIC_FIELDS,0
dup_b37482cf56da392f,2,"2025/2021-2024/2021/statement (3).html|DREA,補交易紀錄/2021-10-07 Hantec手動 最高+1,130%.csv",CSV|HTML,rec_4eeed6cd29067ffcfae8|c_5d2177807d818e0d26d9,False,SAME_MINUTE_TIMES_AND_ECONOMIC_FIELDS,0
dup_aeca677b950f3d30,2,"2025/2021-2024/2021/statement (1).html|DREA,補交易紀錄/2021-09-29 賺1萬-2 最高+955.85%.csv",CSV|HTML,rec_0994bb92f6c3362abf4d|c_b49bc9fc95bd49977960,False,SAME_MINUTE_TIMES_AND_ECONOMIC_FIELDS,0
dup_e328124221684220,2,"2025/2021-2024/2021/statement (2).html|DREA,補交易紀錄/2021-11-20 1萬 最高+1,087.27%.csv",CSV|HTML,rec_8da9807d0cf3c50d483a|c_162a23454e808fcd616b,False,SAME_MINUTE_TIMES_AND_ECONOMIC_FIELDS,0
dup_9678bad717b0e8a4,2,"2025/2021-2024/2021/statement (4).html|DREA,補交易紀錄/2021-09-20 大資金 18萬 217%.csv",CSV|HTML,rec_9e9b60861ffcc6468ccc|c_04ee825771b19bfee445,False,SAME_MINUTE_TIMES_AND_ECONOMIC_FIELDS,0
dup_f8708aa53efe8667,2,"2025/2021-2024/2021/statement (4).html|DREA,補交易紀錄/2021-09-20 大資金 18萬 217%.csv",CSV|HTML,rec_46af5152b990e1c873d5|c_1e79678b45da9a3dd1f1,False,SAME_MINUTE_TIMES_AND_ECONOMIC_FIELDS,0
dup_408a7c77eab87625,2,"2025/2021-2024/2021/statement (4).html|DREA,補交易紀錄/2021-09-20 大資金 18萬 217%.csv",CSV|HTML,rec_030ff776b37f78ee56db|c_60cb3d7fe8f5b86e68f4,False,SAME_MINUTE_TIMES_AND_ECONOMIC_FIELDS,0
dup_a46cde0a2164425f,2,"2025/2021-2024/2021/statement (4).html|DREA,補交易紀錄/2021-09-20 大資金 18萬 217%.csv",CSV|HTML,rec_6458368020cd2ce81e6a|c_58955060d69f3b388bb2,False,SAME_MINUTE_TIMES_AND_ECONOMIC_FIELDS,0
dup_fe3753173f9a56fd,2,"2025/2021-2024/2021/statement (4).html|DREA,補交易紀錄/2021-09-20 大資金 18萬 217%.csv",CSV|HTML,rec_f7740971aff98f98dd97|c_988ce4c55b6a4b2089ee,False,SAME_MINUTE_TIMES_AND_ECONOMIC_FIELDS,0
dup_89515315cabcf6d1,2,"2025/2021-2024/2021/statement (4).html|DREA,補交易紀錄/2021-09-20 大資金 18萬 217%.csv",CSV|HTML,rec_b60665a1c78e28d72de3|c_caee9484c1a512827b13,False,SAME_MINUTE_TIMES_AND_ECONOMIC_FIELDS,0
dup_9ab46288add5698f,2,"2025/2021-2024/2021/statement (4).html|DREA,補交易紀錄/2021-09-20 大資金 18萬 217%.csv",CSV|HTML,rec_94233efcec3ca9751c04|c_21681de7d7ef0902bd33,False,SAME_MINUTE_TIMES_AND_ECONOMIC_FIELDS,0
dup_e1f5a0acb3eecb06,2,"2025/2021-2024/2021/statement (1).html|DREA,補交易紀錄/2021-09-29 賺1萬-2 最高+955.85%.csv",CSV|HTML,rec_5c685ac7f9a6bbf5082c|c_2f9956a5653d2d13e609,False,SAME_MINUTE_TIMES_AND_ECONOMIC_FIELDS,0
dup_9002417d3dc5ab61,2,"2025/2021-2024/2021/statement (2).html|DREA,補交易紀錄/2021-11-20 1萬 最高+1,087.27%.csv",CSV|HTML,rec_c7cc7bd903e32bb1dc81|c_a770b3504afcfd0af3ee,False,SAME_MINUTE_TIMES_AND_ECONOMIC_FIELDS,0
dup_45a7ff72b7b5b795,2,"2025/2021-2024/2021/statement (4).html|DREA,補交易紀錄/2021-09-20 大資金 18萬 217%.csv",CSV|HTML,rec_9577436b2136d46dbda8|c_3d7a8e7b07f36851d6bc,False,SAME_MINUTE_TIMES_AND_ECONOMIC_FIELDS,0
dup_191894a82e6e6c1c,2,"2025/2021-2024/2021/statement (2).html|DREA,補交易紀錄/2021-11-20 1萬 最高+1,087.27%.csv",CSV|HTML,rec_07fa315173407edfec0b|c_052bb56b818fd9469262,False,SAME_MINUTE_TIMES_AND_ECONOMIC_FIELDS,0
dup_99eaee838acdc340,2,"2025/2021-2024/2021/statement (2).html|DREA,補交易紀錄/2021-11-20 1萬 最高+1,087.27%.csv",CSV|HTML,rec_f1f44fec746100b23060|c_7924b6fe6be098d446c7,False,SAME_MINUTE_TIMES_AND_ECONOMIC_FIELDS,0
dup_814ef1c190f7fadb,2,"2025/2021-2024/2021/statement (1).html|DREA,補交易紀錄/2021-09-29 賺1萬-2 最高+955.85%.csv",CSV|HTML,rec_11fa2aeac539a50471b0|c_e667f12bb995e6f6e935,False,SAME_MINUTE_TIMES_AND_ECONOMIC_FIELDS,0
dup_f1d624f4699fc42a,2,"2025/2021-2024/2021/statement (2).html|DREA,補交易紀錄/2021-11-20 1萬 最高+1,087.27%.csv",CSV|HTML,rec_b20b90fd30ac2a5b31c6|c_7067ec0ed292f4cc2bd8,False,SAME_MINUTE_TIMES_AND_ECONOMIC_FIELDS,0
dup_53094454cd39a76c,2,"2025/2021-2024/2021/statement (4).html|DREA,補交易紀錄/2021-09-20 大資金 18萬 217%.csv",CSV|HTML,rec_670887f76ab2562c1317|c_54e0ffc0bb9017f6c92f,False,SAME_MINUTE_TIMES_AND_ECONOMIC_FIELDS,0
dup_881ca9bf5949b771,2,"2025/2021-2024/2021/statement (4).html|DREA,補交易紀錄/2021-09-20 大資金 18萬 217%.csv",CSV|HTML,rec_fe7fb2213774f9ddaece|c_9337f7eedf73b6aa5393,False,SAME_MINUTE_TIMES_AND_ECONOMIC_FIELDS,0
dup_14be680f4e33f13f,2,"2025/2021-2024/2021/statement (4).html|DREA,補交易紀錄/2021-09-20 大資金 18萬 217%.csv",CSV|HTML,rec_36ecfc53009f2683f4d4|c_2fecc8a2f14d5e6cf79e,False,SAME_MINUTE_TIMES_AND_ECONOMIC_FIELDS,0
dup_157e290c83f6ff68,2,"2025/2021-2024/2021/statement (4).html|DREA,補交易紀錄/2021-09-20 大資金 18萬 217%.csv",CSV|HTML,rec_820f5b197d5a2f5e999e|c_72bc7edb7904ba529d26,False,SAME_MINUTE_TIMES_AND_ECONOMIC_FIELDS,0
dup_60aaff1efcabdd71,2,"2025/2021-2024/2021/statement (1).html|DREA,補交易紀錄/2021-09-29 賺1萬-2 最高+955.85%.csv",CSV|HTML,rec_2dd3328b29b21eec90b7|c_84176c3b3f1d8dfa50a5,False,SAME_MINUTE_TIMES_AND_ECONOMIC_FIELDS,0
dup_7ab56e3c901a18e9,2,"2025/2021-2024/2021/statement (2).html|DREA,補交易紀錄/2021-11-20 1萬 最高+1,087.27%.csv",CSV|HTML,rec_d6b5060a52ea4aa3badb|c_e1aa886d1a2d3f7604de,False,SAME_MINUTE_TIMES_AND_ECONOMIC_FIELDS,0
dup_ffce55c5f4dd7df2,2,"2025/2021-2024/2021/statement (1).html|DREA,補交易紀錄/2021-09-29 賺1萬-2 最高+955.85%.csv",CSV|HTML,rec_66d2f3b96fac3382b167|c_b7b2f31f7b790dcf2c41,False,SAME_MINUTE_TIMES_AND_ECONOMIC_FIELDS,0
dup_65b191b7155697a0,2,"2025/2021-2024/2021/statement (2).html|DREA,補交易紀錄/2021-11-20 1萬 最高+1,087.27%.csv",CSV|HTML,rec_dcad4520e8aeb5655f02|c_c808286fdcdfe8a51ebf,False,SAME_MINUTE_TIMES_AND_ECONOMIC_FIELDS,0
dup_fc4144769b865df8,2,"2025/2021-2024/2021/statement (4).html|DREA,補交易紀錄/2021-09-20 大資金 18萬 217%.csv",CSV|HTML,rec_60fe7b1141402aba6de6|c_b196a62ee956cb9ed0d5,False,SAME_MINUTE_TIMES_AND_ECONOMIC_FIELDS,0
dup_39e61c2b117b7267,2,"2025/2021-2024/2021/statement (1).html|DREA,補交易紀錄/2021-09-29 賺1萬-2 最高+955.85%.csv",CSV|HTML,rec_23eea8e51bdcc832c109|c_83b5d9618631f0a630eb,False,SAME_MINUTE_TIMES_AND_ECONOMIC_FIELDS,0
dup_9d72e8b54c6660fa,2,"2025/2021-2024/2021/statement (2).html|DREA,補交易紀錄/2021-11-20 1萬 最高+1,087.27%.csv",CSV|HTML,rec_653aefc88898a3a9d431|c_0f9ff9915fb40ae66b1c,False,SAME_MINUTE_TIMES_AND_ECONOMIC_FIELDS,0
dup_d838f154afa890a8,2,"2025/2021-2024/2021/statement (4).html|DREA,補交易紀錄/2021-09-20 大資金 18萬 217%.csv",CSV|HTML,rec_00b283cb250d1f83ef6a|c_f28369cadebc3eaa8b88,False,SAME_MINUTE_TIMES_AND_ECONOMIC_FIELDS,0
dup_671b720eee7f2813,2,"2025/2021-2024/2021/statement (4).html|DREA,補交易紀錄/2021-09-20 大資金 18萬 217%.csv",CSV|HTML,rec_3c0408c25a3c0dbded6e|c_70d77f29ef8073fac9c9,False,SAME_MINUTE_TIMES_AND_ECONOMIC_FIELDS,0
dup_0cda99a478a27818,2,"2025/2021-2024/2021/statement (2).html|DREA,補交易紀錄/2021-11-20 1萬 最高+1,087.27%.csv",CSV|HTML,rec_6980b95b5c5c49511fc7|c_b2846142ae0f108b090c,False,SAME_MINUTE_TIMES_AND_ECONOMIC_FIELDS,0
dup_73f449cbd3649a17,2,"2025/2021-2024/2021/statement (1).html|DREA,補交易紀錄/2021-09-29 賺1萬-2 最高+955.85%.csv",CSV|HTML,rec_8693d5dc632785716596|c_04f930d5e162ded11928,False,SAME_MINUTE_TIMES_AND_ECONOMIC_FIELDS,0
dup_718caebd8aa8cd7c,2,"2025/2021-2024/2021/statement (1).html|DREA,補交易紀錄/2021-09-29 賺1萬-2 最高+955.85%.csv",CSV|HTML,rec_730ad3c0d12fd0dac84b|c_dd1eeef4cdf4d7d74018,False,SAME_MINUTE_TIMES_AND_ECONOMIC_FIELDS,0
dup_e0b4fd8ab51aaf30,2,"2025/2021-2024/2021/statement (2).html|DREA,補交易紀錄/2021-11-20 1萬 最高+1,087.27%.csv",CSV|HTML,rec_240692f0052d966c9f3a|c_0763098312bea0f32f2a,False,SAME_MINUTE_TIMES_AND_ECONOMIC_FIELDS,0
dup_daaba79309251931,2,"2025/2021-2024/2021/statement (4).html|DREA,補交易紀錄/2021-09-20 大資金 18萬 217%.csv",CSV|HTML,rec_c4ab7401e8fc1faaf4f4|c_355832ab12838d6190c6,False,SAME_MINUTE_TIMES_AND_ECONOMIC_FIELDS,0
dup_1ab425a315f991fc,2,"2025/2021-2024/2021/statement (2).html|DREA,補交易紀錄/2021-11-20 1萬 最高+1,087.27%.csv",CSV|HTML,rec_f004b07276faa8b67a9a|c_3a2d727c491f506382e3,False,SAME_MINUTE_TIMES_AND_ECONOMIC_FIELDS,0
dup_290b95436d3930ea,2,"2025/2021-2024/2021/statement (1).html|DREA,補交易紀錄/2021-09-29 賺1萬-2 最高+955.85%.csv",CSV|HTML,rec_20b54d5bc109f23ce39a|c_3d31b85864e6f5327c39,False,SAME_MINUTE_TIMES_AND_ECONOMIC_FIELDS,0
dup_c27274cc1358d505,2,"2025/2021-2024/2021/statement (2).html|DREA,補交易紀錄/2021-11-20 1萬 最高+1,087.27%.csv",CSV|HTML,rec_7a96465a85c3010a8769|c_72bcf7fc733d969af659,False,SAME_MINUTE_TIMES_AND_ECONOMIC_FIELDS,0
dup_33d00cd4cad977a2,2,"2025/2021-2024/2021/statement (2).html|DREA,補交易紀錄/2021-11-20 1萬 最高+1,087.27%.csv",CSV|HTML,rec_e8491085adf9635e1223|c_5f2befe6472504f068e0,False,SAME_MINUTE_TIMES_AND_ECONOMIC_FIELDS,0
dup_58d6ebf212aec170,2,"2025/2021-2024/2021/statement (4).html|DREA,補交易紀錄/2021-09-20 大資金 18萬 217%.csv",CSV|HTML,rec_301f80290627ff3e55f8|c_f9fd16ae3f0877b35c0e,False,SAME_MINUTE_TIMES_AND_ECONOMIC_FIELDS,0
dup_0a501a3ebc7fcf3c,2,"2025/2021-2024/2021/statement (4).html|DREA,補交易紀錄/2021-09-20 大資金 18萬 217%.csv",CSV|HTML,rec_8e64527b392ef71f9797|c_89dd64b3e4bf383ce5d3,False,SAME_MINUTE_TIMES_AND_ECONOMIC_FIELDS,0
dup_70ceddf45851fa1c,2,"2025/2021-2024/2021/statement (2).html|DREA,補交易紀錄/2021-11-20 1萬 最高+1,087.27%.csv",CSV|HTML,rec_14a953506a64339e31a8|c_b59e8f2d73449131f504,False,SAME_MINUTE_TIMES_AND_ECONOMIC_FIELDS,0
dup_89b79eddb9daee51,2,"2025/2021-2024/2021/statement (2).html|DREA,補交易紀錄/2021-11-20 1萬 最高+1,087.27%.csv",CSV|HTML,rec_1c35976fa3aef0d2d6ac|c_6ba8e377a8c24fd6c1e6,False,SAME_MINUTE_TIMES_AND_ECONOMIC_FIELDS,0
dup_b16a171594fa0623,2,"2025/2021-2024/2021/statement (1).html|DREA,補交易紀錄/2021-09-29 賺1萬-2 最高+955.85%.csv",CSV|HTML,rec_0442b41e54922efb0c8b|c_dcae4c89e99167cc2cf0,False,SAME_MINUTE_TIMES_AND_ECONOMIC_FIELDS,0
dup_98dbb57ccda51fd7,2,"2025/2021-2024/2021/statement (2).html|DREA,補交易紀錄/2021-11-20 1萬 最高+1,087.27%.csv",CSV|HTML,rec_19a2c6c25818e0d2ec1a|c_1c54bbc5a18276e24c4e,False,SAME_MINUTE_TIMES_AND_ECONOMIC_FIELDS,0
dup_9c3e4e51f0d6296b,2,"2025/2021-2024/2021/statement (4).html|DREA,補交易紀錄/2021-09-20 大資金 18萬 217%.csv",CSV|HTML,rec_034788a59add03cc1287|c_d495c630aeccc5801184,False,SAME_MINUTE_TIMES_AND_ECONOMIC_FIELDS,0
dup_14042f4d65aaa03b,2,"2025/2021-2024/2021/statement (2).html|DREA,補交易紀錄/2021-11-20 1萬 最高+1,087.27%.csv",CSV|HTML,rec_367222afad64171420d5|c_5cffe160a75dbed4f661,False,SAME_MINUTE_TIMES_AND_ECONOMIC_FIELDS,0
dup_bd36083134c74d69,2,"2025/2021-2024/2021/statement (4).html|DREA,補交易紀錄/2021-09-20 大資金 18萬 217%.csv",CSV|HTML,rec_22ac5d265fd6ea64adfe|c_e0ef898feb1fe4841205,False,SAME_MINUTE_TIMES_AND_ECONOMIC_FIELDS,0
dup_6367ef955a7ea24f,2,"2025/2021-2024/2021/statement (4).html|DREA,補交易紀錄/2021-09-20 大資金 18萬 217%.csv",CSV|HTML,rec_58c35007a9d946855e2b|c_5dc012e283eb8110108e,False,SAME_MINUTE_TIMES_AND_ECONOMIC_FIELDS,0
dup_9dac7bb3bfe6e733,2,"2025/2021-2024/2021/statement (1).html|DREA,補交易紀錄/2021-09-29 賺1萬-2 最高+955.85%.csv",CSV|HTML,rec_89140f15606cedf80114|c_6a4dd5e605c997b919e3,False,SAME_MINUTE_TIMES_AND_ECONOMIC_FIELDS,0
dup_9ae0231f38e6ee88,2,"2025/2021-2024/2021/statement (2).html|DREA,補交易紀錄/2021-11-20 1萬 最高+1,087.27%.csv",CSV|HTML,rec_3e67ce421eb7a5ab40bd|c_616b7c2e87a4e5978080,False,SAME_MINUTE_TIMES_AND_ECONOMIC_FIELDS,0
dup_043d762b825e6cbe,2,"2025/2021-2024/2021/statement (2).html|DREA,補交易紀錄/2021-11-20 1萬 最高+1,087.27%.csv",CSV|HTML,rec_53414eb14b4c817897f3|c_beea6ccfbcb0703f9c26,False,SAME_MINUTE_TIMES_AND_ECONOMIC_FIELDS,0
dup_54d3b26b5e7d03a1,2,"2025/2021-2024/2021/statement (4).html|DREA,補交易紀錄/2021-09-20 大資金 18萬 217%.csv",CSV|HTML,rec_508d932f4eb70b6de189|c_32d214d908e45470e1cc,False,SAME_MINUTE_TIMES_AND_ECONOMIC_FIELDS,0
dup_93aea453b898441f,2,"2025/2021-2024/2021/statement (4).html|DREA,補交易紀錄/2021-09-20 大資金 18萬 217%.csv",CSV|HTML,rec_2c838faa69f167653771|c_008a364a2672ec260648,False,SAME_MINUTE_TIMES_AND_ECONOMIC_FIELDS,0
dup_9ddec410041b8075,2,"2025/2021-2024/2021/statement (4).html|DREA,補交易紀錄/2021-09-20 大資金 18萬 217%.csv",CSV|HTML,rec_c5b9084dc44b7fea63b9|c_9cd69002ab53c0417854,False,SAME_MINUTE_TIMES_AND_ECONOMIC_FIELDS,0
dup_1486e5ddd7599710,2,"2025/2021-2024/2021/statement (4).html|DREA,補交易紀錄/2021-09-20 大資金 18萬 217%.csv",CSV|HTML,rec_6b6e6572307485b479e1|c_927dc65cb654be10635f,False,SAME_MINUTE_TIMES_AND_ECONOMIC_FIELDS,0
dup_01521f6598568a12,2,"2025/2021-2024/2021/statement (4).html|DREA,補交易紀錄/2021-09-20 大資金 18萬 217%.csv",CSV|HTML,rec_8caed19a711664e474f0|c_7d54bd29dd0b42a07e65,False,SAME_MINUTE_TIMES_AND_ECONOMIC_FIELDS,0
dup_37f2101d04a50344,2,"2025/2021-2024/2021/statement (4).html|DREA,補交易紀錄/2021-09-20 大資金 18萬 217%.csv",CSV|HTML,rec_cb1b7d2913982b5c68b8|c_42e63553654f035420a0,False,SAME_MINUTE_TIMES_AND_ECONOMIC_FIELDS,0
dup_35b685b4da49cc4b,2,"2025/2021-2024/2021/statement (4).html|DREA,補交易紀錄/2021-09-20 大資金 18萬 217%.csv",CSV|HTML,rec_a341f67247606c6e8f6c|c_00066c03c82425d0a75a,False,SAME_MINUTE_TIMES_AND_ECONOMIC_FIELDS,0
dup_0aa89fb67c24fad2,2,"2025/2021-2024/2021/statement (1).html|DREA,補交易紀錄/2021-09-29 賺1萬-2 最高+955.85%.csv",CSV|HTML,rec_3cbd0db510e6ecd99058|c_5087804ef80df9100dd1,False,SAME_MINUTE_TIMES_AND_ECONOMIC_FIELDS,0
dup_4d891b2cf7cec15f,2,"2025/2021-2024/2021/statement (1).html|DREA,補交易紀錄/2021-09-29 賺1萬-2 最高+955.85%.csv",CSV|HTML,rec_fcf62f711d72b9e58d99|c_78017ebaad0deada110d,False,SAME_MINUTE_TIMES_AND_ECONOMIC_FIELDS,0
dup_b4b65cd297264adc,2,"2025/2021-2024/2021/statement (2).html|DREA,補交易紀錄/2021-11-20 1萬 最高+1,087.27%.csv",CSV|HTML,rec_4a5b72541c15e77fbf6a|c_650807abed75094789a8,False,SAME_MINUTE_TIMES_AND_ECONOMIC_FIELDS,0
dup_3ea5a7a44c756aff,2,"2025/2021-2024/2021/statement (4).html|DREA,補交易紀錄/2021-09-20 大資金 18萬 217%.csv",CSV|HTML,rec_539455afeb6abefacbed|c_d314aacdd9f2bb6dc915,False,SAME_MINUTE_TIMES_AND_ECONOMIC_FIELDS,0
dup_4932ac4b5fc2a193,2,"2025/2021-2024/2021/statement (4).html|DREA,補交易紀錄/2021-09-20 大資金 18萬 217%.csv",CSV|HTML,rec_6d271529216916a52f03|c_27e05c09b01f6b89f004,False,SAME_MINUTE_TIMES_AND_ECONOMIC_FIELDS,0
dup_9040155f740f74f5,2,"2025/2021-2024/2021/statement (1).html|DREA,補交易紀錄/2021-09-29 賺1萬-2 最高+955.85%.csv",CSV|HTML,rec_4f2ed9291a14f5d361a1|c_a00bfb042beef0eedcdc,False,SAME_MINUTE_TIMES_AND_ECONOMIC_FIELDS,0
dup_2ff3459a0df68b1a,2,"2025/2021-2024/2021/statement (2).html|DREA,補交易紀錄/2021-11-20 1萬 最高+1,087.27%.csv",CSV|HTML,rec_85089233a4b38c721980|c_020e1e4fdb304b186683,False,SAME_MINUTE_TIMES_AND_ECONOMIC_FIELDS,0
dup_38addcce6ee9b061,2,"2025/2021-2024/2021/statement (4).html|DREA,補交易紀錄/2021-09-20 大資金 18萬 217%.csv",CSV|HTML,rec_7a395524132c05ed793c|c_3c679dae0793553fd905,False,SAME_MINUTE_TIMES_AND_ECONOMIC_FIELDS,0
dup_25e2d9ce3a47867c,2,"2025/2021-2024/2021/statement (2).html|DREA,補交易紀錄/2021-11-20 1萬 最高+1,087.27%.csv",CSV|HTML,rec_266e54e1530981db781d|c_6192f848a9cb54e287d4,False,SAME_MINUTE_TIMES_AND_ECONOMIC_FIELDS,0
dup_ccbcc69db788ba63,2,"2025/2021-2024/2021/statement (2).html|DREA,補交易紀錄/2021-11-20 1萬 最高+1,087.27%.csv",CSV|HTML,rec_4be29cd0dbf78ca56a3a|c_6aacd39087c34958ed30,False,SAME_MINUTE_TIMES_AND_ECONOMIC_FIELDS,0
dup_b5975230241605a9,2,"2025/2021-2024/2021/statement (4).html|DREA,補交易紀錄/2021-09-20 大資金 18萬 217%.csv",CSV|HTML,rec_debc5c0d8a1b8443c8cd|c_3ff3c23df18c6526b50e,False,SAME_MINUTE_TIMES_AND_ECONOMIC_FIELDS,0
dup_400eba21a42571c2,2,"2025/2021-2024/2021/statement (4).html|DREA,補交易紀錄/2021-09-20 大資金 18萬 217%.csv",CSV|HTML,rec_1efa1fc0170087dd046d|c_25c39daeda356e2582c8,False,SAME_MINUTE_TIMES_AND_ECONOMIC_FIELDS,0
dup_24c32d82bb505cd8,2,"2025/2021-2024/2021/statement (1).html|DREA,補交易紀錄/2021-09-29 賺1萬-2 最高+955.85%.csv",CSV|HTML,rec_8853bb92d40bb1d339e9|c_fd7cab1ee00f115d84d9,False,SAME_MINUTE_TIMES_AND_ECONOMIC_FIELDS,0
dup_50756e6822f28af1,2,"2025/2021-2024/2021/statement (2).html|DREA,補交易紀錄/2021-11-20 1萬 最高+1,087.27%.csv",CSV|HTML,rec_015c13bfee58fe821f7e|c_a887e7a7cf9a3bf02bfc,False,SAME_MINUTE_TIMES_AND_ECONOMIC_FIELDS,0
dup_6fe0457c4cfed882,2,"2025/2021-2024/2021/statement (4).html|DREA,補交易紀錄/2021-09-20 大資金 18萬 217%.csv",CSV|HTML,rec_103bf81d76260575d4a0|c_869f74ca0684eb878768,False,SAME_MINUTE_TIMES_AND_ECONOMIC_FIELDS,0
dup_5136f1b3bd8cbbdc,2,"2025/2021-2024/2021/statement (4).html|DREA,補交易紀錄/2021-09-20 大資金 18萬 217%.csv",CSV|HTML,rec_4398c82b9e320ebcdf79|c_6a398f58a6a8e46f428e,False,SAME_MINUTE_TIMES_AND_ECONOMIC_FIELDS,0
dup_5599a2b89d6646e8,2,"2025/2021-2024/2021/statement (4).html|DREA,補交易紀錄/2021-09-20 大資金 18萬 217%.csv",CSV|HTML,rec_fd4b9030c189317bec4d|c_d3906bf3844d992349fe,False,SAME_MINUTE_TIMES_AND_ECONOMIC_FIELDS,0
dup_4a54dd7b4f3119e8,2,"2025/2021-2024/2021/statement (4).html|DREA,補交易紀錄/2021-09-20 大資金 18萬 217%.csv",CSV|HTML,rec_0f8a004063b58fd44ac6|c_5135526c5e24538c22dc,False,SAME_MINUTE_TIMES_AND_ECONOMIC_FIELDS,0
dup_6949938a76cfdf1b,2,"2025/2021-2024/2021/statement (4).html|DREA,補交易紀錄/2021-09-20 大資金 18萬 217%.csv",CSV|HTML,rec_0ebba3126532b470da52|c_4b3c75e2b8d9691d7c29,False,SAME_MINUTE_TIMES_AND_ECONOMIC_FIELDS,0
dup_2631f1f82bbd8e98,2,"2025/2021-2024/2021/statement (4).html|DREA,補交易紀錄/2021-09-20 大資金 18萬 217%.csv",CSV|HTML,rec_7c8b54833197adf330b2|c_d54856a190daabbe5fa1,False,SAME_MINUTE_TIMES_AND_ECONOMIC_FIELDS,0
dup_576a910cff4de443,2,"2025/2021-2024/2021/statement (1).html|DREA,補交易紀錄/2021-09-29 賺1萬-2 最高+955.85%.csv",CSV|HTML,rec_9d892ead2b59f037c4ea|c_850024ceee0bfc6ff5b3,False,SAME_MINUTE_TIMES_AND_ECONOMIC_FIELDS,0
dup_68a2a09599861319,2,"2025/2021-2024/2021/statement (2).html|DREA,補交易紀錄/2021-11-20 1萬 最高+1,087.27%.csv",CSV|HTML,rec_5394717fa49a620e8833|c_65e62aeac475b8dbc7cb,False,SAME_MINUTE_TIMES_AND_ECONOMIC_FIELDS,0
dup_bab084939ba29bb4,2,"2025/2021-2024/2021/statement (1).html|DREA,補交易紀錄/2021-09-29 賺1萬-2 最高+955.85%.csv",CSV|HTML,rec_f32422e8a452848357a2|c_fe9d95ba7fd73f7937a7,False,SAME_MINUTE_TIMES_AND_ECONOMIC_FIELDS,0
dup_fe6c7b673ffd8bf9,2,"2025/2021-2024/2021/statement (2).html|DREA,補交易紀錄/2021-11-20 1萬 最高+1,087.27%.csv",CSV|HTML,rec_9dc6fdeaf29aa69fc3ba|c_1d5f4618c981b965a59e,False,SAME_MINUTE_TIMES_AND_ECONOMIC_FIELDS,0
dup_0ee5da1b9ddfccf4,2,"2025/2021-2024/2021/statement (4).html|DREA,補交易紀錄/2021-09-20 大資金 18萬 217%.csv",CSV|HTML,rec_64a6ef6708bba5909e2c|c_e3dd9fabee058bea2b67,False,SAME_MINUTE_TIMES_AND_ECONOMIC_FIELDS,0
dup_d76672ec7e6e139c,2,"2025/2021-2024/2021/statement (4).html|DREA,補交易紀錄/2021-09-20 大資金 18萬 217%.csv",CSV|HTML,rec_9ba1681371ea247d725f|c_6cc4e8031cdecca78f16,False,SAME_MINUTE_TIMES_AND_ECONOMIC_FIELDS,0
dup_9a71988aac3147c2,2,"2025/2021-2024/2021/statement (4).html|DREA,補交易紀錄/2021-09-20 大資金 18萬 217%.csv",CSV|HTML,rec_d817b89a7753dca34b86|c_ed4402b1e87849150734,False,SAME_MINUTE_TIMES_AND_ECONOMIC_FIELDS,0
dup_93556d808a2d2ba4,2,"2025/2021-2024/2021/statement (4).html|DREA,補交易紀錄/2021-09-20 大資金 18萬 217%.csv",CSV|HTML,rec_02c99d51ef7887e0ac3c|c_985989e5f921ce42d16e,False,SAME_MINUTE_TIMES_AND_ECONOMIC_FIELDS,0
dup_57c82d2ee4c2d2ae,2,"2025/2021-2024/2021/statement (4).html|DREA,補交易紀錄/2021-09-20 大資金 18萬 217%.csv",CSV|HTML,rec_c0b886f27e6b4a73ed25|c_c685b8d98bb82dd1f0a6,False,SAME_MINUTE_TIMES_AND_ECONOMIC_FIELDS,0
dup_126ba0f3df8e856b,2,"2025/2021-2024/2021/statement (4).html|DREA,補交易紀錄/2021-09-20 大資金 18萬 217%.csv",CSV|HTML,rec_17973e828ffbf67eeddb|c_1f657e7cd8a54e4a040b,False,SAME_MINUTE_TIMES_AND_ECONOMIC_FIELDS,0
dup_ae81e0ba49bbfa92,2,"2025/2021-2024/2021/statement (4).html|DREA,補交易紀錄/2021-09-20 大資金 18萬 217%.csv",CSV|HTML,rec_ade56d6c7a93d4df2ecc|c_91e3adf4c83f68d2116f,False,SAME_MINUTE_TIMES_AND_ECONOMIC_FIELDS,0
dup_6ea51ea5812b5a95,2,"2025/2021-2024/2021/statement (4).html|DREA,補交易紀錄/2021-09-20 大資金 18萬 217%.csv",CSV|HTML,rec_bfbf15a38025a8cf3286|c_ca024ab792fd7d7d2b50,False,SAME_MINUTE_TIMES_AND_ECONOMIC_FIELDS,0
dup_ff3051988b73954e,2,"2025/2021-2024/2021/statement (4).html|DREA,補交易紀錄/2021-09-20 大資金 18萬 217%.csv",CSV|HTML,rec_ed5202f276481102bae9|c_80440b96ef6050868764,False,SAME_MINUTE_TIMES_AND_ECONOMIC_FIELDS,0
dup_bfd2601ce7589805,2,"2025/2021-2024/2021/statement (4).html|DREA,補交易紀錄/2021-09-20 大資金 18萬 217%.csv",CSV|HTML,rec_7137be4e03ce385d9fd6|c_22b0f0765481982593f5,False,SAME_MINUTE_TIMES_AND_ECONOMIC_FIELDS,0
dup_48834fc2b5a5448d,2,"2025/2021-2024/2021/statement (4).html|DREA,補交易紀錄/2021-09-20 大資金 18萬 217%.csv",CSV|HTML,rec_0c3f727e56653d03af94|c_25e3f8dcb172ec190098,False,SAME_MINUTE_TIMES_AND_ECONOMIC_FIELDS,0
dup_d15d13391d9fe2cc,2,"2025/2021-2024/2021/statement (4).html|DREA,補交易紀錄/2021-09-20 大資金 18萬 217%.csv",CSV|HTML,rec_ddedbe4b0eccabcb5adc|c_6a04a2a6efc6cc89c4ae,False,SAME_MINUTE_TIMES_AND_ECONOMIC_FIELDS,0
dup_091df1d3b6c6a7e4,2,"2025/2021-2024/2021/statement (4).html|DREA,補交易紀錄/2021-09-20 大資金 18萬 217%.csv",CSV|HTML,rec_32342b7d7744b0da370d|c_76d8d2f03bd8c4558179,False,SAME_MINUTE_TIMES_AND_ECONOMIC_FIELDS,0
dup_72ce58a034e57d2f,2,"2025/2021-2024/2021/statement (4).html|DREA,補交易紀錄/2021-09-20 大資金 18萬 217%.csv",CSV|HTML,rec_d450dfcd0baae8a104df|c_814739b10ef15de8e979,False,SAME_MINUTE_TIMES_AND_ECONOMIC_FIELDS,0
dup_374152a2a600ae18,2,"2025/2021-2024/2021/statement (4).html|DREA,補交易紀錄/2021-09-20 大資金 18萬 217%.csv",CSV|HTML,rec_b9cf2ebe5616b9958fa3|c_0fb0f31c0fc613215e8c,False,SAME_MINUTE_TIMES_AND_ECONOMIC_FIELDS,0
dup_2a4891a31dd38f93,2,"2025/2021-2024/2021/statement (4).html|DREA,補交易紀錄/2021-09-20 大資金 18萬 217%.csv",CSV|HTML,rec_99a2b9c94cac046a3232|c_e0fbe167f172a379add1,False,SAME_MINUTE_TIMES_AND_ECONOMIC_FIELDS,0
dup_c04f9705e1836ad1,2,"2025/2021-2024/2021/statement (4).html|DREA,補交易紀錄/2021-09-20 大資金 18萬 217%.csv",CSV|HTML,rec_bd83a7de97fcde71ab89|c_000229dec38b7ed4f8cc,False,SAME_MINUTE_TIMES_AND_ECONOMIC_FIELDS,0
dup_70cf63e5845e1532,2,"2025/2021-2024/2021/statement (4).html|DREA,補交易紀錄/2021-09-20 大資金 18萬 217%.csv",CSV|HTML,rec_ecc09b3353df532b910e|c_7c65b0bc8db682ebc57a,False,SAME_MINUTE_TIMES_AND_ECONOMIC_FIELDS,0
dup_ebdc2153dd7434cb,2,"2025/2021-2024/2021/statement (4).html|DREA,補交易紀錄/2021-09-20 大資金 18萬 217%.csv",CSV|HTML,rec_480d9c408bde5445f40f|c_b1a564b63b55a5de6088,False,SAME_MINUTE_TIMES_AND_ECONOMIC_FIELDS,0
dup_10dc8f3512170372,2,"2025/2021-2024/2021/statement (4).html|DREA,補交易紀錄/2021-09-20 大資金 18萬 217%.csv",CSV|HTML,rec_b4a5f678ff09a53fcf57|c_ac3c0860cb03cd8c29e3,False,SAME_MINUTE_TIMES_AND_ECONOMIC_FIELDS,0
dup_ec57952bb864f770,2,"2025/2021-2024/2021/statement (1).html|DREA,補交易紀錄/2021-09-29 賺1萬-2 最高+955.85%.csv",CSV|HTML,rec_34fbfd30cbc46bbce6ef|c_7ddab08669d1165569b8,False,SAME_MINUTE_TIMES_AND_ECONOMIC_FIELDS,0
dup_54ffd45450b1ebf7,2,"2025/2021-2024/2021/statement (1).html|DREA,補交易紀錄/2021-09-29 賺1萬-2 最高+955.85%.csv",CSV|HTML,rec_4e3f4ad3ec12b579ef8e|c_c495ae6403a956ec00bc,False,SAME_MINUTE_TIMES_AND_ECONOMIC_FIELDS,0
dup_fccb838ddfa883f3,2,"2025/2021-2024/2021/statement (3).html|DREA,補交易紀錄/2021-10-07 Hantec手動 最高+1,130%.csv",CSV|HTML,rec_86bcac6985aed0a959cf|c_aa3bec9d2a881c0b201a,False,SAME_MINUTE_TIMES_AND_ECONOMIC_FIELDS,0
dup_a8745600f9690cfe,2,"2025/2021-2024/2021/statement (3).html|DREA,補交易紀錄/2021-10-07 Hantec手動 最高+1,130%.csv",CSV|HTML,rec_a75c103b018acf66f368|c_fcf15812e439db9fac6c,False,SAME_MINUTE_TIMES_AND_ECONOMIC_FIELDS,0
dup_39c31743180f5f64,2,"2025/2021-2024/2021/statement (1).html|DREA,補交易紀錄/2021-09-29 賺1萬-2 最高+955.85%.csv",CSV|HTML,rec_d92b3582884531bf1769|c_32d460d435e02277d9a3,False,SAME_MINUTE_TIMES_AND_ECONOMIC_FIELDS,0
dup_0c131ebd9578719e,2,"2025/2021-2024/2021/statement (3).html|DREA,補交易紀錄/2021-10-07 Hantec手動 最高+1,130%.csv",CSV|HTML,rec_17ce109aaeba8b1b2656|c_33c14dcf93aeedb131d5,False,SAME_MINUTE_TIMES_AND_ECONOMIC_FIELDS,0
dup_83cefea993b39549,2,"2025/2021-2024/2021/statement (3).html|DREA,補交易紀錄/2021-10-07 Hantec手動 最高+1,130%.csv",CSV|HTML,rec_91d6787e35bf5e7c4107|c_ebcee3c8a4db1ec8b3c4,False,SAME_MINUTE_TIMES_AND_ECONOMIC_FIELDS,0
dup_bcbb6081b1ef241a,2,"2025/2021-2024/2021/statement (3).html|DREA,補交易紀錄/2021-10-07 Hantec手動 最高+1,130%.csv",CSV|HTML,rec_0f5c3df3e1bf5333c2a0|c_033c7831209d4a8bd42e,False,SAME_MINUTE_TIMES_AND_ECONOMIC_FIELDS,0
dup_914712d747f16e64,2,"2025/2021-2024/2021/statement (3).html|DREA,補交易紀錄/2021-10-07 Hantec手動 最高+1,130%.csv",CSV|HTML,rec_2217b50bc9c517ab58ae|c_17c68d57ce255497e42d,False,SAME_MINUTE_TIMES_AND_ECONOMIC_FIELDS,0
dup_c6293636919110f8,2,"2025/2021-2024/2021/statement (3).html|DREA,補交易紀錄/2021-10-07 Hantec手動 最高+1,130%.csv",CSV|HTML,rec_44a96dce7e3021c87838|c_7526ef4e0d0247f8582c,False,SAME_MINUTE_TIMES_AND_ECONOMIC_FIELDS,0
dup_da5f0d166d8b2edc,2,"2025/2021-2024/2021/statement (3).html|DREA,補交易紀錄/2021-10-07 Hantec手動 最高+1,130%.csv",CSV|HTML,rec_92c3c3cc93a9ac2a8bf8|c_01eeb0a52f0906856835,False,SAME_MINUTE_TIMES_AND_ECONOMIC_FIELDS,0
dup_62b0d8bdb8d08efe,2,"2025/2021-2024/2021/statement (1).html|DREA,補交易紀錄/2021-09-29 賺1萬-2 最高+955.85%.csv",CSV|HTML,rec_6044f18284706f4e9954|c_0b2c060a4416e48c21a0,False,SAME_MINUTE_TIMES_AND_ECONOMIC_FIELDS,0
dup_c1fc9c542fa3a9cb,2,"2025/2021-2024/2021/statement (3).html|DREA,補交易紀錄/2021-10-07 Hantec手動 最高+1,130%.csv",CSV|HTML,rec_68e8ec25574c8c42ca65|c_9619175e7f634545cc49,False,SAME_MINUTE_TIMES_AND_ECONOMIC_FIELDS,0
dup_91bcb6e434279499,2,"2025/2021-2024/2021/statement (3).html|DREA,補交易紀錄/2021-10-07 Hantec手動 最高+1,130%.csv",CSV|HTML,rec_eec0c1875820b8132587|c_d6e8c81a4ed47d80df14,False,SAME_MINUTE_TIMES_AND_ECONOMIC_FIELDS,0
dup_02c8c5e3e0408d2d,2,"2025/2021-2024/2021/statement (3).html|DREA,補交易紀錄/2021-10-07 Hantec手動 最高+1,130%.csv",CSV|HTML,rec_8928f4a2613e3a409a05|c_e5967a6574e9bef33221,False,SAME_MINUTE_TIMES_AND_ECONOMIC_FIELDS,0
dup_49fd227c7bd055a0,2,"2025/2021-2024/2021/statement (1).html|DREA,補交易紀錄/2021-09-29 賺1萬-2 最高+955.85%.csv",CSV|HTML,rec_a16cb57bb91df0bfd0a6|c_f310a9b31ab96505af3f,False,SAME_MINUTE_TIMES_AND_ECONOMIC_FIELDS,0
dup_ee1471b6b2157fdf,2,"2025/2021-2024/2021/statement (1).html|DREA,補交易紀錄/2021-09-29 賺1萬-2 最高+955.85%.csv",CSV|HTML,rec_e2ec2cd5f592adb5bc79|c_12d2e6dcc3127880e49a,False,SAME_MINUTE_TIMES_AND_ECONOMIC_FIELDS,0
dup_a02cb2ebce936535,2,"2025/2021-2024/2021/statement (3).html|DREA,補交易紀錄/2021-10-07 Hantec手動 最高+1,130%.csv",CSV|HTML,rec_b210590f5d21b1074e81|c_ed778a8a44f4b167a727,False,SAME_MINUTE_TIMES_AND_ECONOMIC_FIELDS,0
dup_617d44f18fbc3c95,2,"2025/2021-2024/2021/statement (3).html|DREA,補交易紀錄/2021-10-07 Hantec手動 最高+1,130%.csv",CSV|HTML,rec_927f018be29292d0750c|c_50d9839aaf574d06e96f,False,SAME_MINUTE_TIMES_AND_ECONOMIC_FIELDS,0
dup_f664d1b3f412cc5e,2,"2025/2021-2024/2021/statement (1).html|DREA,補交易紀錄/2021-09-29 賺1萬-2 最高+955.85%.csv",CSV|HTML,rec_bb5a19d8357f4cd5f78a|c_f448938fe99e301b9ef7,False,SAME_MINUTE_TIMES_AND_ECONOMIC_FIELDS,0
dup_f61544b86c756f63,2,"2025/2021-2024/2021/statement (3).html|DREA,補交易紀錄/2021-10-07 Hantec手動 最高+1,130%.csv",CSV|HTML,rec_10d66a1fdc1d48b57021|c_2f335237585a36584a27,False,SAME_MINUTE_TIMES_AND_ECONOMIC_FIELDS,0
dup_369736641f486a91,2,"2025/2021-2024/2021/statement (3).html|DREA,補交易紀錄/2021-10-07 Hantec手動 最高+1,130%.csv",CSV|HTML,rec_0da441f8a25f8330e9a3|c_2416a3f960a703cabbf7,False,SAME_MINUTE_TIMES_AND_ECONOMIC_FIELDS,0
dup_427ff20ec0dbf469,2,"2025/2021-2024/2021/statement (3).html|DREA,補交易紀錄/2021-10-07 Hantec手動 最高+1,130%.csv",CSV|HTML,rec_fd923c390a4e4f5e6197|c_5d6b4fde6f471232be31,False,SAME_MINUTE_TIMES_AND_ECONOMIC_FIELDS,0
dup_25c4a6dcd07bbc1a,2,"2025/2021-2024/2021/statement (3).html|DREA,補交易紀錄/2021-10-07 Hantec手動 最高+1,130%.csv",CSV|HTML,rec_ac41030b0ab1d255e2c1|c_2c31adb9344a48e7e28a,False,SAME_MINUTE_TIMES_AND_ECONOMIC_FIELDS,0
dup_39a95ee5e12d2661,2,"2025/2021-2024/2021/statement (3).html|DREA,補交易紀錄/2021-10-07 Hantec手動 最高+1,130%.csv",CSV|HTML,rec_305e8e7c0c7700a813ca|c_ce4e948fa31af823e3c6,False,SAME_MINUTE_TIMES_AND_ECONOMIC_FIELDS,0
dup_5c3a98b179d28e8f,2,"2025/2021-2024/2021/statement (3).html|DREA,補交易紀錄/2021-10-07 Hantec手動 最高+1,130%.csv",CSV|HTML,rec_38efa6b765816aecdef0|c_56994f5bb5439ad28d05,False,SAME_MINUTE_TIMES_AND_ECONOMIC_FIELDS,0
dup_6731faf559685294,2,"2025/2021-2024/2021/statement (3).html|DREA,補交易紀錄/2021-10-07 Hantec手動 最高+1,130%.csv",CSV|HTML,rec_219ecacc723f51e74aa3|c_42daa41cc2cbf741538b,False,SAME_MINUTE_TIMES_AND_ECONOMIC_FIELDS,0
dup_fb39606a0382a08d,2,"2025/2021-2024/2021/statement (1).html|DREA,補交易紀錄/2021-09-29 賺1萬-2 最高+955.85%.csv",CSV|HTML,rec_605fb1d6a57587f86bb1|c_12d128e10dcbfc2117e8,False,SAME_MINUTE_TIMES_AND_ECONOMIC_FIELDS,0
dup_f7ab479cf39afe41,2,"2025/2021-2024/2021/statement.html|DREA,補交易紀錄/2021-12-15 波段 最高+891.27%.csv",CSV|HTML,rec_a2caaf288deaa3d48665|c_c8d6677f0c02361c5136,False,SAME_MINUTE_TIMES_AND_ECONOMIC_FIELDS,0
dup_b355d314a0fd243f,2,"2025/2021-2024/2021/statement.html|DREA,補交易紀錄/2021-12-15 波段 最高+891.27%.csv",CSV|HTML,rec_8d3ebde656208a1335d5|c_95fd68d380a777c70ac8,False,SAME_MINUTE_TIMES_AND_ECONOMIC_FIELDS,0
dup_f90b0fa726063022,2,"2025/2021-2024/2021/statement.html|DREA,補交易紀錄/2021-12-15 波段 最高+891.27%.csv",CSV|HTML,rec_edb4a6a2c59e43185f25|c_4d3935564ca7146348c2,False,SAME_MINUTE_TIMES_AND_ECONOMIC_FIELDS,0
dup_72745f2910bd770a,2,"2025/2021-2024/2021/statement.html|DREA,補交易紀錄/2021-12-15 波段 最高+891.27%.csv",CSV|HTML,rec_efdcd2e378a348b77968|c_c90259e503dc5fc9fe7c,False,SAME_MINUTE_TIMES_AND_ECONOMIC_FIELDS,0
dup_7e038b31c2038a7b,2,"2025/2021-2024/2021/statement.html|DREA,補交易紀錄/2021-12-15 波段 最高+891.27%.csv",CSV|HTML,rec_8b7b66e75c67a70107b9|c_b529aa044068b1422e6b,False,SAME_MINUTE_TIMES_AND_ECONOMIC_FIELDS,0
dup_2d32d8e12570e9b0,2,"2025/2021-2024/2021/statement.html|DREA,補交易紀錄/2021-12-15 波段 最高+891.27%.csv",CSV|HTML,rec_e07b73b6017df7313071|c_43fd3a33f6ca6c23acf8,False,SAME_MINUTE_TIMES_AND_ECONOMIC_FIELDS,0
dup_193ca0cbd1aabd9c,2,"2025/2021-2024/2021/statement.html|DREA,補交易紀錄/2021-12-15 波段 最高+891.27%.csv",CSV|HTML,rec_5b82f741af09bddfad3f|c_8c4fb38e2631e4456eab,False,SAME_MINUTE_TIMES_AND_ECONOMIC_FIELDS,0
dup_66b22cfaa720c9a0,2,"2025/2021-2024/2021/statement.html|DREA,補交易紀錄/2021-12-15 波段 最高+891.27%.csv",CSV|HTML,rec_5b8d281e5dd0037261b9|c_566d027d74332834850d,False,SAME_MINUTE_TIMES_AND_ECONOMIC_FIELDS,0
dup_a310cf19979b2b13,2,"2025/2021-2024/2021/statement.html|DREA,補交易紀錄/2021-12-15 波段 最高+891.27%.csv",CSV|HTML,rec_3ecc5f2b04453bf4bd0e|c_1970247a539bdbc30534,False,SAME_MINUTE_TIMES_AND_ECONOMIC_FIELDS,0
dup_9a61e81fde3713e4,2,"2025/2021-2024/2021/statement.html|DREA,補交易紀錄/2021-12-15 波段 最高+891.27%.csv",CSV|HTML,rec_0de4f5bcc96ac5ada3c4|c_f4fc090431dd6f151418,False,SAME_MINUTE_TIMES_AND_ECONOMIC_FIELDS,0
dup_4240ca5f837cb4f3,2,"2025/2021-2024/2021/statement.html|DREA,補交易紀錄/2021-12-15 波段 最高+891.27%.csv",CSV|HTML,rec_74dc2f9cd344bdc28b13|c_0b3eb82da49d98e1be74,False,SAME_MINUTE_TIMES_AND_ECONOMIC_FIELDS,0
dup_cbc30749d87cf064,2,"2025/2021-2024/2021/statement.html|DREA,補交易紀錄/2021-12-15 波段 最高+891.27%.csv",CSV|HTML,rec_1c8aea85597b00b730f2|c_f399c2c81e5af982e9bb,False,SAME_MINUTE_TIMES_AND_ECONOMIC_FIELDS,0
dup_67637b22bc14467e,2,"2025/2021-2024/2021/statement.html|DREA,補交易紀錄/2021-12-15 波段 最高+891.27%.csv",CSV|HTML,rec_e8e8ffc8b041b1eae4b9|c_7a6aa0bf3091b054c9d7,False,SAME_MINUTE_TIMES_AND_ECONOMIC_FIELDS,0
dup_427275e1109b1568,2,"2025/2021-2024/2021/statement.html|DREA,補交易紀錄/2021-12-15 波段 最高+891.27%.csv",CSV|HTML,rec_f62526836cc25bdba6cd|c_708459d659be7f78fd2f,False,SAME_MINUTE_TIMES_AND_ECONOMIC_FIELDS,0
dup_6f5e57d583004379,2,"2025/2021-2024/2021/statement.html|DREA,補交易紀錄/2021-12-15 波段 最高+891.27%.csv",CSV|HTML,rec_19ea1d0ab73103a8915a|c_741b5cc2ba4c7e33f18b,False,SAME_MINUTE_TIMES_AND_ECONOMIC_FIELDS,0
dup_df12680e5bc1dca2,2,"2025/2021-2024/2021/statement.html|DREA,補交易紀錄/2021-12-15 波段 最高+891.27%.csv",CSV|HTML,rec_1388077d88504d29e411|c_0b2967f1763c1a959e39,False,SAME_MINUTE_TIMES_AND_ECONOMIC_FIELDS,0
dup_c0160508618c2538,2,"2025/2021-2024/2021/statement.html|DREA,補交易紀錄/2021-12-15 波段 最高+891.27%.csv",CSV|HTML,rec_0af7d24d77054d8665f0|c_2f52cb438dc8444f86b3,False,SAME_MINUTE_TIMES_AND_ECONOMIC_FIELDS,0
dup_c68e8cd7862e0409,2,"2025/2021-2024/2021/statement.html|DREA,補交易紀錄/2021-12-15 波段 最高+891.27%.csv",CSV|HTML,rec_8cece14f8017d541c848|c_b6129252557e38609bbb,False,SAME_MINUTE_TIMES_AND_ECONOMIC_FIELDS,0
dup_e84f4e0ceee8a56c,2,"2025/2021-2024/2021/statement.html|DREA,補交易紀錄/2021-12-15 波段 最高+891.27%.csv",CSV|HTML,rec_30d0e0e975270a9762f4|c_e49a9e17e4490ac515fa,False,SAME_MINUTE_TIMES_AND_ECONOMIC_FIELDS,0
dup_2b794e13b8f87414,2,"2025/2021-2024/2021/statement.html|DREA,補交易紀錄/2021-12-15 波段 最高+891.27%.csv",CSV|HTML,rec_3d0ab1946ce75b59398d|c_9a74070ae4aead98fda5,False,SAME_MINUTE_TIMES_AND_ECONOMIC_FIELDS,0
dup_29f7eedad9e32233,2,"2025/2021-2024/2021/statement.html|DREA,補交易紀錄/2021-12-15 波段 最高+891.27%.csv",CSV|HTML,rec_a700476db4eeb54e78d2|c_8b2dd405b91251f4b95d,False,SAME_MINUTE_TIMES_AND_ECONOMIC_FIELDS,0
dup_c8b450eba72ed11a,2,"2025/2021-2024/2021/statement.html|DREA,補交易紀錄/2021-12-15 波段 最高+891.27%.csv",CSV|HTML,rec_76a9557618f7bab8b6b1|c_56482e0bebe4e03e9851,False,SAME_MINUTE_TIMES_AND_ECONOMIC_FIELDS,0
dup_ef977d31af1b97a9,2,"2025/2021-2024/2021/statement.html|DREA,補交易紀錄/2021-12-15 波段 最高+891.27%.csv",CSV|HTML,rec_d871b72cc4189fa6ec74|c_3703692dceb857dc455e,False,SAME_MINUTE_TIMES_AND_ECONOMIC_FIELDS,0
dup_7ba71c664c71092d,2,"2025/2021-2024/2021/statement.html|DREA,補交易紀錄/2021-12-15 波段 最高+891.27%.csv",CSV|HTML,rec_45adfd4f642ac2cac279|c_1adf400762c432c3f1ff,False,SAME_MINUTE_TIMES_AND_ECONOMIC_FIELDS,0
dup_f8dd832c621d49db,2,"2025/2021-2024/2021/statement.html|DREA,補交易紀錄/2021-12-15 波段 最高+891.27%.csv",CSV|HTML,rec_0fd535ca434fa7302bce|c_bea2515ccad005fb7f88,False,SAME_MINUTE_TIMES_AND_ECONOMIC_FIELDS,0
dup_f13cf50f8fba2f2f,2,"2025/2021-2024/2021/statement.html|DREA,補交易紀錄/2021-12-15 波段 最高+891.27%.csv",CSV|HTML,rec_ea28d9f74281988e5af7|c_dfedd00503083a3c5007,False,SAME_MINUTE_TIMES_AND_ECONOMIC_FIELDS,0
dup_3c944961cc15d8d3,2,"2025/2021-2024/2021/statement.html|DREA,補交易紀錄/2021-12-15 波段 最高+891.27%.csv",CSV|HTML,rec_4983802a4d9cf35eab5b|c_d1cf23a67f61b983d99a,False,SAME_MINUTE_TIMES_AND_ECONOMIC_FIELDS,0
dup_04ead0b3de647799,2,"2025/2021-2024/2021/statement.html|DREA,補交易紀錄/2021-12-15 波段 最高+891.27%.csv",CSV|HTML,rec_e3bd3b460db8e02d8e6c|c_2461ff614df0c03b3a63,False,SAME_MINUTE_TIMES_AND_ECONOMIC_FIELDS,0
dup_b4b2a96571930d66,2,"2025/2021-2024/2021/statement.html|DREA,補交易紀錄/2021-12-15 波段 最高+891.27%.csv",CSV|HTML,rec_c1222c8711886cdee5c0|c_07c3e096d4ad5214321f,False,SAME_MINUTE_TIMES_AND_ECONOMIC_FIELDS,0
dup_3d9a7d35bc8dd08d,2,"2025/2021-2024/2021/statement.html|DREA,補交易紀錄/2021-12-15 波段 最高+891.27%.csv",CSV|HTML,rec_46c1629a7f0d7c31897a|c_f1dfbbd4a11e8d0574b7,False,SAME_MINUTE_TIMES_AND_ECONOMIC_FIELDS,0
dup_387a689e98078952,2,"2025/2021-2024/2021/statement.html|DREA,補交易紀錄/2021-12-15 波段 最高+891.27%.csv",CSV|HTML,rec_a191d1ca1f6bb1783cc2|c_3f38d61fb419a42f5f3c,False,SAME_MINUTE_TIMES_AND_ECONOMIC_FIELDS,0
dup_7bce2b965ad8bfc6,2,"2025/2021-2024/2021/statement.html|DREA,補交易紀錄/2021-12-15 波段 最高+891.27%.csv",CSV|HTML,rec_2cecfe2658830897a1ea|c_13a51b515faddca960df,False,SAME_MINUTE_TIMES_AND_ECONOMIC_FIELDS,0
dup_8def235198b4a95a,2,"2025/2021-2024/2021/statement.html|DREA,補交易紀錄/2021-12-15 波段 最高+891.27%.csv",CSV|HTML,rec_3154290206468068c7e3|c_c6a1c903368dfb973527,False,SAME_MINUTE_TIMES_AND_ECONOMIC_FIELDS,0
dup_8256d66b7dc3298e,2,"2025/2021-2024/2021/statement.html|DREA,補交易紀錄/2021-12-15 波段 最高+891.27%.csv",CSV|HTML,rec_53e3c5e05eda1f5db4e3|c_dc32f0be7e070890ca0b,False,SAME_MINUTE_TIMES_AND_ECONOMIC_FIELDS,0
dup_3564050b88c4b893,2,"2025/2021-2024/2021/statement.html|DREA,補交易紀錄/2021-12-15 波段 最高+891.27%.csv",CSV|HTML,rec_2c4b35668ceb91f40aef|c_d8b15962ed241a3598a6,False,SAME_MINUTE_TIMES_AND_ECONOMIC_FIELDS,0
dup_a216cde7589f36c0,2,"2025/2021-2024/2021/statement.html|DREA,補交易紀錄/2021-12-15 波段 最高+891.27%.csv",CSV|HTML,rec_f38a5648460c1406ab95|c_e5f3f5e5ac1646856703,False,SAME_MINUTE_TIMES_AND_ECONOMIC_FIELDS,0
dup_99e8e4f482a4c934,2,"2025/2021-2024/2021/statement.html|DREA,補交易紀錄/2021-12-15 波段 最高+891.27%.csv",CSV|HTML,rec_615688fc84e39308b7a5|c_c41a2314ad3de49ee54d,False,SAME_MINUTE_TIMES_AND_ECONOMIC_FIELDS,0
dup_d097ee40cfebac7f,2,"2025/2021-2024/2021/statement.html|DREA,補交易紀錄/2021-12-15 波段 最高+891.27%.csv",CSV|HTML,rec_37944a5b3bb16aaf4949|c_0e60216342c2258a7645,False,SAME_MINUTE_TIMES_AND_ECONOMIC_FIELDS,0
dup_83bded537e69c728,2,"2025/2021-2024/2021/statement.html|DREA,補交易紀錄/2021-12-15 波段 最高+891.27%.csv",CSV|HTML,rec_00163c3be52d9b96fcad|c_aff857a51e6e890d5f7a,False,SAME_MINUTE_TIMES_AND_ECONOMIC_FIELDS,0
dup_5af6b16e7689e4a6,2,"2025/2021-2024/2021/statement.html|DREA,補交易紀錄/2021-12-15 波段 最高+891.27%.csv",CSV|HTML,rec_959b45dafd60a4525e98|c_f82b352fd4d6b32b6925,False,SAME_MINUTE_TIMES_AND_ECONOMIC_FIELDS,0
dup_740e6074ee22b67f,2,"2025/2021-2024/2021/statement.html|DREA,補交易紀錄/2021-12-15 波段 最高+891.27%.csv",CSV|HTML,rec_aa0337cc4d9840e4755f|c_3e724e22cc7b0cf7c5f3,False,SAME_MINUTE_TIMES_AND_ECONOMIC_FIELDS,0
dup_61cdbd9314db43fb,2,"2025/2021-2024/2021/statement.html|DREA,補交易紀錄/2021-12-15 波段 最高+891.27%.csv",CSV|HTML,rec_9da5892cc1975db13026|c_81365f6cc92b39cc8ae7,False,SAME_MINUTE_TIMES_AND_ECONOMIC_FIELDS,0
dup_0ef66a70ad725d48,2,"2025/2021-2024/2021/statement.html|DREA,補交易紀錄/2021-12-15 波段 最高+891.27%.csv",CSV|HTML,rec_3206a8f0a059f135e6c4|c_7ac383980d503e23df77,False,SAME_MINUTE_TIMES_AND_ECONOMIC_FIELDS,0
dup_d5f8e2c36c0363d9,2,"2025/2021-2024/2021/statement.html|DREA,補交易紀錄/2021-12-15 波段 最高+891.27%.csv",CSV|HTML,rec_2956a8e4a0469c95a67c|c_37ca1941653044899b88,False,SAME_MINUTE_TIMES_AND_ECONOMIC_FIELDS,0
dup_928b60db08626ff2,2,"2025/2021-2024/2021/statement.html|DREA,補交易紀錄/2021-12-15 波段 最高+891.27%.csv",CSV|HTML,rec_2baecec0f3c2da4b0d28|c_d78965990cf3c07d47bd,False,SAME_MINUTE_TIMES_AND_ECONOMIC_FIELDS,0
dup_3f80bdb36bf95abc,2,"2025/2021-2024/2021/statement.html|DREA,補交易紀錄/2021-12-15 波段 最高+891.27%.csv",CSV|HTML,rec_afc375e3239eb2509a8a|c_2d0dc2b2e51efa310564,False,SAME_MINUTE_TIMES_AND_ECONOMIC_FIELDS,0
dup_ad2e8f281deef155,2,"2025/2021-2024/2021/statement.html|DREA,補交易紀錄/2021-12-15 波段 最高+891.27%.csv",CSV|HTML,rec_ffeea629e062b522e0d4|c_2732f8c69c7770fdcedb,False,SAME_MINUTE_TIMES_AND_ECONOMIC_FIELDS,0
dup_f44b49a6b5619da6,2,"2025/2021-2024/2021/statement.html|DREA,補交易紀錄/2021-12-15 波段 最高+891.27%.csv",CSV|HTML,rec_5ffd8cb49b546cf90d0a|c_88cc1aa7aa25e2b759f9,False,SAME_MINUTE_TIMES_AND_ECONOMIC_FIELDS,0
dup_317d3a75bf5b1bb1,2,"2025/2021-2024/2021/statement.html|DREA,補交易紀錄/2021-12-15 波段 最高+891.27%.csv",CSV|HTML,rec_147c850ff0bc9f236345|c_caab450c9a1f612097a4,False,SAME_MINUTE_TIMES_AND_ECONOMIC_FIELDS,0
dup_94edf62e0ed9e96c,2,"2025/2021-2024/2021/statement.html|DREA,補交易紀錄/2021-12-15 波段 最高+891.27%.csv",CSV|HTML,rec_e0370c92a994b65f74f2|c_4c853ce96c628b231488,False,SAME_MINUTE_TIMES_AND_ECONOMIC_FIELDS,0
dup_fba56c54ace67aa2,2,"2025/2021-2024/2021/statement.html|DREA,補交易紀錄/2021-12-15 波段 最高+891.27%.csv",CSV|HTML,rec_e30be1d5b0c6f64eaadb|c_02773d2f567995eefc27,False,SAME_MINUTE_TIMES_AND_ECONOMIC_FIELDS,0
dup_ed0e6b5fe54ac2ab,2,"2025/2021-2024/2021/statement.html|DREA,補交易紀錄/2021-12-15 波段 最高+891.27%.csv",CSV|HTML,rec_43aa684aad920702cc92|c_4df35ab8086ad47a9631,False,SAME_MINUTE_TIMES_AND_ECONOMIC_FIELDS,0
dup_5508d61af406e79d,2,"2025/2021-2024/2021/statement.html|DREA,補交易紀錄/2021-12-15 波段 最高+891.27%.csv",CSV|HTML,rec_8a5e8293a30cd3517bc5|c_5cfcf17d82da807839df,False,SAME_MINUTE_TIMES_AND_ECONOMIC_FIELDS,0
dup_cd3b8aae2a33f357,2,"2025/2021-2024/2021/statement.html|DREA,補交易紀錄/2021-12-15 波段 最高+891.27%.csv",CSV|HTML,rec_e4f5143c0c494e2cd533|c_b107c346bdb007bd4a62,False,SAME_MINUTE_TIMES_AND_ECONOMIC_FIELDS,0
dup_9e96ec842b95fa62,2,"2025/2021-2024/2021/statement.html|DREA,補交易紀錄/2021-12-15 波段 最高+891.27%.csv",CSV|HTML,rec_2885c3e4e0f632c1cbe0|c_d30c842212a0f3533aea,False,SAME_MINUTE_TIMES_AND_ECONOMIC_FIELDS,0
dup_9bb23aa9b7f1cf5a,2,"2025/2021-2024/2021/statement.html|DREA,補交易紀錄/2021-12-15 波段 最高+891.27%.csv",CSV|HTML,rec_1f70175bc45072c58dfb|c_bd601f635bb53f87c83e,False,SAME_MINUTE_TIMES_AND_ECONOMIC_FIELDS,0
dup_b4f7eba8349ee44d,2,"2025/2021-2024/2021/statement.html|DREA,補交易紀錄/2021-12-15 波段 最高+891.27%.csv",CSV|HTML,rec_0c2146580eadcd751e4e|c_355c567f8654d3fb2880,False,SAME_MINUTE_TIMES_AND_ECONOMIC_FIELDS,0
dup_c72514d532709d9f,2,"2025/2021-2024/2021/statement.html|DREA,補交易紀錄/2021-12-15 波段 最高+891.27%.csv",CSV|HTML,rec_7a4c46aee1aa02fb7939|c_2f202df41c7c08c6a05b,False,SAME_MINUTE_TIMES_AND_ECONOMIC_FIELDS,0
dup_d9f6a50830eecea2,2,"2025/2021-2024/2021/statement.html|DREA,補交易紀錄/2021-12-15 波段 最高+891.27%.csv",CSV|HTML,rec_0140bb2c7a5001de2ead|c_de8020339ba169f09531,False,SAME_MINUTE_TIMES_AND_ECONOMIC_FIELDS,0
dup_cf835e5f983fac91,2,"2025/2021-2024/2021/statement.html|DREA,補交易紀錄/2021-12-15 波段 最高+891.27%.csv",CSV|HTML,rec_bb9aef7e0fc85c1e888d|c_f596445256edb9e035a0,False,SAME_MINUTE_TIMES_AND_ECONOMIC_FIELDS,0
dup_4c99db012399f4c1,2,"2025/2021-2024/2021/statement.html|DREA,補交易紀錄/2021-12-15 波段 最高+891.27%.csv",CSV|HTML,rec_f103f1cb056106d10de7|c_bc3ce990e02a5ef6049e,False,SAME_MINUTE_TIMES_AND_ECONOMIC_FIELDS,0
dup_47cacf3029e6e23b,2,"2025/2021-2024/2021/statement.html|DREA,補交易紀錄/2021-12-15 波段 最高+891.27%.csv",CSV|HTML,rec_6029006c6eb528a6340b|c_92e9c6ce7e70e874e2ab,False,SAME_MINUTE_TIMES_AND_ECONOMIC_FIELDS,0
dup_5f1f2fa490ab549e,2,"2025/2021-2024/2021/statement.html|DREA,補交易紀錄/2021-12-15 波段 最高+891.27%.csv",CSV|HTML,rec_3534f4c7edf54adcecce|c_b3eb2763de2f19d38732,False,SAME_MINUTE_TIMES_AND_ECONOMIC_FIELDS,0
dup_6069260a9acdbac9,2,"2025/2021-2024/2021/statement.html|DREA,補交易紀錄/2021-12-15 波段 最高+891.27%.csv",CSV|HTML,rec_c20afb4154d0e6c3fee9|c_04809263937352687359,False,SAME_MINUTE_TIMES_AND_ECONOMIC_FIELDS,0
dup_61946b83d509558b,2,"2025/2021-2024/2021/statement.html|DREA,補交易紀錄/2021-12-15 波段 最高+891.27%.csv",CSV|HTML,rec_ce6dea5900586b411d3d|c_e2ec0cc4421286a0a470,False,SAME_MINUTE_TIMES_AND_ECONOMIC_FIELDS,0
dup_b54f3ce59ba110c4,2,"2025/2021-2024/2021/statement.html|DREA,補交易紀錄/2021-12-15 波段 最高+891.27%.csv",CSV|HTML,rec_144b349b47f9345e4e09|c_388a9b79ec4d4232abd0,False,SAME_MINUTE_TIMES_AND_ECONOMIC_FIELDS,0
dup_eb58f64b56c7427d,2,"2025/2021-2024/2021/statement.html|DREA,補交易紀錄/2021-12-15 波段 最高+891.27%.csv",CSV|HTML,rec_7e9c88ffea832c39c608|c_a80b2796c16c944cd88d,False,SAME_MINUTE_TIMES_AND_ECONOMIC_FIELDS,0
dup_984204d190801a81,2,"2025/2021-2024/2021/statement.html|DREA,補交易紀錄/2021-12-15 波段 最高+891.27%.csv",CSV|HTML,rec_b9048bb3e1f6089190f3|c_ba599819f931f531551a,False,SAME_MINUTE_TIMES_AND_ECONOMIC_FIELDS,0
dup_b4f7ad2cf2da33d2,2,"2025/2021-2024/2021/statement.html|DREA,補交易紀錄/2021-12-15 波段 最高+891.27%.csv",CSV|HTML,rec_df7bc8296141cb0c5cd7|c_da2ab7eb46c057fd3ad6,False,SAME_MINUTE_TIMES_AND_ECONOMIC_FIELDS,0
dup_c9368d9f691e98ad,2,"2025/2021-2024/2021/statement.html|DREA,補交易紀錄/2021-12-15 波段 最高+891.27%.csv",CSV|HTML,rec_f67a3a2b37b185e56c4c|c_6afcd6e69f0e742f97f4,False,SAME_MINUTE_TIMES_AND_ECONOMIC_FIELDS,0
dup_06b556e8c37a2da1,2,"2025/2021-2024/2021/statement.html|DREA,補交易紀錄/2021-12-15 波段 最高+891.27%.csv",CSV|HTML,rec_32fcd8b846926bd356bb|c_d6d488e9081d3a323df8,False,SAME_MINUTE_TIMES_AND_ECONOMIC_FIELDS,0
dup_65c4c7b811e9082f,2,"2025/2021-2024/2021/statement.html|DREA,補交易紀錄/2021-12-15 波段 最高+891.27%.csv",CSV|HTML,rec_afc22e18f71ad91ea068|c_8f4bc53f14902c611f3e,False,SAME_MINUTE_TIMES_AND_ECONOMIC_FIELDS,0
dup_053637ce3d84c24e,2,"2025/2021-2024/2021/statement.html|DREA,補交易紀錄/2021-12-15 波段 最高+891.27%.csv",CSV|HTML,rec_7055569643b109b3bfdd|c_8ba28648cc352e75cb1c,False,SAME_MINUTE_TIMES_AND_ECONOMIC_FIELDS,0
dup_8d6418866281c5d7,2,"2025/2021-2024/2021/statement.html|DREA,補交易紀錄/2021-12-15 波段 最高+891.27%.csv",CSV|HTML,rec_82803a257ce4434db23c|c_19ee46d0382de929e216,False,SAME_MINUTE_TIMES_AND_ECONOMIC_FIELDS,0
dup_4d21929ec1941843,2,"2025/2021-2024/2021/statement.html|DREA,補交易紀錄/2021-12-15 波段 最高+891.27%.csv",CSV|HTML,rec_221a8a9ef78f61687a0f|c_6a32bcf71554c9a22aa2,False,SAME_MINUTE_TIMES_AND_ECONOMIC_FIELDS,0
dup_33e2ee9c1b1248ad,2,"2025/2021-2024/2021/statement.html|DREA,補交易紀錄/2021-12-15 波段 最高+891.27%.csv",CSV|HTML,rec_721c5547f36010ef5ca4|c_a7af90e71a32d8503d35,False,SAME_MINUTE_TIMES_AND_ECONOMIC_FIELDS,0
dup_b50de0f6f5c37ba1,2,"2025/2021-2024/2021/statement.html|DREA,補交易紀錄/2021-12-15 波段 最高+891.27%.csv",CSV|HTML,rec_28e3a806a9c37cf18500|c_c75682cf136d4a3694de,False,SAME_MINUTE_TIMES_AND_ECONOMIC_FIELDS,0
dup_2b2164f351145103,2,"2025/2021-2024/2021/statement.html|DREA,補交易紀錄/2021-12-15 波段 最高+891.27%.csv",CSV|HTML,rec_a53a1a91a2cf629a78a3|c_1a0b7fa8c98baefdb389,False,SAME_MINUTE_TIMES_AND_ECONOMIC_FIELDS,0
dup_a49503b238804be3,2,"2025/2021-2024/2021/statement.html|DREA,補交易紀錄/2021-12-15 波段 最高+891.27%.csv",CSV|HTML,rec_4ebfce066bff12da9f50|c_add7218da08a28763d82,False,SAME_MINUTE_TIMES_AND_ECONOMIC_FIELDS,0
dup_412ca07a9af7f5b4,2,"2025/2021-2024/2021/statement.html|DREA,補交易紀錄/2021-12-15 波段 最高+891.27%.csv",CSV|HTML,rec_cf6cb8f784fadbbc499c|c_a038dff67b6e68feb4b8,False,SAME_MINUTE_TIMES_AND_ECONOMIC_FIELDS,0
dup_4e67d1638fd05fbb,2,"DREA,補交易紀錄/20220307-d心急代價.csv|手動交易2024後策略較固定/2020含更久以前交易/statement.html",CSV|HTML,rec_385e192270ebe20b5262|c_e624df2d71d1f0d923eb,False,SAME_MINUTE_TIMES_AND_ECONOMIC_FIELDS,0
dup_77d11b58a8d4973a,2,"DREA,補交易紀錄/20220307-d心急代價.csv|手動交易2024後策略較固定/2020含更久以前交易/statement.html",CSV|HTML,rec_2896c893696f4e2961a8|c_ef6cb0acfd0eeebd21fc,False,SAME_MINUTE_TIMES_AND_ECONOMIC_FIELDS,0
dup_9eaa9acc45da99f6,2,"DREA,補交易紀錄/20220307-d心急代價.csv|手動交易2024後策略較固定/2020含更久以前交易/statement.html",CSV|HTML,rec_0f88e18b428bbd252401|c_72f32539be74abb1f8fa,False,SAME_MINUTE_TIMES_AND_ECONOMIC_FIELDS,0
dup_3cd46e2a347d6129,2,"DREA,補交易紀錄/20220307-d心急代價.csv|手動交易2024後策略較固定/2020含更久以前交易/statement.html",CSV|HTML,rec_a80d24135ccbaad656af|c_ff51dd73dab19a4fecb3,False,SAME_MINUTE_TIMES_AND_ECONOMIC_FIELDS,0
dup_c635fc976e0cab9b,2,"2025/2021-2024/2022/statement (2).html|DREA,補交易紀錄/2022-10-13 帳戶風控04 最高+158.99%.csv",CSV|HTML,rec_064e4bdd6f29ab75a970|c_58550181193a24b323f6,False,SAME_MINUTE_TIMES_AND_ECONOMIC_FIELDS,0
dup_5079a8c06cd8de69,2,"2025/2021-2024/2022/statement (2).html|DREA,補交易紀錄/2022-10-13 帳戶風控04 最高+158.99%.csv",CSV|HTML,rec_cd5ad70ca687758179c9|c_60dd80caef8d1432aea2,False,SAME_MINUTE_TIMES_AND_ECONOMIC_FIELDS,0
dup_98b0f7131ebaf82e,2,"2025/2021-2024/2022/statement (2).html|DREA,補交易紀錄/2022-10-13 帳戶風控04 最高+158.99%.csv",CSV|HTML,rec_0cce207aa41e82cb42b9|c_7844c9d6cede442a96cc,False,SAME_MINUTE_TIMES_AND_ECONOMIC_FIELDS,0
dup_700967ca8e08df28,2,"2025/2021-2024/2022/statement (2).html|DREA,補交易紀錄/2022-10-13 帳戶風控04 最高+158.99%.csv",CSV|HTML,rec_49b619b4850c76852fe5|c_b3ac56f8381d527ee6c3,False,SAME_MINUTE_TIMES_AND_ECONOMIC_FIELDS,0
dup_ecd0dd4514615a19,2,"2025/2021-2024/2022/statement (2).html|DREA,補交易紀錄/2022-10-13 帳戶風控04 最高+158.99%.csv",CSV|HTML,rec_fbd17c6302f2f722a040|c_f592389aa4e67e119fd8,False,SAME_MINUTE_TIMES_AND_ECONOMIC_FIELDS,0
dup_52a5c2854a443cd3,2,"2025/2021-2024/2022/statement (2).html|DREA,補交易紀錄/2022-10-13 帳戶風控04 最高+158.99%.csv",CSV|HTML,rec_834ff6207bc84cd34f33|c_530288953531316eddd6,False,SAME_MINUTE_TIMES_AND_ECONOMIC_FIELDS,0
dup_875d1b593e74de49,2,"2025/2021-2024/2022/statement (2).html|DREA,補交易紀錄/2022-10-13 帳戶風控04 最高+158.99%.csv",CSV|HTML,rec_86938d545a4611327645|c_eb45e23f86b3c627c404,False,SAME_MINUTE_TIMES_AND_ECONOMIC_FIELDS,0
dup_f689acf860829613,2,"2025/2021-2024/2022/statement (2).html|DREA,補交易紀錄/2022-10-13 帳戶風控04 最高+158.99%.csv",CSV|HTML,rec_9d8c05c8c5654e840e35|c_3c75157701f26748fb1b,False,SAME_MINUTE_TIMES_AND_ECONOMIC_FIELDS,0
dup_7da9e81bc03b423a,2,"2025/2021-2024/2022/statement (2).html|DREA,補交易紀錄/2022-10-13 帳戶風控04 最高+158.99%.csv",CSV|HTML,rec_94c113389a9c7fde3a1a|c_5364730157f3b4439300,False,SAME_MINUTE_TIMES_AND_ECONOMIC_FIELDS,0
dup_f95e7bb83741796c,2,"2025/2021-2024/2022/statement (2).html|DREA,補交易紀錄/2022-10-13 帳戶風控04 最高+158.99%.csv",CSV|HTML,rec_e3a2b84b0d426c582093|c_4d631b5c337b6d758065,False,SAME_MINUTE_TIMES_AND_ECONOMIC_FIELDS,0
dup_61c47db530c4683b,2,"2025/2021-2024/2022/statement (2).html|DREA,補交易紀錄/2022-10-13 帳戶風控04 最高+158.99%.csv",CSV|HTML,rec_830fcc23de92d84542b3|c_c2eb8e37b562f643416b,False,SAME_MINUTE_TIMES_AND_ECONOMIC_FIELDS,0
dup_373f90e86dc37087,2,"2025/2021-2024/2022/statement (2).html|DREA,補交易紀錄/2022-10-13 帳戶風控04 最高+158.99%.csv",CSV|HTML,rec_9890917a602507cdd651|c_28b5d15e5c421d63832f,False,SAME_MINUTE_TIMES_AND_ECONOMIC_FIELDS,0
dup_596a6562c8e31431,2,"2025/2021-2024/2022/statement (2).html|DREA,補交易紀錄/2022-10-13 帳戶風控04 最高+158.99%.csv",CSV|HTML,rec_6fa60fe57de11071b943|c_7e87bf59e5121e91c04c,False,SAME_MINUTE_TIMES_AND_ECONOMIC_FIELDS,0
dup_43a4511959fc1920,2,"2025/2021-2024/2022/statement (2).html|DREA,補交易紀錄/2022-10-13 帳戶風控04 最高+158.99%.csv",CSV|HTML,rec_0fc7dab48247df594b18|c_54ec5ec6f2565c381d8e,False,SAME_MINUTE_TIMES_AND_ECONOMIC_FIELDS,0
dup_46537a6b18b93a4f,2,"2025/2021-2024/2022/statement (2).html|DREA,補交易紀錄/2022-10-13 帳戶風控04 最高+158.99%.csv",CSV|HTML,rec_0373fd27fbd0ba861ea3|c_b4f2ad765bf9622377bf,False,SAME_MINUTE_TIMES_AND_ECONOMIC_FIELDS,0
dup_d37836f77fb87572,2,"2025/2021-2024/2022/statement (2).html|DREA,補交易紀錄/2022-10-13 帳戶風控04 最高+158.99%.csv",CSV|HTML,rec_754dc2ee304531aaa764|c_761cf0005cb021442bb9,False,SAME_MINUTE_TIMES_AND_ECONOMIC_FIELDS,0
dup_c5b74a59b247d3e4,2,"2025/2021-2024/2022/statement (2).html|DREA,補交易紀錄/2022-10-13 帳戶風控04 最高+158.99%.csv",CSV|HTML,rec_8677b4879cdf13527b4b|c_66b3d02d74b81093d02a,False,SAME_MINUTE_TIMES_AND_ECONOMIC_FIELDS,0
dup_115ca3cc36dc9941,2,"2025/2021-2024/2022/statement (2).html|DREA,補交易紀錄/2022-10-13 帳戶風控04 最高+158.99%.csv",CSV|HTML,rec_44b4818b2a8380ac9082|c_e6f2146bb596ddad1a22,False,SAME_MINUTE_TIMES_AND_ECONOMIC_FIELDS,0
dup_ba6d074b8a615cb4,2,"2025/2021-2024/2022/statement (2).html|DREA,補交易紀錄/2022-10-13 帳戶風控04 最高+158.99%.csv",CSV|HTML,rec_e658a112f9c76316e772|c_dd8212f138e9895af2b7,False,SAME_MINUTE_TIMES_AND_ECONOMIC_FIELDS,0
dup_87f2734ec3cff323,2,"2025/2021-2024/2022/statement (2).html|DREA,補交易紀錄/2022-10-13 帳戶風控04 最高+158.99%.csv",CSV|HTML,rec_fd1865e0a1074b7fca00|c_bc7101d804c3dbcbe0db,False,SAME_MINUTE_TIMES_AND_ECONOMIC_FIELDS,0
dup_bdb03d06e5233614,2,"2025/2021-2024/2022/statement (2).html|DREA,補交易紀錄/2022-10-13 帳戶風控04 最高+158.99%.csv",CSV|HTML,rec_4ccd50461f4c629d943b|c_b59ea15522bd63940d09,False,SAME_MINUTE_TIMES_AND_ECONOMIC_FIELDS,0
dup_30159437deda5f09,2,"2025/2021-2024/2022/statement (2).html|DREA,補交易紀錄/2022-10-13 帳戶風控04 最高+158.99%.csv",CSV|HTML,rec_a1cc2ebe52961ed34138|c_04085bd95aa3b8b9a9cd,False,SAME_MINUTE_TIMES_AND_ECONOMIC_FIELDS,0
dup_ed0e5e77c32cbb9c,2,"2025/2021-2024/2022/statement (2).html|DREA,補交易紀錄/2022-10-13 帳戶風控04 最高+158.99%.csv",CSV|HTML,rec_37468ea53c6895229f6c|c_0278e9515fdbd4ace7f2,False,SAME_MINUTE_TIMES_AND_ECONOMIC_FIELDS,0
dup_ea12c4b657b89972,2,"2025/2021-2024/2022/statement (2).html|DREA,補交易紀錄/2022-10-13 帳戶風控04 最高+158.99%.csv",CSV|HTML,rec_886f984debdd34bd8fdd|c_179d5bd6e94d9add120c,False,SAME_MINUTE_TIMES_AND_ECONOMIC_FIELDS,0
dup_cc395c61a9190b14,2,"2025/2021-2024/2022/statement (2).html|DREA,補交易紀錄/2022-10-13 帳戶風控04 最高+158.99%.csv",CSV|HTML,rec_14493b67b8b4b65cc685|c_4802dc71ddafa33a0b07,False,SAME_MINUTE_TIMES_AND_ECONOMIC_FIELDS,0
dup_30434d023c13648a,2,"2025/2021-2024/2022/statement (2).html|DREA,補交易紀錄/2022-10-13 帳戶風控04 最高+158.99%.csv",CSV|HTML,rec_b103fee82306958fa7f0|c_4cf7a32483b10d6ff72e,False,SAME_MINUTE_TIMES_AND_ECONOMIC_FIELDS,0
dup_e3cb1ffe1b2cfcf4,2,"2025/2021-2024/2022/statement (2).html|DREA,補交易紀錄/2022-10-13 帳戶風控04 最高+158.99%.csv",CSV|HTML,rec_7d3104018a43026346e0|c_23be61108537b9b5f3c1,False,SAME_MINUTE_TIMES_AND_ECONOMIC_FIELDS,0
dup_1f15d122b62b09e1,2,"2025/2021-2024/2022/statement (2).html|DREA,補交易紀錄/2022-10-13 帳戶風控04 最高+158.99%.csv",CSV|HTML,rec_6e0732a219bf35972303|c_f117ef8a6740ca373a14,False,SAME_MINUTE_TIMES_AND_ECONOMIC_FIELDS,0
dup_bf543802a6e27821,2,"2025/2021-2024/2022/statement (2).html|DREA,補交易紀錄/2022-10-13 帳戶風控04 最高+158.99%.csv",CSV|HTML,rec_f5365fa6d2f8dac5c667|c_b449f34592ca9fc4ca87,False,SAME_MINUTE_TIMES_AND_ECONOMIC_FIELDS,0
dup_cd4edf828d254ee5,2,"2025/2021-2024/2022/statement (2).html|DREA,補交易紀錄/2022-10-13 帳戶風控04 最高+158.99%.csv",CSV|HTML,rec_938c97a392dfb817f467|c_dd7a46898c6d4b08ca33,False,SAME_MINUTE_TIMES_AND_ECONOMIC_FIELDS,0
dup_dda94139fd0e46da,2,"2025/2021-2024/2022/statement (2).html|DREA,補交易紀錄/2022-10-13 帳戶風控04 最高+158.99%.csv",CSV|HTML,rec_41c7a5c073ce177e7180|c_085bbd73e9585302668c,False,SAME_MINUTE_TIMES_AND_ECONOMIC_FIELDS,0
dup_16b878fb15b1cc0d,2,"2025/2021-2024/2022/statement (2).html|DREA,補交易紀錄/2022-10-13 帳戶風控04 最高+158.99%.csv",CSV|HTML,rec_5c57bb9458de42c05f4c|c_31c41c70555aecbc8549,False,SAME_MINUTE_TIMES_AND_ECONOMIC_FIELDS,0
dup_af821f0f79758c26,2,"2025/2021-2024/2022/statement (2).html|DREA,補交易紀錄/2022-10-13 帳戶風控04 最高+158.99%.csv",CSV|HTML,rec_d66d0ffff0988e52eb91|c_cb40455a29c020ab9859,False,SAME_MINUTE_TIMES_AND_ECONOMIC_FIELDS,0
dup_6716390a410cdb23,2,"2025/2021-2024/2022/statement (2).html|DREA,補交易紀錄/2022-10-13 帳戶風控04 最高+158.99%.csv",CSV|HTML,rec_c265e1e9d5482012bb44|c_9a0c1407c1a45fd15770,False,SAME_MINUTE_TIMES_AND_ECONOMIC_FIELDS,0
dup_cb8e60a0b54b9985,2,"2025/2021-2024/2022/statement (2).html|DREA,補交易紀錄/2022-10-13 帳戶風控04 最高+158.99%.csv",CSV|HTML,rec_d95a16da338a2a0d3a52|c_7810ea494f3bb64d7c3c,False,SAME_MINUTE_TIMES_AND_ECONOMIC_FIELDS,0
dup_d50821f5079546ca,2,"2025/2021-2024/2022/statement (2).html|DREA,補交易紀錄/2022-10-13 帳戶風控04 最高+158.99%.csv",CSV|HTML,rec_a71fe8a9f8717c301464|c_7c61b46a6175db82cbf2,False,SAME_MINUTE_TIMES_AND_ECONOMIC_FIELDS,0
dup_d5e33aa08b65d4a2,2,"2025/2021-2024/2022/statement (2).html|DREA,補交易紀錄/2022-10-13 帳戶風控04 最高+158.99%.csv",CSV|HTML,rec_c75ca8f5442b8b1869ba|c_34de3d1aeb0aac0f9430,False,SAME_MINUTE_TIMES_AND_ECONOMIC_FIELDS,0
dup_69f45b777122f879,2,"2025/2021-2024/2022/statement (2).html|DREA,補交易紀錄/2022-10-13 帳戶風控04 最高+158.99%.csv",CSV|HTML,rec_5da1df395bc1c6305568|c_93955af37a6459aa3c08,False,SAME_MINUTE_TIMES_AND_ECONOMIC_FIELDS,0
dup_0af3eeacf499b60d,2,"2025/2021-2024/2022/statement (2).html|DREA,補交易紀錄/2022-10-13 帳戶風控04 最高+158.99%.csv",CSV|HTML,rec_f55568215dcab7b06f36|c_9d3f85a64868b2b6fae2,False,SAME_MINUTE_TIMES_AND_ECONOMIC_FIELDS,0
dup_f454737cc24043ac,2,"2025/2021-2024/2022/statement (2).html|DREA,補交易紀錄/2022-10-13 帳戶風控04 最高+158.99%.csv",CSV|HTML,rec_4a2cf0002cb08e96e7ed|c_109ccd9226398d57d056,False,SAME_MINUTE_TIMES_AND_ECONOMIC_FIELDS,0
dup_37d27d2f3aa009b3,2,"2025/2021-2024/2022/statement (2).html|DREA,補交易紀錄/2022-10-13 帳戶風控04 最高+158.99%.csv",CSV|HTML,rec_7daec1b0cd5002ce6879|c_b374d400ffed9444c801,False,SAME_MINUTE_TIMES_AND_ECONOMIC_FIELDS,0
dup_e92be425bca8dd75,2,"2025/2021-2024/2022/statement (2).html|DREA,補交易紀錄/2022-10-13 帳戶風控04 最高+158.99%.csv",CSV|HTML,rec_86db9f1e9942ecf3432b|c_8228f98e08c15de17202,False,SAME_MINUTE_TIMES_AND_ECONOMIC_FIELDS,0
dup_e72fe56ed41f0d7b,2,"2025/2021-2024/2022/statement (2).html|DREA,補交易紀錄/2022-10-13 帳戶風控04 最高+158.99%.csv",CSV|HTML,rec_8398f17475bc90850988|c_6fb57a821ae80773966a,False,SAME_MINUTE_TIMES_AND_ECONOMIC_FIELDS,0
dup_4d4293f044b453ed,2,"2025/2021-2024/2022/statement (2).html|DREA,補交易紀錄/2022-10-13 帳戶風控04 最高+158.99%.csv",CSV|HTML,rec_f25b4040a9f606c7e6f6|c_5ed26bde92d283354f78,False,SAME_MINUTE_TIMES_AND_ECONOMIC_FIELDS,0
dup_ec4bb3f3e43c6301,2,"2025/2021-2024/2022/statement (2).html|DREA,補交易紀錄/2022-10-13 帳戶風控04 最高+158.99%.csv",CSV|HTML,rec_c93b190a8351512cfb78|c_029e3436f6a4c05a3e97,False,SAME_MINUTE_TIMES_AND_ECONOMIC_FIELDS,0
dup_b3c443f0841e3706,2,"2025/2021-2024/2022/statement (2).html|DREA,補交易紀錄/2022-10-13 帳戶風控04 最高+158.99%.csv",CSV|HTML,rec_499eb999cb2532e4cfaf|c_fd0ff7ed132473ca0796,False,SAME_MINUTE_TIMES_AND_ECONOMIC_FIELDS,0
dup_f1bc96a347f75833,2,"2025/2021-2024/2022/statement (2).html|DREA,補交易紀錄/2022-10-13 帳戶風控04 最高+158.99%.csv",CSV|HTML,rec_52b85f8f6a4ebcea7522|c_09c448849528defebdb6,False,SAME_MINUTE_TIMES_AND_ECONOMIC_FIELDS,0
dup_890120dbfc2032a9,2,"2025/2021-2024/2022/statement (2).html|DREA,補交易紀錄/2022-10-13 帳戶風控04 最高+158.99%.csv",CSV|HTML,rec_b53fe7809dcd7b4ac52f|c_a0171d16590e7006a029,False,SAME_MINUTE_TIMES_AND_ECONOMIC_FIELDS,0
dup_5d2022b9aa8370a1,2,"2025/2021-2024/2022/statement (2).html|DREA,補交易紀錄/2022-10-13 帳戶風控04 最高+158.99%.csv",CSV|HTML,rec_709254cb30655f90cd78|c_f587c8fea947492acef9,False,SAME_MINUTE_TIMES_AND_ECONOMIC_FIELDS,0
dup_f7cf9d844da02662,2,"2025/2021-2024/2022/statement (2).html|DREA,補交易紀錄/2022-10-13 帳戶風控04 最高+158.99%.csv",CSV|HTML,rec_efbedc3f40a97c477c78|c_6e0fc40741383bbb74a3,False,SAME_MINUTE_TIMES_AND_ECONOMIC_FIELDS,0
dup_2dd6dfba81afc7ab,2,"2025/2021-2024/2022/statement (2).html|DREA,補交易紀錄/2022-10-13 帳戶風控04 最高+158.99%.csv",CSV|HTML,rec_6b651c2d56c0c7bff756|c_6738f4653e56422ed9df,False,SAME_MINUTE_TIMES_AND_ECONOMIC_FIELDS,0
dup_7b80f1afaaae2c7b,2,"2025/2021-2024/2022/statement (2).html|DREA,補交易紀錄/2022-10-13 帳戶風控04 最高+158.99%.csv",CSV|HTML,rec_c5f82f09d99546fa06a0|c_1957da066c2cb4161b18,False,SAME_MINUTE_TIMES_AND_ECONOMIC_FIELDS,0
dup_e5ddcb96d3620e2e,2,"2025/2021-2024/2022/statement (2).html|DREA,補交易紀錄/2022-10-13 帳戶風控04 最高+158.99%.csv",CSV|HTML,rec_a4fc34a2f4cb68ccf45f|c_4f5c522faa35189b081c,False,SAME_MINUTE_TIMES_AND_ECONOMIC_FIELDS,0
dup_8b7ca402d670072a,2,"2025/2021-2024/2022/statement (3).html|DREA,補交易紀錄/2022-10-31 帳戶風控03 最高+66.11%.csv",CSV|HTML,rec_8c9e083d8e7bd5a4828c|c_7503958c58ae72773814,False,SAME_MINUTE_TIMES_AND_ECONOMIC_FIELDS,0
dup_c39fac3814c8e9db,2,"2025/2021-2024/2022/statement (3).html|DREA,補交易紀錄/2022-10-31 帳戶風控03 最高+66.11%.csv",CSV|HTML,rec_7054969b95e62a5d62a8|c_5938e9f90a7bc18fc79e,False,SAME_MINUTE_TIMES_AND_ECONOMIC_FIELDS,0
dup_a7c6e89c1d810f86,2,"2025/2021-2024/2022/statement (3).html|DREA,補交易紀錄/2022-10-31 帳戶風控03 最高+66.11%.csv",CSV|HTML,rec_bfe956a94e9eee6045c1|c_a6465bf0ecd5e836b528,False,SAME_MINUTE_TIMES_AND_ECONOMIC_FIELDS,0
dup_42403a278546c1ed,2,"2025/2021-2024/2022/statement (3).html|DREA,補交易紀錄/2022-10-31 帳戶風控03 最高+66.11%.csv",CSV|HTML,rec_69342720a19c792e5b8b|c_00ac62b052454ac64fd0,False,SAME_MINUTE_TIMES_AND_ECONOMIC_FIELDS,0
dup_47bc664490391277,2,"2025/2021-2024/2022/statement (3).html|DREA,補交易紀錄/2022-10-31 帳戶風控03 最高+66.11%.csv",CSV|HTML,rec_44f27e6dc0c3e2e33143|c_6fb655420f3b61092083,False,SAME_MINUTE_TIMES_AND_ECONOMIC_FIELDS,0
dup_bf07589e25a0d6dc,2,"2025/2021-2024/2022/statement (3).html|DREA,補交易紀錄/2022-10-31 帳戶風控03 最高+66.11%.csv",CSV|HTML,rec_6d6b171ced5d98e3c1cd|c_f5c7f9590b8ea28ac3ce,False,SAME_MINUTE_TIMES_AND_ECONOMIC_FIELDS,0
dup_33b319c4e9ad9be5,2,"2025/2021-2024/2022/statement (3).html|DREA,補交易紀錄/2022-10-31 帳戶風控03 最高+66.11%.csv",CSV|HTML,rec_e1bc21ddf942ce2ed0c6|c_b73e1fda20a95b8fbea9,False,SAME_MINUTE_TIMES_AND_ECONOMIC_FIELDS,0
dup_27f03dba4eda881d,2,"2025/2021-2024/2022/statement (3).html|DREA,補交易紀錄/2022-10-31 帳戶風控03 最高+66.11%.csv",CSV|HTML,rec_ba26edb81e04ff187889|c_323b6581ce3de46eb96f,False,SAME_MINUTE_TIMES_AND_ECONOMIC_FIELDS,0
dup_406764750cdc2837,2,"2025/2021-2024/2022/statement (3).html|DREA,補交易紀錄/2022-10-31 帳戶風控03 最高+66.11%.csv",CSV|HTML,rec_dd9fa91165f32fcd77be|c_aeadb8a00890b430ae87,False,SAME_MINUTE_TIMES_AND_ECONOMIC_FIELDS,0
dup_4e49b8811729a5fb,2,"2025/2021-2024/2022/statement (3).html|DREA,補交易紀錄/2022-10-31 帳戶風控03 最高+66.11%.csv",CSV|HTML,rec_53be469ee651daa2d455|c_65fe1eabd5ad6c0283f4,False,SAME_MINUTE_TIMES_AND_ECONOMIC_FIELDS,0
dup_f2611c4b193b9892,2,"2025/2021-2024/2022/statement (3).html|DREA,補交易紀錄/2022-10-31 帳戶風控03 最高+66.11%.csv",CSV|HTML,rec_4e583e907088d3c24233|c_0c96d9896903a07988c2,False,SAME_MINUTE_TIMES_AND_ECONOMIC_FIELDS,0
dup_3a8364e4202c7790,2,"2025/2021-2024/2022/statement (3).html|DREA,補交易紀錄/2022-10-31 帳戶風控03 最高+66.11%.csv",CSV|HTML,rec_0eb70c2d15d611f78c82|c_18666f570229c84e0feb,False,SAME_MINUTE_TIMES_AND_ECONOMIC_FIELDS,0
dup_0ae56441a21cb0d2,2,"2025/2021-2024/2022/statement (3).html|DREA,補交易紀錄/2022-10-31 帳戶風控03 最高+66.11%.csv",CSV|HTML,rec_4baf75c5adfcdf4cf5e0|c_58b3d684bb161a0aeac2,False,SAME_MINUTE_TIMES_AND_ECONOMIC_FIELDS,0
dup_01cd3499756e2a24,2,"2025/2021-2024/2022/statement (3).html|DREA,補交易紀錄/2022-10-31 帳戶風控03 最高+66.11%.csv",CSV|HTML,rec_176a7ee7146756404902|c_f1d549bf29b0f5eabd73,False,SAME_MINUTE_TIMES_AND_ECONOMIC_FIELDS,0
dup_dd580f1725deec1c,2,"2025/2021-2024/2022/statement (3).html|DREA,補交易紀錄/2022-10-31 帳戶風控03 最高+66.11%.csv",CSV|HTML,rec_84ab0f3a8b416ab852de|c_609bf30697b078cd17f3,False,SAME_MINUTE_TIMES_AND_ECONOMIC_FIELDS,0
dup_dcfa4f3b4108c769,2,"2025/2021-2024/2022/statement (3).html|DREA,補交易紀錄/2022-10-31 帳戶風控03 最高+66.11%.csv",CSV|HTML,rec_72eb065bddd415de1aec|c_8b6bfab39da40f3228c8,False,SAME_MINUTE_TIMES_AND_ECONOMIC_FIELDS,0
dup_f63d60e4fc0c0ebb,2,"2025/2021-2024/2022/statement (3).html|DREA,補交易紀錄/2022-10-31 帳戶風控03 最高+66.11%.csv",CSV|HTML,rec_330d4fbe4a7a81fa8b2f|c_6b6656e9ca77dca75079,False,SAME_MINUTE_TIMES_AND_ECONOMIC_FIELDS,0
dup_1b8fef966faf39e4,2,"2025/2021-2024/2022/statement (3).html|DREA,補交易紀錄/2022-10-31 帳戶風控03 最高+66.11%.csv",CSV|HTML,rec_ab02bf2827b387c12551|c_5c46e9a1b87efc29c6d3,False,SAME_MINUTE_TIMES_AND_ECONOMIC_FIELDS,0
dup_02f4ccabfe77c969,2,"2025/2021-2024/2022/statement (3).html|DREA,補交易紀錄/2022-10-31 帳戶風控03 最高+66.11%.csv",CSV|HTML,rec_71c92db2cdd9825053d4|c_9a7477e40250d2ee1faf,False,SAME_MINUTE_TIMES_AND_ECONOMIC_FIELDS,0
dup_0431da72f3b00208,2,"2025/2021-2024/2022/statement (3).html|DREA,補交易紀錄/2022-10-31 帳戶風控03 最高+66.11%.csv",CSV|HTML,rec_866e7b835b982ad8b23f|c_44a4626f538eb2da06cf,False,SAME_MINUTE_TIMES_AND_ECONOMIC_FIELDS,0
dup_37f6c1e0a01ef01f,2,"2025/2021-2024/2022/statement (3).html|DREA,補交易紀錄/2022-10-31 帳戶風控03 最高+66.11%.csv",CSV|HTML,rec_7f31ff3a32f7de1c1c93|c_225f6da67e720c359d54,False,SAME_MINUTE_TIMES_AND_ECONOMIC_FIELDS,0
dup_5badfa703f960ea9,2,"2025/2021-2024/2022/statement (3).html|DREA,補交易紀錄/2022-10-31 帳戶風控03 最高+66.11%.csv",CSV|HTML,rec_daac7f3beb2fbbd5db55|c_79c8da3f6105aad997f9,False,SAME_MINUTE_TIMES_AND_ECONOMIC_FIELDS,0
dup_ee98d9b4910b739b,2,"2025/2021-2024/2022/statement (3).html|DREA,補交易紀錄/2022-10-31 帳戶風控03 最高+66.11%.csv",CSV|HTML,rec_51955b7d0355ea9aff27|c_851642007ecde4783af6,False,SAME_MINUTE_TIMES_AND_ECONOMIC_FIELDS,0
dup_cd1a753fbe54f6db,2,"2025/2021-2024/2022/statement (3).html|DREA,補交易紀錄/2022-10-31 帳戶風控03 最高+66.11%.csv",CSV|HTML,rec_ad580bef2f5143e4b578|c_971cbfc87e4ca3528060,False,SAME_MINUTE_TIMES_AND_ECONOMIC_FIELDS,0
dup_11e2d7387ce64566,2,"2025/2021-2024/2022/statement (3).html|DREA,補交易紀錄/2022-10-31 帳戶風控03 最高+66.11%.csv",CSV|HTML,rec_32a94343f951456b22bc|c_64563344b0880a8d29d5,False,SAME_MINUTE_TIMES_AND_ECONOMIC_FIELDS,0
dup_3ae3caaf5bea2f80,2,"2025/2021-2024/2022/statement (3).html|DREA,補交易紀錄/2022-10-31 帳戶風控03 最高+66.11%.csv",CSV|HTML,rec_f8d8f5cb6c6da4761243|c_b2262731b6ef44210824,False,SAME_MINUTE_TIMES_AND_ECONOMIC_FIELDS,0
dup_f83b97491613e89a,2,"2025/2021-2024/2022/statement (3).html|DREA,補交易紀錄/2022-10-31 帳戶風控03 最高+66.11%.csv",CSV|HTML,rec_76989a2563220b9f994e|c_2b855aff6e4e1f0f20c5,False,SAME_MINUTE_TIMES_AND_ECONOMIC_FIELDS,0
dup_f986089324c948d3,2,"2025/2021-2024/2022/statement (3).html|DREA,補交易紀錄/2022-10-31 帳戶風控03 最高+66.11%.csv",CSV|HTML,rec_f81af1889e095387123e|c_688931454fb4e6078224,False,SAME_MINUTE_TIMES_AND_ECONOMIC_FIELDS,0
dup_1490311d5da8a147,2,"2025/2021-2024/2022/statement (3).html|DREA,補交易紀錄/2022-10-31 帳戶風控03 最高+66.11%.csv",CSV|HTML,rec_4937dc12ab9e8556a6ea|c_f37b61b2b00ed9785274,False,SAME_MINUTE_TIMES_AND_ECONOMIC_FIELDS,0
dup_6cf7b10e37637541,2,"2025/2021-2024/2022/statement (3).html|DREA,補交易紀錄/2022-10-31 帳戶風控03 最高+66.11%.csv",CSV|HTML,rec_7de90898c849d13ca2d6|c_c8e6b6874fc9a65fd015,False,SAME_MINUTE_TIMES_AND_ECONOMIC_FIELDS,0
dup_e6daee4336f2cbd3,2,"2025/2021-2024/2022/statement (3).html|DREA,補交易紀錄/2022-10-31 帳戶風控03 最高+66.11%.csv",CSV|HTML,rec_6aab14b71f7da18d6b4e|c_671812e94f1b61ac814c,False,SAME_MINUTE_TIMES_AND_ECONOMIC_FIELDS,0
dup_07717bc6a4fc5b0b,2,"2025/2021-2024/2022/statement (3).html|DREA,補交易紀錄/2022-10-31 帳戶風控03 最高+66.11%.csv",CSV|HTML,rec_da8fd4031303b7427229|c_65397efc01b683884157,False,SAME_MINUTE_TIMES_AND_ECONOMIC_FIELDS,0
dup_5a782bf963c4678b,2,"2025/2021-2024/2022/statement (3).html|DREA,補交易紀錄/2022-10-31 帳戶風控03 最高+66.11%.csv",CSV|HTML,rec_4d1c2d8f4347c20e1628|c_88baddc389adf25e1e05,False,SAME_MINUTE_TIMES_AND_ECONOMIC_FIELDS,0
dup_36a07a0e0116989e,2,"2025/2021-2024/2022/statement (3).html|DREA,補交易紀錄/2022-10-31 帳戶風控03 最高+66.11%.csv",CSV|HTML,rec_de81f85d47ecbbbc11da|c_f2b80195ba4617ce34bf,False,SAME_MINUTE_TIMES_AND_ECONOMIC_FIELDS,0
dup_96c929600c345b51,2,"2025/2021-2024/2022/statement (3).html|DREA,補交易紀錄/2022-10-31 帳戶風控03 最高+66.11%.csv",CSV|HTML,rec_47209ba5edd68e8cb1b2|c_cc3d273f3b475a75b8f3,False,SAME_MINUTE_TIMES_AND_ECONOMIC_FIELDS,0
dup_e77d0e9cc733b1e9,2,"2025/2021-2024/2022/statement (3).html|DREA,補交易紀錄/2022-10-31 帳戶風控03 最高+66.11%.csv",CSV|HTML,rec_476cdfe8233952ad0478|c_ab500454d4bb8e09fe4f,False,SAME_MINUTE_TIMES_AND_ECONOMIC_FIELDS,0
dup_641c83dfcae7acd4,2,"2025/2021-2024/2022/statement (3).html|DREA,補交易紀錄/2022-10-31 帳戶風控03 最高+66.11%.csv",CSV|HTML,rec_ad4dcf7c0fb9e36b039f|c_8cfb98021f8c40c5aea2,False,SAME_MINUTE_TIMES_AND_ECONOMIC_FIELDS,0
dup_6da35088782afa19,2,"2025/2021-2024/2022/statement (3).html|DREA,補交易紀錄/2022-10-31 帳戶風控03 最高+66.11%.csv",CSV|HTML,rec_8349d326c91f0d51dfc5|c_e80f3cd0229a6bdab0f9,False,SAME_MINUTE_TIMES_AND_ECONOMIC_FIELDS,0
dup_6d7b041c0ba561d0,2,"2025/2021-2024/2022/statement (3).html|DREA,補交易紀錄/2022-10-31 帳戶風控03 最高+66.11%.csv",CSV|HTML,rec_fb04c47bf798f3038949|c_e2b192488af6b242e1d9,False,SAME_MINUTE_TIMES_AND_ECONOMIC_FIELDS,0
dup_efcab0ca7cbcaf8d,2,"2025/2021-2024/2022/statement (3).html|DREA,補交易紀錄/2022-10-31 帳戶風控03 最高+66.11%.csv",CSV|HTML,rec_f3bd3e8b521e21bedab6|c_930b9f56109556d79598,False,SAME_MINUTE_TIMES_AND_ECONOMIC_FIELDS,0
dup_5d61afb334806e9e,2,"2025/2021-2024/2022/statement (3).html|DREA,補交易紀錄/2022-10-31 帳戶風控03 最高+66.11%.csv",CSV|HTML,rec_4f9a3731d4b268619619|c_d58e9e8923c4e5a15805,False,SAME_MINUTE_TIMES_AND_ECONOMIC_FIELDS,0
dup_3e6a139c6051568a,2,"2025/2021-2024/2022/statement (3).html|DREA,補交易紀錄/2022-10-31 帳戶風控03 最高+66.11%.csv",CSV|HTML,rec_5846821794a9e061b235|c_09ab45e91e057dc82ef9,False,SAME_MINUTE_TIMES_AND_ECONOMIC_FIELDS,0
dup_a0bc156a5bed777e,2,"2025/2021-2024/2022/statement (3).html|DREA,補交易紀錄/2022-10-31 帳戶風控03 最高+66.11%.csv",CSV|HTML,rec_69d23664f6f0f14b504b|c_82a5ee7b2554abeef77c,False,SAME_MINUTE_TIMES_AND_ECONOMIC_FIELDS,0
dup_3ab227e54efd8032,2,"2025/2021-2024/2022/statement (3).html|DREA,補交易紀錄/2022-10-31 帳戶風控03 最高+66.11%.csv",CSV|HTML,rec_d176aecf6b2e6cea14af|c_c3b3f9e022927c2199e3,False,SAME_MINUTE_TIMES_AND_ECONOMIC_FIELDS,0
dup_a06bb7bbc08ecae5,2,"2025/2021-2024/2022/statement (3).html|DREA,補交易紀錄/2022-10-31 帳戶風控03 最高+66.11%.csv",CSV|HTML,rec_021388c01aee3eddcf49|c_7e9675b20d684b5bc051,False,SAME_MINUTE_TIMES_AND_ECONOMIC_FIELDS,0
dup_c06dbb8ff6e3ccdd,2,"2025/2021-2024/2022/statement (3).html|DREA,補交易紀錄/2022-10-31 帳戶風控03 最高+66.11%.csv",CSV|HTML,rec_499b1e527d3515462302|c_8a14268970301d784942,False,SAME_MINUTE_TIMES_AND_ECONOMIC_FIELDS,0
dup_d46a56d185d81410,2,"2025/2021-2024/2022/statement (3).html|DREA,補交易紀錄/2022-10-31 帳戶風控03 最高+66.11%.csv",CSV|HTML,rec_b00fc7e86103c4ae79cb|c_ddb995a6e492e9040341,False,SAME_MINUTE_TIMES_AND_ECONOMIC_FIELDS,0
dup_6774794a09411c31,2,"2025/2021-2024/2022/statement (3).html|DREA,補交易紀錄/2022-10-31 帳戶風控03 最高+66.11%.csv",CSV|HTML,rec_cc7da14fbcf1c6e07665|c_8cba17f685c90b99ed3f,False,SAME_MINUTE_TIMES_AND_ECONOMIC_FIELDS,0
dup_a6329fad5ea62517,2,"2025/2021-2024/2022/statement (3).html|DREA,補交易紀錄/2022-10-31 帳戶風控03 最高+66.11%.csv",CSV|HTML,rec_de1b0495553394cca5d3|c_b44416e22e2814bb32b5,False,SAME_MINUTE_TIMES_AND_ECONOMIC_FIELDS,0
dup_abfd342ba19e8b5c,2,"2025/2021-2024/2022/statement (3).html|DREA,補交易紀錄/2022-10-31 帳戶風控03 最高+66.11%.csv",CSV|HTML,rec_3eb6ce4bd9c07588dcd5|c_6663e7710a15e5a0402d,False,SAME_MINUTE_TIMES_AND_ECONOMIC_FIELDS,0
dup_4a6bfb721ff89739,2,"2025/2021-2024/2022/statement (3).html|DREA,補交易紀錄/2022-10-31 帳戶風控03 最高+66.11%.csv",CSV|HTML,rec_fbb25b9b0d75266ce1f8|c_146263e743aa2ed9cbc8,False,SAME_MINUTE_TIMES_AND_ECONOMIC_FIELDS,0
dup_621ed2a591acaeb8,2,"2025/2021-2024/2022/statement (3).html|DREA,補交易紀錄/2022-10-31 帳戶風控03 最高+66.11%.csv",CSV|HTML,rec_1b91e90d59e5d9732dc2|c_82b7db053d1dfbbb96fd,False,SAME_MINUTE_TIMES_AND_ECONOMIC_FIELDS,0
dup_796a32c5d528ff3e,2,"2025/2021-2024/2022/statement (4).html|DREA,補交易紀錄/2022-11-3 帳戶風控02 最高+125.6%.csv",CSV|HTML,rec_f7d53356fc642d9d482c|c_4ccb81df6635a935ca2f,False,SAME_MINUTE_TIMES_AND_ECONOMIC_FIELDS,0
dup_d65aeff21da87f5e,2,"2025/2021-2024/2022/statement (4).html|DREA,補交易紀錄/2022-11-3 帳戶風控02 最高+125.6%.csv",CSV|HTML,rec_4b62f4b8c57c61b42af8|c_e53a875a2abd4dde1904,False,SAME_MINUTE_TIMES_AND_ECONOMIC_FIELDS,0
dup_a7076ce0eeb36d5a,2,"2025/2021-2024/2022/statement (4).html|DREA,補交易紀錄/2022-11-3 帳戶風控02 最高+125.6%.csv",CSV|HTML,rec_d1d26c9c133503da5def|c_26e246294fdce35d1404,False,SAME_MINUTE_TIMES_AND_ECONOMIC_FIELDS,0
dup_0d8ec1bb6a06cae8,2,"2025/2021-2024/2022/statement (4).html|DREA,補交易紀錄/2022-11-3 帳戶風控02 最高+125.6%.csv",CSV|HTML,rec_18629c678eb158b0ecdb|c_859a2c8b7c902b5b716f,False,SAME_MINUTE_TIMES_AND_ECONOMIC_FIELDS,0
dup_700a5dfde31439fe,2,"2025/2021-2024/2022/statement (4).html|DREA,補交易紀錄/2022-11-3 帳戶風控02 最高+125.6%.csv",CSV|HTML,rec_7d672b9c3ba0458378f7|c_85a8fe1a4fc75ba9b9d4,False,SAME_MINUTE_TIMES_AND_ECONOMIC_FIELDS,0
dup_982409f87baec78a,2,"2025/2021-2024/2022/statement (4).html|DREA,補交易紀錄/2022-11-3 帳戶風控02 最高+125.6%.csv",CSV|HTML,rec_5f93b62c0673e2b7dcf7|c_a9ffbe7dd54cb219ccc5,False,SAME_MINUTE_TIMES_AND_ECONOMIC_FIELDS,0
dup_3ab5901e4f783ebe,2,"2025/2021-2024/2022/statement (4).html|DREA,補交易紀錄/2022-11-3 帳戶風控02 最高+125.6%.csv",CSV|HTML,rec_2d4dfdafd98427136f5e|c_240d6df56f6333979986,False,SAME_MINUTE_TIMES_AND_ECONOMIC_FIELDS,0
dup_3103411c4df460ce,2,"2025/2021-2024/2022/statement (4).html|DREA,補交易紀錄/2022-11-3 帳戶風控02 最高+125.6%.csv",CSV|HTML,rec_dcb1ce172430c8eff3ab|c_c9f096ef1b1a45e5d69d,False,SAME_MINUTE_TIMES_AND_ECONOMIC_FIELDS,0
dup_f3c9f92bcf867443,2,"2025/2021-2024/2022/statement (4).html|DREA,補交易紀錄/2022-11-3 帳戶風控02 最高+125.6%.csv",CSV|HTML,rec_f1589f60b4ca3cbcc282|c_4cffe21044861877ae81,False,SAME_MINUTE_TIMES_AND_ECONOMIC_FIELDS,0
dup_22c40940a2c71f19,2,"2025/2021-2024/2022/statement (4).html|DREA,補交易紀錄/2022-11-3 帳戶風控02 最高+125.6%.csv",CSV|HTML,rec_05f888b39d9f0d3b0323|c_c27fde5a1a3eedd56cd2,False,SAME_MINUTE_TIMES_AND_ECONOMIC_FIELDS,0
dup_b2589fc7a8bf4fc7,2,"2025/2021-2024/2022/statement (4).html|DREA,補交易紀錄/2022-11-3 帳戶風控02 最高+125.6%.csv",CSV|HTML,rec_613285c999e02d4c44f9|c_5837c5c6f575502ee0c3,False,SAME_MINUTE_TIMES_AND_ECONOMIC_FIELDS,0
dup_d09d6b420bcb26c0,2,"2025/2021-2024/2022/statement (4).html|DREA,補交易紀錄/2022-11-3 帳戶風控02 最高+125.6%.csv",CSV|HTML,rec_6efb0d9809a7dd790874|c_fcec76df333a66d32847,False,SAME_MINUTE_TIMES_AND_ECONOMIC_FIELDS,0
dup_05b297178fc66dbe,2,"2025/2021-2024/2022/statement (4).html|DREA,補交易紀錄/2022-11-3 帳戶風控02 最高+125.6%.csv",CSV|HTML,rec_652f97a47087f6c2c72f|c_24f43504550a8f8db7de,False,SAME_MINUTE_TIMES_AND_ECONOMIC_FIELDS,0
dup_4fac88d8b0f4ac83,2,"2025/2021-2024/2022/statement (4).html|DREA,補交易紀錄/2022-11-3 帳戶風控02 最高+125.6%.csv",CSV|HTML,rec_64fce918a7e1838ed99f|c_5db0505eea46784cd985,False,SAME_MINUTE_TIMES_AND_ECONOMIC_FIELDS,0
dup_110bd3e08663d137,2,"2025/2021-2024/2022/statement (4).html|DREA,補交易紀錄/2022-11-3 帳戶風控02 最高+125.6%.csv",CSV|HTML,rec_1e16fe9b056b36c9f897|c_8711d9f9aa7b619f387f,False,SAME_MINUTE_TIMES_AND_ECONOMIC_FIELDS,0
dup_8eb4e3d754ce2f3c,2,"2025/2021-2024/2022/statement (4).html|DREA,補交易紀錄/2022-11-3 帳戶風控02 最高+125.6%.csv",CSV|HTML,rec_8c4852fd1d7be6920ef5|c_3ab189e1a2459628ab4b,False,SAME_MINUTE_TIMES_AND_ECONOMIC_FIELDS,0
dup_caf1456f6b4e63f1,2,"2025/2021-2024/2022/statement (4).html|DREA,補交易紀錄/2022-11-3 帳戶風控02 最高+125.6%.csv",CSV|HTML,rec_b027ca29edf7a20be78b|c_d8bb713e06c52183e00b,False,SAME_MINUTE_TIMES_AND_ECONOMIC_FIELDS,0
dup_b93368a3072e7157,2,"2025/2021-2024/2022/statement (4).html|DREA,補交易紀錄/2022-11-3 帳戶風控02 最高+125.6%.csv",CSV|HTML,rec_642aa42baf9ac864b1b4|c_1b9d652e3c54cc4c2685,False,SAME_MINUTE_TIMES_AND_ECONOMIC_FIELDS,0
dup_83d20005ace26f6e,2,"2025/2021-2024/2022/statement (4).html|DREA,補交易紀錄/2022-11-3 帳戶風控02 最高+125.6%.csv",CSV|HTML,rec_55c5367f76fd132cdf78|c_c56fbbd5df50dd37087c,False,SAME_MINUTE_TIMES_AND_ECONOMIC_FIELDS,0
dup_f88a4665a0dac191,2,"2025/2021-2024/2022/statement (4).html|DREA,補交易紀錄/2022-11-3 帳戶風控02 最高+125.6%.csv",CSV|HTML,rec_2566366af689b598d577|c_002ed171eadf0b0e799d,False,SAME_MINUTE_TIMES_AND_ECONOMIC_FIELDS,0
dup_c8c101674527f2ff,2,"2025/2021-2024/2022/statement (4).html|DREA,補交易紀錄/2022-11-3 帳戶風控02 最高+125.6%.csv",CSV|HTML,rec_d1fe218e7fb6a7c2bdb1|c_40794712529b6111170e,False,SAME_MINUTE_TIMES_AND_ECONOMIC_FIELDS,0
dup_518ef5fcac9f07b4,2,"2025/2021-2024/2022/statement (4).html|DREA,補交易紀錄/2022-11-3 帳戶風控02 最高+125.6%.csv",CSV|HTML,rec_4f600628770781997b1c|c_077e2321608e44f48711,False,SAME_MINUTE_TIMES_AND_ECONOMIC_FIELDS,0
dup_43960c9cd7623b81,2,"2025/2021-2024/2022/statement (4).html|DREA,補交易紀錄/2022-11-3 帳戶風控02 最高+125.6%.csv",CSV|HTML,rec_02fd0dad75382b604173|c_54e44fa98ee398b7cf53,False,SAME_MINUTE_TIMES_AND_ECONOMIC_FIELDS,0
dup_23a7461009c10743,2,"2025/2021-2024/2022/statement (4).html|DREA,補交易紀錄/2022-11-3 帳戶風控02 最高+125.6%.csv",CSV|HTML,rec_cb06d419a5b7d99ad16f|c_f3f9e8c3c18112f1d58b,False,SAME_MINUTE_TIMES_AND_ECONOMIC_FIELDS,0
dup_f8fbc3e92daf6c83,2,"2025/2021-2024/2022/statement (4).html|DREA,補交易紀錄/2022-11-3 帳戶風控02 最高+125.6%.csv",CSV|HTML,rec_37b6632efab866836917|c_ecc5a490185569574bf2,False,SAME_MINUTE_TIMES_AND_ECONOMIC_FIELDS,0
dup_692769b94aa2893b,2,"2025/2021-2024/2022/statement (4).html|DREA,補交易紀錄/2022-11-3 帳戶風控02 最高+125.6%.csv",CSV|HTML,rec_9a04405d0366dbba7280|c_780a01eb867cb1d8f537,False,SAME_MINUTE_TIMES_AND_ECONOMIC_FIELDS,0
dup_b7747a0af4acc2e4,2,"2025/2021-2024/2022/statement (4).html|DREA,補交易紀錄/2022-11-3 帳戶風控02 最高+125.6%.csv",CSV|HTML,rec_147b0803f43692663a74|c_06b8556f22c155049166,False,SAME_MINUTE_TIMES_AND_ECONOMIC_FIELDS,0
dup_1d0648b8544ca474,2,"2025/2021-2024/2022/statement (4).html|DREA,補交易紀錄/2022-11-3 帳戶風控02 最高+125.6%.csv",CSV|HTML,rec_5ce75d1385017e8b0d8c|c_47efd7893be75550d7f1,False,SAME_MINUTE_TIMES_AND_ECONOMIC_FIELDS,0
dup_c7d2376656829eb6,2,"2025/2021-2024/2022/statement (4).html|DREA,補交易紀錄/2022-11-3 帳戶風控02 最高+125.6%.csv",CSV|HTML,rec_9608fd0755fbdfdca5e7|c_e6ea4c78e374183e79bb,False,SAME_MINUTE_TIMES_AND_ECONOMIC_FIELDS,0
dup_b7ded69c8d794137,2,"2025/2021-2024/2022/statement (4).html|DREA,補交易紀錄/2022-11-3 帳戶風控02 最高+125.6%.csv",CSV|HTML,rec_dbf55262296aeab02386|c_59370a9fbe620eaa042c,False,SAME_MINUTE_TIMES_AND_ECONOMIC_FIELDS,0
dup_75748fdcd09e86e2,2,"2025/2021-2024/2022/statement (4).html|DREA,補交易紀錄/2022-11-3 帳戶風控02 最高+125.6%.csv",CSV|HTML,rec_00e1f5c36cedcf180b4a|c_40917cac339ba7a0af5c,False,SAME_MINUTE_TIMES_AND_ECONOMIC_FIELDS,0
dup_99787dae843842ae,2,"2025/2021-2024/2022/statement (4).html|DREA,補交易紀錄/2022-11-3 帳戶風控02 最高+125.6%.csv",CSV|HTML,rec_9cd79544794600cb91c7|c_43ae8316cf50a7d3921d,False,SAME_MINUTE_TIMES_AND_ECONOMIC_FIELDS,0
dup_60f9d630529256dd,2,"2025/2021-2024/2022/statement (4).html|DREA,補交易紀錄/2022-11-3 帳戶風控02 最高+125.6%.csv",CSV|HTML,rec_12d3f98e35ae8aae738a|c_893094d7ae122486359f,False,SAME_MINUTE_TIMES_AND_ECONOMIC_FIELDS,0
dup_638b98f0a9211ef6,2,"2025/2021-2024/2022/statement (4).html|DREA,補交易紀錄/2022-11-3 帳戶風控02 最高+125.6%.csv",CSV|HTML,rec_cf79a5b9e1885b985d50|c_437adb30278d2dc5fcb9,False,SAME_MINUTE_TIMES_AND_ECONOMIC_FIELDS,0
dup_42efc5a809b7f4ff,2,"2025/2021-2024/2022/statement (4).html|DREA,補交易紀錄/2022-11-3 帳戶風控02 最高+125.6%.csv",CSV|HTML,rec_17428330cfefdd3ed977|c_5e49d18e2a8ab07b179d,False,SAME_MINUTE_TIMES_AND_ECONOMIC_FIELDS,0
dup_4821f71a0316b99e,2,"2025/2021-2024/2022/statement (4).html|DREA,補交易紀錄/2022-11-3 帳戶風控02 最高+125.6%.csv",CSV|HTML,rec_1d07044a9eb7a33271e8|c_8b352a9591c753eaae4d,False,SAME_MINUTE_TIMES_AND_ECONOMIC_FIELDS,0
dup_3f502b5aec048185,2,"2025/2021-2024/2022/statement (4).html|DREA,補交易紀錄/2022-11-3 帳戶風控02 最高+125.6%.csv",CSV|HTML,rec_701d0c207f4e82385648|c_27bd0814b88162b46d8c,False,SAME_MINUTE_TIMES_AND_ECONOMIC_FIELDS,0
dup_340c839abcc17b73,2,"2025/2021-2024/2022/statement (4).html|DREA,補交易紀錄/2022-11-3 帳戶風控02 最高+125.6%.csv",CSV|HTML,rec_aa3a051398e742807d4c|c_1eed08c3994fe2562ad8,False,SAME_MINUTE_TIMES_AND_ECONOMIC_FIELDS,0
dup_60d3e45fce48bf1c,2,"2025/2021-2024/2022/statement (4).html|DREA,補交易紀錄/2022-11-3 帳戶風控02 最高+125.6%.csv",CSV|HTML,rec_09e5b2b90a6ecf7dadc9|c_a29c9aeb947757367ae9,False,SAME_MINUTE_TIMES_AND_ECONOMIC_FIELDS,0
dup_bc4d81f9de4a70d1,2,"2025/2021-2024/2022/statement (4).html|DREA,補交易紀錄/2022-11-3 帳戶風控02 最高+125.6%.csv",CSV|HTML,rec_dc12f63db64557ab6543|c_5a9edf2b3e1d3e553b41,False,SAME_MINUTE_TIMES_AND_ECONOMIC_FIELDS,0
dup_13a843f402697021,2,"2025/2021-2024/2022/statement (4).html|DREA,補交易紀錄/2022-11-3 帳戶風控02 最高+125.6%.csv",CSV|HTML,rec_45d5e29490fb090a9d0f|c_2f3d3a57861df3ed1149,False,SAME_MINUTE_TIMES_AND_ECONOMIC_FIELDS,0
dup_8d89a2c4898dbe84,4,"2025/2021-2024/2022/statement (4).html|DREA,補交易紀錄/2022-11-3 帳戶風控02 最高+125.6%.csv",CSV|HTML,rec_5625bb9ff53b30404b51|rec_6579d3503dbb01df6197|c_35ef72faa0441110bc49|c_1f20992f93dfe0d5ed50,False,SAME_MINUTE_TIMES_AND_ECONOMIC_FIELDS,0
dup_1ef41d51074d6e85,2,"2025/2021-2024/2022/statement (4).html|DREA,補交易紀錄/2022-11-3 帳戶風控02 最高+125.6%.csv",CSV|HTML,rec_b9a7a8e0ebe110b62ebe|c_960a38da76d3e1275255,False,SAME_MINUTE_TIMES_AND_ECONOMIC_FIELDS,0
dup_6d89e6295d8d6191,2,"2025/2021-2024/2022/statement (4).html|DREA,補交易紀錄/2022-11-3 帳戶風控02 最高+125.6%.csv",CSV|HTML,rec_07e007195aefa71b7de4|c_b8faae4663886ad92fbb,False,SAME_MINUTE_TIMES_AND_ECONOMIC_FIELDS,0
dup_4d6c5a6b57bef86d,2,"2025/2021-2024/2022/statement (4).html|DREA,補交易紀錄/2022-11-3 帳戶風控02 最高+125.6%.csv",CSV|HTML,rec_0dc0b1397bf3e4a88156|c_fc7ba903fe94f7aa5a76,False,SAME_MINUTE_TIMES_AND_ECONOMIC_FIELDS,0
dup_11b496129de3bb2d,2,"2025/2021-2024/2022/statement (4).html|DREA,補交易紀錄/2022-11-3 帳戶風控02 最高+125.6%.csv",CSV|HTML,rec_693a693b29081efe3566|c_0f057196206ff60983c2,False,SAME_MINUTE_TIMES_AND_ECONOMIC_FIELDS,0
dup_b5d363ee5c323bd5,2,"2025/2021-2024/2022/statement (4).html|DREA,補交易紀錄/2022-11-3 帳戶風控02 最高+125.6%.csv",CSV|HTML,rec_81944eab7d36217696c3|c_bacb91ab1c16aeeb286f,False,SAME_MINUTE_TIMES_AND_ECONOMIC_FIELDS,0
dup_eb4b360d28a6e109,2,"2025/2021-2024/2022/statement (4).html|DREA,補交易紀錄/2022-11-3 帳戶風控02 最高+125.6%.csv",CSV|HTML,rec_91e801a0f86f90a051f7|c_d4473e5f0c106f0961e8,False,SAME_MINUTE_TIMES_AND_ECONOMIC_FIELDS,0
dup_f7b335b185c541a6,2,"2025/2021-2024/2022/statement (4).html|DREA,補交易紀錄/2022-11-3 帳戶風控02 最高+125.6%.csv",CSV|HTML,rec_375a30c8b4f0fd57180b|c_67fe999c465a5ff36c57,False,SAME_MINUTE_TIMES_AND_ECONOMIC_FIELDS,0
dup_f8468762e6a8c2b3,2,"2025/2021-2024/2022/statement (5).html|DREA,補交易紀錄/2022-11-9 帳戶風控01 最高+641.69%.csv",CSV|HTML,rec_e3905361e948e18da88d|c_68ddfdf79869680e4111,False,SAME_MINUTE_TIMES_AND_ECONOMIC_FIELDS,0
dup_b5445cd11c0d7d57,2,"2025/2021-2024/2022/statement (5).html|DREA,補交易紀錄/2022-11-9 帳戶風控01 最高+641.69%.csv",CSV|HTML,rec_f6e180c8733a5ca1ff67|c_386f72d1d78fc39621a9,False,SAME_MINUTE_TIMES_AND_ECONOMIC_FIELDS,0
dup_89de39ca1f0e1600,2,"2025/2021-2024/2022/statement (5).html|DREA,補交易紀錄/2022-11-9 帳戶風控01 最高+641.69%.csv",CSV|HTML,rec_37c04e260c4693bacbd1|c_a60964043b000ab97e3b,False,SAME_MINUTE_TIMES_AND_ECONOMIC_FIELDS,0
dup_b5f7ff69e4bed0cd,2,"2025/2021-2024/2022/statement (5).html|DREA,補交易紀錄/2022-11-9 帳戶風控01 最高+641.69%.csv",CSV|HTML,rec_b9cf044c8ca01fc44431|c_75f8c0f9f1abf504f822,False,SAME_MINUTE_TIMES_AND_ECONOMIC_FIELDS,0
dup_d699769efdf728e7,2,"2025/2021-2024/2022/statement (5).html|DREA,補交易紀錄/2022-11-9 帳戶風控01 最高+641.69%.csv",CSV|HTML,rec_87785c6fa23b0fac4033|c_76e42552d5349ebf3c02,False,SAME_MINUTE_TIMES_AND_ECONOMIC_FIELDS,0
dup_be19ac5d910d7014,2,"2025/2021-2024/2022/statement (5).html|DREA,補交易紀錄/2022-11-9 帳戶風控01 最高+641.69%.csv",CSV|HTML,rec_e8cde8308558466cfa27|c_521e8edd81a21e69c804,False,SAME_MINUTE_TIMES_AND_ECONOMIC_FIELDS,0
dup_abe6e3ce123b0bec,2,"2025/2021-2024/2022/statement (5).html|DREA,補交易紀錄/2022-11-9 帳戶風控01 最高+641.69%.csv",CSV|HTML,rec_8dbf502ce6ce81d99b45|c_4283d59b29269b4edcd9,False,SAME_MINUTE_TIMES_AND_ECONOMIC_FIELDS,0
dup_6077f96618af82e9,2,"2025/2021-2024/2022/statement (5).html|DREA,補交易紀錄/2022-11-9 帳戶風控01 最高+641.69%.csv",CSV|HTML,rec_db25be78645460246c1c|c_0124265242a94e170161,False,SAME_MINUTE_TIMES_AND_ECONOMIC_FIELDS,0
dup_b265dc72fb2d06ad,2,"2025/2021-2024/2022/statement (5).html|DREA,補交易紀錄/2022-11-9 帳戶風控01 最高+641.69%.csv",CSV|HTML,rec_aa7317e03eba75821008|c_5403f3506f9c536ff312,False,SAME_MINUTE_TIMES_AND_ECONOMIC_FIELDS,0
dup_f4f7c6c02ccb19d9,2,"2025/2021-2024/2022/statement (5).html|DREA,補交易紀錄/2022-11-9 帳戶風控01 最高+641.69%.csv",CSV|HTML,rec_8dd856473025a8eb333c|c_f5c107e5a2af1ee4c011,False,SAME_MINUTE_TIMES_AND_ECONOMIC_FIELDS,0
dup_bf875a18356afd5c,2,"2025/2021-2024/2022/statement (5).html|DREA,補交易紀錄/2022-11-9 帳戶風控01 最高+641.69%.csv",CSV|HTML,rec_0f66b9de630da8fbce4f|c_b3567bbf147487644c78,False,SAME_MINUTE_TIMES_AND_ECONOMIC_FIELDS,0
dup_d16e56c88e79aa26,2,"2025/2021-2024/2022/statement (5).html|DREA,補交易紀錄/2022-11-9 帳戶風控01 最高+641.69%.csv",CSV|HTML,rec_496e4dc6a66e2376a2f7|c_f4e51ce9e1d3e925b3a6,False,SAME_MINUTE_TIMES_AND_ECONOMIC_FIELDS,0
dup_13268c9172e735d5,2,"2025/2021-2024/2022/statement (5).html|DREA,補交易紀錄/2022-11-9 帳戶風控01 最高+641.69%.csv",CSV|HTML,rec_d6d8b2b5444873842d76|c_296429978c6d2edecbad,False,SAME_MINUTE_TIMES_AND_ECONOMIC_FIELDS,0
dup_1d022fff596e9a74,2,"2025/2021-2024/2022/statement (5).html|DREA,補交易紀錄/2022-11-9 帳戶風控01 最高+641.69%.csv",CSV|HTML,rec_5ed1a205d634488fbb3b|c_023207124163c757bfad,False,SAME_MINUTE_TIMES_AND_ECONOMIC_FIELDS,0
dup_67553a851df0e34e,2,"2025/2021-2024/2022/statement (5).html|DREA,補交易紀錄/2022-11-9 帳戶風控01 最高+641.69%.csv",CSV|HTML,rec_2163063c4def82f48082|c_f98025a92a1ed6d54684,False,SAME_MINUTE_TIMES_AND_ECONOMIC_FIELDS,0
dup_c86fd0d303006c4d,2,"2025/2021-2024/2022/statement (5).html|DREA,補交易紀錄/2022-11-9 帳戶風控01 最高+641.69%.csv",CSV|HTML,rec_883a91e0ac6bcc55d1e9|c_27cc64b7097de9075382,False,SAME_MINUTE_TIMES_AND_ECONOMIC_FIELDS,0
dup_5f386b35c476cbe3,2,"2025/2021-2024/2022/statement (5).html|DREA,補交易紀錄/2022-11-9 帳戶風控01 最高+641.69%.csv",CSV|HTML,rec_f50994a99b79cb293d8a|c_d7a40bdaf7be53d7456d,False,SAME_MINUTE_TIMES_AND_ECONOMIC_FIELDS,0
dup_6aeaf61fcaf13379,2,"2025/2021-2024/2022/statement (5).html|DREA,補交易紀錄/2022-11-9 帳戶風控01 最高+641.69%.csv",CSV|HTML,rec_74d5720317ae82fd3017|c_04c1eab950b7a5e47fcb,False,SAME_MINUTE_TIMES_AND_ECONOMIC_FIELDS,0
dup_945c6e73a8092ec1,2,"2025/2021-2024/2022/statement (5).html|DREA,補交易紀錄/2022-11-9 帳戶風控01 最高+641.69%.csv",CSV|HTML,rec_871b150744ffed7b8e74|c_0dff0ec1f0828f63a013,False,SAME_MINUTE_TIMES_AND_ECONOMIC_FIELDS,0
dup_6406b727b4c43582,2,"2025/2021-2024/2022/statement (5).html|DREA,補交易紀錄/2022-11-9 帳戶風控01 最高+641.69%.csv",CSV|HTML,rec_2fc2444e116b5cf0e752|c_3df5b94b0806826b918b,False,SAME_MINUTE_TIMES_AND_ECONOMIC_FIELDS,0
dup_f518c9eab11bf47c,2,"2025/2021-2024/2022/statement (5).html|DREA,補交易紀錄/2022-11-9 帳戶風控01 最高+641.69%.csv",CSV|HTML,rec_c9a7aab621abecc898c0|c_f4cdd99b2a369be03773,False,SAME_MINUTE_TIMES_AND_ECONOMIC_FIELDS,0
dup_4a5a9e70e8bce168,2,"2025/2021-2024/2022/statement (5).html|DREA,補交易紀錄/2022-11-9 帳戶風控01 最高+641.69%.csv",CSV|HTML,rec_072433086e93a90a5ae6|c_cf46915f95b187590aff,False,SAME_MINUTE_TIMES_AND_ECONOMIC_FIELDS,0
dup_0df08e251d84688d,2,"2025/2021-2024/2022/statement (5).html|DREA,補交易紀錄/2022-11-9 帳戶風控01 最高+641.69%.csv",CSV|HTML,rec_edc2410600163d773b3f|c_1b3f1281edd22dbdea25,False,SAME_MINUTE_TIMES_AND_ECONOMIC_FIELDS,0
dup_5a820bea022c3c1a,2,"2025/2021-2024/2022/statement (5).html|DREA,補交易紀錄/2022-11-9 帳戶風控01 最高+641.69%.csv",CSV|HTML,rec_5dcbc7499909725f95b0|c_daffbe2bedf3c4bcab2f,False,SAME_MINUTE_TIMES_AND_ECONOMIC_FIELDS,0
dup_fa8cd019b8b51b32,2,"2025/2021-2024/2022/statement (5).html|DREA,補交易紀錄/2022-11-9 帳戶風控01 最高+641.69%.csv",CSV|HTML,rec_7dcd12dc0f27b368ebca|c_3e73b7f603de2e861aea,False,SAME_MINUTE_TIMES_AND_ECONOMIC_FIELDS,0
dup_1286ca76452cb08b,2,"2025/2021-2024/2022/statement (5).html|DREA,補交易紀錄/2022-11-9 帳戶風控01 最高+641.69%.csv",CSV|HTML,rec_a72f74e831ee3babc667|c_3964fdea09166eb37413,False,SAME_MINUTE_TIMES_AND_ECONOMIC_FIELDS,0
dup_99ffd8c02e7ee250,2,"2025/2021-2024/2022/statement (5).html|DREA,補交易紀錄/2022-11-9 帳戶風控01 最高+641.69%.csv",CSV|HTML,rec_1d93765ff71b97c90282|c_52d6f1f337b6c228be82,False,SAME_MINUTE_TIMES_AND_ECONOMIC_FIELDS,0
dup_c0dddd3fb6a0f2e5,2,"2025/2021-2024/2022/statement (5).html|DREA,補交易紀錄/2022-11-9 帳戶風控01 最高+641.69%.csv",CSV|HTML,rec_39e13dddf07c24d87277|c_0b3baf0114b57c9b8621,False,SAME_MINUTE_TIMES_AND_ECONOMIC_FIELDS,0
dup_d6e8d34d315e1914,2,"2025/2021-2024/2022/statement (5).html|DREA,補交易紀錄/2022-11-9 帳戶風控01 最高+641.69%.csv",CSV|HTML,rec_093bd473817a930a244e|c_dcbd6de66f261b47cf9b,False,SAME_MINUTE_TIMES_AND_ECONOMIC_FIELDS,0
dup_d311facc42d006a0,2,"2025/2021-2024/2022/statement (5).html|DREA,補交易紀錄/2022-11-9 帳戶風控01 最高+641.69%.csv",CSV|HTML,rec_8433a0f1bc37a78e07bb|c_3f56364cb64e7d88509c,False,SAME_MINUTE_TIMES_AND_ECONOMIC_FIELDS,0
dup_29646bb3eebece8b,2,"2025/2021-2024/2022/statement (5).html|DREA,補交易紀錄/2022-11-9 帳戶風控01 最高+641.69%.csv",CSV|HTML,rec_3939faee614e1a0a7593|c_ab0781519d430b4cc283,False,SAME_MINUTE_TIMES_AND_ECONOMIC_FIELDS,0
dup_c5a8d89da99426a9,2,"2025/2021-2024/2022/statement (5).html|DREA,補交易紀錄/2022-11-9 帳戶風控01 最高+641.69%.csv",CSV|HTML,rec_2d74bec7d71aaa8a1817|c_22fff29db97987ed502f,False,SAME_MINUTE_TIMES_AND_ECONOMIC_FIELDS,0
dup_af0593b1429c7e32,2,"2025/2021-2024/2022/statement (5).html|DREA,補交易紀錄/2022-11-9 帳戶風控01 最高+641.69%.csv",CSV|HTML,rec_dc522d9aeecde321ff7c|c_5594fbaadeb8a6b22294,False,SAME_MINUTE_TIMES_AND_ECONOMIC_FIELDS,0
dup_5155c4bb2744c940,2,"2025/2021-2024/2022/statement (5).html|DREA,補交易紀錄/2022-11-9 帳戶風控01 最高+641.69%.csv",CSV|HTML,rec_ee6329cb96652626aba4|c_1213bab63d20cbd82d06,False,SAME_MINUTE_TIMES_AND_ECONOMIC_FIELDS,0
dup_f577ca270b7d6b14,2,"2025/2021-2024/2022/statement (5).html|DREA,補交易紀錄/2022-11-9 帳戶風控01 最高+641.69%.csv",CSV|HTML,rec_85692f4a4d1f86539b8a|c_a3165653523dd6a46ae1,False,SAME_MINUTE_TIMES_AND_ECONOMIC_FIELDS,0
dup_da9cfd2af3a0194f,2,"2025/2021-2024/2022/statement (5).html|DREA,補交易紀錄/2022-11-9 帳戶風控01 最高+641.69%.csv",CSV|HTML,rec_9924ebe786d9f14ce47b|c_92e73bcfdf3b67d9c3ff,False,SAME_MINUTE_TIMES_AND_ECONOMIC_FIELDS,0
dup_f6787810c02794b1,2,"2025/2021-2024/2022/statement (5).html|DREA,補交易紀錄/2022-11-9 帳戶風控01 最高+641.69%.csv",CSV|HTML,rec_98c6da2b245f2196b647|c_7969568ce503b214b7c6,False,SAME_MINUTE_TIMES_AND_ECONOMIC_FIELDS,0
dup_5c0140c52bb8344d,2,"2025/2021-2024/2022/statement (5).html|DREA,補交易紀錄/2022-11-9 帳戶風控01 最高+641.69%.csv",CSV|HTML,rec_3fa9f3200e0ce8d9f7f1|c_5a52c2300480a7581d15,False,SAME_MINUTE_TIMES_AND_ECONOMIC_FIELDS,0
dup_122825928258a93a,2,"2025/2021-2024/2022/statement (5).html|DREA,補交易紀錄/2022-11-9 帳戶風控01 最高+641.69%.csv",CSV|HTML,rec_94877f42c8987d0695d1|c_d79616ee0b293b29add0,False,SAME_MINUTE_TIMES_AND_ECONOMIC_FIELDS,0
dup_dcd049cf02f08c7f,2,"2025/2021-2024/2022/statement (5).html|DREA,補交易紀錄/2022-11-9 帳戶風控01 最高+641.69%.csv",CSV|HTML,rec_a9df9284d6b9e4a94f74|c_c8b7114a8b01a49e49b1,False,SAME_MINUTE_TIMES_AND_ECONOMIC_FIELDS,0
dup_536aa0a519b70912,2,"2025/2021-2024/2022/statement (5).html|DREA,補交易紀錄/2022-11-9 帳戶風控01 最高+641.69%.csv",CSV|HTML,rec_8bf20aedc847435f43b6|c_46813258c1fb29226761,False,SAME_MINUTE_TIMES_AND_ECONOMIC_FIELDS,0
dup_e40380b5e75fa101,2,"2025/2021-2024/2022/statement (5).html|DREA,補交易紀錄/2022-11-9 帳戶風控01 最高+641.69%.csv",CSV|HTML,rec_f80f26635a7c03c32a0c|c_3f5d88253b2ea5e73731,False,SAME_MINUTE_TIMES_AND_ECONOMIC_FIELDS,0
dup_63c868d555bd5007,2,"2025/2021-2024/2022/statement (5).html|DREA,補交易紀錄/2022-11-9 帳戶風控01 最高+641.69%.csv",CSV|HTML,rec_6eb0900de4115a34407f|c_b8868600b485a9fe861a,False,SAME_MINUTE_TIMES_AND_ECONOMIC_FIELDS,0
dup_5c2c5ddf50801645,2,"2025/2021-2024/2022/statement (5).html|DREA,補交易紀錄/2022-11-9 帳戶風控01 最高+641.69%.csv",CSV|HTML,rec_7a818e5a6612d74b0bf5|c_7ce6ca2853a1cfcea837,False,SAME_MINUTE_TIMES_AND_ECONOMIC_FIELDS,0
dup_803f9861876b0c45,2,"2025/2021-2024/2022/statement (5).html|DREA,補交易紀錄/2022-11-9 帳戶風控01 最高+641.69%.csv",CSV|HTML,rec_1c3d30ff5b3a08249fe5|c_70990e3eb49e1d28091f,False,SAME_MINUTE_TIMES_AND_ECONOMIC_FIELDS,0
dup_9e383886f30cab5b,2,"2025/2021-2024/2022/statement (5).html|DREA,補交易紀錄/2022-11-9 帳戶風控01 最高+641.69%.csv",CSV|HTML,rec_cc25e7ad73e86e07e207|c_31371ec5c9b5e3f4e8d3,False,SAME_MINUTE_TIMES_AND_ECONOMIC_FIELDS,0
dup_dd90f09e4ea3f683,2,"2025/2021-2024/2022/statement (5).html|DREA,補交易紀錄/2022-11-9 帳戶風控01 最高+641.69%.csv",CSV|HTML,rec_488fab1ded7ff3a14ca8|c_0612ccd8e41bc62a2b2b,False,SAME_MINUTE_TIMES_AND_ECONOMIC_FIELDS,0
dup_9a1568d7b3d24a26,2,"2025/2021-2024/2022/statement (5).html|DREA,補交易紀錄/2022-11-9 帳戶風控01 最高+641.69%.csv",CSV|HTML,rec_8626ea86397533a9a700|c_efcc3c1a47bf95797e08,False,SAME_MINUTE_TIMES_AND_ECONOMIC_FIELDS,0
dup_6b6b9b73d9768de4,2,"2025/2021-2024/2022/statement (5).html|DREA,補交易紀錄/2022-11-9 帳戶風控01 最高+641.69%.csv",CSV|HTML,rec_d751065c78cb0d68c166|c_4c251e208e42e2b2fd7f,False,SAME_MINUTE_TIMES_AND_ECONOMIC_FIELDS,0
dup_b2119964561e939e,2,"2025/2021-2024/2022/statement (5).html|DREA,補交易紀錄/2022-11-9 帳戶風控01 最高+641.69%.csv",CSV|HTML,rec_e39dc1d6fb900f4be040|c_29e2fcc2d36fd7cbb815,False,SAME_MINUTE_TIMES_AND_ECONOMIC_FIELDS,0
dup_a35d9fe50822adc2,2,"2025/2021-2024/2022/statement (5).html|DREA,補交易紀錄/2022-11-9 帳戶風控01 最高+641.69%.csv",CSV|HTML,rec_e92ac02276473ec05edc|c_88e33cd082e33de6e426,False,SAME_MINUTE_TIMES_AND_ECONOMIC_FIELDS,0
dup_aa9d4cf41342b348,2,"2025/2021-2024/2022/statement (5).html|DREA,補交易紀錄/2022-11-9 帳戶風控01 最高+641.69%.csv",CSV|HTML,rec_8f9c3e1645b9eb7d4371|c_5a5a199f72c1b50e3e7d,False,SAME_MINUTE_TIMES_AND_ECONOMIC_FIELDS,0
dup_dd847966303cf40b,2,"2025/2021-2024/2022/statement (5).html|DREA,補交易紀錄/2022-11-9 帳戶風控01 最高+641.69%.csv",CSV|HTML,rec_0aea067bbaef1c2e7e20|c_f7fd1a9ce8863a622d72,False,SAME_MINUTE_TIMES_AND_ECONOMIC_FIELDS,0
dup_6a00ec60ef0cafd9,2,"2025/2021-2024/2022/statement (5).html|DREA,補交易紀錄/2022-11-9 帳戶風控01 最高+641.69%.csv",CSV|HTML,rec_cd6e26273cc4b3fe75d8|c_e86fb8aa372e8d38595e,False,SAME_MINUTE_TIMES_AND_ECONOMIC_FIELDS,0
dup_afc9588071d94752,2,"2025/2021-2024/2022/statement (5).html|DREA,補交易紀錄/2022-11-9 帳戶風控01 最高+641.69%.csv",CSV|HTML,rec_c6d60bba5a86e14e40ee|c_c2bf01f71a84e4ef1308,False,SAME_MINUTE_TIMES_AND_ECONOMIC_FIELDS,0
dup_6d12606d25635bfe,2,"2025/2021-2024/2022/statement (5).html|DREA,補交易紀錄/2022-11-9 帳戶風控01 最高+641.69%.csv",CSV|HTML,rec_7098b3bdec3064dd9950|c_1594455230cbdda20475,False,SAME_MINUTE_TIMES_AND_ECONOMIC_FIELDS,0
dup_d9d7582c327df7f8,2,"2025/2021-2024/2022/statement (5).html|DREA,補交易紀錄/2022-11-9 帳戶風控01 最高+641.69%.csv",CSV|HTML,rec_da9ab2925823630e51bc|c_2df7dd0e8691ba0a24c5,False,SAME_MINUTE_TIMES_AND_ECONOMIC_FIELDS,0
dup_792517bf2c204d4f,2,"2025/2021-2024/2022/statement (5).html|DREA,補交易紀錄/2022-11-9 帳戶風控01 最高+641.69%.csv",CSV|HTML,rec_7a19f604da0f64e3f9a0|c_5132d87bc56ab239fa5f,False,SAME_MINUTE_TIMES_AND_ECONOMIC_FIELDS,0
dup_86948488efd62896,2,"2025/2021-2024/2022/statement (5).html|DREA,補交易紀錄/2022-11-9 帳戶風控01 最高+641.69%.csv",CSV|HTML,rec_8342319ef80d743ee94e|c_95888d055819a861ce66,False,SAME_MINUTE_TIMES_AND_ECONOMIC_FIELDS,0
dup_e4d0f01623e0b021,2,"2025/2021-2024/2022/statement (6).html|DREA,補交易紀錄/2022-11-28 gold 上排行前3 最高+1,134%.csv",CSV|HTML,rec_8d82f4feba0b8a6016a6|c_556d71e17f40a182af5a,False,SAME_MINUTE_TIMES_AND_ECONOMIC_FIELDS,0
dup_268313c52d8b8741,2,"2025/2021-2024/2022/statement (6).html|DREA,補交易紀錄/2022-11-28 gold 上排行前3 最高+1,134%.csv",CSV|HTML,rec_7e0203e172f3a16d735e|c_1cd0a9fcb8ec71b9ff84,False,SAME_MINUTE_TIMES_AND_ECONOMIC_FIELDS,0
dup_77c14fec826de6b0,2,"2025/2021-2024/2022/statement (6).html|DREA,補交易紀錄/2022-11-28 gold 上排行前3 最高+1,134%.csv",CSV|HTML,rec_246f71d5f189daffdd9a|c_55b0b94231cfd77aa275,False,SAME_MINUTE_TIMES_AND_ECONOMIC_FIELDS,0
dup_278b8aa67b04720a,2,"2025/2021-2024/2022/statement (6).html|DREA,補交易紀錄/2022-11-28 gold 上排行前3 最高+1,134%.csv",CSV|HTML,rec_730b29b515653cc348cb|c_1cad5f5dde5e3f622b23,False,SAME_MINUTE_TIMES_AND_ECONOMIC_FIELDS,0
dup_fc6cd687726ecc94,2,"2025/2021-2024/2022/statement (6).html|DREA,補交易紀錄/2022-11-28 gold 上排行前3 最高+1,134%.csv",CSV|HTML,rec_be3648940b4fee9e8e53|c_a382822db48c0981e5d4,False,SAME_MINUTE_TIMES_AND_ECONOMIC_FIELDS,0
dup_430fd91ec5a5f667,2,"2025/2021-2024/2022/statement (6).html|DREA,補交易紀錄/2022-11-28 gold 上排行前3 最高+1,134%.csv",CSV|HTML,rec_04cebcc241fc0677c700|c_45a50ecde1fc0cef32b6,False,SAME_MINUTE_TIMES_AND_ECONOMIC_FIELDS,0
dup_3dde36f8aa55047b,2,"2025/2021-2024/2022/statement (6).html|DREA,補交易紀錄/2022-11-28 gold 上排行前3 最高+1,134%.csv",CSV|HTML,rec_37f55215411fe419e2d1|c_5a46985a62671d255728,False,SAME_MINUTE_TIMES_AND_ECONOMIC_FIELDS,0
dup_dcfe37804829a4a6,2,"2025/2021-2024/2022/statement (6).html|DREA,補交易紀錄/2022-11-28 gold 上排行前3 最高+1,134%.csv",CSV|HTML,rec_05f81f42dc661e4a6447|c_a1a86a4d73928b096fde,False,SAME_MINUTE_TIMES_AND_ECONOMIC_FIELDS,0
dup_fe9808bc3b061e6a,2,"2025/2021-2024/2022/statement (6).html|DREA,補交易紀錄/2022-11-28 gold 上排行前3 最高+1,134%.csv",CSV|HTML,rec_baed9b4ad881b6596307|c_4fb9c598fb167ec04f10,False,SAME_MINUTE_TIMES_AND_ECONOMIC_FIELDS,0
dup_537769891323a32b,2,"2025/2021-2024/2022/statement (6).html|DREA,補交易紀錄/2022-11-28 gold 上排行前3 最高+1,134%.csv",CSV|HTML,rec_5911830b77297d5468fb|c_79a48656a5ffc00308eb,False,SAME_MINUTE_TIMES_AND_ECONOMIC_FIELDS,0
dup_386b947d43a0e6d3,2,"2025/2021-2024/2022/statement (6).html|DREA,補交易紀錄/2022-11-28 gold 上排行前3 最高+1,134%.csv",CSV|HTML,rec_4d047a5c9e516efc610d|c_d04eeb4019c63f84f81c,False,SAME_MINUTE_TIMES_AND_ECONOMIC_FIELDS,0
dup_327168669e7a8232,2,"2025/2021-2024/2022/statement (6).html|DREA,補交易紀錄/2022-11-28 gold 上排行前3 最高+1,134%.csv",CSV|HTML,rec_b2edbec25e9bfb63c2d6|c_69382cff45183c07eca8,False,SAME_MINUTE_TIMES_AND_ECONOMIC_FIELDS,0
dup_74e886d27d09e5c8,2,"2025/2021-2024/2022/statement (6).html|DREA,補交易紀錄/2022-11-28 gold 上排行前3 最高+1,134%.csv",CSV|HTML,rec_41323bf47a3ea505f314|c_04756333a4ca3bab98c5,False,SAME_MINUTE_TIMES_AND_ECONOMIC_FIELDS,0
dup_5d2406833e43fac0,2,"2025/2021-2024/2022/statement (6).html|DREA,補交易紀錄/2022-11-28 gold 上排行前3 最高+1,134%.csv",CSV|HTML,rec_3e39ea62131812dcd395|c_a04aab37b5f3390d55c9,False,SAME_MINUTE_TIMES_AND_ECONOMIC_FIELDS,0
dup_dc57ce62c5fdf8c7,2,"2025/2021-2024/2022/statement (6).html|DREA,補交易紀錄/2022-11-28 gold 上排行前3 最高+1,134%.csv",CSV|HTML,rec_a644e199473a49b51e4d|c_d783bb5c6ca43a03be81,False,SAME_MINUTE_TIMES_AND_ECONOMIC_FIELDS,0
dup_3b1623d659fb4422,2,"2025/2021-2024/2022/statement (6).html|DREA,補交易紀錄/2022-11-28 gold 上排行前3 最高+1,134%.csv",CSV|HTML,rec_418e57cffdad7e36d24f|c_51417653fe95b3648129,False,SAME_MINUTE_TIMES_AND_ECONOMIC_FIELDS,0
dup_9b33f25fde7b8d03,2,"2025/2021-2024/2022/statement (6).html|DREA,補交易紀錄/2022-11-28 gold 上排行前3 最高+1,134%.csv",CSV|HTML,rec_f0de113e1a2d868c75a9|c_13a6a595d90995f9ed2e,False,SAME_MINUTE_TIMES_AND_ECONOMIC_FIELDS,0
dup_be260631326f8da0,2,"2025/2021-2024/2022/statement (6).html|DREA,補交易紀錄/2022-11-28 gold 上排行前3 最高+1,134%.csv",CSV|HTML,rec_2f763e50bb0811795533|c_baad57485a9f88f1fe58,False,SAME_MINUTE_TIMES_AND_ECONOMIC_FIELDS,0
dup_51adc3347ee27364,2,"2025/2021-2024/2022/statement (6).html|DREA,補交易紀錄/2022-11-28 gold 上排行前3 最高+1,134%.csv",CSV|HTML,rec_919f4b74acde92669726|c_a005d71121bbcc096c44,False,SAME_MINUTE_TIMES_AND_ECONOMIC_FIELDS,0
dup_f2105ec5662d084b,2,"2025/2021-2024/2022/statement (6).html|DREA,補交易紀錄/2022-11-28 gold 上排行前3 最高+1,134%.csv",CSV|HTML,rec_35ae71305b9091ec3e91|c_f63283487e3a183f9be7,False,SAME_MINUTE_TIMES_AND_ECONOMIC_FIELDS,0
dup_4b4604b6624e58af,2,"2025/2021-2024/2022/statement (6).html|DREA,補交易紀錄/2022-11-28 gold 上排行前3 最高+1,134%.csv",CSV|HTML,rec_8e1266d82db5c480a50a|c_1cd0fea01e3fbe07f1f1,False,SAME_MINUTE_TIMES_AND_ECONOMIC_FIELDS,0
dup_92baefd23b58d230,6,"2025/2021-2024/2022/statement (6).html|DREA,補交易紀錄/2022-11-28 gold 上排行前3 最高+1,134%.csv",CSV|HTML,rec_7ecfe114f0853b4a0f96|rec_26534714d8ba70bf6d47|rec_e46ac8382223e95be939|c_0d924f1c87d82be1d4ab|c_50735d8b02e7169fd433|c_951d9b4170cbbe427493,False,SAME_MINUTE_TIMES_AND_ECONOMIC_FIELDS,0
dup_87b42b2e4161a70e,2,"2025/2021-2024/2022/statement (6).html|DREA,補交易紀錄/2022-11-28 gold 上排行前3 最高+1,134%.csv",CSV|HTML,rec_8a72ce45341ddb87cda7|c_310e7060f6da1eccdb3f,False,SAME_MINUTE_TIMES_AND_ECONOMIC_FIELDS,0
dup_d9b1478df1155a3d,2,"2025/2021-2024/2022/statement (6).html|DREA,補交易紀錄/2022-11-28 gold 上排行前3 最高+1,134%.csv",CSV|HTML,rec_30b7524c16ca55841b45|c_35350fd3ce1386672450,False,SAME_MINUTE_TIMES_AND_ECONOMIC_FIELDS,0
dup_cb3f3e62c5fdfd22,2,"2025/2021-2024/2022/statement (6).html|DREA,補交易紀錄/2022-11-28 gold 上排行前3 最高+1,134%.csv",CSV|HTML,rec_c6d192c6b91bbcbde8a5|c_3389c7dc0f07f0966518,False,SAME_MINUTE_TIMES_AND_ECONOMIC_FIELDS,0
dup_b0da01d83440f42a,2,"2025/2021-2024/2022/statement (6).html|DREA,補交易紀錄/2022-11-28 gold 上排行前3 最高+1,134%.csv",CSV|HTML,rec_0f9a83aa372ba19803cf|c_b30a5e177c20581124a9,False,SAME_MINUTE_TIMES_AND_ECONOMIC_FIELDS,0
dup_07cd6ab882005ab4,2,"2025/2021-2024/2022/statement (6).html|DREA,補交易紀錄/2022-11-28 gold 上排行前3 最高+1,134%.csv",CSV|HTML,rec_71c879bdc11af39ba27c|c_44b5ac480e4c27b44cd1,False,SAME_MINUTE_TIMES_AND_ECONOMIC_FIELDS,0
dup_f36284176b6e9c8f,2,"2025/2021-2024/2022/statement (6).html|DREA,補交易紀錄/2022-11-28 gold 上排行前3 最高+1,134%.csv",CSV|HTML,rec_41488f801041a1a3f789|c_515cf5a8798cae457458,False,SAME_MINUTE_TIMES_AND_ECONOMIC_FIELDS,0
dup_03cb92c87b6f6677,2,"2025/2021-2024/2022/statement (6).html|DREA,補交易紀錄/2022-11-28 gold 上排行前3 最高+1,134%.csv",CSV|HTML,rec_feff3c5f997bd5433ba9|c_cf1692e1295e4e6113e4,False,SAME_MINUTE_TIMES_AND_ECONOMIC_FIELDS,0
dup_94ad31cc166099c6,2,"2025/2021-2024/2022/statement (6).html|DREA,補交易紀錄/2022-11-28 gold 上排行前3 最高+1,134%.csv",CSV|HTML,rec_8cede2d7201b36d525cb|c_4e48a3f68d0f1cdceeb2,False,SAME_MINUTE_TIMES_AND_ECONOMIC_FIELDS,0
dup_234f57b46ae7c6d1,2,"2025/2021-2024/2022/statement (6).html|DREA,補交易紀錄/2022-11-28 gold 上排行前3 最高+1,134%.csv",CSV|HTML,rec_d1b3ff319d62cebf82d9|c_d3a126ce7c1a7118eac1,False,SAME_MINUTE_TIMES_AND_ECONOMIC_FIELDS,0
dup_d8610034dcc24370,2,"2025/2021-2024/2022/statement (6).html|DREA,補交易紀錄/2022-11-28 gold 上排行前3 最高+1,134%.csv",CSV|HTML,rec_8a915301970d79ad17c5|c_a2999103420d36f3dad1,False,SAME_MINUTE_TIMES_AND_ECONOMIC_FIELDS,0
dup_11cca4cf97ac1380,2,"2025/2021-2024/2022/statement (6).html|DREA,補交易紀錄/2022-11-28 gold 上排行前3 最高+1,134%.csv",CSV|HTML,rec_b841c0aa78ec9d0768a1|c_701dbf6ccf8d424fd03b,False,SAME_MINUTE_TIMES_AND_ECONOMIC_FIELDS,0
dup_7e5905a5e3eaa748,2,"2025/2021-2024/2022/statement (6).html|DREA,補交易紀錄/2022-11-28 gold 上排行前3 最高+1,134%.csv",CSV|HTML,rec_03103a442e4a84b75449|c_a516be989d5351036754,False,SAME_MINUTE_TIMES_AND_ECONOMIC_FIELDS,0
dup_29b6708e0b9de610,2,"2025/2021-2024/2022/statement (6).html|DREA,補交易紀錄/2022-11-28 gold 上排行前3 最高+1,134%.csv",CSV|HTML,rec_fad376c7e8604c2add83|c_24216f97b087170fb5b5,False,SAME_MINUTE_TIMES_AND_ECONOMIC_FIELDS,0
dup_430345eff2a4ca21,2,"2025/2021-2024/2022/statement (6).html|DREA,補交易紀錄/2022-11-28 gold 上排行前3 最高+1,134%.csv",CSV|HTML,rec_65bd10eaeea8ee6d36ab|c_8e2a0ca0c4431eeb6430,False,SAME_MINUTE_TIMES_AND_ECONOMIC_FIELDS,0
dup_d3bb92239c71fba2,2,"2025/2021-2024/2022/statement (6).html|DREA,補交易紀錄/2022-11-28 gold 上排行前3 最高+1,134%.csv",CSV|HTML,rec_b9ed9ab5e8b230ac031f|c_03fbcf1292cda17898dd,False,SAME_MINUTE_TIMES_AND_ECONOMIC_FIELDS,0
dup_e668e31c43537b3c,2,"2025/2021-2024/2023/statement (3).html|DREA,補交易紀錄/2023-01-03 帳戶風控1029 最高+387%.csv",CSV|HTML,rec_df4d68b91df1fd4d3317|c_8a0b81ec99dd39244efe,False,SAME_MINUTE_TIMES_AND_ECONOMIC_FIELDS,0
dup_92ac685e76d28ee7,2,"2025/2021-2024/2023/statement (3).html|DREA,補交易紀錄/2023-01-03 帳戶風控1029 最高+387%.csv",CSV|HTML,rec_5df4a8e2b539a4d22177|c_814adc595331fdec96bb,False,SAME_MINUTE_TIMES_AND_ECONOMIC_FIELDS,0
dup_9f9bdbcbb0b0cb9d,2,"2025/2021-2024/2023/statement (3).html|DREA,補交易紀錄/2023-01-03 帳戶風控1029 最高+387%.csv",CSV|HTML,rec_a03ddb72fd5e476da00f|c_53485fc78f6377b18fed,False,SAME_MINUTE_TIMES_AND_ECONOMIC_FIELDS,0
dup_76d69321d5da6967,2,"2025/2021-2024/2023/statement (3).html|DREA,補交易紀錄/2023-01-03 帳戶風控1029 最高+387%.csv",CSV|HTML,rec_e9599e1f7c2b8a7a5249|c_763315aa606cea38b7a8,False,SAME_MINUTE_TIMES_AND_ECONOMIC_FIELDS,0
dup_2354ac32d0eea6a7,2,"2025/2021-2024/2023/statement (3).html|DREA,補交易紀錄/2023-01-03 帳戶風控1029 最高+387%.csv",CSV|HTML,rec_637722c77f21f727a7b9|c_4a8be222f24df784fab0,False,SAME_MINUTE_TIMES_AND_ECONOMIC_FIELDS,0
dup_113be49ef2dccb55,2,"2025/2021-2024/2023/statement (3).html|DREA,補交易紀錄/2023-01-03 帳戶風控1029 最高+387%.csv",CSV|HTML,rec_a2fbed654f5b5ee8e223|c_5c7e147b317187bfe02d,False,SAME_MINUTE_TIMES_AND_ECONOMIC_FIELDS,0
dup_3b81fee68a68e3f5,2,"2025/2021-2024/2023/statement (3).html|DREA,補交易紀錄/2023-01-03 帳戶風控1029 最高+387%.csv",CSV|HTML,rec_285d0cf72841175804b8|c_761ec9de3f36c302a41e,False,SAME_MINUTE_TIMES_AND_ECONOMIC_FIELDS,0
dup_0b30bc7dbca43f9a,2,"2025/2021-2024/2023/statement (3).html|DREA,補交易紀錄/2023-01-03 帳戶風控1029 最高+387%.csv",CSV|HTML,rec_fb366986799057bc2f9a|c_0008d91186029fba22d0,False,SAME_MINUTE_TIMES_AND_ECONOMIC_FIELDS,0
dup_c062be3d0deb3add,2,"2025/2021-2024/2023/statement (3).html|DREA,補交易紀錄/2023-01-03 帳戶風控1029 最高+387%.csv",CSV|HTML,rec_e004b307d5bc09a6fd3c|c_38fc8985b26ea2f18ddd,False,SAME_MINUTE_TIMES_AND_ECONOMIC_FIELDS,0
dup_d2a6f6aae85de555,2,"2025/2021-2024/2023/statement (3).html|DREA,補交易紀錄/2023-01-03 帳戶風控1029 最高+387%.csv",CSV|HTML,rec_8199430d210458fbea0d|c_4b0cf1332e048bc75794,False,SAME_MINUTE_TIMES_AND_ECONOMIC_FIELDS,0
dup_423eb7a14e2b9a7d,2,"2025/2021-2024/2023/statement (3).html|DREA,補交易紀錄/2023-01-03 帳戶風控1029 最高+387%.csv",CSV|HTML,rec_28622ce81d461d6bbcb6|c_d59022f0cebb5a4b3c46,False,SAME_MINUTE_TIMES_AND_ECONOMIC_FIELDS,0
dup_4d1987c40586eec6,2,"2025/2021-2024/2023/statement (3).html|DREA,補交易紀錄/2023-01-03 帳戶風控1029 最高+387%.csv",CSV|HTML,rec_0d5427c9adc5b047528d|c_513c3bdcd52cd417b1c3,False,SAME_MINUTE_TIMES_AND_ECONOMIC_FIELDS,0
dup_9365d3fb59384a6e,2,"2025/2021-2024/2023/statement (3).html|DREA,補交易紀錄/2023-01-03 帳戶風控1029 最高+387%.csv",CSV|HTML,rec_9a346723506b77591991|c_417f6b83a262c0094a6d,False,SAME_MINUTE_TIMES_AND_ECONOMIC_FIELDS,0
dup_dc1e131e4bf18d23,2,"2025/2021-2024/2023/statement (3).html|DREA,補交易紀錄/2023-01-03 帳戶風控1029 最高+387%.csv",CSV|HTML,rec_c971bb521ad53114e306|c_cae2e715a2aab84a05cd,False,SAME_MINUTE_TIMES_AND_ECONOMIC_FIELDS,0
dup_438d236a7fe8e715,2,"2025/2021-2024/2023/statement (3).html|DREA,補交易紀錄/2023-01-03 帳戶風控1029 最高+387%.csv",CSV|HTML,rec_007f87f1e6cf59545be6|c_a4f159a261989f2ffe26,False,SAME_MINUTE_TIMES_AND_ECONOMIC_FIELDS,0
dup_5f560eea0ad54687,2,"2025/2021-2024/2023/statement (3).html|DREA,補交易紀錄/2023-01-03 帳戶風控1029 最高+387%.csv",CSV|HTML,rec_39f78434d19c6b734459|c_a7c3894f1e25aeba07d3,False,SAME_MINUTE_TIMES_AND_ECONOMIC_FIELDS,0
dup_d6d7fdf47064b734,2,"2025/2021-2024/2023/statement (3).html|DREA,補交易紀錄/2023-01-03 帳戶風控1029 最高+387%.csv",CSV|HTML,rec_7d5a9bf98a42e364f5ac|c_0ce0b401a499ee85e144,False,SAME_MINUTE_TIMES_AND_ECONOMIC_FIELDS,0
dup_1e5c965e336c485e,2,"2025/2021-2024/2023/statement (3).html|DREA,補交易紀錄/2023-01-03 帳戶風控1029 最高+387%.csv",CSV|HTML,rec_e70338487e1e833485b7|c_29af6fb7bef89a6e0ef5,False,SAME_MINUTE_TIMES_AND_ECONOMIC_FIELDS,0
dup_ee7ae31b52f2ec0b,2,"2025/2021-2024/2023/statement (3).html|DREA,補交易紀錄/2023-01-03 帳戶風控1029 最高+387%.csv",CSV|HTML,rec_29ef594fe4b6fefb9ae7|c_78f30e135a4242ebbd82,False,SAME_MINUTE_TIMES_AND_ECONOMIC_FIELDS,0
dup_55fd05d11c9d78e8,2,"2025/2021-2024/2023/statement (3).html|DREA,補交易紀錄/2023-01-03 帳戶風控1029 最高+387%.csv",CSV|HTML,rec_ab7e302f5e8c3e9df943|c_4cba7b2066eb714cddae,False,SAME_MINUTE_TIMES_AND_ECONOMIC_FIELDS,0
dup_6cfcd2e5db5629fd,2,"2025/2021-2024/2023/statement (3).html|DREA,補交易紀錄/2023-01-03 帳戶風控1029 最高+387%.csv",CSV|HTML,rec_b107498dbfac47438bee|c_ac979fbdc7635704504a,False,SAME_MINUTE_TIMES_AND_ECONOMIC_FIELDS,0
dup_a6604f00d7fd998b,2,"2025/2021-2024/2023/statement (3).html|DREA,補交易紀錄/2023-01-03 帳戶風控1029 最高+387%.csv",CSV|HTML,rec_3d582cee60862486a459|c_ee5567048f60469fdfed,False,SAME_MINUTE_TIMES_AND_ECONOMIC_FIELDS,0
dup_14f43429efa39cd3,2,"2025/2021-2024/2023/statement (3).html|DREA,補交易紀錄/2023-01-03 帳戶風控1029 最高+387%.csv",CSV|HTML,rec_22164f3aca215eff6e9a|c_2b9ffcfcbe97460fadd6,False,SAME_MINUTE_TIMES_AND_ECONOMIC_FIELDS,0
dup_05df17709bb96f68,2,"2025/2021-2024/2023/statement (3).html|DREA,補交易紀錄/2023-01-03 帳戶風控1029 最高+387%.csv",CSV|HTML,rec_89200896ba23452f8e58|c_662a6cfaaba67ce6ca1f,False,SAME_MINUTE_TIMES_AND_ECONOMIC_FIELDS,0
dup_3c5cbb298f774c64,2,"2025/2021-2024/2023/statement (3).html|DREA,補交易紀錄/2023-01-03 帳戶風控1029 最高+387%.csv",CSV|HTML,rec_428a48087febea649e07|c_5acd15546e5a21304421,False,SAME_MINUTE_TIMES_AND_ECONOMIC_FIELDS,0
dup_05d99dc06ebd4b97,2,"2025/2021-2024/2023/statement (3).html|DREA,補交易紀錄/2023-01-03 帳戶風控1029 最高+387%.csv",CSV|HTML,rec_818c95facf3b3efb358d|c_0efc512a5b68b451d982,False,SAME_MINUTE_TIMES_AND_ECONOMIC_FIELDS,0
dup_704a067b83828f81,2,"2025/2021-2024/2023/statement (3).html|DREA,補交易紀錄/2023-01-03 帳戶風控1029 最高+387%.csv",CSV|HTML,rec_b8f07a6eb8617714c3a5|c_1107547ec2b3ba40e947,False,SAME_MINUTE_TIMES_AND_ECONOMIC_FIELDS,0
dup_bbdad47ecab3b3d2,2,"2025/2021-2024/2023/statement (3).html|DREA,補交易紀錄/2023-01-03 帳戶風控1029 最高+387%.csv",CSV|HTML,rec_58c403911389047aad15|c_4339d84d9283a2da740f,False,SAME_MINUTE_TIMES_AND_ECONOMIC_FIELDS,0
dup_be1ece82c0fa6a13,2,"2025/2021-2024/2023/statement (3).html|DREA,補交易紀錄/2023-01-03 帳戶風控1029 最高+387%.csv",CSV|HTML,rec_8445a1923784d51521b0|c_ef2d6709d84c77f4ca31,False,SAME_MINUTE_TIMES_AND_ECONOMIC_FIELDS,0
dup_26ebbec7e82a5abf,2,"2025/2021-2024/2023/statement (3).html|DREA,補交易紀錄/2023-01-03 帳戶風控1029 最高+387%.csv",CSV|HTML,rec_7e3209e8ae9d46ba23e3|c_e1c19e6f7cde86f96c3a,False,SAME_MINUTE_TIMES_AND_ECONOMIC_FIELDS,0
dup_fd37828cf916efa4,2,"2025/2021-2024/2023/statement (3).html|DREA,補交易紀錄/2023-01-03 帳戶風控1029 最高+387%.csv",CSV|HTML,rec_b0cff6325f19e7d1acda|c_b7524ee416cb74eeb9a7,False,SAME_MINUTE_TIMES_AND_ECONOMIC_FIELDS,0
dup_94b2f225bb31e6ed,2,"2025/2021-2024/2023/statement (3).html|DREA,補交易紀錄/2023-01-03 帳戶風控1029 最高+387%.csv",CSV|HTML,rec_71f54dd531ea329c03e1|c_7f746cf356f74c9f70da,False,SAME_MINUTE_TIMES_AND_ECONOMIC_FIELDS,0
dup_8f9b7a39a435bb19,2,"2025/2021-2024/2023/statement (3).html|DREA,補交易紀錄/2023-01-03 帳戶風控1029 最高+387%.csv",CSV|HTML,rec_b76af37f024469185a4d|c_45209f4365fbfb66e746,False,SAME_MINUTE_TIMES_AND_ECONOMIC_FIELDS,0
dup_678afe0d9ea0d461,2,"2025/2021-2024/2023/statement (3).html|DREA,補交易紀錄/2023-01-03 帳戶風控1029 最高+387%.csv",CSV|HTML,rec_00a6426a2fa485513a03|c_b5bf5cd903317b451ecc,False,SAME_MINUTE_TIMES_AND_ECONOMIC_FIELDS,0
dup_0db0fdef754587bb,2,"2025/2021-2024/2023/statement (3).html|DREA,補交易紀錄/2023-01-03 帳戶風控1029 最高+387%.csv",CSV|HTML,rec_075297ba81c8731ffde7|c_2e1e6b1a180ed2032387,False,SAME_MINUTE_TIMES_AND_ECONOMIC_FIELDS,0
dup_c1243fb4629bee1e,2,"2025/2021-2024/2023/statement (3).html|DREA,補交易紀錄/2023-01-03 帳戶風控1029 最高+387%.csv",CSV|HTML,rec_bb7e413bc08e7b8f15af|c_548624d9ab3184a6e19c,False,SAME_MINUTE_TIMES_AND_ECONOMIC_FIELDS,0
dup_f77b633550a08906,2,"2025/2021-2024/2023/statement (3).html|DREA,補交易紀錄/2023-01-03 帳戶風控1029 最高+387%.csv",CSV|HTML,rec_7a80091f822c3b27d249|c_1c2f130cc1a3e57fa2a5,False,SAME_MINUTE_TIMES_AND_ECONOMIC_FIELDS,0
dup_6e7a5eca5fde637a,2,"2025/2021-2024/2023/statement (3).html|DREA,補交易紀錄/2023-01-03 帳戶風控1029 最高+387%.csv",CSV|HTML,rec_a95f869288e7e70032a4|c_7407350739beedb64959,False,SAME_MINUTE_TIMES_AND_ECONOMIC_FIELDS,0
dup_a5ac76226fe9a09a,2,"2025/2021-2024/2023/statement (3).html|DREA,補交易紀錄/2023-01-03 帳戶風控1029 最高+387%.csv",CSV|HTML,rec_1419444d8c080671fd02|c_8755cc170fe319bbc4a5,False,SAME_MINUTE_TIMES_AND_ECONOMIC_FIELDS,0
dup_395182357506fe7e,2,"2025/2021-2024/2023/statement (3).html|DREA,補交易紀錄/2023-01-03 帳戶風控1029 最高+387%.csv",CSV|HTML,rec_902ed1485854397e8450|c_d377c0cf2b694186debc,False,SAME_MINUTE_TIMES_AND_ECONOMIC_FIELDS,0
dup_8ec99a2678f57895,2,"2025/2021-2024/2023/statement (3).html|DREA,補交易紀錄/2023-01-03 帳戶風控1029 最高+387%.csv",CSV|HTML,rec_e211eae2549152dc0aed|c_f0c6bff7bd00d4fa1f49,False,SAME_MINUTE_TIMES_AND_ECONOMIC_FIELDS,0
dup_e99a9189ce19292d,2,"2025/2021-2024/2023/statement (3).html|DREA,補交易紀錄/2023-01-03 帳戶風控1029 最高+387%.csv",CSV|HTML,rec_8d0216d155d29e23c6d7|c_2957689e9182463a53d0,False,SAME_MINUTE_TIMES_AND_ECONOMIC_FIELDS,0
dup_d1addd8c4bb342f3,2,"2025/2021-2024/2023/statement (3).html|DREA,補交易紀錄/2023-01-03 帳戶風控1029 最高+387%.csv",CSV|HTML,rec_d97405f9c332a9a7b190|c_8977432d002abc362a27,False,SAME_MINUTE_TIMES_AND_ECONOMIC_FIELDS,0
dup_1540f917e3073cf4,2,"2025/2021-2024/2023/statement (3).html|DREA,補交易紀錄/2023-01-03 帳戶風控1029 最高+387%.csv",CSV|HTML,rec_2db04703d70b465e1eb2|c_374bfa840009b521fd14,False,SAME_MINUTE_TIMES_AND_ECONOMIC_FIELDS,0
dup_5f87e7a00bd32fe1,2,"2025/2021-2024/2023/statement (3).html|DREA,補交易紀錄/2023-01-03 帳戶風控1029 最高+387%.csv",CSV|HTML,rec_a84117e9108ca1656c65|c_1fb1a039af7841e6735a,False,SAME_MINUTE_TIMES_AND_ECONOMIC_FIELDS,0
dup_84cde29b4cf3a678,2,"2025/2021-2024/2023/statement (3).html|DREA,補交易紀錄/2023-01-03 帳戶風控1029 最高+387%.csv",CSV|HTML,rec_8cf2860d402e11edcced|c_9f1aea1a18284637022d,False,SAME_MINUTE_TIMES_AND_ECONOMIC_FIELDS,0
dup_c1556bd2e224bac9,2,"2025/2021-2024/2023/statement (3).html|DREA,補交易紀錄/2023-01-03 帳戶風控1029 最高+387%.csv",CSV|HTML,rec_eda1a164502fd1cd5177|c_742b9b841840ada34c96,False,SAME_MINUTE_TIMES_AND_ECONOMIC_FIELDS,0
dup_840f13493df8a3e2,2,"2025/2021-2024/2023/statement (3).html|DREA,補交易紀錄/2023-01-03 帳戶風控1029 最高+387%.csv",CSV|HTML,rec_7227ebcfe708d8b3af92|c_59a9084fcd9f0508895b,False,SAME_MINUTE_TIMES_AND_ECONOMIC_FIELDS,0
dup_18c8fe4e810c47f2,2,"2025/2021-2024/2023/statement (3).html|DREA,補交易紀錄/2023-01-03 帳戶風控1029 最高+387%.csv",CSV|HTML,rec_90b331090d4240c8a712|c_137d0aeb64c8cbdb8f26,False,SAME_MINUTE_TIMES_AND_ECONOMIC_FIELDS,0
dup_bf230e1b34951536,2,"2025/2021-2024/2023/statement (3).html|DREA,補交易紀錄/2023-01-03 帳戶風控1029 最高+387%.csv",CSV|HTML,rec_f468e7e3af29e263e45a|c_967ac44a4dcfc6115cad,False,SAME_MINUTE_TIMES_AND_ECONOMIC_FIELDS,0
dup_4895669a5873420d,2,"2025/2021-2024/2023/statement (3).html|DREA,補交易紀錄/2023-01-03 帳戶風控1029 最高+387%.csv",CSV|HTML,rec_631f948793084a267f09|c_6b85560b8df9af567ef3,False,SAME_MINUTE_TIMES_AND_ECONOMIC_FIELDS,0
dup_512bb52a326dff10,2,"2025/2021-2024/2023/statement (3).html|DREA,補交易紀錄/2023-01-03 帳戶風控1029 最高+387%.csv",CSV|HTML,rec_285dc34d57fbc82c7bfc|c_44e04b65b19bb4564f8c,False,SAME_MINUTE_TIMES_AND_ECONOMIC_FIELDS,0
dup_569b6d9d8e77cf46,2,"2025/2021-2024/2023/statement (3).html|DREA,補交易紀錄/2023-01-03 帳戶風控1029 最高+387%.csv",CSV|HTML,rec_6ed4b2bb6b608382a5f9|c_68195309a12d54e90d0e,False,SAME_MINUTE_TIMES_AND_ECONOMIC_FIELDS,0
dup_29691f74d3b1458a,2,"2025/2021-2024/2023/statement (3).html|DREA,補交易紀錄/2023-01-03 帳戶風控1029 最高+387%.csv",CSV|HTML,rec_5d43b698ad91c434eb3c|c_7f8f6b8b3775923e9ffb,False,SAME_MINUTE_TIMES_AND_ECONOMIC_FIELDS,0
dup_6d230f0106e31c21,2,"2025/2021-2024/2023/statement (3).html|DREA,補交易紀錄/2023-01-03 帳戶風控1029 最高+387%.csv",CSV|HTML,rec_75987a0908263777292a|c_df98fd83d33aa99a0f98,False,SAME_MINUTE_TIMES_AND_ECONOMIC_FIELDS,0
dup_f4ff3229640c3bb5,2,"2025/2021-2024/2023/statement (3).html|DREA,補交易紀錄/2023-01-03 帳戶風控1029 最高+387%.csv",CSV|HTML,rec_44639715e11bc0dd48c9|c_86eab0db43b95358ec75,False,SAME_MINUTE_TIMES_AND_ECONOMIC_FIELDS,0
dup_643a09ef9a9cd651,2,"2025/2021-2024/2023/statement (3).html|DREA,補交易紀錄/2023-01-03 帳戶風控1029 最高+387%.csv",CSV|HTML,rec_c3a9d8939400e33f1d37|c_c097777a2a0365ddfce7,False,SAME_MINUTE_TIMES_AND_ECONOMIC_FIELDS,0
dup_c9d09bd6dd65c28f,2,"2025/2021-2024/2023/statement (3).html|DREA,補交易紀錄/2023-01-03 帳戶風控1029 最高+387%.csv",CSV|HTML,rec_64ae1eef6029ad2a2973|c_341f08e2cd3f01430b1e,False,SAME_MINUTE_TIMES_AND_ECONOMIC_FIELDS,0
dup_d142df0c662a8986,2,"2025/2021-2024/2023/statement (3).html|DREA,補交易紀錄/2023-01-03 帳戶風控1029 最高+387%.csv",CSV|HTML,rec_0d8608b854cfd8bf2b03|c_539df9f3e3de4a3bd056,False,SAME_MINUTE_TIMES_AND_ECONOMIC_FIELDS,0
dup_516742d39382e094,2,"2025/2021-2024/2023/statement (4).html|DREA,補交易紀錄/2023-01-13 帳戶風控7667 最高+53%.csv",CSV|HTML,rec_573b00b82bf5272b6aa4|c_2db98332fc43c639c654,False,SAME_MINUTE_TIMES_AND_ECONOMIC_FIELDS,0
dup_91f3d76cc66b8179,2,"2025/2021-2024/2023/statement (4).html|DREA,補交易紀錄/2023-01-13 帳戶風控7667 最高+53%.csv",CSV|HTML,rec_1d06e04f3ba7b1205681|c_7abbaeb7d1afd0a8b7c0,False,SAME_MINUTE_TIMES_AND_ECONOMIC_FIELDS,0
dup_05c2dc679b4e1991,2,"2025/2021-2024/2023/statement (4).html|DREA,補交易紀錄/2023-01-13 帳戶風控7667 最高+53%.csv",CSV|HTML,rec_a9c9728b8c96246a334c|c_bace5f08cea4907de27d,False,SAME_MINUTE_TIMES_AND_ECONOMIC_FIELDS,0
dup_682c9d1cea3e4049,2,"2025/2021-2024/2023/statement (4).html|DREA,補交易紀錄/2023-01-13 帳戶風控7667 最高+53%.csv",CSV|HTML,rec_fc2b82d47fe8ceee6c5b|c_780b60ececedc57b41b9,False,SAME_MINUTE_TIMES_AND_ECONOMIC_FIELDS,0
dup_64eb510db8a89c66,2,"2025/2021-2024/2023/statement (4).html|DREA,補交易紀錄/2023-01-13 帳戶風控7667 最高+53%.csv",CSV|HTML,rec_33b2744c7fc2410ad4a5|c_423074bd4a4dd4a33c7e,False,SAME_MINUTE_TIMES_AND_ECONOMIC_FIELDS,0
dup_e756b685748c3c11,2,"2025/2021-2024/2023/statement (4).html|DREA,補交易紀錄/2023-01-13 帳戶風控7667 最高+53%.csv",CSV|HTML,rec_c06d12cdea23bb0feeb9|c_8a8c53ef71329d234570,False,SAME_MINUTE_TIMES_AND_ECONOMIC_FIELDS,0
dup_0f1afc60fa6b96c4,2,"2025/2021-2024/2023/statement (4).html|DREA,補交易紀錄/2023-01-13 帳戶風控7667 最高+53%.csv",CSV|HTML,rec_8e31304d397e06271136|c_63504fa7d509ef7f25b4,False,SAME_MINUTE_TIMES_AND_ECONOMIC_FIELDS,0
dup_9d836fdcaca78159,2,"2025/2021-2024/2023/statement (4).html|DREA,補交易紀錄/2023-01-13 帳戶風控7667 最高+53%.csv",CSV|HTML,rec_6961077668802303b16b|c_f5d1868def807f48ace2,False,SAME_MINUTE_TIMES_AND_ECONOMIC_FIELDS,0
dup_7c73cb7db0243c24,2,"2025/2021-2024/2023/statement (4).html|DREA,補交易紀錄/2023-01-13 帳戶風控7667 最高+53%.csv",CSV|HTML,rec_ba2ab1d1dc3b939e9da3|c_43d4e1a30ca7f0ad478a,False,SAME_MINUTE_TIMES_AND_ECONOMIC_FIELDS,0
dup_85feeedcd271d153,2,"2025/2021-2024/2023/statement (4).html|DREA,補交易紀錄/2023-01-13 帳戶風控7667 最高+53%.csv",CSV|HTML,rec_511d68560037bbbfaa18|c_40e8b7c93eeb303f04a1,False,SAME_MINUTE_TIMES_AND_ECONOMIC_FIELDS,0
dup_af06919abbd21d19,2,"2025/2021-2024/2023/statement (4).html|DREA,補交易紀錄/2023-01-13 帳戶風控7667 最高+53%.csv",CSV|HTML,rec_e5b1013571a4605c00b2|c_b8fd36f230513b96cbc1,False,SAME_MINUTE_TIMES_AND_ECONOMIC_FIELDS,0
dup_85703439f7d797de,2,"2025/2021-2024/2023/statement (4).html|DREA,補交易紀錄/2023-01-13 帳戶風控7667 最高+53%.csv",CSV|HTML,rec_e857694867839683c050|c_9b32d80c6ac1bf6c48a9,False,SAME_MINUTE_TIMES_AND_ECONOMIC_FIELDS,0
dup_5429b4613d60ede0,2,"2025/2021-2024/2023/statement (4).html|DREA,補交易紀錄/2023-01-13 帳戶風控7667 最高+53%.csv",CSV|HTML,rec_e57daf024c40711cf302|c_852ba65bc9bcc97793cd,False,SAME_MINUTE_TIMES_AND_ECONOMIC_FIELDS,0
dup_d2e598bfee4bbac6,2,"2025/2021-2024/2023/statement (4).html|DREA,補交易紀錄/2023-01-13 帳戶風控7667 最高+53%.csv",CSV|HTML,rec_44c7961a57322100e604|c_bcbdf3af62ed5a390fae,False,SAME_MINUTE_TIMES_AND_ECONOMIC_FIELDS,0
dup_6e913067a9f6aaa2,2,"2025/2021-2024/2023/statement (4).html|DREA,補交易紀錄/2023-01-13 帳戶風控7667 最高+53%.csv",CSV|HTML,rec_7a4b6730c6ac6100269b|c_fc2b3eff5414a717a182,False,SAME_MINUTE_TIMES_AND_ECONOMIC_FIELDS,0
dup_03f25fa872246462,2,"2025/2021-2024/2023/statement (4).html|DREA,補交易紀錄/2023-01-13 帳戶風控7667 最高+53%.csv",CSV|HTML,rec_7e8af9f27705e6e018b9|c_2d230e71ddd6d7022c4b,False,SAME_MINUTE_TIMES_AND_ECONOMIC_FIELDS,0
dup_eaf105b43d979581,2,"2025/2021-2024/2023/statement (4).html|DREA,補交易紀錄/2023-01-13 帳戶風控7667 最高+53%.csv",CSV|HTML,rec_029d04370cd437dc8ef5|c_406bbec5ebeca4404b77,False,SAME_MINUTE_TIMES_AND_ECONOMIC_FIELDS,0
dup_7ea11a237349530f,2,"2025/2021-2024/2023/statement (4).html|DREA,補交易紀錄/2023-01-13 帳戶風控7667 最高+53%.csv",CSV|HTML,rec_8f49a6a3f1335556ebb8|c_8f0fe1c9156279711e58,False,SAME_MINUTE_TIMES_AND_ECONOMIC_FIELDS,0
dup_a73f2795d1028bfb,2,"2025/2021-2024/2023/statement (4).html|DREA,補交易紀錄/2023-01-13 帳戶風控7667 最高+53%.csv",CSV|HTML,rec_3b7aec19d31a65185fb5|c_4362a8c9c49fdf49c778,False,SAME_MINUTE_TIMES_AND_ECONOMIC_FIELDS,0
dup_846931b3b06611a4,2,"2025/2021-2024/2023/statement (4).html|DREA,補交易紀錄/2023-01-13 帳戶風控7667 最高+53%.csv",CSV|HTML,rec_b42026cb23205d215da8|c_570244f121232944c5f5,False,SAME_MINUTE_TIMES_AND_ECONOMIC_FIELDS,0
dup_3c5cba9ed7272728,2,"2025/2021-2024/2023/statement (4).html|DREA,補交易紀錄/2023-01-13 帳戶風控7667 最高+53%.csv",CSV|HTML,rec_ed862d6d3a5e2565c1ca|c_13f7241d992d8ad67863,False,SAME_MINUTE_TIMES_AND_ECONOMIC_FIELDS,0
dup_146a50f575ec104e,2,"2025/2021-2024/2023/statement (4).html|DREA,補交易紀錄/2023-01-13 帳戶風控7667 最高+53%.csv",CSV|HTML,rec_490987200bed3ff9644a|c_0f1da0e97a12f6f8cedf,False,SAME_MINUTE_TIMES_AND_ECONOMIC_FIELDS,0
dup_0e6a53bbd33c6d8e,2,"2025/2021-2024/2023/statement (4).html|DREA,補交易紀錄/2023-01-13 帳戶風控7667 最高+53%.csv",CSV|HTML,rec_99a63a0205c4c710f1c1|c_dc99fa0873be070bbed4,False,SAME_MINUTE_TIMES_AND_ECONOMIC_FIELDS,0
dup_01eba8ed3befb457,2,"2025/2021-2024/2023/statement (4).html|DREA,補交易紀錄/2023-01-13 帳戶風控7667 最高+53%.csv",CSV|HTML,rec_3dc5a694a8896ea21190|c_021a5bb1f69ac148384b,False,SAME_MINUTE_TIMES_AND_ECONOMIC_FIELDS,0
dup_2bf68d90725ec3c1,2,"2025/2021-2024/2023/statement (4).html|DREA,補交易紀錄/2023-01-13 帳戶風控7667 最高+53%.csv",CSV|HTML,rec_33b352b665a85a9d28ea|c_1399fa5d046945295a82,False,SAME_MINUTE_TIMES_AND_ECONOMIC_FIELDS,0
dup_9c858593b1f6f597,2,"2025/2021-2024/2023/statement (4).html|DREA,補交易紀錄/2023-01-13 帳戶風控7667 最高+53%.csv",CSV|HTML,rec_f12e586af4a8050a3116|c_d99417daef9cef7d6fae,False,SAME_MINUTE_TIMES_AND_ECONOMIC_FIELDS,0
dup_2269eb3ddd84221c,2,"2025/2021-2024/2023/statement (4).html|DREA,補交易紀錄/2023-01-13 帳戶風控7667 最高+53%.csv",CSV|HTML,rec_7194a1b54c6186854643|c_926bbdd94e64468fed36,False,SAME_MINUTE_TIMES_AND_ECONOMIC_FIELDS,0
dup_35147dc8d70f4a5d,2,"2025/2021-2024/2023/statement (4).html|DREA,補交易紀錄/2023-01-13 帳戶風控7667 最高+53%.csv",CSV|HTML,rec_de7719bc61e8c1821a8f|c_68bfb4ed60e504915ebd,False,SAME_MINUTE_TIMES_AND_ECONOMIC_FIELDS,0
dup_91db8d168a92e7a9,2,"2025/2021-2024/2023/statement (4).html|DREA,補交易紀錄/2023-01-13 帳戶風控7667 最高+53%.csv",CSV|HTML,rec_256222a04eff8a61bccf|c_f4a7c85e434e46ad9703,False,SAME_MINUTE_TIMES_AND_ECONOMIC_FIELDS,0
dup_4e95379e049dca20,2,"2025/2021-2024/2023/statement (4).html|DREA,補交易紀錄/2023-01-13 帳戶風控7667 最高+53%.csv",CSV|HTML,rec_232dd814c6ae684354f8|c_d5fa79a5e31832c8324a,False,SAME_MINUTE_TIMES_AND_ECONOMIC_FIELDS,0
dup_9f5ac6b109135f76,2,"2025/2021-2024/2023/statement (4).html|DREA,補交易紀錄/2023-01-13 帳戶風控7667 最高+53%.csv",CSV|HTML,rec_554e8049480e7bd0ed37|c_38148d079058465dd107,False,SAME_MINUTE_TIMES_AND_ECONOMIC_FIELDS,0
dup_b9bb0a5b2ce548a1,2,"2025/2021-2024/2023/statement (4).html|DREA,補交易紀錄/2023-01-13 帳戶風控7667 最高+53%.csv",CSV|HTML,rec_e65f30bd719d86eb6dea|c_66662238db9994073a3a,False,SAME_MINUTE_TIMES_AND_ECONOMIC_FIELDS,0
dup_2841c2ff543b514a,2,"2025/2021-2024/2023/statement (4).html|DREA,補交易紀錄/2023-01-13 帳戶風控7667 最高+53%.csv",CSV|HTML,rec_ab458396a96b0655550f|c_b4593a33a9ff3a89b668,False,SAME_MINUTE_TIMES_AND_ECONOMIC_FIELDS,0
dup_17b301d93828214f,2,"2025/2021-2024/2023/statement (4).html|DREA,補交易紀錄/2023-01-13 帳戶風控7667 最高+53%.csv",CSV|HTML,rec_4a3bb4f316778e747265|c_f335fd9f4cd0e7906c1f,False,SAME_MINUTE_TIMES_AND_ECONOMIC_FIELDS,0
dup_f8a21924b0e1c5a8,2,"2025/2021-2024/2023/statement (4).html|DREA,補交易紀錄/2023-01-13 帳戶風控7667 最高+53%.csv",CSV|HTML,rec_9f96fddf5d4fec66413b|c_43bb92070b5a6bc2a1d1,False,SAME_MINUTE_TIMES_AND_ECONOMIC_FIELDS,0
dup_d30c41637d44b23e,2,"2025/2021-2024/2023/statement (4).html|DREA,補交易紀錄/2023-01-13 帳戶風控7667 最高+53%.csv",CSV|HTML,rec_ad3ae7bf48e55321c2c7|c_0dcb6a18cf7e643aec3b,False,SAME_MINUTE_TIMES_AND_ECONOMIC_FIELDS,0
dup_a0946dd79e99671f,2,"2025/2021-2024/2023/statement (4).html|DREA,補交易紀錄/2023-01-13 帳戶風控7667 最高+53%.csv",CSV|HTML,rec_0870d56dab20ffd690b2|c_7381b6548a475c08535e,False,SAME_MINUTE_TIMES_AND_ECONOMIC_FIELDS,0
dup_22d996eebaeee478,2,"2025/2021-2024/2023/statement (4).html|DREA,補交易紀錄/2023-01-13 帳戶風控7667 最高+53%.csv",CSV|HTML,rec_99071cd715b1fe53de63|c_1c6f81fd0ac82863c063,False,SAME_MINUTE_TIMES_AND_ECONOMIC_FIELDS,0
dup_25d3ed52c5142365,2,"2025/2021-2024/2023/statement (4).html|DREA,補交易紀錄/2023-01-13 帳戶風控7667 最高+53%.csv",CSV|HTML,rec_f31b07ffc067efb616b2|c_c546b11b1f73c3b9c54a,False,SAME_MINUTE_TIMES_AND_ECONOMIC_FIELDS,0
dup_77547cb80df5c9e0,2,"2025/2021-2024/2023/statement (4).html|DREA,補交易紀錄/2023-01-13 帳戶風控7667 最高+53%.csv",CSV|HTML,rec_b058957a91f6916a2961|c_2eac0389a6ae90163970,False,SAME_MINUTE_TIMES_AND_ECONOMIC_FIELDS,0
dup_ae8ef3651396953f,2,"2025/2021-2024/2023/statement (4).html|DREA,補交易紀錄/2023-01-13 帳戶風控7667 最高+53%.csv",CSV|HTML,rec_27e6e6357d11ed1fda86|c_7f558255cbd1c53174fd,False,SAME_MINUTE_TIMES_AND_ECONOMIC_FIELDS,0
dup_fa90b03f1d0872e6,2,"2025/2021-2024/2023/statement (4).html|DREA,補交易紀錄/2023-01-13 帳戶風控7667 最高+53%.csv",CSV|HTML,rec_b054f7fab38f9795a845|c_33d57814d79bf055df44,False,SAME_MINUTE_TIMES_AND_ECONOMIC_FIELDS,0
dup_b7c4097423a0d405,2,"2025/2021-2024/2023/statement (4).html|DREA,補交易紀錄/2023-01-13 帳戶風控7667 最高+53%.csv",CSV|HTML,rec_6ee17d4237482b752965|c_2be2db41848fcbf00b5f,False,SAME_MINUTE_TIMES_AND_ECONOMIC_FIELDS,0
dup_4a54907ec25d706b,2,"2025/2021-2024/2023/statement (4).html|DREA,補交易紀錄/2023-01-13 帳戶風控7667 最高+53%.csv",CSV|HTML,rec_ce4a52f572f237908ca8|c_3d6e4f13af05ceb7849c,False,SAME_MINUTE_TIMES_AND_ECONOMIC_FIELDS,0
dup_fc1c0f6d87fe660d,2,"2025/2021-2024/2023/statement (4).html|DREA,補交易紀錄/2023-01-13 帳戶風控7667 最高+53%.csv",CSV|HTML,rec_0e6b5ff431be670618ee|c_246da61a9aa84515fd13,False,SAME_MINUTE_TIMES_AND_ECONOMIC_FIELDS,0
dup_79b955387ec94ddc,2,"2025/2021-2024/2023/statement (4).html|DREA,補交易紀錄/2023-01-13 帳戶風控7667 最高+53%.csv",CSV|HTML,rec_c87e36cbb22d9cb94866|c_5c97ddc9ef96bea2608f,False,SAME_MINUTE_TIMES_AND_ECONOMIC_FIELDS,0
dup_75157ceb1b979b48,2,"2025/2021-2024/2023/statement (4).html|DREA,補交易紀錄/2023-01-13 帳戶風控7667 最高+53%.csv",CSV|HTML,rec_986ff59795913c1ffdca|c_f9e372b0cc909af8049c,False,SAME_MINUTE_TIMES_AND_ECONOMIC_FIELDS,0
dup_3bc500001fbe62ca,2,"2025/2021-2024/2023/statement (4).html|DREA,補交易紀錄/2023-01-13 帳戶風控7667 最高+53%.csv",CSV|HTML,rec_4e4da674ec6c6336270f|c_d83833c5a178a4c0e828,False,SAME_MINUTE_TIMES_AND_ECONOMIC_FIELDS,0
dup_ef5d21b302f41831,2,"2025/2021-2024/2023/statement (4).html|DREA,補交易紀錄/2023-01-13 帳戶風控7667 最高+53%.csv",CSV|HTML,rec_b60ceac4381b2e59f487|c_356bfd868fc75ff958de,False,SAME_MINUTE_TIMES_AND_ECONOMIC_FIELDS,0
dup_2f5e7b4c249cbf09,2,"2025/2021-2024/2023/statement (4).html|DREA,補交易紀錄/2023-01-13 帳戶風控7667 最高+53%.csv",CSV|HTML,rec_91b86e93f6cd0450ff44|c_e373ba4083c9bdf6bf13,False,SAME_MINUTE_TIMES_AND_ECONOMIC_FIELDS,0
dup_64d2bb252afc7ab8,2,"2025/2021-2024/2023/statement (5).html|DREA,補交易紀錄/2023-01-18 帳戶風控6646 最高+296%.csv",CSV|HTML,rec_156479a38ea462b80b51|c_24fb51af9fc15ffdc7b3,False,SAME_MINUTE_TIMES_AND_ECONOMIC_FIELDS,0
dup_45a1e3c81c5659a9,2,"2025/2021-2024/2023/statement (5).html|DREA,補交易紀錄/2023-01-18 帳戶風控6646 最高+296%.csv",CSV|HTML,rec_024dba5ecd4a95e89496|c_1dcd8252438b13ac2bd0,False,SAME_MINUTE_TIMES_AND_ECONOMIC_FIELDS,0
dup_ae1fc2f021059853,2,"2025/2021-2024/2023/statement (5).html|DREA,補交易紀錄/2023-01-18 帳戶風控6646 最高+296%.csv",CSV|HTML,rec_3ec60b27f14fccf56f0d|c_00a941e1e6ffc57e50e8,False,SAME_MINUTE_TIMES_AND_ECONOMIC_FIELDS,0
dup_3e05ddfdb2bfbd1a,2,"2025/2021-2024/2023/statement (5).html|DREA,補交易紀錄/2023-01-18 帳戶風控6646 最高+296%.csv",CSV|HTML,rec_665b9d0f68f171a7717c|c_1fb388b57e7d40dbce26,False,SAME_MINUTE_TIMES_AND_ECONOMIC_FIELDS,0
dup_db1b561bf47481b9,2,"2025/2021-2024/2023/statement (5).html|DREA,補交易紀錄/2023-01-18 帳戶風控6646 最高+296%.csv",CSV|HTML,rec_6a818e86e5d0d672fabc|c_b66e4eb8e5c6f0cc8b70,False,SAME_MINUTE_TIMES_AND_ECONOMIC_FIELDS,0
dup_0aa3471542c2d16e,2,"2025/2021-2024/2023/statement (5).html|DREA,補交易紀錄/2023-01-18 帳戶風控6646 最高+296%.csv",CSV|HTML,rec_8a0cd7962ed63439da63|c_7fd4a7238c7428d0ab47,False,SAME_MINUTE_TIMES_AND_ECONOMIC_FIELDS,0
dup_4c6a813911a27c7d,2,"2025/2021-2024/2023/statement (5).html|DREA,補交易紀錄/2023-01-18 帳戶風控6646 最高+296%.csv",CSV|HTML,rec_478d2209c7695ca6af0c|c_6c9098a947b024ce2cb3,False,SAME_MINUTE_TIMES_AND_ECONOMIC_FIELDS,0
dup_db7c35b751509ec7,2,"2025/2021-2024/2023/statement (5).html|DREA,補交易紀錄/2023-01-18 帳戶風控6646 最高+296%.csv",CSV|HTML,rec_d9b07daa2acb0a2652c9|c_7ac284287f57694cedf8,False,SAME_MINUTE_TIMES_AND_ECONOMIC_FIELDS,0
dup_ca60f9aeb9245a78,2,"2025/2021-2024/2023/statement (5).html|DREA,補交易紀錄/2023-01-18 帳戶風控6646 最高+296%.csv",CSV|HTML,rec_35681fb4dfafc99f37f5|c_535ceb0bd29edd0cc915,False,SAME_MINUTE_TIMES_AND_ECONOMIC_FIELDS,0
dup_e4dddbf626dfef84,2,"2025/2021-2024/2023/statement (5).html|DREA,補交易紀錄/2023-01-18 帳戶風控6646 最高+296%.csv",CSV|HTML,rec_57dbfc7da151faa454f3|c_588f321527a38086b634,False,SAME_MINUTE_TIMES_AND_ECONOMIC_FIELDS,0
dup_6aaf627b699f3d21,2,"2025/2021-2024/2023/statement (5).html|DREA,補交易紀錄/2023-01-18 帳戶風控6646 最高+296%.csv",CSV|HTML,rec_c0d1d751d875507f0e95|c_1c1b69b08b1d5e11eef8,False,SAME_MINUTE_TIMES_AND_ECONOMIC_FIELDS,0
dup_00e938831a4ca016,2,"2025/2021-2024/2023/statement (5).html|DREA,補交易紀錄/2023-01-18 帳戶風控6646 最高+296%.csv",CSV|HTML,rec_ba66629ff6033680af8a|c_56da71658952727e6b3f,False,SAME_MINUTE_TIMES_AND_ECONOMIC_FIELDS,0
dup_fb97e436380ebdac,2,"2025/2021-2024/2023/statement (5).html|DREA,補交易紀錄/2023-01-18 帳戶風控6646 最高+296%.csv",CSV|HTML,rec_2a1fd8068d17754f8631|c_6326efdcf89528f9d4d1,False,SAME_MINUTE_TIMES_AND_ECONOMIC_FIELDS,0
dup_2164695e27b7b3c9,2,"2025/2021-2024/2023/statement (5).html|DREA,補交易紀錄/2023-01-18 帳戶風控6646 最高+296%.csv",CSV|HTML,rec_5b247dca10610c2365c1|c_f61668d4fd0b5eb80d15,False,SAME_MINUTE_TIMES_AND_ECONOMIC_FIELDS,0
dup_7ce09df9de0e6741,2,"2025/2021-2024/2023/statement (5).html|DREA,補交易紀錄/2023-01-18 帳戶風控6646 最高+296%.csv",CSV|HTML,rec_617ed1cb2f3d606ef503|c_ae2ac746abf7481c8e14,False,SAME_MINUTE_TIMES_AND_ECONOMIC_FIELDS,0
dup_1d3af3d2890144eb,2,"2025/2021-2024/2023/statement (5).html|DREA,補交易紀錄/2023-01-18 帳戶風控6646 最高+296%.csv",CSV|HTML,rec_2ffe0e76b3def3bd9e62|c_8985ffbbad1ba6b4c6dd,False,SAME_MINUTE_TIMES_AND_ECONOMIC_FIELDS,0
dup_df6cb2e0ca61f04e,2,"2025/2021-2024/2023/statement (5).html|DREA,補交易紀錄/2023-01-18 帳戶風控6646 最高+296%.csv",CSV|HTML,rec_f565dddf301ef80c9ac3|c_360eb381b2fa2706fc78,False,SAME_MINUTE_TIMES_AND_ECONOMIC_FIELDS,0
dup_f99d59d79f0787b0,2,"2025/2021-2024/2023/statement (5).html|DREA,補交易紀錄/2023-01-18 帳戶風控6646 最高+296%.csv",CSV|HTML,rec_50420912397d7f392ec2|c_db4f8b8309fdf568ccb7,False,SAME_MINUTE_TIMES_AND_ECONOMIC_FIELDS,0
dup_5ee1e002c55c5f3b,2,"2025/2021-2024/2023/statement (5).html|DREA,補交易紀錄/2023-01-18 帳戶風控6646 最高+296%.csv",CSV|HTML,rec_b2dba6e58d2314bd20aa|c_899ae0123d8968c38f65,False,SAME_MINUTE_TIMES_AND_ECONOMIC_FIELDS,0
dup_c486c1173109b556,2,"2025/2021-2024/2023/statement (5).html|DREA,補交易紀錄/2023-01-18 帳戶風控6646 最高+296%.csv",CSV|HTML,rec_009fac7250fd2876bccc|c_6a252d6f66cf162c4fe4,False,SAME_MINUTE_TIMES_AND_ECONOMIC_FIELDS,0
dup_aeda764cdae9ad98,2,"2025/2021-2024/2023/statement (5).html|DREA,補交易紀錄/2023-01-18 帳戶風控6646 最高+296%.csv",CSV|HTML,rec_fe080ce67ec7a1930186|c_89c2f6e0fd10c8a0349c,False,SAME_MINUTE_TIMES_AND_ECONOMIC_FIELDS,0
dup_8cbc8f3a8a6bdb78,2,"2025/2021-2024/2023/statement (5).html|DREA,補交易紀錄/2023-01-18 帳戶風控6646 最高+296%.csv",CSV|HTML,rec_736ec1c76282f7db77e7|c_b9ffb58b5c2c1ad77548,False,SAME_MINUTE_TIMES_AND_ECONOMIC_FIELDS,0
dup_71cb7441629e01e5,2,"2025/2021-2024/2023/statement (5).html|DREA,補交易紀錄/2023-01-18 帳戶風控6646 最高+296%.csv",CSV|HTML,rec_60388f8878199b01f81e|c_d73a7fc935d1485efc6d,False,SAME_MINUTE_TIMES_AND_ECONOMIC_FIELDS,0
dup_7de5f210229910fb,2,"2025/2021-2024/2023/statement (5).html|DREA,補交易紀錄/2023-01-18 帳戶風控6646 最高+296%.csv",CSV|HTML,rec_ee76a3d15db648a16bad|c_2e5cde90ca8faac9fc2d,False,SAME_MINUTE_TIMES_AND_ECONOMIC_FIELDS,0
dup_88ac1bc8624ee2a8,2,"2025/2021-2024/2023/statement (5).html|DREA,補交易紀錄/2023-01-18 帳戶風控6646 最高+296%.csv",CSV|HTML,rec_0cc0a77a9a1a5644d534|c_90f486c1c746ba574861,False,SAME_MINUTE_TIMES_AND_ECONOMIC_FIELDS,0
dup_261bdca6209c6fec,2,"2025/2021-2024/2023/statement (5).html|DREA,補交易紀錄/2023-01-18 帳戶風控6646 最高+296%.csv",CSV|HTML,rec_0db586ec4d4822d8961f|c_365c962c6cda56bd6c91,False,SAME_MINUTE_TIMES_AND_ECONOMIC_FIELDS,0
dup_9c3ac31532a35657,2,"2025/2021-2024/2023/statement (5).html|DREA,補交易紀錄/2023-01-18 帳戶風控6646 最高+296%.csv",CSV|HTML,rec_303eda2ec2ef29f832fd|c_0e15cbcce5ac165c393c,False,SAME_MINUTE_TIMES_AND_ECONOMIC_FIELDS,0
dup_1ec782abdfaa5a93,2,"2025/2021-2024/2023/statement (5).html|DREA,補交易紀錄/2023-01-18 帳戶風控6646 最高+296%.csv",CSV|HTML,rec_8705b217681bac01c170|c_951a95fef8c2780aeb26,False,SAME_MINUTE_TIMES_AND_ECONOMIC_FIELDS,0
dup_02767fbef0612a9b,2,"2025/2021-2024/2023/statement (5).html|DREA,補交易紀錄/2023-01-18 帳戶風控6646 最高+296%.csv",CSV|HTML,rec_1c1a3831eb02b9fd7896|c_32246a4d24abb248b525,False,SAME_MINUTE_TIMES_AND_ECONOMIC_FIELDS,0
dup_6622ab34503fecd3,2,"2025/2021-2024/2023/statement (5).html|DREA,補交易紀錄/2023-01-18 帳戶風控6646 最高+296%.csv",CSV|HTML,rec_c3fa98af2219bdb9d876|c_3b77aa546b89f3f42ce8,False,SAME_MINUTE_TIMES_AND_ECONOMIC_FIELDS,0
dup_afcca68005616e11,2,"2025/2021-2024/2023/statement (5).html|DREA,補交易紀錄/2023-01-18 帳戶風控6646 最高+296%.csv",CSV|HTML,rec_0982692ef138efab1c82|c_d6af27f2b652fdbb03d4,False,SAME_MINUTE_TIMES_AND_ECONOMIC_FIELDS,0
dup_a8cf7f6bdaf0c043,2,"2025/2021-2024/2023/statement (5).html|DREA,補交易紀錄/2023-01-18 帳戶風控6646 最高+296%.csv",CSV|HTML,rec_5cbaddbff38118fbf0ad|c_5c1ae4a1035c8e82993a,False,SAME_MINUTE_TIMES_AND_ECONOMIC_FIELDS,0
dup_f54044411b28bc23,2,"2025/2021-2024/2023/statement (5).html|DREA,補交易紀錄/2023-01-18 帳戶風控6646 最高+296%.csv",CSV|HTML,rec_3d404afea14f19ae38ee|c_70f7d0b5cb6516827386,False,SAME_MINUTE_TIMES_AND_ECONOMIC_FIELDS,0
dup_34e10124ed0153f4,2,"2025/2021-2024/2023/statement (5).html|DREA,補交易紀錄/2023-01-18 帳戶風控6646 最高+296%.csv",CSV|HTML,rec_e5cf3f0cb3226492e944|c_1f4aa5e31860e1a27958,False,SAME_MINUTE_TIMES_AND_ECONOMIC_FIELDS,0
dup_27a133dd36bdc51b,2,"2025/2021-2024/2023/statement (5).html|DREA,補交易紀錄/2023-01-18 帳戶風控6646 最高+296%.csv",CSV|HTML,rec_54002735181dffde9cac|c_0fb4f35f970f45bb38df,False,SAME_MINUTE_TIMES_AND_ECONOMIC_FIELDS,0
dup_477f3e02afb99c4b,2,"2025/2021-2024/2023/statement (5).html|DREA,補交易紀錄/2023-01-18 帳戶風控6646 最高+296%.csv",CSV|HTML,rec_f434e4ef6fb7479a2690|c_5f50ce48f72956b73d8e,False,SAME_MINUTE_TIMES_AND_ECONOMIC_FIELDS,0
dup_d2baa46d5f27e02b,2,"2025/2021-2024/2023/statement (5).html|DREA,補交易紀錄/2023-01-18 帳戶風控6646 最高+296%.csv",CSV|HTML,rec_bc4c79d7d0feabc54a76|c_808bb8c34bdba0b8c000,False,SAME_MINUTE_TIMES_AND_ECONOMIC_FIELDS,0
dup_734a9f4d9d698569,2,"2025/2021-2024/2023/statement (5).html|DREA,補交易紀錄/2023-01-18 帳戶風控6646 最高+296%.csv",CSV|HTML,rec_77d886089f583fc24e0a|c_9fa5988acf2964d4fdb1,False,SAME_MINUTE_TIMES_AND_ECONOMIC_FIELDS,0
dup_d43ca0d8b65af407,2,"2025/2021-2024/2023/statement (5).html|DREA,補交易紀錄/2023-01-18 帳戶風控6646 最高+296%.csv",CSV|HTML,rec_7cbcd3a79baee04c373e|c_63cb08cfadf50b7e0ae2,False,SAME_MINUTE_TIMES_AND_ECONOMIC_FIELDS,0
dup_8d46411271dd40de,2,"2025/2021-2024/2023/statement (5).html|DREA,補交易紀錄/2023-01-18 帳戶風控6646 最高+296%.csv",CSV|HTML,rec_6c7b449036c7fef5cfa2|c_a796974b57ad42b668df,False,SAME_MINUTE_TIMES_AND_ECONOMIC_FIELDS,0
dup_7d9aac9ec3077d6c,2,"2025/2021-2024/2023/statement (5).html|DREA,補交易紀錄/2023-01-18 帳戶風控6646 最高+296%.csv",CSV|HTML,rec_12479a29b8be2bbaed28|c_7f538b4a7ba8eb41c83c,False,SAME_MINUTE_TIMES_AND_ECONOMIC_FIELDS,0
dup_7e2dea9a8844d9ef,2,"2025/2021-2024/2023/statement (5).html|DREA,補交易紀錄/2023-01-18 帳戶風控6646 最高+296%.csv",CSV|HTML,rec_0ba01f4b9bc4b041006e|c_e9d1e6e4a214b349f3b4,False,SAME_MINUTE_TIMES_AND_ECONOMIC_FIELDS,0
dup_e6160382208d3605,2,"2025/2021-2024/2023/statement (5).html|DREA,補交易紀錄/2023-01-18 帳戶風控6646 最高+296%.csv",CSV|HTML,rec_eb7cb0940f10c69a249c|c_e8044cdd5ee141ad8969,False,SAME_MINUTE_TIMES_AND_ECONOMIC_FIELDS,0
dup_ba69a803ee7ec0ea,2,"2025/2021-2024/2023/statement (5).html|DREA,補交易紀錄/2023-01-18 帳戶風控6646 最高+296%.csv",CSV|HTML,rec_7bda0078ca2d17711f9f|c_0d91bd37d413c4a31973,False,SAME_MINUTE_TIMES_AND_ECONOMIC_FIELDS,0
dup_bb1fd73136db9fee,2,"2025/2021-2024/2023/statement (5).html|DREA,補交易紀錄/2023-01-18 帳戶風控6646 最高+296%.csv",CSV|HTML,rec_89b59adce3dd88f9f0d4|c_e0843c404a29a54d911b,False,SAME_MINUTE_TIMES_AND_ECONOMIC_FIELDS,0
dup_4cf3937bcadc468d,2,"2025/2021-2024/2023/statement (5).html|DREA,補交易紀錄/2023-01-18 帳戶風控6646 最高+296%.csv",CSV|HTML,rec_0853a73f8ff9cadfdc55|c_fac108c0b5b89a8a4c4a,False,SAME_MINUTE_TIMES_AND_ECONOMIC_FIELDS,0
dup_7059997cad59ee07,2,"2025/2021-2024/2023/statement (5).html|DREA,補交易紀錄/2023-01-18 帳戶風控6646 最高+296%.csv",CSV|HTML,rec_d698964b70716fda078a|c_05a1f8e437b571e2e902,False,SAME_MINUTE_TIMES_AND_ECONOMIC_FIELDS,0
dup_1fb990e074854f75,2,"2025/2021-2024/2023/statement (5).html|DREA,補交易紀錄/2023-01-18 帳戶風控6646 最高+296%.csv",CSV|HTML,rec_dfc0164dc092784a49bc|c_746745e062b0e277b564,False,SAME_MINUTE_TIMES_AND_ECONOMIC_FIELDS,0
dup_277b19bbd39433da,2,"2025/2021-2024/2023/statement (5).html|DREA,補交易紀錄/2023-01-18 帳戶風控6646 最高+296%.csv",CSV|HTML,rec_f95e3e30cdfbf632a74c|c_290e46c339e24ec56e46,False,SAME_MINUTE_TIMES_AND_ECONOMIC_FIELDS,0
dup_089c7199b2ac44df,2,"2025/2021-2024/2023/statement (5).html|DREA,補交易紀錄/2023-01-18 帳戶風控6646 最高+296%.csv",CSV|HTML,rec_5d78ecfeeef18b8ce002|c_eb674e8a3e23a1d6723d,False,SAME_MINUTE_TIMES_AND_ECONOMIC_FIELDS,0
dup_7a4e45bdd0de817c,2,"2025/2021-2024/2023/statement (5).html|DREA,補交易紀錄/2023-01-18 帳戶風控6646 最高+296%.csv",CSV|HTML,rec_6e02bdc6b95ae9b8ce04|c_9ded07e357b436dd6e1f,False,SAME_MINUTE_TIMES_AND_ECONOMIC_FIELDS,0
dup_f659c8d107b2e885,2,"2025/2021-2024/2023/statement (5).html|DREA,補交易紀錄/2023-01-18 帳戶風控6646 最高+296%.csv",CSV|HTML,rec_ddd7900f5338438ca912|c_f61890d4876f17692268,False,SAME_MINUTE_TIMES_AND_ECONOMIC_FIELDS,0
dup_f8cadfacb6fa4019,2,"2025/2021-2024/2023/statement (5).html|DREA,補交易紀錄/2023-01-18 帳戶風控6646 最高+296%.csv",CSV|HTML,rec_fc570cd73bca48697507|c_ec1d17d5c41cb0bc0605,False,SAME_MINUTE_TIMES_AND_ECONOMIC_FIELDS,0
dup_943c34fdf844077c,2,"2025/2021-2024/2023/statement (5).html|DREA,補交易紀錄/2023-01-18 帳戶風控6646 最高+296%.csv",CSV|HTML,rec_ba663b92d51b4ebf8472|c_9c446b22d645cd600754,False,SAME_MINUTE_TIMES_AND_ECONOMIC_FIELDS,0
dup_aace34f50ccfa5e7,2,"2025/2021-2024/2023/statement (5).html|DREA,補交易紀錄/2023-01-18 帳戶風控6646 最高+296%.csv",CSV|HTML,rec_44f339e680dd32e92fa0|c_eabd0774851e2018f420,False,SAME_MINUTE_TIMES_AND_ECONOMIC_FIELDS,0
dup_929d766350077e71,2,"2025/2021-2024/2023/statement (5).html|DREA,補交易紀錄/2023-01-18 帳戶風控6646 最高+296%.csv",CSV|HTML,rec_c03bb3d8ba8ae2cf6f66|c_b290a25d032617c26272,False,SAME_MINUTE_TIMES_AND_ECONOMIC_FIELDS,0
dup_5e9f0a5572b60c57,2,"2025/2021-2024/2023/statement (5).html|DREA,補交易紀錄/2023-01-18 帳戶風控6646 最高+296%.csv",CSV|HTML,rec_ab6823a8366b3c77a8e4|c_70da9b291021aaff7e9b,False,SAME_MINUTE_TIMES_AND_ECONOMIC_FIELDS,0
dup_e02e72ddc8b86ef8,2,"2025/2021-2024/2023/statement (5).html|DREA,補交易紀錄/2023-01-18 帳戶風控6646 最高+296%.csv",CSV|HTML,rec_df207d9ab0355d895e1c|c_debdc07fb83d967427ed,False,SAME_MINUTE_TIMES_AND_ECONOMIC_FIELDS,0
dup_f17d8d71b0b7e557,2,"2025/2021-2024/2023/statement (5).html|DREA,補交易紀錄/2023-01-18 帳戶風控6646 最高+296%.csv",CSV|HTML,rec_71bb0d851c3f4e158b71|c_adb6cfadd6cf05437a01,False,SAME_MINUTE_TIMES_AND_ECONOMIC_FIELDS,0
dup_c83ba77a91618dbf,2,"2025/2021-2024/2023/statement (5).html|DREA,補交易紀錄/2023-01-18 帳戶風控6646 最高+296%.csv",CSV|HTML,rec_7b7eb76fea47ddf445b1|c_5fb5488fd841d563aefd,False,SAME_MINUTE_TIMES_AND_ECONOMIC_FIELDS,0
dup_e951cfc47cb42d80,2,"2025/2021-2024/2023/statement (5).html|DREA,補交易紀錄/2023-01-18 帳戶風控6646 最高+296%.csv",CSV|HTML,rec_65e2827c205fd1f6486b|c_eacb5d221c12ff8e4863,False,SAME_MINUTE_TIMES_AND_ECONOMIC_FIELDS,0
dup_6feef9d8965e51a2,2,"2025/2021-2024/2023/statement (5).html|DREA,補交易紀錄/2023-01-18 帳戶風控6646 最高+296%.csv",CSV|HTML,rec_9367771687d4001dec97|c_8c76b6157113a59c486f,False,SAME_MINUTE_TIMES_AND_ECONOMIC_FIELDS,0
dup_f75cc0f224b9a8f1,2,"2025/2021-2024/2023/statement (5).html|DREA,補交易紀錄/2023-01-18 帳戶風控6646 最高+296%.csv",CSV|HTML,rec_2bfb8ae73403c45cd4ff|c_21a175df77243f395cec,False,SAME_MINUTE_TIMES_AND_ECONOMIC_FIELDS,0
dup_6bc747ded4f0e3ec,2,"2025/2021-2024/2023/statement (5).html|DREA,補交易紀錄/2023-01-18 帳戶風控6646 最高+296%.csv",CSV|HTML,rec_59bc8df3da0e0a45b640|c_45f710c2097a29c41a7d,False,SAME_MINUTE_TIMES_AND_ECONOMIC_FIELDS,0
dup_d02ab95493db8e9f,2,"2025/2021-2024/2023/statement (5).html|DREA,補交易紀錄/2023-01-18 帳戶風控6646 最高+296%.csv",CSV|HTML,rec_3d5c75c033825ab178df|c_b438890c9ac493a855e0,False,SAME_MINUTE_TIMES_AND_ECONOMIC_FIELDS,0
dup_2feb20712d7c92b7,2,"2025/2021-2024/2023/statement (5).html|DREA,補交易紀錄/2023-01-18 帳戶風控6646 最高+296%.csv",CSV|HTML,rec_40294e81989564fda222|c_bf942e4c84d5e90124a6,False,SAME_MINUTE_TIMES_AND_ECONOMIC_FIELDS,0
dup_219f801e3a8129e1,2,"2025/2021-2024/2023/statement (5).html|DREA,補交易紀錄/2023-01-18 帳戶風控6646 最高+296%.csv",CSV|HTML,rec_77042c2eed4089fa3ad1|c_cfb44c16137f4f130e4c,False,SAME_MINUTE_TIMES_AND_ECONOMIC_FIELDS,0
dup_932a00c02a4efbfa,2,"2025/2021-2024/2023/statement (5).html|DREA,補交易紀錄/2023-01-18 帳戶風控6646 最高+296%.csv",CSV|HTML,rec_46d4be06d331709f8514|c_f88220a1d172cf3fb5ee,False,SAME_MINUTE_TIMES_AND_ECONOMIC_FIELDS,0
dup_59d2e452537b26f5,2,"2025/2021-2024/2023/statement (5).html|DREA,補交易紀錄/2023-01-18 帳戶風控6646 最高+296%.csv",CSV|HTML,rec_b73cc90d0dff18541a82|c_ff64f12b48cb554ffa7d,False,SAME_MINUTE_TIMES_AND_ECONOMIC_FIELDS,0
dup_ed1191ae79fdfd27,2,"2025/2021-2024/2023/statement (5).html|DREA,補交易紀錄/2023-01-18 帳戶風控6646 最高+296%.csv",CSV|HTML,rec_61397d6ea68bf8df5b59|c_d6853fd5411ebd4d5e68,False,SAME_MINUTE_TIMES_AND_ECONOMIC_FIELDS,0
dup_c743380e6d689aea,2,"2025/2021-2024/2023/statement (5).html|DREA,補交易紀錄/2023-01-18 帳戶風控6646 最高+296%.csv",CSV|HTML,rec_d021d9ea33dbb3668c18|c_69afff6de65480757174,False,SAME_MINUTE_TIMES_AND_ECONOMIC_FIELDS,0
dup_4699be75ba3e6fe4,2,"2025/2021-2024/2023/statement (5).html|DREA,補交易紀錄/2023-01-18 帳戶風控6646 最高+296%.csv",CSV|HTML,rec_4a80fa7f278729b7fbef|c_7ef94fb97ccb6f4dc4f1,False,SAME_MINUTE_TIMES_AND_ECONOMIC_FIELDS,0
dup_686acb932387499c,2,"2025/2021-2024/2023/statement (5).html|DREA,補交易紀錄/2023-01-18 帳戶風控6646 最高+296%.csv",CSV|HTML,rec_c4de7fd2e8e8e665b3c0|c_d07f48e01841b1dcb0d3,False,SAME_MINUTE_TIMES_AND_ECONOMIC_FIELDS,0
dup_e63372c4927f70b4,2,"2025/2021-2024/2023/statement (5).html|DREA,補交易紀錄/2023-01-18 帳戶風控6646 最高+296%.csv",CSV|HTML,rec_9bbad725d6bcdf2cade4|c_79d464cd85ed02336289,False,SAME_MINUTE_TIMES_AND_ECONOMIC_FIELDS,0
dup_049021ecb7042051,2,"2025/2021-2024/2023/statement (5).html|DREA,補交易紀錄/2023-01-18 帳戶風控6646 最高+296%.csv",CSV|HTML,rec_0db4147b29452760bcd0|c_6e5e78ce5a098eb49386,False,SAME_MINUTE_TIMES_AND_ECONOMIC_FIELDS,0
dup_3b6875cc8e40f7dc,2,"2025/2021-2024/2023/statement (5).html|DREA,補交易紀錄/2023-01-18 帳戶風控6646 最高+296%.csv",CSV|HTML,rec_2725356c14a263f5d425|c_3bb5ee75457d79174987,False,SAME_MINUTE_TIMES_AND_ECONOMIC_FIELDS,0
dup_7412e0bb4b6a8a4c,2,"2025/2021-2024/2023/statement (5).html|DREA,補交易紀錄/2023-01-18 帳戶風控6646 最高+296%.csv",CSV|HTML,rec_8796f8b7d9f1e6cbfbe0|c_c471754e8d919a436b9c,False,SAME_MINUTE_TIMES_AND_ECONOMIC_FIELDS,0
dup_67b8b3b6e9123f82,2,"2025/2021-2024/2023/statement (5).html|DREA,補交易紀錄/2023-01-18 帳戶風控6646 最高+296%.csv",CSV|HTML,rec_5e5946ba1142b0221460|c_4532556b7da73d539f7e,False,SAME_MINUTE_TIMES_AND_ECONOMIC_FIELDS,0
dup_8dec01fafc548a93,2,"2025/2021-2024/2022/statement.html|DREA,補交易紀錄/2022-12 dream 最高+1,555.13 H.csv",CSV|HTML,rec_a81134954e433e3dccf7|c_ebe04cc96e0b9bfe0a30,False,SAME_MINUTE_TIMES_AND_ECONOMIC_FIELDS,0
dup_54189b84a7d771de,2,"2025/2021-2024/2022/statement.html|DREA,補交易紀錄/2022-12 dream 最高+1,555.13 H.csv",CSV|HTML,rec_1df066b912b2e76cd8c0|c_a09cb1b514006d5fbb99,False,SAME_MINUTE_TIMES_AND_ECONOMIC_FIELDS,0
dup_8162b8568f72d1bc,2,"2025/2021-2024/2022/statement.html|DREA,補交易紀錄/2022-12 dream 最高+1,555.13 H.csv",CSV|HTML,rec_371dcd172cdbcbe5a7da|c_eee5fabafb8f523026a8,False,SAME_MINUTE_TIMES_AND_ECONOMIC_FIELDS,0
dup_4ca77fca36becd73,2,"2025/2021-2024/2022/statement.html|DREA,補交易紀錄/2022-12 dream 最高+1,555.13 H.csv",CSV|HTML,rec_ec877ae0a7bcf370d42c|c_86c8c9c7c0b652966945,False,SAME_MINUTE_TIMES_AND_ECONOMIC_FIELDS,0
dup_5412f8a7b688a1dd,2,"2025/2021-2024/2022/statement.html|DREA,補交易紀錄/2022-12 dream 最高+1,555.13 H.csv",CSV|HTML,rec_9f1648737d8cbff1dde1|c_2b15c42715ab4c2c129b,False,SAME_MINUTE_TIMES_AND_ECONOMIC_FIELDS,0
dup_9a8636ff25929f76,2,"2025/2021-2024/2022/statement.html|DREA,補交易紀錄/2022-12 dream 最高+1,555.13 H.csv",CSV|HTML,rec_6469a8dbfec1b080462d|c_352d66ef88efec001422,False,SAME_MINUTE_TIMES_AND_ECONOMIC_FIELDS,0
dup_42878dd4c2f38834,2,"2025/2021-2024/2022/statement.html|DREA,補交易紀錄/2022-12 dream 最高+1,555.13 H.csv",CSV|HTML,rec_6993ef71d6566762ccf4|c_e556ffc1703cb5cb7ec9,False,SAME_MINUTE_TIMES_AND_ECONOMIC_FIELDS,0
dup_528c30d90211bed5,2,"2025/2021-2024/2022/statement.html|DREA,補交易紀錄/2022-12 dream 最高+1,555.13 H.csv",CSV|HTML,rec_fd8437142a8bc47e907f|c_b8ac775156b972a5e8a1,False,SAME_MINUTE_TIMES_AND_ECONOMIC_FIELDS,0
dup_66b3b0d702e0e6c1,2,"2025/2021-2024/2022/statement.html|DREA,補交易紀錄/2022-12 dream 最高+1,555.13 H.csv",CSV|HTML,rec_d376c1094e9c783b8801|c_1f161ca78d9f47020e00,False,SAME_MINUTE_TIMES_AND_ECONOMIC_FIELDS,0
dup_5bb1cbc3afb82d4b,2,"2025/2021-2024/2022/statement.html|DREA,補交易紀錄/2022-12 dream 最高+1,555.13 H.csv",CSV|HTML,rec_2f4162dba9ff0e44d6e5|c_5f3fad7b11f1df102b39,False,SAME_MINUTE_TIMES_AND_ECONOMIC_FIELDS,0
dup_dad08cdc7865f141,2,"2025/2021-2024/2022/statement.html|DREA,補交易紀錄/2022-12 dream 最高+1,555.13 H.csv",CSV|HTML,rec_a4528e3b89f058095f4a|c_1fe7c74e38834d148446,False,SAME_MINUTE_TIMES_AND_ECONOMIC_FIELDS,0
dup_428ea94b8701daa6,2,"2025/2021-2024/2022/statement.html|DREA,補交易紀錄/2022-12 dream 最高+1,555.13 H.csv",CSV|HTML,rec_aeae6d11ddfc1b17d03e|c_dd1de32c1d1a8b06f3d7,False,SAME_MINUTE_TIMES_AND_ECONOMIC_FIELDS,0
dup_bfb4a6f9e63640f5,2,"2025/2021-2024/2022/statement.html|DREA,補交易紀錄/2022-12 dream 最高+1,555.13 H.csv",CSV|HTML,rec_d79b55c5c9564f0e6a51|c_c880db5f4ff9d307e021,False,SAME_MINUTE_TIMES_AND_ECONOMIC_FIELDS,0
dup_e571a95f45ce72b2,2,"2025/2021-2024/2022/statement.html|DREA,補交易紀錄/2022-12 dream 最高+1,555.13 H.csv",CSV|HTML,rec_64adb087e85a12280425|c_ba43a6deff73fb473e54,False,SAME_MINUTE_TIMES_AND_ECONOMIC_FIELDS,0
dup_1be6fdb2ee1058b4,2,"2025/2021-2024/2022/statement.html|DREA,補交易紀錄/2022-12 dream 最高+1,555.13 H.csv",CSV|HTML,rec_e4f42c0dd92c6e59246d|c_93981c9e34cd1feaf46f,False,SAME_MINUTE_TIMES_AND_ECONOMIC_FIELDS,0
dup_9847401cb0019c13,2,"2025/2021-2024/2022/statement.html|DREA,補交易紀錄/2022-12 dream 最高+1,555.13 H.csv",CSV|HTML,rec_4bfb94d3a81c851923f4|c_489aeba1aeb042f0ba38,False,SAME_MINUTE_TIMES_AND_ECONOMIC_FIELDS,0
dup_44822e1477c6c816,2,"2025/2021-2024/2022/statement.html|DREA,補交易紀錄/2022-12 dream 最高+1,555.13 H.csv",CSV|HTML,rec_caeabd2d9376d70ea89a|c_ddafce800a493532a5b4,False,SAME_MINUTE_TIMES_AND_ECONOMIC_FIELDS,0
dup_9e39e00db5ae42aa,2,"2025/2021-2024/2022/statement.html|DREA,補交易紀錄/2022-12 dream 最高+1,555.13 H.csv",CSV|HTML,rec_1f4dca537299728b41d7|c_f87f3c689cd4105f18ac,False,SAME_MINUTE_TIMES_AND_ECONOMIC_FIELDS,0
dup_10c0808d94d819ec,2,"2025/2021-2024/2022/statement.html|DREA,補交易紀錄/2022-12 dream 最高+1,555.13 H.csv",CSV|HTML,rec_4d0d2e7f90ae02e90dc3|c_f15365c637d7289fac5e,False,SAME_MINUTE_TIMES_AND_ECONOMIC_FIELDS,0
dup_7250f8cd7c2cd1d1,2,"2025/2021-2024/2022/statement.html|DREA,補交易紀錄/2022-12 dream 最高+1,555.13 H.csv",CSV|HTML,rec_3e15244e2027fbb8887d|c_b707e23ce10682e7dab1,False,SAME_MINUTE_TIMES_AND_ECONOMIC_FIELDS,0
dup_d7768c0d941bb9e6,2,"2025/2021-2024/2022/statement.html|DREA,補交易紀錄/2022-12 dream 最高+1,555.13 H.csv",CSV|HTML,rec_53bec2ea688f243c9b5b|c_d09a8795ce6daaa50a1f,False,SAME_MINUTE_TIMES_AND_ECONOMIC_FIELDS,0
dup_06ff0d6d9218019c,2,"2025/2021-2024/2022/statement.html|DREA,補交易紀錄/2022-12 dream 最高+1,555.13 H.csv",CSV|HTML,rec_c46f164eeec135bb2054|c_6bb725fb08a2155c7b62,False,SAME_MINUTE_TIMES_AND_ECONOMIC_FIELDS,0
dup_c2f9e8472831701d,2,"2025/2021-2024/2022/statement.html|DREA,補交易紀錄/2022-12 dream 最高+1,555.13 H.csv",CSV|HTML,rec_8045a5bdc8d904749a0c|c_e9bbcb2306f0a29cc808,False,SAME_MINUTE_TIMES_AND_ECONOMIC_FIELDS,0
dup_73c87c99ae76cb3f,2,"2025/2021-2024/2022/statement.html|DREA,補交易紀錄/2022-12 dream 最高+1,555.13 H.csv",CSV|HTML,rec_0b9e424a5a537931f187|c_1825699844e5d6ff0c3a,False,SAME_MINUTE_TIMES_AND_ECONOMIC_FIELDS,0
dup_48eb6f4265bfc221,2,"2025/2021-2024/2022/statement.html|DREA,補交易紀錄/2022-12 dream 最高+1,555.13 H.csv",CSV|HTML,rec_f7be34602fb0322ee7ce|c_9296c97907b2d5f0043f,False,SAME_MINUTE_TIMES_AND_ECONOMIC_FIELDS,0
dup_67d1598c5ec7a309,2,"2025/2021-2024/2022/statement.html|DREA,補交易紀錄/2022-12 dream 最高+1,555.13 H.csv",CSV|HTML,rec_d25d73dfc819270c3371|c_03df982a42953b992c59,False,SAME_MINUTE_TIMES_AND_ECONOMIC_FIELDS,0
dup_1fc599cfc8ac50f0,2,"2025/2021-2024/2022/statement.html|DREA,補交易紀錄/2022-12 dream 最高+1,555.13 H.csv",CSV|HTML,rec_a4f24d7a9c630ec851dc|c_0035642fa29809ef250a,False,SAME_MINUTE_TIMES_AND_ECONOMIC_FIELDS,0
dup_acf84b5c14de0c8c,2,"2025/2021-2024/2022/statement.html|DREA,補交易紀錄/2022-12 dream 最高+1,555.13 H.csv",CSV|HTML,rec_a483f689394c7f4cc7b9|c_927e651941d4c7c16d9f,False,SAME_MINUTE_TIMES_AND_ECONOMIC_FIELDS,0
dup_9d4a31b4a7b74c57,2,"2025/2021-2024/2022/statement.html|DREA,補交易紀錄/2022-12 dream 最高+1,555.13 H.csv",CSV|HTML,rec_9fb5e18fceab6d2401b9|c_5650f4716ce45edde726,False,SAME_MINUTE_TIMES_AND_ECONOMIC_FIELDS,0
dup_ed4a45a4cc7dbe2f,2,"2025/2021-2024/2022/statement.html|DREA,補交易紀錄/2022-12 dream 最高+1,555.13 H.csv",CSV|HTML,rec_b3583b83f5eef20cb6df|c_4a784fdd7a3d1d477472,False,SAME_MINUTE_TIMES_AND_ECONOMIC_FIELDS,0
dup_97bdedacef679f56,2,"2025/2021-2024/2022/statement.html|DREA,補交易紀錄/2022-12 dream 最高+1,555.13 H.csv",CSV|HTML,rec_56e5752ab18742afd647|c_a493cd7100f45d874847,False,SAME_MINUTE_TIMES_AND_ECONOMIC_FIELDS,0
dup_2c5ba74291130a14,2,"2025/2021-2024/2022/statement.html|DREA,補交易紀錄/2022-12 dream 最高+1,555.13 H.csv",CSV|HTML,rec_aec365e614641634446b|c_eeb46c5ae95c8c60683f,False,SAME_MINUTE_TIMES_AND_ECONOMIC_FIELDS,0
dup_499d05bac5a3be8d,2,"2025/2021-2024/2022/statement.html|DREA,補交易紀錄/2022-12 dream 最高+1,555.13 H.csv",CSV|HTML,rec_4363a33e01e49bd69e88|c_01a0839f93548d31b677,False,SAME_MINUTE_TIMES_AND_ECONOMIC_FIELDS,0
dup_18995cc0d2ebcb5e,2,"2025/2021-2024/2022/statement.html|DREA,補交易紀錄/2022-12 dream 最高+1,555.13 H.csv",CSV|HTML,rec_9cc667148c36327d6967|c_b1f222766fff88f8ef4b,False,SAME_MINUTE_TIMES_AND_ECONOMIC_FIELDS,0
dup_dfd9193b11c7295f,2,"2025/2021-2024/2022/statement.html|DREA,補交易紀錄/2022-12 dream 最高+1,555.13 H.csv",CSV|HTML,rec_e80f039264d37922d349|c_19b627a3df7ae7059cb6,False,SAME_MINUTE_TIMES_AND_ECONOMIC_FIELDS,0
dup_ea392146e3823827,2,"2025/2021-2024/2022/statement.html|DREA,補交易紀錄/2022-12 dream 最高+1,555.13 H.csv",CSV|HTML,rec_6ce3c37e386b27d508c8|c_284ba65aa03426200963,False,SAME_MINUTE_TIMES_AND_ECONOMIC_FIELDS,0
dup_ca0d3c60c8c547dd,2,"2025/2021-2024/2022/statement.html|DREA,補交易紀錄/2022-12 dream 最高+1,555.13 H.csv",CSV|HTML,rec_496901aceec5e81529fb|c_baeccb50269f00ca59e3,False,SAME_MINUTE_TIMES_AND_ECONOMIC_FIELDS,0
dup_d57afe8a93db7b28,2,"2025/2021-2024/2022/statement.html|DREA,補交易紀錄/2022-12 dream 最高+1,555.13 H.csv",CSV|HTML,rec_0bbd82121e9c6a9b038d|c_faa499bc32d1276f8d1a,False,SAME_MINUTE_TIMES_AND_ECONOMIC_FIELDS,0
dup_401122355dcbe91e,2,"2025/2021-2024/2022/statement.html|DREA,補交易紀錄/2022-12 dream 最高+1,555.13 H.csv",CSV|HTML,rec_8a86f4b0efb384efae84|c_dfeeaab8e135669b7da8,False,SAME_MINUTE_TIMES_AND_ECONOMIC_FIELDS,0
dup_8f903819d86e3a29,2,"2025/2021-2024/2022/statement.html|DREA,補交易紀錄/2022-12 dream 最高+1,555.13 H.csv",CSV|HTML,rec_c9fa255777a2f2c36749|c_f77f05069f0c7c6a0cac,False,SAME_MINUTE_TIMES_AND_ECONOMIC_FIELDS,0
dup_1e1058c211f890d6,2,"2025/2021-2024/2022/statement.html|DREA,補交易紀錄/2022-12 dream 最高+1,555.13 H.csv",CSV|HTML,rec_b0107d5053cdea5485cf|c_d8d37792da58f75edb31,False,SAME_MINUTE_TIMES_AND_ECONOMIC_FIELDS,0
dup_0a477d91331fd34d,2,"2025/2021-2024/2022/statement.html|DREA,補交易紀錄/2022-12 dream 最高+1,555.13 H.csv",CSV|HTML,rec_5d0387ea8de7f364d8b4|c_5c9d679cde772af50336,False,SAME_MINUTE_TIMES_AND_ECONOMIC_FIELDS,0
dup_22fb543f26aab72a,2,"2025/2021-2024/2022/statement.html|DREA,補交易紀錄/2022-12 dream 最高+1,555.13 H.csv",CSV|HTML,rec_97597835f8196c5be737|c_91d04abfa71adc4e20ec,False,SAME_MINUTE_TIMES_AND_ECONOMIC_FIELDS,0
dup_a27ded4035ff9b4b,2,"2025/2021-2024/2022/statement.html|DREA,補交易紀錄/2022-12 dream 最高+1,555.13 H.csv",CSV|HTML,rec_80272af3676be4d2c482|c_ede1cd36faba8c2551d4,False,SAME_MINUTE_TIMES_AND_ECONOMIC_FIELDS,0
dup_2133904eb94d0887,2,"2025/2021-2024/2022/statement.html|DREA,補交易紀錄/2022-12 dream 最高+1,555.13 H.csv",CSV|HTML,rec_5c506e0d517b59c381a3|c_74b1b19c8b3197e2dd1b,False,SAME_MINUTE_TIMES_AND_ECONOMIC_FIELDS,0
dup_e60e4fa3a49f8409,2,"2025/2021-2024/2022/statement.html|DREA,補交易紀錄/2022-12 dream 最高+1,555.13 H.csv",CSV|HTML,rec_11654d4e734b2195feda|c_1527ee15e4c47b86e709,False,SAME_MINUTE_TIMES_AND_ECONOMIC_FIELDS,0
dup_ace4a627ea5a59d7,2,"2025/2021-2024/2022/statement.html|DREA,補交易紀錄/2022-12 dream 最高+1,555.13 H.csv",CSV|HTML,rec_9a72b202441927a5f76d|c_534f50183a6ba8742884,False,SAME_MINUTE_TIMES_AND_ECONOMIC_FIELDS,0
dup_db9cc3dcc841db17,2,"2025/2021-2024/2022/statement.html|DREA,補交易紀錄/2022-12 dream 最高+1,555.13 H.csv",CSV|HTML,rec_47d13e363d6a4626ecc9|c_30ffaebc527e14ef53e9,False,SAME_MINUTE_TIMES_AND_ECONOMIC_FIELDS,0
dup_f9faab52ac95190c,2,"2025/2021-2024/2022/statement.html|DREA,補交易紀錄/2022-12 dream 最高+1,555.13 H.csv",CSV|HTML,rec_dfd6645801e6a9076954|c_27da25419761d9c69469,False,SAME_MINUTE_TIMES_AND_ECONOMIC_FIELDS,0
dup_aa4bb8bb7f2cd89a,2,"2025/2021-2024/2022/statement.html|DREA,補交易紀錄/2022-12 dream 最高+1,555.13 H.csv",CSV|HTML,rec_1a89706f2a2cb1b278cb|c_9c7368d8bb38578bb066,False,SAME_MINUTE_TIMES_AND_ECONOMIC_FIELDS,0
dup_93a71acda39d3fa6,2,"2025/2021-2024/2022/statement.html|DREA,補交易紀錄/2022-12 dream 最高+1,555.13 H.csv",CSV|HTML,rec_1891b527e28dd8b9d3b1|c_2707c865775c67dfc86f,False,SAME_MINUTE_TIMES_AND_ECONOMIC_FIELDS,0
dup_dbbfbd1f975337b9,2,"2025/2021-2024/2022/statement.html|DREA,補交易紀錄/2022-12 dream 最高+1,555.13 H.csv",CSV|HTML,rec_bf4d9739655dfd24111d|c_8119510416318f791372,False,SAME_MINUTE_TIMES_AND_ECONOMIC_FIELDS,0
dup_30dbbd74286cb82c,2,"2025/2021-2024/2022/statement.html|DREA,補交易紀錄/2022-12 dream 最高+1,555.13 H.csv",CSV|HTML,rec_cddd3b0a67aed36b3aa4|c_e302249a7e7c911b1f37,False,SAME_MINUTE_TIMES_AND_ECONOMIC_FIELDS,0
dup_30b3f70bf3127df6,2,"2025/2021-2024/2022/statement.html|DREA,補交易紀錄/2022-12 dream 最高+1,555.13 H.csv",CSV|HTML,rec_94251f3257150f06e2c2|c_6ba941742c68fb90489a,False,SAME_MINUTE_TIMES_AND_ECONOMIC_FIELDS,0
dup_d7d94720774e960a,2,"2025/2021-2024/2022/statement.html|DREA,補交易紀錄/2022-12 dream 最高+1,555.13 H.csv",CSV|HTML,rec_8713ff53fd157f03783c|c_bdc52816d06a28d412c1,False,SAME_MINUTE_TIMES_AND_ECONOMIC_FIELDS,0
dup_97ae0d89b40dc612,2,"2025/2021-2024/2022/statement.html|DREA,補交易紀錄/2022-12 dream 最高+1,555.13 H.csv",CSV|HTML,rec_2d9816aaf7d62a7de4e5|c_97ad8bca1c421bb689ed,False,SAME_MINUTE_TIMES_AND_ECONOMIC_FIELDS,0
dup_e50ea00550b6f4f9,2,"2025/2021-2024/2022/statement.html|DREA,補交易紀錄/2022-12 dream 最高+1,555.13 H.csv",CSV|HTML,rec_c280f3a8c54ceb16e877|c_82bb09fa8039031a26d2,False,SAME_MINUTE_TIMES_AND_ECONOMIC_FIELDS,0
dup_8b4af79b6bbf122c,2,"2025/2021-2024/2022/statement.html|DREA,補交易紀錄/2022-12 dream 最高+1,555.13 H.csv",CSV|HTML,rec_ab76c5ab290132463df6|c_2bdc37976c2af2083e2d,False,SAME_MINUTE_TIMES_AND_ECONOMIC_FIELDS,0
dup_53f49600e3aceca7,2,"2025/2021-2024/2022/statement.html|DREA,補交易紀錄/2022-12 dream 最高+1,555.13 H.csv",CSV|HTML,rec_d1f96eef83e78ec9c60c|c_322438b42e4b1d94a05b,False,SAME_MINUTE_TIMES_AND_ECONOMIC_FIELDS,0
dup_fd755232a4589980,2,"2025/2021-2024/2023/statement (6).html|DREA,補交易紀錄/ing~2023-01-25 帳戶風控1745 最高+323%.csv",CSV|HTML,rec_6119859a25e83ec5c177|c_8a27ea5db26438171645,False,SAME_MINUTE_TIMES_AND_ECONOMIC_FIELDS,0
dup_00683f8edf69f22c,2,"2025/2021-2024/2022/statement.html|DREA,補交易紀錄/2022-12 dream 最高+1,555.13 H.csv",CSV|HTML,rec_d29fdb90f5c0660a82e5|c_344a359852dba7b32b3e,False,SAME_MINUTE_TIMES_AND_ECONOMIC_FIELDS,0
dup_76f29a1b8a1ef9e5,2,"2025/2021-2024/2023/statement (6).html|DREA,補交易紀錄/ing~2023-01-25 帳戶風控1745 最高+323%.csv",CSV|HTML,rec_c4a8fcb7c52e65b0ee96|c_17274b30e820985b7a8f,False,SAME_MINUTE_TIMES_AND_ECONOMIC_FIELDS,0
dup_8559150b8df4303d,2,"2025/2021-2024/2023/statement (6).html|DREA,補交易紀錄/ing~2023-01-25 帳戶風控1745 最高+323%.csv",CSV|HTML,rec_87d16041791c00775399|c_5f8bba24ceac82f2a682,False,SAME_MINUTE_TIMES_AND_ECONOMIC_FIELDS,0
dup_76d514a913cc95c2,2,"2025/2021-2024/2023/statement (6).html|DREA,補交易紀錄/ing~2023-01-25 帳戶風控1745 最高+323%.csv",CSV|HTML,rec_24f2425909adac8b28de|c_a835775e2eb35f2b818a,False,SAME_MINUTE_TIMES_AND_ECONOMIC_FIELDS,0
dup_e6e35de16f0c1ad8,2,"2025/2021-2024/2023/statement (6).html|DREA,補交易紀錄/ing~2023-01-25 帳戶風控1745 最高+323%.csv",CSV|HTML,rec_e8b5877daf5ccaa3df45|c_e1643006f671f85e7c75,False,SAME_MINUTE_TIMES_AND_ECONOMIC_FIELDS,0
dup_b69e177674e9f673,2,"2025/2021-2024/2022/statement.html|DREA,補交易紀錄/2022-12 dream 最高+1,555.13 H.csv",CSV|HTML,rec_446565d53dbcd701c96d|c_f09165d01fc132daa669,False,SAME_MINUTE_TIMES_AND_ECONOMIC_FIELDS,0
dup_bb29ef3bb1d26888,2,"2025/2021-2024/2023/statement (6).html|DREA,補交易紀錄/ing~2023-01-25 帳戶風控1745 最高+323%.csv",CSV|HTML,rec_cdfd30bdf4fdf85ce69b|c_021c8779802615e0b72a,False,SAME_MINUTE_TIMES_AND_ECONOMIC_FIELDS,0
dup_ef13e5825824d7a4,2,"2025/2021-2024/2023/statement (6).html|DREA,補交易紀錄/ing~2023-01-25 帳戶風控1745 最高+323%.csv",CSV|HTML,rec_757611eb039540fd701a|c_caaf0d604856cbf8b094,False,SAME_MINUTE_TIMES_AND_ECONOMIC_FIELDS,0
dup_50ca91252bb27108,2,"2025/2021-2024/2023/statement (6).html|DREA,補交易紀錄/ing~2023-01-25 帳戶風控1745 最高+323%.csv",CSV|HTML,rec_30a0218cdf5294597d3b|c_544f87541422b491d6b4,False,SAME_MINUTE_TIMES_AND_ECONOMIC_FIELDS,0
dup_8ebb88dfb55f0b4f,2,"2025/2021-2024/2023/statement (6).html|DREA,補交易紀錄/ing~2023-01-25 帳戶風控1745 最高+323%.csv",CSV|HTML,rec_6f15f941deaf4a1477cc|c_b45cb3c9e06928914040,False,SAME_MINUTE_TIMES_AND_ECONOMIC_FIELDS,0
dup_7e2f620cee75e7d3,2,"2025/2021-2024/2023/statement (6).html|DREA,補交易紀錄/ing~2023-01-25 帳戶風控1745 最高+323%.csv",CSV|HTML,rec_0f58adb3ddf88484b2d3|c_da625d6bdb2629679d2a,False,SAME_MINUTE_TIMES_AND_ECONOMIC_FIELDS,0
dup_16cc46cfc4929e9d,2,"2025/2021-2024/2023/statement (6).html|DREA,補交易紀錄/ing~2023-01-25 帳戶風控1745 最高+323%.csv",CSV|HTML,rec_af025a95905dfb3e4d35|c_937d19f5fc3bcfc792c3,False,SAME_MINUTE_TIMES_AND_ECONOMIC_FIELDS,0
dup_af4af34b6a82290d,2,"2025/2021-2024/2023/statement (6).html|DREA,補交易紀錄/ing~2023-01-25 帳戶風控1745 最高+323%.csv",CSV|HTML,rec_879f7ecbd9f00667668f|c_cb9e3acd0586a8bb491a,False,SAME_MINUTE_TIMES_AND_ECONOMIC_FIELDS,0
dup_30b0c55748ead9db,2,"2025/2021-2024/2023/statement (6).html|DREA,補交易紀錄/ing~2023-01-25 帳戶風控1745 最高+323%.csv",CSV|HTML,rec_0e22d41bec5da005a3ed|c_af7542144e24cf14f2bf,False,SAME_MINUTE_TIMES_AND_ECONOMIC_FIELDS,0
dup_331c10b1ac65cfd6,2,"2025/2021-2024/2023/statement (6).html|DREA,補交易紀錄/ing~2023-01-25 帳戶風控1745 最高+323%.csv",CSV|HTML,rec_658fa46e3026c4a40ab9|c_6448120d7d091e32dae5,False,SAME_MINUTE_TIMES_AND_ECONOMIC_FIELDS,0
dup_1638cd9919f55864,2,"2025/2021-2024/2023/statement (6).html|DREA,補交易紀錄/ing~2023-01-25 帳戶風控1745 最高+323%.csv",CSV|HTML,rec_5ed8f7cd8fc440f28a21|c_23909594c490dc4312c3,False,SAME_MINUTE_TIMES_AND_ECONOMIC_FIELDS,0
dup_484f3021412bcdc8,2,"2025/2021-2024/2023/statement (6).html|DREA,補交易紀錄/ing~2023-01-25 帳戶風控1745 最高+323%.csv",CSV|HTML,rec_f6f5fe8e57c7da57049c|c_b65080bb7a4267226014,False,SAME_MINUTE_TIMES_AND_ECONOMIC_FIELDS,0
dup_73fb02644c9dface,2,"2025/2021-2024/2023/statement (6).html|DREA,補交易紀錄/ing~2023-01-25 帳戶風控1745 最高+323%.csv",CSV|HTML,rec_aa1eed8ee4e87b1998c9|c_76ccbb749aaf3535c759,False,SAME_MINUTE_TIMES_AND_ECONOMIC_FIELDS,0
dup_e63021adf3c374a8,2,"2025/2021-2024/2023/statement (6).html|DREA,補交易紀錄/ing~2023-01-25 帳戶風控1745 最高+323%.csv",CSV|HTML,rec_1a3b06c4037861509588|c_96c628e1f3d5978f17ef,False,SAME_MINUTE_TIMES_AND_ECONOMIC_FIELDS,0
dup_0460ddbb3fb3b842,2,"2025/2021-2024/2023/statement (6).html|DREA,補交易紀錄/ing~2023-01-25 帳戶風控1745 最高+323%.csv",CSV|HTML,rec_e8733d63003d134bfd1a|c_bc6dc7362e4e4ea26d95,False,SAME_MINUTE_TIMES_AND_ECONOMIC_FIELDS,0
dup_005beb1aef15b8cd,2,"2025/2021-2024/2023/statement (6).html|DREA,補交易紀錄/ing~2023-01-25 帳戶風控1745 最高+323%.csv",CSV|HTML,rec_2522ed7eec76722b44df|c_0d66905b12d846ad69ca,False,SAME_MINUTE_TIMES_AND_ECONOMIC_FIELDS,0
dup_57a6ac985ef64ccd,2,"2025/2021-2024/2023/statement (6).html|DREA,補交易紀錄/ing~2023-01-25 帳戶風控1745 最高+323%.csv",CSV|HTML,rec_2e27a54adaa151d6f7b4|c_2372e3d59933e3a3fac8,False,SAME_MINUTE_TIMES_AND_ECONOMIC_FIELDS,0
dup_031baa933787c508,2,"2025/2021-2024/2023/statement (6).html|DREA,補交易紀錄/ing~2023-01-25 帳戶風控1745 最高+323%.csv",CSV|HTML,rec_936097e77cce10e88316|c_876c8dbd6b41d3e87528,False,SAME_MINUTE_TIMES_AND_ECONOMIC_FIELDS,0
dup_bdf57bd09410fed6,2,"2025/2021-2024/2023/statement (6).html|DREA,補交易紀錄/ing~2023-01-25 帳戶風控1745 最高+323%.csv",CSV|HTML,rec_6e4974f30b9e7b484920|c_452918d47a3696a32649,False,SAME_MINUTE_TIMES_AND_ECONOMIC_FIELDS,0
dup_3b27f72e0e4c1e8f,2,"2025/2021-2024/2022/statement.html|DREA,補交易紀錄/2022-12 dream 最高+1,555.13 H.csv",CSV|HTML,rec_8256a6ccd6cbb27c741a|c_e1e3009738edc99ddf75,False,SAME_MINUTE_TIMES_AND_ECONOMIC_FIELDS,0
dup_9fce1ef291f9a781,2,"2025/2021-2024/2023/statement (6).html|DREA,補交易紀錄/ing~2023-01-25 帳戶風控1745 最高+323%.csv",CSV|HTML,rec_820ee85f0ec9333ddd23|c_3666fa21d6119c4f7f92,False,SAME_MINUTE_TIMES_AND_ECONOMIC_FIELDS,0
dup_ccee3eb5174bba3a,2,"2025/2021-2024/2022/statement.html|DREA,補交易紀錄/2022-12 dream 最高+1,555.13 H.csv",CSV|HTML,rec_c5e052c2793ffff5377c|c_0720725e9ce8d0bf7e99,False,SAME_MINUTE_TIMES_AND_ECONOMIC_FIELDS,0
dup_f64b4fc9cc894ed7,2,"2025/2021-2024/2022/statement.html|DREA,補交易紀錄/2022-12 dream 最高+1,555.13 H.csv",CSV|HTML,rec_ff74ee4f9ec9d5cf909c|c_250af3968edee490a79c,False,SAME_MINUTE_TIMES_AND_ECONOMIC_FIELDS,0
dup_59a9aceb2f5662da,2,"2025/2021-2024/2023/statement (6).html|DREA,補交易紀錄/ing~2023-01-25 帳戶風控1745 最高+323%.csv",CSV|HTML,rec_034b3403e81ddb4ca9fc|c_dae64827b95b5e311477,False,SAME_MINUTE_TIMES_AND_ECONOMIC_FIELDS,0
dup_61d160fa537e178a,2,"2025/2021-2024/2023/statement (6).html|DREA,補交易紀錄/ing~2023-01-25 帳戶風控1745 最高+323%.csv",CSV|HTML,rec_c454db76e285639db1e4|c_5750e08d428e0b78f518,False,SAME_MINUTE_TIMES_AND_ECONOMIC_FIELDS,0
dup_3c9340ed7056891e,2,"2025/2021-2024/2023/statement (6).html|DREA,補交易紀錄/ing~2023-01-25 帳戶風控1745 最高+323%.csv",CSV|HTML,rec_d80d7b841c6ace92cb66|c_0983d37b3351fb126ed6,False,SAME_MINUTE_TIMES_AND_ECONOMIC_FIELDS,0
dup_402101dfa2f3b48b,2,"2025/2021-2024/2023/statement (6).html|DREA,補交易紀錄/ing~2023-01-25 帳戶風控1745 最高+323%.csv",CSV|HTML,rec_8dc7268e3a82f837f58f|c_36fd40a4559b391d360f,False,SAME_MINUTE_TIMES_AND_ECONOMIC_FIELDS,0
dup_a7d3debdc1aed374,2,"2025/2021-2024/2023/statement (6).html|DREA,補交易紀錄/ing~2023-01-25 帳戶風控1745 最高+323%.csv",CSV|HTML,rec_46a580d32d4d411f0417|c_da7781540843a362ee3c,False,SAME_MINUTE_TIMES_AND_ECONOMIC_FIELDS,0
dup_d66d2cc8308e7079,2,"2025/2021-2024/2023/statement (6).html|DREA,補交易紀錄/ing~2023-01-25 帳戶風控1745 最高+323%.csv",CSV|HTML,rec_40569000d8f4a561e61f|c_28a490b9c1bbb66c306a,False,SAME_MINUTE_TIMES_AND_ECONOMIC_FIELDS,0
dup_1fcdca000286ea58,2,"2025/2021-2024/2022/statement.html|DREA,補交易紀錄/2022-12 dream 最高+1,555.13 H.csv",CSV|HTML,rec_a3a15e5468a30738f48f|c_7a961ba8496651f41569,False,SAME_MINUTE_TIMES_AND_ECONOMIC_FIELDS,0
dup_e836c1508e2ab613,2,"2025/2021-2024/2023/statement (6).html|DREA,補交易紀錄/ing~2023-01-25 帳戶風控1745 最高+323%.csv",CSV|HTML,rec_04065c5448d242ceb02f|c_191d8cfccd8d90b6693a,False,SAME_MINUTE_TIMES_AND_ECONOMIC_FIELDS,0
dup_6b397980d4e2caea,2,"2025/2021-2024/2023/statement (6).html|DREA,補交易紀錄/ing~2023-01-25 帳戶風控1745 最高+323%.csv",CSV|HTML,rec_805474bb2c7a43d97932|c_a79657c9927142b30c39,False,SAME_MINUTE_TIMES_AND_ECONOMIC_FIELDS,0
dup_054b6c3bb1a328b3,2,"2025/2021-2024/2023/statement (6).html|DREA,補交易紀錄/ing~2023-01-25 帳戶風控1745 最高+323%.csv",CSV|HTML,rec_de57037fc971f4b55613|c_21df929f7249997afb49,False,SAME_MINUTE_TIMES_AND_ECONOMIC_FIELDS,0
dup_90b5cf76f665f37a,2,"2025/2021-2024/2023/statement (6).html|DREA,補交易紀錄/ing~2023-01-25 帳戶風控1745 最高+323%.csv",CSV|HTML,rec_649c5388bc7fc56538ab|c_c622965d5d6f739af2e5,False,SAME_MINUTE_TIMES_AND_ECONOMIC_FIELDS,0
dup_3ab4ade96add7ace,2,"2025/2021-2024/2022/statement.html|DREA,補交易紀錄/2022-12 dream 最高+1,555.13 H.csv",CSV|HTML,rec_426e6a7205876e4cb250|c_621a7baf09ce91541789,False,SAME_MINUTE_TIMES_AND_ECONOMIC_FIELDS,0
dup_9bc6fe611e3c15d6,2,"2025/2021-2024/2023/statement (6).html|DREA,補交易紀錄/ing~2023-01-25 帳戶風控1745 最高+323%.csv",CSV|HTML,rec_79ac57de2adee768e694|c_767e29e8080ce1e85ec2,False,SAME_MINUTE_TIMES_AND_ECONOMIC_FIELDS,0
dup_5bb1e5f2f98e2d6c,2,"2025/2021-2024/2022/statement.html|DREA,補交易紀錄/2022-12 dream 最高+1,555.13 H.csv",CSV|HTML,rec_41452a3143a7b6e80569|c_d01a63dcf4612d9b6019,False,SAME_MINUTE_TIMES_AND_ECONOMIC_FIELDS,0
dup_6c14959322b72611,2,"2025/2021-2024/2023/statement (6).html|DREA,補交易紀錄/ing~2023-01-25 帳戶風控1745 最高+323%.csv",CSV|HTML,rec_2207507a254cfc76cefc|c_869018d78f62c545efc7,False,SAME_MINUTE_TIMES_AND_ECONOMIC_FIELDS,0
dup_9197940d19c6340b,2,"2025/2021-2024/2022/statement.html|DREA,補交易紀錄/2022-12 dream 最高+1,555.13 H.csv",CSV|HTML,rec_97b2486fe54d3f870508|c_9ac99b678e09fb736940,False,SAME_MINUTE_TIMES_AND_ECONOMIC_FIELDS,0
dup_3483167b8289a335,2,"2025/2021-2024/2022/statement.html|DREA,補交易紀錄/2022-12 dream 最高+1,555.13 H.csv",CSV|HTML,rec_a31f591a4b45634878bf|c_90b11cd09aae116c933a,False,SAME_MINUTE_TIMES_AND_ECONOMIC_FIELDS,0
dup_b1188b17328af6c2,2,"2025/2021-2024/2023/statement (6).html|DREA,補交易紀錄/ing~2023-01-25 帳戶風控1745 最高+323%.csv",CSV|HTML,rec_ce48faaac034a93f8115|c_8efacc477fe4a9c05475,False,SAME_MINUTE_TIMES_AND_ECONOMIC_FIELDS,0
dup_8c80d27221b18ac7,2,"2025/2021-2024/2022/statement.html|DREA,補交易紀錄/2022-12 dream 最高+1,555.13 H.csv",CSV|HTML,rec_42dc00210d9c12914fe6|c_d32f9b3a073e9f6684cd,False,SAME_MINUTE_TIMES_AND_ECONOMIC_FIELDS,0
dup_b019dea1d421cc3b,2,"2025/2021-2024/2022/statement.html|DREA,補交易紀錄/2022-12 dream 最高+1,555.13 H.csv",CSV|HTML,rec_d75f10f94b3e635dd480|c_723f70f8f7c9f4f41a4e,False,SAME_MINUTE_TIMES_AND_ECONOMIC_FIELDS,0
dup_4b0173ca8354cdb7,2,"2025/2021-2024/2023/statement (6).html|DREA,補交易紀錄/ing~2023-01-25 帳戶風控1745 最高+323%.csv",CSV|HTML,rec_0fcbc067aa33311e556e|c_68135f250af9b190b688,False,SAME_MINUTE_TIMES_AND_ECONOMIC_FIELDS,0
dup_20f9daa9871d6088,2,"2025/2021-2024/2023/statement (6).html|DREA,補交易紀錄/ing~2023-01-25 帳戶風控1745 最高+323%.csv",CSV|HTML,rec_b82672b9b93d13aa6bca|c_485bf3f84ac7b69cfc98,False,SAME_MINUTE_TIMES_AND_ECONOMIC_FIELDS,0
dup_e0513aa6a988079c,2,"2025/2021-2024/2023/statement (6).html|DREA,補交易紀錄/ing~2023-01-25 帳戶風控1745 最高+323%.csv",CSV|HTML,rec_0909b2baa5b3fbbfd2ab|c_7cbdb819b7ad07022313,False,SAME_MINUTE_TIMES_AND_ECONOMIC_FIELDS,0
dup_e9c50d6f4427f832,2,"2025/2021-2024/2023/statement (6).html|DREA,補交易紀錄/ing~2023-01-25 帳戶風控1745 最高+323%.csv",CSV|HTML,rec_0c84cc8b370f817e167e|c_8f8ef68ef8b84b451fcd,False,SAME_MINUTE_TIMES_AND_ECONOMIC_FIELDS,0
dup_01fbf9f4fb1f176a,2,"2025/2021-2024/2023/statement (6).html|DREA,補交易紀錄/ing~2023-01-25 帳戶風控1745 最高+323%.csv",CSV|HTML,rec_d0e8be62c96e16a642a5|c_e7a387ba4b0f831f4ea7,False,SAME_MINUTE_TIMES_AND_ECONOMIC_FIELDS,0
dup_a03ab446008272a0,2,"2025/2021-2024/2023/statement (6).html|DREA,補交易紀錄/ing~2023-01-25 帳戶風控1745 最高+323%.csv",CSV|HTML,rec_75ea8b2872d0c6b15862|c_cffc88119ffb232f0439,False,SAME_MINUTE_TIMES_AND_ECONOMIC_FIELDS,0
dup_070bd9bfb78ede06,2,"2025/2021-2024/2023/statement (6).html|DREA,補交易紀錄/ing~2023-01-25 帳戶風控1745 最高+323%.csv",CSV|HTML,rec_ddbdfc954c2b545337cb|c_73493d102a485842f7fb,False,SAME_MINUTE_TIMES_AND_ECONOMIC_FIELDS,0
dup_10af5fb597b7cc1d,2,"2025/2021-2024/2022/statement.html|DREA,補交易紀錄/2022-12 dream 最高+1,555.13 H.csv",CSV|HTML,rec_92829d11ab95d42a43ac|c_26b97bc237756aaf1355,False,SAME_MINUTE_TIMES_AND_ECONOMIC_FIELDS,0
dup_1e4ca73d887a770a,2,"2025/2021-2024/2023/statement (6).html|DREA,補交易紀錄/ing~2023-01-25 帳戶風控1745 最高+323%.csv",CSV|HTML,rec_6ec932ce6e6c2d5b7b7c|c_5e69de89b983116099ff,False,SAME_MINUTE_TIMES_AND_ECONOMIC_FIELDS,0
dup_02f7e2e20994e136,2,"2025/2021-2024/2023/statement (6).html|DREA,補交易紀錄/ing~2023-01-25 帳戶風控1745 最高+323%.csv",CSV|HTML,rec_559c326f8efb45b0ff58|c_8f59ba3d7063ccbb6c7f,False,SAME_MINUTE_TIMES_AND_ECONOMIC_FIELDS,0
dup_caed87317a7e9139,2,"2025/2021-2024/2023/statement (6).html|DREA,補交易紀錄/ing~2023-01-25 帳戶風控1745 最高+323%.csv",CSV|HTML,rec_e44708fee4e84cca8996|c_d513a8ca2ab7a23566c3,False,SAME_MINUTE_TIMES_AND_ECONOMIC_FIELDS,0
dup_6f8f5b1e9a1d6614,2,"2025/2021-2024/2022/statement.html|DREA,補交易紀錄/2022-12 dream 最高+1,555.13 H.csv",CSV|HTML,rec_a57b8b64d74b5993abda|c_30663783b9546cada6d0,False,SAME_MINUTE_TIMES_AND_ECONOMIC_FIELDS,0
dup_5aefcd16040014b5,2,"2025/2021-2024/2022/statement.html|DREA,補交易紀錄/2022-12 dream 最高+1,555.13 H.csv",CSV|HTML,rec_fb16e898845b44c6345d|c_7a0adb83edf8567f105a,False,SAME_MINUTE_TIMES_AND_ECONOMIC_FIELDS,0
dup_57709fc8d2eeb893,2,"2025/2021-2024/2022/statement.html|DREA,補交易紀錄/2022-12 dream 最高+1,555.13 H.csv",CSV|HTML,rec_541c83e5f8ee4018f9d3|c_0000cfe092ba8c462de1,False,SAME_MINUTE_TIMES_AND_ECONOMIC_FIELDS,0
dup_55c2a9e8f478f3c2,2,"2025/2021-2024/2022/statement.html|DREA,補交易紀錄/2022-12 dream 最高+1,555.13 H.csv",CSV|HTML,rec_972a5274ea694eb9a61d|c_b8b2655bd75e3abf91b2,False,SAME_MINUTE_TIMES_AND_ECONOMIC_FIELDS,0
dup_0b0a75f982db0d84,2,"2025/2021-2024/2022/statement.html|DREA,補交易紀錄/2022-12 dream 最高+1,555.13 H.csv",CSV|HTML,rec_e0a3cc70a77028c910fe|c_766a17ea31579d4712d0,False,SAME_MINUTE_TIMES_AND_ECONOMIC_FIELDS,0
dup_93bf12ff5fbda586,2,"2025/2021-2024/2022/statement.html|DREA,補交易紀錄/2022-12 dream 最高+1,555.13 H.csv",CSV|HTML,rec_e8306c085fc0bb82b397|c_16713783558d4ea9b66d,False,SAME_MINUTE_TIMES_AND_ECONOMIC_FIELDS,0
dup_e357c0611535a280,2,"2025/2021-2024/2022/statement.html|DREA,補交易紀錄/2022-12 dream 最高+1,555.13 H.csv",CSV|HTML,rec_e56204b50f8849531f1f|c_f8a73c40f34b94717c43,False,SAME_MINUTE_TIMES_AND_ECONOMIC_FIELDS,0
dup_41041552d1fa912f,2,"2025/2021-2024/2022/statement.html|DREA,補交易紀錄/2022-12 dream 最高+1,555.13 H.csv",CSV|HTML,rec_de150bb776c97d353f5c|c_a341740137aabd45bc86,False,SAME_MINUTE_TIMES_AND_ECONOMIC_FIELDS,0
dup_fc38fbcb2ae6ea19,2,"2025/2021-2024/2022/statement.html|DREA,補交易紀錄/2022-12 dream 最高+1,555.13 H.csv",CSV|HTML,rec_23ec5b0e51158580cc0c|c_dc0c6ebf78012ec9dac3,False,SAME_MINUTE_TIMES_AND_ECONOMIC_FIELDS,0
dup_9114d49a0bfcb664,2,"2025/2021-2024/2023/statement (6).html|DREA,補交易紀錄/ing~2023-01-25 帳戶風控1745 最高+323%.csv",CSV|HTML,rec_aacfe2dd95c3f5705b60|c_cc0ffc3b19d4b07a8981,False,SAME_MINUTE_TIMES_AND_ECONOMIC_FIELDS,0
dup_41b83fd423ba0baa,2,"2025/2021-2024/2023/statement (6).html|DREA,補交易紀錄/ing~2023-01-25 帳戶風控1745 最高+323%.csv",CSV|HTML,rec_3bcc14e36ac62b60f2d6|c_3e9e6a7b94fd0781d1e0,False,SAME_MINUTE_TIMES_AND_ECONOMIC_FIELDS,0
dup_1e2616a6f866b0c2,2,"2025/2021-2024/2023/statement (6).html|DREA,補交易紀錄/ing~2023-01-25 帳戶風控1745 最高+323%.csv",CSV|HTML,rec_bdac91c9259d9d6491f6|c_50bfd16fe680f36d31e4,False,SAME_MINUTE_TIMES_AND_ECONOMIC_FIELDS,0
dup_f3d4e0f4bd016562,2,"2025/2021-2024/2023/statement (6).html|DREA,補交易紀錄/ing~2023-01-25 帳戶風控1745 最高+323%.csv",CSV|HTML,rec_29fffb3d9dc4fe9df04d|c_8ed94da48da5d29c6ee6,False,SAME_MINUTE_TIMES_AND_ECONOMIC_FIELDS,0
dup_4101b013dc4e6308,2,"2025/2021-2024/2023/statement (6).html|DREA,補交易紀錄/ing~2023-01-25 帳戶風控1745 最高+323%.csv",CSV|HTML,rec_ca21d43fd2a0d38fce86|c_19ee9e41ac3b04b1a59e,False,SAME_MINUTE_TIMES_AND_ECONOMIC_FIELDS,0
dup_8c0a74087a7628a4,2,"2025/2021-2024/2023/statement (6).html|DREA,補交易紀錄/ing~2023-01-25 帳戶風控1745 最高+323%.csv",CSV|HTML,rec_3630d43eb3da2ab55b57|c_cc294b7f8fe817794fda,False,SAME_MINUTE_TIMES_AND_ECONOMIC_FIELDS,0
dup_c026d1adba284970,2,"2025/2021-2024/2023/statement (6).html|DREA,補交易紀錄/ing~2023-01-25 帳戶風控1745 最高+323%.csv",CSV|HTML,rec_1b2433f634ad628e302c|c_71e6919c4902fcb84a19,False,SAME_MINUTE_TIMES_AND_ECONOMIC_FIELDS,0
dup_cc663e82da5dd452,2,"2025/2021-2024/2023/statement (6).html|DREA,補交易紀錄/ing~2023-01-25 帳戶風控1745 最高+323%.csv",CSV|HTML,rec_cadfd3f1ae17eeab39a7|c_369ddfe85bf5782ec17e,False,SAME_MINUTE_TIMES_AND_ECONOMIC_FIELDS,0
dup_0c6c4aeab2ca3e86,2,"2025/2021-2024/2023/statement (6).html|DREA,補交易紀錄/ing~2023-01-25 帳戶風控1745 最高+323%.csv",CSV|HTML,rec_52dfe0ac6c44ead5baff|c_448150c40c255387d7e3,False,SAME_MINUTE_TIMES_AND_ECONOMIC_FIELDS,0
dup_f504427e40089727,2,"2025/2021-2024/2023/statement (6).html|DREA,補交易紀錄/ing~2023-01-25 帳戶風控1745 最高+323%.csv",CSV|HTML,rec_8be71d7cda275373cb43|c_bf4e8b61dfa0c31e1d4a,False,SAME_MINUTE_TIMES_AND_ECONOMIC_FIELDS,0
dup_6cd2aa0478ff729a,2,"2025/2021-2024/2023/statement (6).html|DREA,補交易紀錄/ing~2023-01-25 帳戶風控1745 最高+323%.csv",CSV|HTML,rec_eaabaa04b1e898d1955b|c_f6cd94b287e07e88eace,False,SAME_MINUTE_TIMES_AND_ECONOMIC_FIELDS,0
dup_189f6dacccad5cf4,2,"2025/2021-2024/2023/statement (6).html|DREA,補交易紀錄/ing~2023-01-25 帳戶風控1745 最高+323%.csv",CSV|HTML,rec_06f3820b07398b47101d|c_81cbdb0e1537acc6e1f6,False,SAME_MINUTE_TIMES_AND_ECONOMIC_FIELDS,0
dup_6882f0f9f5b927ca,2,"2025/2021-2024/2023/statement (6).html|DREA,補交易紀錄/ing~2023-01-25 帳戶風控1745 最高+323%.csv",CSV|HTML,rec_b7be2a3000af67620dea|c_f32943dc68c4f192fa3e,False,SAME_MINUTE_TIMES_AND_ECONOMIC_FIELDS,0
dup_88e70c4196451f1a,2,"2025/2021-2024/2023/statement (6).html|DREA,補交易紀錄/ing~2023-01-25 帳戶風控1745 最高+323%.csv",CSV|HTML,rec_f136a0eafbdb0b11c0b4|c_7a9f54942ce77ef59037,False,SAME_MINUTE_TIMES_AND_ECONOMIC_FIELDS,0
dup_b9abab369426a6ec,2,"2025/2021-2024/2023/statement (6).html|DREA,補交易紀錄/ing~2023-01-25 帳戶風控1745 最高+323%.csv",CSV|HTML,rec_490db5d48a2a2de217b3|c_235cce478ff8f063e4a8,False,SAME_MINUTE_TIMES_AND_ECONOMIC_FIELDS,0
dup_fdea3a4d1f5f096b,2,"2025/2021-2024/2023/statement (6).html|DREA,補交易紀錄/ing~2023-01-25 帳戶風控1745 最高+323%.csv",CSV|HTML,rec_db5eab73ecd56149248e|c_944e85a1eb6e6a8275ae,False,SAME_MINUTE_TIMES_AND_ECONOMIC_FIELDS,0
dup_f1e3889e3a08c63e,2,"2025/2021-2024/2023/statement (2).html|DREA,補交易紀錄/2023-03-21 帳戶風控4110最高+153%.csv",CSV|HTML,rec_5de00cada129dd0b6acf|c_eb10770e18169cacb1e2,False,SAME_MINUTE_TIMES_AND_ECONOMIC_FIELDS,0
dup_d6c64b6c7370e996,2,"2025/2021-2024/2023/statement (2).html|DREA,補交易紀錄/2023-03-21 帳戶風控4110最高+153%.csv",CSV|HTML,rec_15ecc4c0c026f9a698e4|c_c301b9bfe343af43a53a,False,SAME_MINUTE_TIMES_AND_ECONOMIC_FIELDS,0
dup_9c1ed026648da30a,2,"2025/2021-2024/2023/statement (2).html|DREA,補交易紀錄/2023-03-21 帳戶風控4110最高+153%.csv",CSV|HTML,rec_0e6739ae7bddc86a8e8a|c_39c3cbb1a00284013453,False,SAME_MINUTE_TIMES_AND_ECONOMIC_FIELDS,0
dup_14e65c22d3ba6e42,2,"2025/2021-2024/2023/statement (2).html|DREA,補交易紀錄/2023-03-21 帳戶風控4110最高+153%.csv",CSV|HTML,rec_f2536f03fcf9fa236965|c_dfdb243ba93e5eef0a23,False,SAME_MINUTE_TIMES_AND_ECONOMIC_FIELDS,0
dup_e8fa0bfc715138a5,2,"2025/2021-2024/2023/statement (2).html|DREA,補交易紀錄/2023-03-21 帳戶風控4110最高+153%.csv",CSV|HTML,rec_00d4c808bffcb23b1e4b|c_2f8579b43f364e489087,False,SAME_MINUTE_TIMES_AND_ECONOMIC_FIELDS,0
dup_161d34aa3c3de8ba,2,"2025/2021-2024/2023/statement (2).html|DREA,補交易紀錄/2023-03-21 帳戶風控4110最高+153%.csv",CSV|HTML,rec_300c5bb2804b392ed6c5|c_251e3a882d8823309998,False,SAME_MINUTE_TIMES_AND_ECONOMIC_FIELDS,0
dup_2dedb0c6587167c3,2,"2025/2021-2024/2023/statement (2).html|DREA,補交易紀錄/2023-03-21 帳戶風控4110最高+153%.csv",CSV|HTML,rec_b431329ec3fda2b2e5c7|c_1dd31923314960b73ade,False,SAME_MINUTE_TIMES_AND_ECONOMIC_FIELDS,0
dup_2ecd878b0e5a365d,2,"2025/2021-2024/2023/statement (2).html|DREA,補交易紀錄/2023-03-21 帳戶風控4110最高+153%.csv",CSV|HTML,rec_6461cfc134adaaa930ae|c_7aeafecdd3942675b7b8,False,SAME_MINUTE_TIMES_AND_ECONOMIC_FIELDS,0
dup_8c774863b92c5a85,2,"2025/2021-2024/2023/statement (2).html|DREA,補交易紀錄/2023-03-21 帳戶風控4110最高+153%.csv",CSV|HTML,rec_6e7efef76de0c548ce1b|c_da1acdbbfc854dc2e785,False,SAME_MINUTE_TIMES_AND_ECONOMIC_FIELDS,0
dup_cc25f199b451dfca,2,"2025/2021-2024/2023/statement (2).html|DREA,補交易紀錄/2023-03-21 帳戶風控4110最高+153%.csv",CSV|HTML,rec_aa46e53b372415e8b661|c_940a853c83ab99d4dad6,False,SAME_MINUTE_TIMES_AND_ECONOMIC_FIELDS,0
dup_9c14b79a26263b8e,2,"2025/2021-2024/2023/statement (2).html|DREA,補交易紀錄/2023-03-21 帳戶風控4110最高+153%.csv",CSV|HTML,rec_1470729a8e81d110e47c|c_ba21e76ae4255a949f41,False,SAME_MINUTE_TIMES_AND_ECONOMIC_FIELDS,0
dup_2d3ca669fdcf785d,2,"2025/2021-2024/2023/statement (2).html|DREA,補交易紀錄/2023-03-21 帳戶風控4110最高+153%.csv",CSV|HTML,rec_390c7fd5a37b086a8bdb|c_1d1220a58a03d3bd1e26,False,SAME_MINUTE_TIMES_AND_ECONOMIC_FIELDS,0
dup_f1d41888706cb54e,2,"2025/2021-2024/2023/statement (2).html|DREA,補交易紀錄/2023-03-21 帳戶風控4110最高+153%.csv",CSV|HTML,rec_6bf9fcb97c1173a4e890|c_15851f9b4ff28c0275a1,False,SAME_MINUTE_TIMES_AND_ECONOMIC_FIELDS,0
dup_b1f35d296b501a4b,2,"2025/2021-2024/2023/statement (2).html|DREA,補交易紀錄/2023-03-21 帳戶風控4110最高+153%.csv",CSV|HTML,rec_d338b6282a7e6f353379|c_3f8bbe906651f0d795eb,False,SAME_MINUTE_TIMES_AND_ECONOMIC_FIELDS,0
dup_7038153b41e05992,2,"2025/2021-2024/2023/statement (2).html|DREA,補交易紀錄/2023-03-21 帳戶風控4110最高+153%.csv",CSV|HTML,rec_1529e50e67f867dc6e0c|c_18a724da54390b3d441b,False,SAME_MINUTE_TIMES_AND_ECONOMIC_FIELDS,0
dup_5e7260bea33f3a24,2,"2025/2021-2024/2023/statement (2).html|DREA,補交易紀錄/2023-03-21 帳戶風控4110最高+153%.csv",CSV|HTML,rec_37ae800ccb8d2e75da88|c_0367cac649861fec6335,False,SAME_MINUTE_TIMES_AND_ECONOMIC_FIELDS,0
dup_ce46305417ad6e99,2,"2025/2021-2024/2023/statement (2).html|DREA,補交易紀錄/2023-03-21 帳戶風控4110最高+153%.csv",CSV|HTML,rec_8a0820a91380d08f6ac4|c_b3d1e65ed05fbdd0944a,False,SAME_MINUTE_TIMES_AND_ECONOMIC_FIELDS,0
dup_5b3de8cd4b1d7d48,2,"2025/2021-2024/2023/statement (2).html|DREA,補交易紀錄/2023-03-21 帳戶風控4110最高+153%.csv",CSV|HTML,rec_eaf1358a288e3c7833e9|c_3112914dd07a5b3f0072,False,SAME_MINUTE_TIMES_AND_ECONOMIC_FIELDS,0
dup_3754fac02dce1816,2,"2025/2021-2024/2023/statement (2).html|DREA,補交易紀錄/2023-03-21 帳戶風控4110最高+153%.csv",CSV|HTML,rec_743692dff4fe9a94f042|c_ce8534c95cfe8669cdda,False,SAME_MINUTE_TIMES_AND_ECONOMIC_FIELDS,0
dup_eaa488ef7727913e,2,"2025/2021-2024/2023/statement (2).html|DREA,補交易紀錄/2023-03-21 帳戶風控4110最高+153%.csv",CSV|HTML,rec_8ef7c3f78a6872c77b2c|c_8c2388b7d1f5dee3dbb8,False,SAME_MINUTE_TIMES_AND_ECONOMIC_FIELDS,0
dup_200eff0118375013,2,"2025/2021-2024/2023/statement (2).html|DREA,補交易紀錄/2023-03-21 帳戶風控4110最高+153%.csv",CSV|HTML,rec_df0482ee94f073d6363e|c_a4c80efce62e6cf58c94,False,SAME_MINUTE_TIMES_AND_ECONOMIC_FIELDS,0
dup_b7c722434a9c2a9c,2,"2025/2021-2024/2023/statement (2).html|DREA,補交易紀錄/2023-03-21 帳戶風控4110最高+153%.csv",CSV|HTML,rec_cee352ed17c225e581ce|c_0527f5c24875670fd11a,False,SAME_MINUTE_TIMES_AND_ECONOMIC_FIELDS,0
dup_916650fd5e0ee8b8,2,"2025/2021-2024/2023/statement (2).html|DREA,補交易紀錄/2023-03-21 帳戶風控4110最高+153%.csv",CSV|HTML,rec_00782937f92fdea5cb7c|c_84f172612b1d815e6282,False,SAME_MINUTE_TIMES_AND_ECONOMIC_FIELDS,0
dup_46ffd6ad08cc8764,2,"2025/2021-2024/2023/statement (2).html|DREA,補交易紀錄/2023-03-21 帳戶風控4110最高+153%.csv",CSV|HTML,rec_e5307e67263a337abf7b|c_59bb10cd83903b3d0d47,False,SAME_MINUTE_TIMES_AND_ECONOMIC_FIELDS,0
dup_321aaaf9aa7dd5ca,2,"2025/2021-2024/2023/statement (2).html|DREA,補交易紀錄/2023-03-21 帳戶風控4110最高+153%.csv",CSV|HTML,rec_83267e13b430a3591238|c_6c45adb36190a1d18f04,False,SAME_MINUTE_TIMES_AND_ECONOMIC_FIELDS,0
dup_fc781359d4a0f2a6,2,"2025/2021-2024/2023/statement (2).html|DREA,補交易紀錄/2023-03-21 帳戶風控4110最高+153%.csv",CSV|HTML,rec_e7941ce7afdf5bcef4fa|c_5fbd824edddd2a03026e,False,SAME_MINUTE_TIMES_AND_ECONOMIC_FIELDS,0
dup_231598e51751b571,2,"2025/2021-2024/2023/statement (2).html|DREA,補交易紀錄/2023-03-21 帳戶風控4110最高+153%.csv",CSV|HTML,rec_ebe38282f0d83be3cb34|c_04092c2c83cfe7c58fd2,False,SAME_MINUTE_TIMES_AND_ECONOMIC_FIELDS,0
dup_4a8829013645cc62,2,"2025/2021-2024/2023/statement (2).html|DREA,補交易紀錄/2023-03-21 帳戶風控4110最高+153%.csv",CSV|HTML,rec_caaf1189e0e5144ff96d|c_109680cc58d6a0515d31,False,SAME_MINUTE_TIMES_AND_ECONOMIC_FIELDS,0
dup_b96ce2f35214b33f,2,"2025/2021-2024/2023/statement (2).html|DREA,補交易紀錄/2023-03-21 帳戶風控4110最高+153%.csv",CSV|HTML,rec_26181472914526692d0e|c_fb69169dc9694bf105d7,False,SAME_MINUTE_TIMES_AND_ECONOMIC_FIELDS,0
dup_e375f6738bb691d9,2,"2025/2021-2024/2023/statement (2).html|DREA,補交易紀錄/2023-03-21 帳戶風控4110最高+153%.csv",CSV|HTML,rec_56cf5a421a892a0a9f35|c_6b0f87066cadbed63931,False,SAME_MINUTE_TIMES_AND_ECONOMIC_FIELDS,0
dup_b19f49aec784ce38,2,"2025/2021-2024/2023/statement (2).html|DREA,補交易紀錄/2023-03-21 帳戶風控4110最高+153%.csv",CSV|HTML,rec_1c6c669ee084cbecd750|c_941a9c3ad7bf84df13cb,False,SAME_MINUTE_TIMES_AND_ECONOMIC_FIELDS,0
dup_3a7a22bf765646e1,2,"2025/2021-2024/2023/statement (2).html|DREA,補交易紀錄/2023-03-21 帳戶風控4110最高+153%.csv",CSV|HTML,rec_18c9e3168dac56ac6aed|c_35b988985ed2f86c5c11,False,SAME_MINUTE_TIMES_AND_ECONOMIC_FIELDS,0
dup_2069066f842ffd6c,2,"2025/2021-2024/2023/statement (2).html|DREA,補交易紀錄/2023-03-21 帳戶風控4110最高+153%.csv",CSV|HTML,rec_778b59d4a6e6415d5b79|c_d882596b32387fda70c5,False,SAME_MINUTE_TIMES_AND_ECONOMIC_FIELDS,0
dup_aad37b5f4d753252,2,"2025/2021-2024/2023/statement (2).html|DREA,補交易紀錄/2023-03-21 帳戶風控4110最高+153%.csv",CSV|HTML,rec_b83d182de2cc8b18401c|c_c76b1bce8d4d4c55d272,False,SAME_MINUTE_TIMES_AND_ECONOMIC_FIELDS,0
dup_637cacad363c490f,2,"2025/2021-2024/2023/statement (2).html|DREA,補交易紀錄/2023-03-21 帳戶風控4110最高+153%.csv",CSV|HTML,rec_4516528c6d76d1e5432e|c_9fb4be086e72ca687a8e,False,SAME_MINUTE_TIMES_AND_ECONOMIC_FIELDS,0
dup_264b7fbb7f843762,2,"2025/2021-2024/2023/statement (2).html|DREA,補交易紀錄/2023-03-21 帳戶風控4110最高+153%.csv",CSV|HTML,rec_6336a153c06440b1ae02|c_45fc61790a3aeb37ef6d,False,SAME_MINUTE_TIMES_AND_ECONOMIC_FIELDS,0
dup_28f56d24df889fe1,2,"2025/2021-2024/2023/statement (2).html|DREA,補交易紀錄/2023-03-21 帳戶風控4110最高+153%.csv",CSV|HTML,rec_3449c78644a60ae4893d|c_4330e3556c4b3f516383,False,SAME_MINUTE_TIMES_AND_ECONOMIC_FIELDS,0
dup_8f6f679edf9721c1,2,"2025/2021-2024/2023/statement (2).html|DREA,補交易紀錄/2023-03-21 帳戶風控4110最高+153%.csv",CSV|HTML,rec_6e9835a9e98eeffe56fc|c_d751c8e42e4cbc571a0d,False,SAME_MINUTE_TIMES_AND_ECONOMIC_FIELDS,0
dup_3caacb39d9e9e7b1,2,"2025/2021-2024/2023/statement (2).html|DREA,補交易紀錄/2023-03-21 帳戶風控4110最高+153%.csv",CSV|HTML,rec_fbd57e46f9939fab8a4f|c_8896f8d593e945d57459,False,SAME_MINUTE_TIMES_AND_ECONOMIC_FIELDS,0
dup_d205ecc2f0a8a2fa,2,"2025/2021-2024/2023/statement (2).html|DREA,補交易紀錄/2023-03-21 帳戶風控4110最高+153%.csv",CSV|HTML,rec_c6509fb5a58b58a0e28f|c_c827a0729d8444ce4965,False,SAME_MINUTE_TIMES_AND_ECONOMIC_FIELDS,0
dup_ed910529866f3155,2,"2025/2021-2024/2023/statement (2).html|DREA,補交易紀錄/2023-03-21 帳戶風控4110最高+153%.csv",CSV|HTML,rec_30c7c5e59f7a68802d50|c_f0e1eb50447987826a1a,False,SAME_MINUTE_TIMES_AND_ECONOMIC_FIELDS,0
dup_7973117f8ace6c6c,2,"2025/2021-2024/2023/statement (2).html|DREA,補交易紀錄/2023-03-21 帳戶風控4110最高+153%.csv",CSV|HTML,rec_beb5f68853f2aec79764|c_f5642aadada6ec626a95,False,SAME_MINUTE_TIMES_AND_ECONOMIC_FIELDS,0
dup_66afe0fefc3a318e,2,"2025/2021-2024/2023/statement (2).html|DREA,補交易紀錄/2023-03-21 帳戶風控4110最高+153%.csv",CSV|HTML,rec_24092ea9f3853dd28857|c_df621cb77e36a1574356,False,SAME_MINUTE_TIMES_AND_ECONOMIC_FIELDS,0
dup_0c7695320c2d3ba9,2,"2025/2021-2024/2023/statement (2).html|DREA,補交易紀錄/2023-03-21 帳戶風控4110最高+153%.csv",CSV|HTML,rec_66db3c2edb9ce7b00557|c_eeda7cbaa23f3bb6b999,False,SAME_MINUTE_TIMES_AND_ECONOMIC_FIELDS,0
dup_c5725e7e3408a9d1,2,"2025/2021-2024/2023/statement (2).html|DREA,補交易紀錄/2023-03-21 帳戶風控4110最高+153%.csv",CSV|HTML,rec_70582a4a9ff78378dfeb|c_2e22f7009d5bb6f5e07d,False,SAME_MINUTE_TIMES_AND_ECONOMIC_FIELDS,0
dup_2fb9757fb2e4e6c2,2,"2025/2021-2024/2023/statement (2).html|DREA,補交易紀錄/2023-03-21 帳戶風控4110最高+153%.csv",CSV|HTML,rec_34564c417ef5113275d5|c_e4ed71b10f33a35deb82,False,SAME_MINUTE_TIMES_AND_ECONOMIC_FIELDS,0
dup_be20a166d904af20,2,"2025/2021-2024/2023/statement (2).html|DREA,補交易紀錄/2023-03-21 帳戶風控4110最高+153%.csv",CSV|HTML,rec_7c04f6ce9aa991dd850d|c_0aa59012680c510743ee,False,SAME_MINUTE_TIMES_AND_ECONOMIC_FIELDS,0
dup_2237f8303f4b29aa,2,"2025/2021-2024/2023/statement (2).html|DREA,補交易紀錄/2023-03-21 帳戶風控4110最高+153%.csv",CSV|HTML,rec_c0c6b8e8e08e76285ad1|c_f9ea81e65f87c43e8bfc,False,SAME_MINUTE_TIMES_AND_ECONOMIC_FIELDS,0
dup_ee408b6758a6a1d7,2,"2025/2021-2024/2023/statement (2).html|DREA,補交易紀錄/2023-03-21 帳戶風控4110最高+153%.csv",CSV|HTML,rec_e7748dff8c54ec26ee9d|c_ad28e36e4a6705048eb1,False,SAME_MINUTE_TIMES_AND_ECONOMIC_FIELDS,0
dup_f916ca2fb16d97d7,2,"2025/2021-2024/2023/statement (2).html|DREA,補交易紀錄/2023-03-21 帳戶風控4110最高+153%.csv",CSV|HTML,rec_6ac8a8b8066dbc8cb6c8|c_194eb3e73bc90f51945b,False,SAME_MINUTE_TIMES_AND_ECONOMIC_FIELDS,0
dup_50e99cb36efade10,2,"2025/2021-2024/2023/statement (2).html|DREA,補交易紀錄/2023-03-21 帳戶風控4110最高+153%.csv",CSV|HTML,rec_488c4e3082cef31da76a|c_dca902d5aa9cdd8bb49e,False,SAME_MINUTE_TIMES_AND_ECONOMIC_FIELDS,0
dup_d91c8ccda6d648fd,2,"2025/2021-2024/2023/statement (2).html|DREA,補交易紀錄/2023-03-21 帳戶風控4110最高+153%.csv",CSV|HTML,rec_fa7cb26c2cee39cc1a2c|c_8b6226e5937e343cbf8f,False,SAME_MINUTE_TIMES_AND_ECONOMIC_FIELDS,0
dup_ea88ba1a9a7a1063,2,"2025/2021-2024/2023/statement (2).html|DREA,補交易紀錄/2023-03-21 帳戶風控4110最高+153%.csv",CSV|HTML,rec_22e4496ca23d97f938ec|c_ed1d975ca6958c58c5ec,False,SAME_MINUTE_TIMES_AND_ECONOMIC_FIELDS,0
dup_499c92be40ba2c1d,2,"2025/2021-2024/2023/statement (2).html|DREA,補交易紀錄/2023-03-21 帳戶風控4110最高+153%.csv",CSV|HTML,rec_1c8e858a566e38f04f2b|c_c6a84a22bc4234a68b07,False,SAME_MINUTE_TIMES_AND_ECONOMIC_FIELDS,0
dup_deac1713de6e2c91,2,"2025/2021-2024/2023/statement (2).html|DREA,補交易紀錄/2023-03-21 帳戶風控4110最高+153%.csv",CSV|HTML,rec_2e10e204d63fee018161|c_3599dc0894f4fdb2e0f8,False,SAME_MINUTE_TIMES_AND_ECONOMIC_FIELDS,0
dup_f2b3ffa2260e2470,2,"2025/2021-2024/2023/statement (2).html|DREA,補交易紀錄/2023-03-21 帳戶風控4110最高+153%.csv",CSV|HTML,rec_677e2ab30ce154702d07|c_cef377090ef4a299c3fa,False,SAME_MINUTE_TIMES_AND_ECONOMIC_FIELDS,0
dup_2260d1a834604166,2,"2025/2021-2024/2023/statement (2).html|DREA,補交易紀錄/2023-03-21 帳戶風控4110最高+153%.csv",CSV|HTML,rec_c35e8beb4b7e15c674f8|c_a33313666018c3b62511,False,SAME_MINUTE_TIMES_AND_ECONOMIC_FIELDS,0
dup_1f233fa8a1594489,2,"2025/2021-2024/2023/statement (2).html|DREA,補交易紀錄/2023-03-21 帳戶風控4110最高+153%.csv",CSV|HTML,rec_44e9c053ab04034a61e9|c_2d52e4b7c5ad3fd7ad0d,False,SAME_MINUTE_TIMES_AND_ECONOMIC_FIELDS,0
dup_45a3810a58d8a380,2,"2025/2021-2024/2023/statement (2).html|DREA,補交易紀錄/2023-03-21 帳戶風控4110最高+153%.csv",CSV|HTML,rec_2e5aa29d9a805d39584a|c_7fd304071b2fa023c449,False,SAME_MINUTE_TIMES_AND_ECONOMIC_FIELDS,0
dup_f4f313affea362e6,2,"2025/2021-2024/2023/statement (2).html|DREA,補交易紀錄/2023-03-21 帳戶風控4110最高+153%.csv",CSV|HTML,rec_c547218ea709512b4ccb|c_6a09adb1e2ce44e8653c,False,SAME_MINUTE_TIMES_AND_ECONOMIC_FIELDS,0
dup_8ec071ba4f75cf28,2,"2025/2021-2024/2023/statement (2).html|DREA,補交易紀錄/2023-03-21 帳戶風控4110最高+153%.csv",CSV|HTML,rec_5ba03ecc574b9ed3341c|c_833dda862cf0f85d4c1d,False,SAME_MINUTE_TIMES_AND_ECONOMIC_FIELDS,0
dup_c7ac6f166462a19a,2,"2025/2021-2024/2023/statement (2).html|DREA,補交易紀錄/2023-03-21 帳戶風控4110最高+153%.csv",CSV|HTML,rec_27197c4d14969c6ad2fc|c_9e9b05b7c80562fab512,False,SAME_MINUTE_TIMES_AND_ECONOMIC_FIELDS,0
dup_e4532b7ce8d26e6e,2,"2025/2021-2024/2023/statement (1).html|DREA,補交易紀錄/2023-04-03 帳戶風控5023 最高.csv",CSV|HTML,rec_5057f52118f4d2288095|c_f12eb1dc126b6c068622,False,SAME_MINUTE_TIMES_AND_ECONOMIC_FIELDS,0
dup_bf7fd680ef35b0b9,2,"2025/2021-2024/2023/statement (1).html|DREA,補交易紀錄/2023-04-03 帳戶風控5023 最高.csv",CSV|HTML,rec_a5020da170affe72ac14|c_a16e906f35f00203817b,False,SAME_MINUTE_TIMES_AND_ECONOMIC_FIELDS,0
dup_b341fb472a26ffa8,2,"2025/2021-2024/2023/statement (1).html|DREA,補交易紀錄/2023-04-03 帳戶風控5023 最高.csv",CSV|HTML,rec_68b1605d4ef761239008|c_a0afdb5f3a6bd48e965e,False,SAME_MINUTE_TIMES_AND_ECONOMIC_FIELDS,0
dup_0f253ea4abc0a71f,2,"2025/2021-2024/2023/statement (1).html|DREA,補交易紀錄/2023-04-03 帳戶風控5023 最高.csv",CSV|HTML,rec_0009670aba414c4d4dd4|c_bdb06f1503f3c6a52064,False,SAME_MINUTE_TIMES_AND_ECONOMIC_FIELDS,0
dup_c9b46a7b09c5b8c5,2,"2025/2021-2024/2023/statement (1).html|DREA,補交易紀錄/2023-04-03 帳戶風控5023 最高.csv",CSV|HTML,rec_c58c717b3186a2a383b8|c_546206989ac5e7c176ac,False,SAME_MINUTE_TIMES_AND_ECONOMIC_FIELDS,0
dup_dcdf280bd8b57d4b,2,"2025/2021-2024/2023/statement (1).html|DREA,補交易紀錄/2023-04-03 帳戶風控5023 最高.csv",CSV|HTML,rec_4c4f0d35840b53ed465e|c_50696fc131ac7d6de687,False,SAME_MINUTE_TIMES_AND_ECONOMIC_FIELDS,0
dup_2e01a93dbaf94004,2,"2025/2021-2024/2023/statement (1).html|DREA,補交易紀錄/2023-04-03 帳戶風控5023 最高.csv",CSV|HTML,rec_1aeac29f867d6f980569|c_8f3adff0db1da2e03fea,False,SAME_MINUTE_TIMES_AND_ECONOMIC_FIELDS,0
dup_e97e4b81753012b3,2,"2025/2021-2024/2023/statement (1).html|DREA,補交易紀錄/2023-04-03 帳戶風控5023 最高.csv",CSV|HTML,rec_c6ad4cf8e973813dbd1d|c_0b7cf18f26adf692ecf6,False,SAME_MINUTE_TIMES_AND_ECONOMIC_FIELDS,0
dup_75dd706bd4e38c3f,2,"2025/2021-2024/2023/statement (1).html|DREA,補交易紀錄/2023-04-03 帳戶風控5023 最高.csv",CSV|HTML,rec_26e693318d800968635e|c_885fcebbb68e105e9109,False,SAME_MINUTE_TIMES_AND_ECONOMIC_FIELDS,0
dup_b322acf0f579f011,2,"2025/2021-2024/2023/statement (1).html|DREA,補交易紀錄/2023-04-03 帳戶風控5023 最高.csv",CSV|HTML,rec_13fc6ea2c451eed2b4e0|c_a8645029ed295931cc5c,False,SAME_MINUTE_TIMES_AND_ECONOMIC_FIELDS,0
dup_c4bd1cfb8522694c,2,"2025/2021-2024/2023/statement (1).html|DREA,補交易紀錄/2023-04-03 帳戶風控5023 最高.csv",CSV|HTML,rec_affc4170190f134bcfa2|c_e2196d371bc33a39fa3f,False,SAME_MINUTE_TIMES_AND_ECONOMIC_FIELDS,0
dup_f0bfd1d763730494,2,"2025/2021-2024/2023/statement (1).html|DREA,補交易紀錄/2023-04-03 帳戶風控5023 最高.csv",CSV|HTML,rec_852c959e06579d62888d|c_6aa12a6882d76feae3e9,False,SAME_MINUTE_TIMES_AND_ECONOMIC_FIELDS,0
dup_55c0c8065bd70b8b,2,"2025/2021-2024/2023/statement (1).html|DREA,補交易紀錄/2023-04-03 帳戶風控5023 最高.csv",CSV|HTML,rec_190a9f18274377d0690e|c_4c42dd2a2a07f3d8094a,False,SAME_MINUTE_TIMES_AND_ECONOMIC_FIELDS,0
dup_1dd5eb338a398540,2,"2025/2021-2024/2023/statement (1).html|DREA,補交易紀錄/2023-04-03 帳戶風控5023 最高.csv",CSV|HTML,rec_fe379d00ff28a5d49b7a|c_0d31d4c1c6ece4ca0fe4,False,SAME_MINUTE_TIMES_AND_ECONOMIC_FIELDS,0
dup_b58379a7021f38ba,2,"2025/2021-2024/2023/statement (1).html|DREA,補交易紀錄/2023-04-03 帳戶風控5023 最高.csv",CSV|HTML,rec_9c29cb5882754ef95ca0|c_b7b6a778dfeec84291c7,False,SAME_MINUTE_TIMES_AND_ECONOMIC_FIELDS,0
dup_8cd96c95df82bc50,2,"2025/2021-2024/2023/statement (1).html|DREA,補交易紀錄/2023-04-03 帳戶風控5023 最高.csv",CSV|HTML,rec_7c5ec1bf7a4ef5037be7|c_ef3bf1e5d072be9f6311,False,SAME_MINUTE_TIMES_AND_ECONOMIC_FIELDS,0
dup_3072d515e80c072a,2,"2025/2021-2024/2023/statement (1).html|DREA,補交易紀錄/2023-04-03 帳戶風控5023 最高.csv",CSV|HTML,rec_c74550d2e6b01ef6d28d|c_57139ba3ea8c43181722,False,SAME_MINUTE_TIMES_AND_ECONOMIC_FIELDS,0
dup_828be0de921041cb,2,"2025/2021-2024/2023/statement (1).html|DREA,補交易紀錄/2023-04-03 帳戶風控5023 最高.csv",CSV|HTML,rec_04f8cb241192c1c40dce|c_c6e6494a7eae1bf1f81d,False,SAME_MINUTE_TIMES_AND_ECONOMIC_FIELDS,0
dup_e3044bd9bd9ca02c,2,"2025/2021-2024/2023/statement (1).html|DREA,補交易紀錄/2023-04-03 帳戶風控5023 最高.csv",CSV|HTML,rec_ee5f85d852d5f7b7db8b|c_33f5a6c46d6f60e856d2,False,SAME_MINUTE_TIMES_AND_ECONOMIC_FIELDS,0
dup_172522432e8a4439,2,"2025/2021-2024/2023/statement (1).html|DREA,補交易紀錄/2023-04-03 帳戶風控5023 最高.csv",CSV|HTML,rec_87eeeb0093219ead9483|c_e5498a5f4db111962797,False,SAME_MINUTE_TIMES_AND_ECONOMIC_FIELDS,0
dup_2bea382933a77d7a,2,"2025/2021-2024/2023/statement (1).html|DREA,補交易紀錄/2023-04-03 帳戶風控5023 最高.csv",CSV|HTML,rec_d494495d685ad9ca6545|c_e896581f75f74191d7ec,False,SAME_MINUTE_TIMES_AND_ECONOMIC_FIELDS,0
dup_e7cff00b0cd8ed8a,2,"2025/2021-2024/2023/statement (1).html|DREA,補交易紀錄/2023-04-03 帳戶風控5023 最高.csv",CSV|HTML,rec_518fd335adee55389aba|c_e0a15e809acea191cb9a,False,SAME_MINUTE_TIMES_AND_ECONOMIC_FIELDS,0
dup_1572f36181b2b97e,2,"2025/2021-2024/2023/statement (1).html|DREA,補交易紀錄/2023-04-03 帳戶風控5023 最高.csv",CSV|HTML,rec_9a8e62862f309dad83e2|c_71dec4b7be6589d49270,False,SAME_MINUTE_TIMES_AND_ECONOMIC_FIELDS,0
dup_e9960929d1635f60,2,"2025/2021-2024/2023/statement (1).html|DREA,補交易紀錄/2023-04-03 帳戶風控5023 最高.csv",CSV|HTML,rec_e4fbdc91a6da41bd1522|c_1768dab90fd12051aab9,False,SAME_MINUTE_TIMES_AND_ECONOMIC_FIELDS,0
dup_d91a88d5a74b912f,2,"2025/2021-2024/2023/statement (1).html|DREA,補交易紀錄/2023-04-03 帳戶風控5023 最高.csv",CSV|HTML,rec_2cdcc8d7b7a2d6268c97|c_e727e5ead9ef006a9b91,False,SAME_MINUTE_TIMES_AND_ECONOMIC_FIELDS,0
dup_406f2eb90eb04b90,2,"2025/2021-2024/2023/statement (1).html|DREA,補交易紀錄/2023-04-03 帳戶風控5023 最高.csv",CSV|HTML,rec_7a8710e618eb89e74f38|c_a6df52bf29316826329f,False,SAME_MINUTE_TIMES_AND_ECONOMIC_FIELDS,0
dup_9966abaf70831029,2,"2025/2021-2024/2023/statement (1).html|DREA,補交易紀錄/2023-04-03 帳戶風控5023 最高.csv",CSV|HTML,rec_cc944e3b73ad04b3816d|c_f0ef96f3e1a66929ac32,False,SAME_MINUTE_TIMES_AND_ECONOMIC_FIELDS,0
dup_6ac62bbbadeb90db,2,"2025/2021-2024/2023/statement (1).html|DREA,補交易紀錄/2023-04-03 帳戶風控5023 最高.csv",CSV|HTML,rec_45a3e958bde0cdc19450|c_9984ec3edbea7ad51839,False,SAME_MINUTE_TIMES_AND_ECONOMIC_FIELDS,0
dup_aa3986289f1534c3,2,"2025/2021-2024/2023/statement (1).html|DREA,補交易紀錄/2023-04-03 帳戶風控5023 最高.csv",CSV|HTML,rec_cd216372f7385421657c|c_9268dfcd738683bdd12f,False,SAME_MINUTE_TIMES_AND_ECONOMIC_FIELDS,0
dup_ff74e3a088fdc22e,2,"2025/2021-2024/2023/statement (1).html|DREA,補交易紀錄/2023-04-03 帳戶風控5023 最高.csv",CSV|HTML,rec_0ade045d7c4471a7bfba|c_42a11beddd4de53c09bd,False,SAME_MINUTE_TIMES_AND_ECONOMIC_FIELDS,0
dup_8244116bcba3983b,2,"2025/2021-2024/2023/statement (1).html|DREA,補交易紀錄/2023-04-03 帳戶風控5023 最高.csv",CSV|HTML,rec_db6694360be919b178f2|c_350f338668f2b9fb05ed,False,SAME_MINUTE_TIMES_AND_ECONOMIC_FIELDS,0
dup_c2fcc593b29a3d7c,2,"2025/2021-2024/2023/statement (1).html|DREA,補交易紀錄/2023-04-03 帳戶風控5023 最高.csv",CSV|HTML,rec_b0b7b57b79f8306cfbc5|c_31b76a549d909eef78a8,False,SAME_MINUTE_TIMES_AND_ECONOMIC_FIELDS,0
dup_7f454a23c39bb614,2,"2025/2021-2024/2023/statement (1).html|DREA,補交易紀錄/2023-04-03 帳戶風控5023 最高.csv",CSV|HTML,rec_d5281c07a978330adace|c_744902c5f19aeba44bca,False,SAME_MINUTE_TIMES_AND_ECONOMIC_FIELDS,0
dup_c0c412322dcaebde,2,"2025/2021-2024/2023/statement (1).html|DREA,補交易紀錄/2023-04-03 帳戶風控5023 最高.csv",CSV|HTML,rec_3b7f999647b120c950b8|c_edeff7588465841c6556,False,SAME_MINUTE_TIMES_AND_ECONOMIC_FIELDS,0
dup_25205a957bb967b0,2,"2025/2021-2024/2023/statement (1).html|DREA,補交易紀錄/2023-04-03 帳戶風控5023 最高.csv",CSV|HTML,rec_549b7a666268dbf83c09|c_896cfab16c1ef640b8db,False,SAME_MINUTE_TIMES_AND_ECONOMIC_FIELDS,0
dup_2011374e096e11cc,2,"2025/2021-2024/2023/statement (1).html|DREA,補交易紀錄/2023-04-03 帳戶風控5023 最高.csv",CSV|HTML,rec_70df6608110c6748bad5|c_fc6cb76c7e91af217f2c,False,SAME_MINUTE_TIMES_AND_ECONOMIC_FIELDS,0
dup_fb3819abb5ebe653,2,"2025/2021-2024/2023/statement (1).html|DREA,補交易紀錄/2023-04-03 帳戶風控5023 最高.csv",CSV|HTML,rec_4418a644cabf16cd6eae|c_5d6e4f89147e90547153,False,SAME_MINUTE_TIMES_AND_ECONOMIC_FIELDS,0
dup_89e9c4b5e62e6458,2,"2025/2021-2024/2023/statement (1).html|DREA,補交易紀錄/2023-04-03 帳戶風控5023 最高.csv",CSV|HTML,rec_c80259e9e7b4f7c2dccb|c_0e87a9d5905a76cc86bd,False,SAME_MINUTE_TIMES_AND_ECONOMIC_FIELDS,0
dup_a6023d49f774fa00,2,"2025/2021-2024/2023/statement (1).html|DREA,補交易紀錄/2023-04-03 帳戶風控5023 最高.csv",CSV|HTML,rec_659bb6ee0739a759f281|c_d767fcf02e54b9e801e6,False,SAME_MINUTE_TIMES_AND_ECONOMIC_FIELDS,0
dup_412c1ca053e3a3ee,2,"2025/2021-2024/2023/statement (1).html|DREA,補交易紀錄/2023-04-03 帳戶風控5023 最高.csv",CSV|HTML,rec_56ccbbee1ed806d70bdd|c_7ef5ec99b174a568ee4b,False,SAME_MINUTE_TIMES_AND_ECONOMIC_FIELDS,0
dup_1db9a37343321980,2,"2025/2021-2024/2023/statement (1).html|DREA,補交易紀錄/2023-04-03 帳戶風控5023 最高.csv",CSV|HTML,rec_1a058b0d37557db1ee72|c_93a4e8aa118f46eae77d,False,SAME_MINUTE_TIMES_AND_ECONOMIC_FIELDS,0
dup_f735d346db363af4,2,"2025/2021-2024/2023/statement (1).html|DREA,補交易紀錄/2023-04-03 帳戶風控5023 最高.csv",CSV|HTML,rec_e8b28ce2b1c710095501|c_d6ceddb6be2923c7fbb0,False,SAME_MINUTE_TIMES_AND_ECONOMIC_FIELDS,0
dup_cbed9117be858a54,2,"2025/2021-2024/2023/statement (1).html|DREA,補交易紀錄/2023-04-03 帳戶風控5023 最高.csv",CSV|HTML,rec_aa6b6fe8c4441e725848|c_2d5d8da3863e742eade6,False,SAME_MINUTE_TIMES_AND_ECONOMIC_FIELDS,0
dup_1628e33bfe4f0202,2,"2025/2021-2024/2023/statement (1).html|DREA,補交易紀錄/2023-04-03 帳戶風控5023 最高.csv",CSV|HTML,rec_026e91b7c4c2a1388acd|c_5786de3d702db95b5580,False,SAME_MINUTE_TIMES_AND_ECONOMIC_FIELDS,0
dup_e78c5c112fe62a3b,2,"2025/2021-2024/2023/statement (1).html|DREA,補交易紀錄/2023-04-03 帳戶風控5023 最高.csv",CSV|HTML,rec_5ed46dbc633d0b5b758a|c_a8b9dcdeb3af85f63274,False,SAME_MINUTE_TIMES_AND_ECONOMIC_FIELDS,0
dup_2a832ada40effb62,2,"2025/2021-2024/2023/statement (1).html|DREA,補交易紀錄/2023-04-03 帳戶風控5023 最高.csv",CSV|HTML,rec_f8747d0f5e64e3d6fcd5|c_08047bebd15080162841,False,SAME_MINUTE_TIMES_AND_ECONOMIC_FIELDS,0
dup_d7f92d2cf43c0f96,2,"2025/2021-2024/2023/statement (1).html|DREA,補交易紀錄/2023-04-03 帳戶風控5023 最高.csv",CSV|HTML,rec_54f33be39b7bcb03bccf|c_3f6970cb456e7915557a,False,SAME_MINUTE_TIMES_AND_ECONOMIC_FIELDS,0
dup_d6b4267270bb9d96,2,"2025/2021-2024/2023/statement (1).html|DREA,補交易紀錄/2023-04-03 帳戶風控5023 最高.csv",CSV|HTML,rec_28cc3ce5c954ae128b21|c_2b5fedbe4a7a14fce3c0,False,SAME_MINUTE_TIMES_AND_ECONOMIC_FIELDS,0
dup_ac3bcb758231ab67,2,"2025/2021-2024/2023/statement (1).html|DREA,補交易紀錄/2023-04-03 帳戶風控5023 最高.csv",CSV|HTML,rec_839d7d3b730bd6a93442|c_5cf48523fecb75936ae0,False,SAME_MINUTE_TIMES_AND_ECONOMIC_FIELDS,0
dup_f4598e650c89db8a,2,"2025/2021-2024/2023/statement (1).html|DREA,補交易紀錄/2023-04-03 帳戶風控5023 最高.csv",CSV|HTML,rec_0c39531a4dce4646bdf7|c_c5f5514a4e61dfa26cd1,False,SAME_MINUTE_TIMES_AND_ECONOMIC_FIELDS,0
dup_f453bd8b3352209d,2,"2025/2021-2024/2023/statement (1).html|DREA,補交易紀錄/2023-04-03 帳戶風控5023 最高.csv",CSV|HTML,rec_5f49d25253b72a859def|c_b210a61e3c4536be2d18,False,SAME_MINUTE_TIMES_AND_ECONOMIC_FIELDS,0
dup_fcd0dfe2fec16518,2,"2025/2021-2024/2023/statement (1).html|DREA,補交易紀錄/2023-04-03 帳戶風控5023 最高.csv",CSV|HTML,rec_f7f0e2f30a91474d042e|c_74e75cd95a1828bb0f9d,False,SAME_MINUTE_TIMES_AND_ECONOMIC_FIELDS,0
dup_9e73dac24f3a2569,2,"2025/2021-2024/2023/statement (1).html|DREA,補交易紀錄/2023-04-03 帳戶風控5023 最高.csv",CSV|HTML,rec_1e1ce81ccffdb169093e|c_c56ed6b9e7077c42cc3c,False,SAME_MINUTE_TIMES_AND_ECONOMIC_FIELDS,0
dup_5857acb922a05732,2,"2025/2021-2024/2023/statement (1).html|DREA,補交易紀錄/2023-04-03 帳戶風控5023 最高.csv",CSV|HTML,rec_45efdfa5a18d82f72d6f|c_2b34ea7aead5022d68d8,False,SAME_MINUTE_TIMES_AND_ECONOMIC_FIELDS,0
dup_bcadf692ad33f7e2,2,"2025/2021-2024/2023/statement (1).html|DREA,補交易紀錄/2023-04-03 帳戶風控5023 最高.csv",CSV|HTML,rec_fe92af95004a82a49247|c_83910d7a66c1d7835e8e,False,SAME_MINUTE_TIMES_AND_ECONOMIC_FIELDS,0
dup_e12c845a571e10d8,2,"2025/2021-2024/2023/statement (1).html|DREA,補交易紀錄/2023-04-03 帳戶風控5023 最高.csv",CSV|HTML,rec_a0c21fec58b129c62b56|c_cca4e0edf83425fbe81f,False,SAME_MINUTE_TIMES_AND_ECONOMIC_FIELDS,0
dup_cc39ef895a9a6199,2,"2025/2021-2024/2023/statement (1).html|DREA,補交易紀錄/2023-04-03 帳戶風控5023 最高.csv",CSV|HTML,rec_e730c22c2b1beb529fbc|c_b55495fc807c26187870,False,SAME_MINUTE_TIMES_AND_ECONOMIC_FIELDS,0
dup_35b644d1239bd648,2,"2025/2021-2024/2023/statement (1).html|DREA,補交易紀錄/2023-04-03 帳戶風控5023 最高.csv",CSV|HTML,rec_4b470068a25d07d9bf1c|c_b082377ccd06dcf9ca69,False,SAME_MINUTE_TIMES_AND_ECONOMIC_FIELDS,0
dup_52a4ca689c44b55d,2,"2025/2021-2024/2023/statement (1).html|DREA,補交易紀錄/2023-04-03 帳戶風控5023 最高.csv",CSV|HTML,rec_cdb515ae97a5d4bbcb1e|c_65d51d75e97d97271575,False,SAME_MINUTE_TIMES_AND_ECONOMIC_FIELDS,0
dup_02ac025cb8f71f2c,2,"2025/2021-2024/2023/statement (1).html|DREA,補交易紀錄/2023-04-03 帳戶風控5023 最高.csv",CSV|HTML,rec_6af31db90ffbc9071262|c_bb14b1a951d03f0b3be5,False,SAME_MINUTE_TIMES_AND_ECONOMIC_FIELDS,0
dup_50488bc04efe4b3f,2,"2025/2021-2024/2023/statement (1).html|DREA,補交易紀錄/2023-04-03 帳戶風控5023 最高.csv",CSV|HTML,rec_31b067c6abf503b7c580|c_3bb8d79b1d6e058377d5,False,SAME_MINUTE_TIMES_AND_ECONOMIC_FIELDS,0
dup_c25d852f065aba01,2,"2025/2021-2024/2023/statement (1).html|DREA,補交易紀錄/2023-04-03 帳戶風控5023 最高.csv",CSV|HTML,rec_38ee80712c32e9b37b41|c_7957c317d84c3d99da9c,False,SAME_MINUTE_TIMES_AND_ECONOMIC_FIELDS,0
dup_8dd70167cb00338b,2,"2025/2021-2024/2023/statement (1).html|DREA,補交易紀錄/2023-04-03 帳戶風控5023 最高.csv",CSV|HTML,rec_c9bbd73d54b0aad812a3|c_40a241044a521705bf00,False,SAME_MINUTE_TIMES_AND_ECONOMIC_FIELDS,0
dup_2a87012e9e1f2a22,2,"2025/2021-2024/2023/statement (1).html|DREA,補交易紀錄/2023-04-03 帳戶風控5023 最高.csv",CSV|HTML,rec_8552ff8e3f11a4317a7a|c_0e389bbc3ab507b7c4bf,False,SAME_MINUTE_TIMES_AND_ECONOMIC_FIELDS,0
dup_cd1395716e096693,2,"2025/2021-2024/2023/statement (1).html|DREA,補交易紀錄/2023-04-03 帳戶風控5023 最高.csv",CSV|HTML,rec_bbc9bfb3d9285fe74d79|c_7d1fb5e437edf19e6701,False,SAME_MINUTE_TIMES_AND_ECONOMIC_FIELDS,0
dup_070432ae8dd44132,2,"2025/2021-2024/2023/statement (1).html|DREA,補交易紀錄/2023-04-03 帳戶風控5023 最高.csv",CSV|HTML,rec_3c4058c80c8dc8968859|c_3da25e8416d8a49dc74e,False,SAME_MINUTE_TIMES_AND_ECONOMIC_FIELDS,0
dup_169973c58c32c9d7,2,"2025/2021-2024/2023/statement (1).html|DREA,補交易紀錄/2023-04-03 帳戶風控5023 最高.csv",CSV|HTML,rec_340820c0992437d07c38|c_7305aa1e325815eaa38f,False,SAME_MINUTE_TIMES_AND_ECONOMIC_FIELDS,0
dup_0ecfc3c8d6f9c591,2,"2025/2021-2024/2023/statement (1).html|DREA,補交易紀錄/2023-04-03 帳戶風控5023 最高.csv",CSV|HTML,rec_950ae82b2831140c55a5|c_381577d1e6dbdecd04ba,False,SAME_MINUTE_TIMES_AND_ECONOMIC_FIELDS,0
dup_e5cee14afba7b988,2,"2025/2021-2024/2023/statement (1).html|DREA,補交易紀錄/2023-04-03 帳戶風控5023 最高.csv",CSV|HTML,rec_860588a2ff36b41d87fe|c_1bb19f48dda42daeaa43,False,SAME_MINUTE_TIMES_AND_ECONOMIC_FIELDS,0
dup_6b9d4f5a31f46c1d,2,"2025/2021-2024/2023/statement (1).html|DREA,補交易紀錄/2023-04-03 帳戶風控5023 最高.csv",CSV|HTML,rec_3887dfe0149c21ebd869|c_68d54dd32c94d0eda1a1,False,SAME_MINUTE_TIMES_AND_ECONOMIC_FIELDS,0
dup_ec6f0791cdd1c332,2,"2025/2021-2024/2023/statement (1).html|DREA,補交易紀錄/2023-04-03 帳戶風控5023 最高.csv",CSV|HTML,rec_bba393e8f1576a738269|c_2e62e2ec5d8d208e1168,False,SAME_MINUTE_TIMES_AND_ECONOMIC_FIELDS,0
dup_df851beef1be6187,2,"2025/2021-2024/2023/statement.html|DREA,補交易紀錄/2023-06-30 帳戶風控.csv",CSV|HTML,rec_4e614a6840970f0bfa9b|c_caad1e0ef658a1a111cb,False,SAME_MINUTE_TIMES_AND_ECONOMIC_FIELDS,0
dup_5901e7d57f534f80,2,"2025/2021-2024/2023/statement.html|DREA,補交易紀錄/2023-06-30 帳戶風控.csv",CSV|HTML,rec_126dedfdfb8eae86e923|c_f546d3c3cc3acc8a0425,False,SAME_MINUTE_TIMES_AND_ECONOMIC_FIELDS,0
dup_ec9fc66ef68c9247,2,"2025/2021-2024/2023/statement.html|DREA,補交易紀錄/2023-06-30 帳戶風控.csv",CSV|HTML,rec_c475f49e93b7e50fd8b1|c_cd0c3cc4bf7d1601acab,False,SAME_MINUTE_TIMES_AND_ECONOMIC_FIELDS,0
dup_85af0720404821ef,2,"2025/2021-2024/2023/statement.html|DREA,補交易紀錄/2023-06-30 帳戶風控.csv",CSV|HTML,rec_5583364d7aca780e2143|c_9564568004687a8f5f5e,False,SAME_MINUTE_TIMES_AND_ECONOMIC_FIELDS,0
dup_496e4d3aeb631c65,2,"2025/2021-2024/2023/statement.html|DREA,補交易紀錄/2023-06-30 帳戶風控.csv",CSV|HTML,rec_8512b17c569691e49c12|c_201aa50176a4a17e9b37,False,SAME_MINUTE_TIMES_AND_ECONOMIC_FIELDS,0
dup_f61868bc6a2b72cf,2,"2025/2021-2024/2023/statement.html|DREA,補交易紀錄/2023-06-30 帳戶風控.csv",CSV|HTML,rec_bd796c0c5f48af9c1356|c_ef72d8bad1c59236b8f9,False,SAME_MINUTE_TIMES_AND_ECONOMIC_FIELDS,0
dup_e0ab2518b6704c1e,2,"2025/2021-2024/2023/statement.html|DREA,補交易紀錄/2023-06-30 帳戶風控.csv",CSV|HTML,rec_a945f566ff7a8fe761c8|c_f442a9fb2c080cb45778,False,SAME_MINUTE_TIMES_AND_ECONOMIC_FIELDS,0
dup_f81bec758f15909d,2,"2025/2021-2024/2023/statement.html|DREA,補交易紀錄/2023-06-30 帳戶風控.csv",CSV|HTML,rec_47edcc410f1228381e3c|c_4d3473fdc5ab8d5325ad,False,SAME_MINUTE_TIMES_AND_ECONOMIC_FIELDS,0
dup_79291e2b89f18896,2,"2025/2021-2024/2023/statement.html|DREA,補交易紀錄/2023-06-30 帳戶風控.csv",CSV|HTML,rec_519ace6b845090b3b578|c_61509ffb38fa96e48b66,False,SAME_MINUTE_TIMES_AND_ECONOMIC_FIELDS,0
dup_0de5997205562a15,2,"2025/2021-2024/2023/statement.html|DREA,補交易紀錄/2023-06-30 帳戶風控.csv",CSV|HTML,rec_da567f98351c88ae5979|c_8941bffa0a8f517b0e75,False,SAME_MINUTE_TIMES_AND_ECONOMIC_FIELDS,0
dup_39904c20529cc402,2,"2025/2021-2024/2023/statement.html|DREA,補交易紀錄/2023-06-30 帳戶風控.csv",CSV|HTML,rec_ed0dc4f7318ca7b566f8|c_6a8e64a4c99e276660e8,False,SAME_MINUTE_TIMES_AND_ECONOMIC_FIELDS,0
dup_71d8021a3ef32298,2,"2025/2021-2024/2023/statement.html|DREA,補交易紀錄/2023-06-30 帳戶風控.csv",CSV|HTML,rec_d344787d442f5a06f058|c_a334f910bf73fe9782a7,False,SAME_MINUTE_TIMES_AND_ECONOMIC_FIELDS,0
dup_35304e743bd52b84,2,"2025/2021-2024/2023/statement.html|DREA,補交易紀錄/2023-06-30 帳戶風控.csv",CSV|HTML,rec_c62a8289498ef379e150|c_96b1733fad01c2851264,False,SAME_MINUTE_TIMES_AND_ECONOMIC_FIELDS,0
dup_bad0b9dc8463b973,2,"2025/2021-2024/2023/statement.html|DREA,補交易紀錄/2023-06-30 帳戶風控.csv",CSV|HTML,rec_239f959a110c6eadf15a|c_59c5e6a75f15821d849e,False,SAME_MINUTE_TIMES_AND_ECONOMIC_FIELDS,0
dup_8831c1f5ab8ef788,2,"2025/2021-2024/2023/statement.html|DREA,補交易紀錄/2023-06-30 帳戶風控.csv",CSV|HTML,rec_af329b39049bbbfb2733|c_dbef9efa2ce1f58e369d,False,SAME_MINUTE_TIMES_AND_ECONOMIC_FIELDS,0
dup_74c055f83652ab2c,2,"2025/2021-2024/2023/statement.html|DREA,補交易紀錄/2023-06-30 帳戶風控.csv",CSV|HTML,rec_bc82e5897402e57cc270|c_7c4153e45d0332a28358,False,SAME_MINUTE_TIMES_AND_ECONOMIC_FIELDS,0
dup_c79790e2eecc66f7,2,"2025/2021-2024/2023/statement.html|DREA,補交易紀錄/2023-06-30 帳戶風控.csv",CSV|HTML,rec_ecdf39216a6459b7ef47|c_9fe411a6b6e42f4666ec,False,SAME_MINUTE_TIMES_AND_ECONOMIC_FIELDS,0
dup_5423f9f93e0e39bd,2,"2025/2021-2024/2023/statement.html|DREA,補交易紀錄/2023-06-30 帳戶風控.csv",CSV|HTML,rec_1940cc7ab4cd00deb9b9|c_7d6e12c0c0bd9513bd7e,False,SAME_MINUTE_TIMES_AND_ECONOMIC_FIELDS,0
dup_829228cea4d22b22,2,"2025/2021-2024/2023/statement.html|DREA,補交易紀錄/2023-06-30 帳戶風控.csv",CSV|HTML,rec_d9e00c62fe05511baa88|c_dcf9488eefff75d0a2cc,False,SAME_MINUTE_TIMES_AND_ECONOMIC_FIELDS,0
dup_7009ce7ab084f166,2,"2025/2021-2024/2023/statement.html|DREA,補交易紀錄/2023-06-30 帳戶風控.csv",CSV|HTML,rec_59ef5573f99a3f8cffa9|c_c8f89ef2ac222fd3f8b9,False,SAME_MINUTE_TIMES_AND_ECONOMIC_FIELDS,0
dup_859e331ef32bd364,2,"2025/2021-2024/2023/statement.html|DREA,補交易紀錄/2023-06-30 帳戶風控.csv",CSV|HTML,rec_817abebec3affe1502b1|c_dd90d88b980f3e159240,False,SAME_MINUTE_TIMES_AND_ECONOMIC_FIELDS,0
dup_b3ee094ecb3a8c5e,2,"2025/2021-2024/2023/statement.html|DREA,補交易紀錄/2023-06-30 帳戶風控.csv",CSV|HTML,rec_5742a446fd6320554a7a|c_9f60b034e5dbd7e17024,False,SAME_MINUTE_TIMES_AND_ECONOMIC_FIELDS,0
dup_540931f92020cbd4,2,"2025/2021-2024/2023/statement.html|DREA,補交易紀錄/2023-06-30 帳戶風控.csv",CSV|HTML,rec_0258ebcae7c031dbb5ed|c_6d4ce8c7ac940ddf150a,False,SAME_MINUTE_TIMES_AND_ECONOMIC_FIELDS,0
dup_35470c20d044cb84,2,"2025/2021-2024/2023/statement.html|DREA,補交易紀錄/2023-06-30 帳戶風控.csv",CSV|HTML,rec_9bfea6ba4ca00c39a9bd|c_bf0b67a48775cebb350a,False,SAME_MINUTE_TIMES_AND_ECONOMIC_FIELDS,0
dup_0b10152f973ba108,2,"2025/2021-2024/2023/statement.html|DREA,補交易紀錄/2023-06-30 帳戶風控.csv",CSV|HTML,rec_25bfa0db3e7f80585a60|c_7d59b0c69c39bad65616,False,SAME_MINUTE_TIMES_AND_ECONOMIC_FIELDS,0
dup_c3288665049accba,2,"2025/2021-2024/2023/statement.html|DREA,補交易紀錄/2023-06-30 帳戶風控.csv",CSV|HTML,rec_d4b42a498b34a9cd5f32|c_a50c48c445f57e0a1338,False,SAME_MINUTE_TIMES_AND_ECONOMIC_FIELDS,0
dup_03e8f3b4a0820ed7,2,"2025/2021-2024/2023/statement.html|DREA,補交易紀錄/2023-06-30 帳戶風控.csv",CSV|HTML,rec_36ebc6c2a72babb26d73|c_ac214f344a878b3c3170,False,SAME_MINUTE_TIMES_AND_ECONOMIC_FIELDS,0
dup_72511fa34d6b607b,2,"2025/2021-2024/2023/statement.html|DREA,補交易紀錄/2023-06-30 帳戶風控.csv",CSV|HTML,rec_846d11b759bef0e4f3ec|c_2c5fe25f123cc837a067,False,SAME_MINUTE_TIMES_AND_ECONOMIC_FIELDS,0
dup_ae0d0988027b56a2,2,"2025/2021-2024/2023/statement.html|DREA,補交易紀錄/2023-06-30 帳戶風控.csv",CSV|HTML,rec_ce2e899dfce9f3125dde|c_4164f112e26f41c9bb9b,False,SAME_MINUTE_TIMES_AND_ECONOMIC_FIELDS,0
dup_abfe6f2fc46a39af,2,"2025/2021-2024/2023/statement.html|DREA,補交易紀錄/2023-06-30 帳戶風控.csv",CSV|HTML,rec_987eb95486d79a95cfa1|c_e0f575ce26daa36df2b3,False,SAME_MINUTE_TIMES_AND_ECONOMIC_FIELDS,0
dup_bed2b69bb00e9cc2,2,"2025/2021-2024/2023/statement.html|DREA,補交易紀錄/2023-06-30 帳戶風控.csv",CSV|HTML,rec_46eea68aecd3424ab266|c_42914a984f0e64103595,False,SAME_MINUTE_TIMES_AND_ECONOMIC_FIELDS,0
dup_d48cbc24e05c9dc4,2,"2025/2021-2024/2023/statement.html|DREA,補交易紀錄/2023-06-30 帳戶風控.csv",CSV|HTML,rec_05a7bd12da75a3bf6445|c_12b062bcade17060e540,False,SAME_MINUTE_TIMES_AND_ECONOMIC_FIELDS,0
dup_3708eff7147edbe9,2,"2025/2021-2024/2023/statement.html|DREA,補交易紀錄/2023-06-30 帳戶風控.csv",CSV|HTML,rec_93b68aeaffb7160a255c|c_2d1fa25847ea2ced81d3,False,SAME_MINUTE_TIMES_AND_ECONOMIC_FIELDS,0
dup_fd35b91fbf8e5e00,2,"2025/2021-2024/2023/statement.html|DREA,補交易紀錄/2023-06-30 帳戶風控.csv",CSV|HTML,rec_91c9e0e1ee2c6a3ecdcb|c_39f36c121766bbd447fc,False,SAME_MINUTE_TIMES_AND_ECONOMIC_FIELDS,0
dup_e2a76718d21104ea,2,"2025/2021-2024/2023/statement.html|DREA,補交易紀錄/2023-06-30 帳戶風控.csv",CSV|HTML,rec_88c732fcff9d0bfd6b62|c_7de503126afa74ac72b1,False,SAME_MINUTE_TIMES_AND_ECONOMIC_FIELDS,0
dup_7ee43af905c1f2a6,2,"2025/2021-2024/2023/statement.html|DREA,補交易紀錄/2023-06-30 帳戶風控.csv",CSV|HTML,rec_a9dae8dd0746e55e075d|c_0cd3a373cd24692f1ae9,False,SAME_MINUTE_TIMES_AND_ECONOMIC_FIELDS,0
dup_a9d623b6993209c4,2,"2025/2021-2024/2023/statement.html|DREA,補交易紀錄/2023-06-30 帳戶風控.csv",CSV|HTML,rec_3cf7dbfb706a00c8a84a|c_c743f3b48dd30a2a4469,False,SAME_MINUTE_TIMES_AND_ECONOMIC_FIELDS,0
dup_828c937adebd1664,2,"2025/2021-2024/2023/statement.html|DREA,補交易紀錄/2023-06-30 帳戶風控.csv",CSV|HTML,rec_b8f6f5f4c464fb57eb95|c_6b3fbb98d7625dee049c,False,SAME_MINUTE_TIMES_AND_ECONOMIC_FIELDS,0
dup_77a77d8425e0c728,2,"2025/2021-2024/2023/statement.html|DREA,補交易紀錄/2023-06-30 帳戶風控.csv",CSV|HTML,rec_abc4fab34ca11676eedc|c_0d607b2a8952e9bf0ea9,False,SAME_MINUTE_TIMES_AND_ECONOMIC_FIELDS,0
dup_bb79660f815aa107,2,"2025/2021-2024/2023/statement.html|DREA,補交易紀錄/2023-06-30 帳戶風控.csv",CSV|HTML,rec_24f2d5ed350a38be9acc|c_63056effa60934df4d5b,False,SAME_MINUTE_TIMES_AND_ECONOMIC_FIELDS,0
dup_3a77b0730f66944d,2,"2025/2021-2024/2023/statement.html|DREA,補交易紀錄/2023-06-30 帳戶風控.csv",CSV|HTML,rec_a527ac7982d3782d2788|c_5de71586a9f32bb2ff32,False,SAME_MINUTE_TIMES_AND_ECONOMIC_FIELDS,0
dup_0de137075a405dba,2,"2025/2021-2024/2023/statement.html|DREA,補交易紀錄/2023-06-30 帳戶風控.csv",CSV|HTML,rec_ab2ee5950f764d527ddb|c_517786226e057645c9f1,False,SAME_MINUTE_TIMES_AND_ECONOMIC_FIELDS,0
dup_fa86b0eff0138384,2,"2025/2021-2024/2023/statement.html|DREA,補交易紀錄/2023-06-30 帳戶風控.csv",CSV|HTML,rec_feb8f41cb208ac9602e6|c_9df42d110137526ba35e,False,SAME_MINUTE_TIMES_AND_ECONOMIC_FIELDS,0
dup_7c6b0c5eb2c84038,2,"2025/2021-2024/2023/statement.html|DREA,補交易紀錄/2023-06-30 帳戶風控.csv",CSV|HTML,rec_6704353f6da1f4853ae3|c_9f56adf8df754acc0795,False,SAME_MINUTE_TIMES_AND_ECONOMIC_FIELDS,0
dup_23d80d3a974f00ad,2,"2025/2021-2024/2023/statement.html|DREA,補交易紀錄/2023-06-30 帳戶風控.csv",CSV|HTML,rec_bd1a85f566b0e43e2b0d|c_f165640ba82b2dc2962d,False,SAME_MINUTE_TIMES_AND_ECONOMIC_FIELDS,0
dup_26dd30ca7cb3da42,2,"2025/2021-2024/2023/statement.html|DREA,補交易紀錄/2023-06-30 帳戶風控.csv",CSV|HTML,rec_4662328e4998bb3853ba|c_c8bb08d72937a1d165cd,False,SAME_MINUTE_TIMES_AND_ECONOMIC_FIELDS,0
dup_5d8948099c4c452c,2,"2025/2021-2024/2023/statement.html|DREA,補交易紀錄/2023-06-30 帳戶風控.csv",CSV|HTML,rec_5ceb113b44c63989400d|c_681a701ae04fc89c16df,False,SAME_MINUTE_TIMES_AND_ECONOMIC_FIELDS,0
dup_b48f7640fc153e8d,2,"2025/2021-2024/2023/statement.html|DREA,補交易紀錄/2023-06-30 帳戶風控.csv",CSV|HTML,rec_0cf51f18f557d622589a|c_7ce5445952432a299e58,False,SAME_MINUTE_TIMES_AND_ECONOMIC_FIELDS,0
dup_c99218bf893b03ba,2,"2025/2021-2024/2023/statement.html|DREA,補交易紀錄/2023-06-30 帳戶風控.csv",CSV|HTML,rec_1e3541cc9f570eaf2019|c_810f97afa8870ece8df1,False,SAME_MINUTE_TIMES_AND_ECONOMIC_FIELDS,0
dup_dcbdf6628ceb3475,2,"2025/2021-2024/2023/statement.html|DREA,補交易紀錄/2023-06-30 帳戶風控.csv",CSV|HTML,rec_44fe0622788cec562802|c_97a8ba35b08fcd373735,False,SAME_MINUTE_TIMES_AND_ECONOMIC_FIELDS,0
dup_82ff186c0d033b8a,2,"2025/2021-2024/2023/statement.html|DREA,補交易紀錄/2023-06-30 帳戶風控.csv",CSV|HTML,rec_e8787ffe740961d786c1|c_cdb66fe47814b3f0e45c,False,SAME_MINUTE_TIMES_AND_ECONOMIC_FIELDS,0
dup_8b4a3e8d2c3a9169,2,"2025/2021-2024/2023/statement.html|DREA,補交易紀錄/2023-06-30 帳戶風控.csv",CSV|HTML,rec_128071ff93de4fc52a5b|c_b9c5532cd1260f1e32cd,False,SAME_MINUTE_TIMES_AND_ECONOMIC_FIELDS,0
dup_3ee39ceb74843b3a,2,"2025/2021-2024/2023/statement.html|DREA,補交易紀錄/2023-06-30 帳戶風控.csv",CSV|HTML,rec_0794fb787fb9a58b3f83|c_9dc7e9f4e079337c86be,False,SAME_MINUTE_TIMES_AND_ECONOMIC_FIELDS,0
dup_40049b3371651a23,2,"2025/2021-2024/2023/statement.html|DREA,補交易紀錄/2023-06-30 帳戶風控.csv",CSV|HTML,rec_f1ca26a1973c492a13ee|c_0a18bbf51ce51f9cac2d,False,SAME_MINUTE_TIMES_AND_ECONOMIC_FIELDS,0
dup_e56bc8cae5861a91,2,"2025/2021-2024/2023/statement.html|DREA,補交易紀錄/2023-06-30 帳戶風控.csv",CSV|HTML,rec_2f5efc31fafd6b089340|c_b101e858b9bfcc7c109a,False,SAME_MINUTE_TIMES_AND_ECONOMIC_FIELDS,0
dup_5929fc57810e63c8,2,"2025/2021-2024/2023/statement.html|DREA,補交易紀錄/2023-06-30 帳戶風控.csv",CSV|HTML,rec_44e37abba6710623b7d7|c_98c10e708e443f885fde,False,SAME_MINUTE_TIMES_AND_ECONOMIC_FIELDS,0
dup_c4fc00c4f40e4b70,2,"2025/2021-2024/2023/statement.html|DREA,補交易紀錄/2023-06-30 帳戶風控.csv",CSV|HTML,rec_d3fddb53e8e38e704246|c_1e9cc755a2302b4e161e,False,SAME_MINUTE_TIMES_AND_ECONOMIC_FIELDS,0
dup_132ec27ad5b539bc,2,"2025/2021-2024/2023/statement.html|DREA,補交易紀錄/2023-06-30 帳戶風控.csv",CSV|HTML,rec_abcc8b678a697f0885c0|c_213b100fbb0ec8af298b,False,SAME_MINUTE_TIMES_AND_ECONOMIC_FIELDS,0
dup_dafac244df5529bc,2,"2025/2021-2024/2023/statement.html|DREA,補交易紀錄/2023-06-30 帳戶風控.csv",CSV|HTML,rec_3163115a085973c5e931|c_f9bb5c50b7eed5323044,False,SAME_MINUTE_TIMES_AND_ECONOMIC_FIELDS,0
dup_92161908ab084163,2,"2025/2021-2024/2023/statement.html|DREA,補交易紀錄/2023-06-30 帳戶風控.csv",CSV|HTML,rec_50ff0ae82d973d520aca|c_02606fc68f36d9ce87a7,False,SAME_MINUTE_TIMES_AND_ECONOMIC_FIELDS,0
dup_ad62f3a3c2bf0f69,2,"2025/2021-2024/2023/statement.html|DREA,補交易紀錄/2023-06-30 帳戶風控.csv",CSV|HTML,rec_a8a31161e1d2b54d2d8a|c_c958892caed55720d36d,False,SAME_MINUTE_TIMES_AND_ECONOMIC_FIELDS,0
dup_8a3b8f2c2550b4c7,2,"2025/2021-2024/2023/statement.html|DREA,補交易紀錄/2023-06-30 帳戶風控.csv",CSV|HTML,rec_3a0b6af7b6213ff91451|c_addf749165e420d7ddcc,False,SAME_MINUTE_TIMES_AND_ECONOMIC_FIELDS,0
dup_bf5b217ea3f83b2f,2,"2025/2021-2024/2023/statement.html|DREA,補交易紀錄/2023-06-30 帳戶風控.csv",CSV|HTML,rec_7c21a0fba8bd112f54ea|c_dfef65f4b99f5c59e1bb,False,SAME_MINUTE_TIMES_AND_ECONOMIC_FIELDS,0
dup_96847fe0bb09720d,2,"2025/2021-2024/2023/statement.html|DREA,補交易紀錄/2023-06-30 帳戶風控.csv",CSV|HTML,rec_5e41a5e03b62bf272038|c_f178c0f1e237062b97ab,False,SAME_MINUTE_TIMES_AND_ECONOMIC_FIELDS,0
dup_6caab0629d747ba9,2,"DREA,補交易紀錄/20220307-d心急代價.csv|手動交易2024後策略較固定/2020含更久以前交易/statement.html",CSV|HTML,rec_b7dfb984a1768cae381c|c_fe7157406996a15ddfa1,False,SAME_MINUTE_TIMES_AND_ECONOMIC_FIELDS,0
dup_8d5265d2ff163a1f,2,"DREA,補交易紀錄/20220307-d心急代價.csv|手動交易2024後策略較固定/2020含更久以前交易/statement.html",CSV|HTML,rec_4c1d70bff2da0f9635f2|c_79f53455845e0ed7782f,False,SAME_MINUTE_TIMES_AND_ECONOMIC_FIELDS,0
dup_a8493786eb93e14a,2,"DREA,補交易紀錄/20220307-d心急代價.csv|手動交易2024後策略較固定/2020含更久以前交易/statement.html",CSV|HTML,rec_07a4ac050ade10ca748e|c_f920e514733c07b85008,False,SAME_MINUTE_TIMES_AND_ECONOMIC_FIELDS,0
dup_8ec32f7d6335ca6b,2,"DREA,補交易紀錄/20220307-d心急代價.csv|手動交易2024後策略較固定/2020含更久以前交易/statement.html",CSV|HTML,rec_0d8af9b6e4bf815a8fcd|c_fe980fef49afac63015b,False,SAME_MINUTE_TIMES_AND_ECONOMIC_FIELDS,0
dup_97217011c61a0b7b,2,"DREA,補交易紀錄/20220307-d心急代價.csv|手動交易2024後策略較固定/2020含更久以前交易/statement.html",CSV|HTML,rec_347cf25479b1804ad092|c_283d4b6eeddaf753f472,False,SAME_MINUTE_TIMES_AND_ECONOMIC_FIELDS,0
dup_19b66fc398706089,2,"DREA,補交易紀錄/20220307-d心急代價.csv|手動交易2024後策略較固定/2020含更久以前交易/statement.html",CSV|HTML,rec_3e6080b8bdf7d46cd944|c_24bb46ef4a0eed4d6614,False,SAME_MINUTE_TIMES_AND_ECONOMIC_FIELDS,0
dup_63d56102b692b38a,2,"DREA,補交易紀錄/20220307-d心急代價.csv|手動交易2024後策略較固定/2020含更久以前交易/statement.html",CSV|HTML,rec_4bc1006601bffd70f2a3|c_484872e9a3da440cf8f3,False,SAME_MINUTE_TIMES_AND_ECONOMIC_FIELDS,0
dup_bc0a9591ae810c7f,2,"DREA,補交易紀錄/20220307-d心急代價.csv|手動交易2024後策略較固定/2020含更久以前交易/statement.html",CSV|HTML,rec_bf834657b654d8782ff0|c_30844dc9496c58083ce5,False,SAME_MINUTE_TIMES_AND_ECONOMIC_FIELDS,0
dup_b8dd08c848737c41,2,"DREA,補交易紀錄/2024-10-17 高績效 316倍 8交易日.csv|手動交易2024後策略較固定/模擬倉/statement (1).html",CSV|HTML,rec_50d19063fa3b7a17ef42|c_a8503f8d3c0e412a76e3,False,SAME_MINUTE_TIMES_AND_ECONOMIC_FIELDS,0
dup_0e9bc1d4c588055d,2,"DREA,補交易紀錄/2024-10-17 高績效 316倍 8交易日.csv|手動交易2024後策略較固定/模擬倉/statement (1).html",CSV|HTML,rec_1dada29fdd8a66a7223b|c_ac1e2402747aa0b57c30,False,SAME_MINUTE_TIMES_AND_ECONOMIC_FIELDS,0
dup_2f95bf8a21d06176,2,"DREA,補交易紀錄/2024-10-17 高績效 316倍 8交易日.csv|手動交易2024後策略較固定/模擬倉/statement (1).html",CSV|HTML,rec_8d2b24329c8649348c71|c_9ec4567936f6d77815c9,False,SAME_MINUTE_TIMES_AND_ECONOMIC_FIELDS,0
dup_c6b0a5d80d4ca3f3,2,"DREA,補交易紀錄/2024-10-17 高績效 316倍 8交易日.csv|手動交易2024後策略較固定/模擬倉/statement (1).html",CSV|HTML,rec_4415ef26111809d73b89|c_bd8df70c9f32997e0468,False,SAME_MINUTE_TIMES_AND_ECONOMIC_FIELDS,0
dup_33238daf9b935b6a,2,"DREA,補交易紀錄/2024-10-17 高績效 316倍 8交易日.csv|手動交易2024後策略較固定/模擬倉/statement (1).html",CSV|HTML,rec_0945088a4814ee6eb56f|c_2c442ab37525080314ab,False,SAME_MINUTE_TIMES_AND_ECONOMIC_FIELDS,0
dup_0b06d6a327f3db13,2,"DREA,補交易紀錄/2024-10-17 高績效 316倍 8交易日.csv|手動交易2024後策略較固定/模擬倉/statement (1).html",CSV|HTML,rec_a44d58663bd4f3370302|c_b25ccef5d531948f0b8d,False,SAME_MINUTE_TIMES_AND_ECONOMIC_FIELDS,0
dup_9651e5f933bfad75,2,"DREA,補交易紀錄/2024-10-17 高績效 316倍 8交易日.csv|手動交易2024後策略較固定/模擬倉/statement (1).html",CSV|HTML,rec_0f3ae6696d45f17f9701|c_fcc7374a2ba8409e1789,False,SAME_MINUTE_TIMES_AND_ECONOMIC_FIELDS,0
dup_dcf5e78f2e6818b7,2,"DREA,補交易紀錄/2024-10-17 高績效 316倍 8交易日.csv|手動交易2024後策略較固定/模擬倉/statement (1).html",CSV|HTML,rec_59ced92c7ad52fba5330|c_47aedfeb4d01f96e35a5,False,SAME_MINUTE_TIMES_AND_ECONOMIC_FIELDS,0
dup_6cd27b8987c3e870,2,"DREA,補交易紀錄/2024-10-17 高績效 316倍 8交易日.csv|手動交易2024後策略較固定/模擬倉/statement (1).html",CSV|HTML,rec_0e3e1788349254207780|c_ca37e6d3f002e04a974d,False,SAME_MINUTE_TIMES_AND_ECONOMIC_FIELDS,0
dup_2cf28ec2e4c49f8c,2,"DREA,補交易紀錄/2024-10-17 高績效 316倍 8交易日.csv|手動交易2024後策略較固定/模擬倉/statement (1).html",CSV|HTML,rec_707face40dbe5f0c1153|c_d74d0689de4abcfdd773,False,SAME_MINUTE_TIMES_AND_ECONOMIC_FIELDS,0
dup_71232ba8b2a32c73,2,"DREA,補交易紀錄/2024-10-17 高績效 316倍 8交易日.csv|手動交易2024後策略較固定/模擬倉/statement (1).html",CSV|HTML,rec_226d2792c364a894bcd8|c_fc247c6daa868798bf6c,False,SAME_MINUTE_TIMES_AND_ECONOMIC_FIELDS,0
dup_5f65993d1254c5e4,2,"DREA,補交易紀錄/2024-10-17 高績效 316倍 8交易日.csv|手動交易2024後策略較固定/模擬倉/statement (1).html",CSV|HTML,rec_d25ea114dfa7bc97df3f|c_4648c22dc4d263fffe16,False,SAME_MINUTE_TIMES_AND_ECONOMIC_FIELDS,0
dup_ec51d5dc68de7b74,2,"DREA,補交易紀錄/2024-10-17 高績效 316倍 8交易日.csv|手動交易2024後策略較固定/模擬倉/statement (1).html",CSV|HTML,rec_7264c7744dde44bb747c|c_0110cc2ea5862642220f,False,SAME_MINUTE_TIMES_AND_ECONOMIC_FIELDS,0
dup_9d5bf78049f20532,2,"DREA,補交易紀錄/2024-10-17 高績效 316倍 8交易日.csv|手動交易2024後策略較固定/模擬倉/statement (1).html",CSV|HTML,rec_26f34209b567a7e45241|c_b81201498c2116a38c9b,False,SAME_MINUTE_TIMES_AND_ECONOMIC_FIELDS,0
dup_76fac44d94d125f6,2,"DREA,補交易紀錄/2024-10-17 高績效 316倍 8交易日.csv|手動交易2024後策略較固定/模擬倉/statement (1).html",CSV|HTML,rec_79e3da67b21cc39d7ec5|c_3b9e8412ee5edbf4dfd3,False,SAME_MINUTE_TIMES_AND_ECONOMIC_FIELDS,0
dup_f3a0e3ab3168aeb1,2,"DREA,補交易紀錄/2024-10-17 高績效 316倍 8交易日.csv|手動交易2024後策略較固定/模擬倉/statement (1).html",CSV|HTML,rec_1068ec474a4d1433165c|c_1e5a3302efcc01a897ee,False,SAME_MINUTE_TIMES_AND_ECONOMIC_FIELDS,0
dup_d64d9a5a31b1cadc,2,"DREA,補交易紀錄/2024-10-17 高績效 316倍 8交易日.csv|手動交易2024後策略較固定/模擬倉/statement (1).html",CSV|HTML,rec_047b7253cb83714ef083|c_0bacc0fe144a3556635e,False,SAME_MINUTE_TIMES_AND_ECONOMIC_FIELDS,0
dup_dbe54fc3778022a4,2,"DREA,補交易紀錄/2024-10-17 高績效 316倍 8交易日.csv|手動交易2024後策略較固定/模擬倉/statement (1).html",CSV|HTML,rec_9bbbe3a4d2960805a87a|c_b4462b4ef05304d35997,False,SAME_MINUTE_TIMES_AND_ECONOMIC_FIELDS,0
dup_f2d888f95d6479fa,2,"DREA,補交易紀錄/2024-10-17 高績效 316倍 8交易日.csv|手動交易2024後策略較固定/模擬倉/statement (1).html",CSV|HTML,rec_78679ea9c8f08e11995d|c_d727a8c3316077a64944,False,SAME_MINUTE_TIMES_AND_ECONOMIC_FIELDS,0
dup_fca15459362611df,2,"DREA,補交易紀錄/2024-10-17 高績效 316倍 8交易日.csv|手動交易2024後策略較固定/模擬倉/statement (1).html",CSV|HTML,rec_449cbe52722ef463f4b8|c_96de3a5d8f25cda478e6,False,SAME_MINUTE_TIMES_AND_ECONOMIC_FIELDS,0
dup_2d7b23eae5606e1a,2,"DREA,補交易紀錄/2024-10-17 高績效 316倍 8交易日.csv|手動交易2024後策略較固定/模擬倉/statement (1).html",CSV|HTML,rec_1bf8bd0fbcda7d5d236e|c_731694d57b3718f8046d,False,SAME_MINUTE_TIMES_AND_ECONOMIC_FIELDS,0
dup_d14c124657bc12e9,2,"DREA,補交易紀錄/2024-10-17 高績效 316倍 8交易日.csv|手動交易2024後策略較固定/模擬倉/statement (1).html",CSV|HTML,rec_4087d82e3c39bd489286|c_b56f2b386e75d3d4b6b1,False,SAME_MINUTE_TIMES_AND_ECONOMIC_FIELDS,0
dup_84d5cf26ef202a76,2,"DREA,補交易紀錄/2024-10-17 高績效 316倍 8交易日.csv|手動交易2024後策略較固定/模擬倉/statement (1).html",CSV|HTML,rec_f24766ef3c81f93dc0f6|c_ca988c38402d851b5902,False,SAME_MINUTE_TIMES_AND_ECONOMIC_FIELDS,0
dup_07ebaf4c040cba8e,2,"DREA,補交易紀錄/2024-10-17 高績效 316倍 8交易日.csv|手動交易2024後策略較固定/模擬倉/statement (1).html",CSV|HTML,rec_d992e06feb814376c4f7|c_88e00e7109b64882b1fc,False,SAME_MINUTE_TIMES_AND_ECONOMIC_FIELDS,0
dup_926bd78c86b115f6,2,"DREA,補交易紀錄/2024-10-17 高績效 316倍 8交易日.csv|手動交易2024後策略較固定/模擬倉/statement (1).html",CSV|HTML,rec_f6297a013ae11907d4a6|c_1e7530b532d44bc00cb5,False,SAME_MINUTE_TIMES_AND_ECONOMIC_FIELDS,0
dup_491bf7e130df5312,2,"DREA,補交易紀錄/2024-10-17 高績效 316倍 8交易日.csv|手動交易2024後策略較固定/模擬倉/statement (1).html",CSV|HTML,rec_c276d70ab248f2886199|c_8eb7d3bd85032a934027,False,SAME_MINUTE_TIMES_AND_ECONOMIC_FIELDS,0
dup_628e740ff9c9b171,2,"DREA,補交易紀錄/2024-10-17 高績效 316倍 8交易日.csv|手動交易2024後策略較固定/模擬倉/statement (1).html",CSV|HTML,rec_6cc66d0a668dbbe31f2b|c_253b5db1ec422655531c,False,SAME_MINUTE_TIMES_AND_ECONOMIC_FIELDS,0
dup_48fb3960b5341819,2,"DREA,補交易紀錄/2024-10-17 高績效 316倍 8交易日.csv|手動交易2024後策略較固定/模擬倉/statement (1).html",CSV|HTML,rec_dbae5af05c3aa887141a|c_957a9c30fcae7d58b3a3,False,SAME_MINUTE_TIMES_AND_ECONOMIC_FIELDS,0
dup_be4be15a57d500eb,2,"DREA,補交易紀錄/2024-10-17 高績效 316倍 8交易日.csv|手動交易2024後策略較固定/模擬倉/statement (1).html",CSV|HTML,rec_b1a9e17ce59d79c115dd|c_0ad692a651bf24e0210e,False,SAME_MINUTE_TIMES_AND_ECONOMIC_FIELDS,0
dup_8843ec090b890719,2,"DREA,補交易紀錄/2024-10-17 高績效 316倍 8交易日.csv|手動交易2024後策略較固定/模擬倉/statement (1).html",CSV|HTML,rec_d2bbdf16b643ecbcd125|c_3e838afebb5162735dfa,False,SAME_MINUTE_TIMES_AND_ECONOMIC_FIELDS,0
dup_fe534867b7cbe137,2,"DREA,補交易紀錄/2024-10-17 高績效 316倍 8交易日.csv|手動交易2024後策略較固定/模擬倉/statement (1).html",CSV|HTML,rec_855a25b29c74c10c547e|c_957d7f870ef717d49182,False,SAME_MINUTE_TIMES_AND_ECONOMIC_FIELDS,0
dup_3385cc65c6da11b4,2,"DREA,補交易紀錄/2024-10-17 高績效 316倍 8交易日.csv|手動交易2024後策略較固定/模擬倉/statement (1).html",CSV|HTML,rec_fc17bd9b5c5a845939fb|c_89e01bafe620e1b87577,False,SAME_MINUTE_TIMES_AND_ECONOMIC_FIELDS,0
dup_78842dd2bbe65e35,2,"DREA,補交易紀錄/2024-10-17 高績效 316倍 8交易日.csv|手動交易2024後策略較固定/模擬倉/statement (1).html",CSV|HTML,rec_22011b47842260cadd5f|c_de57cd2b83e9050cd372,False,SAME_MINUTE_TIMES_AND_ECONOMIC_FIELDS,0
dup_0c1b789cc7b69ce6,2,"DREA,補交易紀錄/2024-10-17 高績效 316倍 8交易日.csv|手動交易2024後策略較固定/模擬倉/statement (1).html",CSV|HTML,rec_bd1ccd8947709df39f12|c_468feba8f876b7017964,False,SAME_MINUTE_TIMES_AND_ECONOMIC_FIELDS,0
dup_18fa56370a858684,2,"DREA,補交易紀錄/2024-10-17 高績效 316倍 8交易日.csv|手動交易2024後策略較固定/模擬倉/statement (1).html",CSV|HTML,rec_0d139a1f5e67fa559c71|c_8cb461f4fdfafb4e01e6,False,SAME_MINUTE_TIMES_AND_ECONOMIC_FIELDS,0
dup_b973df30b00091bf,2,"DREA,補交易紀錄/2024-10-17 高績效 316倍 8交易日.csv|手動交易2024後策略較固定/模擬倉/statement (1).html",CSV|HTML,rec_c320071ef4f28271fc42|c_4d0d115f943f88081978,False,SAME_MINUTE_TIMES_AND_ECONOMIC_FIELDS,0
dup_6383e7fc1174a239,2,"DREA,補交易紀錄/2024-10-17 高績效 316倍 8交易日.csv|手動交易2024後策略較固定/模擬倉/statement (1).html",CSV|HTML,rec_4dbfa117b680bae8d6f5|c_760be04d96f127525ead,False,SAME_MINUTE_TIMES_AND_ECONOMIC_FIELDS,0
dup_61d18aebbf1bf4f6,2,"DREA,補交易紀錄/2024-10-17 高績效 316倍 8交易日.csv|手動交易2024後策略較固定/模擬倉/statement (1).html",CSV|HTML,rec_4d138cc5d7179224726b|c_f5f89d56f23b2c5b93a6,False,SAME_MINUTE_TIMES_AND_ECONOMIC_FIELDS,0
dup_47a12f5bfeedee55,2,"DREA,補交易紀錄/2024-10-17 高績效 316倍 8交易日.csv|手動交易2024後策略較固定/模擬倉/statement (1).html",CSV|HTML,rec_ed39275aa901587f4ceb|c_2318b95a38ee3685ee0f,False,SAME_MINUTE_TIMES_AND_ECONOMIC_FIELDS,0
dup_ac84874331ddccb7,2,"DREA,補交易紀錄/2024-10-17 高績效 316倍 8交易日.csv|手動交易2024後策略較固定/模擬倉/statement (1).html",CSV|HTML,rec_ac3c0a7c9d4e6afefb81|c_4a06d95bf462bdb4f023,False,SAME_MINUTE_TIMES_AND_ECONOMIC_FIELDS,0
dup_cc1f6faffd2935d3,2,"DREA,補交易紀錄/2024-10-17 高績效 316倍 8交易日.csv|手動交易2024後策略較固定/模擬倉/statement (1).html",CSV|HTML,rec_c886ff566518edba5a55|c_452c39021e248717526e,False,SAME_MINUTE_TIMES_AND_ECONOMIC_FIELDS,0
dup_f492202f7d40e2b3,2,"DREA,補交易紀錄/2024-10-17 高績效 316倍 8交易日.csv|手動交易2024後策略較固定/模擬倉/statement (1).html",CSV|HTML,rec_07f8788a08db8af76473|c_74ef406b4a34a9a66790,False,SAME_MINUTE_TIMES_AND_ECONOMIC_FIELDS,0
dup_45a30498f2c4cafe,2,"DREA,補交易紀錄/2024-10-17 高績效 316倍 8交易日.csv|手動交易2024後策略較固定/模擬倉/statement (1).html",CSV|HTML,rec_e3ba3d3dfc6e3b58bab3|c_ef72487578113ab02f33,False,SAME_MINUTE_TIMES_AND_ECONOMIC_FIELDS,0
dup_db7e0d84629d3580,2,"DREA,補交易紀錄/2024-10-17 高績效 316倍 8交易日.csv|手動交易2024後策略較固定/模擬倉/statement (1).html",CSV|HTML,rec_3a4927741cbf76f58258|c_d91a162961f9b05a3cae,False,SAME_MINUTE_TIMES_AND_ECONOMIC_FIELDS,0
dup_c6c517292efcdaa3,2,"DREA,補交易紀錄/2024-10-17 高績效 316倍 8交易日.csv|手動交易2024後策略較固定/模擬倉/statement (1).html",CSV|HTML,rec_4b0a4570dcb584e04a2b|c_de633d0929073f491de5,False,SAME_MINUTE_TIMES_AND_ECONOMIC_FIELDS,0
dup_3c3bceddd762c292,2,"DREA,補交易紀錄/2024-10-17 高績效 316倍 8交易日.csv|手動交易2024後策略較固定/模擬倉/statement (1).html",CSV|HTML,rec_c7a993d0a654e655235a|c_8c5b205e29fc8423580f,False,SAME_MINUTE_TIMES_AND_ECONOMIC_FIELDS,0
dup_402a15d29e8d0bfd,2,"DREA,補交易紀錄/2024-10-17 高績效 316倍 8交易日.csv|手動交易2024後策略較固定/模擬倉/statement (1).html",CSV|HTML,rec_de8deb9807d982eeb92b|c_1bcfcf0a9fdf7c7d0790,False,SAME_MINUTE_TIMES_AND_ECONOMIC_FIELDS,0
dup_bb32659be817abe3,2,"DREA,補交易紀錄/2024-10-17 高績效 316倍 8交易日.csv|手動交易2024後策略較固定/模擬倉/statement (1).html",CSV|HTML,rec_b105008d476f7e6dc7a5|c_58689a9fcc5de1ec7fe3,False,SAME_MINUTE_TIMES_AND_ECONOMIC_FIELDS,0
dup_14f3dcc4b50ecd14,2,"DREA,補交易紀錄/2024-10-17 高績效 316倍 8交易日.csv|手動交易2024後策略較固定/模擬倉/statement (1).html",CSV|HTML,rec_c1872580d3e170b98877|c_7c4706d20f0b0be0148e,False,SAME_MINUTE_TIMES_AND_ECONOMIC_FIELDS,0
dup_40ab4fc3a9ff4f4b,2,"DREA,補交易紀錄/2024-10-17 高績效 316倍 8交易日.csv|手動交易2024後策略較固定/模擬倉/statement (1).html",CSV|HTML,rec_aef2401716bf542dbdee|c_ecd4b1ef339a3cd00630,False,SAME_MINUTE_TIMES_AND_ECONOMIC_FIELDS,0
dup_e70d607160003e44,2,"DREA,補交易紀錄/2024-10-17 高績效 316倍 8交易日.csv|手動交易2024後策略較固定/模擬倉/statement (1).html",CSV|HTML,rec_008d96e740a8a0bba006|c_07cb2c26897767d691a6,False,SAME_MINUTE_TIMES_AND_ECONOMIC_FIELDS,0
dup_2090bda32e674e84,2,"DREA,補交易紀錄/2024-10-17 高績效 316倍 8交易日.csv|手動交易2024後策略較固定/模擬倉/statement (1).html",CSV|HTML,rec_086fd3c66f2a8c8c5332|c_8fcbdc378cb5947951a4,False,SAME_MINUTE_TIMES_AND_ECONOMIC_FIELDS,0
dup_834f99dccede3af3,2,"DREA,補交易紀錄/2024-10-17 高績效 316倍 8交易日.csv|手動交易2024後策略較固定/模擬倉/statement (1).html",CSV|HTML,rec_117ac19144b7e3747276|c_8f44b1d6077261920015,False,SAME_MINUTE_TIMES_AND_ECONOMIC_FIELDS,0
dup_ccf3a5b561c3b56d,2,"DREA,補交易紀錄/2024-10-17 高績效 316倍 8交易日.csv|手動交易2024後策略較固定/模擬倉/statement (1).html",CSV|HTML,rec_d64b5a105fd739d12fdb|c_dd4b26dbff563053a412,False,SAME_MINUTE_TIMES_AND_ECONOMIC_FIELDS,0
dup_fcc228f59d980ede,2,"DREA,補交易紀錄/2024-10-17 高績效 316倍 8交易日.csv|手動交易2024後策略較固定/模擬倉/statement (1).html",CSV|HTML,rec_6023ebe92b20b9d46cf5|c_a597a349cb74a7ab87b1,False,SAME_MINUTE_TIMES_AND_ECONOMIC_FIELDS,0
dup_78eacd5d103e8337,2,"DREA,補交易紀錄/2024-10-17 高績效 316倍 8交易日.csv|手動交易2024後策略較固定/模擬倉/statement (1).html",CSV|HTML,rec_b58acc1113561c337f9f|c_00c4f8a8fa177d44dbce,False,SAME_MINUTE_TIMES_AND_ECONOMIC_FIELDS,0
dup_7910062d7f18a31d,2,"DREA,補交易紀錄/2024-10-17 高績效 316倍 8交易日.csv|手動交易2024後策略較固定/模擬倉/statement (1).html",CSV|HTML,rec_70f332d0de4152d39e9b|c_921e1295327edabb9a9e,False,SAME_MINUTE_TIMES_AND_ECONOMIC_FIELDS,0
dup_c75f8c7c659dfb10,2,"DREA,補交易紀錄/2024-10-17 高績效 316倍 8交易日.csv|手動交易2024後策略較固定/模擬倉/statement (1).html",CSV|HTML,rec_d5d72b7f46c41aaa841b|c_a560275ce152561197f1,False,SAME_MINUTE_TIMES_AND_ECONOMIC_FIELDS,0
dup_c61307511f52da99,2,"DREA,補交易紀錄/2024-10-17 高績效 316倍 8交易日.csv|手動交易2024後策略較固定/模擬倉/statement (1).html",CSV|HTML,rec_75f325b665fb89fc1767|c_a26ed75fadd8cdbc691b,False,SAME_MINUTE_TIMES_AND_ECONOMIC_FIELDS,0
dup_9faeb427c49cf3b7,2,"DREA,補交易紀錄/2024-10-17 高績效 316倍 8交易日.csv|手動交易2024後策略較固定/模擬倉/statement (1).html",CSV|HTML,rec_aded5fa93cf7fd802c71|c_91f729af2bd13a5e1c0a,False,SAME_MINUTE_TIMES_AND_ECONOMIC_FIELDS,0
dup_4f40fa2a5b96dc4b,2,"DREA,補交易紀錄/2024-10-17 高績效 316倍 8交易日.csv|手動交易2024後策略較固定/模擬倉/statement (1).html",CSV|HTML,rec_579a6e53f4e5826afdd8|c_f317bfb9248b9473a5cd,False,SAME_MINUTE_TIMES_AND_ECONOMIC_FIELDS,0
dup_6f303b174143c513,2,"DREA,補交易紀錄/2024-10-17 高績效 316倍 8交易日.csv|手動交易2024後策略較固定/模擬倉/statement (1).html",CSV|HTML,rec_a0f4ee1c5c76a72e2b7b|c_3174f0dc6ed73d704d3e,False,SAME_MINUTE_TIMES_AND_ECONOMIC_FIELDS,0
dup_35950e48858f3b56,2,"DREA,補交易紀錄/2024-10-17 高績效 316倍 8交易日.csv|手動交易2024後策略較固定/模擬倉/statement (1).html",CSV|HTML,rec_5dc4012d9274d9dec788|c_ab72caa7dfd06f230c01,False,SAME_MINUTE_TIMES_AND_ECONOMIC_FIELDS,0
dup_6e8ffe63d27065f7,2,"DREA,補交易紀錄/2024-10-17 高績效 316倍 8交易日.csv|手動交易2024後策略較固定/模擬倉/statement (1).html",CSV|HTML,rec_a84c34853e53571b47dd|c_d7868786d2269a60e011,False,SAME_MINUTE_TIMES_AND_ECONOMIC_FIELDS,0
dup_862b8a72725da4e0,2,"DREA,補交易紀錄/2024-10-17 高績效 316倍 8交易日.csv|手動交易2024後策略較固定/模擬倉/statement (1).html",CSV|HTML,rec_cf9df0678c031eb1a67c|c_f00edb71eedc973d6b41,False,SAME_MINUTE_TIMES_AND_ECONOMIC_FIELDS,0
dup_3ffa4459cc99b05f,2,"DREA,補交易紀錄/2024-10-17 高績效 316倍 8交易日.csv|手動交易2024後策略較固定/模擬倉/statement (1).html",CSV|HTML,rec_2bd8ff6f7d50d8ff5741|c_4730fd6709c7a7943b65,False,SAME_MINUTE_TIMES_AND_ECONOMIC_FIELDS,0
dup_dc3120e5b5903890,2,"DREA,補交易紀錄/2024-10-17 高績效 316倍 8交易日.csv|手動交易2024後策略較固定/模擬倉/statement (1).html",CSV|HTML,rec_7690a21dad63bfa1cd21|c_80de6b11240bc51025d5,False,SAME_MINUTE_TIMES_AND_ECONOMIC_FIELDS,0
dup_f0a575a6aba54bf0,2,"DREA,補交易紀錄/2024-10-17 高績效 316倍 8交易日.csv|手動交易2024後策略較固定/模擬倉/statement (1).html",CSV|HTML,rec_978dec3ab4ec7fc8fbd2|c_7bd0d5e66fe6853f1015,False,SAME_MINUTE_TIMES_AND_ECONOMIC_FIELDS,0
dup_980a5287ac91d302,2,"DREA,補交易紀錄/2024-10-17 高績效 316倍 8交易日.csv|手動交易2024後策略較固定/模擬倉/statement (1).html",CSV|HTML,rec_2af5d3f9311e0f3165e7|c_30b36212ec7775f8b247,False,SAME_MINUTE_TIMES_AND_ECONOMIC_FIELDS,0
dup_75969d7c2b81895e,2,"DREA,補交易紀錄/2024-10-17 高績效 316倍 8交易日.csv|手動交易2024後策略較固定/模擬倉/statement (1).html",CSV|HTML,rec_49481d1f5ea3fef0cfef|c_eae4352ee1164178f7aa,False,SAME_MINUTE_TIMES_AND_ECONOMIC_FIELDS,0
dup_3536e42a003050a6,2,"DREA,補交易紀錄/2024-10-17 高績效 316倍 8交易日.csv|手動交易2024後策略較固定/模擬倉/statement (1).html",CSV|HTML,rec_9155840211cc8054f09c|c_9399619190261b76bf13,False,SAME_MINUTE_TIMES_AND_ECONOMIC_FIELDS,0
dup_c24bb63b0c4922f0,2,"DREA,補交易紀錄/2024-10-17 高績效 316倍 8交易日.csv|手動交易2024後策略較固定/模擬倉/statement (1).html",CSV|HTML,rec_975de771723404d4d2ac|c_b75c25327f7ad4932925,False,SAME_MINUTE_TIMES_AND_ECONOMIC_FIELDS,0
dup_644b18d95849b237,2,"DREA,補交易紀錄/2024-10-17 高績效 316倍 8交易日.csv|手動交易2024後策略較固定/模擬倉/statement (1).html",CSV|HTML,rec_2ab6e76816784588e771|c_5ca6027b54a9cf268c8c,False,SAME_MINUTE_TIMES_AND_ECONOMIC_FIELDS,0
dup_5e5b94cfffcede93,2,"DREA,補交易紀錄/2024-10-17 高績效 316倍 8交易日.csv|手動交易2024後策略較固定/模擬倉/statement (1).html",CSV|HTML,rec_040e4fe5d6fb64da78e6|c_f57291ac0ed4dd7ff7f8,False,SAME_MINUTE_TIMES_AND_ECONOMIC_FIELDS,0
dup_ce195afc4368406e,2,"DREA,補交易紀錄/2024-10-17 高績效 316倍 8交易日.csv|手動交易2024後策略較固定/模擬倉/statement (1).html",CSV|HTML,rec_d93473d978416816989f|c_f645aa3d661470f92250,False,SAME_MINUTE_TIMES_AND_ECONOMIC_FIELDS,0
dup_5db244f995a3ea8e,2,"DREA,補交易紀錄/2024-10-17 高績效 316倍 8交易日.csv|手動交易2024後策略較固定/模擬倉/statement (1).html",CSV|HTML,rec_bbf64af07d46430efa87|c_b0f9c82e9a9457fd5745,False,SAME_MINUTE_TIMES_AND_ECONOMIC_FIELDS,0
dup_838414b4c1fb6ba8,2,"DREA,補交易紀錄/2024-10-17 高績效 316倍 8交易日.csv|手動交易2024後策略較固定/模擬倉/statement (1).html",CSV|HTML,rec_5a4ccba023546e437661|c_0c4247f83d098f01e449,False,SAME_MINUTE_TIMES_AND_ECONOMIC_FIELDS,0
dup_6f8fea5dfe950daa,2,"DREA,補交易紀錄/2024-10-17 高績效 316倍 8交易日.csv|手動交易2024後策略較固定/模擬倉/statement (1).html",CSV|HTML,rec_942571cbeb898bec0a8c|c_67e620baaf7dfbd74c8b,False,SAME_MINUTE_TIMES_AND_ECONOMIC_FIELDS,0
dup_ec2d30cfca2648aa,2,"DREA,補交易紀錄/2024-10-17 高績效 316倍 8交易日.csv|手動交易2024後策略較固定/模擬倉/statement (1).html",CSV|HTML,rec_f4ba5e6f43937a545e07|c_c6ae20446be9d5373e49,False,SAME_MINUTE_TIMES_AND_ECONOMIC_FIELDS,0
dup_5d3cec9faa92435b,2,"DREA,補交易紀錄/2024-10-17 高績效 316倍 8交易日.csv|手動交易2024後策略較固定/模擬倉/statement (1).html",CSV|HTML,rec_650c14259677508809ba|c_d5248c4c7c1542fb70fc,False,SAME_MINUTE_TIMES_AND_ECONOMIC_FIELDS,0
dup_e5ee9f1782a4effb,2,"DREA,補交易紀錄/2024-10-17 高績效 316倍 8交易日.csv|手動交易2024後策略較固定/模擬倉/statement (1).html",CSV|HTML,rec_8cb4634c354603102f30|c_f4d0025d895edb618b9b,False,SAME_MINUTE_TIMES_AND_ECONOMIC_FIELDS,0
dup_4ab123f52ce7c1c5,2,"DREA,補交易紀錄/2024-10-17 高績效 316倍 8交易日.csv|手動交易2024後策略較固定/模擬倉/statement (1).html",CSV|HTML,rec_f6a55ee2001570b9de1f|c_e78806c726ec1408fc6e,False,SAME_MINUTE_TIMES_AND_ECONOMIC_FIELDS,0
dup_9138fb982e862c02,2,"DREA,補交易紀錄/2024-10-17 高績效 316倍 8交易日.csv|手動交易2024後策略較固定/模擬倉/statement (1).html",CSV|HTML,rec_7bea65c16e0224d0f030|c_7d7bb52148bb7c2abec5,False,SAME_MINUTE_TIMES_AND_ECONOMIC_FIELDS,0
dup_fc531613df18e648,2,"DREA,補交易紀錄/2024-10-17 高績效 316倍 8交易日.csv|手動交易2024後策略較固定/模擬倉/statement (1).html",CSV|HTML,rec_b690c1310001eaae2ef8|c_24fa0da094c614a9bca1,False,SAME_MINUTE_TIMES_AND_ECONOMIC_FIELDS,0
dup_304b23621f9033f4,2,"DREA,補交易紀錄/2024-10-17 高績效 316倍 8交易日.csv|手動交易2024後策略較固定/模擬倉/statement (1).html",CSV|HTML,rec_086e6c1174c5d1154aad|c_7dfb027df11672f54df3,False,SAME_MINUTE_TIMES_AND_ECONOMIC_FIELDS,0
dup_f47d7e9f653c35c0,2,"DREA,補交易紀錄/2024-10-17 高績效 316倍 8交易日.csv|手動交易2024後策略較固定/模擬倉/statement (1).html",CSV|HTML,rec_d295374e47a6072f5f3a|c_c685d2aa5cab440ab174,False,SAME_MINUTE_TIMES_AND_ECONOMIC_FIELDS,0
dup_ed6a39edb927d240,2,"DREA,補交易紀錄/2024-10-17 高績效 316倍 8交易日.csv|手動交易2024後策略較固定/模擬倉/statement (1).html",CSV|HTML,rec_dbac883887b25dbf67e2|c_ac12a650a413157f553d,False,SAME_MINUTE_TIMES_AND_ECONOMIC_FIELDS,0
dup_8fd43dfb71265064,2,"DREA,補交易紀錄/2024-10-17 高績效 316倍 8交易日.csv|手動交易2024後策略較固定/模擬倉/statement (1).html",CSV|HTML,rec_27155a065252e98e3d06|c_efc1bd6995d12dba2eda,False,SAME_MINUTE_TIMES_AND_ECONOMIC_FIELDS,0
dup_b04cea08be5e8f98,2,"DREA,補交易紀錄/2024-10-17 高績效 316倍 8交易日.csv|手動交易2024後策略較固定/模擬倉/statement (1).html",CSV|HTML,rec_f894f0f761d1b2a98f11|c_1b9d9f48998813ca2789,False,SAME_MINUTE_TIMES_AND_ECONOMIC_FIELDS,0
dup_c1f0ffc54dc12698,2,"DREA,補交易紀錄/2024-10-17 高績效 316倍 8交易日.csv|手動交易2024後策略較固定/模擬倉/statement (1).html",CSV|HTML,rec_62ab07144410c69e6006|c_3f47a2e2d8535a99db7c,False,SAME_MINUTE_TIMES_AND_ECONOMIC_FIELDS,0
dup_407781b73e1229b0,2,"DREA,補交易紀錄/2024-10-17 高績效 316倍 8交易日.csv|手動交易2024後策略較固定/模擬倉/statement (1).html",CSV|HTML,rec_71967cd2b1f4210c6933|c_18670a291627ff300fa5,False,SAME_MINUTE_TIMES_AND_ECONOMIC_FIELDS,0
dup_207254273d429f57,2,"DREA,補交易紀錄/2024-10-17 高績效 316倍 8交易日.csv|手動交易2024後策略較固定/模擬倉/statement (1).html",CSV|HTML,rec_7ea69294d37614f1e524|c_feda6d03c56608a6d8eb,False,SAME_MINUTE_TIMES_AND_ECONOMIC_FIELDS,0
dup_62ae36d09d68fd35,2,"DREA,補交易紀錄/2024-10-17 高績效 316倍 8交易日.csv|手動交易2024後策略較固定/模擬倉/statement (1).html",CSV|HTML,rec_b7ac02fee6fa75e205f9|c_79927b98984f1ae1dcc2,False,SAME_MINUTE_TIMES_AND_ECONOMIC_FIELDS,0
dup_9193d4655750eeca,2,"DREA,補交易紀錄/2024-10-17 高績效 316倍 8交易日.csv|手動交易2024後策略較固定/模擬倉/statement (1).html",CSV|HTML,rec_a1df087d156c8d1c37d2|c_7a3d8ec47f6cec8fd197,False,SAME_MINUTE_TIMES_AND_ECONOMIC_FIELDS,0
dup_1e4b87595bda910f,2,"2025/2021-2024/2024/statement (3).html|DREA,補交易紀錄/2024-12 Hantec 手動.csv",CSV|HTML,rec_15a24cbfa20103f6daa1|c_a61cda6b96f2c5a40a6c,False,SAME_MINUTE_TIMES_AND_ECONOMIC_FIELDS,0
dup_51f81d251ea20e8b,2,"2025/2021-2024/2024/statement (3).html|DREA,補交易紀錄/2024-12 Hantec 手動.csv",CSV|HTML,rec_79ea6857db58b8f6564b|c_e76b4a9150992dac8ccf,False,SAME_MINUTE_TIMES_AND_ECONOMIC_FIELDS,0
dup_dd2f32ef3a128917,2,"2025/2021-2024/2024/statement (3).html|DREA,補交易紀錄/2024-12 Hantec 手動.csv",CSV|HTML,rec_7116df75ebabaf2f693c|c_19ed4b25fbb596307951,False,SAME_MINUTE_TIMES_AND_ECONOMIC_FIELDS,0
dup_c396209aa0b5e13e,2,"2025/2021-2024/2024/statement (3).html|DREA,補交易紀錄/2024-12 Hantec 手動.csv",CSV|HTML,rec_e03910327c0ac0096e71|c_9fe85777c5593efffcb0,False,SAME_MINUTE_TIMES_AND_ECONOMIC_FIELDS,0
dup_a8a6e23e75c5768a,2,"2025/2021-2024/2024/statement (3).html|DREA,補交易紀錄/2024-12 Hantec 手動.csv",CSV|HTML,rec_db5214487fa5fb6df4ca|c_7561f635614475640fcd,False,SAME_MINUTE_TIMES_AND_ECONOMIC_FIELDS,0
dup_2ddc4e05733f10a3,2,"2025/2021-2024/2024/statement (3).html|DREA,補交易紀錄/2024-12 Hantec 手動.csv",CSV|HTML,rec_824af5674a64ef8282a8|c_51e8f44553c80f96050e,False,SAME_MINUTE_TIMES_AND_ECONOMIC_FIELDS,0
dup_30180660fbd676f2,2,"2025/2021-2024/2024/statement (3).html|DREA,補交易紀錄/2024-12 Hantec 手動.csv",CSV|HTML,rec_aea52d7427bd3e01ad4a|c_b4c1aa3d6d6aac53234a,False,SAME_MINUTE_TIMES_AND_ECONOMIC_FIELDS,0
dup_6f2d7f2ec4e8e17b,2,"2025/2021-2024/2024/statement (3).html|DREA,補交易紀錄/2024-12 Hantec 手動.csv",CSV|HTML,rec_bf6b437c0d865d8e0d49|c_77053c2aa573a2a216cc,False,SAME_MINUTE_TIMES_AND_ECONOMIC_FIELDS,0
dup_c455838225804626,2,"2025/2021-2024/2024/statement (3).html|DREA,補交易紀錄/2024-12 Hantec 手動.csv",CSV|HTML,rec_0863f35a2fc141031f67|c_934c5779d7a9732248d8,False,SAME_MINUTE_TIMES_AND_ECONOMIC_FIELDS,0
dup_44ac3eb85e363102,2,"2025/2021-2024/2024/statement (3).html|DREA,補交易紀錄/2024-12 Hantec 手動.csv",CSV|HTML,rec_900dad1c9c6e688e18fc|c_57088c6ac69deeff7fb4,False,SAME_MINUTE_TIMES_AND_ECONOMIC_FIELDS,0
dup_0bd5a9fb670080ac,2,"2025/2021-2024/2024/statement (3).html|DREA,補交易紀錄/2024-12 Hantec 手動.csv",CSV|HTML,rec_6abc1b29586e3e300d6a|c_369370397aed82b5dba3,False,SAME_MINUTE_TIMES_AND_ECONOMIC_FIELDS,0
dup_15eb546cab01a67e,2,"2025/2021-2024/2024/statement (3).html|DREA,補交易紀錄/2024-12 Hantec 手動.csv",CSV|HTML,rec_667c8ce07e2d8a52b0fe|c_355e02d5829f2abf47f6,False,SAME_MINUTE_TIMES_AND_ECONOMIC_FIELDS,0
dup_fb81810cecf45863,2,"2025/2021-2024/2024/statement (3).html|DREA,補交易紀錄/2024-12 Hantec 手動.csv",CSV|HTML,rec_43f52ca8dc141c47b90c|c_728ef202294a65af269c,False,SAME_MINUTE_TIMES_AND_ECONOMIC_FIELDS,0
dup_58b775af4ad426a2,2,"2025/2021-2024/2024/statement (3).html|DREA,補交易紀錄/2024-12 Hantec 手動.csv",CSV|HTML,rec_436778e7d89b459ba61e|c_0e7dc2aaf81467d2179b,False,SAME_MINUTE_TIMES_AND_ECONOMIC_FIELDS,0
dup_44de5bca8c7ea6df,2,"2025/2021-2024/2024/statement (3).html|DREA,補交易紀錄/2024-12 Hantec 手動.csv",CSV|HTML,rec_b9f14a4f17fe6ec921da|c_4437c0844ea490f270e8,False,SAME_MINUTE_TIMES_AND_ECONOMIC_FIELDS,0
dup_354b99bfe1ab768a,2,"2025/2021-2024/2024/statement (3).html|DREA,補交易紀錄/2024-12 Hantec 手動.csv",CSV|HTML,rec_b32bcf3f462737fb38ca|c_999913a89a4bee1c70df,False,SAME_MINUTE_TIMES_AND_ECONOMIC_FIELDS,0
dup_b1b5288ffe31808e,2,"2025/2021-2024/2024/statement (3).html|DREA,補交易紀錄/2024-12 Hantec 手動.csv",CSV|HTML,rec_018b7c11874963623ce4|c_54e3b726bbd895637ce8,False,SAME_MINUTE_TIMES_AND_ECONOMIC_FIELDS,0
dup_f9cecc6ac746a7fd,2,"2025/2021-2024/2024/statement (3).html|DREA,補交易紀錄/2024-12 Hantec 手動.csv",CSV|HTML,rec_8ab357db7a9621a577bc|c_49d893bfd01cdedcb11c,False,SAME_MINUTE_TIMES_AND_ECONOMIC_FIELDS,0
dup_157de4399accba99,2,"2025/2021-2024/2024/statement (3).html|DREA,補交易紀錄/2024-12 Hantec 手動.csv",CSV|HTML,rec_736733ef15614675b887|c_5149bbf710f47bb305a3,False,SAME_MINUTE_TIMES_AND_ECONOMIC_FIELDS,0
dup_2ffa40cccbc393d8,2,"2025/2021-2024/2024/statement (3).html|DREA,補交易紀錄/2024-12 Hantec 手動.csv",CSV|HTML,rec_6886065df3747898ad8d|c_bad2e199897beb7d30bd,False,SAME_MINUTE_TIMES_AND_ECONOMIC_FIELDS,0
dup_5dd6f5a9beda8a2d,2,"2025/2021-2024/2024/statement (3).html|DREA,補交易紀錄/2024-12 Hantec 手動.csv",CSV|HTML,rec_eaaa681b47e6545ce6cb|c_faf459fda52d95ebde1e,False,SAME_MINUTE_TIMES_AND_ECONOMIC_FIELDS,0
dup_b847f252cdc68f7a,2,"2025/2021-2024/2024/statement (3).html|DREA,補交易紀錄/2024-12 Hantec 手動.csv",CSV|HTML,rec_994dbc9476e005394da9|c_f89997a853124a15da16,False,SAME_MINUTE_TIMES_AND_ECONOMIC_FIELDS,0
dup_1a274858136cc5c0,2,"2025/2021-2024/2024/statement (3).html|DREA,補交易紀錄/2024-12 Hantec 手動.csv",CSV|HTML,rec_aa178c6c3ad0237374fd|c_31074907764aee7bfa4a,False,SAME_MINUTE_TIMES_AND_ECONOMIC_FIELDS,0
dup_7e56c1039d874cfb,2,"2025/2021-2024/2024/statement (3).html|DREA,補交易紀錄/2024-12 Hantec 手動.csv",CSV|HTML,rec_2b5c49582e74831eb152|c_5fdfb72811e85ee80c87,False,SAME_MINUTE_TIMES_AND_ECONOMIC_FIELDS,0
dup_7b9f94118ff9dcfa,2,"2025/2021-2024/2024/statement (3).html|DREA,補交易紀錄/2024-12 Hantec 手動.csv",CSV|HTML,rec_31ca84f9b34d022498f3|c_bdad896d44d27294d70b,False,SAME_MINUTE_TIMES_AND_ECONOMIC_FIELDS,0
dup_c52e3fac2b1802e3,2,"2025/2021-2024/2024/statement (3).html|DREA,補交易紀錄/2024-12 Hantec 手動.csv",CSV|HTML,rec_f0b2c8668b3a57f14fd5|c_d4c0fd2ef83c60cd1ffa,False,SAME_MINUTE_TIMES_AND_ECONOMIC_FIELDS,0
dup_cac287619e8ae71b,2,"2025/2021-2024/2024/statement (3).html|DREA,補交易紀錄/2024-12 Hantec 手動.csv",CSV|HTML,rec_76b894c5bbfa3ca15760|c_93920e034bec5ebc18da,False,SAME_MINUTE_TIMES_AND_ECONOMIC_FIELDS,0
dup_1d494e9611d4da41,2,"2025/2021-2024/2024/statement (3).html|DREA,補交易紀錄/2024-12 Hantec 手動.csv",CSV|HTML,rec_4c3124f939534e11e544|c_1a543212451259f3745d,False,SAME_MINUTE_TIMES_AND_ECONOMIC_FIELDS,0
dup_a900f3897a0337b3,2,"2025/2021-2024/2024/statement (3).html|DREA,補交易紀錄/2024-12 Hantec 手動.csv",CSV|HTML,rec_e442c3a2b34caa4ad772|c_282b86594a1764afe92f,False,SAME_MINUTE_TIMES_AND_ECONOMIC_FIELDS,0
dup_6f6ce8703920c8e5,2,"2025/2021-2024/2024/statement (3).html|DREA,補交易紀錄/2024-12 Hantec 手動.csv",CSV|HTML,rec_2079bc20edb7bd01df5d|c_5c4ed984ebe6040daeaf,False,SAME_MINUTE_TIMES_AND_ECONOMIC_FIELDS,0
dup_fed01ea6c28e9975,2,"2025/2021-2024/2024/statement (3).html|DREA,補交易紀錄/2024-12 Hantec 手動.csv",CSV|HTML,rec_6a623de24a00367c8589|c_33006d8b4dadd39f619c,False,SAME_MINUTE_TIMES_AND_ECONOMIC_FIELDS,0
dup_555e0385df58ab59,2,"2025/2021-2024/2024/statement (3).html|DREA,補交易紀錄/2024-12 Hantec 手動.csv",CSV|HTML,rec_20840662329795e194f8|c_60c66f3b2f64cdd9e48a,False,SAME_MINUTE_TIMES_AND_ECONOMIC_FIELDS,0
dup_2812ed7dd50e29a5,2,"2025/2021-2024/2024/statement (3).html|DREA,補交易紀錄/2024-12 Hantec 手動.csv",CSV|HTML,rec_cb6f13251d43a753841b|c_27e78c73490adbf78d2d,False,SAME_MINUTE_TIMES_AND_ECONOMIC_FIELDS,0
dup_05304302d2641494,2,"2025/2021-2024/2024/statement (3).html|DREA,補交易紀錄/2024-12 Hantec 手動.csv",CSV|HTML,rec_222185d874d8472772f0|c_eba50d93efe0f6c1feec,False,SAME_MINUTE_TIMES_AND_ECONOMIC_FIELDS,0
dup_47892d70bfcfc592,2,"2025/2021-2024/2024/statement (3).html|DREA,補交易紀錄/2024-12 Hantec 手動.csv",CSV|HTML,rec_0ef72344147962d3c638|c_b5e848bc14c85a64a8e3,False,SAME_MINUTE_TIMES_AND_ECONOMIC_FIELDS,0
dup_5873a647c414549e,2,"2025/2021-2024/2024/statement (3).html|DREA,補交易紀錄/2024-12 Hantec 手動.csv",CSV|HTML,rec_353854bd85ff382bbebc|c_9689c0ba0827ba8c6859,False,SAME_MINUTE_TIMES_AND_ECONOMIC_FIELDS,0
dup_daeb8918858a39b3,2,"2025/2021-2024/2024/statement (3).html|DREA,補交易紀錄/2024-12 Hantec 手動.csv",CSV|HTML,rec_b438a5ab00d64ac68f1e|c_512da3608c3173cb27f9,False,SAME_MINUTE_TIMES_AND_ECONOMIC_FIELDS,0
dup_3d3c86df79b4c330,2,"2025/2021-2024/2024/statement (3).html|DREA,補交易紀錄/2024-12 Hantec 手動.csv",CSV|HTML,rec_260c235c8117118f184a|c_fb98dfc2f697ecd917cf,False,SAME_MINUTE_TIMES_AND_ECONOMIC_FIELDS,0
dup_f1098c839d4c8580,2,"2025/2021-2024/2024/statement (3).html|DREA,補交易紀錄/2024-12 Hantec 手動.csv",CSV|HTML,rec_b8ae0af267b240b21135|c_fac3c301d85bd54d2a42,False,SAME_MINUTE_TIMES_AND_ECONOMIC_FIELDS,0
dup_f9472692eb4007d5,2,"2025/2021-2024/2024/statement (3).html|DREA,補交易紀錄/2024-12 Hantec 手動.csv",CSV|HTML,rec_4a9a5c8339178be38578|c_8cac7896676af4e62d29,False,SAME_MINUTE_TIMES_AND_ECONOMIC_FIELDS,0
dup_f07ddd041df40b35,2,"2025/2021-2024/2024/statement (3).html|DREA,補交易紀錄/2024-12 Hantec 手動.csv",CSV|HTML,rec_3e2343208e54d7789ef0|c_73b0c5b6b2ef201aa2e8,False,SAME_MINUTE_TIMES_AND_ECONOMIC_FIELDS,0
dup_e9bef5641682460e,2,"2025/2021-2024/2024/statement (3).html|DREA,補交易紀錄/2024-12 Hantec 手動.csv",CSV|HTML,rec_119ee8d20c03c35e867d|c_eaa00d70942fe6cbcd25,False,SAME_MINUTE_TIMES_AND_ECONOMIC_FIELDS,0
dup_265117b26cecb9b9,2,"2025/2021-2024/2024/statement (3).html|DREA,補交易紀錄/2024-12 Hantec 手動.csv",CSV|HTML,rec_9a942b91f44e735ae660|c_91d55376874ed2005e75,False,SAME_MINUTE_TIMES_AND_ECONOMIC_FIELDS,0
dup_df28d61708233747,2,"2025/2021-2024/2024/statement (3).html|DREA,補交易紀錄/2024-12 Hantec 手動.csv",CSV|HTML,rec_bcd876bac51603a80677|c_0a909edd40cb1a6d8396,False,SAME_MINUTE_TIMES_AND_ECONOMIC_FIELDS,0
dup_4c83f3b6216385c0,2,"2025/2021-2024/2024/statement (3).html|DREA,補交易紀錄/2024-12 Hantec 手動.csv",CSV|HTML,rec_1ed233de7077d52ed977|c_b572a3e600a2c55251f3,False,SAME_MINUTE_TIMES_AND_ECONOMIC_FIELDS,0
dup_97d7ebfb12ee73ae,2,"2025/2021-2024/2024/statement (3).html|DREA,補交易紀錄/2024-12 Hantec 手動.csv",CSV|HTML,rec_6fa2313a859956204fe6|c_66475493e420c347af6e,False,SAME_MINUTE_TIMES_AND_ECONOMIC_FIELDS,0
dup_b44b799b41e4dbee,2,"2025/2021-2024/2024/statement (3).html|DREA,補交易紀錄/2024-12 Hantec 手動.csv",CSV|HTML,rec_1f2d4ad6eace3ecf4bf5|c_a8c86fd848d168bde4ad,False,SAME_MINUTE_TIMES_AND_ECONOMIC_FIELDS,0
dup_3f746a3d23a8a12c,2,"2025/2021-2024/2024/statement (3).html|DREA,補交易紀錄/2024-12 Hantec 手動.csv",CSV|HTML,rec_c74acb053b93c44704b1|c_ed0f8566238c5dbeb969,False,SAME_MINUTE_TIMES_AND_ECONOMIC_FIELDS,0
dup_c2cb0e2fccb20586,2,"2025/2021-2024/2024/statement (3).html|DREA,補交易紀錄/2024-12 Hantec 手動.csv",CSV|HTML,rec_820024014204ccc89a1a|c_5441d876f9fa144b1555,False,SAME_MINUTE_TIMES_AND_ECONOMIC_FIELDS,0
dup_d2568ac9c8032523,2,"2025/2021-2024/2024/statement (3).html|DREA,補交易紀錄/2024-12 Hantec 手動.csv",CSV|HTML,rec_f1d0a273c5fae98b1f53|c_d930c27a868bbc507cfd,False,SAME_MINUTE_TIMES_AND_ECONOMIC_FIELDS,0
dup_7e8fcb39810a7272,2,"2025/2021-2024/2024/statement (3).html|DREA,補交易紀錄/2024-12 Hantec 手動.csv",CSV|HTML,rec_fa8ca17202a7de56cc0a|c_aa3b62d83ca34af0ecdf,False,SAME_MINUTE_TIMES_AND_ECONOMIC_FIELDS,0
dup_904c46ba88df9878,2,"2025/2021-2024/2024/statement (3).html|DREA,補交易紀錄/2024-12 Hantec 手動.csv",CSV|HTML,rec_498d0bfc67c3fb50b172|c_3666964d8fe13c326678,False,SAME_MINUTE_TIMES_AND_ECONOMIC_FIELDS,0
dup_accabb6c2a14b817,2,"2025/2021-2024/2024/statement (3).html|DREA,補交易紀錄/2024-12 Hantec 手動.csv",CSV|HTML,rec_4f7113bb205d0fa0b0bb|c_1819f04c7cc5d1aa6958,False,SAME_MINUTE_TIMES_AND_ECONOMIC_FIELDS,0
dup_518df852b1efe60b,2,"2025/2021-2024/2024/statement (3).html|DREA,補交易紀錄/2024-12 Hantec 手動.csv",CSV|HTML,rec_d0ded8c3a850ecc1fe92|c_81522b18b2542f891f3f,False,SAME_MINUTE_TIMES_AND_ECONOMIC_FIELDS,0
dup_a8b4143c9f60af7a,2,"2025/2021-2024/2024/statement (3).html|DREA,補交易紀錄/2024-12 Hantec 手動.csv",CSV|HTML,rec_d22d17a827d5b0aec583|c_d91ba0e9d132521ea958,False,SAME_MINUTE_TIMES_AND_ECONOMIC_FIELDS,0
dup_f3e8bcc06b1eef9e,2,"2025/2021-2024/2024/statement (3).html|DREA,補交易紀錄/2024-12 Hantec 手動.csv",CSV|HTML,rec_9421b99f70ae24cde1ba|c_12d552aede746e72ef9f,False,SAME_MINUTE_TIMES_AND_ECONOMIC_FIELDS,0
dup_4afaecdf1bf9294c,2,"2025/2021-2024/2024/statement (3).html|DREA,補交易紀錄/2024-12 Hantec 手動.csv",CSV|HTML,rec_c5ca7bce9dd161d8634e|c_aa3393b2399aee7209bc,False,SAME_MINUTE_TIMES_AND_ECONOMIC_FIELDS,0
dup_be5f08eac42c3f97,2,"2025/2021-2024/2024/statement (3).html|DREA,補交易紀錄/2024-12 Hantec 手動.csv",CSV|HTML,rec_6b60a46ae67dff6133bb|c_38c7c11fb6c93a8f2b51,False,SAME_MINUTE_TIMES_AND_ECONOMIC_FIELDS,0
dup_0df12304e8c6bece,2,"2025/2021-2024/2024/statement (3).html|DREA,補交易紀錄/2024-12 Hantec 手動.csv",CSV|HTML,rec_3ce9282ee034f8de4d7d|c_5fa22dd8f6678e1ea77c,False,SAME_MINUTE_TIMES_AND_ECONOMIC_FIELDS,0
dup_316d6084ad672918,2,"2025/2021-2024/2024/statement (3).html|DREA,補交易紀錄/2024-12 Hantec 手動.csv",CSV|HTML,rec_6d022370d551eddb3768|c_fd46f1d7d462c00849d5,False,SAME_MINUTE_TIMES_AND_ECONOMIC_FIELDS,0
dup_6f77be9b1aad2a0f,2,"2025/2021-2024/2024/statement (3).html|DREA,補交易紀錄/2024-12 Hantec 手動.csv",CSV|HTML,rec_1ed15439b06bd6e7dd50|c_37c2fad06d204730b56c,False,SAME_MINUTE_TIMES_AND_ECONOMIC_FIELDS,0
dup_8f5aaea6d4a9baab,2,"2025/2021-2024/2024/statement (3).html|DREA,補交易紀錄/2024-12 Hantec 手動.csv",CSV|HTML,rec_09ee1eee1dd35b4b46d0|c_92e99ad6a46dc57514bf,False,SAME_MINUTE_TIMES_AND_ECONOMIC_FIELDS,0
dup_f3cb28ba2f1466fb,2,"2025/2021-2024/2024/statement (3).html|DREA,補交易紀錄/2024-12 Hantec 手動.csv",CSV|HTML,rec_a567e76b93e953d34196|c_ed2c77f3ad6239fc96cf,False,SAME_MINUTE_TIMES_AND_ECONOMIC_FIELDS,0
dup_25f172fbf94a74c2,2,"2025/2021-2024/2024/statement (3).html|DREA,補交易紀錄/2024-12 Hantec 手動.csv",CSV|HTML,rec_4d9f37c0f1a3dc45783a|c_992ed87799a9200b556b,False,SAME_MINUTE_TIMES_AND_ECONOMIC_FIELDS,0
dup_25f42e8e2522422f,2,"2025/2021-2024/2024/statement (3).html|DREA,補交易紀錄/2024-12 Hantec 手動.csv",CSV|HTML,rec_3c236a1652b5bfb17bae|c_71a5bc3e58c8439895d3,False,SAME_MINUTE_TIMES_AND_ECONOMIC_FIELDS,0
dup_7fc8889a9db05494,2,"2025/2021-2024/2024/statement (3).html|DREA,補交易紀錄/2024-12 Hantec 手動.csv",CSV|HTML,rec_e7318daffc7977c50dcd|c_40109578b8bbd4dbdf76,False,SAME_MINUTE_TIMES_AND_ECONOMIC_FIELDS,0
dup_db1c3943bcea68b0,2,"2025/statement (5).html|DREA,補交易紀錄/2025 手動.csv",CSV|HTML,rec_bdfcd8867009618a62d7|c_984fcb252e99c41d2bcf,False,SAME_MINUTE_TIMES_AND_ECONOMIC_FIELDS,0
dup_422374ecc1bcc9d4,2,"2025/statement (5).html|DREA,補交易紀錄/2025 手動.csv",CSV|HTML,rec_b035dd47b9238a2deb80|c_b03bc0d8a9b6b6c5e954,False,SAME_MINUTE_TIMES_AND_ECONOMIC_FIELDS,0
dup_d923a597c882979e,2,"2025/statement (5).html|DREA,補交易紀錄/2025 手動.csv",CSV|HTML,rec_2cd70feb216e83fd0217|c_4ed00f91029f2a1940b7,False,SAME_MINUTE_TIMES_AND_ECONOMIC_FIELDS,0
dup_9563f679f677666a,2,"2025/statement (5).html|DREA,補交易紀錄/2025 手動.csv",CSV|HTML,rec_be016719eabcb69181d6|c_0b948469e56efa5874af,False,SAME_MINUTE_TIMES_AND_ECONOMIC_FIELDS,0
dup_e4844b23cc1e63c5,2,"2025/statement (5).html|DREA,補交易紀錄/2025 手動.csv",CSV|HTML,rec_40c127358d28fda69303|c_fb61388e98ee791b0bc2,False,SAME_MINUTE_TIMES_AND_ECONOMIC_FIELDS,0
dup_853a07bcc32ce5b5,2,"2025/statement (5).html|DREA,補交易紀錄/2025 手動.csv",CSV|HTML,rec_16c3b6e910e83a232fd9|c_e50a1f354f3184187f22,False,SAME_MINUTE_TIMES_AND_ECONOMIC_FIELDS,0
dup_f82c2887aa7cc3f8,2,"2025/statement (5).html|DREA,補交易紀錄/2025 手動.csv",CSV|HTML,rec_65f53bc9af9111ec28a4|c_7bfb048fdaae0d40bf1a,False,SAME_MINUTE_TIMES_AND_ECONOMIC_FIELDS,0
dup_eb117b1d2aedd983,2,"2025/statement (5).html|DREA,補交易紀錄/2025 手動.csv",CSV|HTML,rec_851268ac6bedf0a06083|c_75d2c84c843177e53ced,False,SAME_MINUTE_TIMES_AND_ECONOMIC_FIELDS,0
dup_0d04fa6296e1292b,2,"2025/statement (5).html|DREA,補交易紀錄/2025 手動.csv",CSV|HTML,rec_56738b42171c15518254|c_23c1d9fb75e709f87312,False,SAME_MINUTE_TIMES_AND_ECONOMIC_FIELDS,0
dup_2df322b513f48647,2,"2025/statement (5).html|DREA,補交易紀錄/2025 手動.csv",CSV|HTML,rec_c34d7120af21473564b3|c_0c6d281d1ea6149a4f3a,False,SAME_MINUTE_TIMES_AND_ECONOMIC_FIELDS,0
dup_81bbfeea802b0644,2,"2025/statement (5).html|DREA,補交易紀錄/2025 手動.csv",CSV|HTML,rec_3e3c3df905b99afc352e|c_1f64140c9a34c38756ff,False,SAME_MINUTE_TIMES_AND_ECONOMIC_FIELDS,0
dup_f02569a62b738ec0,2,"2025/statement (5).html|DREA,補交易紀錄/2025 手動.csv",CSV|HTML,rec_34083dec9c2a97f60c84|c_d317ed5134dac907f843,False,SAME_MINUTE_TIMES_AND_ECONOMIC_FIELDS,0
dup_f733539ba8864b7d,2,"2025/statement (5).html|DREA,補交易紀錄/2025 手動.csv",CSV|HTML,rec_0589a67abdcc42f8e7ae|c_1e83cd39ee5e7e4fcfd4,False,SAME_MINUTE_TIMES_AND_ECONOMIC_FIELDS,0
dup_2fc371e5cbd2aac3,2,"2025/statement (5).html|DREA,補交易紀錄/2025 手動.csv",CSV|HTML,rec_610d268a476dadb35bc1|c_bd755ce2b7e556e78bcb,False,SAME_MINUTE_TIMES_AND_ECONOMIC_FIELDS,0
dup_31bc3070cf6c70c6,2,"2025/statement (5).html|DREA,補交易紀錄/2025 手動.csv",CSV|HTML,rec_5547524dc149f9e75111|c_b42c900950d7e98bca62,False,SAME_MINUTE_TIMES_AND_ECONOMIC_FIELDS,0
dup_32c2d61b9dc4180c,2,"2025/statement (5).html|DREA,補交易紀錄/2025 手動.csv",CSV|HTML,rec_478dcbf2497759c45bb0|c_286eb99c04b10e8fb860,False,SAME_MINUTE_TIMES_AND_ECONOMIC_FIELDS,0
dup_72f6144274533dbe,2,"2025/statement (5).html|DREA,補交易紀錄/2025 手動.csv",CSV|HTML,rec_7ba3f8fb2eaa7b4f529a|c_74204f12ee942598092d,False,SAME_MINUTE_TIMES_AND_ECONOMIC_FIELDS,0
dup_c31cafde8eff51d9,2,"2025/statement (5).html|DREA,補交易紀錄/2025 手動.csv",CSV|HTML,rec_26cb71e8b9b0fd315828|c_359ea0e12c70a183b2ec,False,SAME_MINUTE_TIMES_AND_ECONOMIC_FIELDS,0
dup_51d9720b6e30122c,2,"2025/statement (5).html|DREA,補交易紀錄/2025 手動.csv",CSV|HTML,rec_54255076cadb5996b4d6|c_036845473b4e334de518,False,SAME_MINUTE_TIMES_AND_ECONOMIC_FIELDS,0
dup_48dc6166b34dbd25,2,"2025/statement (5).html|DREA,補交易紀錄/2025 手動.csv",CSV|HTML,rec_1c5c8972df370a7d5241|c_23377a7a2fe68b8a20ee,False,SAME_MINUTE_TIMES_AND_ECONOMIC_FIELDS,0
dup_75f1fce21fbfb2a2,2,"2025/statement (5).html|DREA,補交易紀錄/2025 手動.csv",CSV|HTML,rec_7d3d74eb57260916bb84|c_1238f0839f5a8ddc39a5,False,SAME_MINUTE_TIMES_AND_ECONOMIC_FIELDS,0
dup_3fb416ebdea7cbad,2,"2025/statement (5).html|DREA,補交易紀錄/2025 手動.csv",CSV|HTML,rec_0f8a26f599e2d1b33e87|c_56651cde286771810cab,False,SAME_MINUTE_TIMES_AND_ECONOMIC_FIELDS,0
dup_7208ecba4c61c3d8,2,"2025/statement (5).html|DREA,補交易紀錄/2025 手動.csv",CSV|HTML,rec_778b32a9d4d9efd17d60|c_220b9dbe6359582e52a7,False,SAME_MINUTE_TIMES_AND_ECONOMIC_FIELDS,0
dup_7d71f0c8ea112376,2,"2025/statement (5).html|DREA,補交易紀錄/2025 手動.csv",CSV|HTML,rec_7577ca0be7016c0a8fd1|c_ee064c2bf30db5db9903,False,SAME_MINUTE_TIMES_AND_ECONOMIC_FIELDS,0
dup_4a50dea5910bc2f1,2,"2025/statement (5).html|DREA,補交易紀錄/2025 手動.csv",CSV|HTML,rec_53e54e18f1a289c92773|c_cfb9698e5902f51e7182,False,SAME_MINUTE_TIMES_AND_ECONOMIC_FIELDS,0
dup_6d0b4b97c187fc03,2,"2025/statement (5).html|DREA,補交易紀錄/2025 手動.csv",CSV|HTML,rec_67837fd10f89a4e1f3db|c_55470b832e82d4eb4cfe,False,SAME_MINUTE_TIMES_AND_ECONOMIC_FIELDS,0
dup_90ca0d9ecffd1af0,2,"2025/statement (5).html|DREA,補交易紀錄/2025 手動.csv",CSV|HTML,rec_6b6d46e8c8793105319e|c_d7371e9b68101bd9060c,False,SAME_MINUTE_TIMES_AND_ECONOMIC_FIELDS,0
dup_4ce3a50ef201d59f,2,"2025/statement (5).html|DREA,補交易紀錄/2025 手動.csv",CSV|HTML,rec_eabbd2fa52b6e31a6acf|c_360eb961bed20056a7b6,False,SAME_MINUTE_TIMES_AND_ECONOMIC_FIELDS,0
dup_38ef9cbb71a3e824,2,"2025/statement (5).html|DREA,補交易紀錄/2025 手動.csv",CSV|HTML,rec_8e0cd3d711e0a471c263|c_9c1543029e475248b7cf,False,SAME_MINUTE_TIMES_AND_ECONOMIC_FIELDS,0
dup_50baa36573356d50,2,"2025/statement (5).html|DREA,補交易紀錄/2025 手動.csv",CSV|HTML,rec_e0d1f1b7e78a243bb674|c_482264e0ff828ac7ea9a,False,SAME_MINUTE_TIMES_AND_ECONOMIC_FIELDS,0
dup_e4730926e77da2b7,2,"2025/statement (5).html|DREA,補交易紀錄/2025 手動.csv",CSV|HTML,rec_256f71f250e08344d2bf|c_ac53719a1f595992ad64,False,SAME_MINUTE_TIMES_AND_ECONOMIC_FIELDS,0
dup_c2bc26e7be39d89c,2,"2025/statement (5).html|DREA,補交易紀錄/2025 手動.csv",CSV|HTML,rec_5bb66b1d31fde43d47f2|c_1cead4bc818d68c93d1f,False,SAME_MINUTE_TIMES_AND_ECONOMIC_FIELDS,0
dup_5ffd06dd5cd0a767,2,"2025/statement (5).html|DREA,補交易紀錄/2025 手動.csv",CSV|HTML,rec_41bc0fb92130c4980ce0|c_3f34599dec5bd4b8d366,False,SAME_MINUTE_TIMES_AND_ECONOMIC_FIELDS,0
dup_285f82359a072cf9,2,"2025/statement (5).html|DREA,補交易紀錄/2025 手動.csv",CSV|HTML,rec_ac172351a54c37f0e8fc|c_9c03e6432d616b69cdd3,False,SAME_MINUTE_TIMES_AND_ECONOMIC_FIELDS,0
dup_3b15d3ad8eceb815,2,"2025/statement (5).html|DREA,補交易紀錄/2025 手動.csv",CSV|HTML,rec_fc4cf3660b9863100f1a|c_ea91919b339c5e8cd13c,False,SAME_MINUTE_TIMES_AND_ECONOMIC_FIELDS,0
dup_928179f0c26b9e97,2,"2025/statement (5).html|DREA,補交易紀錄/2025 手動.csv",CSV|HTML,rec_80532d53b3561641d91c|c_2c8d8faa30dc7e6d1506,False,SAME_MINUTE_TIMES_AND_ECONOMIC_FIELDS,0
dup_a2329e6f1aff6cbd,2,"2025/statement (5).html|DREA,補交易紀錄/2025 手動.csv",CSV|HTML,rec_791d6d3eebbfb8ecbb4b|c_63e3eacea15d458bc8fc,False,SAME_MINUTE_TIMES_AND_ECONOMIC_FIELDS,0
dup_27b1bd0082a559fb,2,"2025/statement (5).html|DREA,補交易紀錄/2025 手動.csv",CSV|HTML,rec_4c9cb96e5e767082efea|c_7958e07ae0a68bff28dd,False,SAME_MINUTE_TIMES_AND_ECONOMIC_FIELDS,0
dup_e08460d0628fd695,2,"2025/statement (5).html|DREA,補交易紀錄/2025 手動.csv",CSV|HTML,rec_71763e5d9175c1c0d96f|c_1e1662c678e6c55a1235,False,SAME_MINUTE_TIMES_AND_ECONOMIC_FIELDS,0
dup_b06f3eac2a84a85b,2,"2025/statement (5).html|DREA,補交易紀錄/2025 手動.csv",CSV|HTML,rec_2d993085fe94fbbaefb5|c_c04ff29a13e070a74bad,False,SAME_MINUTE_TIMES_AND_ECONOMIC_FIELDS,0
dup_e0fe56afe33e3994,2,"2025/statement (5).html|DREA,補交易紀錄/2025 手動.csv",CSV|HTML,rec_e81b2606a79fd0d033af|c_f30f9a14d3081d902cb3,False,SAME_MINUTE_TIMES_AND_ECONOMIC_FIELDS,0
dup_956ba4684332d50e,2,"2025/statement (5).html|DREA,補交易紀錄/2025 手動.csv",CSV|HTML,rec_7dc61f8494679727863f|c_1edbb8cd6974292bb78a,False,SAME_MINUTE_TIMES_AND_ECONOMIC_FIELDS,0
dup_19bd2f1ab34c9663,2,"2025/statement (5).html|DREA,補交易紀錄/2025 手動.csv",CSV|HTML,rec_e509ea2c9f321f62e3e8|c_41b23988da3ef31470db,False,SAME_MINUTE_TIMES_AND_ECONOMIC_FIELDS,0
dup_a94f8b0629f9b1a0,2,"2025/statement (5).html|DREA,補交易紀錄/2025 手動.csv",CSV|HTML,rec_e73a2aa6f4971e332ca1|c_3f19b0962e1fbac24af3,False,SAME_MINUTE_TIMES_AND_ECONOMIC_FIELDS,0
dup_b7860f542b8e1168,2,"2025/statement (5).html|DREA,補交易紀錄/2025 手動.csv",CSV|HTML,rec_f918704fb936635ad7fa|c_543e09e6389f4a20924d,False,SAME_MINUTE_TIMES_AND_ECONOMIC_FIELDS,0
dup_1b25b224f648e61f,2,"2025/statement (5).html|DREA,補交易紀錄/2025 手動.csv",CSV|HTML,rec_1416f834915dd811074c|c_92795928a636bad96d02,False,SAME_MINUTE_TIMES_AND_ECONOMIC_FIELDS,0
dup_fecd86ed5077d704,2,"2025/statement (5).html|DREA,補交易紀錄/2025 手動.csv",CSV|HTML,rec_4a6ba19923bf9bbf2a0e|c_413b274120461c68d53e,False,SAME_MINUTE_TIMES_AND_ECONOMIC_FIELDS,0
dup_5d4880055323733e,2,"2025/statement (5).html|DREA,補交易紀錄/2025 手動.csv",CSV|HTML,rec_9b156bacb00bfda4233f|c_5ef026646016925c919d,False,SAME_MINUTE_TIMES_AND_ECONOMIC_FIELDS,0
dup_ad4c8c7a779187bd,2,"2025/statement (5).html|DREA,補交易紀錄/2025 手動.csv",CSV|HTML,rec_c477cef36b949d330b8c|c_2abea388324e26a0f688,False,SAME_MINUTE_TIMES_AND_ECONOMIC_FIELDS,0
dup_bf91733a7016ab51,2,"2025/statement (5).html|DREA,補交易紀錄/2025 手動.csv",CSV|HTML,rec_0133a51f16332245332d|c_be74a5f205baa6226fa0,False,SAME_MINUTE_TIMES_AND_ECONOMIC_FIELDS,0
dup_009945938726de33,2,"2025/statement (5).html|DREA,補交易紀錄/2025 手動.csv",CSV|HTML,rec_e3c7e9e763d992cd16eb|c_d646ab132bebef31f6a4,False,SAME_MINUTE_TIMES_AND_ECONOMIC_FIELDS,0
dup_39ea34c17cb70ff6,2,"2025/statement (5).html|DREA,補交易紀錄/2025 手動.csv",CSV|HTML,rec_9d2b62a0ba95ab2bf12e|c_9ab40a4dcce6fc8c33a3,False,SAME_MINUTE_TIMES_AND_ECONOMIC_FIELDS,0
dup_a6f84ff9a1ddc244,2,"2025/statement (5).html|DREA,補交易紀錄/2025 手動.csv",CSV|HTML,rec_288020d3d7a7d9fbea8e|c_e7dc06412f1da9f558fa,False,SAME_MINUTE_TIMES_AND_ECONOMIC_FIELDS,0
dup_2c5600782e9ead04,2,"2025/statement (5).html|DREA,補交易紀錄/2025 手動.csv",CSV|HTML,rec_ddc7662c174b36a362f3|c_450885e8732e8435c4c0,False,SAME_MINUTE_TIMES_AND_ECONOMIC_FIELDS,0
dup_62616638bdfe1f6b,2,"2025/statement (5).html|DREA,補交易紀錄/2025 手動.csv",CSV|HTML,rec_bbd8a9714777d344cb43|c_022c9d3acea19a799980,False,SAME_MINUTE_TIMES_AND_ECONOMIC_FIELDS,0
dup_16fa1d33d94d22fb,2,"2025/statement (5).html|DREA,補交易紀錄/2025 手動.csv",CSV|HTML,rec_f75f89e595b15063efed|c_0d43e144dca3a5cd65e0,False,SAME_MINUTE_TIMES_AND_ECONOMIC_FIELDS,0
dup_c98675dbc5db6560,2,"2025/statement (5).html|DREA,補交易紀錄/2025 手動.csv",CSV|HTML,rec_5d1e0d88ad38d7095a7e|c_78375742db17fafa12fb,False,SAME_MINUTE_TIMES_AND_ECONOMIC_FIELDS,0
dup_3c2a01b239646ea0,2,"2025/statement (5).html|DREA,補交易紀錄/2025 手動.csv",CSV|HTML,rec_8c25311f92c4f143a190|c_faafc91bb84bb7140bc1,False,SAME_MINUTE_TIMES_AND_ECONOMIC_FIELDS,0
dup_533cc5c973436447,2,"2025/statement (5).html|DREA,補交易紀錄/2025 手動.csv",CSV|HTML,rec_a6b115546ab78eaccabc|c_175c65a3d757b5c4127e,False,SAME_MINUTE_TIMES_AND_ECONOMIC_FIELDS,0
dup_658e0531ce7bac34,2,"2025/statement (5).html|DREA,補交易紀錄/2025 手動.csv",CSV|HTML,rec_b6b68352e7cfb841c7aa|c_008a95f8dfa4ed9f7bd3,False,SAME_MINUTE_TIMES_AND_ECONOMIC_FIELDS,0
dup_3c426982c71789b1,2,"2025/statement (5).html|DREA,補交易紀錄/2025 手動.csv",CSV|HTML,rec_9887697cb94edcfefd82|c_9c63882dfeeb03fd8d1d,False,SAME_MINUTE_TIMES_AND_ECONOMIC_FIELDS,0
dup_7a62128e157da2c7,2,"2025/statement (5).html|DREA,補交易紀錄/2025 手動.csv",CSV|HTML,rec_6e295cc372242094a771|c_e5f82f2e7f40aa836fc7,False,SAME_MINUTE_TIMES_AND_ECONOMIC_FIELDS,0
dup_54deb4571bd7d69b,2,"2025/statement (5).html|DREA,補交易紀錄/2025 手動.csv",CSV|HTML,rec_0cc311939a54497b24cd|c_b200cd8e52df469a7397,False,SAME_MINUTE_TIMES_AND_ECONOMIC_FIELDS,0
dup_d4b6dacddc78814b,2,"2025/statement (5).html|DREA,補交易紀錄/2025 手動.csv",CSV|HTML,rec_9cf0a9230d6ce073d1ff|c_0775fe6f6d7a1a31de9b,False,SAME_MINUTE_TIMES_AND_ECONOMIC_FIELDS,0
dup_8232aefe1823110f,2,"2025/statement (5).html|DREA,補交易紀錄/2025 手動.csv",CSV|HTML,rec_2fdcec568f20f0b509f3|c_9d327cd6e626bd2f9dfc,False,SAME_MINUTE_TIMES_AND_ECONOMIC_FIELDS,0
dup_56b757bbe6980e36,2,"2025/2021-2024/2024/statement.html|DREA,補交易紀錄/2024-12 ~績效.csv",CSV|HTML,rec_39071628670c1dbbab20|c_bd62ecbd368ac212ed63,False,SAME_MINUTE_TIMES_AND_ECONOMIC_FIELDS,0
dup_128ade492d662caf,2,"2025/2021-2024/2024/statement.html|DREA,補交易紀錄/2024-12 ~績效.csv",CSV|HTML,rec_f1341727ba4329b04a9b|c_02725d7ea6be07827db1,False,SAME_MINUTE_TIMES_AND_ECONOMIC_FIELDS,0
dup_9d904e045e649df6,2,"2025/2021-2024/2024/statement.html|DREA,補交易紀錄/2024-12 ~績效.csv",CSV|HTML,rec_af45873ae8b4683aaabd|c_0536160578ce280c15a4,False,SAME_MINUTE_TIMES_AND_ECONOMIC_FIELDS,0
dup_6666e6da99df726f,2,"2025/2021-2024/2024/statement.html|DREA,補交易紀錄/2024-12 ~績效.csv",CSV|HTML,rec_aafc1bda11cde30a8b1c|c_989780738eef935c869f,False,SAME_MINUTE_TIMES_AND_ECONOMIC_FIELDS,0
dup_31d5789516d8230d,2,"2025/statement (4).html|DREA,補交易紀錄/2025-01~02.csv",CSV|HTML,rec_4d114e13ba323cddb3a7|c_beb8f87824c595576d88,False,SAME_MINUTE_TIMES_AND_ECONOMIC_FIELDS,0
dup_0e6e6ac891765283,2,"2025/statement (4).html|DREA,補交易紀錄/2025-01~02.csv",CSV|HTML,rec_45f4a76b7185209fd0b4|c_4c442d46789016dcdf73,False,SAME_MINUTE_TIMES_AND_ECONOMIC_FIELDS,0
dup_dd758785358058ef,2,"2025/2021-2024/2024/statement.html|DREA,補交易紀錄/2024-12 ~績效.csv",CSV|HTML,rec_a397730f6a1b870a4e0e|c_1f3510fcbb7691f23426,False,SAME_MINUTE_TIMES_AND_ECONOMIC_FIELDS,0
dup_3b5608e2f70e4c44,2,"2025/2021-2024/2024/statement.html|DREA,補交易紀錄/2024-12 ~績效.csv",CSV|HTML,rec_1a250d43f3f5d9ca3532|c_b1284541c8ba0df9a84f,False,SAME_MINUTE_TIMES_AND_ECONOMIC_FIELDS,0
dup_8a534e52dbfd1f15,2,"2025/statement (4).html|DREA,補交易紀錄/2025-01~02.csv",CSV|HTML,rec_017b7a1130f06d12f24c|c_4c0f64c7bc831a585e17,False,SAME_MINUTE_TIMES_AND_ECONOMIC_FIELDS,0
dup_781ba11d9fc51bdc,2,"2025/statement (4).html|DREA,補交易紀錄/2025-01~02.csv",CSV|HTML,rec_a5a7e2dab9b7994282b0|c_b291c02940b98c98ea88,False,SAME_MINUTE_TIMES_AND_ECONOMIC_FIELDS,0
dup_b8c5bcef3c19996b,2,"2025/2021-2024/2024/statement.html|DREA,補交易紀錄/2024-12 ~績效.csv",CSV|HTML,rec_66470c0d239d86a8e6bd|c_83e586fc3638faa407d5,False,SAME_MINUTE_TIMES_AND_ECONOMIC_FIELDS,0
dup_31d6b331df6439ab,2,"2025/statement (5).html|DREA,補交易紀錄/2025 手動.csv",CSV|HTML,rec_52b088e01428839c7139|c_386a6ba5355fced8a80f,False,SAME_MINUTE_TIMES_AND_ECONOMIC_FIELDS,0
dup_47aa7aafcf3150af,2,"2025/statement (5).html|DREA,補交易紀錄/2025 手動.csv",CSV|HTML,rec_04160e4f93cd384c32ac|c_ac3b74bfdf74b98934af,False,SAME_MINUTE_TIMES_AND_ECONOMIC_FIELDS,0
dup_5cc190effeef8e75,2,"2025/statement (5).html|DREA,補交易紀錄/2025 手動.csv",CSV|HTML,rec_0c88ff2ec4353973ce0a|c_89842e13e35dce50d456,False,SAME_MINUTE_TIMES_AND_ECONOMIC_FIELDS,0
dup_e0c23b7496415694,2,"2025/statement (5).html|DREA,補交易紀錄/2025 手動.csv",CSV|HTML,rec_a45e67a19b7aa35ee177|c_c2d6ec3932c32d3f2b59,False,SAME_MINUTE_TIMES_AND_ECONOMIC_FIELDS,0
dup_dbbbf2001142c0d7,2,"2025/2021-2024/2024/statement.html|DREA,補交易紀錄/2024-12 ~績效.csv",CSV|HTML,rec_7a57050481f6ef3e6b6a|c_6bcdfcf37d4ddf8274d0,False,SAME_MINUTE_TIMES_AND_ECONOMIC_FIELDS,0
dup_1566ade058e48ebb,2,"2025/2021-2024/2024/statement.html|DREA,補交易紀錄/2024-12 ~績效.csv",CSV|HTML,rec_31de5a0ec9d428da272d|c_652024b0943f8a11022f,False,SAME_MINUTE_TIMES_AND_ECONOMIC_FIELDS,0
dup_cf642b6121fb6aba,2,"2025/statement (4).html|DREA,補交易紀錄/2025-01~02.csv",CSV|HTML,rec_a9b0a90caf96365792cb|c_79dc3e0c34f6d6f9ea38,False,SAME_MINUTE_TIMES_AND_ECONOMIC_FIELDS,0
dup_d6634d04a0ead172,2,"2025/statement (4).html|DREA,補交易紀錄/2025-01~02.csv",CSV|HTML,rec_64b0a13498e083cd1170|c_895a14c57d7b1f543302,False,SAME_MINUTE_TIMES_AND_ECONOMIC_FIELDS,0
dup_a8e0e18eeb807b93,2,"2025/2021-2024/2024/statement.html|DREA,補交易紀錄/2024-12 ~績效.csv",CSV|HTML,rec_67a8259d48e8857699f3|c_13c55fc6f078e150adc7,False,SAME_MINUTE_TIMES_AND_ECONOMIC_FIELDS,0
dup_6d086a52e00f0e92,2,"2025/statement (4).html|DREA,補交易紀錄/2025-01~02.csv",CSV|HTML,rec_5d8fd977927e8d4699e6|c_370c731c823ec9a49580,False,SAME_MINUTE_TIMES_AND_ECONOMIC_FIELDS,0
dup_5aa54da155d5ee5d,2,"2025/2021-2024/2024/statement.html|DREA,補交易紀錄/2024-12 ~績效.csv",CSV|HTML,rec_5b9358ede6638fc3e3f0|c_208119f1e608c8ddcfa8,False,SAME_MINUTE_TIMES_AND_ECONOMIC_FIELDS,0
dup_deadef21c2b2ac3e,2,"2025/2021-2024/2024/statement.html|DREA,補交易紀錄/2024-12 ~績效.csv",CSV|HTML,rec_686c503c010e7716be0d|c_ca70f5ea0ff12a5de0b9,False,SAME_MINUTE_TIMES_AND_ECONOMIC_FIELDS,0
dup_b86ffb16598e7bc0,2,"2025/statement (4).html|DREA,補交易紀錄/2025-01~02.csv",CSV|HTML,rec_e17f46ee778ce9a9949b|c_f1ab3fb686cd1f3a51e8,False,SAME_MINUTE_TIMES_AND_ECONOMIC_FIELDS,0
dup_d3612be95e519e94,2,"2025/statement (4).html|DREA,補交易紀錄/2025-01~02.csv",CSV|HTML,rec_8d3724e251b7016693fe|c_7c0f87c0eb5691c6b915,False,SAME_MINUTE_TIMES_AND_ECONOMIC_FIELDS,0
dup_a9500bfdf7f410a8,2,"2025/statement (4).html|DREA,補交易紀錄/2025-01~02.csv",CSV|HTML,rec_455475427a6b0c7ad4fb|c_73e642bfbb50774840c0,False,SAME_MINUTE_TIMES_AND_ECONOMIC_FIELDS,0
dup_56d605da9477ae9d,2,"2025/statement (4).html|DREA,補交易紀錄/2025-01~02.csv",CSV|HTML,rec_855b8ea15a0feebf5eb0|c_eca4d991c83cbb3ded16,False,SAME_MINUTE_TIMES_AND_ECONOMIC_FIELDS,0
dup_9dfb4fc1d4239e97,2,"2025/statement (4).html|DREA,補交易紀錄/2025-01~02.csv",CSV|HTML,rec_722edec530544b2c5770|c_46c68e29377f3d734f9d,False,SAME_MINUTE_TIMES_AND_ECONOMIC_FIELDS,0
dup_406829d8ac0065f5,2,"2025/statement (4).html|DREA,補交易紀錄/2025-01~02.csv",CSV|HTML,rec_73b848ee2372f861c7ae|c_cadb85a0053ba3da31ca,False,SAME_MINUTE_TIMES_AND_ECONOMIC_FIELDS,0
dup_087ef83f3cc83c5f,2,"2025/2021-2024/2024/statement.html|DREA,補交易紀錄/2024-12 ~績效.csv",CSV|HTML,rec_a2444352097df6f910f9|c_1aa83aa7d33e50cb1e7b,False,SAME_MINUTE_TIMES_AND_ECONOMIC_FIELDS,0
dup_5e32bb4ef41b6ad9,2,"2025/statement (4).html|DREA,補交易紀錄/2025-01~02.csv",CSV|HTML,rec_3056db67e1cc72772b5b|c_e63b911ce478615b6178,False,SAME_MINUTE_TIMES_AND_ECONOMIC_FIELDS,0
dup_32348eda90d6e3df,2,"2025/statement (4).html|DREA,補交易紀錄/2025-01~02.csv",CSV|HTML,rec_2642ce500eb9d321f4e0|c_d2daa5f7c17cce9d87a4,False,SAME_MINUTE_TIMES_AND_ECONOMIC_FIELDS,0
dup_9a6a4399b99c7e20,2,"2025/2021-2024/2024/statement.html|DREA,補交易紀錄/2024-12 ~績效.csv",CSV|HTML,rec_012e3ba72ea4b3393f8e|c_fa87d259196c9ccde09f,False,SAME_MINUTE_TIMES_AND_ECONOMIC_FIELDS,0
dup_5e54170cd73071a9,2,"2025/statement (4).html|DREA,補交易紀錄/2025-01~02.csv",CSV|HTML,rec_155d1ef526d13b463875|c_5f8c699d69b703629912,False,SAME_MINUTE_TIMES_AND_ECONOMIC_FIELDS,0
dup_e8fa7654cfd1d8d4,2,"2025/2021-2024/2024/statement.html|DREA,補交易紀錄/2024-12 ~績效.csv",CSV|HTML,rec_13129f1bb1ada6856361|c_3287be995345189a767d,False,SAME_MINUTE_TIMES_AND_ECONOMIC_FIELDS,0
dup_44277b17fbde782d,2,"2025/2021-2024/2024/statement.html|DREA,補交易紀錄/2024-12 ~績效.csv",CSV|HTML,rec_c8c114d64ef96c8066dd|c_b77b6d027da637949390,False,SAME_MINUTE_TIMES_AND_ECONOMIC_FIELDS,0
dup_a7f8d5c3eda6ee10,2,"2025/2021-2024/2024/statement.html|DREA,補交易紀錄/2024-12 ~績效.csv",CSV|HTML,rec_ec6d0c163584f5f6f532|c_d5d0bbe5e1a5b4caf797,False,SAME_MINUTE_TIMES_AND_ECONOMIC_FIELDS,0
dup_a186579b3a8075b6,2,"2025/2021-2024/2024/statement.html|DREA,補交易紀錄/2024-12 ~績效.csv",CSV|HTML,rec_3e816a91e975960e070f|c_017cd0a97b7fd23a599a,False,SAME_MINUTE_TIMES_AND_ECONOMIC_FIELDS,0
dup_f2669fa883276c57,2,"2025/2021-2024/2024/statement.html|DREA,補交易紀錄/2024-12 ~績效.csv",CSV|HTML,rec_760a3fe2fb0b535b9de5|c_879aa02162d5f24824f6,False,SAME_MINUTE_TIMES_AND_ECONOMIC_FIELDS,0
dup_a9d4b53c821655f0,2,"2025/2021-2024/2024/statement.html|DREA,補交易紀錄/2024-12 ~績效.csv",CSV|HTML,rec_3e428eea58e516f2cb31|c_67ae7248f7fc4f8f1905,False,SAME_MINUTE_TIMES_AND_ECONOMIC_FIELDS,0
dup_8311b2ba5ff8f4b5,2,"2025/2021-2024/2024/statement.html|DREA,補交易紀錄/2024-12 ~績效.csv",CSV|HTML,rec_acaecf1a414ccc134336|c_6bbda0d7968835ec4f54,False,SAME_MINUTE_TIMES_AND_ECONOMIC_FIELDS,0
dup_bce7c7f022adfbff,2,"2025/2021-2024/2024/statement.html|DREA,補交易紀錄/2024-12 ~績效.csv",CSV|HTML,rec_eed0c3384812ef8c6199|c_b2fdd1f7707b512f52bd,False,SAME_MINUTE_TIMES_AND_ECONOMIC_FIELDS,0
dup_122de05b2d51ff61,2,"2025/statement (4).html|DREA,補交易紀錄/2025-01~02.csv",CSV|HTML,rec_754cc387ce5e2c9490ea|c_cb6b3ace1e495df93ebc,False,SAME_MINUTE_TIMES_AND_ECONOMIC_FIELDS,0
dup_b747f2c1e2bb4f80,2,"2025/statement (4).html|DREA,補交易紀錄/2025-01~02.csv",CSV|HTML,rec_58601b465c46ab2d776a|c_f3cecb15285dd87829b2,False,SAME_MINUTE_TIMES_AND_ECONOMIC_FIELDS,0
dup_cdee622b185775c4,2,"2025/statement (4).html|DREA,補交易紀錄/2025-01~02.csv",CSV|HTML,rec_799325214e67361862c7|c_a120c42d82985193cc1e,False,SAME_MINUTE_TIMES_AND_ECONOMIC_FIELDS,0
dup_88cf1ec524a51411,2,"2025/2021-2024/2024/statement.html|DREA,補交易紀錄/2024-12 ~績效.csv",CSV|HTML,rec_7af5d5e81e53075f6dd6|c_4a7c26d6739bec47e4d9,False,SAME_MINUTE_TIMES_AND_ECONOMIC_FIELDS,0
dup_b724aea2a8311057,2,"2025/statement (4).html|DREA,補交易紀錄/2025-01~02.csv",CSV|HTML,rec_fad4c989733800df1a98|c_b004a8e91b3d2f610cce,False,SAME_MINUTE_TIMES_AND_ECONOMIC_FIELDS,0
dup_9a0f30033f1f81bc,2,"2025/2021-2024/2024/statement.html|DREA,補交易紀錄/2024-12 ~績效.csv",CSV|HTML,rec_9067fc029f31a75726b9|c_95520a90e2d37c1629e3,False,SAME_MINUTE_TIMES_AND_ECONOMIC_FIELDS,0
dup_1d04842b63ad4ef8,2,"2025/2021-2024/2024/statement.html|DREA,補交易紀錄/2024-12 ~績效.csv",CSV|HTML,rec_292e76c5a7836e7d9405|c_0b8c473eb34f0fc69af0,False,SAME_MINUTE_TIMES_AND_ECONOMIC_FIELDS,0
dup_b6b6c046979f7268,2,"2025/statement (4).html|DREA,補交易紀錄/2025-01~02.csv",CSV|HTML,rec_c6c341fea616be491469|c_a990998d27b4e918cd41,False,SAME_MINUTE_TIMES_AND_ECONOMIC_FIELDS,0
dup_037491282f32b6c6,2,"2025/statement (4).html|DREA,補交易紀錄/2025-01~02.csv",CSV|HTML,rec_8fea0993cfef2a58c248|c_c2e416a65a7891dc24aa,False,SAME_MINUTE_TIMES_AND_ECONOMIC_FIELDS,0
dup_b23ccfe36be19be3,2,"2025/2021-2024/2024/statement.html|DREA,補交易紀錄/2024-12 ~績效.csv",CSV|HTML,rec_d60f45cc1c40b446094e|c_be880193ae6c186eb4e6,False,SAME_MINUTE_TIMES_AND_ECONOMIC_FIELDS,0
dup_1bd16d0c62e6c1cd,2,"2025/statement (4).html|DREA,補交易紀錄/2025-01~02.csv",CSV|HTML,rec_3c6b0d6e4692c086985b|c_bf8e947935f24eea3228,False,SAME_MINUTE_TIMES_AND_ECONOMIC_FIELDS,0
dup_fe4ce0603d2e6f43,2,"2025/2021-2024/2024/statement.html|DREA,補交易紀錄/2024-12 ~績效.csv",CSV|HTML,rec_a59e9ba72dd03003e767|c_024c1a30588669195039,False,SAME_MINUTE_TIMES_AND_ECONOMIC_FIELDS,0
dup_1fdbf05f494e1037,2,"2025/statement (4).html|DREA,補交易紀錄/2025-01~02.csv",CSV|HTML,rec_c650e22c17409479b6ba|c_9a174544d92cf1789d27,False,SAME_MINUTE_TIMES_AND_ECONOMIC_FIELDS,0
dup_5c9670ab861cc54c,2,"2025/2021-2024/2024/statement.html|DREA,補交易紀錄/2024-12 ~績效.csv",CSV|HTML,rec_1d5d86b0ad43a62afa8d|c_430119d4b27a6c7af00a,False,SAME_MINUTE_TIMES_AND_ECONOMIC_FIELDS,0
dup_29b46ca8dc846c3d,2,"2025/2021-2024/2024/statement.html|DREA,補交易紀錄/2024-12 ~績效.csv",CSV|HTML,rec_94afb3085a96c4b14e1a|c_98f3f4cdaf266e798590,False,SAME_MINUTE_TIMES_AND_ECONOMIC_FIELDS,0
dup_2bd80fc4d71d9a9a,2,"2025/statement (4).html|DREA,補交易紀錄/2025-01~02.csv",CSV|HTML,rec_b28bdbf6cf4ab370d9df|c_943c24e0983bff26c957,False,SAME_MINUTE_TIMES_AND_ECONOMIC_FIELDS,0
dup_b2bec8ec578d4cda,2,"2025/statement (4).html|DREA,補交易紀錄/2025-01~02.csv",CSV|HTML,rec_2275fc4dd9d3afe16d72|c_d6b50b1e19c0546e2eab,False,SAME_MINUTE_TIMES_AND_ECONOMIC_FIELDS,0
dup_b27bba41c3b2ed10,2,"2025/statement (4).html|DREA,補交易紀錄/2025-01~02.csv",CSV|HTML,rec_63c514a2f7bf412024ad|c_cffdba53989c2151ed74,False,SAME_MINUTE_TIMES_AND_ECONOMIC_FIELDS,0
dup_1539617d74644f15,2,"2025/2021-2024/2024/statement.html|DREA,補交易紀錄/2024-12 ~績效.csv",CSV|HTML,rec_6e31c6ef709ea4530f5f|c_7e5584c0c88da92b0f23,False,SAME_MINUTE_TIMES_AND_ECONOMIC_FIELDS,0
dup_8aa03b4877b753a9,2,"2025/2021-2024/2024/statement.html|DREA,補交易紀錄/2024-12 ~績效.csv",CSV|HTML,rec_4c8bad72f1d3cf8e7a38|c_2beea8d0d14d1b3fc325,False,SAME_MINUTE_TIMES_AND_ECONOMIC_FIELDS,0
dup_f4f06570d788ac15,2,"2025/2021-2024/2024/statement.html|DREA,補交易紀錄/2024-12 ~績效.csv",CSV|HTML,rec_06447bb4e6e9c168390b|c_120440b0e900b93e657e,False,SAME_MINUTE_TIMES_AND_ECONOMIC_FIELDS,0
dup_54e547138209298c,2,"2025/2021-2024/2024/statement.html|DREA,補交易紀錄/2024-12 ~績效.csv",CSV|HTML,rec_f62e30de0005b5f06752|c_15d1c8c2822bb4b680de,False,SAME_MINUTE_TIMES_AND_ECONOMIC_FIELDS,0
dup_70cd8c841dfc673a,2,"2025/2021-2024/2024/statement.html|DREA,補交易紀錄/2024-12 ~績效.csv",CSV|HTML,rec_46afc0b057b88ed9efe4|c_04a5b2fc7a1f608aea8e,False,SAME_MINUTE_TIMES_AND_ECONOMIC_FIELDS,0
dup_03d987d88f416093,2,"2025/2021-2024/2024/statement.html|DREA,補交易紀錄/2024-12 ~績效.csv",CSV|HTML,rec_3f12d9948debda538701|c_b2f7b77c1cd0d8079d72,False,SAME_MINUTE_TIMES_AND_ECONOMIC_FIELDS,0
dup_ec77a66f19e950fa,2,"2025/statement (4).html|DREA,補交易紀錄/2025-01~02.csv",CSV|HTML,rec_21712b23a74b6c11e1ac|c_f13c2b1f9f6356796a78,False,SAME_MINUTE_TIMES_AND_ECONOMIC_FIELDS,0
dup_e7150b74294bf71a,2,"2025/2021-2024/2024/statement.html|DREA,補交易紀錄/2024-12 ~績效.csv",CSV|HTML,rec_4829ebd0ea3b4faa41d0|c_0fecf99a210f53f8e205,False,SAME_MINUTE_TIMES_AND_ECONOMIC_FIELDS,0
dup_a9df453c69d7f773,2,"2025/2021-2024/2024/statement.html|DREA,補交易紀錄/2024-12 ~績效.csv",CSV|HTML,rec_faae0e4f3b3c00c08021|c_7ac46aaddaa976e39a34,False,SAME_MINUTE_TIMES_AND_ECONOMIC_FIELDS,0
dup_05a166d1c26f2e6b,2,"2025/statement (4).html|DREA,補交易紀錄/2025-01~02.csv",CSV|HTML,rec_3fdd95d8bb6a47b61847|c_f12de2180db68f3787ce,False,SAME_MINUTE_TIMES_AND_ECONOMIC_FIELDS,0
dup_009d0bfb772ff687,2,"2025/2021-2024/2024/statement.html|DREA,補交易紀錄/2024-12 ~績效.csv",CSV|HTML,rec_ecfc51a53b5c09c1164d|c_b183974dbb6102fd9c67,False,SAME_MINUTE_TIMES_AND_ECONOMIC_FIELDS,0
dup_55e68a2f2cb7773f,2,"2025/2021-2024/2024/statement.html|DREA,補交易紀錄/2024-12 ~績效.csv",CSV|HTML,rec_d48566dee760b25db3a4|c_df50410c58a8055d01e4,False,SAME_MINUTE_TIMES_AND_ECONOMIC_FIELDS,0
dup_0e539813cad2c425,2,"2025/2021-2024/2024/statement.html|DREA,補交易紀錄/2024-12 ~績效.csv",CSV|HTML,rec_67d2913e9080c0e3988a|c_2f68c0bd4b6c43d6ad92,False,SAME_MINUTE_TIMES_AND_ECONOMIC_FIELDS,0
dup_f11430691335aa4f,2,"2025/statement (4).html|DREA,補交易紀錄/2025-01~02.csv",CSV|HTML,rec_968f33e419806efa5e6a|c_6707641ea00587f99c83,False,SAME_MINUTE_TIMES_AND_ECONOMIC_FIELDS,0
dup_129b5afa5a178b84,2,"2025/2021-2024/2024/statement.html|DREA,補交易紀錄/2024-12 ~績效.csv",CSV|HTML,rec_cb62d5e6a033c247d198|c_9a32cee016c65ab9f656,False,SAME_MINUTE_TIMES_AND_ECONOMIC_FIELDS,0
dup_e0471f1665b23092,2,"2025/2021-2024/2024/statement.html|DREA,補交易紀錄/2024-12 ~績效.csv",CSV|HTML,rec_d4a9a2421ea1d5ebc9ed|c_3292bb42d20b7ad5804d,False,SAME_MINUTE_TIMES_AND_ECONOMIC_FIELDS,0
dup_e86f50f518173a53,2,"2025/2021-2024/2024/statement.html|DREA,補交易紀錄/2024-12 ~績效.csv",CSV|HTML,rec_0810dee30e29df771310|c_cf28fb3509406cb5bb35,False,SAME_MINUTE_TIMES_AND_ECONOMIC_FIELDS,0
dup_50766ad8d24b6148,2,"2025/2021-2024/2024/statement.html|DREA,補交易紀錄/2024-12 ~績效.csv",CSV|HTML,rec_a8bc85ce15643ab34c33|c_3e377b7221015765f8b5,False,SAME_MINUTE_TIMES_AND_ECONOMIC_FIELDS,0
dup_e82f0a1ca8e45576,2,"2025/statement (4).html|DREA,補交易紀錄/2025-01~02.csv",CSV|HTML,rec_937c6838713bacc2ac63|c_ea9d6b42d22463c9bb76,False,SAME_MINUTE_TIMES_AND_ECONOMIC_FIELDS,0
dup_1a7da6813d3ee9ac,2,"2025/2021-2024/2024/statement.html|DREA,補交易紀錄/2024-12 ~績效.csv",CSV|HTML,rec_6bb46e94c584ba537eb9|c_a4f46e6763667bf57a11,False,SAME_MINUTE_TIMES_AND_ECONOMIC_FIELDS,0
dup_9a33aa16ad713076,2,"2025/2021-2024/2024/statement.html|DREA,補交易紀錄/2024-12 ~績效.csv",CSV|HTML,rec_53af0ff67c1d5a8d9607|c_adf133685dfefba3e423,False,SAME_MINUTE_TIMES_AND_ECONOMIC_FIELDS,0
dup_2d72550a9fa67bb6,2,"2025/statement (4).html|DREA,補交易紀錄/2025-01~02.csv",CSV|HTML,rec_fe38e47d05e8ebebdfff|c_93ea0f64e337a26b2386,False,SAME_MINUTE_TIMES_AND_ECONOMIC_FIELDS,0
dup_b563d5f5dec992bd,2,"2025/2021-2024/2024/statement.html|DREA,補交易紀錄/2024-12 ~績效.csv",CSV|HTML,rec_b08d38acd7c408198fc7|c_880ce3cd8753dd14f66a,False,SAME_MINUTE_TIMES_AND_ECONOMIC_FIELDS,0
dup_bcbbef37468bbd76,2,"2025/statement (4).html|DREA,補交易紀錄/2025-01~02.csv",CSV|HTML,rec_0da3ce58cb892a1bbf93|c_54dce49aa43210bec034,False,SAME_MINUTE_TIMES_AND_ECONOMIC_FIELDS,0
dup_d8c033f12155c1c6,2,"2025/statement (4).html|DREA,補交易紀錄/2025-01~02.csv",CSV|HTML,rec_a9e1760f1b93f6e4f18e|c_40e24432e9c41ed1b00e,False,SAME_MINUTE_TIMES_AND_ECONOMIC_FIELDS,0
dup_a0e09e785b1a7eaa,2,"2025/2021-2024/2024/statement.html|DREA,補交易紀錄/2024-12 ~績效.csv",CSV|HTML,rec_0d1143c300f204f877ae|c_d201b4395ca1e19b1e94,False,SAME_MINUTE_TIMES_AND_ECONOMIC_FIELDS,0
dup_1051d9e70d38c470,2,"2025/2021-2024/2024/statement.html|DREA,補交易紀錄/2024-12 ~績效.csv",CSV|HTML,rec_6b0d29e6edb55c1f2619|c_7c578f24bcfdb70511fc,False,SAME_MINUTE_TIMES_AND_ECONOMIC_FIELDS,0
dup_7e337abd3712417a,2,"2025/2021-2024/2024/statement.html|DREA,補交易紀錄/2024-12 ~績效.csv",CSV|HTML,rec_a0611522a942cbfe142b|c_4b155364e1a09449b109,False,SAME_MINUTE_TIMES_AND_ECONOMIC_FIELDS,0
dup_e4f163433bf39e14,2,"2025/statement (4).html|DREA,補交易紀錄/2025-01~02.csv",CSV|HTML,rec_6bddb3fdabb4dd19a063|c_1c862676f1324e062ea2,False,SAME_MINUTE_TIMES_AND_ECONOMIC_FIELDS,0
dup_a453d2cc6c83c972,2,"2025/statement (4).html|DREA,補交易紀錄/2025-01~02.csv",CSV|HTML,rec_099d59f0c3e32b7cbaa7|c_a786b3d843889204cd90,False,SAME_MINUTE_TIMES_AND_ECONOMIC_FIELDS,0
dup_3190345d331b0703,2,"2025/2021-2024/2024/statement.html|DREA,補交易紀錄/2024-12 ~績效.csv",CSV|HTML,rec_fcde2f4eb46b62901b9b|c_adfd6f03633dcb4ab08e,False,SAME_MINUTE_TIMES_AND_ECONOMIC_FIELDS,0
dup_e3b44e6c1043d7ba,2,"2025/statement (4).html|DREA,補交易紀錄/2025-01~02.csv",CSV|HTML,rec_966f1063a6547a2307cc|c_179a9b35b44b583f9e5c,False,SAME_MINUTE_TIMES_AND_ECONOMIC_FIELDS,0
dup_af5efdc7f2ca528a,2,"2025/2021-2024/2024/statement.html|DREA,補交易紀錄/2024-12 ~績效.csv",CSV|HTML,rec_a8c4995a23adb1101f7a|c_5d3c77d37f3b01c6ffe0,False,SAME_MINUTE_TIMES_AND_ECONOMIC_FIELDS,0
dup_d2e88c4c09f26e45,2,"2025/2021-2024/2024/statement.html|DREA,補交易紀錄/2024-12 ~績效.csv",CSV|HTML,rec_bf855cfc7fa69cf12a68|c_c830c8d6bdded379a509,False,SAME_MINUTE_TIMES_AND_ECONOMIC_FIELDS,0
dup_0da739f835c04aa3,2,"2025/statement (4).html|DREA,補交易紀錄/2025-01~02.csv",CSV|HTML,rec_c2d7518a650bea0358d6|c_c7b0ef8907ccc9561024,False,SAME_MINUTE_TIMES_AND_ECONOMIC_FIELDS,0
dup_83495a29ef8b7a4c,2,"2025/statement (4).html|DREA,補交易紀錄/2025-01~02.csv",CSV|HTML,rec_73261265e91b47f01363|c_5a370156b49c5b5ee85c,False,SAME_MINUTE_TIMES_AND_ECONOMIC_FIELDS,0
dup_2ccb9453f8b284b1,2,"2025/statement (4).html|DREA,補交易紀錄/2025-01~02.csv",CSV|HTML,rec_a5c1b55bb28343cd0e7c|c_ed5916197d1420866776,False,SAME_MINUTE_TIMES_AND_ECONOMIC_FIELDS,0
dup_1ac52ff886863cfb,2,"2025/statement (4).html|DREA,補交易紀錄/2025-01~02.csv",CSV|HTML,rec_c4563deb1195f54edfc8|c_7ca63dfb3e75e7ccd9f4,False,SAME_MINUTE_TIMES_AND_ECONOMIC_FIELDS,0
dup_3bfda69a736323d6,2,"2025/statement (4).html|DREA,補交易紀錄/2025-01~02.csv",CSV|HTML,rec_f20156b07ea031ae6b4e|c_b9afb031ed0b5fcff5e1,False,SAME_MINUTE_TIMES_AND_ECONOMIC_FIELDS,0
dup_52e665e06bcd015b,2,"2025/statement (4).html|DREA,補交易紀錄/2025-01~02.csv",CSV|HTML,rec_de4c461fc75cf44c5247|c_599cc69a7298dd26871c,False,SAME_MINUTE_TIMES_AND_ECONOMIC_FIELDS,0
dup_4d6d66583ccfa90b,2,"2025/statement (4).html|DREA,補交易紀錄/2025-01~02.csv",CSV|HTML,rec_627ff0c3663304287ad7|c_eb65335f63b29bc21397,False,SAME_MINUTE_TIMES_AND_ECONOMIC_FIELDS,0
dup_67e78cfe304935f1,2,"2025/statement (4).html|DREA,補交易紀錄/2025-01~02.csv",CSV|HTML,rec_120f59b7051f9cbe1484|c_7495e8d193a683abe629,False,SAME_MINUTE_TIMES_AND_ECONOMIC_FIELDS,0
dup_a1aa386ee95f1973,2,"2025/statement (4).html|DREA,補交易紀錄/2025-01~02.csv",CSV|HTML,rec_6b73695594dfc079a1f5|c_1143b693fa58419ab275,False,SAME_MINUTE_TIMES_AND_ECONOMIC_FIELDS,0
dup_efcb9eca72c31bef,2,"2025/statement (4).html|DREA,補交易紀錄/2025-01~02.csv",CSV|HTML,rec_b78e18e0cd44e0e71fc1|c_3a47b7fd7627e130519b,False,SAME_MINUTE_TIMES_AND_ECONOMIC_FIELDS,0
dup_16f235631311ef28,2,"2025/statement (4).html|DREA,補交易紀錄/2025-01~02.csv",CSV|HTML,rec_f85f424f8af263563d1c|c_7c68f3904223b2e3a0ae,False,SAME_MINUTE_TIMES_AND_ECONOMIC_FIELDS,0
dup_c513a8caabe1dec9,2,"2025/statement (4).html|DREA,補交易紀錄/2025-01~02.csv",CSV|HTML,rec_c21b331b50f28cd7cc25|c_c5f350c4af8353f3795b,False,SAME_MINUTE_TIMES_AND_ECONOMIC_FIELDS,0
dup_22383819b42b8efd,2,"2025/statement (4).html|DREA,補交易紀錄/2025-01~02.csv",CSV|HTML,rec_c16bf874ff9109039cdc|c_eadf4923287d8c6abcee,False,SAME_MINUTE_TIMES_AND_ECONOMIC_FIELDS,0
dup_b073d5d9c87a3a89,2,"2025/statement (4).html|DREA,補交易紀錄/2025-01~02.csv",CSV|HTML,rec_050b7c92b00c659083a6|c_23b03174d48437d9cc02,False,SAME_MINUTE_TIMES_AND_ECONOMIC_FIELDS,0
dup_7a4a7b1750bca640,2,"2025/statement (4).html|DREA,補交易紀錄/2025-01~02.csv",CSV|HTML,rec_028ff061d933abf04ef2|c_50d72892d48f524605d7,False,SAME_MINUTE_TIMES_AND_ECONOMIC_FIELDS,0
dup_75934b3e5bf1ff89,2,"2025/statement (4).html|DREA,補交易紀錄/2025-01~02.csv",CSV|HTML,rec_154fd0ab358f86507b3c|c_057c145aac36ccdeb4d8,False,SAME_MINUTE_TIMES_AND_ECONOMIC_FIELDS,0
dup_f592a1b8e0ef96d6,2,"2025/statement (4).html|DREA,補交易紀錄/2025-01~02.csv",CSV|HTML,rec_7061cff0fa1757a0f19b|c_81459347ae34bf62df34,False,SAME_MINUTE_TIMES_AND_ECONOMIC_FIELDS,0
dup_bc22d93ba4dabd6b,2,"2025/statement (3).html|DREA,補交易紀錄/2025-02~.csv",CSV|HTML,rec_d0efc82f35fe4f33d6a8|c_b487877f6c2b79af171d,False,SAME_MINUTE_TIMES_AND_ECONOMIC_FIELDS,0
dup_f834e5def659c090,2,"2025/statement (3).html|DREA,補交易紀錄/2025-02~.csv",CSV|HTML,rec_d3c5a7d701f348419eb5|c_0ba0df4488da9c9b9420,False,SAME_MINUTE_TIMES_AND_ECONOMIC_FIELDS,0
dup_2245c5f3904009a6,2,"2025/statement (3).html|DREA,補交易紀錄/2025-02~.csv",CSV|HTML,rec_e1dbb8e9e5a43a8e8167|c_f32d7e0ffe705c29bd20,False,SAME_MINUTE_TIMES_AND_ECONOMIC_FIELDS,0
dup_761074b4341badfb,2,"2025/statement (3).html|DREA,補交易紀錄/2025-02~.csv",CSV|HTML,rec_4646a21a73d7a05d690d|c_6694b0935d030f3481d9,False,SAME_MINUTE_TIMES_AND_ECONOMIC_FIELDS,0
dup_ad5e7a74ba0f671a,2,"2025/statement (3).html|DREA,補交易紀錄/2025-02~.csv",CSV|HTML,rec_d0e60488cc5ba74bcf33|c_eb5fdf3fb98b04c89076,False,SAME_MINUTE_TIMES_AND_ECONOMIC_FIELDS,0
dup_511a47d75b0b3877,2,"2025/statement (3).html|DREA,補交易紀錄/2025-02~.csv",CSV|HTML,rec_f159a82a12a5dd923646|c_baaf5bde6ba5abd5d773,False,SAME_MINUTE_TIMES_AND_ECONOMIC_FIELDS,0
dup_412bba78f13eae5d,2,"2025/statement (3).html|DREA,補交易紀錄/2025-02~.csv",CSV|HTML,rec_d67485322f54edc58554|c_a1387d2a8a853e9ea86c,False,SAME_MINUTE_TIMES_AND_ECONOMIC_FIELDS,0
dup_67959c5430707da0,2,"2025/statement (3).html|DREA,補交易紀錄/2025-02~.csv",CSV|HTML,rec_7be4e0d70cbc2b082232|c_57c3dcfb1b8174b626f1,False,SAME_MINUTE_TIMES_AND_ECONOMIC_FIELDS,0
dup_34615abf51228685,2,"2025/statement (3).html|DREA,補交易紀錄/2025-02~.csv",CSV|HTML,rec_29b306dc386da8142e53|c_5c08b6d4e217479920db,False,SAME_MINUTE_TIMES_AND_ECONOMIC_FIELDS,0
dup_2feb913f61f6ee6f,2,"2025/statement (3).html|DREA,補交易紀錄/2025-02~.csv",CSV|HTML,rec_362af7e2198e893dcc1b|c_b944ada8e24cff39e902,False,SAME_MINUTE_TIMES_AND_ECONOMIC_FIELDS,0
dup_a07b1570c296bb72,2,"2025/statement (3).html|DREA,補交易紀錄/2025-02~.csv",CSV|HTML,rec_65ba3ae350cf86afd28c|c_3c6685db5d535685186b,False,SAME_MINUTE_TIMES_AND_ECONOMIC_FIELDS,0
dup_9643709adeb7b63f,2,"2025/statement (3).html|DREA,補交易紀錄/2025-02~.csv",CSV|HTML,rec_a175cb667257fcae7ee3|c_c51c1bbd09fc941fad6b,False,SAME_MINUTE_TIMES_AND_ECONOMIC_FIELDS,0
dup_b775cf11ce42d6c6,2,"2025/statement (3).html|DREA,補交易紀錄/2025-02~.csv",CSV|HTML,rec_918e48deadd5b60b1603|c_89aaab1e68e259ace98e,False,SAME_MINUTE_TIMES_AND_ECONOMIC_FIELDS,0
dup_6f9c8b1f499ef829,2,"2025/statement (3).html|DREA,補交易紀錄/2025-02~.csv",CSV|HTML,rec_0a4d05693510c468472a|c_a129ecb90edb7ce4795b,False,SAME_MINUTE_TIMES_AND_ECONOMIC_FIELDS,0
dup_bb8f9f86501f6777,2,"2025/statement (3).html|DREA,補交易紀錄/2025-02~.csv",CSV|HTML,rec_787d5df6743746ea43de|c_de4cfaae0e5dab8ee19e,False,SAME_MINUTE_TIMES_AND_ECONOMIC_FIELDS,0
dup_c798120f100fc73c,2,"2025/statement (3).html|DREA,補交易紀錄/2025-02~.csv",CSV|HTML,rec_5bcd02ded293d1901c75|c_a16b8a2c8dc353c37529,False,SAME_MINUTE_TIMES_AND_ECONOMIC_FIELDS,0
dup_f45f75b1fa6a504e,2,"2025/statement (3).html|DREA,補交易紀錄/2025-02~.csv",CSV|HTML,rec_4de19564f07ec7ca7d80|c_154eb149fd7b619d7f3a,False,SAME_MINUTE_TIMES_AND_ECONOMIC_FIELDS,0
dup_0525cddcbca71d9d,2,"2025/statement (3).html|DREA,補交易紀錄/2025-02~.csv",CSV|HTML,rec_6f69c1c9a0d3899870bb|c_46e9989859663dbc3c52,False,SAME_MINUTE_TIMES_AND_ECONOMIC_FIELDS,0
dup_23a6ad1ed9eb66ed,2,"2025/statement (3).html|DREA,補交易紀錄/2025-02~.csv",CSV|HTML,rec_cc86531a9c60c806babe|c_4c164e5edae8c7afa387,False,SAME_MINUTE_TIMES_AND_ECONOMIC_FIELDS,0
dup_4b29f9013de639ae,2,"2025/statement (3).html|DREA,補交易紀錄/2025-02~.csv",CSV|HTML,rec_ca91ce890b5da4b3d252|c_dce78f323074da64e394,False,SAME_MINUTE_TIMES_AND_ECONOMIC_FIELDS,0
dup_07a6441016718d3f,2,"2025/statement (3).html|DREA,補交易紀錄/2025-02~.csv",CSV|HTML,rec_fc42e1ab31eb75567194|c_3532c3b39a29a7c73165,False,SAME_MINUTE_TIMES_AND_ECONOMIC_FIELDS,0
dup_a401ee55f5f8893b,2,"2025/statement (3).html|DREA,補交易紀錄/2025-02~.csv",CSV|HTML,rec_19c17ed81b684d079a8c|c_1cf6816bb294ef60c243,False,SAME_MINUTE_TIMES_AND_ECONOMIC_FIELDS,0
dup_a4c7fc48cd082db8,2,"2025/statement (3).html|DREA,補交易紀錄/2025-02~.csv",CSV|HTML,rec_6251c1ecec3275759001|c_60a93a378de9cc9e8726,False,SAME_MINUTE_TIMES_AND_ECONOMIC_FIELDS,0
dup_1fe716c236066b6b,2,"2025/statement (3).html|DREA,補交易紀錄/2025-02~.csv",CSV|HTML,rec_6a648078c12f696bc62a|c_956535e3b8b93585ea40,False,SAME_MINUTE_TIMES_AND_ECONOMIC_FIELDS,0
dup_1b1492d4f78b839b,2,"2025/statement (3).html|DREA,補交易紀錄/2025-02~.csv",CSV|HTML,rec_17f7fb9852b5e318da21|c_736daca1d56e8e47e861,False,SAME_MINUTE_TIMES_AND_ECONOMIC_FIELDS,0
dup_3fcd7b3b38994f81,2,"2025/statement (3).html|DREA,補交易紀錄/2025-02~.csv",CSV|HTML,rec_05c1ce597a4a68966bf5|c_57ed6382f929264bee86,False,SAME_MINUTE_TIMES_AND_ECONOMIC_FIELDS,0
dup_4452ff7190ac5a17,2,"2025/statement (3).html|DREA,補交易紀錄/2025-02~.csv",CSV|HTML,rec_f19e8e0947df1a612bda|c_ca75ccc90be86a3a56d5,False,SAME_MINUTE_TIMES_AND_ECONOMIC_FIELDS,0
dup_64bf0f2ca8bd1fdf,2,"2025/statement (3).html|DREA,補交易紀錄/2025-02~.csv",CSV|HTML,rec_4c3837e1303cacce64fe|c_83cbf03f5341bf11374e,False,SAME_MINUTE_TIMES_AND_ECONOMIC_FIELDS,0
dup_8cbe19814a9351b3,2,"2025/statement (3).html|DREA,補交易紀錄/2025-02~.csv",CSV|HTML,rec_8da86c421db91f710a21|c_a1c51b6daf279d9bb45a,False,SAME_MINUTE_TIMES_AND_ECONOMIC_FIELDS,0
dup_678590b8017f179c,2,"2025/statement (3).html|DREA,補交易紀錄/2025-02~.csv",CSV|HTML,rec_dc4db1688af038b79ca9|c_a495fb42f35bca7035bc,False,SAME_MINUTE_TIMES_AND_ECONOMIC_FIELDS,0
dup_1964406fbbd0be27,2,"2025/statement (3).html|DREA,補交易紀錄/2025-02~.csv",CSV|HTML,rec_bb774ebaa162f76a1dcb|c_274977a4a108e36bd86d,False,SAME_MINUTE_TIMES_AND_ECONOMIC_FIELDS,0
dup_5fbe71d124720482,2,"2025/statement (3).html|DREA,補交易紀錄/2025-02~.csv",CSV|HTML,rec_8a81bc8a404aac3b5063|c_b7d96619167b65d3d86f,False,SAME_MINUTE_TIMES_AND_ECONOMIC_FIELDS,0
dup_c92b6eb682a21fcc,2,"2025/statement (3).html|DREA,補交易紀錄/2025-02~.csv",CSV|HTML,rec_e138ad6fb088313e9024|c_1728321577a5e43da758,False,SAME_MINUTE_TIMES_AND_ECONOMIC_FIELDS,0
dup_4418c384db71576f,2,"2025/statement (3).html|DREA,補交易紀錄/2025-02~.csv",CSV|HTML,rec_bbea48766075f99be432|c_77f23fb03cb5c712ea7f,False,SAME_MINUTE_TIMES_AND_ECONOMIC_FIELDS,0
dup_30792d2f0937b0f6,2,"2025/statement (3).html|DREA,補交易紀錄/2025-02~.csv",CSV|HTML,rec_cd351389dc7ba93b57b3|c_3cdd91f67a3489f05d88,False,SAME_MINUTE_TIMES_AND_ECONOMIC_FIELDS,0
dup_d3dc9fb903dbb143,2,"2025/statement (3).html|DREA,補交易紀錄/2025-02~.csv",CSV|HTML,rec_f992c55ad1ee24bf91fd|c_3a4f2943bb1959ea62d5,False,SAME_MINUTE_TIMES_AND_ECONOMIC_FIELDS,0
dup_c46e7cc451b0988e,2,"2025/statement (3).html|DREA,補交易紀錄/2025-02~.csv",CSV|HTML,rec_bc1b8c8176bc0258ccf3|c_ef4ab1d78a28d1907179,False,SAME_MINUTE_TIMES_AND_ECONOMIC_FIELDS,0
dup_0763bb44a8452f5d,2,"2025/statement (3).html|DREA,補交易紀錄/2025-02~.csv",CSV|HTML,rec_2419591543661119058e|c_8d63ff1a291795766caa,False,SAME_MINUTE_TIMES_AND_ECONOMIC_FIELDS,0
dup_620c7053940a2962,2,"2025/statement (3).html|DREA,補交易紀錄/2025-02~.csv",CSV|HTML,rec_0213af37fbc7d4417bc7|c_7fee6f2851be8bbf1ced,False,SAME_MINUTE_TIMES_AND_ECONOMIC_FIELDS,0
dup_074c552ae4878239,2,"2025/statement (3).html|DREA,補交易紀錄/2025-02~.csv",CSV|HTML,rec_b34cb5430167b15f15fa|c_fbbc0c7b7cd1ef05c12b,False,SAME_MINUTE_TIMES_AND_ECONOMIC_FIELDS,0
dup_ac2b1960ee7b6f04,2,"2025/statement (3).html|DREA,補交易紀錄/2025-02~.csv",CSV|HTML,rec_d8f1aad2682544b8101b|c_fa80fe8062ddaf9389be,False,SAME_MINUTE_TIMES_AND_ECONOMIC_FIELDS,0
dup_f1f85eb2b88bf2fc,2,"2025/statement (3).html|DREA,補交易紀錄/2025-02~.csv",CSV|HTML,rec_067fa45465f135541637|c_c9e8fe7157f1164f2c39,False,SAME_MINUTE_TIMES_AND_ECONOMIC_FIELDS,0
dup_f115db178ea560cd,2,"2025/statement (3).html|DREA,補交易紀錄/2025-02~.csv",CSV|HTML,rec_6bc72f9fced9108b883e|c_0f49c09661125e16aa3a,False,SAME_MINUTE_TIMES_AND_ECONOMIC_FIELDS,0
dup_bd43867e41546a01,2,"2025/statement (3).html|DREA,補交易紀錄/2025-02~.csv",CSV|HTML,rec_f3df153640e7ff6224ff|c_29634ef631e8aa69ca57,False,SAME_MINUTE_TIMES_AND_ECONOMIC_FIELDS,0
dup_df1d9a379635d2f8,2,"2025/statement (3).html|DREA,補交易紀錄/2025-02~.csv",CSV|HTML,rec_93133109c6a9a02be65c|c_45ed80888a3319a8fe69,False,SAME_MINUTE_TIMES_AND_ECONOMIC_FIELDS,0
dup_d5a47bf3ec145812,2,"2025/statement (3).html|DREA,補交易紀錄/2025-02~.csv",CSV|HTML,rec_b9375aec208f9cc2924f|c_b17c75b13130da3b7e6b,False,SAME_MINUTE_TIMES_AND_ECONOMIC_FIELDS,0
dup_55ac3f0bd9360c45,2,"2025/statement (3).html|DREA,補交易紀錄/2025-02~.csv",CSV|HTML,rec_085e926d1afa6b3364aa|c_686a3aebe74efcf2c5ca,False,SAME_MINUTE_TIMES_AND_ECONOMIC_FIELDS,0
dup_bc5f65f3d436b35f,2,"2025/statement (3).html|DREA,補交易紀錄/2025-02~.csv",CSV|HTML,rec_a5d4ebfcb8e5c9dcdeff|c_f1012538eefd81921719,False,SAME_MINUTE_TIMES_AND_ECONOMIC_FIELDS,0
dup_65614f72c20f00a9,2,"2025/statement (3).html|DREA,補交易紀錄/2025-02~.csv",CSV|HTML,rec_329b65ca3baa4d2627fa|c_eac03e8953f68f030de0,False,SAME_MINUTE_TIMES_AND_ECONOMIC_FIELDS,0
dup_6ea3e2413fc6dfdd,2,"2025/statement (3).html|DREA,補交易紀錄/2025-02~.csv",CSV|HTML,rec_947e83d41d067a5b309c|c_f0f3369c2a5540df526d,False,SAME_MINUTE_TIMES_AND_ECONOMIC_FIELDS,0
dup_c797f6cccdc38736,2,"2025/statement (3).html|DREA,補交易紀錄/2025-02~.csv",CSV|HTML,rec_2476f9a54b9fb369ebcb|c_bbfb3f87b866b5782ff9,False,SAME_MINUTE_TIMES_AND_ECONOMIC_FIELDS,0
dup_75a70b09ec9fa638,2,"2025/statement (3).html|DREA,補交易紀錄/2025-02~.csv",CSV|HTML,rec_a45b4f0d90bc4998bfdf|c_c9bee2a598b63d962cbd,False,SAME_MINUTE_TIMES_AND_ECONOMIC_FIELDS,0
dup_53631410a18d68d4,2,"2025/statement (3).html|DREA,補交易紀錄/2025-02~.csv",CSV|HTML,rec_de26be851785eebe0a45|c_7bf1ce988c1b1da87fca,False,SAME_MINUTE_TIMES_AND_ECONOMIC_FIELDS,0
dup_6e594a091b99ef5a,2,"2025/statement (3).html|DREA,補交易紀錄/2025-02~.csv",CSV|HTML,rec_c7ab009fdab07d5a04b2|c_66e6d993c641e87b8bd3,False,SAME_MINUTE_TIMES_AND_ECONOMIC_FIELDS,0
dup_593ca91eef3adca5,2,"2025/statement (3).html|DREA,補交易紀錄/2025-02~.csv",CSV|HTML,rec_fe57f71811f4db0ec131|c_6b4cba2550ec8c923b36,False,SAME_MINUTE_TIMES_AND_ECONOMIC_FIELDS,0
dup_a3871417a868e30b,2,"2025/statement (3).html|DREA,補交易紀錄/2025-02~.csv",CSV|HTML,rec_7b9dc04faae91062f6c6|c_d1292301862146bf08e7,False,SAME_MINUTE_TIMES_AND_ECONOMIC_FIELDS,0
dup_e2fc553d76f415da,2,"2025/statement (3).html|DREA,補交易紀錄/2025-02~.csv",CSV|HTML,rec_ca401a2c7e8faac35808|c_2dbd5af60ce93c5f89df,False,SAME_MINUTE_TIMES_AND_ECONOMIC_FIELDS,0
dup_778b79fe4fc3a3c2,2,"2025/statement (3).html|DREA,補交易紀錄/2025-02~.csv",CSV|HTML,rec_5ecd4b60662cce85b88b|c_c1bf1227551164679c5b,False,SAME_MINUTE_TIMES_AND_ECONOMIC_FIELDS,0
dup_0ab7683539489034,2,"2025/statement (3).html|DREA,補交易紀錄/2025-02~.csv",CSV|HTML,rec_aadce95e65392e676739|c_b04f4ceece6c697a05b2,False,SAME_MINUTE_TIMES_AND_ECONOMIC_FIELDS,0
dup_4949cd967cf3ffb2,2,"2025/statement (3).html|DREA,補交易紀錄/2025-02~.csv",CSV|HTML,rec_ff19aa746a730b29c367|c_75657d481d0ea6d388e5,False,SAME_MINUTE_TIMES_AND_ECONOMIC_FIELDS,0
dup_32fbc35ab7969d06,2,"2025/statement (3).html|DREA,補交易紀錄/2025-02~.csv",CSV|HTML,rec_f1242c337bf09577648e|c_1e8b967614f35bbfa8e7,False,SAME_MINUTE_TIMES_AND_ECONOMIC_FIELDS,0
dup_e369218d2eec8b94,2,"2025/statement (3).html|DREA,補交易紀錄/2025-02~.csv",CSV|HTML,rec_4540e8a604d882e0b6f5|c_1b863ced46a7c13f62b9,False,SAME_MINUTE_TIMES_AND_ECONOMIC_FIELDS,0
dup_bcfa1e05cf70e3e2,2,"2025/statement (3).html|DREA,補交易紀錄/2025-02~.csv",CSV|HTML,rec_2ae10c238c4bb91cc6c3|c_c329e4968d66d8faffe3,False,SAME_MINUTE_TIMES_AND_ECONOMIC_FIELDS,0
dup_3b749ac74cb2309b,2,"2025/statement (3).html|DREA,補交易紀錄/2025-02~.csv",CSV|HTML,rec_370c0ba574bbd17ffcbd|c_ee3d5907ed6bc9d8ff21,False,SAME_MINUTE_TIMES_AND_ECONOMIC_FIELDS,0
dup_56c6b9da067c4682,2,"2025/statement (3).html|DREA,補交易紀錄/2025-02~.csv",CSV|HTML,rec_fd18d0a5baf98ba48c1c|c_0a4240913c73e0e0e47b,False,SAME_MINUTE_TIMES_AND_ECONOMIC_FIELDS,0
dup_8370c32f13e367b0,2,"2025/statement (3).html|DREA,補交易紀錄/2025-02~.csv",CSV|HTML,rec_c5bc6b966b32d71739e6|c_589c508688f7699699ba,False,SAME_MINUTE_TIMES_AND_ECONOMIC_FIELDS,0
dup_296d30068385718d,2,"2025/statement (3).html|DREA,補交易紀錄/2025-02~.csv",CSV|HTML,rec_6169a973976ca2901262|c_4d2ff5f57b1e2e2a0cc6,False,SAME_MINUTE_TIMES_AND_ECONOMIC_FIELDS,0
dup_32e8fa0618a965f5,2,"2025/statement (3).html|DREA,補交易紀錄/2025-02~.csv",CSV|HTML,rec_4468cb0447d1a728d82d|c_784bdd4386a81df50744,False,SAME_MINUTE_TIMES_AND_ECONOMIC_FIELDS,0
dup_cfc7e4440bd59c6d,2,"2025/statement (3).html|DREA,補交易紀錄/2025-02~.csv",CSV|HTML,rec_2ebe9a2cd26fa4541d2a|c_6463ea17ffd81e17798e,False,SAME_MINUTE_TIMES_AND_ECONOMIC_FIELDS,0
dup_fe8e479dcab1d39f,2,"2025/statement (3).html|DREA,補交易紀錄/2025-02~.csv",CSV|HTML,rec_6ad088bc9d977391267e|c_8d060d4da62f14cdafe9,False,SAME_MINUTE_TIMES_AND_ECONOMIC_FIELDS,0
dup_53349c941f4d9a6d,2,"2025/statement (3).html|DREA,補交易紀錄/2025-02~.csv",CSV|HTML,rec_d545f690119046a9922e|c_b241c5b078d3192b7567,False,SAME_MINUTE_TIMES_AND_ECONOMIC_FIELDS,0
dup_77e11186c3dbd6fa,2,"2025/statement (3).html|DREA,補交易紀錄/2025-02~.csv",CSV|HTML,rec_65f551fc67c1697690e8|c_a5ab6e4e06ec0b15d8cd,False,SAME_MINUTE_TIMES_AND_ECONOMIC_FIELDS,0
dup_a2bb2e9bc4667f64,2,"2025/statement (3).html|DREA,補交易紀錄/2025-02~.csv",CSV|HTML,rec_9ac07307b74b8a58694e|c_99b0985e52d6e0f27812,False,SAME_MINUTE_TIMES_AND_ECONOMIC_FIELDS,0
dup_8c37f6918f15bed7,2,"2025/statement (2).html|DREA,補交易紀錄/英諾 202505.csv",CSV|HTML,rec_5b1235bd0f445c582c64|c_513480dcc3a15a4dafe9,False,SAME_MINUTE_TIMES_AND_ECONOMIC_FIELDS,0
dup_146c1ffe60a77398,2,"2025/statement (2).html|DREA,補交易紀錄/英諾 202505.csv",CSV|HTML,rec_ecaf560ec60de27853cf|c_248609f4d247bb66880a,False,SAME_MINUTE_TIMES_AND_ECONOMIC_FIELDS,0
dup_c0530d0e6237f1fe,2,"2025/statement (2).html|DREA,補交易紀錄/英諾 202505.csv",CSV|HTML,rec_3fc614727e5ad237f0bd|c_52bebf5d12087323db47,False,SAME_MINUTE_TIMES_AND_ECONOMIC_FIELDS,0
dup_b5810d2ce1e183c1,2,"2025/statement (2).html|DREA,補交易紀錄/英諾 202505.csv",CSV|HTML,rec_b4ca768902f35e5ae47d|c_2c7fde9e934a14c57c7c,False,SAME_MINUTE_TIMES_AND_ECONOMIC_FIELDS,0
dup_edd527e2aa6dcaa3,2,"2025/statement (2).html|DREA,補交易紀錄/英諾 202505.csv",CSV|HTML,rec_2c8275f499ef9582e5c8|c_74ab7cc5bf6e4d262713,False,SAME_MINUTE_TIMES_AND_ECONOMIC_FIELDS,0
dup_c49596a51b546779,2,"2025/statement (2).html|DREA,補交易紀錄/英諾 202505.csv",CSV|HTML,rec_ac3068aaf10f2edcf2f5|c_406081c96aa72fb3a2a6,False,SAME_MINUTE_TIMES_AND_ECONOMIC_FIELDS,0
dup_0144d2caefc62133,2,"2025/statement (2).html|DREA,補交易紀錄/英諾 202505.csv",CSV|HTML,rec_b1ffef1c80bc15d82057|c_88d35fc636e91dd76304,False,SAME_MINUTE_TIMES_AND_ECONOMIC_FIELDS,0
dup_15c97993d8d60e5b,2,"2025/statement (2).html|DREA,補交易紀錄/英諾 202505.csv",CSV|HTML,rec_572965ffb06717692bbe|c_7bc996836586dfeb4a3f,False,SAME_MINUTE_TIMES_AND_ECONOMIC_FIELDS,0
dup_46c2bc46399e3430,2,"2025/statement (2).html|DREA,補交易紀錄/英諾 202505.csv",CSV|HTML,rec_09df4a784fe817c5e746|c_7843f4f009e9901005ca,False,SAME_MINUTE_TIMES_AND_ECONOMIC_FIELDS,0
dup_2a3abba9fd5df024,2,"2025/statement (2).html|DREA,補交易紀錄/英諾 202505.csv",CSV|HTML,rec_557440214fbf9b64dce5|c_cbb3896736372db9b3c7,False,SAME_MINUTE_TIMES_AND_ECONOMIC_FIELDS,0
dup_08da6ad2ebda7f64,2,"2025/statement (2).html|DREA,補交易紀錄/英諾 202505.csv",CSV|HTML,rec_59d376663eeca3ca8bde|c_105c48fd4cb7d2c237fb,False,SAME_MINUTE_TIMES_AND_ECONOMIC_FIELDS,0
dup_bdf237919ad3aedd,2,"2025/statement (2).html|DREA,補交易紀錄/英諾 202505.csv",CSV|HTML,rec_c9760def2f3b03a9375f|c_f41c17f154c5ff9ad3ea,False,SAME_MINUTE_TIMES_AND_ECONOMIC_FIELDS,0
dup_ccd8f98c21539ca5,2,"2025/statement (2).html|DREA,補交易紀錄/英諾 202505.csv",CSV|HTML,rec_91777eb43494b79ae8ce|c_7dab43461b7631bdba44,False,SAME_MINUTE_TIMES_AND_ECONOMIC_FIELDS,0
dup_fc1b00c3cd65413c,2,"2025/statement (2).html|DREA,補交易紀錄/英諾 202505.csv",CSV|HTML,rec_457ddaca4d33585fff74|c_0944e6afe3d0d2be9994,False,SAME_MINUTE_TIMES_AND_ECONOMIC_FIELDS,0
dup_ac1eaf9535de54a6,2,"2025/statement (2).html|DREA,補交易紀錄/英諾 202505.csv",CSV|HTML,rec_f22a8f5c74c851b739ea|c_aeb0875b4b9fbc1a5a22,False,SAME_MINUTE_TIMES_AND_ECONOMIC_FIELDS,0
dup_93abcb8e9983d16f,2,"2025/statement (2).html|DREA,補交易紀錄/英諾 202505.csv",CSV|HTML,rec_d0d8effa6e34fff3d281|c_0406799fdf07ee17c405,False,SAME_MINUTE_TIMES_AND_ECONOMIC_FIELDS,0
dup_0f15a770f379733f,2,"2025/statement (2).html|DREA,補交易紀錄/英諾 202505.csv",CSV|HTML,rec_7704cfd7c53f0028a6e9|c_2b4905dee13a6bb8a81c,False,SAME_MINUTE_TIMES_AND_ECONOMIC_FIELDS,0
dup_1c1910282c4ed4aa,2,"2025/statement (2).html|DREA,補交易紀錄/英諾 202505.csv",CSV|HTML,rec_10912b0f959c32bcbd7c|c_b84c56c4e0733e1d6ff2,False,SAME_MINUTE_TIMES_AND_ECONOMIC_FIELDS,0
dup_eb56fb10e79c9e8c,2,"2025/statement (2).html|DREA,補交易紀錄/英諾 202505.csv",CSV|HTML,rec_9a7ec648109cabd9a134|c_cf4fdfb81f99716bcf7b,False,SAME_MINUTE_TIMES_AND_ECONOMIC_FIELDS,0
dup_f0dd82118d3e06c0,2,"2025/statement (2).html|DREA,補交易紀錄/英諾 202505.csv",CSV|HTML,rec_e76dd2e86c1b3bfdf04e|c_defdde3c122d0db61a62,False,SAME_MINUTE_TIMES_AND_ECONOMIC_FIELDS,0
dup_44fab1be0dd6ebd8,2,"2025/statement (2).html|DREA,補交易紀錄/英諾 202505.csv",CSV|HTML,rec_f03ede1a86417978f7e7|c_99852b13d7532b076b70,False,SAME_MINUTE_TIMES_AND_ECONOMIC_FIELDS,0
dup_c4cc466c14f465f6,2,"2025/statement (2).html|DREA,補交易紀錄/英諾 202505.csv",CSV|HTML,rec_425ae3611b60669cc3b1|c_c09b091dfb2827083566,False,SAME_MINUTE_TIMES_AND_ECONOMIC_FIELDS,0
dup_7724a4c6a0105431,2,"2025/statement (2).html|DREA,補交易紀錄/英諾 202505.csv",CSV|HTML,rec_1e43d49f141926ca2105|c_97cb40d0471c0efc60ac,False,SAME_MINUTE_TIMES_AND_ECONOMIC_FIELDS,0
dup_b832ef060ce51dfb,2,"2025/statement (2).html|DREA,補交易紀錄/英諾 202505.csv",CSV|HTML,rec_70558301d155cfc2bcab|c_91a1b56777634bb32b3c,False,SAME_MINUTE_TIMES_AND_ECONOMIC_FIELDS,0
dup_260dcb59e9ca460a,2,"2025/statement (2).html|DREA,補交易紀錄/英諾 202505.csv",CSV|HTML,rec_68ec071795d2771c086a|c_41c8f78441d632745f0d,False,SAME_MINUTE_TIMES_AND_ECONOMIC_FIELDS,0
dup_a90fd3525cb044ad,2,"2025/statement (2).html|DREA,補交易紀錄/英諾 202505.csv",CSV|HTML,rec_b6cb49692ec28335447c|c_49ae55f6d46766508668,False,SAME_MINUTE_TIMES_AND_ECONOMIC_FIELDS,0
dup_6095f569c777e37c,2,"2025/statement (2).html|DREA,補交易紀錄/英諾 202505.csv",CSV|HTML,rec_a485b8dd71838b18a74b|c_68f832cf4a2a5977cfc9,False,SAME_MINUTE_TIMES_AND_ECONOMIC_FIELDS,0
dup_1d16cc4346912f77,2,"2025/statement (2).html|DREA,補交易紀錄/英諾 202505.csv",CSV|HTML,rec_cfc4dfc5bbf51f4010d1|c_ee9e6ab938693e7a9448,False,SAME_MINUTE_TIMES_AND_ECONOMIC_FIELDS,0
dup_a929dc4d1dc40312,2,"2025/statement (2).html|DREA,補交易紀錄/英諾 202505.csv",CSV|HTML,rec_b09e81356f0ceaaf0460|c_50f99d46ef72e844bca2,False,SAME_MINUTE_TIMES_AND_ECONOMIC_FIELDS,0
dup_544832634f562a2c,2,"2025/statement (2).html|DREA,補交易紀錄/英諾 202505.csv",CSV|HTML,rec_1b903a4c3408a210d41f|c_2da48edb37e58999ab35,False,SAME_MINUTE_TIMES_AND_ECONOMIC_FIELDS,0
dup_8947ff5d7030a677,2,"2025/statement (2).html|DREA,補交易紀錄/英諾 202505.csv",CSV|HTML,rec_b12757a19970cb0d74cf|c_9ea0222fe477745f1063,False,SAME_MINUTE_TIMES_AND_ECONOMIC_FIELDS,0
dup_f05d0074a8997ceb,2,"2025/statement (2).html|DREA,補交易紀錄/英諾 202505.csv",CSV|HTML,rec_45c12026886b5c889e71|c_16c61c7b5dd1f195a6a5,False,SAME_MINUTE_TIMES_AND_ECONOMIC_FIELDS,0
dup_c5aa6d20a9de8fad,2,"2025/statement (2).html|DREA,補交易紀錄/英諾 202505.csv",CSV|HTML,rec_a6310f8cabe1b7e565c2|c_74f9c64a46c3c838e297,False,SAME_MINUTE_TIMES_AND_ECONOMIC_FIELDS,0
dup_02160e30e44a1e39,2,"2025/statement (2).html|DREA,補交易紀錄/英諾 202505.csv",CSV|HTML,rec_bac007517cfe4b995ef0|c_0d77f750eaca84be5c3c,False,SAME_MINUTE_TIMES_AND_ECONOMIC_FIELDS,0
dup_c2b7a791ba5d36c9,2,"2025/statement (2).html|DREA,補交易紀錄/英諾 202505.csv",CSV|HTML,rec_371998e710d96b300f3c|c_ac9e6ac4eb096f5c43d4,False,SAME_MINUTE_TIMES_AND_ECONOMIC_FIELDS,0
dup_f2609d4461775724,2,"2025/statement (2).html|DREA,補交易紀錄/英諾 202505.csv",CSV|HTML,rec_212460bda8471a41337a|c_a6ef1d85bd191dc31c5a,False,SAME_MINUTE_TIMES_AND_ECONOMIC_FIELDS,0
dup_e3f4050805fe0b6b,2,"2025/statement (2).html|DREA,補交易紀錄/英諾 202505.csv",CSV|HTML,rec_9e2643b12fe7ef1f7405|c_639a45666049239c519c,False,SAME_MINUTE_TIMES_AND_ECONOMIC_FIELDS,0
dup_e9a5bde120e56c10,2,"2025/statement (2).html|DREA,補交易紀錄/英諾 202505.csv",CSV|HTML,rec_56564ed1fa7dd3a965ec|c_d45427788708e8e7b896,False,SAME_MINUTE_TIMES_AND_ECONOMIC_FIELDS,0
dup_141b5ed74d04d156,2,"2025/statement (2).html|DREA,補交易紀錄/英諾 202505.csv",CSV|HTML,rec_2bf4c15ccc69a46921da|c_fd41d1e3a8f8ae38af98,False,SAME_MINUTE_TIMES_AND_ECONOMIC_FIELDS,0
dup_5c6f9385b456202c,2,"2025/statement (2).html|DREA,補交易紀錄/英諾 202505.csv",CSV|HTML,rec_16b35da4734c450bafb3|c_7bc39efa79028093e8f3,False,SAME_MINUTE_TIMES_AND_ECONOMIC_FIELDS,0
dup_f905c830a969a842,2,"2025/statement (2).html|DREA,補交易紀錄/英諾 202505.csv",CSV|HTML,rec_6d481610f7723dcb16e5|c_1a63ef418a60d655b9aa,False,SAME_MINUTE_TIMES_AND_ECONOMIC_FIELDS,0
dup_0c6666c1202b5302,2,"2025/statement (2).html|DREA,補交易紀錄/英諾 202505.csv",CSV|HTML,rec_90a31ac8dfa1edcd8af8|c_60826c503291e4df86c1,False,SAME_MINUTE_TIMES_AND_ECONOMIC_FIELDS,0
dup_e1ac28ca49866247,2,"2025/statement (2).html|DREA,補交易紀錄/英諾 202505.csv",CSV|HTML,rec_300884ae56e395f68c75|c_fc0c843a6be2c41f04f0,False,SAME_MINUTE_TIMES_AND_ECONOMIC_FIELDS,0
dup_25de46641011d265,2,"2025/statement (2).html|DREA,補交易紀錄/英諾 202505.csv",CSV|HTML,rec_cdbe4d2ef4bac59ccdd4|c_10fc0ea08ecb89357192,False,SAME_MINUTE_TIMES_AND_ECONOMIC_FIELDS,0
dup_bc6450aedd1c423e,2,"2025/statement (2).html|DREA,補交易紀錄/英諾 202505.csv",CSV|HTML,rec_b949d2e599a959764595|c_0506cd710f1ecb0b3ba3,False,SAME_MINUTE_TIMES_AND_ECONOMIC_FIELDS,0
dup_2baf90f35b654020,2,"2025/statement (2).html|DREA,補交易紀錄/英諾 202505.csv",CSV|HTML,rec_efc868b7e44fadc622c1|c_e3437bdeaa4362fe3daf,False,SAME_MINUTE_TIMES_AND_ECONOMIC_FIELDS,0
dup_4506688c9f89576b,2,"2025/statement (2).html|DREA,補交易紀錄/英諾 202505.csv",CSV|HTML,rec_3955de56641e59e58b14|c_796b0def1b483c44db2a,False,SAME_MINUTE_TIMES_AND_ECONOMIC_FIELDS,0
dup_23e30085ba73d2ca,2,"2025/statement (2).html|DREA,補交易紀錄/英諾 202505.csv",CSV|HTML,rec_17b87fd1c204069af45b|c_fd922c2c3ff11d3fc05d,False,SAME_MINUTE_TIMES_AND_ECONOMIC_FIELDS,0
dup_e3b39a5166eab0e5,2,"2025/statement (2).html|DREA,補交易紀錄/英諾 202505.csv",CSV|HTML,rec_bfdfb7c909dc8a43cae5|c_163a7ea46fc4d940f580,False,SAME_MINUTE_TIMES_AND_ECONOMIC_FIELDS,0
dup_f36fca6c7b63cd32,2,"2025/statement (2).html|DREA,補交易紀錄/英諾 202505.csv",CSV|HTML,rec_cb2e5cd0e273dd4ac692|c_1c8955087df2f550daac,False,SAME_MINUTE_TIMES_AND_ECONOMIC_FIELDS,0
dup_615cf01eb0d410bc,2,"2025/statement (2).html|DREA,補交易紀錄/英諾 202505.csv",CSV|HTML,rec_3effe67b674e7ab5ea85|c_0a2725378bb1171ecfb8,False,SAME_MINUTE_TIMES_AND_ECONOMIC_FIELDS,0
dup_a3b753cf0baf988c,2,"2025/statement (2).html|DREA,補交易紀錄/英諾 202505.csv",CSV|HTML,rec_1fa908f387c3243c44ba|c_554d98e40ead32941403,False,SAME_MINUTE_TIMES_AND_ECONOMIC_FIELDS,0
dup_086286ee53e56f2e,2,"2025/statement (2).html|DREA,補交易紀錄/英諾 202505.csv",CSV|HTML,rec_d84490ffde8ea4494252|c_a8faabf6a618f5824320,False,SAME_MINUTE_TIMES_AND_ECONOMIC_FIELDS,0
dup_0dac0966ed0f2851,2,"2025/statement (2).html|DREA,補交易紀錄/英諾 202505.csv",CSV|HTML,rec_63e375ca9c97de237733|c_e986cbb2ebd3ef650bd8,False,SAME_MINUTE_TIMES_AND_ECONOMIC_FIELDS,0
dup_9aae2dc4cdebadd8,2,"2025/statement (2).html|DREA,補交易紀錄/英諾 202505.csv",CSV|HTML,rec_e058d6e8057986ecbb10|c_99ac0400a13c20542a40,False,SAME_MINUTE_TIMES_AND_ECONOMIC_FIELDS,0
dup_b7ef6529364820b4,2,"2025/statement (2).html|DREA,補交易紀錄/英諾 202505.csv",CSV|HTML,rec_76cae8583f75a2435406|c_16c875e5b5c1fb29357e,False,SAME_MINUTE_TIMES_AND_ECONOMIC_FIELDS,0
dup_0d5267d76321a43e,2,"2025/statement (2).html|DREA,補交易紀錄/英諾 202505.csv",CSV|HTML,rec_b131ac9ac570e5bec984|c_c631732eb7ae2d903d6c,False,SAME_MINUTE_TIMES_AND_ECONOMIC_FIELDS,0
dup_1ab211e60b726ee3,2,"2025/statement (2).html|DREA,補交易紀錄/英諾 202505.csv",CSV|HTML,rec_08902d529b470b0c7135|c_e587ff7ec0d18b5b0a97,False,SAME_MINUTE_TIMES_AND_ECONOMIC_FIELDS,0
dup_1dbfa2524f264d85,2,"2025/statement (2).html|DREA,補交易紀錄/英諾 202505.csv",CSV|HTML,rec_7eda0be123d16f804d09|c_1ce0512e02048b838704,False,SAME_MINUTE_TIMES_AND_ECONOMIC_FIELDS,0
dup_375067411cf35ea6,2,"2025/statement (2).html|DREA,補交易紀錄/英諾 202505.csv",CSV|HTML,rec_05bf47a937a6725ace89|c_9385f512f6bff4995126,False,SAME_MINUTE_TIMES_AND_ECONOMIC_FIELDS,0
dup_2338fa954d369753,2,"2025/statement (2).html|DREA,補交易紀錄/英諾 202505.csv",CSV|HTML,rec_6b7aa5b3279879fb0069|c_e497d76fd8ad3a392485,False,SAME_MINUTE_TIMES_AND_ECONOMIC_FIELDS,0
dup_177eca68d320060a,2,"2025/statement (2).html|DREA,補交易紀錄/英諾 202505.csv",CSV|HTML,rec_ad1fce6d59448ae5a0ab|c_fd2f9b615872d4f16030,False,SAME_MINUTE_TIMES_AND_ECONOMIC_FIELDS,0
dup_cf1a8dcfe2b3b045,2,"2025/statement (2).html|DREA,補交易紀錄/英諾 202505.csv",CSV|HTML,rec_c66f5cc7a98c4981d15f|c_30ec18271a298ca21d04,False,SAME_MINUTE_TIMES_AND_ECONOMIC_FIELDS,0
dup_7fa5d266009a2247,2,"2025/statement (2).html|DREA,補交易紀錄/英諾 202505.csv",CSV|HTML,rec_e7566a7fa8d5890536bf|c_0e6b0f4c678ec5542468,False,SAME_MINUTE_TIMES_AND_ECONOMIC_FIELDS,0
dup_66dd0bfb3144f388,2,"2025/statement (2).html|DREA,補交易紀錄/英諾 202505.csv",CSV|HTML,rec_472b70da41e85ab1895b|c_a990cd97ee05c9fb5cd0,False,SAME_MINUTE_TIMES_AND_ECONOMIC_FIELDS,0
dup_74b8d85da9d46e5c,2,"2025/statement (2).html|DREA,補交易紀錄/英諾 202505.csv",CSV|HTML,rec_92991850d0067f02376e|c_bb89eed06edaccb363f3,False,SAME_MINUTE_TIMES_AND_ECONOMIC_FIELDS,0
dup_29501a457ccbca9b,2,"2025/statement (2).html|DREA,補交易紀錄/英諾 202505.csv",CSV|HTML,rec_d15ab774b73b32d03918|c_94f666a3f4fb1db8969f,False,SAME_MINUTE_TIMES_AND_ECONOMIC_FIELDS,0
dup_f18ac28c7ffc6402,2,"2025/statement (2).html|DREA,補交易紀錄/英諾 202505.csv",CSV|HTML,rec_5c23d9c23af1f3a2ed64|c_56012d0f0877b6acee47,False,SAME_MINUTE_TIMES_AND_ECONOMIC_FIELDS,0
dup_ad7d348066681b7c,2,"2025/statement (2).html|DREA,補交易紀錄/英諾 202505.csv",CSV|HTML,rec_af9cee5661a089828539|c_0a1c64925cdce3c19caf,False,SAME_MINUTE_TIMES_AND_ECONOMIC_FIELDS,0
dup_51553d5313492d0f,2,"2025/statement (2).html|DREA,補交易紀錄/英諾 202505.csv",CSV|HTML,rec_ae4dd7eede8da6beb109|c_41c0db390c78a32c6986,False,SAME_MINUTE_TIMES_AND_ECONOMIC_FIELDS,0
dup_3ba9405dddee1755,2,"2025/statement (2).html|DREA,補交易紀錄/英諾 202505.csv",CSV|HTML,rec_e01816d2ef5f357cb031|c_392c2f4f5b208fa78a5f,False,SAME_MINUTE_TIMES_AND_ECONOMIC_FIELDS,0
dup_bc2c15178ce381af,2,"2025/statement (2).html|DREA,補交易紀錄/英諾 202505.csv",CSV|HTML,rec_ea659119740e265c4ede|c_2e8af1030bfeef14592a,False,SAME_MINUTE_TIMES_AND_ECONOMIC_FIELDS,0
dup_54ebd1927791a73b,2,"2025/statement (2).html|DREA,補交易紀錄/英諾 202505.csv",CSV|HTML,rec_aa222c57186b21d90d2e|c_0eb60ed8e05674b0f318,False,SAME_MINUTE_TIMES_AND_ECONOMIC_FIELDS,0
dup_1cc1f08bc037524c,2,"2025/statement (2).html|DREA,補交易紀錄/英諾 202505.csv",CSV|HTML,rec_c80dbd743a438ff923f5|c_c049197fc6e988c486a5,False,SAME_MINUTE_TIMES_AND_ECONOMIC_FIELDS,0
dup_fc4a666ed107f2e6,2,"2025/statement (2).html|DREA,補交易紀錄/英諾 202505.csv",CSV|HTML,rec_a60b95d40d8b37ed1393|c_f635d859043827d970dc,False,SAME_MINUTE_TIMES_AND_ECONOMIC_FIELDS,0
dup_bac5de216a448cf8,2,"2025/statement (2).html|DREA,補交易紀錄/英諾 202505.csv",CSV|HTML,rec_193b80758f1e7ca394f4|c_966e49d866132ab48cf8,False,SAME_MINUTE_TIMES_AND_ECONOMIC_FIELDS,0
dup_e17505ae3333e3bd,2,"2025/statement (2).html|DREA,補交易紀錄/英諾 202505.csv",CSV|HTML,rec_f81e13c3eef962102669|c_70b68e82a6588e069fd4,False,SAME_MINUTE_TIMES_AND_ECONOMIC_FIELDS,0
dup_e66064adc40db432,2,"2025/statement (2).html|DREA,補交易紀錄/英諾 202505.csv",CSV|HTML,rec_13362935e05da98ad30d|c_3b50d8b0d4b2d6d24448,False,SAME_MINUTE_TIMES_AND_ECONOMIC_FIELDS,0
dup_99d2975efd244294,2,"2025/statement (2).html|DREA,補交易紀錄/英諾 202505.csv",CSV|HTML,rec_7b57ae5daf5605e633ed|c_82e9477f5499e3b783b8,False,SAME_MINUTE_TIMES_AND_ECONOMIC_FIELDS,0
dup_9cd78e9705e40ffb,2,"2025/statement (2).html|DREA,補交易紀錄/英諾 202505.csv",CSV|HTML,rec_f69dd6c7e41d256145d8|c_7a95afefd891c469b4cc,False,SAME_MINUTE_TIMES_AND_ECONOMIC_FIELDS,0
dup_1ced198429ccf08d,2,"2025/statement (2).html|DREA,補交易紀錄/英諾 202505.csv",CSV|HTML,rec_273494aee3b06c601b32|c_797a219122772e5832f1,False,SAME_MINUTE_TIMES_AND_ECONOMIC_FIELDS,0
dup_3ca8566bfef2c012,2,"2025/statement (2).html|DREA,補交易紀錄/英諾 202505.csv",CSV|HTML,rec_23a94d3fae4dc20650de|c_3a993daeed0588ff0de0,False,SAME_MINUTE_TIMES_AND_ECONOMIC_FIELDS,0
dup_a8d022e44e0b6644,2,"2025/statement (2).html|DREA,補交易紀錄/英諾 202505.csv",CSV|HTML,rec_cc4d74ba477f24a77d6c|c_171252eaecb0d1b2b4b8,False,SAME_MINUTE_TIMES_AND_ECONOMIC_FIELDS,0
dup_b316efc69d7d5d53,2,"2025/statement (2).html|DREA,補交易紀錄/英諾 202505.csv",CSV|HTML,rec_e9789558916c04464c0f|c_c286967085c5cb23c4a4,False,SAME_MINUTE_TIMES_AND_ECONOMIC_FIELDS,0
dup_372cdcecf263e224,2,"2025/statement (2).html|DREA,補交易紀錄/英諾 202505.csv",CSV|HTML,rec_2758c500541dc1788cc6|c_b3c5c17e55ca804410c4,False,SAME_MINUTE_TIMES_AND_ECONOMIC_FIELDS,0
dup_e6d1e01b21ba988c,2,"2025/statement (2).html|DREA,補交易紀錄/英諾 202505.csv",CSV|HTML,rec_7c901ce8426f1d02bbe1|c_e00240dcb871a8ecfe86,False,SAME_MINUTE_TIMES_AND_ECONOMIC_FIELDS,0
dup_3c2d0ce037f47794,2,"2025/statement (2).html|DREA,補交易紀錄/英諾 202505.csv",CSV|HTML,rec_ca39aa7fb664a6f4aed4|c_06ef2d6b4250b8bd6ad3,False,SAME_MINUTE_TIMES_AND_ECONOMIC_FIELDS,0
dup_09ff72155d1e9522,2,"2025/statement (2).html|DREA,補交易紀錄/英諾 202505.csv",CSV|HTML,rec_0cb2940079586494873d|c_0bfa319fe86c5b75cd8e,False,SAME_MINUTE_TIMES_AND_ECONOMIC_FIELDS,0
dup_eaffd25f5dd29eec,2,"2025/statement (2).html|DREA,補交易紀錄/英諾 202505.csv",CSV|HTML,rec_7534ffdef450f8db6968|c_5fb6e2bab8a5fd02b7a8,False,SAME_MINUTE_TIMES_AND_ECONOMIC_FIELDS,0
dup_7933150bb9dbe7de,2,"2025/statement (2).html|DREA,補交易紀錄/英諾 202505.csv",CSV|HTML,rec_8aa0b21be1759b3122a5|c_be342dde9f1da495ab84,False,SAME_MINUTE_TIMES_AND_ECONOMIC_FIELDS,0
dup_18ae100575fa1c5d,2,"2025/statement (2).html|DREA,補交易紀錄/英諾 202505.csv",CSV|HTML,rec_2f20bdf6d6f24df12ae1|c_a666f530f6dd96a82c46,False,SAME_MINUTE_TIMES_AND_ECONOMIC_FIELDS,0
dup_7c557aa73a4cc2ef,2,"2025/statement (2).html|DREA,補交易紀錄/英諾 202505.csv",CSV|HTML,rec_c50437db0abd48fc7cab|c_afe4443f9628d21bbc9d,False,SAME_MINUTE_TIMES_AND_ECONOMIC_FIELDS,0
dup_9dddda7e8df7cd8d,2,"2025/statement (1).html|DREA,補交易紀錄/INFINOX 8月.csv",CSV|HTML,rec_00b1e208a1a9c90487ea|c_969c4e2158fa7e7d0fca,False,SAME_MINUTE_TIMES_AND_ECONOMIC_FIELDS,0
dup_400ebb8bb2be3695,2,"2025/statement (1).html|DREA,補交易紀錄/INFINOX 8月.csv",CSV|HTML,rec_8ba1b84e7a16d36f9a2a|c_c08aeceee505bc77f4b5,False,SAME_MINUTE_TIMES_AND_ECONOMIC_FIELDS,0
dup_b4d2fa012b3403fb,2,"2025/statement (1).html|DREA,補交易紀錄/INFINOX 8月.csv",CSV|HTML,rec_68df7dbfbec82fceb41c|c_786c95ecf230bd525bbc,False,SAME_MINUTE_TIMES_AND_ECONOMIC_FIELDS,0
dup_89dbe91bcba53da3,4,"2025/statement (1).html|DREA,補交易紀錄/INFINOX 8月.csv",CSV|HTML,rec_6fd71f7bd58e4f2e559b|rec_b441646888129f389c2a|c_36093bae9dab7ac77b45|c_07eb735fc499757880d4,False,SAME_MINUTE_TIMES_AND_ECONOMIC_FIELDS,0
dup_22cdcfba056a7c4e,2,"2025/statement (1).html|DREA,補交易紀錄/INFINOX 8月.csv",CSV|HTML,rec_6f3e576fbf39b71b713d|c_c8d50a37dc327f389ddc,False,SAME_MINUTE_TIMES_AND_ECONOMIC_FIELDS,0
dup_beb5531fc439f6e3,2,"2025/statement (1).html|DREA,補交易紀錄/INFINOX 8月.csv",CSV|HTML,rec_c0ef8714adfba54a8a6d|c_334ccdded07bb9af7321,False,SAME_MINUTE_TIMES_AND_ECONOMIC_FIELDS,0
dup_8481573557074410,2,"2025/statement (1).html|DREA,補交易紀錄/INFINOX 8月.csv",CSV|HTML,rec_46053733fc089e889ee2|c_61f87b81741b66656e4b,False,SAME_MINUTE_TIMES_AND_ECONOMIC_FIELDS,0
dup_f260966b15598187,2,"2025/statement (1).html|DREA,補交易紀錄/INFINOX 8月.csv",CSV|HTML,rec_6f3fae9f0c03c692218a|c_6082cccbded0d071fabd,False,SAME_MINUTE_TIMES_AND_ECONOMIC_FIELDS,0
dup_2cab7d74d533c471,2,"2025/statement (1).html|DREA,補交易紀錄/INFINOX 8月.csv",CSV|HTML,rec_45fc0947e149652f770c|c_e9d2f8523442ca5357af,False,SAME_MINUTE_TIMES_AND_ECONOMIC_FIELDS,0
dup_bba26c28a1cdf4d3,2,"2025/statement (1).html|DREA,補交易紀錄/INFINOX 8月.csv",CSV|HTML,rec_eeac19a8e59900b12d8e|c_e5fd87382b7adafe6183,False,SAME_MINUTE_TIMES_AND_ECONOMIC_FIELDS,0
dup_4eab2f177cfdaec1,2,"2025/statement (1).html|DREA,補交易紀錄/INFINOX 8月.csv",CSV|HTML,rec_250eb96d0c9b5e32b31b|c_350ce5a2fab0a672c8b6,False,SAME_MINUTE_TIMES_AND_ECONOMIC_FIELDS,0
dup_641832248b4304bc,2,"2025/statement (1).html|DREA,補交易紀錄/INFINOX 8月.csv",CSV|HTML,rec_568d9aa7c01a44233d9a|c_358a7d91bd92b2a87a3b,False,SAME_MINUTE_TIMES_AND_ECONOMIC_FIELDS,0
dup_c6e285a1b5eded0d,2,"2025/statement (1).html|DREA,補交易紀錄/INFINOX 8月.csv",CSV|HTML,rec_3cf78e85ae297ad38e44|c_4acd262a2f85151a90ec,False,SAME_MINUTE_TIMES_AND_ECONOMIC_FIELDS,0
dup_741e508f9baf5562,2,"2025/statement (1).html|DREA,補交易紀錄/INFINOX 8月.csv",CSV|HTML,rec_9dd6dfb65899570619c8|c_9c6e57aba9ecc35b2560,False,SAME_MINUTE_TIMES_AND_ECONOMIC_FIELDS,0
dup_f028d99757f9c731,2,"2025/statement (1).html|DREA,補交易紀錄/INFINOX 8月.csv",CSV|HTML,rec_47b3b14df4b9164bcb51|c_e263ee01242941968f7f,False,SAME_MINUTE_TIMES_AND_ECONOMIC_FIELDS,0
dup_3ec15ab21e392d3f,2,"2025/statement (1).html|DREA,補交易紀錄/INFINOX 8月.csv",CSV|HTML,rec_40a5c97ec841d271dba5|c_4fed3fd546e56bc1f1be,False,SAME_MINUTE_TIMES_AND_ECONOMIC_FIELDS,0
dup_2064e4e4a171401a,2,"2025/statement (1).html|DREA,補交易紀錄/INFINOX 8月.csv",CSV|HTML,rec_3ec46079468e85711993|c_c53579f467db70fce360,False,SAME_MINUTE_TIMES_AND_ECONOMIC_FIELDS,0
dup_e4247c2e382015ca,2,"2025/statement (1).html|DREA,補交易紀錄/INFINOX 8月.csv",CSV|HTML,rec_3e9180972e66a41ad09e|c_a49a42a19b537110a6de,False,SAME_MINUTE_TIMES_AND_ECONOMIC_FIELDS,0
dup_39fae9d81cb3d504,2,"2025/statement (1).html|DREA,補交易紀錄/INFINOX 8月.csv",CSV|HTML,rec_8a5d3915ea3b2b86367c|c_253fca34d8c74b5520f7,False,SAME_MINUTE_TIMES_AND_ECONOMIC_FIELDS,0
dup_adf0946a8a04b5f2,2,"2025/statement (1).html|DREA,補交易紀錄/INFINOX 8月.csv",CSV|HTML,rec_4ccea4bee0b4f0aed1f9|c_462f3822ab91d074c194,False,SAME_MINUTE_TIMES_AND_ECONOMIC_FIELDS,0
dup_be9714ae898ce296,2,"2025/statement (1).html|DREA,補交易紀錄/INFINOX 8月.csv",CSV|HTML,rec_fdb2419d4e0dad8f6332|c_d0fa46729e4457017d91,False,SAME_MINUTE_TIMES_AND_ECONOMIC_FIELDS,0
dup_1ed5727772671780,2,"2025/statement (1).html|DREA,補交易紀錄/INFINOX 8月.csv",CSV|HTML,rec_8efd8921c5826ae76697|c_d9133413ccd2be517938,False,SAME_MINUTE_TIMES_AND_ECONOMIC_FIELDS,0
dup_a465a04b2617fa87,2,"2025/statement (1).html|DREA,補交易紀錄/INFINOX 8月.csv",CSV|HTML,rec_f6800b83dfb43681c9a3|c_b050eff592b2410c0ec0,False,SAME_MINUTE_TIMES_AND_ECONOMIC_FIELDS,0
dup_08162523792fcd78,2,"2025/statement (1).html|DREA,補交易紀錄/INFINOX 8月.csv",CSV|HTML,rec_712749c87f5879d212d0|c_5137724c6ae008c6fa5d,False,SAME_MINUTE_TIMES_AND_ECONOMIC_FIELDS,0
dup_6616445f9ef13a90,2,"2025/statement (1).html|DREA,補交易紀錄/INFINOX 8月.csv",CSV|HTML,rec_671ddcd43a930d9d84e8|c_320d95d80c9e90192524,False,SAME_MINUTE_TIMES_AND_ECONOMIC_FIELDS,0
dup_e6e75cd5834843e4,2,"2025/statement (1).html|DREA,補交易紀錄/INFINOX 8月.csv",CSV|HTML,rec_abcbda8c5a52af3bd86e|c_ce2ea698d9674f60fd78,False,SAME_MINUTE_TIMES_AND_ECONOMIC_FIELDS,0
dup_bb727cba64bf1e2f,2,"2025/statement (1).html|DREA,補交易紀錄/INFINOX 8月.csv",CSV|HTML,rec_93d34ff0fa80724b0ab2|c_192d116d417d8d46e5ff,False,SAME_MINUTE_TIMES_AND_ECONOMIC_FIELDS,0
dup_5480bbac51701b21,2,"2025/statement (1).html|DREA,補交易紀錄/INFINOX 8月.csv",CSV|HTML,rec_acd0f840fb11a1109498|c_b032fef3ca7b427eb4e7,False,SAME_MINUTE_TIMES_AND_ECONOMIC_FIELDS,0
dup_71436be77a8d8e6c,2,"2025/statement (1).html|DREA,補交易紀錄/INFINOX 8月.csv",CSV|HTML,rec_d06921ebb6c104b4c568|c_858946c4107ac1feccf0,False,SAME_MINUTE_TIMES_AND_ECONOMIC_FIELDS,0
dup_6ba09d0fc9f2628b,2,"2025/statement (1).html|DREA,補交易紀錄/INFINOX 8月.csv",CSV|HTML,rec_f0cd688827148fdb5e92|c_50e20c26722ff496efe4,False,SAME_MINUTE_TIMES_AND_ECONOMIC_FIELDS,0
dup_aae18e8a31530eb5,2,"2025/statement (1).html|DREA,補交易紀錄/INFINOX 8月.csv",CSV|HTML,rec_f6e7a3c04c8b1e52eed8|c_9b8ea7e910a00f9d6e37,False,SAME_MINUTE_TIMES_AND_ECONOMIC_FIELDS,0
dup_3fe26bd920000b56,2,"2025/statement (1).html|DREA,補交易紀錄/INFINOX 8月.csv",CSV|HTML,rec_11cde8475c82fe2613cb|c_945465a3864f02af331d,False,SAME_MINUTE_TIMES_AND_ECONOMIC_FIELDS,0
dup_6862bca41a5b99ac,2,"2025/statement (1).html|DREA,補交易紀錄/INFINOX 8月.csv",CSV|HTML,rec_20496dd381d60016cac8|c_e1e7b3958960119080fd,False,SAME_MINUTE_TIMES_AND_ECONOMIC_FIELDS,0
dup_b76eca2f8d3e18e8,2,"2025/statement (1).html|DREA,補交易紀錄/INFINOX 8月.csv",CSV|HTML,rec_809dc7a703d6feb3c451|c_1b80196f58bbda2870b4,False,SAME_MINUTE_TIMES_AND_ECONOMIC_FIELDS,0
dup_48d78d11f6442a9f,2,"2025/statement (1).html|DREA,補交易紀錄/INFINOX 8月.csv",CSV|HTML,rec_09d0a1f17746e125238b|c_4afa719f9f8de80b4374,False,SAME_MINUTE_TIMES_AND_ECONOMIC_FIELDS,0
dup_41f5e971efba73b9,2,"2025/statement (1).html|DREA,補交易紀錄/INFINOX 8月.csv",CSV|HTML,rec_d988167253ef78a21fd1|c_dd2daf5c47874ed61125,False,SAME_MINUTE_TIMES_AND_ECONOMIC_FIELDS,0
dup_29ba92498ff54598,2,"2025/statement (1).html|DREA,補交易紀錄/INFINOX 8月.csv",CSV|HTML,rec_83fb1fcc10373b4366d7|c_67770fad0b98cf84e5b7,False,SAME_MINUTE_TIMES_AND_ECONOMIC_FIELDS,0
dup_383ee0feae1274be,2,"2025/statement.html|DREA,補交易紀錄/INFINOX 8月 較積極.csv",CSV|HTML,rec_778cc5253586222544c4|c_29e698838a081088b115,False,SAME_MINUTE_TIMES_AND_ECONOMIC_FIELDS,0
dup_453aab3fba2908b7,2,"2025/statement.html|DREA,補交易紀錄/INFINOX 8月 較積極.csv",CSV|HTML,rec_b1d1653f853b63c2b37b|c_a6f8f5cd6769a96938af,False,SAME_MINUTE_TIMES_AND_ECONOMIC_FIELDS,0
dup_25e10739df987ce4,2,"2025/statement.html|DREA,補交易紀錄/INFINOX 8月 較積極.csv",CSV|HTML,rec_f0a80047736009f9b283|c_2f87e4e8a6f65eab98c3,False,SAME_MINUTE_TIMES_AND_ECONOMIC_FIELDS,0
dup_f1c13f2f206233ad,2,"2025/statement.html|DREA,補交易紀錄/INFINOX 8月 較積極.csv",CSV|HTML,rec_c3d7ece4921dc6c63969|c_6a45fb3edbe4847a338c,False,SAME_MINUTE_TIMES_AND_ECONOMIC_FIELDS,0
dup_421520cf06776748,2,"2025/statement.html|DREA,補交易紀錄/INFINOX 8月 較積極.csv",CSV|HTML,rec_6f862c5b72d37864db97|c_2cd9d1a72596318e0070,False,SAME_MINUTE_TIMES_AND_ECONOMIC_FIELDS,0
dup_e3ee06baafff43fc,2,"2025/statement.html|DREA,補交易紀錄/INFINOX 8月 較積極.csv",CSV|HTML,rec_0e2a05fbdf304800b9a3|c_3b35678adada5bb215d3,False,SAME_MINUTE_TIMES_AND_ECONOMIC_FIELDS,0
dup_a8ac6429afc66167,2,"2025/statement.html|DREA,補交易紀錄/INFINOX 8月 較積極.csv",CSV|HTML,rec_35309fc4abc049299925|c_57fdbd6ee7375f3e4bf0,False,SAME_MINUTE_TIMES_AND_ECONOMIC_FIELDS,0
dup_af3a47ef05f0e6d4,2,"2025/statement.html|DREA,補交易紀錄/INFINOX 8月 較積極.csv",CSV|HTML,rec_7188425dafa71106c8cf|c_259ab850cd721b9d92f4,False,SAME_MINUTE_TIMES_AND_ECONOMIC_FIELDS,0
dup_7f29803bc658ed08,2,"2025/statement.html|DREA,補交易紀錄/INFINOX 8月 較積極.csv",CSV|HTML,rec_2eb80177b1fe31bbd2a4|c_2d8ff89037aae5bde0a9,False,SAME_MINUTE_TIMES_AND_ECONOMIC_FIELDS,0
dup_0e70ec33a7096c49,2,"2025/statement.html|DREA,補交易紀錄/INFINOX 8月 較積極.csv",CSV|HTML,rec_0e86a57791e6a7cdec81|c_21a3b4992652883ee246,False,SAME_MINUTE_TIMES_AND_ECONOMIC_FIELDS,0
dup_9362f39e98ed9233,2,"2025/statement (1).html|DREA,補交易紀錄/INFINOX 8月.csv",CSV|HTML,rec_5c404c6a6bc6d9b5e51f|c_7aea7ec1647ae98f1baf,False,SAME_MINUTE_TIMES_AND_ECONOMIC_FIELDS,0
dup_59de279f1024a871,2,"2025/statement.html|DREA,補交易紀錄/INFINOX 8月 較積極.csv",CSV|HTML,rec_00756612b81aa21258e3|c_53ef61d8e723b8a49d36,False,SAME_MINUTE_TIMES_AND_ECONOMIC_FIELDS,0
dup_050e1a820356ecff,2,"2025/statement.html|DREA,補交易紀錄/INFINOX 8月 較積極.csv",CSV|HTML,rec_d63cdc3c66ea022b7c4a|c_637c83a4863f3e41099e,False,SAME_MINUTE_TIMES_AND_ECONOMIC_FIELDS,0
dup_bc74d499d7c4d17f,2,"2025/statement.html|DREA,補交易紀錄/INFINOX 8月 較積極.csv",CSV|HTML,rec_3bc3e3cd4b537ada7300|c_a4b9ca6660db7abb7b1e,False,SAME_MINUTE_TIMES_AND_ECONOMIC_FIELDS,0
dup_fb6c33080f5ca5ca,2,"2025/statement.html|DREA,補交易紀錄/INFINOX 8月 較積極.csv",CSV|HTML,rec_fa85a71609c963fb506b|c_e4eff539e9080ec679c8,False,SAME_MINUTE_TIMES_AND_ECONOMIC_FIELDS,0
dup_d7e167ee1013d6cb,2,"2025/statement.html|DREA,補交易紀錄/INFINOX 8月 較積極.csv",CSV|HTML,rec_296fdeaa0f0dc67132ac|c_d6a1b386bb77f52a3cb5,False,SAME_MINUTE_TIMES_AND_ECONOMIC_FIELDS,0
dup_e51b0dc337898fd2,2,"2025/statement.html|DREA,補交易紀錄/INFINOX 8月 較積極.csv",CSV|HTML,rec_fcbf9e52c199e617dc36|c_14d24220e10c1d321d72,False,SAME_MINUTE_TIMES_AND_ECONOMIC_FIELDS,0
dup_0d91c5799765c740,2,"2025/statement.html|DREA,補交易紀錄/INFINOX 8月 較積極.csv",CSV|HTML,rec_f50b75f0c387b5a13cba|c_d7eda57e649abf8be9af,False,SAME_MINUTE_TIMES_AND_ECONOMIC_FIELDS,0
dup_cf1f1351c4d13ec0,2,"2025/statement.html|DREA,補交易紀錄/INFINOX 8月 較積極.csv",CSV|HTML,rec_03c2173a36470e3c1614|c_a25a8eb936e6b385f0d7,False,SAME_MINUTE_TIMES_AND_ECONOMIC_FIELDS,0
dup_55156902b0cf151f,2,"2025/statement.html|DREA,補交易紀錄/INFINOX 8月 較積極.csv",CSV|HTML,rec_5243e1a35935a75b374c|c_1004338564164d206a38,False,SAME_MINUTE_TIMES_AND_ECONOMIC_FIELDS,0
dup_aacb3600ff833ac5,2,"2025/statement.html|DREA,補交易紀錄/INFINOX 8月 較積極.csv",CSV|HTML,rec_8e367cca8f97f171b706|c_0ea8b948ba6042375500,False,SAME_MINUTE_TIMES_AND_ECONOMIC_FIELDS,0
dup_1b4b6a1ea14a6fe2,2,"2025/statement.html|DREA,補交易紀錄/INFINOX 8月 較積極.csv",CSV|HTML,rec_3df5d1c2fa9408c67d99|c_6f4522ecb660237c6c93,False,SAME_MINUTE_TIMES_AND_ECONOMIC_FIELDS,0
dup_e9984f732f121e26,2,"2025/statement (1).html|DREA,補交易紀錄/INFINOX 8月.csv",CSV|HTML,rec_6f7915c9a1bba1f28548|c_206a386391ca45f3026d,False,SAME_MINUTE_TIMES_AND_ECONOMIC_FIELDS,0
dup_ae3aa288775a4e74,2,"2025/statement.html|DREA,補交易紀錄/INFINOX 8月 較積極.csv",CSV|HTML,rec_76b74a9b243be300cf68|c_16febfdcbc831e5a43cb,False,SAME_MINUTE_TIMES_AND_ECONOMIC_FIELDS,0
dup_669f2b4353031f0d,6,"2025/statement.html|DREA,補交易紀錄/INFINOX 8月 較積極.csv",CSV|HTML,rec_a6ef1aec6421666d5e7b|rec_72024eb612f87599d951|rec_ebec7f12d2e906f879ce|c_6403a2033edf00fddee8|c_e128038b8bf315c1b7c2|c_454d1e2bd76b72a525c9,False,SAME_MINUTE_TIMES_AND_ECONOMIC_FIELDS,0
dup_40080b9cbee0bcf7,2,"2025/statement (1).html|DREA,補交易紀錄/INFINOX 8月.csv",CSV|HTML,rec_1b74273cbd6808e6c673|c_ba9481f44d46891272d5,False,SAME_MINUTE_TIMES_AND_ECONOMIC_FIELDS,0
dup_4e6e27e6f61fa373,4,"2025/statement (1).html|DREA,補交易紀錄/INFINOX 8月.csv",CSV|HTML,rec_3754666b4c884c4bdf49|rec_9a8e30e887e909f6f3a6|c_e31d1cd5843c9e459495|c_704b4ff3ef87af474b7d,False,SAME_MINUTE_TIMES_AND_ECONOMIC_FIELDS,0
dup_be2d9437adb6d7bd,2,"2025/statement.html|DREA,補交易紀錄/INFINOX 8月 較積極.csv",CSV|HTML,rec_00960218213c0c70196b|c_befbff47d1343f4c353b,False,SAME_MINUTE_TIMES_AND_ECONOMIC_FIELDS,0
dup_15442d4e99f7a057,2,"2025/statement (1).html|DREA,補交易紀錄/INFINOX 8月.csv",CSV|HTML,rec_c42aefd3484edca0d547|c_6ab2e81d9c8294229da1,False,SAME_MINUTE_TIMES_AND_ECONOMIC_FIELDS,0
dup_775988b985bb8f5f,2,"2025/statement.html|DREA,補交易紀錄/INFINOX 8月 較積極.csv",CSV|HTML,rec_3c50f0e41886e9451ffa|c_46e23ad3d94bfd7fe094,False,SAME_MINUTE_TIMES_AND_ECONOMIC_FIELDS,0
dup_38bad284e13dfc93,2,"2025/statement.html|DREA,補交易紀錄/INFINOX 8月 較積極.csv",CSV|HTML,rec_a54ca3ebee54cf431117|c_84f22de6ac8ebee5d6c5,False,SAME_MINUTE_TIMES_AND_ECONOMIC_FIELDS,0
dup_6aa19784f3c6c275,2,"2025/statement (1).html|DREA,補交易紀錄/INFINOX 8月.csv",CSV|HTML,rec_b299b9bc810af6161b90|c_2a995084425ffbd8d4dd,False,SAME_MINUTE_TIMES_AND_ECONOMIC_FIELDS,0
dup_0b826962ec68e334,2,"2025/statement (1).html|DREA,補交易紀錄/INFINOX 8月.csv",CSV|HTML,rec_13f7de131fc2007e71e1|c_9739a96c2bdef04c0c7f,False,SAME_MINUTE_TIMES_AND_ECONOMIC_FIELDS,0
dup_79af95aa77ab2562,2,"2025/statement.html|DREA,補交易紀錄/INFINOX 8月 較積極.csv",CSV|HTML,rec_d5c460a4bb3d5ccfa443|c_047e1c81d54df7f21db9,False,SAME_MINUTE_TIMES_AND_ECONOMIC_FIELDS,0
dup_a72ce8e73dc83e74,2,"2025/statement (1).html|DREA,補交易紀錄/INFINOX 8月.csv",CSV|HTML,rec_4b12b49af7b40d4a31c6|c_3841398a67676c78a357,False,SAME_MINUTE_TIMES_AND_ECONOMIC_FIELDS,0
dup_12a6674119267a4c,2,"2025/statement (1).html|DREA,補交易紀錄/INFINOX 8月.csv",CSV|HTML,rec_3ccb276743c22b8cbd60|c_8a19e3c8b529222b9c75,False,SAME_MINUTE_TIMES_AND_ECONOMIC_FIELDS,0
dup_e77e0157c7c0313a,2,"2025/statement.html|DREA,補交易紀錄/INFINOX 8月 較積極.csv",CSV|HTML,rec_ab078355eb96823af93f|c_ac08085721f0707f6544,False,SAME_MINUTE_TIMES_AND_ECONOMIC_FIELDS,0
dup_53058c0289095323,2,"2025/statement.html|DREA,補交易紀錄/INFINOX 8月 較積極.csv",CSV|HTML,rec_ae8e4a1d9d3fbbd00fb1|c_a5c30341e49a88e7c5c2,False,SAME_MINUTE_TIMES_AND_ECONOMIC_FIELDS,0
dup_476fb458d782242c,2,"2025/statement.html|DREA,補交易紀錄/INFINOX 8月 較積極.csv",CSV|HTML,rec_f4d0c3569e60e84890d1|c_ff306fa74b96d1cb0eb2,False,SAME_MINUTE_TIMES_AND_ECONOMIC_FIELDS,0
dup_b2f1c11ec19e33e6,2,"2025/statement (1).html|DREA,補交易紀錄/INFINOX 8月.csv",CSV|HTML,rec_3bb6b8d4499630a8a43f|c_17213fbfa748fac3256c,False,SAME_MINUTE_TIMES_AND_ECONOMIC_FIELDS,0
dup_1a34e30fa786a35e,2,"2025/statement.html|DREA,補交易紀錄/INFINOX 8月 較積極.csv",CSV|HTML,rec_bf394efa5e0ffdd30504|c_e394ec5f89f6e3dfd339,False,SAME_MINUTE_TIMES_AND_ECONOMIC_FIELDS,0
dup_b29c931f71b7fd1c,2,"2025/statement.html|DREA,補交易紀錄/INFINOX 8月 較積極.csv",CSV|HTML,rec_3a49140013f7c96dec51|c_6b9e6b4aad244087d655,False,SAME_MINUTE_TIMES_AND_ECONOMIC_FIELDS,0
dup_2264c0575310225f,2,"2025/statement (1).html|DREA,補交易紀錄/INFINOX 8月.csv",CSV|HTML,rec_c80be751a08b496343df|c_fb7f6592b62ea1c1fa60,False,SAME_MINUTE_TIMES_AND_ECONOMIC_FIELDS,0
dup_36f9c95536a705d1,2,"2025/statement (1).html|DREA,補交易紀錄/INFINOX 8月.csv",CSV|HTML,rec_a4186679fe0667bca8cc|c_209b0610cd34bd610c6a,False,SAME_MINUTE_TIMES_AND_ECONOMIC_FIELDS,0
dup_a8ab6b96bfe3c362,2,"2025/statement.html|DREA,補交易紀錄/INFINOX 8月 較積極.csv",CSV|HTML,rec_4749e91d2d2bdd063ca5|c_eedf5e735d20aa6bba43,False,SAME_MINUTE_TIMES_AND_ECONOMIC_FIELDS,0
dup_3538019594b38d62,2,"2025/statement.html|DREA,補交易紀錄/INFINOX 8月 較積極.csv",CSV|HTML,rec_b13ae814612000bd72db|c_9bfa96d166667c0dabd3,False,SAME_MINUTE_TIMES_AND_ECONOMIC_FIELDS,0
dup_cdf562e2be07a271,2,"2025/statement.html|DREA,補交易紀錄/INFINOX 8月 較積極.csv",CSV|HTML,rec_01c7547b7375fa022168|c_f97d67b854d74b2f4f82,False,SAME_MINUTE_TIMES_AND_ECONOMIC_FIELDS,0
dup_dae565fe290f1daa,2,"2025/statement (1).html|DREA,補交易紀錄/INFINOX 8月.csv",CSV|HTML,rec_4e72c2710a39bc0820a0|c_d4abbfccb56a1f9df920,False,SAME_MINUTE_TIMES_AND_ECONOMIC_FIELDS,0
dup_2dcafc71015fb7a3,2,"2025/statement (1).html|DREA,補交易紀錄/INFINOX 8月.csv",CSV|HTML,rec_344ff8fd71f59f6b3d50|c_74fb829a1d9e792ec61e,False,SAME_MINUTE_TIMES_AND_ECONOMIC_FIELDS,0
dup_044a1faa778ad833,2,"2025/statement.html|DREA,補交易紀錄/INFINOX 8月 較積極.csv",CSV|HTML,rec_01b6a668ee91a915802d|c_c99f660194ff3c73cebb,False,SAME_MINUTE_TIMES_AND_ECONOMIC_FIELDS,0
dup_40ec8b89301a0506,2,"2025/statement (1).html|DREA,補交易紀錄/INFINOX 8月.csv",CSV|HTML,rec_a0a126de14ca9e2025e8|c_a10d688c616e35111d1c,False,SAME_MINUTE_TIMES_AND_ECONOMIC_FIELDS,0
dup_7c66e186b1d65445,2,"2025/statement.html|DREA,補交易紀錄/INFINOX 8月 較積極.csv",CSV|HTML,rec_5ac2362eef79597eef2f|c_e2d5cfd882179d77e578,False,SAME_MINUTE_TIMES_AND_ECONOMIC_FIELDS,0
dup_676f1314f48e7262,2,"2025/statement.html|DREA,補交易紀錄/INFINOX 8月 較積極.csv",CSV|HTML,rec_9ff4f8c8ebbaa54504ef|c_f2d79611a7bcdfb8fde1,False,SAME_MINUTE_TIMES_AND_ECONOMIC_FIELDS,0
dup_796376f63d8e15c6,2,"2025/statement (1).html|DREA,補交易紀錄/INFINOX 8月.csv",CSV|HTML,rec_292ccec75452b0ae354e|c_c10e2fee96c9fb209aee,False,SAME_MINUTE_TIMES_AND_ECONOMIC_FIELDS,0
dup_f3b3eed41b2daf14,2,"2025/statement (1).html|DREA,補交易紀錄/INFINOX 8月.csv",CSV|HTML,rec_ddae49f619f90fe88c36|c_cf8b1ba32dd4f51f4f6c,False,SAME_MINUTE_TIMES_AND_ECONOMIC_FIELDS,0
dup_e4858166ab24a635,2,"2025/statement.html|DREA,補交易紀錄/INFINOX 8月 較積極.csv",CSV|HTML,rec_34111d5df2afc0123434|c_97c45fc6b579c92df5c8,False,SAME_MINUTE_TIMES_AND_ECONOMIC_FIELDS,0
dup_606422f2e94b61ad,2,"2025/statement.html|DREA,補交易紀錄/INFINOX 8月 較積極.csv",CSV|HTML,rec_4dd0288d8ecda043eb56|c_bffc7a0ae6c8a6865073,False,SAME_MINUTE_TIMES_AND_ECONOMIC_FIELDS,0
dup_d2c313caca8989ec,2,"2025/statement.html|DREA,補交易紀錄/INFINOX 8月 較積極.csv",CSV|HTML,rec_2a139ee962e4501a0a6a|c_1030c4e1bbb07458fc24,False,SAME_MINUTE_TIMES_AND_ECONOMIC_FIELDS,0
dup_b3013badb6056bc4,2,"2025/statement.html|DREA,補交易紀錄/INFINOX 8月 較積極.csv",CSV|HTML,rec_94ed164a66c6f54af884|c_782d5a49f95181327e73,False,SAME_MINUTE_TIMES_AND_ECONOMIC_FIELDS,0
dup_169303cb30b4083c,2,"2025/statement.html|DREA,補交易紀錄/INFINOX 8月 較積極.csv",CSV|HTML,rec_b2729a8908ac30b3913a|c_7dc23218a84c73bec229,False,SAME_MINUTE_TIMES_AND_ECONOMIC_FIELDS,0
dup_f3fc1e185d0c8ace,2,"2025/statement (1).html|DREA,補交易紀錄/INFINOX 8月.csv",CSV|HTML,rec_561072985b66f7a62c82|c_623901a194c7dd917552,False,SAME_MINUTE_TIMES_AND_ECONOMIC_FIELDS,0
dup_7d8e1de5cf44fde7,2,"2025/statement (1).html|DREA,補交易紀錄/INFINOX 8月.csv",CSV|HTML,rec_dcde339a052072a065f3|c_6d90d37df1c599a1ba24,False,SAME_MINUTE_TIMES_AND_ECONOMIC_FIELDS,0
dup_380324ea625d36ce,2,"2025/statement.html|DREA,補交易紀錄/INFINOX 8月 較積極.csv",CSV|HTML,rec_1118ef10d7d0f98c9286|c_3e5ce595b203cf3cf5c4,False,SAME_MINUTE_TIMES_AND_ECONOMIC_FIELDS,0
dup_d50eb0987dbcc679,2,"2025/statement (1).html|DREA,補交易紀錄/INFINOX 8月.csv",CSV|HTML,rec_7a9a5feda2b0001f1d19|c_8eec217ec55028e37994,False,SAME_MINUTE_TIMES_AND_ECONOMIC_FIELDS,0
dup_ce96178384e4c773,2,"2025/statement.html|DREA,補交易紀錄/INFINOX 8月 較積極.csv",CSV|HTML,rec_b8d570296954140fb649|c_de8ee637587b835f1546,False,SAME_MINUTE_TIMES_AND_ECONOMIC_FIELDS,0
dup_61a9702eebf5555d,2,"2025/statement (1).html|DREA,補交易紀錄/INFINOX 8月.csv",CSV|HTML,rec_d7911a89a9966de14aaa|c_cfbcad963e8466a6eebf,False,SAME_MINUTE_TIMES_AND_ECONOMIC_FIELDS,0
dup_b504d338bcd6e917,2,"2025/statement.html|DREA,補交易紀錄/INFINOX 8月 較積極.csv",CSV|HTML,rec_ef7cad7285707b74ad46|c_8716e68bbbc7d366163a,False,SAME_MINUTE_TIMES_AND_ECONOMIC_FIELDS,0
dup_57e45fce0007ac5f,2,"2025/statement (1).html|DREA,補交易紀錄/INFINOX 8月.csv",CSV|HTML,rec_cfc2ac360866384ba282|c_640035c1aad2da2fb7cd,False,SAME_MINUTE_TIMES_AND_ECONOMIC_FIELDS,0
dup_43597b370668e87c,2,"2025/statement.html|DREA,補交易紀錄/INFINOX 8月 較積極.csv",CSV|HTML,rec_04bc2a30960e5b3f22c4|c_0ee8f7df0f361b10e9f0,False,SAME_MINUTE_TIMES_AND_ECONOMIC_FIELDS,0
dup_9deb7de940943eff,2,"2025/statement (1).html|DREA,補交易紀錄/INFINOX 8月.csv",CSV|HTML,rec_7391367f6f6f59e5ac44|c_b05b23cf5890b79f9190,False,SAME_MINUTE_TIMES_AND_ECONOMIC_FIELDS,0
dup_1c2decff5f5228b7,2,"2025/statement.html|DREA,補交易紀錄/INFINOX 8月 較積極.csv",CSV|HTML,rec_c19206453b61a60c3ca6|c_aacf6ce2ad0b65d11e5c,False,SAME_MINUTE_TIMES_AND_ECONOMIC_FIELDS,0
dup_e21e784563ed8cf3,2,"2025/statement.html|DREA,補交易紀錄/INFINOX 8月 較積極.csv",CSV|HTML,rec_3e6312732fb4c9dd58f0|c_eeb215c57b1c194ce606,False,SAME_MINUTE_TIMES_AND_ECONOMIC_FIELDS,0
dup_fb5b047ecaef2aba,2,"2025/statement (1).html|DREA,補交易紀錄/INFINOX 8月.csv",CSV|HTML,rec_82cf9c815314643b86ae|c_a442286a3de766ac258a,False,SAME_MINUTE_TIMES_AND_ECONOMIC_FIELDS,0
dup_77608d8d56666f46,2,"2025/statement.html|DREA,補交易紀錄/INFINOX 8月 較積極.csv",CSV|HTML,rec_02c26bb4de41aeb3bab6|c_f081adf69ad69cccddb4,False,SAME_MINUTE_TIMES_AND_ECONOMIC_FIELDS,0
dup_6d7ae73341b19f3c,2,"2025/statement.html|DREA,補交易紀錄/INFINOX 8月 較積極.csv",CSV|HTML,rec_2171654d8740ebed10c6|c_aec2cb4b00809c6b6110,False,SAME_MINUTE_TIMES_AND_ECONOMIC_FIELDS,0
dup_51125eb194f765f5,2,"2025/statement (1).html|DREA,補交易紀錄/INFINOX 8月.csv",CSV|HTML,rec_7d499cced0e3cb15859e|c_e5fb0944366896a3925e,False,SAME_MINUTE_TIMES_AND_ECONOMIC_FIELDS,0
dup_6f7ffa30ceddffcf,2,"2025/statement.html|DREA,補交易紀錄/INFINOX 8月 較積極.csv",CSV|HTML,rec_1477564a93435c573888|c_bd061d37c12a974978ad,False,SAME_MINUTE_TIMES_AND_ECONOMIC_FIELDS,0
dup_f296ea6c76989082,2,"2025/statement.html|DREA,補交易紀錄/INFINOX 8月 較積極.csv",CSV|HTML,rec_7f7b7e489542a9dabc86|c_e593203e3f3b6aefc049,False,SAME_MINUTE_TIMES_AND_ECONOMIC_FIELDS,0
dup_27ea9d24e7a10af6,2,"2025/statement.html|DREA,補交易紀錄/INFINOX 8月 較積極.csv",CSV|HTML,rec_d229080592752722c3e0|c_90e94df119d4d0b9a425,False,SAME_MINUTE_TIMES_AND_ECONOMIC_FIELDS,0
dup_512c1887b20e42df,2,"2025/statement.html|DREA,補交易紀錄/INFINOX 8月 較積極.csv",CSV|HTML,rec_323fc1eb50946b86155e|c_75113ef76f4d61e5e063,False,SAME_MINUTE_TIMES_AND_ECONOMIC_FIELDS,0
dup_3689836874e1222b,2,"2025/statement (1).html|DREA,補交易紀錄/INFINOX 8月.csv",CSV|HTML,rec_238f29977050dbacfd8e|c_d67e3520579397dbde6e,False,SAME_MINUTE_TIMES_AND_ECONOMIC_FIELDS,0
dup_3d4eeb9b44bde57c,2,"2025/statement.html|DREA,補交易紀錄/INFINOX 8月 較積極.csv",CSV|HTML,rec_9a1e1c0ccb22b8cf51cb|c_3fed03f141532e50e531,False,SAME_MINUTE_TIMES_AND_ECONOMIC_FIELDS,0
dup_97b16c8fd41515c8,2,"2025/statement (1).html|DREA,補交易紀錄/INFINOX 8月.csv",CSV|HTML,rec_4a11744b8a1820c5a365|c_ce33e9972009513c44ca,False,SAME_MINUTE_TIMES_AND_ECONOMIC_FIELDS,0
dup_fbfbad0836d8a734,2,"2025/statement (1).html|DREA,補交易紀錄/INFINOX 8月.csv",CSV|HTML,rec_d9f3eadff5172f73b3bf|c_c913daabb058cc464606,False,SAME_MINUTE_TIMES_AND_ECONOMIC_FIELDS,0
dup_8879e49de4c81207,2,"2025/statement.html|DREA,補交易紀錄/INFINOX 8月 較積極.csv",CSV|HTML,rec_3a122989a7196e8c6105|c_8769b847e4aa3a264e60,False,SAME_MINUTE_TIMES_AND_ECONOMIC_FIELDS,0
dup_f82798cf15c64848,2,"2025/statement (1).html|DREA,補交易紀錄/INFINOX 8月.csv",CSV|HTML,rec_9db05a708a1e40346118|c_dbaf67daab1188a61c7f,False,SAME_MINUTE_TIMES_AND_ECONOMIC_FIELDS,0
dup_674606e946803ce3,4,"2025/statement (1).html|DREA,補交易紀錄/INFINOX 8月.csv",CSV|HTML,rec_918048f79a419a447949|rec_166928b6f5e357100ea4|c_4c269c502ca7990c9906|c_a4073a0424a4a01d5b78,False,SAME_MINUTE_TIMES_AND_ECONOMIC_FIELDS,0
dup_efab5cdd8797f9c1,2,"2025/statement.html|DREA,補交易紀錄/INFINOX 8月 較積極.csv",CSV|HTML,rec_47db42abac54b8dda161|c_a8ab67b5ba11d8e07ce1,False,SAME_MINUTE_TIMES_AND_ECONOMIC_FIELDS,0
dup_21e7e48a1120c89c,2,"2025/statement.html|DREA,補交易紀錄/INFINOX 8月 較積極.csv",CSV|HTML,rec_df60f9e273414efb34af|c_8b31b66fa10467d996e1,False,SAME_MINUTE_TIMES_AND_ECONOMIC_FIELDS,0
dup_11cfb788b8228410,2,"2025/statement (1).html|DREA,補交易紀錄/INFINOX 8月.csv",CSV|HTML,rec_06184e089da988397672|c_d1f7dd41dfc74647cf7b,False,SAME_MINUTE_TIMES_AND_ECONOMIC_FIELDS,0
dup_190cbe3fce9e32f6,2,"2025/statement.html|DREA,補交易紀錄/INFINOX 8月 較積極.csv",CSV|HTML,rec_297d2a3a64d7687a9396|c_484e106f20c67be7deda,False,SAME_MINUTE_TIMES_AND_ECONOMIC_FIELDS,0
dup_b449fdb4d27e857d,2,"2025/statement.html|DREA,補交易紀錄/INFINOX 8月 較積極.csv",CSV|HTML,rec_61ce36c6ff7c9d8aa20a|c_b23557b9fe36e6b8d6c9,False,SAME_MINUTE_TIMES_AND_ECONOMIC_FIELDS,0
dup_57aa44e97e55a992,2,"2025/statement.html|DREA,補交易紀錄/INFINOX 8月 較積極.csv",CSV|HTML,rec_8874f5c4987d5a297102|c_b0d78e9ec72734a3f2bb,False,SAME_MINUTE_TIMES_AND_ECONOMIC_FIELDS,0
dup_6314899718c56495,2,"2025/statement (1).html|DREA,補交易紀錄/INFINOX 8月.csv",CSV|HTML,rec_156c70cbdcc3677771d8|c_5916a24ea8e3a16ad46a,False,SAME_MINUTE_TIMES_AND_ECONOMIC_FIELDS,0
dup_864e456f7e280c42,2,"2025/statement (1).html|DREA,補交易紀錄/INFINOX 8月.csv",CSV|HTML,rec_6ceba41d3986f619d7d2|c_2d3649824b53e794d511,False,SAME_MINUTE_TIMES_AND_ECONOMIC_FIELDS,0
dup_3b0df8eb5e3ee6df,2,"2025/statement.html|DREA,補交易紀錄/INFINOX 8月 較積極.csv",CSV|HTML,rec_d6b7755fab478e4a7c41|c_0f72f7b152d161e18b7f,False,SAME_MINUTE_TIMES_AND_ECONOMIC_FIELDS,0
dup_2cbf59834bc27c02,2,"2025/statement (1).html|DREA,補交易紀錄/INFINOX 8月.csv",CSV|HTML,rec_e5cf63cf1a8f901128f3|c_c2ed9559776eec1255cc,False,SAME_MINUTE_TIMES_AND_ECONOMIC_FIELDS,0
dup_441f9c48559a1839,2,"2025/statement.html|DREA,補交易紀錄/INFINOX 8月 較積極.csv",CSV|HTML,rec_4e826666520234a5c68b|c_d82ee912f79966b153c8,False,SAME_MINUTE_TIMES_AND_ECONOMIC_FIELDS,0
dup_9b5dee83d394f6f4,2,"2025/statement (1).html|DREA,補交易紀錄/INFINOX 8月.csv",CSV|HTML,rec_ee129baaa1f0e7e840dd|c_06098ca967b5cbe21bed,False,SAME_MINUTE_TIMES_AND_ECONOMIC_FIELDS,0
dup_71b9a64598a1050a,2,"2025/statement.html|DREA,補交易紀錄/INFINOX 8月 較積極.csv",CSV|HTML,rec_8c91cb1a092845aea3e9|c_4ee0c438e5824ffe25c2,False,SAME_MINUTE_TIMES_AND_ECONOMIC_FIELDS,0
dup_4a1456e64fab592e,2,"2025/statement (1).html|DREA,補交易紀錄/INFINOX 8月.csv",CSV|HTML,rec_ecd5f749ab8191940b2b|c_82962de9491bc7e76b8e,False,SAME_MINUTE_TIMES_AND_ECONOMIC_FIELDS,0
dup_8830e5e6c5cb9e8e,2,"2025/statement.html|DREA,補交易紀錄/INFINOX 8月 較積極.csv",CSV|HTML,rec_729ee3f07cccee88642c|c_6105b16ec7ce48f391e8,False,SAME_MINUTE_TIMES_AND_ECONOMIC_FIELDS,0
dup_e990e1ff0453bd74,2,"2025/statement.html|DREA,補交易紀錄/INFINOX 8月 較積極.csv",CSV|HTML,rec_e8fa95ed53175fa567fe|c_3496f38b00882cf09169,False,SAME_MINUTE_TIMES_AND_ECONOMIC_FIELDS,0
dup_5840dceb84eebe4e,2,"2025/statement.html|DREA,補交易紀錄/INFINOX 8月 較積極.csv",CSV|HTML,rec_67087e0ffa0f7094be97|c_2fea5dfa365b9eb54063,False,SAME_MINUTE_TIMES_AND_ECONOMIC_FIELDS,0
dup_8ecc7dab1d48b7ef,2,"2025/statement.html|DREA,補交易紀錄/INFINOX 8月 較積極.csv",CSV|HTML,rec_9a1bc61c28e9bbaed9a4|c_125570eeec1a9b38534d,False,SAME_MINUTE_TIMES_AND_ECONOMIC_FIELDS,0
dup_99e42dc5edce43c3,2,"2025/statement.html|DREA,補交易紀錄/INFINOX 8月 較積極.csv",CSV|HTML,rec_39dbbc864fab4af09a9b|c_b33ec58b6e64896cc858,False,SAME_MINUTE_TIMES_AND_ECONOMIC_FIELDS,0
dup_aac85687a03a652f,2,"2025/statement.html|DREA,補交易紀錄/INFINOX 8月 較積極.csv",CSV|HTML,rec_b97436758975ae51a225|c_e96b57182ba96d1bbd76,False,SAME_MINUTE_TIMES_AND_ECONOMIC_FIELDS,0
dup_9eb0aa694c586162,2,"2025/statement.html|DREA,補交易紀錄/INFINOX 8月 較積極.csv",CSV|HTML,rec_6aeaee0c209a3fbab232|c_1b152a19d6c1de0e4c5b,False,SAME_MINUTE_TIMES_AND_ECONOMIC_FIELDS,0
dup_a845334751c085b3,2,"2025/statement (1).html|DREA,補交易紀錄/INFINOX 8月.csv",CSV|HTML,rec_dd3ecc3b70be5a4bfb9e|c_f0499ce8579251c21089,False,SAME_MINUTE_TIMES_AND_ECONOMIC_FIELDS,0
dup_ed6cb9ec24cdc7b0,2,"2025/statement (1).html|DREA,補交易紀錄/INFINOX 8月.csv",CSV|HTML,rec_2cd88ecc49c2e5b00405|c_16eca7770b7b8e4af9b7,False,SAME_MINUTE_TIMES_AND_ECONOMIC_FIELDS,0
dup_011c66434cea0827,2,"2025/statement.html|DREA,補交易紀錄/INFINOX 8月 較積極.csv",CSV|HTML,rec_3a74651d51fdc9a23366|c_f9421e7c2970042d3d43,False,SAME_MINUTE_TIMES_AND_ECONOMIC_FIELDS,0
dup_c72de74e5b88a2dc,2,"2025/statement.html|DREA,補交易紀錄/INFINOX 8月 較積極.csv",CSV|HTML,rec_10b1e23c73904ec87822|c_2963b90bc98d47692528,False,SAME_MINUTE_TIMES_AND_ECONOMIC_FIELDS,0
dup_ab00676cf8d0769b,2,"2025/statement (1).html|DREA,補交易紀錄/INFINOX 8月.csv",CSV|HTML,rec_c689337eb355b8e8a07e|c_85bacd595d8745382c8c,False,SAME_MINUTE_TIMES_AND_ECONOMIC_FIELDS,0
dup_3b40e98f5b4e4970,2,"2025/statement.html|DREA,補交易紀錄/INFINOX 8月 較積極.csv",CSV|HTML,rec_e081e8255224ae289d58|c_8e1d91ee360ae5fc10ac,False,SAME_MINUTE_TIMES_AND_ECONOMIC_FIELDS,0
dup_5fba7bc31f6ee1df,2,"2025/statement (1).html|DREA,補交易紀錄/INFINOX 8月.csv",CSV|HTML,rec_876f561b690a751a295b|c_f880c48730eff6810487,False,SAME_MINUTE_TIMES_AND_ECONOMIC_FIELDS,0
dup_53afad6d9b292fad,2,"2025/statement.html|DREA,補交易紀錄/INFINOX 8月 較積極.csv",CSV|HTML,rec_3ec1edb2a6015fa7894f|c_45c7e642d293e0daf619,False,SAME_MINUTE_TIMES_AND_ECONOMIC_FIELDS,0
dup_26af4f735a3ee35d,2,"2025/statement (1).html|DREA,補交易紀錄/INFINOX 8月.csv",CSV|HTML,rec_e620de39efac849ae400|c_11d2386ff9eae8c76965,False,SAME_MINUTE_TIMES_AND_ECONOMIC_FIELDS,0
dup_6e5c6304ded078be,2,"2025/statement.html|DREA,補交易紀錄/INFINOX 8月 較積極.csv",CSV|HTML,rec_90225969c71cde0ee311|c_32031631fd3ae755b646,False,SAME_MINUTE_TIMES_AND_ECONOMIC_FIELDS,0
dup_ef8ddb120094fcec,2,"2025/statement (1).html|DREA,補交易紀錄/INFINOX 8月.csv",CSV|HTML,rec_a83678dcbceaddb44374|c_fabf11c7cd60d601c464,False,SAME_MINUTE_TIMES_AND_ECONOMIC_FIELDS,0
dup_5fd9bbce01eec312,2,"2025/statement.html|DREA,補交易紀錄/INFINOX 8月 較積極.csv",CSV|HTML,rec_843ca750171c16e83568|c_b1197220ed81ec0aa463,False,SAME_MINUTE_TIMES_AND_ECONOMIC_FIELDS,0
dup_c02d2aa2c18c0c69,2,"2025/statement (1).html|DREA,補交易紀錄/INFINOX 8月.csv",CSV|HTML,rec_1139ffcf6e2043773e24|c_31f5eea6c710d0cf2cd7,False,SAME_MINUTE_TIMES_AND_ECONOMIC_FIELDS,0
dup_fe0bf1fcf4e21d51,2,"2025/statement.html|DREA,補交易紀錄/INFINOX 8月 較積極.csv",CSV|HTML,rec_f18153eee29f8fb86f0c|c_c1ebce21d23ce68a0117,False,SAME_MINUTE_TIMES_AND_ECONOMIC_FIELDS,0
dup_7fee53274404d589,2,"2025/statement.html|DREA,補交易紀錄/INFINOX 8月 較積極.csv",CSV|HTML,rec_a7e230e70fb5dffe82d5|c_a9702c5929416e1a2084,False,SAME_MINUTE_TIMES_AND_ECONOMIC_FIELDS,0
dup_76a2682f95cfa9be,2,"2025/statement (1).html|DREA,補交易紀錄/INFINOX 8月.csv",CSV|HTML,rec_23001865f33e58ee6549|c_082fa79c9a4b8fc31c09,False,SAME_MINUTE_TIMES_AND_ECONOMIC_FIELDS,0
dup_f88160a828de568d,2,"2025/statement.html|DREA,補交易紀錄/INFINOX 8月 較積極.csv",CSV|HTML,rec_bec1ded063170846e6d9|c_b60842a1921daa9c2bc7,False,SAME_MINUTE_TIMES_AND_ECONOMIC_FIELDS,0
dup_b74a400b220e8764,2,"2025/statement (1).html|DREA,補交易紀錄/INFINOX 8月.csv",CSV|HTML,rec_206c2eb166f412619eb7|c_155369a6d758a3ea4e4b,False,SAME_MINUTE_TIMES_AND_ECONOMIC_FIELDS,0
dup_2a37b2be650f8fe4,2,"2025/statement.html|DREA,補交易紀錄/INFINOX 8月 較積極.csv",CSV|HTML,rec_e57d9a16eb12e089c01a|c_826e1164bf02d7b84e30,False,SAME_MINUTE_TIMES_AND_ECONOMIC_FIELDS,0
dup_9f8425f55aed3684,2,"2025/statement (1).html|DREA,補交易紀錄/INFINOX 8月.csv",CSV|HTML,rec_faf42cd72dc82f394d7a|c_9f0255a578c640bf409f,False,SAME_MINUTE_TIMES_AND_ECONOMIC_FIELDS,0
dup_01ffd3151ae3e79c,2,"2025/statement.html|DREA,補交易紀錄/INFINOX 8月 較積極.csv",CSV|HTML,rec_7336238c25dae4e40ffe|c_dc461d6059680e6b8035,False,SAME_MINUTE_TIMES_AND_ECONOMIC_FIELDS,0
dup_ca3bea0f2122e27e,2,"2025/statement.html|DREA,補交易紀錄/INFINOX 8月 較積極.csv",CSV|HTML,rec_18471ad4443f1e9a8ac0|c_8d6ecb8dbf571c4a769b,False,SAME_MINUTE_TIMES_AND_ECONOMIC_FIELDS,0
dup_e2994ab73e22fbe6,2,"2025/statement.html|DREA,補交易紀錄/INFINOX 8月 較積極.csv",CSV|HTML,rec_0f7a46e1628aedaa0eab|c_44736871315ae96e3d6e,False,SAME_MINUTE_TIMES_AND_ECONOMIC_FIELDS,0
dup_945707779ab0bb6b,2,"2025/statement (1).html|DREA,補交易紀錄/INFINOX 8月.csv",CSV|HTML,rec_4a0c8ec8b7c1f5c3f75e|c_aa1f999a200e8abdc856,False,SAME_MINUTE_TIMES_AND_ECONOMIC_FIELDS,0
dup_9e2e901bb56eadf9,2,"DREA,補交易紀錄/2026 英諾.csv|手動交易2024後策略較固定/2026/statement (1).html",CSV|HTML,rec_3a38228f3f29bc3b479b|c_93c8606b9405186d1168,False,SAME_MINUTE_TIMES_AND_ECONOMIC_FIELDS,0
dup_9cdb78d86866f7d1,2,"DREA,補交易紀錄/2026 英諾.csv|手動交易2024後策略較固定/2026/statement (1).html",CSV|HTML,rec_17d636045f6e0377b702|c_ab7434008f277c726669,False,SAME_MINUTE_TIMES_AND_ECONOMIC_FIELDS,0
dup_72f31eeb57356099,2,"DREA,補交易紀錄/2026 英諾.csv|手動交易2024後策略較固定/2026/statement (1).html",CSV|HTML,rec_968793c610740e9db940|c_adb6a258b7723555100e,False,SAME_MINUTE_TIMES_AND_ECONOMIC_FIELDS,0
dup_8f23218c72bfe850,2,"DREA,補交易紀錄/2026 英諾.csv|手動交易2024後策略較固定/2026/statement (1).html",CSV|HTML,rec_3416b9146bbd7119a808|c_606eca99d7535f254f61,False,SAME_MINUTE_TIMES_AND_ECONOMIC_FIELDS,0
dup_f5ac9e8188616120,2,"DREA,補交易紀錄/2026 英諾.csv|手動交易2024後策略較固定/2026/statement (1).html",CSV|HTML,rec_571a5feff64a1074ad24|c_f39ae69b03edefd14096,False,SAME_MINUTE_TIMES_AND_ECONOMIC_FIELDS,0
dup_a7746fe2089a7dd8,2,"DREA,補交易紀錄/2026 英諾.csv|手動交易2024後策略較固定/2026/statement (1).html",CSV|HTML,rec_9ebd217eb5d0e8cfb806|c_e42d34de1b13dcaf9dd1,False,SAME_MINUTE_TIMES_AND_ECONOMIC_FIELDS,0
dup_f330aa63ef9e535b,2,"DREA,補交易紀錄/2026 英諾.csv|手動交易2024後策略較固定/2026/statement (1).html",CSV|HTML,rec_d40ea39c8465eee0c34c|c_e296c76ed35e65b71940,False,SAME_MINUTE_TIMES_AND_ECONOMIC_FIELDS,0
dup_458b712c940b2ab3,2,"DREA,補交易紀錄/2026 英諾.csv|手動交易2024後策略較固定/2026/statement (1).html",CSV|HTML,rec_c8fa9febc8dac4062216|c_e53eb40f1f6fad36feab,False,SAME_MINUTE_TIMES_AND_ECONOMIC_FIELDS,0
dup_a0b76d92cadf42ec,2,"DREA,補交易紀錄/2026 英諾.csv|手動交易2024後策略較固定/2026/statement (1).html",CSV|HTML,rec_a8ba596f53e04127732a|c_bb09a0db0dcc2cc957d1,False,SAME_MINUTE_TIMES_AND_ECONOMIC_FIELDS,0
dup_e8e0c39102f42250,2,"DREA,補交易紀錄/2026 英諾.csv|手動交易2024後策略較固定/2026/statement (1).html",CSV|HTML,rec_c464cd15b749d2b16ca9|c_bd193207e5fa8d3752a4,False,SAME_MINUTE_TIMES_AND_ECONOMIC_FIELDS,0
dup_66927498a98651e8,2,"DREA,補交易紀錄/2026 英諾.csv|手動交易2024後策略較固定/2026/statement (1).html",CSV|HTML,rec_91db17817f35f7a05a2d|c_93a141acf87577d9599c,False,SAME_MINUTE_TIMES_AND_ECONOMIC_FIELDS,0
dup_6819dc274c78e45a,2,"DREA,補交易紀錄/2026 英諾.csv|手動交易2024後策略較固定/2026/statement (1).html",CSV|HTML,rec_fd89006737639426cc72|c_57fb7f003c026bb37c57,False,SAME_MINUTE_TIMES_AND_ECONOMIC_FIELDS,0
dup_7d35e27ccd95e1cb,2,"DREA,補交易紀錄/2026 英諾.csv|手動交易2024後策略較固定/2026/statement (1).html",CSV|HTML,rec_a5e1bbb804237c353225|c_bbe415c1094d6645c90f,False,SAME_MINUTE_TIMES_AND_ECONOMIC_FIELDS,0
dup_d3923edbb50667bb,2,"DREA,補交易紀錄/2026 英諾.csv|手動交易2024後策略較固定/2026/statement (1).html",CSV|HTML,rec_408cba1af4f7da6b00e2|c_49c6e5e11c7f0c633df9,False,SAME_MINUTE_TIMES_AND_ECONOMIC_FIELDS,0
dup_44f4d927781abd0d,2,"DREA,補交易紀錄/2026 英諾.csv|手動交易2024後策略較固定/2026/statement (1).html",CSV|HTML,rec_44efb6c98f8b4107156e|c_2d7c5d307038e28e7b65,False,SAME_MINUTE_TIMES_AND_ECONOMIC_FIELDS,0
dup_947a7d73956152c3,2,"DREA,補交易紀錄/2026 英諾.csv|手動交易2024後策略較固定/2026/statement (1).html",CSV|HTML,rec_e8b38c1a5d4be9825961|c_35d2786d560051e653bb,False,SAME_MINUTE_TIMES_AND_ECONOMIC_FIELDS,0
dup_3f99695150d97594,2,"DREA,補交易紀錄/2026 英諾.csv|手動交易2024後策略較固定/2026/statement (1).html",CSV|HTML,rec_ec8ad227aeb2846cae7b|c_5ea50245502be232903d,False,SAME_MINUTE_TIMES_AND_ECONOMIC_FIELDS,0
dup_82c5eb6ec499b84b,2,"DREA,補交易紀錄/2026 英諾.csv|手動交易2024後策略較固定/2026/statement (1).html",CSV|HTML,rec_2c40da53d6cd49773930|c_8da800e2f7dc4c35fa43,False,SAME_MINUTE_TIMES_AND_ECONOMIC_FIELDS,0
dup_22d33b7cd5606b1f,2,"DREA,補交易紀錄/2026 英諾.csv|手動交易2024後策略較固定/2026/statement (1).html",CSV|HTML,rec_f347764e99a8fec967d1|c_21d846530b988db8a0d4,False,SAME_MINUTE_TIMES_AND_ECONOMIC_FIELDS,0
dup_b1da68fd49891f5d,2,"DREA,補交易紀錄/2026 英諾.csv|手動交易2024後策略較固定/2026/statement (1).html",CSV|HTML,rec_ffcca428f2d4a8f30be6|c_6bdc9389baa88d0f9037,False,SAME_MINUTE_TIMES_AND_ECONOMIC_FIELDS,0
dup_07bf8ffaf3970ee1,2,"DREA,補交易紀錄/2026 英諾.csv|手動交易2024後策略較固定/2026/statement (1).html",CSV|HTML,rec_4cfc074ca3282a88a000|c_b0d9636797b197fdf5f0,False,SAME_MINUTE_TIMES_AND_ECONOMIC_FIELDS,0
dup_ae556560d15e188f,4,"DREA,補交易紀錄/2026 英諾.csv|手動交易2024後策略較固定/2026/statement (1).html",CSV|HTML,rec_53ed00ab3bd8360c9b58|rec_fb3a3a890e8e76df7654|c_11db26abd1ccf04c10bc|c_cc97fa5d28f1d83221e9,False,SAME_MINUTE_TIMES_AND_ECONOMIC_FIELDS,0
dup_095c57eb9c9ad574,2,"DREA,補交易紀錄/2026 英諾.csv|手動交易2024後策略較固定/2026/statement (1).html",CSV|HTML,rec_c041627ef01bc05ab60e|c_e6929e0ba9affbbc69a7,False,SAME_MINUTE_TIMES_AND_ECONOMIC_FIELDS,0
dup_14e5f6cc41dfb6e6,2,"DREA,補交易紀錄/2026 英諾.csv|手動交易2024後策略較固定/2026/statement (1).html",CSV|HTML,rec_4aaf113ac00884047f3c|c_e08f579b70e62da81d61,False,SAME_MINUTE_TIMES_AND_ECONOMIC_FIELDS,0
dup_65126b9e2f123f75,2,"DREA,補交易紀錄/2026 英諾.csv|手動交易2024後策略較固定/2026/statement (1).html",CSV|HTML,rec_3e58b265e443564da907|c_a43249230a3db49204cf,False,SAME_MINUTE_TIMES_AND_ECONOMIC_FIELDS,0
dup_b17ac9a1188650ec,2,"DREA,補交易紀錄/2026 英諾.csv|手動交易2024後策略較固定/2026/statement (1).html",CSV|HTML,rec_956ed8b0b9a220386d58|c_30019b345b9e02a213c6,False,SAME_MINUTE_TIMES_AND_ECONOMIC_FIELDS,0
dup_a8d97a5afdbb1f2d,2,"DREA,補交易紀錄/2026 英諾.csv|手動交易2024後策略較固定/2026/statement (1).html",CSV|HTML,rec_ed7e45c4169ad4a84ef6|c_425c10a4a6f751dcecc9,False,SAME_MINUTE_TIMES_AND_ECONOMIC_FIELDS,0
dup_8a2a2b41d8a72fd8,2,"DREA,補交易紀錄/dream 小資金示範.csv|手動交易2024後策略較固定/2026/statement (2).html",CSV|HTML,rec_31e8b446753f8e19a838|c_90eb72acd2021229d46e,False,SAME_MINUTE_TIMES_AND_ECONOMIC_FIELDS,0
dup_22728483dc8b5645,2,"DREA,補交易紀錄/dream 小資金示範.csv|手動交易2024後策略較固定/2026/statement (2).html",CSV|HTML,rec_cc5becb50bcf6b4da440|c_1faa04b7d84f0120f4a2,False,SAME_MINUTE_TIMES_AND_ECONOMIC_FIELDS,0
dup_9fea857bd3ae78b2,2,"DREA,補交易紀錄/2026 英諾.csv|手動交易2024後策略較固定/2026/statement (1).html",CSV|HTML,rec_908cedf1c4aa33d7e6d8|c_7fc33c01ba5c0faf8708,False,SAME_MINUTE_TIMES_AND_ECONOMIC_FIELDS,0
dup_9d355042fab5408f,2,"DREA,補交易紀錄/2026 英諾.csv|手動交易2024後策略較固定/2026/statement (1).html",CSV|HTML,rec_793bb644a7ed6b3cef4f|c_40183e3052e2dbc3fa03,False,SAME_MINUTE_TIMES_AND_ECONOMIC_FIELDS,0
dup_49e5964ce865f042,2,"DREA,補交易紀錄/2026 英諾.csv|手動交易2024後策略較固定/2026/statement (1).html",CSV|HTML,rec_ef3fa723a83662c3cf0d|c_00d8d90e593e3cd63c3e,False,SAME_MINUTE_TIMES_AND_ECONOMIC_FIELDS,0
dup_d02d3efc32a8425d,2,"DREA,補交易紀錄/2026 英諾.csv|手動交易2024後策略較固定/2026/statement (1).html",CSV|HTML,rec_0e47894da31ff088ef2f|c_78755732492661b524be,False,SAME_MINUTE_TIMES_AND_ECONOMIC_FIELDS,0
dup_1af7da70d263be90,2,"DREA,補交易紀錄/2026 英諾.csv|手動交易2024後策略較固定/2026/statement (1).html",CSV|HTML,rec_fc4d0119778c732591ea|c_9a2e3f3a4792ced97bdf,False,SAME_MINUTE_TIMES_AND_ECONOMIC_FIELDS,0
dup_cf42616586a0e7a0,2,"DREA,補交易紀錄/2026 英諾.csv|手動交易2024後策略較固定/2026/statement (1).html",CSV|HTML,rec_b75c2060bcd0149b6ee8|c_7d96388e819c60e7f64d,False,SAME_MINUTE_TIMES_AND_ECONOMIC_FIELDS,0
dup_146486758435dd2c,2,"DREA,補交易紀錄/2026 英諾.csv|手動交易2024後策略較固定/2026/statement (1).html",CSV|HTML,rec_e5fbd11f4aba1c1fb2ae|c_9f3bdcedab09d4d0ac6f,False,SAME_MINUTE_TIMES_AND_ECONOMIC_FIELDS,0
dup_64cc3b9948084e50,2,"DREA,補交易紀錄/2026 英諾.csv|手動交易2024後策略較固定/2026/statement (1).html",CSV|HTML,rec_d5bc2cb368e5f5eb59d8|c_431de18b5a156694ca26,False,SAME_MINUTE_TIMES_AND_ECONOMIC_FIELDS,0
dup_db175450abac8e46,2,"DREA,補交易紀錄/2026 英諾.csv|手動交易2024後策略較固定/2026/statement (1).html",CSV|HTML,rec_d020345e8ad12d6cfd53|c_8225b3cb4c4facd0ebfc,False,SAME_MINUTE_TIMES_AND_ECONOMIC_FIELDS,0
dup_5cb32a6f3e7150d3,2,"DREA,補交易紀錄/2026 英諾.csv|手動交易2024後策略較固定/2026/statement (1).html",CSV|HTML,rec_caeba81682aad3693121|c_103cdf5b776cf994cfa2,False,SAME_MINUTE_TIMES_AND_ECONOMIC_FIELDS,0
dup_8cc56e7a2fad3818,2,"DREA,補交易紀錄/2026 英諾.csv|手動交易2024後策略較固定/2026/statement (1).html",CSV|HTML,rec_6820ebb9f3956c910c2f|c_fb6e23acefcb963a8ea2,False,SAME_MINUTE_TIMES_AND_ECONOMIC_FIELDS,0
dup_dfb842ff6f1d2dd7,2,"DREA,補交易紀錄/2026 英諾.csv|手動交易2024後策略較固定/2026/statement (1).html",CSV|HTML,rec_7d0257e42b7330d559a9|c_b2387b4413f0ed50e634,False,SAME_MINUTE_TIMES_AND_ECONOMIC_FIELDS,0
dup_52b7a31853827b09,2,"DREA,補交易紀錄/2026 英諾.csv|手動交易2024後策略較固定/2026/statement (1).html",CSV|HTML,rec_07b0b314332531ac43ef|c_4d09e80700c338f247c9,False,SAME_MINUTE_TIMES_AND_ECONOMIC_FIELDS,0
dup_8c2c30f1c5b0d1f3,2,"DREA,補交易紀錄/2026 英諾.csv|手動交易2024後策略較固定/2026/statement (1).html",CSV|HTML,rec_26ecfcdc4f9f7b55acd2|c_8ae3ef01c98a3c053c8e,False,SAME_MINUTE_TIMES_AND_ECONOMIC_FIELDS,0
dup_7e55d18045c46df9,2,"DREA,補交易紀錄/2026 英諾.csv|手動交易2024後策略較固定/2026/statement (1).html",CSV|HTML,rec_f0339a532af5332ddc2e|c_53847c6fb831b56f8713,False,SAME_MINUTE_TIMES_AND_ECONOMIC_FIELDS,0
dup_04ef7881ea87ccc2,2,"DREA,補交易紀錄/dream 小資金示範.csv|手動交易2024後策略較固定/2026/statement (2).html",CSV|HTML,rec_2180c02bc0f9a94f1f2d|c_8e21a3d9a41527813463,False,SAME_MINUTE_TIMES_AND_ECONOMIC_FIELDS,0
dup_9723df263a5947fb,2,"DREA,補交易紀錄/2026 英諾.csv|手動交易2024後策略較固定/2026/statement (1).html",CSV|HTML,rec_ac032eb4bb46167b3327|c_d2ef21d9241414c45160,False,SAME_MINUTE_TIMES_AND_ECONOMIC_FIELDS,0
dup_d0dee0b1f01ffcb8,2,"DREA,補交易紀錄/2026 英諾.csv|手動交易2024後策略較固定/2026/statement (1).html",CSV|HTML,rec_b427fea8c9decc54d5e0|c_a21cdc834a49b2a38c9b,False,SAME_MINUTE_TIMES_AND_ECONOMIC_FIELDS,0
dup_824ce19d5519591b,2,"DREA,補交易紀錄/2026 英諾.csv|手動交易2024後策略較固定/2026/statement (1).html",CSV|HTML,rec_e1775e029593a02ac15b|c_f80d63999977152023c0,False,SAME_MINUTE_TIMES_AND_ECONOMIC_FIELDS,0
dup_eb007ce78ce851e1,2,"DREA,補交易紀錄/2026 英諾.csv|手動交易2024後策略較固定/2026/statement (1).html",CSV|HTML,rec_46431c3bca23ea310c41|c_d3ecabb7a149bd41d258,False,SAME_MINUTE_TIMES_AND_ECONOMIC_FIELDS,0
dup_756fb68c6209b391,2,"DREA,補交易紀錄/2026 英諾.csv|手動交易2024後策略較固定/2026/statement (1).html",CSV|HTML,rec_db45e80a08cfb4c49f3e|c_42765f9a1e7ff32f321c,False,SAME_MINUTE_TIMES_AND_ECONOMIC_FIELDS,0
dup_b35623e3af2b2421,2,"DREA,補交易紀錄/2026 英諾.csv|手動交易2024後策略較固定/2026/statement (1).html",CSV|HTML,rec_b598ffb7698eb2bc2599|c_406943e7fee226afebfb,False,SAME_MINUTE_TIMES_AND_ECONOMIC_FIELDS,0
dup_6d2da0d0ea3388cf,2,"DREA,補交易紀錄/2026 英諾.csv|手動交易2024後策略較固定/2026/statement (1).html",CSV|HTML,rec_d30c6b7d1582948a3e67|c_cbd6fe9d60816bd16143,False,SAME_MINUTE_TIMES_AND_ECONOMIC_FIELDS,0
dup_427e813c5d93eaef,2,"DREA,補交易紀錄/2026 英諾.csv|手動交易2024後策略較固定/2026/statement (1).html",CSV|HTML,rec_128a6199c05ecb490af5|c_9f568c47f6f6de40442f,False,SAME_MINUTE_TIMES_AND_ECONOMIC_FIELDS,0
dup_0d6318dde9f48190,2,"DREA,補交易紀錄/2026 英諾.csv|手動交易2024後策略較固定/2026/statement (1).html",CSV|HTML,rec_15475b2bc046623427f2|c_276acf6c6743c26f577b,False,SAME_MINUTE_TIMES_AND_ECONOMIC_FIELDS,0
dup_32d3c7b7376bd1e7,2,"DREA,補交易紀錄/2026 英諾.csv|手動交易2024後策略較固定/2026/statement (1).html",CSV|HTML,rec_1d810e38425baae486be|c_a550ac9a4e04fd361ac5,False,SAME_MINUTE_TIMES_AND_ECONOMIC_FIELDS,0
dup_e0e85854135c4553,2,"DREA,補交易紀錄/2026 英諾.csv|手動交易2024後策略較固定/2026/statement (1).html",CSV|HTML,rec_7d703d09a935c53b673b|c_a5efa5329e2d2d459c09,False,SAME_MINUTE_TIMES_AND_ECONOMIC_FIELDS,0
dup_352f518a6104bb72,2,"DREA,補交易紀錄/2026 英諾.csv|手動交易2024後策略較固定/2026/statement (1).html",CSV|HTML,rec_b46bb3e3c9e01518ebd4|c_3b641e81ed28e7484cb3,False,SAME_MINUTE_TIMES_AND_ECONOMIC_FIELDS,0
dup_a5ce99a26ada30ca,2,"DREA,補交易紀錄/2026 英諾.csv|手動交易2024後策略較固定/2026/statement (1).html",CSV|HTML,rec_5fa5fc7901b89fbfe13c|c_b6cbe9ae35072a6a1982,False,SAME_MINUTE_TIMES_AND_ECONOMIC_FIELDS,0
dup_17aa6179e1d94cf0,2,"DREA,補交易紀錄/2026 英諾.csv|手動交易2024後策略較固定/2026/statement (1).html",CSV|HTML,rec_31a5e9bacbc5903bc25a|c_619311e0c6ef867115f8,False,SAME_MINUTE_TIMES_AND_ECONOMIC_FIELDS,0
dup_8e41a7cfb487dfde,2,"DREA,補交易紀錄/2026 英諾.csv|手動交易2024後策略較固定/2026/statement (1).html",CSV|HTML,rec_f12bcae8f2c2b5b072fc|c_f2f575d75730c17e292c,False,SAME_MINUTE_TIMES_AND_ECONOMIC_FIELDS,0
dup_b8be865de331ceb2,2,"DREA,補交易紀錄/2026 英諾.csv|手動交易2024後策略較固定/2026/statement (1).html",CSV|HTML,rec_7d869d6209eb4f2d418f|c_e145596e3b22afd53d73,False,SAME_MINUTE_TIMES_AND_ECONOMIC_FIELDS,0
dup_2d850996b7beb414,2,"DREA,補交易紀錄/2026 英諾.csv|手動交易2024後策略較固定/2026/statement (1).html",CSV|HTML,rec_0fb4082351a353647f33|c_77c922789d654ef3d292,False,SAME_MINUTE_TIMES_AND_ECONOMIC_FIELDS,0
dup_3bc4df95519c49b6,2,"DREA,補交易紀錄/2026 英諾.csv|手動交易2024後策略較固定/2026/statement (1).html",CSV|HTML,rec_1bbda7e91b0f41ff53a3|c_5de4db25a627428a0f62,False,SAME_MINUTE_TIMES_AND_ECONOMIC_FIELDS,0
dup_17647474f519bab8,2,"DREA,補交易紀錄/2026 英諾.csv|手動交易2024後策略較固定/2026/statement (1).html",CSV|HTML,rec_47a4a9e1083172ec55f4|c_666bfdc7f9755b051a56,False,SAME_MINUTE_TIMES_AND_ECONOMIC_FIELDS,0
dup_04e0f6fbd78e8c8b,2,"DREA,補交易紀錄/2026 英諾.csv|手動交易2024後策略較固定/2026/statement (1).html",CSV|HTML,rec_09e7726b1ad4f7fe0aad|c_8cc79353c1f616f4ecb9,False,SAME_MINUTE_TIMES_AND_ECONOMIC_FIELDS,0
dup_cbeb5277e7627d72,2,"DREA,補交易紀錄/2026 英諾.csv|手動交易2024後策略較固定/2026/statement (1).html",CSV|HTML,rec_51991ffb2209bfa07507|c_f303aa6177396e9e25e3,False,SAME_MINUTE_TIMES_AND_ECONOMIC_FIELDS,0
dup_7485e23611601505,2,"DREA,補交易紀錄/2026 英諾.csv|手動交易2024後策略較固定/2026/statement (1).html",CSV|HTML,rec_f4505607e77cfea99dd2|c_c6a9413d2feb4a52807e,False,SAME_MINUTE_TIMES_AND_ECONOMIC_FIELDS,0
dup_5137b977c24fc0bf,2,"DREA,補交易紀錄/2026 英諾.csv|手動交易2024後策略較固定/2026/statement (1).html",CSV|HTML,rec_2b08ba75920dad2b8851|c_075d800134b774bfb521,False,SAME_MINUTE_TIMES_AND_ECONOMIC_FIELDS,0
dup_6c3d2b4fc8809c69,2,"DREA,補交易紀錄/2026 英諾.csv|手動交易2024後策略較固定/2026/statement (1).html",CSV|HTML,rec_46606a6a3b053bb56dd5|c_ddf8b7468490d8668c9e,False,SAME_MINUTE_TIMES_AND_ECONOMIC_FIELDS,0
dup_09b3546774bb3df5,2,"DREA,補交易紀錄/2026 英諾.csv|手動交易2024後策略較固定/2026/statement (1).html",CSV|HTML,rec_98d22dfbbfa27a81faa9|c_be432af8de9395a3ca5d,False,SAME_MINUTE_TIMES_AND_ECONOMIC_FIELDS,0
dup_dbc4aebe3839b103,2,"DREA,補交易紀錄/2026 英諾.csv|手動交易2024後策略較固定/2026/statement (1).html",CSV|HTML,rec_a5f346913cdda2af6740|c_75d63341e046fee49b63,False,SAME_MINUTE_TIMES_AND_ECONOMIC_FIELDS,0
dup_bcb71636e1d096e3,2,"DREA,補交易紀錄/2026 英諾.csv|手動交易2024後策略較固定/2026/statement (1).html",CSV|HTML,rec_7bef2ab97759cc25be76|c_8f1fe64dce5be0070ad2,False,SAME_MINUTE_TIMES_AND_ECONOMIC_FIELDS,0
dup_f1d111c131bc13c2,2,"DREA,補交易紀錄/2026 英諾.csv|手動交易2024後策略較固定/2026/statement (1).html",CSV|HTML,rec_e61cc29bdf984d79e0e9|c_87fd9bd04c94fdd049fa,False,SAME_MINUTE_TIMES_AND_ECONOMIC_FIELDS,0
dup_0d281e9efdf88ba2,2,"DREA,補交易紀錄/2026 英諾.csv|手動交易2024後策略較固定/2026/statement (1).html",CSV|HTML,rec_f25d5b591be2e972d394|c_4581a6544eb4c27ec9d5,False,SAME_MINUTE_TIMES_AND_ECONOMIC_FIELDS,0
dup_e50575a6b0e677c6,2,"DREA,補交易紀錄/2026 英諾.csv|手動交易2024後策略較固定/2026/statement (1).html",CSV|HTML,rec_571a759b2efe1d827e1d|c_3fe18b7589b7b4ca2c12,False,SAME_MINUTE_TIMES_AND_ECONOMIC_FIELDS,0
dup_2757c2c885f2320c,2,"DREA,補交易紀錄/2026 英諾.csv|手動交易2024後策略較固定/2026/statement (1).html",CSV|HTML,rec_ed598388aab2b06c43c0|c_b081b21c589ff152fd43,False,SAME_MINUTE_TIMES_AND_ECONOMIC_FIELDS,0
dup_0ee33d8cf1d8a5b1,2,"DREA,補交易紀錄/2026 英諾.csv|手動交易2024後策略較固定/2026/statement (1).html",CSV|HTML,rec_b3de2f23cc1471b29e3d|c_17593a6dbd27502a5896,False,SAME_MINUTE_TIMES_AND_ECONOMIC_FIELDS,0
dup_c2884babb91dad8d,2,"DREA,補交易紀錄/dream 小資金示範.csv|手動交易2024後策略較固定/2026/statement (2).html",CSV|HTML,rec_db62c4619cf09cb7752f|c_b6bb7821a8c4306cc94a,False,SAME_MINUTE_TIMES_AND_ECONOMIC_FIELDS,0
dup_174a76379c2922f5,2,"DREA,補交易紀錄/dream 小資金示範.csv|手動交易2024後策略較固定/2026/statement (2).html",CSV|HTML,rec_e7dc8665a3629ada18db|c_640fa37f419ec4b7e9b8,False,SAME_MINUTE_TIMES_AND_ECONOMIC_FIELDS,0
dup_8901312fe67fc679,2,"DREA,補交易紀錄/dream 小資金示範.csv|手動交易2024後策略較固定/2026/statement (2).html",CSV|HTML,rec_fc5321dbf96372562028|c_e9778891a3c6b2c80424,False,SAME_MINUTE_TIMES_AND_ECONOMIC_FIELDS,0
dup_d28313053be93ac6,2,"DREA,補交易紀錄/dream 小資金示範.csv|手動交易2024後策略較固定/2026/statement (2).html",CSV|HTML,rec_2139f63054a5e68cb6db|c_489d12d092429c04fac5,False,SAME_MINUTE_TIMES_AND_ECONOMIC_FIELDS,0
dup_04346efac5223d1a,2,"DREA,補交易紀錄/dream 小資金示範.csv|手動交易2024後策略較固定/2026/statement (2).html",CSV|HTML,rec_02715c55e0d084cd009c|c_59b7e15354fad0a507d7,False,SAME_MINUTE_TIMES_AND_ECONOMIC_FIELDS,0
dup_9a2150caf71edd3d,2,"DREA,補交易紀錄/dream 小資金示範.csv|手動交易2024後策略較固定/2026/statement (2).html",CSV|HTML,rec_3f387838087548459034|c_2072e063eaf73ba6535c,False,SAME_MINUTE_TIMES_AND_ECONOMIC_FIELDS,0
dup_768dda866c0010d3,2,"DREA,補交易紀錄/dream 小資金示範.csv|手動交易2024後策略較固定/2026/statement (2).html",CSV|HTML,rec_043703e8448ae9a02e90|c_a3c8ebdd2de064a92b83,False,SAME_MINUTE_TIMES_AND_ECONOMIC_FIELDS,0
dup_38ca8e085d69715d,2,"DREA,補交易紀錄/dream 小資金示範.csv|手動交易2024後策略較固定/2026/statement (2).html",CSV|HTML,rec_d1a472ad2a1b05cefafc|c_7fb0ae73a280e1b3ff8e,False,SAME_MINUTE_TIMES_AND_ECONOMIC_FIELDS,0
dup_67c04d25e35b306c,2,"DREA,補交易紀錄/dream 小資金示範.csv|手動交易2024後策略較固定/2026/statement (2).html",CSV|HTML,rec_ae7236e93aff1390a4fe|c_34bfec4aaf2ca45ecb55,False,SAME_MINUTE_TIMES_AND_ECONOMIC_FIELDS,0
dup_d11a9b8fbf4563ec,2,"DREA,補交易紀錄/dream 小資金示範.csv|手動交易2024後策略較固定/2026/statement (2).html",CSV|HTML,rec_0d22c718d8925adc574f|c_aed4d04fb2efaf8ca9ec,False,SAME_MINUTE_TIMES_AND_ECONOMIC_FIELDS,0
dup_86fcd02414d93946,2,"DREA,補交易紀錄/dream 小資金示範.csv|手動交易2024後策略較固定/2026/statement (2).html",CSV|HTML,rec_a93b55e10e97fd0eec4d|c_1c2422b00a67b9f8ba88,False,SAME_MINUTE_TIMES_AND_ECONOMIC_FIELDS,0
dup_119b01d27102ab77,2,"DREA,補交易紀錄/dream 小資金示範.csv|手動交易2024後策略較固定/2026/statement (2).html",CSV|HTML,rec_20d57d8dbaa94a77dc1b|c_baf5bf8e8c7ee5b72c81,False,SAME_MINUTE_TIMES_AND_ECONOMIC_FIELDS,0
dup_b7483214c7e81752,2,"DREA,補交易紀錄/dream 小資金示範.csv|手動交易2024後策略較固定/2026/statement (2).html",CSV|HTML,rec_4b8e3230e2a523b3db79|c_3c0387bc2f012c76decf,False,SAME_MINUTE_TIMES_AND_ECONOMIC_FIELDS,0
dup_2ae3f42b2b372af1,2,"DREA,補交易紀錄/dream 小資金示範.csv|手動交易2024後策略較固定/2026/statement (2).html",CSV|HTML,rec_ef5c230fe5be44883850|c_51f482ae65cab618af0f,False,SAME_MINUTE_TIMES_AND_ECONOMIC_FIELDS,0
dup_45b603fd10cc98d8,2,"DREA,補交易紀錄/dream 小資金示範.csv|手動交易2024後策略較固定/2026/statement (2).html",CSV|HTML,rec_5ad3583a371380ad3af5|c_7bac60ee6137fb3b0383,False,SAME_MINUTE_TIMES_AND_ECONOMIC_FIELDS,0
dup_fb05145502dc7898,2,"DREA,補交易紀錄/dream 小資金示範.csv|手動交易2024後策略較固定/2026/statement (2).html",CSV|HTML,rec_8b1f64e5ddcd5064868b|c_f805f8d65e625224c49f,False,SAME_MINUTE_TIMES_AND_ECONOMIC_FIELDS,0
dup_32a46a3c755fa1c8,2,"DREA,補交易紀錄/dream 小資金示範.csv|手動交易2024後策略較固定/2026/statement (2).html",CSV|HTML,rec_7c0a7d55cde646c61e44|c_f3329aba08d6dcace305,False,SAME_MINUTE_TIMES_AND_ECONOMIC_FIELDS,0
dup_319b7b145fd84233,2,"DREA,補交易紀錄/dream 小資金示範.csv|手動交易2024後策略較固定/2026/statement (2).html",CSV|HTML,rec_2ae7db6d65f677d43a7b|c_b8322acb9d3f86aa56f4,False,SAME_MINUTE_TIMES_AND_ECONOMIC_FIELDS,0
dup_42c78179bf309d54,2,"DREA,補交易紀錄/dream 小資金示範.csv|手動交易2024後策略較固定/2026/statement (2).html",CSV|HTML,rec_30ba31c5c68d13d321b8|c_0aa32b1c05da8c8fc52a,False,SAME_MINUTE_TIMES_AND_ECONOMIC_FIELDS,0
dup_3a6d56343ff0ca9a,2,"DREA,補交易紀錄/dream 小資金示範.csv|手動交易2024後策略較固定/2026/statement (2).html",CSV|HTML,rec_16f5da7d17f275ee8b56|c_9435074a6f2fb7d9db58,False,SAME_MINUTE_TIMES_AND_ECONOMIC_FIELDS,0
dup_d1109be89b042985,2,"DREA,補交易紀錄/dream 小資金示範.csv|手動交易2024後策略較固定/2026/statement (2).html",CSV|HTML,rec_3a3a95579fb23b9c0f74|c_1f8b826f57191a91e2ed,False,SAME_MINUTE_TIMES_AND_ECONOMIC_FIELDS,0
dup_62105a773fc8ec88,2,"DREA,補交易紀錄/dream 小資金示範.csv|手動交易2024後策略較固定/2026/statement (2).html",CSV|HTML,rec_eab8450498bb69e7c703|c_cc97dc6f033a72fe70b1,False,SAME_MINUTE_TIMES_AND_ECONOMIC_FIELDS,0
dup_4765b8030a910217,2,"DREA,補交易紀錄/dream 小資金示範.csv|手動交易2024後策略較固定/2026/statement (2).html",CSV|HTML,rec_81421a1428c1c3eaa40c|c_6ebf47efae2fc1724ee8,False,SAME_MINUTE_TIMES_AND_ECONOMIC_FIELDS,0
dup_244f73231d2414e4,2,"DREA,補交易紀錄/dream 小資金示範.csv|手動交易2024後策略較固定/2026/statement (2).html",CSV|HTML,rec_f2359d7840ee90f72528|c_6093c83ca67f3ec358a3,False,SAME_MINUTE_TIMES_AND_ECONOMIC_FIELDS,0
dup_f8e56c2f5c9a6a79,2,"DREA,補交易紀錄/dream 小資金示範.csv|手動交易2024後策略較固定/2026/statement (2).html",CSV|HTML,rec_ced0ab0777c1f83becd9|c_dd725d143d378baf7551,False,SAME_MINUTE_TIMES_AND_ECONOMIC_FIELDS,0
dup_92933ad21a10234d,2,"DREA,補交易紀錄/dream 小資金示範.csv|手動交易2024後策略較固定/2026/statement (2).html",CSV|HTML,rec_5abfc7c8a0659c6f1866|c_38b43dc689b680f2448e,False,SAME_MINUTE_TIMES_AND_ECONOMIC_FIELDS,0
dup_d164603187fdb57a,2,"DREA,補交易紀錄/dream 小資金示範.csv|手動交易2024後策略較固定/2026/statement (2).html",CSV|HTML,rec_009505e621a7171cee00|c_c640b468e8cdbbb07794,False,SAME_MINUTE_TIMES_AND_ECONOMIC_FIELDS,0
dup_44a8e46752e11d99,2,"DREA,補交易紀錄/dream 小資金示範.csv|手動交易2024後策略較固定/2026/statement (2).html",CSV|HTML,rec_79d48e84c57b5e7a2a87|c_e77fc2ff518b1f6915c3,False,SAME_MINUTE_TIMES_AND_ECONOMIC_FIELDS,0
dup_330f04a0065f0b00,2,"DREA,補交易紀錄/dream 小資金示範.csv|手動交易2024後策略較固定/2026/statement (2).html",CSV|HTML,rec_b50aaecec9807290f0cb|c_ab15e1deeccef89eb305,False,SAME_MINUTE_TIMES_AND_ECONOMIC_FIELDS,0
dup_0abb57b967f5a7ef,2,"DREA,補交易紀錄/dream 小資金示範.csv|手動交易2024後策略較固定/2026/statement (2).html",CSV|HTML,rec_37e41d8dfa5180ff9d46|c_170c5682e3148ae910d3,False,SAME_MINUTE_TIMES_AND_ECONOMIC_FIELDS,0
dup_e014a97277fc3685,2,"DREA,補交易紀錄/dream 小資金示範.csv|手動交易2024後策略較固定/2026/statement (2).html",CSV|HTML,rec_27db46f8ef389f8299b5|c_d4a98d68836e659da6c5,False,SAME_MINUTE_TIMES_AND_ECONOMIC_FIELDS,0
dup_e2c98ea86753cc5d,2,"DREA,補交易紀錄/dream 小資金示範.csv|手動交易2024後策略較固定/2026/statement (2).html",CSV|HTML,rec_cfd9f2e7e809ff254b7e|c_5e8660507703ffe30af4,False,SAME_MINUTE_TIMES_AND_ECONOMIC_FIELDS,0
dup_41ed2efe5283ee26,2,"DREA,補交易紀錄/dream 小資金示範.csv|手動交易2024後策略較固定/2026/statement (2).html",CSV|HTML,rec_8e5c1ba15b89824fba69|c_1d1e1edde1304094d0bd,False,SAME_MINUTE_TIMES_AND_ECONOMIC_FIELDS,0
dup_fd464e4c372c4205,2,"DREA,補交易紀錄/dream 小資金示範.csv|手動交易2024後策略較固定/2026/statement (2).html",CSV|HTML,rec_d476aee8779ef14550fc|c_5170ecaebb2e36f71f3e,False,SAME_MINUTE_TIMES_AND_ECONOMIC_FIELDS,0
dup_4ec469d639148956,2,"DREA,補交易紀錄/dream 小資金示範.csv|手動交易2024後策略較固定/2026/statement (2).html",CSV|HTML,rec_e12c3b59c619d4bc07ab|c_35038b660640b1493630,False,SAME_MINUTE_TIMES_AND_ECONOMIC_FIELDS,0
dup_c409df97a856eef8,2,"DREA,補交易紀錄/dream 小資金示範.csv|手動交易2024後策略較固定/2026/statement (2).html",CSV|HTML,rec_fc34247a81fae5e3e273|c_6e35e5a208594a6a5118,False,SAME_MINUTE_TIMES_AND_ECONOMIC_FIELDS,0
dup_cce8b7f5bcd88907,2,"DREA,補交易紀錄/dream 小資金示範.csv|手動交易2024後策略較固定/2026/statement (2).html",CSV|HTML,rec_5581620aa19df05833d4|c_9b8d2ac035166e5c82d3,False,SAME_MINUTE_TIMES_AND_ECONOMIC_FIELDS,0
dup_aa2c09bd0cc96157,2,"DREA,補交易紀錄/dream 小資金示範.csv|手動交易2024後策略較固定/2026/statement (2).html",CSV|HTML,rec_98b4a5e389ce2cc5474f|c_fab03e2d6f3183acd2d8,False,SAME_MINUTE_TIMES_AND_ECONOMIC_FIELDS,0
dup_43056e1473c2e43c,2,"DREA,補交易紀錄/dream 小資金示範.csv|手動交易2024後策略較固定/2026/statement (2).html",CSV|HTML,rec_fe2e3e1da6b9738724e6|c_c2980220bd8f7fe7b770,False,SAME_MINUTE_TIMES_AND_ECONOMIC_FIELDS,0
dup_56a43d16fc645372,2,"DREA,補交易紀錄/dream 小資金示範.csv|手動交易2024後策略較固定/2026/statement (2).html",CSV|HTML,rec_1f1592c10bf6dd898ea3|c_91541f760a5d99b5118d,False,SAME_MINUTE_TIMES_AND_ECONOMIC_FIELDS,0
dup_4dafd22f8caa4542,2,"DREA,補交易紀錄/dream 小資金示範.csv|手動交易2024後策略較固定/2026/statement (2).html",CSV|HTML,rec_ca42c914d5463acda7d4|c_ff8d23841ff4c091427b,False,SAME_MINUTE_TIMES_AND_ECONOMIC_FIELDS,0
dup_0de2dc7db5a817d8,2,"DREA,補交易紀錄/dream 小資金示範.csv|手動交易2024後策略較固定/2026/statement (2).html",CSV|HTML,rec_1dba5551cf157c400e1f|c_cc8b5f1e9d863b0711fa,False,SAME_MINUTE_TIMES_AND_ECONOMIC_FIELDS,0
dup_9da4ef1b39f1f7e9,2,"DREA,補交易紀錄/dream 小資金示範.csv|手動交易2024後策略較固定/2026/statement (2).html",CSV|HTML,rec_c33da394f1bc3ce37652|c_0d2dba965592e9fcae96,False,SAME_MINUTE_TIMES_AND_ECONOMIC_FIELDS,0
dup_dd1dd4e87520d4bf,2,"DREA,補交易紀錄/dream 小資金示範.csv|手動交易2024後策略較固定/2026/statement (2).html",CSV|HTML,rec_8dcea030b6eec3aecd7d|c_2da0c6e5cf975b168929,False,SAME_MINUTE_TIMES_AND_ECONOMIC_FIELDS,0
dup_10a20501cf2e945d,2,"DREA,補交易紀錄/dream 小資金示範.csv|手動交易2024後策略較固定/2026/statement (2).html",CSV|HTML,rec_445bf970f2b3b38f1253|c_703ec78324eb89416e31,False,SAME_MINUTE_TIMES_AND_ECONOMIC_FIELDS,0
dup_c2d85cba471e464f,2,"DREA,補交易紀錄/dream 小資金示範.csv|手動交易2024後策略較固定/2026/statement (2).html",CSV|HTML,rec_2d1dc0c13f263bf98bd3|c_cd5dc7167fab243c7031,False,SAME_MINUTE_TIMES_AND_ECONOMIC_FIELDS,0
dup_f2383cc29f8a21f3,2,"DREA,補交易紀錄/dream 小資金示範.csv|手動交易2024後策略較固定/2026/statement (2).html",CSV|HTML,rec_4772638a4fe2b8c663e3|c_a822ab2f49bd4d3be173,False,SAME_MINUTE_TIMES_AND_ECONOMIC_FIELDS,0
dup_1f9fc9c0df6ff5f2,2,"DREA,補交易紀錄/dream 小資金示範.csv|手動交易2024後策略較固定/2026/statement (2).html",CSV|HTML,rec_dbf87778a0923e56278e|c_46dbf3037814514a580d,False,SAME_MINUTE_TIMES_AND_ECONOMIC_FIELDS,0
dup_4af5dd29f9a08ec1,2,"DREA,補交易紀錄/dream 小資金示範.csv|手動交易2024後策略較固定/2026/statement (2).html",CSV|HTML,rec_ad71cf6de48b70894253|c_713d02ef1b5c6245e222,False,SAME_MINUTE_TIMES_AND_ECONOMIC_FIELDS,0
dup_8b84ae66a921afb9,2,"DREA,補交易紀錄/dream 小資金示範.csv|手動交易2024後策略較固定/2026/statement (2).html",CSV|HTML,rec_cc2e41aba5f0f92da2ef|c_1a076445e9c90e6c45eb,False,SAME_MINUTE_TIMES_AND_ECONOMIC_FIELDS,0
dup_8ac72fccbea9fdd5,2,"DREA,補交易紀錄/dream 小資金示範.csv|手動交易2024後策略較固定/2026/statement (2).html",CSV|HTML,rec_a67f98e7c625976aac3a|c_d2c40f84a2085a98f32a,False,SAME_MINUTE_TIMES_AND_ECONOMIC_FIELDS,0
dup_d155bb317ecd95f9,2,"DREA,補交易紀錄/dream 小資金示範.csv|手動交易2024後策略較固定/2026/statement (2).html",CSV|HTML,rec_f1b6642372cd4c0d58e1|c_82d00fa908c680ab0df2,False,SAME_MINUTE_TIMES_AND_ECONOMIC_FIELDS,0
dup_5983ca68f6ac0934,2,"DREA,補交易紀錄/dream 小資金示範.csv|手動交易2024後策略較固定/2026/statement (2).html",CSV|HTML,rec_f4a08ca27293ac515fc4|c_da7f78b7c27bda5932ec,False,SAME_MINUTE_TIMES_AND_ECONOMIC_FIELDS,0
dup_103e3c8fe4d0f605,2,"DREA,補交易紀錄/dream 小資金示範.csv|手動交易2024後策略較固定/2026/statement (2).html",CSV|HTML,rec_ba14e6811083c19b2e43|c_d6dda8d0dd62532676cb,False,SAME_MINUTE_TIMES_AND_ECONOMIC_FIELDS,0
dup_f946ca27c0b63b62,2,"DREA,補交易紀錄/dream 小資金示範.csv|手動交易2024後策略較固定/2026/statement (2).html",CSV|HTML,rec_59fd59f4987de8ddf30b|c_2550e9a16caaa46cc163,False,SAME_MINUTE_TIMES_AND_ECONOMIC_FIELDS,0
dup_eda7f1f747a3e36d,2,"DREA,補交易紀錄/dream 小資金示範.csv|手動交易2024後策略較固定/2026/statement (2).html",CSV|HTML,rec_05a389ad2a3bf0742116|c_1de32c4b3dc67ff5275b,False,SAME_MINUTE_TIMES_AND_ECONOMIC_FIELDS,0
dup_e2827430cc191a54,2,"DREA,補交易紀錄/dream 小資金示範.csv|手動交易2024後策略較固定/2026/statement (2).html",CSV|HTML,rec_db7929f51fafe09f2722|c_bfe33fb9ada63b86ebd9,False,SAME_MINUTE_TIMES_AND_ECONOMIC_FIELDS,0
dup_169427f48b38907f,2,"DREA,補交易紀錄/dream 小資金示範.csv|手動交易2024後策略較固定/2026/statement (2).html",CSV|HTML,rec_bffb795b7e5b7b9aa1fd|c_aa7a78044aa72f2bab4d,False,SAME_MINUTE_TIMES_AND_ECONOMIC_FIELDS,0
dup_657659bb45b496b2,2,"DREA,補交易紀錄/dream 小資金示範.csv|手動交易2024後策略較固定/2026/statement (2).html",CSV|HTML,rec_4d821867b397e765cf04|c_d33d26ad7fd0b6e3e69b,False,SAME_MINUTE_TIMES_AND_ECONOMIC_FIELDS,0
dup_3ec6f2b6c772b18a,2,"DREA,補交易紀錄/dream 小資金示範.csv|手動交易2024後策略較固定/2026/statement (2).html",CSV|HTML,rec_f3e11ad5e2c08927e211|c_5445a25d9cc0ec7e57cc,False,SAME_MINUTE_TIMES_AND_ECONOMIC_FIELDS,0
dup_79959fbe13fffadb,2,"DREA,補交易紀錄/dream 小資金示範.csv|手動交易2024後策略較固定/2026/statement (2).html",CSV|HTML,rec_a616b7bd3ed7c87c0f28|c_7716ab4a7b83cf15a9e8,False,SAME_MINUTE_TIMES_AND_ECONOMIC_FIELDS,0
dup_f8b55320a9084233,2,"DREA,補交易紀錄/dream 小資金示範.csv|手動交易2024後策略較固定/2026/statement (2).html",CSV|HTML,rec_0a076a507d6b2258b1f2|c_bf0654cc0249ec99ecfc,False,SAME_MINUTE_TIMES_AND_ECONOMIC_FIELDS,0
dup_7273f917924da8cc,2,"DREA,補交易紀錄/dream 小資金示範.csv|手動交易2024後策略較固定/2026/statement (2).html",CSV|HTML,rec_06b059642fa8d1ab0819|c_c9c95383f9d2b655adcb,False,SAME_MINUTE_TIMES_AND_ECONOMIC_FIELDS,0
dup_d7711ef616b31d4d,2,"DREA,補交易紀錄/dream 小資金示範.csv|手動交易2024後策略較固定/2026/statement (2).html",CSV|HTML,rec_10b9dca770cb06611a7c|c_a3a96a8e508fead25126,False,SAME_MINUTE_TIMES_AND_ECONOMIC_FIELDS,0
dup_30cc9a90cc6aa8b4,2,"DREA,補交易紀錄/dream 小資金示範.csv|手動交易2024後策略較固定/2026/statement (2).html",CSV|HTML,rec_119e87a20cf56ed1aafa|c_d8bbd2939f069cb23ac7,False,SAME_MINUTE_TIMES_AND_ECONOMIC_FIELDS,0
dup_65c05d54a43701a4,2,"DREA,補交易紀錄/dream 小資金示範.csv|手動交易2024後策略較固定/2026/statement (2).html",CSV|HTML,rec_53e46e026f1ac8fd61b9|c_607eb4f6d9cdd1b314c5,False,SAME_MINUTE_TIMES_AND_ECONOMIC_FIELDS,0
dup_f96954a40752e569,2,"DREA,補交易紀錄/dream 小資金示範.csv|手動交易2024後策略較固定/2026/statement (2).html",CSV|HTML,rec_009d1c119c2a7e2448b7|c_1b6ce0043682cbe37c69,False,SAME_MINUTE_TIMES_AND_ECONOMIC_FIELDS,0
dup_374543086e1a1a0d,2,"DREA,補交易紀錄/dream 小資金示範.csv|手動交易2024後策略較固定/2026/statement (2).html",CSV|HTML,rec_203d0dc4891ccf769dd4|c_34c43375f0c92749bfaf,False,SAME_MINUTE_TIMES_AND_ECONOMIC_FIELDS,0
dup_9eed212b88942825,2,"DREA,補交易紀錄/dream 小資金示範.csv|手動交易2024後策略較固定/2026/statement (2).html",CSV|HTML,rec_d283ccad6846bacbcfd0|c_ffb2a428a78aa0fd7b42,False,SAME_MINUTE_TIMES_AND_ECONOMIC_FIELDS,0
dup_8fab24aa62e1b3de,2,"DREA,補交易紀錄/dream 小資金示範.csv|手動交易2024後策略較固定/2026/statement (2).html",CSV|HTML,rec_40803eb15da12ae79fbe|c_a4679457460460214dc7,False,SAME_MINUTE_TIMES_AND_ECONOMIC_FIELDS,0
dup_252c281f9b7b525a,2,"DREA,補交易紀錄/dream 小資金示範.csv|手動交易2024後策略較固定/2026/statement (2).html",CSV|HTML,rec_3d549ad9ecd2b4227f0f|c_ce3cdc8ba536df07c9b6,False,SAME_MINUTE_TIMES_AND_ECONOMIC_FIELDS,0
dup_7207a06ac8d707cb,2,"DREA,補交易紀錄/dream 小資金示範.csv|手動交易2024後策略較固定/2026/statement (2).html",CSV|HTML,rec_8f43617a7e133cbba9e9|c_26ccec4a76fbc1e77daa,False,SAME_MINUTE_TIMES_AND_ECONOMIC_FIELDS,0
dup_87cef972e4acb206,2,"DREA,補交易紀錄/dream 小資金示範.csv|手動交易2024後策略較固定/2026/statement (2).html",CSV|HTML,rec_938e25fa5998b782ad12|c_ce1c0df09094a1c8ba9e,False,SAME_MINUTE_TIMES_AND_ECONOMIC_FIELDS,0
dup_14f46df9ae416248,2,"DREA,補交易紀錄/dream 小資金示範.csv|手動交易2024後策略較固定/2026/statement (2).html",CSV|HTML,rec_0946e46781043af47f30|c_8a174cbb7f0d62c7ef25,False,SAME_MINUTE_TIMES_AND_ECONOMIC_FIELDS,0
dup_aaf8174aac50b89e,2,"DREA,補交易紀錄/dream 小資金示範.csv|手動交易2024後策略較固定/2026/statement (2).html",CSV|HTML,rec_e132b4e9766ae528203f|c_400e4bf1c99423edb783,False,SAME_MINUTE_TIMES_AND_ECONOMIC_FIELDS,0
dup_57f51c4ce535bf85,2,"DREA,補交易紀錄/dream 小資金示範.csv|手動交易2024後策略較固定/2026/statement (2).html",CSV|HTML,rec_8ce0dcf94287a8769c31|c_7f7ef3c29a6a7af323db,False,SAME_MINUTE_TIMES_AND_ECONOMIC_FIELDS,0
dup_81bb82244e9bc4bb,2,"DREA,補交易紀錄/dream 小資金示範.csv|手動交易2024後策略較固定/2026/statement (2).html",CSV|HTML,rec_4b894ffb3fe89cc33c20|c_c6faf54f14f3e3739b4b,False,SAME_MINUTE_TIMES_AND_ECONOMIC_FIELDS,0
dup_53a2c502865eea96,2,"DREA,補交易紀錄/dream 手動 10倍.csv|手動交易2024後策略較固定/2020含更久以前交易/statement (9).html",CSV|HTML,rec_c8e0d74b25069d4c5d0d|c_e1b3094bf52cb17df23e,False,SAME_MINUTE_TIMES_AND_ECONOMIC_FIELDS,0
dup_68216b0ff0172b2d,2,"DREA,補交易紀錄/dream 手動 10倍.csv|手動交易2024後策略較固定/2020含更久以前交易/statement (9).html",CSV|HTML,rec_784f47026a55cf94d08a|c_896ffc38141c3a73a9bf,False,SAME_MINUTE_TIMES_AND_ECONOMIC_FIELDS,0
dup_6afa61d5f8d01f87,2,"DREA,補交易紀錄/dream 手動 10倍.csv|手動交易2024後策略較固定/2020含更久以前交易/statement (9).html",CSV|HTML,rec_2340a312d0379683b14e|c_1c67ed121502ace4869b,False,SAME_MINUTE_TIMES_AND_ECONOMIC_FIELDS,0
dup_b151c263cf8b351d,2,"DREA,補交易紀錄/dream 手動 10倍.csv|手動交易2024後策略較固定/2020含更久以前交易/statement (9).html",CSV|HTML,rec_2d0e6c6d5c0891ffe3a1|c_6b6fff39989df955f06f,False,SAME_MINUTE_TIMES_AND_ECONOMIC_FIELDS,0
dup_5111e1544a58d90f,2,"DREA,補交易紀錄/dream 手動 10倍.csv|手動交易2024後策略較固定/2020含更久以前交易/statement (9).html",CSV|HTML,rec_3a5f8a80cccd6f8b2e05|c_045074d631b907ed0a77,False,SAME_MINUTE_TIMES_AND_ECONOMIC_FIELDS,0
dup_8fbdc2dca402495a,2,"DREA,補交易紀錄/Dream-每日100USD.csv|手動交易2024後策略較固定/2020含更久以前交易/statement (8).html",CSV|HTML,rec_9440fe2297b6a9838988|c_586be59fd7d37e15b0ea,False,SAME_MINUTE_TIMES_AND_ECONOMIC_FIELDS,0
dup_eaa2d8b2b9f7ba63,2,"DREA,補交易紀錄/Dream-每日100USD.csv|手動交易2024後策略較固定/2020含更久以前交易/statement (8).html",CSV|HTML,rec_5dddc77dcbaef53c8cac|c_628afb3b2d729fd2056e,False,SAME_MINUTE_TIMES_AND_ECONOMIC_FIELDS,0
dup_e7150fe24e163217,2,"DREA,補交易紀錄/Dream-每日100USD.csv|手動交易2024後策略較固定/2020含更久以前交易/statement (8).html",CSV|HTML,rec_a5e9c8ea0ed77040a352|c_de64b7f749cf4e591d67,False,SAME_MINUTE_TIMES_AND_ECONOMIC_FIELDS,0
dup_475e7be056bb4e47,2,"DREA,補交易紀錄/Dream-每日100USD.csv|手動交易2024後策略較固定/2020含更久以前交易/statement (8).html",CSV|HTML,rec_d7400f16093532dbd276|c_20217304f94363fb64a2,False,SAME_MINUTE_TIMES_AND_ECONOMIC_FIELDS,0
dup_d306aaff40893116,2,"DREA,補交易紀錄/Dream-每日100USD.csv|手動交易2024後策略較固定/2020含更久以前交易/statement (8).html",CSV|HTML,rec_7e65a8b222d77bb67961|c_08784947a0482a92ef1d,False,SAME_MINUTE_TIMES_AND_ECONOMIC_FIELDS,0
dup_7afcd2c103852735,2,"DREA,補交易紀錄/Dream-每日100USD.csv|手動交易2024後策略較固定/2020含更久以前交易/statement (8).html",CSV|HTML,rec_c0cdc2b6ee4b2ff9fb04|c_314a291bd794405131b0,False,SAME_MINUTE_TIMES_AND_ECONOMIC_FIELDS,0
dup_da1013922c5eeca7,2,"DREA,補交易紀錄/Dream-每日100USD.csv|手動交易2024後策略較固定/2020含更久以前交易/statement (8).html",CSV|HTML,rec_bbfbc01f01c8f4c527bb|c_3969625e38e02a04ad8d,False,SAME_MINUTE_TIMES_AND_ECONOMIC_FIELDS,0
dup_6c5f615926b18ae2,2,"DREA,補交易紀錄/Dream-每日100USD.csv|手動交易2024後策略較固定/2020含更久以前交易/statement (8).html",CSV|HTML,rec_a0aa7cba1bbcdda40e5e|c_086930b15100a9b62e04,False,SAME_MINUTE_TIMES_AND_ECONOMIC_FIELDS,0
dup_000b1d4146e457d5,2,"DREA,補交易紀錄/Dream-每日100USD.csv|手動交易2024後策略較固定/2020含更久以前交易/statement (8).html",CSV|HTML,rec_d6e7eaa85e67a5d9b528|c_c33240102ea589a74aa3,False,SAME_MINUTE_TIMES_AND_ECONOMIC_FIELDS,0
dup_a183fdc08e15bb18,2,"DREA,補交易紀錄/Dream-每日100USD.csv|手動交易2024後策略較固定/2020含更久以前交易/statement (8).html",CSV|HTML,rec_b6432382bcb61ba7b5e8|c_2bc21d3de460cff4249b,False,SAME_MINUTE_TIMES_AND_ECONOMIC_FIELDS,0
dup_db8235136824f9c8,2,"DREA,補交易紀錄/Dream-每日100USD.csv|手動交易2024後策略較固定/2020含更久以前交易/statement (8).html",CSV|HTML,rec_e054a603e1acfc2237b8|c_8cd05bbbc76f54237f70,False,SAME_MINUTE_TIMES_AND_ECONOMIC_FIELDS,0
dup_8fb5f949c4f6d131,2,"DREA,補交易紀錄/Dream-每日100USD.csv|手動交易2024後策略較固定/2020含更久以前交易/statement (8).html",CSV|HTML,rec_856009aa9a9723fa9b18|c_aab902abf504aa9d12c8,False,SAME_MINUTE_TIMES_AND_ECONOMIC_FIELDS,0
dup_d09573470f0e1054,2,"DREA,補交易紀錄/Dream-每日100USD.csv|手動交易2024後策略較固定/2020含更久以前交易/statement (8).html",CSV|HTML,rec_3437cb1a977f51f72911|c_b8e770fa529839a61b99,False,SAME_MINUTE_TIMES_AND_ECONOMIC_FIELDS,0
dup_4599aada8445b89a,2,"DREA,補交易紀錄/Dream-每日100USD.csv|手動交易2024後策略較固定/2020含更久以前交易/statement (8).html",CSV|HTML,rec_f0d446bc3ff3d607ec02|c_19aace61f7771e81b187,False,SAME_MINUTE_TIMES_AND_ECONOMIC_FIELDS,0
dup_88da0a8d27befda6,2,"DREA,補交易紀錄/Dream-每日100USD.csv|手動交易2024後策略較固定/2020含更久以前交易/statement (8).html",CSV|HTML,rec_4e12cc5d32d37c673f50|c_2f1873c4feea9a08e3fe,False,SAME_MINUTE_TIMES_AND_ECONOMIC_FIELDS,0
dup_7e1665c3a781a3b3,2,"DREA,補交易紀錄/Dream-每日100USD.csv|手動交易2024後策略較固定/2020含更久以前交易/statement (8).html",CSV|HTML,rec_7976269557f5e20224a8|c_95e8961982fa781bcd49,False,SAME_MINUTE_TIMES_AND_ECONOMIC_FIELDS,0
dup_0803fe18177eb393,2,"DREA,補交易紀錄/Dream-每日100USD.csv|手動交易2024後策略較固定/2020含更久以前交易/statement (8).html",CSV|HTML,rec_8e7fc502b1fc29c5ea0d|c_ed0585812f5284030427,False,SAME_MINUTE_TIMES_AND_ECONOMIC_FIELDS,0
dup_abe19e96add33f34,2,"DREA,補交易紀錄/2020-02(10倍).csv|手動交易2024後策略較固定/2020含更久以前交易/statement (7).html",CSV|HTML,rec_c67ed1ec762c3f55d24b|c_926851cf7f76d49b60e7,False,SAME_MINUTE_TIMES_AND_ECONOMIC_FIELDS,0
dup_64b2ac5ec1fefad9,2,"DREA,補交易紀錄/2020-02(10倍).csv|手動交易2024後策略較固定/2020含更久以前交易/statement (7).html",CSV|HTML,rec_87d4ed3fbf1230270eb8|c_1a836863a2713184c907,False,SAME_MINUTE_TIMES_AND_ECONOMIC_FIELDS,0
dup_6ab41644deec3675,2,"DREA,補交易紀錄/2020-02(10倍).csv|手動交易2024後策略較固定/2020含更久以前交易/statement (7).html",CSV|HTML,rec_425be2e174f0e0589771|c_f1ca06ffb60b5cd3e746,False,SAME_MINUTE_TIMES_AND_ECONOMIC_FIELDS,0
dup_f715457f4eb54dc5,2,"DREA,補交易紀錄/2020-02(10倍).csv|手動交易2024後策略較固定/2020含更久以前交易/statement (7).html",CSV|HTML,rec_b736678a596a80ccaf64|c_0001b54e39dcf410fae1,False,SAME_MINUTE_TIMES_AND_ECONOMIC_FIELDS,0
dup_b1fc45455549c9cd,2,"DREA,補交易紀錄/2020-02(10倍).csv|手動交易2024後策略較固定/2020含更久以前交易/statement (7).html",CSV|HTML,rec_38e1646bf0db458cd621|c_3b994bbed03661ed3eca,False,SAME_MINUTE_TIMES_AND_ECONOMIC_FIELDS,0
dup_db5f64242b7377e3,2,"DREA,補交易紀錄/2020-02(10倍).csv|手動交易2024後策略較固定/2020含更久以前交易/statement (7).html",CSV|HTML,rec_6e0af3350c4fbb20e648|c_08007bddde267cf089c5,False,SAME_MINUTE_TIMES_AND_ECONOMIC_FIELDS,0
dup_43655dd8f28d18a7,2,"DREA,補交易紀錄/2020-02(10倍).csv|手動交易2024後策略較固定/2020含更久以前交易/statement (7).html",CSV|HTML,rec_f90a10648253dc50f949|c_0e095b79576c387bdc5d,False,SAME_MINUTE_TIMES_AND_ECONOMIC_FIELDS,0
dup_df8bd6b0e48b2e86,2,"DREA,補交易紀錄/2020-02(10倍).csv|手動交易2024後策略較固定/2020含更久以前交易/statement (7).html",CSV|HTML,rec_757b20ec2ec0394b93de|c_a1a8ddc228296f681f06,False,SAME_MINUTE_TIMES_AND_ECONOMIC_FIELDS,0
dup_9c4fa561eb036479,2,"DREA,補交易紀錄/2020-02(10倍).csv|手動交易2024後策略較固定/2020含更久以前交易/statement (7).html",CSV|HTML,rec_b6f734c15392bd0afd3d|c_c29475d26652a1e74695,False,SAME_MINUTE_TIMES_AND_ECONOMIC_FIELDS,0
dup_27d21f010fefb649,2,"DREA,補交易紀錄/2020-02(10倍).csv|手動交易2024後策略較固定/2020含更久以前交易/statement (7).html",CSV|HTML,rec_4332a250f56c8015a652|c_0755e599c0449692f862,False,SAME_MINUTE_TIMES_AND_ECONOMIC_FIELDS,0
dup_8b39e7f9b5c133e3,2,"DREA,補交易紀錄/2020-02(10倍).csv|手動交易2024後策略較固定/2020含更久以前交易/statement (7).html",CSV|HTML,rec_456248c6a2f9c3e048da|c_cd160d7bd66ab82a77c6,False,SAME_MINUTE_TIMES_AND_ECONOMIC_FIELDS,0
dup_476920b5b7a51290,2,"DREA,補交易紀錄/2020-02-4 6K(日) 最高+184.76%.csv|手動交易2024後策略較固定/2020含更久以前交易/statement (3).html",CSV|HTML,rec_7807f146bd1736972521|c_4d3381926e9af89a0457,False,SAME_MINUTE_TIMES_AND_ECONOMIC_FIELDS,0
dup_59e450be9e781877,2,"DREA,補交易紀錄/2020-02-4 6K(日) 最高+184.76%.csv|手動交易2024後策略較固定/2020含更久以前交易/statement (3).html",CSV|HTML,rec_89d9848d9f4231dbf33d|c_f2cd0c713688b5321e5c,False,SAME_MINUTE_TIMES_AND_ECONOMIC_FIELDS,0
dup_2531aebd528e2524,2,"DREA,補交易紀錄/2020-02-4 6K(日) 最高+184.76%.csv|手動交易2024後策略較固定/2020含更久以前交易/statement (3).html",CSV|HTML,rec_cf7db4ba835cb5c93a93|c_ee140128398bdb316e13,False,SAME_MINUTE_TIMES_AND_ECONOMIC_FIELDS,0
dup_b83e1df728e81f29,2,"DREA,補交易紀錄/2020-02-4 6K(日) 最高+184.76%.csv|手動交易2024後策略較固定/2020含更久以前交易/statement (3).html",CSV|HTML,rec_5bbdc68683d5f1574c66|c_12033f00bc599a02a74f,False,SAME_MINUTE_TIMES_AND_ECONOMIC_FIELDS,0
dup_2a68dda9a626f891,2,"DREA,補交易紀錄/2020-02-4 6K(日) 最高+184.76%.csv|手動交易2024後策略較固定/2020含更久以前交易/statement (3).html",CSV|HTML,rec_90b51a152a6b7692a74c|c_a96f41f35283ac8e8ad6,False,SAME_MINUTE_TIMES_AND_ECONOMIC_FIELDS,0
dup_6892f08f8bceda39,2,"DREA,補交易紀錄/2020-02-4 6K(日) 最高+184.76%.csv|手動交易2024後策略較固定/2020含更久以前交易/statement (3).html",CSV|HTML,rec_64ba1db7a07c61064ca8|c_18c319467ad5345b878f,False,SAME_MINUTE_TIMES_AND_ECONOMIC_FIELDS,0
dup_d305eb8ad5ca68f2,2,"DREA,補交易紀錄/2020-02-4 6K(日) 最高+184.76%.csv|手動交易2024後策略較固定/2020含更久以前交易/statement (3).html",CSV|HTML,rec_e392ee7996811b0c252f|c_d14253a9dbf2df88086a,False,SAME_MINUTE_TIMES_AND_ECONOMIC_FIELDS,0
dup_b659d6f4406a060d,2,"DREA,補交易紀錄/2020-02-4 6K(日) 最高+184.76%.csv|手動交易2024後策略較固定/2020含更久以前交易/statement (3).html",CSV|HTML,rec_9a94d2fb93531360a7f2|c_225934f8bb912bc47ae9,False,SAME_MINUTE_TIMES_AND_ECONOMIC_FIELDS,0
dup_12a0be02521e120a,2,"DREA,補交易紀錄/2020-02-4 6K(日) 最高+184.76%.csv|手動交易2024後策略較固定/2020含更久以前交易/statement (3).html",CSV|HTML,rec_ecde8e5ad144a0fb4153|c_9eb2a2f900a9570fb086,False,SAME_MINUTE_TIMES_AND_ECONOMIC_FIELDS,0
dup_69740cfa5bd37515,2,"DREA,補交易紀錄/2020-02-4 6K(日) 最高+184.76%.csv|手動交易2024後策略較固定/2020含更久以前交易/statement (3).html",CSV|HTML,rec_478cb8fb42e690bb3f48|c_6643d886405318278c12,False,SAME_MINUTE_TIMES_AND_ECONOMIC_FIELDS,0
dup_bbf45f8dd9537ed5,2,"DREA,補交易紀錄/2020-02-4 10倍 (日).csv|手動交易2024後策略較固定/2020含更久以前交易/statement (4).html",CSV|HTML,rec_570e51f9c8fb5ae2fcf9|c_82df2a9a0e44c7c84b60,False,SAME_MINUTE_TIMES_AND_ECONOMIC_FIELDS,0
dup_57f16c2b014eacbc,2,"DREA,補交易紀錄/2020-02-4 10倍 (日).csv|手動交易2024後策略較固定/2020含更久以前交易/statement (4).html",CSV|HTML,rec_81d5798069bd3b7ed3ad|c_8edd0e6b476a97493146,False,SAME_MINUTE_TIMES_AND_ECONOMIC_FIELDS,0
dup_198732c7330d2da2,2,"DREA,補交易紀錄/2020-02-4 10倍 (日).csv|手動交易2024後策略較固定/2020含更久以前交易/statement (4).html",CSV|HTML,rec_1bc59adacaa1525c13bf|c_d696233e95cf31a40301,False,SAME_MINUTE_TIMES_AND_ECONOMIC_FIELDS,0
dup_c2d36b32b5ea6aab,2,"DREA,補交易紀錄/2020-02-4 10倍 (日).csv|手動交易2024後策略較固定/2020含更久以前交易/statement (4).html",CSV|HTML,rec_e04b958f3699b33316d1|c_5ec029746cb3124ca049,False,SAME_MINUTE_TIMES_AND_ECONOMIC_FIELDS,0
dup_049b666f748a53f3,2,"DREA,補交易紀錄/2020-02-4 10倍 (日).csv|手動交易2024後策略較固定/2020含更久以前交易/statement (4).html",CSV|HTML,rec_f74b845d4d5652b9e5b7|c_1e359f7597dc537d37d8,False,SAME_MINUTE_TIMES_AND_ECONOMIC_FIELDS,0
dup_5e98590d2e386d3b,2,"DREA,補交易紀錄/2020-02-4 10倍 (日).csv|手動交易2024後策略較固定/2020含更久以前交易/statement (4).html",CSV|HTML,rec_149d4476cfa410c32fa7|c_392a3490bdd3b8a7d0a7,False,SAME_MINUTE_TIMES_AND_ECONOMIC_FIELDS,0
dup_3ba3e81ca6484c29,2,"DREA,補交易紀錄/2020-02(10倍).csv|手動交易2024後策略較固定/2020含更久以前交易/statement (7).html",CSV|HTML,rec_aad9676019746680f96e|c_7d12a848a83532d08c99,False,SAME_MINUTE_TIMES_AND_ECONOMIC_FIELDS,0
dup_4c9f9fd7ee4cc0c7,2,"DREA,補交易紀錄/2020-02 18倍.csv|手動交易2024後策略較固定/2020含更久以前交易/statement (5).html",CSV|HTML,rec_7087d40f766fc23705d9|c_f145f40125d222037fb2,False,SAME_MINUTE_TIMES_AND_ECONOMIC_FIELDS,0
dup_cd6223c0fa819f4c,2,"DREA,補交易紀錄/2020-02 18倍.csv|手動交易2024後策略較固定/2020含更久以前交易/statement (5).html",CSV|HTML,rec_c35c898b99188aba93e6|c_ef896f5f325d52d90af4,False,SAME_MINUTE_TIMES_AND_ECONOMIC_FIELDS,0
dup_52500821a1b4af7e,2,"DREA,補交易紀錄/2020-02 18倍.csv|手動交易2024後策略較固定/2020含更久以前交易/statement (5).html",CSV|HTML,rec_14cc6570931114c2200a|c_ce7d4258741508c2c7f1,False,SAME_MINUTE_TIMES_AND_ECONOMIC_FIELDS,0
dup_82754b5a77a764e0,2,"DREA,補交易紀錄/2020-02 18倍.csv|手動交易2024後策略較固定/2020含更久以前交易/statement (5).html",CSV|HTML,rec_ac26d17dda94e4679818|c_c08bb5c1a0f5777d6346,False,SAME_MINUTE_TIMES_AND_ECONOMIC_FIELDS,0
dup_fbc6b39162fa5bbe,2,"DREA,補交易紀錄/2020 Jim 20倍績效.csv|手動交易2024後策略較固定/其他/statement.html",CSV|HTML,rec_f058f1126c89390b454e|c_dbc4f9d266c90b52850b,False,SAME_MINUTE_TIMES_AND_ECONOMIC_FIELDS,0
dup_178e8ec00471e7be,2,"DREA,補交易紀錄/2020 Jim 20倍績效.csv|手動交易2024後策略較固定/其他/statement.html",CSV|HTML,rec_0c7f85fe1126e67ea5cc|c_3d89a70ca987bb6bbb86,False,SAME_MINUTE_TIMES_AND_ECONOMIC_FIELDS,0
dup_d9473b45550ee0c6,2,"DREA,補交易紀錄/2020 Jim 20倍績效.csv|手動交易2024後策略較固定/其他/statement.html",CSV|HTML,rec_a7b8ae1004813091b330|c_fabcbb54f94d60c9548e,False,SAME_MINUTE_TIMES_AND_ECONOMIC_FIELDS,0
dup_83604c3af24092ac,2,"DREA,補交易紀錄/dream 10月份高風險.csv|手動交易2024後策略較固定/2020含更久以前交易/statement (2).html",CSV|HTML,rec_795e615ef90915d14bfc|c_3080b4cd107d3ed83b7a,False,SAME_MINUTE_TIMES_AND_ECONOMIC_FIELDS,0
dup_a6e7638836e8b3aa,4,"DREA,補交易紀錄/dream 10月份高風險.csv|手動交易2024後策略較固定/2020含更久以前交易/statement (2).html",CSV|HTML,rec_d752615d68d41bc7307d|rec_ff8df905735a9edeeec2|c_3269c64ab4af2b0cf836|c_4d2b0eb238670aaf4489,False,SAME_MINUTE_TIMES_AND_ECONOMIC_FIELDS,0
dup_6ae13510989718b9,2,"DREA,補交易紀錄/dream 10月份高風險.csv|手動交易2024後策略較固定/2020含更久以前交易/statement (2).html",CSV|HTML,rec_63d83a66472d9c4a1736|c_5786f38c9317eff148a6,False,SAME_MINUTE_TIMES_AND_ECONOMIC_FIELDS,0
dup_9de2c9a66ba1061d,2,"DREA,補交易紀錄/dream 10月份高風險.csv|手動交易2024後策略較固定/2020含更久以前交易/statement (2).html",CSV|HTML,rec_8a1490935d744e0394c4|c_2710e5e90314bd83f0ea,False,SAME_MINUTE_TIMES_AND_ECONOMIC_FIELDS,0
dup_bbd437cccdb7ea95,2,"DREA,補交易紀錄/dream 10月份高風險.csv|手動交易2024後策略較固定/2020含更久以前交易/statement (2).html",CSV|HTML,rec_33ffa79dcf056d03ecf7|c_b1f283a3178ed5073597,False,SAME_MINUTE_TIMES_AND_ECONOMIC_FIELDS,0
dup_56c39e9bf0439448,2,"DREA,補交易紀錄/dream 10月份高風險.csv|手動交易2024後策略較固定/2020含更久以前交易/statement (2).html",CSV|HTML,rec_9630a1ae902c06916b30|c_322c1a4ebbee55472a1e,False,SAME_MINUTE_TIMES_AND_ECONOMIC_FIELDS,0
dup_adec596a21a94e6e,2,"DREA,補交易紀錄/dream 10月份高風險.csv|手動交易2024後策略較固定/2020含更久以前交易/statement (2).html",CSV|HTML,rec_3587b2101008a59e8a3c|c_f118c782ca47348bd252,False,SAME_MINUTE_TIMES_AND_ECONOMIC_FIELDS,0
dup_88f6b753e50ff61e,2,"DREA,補交易紀錄/dream 10月份高風險.csv|手動交易2024後策略較固定/2020含更久以前交易/statement (2).html",CSV|HTML,rec_f3c888237b006f4bcc24|c_babff14139bb8cf5329d,False,SAME_MINUTE_TIMES_AND_ECONOMIC_FIELDS,0
dup_a849952a54f1bbd2,2,"DREA,補交易紀錄/dream 10月份高風險.csv|手動交易2024後策略較固定/2020含更久以前交易/statement (2).html",CSV|HTML,rec_a53dfeb6b2a7f937f234|c_c11e2b5ca27b433aaebf,False,SAME_MINUTE_TIMES_AND_ECONOMIC_FIELDS,0
dup_a8df64e431e31b0c,2,"DREA,補交易紀錄/dream 10月份高風險.csv|手動交易2024後策略較固定/2020含更久以前交易/statement (2).html",CSV|HTML,rec_72783bef0468a04190c1|c_d477ac59f13676a9f3ab,False,SAME_MINUTE_TIMES_AND_ECONOMIC_FIELDS,0
dup_48b1d85a812cc10d,2,"DREA,補交易紀錄/dream 10月份高風險.csv|手動交易2024後策略較固定/2020含更久以前交易/statement (2).html",CSV|HTML,rec_3f065f5bb68f2ad6ca73|c_b5be41591e8958386bc2,False,SAME_MINUTE_TIMES_AND_ECONOMIC_FIELDS,0
dup_a1711c5f04ad46eb,2,"DREA,補交易紀錄/dream 10月份高風險.csv|手動交易2024後策略較固定/2020含更久以前交易/statement (2).html",CSV|HTML,rec_2c25dabe783ec017ee21|c_3489443e7a4f36a6fb80,False,SAME_MINUTE_TIMES_AND_ECONOMIC_FIELDS,0
dup_f7f818fa6f0c932b,2,"DREA,補交易紀錄/dream 10月份高風險.csv|手動交易2024後策略較固定/2020含更久以前交易/statement (2).html",CSV|HTML,rec_fdb0cdcd76dbda5c03ae|c_bff0f0c23b6cfdb10107,False,SAME_MINUTE_TIMES_AND_ECONOMIC_FIELDS,0
dup_1d230c1162237f2f,2,"DREA,補交易紀錄/dream 10月份高風險.csv|手動交易2024後策略較固定/2020含更久以前交易/statement (2).html",CSV|HTML,rec_f00eeee027ee048d10e6|c_dc397670e086637ec429,False,SAME_MINUTE_TIMES_AND_ECONOMIC_FIELDS,0
dup_a8328b6998277dfb,2,"DREA,補交易紀錄/dream 10月份高風險.csv|手動交易2024後策略較固定/2020含更久以前交易/statement (2).html",CSV|HTML,rec_7df1fa52387d9a2d25cb|c_487a51de8e614c38596a,False,SAME_MINUTE_TIMES_AND_ECONOMIC_FIELDS,0
dup_1bdec9186fbb2abc,2,"DREA,補交易紀錄/dream 10月份高風險.csv|手動交易2024後策略較固定/2020含更久以前交易/statement (2).html",CSV|HTML,rec_a76219c54f6018c17fb9|c_5a29bc7bc2533a48db3b,False,SAME_MINUTE_TIMES_AND_ECONOMIC_FIELDS,0
dup_564d67dc9a3c781c,2,"DREA,補交易紀錄/dream 10月份高風險.csv|手動交易2024後策略較固定/2020含更久以前交易/statement (2).html",CSV|HTML,rec_5f998de49cd15ddbbc3c|c_08075579ff6e8929d398,False,SAME_MINUTE_TIMES_AND_ECONOMIC_FIELDS,0
dup_19ae772cfa623800,2,"DREA,補交易紀錄/dream 10月份高風險.csv|手動交易2024後策略較固定/2020含更久以前交易/statement (2).html",CSV|HTML,rec_53d14a9474e3666c3ccf|c_5a0470565ae116c30dab,False,SAME_MINUTE_TIMES_AND_ECONOMIC_FIELDS,0
dup_e0f8eb3c43c1da25,2,"DREA,補交易紀錄/dream 10月份高風險.csv|手動交易2024後策略較固定/2020含更久以前交易/statement (2).html",CSV|HTML,rec_ad8901a78cfb8c8a45a6|c_7d0bfe670a50f3a774ad,False,SAME_MINUTE_TIMES_AND_ECONOMIC_FIELDS,0
dup_abe1f774095a7af2,2,"DREA,補交易紀錄/dream 10月份高風險.csv|手動交易2024後策略較固定/2020含更久以前交易/statement (2).html",CSV|HTML,rec_da9bf59c56fd8d069578|c_17e1402446e8196d3c89,False,SAME_MINUTE_TIMES_AND_ECONOMIC_FIELDS,0
dup_a68190ed54f43b16,2,"DREA,補交易紀錄/dream 10月份高風險.csv|手動交易2024後策略較固定/2020含更久以前交易/statement (2).html",CSV|HTML,rec_dc9e37acbc0115946838|c_35466349789b1a7a480d,False,SAME_MINUTE_TIMES_AND_ECONOMIC_FIELDS,0
dup_6259e5e196e0f84a,2,"DREA,補交易紀錄/dream 10月份高風險.csv|手動交易2024後策略較固定/2020含更久以前交易/statement (2).html",CSV|HTML,rec_f4b263b51b6018397d84|c_de51e59af0cd1f62e745,False,SAME_MINUTE_TIMES_AND_ECONOMIC_FIELDS,0
dup_efcedc4a4e8e0893,2,"DREA,補交易紀錄/dream 10月份高風險.csv|手動交易2024後策略較固定/2020含更久以前交易/statement (2).html",CSV|HTML,rec_4a3df7cb337a574ad4ba|c_0e3f99536db806fd2605,False,SAME_MINUTE_TIMES_AND_ECONOMIC_FIELDS,0
dup_31e423a554cf1a8e,2,"DREA,補交易紀錄/dream 10月份高風險.csv|手動交易2024後策略較固定/2020含更久以前交易/statement (2).html",CSV|HTML,rec_66dc430a329a716c6ed6|c_37569ec398d1d632f947,False,SAME_MINUTE_TIMES_AND_ECONOMIC_FIELDS,0
dup_7a5cf25156eb8949,4,"DREA,補交易紀錄/dream 10月份高風險.csv|手動交易2024後策略較固定/2020含更久以前交易/statement (2).html",CSV|HTML,rec_20acd4f48fef09bbe5e0|rec_2244c76489f85c1b5eb8|c_e9be0a6ac6c167fa38cc|c_fb13eaa36a1096288c14,False,SAME_MINUTE_TIMES_AND_ECONOMIC_FIELDS,0
dup_7de474e34a1bf25b,2,"DREA,補交易紀錄/dream 10月份高風險.csv|手動交易2024後策略較固定/2020含更久以前交易/statement (2).html",CSV|HTML,rec_feda69b2206a23f7a36d|c_26092675915c5bc5be9e,False,SAME_MINUTE_TIMES_AND_ECONOMIC_FIELDS,0
dup_b1468f005924171c,2,"DREA,補交易紀錄/dream 10月份高風險.csv|手動交易2024後策略較固定/2020含更久以前交易/statement (2).html",CSV|HTML,rec_4c2c28faa6196f4ca5ab|c_af7ea6cbdf01f45bb84b,False,SAME_MINUTE_TIMES_AND_ECONOMIC_FIELDS,0
dup_23b3523e3e476664,2,"DREA,補交易紀錄/dream 10月份高風險.csv|手動交易2024後策略較固定/2020含更久以前交易/statement (2).html",CSV|HTML,rec_8c082918cae6f24b254e|c_77d98461b3345974c0a9,False,SAME_MINUTE_TIMES_AND_ECONOMIC_FIELDS,0
dup_1b663c725d3b4683,4,"DREA,補交易紀錄/dream 10月份高風險.csv|手動交易2024後策略較固定/2020含更久以前交易/statement (2).html",CSV|HTML,rec_1b0e109aac6c31ba4abd|rec_be07d70f252865b46a0f|c_5a97c40212fc0157fea8|c_1dade7688a494d4c1487,False,SAME_MINUTE_TIMES_AND_ECONOMIC_FIELDS,0
dup_300ef550618794c0,2,"DREA,補交易紀錄/dream 10月份高風險.csv|手動交易2024後策略較固定/2020含更久以前交易/statement (2).html",CSV|HTML,rec_bf8e017d2ace7755716d|c_233b8bf3d3f66feb5b2b,False,SAME_MINUTE_TIMES_AND_ECONOMIC_FIELDS,0
dup_1e74c59b719b834e,2,"DREA,補交易紀錄/dream 10月份高風險.csv|手動交易2024後策略較固定/2020含更久以前交易/statement (2).html",CSV|HTML,rec_c613abf0a1e2ddbd7b10|c_f24d52b9c635fd33ed0f,False,SAME_MINUTE_TIMES_AND_ECONOMIC_FIELDS,0
dup_499d8e9e6a670023,2,"DREA,補交易紀錄/dream 10月份高風險.csv|手動交易2024後策略較固定/2020含更久以前交易/statement (2).html",CSV|HTML,rec_a71a7ce8f4c252dd5dae|c_02917df33502b9586cf8,False,SAME_MINUTE_TIMES_AND_ECONOMIC_FIELDS,0
dup_d99dd5bc5bcd6c8b,2,"DREA,補交易紀錄/dream 10月份高風險.csv|手動交易2024後策略較固定/2020含更久以前交易/statement (2).html",CSV|HTML,rec_2403669c9c4e1779c26d|c_f505a1344a7b0bd69b3c,False,SAME_MINUTE_TIMES_AND_ECONOMIC_FIELDS,0
dup_eed37747b27b5b2b,2,"DREA,補交易紀錄/dream 10月份高風險.csv|手動交易2024後策略較固定/2020含更久以前交易/statement (2).html",CSV|HTML,rec_362f8e221e2ebecaa4f9|c_2a6ab43cb3ae7042fe15,False,SAME_MINUTE_TIMES_AND_ECONOMIC_FIELDS,0
dup_79e66ac5f01c8033,2,"DREA,補交易紀錄/dream 10月份高風險.csv|手動交易2024後策略較固定/2020含更久以前交易/statement (2).html",CSV|HTML,rec_ef463a35a3c60f5d35ef|c_d027aef88fd7364da709,False,SAME_MINUTE_TIMES_AND_ECONOMIC_FIELDS,0
dup_610a84441bcd4cc0,2,"DREA,補交易紀錄/dream 10月份高風險.csv|手動交易2024後策略較固定/2020含更久以前交易/statement (2).html",CSV|HTML,rec_d9d28823dc100065ce54|c_6ea562c50c77018d0bc2,False,SAME_MINUTE_TIMES_AND_ECONOMIC_FIELDS,0
dup_254372bc6e49fa92,2,"DREA,補交易紀錄/dream 10月份高風險.csv|手動交易2024後策略較固定/2020含更久以前交易/statement (2).html",CSV|HTML,rec_785f20f896191812a361|c_735ebd0e19fcfbd14f98,False,SAME_MINUTE_TIMES_AND_ECONOMIC_FIELDS,0
dup_abc423e54aca7d51,2,"DREA,補交易紀錄/dream 10月份高風險.csv|手動交易2024後策略較固定/2020含更久以前交易/statement (2).html",CSV|HTML,rec_cb5bc4bb2ff9505df01a|c_30ba89bacd6432f5de62,False,SAME_MINUTE_TIMES_AND_ECONOMIC_FIELDS,0
dup_1f5d45e2d3ad7efb,2,"DREA,補交易紀錄/dream 10月份高風險.csv|手動交易2024後策略較固定/2020含更久以前交易/statement (2).html",CSV|HTML,rec_50e60242cc60446a9899|c_f45589b3e3156ce435d2,False,SAME_MINUTE_TIMES_AND_ECONOMIC_FIELDS,0
dup_23e8b98656a279fd,2,"DREA,補交易紀錄/dream 10月份高風險.csv|手動交易2024後策略較固定/2020含更久以前交易/statement (2).html",CSV|HTML,rec_c3420eda2fe06d8c045c|c_20405c9deef3a5655a97,False,SAME_MINUTE_TIMES_AND_ECONOMIC_FIELDS,0
dup_553832fa538a01d2,2,"DREA,補交易紀錄/dream 10月份高風險.csv|手動交易2024後策略較固定/2020含更久以前交易/statement (2).html",CSV|HTML,rec_997d69da40f3a57de517|c_bd7abbf09e6a27119a73,False,SAME_MINUTE_TIMES_AND_ECONOMIC_FIELDS,0
dup_22c04892765bf5c4,2,"DREA,補交易紀錄/dream 10月份高風險.csv|手動交易2024後策略較固定/2020含更久以前交易/statement (2).html",CSV|HTML,rec_225ac0806473054455cc|c_56137770497b121ce5c8,False,SAME_MINUTE_TIMES_AND_ECONOMIC_FIELDS,0
dup_ffdea89f3c80cc7c,2,"DREA,補交易紀錄/2020 Jim 20倍績效.csv|手動交易2024後策略較固定/其他/statement.html",CSV|HTML,rec_a631ad2f8103e437b0f7|c_d88c17e13d55aaaade08,False,SAME_MINUTE_TIMES_AND_ECONOMIC_FIELDS,0
dup_494f09a4b8738ba5,2,"DREA,補交易紀錄/2020 Jim 20倍績效.csv|手動交易2024後策略較固定/其他/statement.html",CSV|HTML,rec_b964f72fcf14c6f5f502|c_cb0291593d33b00972ee,False,SAME_MINUTE_TIMES_AND_ECONOMIC_FIELDS,0
dup_9f5815fa5249811e,2,"DREA,補交易紀錄/2020 Jim 20倍績效.csv|手動交易2024後策略較固定/其他/statement.html",CSV|HTML,rec_afc1b2222a341b0d08fb|c_4d3f022f7bcaded5175c,False,SAME_MINUTE_TIMES_AND_ECONOMIC_FIELDS,0
dup_916a33e308124a87,2,"DREA,補交易紀錄/2020 Jim 20倍績效.csv|手動交易2024後策略較固定/其他/statement.html",CSV|HTML,rec_7ac31e154191dbe390e3|c_c5756ff3d5bb229fee0d,False,SAME_MINUTE_TIMES_AND_ECONOMIC_FIELDS,0
dup_b3debaf4b7ac373a,2,"DREA,補交易紀錄/2020 Jim 20倍績效.csv|手動交易2024後策略較固定/其他/statement.html",CSV|HTML,rec_76d375605fa180119e48|c_ed06bc4008b75a76f2f1,False,SAME_MINUTE_TIMES_AND_ECONOMIC_FIELDS,0
dup_5f7915c406d4c9e3,2,"DREA,補交易紀錄/2020 Jim 20倍績效.csv|手動交易2024後策略較固定/其他/statement.html",CSV|HTML,rec_d14bbe99c9c722efde0b|c_2803c8efa63f14e28f80,False,SAME_MINUTE_TIMES_AND_ECONOMIC_FIELDS,0
dup_dcdef4e15c2cfe9d,2,"DREA,補交易紀錄/2020 Jim 20倍績效.csv|手動交易2024後策略較固定/其他/statement.html",CSV|HTML,rec_88997b6c47cba6631ec8|c_e2d0437fbf75e855c56f,False,SAME_MINUTE_TIMES_AND_ECONOMIC_FIELDS,0
dup_11fe6dc0021c95b3,2,"DREA,補交易紀錄/2020 Jim 20倍績效.csv|手動交易2024後策略較固定/其他/statement.html",CSV|HTML,rec_7b5aaa029f673d144750|c_27f2a7413efb1bce4ea5,False,SAME_MINUTE_TIMES_AND_ECONOMIC_FIELDS,0
dup_c557e7befe680055,2,"DREA,補交易紀錄/2020 Jim 20倍績效.csv|手動交易2024後策略較固定/其他/statement.html",CSV|HTML,rec_323565261aa5af732cac|c_26a6a7cfcd548a4d24d4,False,SAME_MINUTE_TIMES_AND_ECONOMIC_FIELDS,0
dup_bb65df4de234bbe6,2,"DREA,補交易紀錄/2020 Jim 20倍績效.csv|手動交易2024後策略較固定/其他/statement.html",CSV|HTML,rec_cbc08a3c0e62752b093e|c_7e49129b01d08e028bab,False,SAME_MINUTE_TIMES_AND_ECONOMIC_FIELDS,0
dup_21e676d6468d1d31,2,"DREA,補交易紀錄/dream 10月份高風險.csv|手動交易2024後策略較固定/2020含更久以前交易/statement (2).html",CSV|HTML,rec_afaab0e944bbb9311299|c_d6966680ac28e9ab42d1,False,SAME_MINUTE_TIMES_AND_ECONOMIC_FIELDS,0
dup_a0f58e811eb6020a,2,"DREA,補交易紀錄/2020 Jim 20倍績效.csv|手動交易2024後策略較固定/其他/statement.html",CSV|HTML,rec_2925e9dca179cec0ffde|c_a2696e81731689a78955,False,SAME_MINUTE_TIMES_AND_ECONOMIC_FIELDS,0
dup_d4b7a87e6166e0ab,2,"DREA,補交易紀錄/2020 Jim 20倍績效.csv|手動交易2024後策略較固定/其他/statement.html",CSV|HTML,rec_b05117bb1cd0b6480ba9|c_e6e95ebe4612d713b578,False,SAME_MINUTE_TIMES_AND_ECONOMIC_FIELDS,0
dup_f529d65d231a0339,2,"DREA,補交易紀錄/2020 Jim 20倍績效.csv|手動交易2024後策略較固定/其他/statement.html",CSV|HTML,rec_dd93d81dec741ff85dd1|c_a63af2a32e54e8978305,False,SAME_MINUTE_TIMES_AND_ECONOMIC_FIELDS,0
dup_4c67eed12985d81c,2,"DREA,補交易紀錄/2020 Jim 20倍績效.csv|手動交易2024後策略較固定/其他/statement.html",CSV|HTML,rec_dbcd4594389da931872b|c_504d033560b0b1a11911,False,SAME_MINUTE_TIMES_AND_ECONOMIC_FIELDS,0
dup_a43b0d3b2cedf995,2,"DREA,補交易紀錄/2020 Jim 20倍績效.csv|手動交易2024後策略較固定/其他/statement.html",CSV|HTML,rec_3d8a49b3cecde726ac7a|c_e783c9bea45180675537,False,SAME_MINUTE_TIMES_AND_ECONOMIC_FIELDS,0
dup_9c2bc65257ba1b6f,2,"DREA,補交易紀錄/2020 Jim 20倍績效.csv|手動交易2024後策略較固定/其他/statement.html",CSV|HTML,rec_d8734d80effdd0a6aceb|c_df54abe95776bf651dda,False,SAME_MINUTE_TIMES_AND_ECONOMIC_FIELDS,0
dup_18ca2225061cfd4f,2,"DREA,補交易紀錄/2020 Jim 20倍績效.csv|手動交易2024後策略較固定/其他/statement.html",CSV|HTML,rec_898d6d41473531a4a30b|c_e3103fd7645b06b7ef6b,False,SAME_MINUTE_TIMES_AND_ECONOMIC_FIELDS,0
dup_f4417751a98e8bff,2,"DREA,補交易紀錄/2020 Jim 20倍績效.csv|手動交易2024後策略較固定/其他/statement.html",CSV|HTML,rec_cb9e2ca4d3c6687d5fad|c_2fe062ed157310064e98,False,SAME_MINUTE_TIMES_AND_ECONOMIC_FIELDS,0
dup_b93b70c1595b8651,2,"DREA,補交易紀錄/2020 Jim 20倍績效.csv|手動交易2024後策略較固定/其他/statement.html",CSV|HTML,rec_da53c356ec3f4b01e3da|c_6c04a9b1b701b3bab37d,False,SAME_MINUTE_TIMES_AND_ECONOMIC_FIELDS,0
dup_8a9875c1b53a5d1c,2,"DREA,補交易紀錄/2020 Jim 20倍績效.csv|手動交易2024後策略較固定/其他/statement.html",CSV|HTML,rec_01822503f1587dfc2944|c_c20116de970e301cc750,False,SAME_MINUTE_TIMES_AND_ECONOMIC_FIELDS,0
dup_e12f74e3bcd840e4,2,"DREA,補交易紀錄/2020 Jim 20倍績效.csv|手動交易2024後策略較固定/其他/statement.html",CSV|HTML,rec_60a08488cf77c989f71d|c_ef7676b4b13f949483d6,False,SAME_MINUTE_TIMES_AND_ECONOMIC_FIELDS,0
dup_35ee66c721ec29d2,2,"DREA,補交易紀錄/2020 Jim 20倍績效.csv|手動交易2024後策略較固定/其他/statement.html",CSV|HTML,rec_12fcdf3e26c80e74dbe6|c_55b3a7275c4f9a27d04f,False,SAME_MINUTE_TIMES_AND_ECONOMIC_FIELDS,0
dup_65173aa6cb9ed114,2,"DREA,補交易紀錄/2020 Jim 20倍績效.csv|手動交易2024後策略較固定/其他/statement.html",CSV|HTML,rec_23b227dd98fe86cdd206|c_72b782915e31840a4860,False,SAME_MINUTE_TIMES_AND_ECONOMIC_FIELDS,0
dup_bf17de2412ef8dfa,2,"DREA,補交易紀錄/2020 Jim 20倍績效.csv|手動交易2024後策略較固定/其他/statement.html",CSV|HTML,rec_7b418b320a34357fdbfe|c_5a7d76ef263c47da67f1,False,SAME_MINUTE_TIMES_AND_ECONOMIC_FIELDS,0
dup_d263ecdb7af66688,2,"DREA,補交易紀錄/2020 Jim 20倍績效.csv|手動交易2024後策略較固定/其他/statement.html",CSV|HTML,rec_b58a08546e36c07ad678|c_26fa86351c42142758bb,False,SAME_MINUTE_TIMES_AND_ECONOMIC_FIELDS,0
dup_2728da522d83dacf,2,"DREA,補交易紀錄/2020 Jim 20倍績效.csv|手動交易2024後策略較固定/其他/statement.html",CSV|HTML,rec_77611172e4623328e787|c_a73284b024a6fcad05c9,False,SAME_MINUTE_TIMES_AND_ECONOMIC_FIELDS,0
dup_6a1e616eaaef4797,2,"DREA,補交易紀錄/2020 Jim 20倍績效.csv|手動交易2024後策略較固定/其他/statement.html",CSV|HTML,rec_34c08ee1d17659409754|c_f702e1514de1f22e3ad7,False,SAME_MINUTE_TIMES_AND_ECONOMIC_FIELDS,0
dup_4f45ee63e6ad8fe7,2,"DREA,補交易紀錄/2020 Jim 20倍績效.csv|手動交易2024後策略較固定/其他/statement.html",CSV|HTML,rec_2004473e0b65fdff1fad|c_7d56bfd5d8082b7bbc67,False,SAME_MINUTE_TIMES_AND_ECONOMIC_FIELDS,0
dup_56a5cbbb70ae3c61,2,"DREA,補交易紀錄/2020 Jim 20倍績效.csv|手動交易2024後策略較固定/其他/statement.html",CSV|HTML,rec_88d394b5922955f70bc8|c_adb6dde1cdaa85706bda,False,SAME_MINUTE_TIMES_AND_ECONOMIC_FIELDS,0
dup_5566096bc40eb901,2,"DREA,補交易紀錄/2020 Jim 20倍績效.csv|手動交易2024後策略較固定/其他/statement.html",CSV|HTML,rec_42f4c62f870556b2f9cb|c_187d21f1b077123fe482,False,SAME_MINUTE_TIMES_AND_ECONOMIC_FIELDS,0
dup_4caac7a700204d53,2,"DREA,補交易紀錄/2020 Jim 20倍績效.csv|手動交易2024後策略較固定/其他/statement.html",CSV|HTML,rec_9540a9e3616a70c778c1|c_4ddd9dfc79818d8e4753,False,SAME_MINUTE_TIMES_AND_ECONOMIC_FIELDS,0
dup_5e45bfb423819dfb,2,"DREA,補交易紀錄/2020 Jim 20倍績效.csv|手動交易2024後策略較固定/其他/statement.html",CSV|HTML,rec_dd6279bd9bcc335ddf18|c_8f60220feca7e3111ec5,False,SAME_MINUTE_TIMES_AND_ECONOMIC_FIELDS,0
dup_b761c72ddd82ab6a,2,"DREA,補交易紀錄/2020 Jim 20倍績效.csv|手動交易2024後策略較固定/其他/statement.html",CSV|HTML,rec_46530d383f60b0ee9b8a|c_be4e7987acad41da198f,False,SAME_MINUTE_TIMES_AND_ECONOMIC_FIELDS,0
dup_be1379dc086faf9e,2,"DREA,補交易紀錄/2020 Jim 20倍績效.csv|手動交易2024後策略較固定/其他/statement.html",CSV|HTML,rec_d322713a245d7e3f98d4|c_1e8c172dc180c832e995,False,SAME_MINUTE_TIMES_AND_ECONOMIC_FIELDS,0
dup_8e89bc449d4e90cc,2,"DREA,補交易紀錄/2020 Jim 20倍績效.csv|手動交易2024後策略較固定/其他/statement.html",CSV|HTML,rec_26a395f670a1213f717f|c_42eaaf0de66e60cd4e7f,False,SAME_MINUTE_TIMES_AND_ECONOMIC_FIELDS,0
dup_f845cd19b3e55c2a,2,"DREA,補交易紀錄/2020 Jim 20倍績效.csv|手動交易2024後策略較固定/其他/statement.html",CSV|HTML,rec_3e93919f44ceaf101cae|c_e478eae653aea88ed1e7,False,SAME_MINUTE_TIMES_AND_ECONOMIC_FIELDS,0
dup_a00c6aa8213164dc,2,"DREA,補交易紀錄/2020 Jim 20倍績效.csv|手動交易2024後策略較固定/其他/statement.html",CSV|HTML,rec_19e22538de171d1540dc|c_5761f38d0c59347471d5,False,SAME_MINUTE_TIMES_AND_ECONOMIC_FIELDS,0
dup_7ca850a9bda40b24,2,"DREA,補交易紀錄/2020 Jim 20倍績效.csv|手動交易2024後策略較固定/其他/statement.html",CSV|HTML,rec_f37adc9dfadcd2093156|c_809f477179c0fd1fbc2d,False,SAME_MINUTE_TIMES_AND_ECONOMIC_FIELDS,0
dup_9aad93025311d82a,2,"DREA,補交易紀錄/2020 Jim 20倍績效.csv|手動交易2024後策略較固定/其他/statement.html",CSV|HTML,rec_761d29123d1dc9eeff1a|c_f7d1a5cfd1d3b91a5b3d,False,SAME_MINUTE_TIMES_AND_ECONOMIC_FIELDS,0
dup_a88c3949edc0e93a,2,"DREA,補交易紀錄/2020 Jim 20倍績效.csv|手動交易2024後策略較固定/其他/statement.html",CSV|HTML,rec_bdc07053ee76c4912f73|c_d5efdc05d40c332e21f0,False,SAME_MINUTE_TIMES_AND_ECONOMIC_FIELDS,0
dup_4cf51cbf5af9123d,4,"DREA,補交易紀錄/dream 10月份高風險.csv|手動交易2024後策略較固定/2020含更久以前交易/statement (2).html",CSV|HTML,rec_b28ab985354c78127c2a|rec_d4d6267de0b665abe8e6|c_cf9a12ed7af7e5b6f1dd|c_9f3033767292798b59f5,False,SAME_MINUTE_TIMES_AND_ECONOMIC_FIELDS,0
dup_daee7015a581704c,2,"DREA,補交易紀錄/2020 Jim 20倍績效.csv|手動交易2024後策略較固定/其他/statement.html",CSV|HTML,rec_1275e6d326e58a0327a5|c_82136dbd7bb5f06279c0,False,SAME_MINUTE_TIMES_AND_ECONOMIC_FIELDS,0
dup_d360c49386b2e63e,2,"DREA,補交易紀錄/2020 Jim 20倍績效.csv|手動交易2024後策略較固定/其他/statement.html",CSV|HTML,rec_a344ce13f83be6bb53b6|c_4e2cb1634f5c8c7a85d6,False,SAME_MINUTE_TIMES_AND_ECONOMIC_FIELDS,0
dup_7a540cf7c94366ed,2,"DREA,補交易紀錄/2020 Jim 20倍績效.csv|手動交易2024後策略較固定/其他/statement.html",CSV|HTML,rec_b01fb6cca6ec1344d6c5|c_a76685950a56d44d8774,False,SAME_MINUTE_TIMES_AND_ECONOMIC_FIELDS,0
dup_675eb9f0210f6e37,2,"DREA,補交易紀錄/2020 Jim 20倍績效.csv|手動交易2024後策略較固定/其他/statement.html",CSV|HTML,rec_468e4b1c29fc871259b0|c_1d61cbbbb548c6f0cb5f,False,SAME_MINUTE_TIMES_AND_ECONOMIC_FIELDS,0
dup_a2476fb8e8389392,2,"DREA,補交易紀錄/2020 Jim 20倍績效.csv|手動交易2024後策略較固定/其他/statement.html",CSV|HTML,rec_f29ee1125b196d654ce5|c_e7e0d17516494356f299,False,SAME_MINUTE_TIMES_AND_ECONOMIC_FIELDS,0
dup_328bcbb7c3af0b57,2,"DREA,補交易紀錄/2020 Jim 20倍績效.csv|手動交易2024後策略較固定/其他/statement.html",CSV|HTML,rec_42baf8789f67b0736bff|c_4bfb34b95cee411d2c9b,False,SAME_MINUTE_TIMES_AND_ECONOMIC_FIELDS,0
dup_3161c01af32249e4,2,"DREA,補交易紀錄/2020 Jim 20倍績效.csv|手動交易2024後策略較固定/其他/statement.html",CSV|HTML,rec_5b6c5f2fd4132073cfa1|c_8524c0b0df4c123b9d60,False,SAME_MINUTE_TIMES_AND_ECONOMIC_FIELDS,0
dup_68c65cc84aca4e81,2,"DREA,補交易紀錄/2020 Jim 20倍績效.csv|手動交易2024後策略較固定/其他/statement.html",CSV|HTML,rec_5613f1bc02b3aef1a3b5|c_14e26bccdd29dbf779cf,False,SAME_MINUTE_TIMES_AND_ECONOMIC_FIELDS,0
dup_0f8743c1725c226c,2,"DREA,補交易紀錄/2020 Jim 20倍績效.csv|手動交易2024後策略較固定/其他/statement.html",CSV|HTML,rec_7d8d8ca327958b1492e0|c_1dd6100d9d5dfa66cea9,False,SAME_MINUTE_TIMES_AND_ECONOMIC_FIELDS,0
dup_d2d78b064b0df7a0,2,"DREA,補交易紀錄/2020 Jim 20倍績效.csv|手動交易2024後策略較固定/其他/statement.html",CSV|HTML,rec_c7adda84f9fdb8cc2543|c_7e1fcf67acd4df227d74,False,SAME_MINUTE_TIMES_AND_ECONOMIC_FIELDS,0
dup_9bf25b6005c55824,2,"DREA,補交易紀錄/2020 Jim 20倍績效.csv|手動交易2024後策略較固定/其他/statement.html",CSV|HTML,rec_fc6bac5edc20e664d8d5|c_528205bf24b5e86ba197,False,SAME_MINUTE_TIMES_AND_ECONOMIC_FIELDS,0
dup_6cacda869ed5b00d,2,"DREA,補交易紀錄/2020 Jim 20倍績效.csv|手動交易2024後策略較固定/其他/statement.html",CSV|HTML,rec_840420a57d68c98da6a2|c_f3bfeb59e4dc9aefaf62,False,SAME_MINUTE_TIMES_AND_ECONOMIC_FIELDS,0
dup_edeb1902f52820f0,2,"DREA,補交易紀錄/2020 Jim 20倍績效.csv|手動交易2024後策略較固定/其他/statement.html",CSV|HTML,rec_5642a4a9f6e39960716a|c_be0aba1a13ed3a286d1b,False,SAME_MINUTE_TIMES_AND_ECONOMIC_FIELDS,0
dup_90a122e2138d45d4,2,"DREA,補交易紀錄/2020 Jim 20倍績效.csv|手動交易2024後策略較固定/其他/statement.html",CSV|HTML,rec_fa42c1f2f554b6569736|c_23403193d1fd4b9f3dff,False,SAME_MINUTE_TIMES_AND_ECONOMIC_FIELDS,0
dup_b36991e9efa0bf64,2,"DREA,補交易紀錄/2020 Jim 20倍績效.csv|手動交易2024後策略較固定/其他/statement.html",CSV|HTML,rec_4dfecfb4278c1487f447|c_634c670f33ec4cbf3ff6,False,SAME_MINUTE_TIMES_AND_ECONOMIC_FIELDS,0
dup_3bcf708d2f25ef4a,2,"DREA,補交易紀錄/2020 Jim 20倍績效.csv|手動交易2024後策略較固定/其他/statement.html",CSV|HTML,rec_da8582c5e37062ffb908|c_cd2a80d9ddb07481c484,False,SAME_MINUTE_TIMES_AND_ECONOMIC_FIELDS,0
dup_8dba814bbcb88a02,4,"DREA,補交易紀錄/2020 Jim 20倍績效.csv|手動交易2024後策略較固定/其他/statement.html",CSV|HTML,rec_d39248555552dc488f32|rec_8d5e3b0ed1a85f01108a|c_bd15a33d22b2332be312|c_80a1e6cfbbad5bfff5c9,False,SAME_MINUTE_TIMES_AND_ECONOMIC_FIELDS,0
dup_7a0e02ee22d0fb83,2,"DREA,補交易紀錄/2020 Jim 20倍績效.csv|手動交易2024後策略較固定/其他/statement.html",CSV|HTML,rec_0846990ac795e8f4d127|c_d0cd035fb019c94b1bda,False,SAME_MINUTE_TIMES_AND_ECONOMIC_FIELDS,0
dup_80ffd61e7c828ff8,2,"DREA,補交易紀錄/dream 10月份高風險.csv|手動交易2024後策略較固定/2020含更久以前交易/statement (2).html",CSV|HTML,rec_a36160c8e17ff28876d5|c_c7b244fc71fc73f075b2,False,SAME_MINUTE_TIMES_AND_ECONOMIC_FIELDS,0
dup_df5067c329673879,2,"DREA,補交易紀錄/2020-12-7 手動 最高+1,592%.csv|手動交易2024後策略較固定/2020含更久以前交易/statement (1).html",CSV|HTML,rec_6e05d6fb9872abc15683|c_bb91bff49a54110b3358,False,SAME_MINUTE_TIMES_AND_ECONOMIC_FIELDS,0
dup_e937daf1d1d11c74,2,"DREA,補交易紀錄/2020-12-7 手動 最高+1,592%.csv|手動交易2024後策略較固定/2020含更久以前交易/statement (1).html",CSV|HTML,rec_4da4eed479467aaaf84c|c_a53c3a9aec8a62e47644,False,SAME_MINUTE_TIMES_AND_ECONOMIC_FIELDS,0
dup_3e28ed99a1d634af,2,"DREA,補交易紀錄/2020-12-7 手動 最高+1,592%.csv|手動交易2024後策略較固定/2020含更久以前交易/statement (1).html",CSV|HTML,rec_a58036faa590319155d8|c_37a30f6b568b7494ac42,False,SAME_MINUTE_TIMES_AND_ECONOMIC_FIELDS,0
dup_670723962a10e3d9,2,"DREA,補交易紀錄/2020-12-7 手動 最高+1,592%.csv|手動交易2024後策略較固定/2020含更久以前交易/statement (1).html",CSV|HTML,rec_d7048fdac38caf1b2bd6|c_5e7fe6a88d97cccc3e88,False,SAME_MINUTE_TIMES_AND_ECONOMIC_FIELDS,0
dup_57046a0e68e9ad7b,2,"DREA,補交易紀錄/2020-12-7 手動 最高+1,592%.csv|手動交易2024後策略較固定/2020含更久以前交易/statement (1).html",CSV|HTML,rec_9d5e5ff82e05df92e9d2|c_6872a51d3eca725688e6,False,SAME_MINUTE_TIMES_AND_ECONOMIC_FIELDS,0
dup_e179a9cc5b7b7f35,2,"DREA,補交易紀錄/2020-12-7 手動 最高+1,592%.csv|手動交易2024後策略較固定/2020含更久以前交易/statement (1).html",CSV|HTML,rec_5cc9eaebe41fc875c061|c_fad015dd5ddd0935c31f,False,SAME_MINUTE_TIMES_AND_ECONOMIC_FIELDS,0
dup_46cfc8caa94fc3cc,2,"DREA,補交易紀錄/2020-12-7 手動 最高+1,592%.csv|手動交易2024後策略較固定/2020含更久以前交易/statement (1).html",CSV|HTML,rec_a38f1f271426f1e58b7b|c_f718d45675ec29cf99bb,False,SAME_MINUTE_TIMES_AND_ECONOMIC_FIELDS,0
dup_f5514f39b30ea1a6,2,"DREA,補交易紀錄/2020-12-7 手動 最高+1,592%.csv|手動交易2024後策略較固定/2020含更久以前交易/statement (1).html",CSV|HTML,rec_b524beedc08ec2028c2f|c_ae94fa0d4adeb89a3af2,False,SAME_MINUTE_TIMES_AND_ECONOMIC_FIELDS,0
dup_98d27cf53ca3c2dd,2,"DREA,補交易紀錄/2020-12-7 手動 最高+1,592%.csv|手動交易2024後策略較固定/2020含更久以前交易/statement (1).html",CSV|HTML,rec_7b22240c960dcf8046c6|c_96fce0eee6afdaa95743,False,SAME_MINUTE_TIMES_AND_ECONOMIC_FIELDS,0
dup_6bbd15a67787c8f5,2,"DREA,補交易紀錄/2020-12-7 手動 最高+1,592%.csv|手動交易2024後策略較固定/2020含更久以前交易/statement (1).html",CSV|HTML,rec_56a89bc1b2c4a4a3a429|c_530f94516563578fbc6b,False,SAME_MINUTE_TIMES_AND_ECONOMIC_FIELDS,0
dup_0b59c075a6888056,2,"DREA,補交易紀錄/2020-12-7 手動 最高+1,592%.csv|手動交易2024後策略較固定/2020含更久以前交易/statement (1).html",CSV|HTML,rec_fea0f18e08164ea758d9|c_3e93a71bcd7c19c9420b,False,SAME_MINUTE_TIMES_AND_ECONOMIC_FIELDS,0
dup_6a5acc46d6424237,2,"DREA,補交易紀錄/2020-12-7 手動 最高+1,592%.csv|手動交易2024後策略較固定/2020含更久以前交易/statement (1).html",CSV|HTML,rec_63cb4bfd804bbf4f0ce3|c_16acc61888e6fd73cf88,False,SAME_MINUTE_TIMES_AND_ECONOMIC_FIELDS,0
dup_993b7ba6cd7406e1,2,"DREA,補交易紀錄/2020-12-7 手動 最高+1,592%.csv|手動交易2024後策略較固定/2020含更久以前交易/statement (1).html",CSV|HTML,rec_1ec0e6c866ccd9df9e4e|c_d8d17d97a2fc0ab30c7b,False,SAME_MINUTE_TIMES_AND_ECONOMIC_FIELDS,0
dup_a0416b98af8d243a,2,"DREA,補交易紀錄/2020-12-7 手動 最高+1,592%.csv|手動交易2024後策略較固定/2020含更久以前交易/statement (1).html",CSV|HTML,rec_7d94648afa32a93d6f88|c_dcf382cbbf5b218aa8dd,False,SAME_MINUTE_TIMES_AND_ECONOMIC_FIELDS,0
dup_370b3300dc9b0bce,2,"DREA,補交易紀錄/2020-12-7 手動 最高+1,592%.csv|手動交易2024後策略較固定/2020含更久以前交易/statement (1).html",CSV|HTML,rec_e2ee57483263e1e009c5|c_a6045fe3a97a5d9eff1a,False,SAME_MINUTE_TIMES_AND_ECONOMIC_FIELDS,0
dup_0872b56334937a3c,2,"DREA,補交易紀錄/2020-12-7 手動 最高+1,592%.csv|手動交易2024後策略較固定/2020含更久以前交易/statement (1).html",CSV|HTML,rec_4720ed5b22a45d268245|c_8a1bb0f1b0e7bb3b28ec,False,SAME_MINUTE_TIMES_AND_ECONOMIC_FIELDS,0
dup_9ae87bdaa35ed0dc,2,"2025/2021-2024/2021/statement (8).html|DREA,補交易紀錄/2021-01-27 挑戰 最高+389.08%.csv",CSV|HTML,rec_781ca41d9f4a4368dec5|c_0ec4acc14fc65f2e27a4,False,SAME_MINUTE_TIMES_AND_ECONOMIC_FIELDS,0
dup_bf64818752fefc4a,2,"2025/2021-2024/2021/statement (8).html|DREA,補交易紀錄/2021-01-27 挑戰 最高+389.08%.csv",CSV|HTML,rec_8caae0df3536bc0c56e6|c_139334883ca0f7d62d7c,False,SAME_MINUTE_TIMES_AND_ECONOMIC_FIELDS,0
dup_4c02cda99deca1c8,2,"2025/2021-2024/2021/statement (8).html|DREA,補交易紀錄/2021-01-27 挑戰 最高+389.08%.csv",CSV|HTML,rec_c0f41f6dcba632694257|c_020f648383263ecf5615,False,SAME_MINUTE_TIMES_AND_ECONOMIC_FIELDS,0
dup_7162bde8e5fcb809,2,"2025/2021-2024/2021/statement (8).html|DREA,補交易紀錄/2021-01-27 挑戰 最高+389.08%.csv",CSV|HTML,rec_0960723dcb050cacd84d|c_47431b338be49327f10d,False,SAME_MINUTE_TIMES_AND_ECONOMIC_FIELDS,0
dup_4219340012b2ec62,2,"2025/2021-2024/2021/statement (8).html|DREA,補交易紀錄/2021-01-27 挑戰 最高+389.08%.csv",CSV|HTML,rec_f2f1a623d276ffa19b1c|c_544d56c0ae15c031f4bd,False,SAME_MINUTE_TIMES_AND_ECONOMIC_FIELDS,0
dup_49666a59d21d7eff,2,"2025/2021-2024/2021/statement (8).html|DREA,補交易紀錄/2021-01-27 挑戰 最高+389.08%.csv",CSV|HTML,rec_99fe01b3e170ab5a8351|c_eaca749a903b1c0e9a24,False,SAME_MINUTE_TIMES_AND_ECONOMIC_FIELDS,0
dup_e2916f7c25e2da9b,2,"2025/2021-2024/2021/statement (8).html|DREA,補交易紀錄/2021-01-27 挑戰 最高+389.08%.csv",CSV|HTML,rec_8a52cba1ad4eea2b76fb|c_dd268d25f75694916c96,False,SAME_MINUTE_TIMES_AND_ECONOMIC_FIELDS,0
dup_ac6d8501441b6149,2,"2025/2021-2024/2021/statement (8).html|DREA,補交易紀錄/2021-01-27 挑戰 最高+389.08%.csv",CSV|HTML,rec_731b45af18028c5b8031|c_d40f42981e9b3815094c,False,SAME_MINUTE_TIMES_AND_ECONOMIC_FIELDS,0
dup_67b486f96ad553c0,2,"2025/2021-2024/2021/statement (8).html|DREA,補交易紀錄/2021-01-27 挑戰 最高+389.08%.csv",CSV|HTML,rec_321790f5c9ebf30f5bfd|c_32ebf83211acda9b6c72,False,SAME_MINUTE_TIMES_AND_ECONOMIC_FIELDS,0
dup_72273e4c2aa29f62,2,"2025/2021-2024/2021/statement (8).html|DREA,補交易紀錄/2021-01-27 挑戰 最高+389.08%.csv",CSV|HTML,rec_f0bccb2bd6a015d849ba|c_691dd61f51cd3ed3b5d2,False,SAME_MINUTE_TIMES_AND_ECONOMIC_FIELDS,0
dup_304e198f056c9595,2,"2025/2021-2024/2021/statement (8).html|DREA,補交易紀錄/2021-01-27 挑戰 最高+389.08%.csv",CSV|HTML,rec_b5e2719523c4c21d8062|c_117fcf1fcda2ccafd268,False,SAME_MINUTE_TIMES_AND_ECONOMIC_FIELDS,0
dup_9fb137fc88e45fd4,2,"2025/2021-2024/2021/statement (8).html|DREA,補交易紀錄/2021-01-27 挑戰 最高+389.08%.csv",CSV|HTML,rec_12c6093f6cbf54d8d90f|c_2b3cbf903cefe5246d08,False,SAME_MINUTE_TIMES_AND_ECONOMIC_FIELDS,0
dup_3f0264b575f73c5e,2,"2025/2021-2024/2021/statement (8).html|DREA,補交易紀錄/2021-01-27 挑戰 最高+389.08%.csv",CSV|HTML,rec_db5f2a52c714ed4be62f|c_5cdcf46292d6bf77afb9,False,SAME_MINUTE_TIMES_AND_ECONOMIC_FIELDS,0
dup_248ba9e0e6e23779,2,"2025/2021-2024/2021/statement (8).html|DREA,補交易紀錄/2021-01-27 挑戰 最高+389.08%.csv",CSV|HTML,rec_c7fd46b0b597eb569076|c_eee852e4aad3662efab4,False,SAME_MINUTE_TIMES_AND_ECONOMIC_FIELDS,0
dup_b6057213e1e442d1,2,"2025/2021-2024/2021/statement (8).html|DREA,補交易紀錄/2021-01-27 挑戰 最高+389.08%.csv",CSV|HTML,rec_b75bcfa399a2e53cb719|c_bae9b58755628834097c,False,SAME_MINUTE_TIMES_AND_ECONOMIC_FIELDS,0
dup_05e89222b1996c6d,2,"2025/2021-2024/2021/statement (8).html|DREA,補交易紀錄/2021-01-27 挑戰 最高+389.08%.csv",CSV|HTML,rec_3417c951f69b5bb7f52a|c_cf7b9201c464569654dd,False,SAME_MINUTE_TIMES_AND_ECONOMIC_FIELDS,0
dup_43f4f412b29fbf59,2,"2025/2021-2024/2021/statement (8).html|DREA,補交易紀錄/2021-01-27 挑戰 最高+389.08%.csv",CSV|HTML,rec_00b898ec6b2ab3feed06|c_70f4ece1603043694796,False,SAME_MINUTE_TIMES_AND_ECONOMIC_FIELDS,0
dup_62913665ec97fe4f,2,"2025/2021-2024/2021/statement (8).html|DREA,補交易紀錄/2021-01-27 挑戰 最高+389.08%.csv",CSV|HTML,rec_a1fb5f927310fec29c6f|c_46acf065e93c2a5d8bed,False,SAME_MINUTE_TIMES_AND_ECONOMIC_FIELDS,0
dup_3b61100e047b3bfa,2,"2025/2021-2024/2021/statement (8).html|DREA,補交易紀錄/2021-01-27 挑戰 最高+389.08%.csv",CSV|HTML,rec_8f60d2e3fbb87571fef8|c_57a4eabedd75b8364ff1,False,SAME_MINUTE_TIMES_AND_ECONOMIC_FIELDS,0
dup_4934e05266da54d1,2,"2025/2021-2024/2021/statement (8).html|DREA,補交易紀錄/2021-01-27 挑戰 最高+389.08%.csv",CSV|HTML,rec_d58bb5885373e16cc826|c_c752ce2b0f44306e477f,False,SAME_MINUTE_TIMES_AND_ECONOMIC_FIELDS,0
dup_fb5f89d7642f0ad3,2,"2025/2021-2024/2021/statement (8).html|DREA,補交易紀錄/2021-01-27 挑戰 最高+389.08%.csv",CSV|HTML,rec_5ee2850ab82166ba40c0|c_d2edbf49ae1a9edffed7,False,SAME_MINUTE_TIMES_AND_ECONOMIC_FIELDS,0
dup_d2de13a67341d561,2,"2025/2021-2024/2021/statement (8).html|DREA,補交易紀錄/2021-01-27 挑戰 最高+389.08%.csv",CSV|HTML,rec_ffe161225fadcd1f9df3|c_e53402bca91ae81758b2,False,SAME_MINUTE_TIMES_AND_ECONOMIC_FIELDS,0
dup_834deb99b39d881f,2,"2025/2021-2024/2021/statement (6).html|DREA,補交易紀錄/2021-05-07 (風控賺錢) Hantec 最高+518.78%.csv",CSV|HTML,rec_fdabf7f89d4f6b241897|c_31da114eca4eb74395c3,False,SAME_MINUTE_TIMES_AND_ECONOMIC_FIELDS,0
dup_c22e28157d6968b7,2,"2025/2021-2024/2021/statement (6).html|DREA,補交易紀錄/2021-05-07 (風控賺錢) Hantec 最高+518.78%.csv",CSV|HTML,rec_0efc2cca0b32963dc042|c_2f91b0d8268a7b36412b,False,SAME_MINUTE_TIMES_AND_ECONOMIC_FIELDS,0
dup_4bfec5fe6ee35a26,2,"2025/2021-2024/2021/statement (6).html|DREA,補交易紀錄/2021-05-07 (風控賺錢) Hantec 最高+518.78%.csv",CSV|HTML,rec_94c414d01452a1fc6e31|c_599915119d4d9966a536,False,SAME_MINUTE_TIMES_AND_ECONOMIC_FIELDS,0
dup_c13f362a028c8867,2,"2025/2021-2024/2021/statement (6).html|DREA,補交易紀錄/2021-05-07 (風控賺錢) Hantec 最高+518.78%.csv",CSV|HTML,rec_2a7a9720138ed5c65763|c_0f6aee2c82d3cc0c3d20,False,SAME_MINUTE_TIMES_AND_ECONOMIC_FIELDS,0
dup_1b86866a89f38de7,2,"2025/2021-2024/2021/statement (6).html|DREA,補交易紀錄/2021-05-07 (風控賺錢) Hantec 最高+518.78%.csv",CSV|HTML,rec_8c38fe0a54d02d7e7836|c_6f752c1c3534147c6d59,False,SAME_MINUTE_TIMES_AND_ECONOMIC_FIELDS,0
dup_0c3d79c6764b9a6b,2,"2025/2021-2024/2021/statement (6).html|DREA,補交易紀錄/2021-05-07 (風控賺錢) Hantec 最高+518.78%.csv",CSV|HTML,rec_871f8c90108dcc1e90f9|c_35055a54f3305ea3b211,False,SAME_MINUTE_TIMES_AND_ECONOMIC_FIELDS,0
dup_3e7632640e8b1a64,2,"2025/2021-2024/2021/statement (6).html|DREA,補交易紀錄/2021-05-07 (風控賺錢) Hantec 最高+518.78%.csv",CSV|HTML,rec_70e99b5afc6b131f401a|c_09d1f5f1c54d578dda22,False,SAME_MINUTE_TIMES_AND_ECONOMIC_FIELDS,0
dup_042405cd4e2c06c9,2,"2025/2021-2024/2021/statement (6).html|DREA,補交易紀錄/2021-05-07 (風控賺錢) Hantec 最高+518.78%.csv",CSV|HTML,rec_335ddac7406bb142ccc2|c_a42bcd8fa1256d6b6a0c,False,SAME_MINUTE_TIMES_AND_ECONOMIC_FIELDS,0
dup_36dc0ed35583eeae,2,"2025/2021-2024/2021/statement (6).html|DREA,補交易紀錄/2021-05-07 (風控賺錢) Hantec 最高+518.78%.csv",CSV|HTML,rec_8c4e673236e8826dd7f0|c_102efee24faf9c71e1f3,False,SAME_MINUTE_TIMES_AND_ECONOMIC_FIELDS,0
dup_dd918a84e84ae8f0,2,"2025/2021-2024/2021/statement (6).html|DREA,補交易紀錄/2021-05-07 (風控賺錢) Hantec 最高+518.78%.csv",CSV|HTML,rec_5f008e22ba17e9288a02|c_49d68968bf7e423e256e,False,SAME_MINUTE_TIMES_AND_ECONOMIC_FIELDS,0
dup_5a3b9ee7a2a5f9a0,2,"2025/2021-2024/2021/statement (6).html|DREA,補交易紀錄/2021-05-07 (風控賺錢) Hantec 最高+518.78%.csv",CSV|HTML,rec_491785a5d05d6b5e3ebb|c_d2887cc04329d29f8680,False,SAME_MINUTE_TIMES_AND_ECONOMIC_FIELDS,0
dup_0ef48137d877061b,2,"2025/2021-2024/2021/statement (6).html|DREA,補交易紀錄/2021-05-07 (風控賺錢) Hantec 最高+518.78%.csv",CSV|HTML,rec_167c331fa3b75f0d69af|c_9285a8b9a48d50e85b7e,False,SAME_MINUTE_TIMES_AND_ECONOMIC_FIELDS,0
dup_f5cd8cc2f9448315,2,"2025/2021-2024/2021/statement (6).html|DREA,補交易紀錄/2021-05-07 (風控賺錢) Hantec 最高+518.78%.csv",CSV|HTML,rec_d9ca5da75ef4e9b4e1e6|c_378e0cabed96f6ebab84,False,SAME_MINUTE_TIMES_AND_ECONOMIC_FIELDS,0
dup_b53dd575f33f245c,2,"2025/2021-2024/2021/statement (6).html|DREA,補交易紀錄/2021-05-07 (風控賺錢) Hantec 最高+518.78%.csv",CSV|HTML,rec_73edcf866a489b70aa8a|c_99bc9df329c424b89279,False,SAME_MINUTE_TIMES_AND_ECONOMIC_FIELDS,0
dup_0792c87269f7d600,2,"2025/2021-2024/2021/statement (6).html|DREA,補交易紀錄/2021-05-07 (風控賺錢) Hantec 最高+518.78%.csv",CSV|HTML,rec_5ecc9a135e974d0d8398|c_a608c8eb17c0341e611b,False,SAME_MINUTE_TIMES_AND_ECONOMIC_FIELDS,0
dup_9f5026ec604123f6,2,"2025/2021-2024/2021/statement (6).html|DREA,補交易紀錄/2021-05-07 (風控賺錢) Hantec 最高+518.78%.csv",CSV|HTML,rec_3bb0f9ae1d24a96b1c8b|c_1ad366cf0d37011d4c4e,False,SAME_MINUTE_TIMES_AND_ECONOMIC_FIELDS,0
dup_d64adfc559c4ba62,2,"2025/2021-2024/2021/statement (6).html|DREA,補交易紀錄/2021-05-07 (風控賺錢) Hantec 最高+518.78%.csv",CSV|HTML,rec_eee0b326c6b42e3acde5|c_921e767a6ad5c8f27b34,False,SAME_MINUTE_TIMES_AND_ECONOMIC_FIELDS,0
dup_ec9aed8e20853770,2,"2025/2021-2024/2021/statement (6).html|DREA,補交易紀錄/2021-05-07 (風控賺錢) Hantec 最高+518.78%.csv",CSV|HTML,rec_1b9e1ea3db51531ad496|c_9ccefa53739d1d6ab28a,False,SAME_MINUTE_TIMES_AND_ECONOMIC_FIELDS,0
dup_5c3b33591c8f9799,2,"2025/2021-2024/2021/statement (6).html|DREA,補交易紀錄/2021-05-07 (風控賺錢) Hantec 最高+518.78%.csv",CSV|HTML,rec_a54d30a4e0d0148d9050|c_6e519fbb2908620f9943,False,SAME_MINUTE_TIMES_AND_ECONOMIC_FIELDS,0
dup_ada3e0ee389095ac,2,"2025/2021-2024/2021/statement (6).html|DREA,補交易紀錄/2021-05-07 (風控賺錢) Hantec 最高+518.78%.csv",CSV|HTML,rec_9b5aa89b618fec2beb05|c_09e832dedd58b5049e65,False,SAME_MINUTE_TIMES_AND_ECONOMIC_FIELDS,0
dup_f5ca8a02c796a66b,2,"2025/2021-2024/2021/statement (6).html|DREA,補交易紀錄/2021-05-07 (風控賺錢) Hantec 最高+518.78%.csv",CSV|HTML,rec_e523861416783747ced9|c_a5512678e44e816a58a6,False,SAME_MINUTE_TIMES_AND_ECONOMIC_FIELDS,0
dup_858819cd4ac4875d,2,"2025/2021-2024/2021/statement (6).html|DREA,補交易紀錄/2021-05-07 (風控賺錢) Hantec 最高+518.78%.csv",CSV|HTML,rec_6c54093ea3fa15b1cfd9|c_7b57d7b48bb2a6309eab,False,SAME_MINUTE_TIMES_AND_ECONOMIC_FIELDS,0
dup_f73dcdbe137c2fbb,2,"2025/2021-2024/2021/statement (6).html|DREA,補交易紀錄/2021-05-07 (風控賺錢) Hantec 最高+518.78%.csv",CSV|HTML,rec_3de3aae29d1741a46307|c_fa43bfb53e6b912e4edf,False,SAME_MINUTE_TIMES_AND_ECONOMIC_FIELDS,0
dup_b726405dc82a22bf,2,"2025/2021-2024/2021/statement (6).html|DREA,補交易紀錄/2021-05-07 (風控賺錢) Hantec 最高+518.78%.csv",CSV|HTML,rec_2649ace442511dd9a250|c_d9b95a9ffb6d3e8b607d,False,SAME_MINUTE_TIMES_AND_ECONOMIC_FIELDS,0
dup_d586fdc43af30542,2,"2025/2021-2024/2021/statement (6).html|DREA,補交易紀錄/2021-05-07 (風控賺錢) Hantec 最高+518.78%.csv",CSV|HTML,rec_d34fe0a1d8bd1d030131|c_e90fc8d25ec7816c29cc,False,SAME_MINUTE_TIMES_AND_ECONOMIC_FIELDS,0
dup_97fac145295e2703,2,"2025/2021-2024/2021/statement (6).html|DREA,補交易紀錄/2021-05-07 (風控賺錢) Hantec 最高+518.78%.csv",CSV|HTML,rec_90eb996bc333bbfcb031|c_1e279f8f0c66e41d2ec9,False,SAME_MINUTE_TIMES_AND_ECONOMIC_FIELDS,0
dup_ce3d2a198b864007,2,"2025/2021-2024/2021/statement (6).html|DREA,補交易紀錄/2021-05-07 (風控賺錢) Hantec 最高+518.78%.csv",CSV|HTML,rec_ae491e174ea039adb8c7|c_89e8ab969c470168691b,False,SAME_MINUTE_TIMES_AND_ECONOMIC_FIELDS,0
dup_85b0d285c5fd138b,2,"2025/2021-2024/2021/statement (6).html|DREA,補交易紀錄/2021-05-07 (風控賺錢) Hantec 最高+518.78%.csv",CSV|HTML,rec_701b2217ecd25d9fbf46|c_64c2c1f8e3ad90d57f77,False,SAME_MINUTE_TIMES_AND_ECONOMIC_FIELDS,0
dup_bf7bdde79ba8da39,2,"2025/2021-2024/2021/statement (6).html|DREA,補交易紀錄/2021-05-07 (風控賺錢) Hantec 最高+518.78%.csv",CSV|HTML,rec_cb6376363a88dfe068c2|c_1682da1374660db428d6,False,SAME_MINUTE_TIMES_AND_ECONOMIC_FIELDS,0
dup_79a8ec1f837ee9bd,2,"2025/2021-2024/2021/statement (6).html|DREA,補交易紀錄/2021-05-07 (風控賺錢) Hantec 最高+518.78%.csv",CSV|HTML,rec_0b8ba5ffa615fdde05fe|c_81a79b15a0a088125654,False,SAME_MINUTE_TIMES_AND_ECONOMIC_FIELDS,0
dup_0eed3eaa39c01587,2,"2025/2021-2024/2021/statement (6).html|DREA,補交易紀錄/2021-05-07 (風控賺錢) Hantec 最高+518.78%.csv",CSV|HTML,rec_3520414dc6fcbc13a33b|c_668c513e330884bf2c67,False,SAME_MINUTE_TIMES_AND_ECONOMIC_FIELDS,0
dup_00f46549c0aa051e,2,"2025/2021-2024/2021/statement (6).html|DREA,補交易紀錄/2021-05-07 (風控賺錢) Hantec 最高+518.78%.csv",CSV|HTML,rec_bd10be95e81df429bb70|c_6078f597f37c4f6f6170,False,SAME_MINUTE_TIMES_AND_ECONOMIC_FIELDS,0
dup_1d7977c0a90d35ea,2,"2025/2021-2024/2021/statement (6).html|DREA,補交易紀錄/2021-05-07 (風控賺錢) Hantec 最高+518.78%.csv",CSV|HTML,rec_2eb4ada89d94645ee331|c_59e05df4d1354655c4e8,False,SAME_MINUTE_TIMES_AND_ECONOMIC_FIELDS,0
dup_7435bd76604756d3,2,"2025/2021-2024/2021/statement (6).html|DREA,補交易紀錄/2021-05-07 (風控賺錢) Hantec 最高+518.78%.csv",CSV|HTML,rec_9e6c0df5ff315b261ef1|c_d2e4ef40f335ebb05778,False,SAME_MINUTE_TIMES_AND_ECONOMIC_FIELDS,0
dup_f838cbd908836e8a,2,"2025/2021-2024/2021/statement (6).html|DREA,補交易紀錄/2021-05-07 (風控賺錢) Hantec 最高+518.78%.csv",CSV|HTML,rec_772900bdaf756b453c30|c_5f60b26497539e82ae1a,False,SAME_MINUTE_TIMES_AND_ECONOMIC_FIELDS,0
dup_4f16d84ac9b50b6b,2,"2025/2021-2024/2021/statement (6).html|DREA,補交易紀錄/2021-05-07 (風控賺錢) Hantec 最高+518.78%.csv",CSV|HTML,rec_922d305329b99cc4b3c8|c_55f930171cbfb720dcf5,False,SAME_MINUTE_TIMES_AND_ECONOMIC_FIELDS,0
dup_adbf17830b14d959,2,"2025/2021-2024/2021/statement (6).html|DREA,補交易紀錄/2021-05-07 (風控賺錢) Hantec 最高+518.78%.csv",CSV|HTML,rec_d5f4f977f47d0295faa6|c_19c115d201130581f52a,False,SAME_MINUTE_TIMES_AND_ECONOMIC_FIELDS,0
dup_016f319d68e7b564,2,"2025/2021-2024/2021/statement (6).html|DREA,補交易紀錄/2021-05-07 (風控賺錢) Hantec 最高+518.78%.csv",CSV|HTML,rec_2011d145f10a20cdc4c6|c_5b4cc2570143930ad9b6,False,SAME_MINUTE_TIMES_AND_ECONOMIC_FIELDS,0
dup_f2f3df791282df74,2,"2025/2021-2024/2021/statement (6).html|DREA,補交易紀錄/2021-05-07 (風控賺錢) Hantec 最高+518.78%.csv",CSV|HTML,rec_0bc4dfdc9034c99ab9ab|c_b8fde0e636546e464521,False,SAME_MINUTE_TIMES_AND_ECONOMIC_FIELDS,0
dup_8e63b28fcfbd0566,2,"2025/2021-2024/2021/statement (6).html|DREA,補交易紀錄/2021-05-07 (風控賺錢) Hantec 最高+518.78%.csv",CSV|HTML,rec_16282f74e7bc0bc81685|c_3e1f37773eb83f235500,False,SAME_MINUTE_TIMES_AND_ECONOMIC_FIELDS,0
dup_d7f87a72ff41757e,2,"2025/2021-2024/2021/statement (6).html|DREA,補交易紀錄/2021-05-07 (風控賺錢) Hantec 最高+518.78%.csv",CSV|HTML,rec_af38a99619aea28fc650|c_0a47d8ccaa377f45cdc3,False,SAME_MINUTE_TIMES_AND_ECONOMIC_FIELDS,0
dup_d54da076adeacfa3,2,"2025/2021-2024/2021/statement (6).html|DREA,補交易紀錄/2021-05-07 (風控賺錢) Hantec 最高+518.78%.csv",CSV|HTML,rec_337df85e557b69f41f43|c_df5dfee78b84295455bd,False,SAME_MINUTE_TIMES_AND_ECONOMIC_FIELDS,0
dup_560d0539c41768ab,2,"2025/2021-2024/2021/statement (6).html|DREA,補交易紀錄/2021-05-07 (風控賺錢) Hantec 最高+518.78%.csv",CSV|HTML,rec_af0a7ba237a55e0d1d02|c_1b1141f64766b01aa956,False,SAME_MINUTE_TIMES_AND_ECONOMIC_FIELDS,0
dup_25fc88ecaa90df70,2,"2025/2021-2024/2021/statement (6).html|DREA,補交易紀錄/2021-05-07 (風控賺錢) Hantec 最高+518.78%.csv",CSV|HTML,rec_3656afee7caf822536dc|c_cd1260c4105428b38baf,False,SAME_MINUTE_TIMES_AND_ECONOMIC_FIELDS,0
dup_098f3f8dd385aad0,2,"2025/2021-2024/2021/statement (6).html|DREA,補交易紀錄/2021-05-07 (風控賺錢) Hantec 最高+518.78%.csv",CSV|HTML,rec_c9e0f819cc94b72da3f5|c_90743da2b4fa59ee988a,False,SAME_MINUTE_TIMES_AND_ECONOMIC_FIELDS,0
dup_79ba0c8a916074cc,2,"2025/2021-2024/2021/statement (6).html|DREA,補交易紀錄/2021-05-07 (風控賺錢) Hantec 最高+518.78%.csv",CSV|HTML,rec_c04635dbeccb32ae42a0|c_3f8bd63d918201111786,False,SAME_MINUTE_TIMES_AND_ECONOMIC_FIELDS,0
dup_87142268e55857cc,2,"2025/2021-2024/2021/statement (6).html|DREA,補交易紀錄/2021-05-07 (風控賺錢) Hantec 最高+518.78%.csv",CSV|HTML,rec_119ea5c7dac01824fa62|c_96fd7dfce56e17244370,False,SAME_MINUTE_TIMES_AND_ECONOMIC_FIELDS,0
dup_1d0b471aed4775e1,2,"2025/2021-2024/2021/statement (6).html|DREA,補交易紀錄/2021-05-07 (風控賺錢) Hantec 最高+518.78%.csv",CSV|HTML,rec_7d4def2463cb14e0683f|c_3f489d6ea923bba22b98,False,SAME_MINUTE_TIMES_AND_ECONOMIC_FIELDS,0
dup_83d1585f7001c47c,2,"2025/2021-2024/2021/statement (6).html|DREA,補交易紀錄/2021-05-07 (風控賺錢) Hantec 最高+518.78%.csv",CSV|HTML,rec_c6cb0aba6b67c7d48205|c_08c0f72fc2a73971a1c5,False,SAME_MINUTE_TIMES_AND_ECONOMIC_FIELDS,0
dup_98a15cb7dac2a0c7,2,"2025/2021-2024/2021/statement (6).html|DREA,補交易紀錄/2021-05-07 (風控賺錢) Hantec 最高+518.78%.csv",CSV|HTML,rec_7c85ce6891fd7ffaefef|c_43499ca146c435277244,False,SAME_MINUTE_TIMES_AND_ECONOMIC_FIELDS,0
dup_1941834bff7955bb,2,"2025/2021-2024/2021/statement (6).html|DREA,補交易紀錄/2021-05-07 (風控賺錢) Hantec 最高+518.78%.csv",CSV|HTML,rec_727bb897fcc47ea5c4ee|c_1f0db4d862522eaf5b93,False,SAME_MINUTE_TIMES_AND_ECONOMIC_FIELDS,0
dup_d919e2e513be7f7d,2,"2025/2021-2024/2021/statement (6).html|DREA,補交易紀錄/2021-05-07 (風控賺錢) Hantec 最高+518.78%.csv",CSV|HTML,rec_bcf205c7fbaf31b73ab5|c_11aa1a336794ab543e24,False,SAME_MINUTE_TIMES_AND_ECONOMIC_FIELDS,0
dup_8b0cf9b4592b1f6f,2,"2025/2021-2024/2021/statement (6).html|DREA,補交易紀錄/2021-05-07 (風控賺錢) Hantec 最高+518.78%.csv",CSV|HTML,rec_4cc6ba43a14ccd0466f5|c_8ff169d873e5d22502cd,False,SAME_MINUTE_TIMES_AND_ECONOMIC_FIELDS,0
dup_348f7fdb9d9367be,2,"2025/2021-2024/2021/statement (6).html|DREA,補交易紀錄/2021-05-07 (風控賺錢) Hantec 最高+518.78%.csv",CSV|HTML,rec_ef5984a9ac2077306d53|c_58e020854def38d58080,False,SAME_MINUTE_TIMES_AND_ECONOMIC_FIELDS,0
dup_d51cf32ce2b134af,2,"2025/2021-2024/2021/statement (6).html|DREA,補交易紀錄/2021-05-07 (風控賺錢) Hantec 最高+518.78%.csv",CSV|HTML,rec_7db59727dec62b69b89d|c_684ac8118c11ee4d8059,False,SAME_MINUTE_TIMES_AND_ECONOMIC_FIELDS,0
dup_5eff9659d8dc347c,2,"2025/2021-2024/2021/statement (6).html|DREA,補交易紀錄/2021-05-07 (風控賺錢) Hantec 最高+518.78%.csv",CSV|HTML,rec_c167cea35b78a38ea6b1|c_1cdd41068863f5c6212b,False,SAME_MINUTE_TIMES_AND_ECONOMIC_FIELDS,0
dup_9b54384b3ab16dc8,2,"2025/2021-2024/2021/statement (6).html|DREA,補交易紀錄/2021-05-07 (風控賺錢) Hantec 最高+518.78%.csv",CSV|HTML,rec_984cb7970cc9aeaf3bc1|c_cd081f05f5e93b903e5f,False,SAME_MINUTE_TIMES_AND_ECONOMIC_FIELDS,0
dup_77ed489e38cad495,2,"2025/2021-2024/2021/statement (6).html|DREA,補交易紀錄/2021-05-07 (風控賺錢) Hantec 最高+518.78%.csv",CSV|HTML,rec_8e9f25154e970dabaa6c|c_6c6accc2de582f129f9d,False,SAME_MINUTE_TIMES_AND_ECONOMIC_FIELDS,0
dup_1ed8abe903b73f7e,2,"2025/2021-2024/2021/statement (6).html|DREA,補交易紀錄/2021-05-07 (風控賺錢) Hantec 最高+518.78%.csv",CSV|HTML,rec_d34796d5cd4994767838|c_ef9b055c40e57a8a6bec,False,SAME_MINUTE_TIMES_AND_ECONOMIC_FIELDS,0
dup_c1810e7e2ec56563,2,"2025/2021-2024/2021/statement (6).html|DREA,補交易紀錄/2021-05-07 (風控賺錢) Hantec 最高+518.78%.csv",CSV|HTML,rec_c46a2ebf6427c3261b9c|c_9e4c4f00e197a8c17995,False,SAME_MINUTE_TIMES_AND_ECONOMIC_FIELDS,0
dup_e74ce0a1c32d9a5b,2,"2025/2021-2024/2021/statement (6).html|DREA,補交易紀錄/2021-05-07 (風控賺錢) Hantec 最高+518.78%.csv",CSV|HTML,rec_d881bbec9bdf91d40fba|c_b4ac32f693c73010ffcd,False,SAME_MINUTE_TIMES_AND_ECONOMIC_FIELDS,0
dup_c8240169a79eeaf1,2,"2025/2021-2024/2021/statement (6).html|DREA,補交易紀錄/2021-05-07 (風控賺錢) Hantec 最高+518.78%.csv",CSV|HTML,rec_1435baa99ae0495d4203|c_2f0b67bb5fc18bce8be9,False,SAME_MINUTE_TIMES_AND_ECONOMIC_FIELDS,0
dup_14bff7831a2e942b,2,"2025/2021-2024/2021/statement (6).html|DREA,補交易紀錄/2021-05-07 (風控賺錢) Hantec 最高+518.78%.csv",CSV|HTML,rec_47245b95f4bf22070f56|c_a93eaccab5478d31bfe6,False,SAME_MINUTE_TIMES_AND_ECONOMIC_FIELDS,0
dup_cda35fac5e2740c6,2,"2025/2021-2024/2021/statement (6).html|DREA,補交易紀錄/2021-05-07 (風控賺錢) Hantec 最高+518.78%.csv",CSV|HTML,rec_b9ad1dd268c41d131cea|c_b4a283db5288c04a02a6,False,SAME_MINUTE_TIMES_AND_ECONOMIC_FIELDS,0
dup_f887bb7b87639131,2,"2025/2021-2024/2021/statement (6).html|DREA,補交易紀錄/2021-05-07 (風控賺錢) Hantec 最高+518.78%.csv",CSV|HTML,rec_cb6f51a8b7dfc6c58e04|c_fdf671b635a5c5e32662,False,SAME_MINUTE_TIMES_AND_ECONOMIC_FIELDS,0
dup_5c3a15d81f9ca3fc,2,"2025/2021-2024/2021/statement (6).html|DREA,補交易紀錄/2021-05-07 (風控賺錢) Hantec 最高+518.78%.csv",CSV|HTML,rec_a6bbe0bcf0eceab5e2af|c_10d249c7290b2e9639c7,False,SAME_MINUTE_TIMES_AND_ECONOMIC_FIELDS,0
dup_aa425cc64fc7faba,2,"2025/2021-2024/2021/statement (6).html|DREA,補交易紀錄/2021-05-07 (風控賺錢) Hantec 最高+518.78%.csv",CSV|HTML,rec_7e6960fd79cbb3839af4|c_8f1f83fcf46ec0e292a9,False,SAME_MINUTE_TIMES_AND_ECONOMIC_FIELDS,0
dup_d79f13c2c4cd0197,2,"2025/2021-2024/2021/statement (6).html|DREA,補交易紀錄/2021-05-07 (風控賺錢) Hantec 最高+518.78%.csv",CSV|HTML,rec_17889a8f6393f2dd5574|c_6c3c331aaa34f9afb234,False,SAME_MINUTE_TIMES_AND_ECONOMIC_FIELDS,0
dup_fbafcde43df2d0d5,2,"2025/2021-2024/2021/statement (6).html|DREA,補交易紀錄/2021-05-07 (風控賺錢) Hantec 最高+518.78%.csv",CSV|HTML,rec_8b47c5dbdafd35c9ee7c|c_325c8da77a6bb15ab215,False,SAME_MINUTE_TIMES_AND_ECONOMIC_FIELDS,0
dup_96a145b4d9819632,2,"2025/2021-2024/2021/statement (6).html|DREA,補交易紀錄/2021-05-07 (風控賺錢) Hantec 最高+518.78%.csv",CSV|HTML,rec_6ed29338494b1f96a323|c_5d53f3149aadb5651f2e,False,SAME_MINUTE_TIMES_AND_ECONOMIC_FIELDS,0
dup_172bdfd5fe296ecf,2,"2025/2021-2024/2021/statement (5).html|DREA,補交易紀錄/2021-05-19 風控小賺 最高+10,505%.csv",CSV|HTML,rec_9cce7f9a1596cc5bd590|c_db23f10cb9f843e935ed,False,SAME_MINUTE_TIMES_AND_ECONOMIC_FIELDS,0
dup_4b23d3115bd7eaf2,2,"2025/2021-2024/2021/statement (5).html|DREA,補交易紀錄/2021-05-19 風控小賺 最高+10,505%.csv",CSV|HTML,rec_b1289a00d02fa57a15a9|c_570710b0a6a73f751b34,False,SAME_MINUTE_TIMES_AND_ECONOMIC_FIELDS,0
dup_22f6af3b56f37bf9,2,"2025/2021-2024/2021/statement (5).html|DREA,補交易紀錄/2021-05-19 風控小賺 最高+10,505%.csv",CSV|HTML,rec_340b951f283cc81d63a2|c_4d86766456e5bca7f0a2,False,SAME_MINUTE_TIMES_AND_ECONOMIC_FIELDS,0
dup_2a8695ab7a750611,2,"2025/2021-2024/2021/statement (5).html|DREA,補交易紀錄/2021-05-19 風控小賺 最高+10,505%.csv",CSV|HTML,rec_671009e5f1e3a3fe6c76|c_c959c991b595d68162e1,False,SAME_MINUTE_TIMES_AND_ECONOMIC_FIELDS,0
dup_257282b24ce6f1b5,2,"2025/2021-2024/2021/statement (5).html|DREA,補交易紀錄/2021-05-19 風控小賺 最高+10,505%.csv",CSV|HTML,rec_72261c2011db51b85748|c_ce41d8a8602c9daa9c5e,False,SAME_MINUTE_TIMES_AND_ECONOMIC_FIELDS,0
dup_2c2654c50fc08a93,2,"2025/2021-2024/2021/statement (5).html|DREA,補交易紀錄/2021-05-19 風控小賺 最高+10,505%.csv",CSV|HTML,rec_083788f2b3a05359db25|c_846c6be9a7fd5b219d99,False,SAME_MINUTE_TIMES_AND_ECONOMIC_FIELDS,0
dup_fce44760e7488d2b,2,"2025/2021-2024/2021/statement (5).html|DREA,補交易紀錄/2021-05-19 風控小賺 最高+10,505%.csv",CSV|HTML,rec_0da4ba70e2a05c38d65b|c_7f78c2d53163b7c38250,False,SAME_MINUTE_TIMES_AND_ECONOMIC_FIELDS,0
dup_5089400a801316ff,2,"2025/2021-2024/2021/statement (7).html|DREA,補交易紀錄/2021-06-11 3K初始 最高+773.7%.csv",CSV|HTML,rec_48b739ab8887fc234ded|c_af8a8b675633a1ef5dae,False,SAME_MINUTE_TIMES_AND_ECONOMIC_FIELDS,0
dup_fe24638f3bd4d6dd,2,"2025/2021-2024/2021/statement (7).html|DREA,補交易紀錄/2021-06-11 3K初始 最高+773.7%.csv",CSV|HTML,rec_f30322366aa33daa52df|c_639ef91f03610dd6d461,False,SAME_MINUTE_TIMES_AND_ECONOMIC_FIELDS,0
dup_a8e536157d83f987,2,"2025/2021-2024/2021/statement (7).html|DREA,補交易紀錄/2021-06-11 3K初始 最高+773.7%.csv",CSV|HTML,rec_4778e8b256f832decc34|c_dea58b44847768be25bd,False,SAME_MINUTE_TIMES_AND_ECONOMIC_FIELDS,0
dup_f3177cf37a21a321,2,"2025/2021-2024/2021/statement (7).html|DREA,補交易紀錄/2021-06-11 3K初始 最高+773.7%.csv",CSV|HTML,rec_fd54c33fe3e3aa9d49c6|c_0397a01f471ce6135927,False,SAME_MINUTE_TIMES_AND_ECONOMIC_FIELDS,0
dup_59838be713a5fa4f,2,"2025/2021-2024/2021/statement (7).html|DREA,補交易紀錄/2021-06-11 3K初始 最高+773.7%.csv",CSV|HTML,rec_a6b79b5cc24011b19f49|c_0f9343cbcaa535842dbd,False,SAME_MINUTE_TIMES_AND_ECONOMIC_FIELDS,0
dup_624db20de754a037,2,"2025/2021-2024/2021/statement (7).html|DREA,補交易紀錄/2021-06-11 3K初始 最高+773.7%.csv",CSV|HTML,rec_9dfae3af5155cfd3f75e|c_fcb8e809361329c8cd6e,False,SAME_MINUTE_TIMES_AND_ECONOMIC_FIELDS,0
dup_fb67375546d29dfa,2,"2025/2021-2024/2021/statement (7).html|DREA,補交易紀錄/2021-06-11 3K初始 最高+773.7%.csv",CSV|HTML,rec_898f478c02c334c5a92d|c_05cd20e64ea8a5a2aad9,False,SAME_MINUTE_TIMES_AND_ECONOMIC_FIELDS,0
dup_5275ae5cbd16f8c0,2,"2025/2021-2024/2021/statement (7).html|DREA,補交易紀錄/2021-06-11 3K初始 最高+773.7%.csv",CSV|HTML,rec_a343e58691613ffba947|c_0e12208787a63623de5a,False,SAME_MINUTE_TIMES_AND_ECONOMIC_FIELDS,0
dup_4ca9cc6faae513d0,2,"2025/2021-2024/2021/statement (7).html|DREA,補交易紀錄/2021-06-11 3K初始 最高+773.7%.csv",CSV|HTML,rec_7bd7acb34cee5f92627a|c_e078027b26462d5b6f28,False,SAME_MINUTE_TIMES_AND_ECONOMIC_FIELDS,0
dup_68f4ef7d6eff8682,2,"2025/2021-2024/2021/statement (2).html|DREA,補交易紀錄/2021-11-20 1萬 最高+1,087.27%.csv",CSV|HTML,rec_f86a6dfa00a213e3437d|c_3d16fde2c03c708734d0,False,SAME_MINUTE_TIMES_AND_ECONOMIC_FIELDS,0
dup_bf17036c1a4e827a,2,"2025/2021-2024/2021/statement (2).html|DREA,補交易紀錄/2021-11-20 1萬 最高+1,087.27%.csv",CSV|HTML,rec_8461d5948aea37bbd5cf|c_e03a4430fe2b7e46a488,False,SAME_MINUTE_TIMES_AND_ECONOMIC_FIELDS,0
dup_d590bbbd0667dcbc,2,"2025/2021-2024/2021/statement (2).html|DREA,補交易紀錄/2021-11-20 1萬 最高+1,087.27%.csv",CSV|HTML,rec_349062a68ad466966cae|c_4a2f3d1e8d8b89877ca4,False,SAME_MINUTE_TIMES_AND_ECONOMIC_FIELDS,0
dup_d5dce0f9e511e08e,2,"2025/2021-2024/2021/statement (2).html|DREA,補交易紀錄/2021-11-20 1萬 最高+1,087.27%.csv",CSV|HTML,rec_9e9f053f2048ef3fb769|c_5a5090a15f1f562422e0,False,SAME_MINUTE_TIMES_AND_ECONOMIC_FIELDS,0
dup_6fb6ada3d22d20d9,2,"2025/2021-2024/2021/statement (2).html|DREA,補交易紀錄/2021-11-20 1萬 最高+1,087.27%.csv",CSV|HTML,rec_4913c7a5191114e07ba5|c_6d27ac2df3c939813498,False,SAME_MINUTE_TIMES_AND_ECONOMIC_FIELDS,0
dup_051fc0d2cfe74001,2,"2025/2021-2024/2021/statement (2).html|DREA,補交易紀錄/2021-11-20 1萬 最高+1,087.27%.csv",CSV|HTML,rec_9e05fef0c3d88e1abf87|c_3c1c6738d4c4ee1b6981,False,SAME_MINUTE_TIMES_AND_ECONOMIC_FIELDS,0
dup_a9a639441f5de91f,2,"2025/2021-2024/2021/statement (2).html|DREA,補交易紀錄/2021-11-20 1萬 最高+1,087.27%.csv",CSV|HTML,rec_f9d823a1831aa8fccbd9|c_01c6d172a965de5db035,False,SAME_MINUTE_TIMES_AND_ECONOMIC_FIELDS,0
dup_d8dce3719c410f2b,2,"2025/2021-2024/2021/statement (4).html|DREA,補交易紀錄/2021-09-20 大資金 18萬 217%.csv",CSV|HTML,rec_0e4e55e576c54ce04fdf|c_3bb855c19bef4495ab43,False,SAME_MINUTE_TIMES_AND_ECONOMIC_FIELDS,0
dup_8df092dc7ae177c9,2,"2025/2021-2024/2021/statement (4).html|DREA,補交易紀錄/2021-09-20 大資金 18萬 217%.csv",CSV|HTML,rec_3fc538ede550e03724f3|c_ed6f43652d0ac86b56e1,False,SAME_MINUTE_TIMES_AND_ECONOMIC_FIELDS,0
dup_d12de0c2994b18d3,2,"2025/2021-2024/2021/statement (4).html|DREA,補交易紀錄/2021-09-20 大資金 18萬 217%.csv",CSV|HTML,rec_19ae3a408d69ab91b6a5|c_ea3fe5b886d499d31a89,False,SAME_MINUTE_TIMES_AND_ECONOMIC_FIELDS,0
dup_d4e9b3101b106d16,2,"2025/2021-2024/2021/statement (4).html|DREA,補交易紀錄/2021-09-20 大資金 18萬 217%.csv",CSV|HTML,rec_d63e52906e93a86fc7a9|c_b90cc361f2d2f6c64a61,False,SAME_MINUTE_TIMES_AND_ECONOMIC_FIELDS,0
dup_fdb486d15f07ac01,2,"2025/2021-2024/2021/statement (4).html|DREA,補交易紀錄/2021-09-20 大資金 18萬 217%.csv",CSV|HTML,rec_f723cc7af68ce2ba0d07|c_184ccd4261da400f7720,False,SAME_MINUTE_TIMES_AND_ECONOMIC_FIELDS,0
dup_8968ef37a35955dd,2,"2025/2021-2024/2021/statement (4).html|DREA,補交易紀錄/2021-09-20 大資金 18萬 217%.csv",CSV|HTML,rec_000f2f5763f97540788f|c_d42793eb8613bba6887e,False,SAME_MINUTE_TIMES_AND_ECONOMIC_FIELDS,0
dup_e9f360b584934e64,2,"2025/2021-2024/2021/statement (4).html|DREA,補交易紀錄/2021-09-20 大資金 18萬 217%.csv",CSV|HTML,rec_63cf6e7d5c4fcaa79195|c_c5a44123c44a642b6ef5,False,SAME_MINUTE_TIMES_AND_ECONOMIC_FIELDS,0
dup_bd1f4f986a92aa8f,2,"2025/2021-2024/2021/statement (1).html|DREA,補交易紀錄/2021-09-29 賺1萬-2 最高+955.85%.csv",CSV|HTML,rec_7ec3cfc832a0ee893db5|c_964558ad74637b67b6fa,False,SAME_MINUTE_TIMES_AND_ECONOMIC_FIELDS,0
dup_bdd08da92648d473,2,"2025/2021-2024/2021/statement (2).html|DREA,補交易紀錄/2021-11-20 1萬 最高+1,087.27%.csv",CSV|HTML,rec_b5d9984aa6d822a0fc51|c_413a22fabcae5ed3c281,False,SAME_MINUTE_TIMES_AND_ECONOMIC_FIELDS,0
dup_b3def200fb5e4d50,2,"2025/2021-2024/2021/statement (1).html|DREA,補交易紀錄/2021-09-29 賺1萬-2 最高+955.85%.csv",CSV|HTML,rec_ff24a93db3ff165682cb|c_8419523c7cb7fcd9ce4e,False,SAME_MINUTE_TIMES_AND_ECONOMIC_FIELDS,0
dup_2b565b272032a15f,2,"2025/2021-2024/2021/statement (2).html|DREA,補交易紀錄/2021-11-20 1萬 最高+1,087.27%.csv",CSV|HTML,rec_56ac55a108c639426f19|c_e10aa372231c86ea587b,False,SAME_MINUTE_TIMES_AND_ECONOMIC_FIELDS,0
dup_123b476b4aa3eee1,2,"2025/2021-2024/2021/statement (1).html|DREA,補交易紀錄/2021-09-29 賺1萬-2 最高+955.85%.csv",CSV|HTML,rec_1eca1184b1a89cfe213e|c_ea4f27983b629f1f4260,False,SAME_MINUTE_TIMES_AND_ECONOMIC_FIELDS,0
dup_be2e029d2d9b805e,2,"2025/2021-2024/2021/statement (2).html|DREA,補交易紀錄/2021-11-20 1萬 最高+1,087.27%.csv",CSV|HTML,rec_1f4c834afb4b29c78c58|c_378332f27132c208d4b1,False,SAME_MINUTE_TIMES_AND_ECONOMIC_FIELDS,0
dup_79193dd287f9945e,2,"2025/2021-2024/2021/statement (2).html|DREA,補交易紀錄/2021-11-20 1萬 最高+1,087.27%.csv",CSV|HTML,rec_91d34cb7239a40454200|c_8f5f161553faded107ae,False,SAME_MINUTE_TIMES_AND_ECONOMIC_FIELDS,0
dup_df90d58f8091340b,2,"2025/2021-2024/2021/statement (2).html|DREA,補交易紀錄/2021-11-20 1萬 最高+1,087.27%.csv",CSV|HTML,rec_0d0150a415a583af6733|c_9d26b2b4d377112e28df,False,SAME_MINUTE_TIMES_AND_ECONOMIC_FIELDS,0
dup_f7f855f5d6cedf86,2,"2025/2021-2024/2021/statement (1).html|DREA,補交易紀錄/2021-09-29 賺1萬-2 最高+955.85%.csv",CSV|HTML,rec_1c24271a95b720e1f0dd|c_3a759692eb5c871fd275,False,SAME_MINUTE_TIMES_AND_ECONOMIC_FIELDS,0
dup_40f95df06e8b50a0,2,"2025/2021-2024/2021/statement (2).html|DREA,補交易紀錄/2021-11-20 1萬 最高+1,087.27%.csv",CSV|HTML,rec_f33d0309a56145efed16|c_bc0fba2a565eac98e331,False,SAME_MINUTE_TIMES_AND_ECONOMIC_FIELDS,0
dup_a86b8a709b7daf80,2,"2025/2021-2024/2021/statement (4).html|DREA,補交易紀錄/2021-09-20 大資金 18萬 217%.csv",CSV|HTML,rec_ee517448b9503ca2e151|c_885cdb4ef145b00284eb,False,SAME_MINUTE_TIMES_AND_ECONOMIC_FIELDS,0
dup_976a901c76446d8e,2,"2025/2021-2024/2021/statement (1).html|DREA,補交易紀錄/2021-09-29 賺1萬-2 最高+955.85%.csv",CSV|HTML,rec_3933b956db206f058067|c_fab774e90673ea778057,False,SAME_MINUTE_TIMES_AND_ECONOMIC_FIELDS,0
dup_fa5960a23ae718b2,2,"2025/2021-2024/2021/statement (4).html|DREA,補交易紀錄/2021-09-20 大資金 18萬 217%.csv",CSV|HTML,rec_bc512f1c409c68741d39|c_1b691f22a53c063421dd,False,SAME_MINUTE_TIMES_AND_ECONOMIC_FIELDS,0
dup_9c1b46b2e4af0586,2,"2025/2021-2024/2021/statement (1).html|DREA,補交易紀錄/2021-09-29 賺1萬-2 最高+955.85%.csv",CSV|HTML,rec_02f9ba74c5942e606e92|c_9112d6d0d87515358753,False,SAME_MINUTE_TIMES_AND_ECONOMIC_FIELDS,0
dup_d1851ead979565fb,2,"2025/2021-2024/2021/statement (2).html|DREA,補交易紀錄/2021-11-20 1萬 最高+1,087.27%.csv",CSV|HTML,rec_f1b7e41a236927d5f5bd|c_630f756376ca55273399,False,SAME_MINUTE_TIMES_AND_ECONOMIC_FIELDS,0
dup_10e47144ce39f913,2,"2025/2021-2024/2021/statement (4).html|DREA,補交易紀錄/2021-09-20 大資金 18萬 217%.csv",CSV|HTML,rec_7a11ba90b1c4fe29f853|c_b01359614ec9c18b7eeb,False,SAME_MINUTE_TIMES_AND_ECONOMIC_FIELDS,0
dup_276c96249fa936c7,2,"2025/2021-2024/2021/statement (4).html|DREA,補交易紀錄/2021-09-20 大資金 18萬 217%.csv",CSV|HTML,rec_fc9f6dc3a5868ac28263|c_ae681c46215c7ffce6ee,False,SAME_MINUTE_TIMES_AND_ECONOMIC_FIELDS,0
dup_832d92fae0af536e,2,"2025/2021-2024/2021/statement (4).html|DREA,補交易紀錄/2021-09-20 大資金 18萬 217%.csv",CSV|HTML,rec_e0db9ec4619db3fa5fe8|c_038670391facb2fc166c,False,SAME_MINUTE_TIMES_AND_ECONOMIC_FIELDS,0
dup_b6b644d9412e5b11,2,"2025/2021-2024/2021/statement (4).html|DREA,補交易紀錄/2021-09-20 大資金 18萬 217%.csv",CSV|HTML,rec_6d8ea4e72525848fcbe7|c_2c0bea8c7493f13c0650,False,SAME_MINUTE_TIMES_AND_ECONOMIC_FIELDS,0
dup_1602ec297784a8f1,2,"2025/2021-2024/2021/statement (2).html|DREA,補交易紀錄/2021-11-20 1萬 最高+1,087.27%.csv",CSV|HTML,rec_84f7111594e8b19b8883|c_c508ceabc93a4e128836,False,SAME_MINUTE_TIMES_AND_ECONOMIC_FIELDS,0
dup_8ad909fb74d3d91f,2,"2025/2021-2024/2021/statement (2).html|DREA,補交易紀錄/2021-11-20 1萬 最高+1,087.27%.csv",CSV|HTML,rec_373f6866dff47bf4e244|c_f219214b8ac9693f55d7,False,SAME_MINUTE_TIMES_AND_ECONOMIC_FIELDS,0
dup_b55b99f5c3b57f05,2,"2025/2021-2024/2021/statement (4).html|DREA,補交易紀錄/2021-09-20 大資金 18萬 217%.csv",CSV|HTML,rec_d1ea8bd4161fedacddf1|c_a881221d3e644bad02ce,False,SAME_MINUTE_TIMES_AND_ECONOMIC_FIELDS,0
dup_f43099df5fac505b,2,"2025/2021-2024/2021/statement (4).html|DREA,補交易紀錄/2021-09-20 大資金 18萬 217%.csv",CSV|HTML,rec_6206b896b5735ce6d3c2|c_75639d79d868d4612022,False,SAME_MINUTE_TIMES_AND_ECONOMIC_FIELDS,0
dup_d8b02e9aefbf7574,2,"2025/2021-2024/2021/statement (4).html|DREA,補交易紀錄/2021-09-20 大資金 18萬 217%.csv",CSV|HTML,rec_f2643fe87fe179728a20|c_3f22e10fa76a436744be,False,SAME_MINUTE_TIMES_AND_ECONOMIC_FIELDS,0
dup_8e7256a786d4d904,2,"2025/2021-2024/2021/statement (2).html|DREA,補交易紀錄/2021-11-20 1萬 最高+1,087.27%.csv",CSV|HTML,rec_c8d6c433b64cb544826c|c_67ff47c28e1ebe050b74,False,SAME_MINUTE_TIMES_AND_ECONOMIC_FIELDS,0
dup_ac92e65c0f857a9e,2,"2025/2021-2024/2021/statement (4).html|DREA,補交易紀錄/2021-09-20 大資金 18萬 217%.csv",CSV|HTML,rec_72da48a9bcef37eec947|c_e8fbbf3c9e7bc6bbf3d9,False,SAME_MINUTE_TIMES_AND_ECONOMIC_FIELDS,0
dup_027e8845746f3aa6,2,"2025/2021-2024/2021/statement (2).html|DREA,補交易紀錄/2021-11-20 1萬 最高+1,087.27%.csv",CSV|HTML,rec_af9ef4d1e4f2fc77947f|c_4b5d2dd9b1df71d3275a,False,SAME_MINUTE_TIMES_AND_ECONOMIC_FIELDS,0
dup_7307e33f417fb84c,2,"2025/2021-2024/2021/statement (1).html|DREA,補交易紀錄/2021-09-29 賺1萬-2 最高+955.85%.csv",CSV|HTML,rec_2fd82ec90b0b6fc3f85d|c_95e9e0b04a4689fbfb75,False,SAME_MINUTE_TIMES_AND_ECONOMIC_FIELDS,0
dup_c57cbb9ab9c8ef5a,2,"2025/2021-2024/2021/statement (4).html|DREA,補交易紀錄/2021-09-20 大資金 18萬 217%.csv",CSV|HTML,rec_7cf30658ae4e3f09dbf2|c_7681371dcbcf51a748a7,False,SAME_MINUTE_TIMES_AND_ECONOMIC_FIELDS,0
dup_6a0755f94e98d3be,2,"2025/2021-2024/2021/statement (4).html|DREA,補交易紀錄/2021-09-20 大資金 18萬 217%.csv",CSV|HTML,rec_272eb7eb7bfefbe74704|c_375822b5c619e4ad07a4,False,SAME_MINUTE_TIMES_AND_ECONOMIC_FIELDS,0
dup_32028dff3e9c4f81,2,"2025/2021-2024/2021/statement (1).html|DREA,補交易紀錄/2021-09-29 賺1萬-2 最高+955.85%.csv",CSV|HTML,rec_e46a4cfd6a86e644403a|c_096eea1ddd8d87d726df,False,SAME_MINUTE_TIMES_AND_ECONOMIC_FIELDS,0
dup_c6422f5d6f32eb22,2,"2025/2021-2024/2021/statement (2).html|DREA,補交易紀錄/2021-11-20 1萬 最高+1,087.27%.csv",CSV|HTML,rec_43b19e2521fe3dc7dfca|c_17cc69af3469b31a76ec,False,SAME_MINUTE_TIMES_AND_ECONOMIC_FIELDS,0
dup_a866cd8ff488c19a,2,"2025/2021-2024/2021/statement (4).html|DREA,補交易紀錄/2021-09-20 大資金 18萬 217%.csv",CSV|HTML,rec_b834aaf18b259a38c385|c_cc84fcb7fd9be02961a6,False,SAME_MINUTE_TIMES_AND_ECONOMIC_FIELDS,0
dup_c22d64a87fc186b0,2,"2025/2021-2024/2021/statement (1).html|DREA,補交易紀錄/2021-09-29 賺1萬-2 最高+955.85%.csv",CSV|HTML,rec_318a575bfc3c208421db|c_16f0471e8b42edf662f5,False,SAME_MINUTE_TIMES_AND_ECONOMIC_FIELDS,0
dup_af7c267582a09973,2,"2025/2021-2024/2021/statement (2).html|DREA,補交易紀錄/2021-11-20 1萬 最高+1,087.27%.csv",CSV|HTML,rec_0a8b535aa0450bc60fd7|c_42529000e6ea5b6555bb,False,SAME_MINUTE_TIMES_AND_ECONOMIC_FIELDS,0
dup_3d236d8d4b83ab29,2,"2025/2021-2024/2021/statement (1).html|DREA,補交易紀錄/2021-09-29 賺1萬-2 最高+955.85%.csv",CSV|HTML,rec_ce4f31ffea18f106cc3e|c_0874ab087f531fec75c4,False,SAME_MINUTE_TIMES_AND_ECONOMIC_FIELDS,0
dup_1b6d053a55d0789e,2,"2025/2021-2024/2021/statement (1).html|DREA,補交易紀錄/2021-09-29 賺1萬-2 最高+955.85%.csv",CSV|HTML,rec_228ad679e632bd2e558b|c_fca26ef3481ce37395bd,False,SAME_MINUTE_TIMES_AND_ECONOMIC_FIELDS,0
dup_17a201ae13a8769a,2,"2025/2021-2024/2021/statement (4).html|DREA,補交易紀錄/2021-09-20 大資金 18萬 217%.csv",CSV|HTML,rec_26ec940307e5a0b32f0a|c_0b14ccb7fb4efcfa0fbf,False,SAME_MINUTE_TIMES_AND_ECONOMIC_FIELDS,0
dup_be6fa40b08425854,2,"2025/2021-2024/2021/statement (4).html|DREA,補交易紀錄/2021-09-20 大資金 18萬 217%.csv",CSV|HTML,rec_c32d55ccb31d229c484d|c_c0db4a05dfd91f2681ea,False,SAME_MINUTE_TIMES_AND_ECONOMIC_FIELDS,0
dup_6b8402e60532e92d,2,"2025/2021-2024/2021/statement (1).html|DREA,補交易紀錄/2021-09-29 賺1萬-2 最高+955.85%.csv",CSV|HTML,rec_fa98a73aeacf0142955f|c_f5687c5212e800337056,False,SAME_MINUTE_TIMES_AND_ECONOMIC_FIELDS,0
dup_459903695794abb3,2,"2025/2021-2024/2021/statement (2).html|DREA,補交易紀錄/2021-11-20 1萬 最高+1,087.27%.csv",CSV|HTML,rec_2b5779e7a92f1dba0176|c_91e78fee3b9115441b99,False,SAME_MINUTE_TIMES_AND_ECONOMIC_FIELDS,0
dup_8fc7e7a18ef2ef1b,2,"2025/2021-2024/2021/statement (2).html|DREA,補交易紀錄/2021-11-20 1萬 最高+1,087.27%.csv",CSV|HTML,rec_c0aa4a64593c3b9aade2|c_d5116646513c889cc26f,False,SAME_MINUTE_TIMES_AND_ECONOMIC_FIELDS,0
dup_dc3676acb363668b,2,"2025/2021-2024/2021/statement (1).html|DREA,補交易紀錄/2021-09-29 賺1萬-2 最高+955.85%.csv",CSV|HTML,rec_156c8d642d44661fee09|c_a6fa5d81ebb22506a78b,False,SAME_MINUTE_TIMES_AND_ECONOMIC_FIELDS,0
dup_d5cc59e6a7785485,2,"2025/2021-2024/2021/statement (4).html|DREA,補交易紀錄/2021-09-20 大資金 18萬 217%.csv",CSV|HTML,rec_99bd76adcaaab49686a0|c_9b6f031cb8b48a8ab82f,False,SAME_MINUTE_TIMES_AND_ECONOMIC_FIELDS,0
dup_fa2c38fd2e32ef16,2,"2025/2021-2024/2021/statement (4).html|DREA,補交易紀錄/2021-09-20 大資金 18萬 217%.csv",CSV|HTML,rec_b88322e75cfbb085c22b|c_bd864d0f34e53e934f38,False,SAME_MINUTE_TIMES_AND_ECONOMIC_FIELDS,0
dup_55f9140a8a19d8f3,2,"2025/2021-2024/2021/statement (4).html|DREA,補交易紀錄/2021-09-20 大資金 18萬 217%.csv",CSV|HTML,rec_7aa6ca302267160accb5|c_f72d2f5f4c41fe0195d3,False,SAME_MINUTE_TIMES_AND_ECONOMIC_FIELDS,0
dup_58685b289cbf4301,2,"2025/2021-2024/2021/statement (1).html|DREA,補交易紀錄/2021-09-29 賺1萬-2 最高+955.85%.csv",CSV|HTML,rec_5462762456d8c55fe6c5|c_d4ca2874fc5f8a073266,False,SAME_MINUTE_TIMES_AND_ECONOMIC_FIELDS,0
dup_b46be816cfa05fb9,2,"2025/2021-2024/2021/statement (1).html|DREA,補交易紀錄/2021-09-29 賺1萬-2 最高+955.85%.csv",CSV|HTML,rec_f901803c430f88ada1be|c_1c88de71b9b08d93c8e6,False,SAME_MINUTE_TIMES_AND_ECONOMIC_FIELDS,0
dup_48a95bedcf247396,2,"2025/2021-2024/2021/statement (1).html|DREA,補交易紀錄/2021-09-29 賺1萬-2 最高+955.85%.csv",CSV|HTML,rec_bd77db25ea0e6eee7c9c|c_ed4c614788aa7b4ec0c0,False,SAME_MINUTE_TIMES_AND_ECONOMIC_FIELDS,0
dup_e9cf63b8bd7813d4,2,"2025/2021-2024/2021/statement (1).html|DREA,補交易紀錄/2021-09-29 賺1萬-2 最高+955.85%.csv",CSV|HTML,rec_190c4d22a7fcbcc64881|c_057c598c7ea44f415558,False,SAME_MINUTE_TIMES_AND_ECONOMIC_FIELDS,0
dup_980204475fa68c99,2,"2025/2021-2024/2021/statement (1).html|DREA,補交易紀錄/2021-09-29 賺1萬-2 最高+955.85%.csv",CSV|HTML,rec_01c36596fe432251a640|c_e65a0184e8bb71dd5690,False,SAME_MINUTE_TIMES_AND_ECONOMIC_FIELDS,0
dup_ea9a7bc42225df18,2,"2025/2021-2024/2021/statement (4).html|DREA,補交易紀錄/2021-09-20 大資金 18萬 217%.csv",CSV|HTML,rec_3f47008d7679bdc704e0|c_73d616d93589998b67ee,False,SAME_MINUTE_TIMES_AND_ECONOMIC_FIELDS,0
dup_e9baf0a8e9fbc54e,2,"2025/2021-2024/2021/statement (2).html|DREA,補交易紀錄/2021-11-20 1萬 最高+1,087.27%.csv",CSV|HTML,rec_fbabbf65864b839a925e|c_33e8091babb1d2ace66b,False,SAME_MINUTE_TIMES_AND_ECONOMIC_FIELDS,0
dup_84000878e33614be,2,"2025/2021-2024/2021/statement (2).html|DREA,補交易紀錄/2021-11-20 1萬 最高+1,087.27%.csv",CSV|HTML,rec_2371b9b7d2384eca5d19|c_983219daecfee8ff9092,False,SAME_MINUTE_TIMES_AND_ECONOMIC_FIELDS,0
dup_01feecd7bf932dca,2,"2025/2021-2024/2021/statement (4).html|DREA,補交易紀錄/2021-09-20 大資金 18萬 217%.csv",CSV|HTML,rec_61b3b93a21218da072c5|c_c703164f8cf00db025ad,False,SAME_MINUTE_TIMES_AND_ECONOMIC_FIELDS,0
dup_c5e31f80d86ea3bc,2,"2025/2021-2024/2021/statement (1).html|DREA,補交易紀錄/2021-09-29 賺1萬-2 最高+955.85%.csv",CSV|HTML,rec_48e05e129f31c76008fe|c_c7083492c160fb1dc9c2,False,SAME_MINUTE_TIMES_AND_ECONOMIC_FIELDS,0
dup_62b7e7c0419f75a7,2,"2025/2021-2024/2021/statement (1).html|DREA,補交易紀錄/2021-09-29 賺1萬-2 最高+955.85%.csv",CSV|HTML,rec_ad1b84ec06c8c1277686|c_d0e18ed3609a7cfe045c,False,SAME_MINUTE_TIMES_AND_ECONOMIC_FIELDS,0
dup_c560708934e25acb,2,"2025/2021-2024/2021/statement (1).html|DREA,補交易紀錄/2021-09-29 賺1萬-2 最高+955.85%.csv",CSV|HTML,rec_fd2e9ed59582ebe6879b|c_6bd9044a0ed8aa4d268f,False,SAME_MINUTE_TIMES_AND_ECONOMIC_FIELDS,0
dup_119b95e9c87a06ee,2,"2025/2021-2024/2021/statement (1).html|DREA,補交易紀錄/2021-09-29 賺1萬-2 最高+955.85%.csv",CSV|HTML,rec_29065953ebbe451e65c4|c_944d3a97dd048e598e7b,False,SAME_MINUTE_TIMES_AND_ECONOMIC_FIELDS,0
dup_2f505c63b1bf45bc,2,"2025/2021-2024/2021/statement (1).html|DREA,補交易紀錄/2021-09-29 賺1萬-2 最高+955.85%.csv",CSV|HTML,rec_c9705a00ace95f58c9e9|c_5648e5e6793cfb4361fe,False,SAME_MINUTE_TIMES_AND_ECONOMIC_FIELDS,0
dup_6d6ce3be671e70e6,2,"2025/2021-2024/2021/statement (4).html|DREA,補交易紀錄/2021-09-20 大資金 18萬 217%.csv",CSV|HTML,rec_1c641600573b66c9b928|c_b6461883c798b1de5d4e,False,SAME_MINUTE_TIMES_AND_ECONOMIC_FIELDS,0
dup_f9b7c76dd58c1107,2,"2025/2021-2024/2021/statement (2).html|DREA,補交易紀錄/2021-11-20 1萬 最高+1,087.27%.csv",CSV|HTML,rec_07027ce896a2b60680dd|c_cda5efddbb425cade61d,False,SAME_MINUTE_TIMES_AND_ECONOMIC_FIELDS,0
dup_a35a953ad0430734,2,"2025/2021-2024/2021/statement (2).html|DREA,補交易紀錄/2021-11-20 1萬 最高+1,087.27%.csv",CSV|HTML,rec_81113b1d5fcd863ee3a8|c_07ec9e76d19561949946,False,SAME_MINUTE_TIMES_AND_ECONOMIC_FIELDS,0
dup_8117738cae07f566,2,"2025/2021-2024/2021/statement (2).html|DREA,補交易紀錄/2021-11-20 1萬 最高+1,087.27%.csv",CSV|HTML,rec_15268029065fffe93f11|c_6a3ab37fe16b0c4d36d5,False,SAME_MINUTE_TIMES_AND_ECONOMIC_FIELDS,0
dup_75f70513dcf012a8,2,"2025/2021-2024/2021/statement (2).html|DREA,補交易紀錄/2021-11-20 1萬 最高+1,087.27%.csv",CSV|HTML,rec_00f412b1410b7f34b397|c_dbdd36caf9b1e6ba42b7,False,SAME_MINUTE_TIMES_AND_ECONOMIC_FIELDS,0
dup_399e9e9a4467867f,2,"2025/2021-2024/2021/statement (2).html|DREA,補交易紀錄/2021-11-20 1萬 最高+1,087.27%.csv",CSV|HTML,rec_a284467d8370d5dec9c2|c_ef2c160fb045789b23b1,False,SAME_MINUTE_TIMES_AND_ECONOMIC_FIELDS,0
dup_334476a29b2dadf6,2,"2025/2021-2024/2021/statement (1).html|DREA,補交易紀錄/2021-09-29 賺1萬-2 最高+955.85%.csv",CSV|HTML,rec_d0215f02e548a4487d04|c_3dced04a134adeae7b71,False,SAME_MINUTE_TIMES_AND_ECONOMIC_FIELDS,0
dup_116cf8f00f58346d,2,"2025/2021-2024/2021/statement (1).html|DREA,補交易紀錄/2021-09-29 賺1萬-2 最高+955.85%.csv",CSV|HTML,rec_0e8a2eff0c1a6f28f25f|c_0e602d06e815d2cfed36,False,SAME_MINUTE_TIMES_AND_ECONOMIC_FIELDS,0
dup_a9f22568c1d274eb,2,"2025/2021-2024/2021/statement (2).html|DREA,補交易紀錄/2021-11-20 1萬 最高+1,087.27%.csv",CSV|HTML,rec_0cf3ad940b65df837abf|c_ae5c18ee711dbab0a251,False,SAME_MINUTE_TIMES_AND_ECONOMIC_FIELDS,0
dup_6b0d351d38b3a5d9,2,"2025/2021-2024/2021/statement (1).html|DREA,補交易紀錄/2021-09-29 賺1萬-2 最高+955.85%.csv",CSV|HTML,rec_33c2176476f161a9b06e|c_233648469a360bba8e7e,False,SAME_MINUTE_TIMES_AND_ECONOMIC_FIELDS,0
dup_36bf72864f4dceea,2,"2025/2021-2024/2021/statement (1).html|DREA,補交易紀錄/2021-09-29 賺1萬-2 最高+955.85%.csv",CSV|HTML,rec_f87ba30d5560b5a86e32|c_5b7787653a76d11d985d,False,SAME_MINUTE_TIMES_AND_ECONOMIC_FIELDS,0
dup_f1f038574c5c7cea,2,"2025/2021-2024/2021/statement (1).html|DREA,補交易紀錄/2021-09-29 賺1萬-2 最高+955.85%.csv",CSV|HTML,rec_461f2db44eaebe1bad9f|c_9b6e74e098776f660cc3,False,SAME_MINUTE_TIMES_AND_ECONOMIC_FIELDS,0
dup_f5d6f3e27705fcf4,2,"2025/2021-2024/2021/statement (2).html|DREA,補交易紀錄/2021-11-20 1萬 最高+1,087.27%.csv",CSV|HTML,rec_d5082c01ba767d0957a1|c_3dbe397455518faabaad,False,SAME_MINUTE_TIMES_AND_ECONOMIC_FIELDS,0
dup_ec45ee1e46dabd75,2,"2025/2021-2024/2021/statement (2).html|DREA,補交易紀錄/2021-11-20 1萬 最高+1,087.27%.csv",CSV|HTML,rec_0dcb9f075aea1dfa76cb|c_c0b1b80571458a36bbf6,False,SAME_MINUTE_TIMES_AND_ECONOMIC_FIELDS,0
dup_d67d04970765387c,2,"2025/2021-2024/2021/statement (2).html|DREA,補交易紀錄/2021-11-20 1萬 最高+1,087.27%.csv",CSV|HTML,rec_e7c43a5d5976bb68a2d3|c_f8f3478ecc36c9a3d0be,False,SAME_MINUTE_TIMES_AND_ECONOMIC_FIELDS,0
dup_47e320533b1d7e85,2,"2025/2021-2024/2021/statement (2).html|DREA,補交易紀錄/2021-11-20 1萬 最高+1,087.27%.csv",CSV|HTML,rec_7c7e2010198e75143e75|c_b8897bacac0bfdf80c0c,False,SAME_MINUTE_TIMES_AND_ECONOMIC_FIELDS,0
dup_9bfe50a611454772,2,"2025/2021-2024/2021/statement (1).html|DREA,補交易紀錄/2021-09-29 賺1萬-2 最高+955.85%.csv",CSV|HTML,rec_67c9f39b04f158e6880c|c_c36900f0f8b98be85940,False,SAME_MINUTE_TIMES_AND_ECONOMIC_FIELDS,0
dup_abb292f5d7b274b0,2,"2025/2021-2024/2021/statement (1).html|DREA,補交易紀錄/2021-09-29 賺1萬-2 最高+955.85%.csv",CSV|HTML,rec_bbe37eb17b7e1d61e61a|c_b1244f01ea62bbf9d1d5,False,SAME_MINUTE_TIMES_AND_ECONOMIC_FIELDS,0
dup_d17c4064035927dc,2,"2025/2021-2024/2021/statement (1).html|DREA,補交易紀錄/2021-09-29 賺1萬-2 最高+955.85%.csv",CSV|HTML,rec_583589d9efa86670a5ed|c_ffc0bbd8d620981f99fe,False,SAME_MINUTE_TIMES_AND_ECONOMIC_FIELDS,0
dup_9bdac20373ae4b88,2,"2025/2021-2024/2021/statement (1).html|DREA,補交易紀錄/2021-09-29 賺1萬-2 最高+955.85%.csv",CSV|HTML,rec_1ea00fe7ac77c68e2e25|c_830bf54c076ab99fad4e,False,SAME_MINUTE_TIMES_AND_ECONOMIC_FIELDS,0
dup_48bbc1abf6045d9e,2,"2025/2021-2024/2021/statement (3).html|DREA,補交易紀錄/2021-10-07 Hantec手動 最高+1,130%.csv",CSV|HTML,rec_536e8c630b75d1220163|c_8818588b87e1c89f9d5d,False,SAME_MINUTE_TIMES_AND_ECONOMIC_FIELDS,0
dup_ad7f06b4b5edf0b0,2,"2025/2021-2024/2021/statement (3).html|DREA,補交易紀錄/2021-10-07 Hantec手動 最高+1,130%.csv",CSV|HTML,rec_091eb5779a9a9c910bbc|c_7c3d480349896d7ad632,False,SAME_MINUTE_TIMES_AND_ECONOMIC_FIELDS,0
dup_242af5045411fd4c,2,"2025/2021-2024/2021/statement (3).html|DREA,補交易紀錄/2021-10-07 Hantec手動 最高+1,130%.csv",CSV|HTML,rec_c80beebc7b82b338fdaf|c_e89b714b24dac5be0b10,False,SAME_MINUTE_TIMES_AND_ECONOMIC_FIELDS,0
dup_9032453bab7f80e9,2,"2025/2021-2024/2021/statement (3).html|DREA,補交易紀錄/2021-10-07 Hantec手動 最高+1,130%.csv",CSV|HTML,rec_061d794f472712989203|c_03abd83b2d0f93571141,False,SAME_MINUTE_TIMES_AND_ECONOMIC_FIELDS,0
dup_bb48c47fe7fb2b63,2,"2025/2021-2024/2021/statement (2).html|DREA,補交易紀錄/2021-11-20 1萬 最高+1,087.27%.csv",CSV|HTML,rec_99e4543dbd0ca1d4aacc|c_f967c4836ef9fa5c44c3,False,SAME_MINUTE_TIMES_AND_ECONOMIC_FIELDS,0
dup_64caff2c03131b79,2,"2025/2021-2024/2021/statement (3).html|DREA,補交易紀錄/2021-10-07 Hantec手動 最高+1,130%.csv",CSV|HTML,rec_250d6f62970bd1f73fdb|c_e1425bd91cc3836d4585,False,SAME_MINUTE_TIMES_AND_ECONOMIC_FIELDS,0
dup_54ac7e432118b252,2,"2025/2021-2024/2021/statement (2).html|DREA,補交易紀錄/2021-11-20 1萬 最高+1,087.27%.csv",CSV|HTML,rec_1d91f1c547a3a278559f|c_0dfa3e6baaabb8176a0f,False,SAME_MINUTE_TIMES_AND_ECONOMIC_FIELDS,0
dup_51d695f755d0b5fa,2,"2025/2021-2024/2021/statement (3).html|DREA,補交易紀錄/2021-10-07 Hantec手動 最高+1,130%.csv",CSV|HTML,rec_53cd1e1a77f45edea181|c_9eeeae20cc8b2504f585,False,SAME_MINUTE_TIMES_AND_ECONOMIC_FIELDS,0
dup_e027e2547e61cea7,2,"2025/2021-2024/2021/statement (1).html|DREA,補交易紀錄/2021-09-29 賺1萬-2 最高+955.85%.csv",CSV|HTML,rec_b845c94b35299a602ac1|c_7f28d54f71a4c873da48,False,SAME_MINUTE_TIMES_AND_ECONOMIC_FIELDS,0
dup_4e28012cfc9db480,2,"2025/2021-2024/2021/statement (1).html|DREA,補交易紀錄/2021-09-29 賺1萬-2 最高+955.85%.csv",CSV|HTML,rec_04ddafd8d76afffb605f|c_4e663fe44e0d9028f74a,False,SAME_MINUTE_TIMES_AND_ECONOMIC_FIELDS,0
dup_bfc7ebdfce2561b9,2,"2025/2021-2024/2021/statement (3).html|DREA,補交易紀錄/2021-10-07 Hantec手動 最高+1,130%.csv",CSV|HTML,rec_357c2e62258c2bebff12|c_e5622462addbb20d4076,False,SAME_MINUTE_TIMES_AND_ECONOMIC_FIELDS,0
dup_45037dd5e0ac4052,2,"2025/2021-2024/2021/statement (1).html|DREA,補交易紀錄/2021-09-29 賺1萬-2 最高+955.85%.csv",CSV|HTML,rec_db48f0cd6813f6c26877|c_970c73c21536090a53da,False,SAME_MINUTE_TIMES_AND_ECONOMIC_FIELDS,0
dup_09e004077711ac61,2,"2025/2021-2024/2021/statement (3).html|DREA,補交易紀錄/2021-10-07 Hantec手動 最高+1,130%.csv",CSV|HTML,rec_db2e2f4fd08f33a9e51f|c_82aba90a18d4f05e3a9a,False,SAME_MINUTE_TIMES_AND_ECONOMIC_FIELDS,0
dup_a5244f4faa0638dc,2,"2025/2021-2024/2021/statement (3).html|DREA,補交易紀錄/2021-10-07 Hantec手動 最高+1,130%.csv",CSV|HTML,rec_1d147f6a7570f729ef44|c_7a9f2456e94fea28cf21,False,SAME_MINUTE_TIMES_AND_ECONOMIC_FIELDS,0
dup_38a79fcd538d6b70,2,"2025/2021-2024/2021/statement (3).html|DREA,補交易紀錄/2021-10-07 Hantec手動 最高+1,130%.csv",CSV|HTML,rec_6576bf74bc54195a2352|c_99038a61a074e7288bbc,False,SAME_MINUTE_TIMES_AND_ECONOMIC_FIELDS,0
dup_189e035658242422,2,"2025/2021-2024/2021/statement (3).html|DREA,補交易紀錄/2021-10-07 Hantec手動 最高+1,130%.csv",CSV|HTML,rec_015c030bdd6bb1c78820|c_554875192487df54bc95,False,SAME_MINUTE_TIMES_AND_ECONOMIC_FIELDS,0
dup_9d4dafca420a0009,2,"2025/2021-2024/2021/statement (3).html|DREA,補交易紀錄/2021-10-07 Hantec手動 最高+1,130%.csv",CSV|HTML,rec_6c43cda12371e4d70416|c_8aa580e96d130742486b,False,SAME_MINUTE_TIMES_AND_ECONOMIC_FIELDS,0
dup_d53489b6e084efde,2,"2025/2021-2024/2021/statement (3).html|DREA,補交易紀錄/2021-10-07 Hantec手動 最高+1,130%.csv",CSV|HTML,rec_cae9eae9ebd8d0378233|c_69856770cfea78bf225a,False,SAME_MINUTE_TIMES_AND_ECONOMIC_FIELDS,0
dup_8d54a82d8f37d530,2,"2025/2021-2024/2021/statement (3).html|DREA,補交易紀錄/2021-10-07 Hantec手動 最高+1,130%.csv",CSV|HTML,rec_98a91f17f500c2484369|c_de79f743da0d3992b528,False,SAME_MINUTE_TIMES_AND_ECONOMIC_FIELDS,0
dup_938cae5fc2f72add,2,"2025/2021-2024/2021/statement (3).html|DREA,補交易紀錄/2021-10-07 Hantec手動 最高+1,130%.csv",CSV|HTML,rec_e7caaaa0ce5eee29edc6|c_362259bac6b7958385ea,False,SAME_MINUTE_TIMES_AND_ECONOMIC_FIELDS,0
dup_edb2260d7dbf0c58,2,"2025/2021-2024/2021/statement (3).html|DREA,補交易紀錄/2021-10-07 Hantec手動 最高+1,130%.csv",CSV|HTML,rec_dcc8ea6a59b77c38c1f8|c_bfcbaba6ee9ee6fa0080,False,SAME_MINUTE_TIMES_AND_ECONOMIC_FIELDS,0
dup_2202acbc76213645,2,"2025/2021-2024/2021/statement (3).html|DREA,補交易紀錄/2021-10-07 Hantec手動 最高+1,130%.csv",CSV|HTML,rec_1c9bef34fd13819ead48|c_f398af0c54890d8ee55c,False,SAME_MINUTE_TIMES_AND_ECONOMIC_FIELDS,0
dup_96560f0c478df37c,2,"2025/2021-2024/2021/statement (3).html|DREA,補交易紀錄/2021-10-07 Hantec手動 最高+1,130%.csv",CSV|HTML,rec_c7323b3520b23b2ac6ce|c_d59ce91f99e31b872bd9,False,SAME_MINUTE_TIMES_AND_ECONOMIC_FIELDS,0
dup_f207c073ae48aa36,2,"2025/2021-2024/2021/statement (3).html|DREA,補交易紀錄/2021-10-07 Hantec手動 最高+1,130%.csv",CSV|HTML,rec_a814195267030ff6aa17|c_d3738a8c695d2fb92eec,False,SAME_MINUTE_TIMES_AND_ECONOMIC_FIELDS,0
dup_a2cf43019e88e75c,2,"2025/2021-2024/2021/statement (1).html|DREA,補交易紀錄/2021-09-29 賺1萬-2 最高+955.85%.csv",CSV|HTML,rec_00ca0175fdd985cd146f|c_4c18d3e2b23b8d3393f9,False,SAME_MINUTE_TIMES_AND_ECONOMIC_FIELDS,0
dup_961851a4321df01a,2,"2025/2021-2024/2021/statement (1).html|DREA,補交易紀錄/2021-09-29 賺1萬-2 最高+955.85%.csv",CSV|HTML,rec_aa1c8e239a7193c60d25|c_ac465cf32c82d681622d,False,SAME_MINUTE_TIMES_AND_ECONOMIC_FIELDS,0
dup_27151b6d7bb3b897,2,"2025/2021-2024/2021/statement (3).html|DREA,補交易紀錄/2021-10-07 Hantec手動 最高+1,130%.csv",CSV|HTML,rec_60ce4e145bcf56b36d56|c_3b023e6ce774122e22b6,False,SAME_MINUTE_TIMES_AND_ECONOMIC_FIELDS,0
dup_18bfc342d564d0b4,2,"2025/2021-2024/2021/statement (3).html|DREA,補交易紀錄/2021-10-07 Hantec手動 最高+1,130%.csv",CSV|HTML,rec_c3174c8c084c8c0dc227|c_44deae5635204d0e21ee,False,SAME_MINUTE_TIMES_AND_ECONOMIC_FIELDS,0
dup_ecd87790637c168c,2,"2025/2021-2024/2021/statement (3).html|DREA,補交易紀錄/2021-10-07 Hantec手動 最高+1,130%.csv",CSV|HTML,rec_b29a008d1d6610903744|c_399d5d58b1bf55dd451f,False,SAME_MINUTE_TIMES_AND_ECONOMIC_FIELDS,0
dup_82d876e6e4b7bfd8,2,"2025/2021-2024/2021/statement (3).html|DREA,補交易紀錄/2021-10-07 Hantec手動 最高+1,130%.csv",CSV|HTML,rec_1bb1956ce24157718264|c_de1cf625270dcb7daeea,False,SAME_MINUTE_TIMES_AND_ECONOMIC_FIELDS,0
dup_ce6a609fea3c2541,2,"2025/2021-2024/2021/statement (3).html|DREA,補交易紀錄/2021-10-07 Hantec手動 最高+1,130%.csv",CSV|HTML,rec_bcd1fc865d0807747279|c_70d17566dfc619ebf383,False,SAME_MINUTE_TIMES_AND_ECONOMIC_FIELDS,0
dup_9fd37e3aa3812dea,2,"2025/2021-2024/2021/statement (3).html|DREA,補交易紀錄/2021-10-07 Hantec手動 最高+1,130%.csv",CSV|HTML,rec_619e77be03dd52fb2952|c_25d342865ab6cfd2acbd,False,SAME_MINUTE_TIMES_AND_ECONOMIC_FIELDS,0
dup_3a7d6e7fa747befe,2,"2025/2021-2024/2021/statement (3).html|DREA,補交易紀錄/2021-10-07 Hantec手動 最高+1,130%.csv",CSV|HTML,rec_fb15b3bd864433842cb7|c_230ef2911fb448cabcb3,False,SAME_MINUTE_TIMES_AND_ECONOMIC_FIELDS,0
dup_db8be156ffdf4232,2,"2025/2021-2024/2021/statement (1).html|DREA,補交易紀錄/2021-09-29 賺1萬-2 最高+955.85%.csv",CSV|HTML,rec_aaa127d5d61d2e86e5f7|c_95aeedf79d9888979a00,False,SAME_MINUTE_TIMES_AND_ECONOMIC_FIELDS,0
dup_d07e96de426f8507,2,"2025/2021-2024/2021/statement (3).html|DREA,補交易紀錄/2021-10-07 Hantec手動 最高+1,130%.csv",CSV|HTML,rec_9ba303751c7009a9bf72|c_0273a99ef363dee2fc22,False,SAME_MINUTE_TIMES_AND_ECONOMIC_FIELDS,0
dup_fe7f046c691a3272,2,"2025/2021-2024/2021/statement (3).html|DREA,補交易紀錄/2021-10-07 Hantec手動 最高+1,130%.csv",CSV|HTML,rec_79a1472258b3517c51dc|c_f04d02240e6010a6de2c,False,SAME_MINUTE_TIMES_AND_ECONOMIC_FIELDS,0
dup_f5e473e55b5c7482,2,"2025/2021-2024/2021/statement (3).html|DREA,補交易紀錄/2021-10-07 Hantec手動 最高+1,130%.csv",CSV|HTML,rec_2df65ea285a499123b01|c_fbdd30be05a29e0763d8,False,SAME_MINUTE_TIMES_AND_ECONOMIC_FIELDS,0
dup_9613c2686e976025,2,"2025/2021-2024/2021/statement (1).html|DREA,補交易紀錄/2021-09-29 賺1萬-2 最高+955.85%.csv",CSV|HTML,rec_1919c5b1ae87050ea9f7|c_16465a42b9343d1b22aa,False,SAME_MINUTE_TIMES_AND_ECONOMIC_FIELDS,0
dup_91056e7e08884367,2,"2025/2021-2024/2021/statement (3).html|DREA,補交易紀錄/2021-10-07 Hantec手動 最高+1,130%.csv",CSV|HTML,rec_585617093ecbf3aa22bb|c_da8c8f39cee48e3e71f3,False,SAME_MINUTE_TIMES_AND_ECONOMIC_FIELDS,0
dup_27379725cd2b0258,2,"2025/2021-2024/2021/statement (3).html|DREA,補交易紀錄/2021-10-07 Hantec手動 最高+1,130%.csv",CSV|HTML,rec_48007c22c39dc9a2cfd2|c_58d3b9beccc954c7cf9f,False,SAME_MINUTE_TIMES_AND_ECONOMIC_FIELDS,0
dup_25f842f2094c5199,2,"2025/2021-2024/2021/statement (3).html|DREA,補交易紀錄/2021-10-07 Hantec手動 最高+1,130%.csv",CSV|HTML,rec_2e688a5c485c1a4f4736|c_724116e3994e92f5ed19,False,SAME_MINUTE_TIMES_AND_ECONOMIC_FIELDS,0
dup_aec1ae22d50c28b0,2,"2025/2021-2024/2021/statement (3).html|DREA,補交易紀錄/2021-10-07 Hantec手動 最高+1,130%.csv",CSV|HTML,rec_98a642598b80b03179db|c_4a8fb716cb51fb598070,False,SAME_MINUTE_TIMES_AND_ECONOMIC_FIELDS,0
dup_98ad7c0585da9949,2,"2025/2021-2024/2021/statement (1).html|DREA,補交易紀錄/2021-09-29 賺1萬-2 最高+955.85%.csv",CSV|HTML,rec_c63dd1450c75df405f95|c_aa4b88996f25c5b09080,False,SAME_MINUTE_TIMES_AND_ECONOMIC_FIELDS,0
dup_dafaee6f6719ec79,2,"2025/2021-2024/2021/statement (3).html|DREA,補交易紀錄/2021-10-07 Hantec手動 最高+1,130%.csv",CSV|HTML,rec_cd74823e8edb284810d5|c_3a08e7f628335b589fa0,False,SAME_MINUTE_TIMES_AND_ECONOMIC_FIELDS,0
dup_ef488647992fe66a,2,"2025/2021-2024/2021/statement (3).html|DREA,補交易紀錄/2021-10-07 Hantec手動 最高+1,130%.csv",CSV|HTML,rec_31afac15ab73434ca66c|c_1f7c331ec49c5c9dbc08,False,SAME_MINUTE_TIMES_AND_ECONOMIC_FIELDS,0
dup_2b1254993dd474c8,2,"2025/2021-2024/2021/statement (3).html|DREA,補交易紀錄/2021-10-07 Hantec手動 最高+1,130%.csv",CSV|HTML,rec_8c6fb1e1358abaecda51|c_ccb406d6e283a4965a53,False,SAME_MINUTE_TIMES_AND_ECONOMIC_FIELDS,0
dup_7d4fd9a5de5f50d8,2,"2025/2021-2024/2021/statement (3).html|DREA,補交易紀錄/2021-10-07 Hantec手動 最高+1,130%.csv",CSV|HTML,rec_159016a1452efb4c2fed|c_ed35313172970b824b44,False,SAME_MINUTE_TIMES_AND_ECONOMIC_FIELDS,0
dup_9a90c82c16201487,2,"2025/2021-2024/2021/statement (3).html|DREA,補交易紀錄/2021-10-07 Hantec手動 最高+1,130%.csv",CSV|HTML,rec_5363d44d9431b5d30155|c_5e464463490f04757fed,False,SAME_MINUTE_TIMES_AND_ECONOMIC_FIELDS,0
dup_8c4a011ceeabe236,2,"2025/2021-2024/2021/statement (1).html|DREA,補交易紀錄/2021-09-29 賺1萬-2 最高+955.85%.csv",CSV|HTML,rec_b89b0515030587721818|c_5935d86e7c4254b42bc7,False,SAME_MINUTE_TIMES_AND_ECONOMIC_FIELDS,0
dup_bd16ade8f556946e,2,"2025/2021-2024/2021/statement (3).html|DREA,補交易紀錄/2021-10-07 Hantec手動 最高+1,130%.csv",CSV|HTML,rec_11fc03e80fa74e697a7e|c_7d8df37c2d7fb8501396,False,SAME_MINUTE_TIMES_AND_ECONOMIC_FIELDS,0
dup_74bd8f414d40f311,2,"2025/2021-2024/2021/statement (3).html|DREA,補交易紀錄/2021-10-07 Hantec手動 最高+1,130%.csv",CSV|HTML,rec_7a9320205ad38ec0f063|c_d7b1124d45c50e71d3b0,False,SAME_MINUTE_TIMES_AND_ECONOMIC_FIELDS,0
dup_eeddad2e0d1f3b69,2,"2025/2021-2024/2021/statement (3).html|DREA,補交易紀錄/2021-10-07 Hantec手動 最高+1,130%.csv",CSV|HTML,rec_5b714aa1b4e13b32c5e4|c_5d30e8968ce2026a1652,False,SAME_MINUTE_TIMES_AND_ECONOMIC_FIELDS,0
dup_91052758abb3a609,2,"2025/2021-2024/2021/statement (3).html|DREA,補交易紀錄/2021-10-07 Hantec手動 最高+1,130%.csv",CSV|HTML,rec_1af22f355a2d5435c0a2|c_0c5bc47e456d245ab4e1,False,SAME_MINUTE_TIMES_AND_ECONOMIC_FIELDS,0
dup_c5ac7708bb261f6d,2,"2025/2021-2024/2021/statement (1).html|DREA,補交易紀錄/2021-09-29 賺1萬-2 最高+955.85%.csv",CSV|HTML,rec_a6d24a04e6396538c3c8|c_7b52d6efa325670750e0,False,SAME_MINUTE_TIMES_AND_ECONOMIC_FIELDS,0
dup_a30d3f65792d1705,2,"2025/2021-2024/2021/statement (1).html|DREA,補交易紀錄/2021-09-29 賺1萬-2 最高+955.85%.csv",CSV|HTML,rec_ae04d66f8cb6b7338e29|c_352ff3ee4498c2a7434b,False,SAME_MINUTE_TIMES_AND_ECONOMIC_FIELDS,0
dup_dc79a8182c488eb0,2,"2025/2021-2024/2021/statement (3).html|DREA,補交易紀錄/2021-10-07 Hantec手動 最高+1,130%.csv",CSV|HTML,rec_a31fec34a82eb314dde4|c_62e304e5a2dbad284457,False,SAME_MINUTE_TIMES_AND_ECONOMIC_FIELDS,0
dup_19331a32bc1fbfe4,2,"2025/2021-2024/2021/statement (3).html|DREA,補交易紀錄/2021-10-07 Hantec手動 最高+1,130%.csv",CSV|HTML,rec_6f3fc6c2deac891be473|c_cf4aa39de4014b0add6a,False,SAME_MINUTE_TIMES_AND_ECONOMIC_FIELDS,0
dup_c38783a3548f350d,2,"2025/2021-2024/2021/statement (1).html|DREA,補交易紀錄/2021-09-29 賺1萬-2 最高+955.85%.csv",CSV|HTML,rec_519e21fa0ece3e8bb32f|c_f0338dd7bc8b19c12f83,False,SAME_MINUTE_TIMES_AND_ECONOMIC_FIELDS,0
dup_c2870dffe4d4ea7a,2,"2025/2021-2024/2021/statement (3).html|DREA,補交易紀錄/2021-10-07 Hantec手動 最高+1,130%.csv",CSV|HTML,rec_113c325c0315216ccf06|c_a6f531643fe09d3b1347,False,SAME_MINUTE_TIMES_AND_ECONOMIC_FIELDS,0
dup_7421f56fff940fb1,2,"2025/2021-2024/2021/statement (3).html|DREA,補交易紀錄/2021-10-07 Hantec手動 最高+1,130%.csv",CSV|HTML,rec_ca28b2c95d5e0a9c2934|c_7984823261f6dddde67e,False,SAME_MINUTE_TIMES_AND_ECONOMIC_FIELDS,0
dup_25912da118a47111,2,"2025/2021-2024/2021/statement (3).html|DREA,補交易紀錄/2021-10-07 Hantec手動 最高+1,130%.csv",CSV|HTML,rec_c348038cdb479a2d472d|c_082f1bd1fdb221a0c3f6,False,SAME_MINUTE_TIMES_AND_ECONOMIC_FIELDS,0
dup_4c3574b937cf857f,2,"2025/2021-2024/2021/statement (3).html|DREA,補交易紀錄/2021-10-07 Hantec手動 最高+1,130%.csv",CSV|HTML,rec_62ea50c1ba14a9201148|c_09f2933a3393b2d91032,False,SAME_MINUTE_TIMES_AND_ECONOMIC_FIELDS,0
dup_4f591860b7faf3e9,2,"2025/2021-2024/2021/statement (3).html|DREA,補交易紀錄/2021-10-07 Hantec手動 最高+1,130%.csv",CSV|HTML,rec_66bed9463728a738300a|c_0bc5df36ab373182c098,False,SAME_MINUTE_TIMES_AND_ECONOMIC_FIELDS,0
dup_90fd2476dce50a6b,2,"2025/2021-2024/2021/statement (3).html|DREA,補交易紀錄/2021-10-07 Hantec手動 最高+1,130%.csv",CSV|HTML,rec_78355590a829c3dc8596|c_9f94c30adfa518ccd4cd,False,SAME_MINUTE_TIMES_AND_ECONOMIC_FIELDS,0
dup_3bdc8456480870dc,2,"2025/2021-2024/2021/statement (3).html|DREA,補交易紀錄/2021-10-07 Hantec手動 最高+1,130%.csv",CSV|HTML,rec_3dbf1fcc4e915cd9f4bf|c_02b5f4c97a26cbf0bc29,False,SAME_MINUTE_TIMES_AND_ECONOMIC_FIELDS,0
dup_dc2dba2ddda0413c,2,"2025/2021-2024/2021/statement.html|DREA,補交易紀錄/2021-12-15 波段 最高+891.27%.csv",CSV|HTML,rec_509100512a5fe34326e1|c_1db77164de8de04ed5ee,False,SAME_MINUTE_TIMES_AND_ECONOMIC_FIELDS,0
dup_18871444ad450260,2,"2025/2021-2024/2021/statement.html|DREA,補交易紀錄/2021-12-15 波段 最高+891.27%.csv",CSV|HTML,rec_a48d3a6644f85825580f|c_937fd6edada2d26b1bc1,False,SAME_MINUTE_TIMES_AND_ECONOMIC_FIELDS,0
dup_935adbe712633837,2,"DREA,補交易紀錄/20220307-d心急代價.csv|手動交易2024後策略較固定/2020含更久以前交易/statement.html",CSV|HTML,rec_827669b1be10bb7a3941|c_32f18fdf0d7447bd99d7,False,SAME_MINUTE_TIMES_AND_ECONOMIC_FIELDS,0
dup_48c0e074dd07e5b1,2,"DREA,補交易紀錄/20220307-d心急代價.csv|手動交易2024後策略較固定/2020含更久以前交易/statement.html",CSV|HTML,rec_2ef0a8f4255687139cd3|c_81cb9498fb14b6f37096,False,SAME_MINUTE_TIMES_AND_ECONOMIC_FIELDS,0
dup_6b454d271383a755,2,"DREA,補交易紀錄/20220307-d心急代價.csv|手動交易2024後策略較固定/2020含更久以前交易/statement.html",CSV|HTML,rec_e6cda4ad2cb99c2edb21|c_849e6d9740f6165c2de4,False,SAME_MINUTE_TIMES_AND_ECONOMIC_FIELDS,0
dup_449f8748ea9da068,2,"DREA,補交易紀錄/20220307-d心急代價.csv|手動交易2024後策略較固定/2020含更久以前交易/statement.html",CSV|HTML,rec_39d4714b3e15f6432185|c_f7e5ba29b68dfeb9ba1e,False,SAME_MINUTE_TIMES_AND_ECONOMIC_FIELDS,0
dup_86c8f2a1dbc639ed,2,"DREA,補交易紀錄/20220307-d心急代價.csv|手動交易2024後策略較固定/2020含更久以前交易/statement.html",CSV|HTML,rec_60d70990ad194bb62fbf|c_ee61e74d106d56c207c2,False,SAME_MINUTE_TIMES_AND_ECONOMIC_FIELDS,0
dup_30da08dbacdbf374,2,"DREA,補交易紀錄/20220307-d心急代價.csv|手動交易2024後策略較固定/2020含更久以前交易/statement.html",CSV|HTML,rec_fb6bb54708150d42ee13|c_e744cb1c5d18aebf4314,False,SAME_MINUTE_TIMES_AND_ECONOMIC_FIELDS,0
dup_a3116062335e2bb4,2,"DREA,補交易紀錄/20220307-d心急代價.csv|手動交易2024後策略較固定/2020含更久以前交易/statement.html",CSV|HTML,rec_8663798d4b3489ce12e0|c_5a840e013b7eea7199ca,False,SAME_MINUTE_TIMES_AND_ECONOMIC_FIELDS,0
dup_86cab15de1a92b6e,2,"DREA,補交易紀錄/20220307-d心急代價.csv|手動交易2024後策略較固定/2020含更久以前交易/statement.html",CSV|HTML,rec_2af6318f1e7363caff74|c_cb001b0c4f3ebbea712d,False,SAME_MINUTE_TIMES_AND_ECONOMIC_FIELDS,0
dup_8beaffdf2e2a2f5e,2,"DREA,補交易紀錄/20220307-d心急代價.csv|手動交易2024後策略較固定/2020含更久以前交易/statement.html",CSV|HTML,rec_ea07cc10e7773aeb45bf|c_c158dc741e69363601d4,False,SAME_MINUTE_TIMES_AND_ECONOMIC_FIELDS,0
dup_e409aa5b1ee62695,2,"DREA,補交易紀錄/20220307-d心急代價.csv|手動交易2024後策略較固定/2020含更久以前交易/statement.html",CSV|HTML,rec_fe62125616cdd0d2a36f|c_66e1f478ebce50fb37d6,False,SAME_MINUTE_TIMES_AND_ECONOMIC_FIELDS,0
dup_f04d9004285d450a,2,"DREA,補交易紀錄/20220307-d心急代價.csv|手動交易2024後策略較固定/2020含更久以前交易/statement.html",CSV|HTML,rec_d1167e520c2e10b53194|c_f629a0927062cd1c80cc,False,SAME_MINUTE_TIMES_AND_ECONOMIC_FIELDS,0
dup_91031f54e7593148,2,"DREA,補交易紀錄/20220307-d心急代價.csv|手動交易2024後策略較固定/2020含更久以前交易/statement.html",CSV|HTML,rec_6f2076cf4f4dd4581625|c_ce7bf24de1612c458010,False,SAME_MINUTE_TIMES_AND_ECONOMIC_FIELDS,0
dup_a23c032e6489d65f,2,"DREA,補交易紀錄/20220307-d心急代價.csv|手動交易2024後策略較固定/2020含更久以前交易/statement.html",CSV|HTML,rec_6f377aaed75c1e842011|c_81456691a114eed4cbb4,False,SAME_MINUTE_TIMES_AND_ECONOMIC_FIELDS,0
dup_de88b3dae72a1cfe,2,"2025/2021-2024/2022/statement (2).html|DREA,補交易紀錄/2022-10-13 帳戶風控04 最高+158.99%.csv",CSV|HTML,rec_1fb40353741711df9d2c|c_8a71ff199d2b1805dace,False,SAME_MINUTE_TIMES_AND_ECONOMIC_FIELDS,0
dup_b46da29850a8fc55,2,"2025/2021-2024/2022/statement (2).html|DREA,補交易紀錄/2022-10-13 帳戶風控04 最高+158.99%.csv",CSV|HTML,rec_ebeb1d86b3429a67e833|c_87d5bb9bf3d13da2d90e,False,SAME_MINUTE_TIMES_AND_ECONOMIC_FIELDS,0
dup_9732db465c4145f4,2,"2025/2021-2024/2022/statement (2).html|DREA,補交易紀錄/2022-10-13 帳戶風控04 最高+158.99%.csv",CSV|HTML,rec_ff6a714916183f2ef9b6|c_00e8157af79b071a3e13,False,SAME_MINUTE_TIMES_AND_ECONOMIC_FIELDS,0
dup_463b376aba6b8f15,2,"2025/2021-2024/2022/statement (2).html|DREA,補交易紀錄/2022-10-13 帳戶風控04 最高+158.99%.csv",CSV|HTML,rec_01934c4e8e826622f0d6|c_a2a92e8fbae9821f70f9,False,SAME_MINUTE_TIMES_AND_ECONOMIC_FIELDS,0
dup_c48ff5416b922bc4,2,"2025/2021-2024/2022/statement (2).html|DREA,補交易紀錄/2022-10-13 帳戶風控04 最高+158.99%.csv",CSV|HTML,rec_92a0762ebf109b3f5179|c_9750e90bf448e0e0e216,False,SAME_MINUTE_TIMES_AND_ECONOMIC_FIELDS,0
dup_637c9c76151f3fca,2,"2025/2021-2024/2022/statement (2).html|DREA,補交易紀錄/2022-10-13 帳戶風控04 最高+158.99%.csv",CSV|HTML,rec_bb94b990956b9b5192ed|c_9a6182ab42c911e934b4,False,SAME_MINUTE_TIMES_AND_ECONOMIC_FIELDS,0
dup_f2ede6ac6d5ae994,2,"2025/2021-2024/2022/statement (2).html|DREA,補交易紀錄/2022-10-13 帳戶風控04 最高+158.99%.csv",CSV|HTML,rec_0445c6f615ef77d27743|c_2f67cf87bf8cf56fbe11,False,SAME_MINUTE_TIMES_AND_ECONOMIC_FIELDS,0
dup_42d3c93ab84274f6,2,"2025/2021-2024/2022/statement (2).html|DREA,補交易紀錄/2022-10-13 帳戶風控04 最高+158.99%.csv",CSV|HTML,rec_9cac1957b8f810e64108|c_5bc9cbbffbffe372a9b6,False,SAME_MINUTE_TIMES_AND_ECONOMIC_FIELDS,0
dup_1ef0c08208fd1660,2,"2025/2021-2024/2022/statement (2).html|DREA,補交易紀錄/2022-10-13 帳戶風控04 最高+158.99%.csv",CSV|HTML,rec_0fba7ad828e507326de4|c_2b2c83c4848635a84760,False,SAME_MINUTE_TIMES_AND_ECONOMIC_FIELDS,0
dup_9452705c2fa7e989,2,"2025/2021-2024/2022/statement (2).html|DREA,補交易紀錄/2022-10-13 帳戶風控04 最高+158.99%.csv",CSV|HTML,rec_54ea8fb949062fd2aad9|c_853255ed1f5db3c6a056,False,SAME_MINUTE_TIMES_AND_ECONOMIC_FIELDS,0
dup_bd1261181d005904,2,"2025/2021-2024/2022/statement (2).html|DREA,補交易紀錄/2022-10-13 帳戶風控04 最高+158.99%.csv",CSV|HTML,rec_2709649f2cef6ac9c930|c_7daffaa960301bcb8b24,False,SAME_MINUTE_TIMES_AND_ECONOMIC_FIELDS,0
dup_d452c159186a3593,2,"2025/2021-2024/2022/statement (2).html|DREA,補交易紀錄/2022-10-13 帳戶風控04 最高+158.99%.csv",CSV|HTML,rec_c89f1fbe2116672d3ae6|c_80723820c8abac56db4f,False,SAME_MINUTE_TIMES_AND_ECONOMIC_FIELDS,0
dup_b0e2a5c484dc5c82,2,"2025/2021-2024/2022/statement (2).html|DREA,補交易紀錄/2022-10-13 帳戶風控04 最高+158.99%.csv",CSV|HTML,rec_c3e8a9203824ebedbed9|c_bb5d33ebc008fc124c3e,False,SAME_MINUTE_TIMES_AND_ECONOMIC_FIELDS,0
dup_b02f196a0628deca,2,"2025/2021-2024/2022/statement (2).html|DREA,補交易紀錄/2022-10-13 帳戶風控04 最高+158.99%.csv",CSV|HTML,rec_ef9f4140d7b9026877a3|c_b2d668c1fea6ea15a9d6,False,SAME_MINUTE_TIMES_AND_ECONOMIC_FIELDS,0
dup_18b4d5cae4a3c6c8,2,"2025/2021-2024/2022/statement (2).html|DREA,補交易紀錄/2022-10-13 帳戶風控04 最高+158.99%.csv",CSV|HTML,rec_4ce3e80f335e4e296953|c_06e6891147262c83b4e4,False,SAME_MINUTE_TIMES_AND_ECONOMIC_FIELDS,0
dup_252c866b260e5dfe,2,"2025/2021-2024/2022/statement (2).html|DREA,補交易紀錄/2022-10-13 帳戶風控04 最高+158.99%.csv",CSV|HTML,rec_46e9b573a3384c4b00a9|c_0757a92ecfa89cd1ceae,False,SAME_MINUTE_TIMES_AND_ECONOMIC_FIELDS,0
dup_5cbeeda238915efb,2,"2025/2021-2024/2022/statement (2).html|DREA,補交易紀錄/2022-10-13 帳戶風控04 最高+158.99%.csv",CSV|HTML,rec_8f1e59f06d732493d660|c_1e5742b9fe033f79dd12,False,SAME_MINUTE_TIMES_AND_ECONOMIC_FIELDS,0
dup_9c5cc93bff6d572a,2,"2025/2021-2024/2022/statement (2).html|DREA,補交易紀錄/2022-10-13 帳戶風控04 最高+158.99%.csv",CSV|HTML,rec_834374d2ccce2ffc2583|c_4074fe3f4cc7c7d2f4da,False,SAME_MINUTE_TIMES_AND_ECONOMIC_FIELDS,0
dup_dad7b36a10e4dfef,2,"2025/2021-2024/2022/statement (2).html|DREA,補交易紀錄/2022-10-13 帳戶風控04 最高+158.99%.csv",CSV|HTML,rec_75d4815a710a8fdcc609|c_0c26c146799e768a542b,False,SAME_MINUTE_TIMES_AND_ECONOMIC_FIELDS,0
dup_f6cdef134cf5d814,2,"2025/2021-2024/2022/statement (2).html|DREA,補交易紀錄/2022-10-13 帳戶風控04 最高+158.99%.csv",CSV|HTML,rec_f78221af32661899c02b|c_114a399de21d73b021c8,False,SAME_MINUTE_TIMES_AND_ECONOMIC_FIELDS,0
dup_8451d2d3f7a4b966,2,"2025/2021-2024/2022/statement (2).html|DREA,補交易紀錄/2022-10-13 帳戶風控04 最高+158.99%.csv",CSV|HTML,rec_bcd50423b8abb2167dd4|c_13a1840fb783db0ca545,False,SAME_MINUTE_TIMES_AND_ECONOMIC_FIELDS,0
dup_2b649a77b770fe97,2,"2025/2021-2024/2022/statement (2).html|DREA,補交易紀錄/2022-10-13 帳戶風控04 最高+158.99%.csv",CSV|HTML,rec_73d2b9fd956b7a220175|c_cbdaac98b6aaf9674506,False,SAME_MINUTE_TIMES_AND_ECONOMIC_FIELDS,0
dup_7172143c7df1d228,2,"2025/2021-2024/2022/statement (2).html|DREA,補交易紀錄/2022-10-13 帳戶風控04 最高+158.99%.csv",CSV|HTML,rec_7a82868a4fe96a094d87|c_c8974b1bde6730481827,False,SAME_MINUTE_TIMES_AND_ECONOMIC_FIELDS,0
dup_e8917d1db54e4187,2,"2025/2021-2024/2022/statement (2).html|DREA,補交易紀錄/2022-10-13 帳戶風控04 最高+158.99%.csv",CSV|HTML,rec_7efb02a2d292ec49c8eb|c_58fb09553d1c78a7e027,False,SAME_MINUTE_TIMES_AND_ECONOMIC_FIELDS,0
dup_42bce3f1611d7a9e,2,"2025/2021-2024/2022/statement (2).html|DREA,補交易紀錄/2022-10-13 帳戶風控04 最高+158.99%.csv",CSV|HTML,rec_bc0fd79cce52aabd3fe6|c_33b14f252c5e6965eede,False,SAME_MINUTE_TIMES_AND_ECONOMIC_FIELDS,0
dup_21df60e4f30e7dc4,2,"2025/2021-2024/2022/statement (2).html|DREA,補交易紀錄/2022-10-13 帳戶風控04 最高+158.99%.csv",CSV|HTML,rec_eb7b92508e73f23ba2ae|c_224c21c5da014e124edc,False,SAME_MINUTE_TIMES_AND_ECONOMIC_FIELDS,0
dup_7ea1807a8e521a2c,2,"2025/2021-2024/2022/statement (2).html|DREA,補交易紀錄/2022-10-13 帳戶風控04 最高+158.99%.csv",CSV|HTML,rec_889502b989479a97b1e5|c_1e5109dc642a193caec8,False,SAME_MINUTE_TIMES_AND_ECONOMIC_FIELDS,0
dup_664124b6339aa957,2,"2025/2021-2024/2022/statement (2).html|DREA,補交易紀錄/2022-10-13 帳戶風控04 最高+158.99%.csv",CSV|HTML,rec_107a56d9af9adfa704a8|c_8421abc5204bbebc504f,False,SAME_MINUTE_TIMES_AND_ECONOMIC_FIELDS,0
dup_c0ae7c54fd36c82c,2,"2025/2021-2024/2022/statement (2).html|DREA,補交易紀錄/2022-10-13 帳戶風控04 最高+158.99%.csv",CSV|HTML,rec_271dbdbc33dc5393423c|c_45f5d8404e5638545bff,False,SAME_MINUTE_TIMES_AND_ECONOMIC_FIELDS,0
dup_2e637a84c42ec077,2,"2025/2021-2024/2022/statement (2).html|DREA,補交易紀錄/2022-10-13 帳戶風控04 最高+158.99%.csv",CSV|HTML,rec_146095e1622e547a1484|c_a8a97aa18d08accff2d3,False,SAME_MINUTE_TIMES_AND_ECONOMIC_FIELDS,0
dup_422bc4a7be0c5631,2,"2025/2021-2024/2022/statement (2).html|DREA,補交易紀錄/2022-10-13 帳戶風控04 最高+158.99%.csv",CSV|HTML,rec_6230b5ccf3fbef77ce87|c_7d4dadbe09709df87ea9,False,SAME_MINUTE_TIMES_AND_ECONOMIC_FIELDS,0
dup_dcace9bc9e2b7f13,2,"2025/2021-2024/2022/statement (2).html|DREA,補交易紀錄/2022-10-13 帳戶風控04 最高+158.99%.csv",CSV|HTML,rec_611f97c48d603f4fd2b0|c_70b016a469bbaa8a4d2e,False,SAME_MINUTE_TIMES_AND_ECONOMIC_FIELDS,0
dup_310898e862e61b22,2,"2025/2021-2024/2022/statement (2).html|DREA,補交易紀錄/2022-10-13 帳戶風控04 最高+158.99%.csv",CSV|HTML,rec_13bbd9e6f521535b5a15|c_f1fe6852d99ccab57f81,False,SAME_MINUTE_TIMES_AND_ECONOMIC_FIELDS,0
dup_f5d393582c061e9d,2,"2025/2021-2024/2022/statement (2).html|DREA,補交易紀錄/2022-10-13 帳戶風控04 最高+158.99%.csv",CSV|HTML,rec_c017764b5da0c5f87b11|c_ecd4d24a721c97e255e0,False,SAME_MINUTE_TIMES_AND_ECONOMIC_FIELDS,0
dup_bd101b5d8ff8318c,2,"2025/2021-2024/2022/statement (2).html|DREA,補交易紀錄/2022-10-13 帳戶風控04 最高+158.99%.csv",CSV|HTML,rec_c3688af9b68f11f739be|c_2b867ef533e0b3a5c5a9,False,SAME_MINUTE_TIMES_AND_ECONOMIC_FIELDS,0
dup_a4bd6ef8d64ae15f,2,"2025/2021-2024/2022/statement (2).html|DREA,補交易紀錄/2022-10-13 帳戶風控04 最高+158.99%.csv",CSV|HTML,rec_3898f9ba92b70e646bb0|c_98985b565381849874d0,False,SAME_MINUTE_TIMES_AND_ECONOMIC_FIELDS,0
dup_2c4273ea8c0dc90d,2,"2025/2021-2024/2022/statement (2).html|DREA,補交易紀錄/2022-10-13 帳戶風控04 最高+158.99%.csv",CSV|HTML,rec_ad4c298e00d4315c0a23|c_a3e95dbd701063613627,False,SAME_MINUTE_TIMES_AND_ECONOMIC_FIELDS,0
dup_dbff31d42398d26d,2,"2025/2021-2024/2022/statement (2).html|DREA,補交易紀錄/2022-10-13 帳戶風控04 最高+158.99%.csv",CSV|HTML,rec_65406196ad357eb2cd7a|c_bedc0a69050a7ec0152b,False,SAME_MINUTE_TIMES_AND_ECONOMIC_FIELDS,0
dup_cd6cc89ceb5af669,2,"2025/2021-2024/2022/statement (2).html|DREA,補交易紀錄/2022-10-13 帳戶風控04 最高+158.99%.csv",CSV|HTML,rec_4425bbdef6e15cf3b612|c_7174728f85293b687a6d,False,SAME_MINUTE_TIMES_AND_ECONOMIC_FIELDS,0
dup_226ba530a106d766,2,"2025/2021-2024/2022/statement (2).html|DREA,補交易紀錄/2022-10-13 帳戶風控04 最高+158.99%.csv",CSV|HTML,rec_e99ee30d1c6552ca9b2c|c_acd21dd56cd4bacfe169,False,SAME_MINUTE_TIMES_AND_ECONOMIC_FIELDS,0
dup_5021c15639cc9ab1,2,"2025/2021-2024/2022/statement (2).html|DREA,補交易紀錄/2022-10-13 帳戶風控04 最高+158.99%.csv",CSV|HTML,rec_097420a1ef6e2bedbb7b|c_b604af36418b86cf7d24,False,SAME_MINUTE_TIMES_AND_ECONOMIC_FIELDS,0
dup_d67f7f6befa1bae6,2,"2025/2021-2024/2022/statement (2).html|DREA,補交易紀錄/2022-10-13 帳戶風控04 最高+158.99%.csv",CSV|HTML,rec_d5fffa8a83f82990a845|c_4498f6d43a5f4a8143d0,False,SAME_MINUTE_TIMES_AND_ECONOMIC_FIELDS,0
dup_3f46397cfc7ac55b,2,"2025/2021-2024/2022/statement (2).html|DREA,補交易紀錄/2022-10-13 帳戶風控04 最高+158.99%.csv",CSV|HTML,rec_db2823350b06d41a8e74|c_2a66e5c642e549d44d5a,False,SAME_MINUTE_TIMES_AND_ECONOMIC_FIELDS,0
dup_eea828478b3bbe5c,2,"2025/2021-2024/2022/statement (3).html|DREA,補交易紀錄/2022-10-31 帳戶風控03 最高+66.11%.csv",CSV|HTML,rec_6ac6ef3813e739b7d8c0|c_f8652485caaaf723622e,False,SAME_MINUTE_TIMES_AND_ECONOMIC_FIELDS,0
dup_db7077458767fa6a,2,"2025/2021-2024/2022/statement (3).html|DREA,補交易紀錄/2022-10-31 帳戶風控03 最高+66.11%.csv",CSV|HTML,rec_89aceb7d0c1247cebf44|c_d76154794961015889bc,False,SAME_MINUTE_TIMES_AND_ECONOMIC_FIELDS,0
dup_738782da9c4b7a6d,2,"2025/2021-2024/2022/statement (3).html|DREA,補交易紀錄/2022-10-31 帳戶風控03 最高+66.11%.csv",CSV|HTML,rec_e03b70a79dc8a6b217d4|c_b7dfb946187bef143439,False,SAME_MINUTE_TIMES_AND_ECONOMIC_FIELDS,0
dup_0c9c51bb11161dab,2,"2025/2021-2024/2022/statement (3).html|DREA,補交易紀錄/2022-10-31 帳戶風控03 最高+66.11%.csv",CSV|HTML,rec_a5aabd83fe0ad1229a81|c_31044acc3771fc80801a,False,SAME_MINUTE_TIMES_AND_ECONOMIC_FIELDS,0
dup_82a8f4313506ed47,2,"2025/2021-2024/2022/statement (3).html|DREA,補交易紀錄/2022-10-31 帳戶風控03 最高+66.11%.csv",CSV|HTML,rec_958c77ca1485391c145c|c_574489a2c6f99b41c825,False,SAME_MINUTE_TIMES_AND_ECONOMIC_FIELDS,0
dup_8524f3e2ef0458b1,2,"2025/2021-2024/2022/statement (3).html|DREA,補交易紀錄/2022-10-31 帳戶風控03 最高+66.11%.csv",CSV|HTML,rec_3e5a3407f93e7e2a8d27|c_1a7697fec911d83fadec,False,SAME_MINUTE_TIMES_AND_ECONOMIC_FIELDS,0
dup_0d5bf5f27340ee43,2,"2025/2021-2024/2022/statement (3).html|DREA,補交易紀錄/2022-10-31 帳戶風控03 最高+66.11%.csv",CSV|HTML,rec_6d5bf315d17957f86e0e|c_4c3a1afeb8e6974f01ac,False,SAME_MINUTE_TIMES_AND_ECONOMIC_FIELDS,0
dup_edf2713edc5519f0,2,"2025/2021-2024/2022/statement (3).html|DREA,補交易紀錄/2022-10-31 帳戶風控03 最高+66.11%.csv",CSV|HTML,rec_fa35311adc915cdee9b1|c_789e36a69a52f6d48dad,False,SAME_MINUTE_TIMES_AND_ECONOMIC_FIELDS,0
dup_2aec73a1a270a6fb,2,"2025/2021-2024/2022/statement (3).html|DREA,補交易紀錄/2022-10-31 帳戶風控03 最高+66.11%.csv",CSV|HTML,rec_37145f96fbd07301b47d|c_cf7766156dff1ddc6754,False,SAME_MINUTE_TIMES_AND_ECONOMIC_FIELDS,0
dup_d947f85227b5efe9,2,"2025/2021-2024/2022/statement (3).html|DREA,補交易紀錄/2022-10-31 帳戶風控03 最高+66.11%.csv",CSV|HTML,rec_ef98a8604867391232a3|c_817b61eaa9f491e2de4f,False,SAME_MINUTE_TIMES_AND_ECONOMIC_FIELDS,0
dup_7870c0568b01340c,2,"2025/2021-2024/2022/statement (3).html|DREA,補交易紀錄/2022-10-31 帳戶風控03 最高+66.11%.csv",CSV|HTML,rec_fca4e6d3fa48085a317b|c_8633ce0a1690e2c791b6,False,SAME_MINUTE_TIMES_AND_ECONOMIC_FIELDS,0
dup_b7688c71cb4ab6eb,2,"2025/2021-2024/2022/statement (3).html|DREA,補交易紀錄/2022-10-31 帳戶風控03 最高+66.11%.csv",CSV|HTML,rec_41153c8aac10fd3356c8|c_766c9e1ccdb4e6abc9bc,False,SAME_MINUTE_TIMES_AND_ECONOMIC_FIELDS,0
dup_f030d4d997aa7559,2,"2025/2021-2024/2022/statement (3).html|DREA,補交易紀錄/2022-10-31 帳戶風控03 最高+66.11%.csv",CSV|HTML,rec_3aca1b60e118528d84fb|c_35a7c17a80f1ba350c24,False,SAME_MINUTE_TIMES_AND_ECONOMIC_FIELDS,0
dup_5982ec82150d84eb,2,"2025/2021-2024/2022/statement (3).html|DREA,補交易紀錄/2022-10-31 帳戶風控03 最高+66.11%.csv",CSV|HTML,rec_98ffeed266dceb587634|c_61dff7b4e3d7bc9ef172,False,SAME_MINUTE_TIMES_AND_ECONOMIC_FIELDS,0
dup_753090a3821d885e,2,"2025/2021-2024/2022/statement (3).html|DREA,補交易紀錄/2022-10-31 帳戶風控03 最高+66.11%.csv",CSV|HTML,rec_c2eb9885ce7cc780f697|c_12e82f3249dafdd2d58e,False,SAME_MINUTE_TIMES_AND_ECONOMIC_FIELDS,0
dup_56891cefcb889ab8,2,"2025/2021-2024/2022/statement (3).html|DREA,補交易紀錄/2022-10-31 帳戶風控03 最高+66.11%.csv",CSV|HTML,rec_baec360ba4c3ebbaa61a|c_9a69a9d1cddca6256c43,False,SAME_MINUTE_TIMES_AND_ECONOMIC_FIELDS,0
dup_3c994d7f8c8c68d1,2,"2025/2021-2024/2022/statement (4).html|DREA,補交易紀錄/2022-11-3 帳戶風控02 最高+125.6%.csv",CSV|HTML,rec_13b8c9e804b0cc37ff8e|c_a55e495e763d3591a93b,False,SAME_MINUTE_TIMES_AND_ECONOMIC_FIELDS,0
dup_418cee9120307174,2,"2025/2021-2024/2022/statement (4).html|DREA,補交易紀錄/2022-11-3 帳戶風控02 最高+125.6%.csv",CSV|HTML,rec_98b7554f00cb3d86ed3d|c_a9e344750f82a1f988ec,False,SAME_MINUTE_TIMES_AND_ECONOMIC_FIELDS,0
dup_8aebe3c6cb567e88,2,"2025/2021-2024/2022/statement (4).html|DREA,補交易紀錄/2022-11-3 帳戶風控02 最高+125.6%.csv",CSV|HTML,rec_c769fbaea3df1566c5ea|c_f4ca1c684a09da894453,False,SAME_MINUTE_TIMES_AND_ECONOMIC_FIELDS,0
dup_472b343495ae1642,2,"2025/2021-2024/2022/statement (4).html|DREA,補交易紀錄/2022-11-3 帳戶風控02 最高+125.6%.csv",CSV|HTML,rec_e91808b144e66f8ecb3f|c_a5d3c02d78afa50ea93f,False,SAME_MINUTE_TIMES_AND_ECONOMIC_FIELDS,0
dup_f003c323a675b4d1,2,"2025/2021-2024/2022/statement (4).html|DREA,補交易紀錄/2022-11-3 帳戶風控02 最高+125.6%.csv",CSV|HTML,rec_651be6a60f4fdfd17535|c_0b45ebc356ddd5b3b899,False,SAME_MINUTE_TIMES_AND_ECONOMIC_FIELDS,0
dup_4b2c10fbd1b810ae,2,"2025/2021-2024/2022/statement (4).html|DREA,補交易紀錄/2022-11-3 帳戶風控02 最高+125.6%.csv",CSV|HTML,rec_36718887d03502ce0773|c_edb402b7a532c67b5a5b,False,SAME_MINUTE_TIMES_AND_ECONOMIC_FIELDS,0
dup_96feff39521d59f5,2,"2025/2021-2024/2022/statement (4).html|DREA,補交易紀錄/2022-11-3 帳戶風控02 最高+125.6%.csv",CSV|HTML,rec_611783d10b8e4b0055db|c_5ed18af6ce920551e7ef,False,SAME_MINUTE_TIMES_AND_ECONOMIC_FIELDS,0
dup_12d2d4cb9663c103,2,"2025/2021-2024/2022/statement (4).html|DREA,補交易紀錄/2022-11-3 帳戶風控02 最高+125.6%.csv",CSV|HTML,rec_615f757e7c6ab27001ce|c_749ffb4d9c74710455b5,False,SAME_MINUTE_TIMES_AND_ECONOMIC_FIELDS,0
dup_019dbd6c6285c56e,2,"2025/2021-2024/2022/statement (4).html|DREA,補交易紀錄/2022-11-3 帳戶風控02 最高+125.6%.csv",CSV|HTML,rec_46dfb9fbaf5d4b4b2b70|c_817b9d892a5b7561f155,False,SAME_MINUTE_TIMES_AND_ECONOMIC_FIELDS,0
dup_473a3a8be3c7f440,2,"2025/2021-2024/2022/statement (4).html|DREA,補交易紀錄/2022-11-3 帳戶風控02 最高+125.6%.csv",CSV|HTML,rec_ca74d6611dcbd9209697|c_0d82510adc4f3e8b8f97,False,SAME_MINUTE_TIMES_AND_ECONOMIC_FIELDS,0
dup_2cdb4a4d920e7b27,2,"2025/2021-2024/2022/statement (4).html|DREA,補交易紀錄/2022-11-3 帳戶風控02 最高+125.6%.csv",CSV|HTML,rec_a710d2cea6f7c030d355|c_d1cfe9aafbd197653cf9,False,SAME_MINUTE_TIMES_AND_ECONOMIC_FIELDS,0
dup_2741743b6ee2ed45,2,"2025/2021-2024/2022/statement (4).html|DREA,補交易紀錄/2022-11-3 帳戶風控02 最高+125.6%.csv",CSV|HTML,rec_cb426501c97cc5495a87|c_9ce3734cb11e545b935c,False,SAME_MINUTE_TIMES_AND_ECONOMIC_FIELDS,0
dup_915b7df7a33ab5ba,2,"2025/2021-2024/2022/statement (4).html|DREA,補交易紀錄/2022-11-3 帳戶風控02 最高+125.6%.csv",CSV|HTML,rec_01375b0fa89452fe8905|c_7d2a2be9b57f9842b4dd,False,SAME_MINUTE_TIMES_AND_ECONOMIC_FIELDS,0
dup_fe4ae62c921069f6,2,"2025/2021-2024/2022/statement (4).html|DREA,補交易紀錄/2022-11-3 帳戶風控02 最高+125.6%.csv",CSV|HTML,rec_6b8b79c11533125b422b|c_0256c9dba170bc1bef03,False,SAME_MINUTE_TIMES_AND_ECONOMIC_FIELDS,0
dup_6e7ec1944c1bdea2,2,"2025/2021-2024/2022/statement (4).html|DREA,補交易紀錄/2022-11-3 帳戶風控02 最高+125.6%.csv",CSV|HTML,rec_f62e6e8cead1ccb65968|c_2cc8ba20801a6a8c5806,False,SAME_MINUTE_TIMES_AND_ECONOMIC_FIELDS,0
dup_32572dc039d8d6ca,2,"2025/2021-2024/2022/statement (4).html|DREA,補交易紀錄/2022-11-3 帳戶風控02 最高+125.6%.csv",CSV|HTML,rec_b7884406c0b7dc9d5dac|c_de870432d7b1a43a3007,False,SAME_MINUTE_TIMES_AND_ECONOMIC_FIELDS,0
dup_956bd6719531b111,2,"2025/2021-2024/2022/statement (4).html|DREA,補交易紀錄/2022-11-3 帳戶風控02 最高+125.6%.csv",CSV|HTML,rec_a0b746964758f387c199|c_582615c1624679ab5bb2,False,SAME_MINUTE_TIMES_AND_ECONOMIC_FIELDS,0
dup_52079b5c5719db53,2,"2025/2021-2024/2022/statement (4).html|DREA,補交易紀錄/2022-11-3 帳戶風控02 最高+125.6%.csv",CSV|HTML,rec_289a33cc1d42028b1151|c_0eda5b6a9fa6eeafff98,False,SAME_MINUTE_TIMES_AND_ECONOMIC_FIELDS,0
dup_3675405a9567197a,2,"2025/2021-2024/2022/statement (4).html|DREA,補交易紀錄/2022-11-3 帳戶風控02 最高+125.6%.csv",CSV|HTML,rec_39f56f6db4a707a2f6e2|c_173f82619803f14b6932,False,SAME_MINUTE_TIMES_AND_ECONOMIC_FIELDS,0
dup_d72b2e9df71ae144,2,"2025/2021-2024/2022/statement (4).html|DREA,補交易紀錄/2022-11-3 帳戶風控02 最高+125.6%.csv",CSV|HTML,rec_7a9a3d8e8daa841acf7e|c_41727569e0d9e7b35285,False,SAME_MINUTE_TIMES_AND_ECONOMIC_FIELDS,0
dup_5fd837a8b64432c9,2,"2025/2021-2024/2022/statement (4).html|DREA,補交易紀錄/2022-11-3 帳戶風控02 最高+125.6%.csv",CSV|HTML,rec_76fdf640777c37c3fcbb|c_563cb984a05484bbc73b,False,SAME_MINUTE_TIMES_AND_ECONOMIC_FIELDS,0
dup_35d73ff376a8f7eb,2,"2025/2021-2024/2022/statement (4).html|DREA,補交易紀錄/2022-11-3 帳戶風控02 最高+125.6%.csv",CSV|HTML,rec_795766307e7863dea121|c_c54fedc2e68cb86cb11b,False,SAME_MINUTE_TIMES_AND_ECONOMIC_FIELDS,0
dup_7d72c1f44d11f549,2,"2025/2021-2024/2022/statement (4).html|DREA,補交易紀錄/2022-11-3 帳戶風控02 最高+125.6%.csv",CSV|HTML,rec_5877a2c7cc2f5c58a22f|c_8cd1525b312577f54e9c,False,SAME_MINUTE_TIMES_AND_ECONOMIC_FIELDS,0
dup_5b28a5833c7b1b7b,2,"2025/2021-2024/2022/statement (4).html|DREA,補交易紀錄/2022-11-3 帳戶風控02 最高+125.6%.csv",CSV|HTML,rec_8eaa62c0722941084086|c_0b8329e269690c3e7d2f,False,SAME_MINUTE_TIMES_AND_ECONOMIC_FIELDS,0
dup_2570ec9386e14d9c,2,"2025/2021-2024/2022/statement (4).html|DREA,補交易紀錄/2022-11-3 帳戶風控02 最高+125.6%.csv",CSV|HTML,rec_6367acd37f6fdc680955|c_7a62a7dde4ce5e4557ff,False,SAME_MINUTE_TIMES_AND_ECONOMIC_FIELDS,0
dup_9cc8efc9e50eb388,2,"2025/2021-2024/2022/statement (4).html|DREA,補交易紀錄/2022-11-3 帳戶風控02 最高+125.6%.csv",CSV|HTML,rec_534007a62a260812871f|c_42446df5ef4ab71c6b93,False,SAME_MINUTE_TIMES_AND_ECONOMIC_FIELDS,0
dup_be56710c48350774,2,"2025/2021-2024/2022/statement (4).html|DREA,補交易紀錄/2022-11-3 帳戶風控02 最高+125.6%.csv",CSV|HTML,rec_a7f1e68d64f5f294229b|c_3f7de33ecce8cfa0c196,False,SAME_MINUTE_TIMES_AND_ECONOMIC_FIELDS,0
dup_b5feba03f9ce30cb,2,"2025/2021-2024/2022/statement (4).html|DREA,補交易紀錄/2022-11-3 帳戶風控02 最高+125.6%.csv",CSV|HTML,rec_1716278b639e7bd8ea01|c_2e61857d2ffab6b60100,False,SAME_MINUTE_TIMES_AND_ECONOMIC_FIELDS,0
dup_fb22cadf03c0ede3,2,"2025/2021-2024/2022/statement (4).html|DREA,補交易紀錄/2022-11-3 帳戶風控02 最高+125.6%.csv",CSV|HTML,rec_03cbefb2610ce37ad3c9|c_448f6a363e341cf637c4,False,SAME_MINUTE_TIMES_AND_ECONOMIC_FIELDS,0
dup_72a65012a4630cbd,2,"2025/2021-2024/2022/statement (5).html|DREA,補交易紀錄/2022-11-9 帳戶風控01 最高+641.69%.csv",CSV|HTML,rec_5c9b949cf2a9b289f763|c_b4cbce4e631cd396332c,False,SAME_MINUTE_TIMES_AND_ECONOMIC_FIELDS,0
dup_ade655ba37110c21,2,"2025/2021-2024/2022/statement (5).html|DREA,補交易紀錄/2022-11-9 帳戶風控01 最高+641.69%.csv",CSV|HTML,rec_f1638524a43fcb24a444|c_663732fdaaed2ab3a550,False,SAME_MINUTE_TIMES_AND_ECONOMIC_FIELDS,0
dup_ecd77419622653b4,2,"2025/2021-2024/2022/statement (5).html|DREA,補交易紀錄/2022-11-9 帳戶風控01 最高+641.69%.csv",CSV|HTML,rec_c301ea091a6359fd5a1d|c_e2e208a9f6d2e70bb1be,False,SAME_MINUTE_TIMES_AND_ECONOMIC_FIELDS,0
dup_8bbb2411170e51da,2,"2025/2021-2024/2022/statement (5).html|DREA,補交易紀錄/2022-11-9 帳戶風控01 最高+641.69%.csv",CSV|HTML,rec_ead68627ce28102b155d|c_42c57c1b21090e93deae,False,SAME_MINUTE_TIMES_AND_ECONOMIC_FIELDS,0
dup_a9b14212a25706cd,2,"2025/2021-2024/2022/statement (5).html|DREA,補交易紀錄/2022-11-9 帳戶風控01 最高+641.69%.csv",CSV|HTML,rec_53e0fa22dff9cea8ca3b|c_bb346fb3b9a4926517ce,False,SAME_MINUTE_TIMES_AND_ECONOMIC_FIELDS,0
dup_d42c5567c8d5a517,2,"2025/2021-2024/2022/statement (5).html|DREA,補交易紀錄/2022-11-9 帳戶風控01 最高+641.69%.csv",CSV|HTML,rec_a4f2fd12d3262da93396|c_c883475c4ccd4106011f,False,SAME_MINUTE_TIMES_AND_ECONOMIC_FIELDS,0
dup_ef1d4870e187bb7b,2,"2025/2021-2024/2022/statement (5).html|DREA,補交易紀錄/2022-11-9 帳戶風控01 最高+641.69%.csv",CSV|HTML,rec_cd3edfad753d95ff761f|c_407412c7711804469bec,False,SAME_MINUTE_TIMES_AND_ECONOMIC_FIELDS,0
dup_eb82852f30b20c72,2,"2025/2021-2024/2022/statement (5).html|DREA,補交易紀錄/2022-11-9 帳戶風控01 最高+641.69%.csv",CSV|HTML,rec_2e55a43d68799d9216b3|c_f5dc48fab67bf0f97b10,False,SAME_MINUTE_TIMES_AND_ECONOMIC_FIELDS,0
dup_fe1ab68a5c2466ed,2,"2025/2021-2024/2022/statement (5).html|DREA,補交易紀錄/2022-11-9 帳戶風控01 最高+641.69%.csv",CSV|HTML,rec_6e1a6096df6a973029af|c_0d523f08c8de52372c21,False,SAME_MINUTE_TIMES_AND_ECONOMIC_FIELDS,0
dup_6575dbf0c8a6f524,2,"2025/2021-2024/2022/statement (5).html|DREA,補交易紀錄/2022-11-9 帳戶風控01 最高+641.69%.csv",CSV|HTML,rec_50826baf545436cb27dd|c_abc0ff567de4361aae3d,False,SAME_MINUTE_TIMES_AND_ECONOMIC_FIELDS,0
dup_55feee3c834252c9,2,"2025/2021-2024/2022/statement (5).html|DREA,補交易紀錄/2022-11-9 帳戶風控01 最高+641.69%.csv",CSV|HTML,rec_58945101d705693f3e80|c_196202f286d86b99035d,False,SAME_MINUTE_TIMES_AND_ECONOMIC_FIELDS,0
dup_4fc3731240950c92,2,"2025/2021-2024/2022/statement (5).html|DREA,補交易紀錄/2022-11-9 帳戶風控01 最高+641.69%.csv",CSV|HTML,rec_942c301366a1013a6a6d|c_443a2fdd16eb732ddd69,False,SAME_MINUTE_TIMES_AND_ECONOMIC_FIELDS,0
dup_27efda32ca0ef3a6,2,"2025/2021-2024/2022/statement (5).html|DREA,補交易紀錄/2022-11-9 帳戶風控01 最高+641.69%.csv",CSV|HTML,rec_e4600c11a5d74bb91185|c_6270dc3b0adcc9ea278f,False,SAME_MINUTE_TIMES_AND_ECONOMIC_FIELDS,0
dup_776a1d2f18dcfc16,2,"2025/2021-2024/2022/statement (5).html|DREA,補交易紀錄/2022-11-9 帳戶風控01 最高+641.69%.csv",CSV|HTML,rec_4b1dbedc2d4375c8962f|c_dba7ae26fd4b8251001a,False,SAME_MINUTE_TIMES_AND_ECONOMIC_FIELDS,0
dup_90424c847cb0390b,2,"2025/2021-2024/2022/statement (5).html|DREA,補交易紀錄/2022-11-9 帳戶風控01 最高+641.69%.csv",CSV|HTML,rec_8cfdc56df618417e2627|c_8d7305054e857d945787,False,SAME_MINUTE_TIMES_AND_ECONOMIC_FIELDS,0
dup_0d0196dd1c4e5562,2,"2025/2021-2024/2022/statement (5).html|DREA,補交易紀錄/2022-11-9 帳戶風控01 最高+641.69%.csv",CSV|HTML,rec_5ec5a141b2540063cf9e|c_5a562fc5a16852dc0d6c,False,SAME_MINUTE_TIMES_AND_ECONOMIC_FIELDS,0
dup_4c346e05ee45c9cf,2,"2025/2021-2024/2022/statement (5).html|DREA,補交易紀錄/2022-11-9 帳戶風控01 最高+641.69%.csv",CSV|HTML,rec_11b4f1335abd72a5eed3|c_e36fd6b2f7946ba9488f,False,SAME_MINUTE_TIMES_AND_ECONOMIC_FIELDS,0
dup_8af8981efcc69209,2,"2025/2021-2024/2022/statement (5).html|DREA,補交易紀錄/2022-11-9 帳戶風控01 最高+641.69%.csv",CSV|HTML,rec_b39a6159d2736d595b07|c_38f6a3dbf91ab9bbded6,False,SAME_MINUTE_TIMES_AND_ECONOMIC_FIELDS,0
dup_e96703f636bd9386,2,"2025/2021-2024/2022/statement (5).html|DREA,補交易紀錄/2022-11-9 帳戶風控01 最高+641.69%.csv",CSV|HTML,rec_85da12ebe738734157ac|c_c6511aa249e8c2af360c,False,SAME_MINUTE_TIMES_AND_ECONOMIC_FIELDS,0
dup_187576b36947f494,2,"2025/2021-2024/2022/statement (5).html|DREA,補交易紀錄/2022-11-9 帳戶風控01 最高+641.69%.csv",CSV|HTML,rec_e73d852da7a0ad2cc5c2|c_eff54a986a498d3b14a2,False,SAME_MINUTE_TIMES_AND_ECONOMIC_FIELDS,0
dup_f103084fabe40be4,2,"2025/2021-2024/2022/statement (5).html|DREA,補交易紀錄/2022-11-9 帳戶風控01 最高+641.69%.csv",CSV|HTML,rec_1d978419cdab9886c0f0|c_0c490a5b4e1085454dad,False,SAME_MINUTE_TIMES_AND_ECONOMIC_FIELDS,0
dup_fd8df4638422baf1,2,"2025/2021-2024/2022/statement (5).html|DREA,補交易紀錄/2022-11-9 帳戶風控01 最高+641.69%.csv",CSV|HTML,rec_6a3ed0870b80a7b0b41e|c_40a6ccabc6055be771bc,False,SAME_MINUTE_TIMES_AND_ECONOMIC_FIELDS,0
dup_2eb037ea1b323cd5,2,"2025/2021-2024/2022/statement (5).html|DREA,補交易紀錄/2022-11-9 帳戶風控01 最高+641.69%.csv",CSV|HTML,rec_bb08b5c216b40be0eecc|c_f46551754d5d38c6f73b,False,SAME_MINUTE_TIMES_AND_ECONOMIC_FIELDS,0
dup_c3d6d130b658d164,2,"2025/2021-2024/2022/statement (5).html|DREA,補交易紀錄/2022-11-9 帳戶風控01 最高+641.69%.csv",CSV|HTML,rec_5a6a383d2312f6b30dde|c_b0709f609a894bbc53e6,False,SAME_MINUTE_TIMES_AND_ECONOMIC_FIELDS,0
dup_0db6c4eeba460a10,2,"2025/2021-2024/2022/statement (5).html|DREA,補交易紀錄/2022-11-9 帳戶風控01 最高+641.69%.csv",CSV|HTML,rec_9811990acf61a862873b|c_2cfdce51c8152bfffe7e,False,SAME_MINUTE_TIMES_AND_ECONOMIC_FIELDS,0
dup_99ccf788cb3552c2,2,"2025/2021-2024/2022/statement (5).html|DREA,補交易紀錄/2022-11-9 帳戶風控01 最高+641.69%.csv",CSV|HTML,rec_e985ec627aa622851344|c_fc4c3196897214ebecac,False,SAME_MINUTE_TIMES_AND_ECONOMIC_FIELDS,0
dup_f81ca0264051e920,2,"2025/2021-2024/2022/statement (5).html|DREA,補交易紀錄/2022-11-9 帳戶風控01 最高+641.69%.csv",CSV|HTML,rec_7b3ac327c10eaf3a2ef3|c_7ac97f8b4ad4eb434616,False,SAME_MINUTE_TIMES_AND_ECONOMIC_FIELDS,0
dup_c1c64f97cb1bb8cb,2,"2025/2021-2024/2022/statement (5).html|DREA,補交易紀錄/2022-11-9 帳戶風控01 最高+641.69%.csv",CSV|HTML,rec_3976ce8aaca4894302fd|c_df9a25fd7850ecd38f4a,False,SAME_MINUTE_TIMES_AND_ECONOMIC_FIELDS,0
dup_789ea4d95635b86f,2,"2025/2021-2024/2022/statement (5).html|DREA,補交易紀錄/2022-11-9 帳戶風控01 最高+641.69%.csv",CSV|HTML,rec_43103ea462457eba81d3|c_c5c93da983247b49f5c6,False,SAME_MINUTE_TIMES_AND_ECONOMIC_FIELDS,0
dup_fe8500bd9bc0ed1d,2,"2025/2021-2024/2022/statement (5).html|DREA,補交易紀錄/2022-11-9 帳戶風控01 最高+641.69%.csv",CSV|HTML,rec_8bdafd48019d6f522870|c_872ef90a9a4557ef3405,False,SAME_MINUTE_TIMES_AND_ECONOMIC_FIELDS,0
dup_6dcf63ea9e31c04a,2,"2025/2021-2024/2022/statement (5).html|DREA,補交易紀錄/2022-11-9 帳戶風控01 最高+641.69%.csv",CSV|HTML,rec_1d98dadc0cb4e3fec440|c_e0db4f7493fafb50a268,False,SAME_MINUTE_TIMES_AND_ECONOMIC_FIELDS,0
dup_523d6fe7fa7b34b1,2,"2025/2021-2024/2022/statement (5).html|DREA,補交易紀錄/2022-11-9 帳戶風控01 最高+641.69%.csv",CSV|HTML,rec_e67bbd4c5e21078f9f07|c_b17bb76fa6400ed6daa2,False,SAME_MINUTE_TIMES_AND_ECONOMIC_FIELDS,0
dup_4795c8b4e5b23e45,2,"2025/2021-2024/2022/statement (5).html|DREA,補交易紀錄/2022-11-9 帳戶風控01 最高+641.69%.csv",CSV|HTML,rec_db8e196aec672b8c0f93|c_44a0563ce97598b1e715,False,SAME_MINUTE_TIMES_AND_ECONOMIC_FIELDS,0
dup_4736071dc78a5582,2,"2025/2021-2024/2022/statement (5).html|DREA,補交易紀錄/2022-11-9 帳戶風控01 最高+641.69%.csv",CSV|HTML,rec_23ccdb014137603e5600|c_024f3fc25a1c68d61733,False,SAME_MINUTE_TIMES_AND_ECONOMIC_FIELDS,0
dup_f1e78390cc9d8f36,2,"2025/2021-2024/2022/statement (5).html|DREA,補交易紀錄/2022-11-9 帳戶風控01 最高+641.69%.csv",CSV|HTML,rec_611b04b47f4cb14b37f1|c_b82776bb2ef0c977bc80,False,SAME_MINUTE_TIMES_AND_ECONOMIC_FIELDS,0
dup_3349a10a22868c4d,2,"2025/2021-2024/2022/statement (6).html|DREA,補交易紀錄/2022-11-28 gold 上排行前3 最高+1,134%.csv",CSV|HTML,rec_77d96f0c68352401d7b1|c_8e4316932ffc5d8ea450,False,SAME_MINUTE_TIMES_AND_ECONOMIC_FIELDS,0
dup_6c96ec8c69fa6fb5,2,"2025/2021-2024/2022/statement (6).html|DREA,補交易紀錄/2022-11-28 gold 上排行前3 最高+1,134%.csv",CSV|HTML,rec_0bad27f94b56a930c622|c_1131aec155e54cd0cc52,False,SAME_MINUTE_TIMES_AND_ECONOMIC_FIELDS,0
dup_06c41979a554bd3f,2,"2025/2021-2024/2022/statement (6).html|DREA,補交易紀錄/2022-11-28 gold 上排行前3 最高+1,134%.csv",CSV|HTML,rec_977df1c5e322392e61d0|c_553db6d809feab672b68,False,SAME_MINUTE_TIMES_AND_ECONOMIC_FIELDS,0
dup_d35ad12a094c0ba3,2,"2025/2021-2024/2022/statement (6).html|DREA,補交易紀錄/2022-11-28 gold 上排行前3 最高+1,134%.csv",CSV|HTML,rec_974e66c3ffea469d3f5f|c_6c0a4a7c78f5687bae27,False,SAME_MINUTE_TIMES_AND_ECONOMIC_FIELDS,0
dup_1c2217b985acdf7b,2,"2025/2021-2024/2022/statement (6).html|DREA,補交易紀錄/2022-11-28 gold 上排行前3 最高+1,134%.csv",CSV|HTML,rec_337373e90760691fae8b|c_44e1cc34f61fee95ae80,False,SAME_MINUTE_TIMES_AND_ECONOMIC_FIELDS,0
dup_c965cb11eb8fef0e,2,"2025/2021-2024/2022/statement (6).html|DREA,補交易紀錄/2022-11-28 gold 上排行前3 最高+1,134%.csv",CSV|HTML,rec_6642bcebdebbad238d9f|c_38949bfc5b769ba14600,False,SAME_MINUTE_TIMES_AND_ECONOMIC_FIELDS,0
dup_c589a1ec406de72e,2,"2025/2021-2024/2022/statement (6).html|DREA,補交易紀錄/2022-11-28 gold 上排行前3 最高+1,134%.csv",CSV|HTML,rec_7466dc2076d63e3245d3|c_2c1f203a73abea33657c,False,SAME_MINUTE_TIMES_AND_ECONOMIC_FIELDS,0
dup_9152d0484c4ddd21,2,"2025/2021-2024/2022/statement (6).html|DREA,補交易紀錄/2022-11-28 gold 上排行前3 最高+1,134%.csv",CSV|HTML,rec_ad65b839edf22f494487|c_5c36388086593864c69e,False,SAME_MINUTE_TIMES_AND_ECONOMIC_FIELDS,0
dup_b194b0ca68b3b66b,2,"2025/2021-2024/2022/statement (6).html|DREA,補交易紀錄/2022-11-28 gold 上排行前3 最高+1,134%.csv",CSV|HTML,rec_b09bdc7c6583c8dc0461|c_3f49cd3272a1a18bbcfd,False,SAME_MINUTE_TIMES_AND_ECONOMIC_FIELDS,0
dup_ee350294f734de32,2,"2025/2021-2024/2022/statement (6).html|DREA,補交易紀錄/2022-11-28 gold 上排行前3 最高+1,134%.csv",CSV|HTML,rec_fce5fb175ab44811d52d|c_19172f04b53a29043ced,False,SAME_MINUTE_TIMES_AND_ECONOMIC_FIELDS,0
dup_8bd8e8ed59ae46ee,2,"2025/2021-2024/2022/statement (6).html|DREA,補交易紀錄/2022-11-28 gold 上排行前3 最高+1,134%.csv",CSV|HTML,rec_b887dd24df6b2295bfee|c_e92262ddb3ef6a3712d3,False,SAME_MINUTE_TIMES_AND_ECONOMIC_FIELDS,0
dup_ec79649aab6cc926,2,"2025/2021-2024/2022/statement (6).html|DREA,補交易紀錄/2022-11-28 gold 上排行前3 最高+1,134%.csv",CSV|HTML,rec_0d996180ee96c828bca7|c_6a15e18f80d547b3da57,False,SAME_MINUTE_TIMES_AND_ECONOMIC_FIELDS,0
dup_99b20d2e797a4b6f,2,"2025/2021-2024/2022/statement (6).html|DREA,補交易紀錄/2022-11-28 gold 上排行前3 最高+1,134%.csv",CSV|HTML,rec_16b52f876f3f817d0d39|c_6ee28d27c51d4a8cbdd1,False,SAME_MINUTE_TIMES_AND_ECONOMIC_FIELDS,0
dup_2024048c0045c8aa,2,"2025/2021-2024/2022/statement (6).html|DREA,補交易紀錄/2022-11-28 gold 上排行前3 最高+1,134%.csv",CSV|HTML,rec_01c47de6c1010a1e146c|c_e6c4926738eafe9ec4e0,False,SAME_MINUTE_TIMES_AND_ECONOMIC_FIELDS,0
dup_4e506cec72621a26,2,"2025/2021-2024/2022/statement (6).html|DREA,補交易紀錄/2022-11-28 gold 上排行前3 最高+1,134%.csv",CSV|HTML,rec_b087a243e5be7055a5ff|c_f8e60b3b078b05f86be5,False,SAME_MINUTE_TIMES_AND_ECONOMIC_FIELDS,0
dup_770e33f8cfaef972,2,"2025/2021-2024/2022/statement (6).html|DREA,補交易紀錄/2022-11-28 gold 上排行前3 最高+1,134%.csv",CSV|HTML,rec_7a5a75657f961c6bbee2|c_5c061736f2d1aad9a533,False,SAME_MINUTE_TIMES_AND_ECONOMIC_FIELDS,0
dup_04302124ee93dba7,2,"2025/2021-2024/2022/statement (6).html|DREA,補交易紀錄/2022-11-28 gold 上排行前3 最高+1,134%.csv",CSV|HTML,rec_14e3de185aab09f61853|c_f20a938acaecf230b156,False,SAME_MINUTE_TIMES_AND_ECONOMIC_FIELDS,0
dup_1caaea8dfe831973,2,"2025/2021-2024/2022/statement (6).html|DREA,補交易紀錄/2022-11-28 gold 上排行前3 最高+1,134%.csv",CSV|HTML,rec_c961dcbbe431bff000bd|c_447967f7018f5befee10,False,SAME_MINUTE_TIMES_AND_ECONOMIC_FIELDS,0
dup_d318ace9621059ca,2,"2025/2021-2024/2022/statement (6).html|DREA,補交易紀錄/2022-11-28 gold 上排行前3 最高+1,134%.csv",CSV|HTML,rec_bb286a99579972c189b0|c_06b0f56e7b2098281a41,False,SAME_MINUTE_TIMES_AND_ECONOMIC_FIELDS,0
dup_1ce24c954f753e7a,2,"2025/2021-2024/2022/statement (6).html|DREA,補交易紀錄/2022-11-28 gold 上排行前3 最高+1,134%.csv",CSV|HTML,rec_41c3ff71a9983fe2c82d|c_deee04f0caafd9ec97bd,False,SAME_MINUTE_TIMES_AND_ECONOMIC_FIELDS,0
dup_569c7a3d5320b030,2,"2025/2021-2024/2022/statement (6).html|DREA,補交易紀錄/2022-11-28 gold 上排行前3 最高+1,134%.csv",CSV|HTML,rec_74ec43349dcf9b21f930|c_69aea3236ca9fcb2a6ea,False,SAME_MINUTE_TIMES_AND_ECONOMIC_FIELDS,0
dup_77ababe8457a3f2d,2,"2025/2021-2024/2022/statement (6).html|DREA,補交易紀錄/2022-11-28 gold 上排行前3 最高+1,134%.csv",CSV|HTML,rec_4481b60d25ac2f5c9aa9|c_1890dda1157d002fc04d,False,SAME_MINUTE_TIMES_AND_ECONOMIC_FIELDS,0
dup_463bfdfc5140f5f1,2,"2025/2021-2024/2022/statement (6).html|DREA,補交易紀錄/2022-11-28 gold 上排行前3 最高+1,134%.csv",CSV|HTML,rec_17445f7aa6379b582705|c_d164e31048bde7aa7ae4,False,SAME_MINUTE_TIMES_AND_ECONOMIC_FIELDS,0
dup_11bf43153bc556b0,2,"2025/2021-2024/2022/statement (6).html|DREA,補交易紀錄/2022-11-28 gold 上排行前3 最高+1,134%.csv",CSV|HTML,rec_76c3aea01c0099664a1c|c_fca2e91ef7f2b9068301,False,SAME_MINUTE_TIMES_AND_ECONOMIC_FIELDS,0
dup_8851ac475a1221f6,2,"2025/2021-2024/2022/statement (6).html|DREA,補交易紀錄/2022-11-28 gold 上排行前3 最高+1,134%.csv",CSV|HTML,rec_60b5d25921e933d1be76|c_89bdeed3033cb5cee8b6,False,SAME_MINUTE_TIMES_AND_ECONOMIC_FIELDS,0
dup_54ef2771429d4601,2,"2025/2021-2024/2022/statement (6).html|DREA,補交易紀錄/2022-11-28 gold 上排行前3 最高+1,134%.csv",CSV|HTML,rec_87c9530089c84c772984|c_66612c5881c0bb8e713b,False,SAME_MINUTE_TIMES_AND_ECONOMIC_FIELDS,0
dup_9e7ef24701e3358b,2,"2025/2021-2024/2022/statement (6).html|DREA,補交易紀錄/2022-11-28 gold 上排行前3 最高+1,134%.csv",CSV|HTML,rec_7502be419430c1735136|c_91aa1fbe3b5c56aacccf,False,SAME_MINUTE_TIMES_AND_ECONOMIC_FIELDS,0
dup_a8d9b11be8ed1799,2,"2025/2021-2024/2022/statement (6).html|DREA,補交易紀錄/2022-11-28 gold 上排行前3 最高+1,134%.csv",CSV|HTML,rec_236cd99a7686de50097a|c_e46dec5111decab0ff0c,False,SAME_MINUTE_TIMES_AND_ECONOMIC_FIELDS,0
dup_f04e0d4fa1977a0e,2,"2025/2021-2024/2022/statement (6).html|DREA,補交易紀錄/2022-11-28 gold 上排行前3 最高+1,134%.csv",CSV|HTML,rec_784f8b0cad5239727e03|c_70031ccce3262db71557,False,SAME_MINUTE_TIMES_AND_ECONOMIC_FIELDS,0
dup_43ab45129ce5aa83,2,"2025/2021-2024/2022/statement (6).html|DREA,補交易紀錄/2022-11-28 gold 上排行前3 最高+1,134%.csv",CSV|HTML,rec_0ebbaee5238132ee5a17|c_50e3afac1fc260eba246,False,SAME_MINUTE_TIMES_AND_ECONOMIC_FIELDS,0
dup_8a864cd690e03969,2,"2025/2021-2024/2022/statement (6).html|DREA,補交易紀錄/2022-11-28 gold 上排行前3 最高+1,134%.csv",CSV|HTML,rec_6b68807aa34cd753fdfd|c_74474127db703bcc1af7,False,SAME_MINUTE_TIMES_AND_ECONOMIC_FIELDS,0
dup_30015dc4e5ea6674,2,"2025/2021-2024/2022/statement (6).html|DREA,補交易紀錄/2022-11-28 gold 上排行前3 最高+1,134%.csv",CSV|HTML,rec_e9d66056bf65f08f8a1e|c_0eccf45ea7ffd8b3d493,False,SAME_MINUTE_TIMES_AND_ECONOMIC_FIELDS,0
dup_2bfd26d0fc177ecc,2,"2025/2021-2024/2022/statement (6).html|DREA,補交易紀錄/2022-11-28 gold 上排行前3 最高+1,134%.csv",CSV|HTML,rec_eabee740519eec73077d|c_216b6ddf0bd4e29b3d5e,False,SAME_MINUTE_TIMES_AND_ECONOMIC_FIELDS,0
dup_d274b6a4fd74dad3,2,"2025/2021-2024/2022/statement (6).html|DREA,補交易紀錄/2022-11-28 gold 上排行前3 最高+1,134%.csv",CSV|HTML,rec_c0da0420d6a7e9ba57d7|c_26e0d9e5bf3b3325c371,False,SAME_MINUTE_TIMES_AND_ECONOMIC_FIELDS,0
dup_8eeb60fcece76e3c,2,"2025/2021-2024/2022/statement (6).html|DREA,補交易紀錄/2022-11-28 gold 上排行前3 最高+1,134%.csv",CSV|HTML,rec_462a443f208285bffa1e|c_29da9be40f613339db12,False,SAME_MINUTE_TIMES_AND_ECONOMIC_FIELDS,0
dup_4fd9fc773c01179b,2,"2025/2021-2024/2022/statement (6).html|DREA,補交易紀錄/2022-11-28 gold 上排行前3 最高+1,134%.csv",CSV|HTML,rec_3e1cc0b0107841e77148|c_4e798b89edf2a2ced88a,False,SAME_MINUTE_TIMES_AND_ECONOMIC_FIELDS,0
dup_59d05facbb6dca01,2,"2025/2021-2024/2022/statement (6).html|DREA,補交易紀錄/2022-11-28 gold 上排行前3 最高+1,134%.csv",CSV|HTML,rec_70446424444a31823cae|c_7143de639bc4d21ac4b2,False,SAME_MINUTE_TIMES_AND_ECONOMIC_FIELDS,0
dup_41a492d64bd2146b,2,"2025/2021-2024/2022/statement (6).html|DREA,補交易紀錄/2022-11-28 gold 上排行前3 最高+1,134%.csv",CSV|HTML,rec_ff6f257639a7f1697f6e|c_0006f75a097c3361b619,False,SAME_MINUTE_TIMES_AND_ECONOMIC_FIELDS,0
dup_9d11b39bd2e89566,2,"2025/2021-2024/2022/statement (1).html|DREA,補交易紀錄/2022-12-27 帳戶風控0769 最高+125.88%.csv",CSV|HTML,rec_1e50773a3f3c78178c89|c_746c4ee0a83972309567,False,SAME_MINUTE_TIMES_AND_ECONOMIC_FIELDS,0
dup_3212675c33666e89,2,"2025/2021-2024/2022/statement (1).html|DREA,補交易紀錄/2022-12-27 帳戶風控0769 最高+125.88%.csv",CSV|HTML,rec_2f090756587d34f4ff15|c_bc1aa660c8662d11f819,False,SAME_MINUTE_TIMES_AND_ECONOMIC_FIELDS,0
dup_7e897e59954cd8ba,2,"2025/2021-2024/2022/statement (1).html|DREA,補交易紀錄/2022-12-27 帳戶風控0769 最高+125.88%.csv",CSV|HTML,rec_95655ad2a42838a3fb14|c_7addc0faddfb7ed80b30,False,SAME_MINUTE_TIMES_AND_ECONOMIC_FIELDS,0
dup_b075fb9b0ac0ed20,2,"2025/2021-2024/2022/statement (1).html|DREA,補交易紀錄/2022-12-27 帳戶風控0769 最高+125.88%.csv",CSV|HTML,rec_34a255a665d94f438ea8|c_0b6bc272eac671987915,False,SAME_MINUTE_TIMES_AND_ECONOMIC_FIELDS,0
dup_6c7936fa0999a8ae,2,"2025/2021-2024/2022/statement (6).html|DREA,補交易紀錄/2022-11-28 gold 上排行前3 最高+1,134%.csv",CSV|HTML,rec_a3f34c6a1ea00a8fd804|c_45450cdc03414eab3f73,False,SAME_MINUTE_TIMES_AND_ECONOMIC_FIELDS,0
dup_0b1460ba60ec7673,2,"2025/2021-2024/2022/statement (6).html|DREA,補交易紀錄/2022-11-28 gold 上排行前3 最高+1,134%.csv",CSV|HTML,rec_5483de224af98995f054|c_8249c2367d3261f2ec93,False,SAME_MINUTE_TIMES_AND_ECONOMIC_FIELDS,0
dup_92eb74ffa4949d8f,2,"2025/2021-2024/2022/statement (6).html|DREA,補交易紀錄/2022-11-28 gold 上排行前3 最高+1,134%.csv",CSV|HTML,rec_843ca5841a8b765fa4d7|c_29dac8a57bac96c4a869,False,SAME_MINUTE_TIMES_AND_ECONOMIC_FIELDS,0
dup_c1bf99d9bc941248,2,"2025/2021-2024/2022/statement (6).html|DREA,補交易紀錄/2022-11-28 gold 上排行前3 最高+1,134%.csv",CSV|HTML,rec_da045579f6e2d0d1b6d6|c_28e5f3fa561a4e2965df,False,SAME_MINUTE_TIMES_AND_ECONOMIC_FIELDS,0
dup_64253ef35498d5bf,2,"2025/2021-2024/2022/statement (6).html|DREA,補交易紀錄/2022-11-28 gold 上排行前3 最高+1,134%.csv",CSV|HTML,rec_b6fab78045118de99a12|c_e13016a6023a8074a987,False,SAME_MINUTE_TIMES_AND_ECONOMIC_FIELDS,0
dup_6767a33a80199773,2,"2025/2021-2024/2022/statement (1).html|DREA,補交易紀錄/2022-12-27 帳戶風控0769 最高+125.88%.csv",CSV|HTML,rec_c9287c580cf89d3250ca|c_dcd497f2a51a7768657e,False,SAME_MINUTE_TIMES_AND_ECONOMIC_FIELDS,0
dup_76d5c10a0e576089,2,"2025/2021-2024/2022/statement (1).html|DREA,補交易紀錄/2022-12-27 帳戶風控0769 最高+125.88%.csv",CSV|HTML,rec_7a28a80525950b9de1ba|c_365093bd0497dd1d3d9a,False,SAME_MINUTE_TIMES_AND_ECONOMIC_FIELDS,0
dup_8f4c6b6c46e81d7b,2,"2025/2021-2024/2022/statement (6).html|DREA,補交易紀錄/2022-11-28 gold 上排行前3 最高+1,134%.csv",CSV|HTML,rec_04a2f83612d8c62542f8|c_4fd077b4ddc124aa6676,False,SAME_MINUTE_TIMES_AND_ECONOMIC_FIELDS,0
dup_181dd4d62a19e01b,2,"2025/2021-2024/2022/statement (6).html|DREA,補交易紀錄/2022-11-28 gold 上排行前3 最高+1,134%.csv",CSV|HTML,rec_35b9683312c93f804d64|c_49f5f1504869c12d75ec,False,SAME_MINUTE_TIMES_AND_ECONOMIC_FIELDS,0
dup_ea8a3acebced1ed2,2,"2025/2021-2024/2022/statement (6).html|DREA,補交易紀錄/2022-11-28 gold 上排行前3 最高+1,134%.csv",CSV|HTML,rec_1cd4a030f6bd2d007609|c_95b48abe2e7a0b79da13,False,SAME_MINUTE_TIMES_AND_ECONOMIC_FIELDS,0
dup_6939ccfb96a84212,2,"2025/2021-2024/2022/statement (1).html|DREA,補交易紀錄/2022-12-27 帳戶風控0769 最高+125.88%.csv",CSV|HTML,rec_00c71428b51a63aaecaf|c_3e91094a456548e850b4,False,SAME_MINUTE_TIMES_AND_ECONOMIC_FIELDS,0
dup_a01dde3a57eea909,2,"2025/2021-2024/2022/statement (1).html|DREA,補交易紀錄/2022-12-27 帳戶風控0769 最高+125.88%.csv",CSV|HTML,rec_c028727e91fe3cc23f98|c_1409c5e62491d0db278e,False,SAME_MINUTE_TIMES_AND_ECONOMIC_FIELDS,0
dup_d346bd0dbdf8aab9,2,"2025/2021-2024/2022/statement (6).html|DREA,補交易紀錄/2022-11-28 gold 上排行前3 最高+1,134%.csv",CSV|HTML,rec_f70a6b67ba6fa317a00a|c_fa5e7865819d944dc056,False,SAME_MINUTE_TIMES_AND_ECONOMIC_FIELDS,0
dup_8bb62eec01317eb3,2,"2025/2021-2024/2023/statement (3).html|DREA,補交易紀錄/2023-01-03 帳戶風控1029 最高+387%.csv",CSV|HTML,rec_e47a8ac454413a65e098|c_819f974031e3fecafcb6,False,SAME_MINUTE_TIMES_AND_ECONOMIC_FIELDS,0
dup_80f7d10f5a37ab07,2,"2025/2021-2024/2023/statement (3).html|DREA,補交易紀錄/2023-01-03 帳戶風控1029 最高+387%.csv",CSV|HTML,rec_96f80cca0bdf3338c251|c_6d34e183e1319722f6dd,False,SAME_MINUTE_TIMES_AND_ECONOMIC_FIELDS,0
dup_d70ac1aad0a720b9,2,"2025/2021-2024/2023/statement (3).html|DREA,補交易紀錄/2023-01-03 帳戶風控1029 最高+387%.csv",CSV|HTML,rec_ead539948a89fa46d614|c_8a679653ede016df551c,False,SAME_MINUTE_TIMES_AND_ECONOMIC_FIELDS,0
dup_4fd64730cc5c9d82,2,"2025/2021-2024/2023/statement (3).html|DREA,補交易紀錄/2023-01-03 帳戶風控1029 最高+387%.csv",CSV|HTML,rec_48701b46c59cbc9fa412|c_9617125918779f632660,False,SAME_MINUTE_TIMES_AND_ECONOMIC_FIELDS,0
dup_026336ad8e19e7c6,2,"2025/2021-2024/2023/statement (3).html|DREA,補交易紀錄/2023-01-03 帳戶風控1029 最高+387%.csv",CSV|HTML,rec_3cd52a2668489a1ef476|c_50dc655e0ccdfc68f4dd,False,SAME_MINUTE_TIMES_AND_ECONOMIC_FIELDS,0
dup_fb7f0d96dadfd63a,2,"2025/2021-2024/2023/statement (3).html|DREA,補交易紀錄/2023-01-03 帳戶風控1029 最高+387%.csv",CSV|HTML,rec_e04c94f846e900165efa|c_e47c41bf05127ee9648c,False,SAME_MINUTE_TIMES_AND_ECONOMIC_FIELDS,0
dup_633dabc225c5ab60,2,"2025/2021-2024/2023/statement (3).html|DREA,補交易紀錄/2023-01-03 帳戶風控1029 最高+387%.csv",CSV|HTML,rec_ee52d29bbe774d48c892|c_a8393766ace29ee93c46,False,SAME_MINUTE_TIMES_AND_ECONOMIC_FIELDS,0
dup_7acb4e3d430f71d6,2,"2025/2021-2024/2023/statement (3).html|DREA,補交易紀錄/2023-01-03 帳戶風控1029 最高+387%.csv",CSV|HTML,rec_e3a0ef2570521817854b|c_bef571a9a94f9acd58a2,False,SAME_MINUTE_TIMES_AND_ECONOMIC_FIELDS,0
dup_02bb4b38fc485290,2,"2025/2021-2024/2023/statement (3).html|DREA,補交易紀錄/2023-01-03 帳戶風控1029 最高+387%.csv",CSV|HTML,rec_0a3112909dbf34e490af|c_075c2ff534af8ca2c6d3,False,SAME_MINUTE_TIMES_AND_ECONOMIC_FIELDS,0
dup_9815e190b3c2fc78,2,"2025/2021-2024/2023/statement (3).html|DREA,補交易紀錄/2023-01-03 帳戶風控1029 最高+387%.csv",CSV|HTML,rec_994ad5b9dfe0a4a34948|c_fafe8bb2e53e78669952,False,SAME_MINUTE_TIMES_AND_ECONOMIC_FIELDS,0
dup_bd2eda4366982b66,2,"2025/2021-2024/2023/statement (3).html|DREA,補交易紀錄/2023-01-03 帳戶風控1029 最高+387%.csv",CSV|HTML,rec_f6e500c609682837118f|c_7fb39f03d67ec4db1074,False,SAME_MINUTE_TIMES_AND_ECONOMIC_FIELDS,0
dup_48bdcca435738dd5,2,"2025/2021-2024/2023/statement (3).html|DREA,補交易紀錄/2023-01-03 帳戶風控1029 最高+387%.csv",CSV|HTML,rec_910b75b8f49bc1c76639|c_393b89cc61bea970fcf4,False,SAME_MINUTE_TIMES_AND_ECONOMIC_FIELDS,0
dup_07206dd8f5d3eca0,2,"2025/2021-2024/2023/statement (3).html|DREA,補交易紀錄/2023-01-03 帳戶風控1029 最高+387%.csv",CSV|HTML,rec_2398d62f47cd1a8b1fc5|c_d8cb52b499050150e530,False,SAME_MINUTE_TIMES_AND_ECONOMIC_FIELDS,0
dup_02b7b4adddb1fbef,2,"2025/2021-2024/2023/statement (3).html|DREA,補交易紀錄/2023-01-03 帳戶風控1029 最高+387%.csv",CSV|HTML,rec_8987e8021847d34220c4|c_bdfa0844c9f731491896,False,SAME_MINUTE_TIMES_AND_ECONOMIC_FIELDS,0
dup_464372cf6931ead8,2,"2025/2021-2024/2023/statement (3).html|DREA,補交易紀錄/2023-01-03 帳戶風控1029 最高+387%.csv",CSV|HTML,rec_3b5001d36e8d703b7013|c_bc41032f797a63fe450f,False,SAME_MINUTE_TIMES_AND_ECONOMIC_FIELDS,0
dup_cf16d5e5c7328458,2,"2025/2021-2024/2023/statement (3).html|DREA,補交易紀錄/2023-01-03 帳戶風控1029 最高+387%.csv",CSV|HTML,rec_191dc813f3b00c1c4660|c_7e4266f72bc0264a8baf,False,SAME_MINUTE_TIMES_AND_ECONOMIC_FIELDS,0
dup_e5902d9600d86279,2,"2025/2021-2024/2023/statement (3).html|DREA,補交易紀錄/2023-01-03 帳戶風控1029 最高+387%.csv",CSV|HTML,rec_e4cc7a7d78b38a98e128|c_248925fd62212155f3cc,False,SAME_MINUTE_TIMES_AND_ECONOMIC_FIELDS,0
dup_38a862c9fb6dba22,2,"2025/2021-2024/2023/statement (3).html|DREA,補交易紀錄/2023-01-03 帳戶風控1029 最高+387%.csv",CSV|HTML,rec_fb927be5b34ae1ae0a2e|c_70cda4b30240e3c8938a,False,SAME_MINUTE_TIMES_AND_ECONOMIC_FIELDS,0
dup_b1c295cb3d853868,2,"2025/2021-2024/2023/statement (3).html|DREA,補交易紀錄/2023-01-03 帳戶風控1029 最高+387%.csv",CSV|HTML,rec_d807be5298dd1af3e763|c_f2330417437fcfa00d58,False,SAME_MINUTE_TIMES_AND_ECONOMIC_FIELDS,0
dup_1b5ce2e65c0042f8,2,"2025/2021-2024/2023/statement (3).html|DREA,補交易紀錄/2023-01-03 帳戶風控1029 最高+387%.csv",CSV|HTML,rec_99fc888282541fae887e|c_7a7fde9bea8510de1a21,False,SAME_MINUTE_TIMES_AND_ECONOMIC_FIELDS,0
dup_c8adc3a9f08fe340,2,"2025/2021-2024/2023/statement (3).html|DREA,補交易紀錄/2023-01-03 帳戶風控1029 最高+387%.csv",CSV|HTML,rec_896a04571633323101a9|c_784079cc0d649a43c2e5,False,SAME_MINUTE_TIMES_AND_ECONOMIC_FIELDS,0
dup_530f37a2c11d8b75,2,"2025/2021-2024/2023/statement (3).html|DREA,補交易紀錄/2023-01-03 帳戶風控1029 最高+387%.csv",CSV|HTML,rec_be446a314f13341f871d|c_802eeb6ca6dc08884a1c,False,SAME_MINUTE_TIMES_AND_ECONOMIC_FIELDS,0
dup_c411aa0df30c5fc2,2,"2025/2021-2024/2023/statement (3).html|DREA,補交易紀錄/2023-01-03 帳戶風控1029 最高+387%.csv",CSV|HTML,rec_85e6af82abab24fb578e|c_31492cf60342ef5be8cb,False,SAME_MINUTE_TIMES_AND_ECONOMIC_FIELDS,0
dup_09cd7d7ae87272be,2,"2025/2021-2024/2023/statement (3).html|DREA,補交易紀錄/2023-01-03 帳戶風控1029 最高+387%.csv",CSV|HTML,rec_1231bc10930b8119b7be|c_4e21f93c11afffce7e7c,False,SAME_MINUTE_TIMES_AND_ECONOMIC_FIELDS,0
dup_4cc6bb5c0024d009,2,"2025/2021-2024/2023/statement (3).html|DREA,補交易紀錄/2023-01-03 帳戶風控1029 最高+387%.csv",CSV|HTML,rec_12e25b87ee6c74de5002|c_2a457cf1120f2f7f7f38,False,SAME_MINUTE_TIMES_AND_ECONOMIC_FIELDS,0
dup_de625cc338a6c3af,2,"2025/2021-2024/2023/statement (3).html|DREA,補交易紀錄/2023-01-03 帳戶風控1029 最高+387%.csv",CSV|HTML,rec_c0805d0ffd929e9667aa|c_a4f71aa0fe634d6e51dd,False,SAME_MINUTE_TIMES_AND_ECONOMIC_FIELDS,0
dup_cc6baa9c5bfb311e,2,"2025/2021-2024/2023/statement (3).html|DREA,補交易紀錄/2023-01-03 帳戶風控1029 最高+387%.csv",CSV|HTML,rec_f60f5bf6543cdc2b9243|c_093666c46a493730b320,False,SAME_MINUTE_TIMES_AND_ECONOMIC_FIELDS,0
dup_707879588aff3fd8,2,"2025/2021-2024/2023/statement (3).html|DREA,補交易紀錄/2023-01-03 帳戶風控1029 最高+387%.csv",CSV|HTML,rec_998ebec3fb075983103e|c_5c48fed14bf99f61a687,False,SAME_MINUTE_TIMES_AND_ECONOMIC_FIELDS,0
dup_6cb19b50c8270ccc,2,"2025/2021-2024/2023/statement (3).html|DREA,補交易紀錄/2023-01-03 帳戶風控1029 最高+387%.csv",CSV|HTML,rec_29c0eb790f76bcae1c56|c_739b572a5587dddef817,False,SAME_MINUTE_TIMES_AND_ECONOMIC_FIELDS,0
dup_29957cbb5089d481,2,"2025/2021-2024/2023/statement (4).html|DREA,補交易紀錄/2023-01-13 帳戶風控7667 最高+53%.csv",CSV|HTML,rec_66be1108749c94d55bfa|c_298d4d2cc19438c0cb76,False,SAME_MINUTE_TIMES_AND_ECONOMIC_FIELDS,0
dup_7f57327a7cf61fb6,2,"2025/2021-2024/2023/statement (4).html|DREA,補交易紀錄/2023-01-13 帳戶風控7667 最高+53%.csv",CSV|HTML,rec_7f5a72cb1866d01bb4bb|c_b631bdcec6cb29c03534,False,SAME_MINUTE_TIMES_AND_ECONOMIC_FIELDS,0
dup_92b7284a4a21cb70,2,"2025/2021-2024/2023/statement (4).html|DREA,補交易紀錄/2023-01-13 帳戶風控7667 最高+53%.csv",CSV|HTML,rec_71c621e8ed5e50b0a5e5|c_5fc452bc063a04d3c4a6,False,SAME_MINUTE_TIMES_AND_ECONOMIC_FIELDS,0
dup_ee3828bfd9480c9d,2,"2025/2021-2024/2023/statement (4).html|DREA,補交易紀錄/2023-01-13 帳戶風控7667 最高+53%.csv",CSV|HTML,rec_ccdf6513408647467088|c_d9cc793126cfdb8aeca3,False,SAME_MINUTE_TIMES_AND_ECONOMIC_FIELDS,0
dup_0a81592aee2f69d0,2,"2025/2021-2024/2023/statement (4).html|DREA,補交易紀錄/2023-01-13 帳戶風控7667 最高+53%.csv",CSV|HTML,rec_5957a655cf7003a491e3|c_efa350f2945bea050bd2,False,SAME_MINUTE_TIMES_AND_ECONOMIC_FIELDS,0
dup_417412daa555978a,2,"2025/2021-2024/2023/statement (4).html|DREA,補交易紀錄/2023-01-13 帳戶風控7667 最高+53%.csv",CSV|HTML,rec_8f870c6801c399bd882b|c_19755a8ccad55c0c89bf,False,SAME_MINUTE_TIMES_AND_ECONOMIC_FIELDS,0
dup_241246c93fd5a827,2,"2025/2021-2024/2023/statement (4).html|DREA,補交易紀錄/2023-01-13 帳戶風控7667 最高+53%.csv",CSV|HTML,rec_b89911fdc62d7dd2f725|c_d7ec1c18bef88e049438,False,SAME_MINUTE_TIMES_AND_ECONOMIC_FIELDS,0
dup_a55cee9c45081d5e,2,"2025/2021-2024/2023/statement (4).html|DREA,補交易紀錄/2023-01-13 帳戶風控7667 最高+53%.csv",CSV|HTML,rec_e9604f8c94ae32b95d58|c_1f9b6ba5f9e6659f4a2c,False,SAME_MINUTE_TIMES_AND_ECONOMIC_FIELDS,0
dup_fa2f95b9f54dab11,2,"2025/2021-2024/2023/statement (4).html|DREA,補交易紀錄/2023-01-13 帳戶風控7667 最高+53%.csv",CSV|HTML,rec_56fd91f3e4ef5a144d69|c_cf48a395fc5ccfa03520,False,SAME_MINUTE_TIMES_AND_ECONOMIC_FIELDS,0
dup_c60da3487e7cc906,2,"2025/2021-2024/2023/statement (4).html|DREA,補交易紀錄/2023-01-13 帳戶風控7667 最高+53%.csv",CSV|HTML,rec_9ec4979ed37089eb3378|c_bcc4953e5a46636cf510,False,SAME_MINUTE_TIMES_AND_ECONOMIC_FIELDS,0
dup_e92dc223d36d4bc3,2,"2025/2021-2024/2023/statement (4).html|DREA,補交易紀錄/2023-01-13 帳戶風控7667 最高+53%.csv",CSV|HTML,rec_22afd578cec675b0ae02|c_c3ae226f7b4da2a8c0ff,False,SAME_MINUTE_TIMES_AND_ECONOMIC_FIELDS,0
dup_492c3cd2591dc8d7,2,"2025/2021-2024/2023/statement (4).html|DREA,補交易紀錄/2023-01-13 帳戶風控7667 最高+53%.csv",CSV|HTML,rec_3988234fda01854445a3|c_5f69b207b0ee543ce428,False,SAME_MINUTE_TIMES_AND_ECONOMIC_FIELDS,0
dup_fb2dd1dccbcb3db0,2,"2025/2021-2024/2023/statement (4).html|DREA,補交易紀錄/2023-01-13 帳戶風控7667 最高+53%.csv",CSV|HTML,rec_ebe47a256cd20cf4df18|c_8402f9b54b640488ea8d,False,SAME_MINUTE_TIMES_AND_ECONOMIC_FIELDS,0
dup_4b409ce9bbace44c,2,"2025/2021-2024/2023/statement (4).html|DREA,補交易紀錄/2023-01-13 帳戶風控7667 最高+53%.csv",CSV|HTML,rec_c1f05c1efe9d6f60f27b|c_07d181b1ce00161850d4,False,SAME_MINUTE_TIMES_AND_ECONOMIC_FIELDS,0
dup_3672407250cc4da0,2,"2025/2021-2024/2023/statement (4).html|DREA,補交易紀錄/2023-01-13 帳戶風控7667 最高+53%.csv",CSV|HTML,rec_369cc3bfc3e554f7bf41|c_067c626bd0b010147af7,False,SAME_MINUTE_TIMES_AND_ECONOMIC_FIELDS,0
dup_3196753009f91f9e,2,"2025/2021-2024/2023/statement (4).html|DREA,補交易紀錄/2023-01-13 帳戶風控7667 最高+53%.csv",CSV|HTML,rec_0b57e9db4254afa4ee89|c_a5865358c34095af1e87,False,SAME_MINUTE_TIMES_AND_ECONOMIC_FIELDS,0
dup_bbc2b70f0746e137,2,"2025/2021-2024/2023/statement (4).html|DREA,補交易紀錄/2023-01-13 帳戶風控7667 最高+53%.csv",CSV|HTML,rec_419e7eeae979a7903dff|c_5d274540d10ea59378cb,False,SAME_MINUTE_TIMES_AND_ECONOMIC_FIELDS,0
dup_ebe2242671b1046e,2,"2025/2021-2024/2023/statement (4).html|DREA,補交易紀錄/2023-01-13 帳戶風控7667 最高+53%.csv",CSV|HTML,rec_2fe4ec9466edacf85b80|c_4633a08dbf568b83d6dd,False,SAME_MINUTE_TIMES_AND_ECONOMIC_FIELDS,0
dup_8ed05d225c6b5385,2,"2025/2021-2024/2023/statement (4).html|DREA,補交易紀錄/2023-01-13 帳戶風控7667 最高+53%.csv",CSV|HTML,rec_34166bc00e943c25697b|c_05c0fdd0dd59cb9defd8,False,SAME_MINUTE_TIMES_AND_ECONOMIC_FIELDS,0
dup_3ce3b0c45cbd35dd,2,"2025/2021-2024/2023/statement (4).html|DREA,補交易紀錄/2023-01-13 帳戶風控7667 最高+53%.csv",CSV|HTML,rec_3e94b4f00c67345acaff|c_af782b62287f7f822d00,False,SAME_MINUTE_TIMES_AND_ECONOMIC_FIELDS,0
dup_acc8559a624fb417,2,"2025/2021-2024/2023/statement (4).html|DREA,補交易紀錄/2023-01-13 帳戶風控7667 最高+53%.csv",CSV|HTML,rec_7b73a4a4344cec0f1abc|c_aba4560218fd4c6e805c,False,SAME_MINUTE_TIMES_AND_ECONOMIC_FIELDS,0
dup_69516d6ce11218fe,2,"2025/2021-2024/2023/statement (4).html|DREA,補交易紀錄/2023-01-13 帳戶風控7667 最高+53%.csv",CSV|HTML,rec_acc004ab59e80d1bfef8|c_5ea180219547a59d1dbe,False,SAME_MINUTE_TIMES_AND_ECONOMIC_FIELDS,0
dup_303eb0e2b9f2dc12,2,"2025/2021-2024/2023/statement (4).html|DREA,補交易紀錄/2023-01-13 帳戶風控7667 最高+53%.csv",CSV|HTML,rec_7af4c319f562403b61aa|c_44daf537a9ad8286186a,False,SAME_MINUTE_TIMES_AND_ECONOMIC_FIELDS,0
dup_e0d3cf2dcd662611,2,"2025/2021-2024/2023/statement (4).html|DREA,補交易紀錄/2023-01-13 帳戶風控7667 最高+53%.csv",CSV|HTML,rec_d25a5948468ed798fb08|c_2179568c8181038e6def,False,SAME_MINUTE_TIMES_AND_ECONOMIC_FIELDS,0
dup_21a1475466db19d4,2,"2025/2021-2024/2023/statement (4).html|DREA,補交易紀錄/2023-01-13 帳戶風控7667 最高+53%.csv",CSV|HTML,rec_57ca5a38b4d568be1506|c_6153ff5e7cdb29c96d48,False,SAME_MINUTE_TIMES_AND_ECONOMIC_FIELDS,0
dup_4735f33edc30bf29,2,"2025/2021-2024/2023/statement (4).html|DREA,補交易紀錄/2023-01-13 帳戶風控7667 最高+53%.csv",CSV|HTML,rec_d3da92effd1fdb6bd8fd|c_db398da187d866f8241e,False,SAME_MINUTE_TIMES_AND_ECONOMIC_FIELDS,0
dup_f9671bf0f8983c93,2,"2025/2021-2024/2023/statement (4).html|DREA,補交易紀錄/2023-01-13 帳戶風控7667 最高+53%.csv",CSV|HTML,rec_6d1134555d0ba575ffd7|c_af32ea56935939991a0b,False,SAME_MINUTE_TIMES_AND_ECONOMIC_FIELDS,0
dup_5c2adaf51559c7e1,2,"2025/2021-2024/2023/statement (4).html|DREA,補交易紀錄/2023-01-13 帳戶風控7667 最高+53%.csv",CSV|HTML,rec_cdaf0543539de562cb42|c_8f44d85060ccbc136d4b,False,SAME_MINUTE_TIMES_AND_ECONOMIC_FIELDS,0
dup_d1b70903e890a67d,2,"2025/2021-2024/2023/statement (4).html|DREA,補交易紀錄/2023-01-13 帳戶風控7667 最高+53%.csv",CSV|HTML,rec_901a5f3b0288efa4c389|c_d5405512567d8c0deff7,False,SAME_MINUTE_TIMES_AND_ECONOMIC_FIELDS,0
dup_f12bea9e4b22a9fb,2,"2025/2021-2024/2023/statement (4).html|DREA,補交易紀錄/2023-01-13 帳戶風控7667 最高+53%.csv",CSV|HTML,rec_eb5b5fa40d585fd619c1|c_252ccc6772ee2907208b,False,SAME_MINUTE_TIMES_AND_ECONOMIC_FIELDS,0
dup_0efd5daf88a72cbb,2,"2025/2021-2024/2023/statement (4).html|DREA,補交易紀錄/2023-01-13 帳戶風控7667 最高+53%.csv",CSV|HTML,rec_c18cd42576f0c9249318|c_730a9584e82d5a00493b,False,SAME_MINUTE_TIMES_AND_ECONOMIC_FIELDS,0
dup_c92ea7d8e0939c0a,2,"2025/2021-2024/2023/statement (4).html|DREA,補交易紀錄/2023-01-13 帳戶風控7667 最高+53%.csv",CSV|HTML,rec_73d71072d4878dff0afa|c_99e6685d925d836392b1,False,SAME_MINUTE_TIMES_AND_ECONOMIC_FIELDS,0
dup_afd3d8544c6fdb7f,2,"2025/2021-2024/2023/statement (4).html|DREA,補交易紀錄/2023-01-13 帳戶風控7667 最高+53%.csv",CSV|HTML,rec_e67ae5dccf8c989f12c7|c_db840555482106345dff,False,SAME_MINUTE_TIMES_AND_ECONOMIC_FIELDS,0
dup_8f3ce75d858f2769,2,"2025/2021-2024/2023/statement (4).html|DREA,補交易紀錄/2023-01-13 帳戶風控7667 最高+53%.csv",CSV|HTML,rec_473a26b01f9c0c4f0616|c_a1f156e1b85e022e9f75,False,SAME_MINUTE_TIMES_AND_ECONOMIC_FIELDS,0
dup_58424099733acac2,2,"2025/2021-2024/2023/statement (4).html|DREA,補交易紀錄/2023-01-13 帳戶風控7667 最高+53%.csv",CSV|HTML,rec_2f5f6d0b8006e660fb4a|c_c579b95b5cb14ec5f749,False,SAME_MINUTE_TIMES_AND_ECONOMIC_FIELDS,0
dup_50cfa83d3a187125,2,"2025/2021-2024/2022/statement.html|DREA,補交易紀錄/2022-12 dream 最高+1,555.13 H.csv",CSV|HTML,rec_4d4e0b318098ca276f95|c_63381ea720797624b0b9,False,SAME_MINUTE_TIMES_AND_ECONOMIC_FIELDS,0
dup_766ab889c925d6c5,2,"2025/2021-2024/2022/statement.html|DREA,補交易紀錄/2022-12 dream 最高+1,555.13 H.csv",CSV|HTML,rec_d4bcdb81f642252f618d|c_779f0a0e138b6cca15e3,False,SAME_MINUTE_TIMES_AND_ECONOMIC_FIELDS,0
dup_832a22277727a658,2,"2025/2021-2024/2022/statement.html|DREA,補交易紀錄/2022-12 dream 最高+1,555.13 H.csv",CSV|HTML,rec_bacf5ad41e1a061a3866|c_af84205a23305ef1ce15,False,SAME_MINUTE_TIMES_AND_ECONOMIC_FIELDS,0
dup_b7aa481d6d6a1f06,2,"2025/2021-2024/2022/statement.html|DREA,補交易紀錄/2022-12 dream 最高+1,555.13 H.csv",CSV|HTML,rec_806e193f961d487df60e|c_dbdb3518fe54c5d40de9,False,SAME_MINUTE_TIMES_AND_ECONOMIC_FIELDS,0
dup_73bb0dbf407cceea,2,"2025/2021-2024/2022/statement.html|DREA,補交易紀錄/2022-12 dream 最高+1,555.13 H.csv",CSV|HTML,rec_4f16025737332cf7d128|c_df5a06adb639f9093b71,False,SAME_MINUTE_TIMES_AND_ECONOMIC_FIELDS,0
dup_074f1e53a501b578,2,"2025/2021-2024/2022/statement.html|DREA,補交易紀錄/2022-12 dream 最高+1,555.13 H.csv",CSV|HTML,rec_127790261a16a1ab2392|c_d0345f4ede7bb7f99476,False,SAME_MINUTE_TIMES_AND_ECONOMIC_FIELDS,0
dup_5ad3005b7f9d0f6c,2,"2025/2021-2024/2022/statement.html|DREA,補交易紀錄/2022-12 dream 最高+1,555.13 H.csv",CSV|HTML,rec_301220b93101d13385ea|c_51f2ff5913192ed3ce15,False,SAME_MINUTE_TIMES_AND_ECONOMIC_FIELDS,0
dup_1668461fe95fd10d,2,"2025/2021-2024/2022/statement.html|DREA,補交易紀錄/2022-12 dream 最高+1,555.13 H.csv",CSV|HTML,rec_3ebcf44ba36386cf9d88|c_fac8c9989edb136ed30b,False,SAME_MINUTE_TIMES_AND_ECONOMIC_FIELDS,0
dup_bc22b3e959c3440c,2,"2025/2021-2024/2022/statement.html|DREA,補交易紀錄/2022-12 dream 最高+1,555.13 H.csv",CSV|HTML,rec_bbf4eb305660df39cc57|c_2fe5db09b7133ed87a2c,False,SAME_MINUTE_TIMES_AND_ECONOMIC_FIELDS,0
dup_64dfe5471c851132,2,"2025/2021-2024/2022/statement.html|DREA,補交易紀錄/2022-12 dream 最高+1,555.13 H.csv",CSV|HTML,rec_4f6a7c9ac614dfaf4ca3|c_d688096bbcdc629ae11f,False,SAME_MINUTE_TIMES_AND_ECONOMIC_FIELDS,0
dup_cfc36aba832fffe7,2,"2025/2021-2024/2022/statement.html|DREA,補交易紀錄/2022-12 dream 最高+1,555.13 H.csv",CSV|HTML,rec_038832c15669d314e960|c_fbb8ca816c11a84bff50,False,SAME_MINUTE_TIMES_AND_ECONOMIC_FIELDS,0
dup_3bf8f3e9e7765e6d,2,"2025/2021-2024/2023/statement (6).html|DREA,補交易紀錄/ing~2023-01-25 帳戶風控1745 最高+323%.csv",CSV|HTML,rec_b8c39b27f515456b91d1|c_de9db4423d74c1b16c90,False,SAME_MINUTE_TIMES_AND_ECONOMIC_FIELDS,0
dup_8af7955c91244852,2,"2025/2021-2024/2023/statement (6).html|DREA,補交易紀錄/ing~2023-01-25 帳戶風控1745 最高+323%.csv",CSV|HTML,rec_f1a72b3311a85258b981|c_5691ef0629079c39dbb2,False,SAME_MINUTE_TIMES_AND_ECONOMIC_FIELDS,0
dup_766447f6809e3081,2,"2025/2021-2024/2023/statement (6).html|DREA,補交易紀錄/ing~2023-01-25 帳戶風控1745 最高+323%.csv",CSV|HTML,rec_3698b2e4025e3abd5d32|c_25536edfbf757859a051,False,SAME_MINUTE_TIMES_AND_ECONOMIC_FIELDS,0
dup_980547c017eae899,2,"2025/2021-2024/2023/statement (6).html|DREA,補交易紀錄/ing~2023-01-25 帳戶風控1745 最高+323%.csv",CSV|HTML,rec_7752cd9c84d02004fc32|c_89337d181de687448d7e,False,SAME_MINUTE_TIMES_AND_ECONOMIC_FIELDS,0
dup_ee4ea3e38426301e,2,"2025/2021-2024/2023/statement (6).html|DREA,補交易紀錄/ing~2023-01-25 帳戶風控1745 最高+323%.csv",CSV|HTML,rec_e249d1233b7a0148dc25|c_be4fadf7711c7c9a39aa,False,SAME_MINUTE_TIMES_AND_ECONOMIC_FIELDS,0
dup_cac584067a02570f,2,"2025/2021-2024/2023/statement (6).html|DREA,補交易紀錄/ing~2023-01-25 帳戶風控1745 最高+323%.csv",CSV|HTML,rec_4ca0d5312a6852679a6b|c_039f3078e968808b1596,False,SAME_MINUTE_TIMES_AND_ECONOMIC_FIELDS,0
dup_0271e8da463fa543,2,"2025/2021-2024/2023/statement (6).html|DREA,補交易紀錄/ing~2023-01-25 帳戶風控1745 最高+323%.csv",CSV|HTML,rec_d69455329ab6330501f4|c_46ba6e5bf833dbd06fa7,False,SAME_MINUTE_TIMES_AND_ECONOMIC_FIELDS,0
dup_0c9bf24d5c42bc95,2,"2025/2021-2024/2023/statement (6).html|DREA,補交易紀錄/ing~2023-01-25 帳戶風控1745 最高+323%.csv",CSV|HTML,rec_bc088954f2885027c38a|c_3e983dbfa4638270eaa8,False,SAME_MINUTE_TIMES_AND_ECONOMIC_FIELDS,0
dup_91d609ea8b2764cd,2,"2025/2021-2024/2023/statement (6).html|DREA,補交易紀錄/ing~2023-01-25 帳戶風控1745 最高+323%.csv",CSV|HTML,rec_8b6ec036f5a4571f910f|c_d59c59fb0497926c6559,False,SAME_MINUTE_TIMES_AND_ECONOMIC_FIELDS,0
dup_d5cfd15452aed116,2,"2025/2021-2024/2022/statement.html|DREA,補交易紀錄/2022-12 dream 最高+1,555.13 H.csv",CSV|HTML,rec_77110676831143486f48|c_858830f799340aeee127,False,SAME_MINUTE_TIMES_AND_ECONOMIC_FIELDS,0
dup_35168c1647844327,2,"2025/2021-2024/2023/statement (6).html|DREA,補交易紀錄/ing~2023-01-25 帳戶風控1745 最高+323%.csv",CSV|HTML,rec_d9ea75be4723c7c8cb1e|c_65ffeaee788b8d074366,False,SAME_MINUTE_TIMES_AND_ECONOMIC_FIELDS,0
dup_9be598b34898b013,2,"2025/2021-2024/2023/statement (6).html|DREA,補交易紀錄/ing~2023-01-25 帳戶風控1745 最高+323%.csv",CSV|HTML,rec_f5d3c7716cf9c1c58349|c_ad310a30e7e85ccee8e4,False,SAME_MINUTE_TIMES_AND_ECONOMIC_FIELDS,0
dup_bc3ffe31187273ff,2,"2025/2021-2024/2022/statement.html|DREA,補交易紀錄/2022-12 dream 最高+1,555.13 H.csv",CSV|HTML,rec_4a2dd15542a1a5074b6e|c_a298c9e6f046c12425b1,False,SAME_MINUTE_TIMES_AND_ECONOMIC_FIELDS,0
dup_26876764fa78b2e2,2,"2025/2021-2024/2023/statement (6).html|DREA,補交易紀錄/ing~2023-01-25 帳戶風控1745 最高+323%.csv",CSV|HTML,rec_52a822d6251d19e0c17a|c_c90487fbd134df264b08,False,SAME_MINUTE_TIMES_AND_ECONOMIC_FIELDS,0
dup_1fd4039fc72eafe4,2,"2025/2021-2024/2023/statement (6).html|DREA,補交易紀錄/ing~2023-01-25 帳戶風控1745 最高+323%.csv",CSV|HTML,rec_432564fd60c411118829|c_4881bf4d7b6a5632a711,False,SAME_MINUTE_TIMES_AND_ECONOMIC_FIELDS,0
dup_7dd33aefa5a92a00,2,"2025/2021-2024/2023/statement (6).html|DREA,補交易紀錄/ing~2023-01-25 帳戶風控1745 最高+323%.csv",CSV|HTML,rec_01f7ea39e14dd6baa454|c_2fd9c0acf886dd7a76d3,False,SAME_MINUTE_TIMES_AND_ECONOMIC_FIELDS,0
dup_6ace1d882f076856,2,"2025/2021-2024/2022/statement.html|DREA,補交易紀錄/2022-12 dream 最高+1,555.13 H.csv",CSV|HTML,rec_3f4f2510abb8f0668783|c_0b649a9d42eea92e372c,False,SAME_MINUTE_TIMES_AND_ECONOMIC_FIELDS,0
dup_3a90ca3be9520b14,2,"2025/2021-2024/2023/statement (6).html|DREA,補交易紀錄/ing~2023-01-25 帳戶風控1745 最高+323%.csv",CSV|HTML,rec_d5d3106caf828bc1ce44|c_fe05c99d7025d44f870c,False,SAME_MINUTE_TIMES_AND_ECONOMIC_FIELDS,0
dup_30abe2d8a1afc713,2,"2025/2021-2024/2022/statement.html|DREA,補交易紀錄/2022-12 dream 最高+1,555.13 H.csv",CSV|HTML,rec_bc907e9ffe6a8d2ab5a2|c_2d019d186d2e32237a84,False,SAME_MINUTE_TIMES_AND_ECONOMIC_FIELDS,0
dup_7516276b3be235df,2,"2025/2021-2024/2023/statement (6).html|DREA,補交易紀錄/ing~2023-01-25 帳戶風控1745 最高+323%.csv",CSV|HTML,rec_9da0ad4483d38a8feba9|c_2bb282388763972f9f74,False,SAME_MINUTE_TIMES_AND_ECONOMIC_FIELDS,0
dup_4c9ddca690835724,2,"2025/2021-2024/2023/statement (6).html|DREA,補交易紀錄/ing~2023-01-25 帳戶風控1745 最高+323%.csv",CSV|HTML,rec_242ff0779d41dfcc758a|c_2762150348d25bf993a6,False,SAME_MINUTE_TIMES_AND_ECONOMIC_FIELDS,0
dup_cfbc05f405f9ad9c,2,"2025/2021-2024/2022/statement.html|DREA,補交易紀錄/2022-12 dream 最高+1,555.13 H.csv",CSV|HTML,rec_a71c11b477f22a75d580|c_785b08fc9c7eb27410fb,False,SAME_MINUTE_TIMES_AND_ECONOMIC_FIELDS,0
dup_6308d3c189b32b3b,2,"2025/2021-2024/2023/statement (6).html|DREA,補交易紀錄/ing~2023-01-25 帳戶風控1745 最高+323%.csv",CSV|HTML,rec_52ca60c7743a9ae83016|c_dc6f1619f51ef062b010,False,SAME_MINUTE_TIMES_AND_ECONOMIC_FIELDS,0
dup_5254cb1b5f3269e9,2,"2025/2021-2024/2022/statement.html|DREA,補交易紀錄/2022-12 dream 最高+1,555.13 H.csv",CSV|HTML,rec_25c18991f69ebc09d6d4|c_a0e9197814917db46051,False,SAME_MINUTE_TIMES_AND_ECONOMIC_FIELDS,0
dup_b0eff337b149d78f,2,"2025/2021-2024/2023/statement (2).html|DREA,補交易紀錄/2023-03-21 帳戶風控4110最高+153%.csv",CSV|HTML,rec_e7e0acfe86a11b45e944|c_62d634b5d610efe70fc6,False,SAME_MINUTE_TIMES_AND_ECONOMIC_FIELDS,0
dup_5ae2af532e81e8ed,2,"2025/2021-2024/2023/statement (2).html|DREA,補交易紀錄/2023-03-21 帳戶風控4110最高+153%.csv",CSV|HTML,rec_b677e05c065abae501bb|c_c5331c07956a5eee8e6d,False,SAME_MINUTE_TIMES_AND_ECONOMIC_FIELDS,0
dup_9f869562df0a9579,2,"2025/2021-2024/2023/statement (2).html|DREA,補交易紀錄/2023-03-21 帳戶風控4110最高+153%.csv",CSV|HTML,rec_0588ab453c8eb3ca365b|c_77a3795c5a8440e4f2b0,False,SAME_MINUTE_TIMES_AND_ECONOMIC_FIELDS,0
dup_7ede3ca0473ea881,2,"2025/2021-2024/2023/statement (2).html|DREA,補交易紀錄/2023-03-21 帳戶風控4110最高+153%.csv",CSV|HTML,rec_3847394f47175cb624ae|c_f563e4964436dc6a4579,False,SAME_MINUTE_TIMES_AND_ECONOMIC_FIELDS,0
dup_01ae91f7f186172b,2,"2025/2021-2024/2023/statement (2).html|DREA,補交易紀錄/2023-03-21 帳戶風控4110最高+153%.csv",CSV|HTML,rec_39997c31fd5e1c1ee3a7|c_61c9b2a8e2476af13b66,False,SAME_MINUTE_TIMES_AND_ECONOMIC_FIELDS,0
dup_ec0ed9c1343d591d,2,"2025/2021-2024/2023/statement (2).html|DREA,補交易紀錄/2023-03-21 帳戶風控4110最高+153%.csv",CSV|HTML,rec_27ca3400ab30ae6718cc|c_843810c9e241520c6db4,False,SAME_MINUTE_TIMES_AND_ECONOMIC_FIELDS,0
dup_6a9307442137a578,2,"2025/2021-2024/2023/statement (2).html|DREA,補交易紀錄/2023-03-21 帳戶風控4110最高+153%.csv",CSV|HTML,rec_fb83e6617a94776aaa40|c_5969e098caf90e0909d3,False,SAME_MINUTE_TIMES_AND_ECONOMIC_FIELDS,0
dup_2c74c2cee2e61c35,2,"2025/2021-2024/2023/statement (2).html|DREA,補交易紀錄/2023-03-21 帳戶風控4110最高+153%.csv",CSV|HTML,rec_5889e71fb9273e7e9872|c_b35867475e8dce2a6e5d,False,SAME_MINUTE_TIMES_AND_ECONOMIC_FIELDS,0
dup_b9dced0136f52c23,2,"2025/2021-2024/2023/statement (2).html|DREA,補交易紀錄/2023-03-21 帳戶風控4110最高+153%.csv",CSV|HTML,rec_07e7d0e24a48a8e140f3|c_68aa848d789784311436,False,SAME_MINUTE_TIMES_AND_ECONOMIC_FIELDS,0
dup_6e0a7a60a09053be,2,"2025/2021-2024/2023/statement (2).html|DREA,補交易紀錄/2023-03-21 帳戶風控4110最高+153%.csv",CSV|HTML,rec_4d86c722b9cb04888901|c_de850c328e5b767efe67,False,SAME_MINUTE_TIMES_AND_ECONOMIC_FIELDS,0
dup_ece6d0eb10e629e1,2,"2025/2021-2024/2023/statement (2).html|DREA,補交易紀錄/2023-03-21 帳戶風控4110最高+153%.csv",CSV|HTML,rec_77c063a754bd163ce045|c_cea2f5955d9362012ff5,False,SAME_MINUTE_TIMES_AND_ECONOMIC_FIELDS,0
dup_0e15b3e461cb1c80,2,"2025/2021-2024/2023/statement (2).html|DREA,補交易紀錄/2023-03-21 帳戶風控4110最高+153%.csv",CSV|HTML,rec_fbebbeff435ca4fbc5c7|c_7cd3ba850022127861e3,False,SAME_MINUTE_TIMES_AND_ECONOMIC_FIELDS,0
dup_e69067a3bc628d95,2,"2025/2021-2024/2023/statement (2).html|DREA,補交易紀錄/2023-03-21 帳戶風控4110最高+153%.csv",CSV|HTML,rec_791e4574ca76e78ee636|c_9ba01ad186334d54b141,False,SAME_MINUTE_TIMES_AND_ECONOMIC_FIELDS,0
dup_ad0760b2a99fa0d7,2,"2025/2021-2024/2023/statement (2).html|DREA,補交易紀錄/2023-03-21 帳戶風控4110最高+153%.csv",CSV|HTML,rec_d9992e26b9403baebd85|c_33e2ef23d5aecc3de890,False,SAME_MINUTE_TIMES_AND_ECONOMIC_FIELDS,0
dup_c45efb237a45f10e,2,"2025/2021-2024/2023/statement (2).html|DREA,補交易紀錄/2023-03-21 帳戶風控4110最高+153%.csv",CSV|HTML,rec_2a86b47409599a46c033|c_b64227c7e9fae9eb3768,False,SAME_MINUTE_TIMES_AND_ECONOMIC_FIELDS,0
dup_7e740e0027ca326c,2,"2025/2021-2024/2023/statement (2).html|DREA,補交易紀錄/2023-03-21 帳戶風控4110最高+153%.csv",CSV|HTML,rec_c6b02fd916048e3a2e58|c_078cbc466e0444f2cca0,False,SAME_MINUTE_TIMES_AND_ECONOMIC_FIELDS,0
dup_469091a8ee3b16ac,2,"2025/2021-2024/2023/statement (2).html|DREA,補交易紀錄/2023-03-21 帳戶風控4110最高+153%.csv",CSV|HTML,rec_8b5906542b9cc7e05278|c_c5bf4f80be2e1bdd1d37,False,SAME_MINUTE_TIMES_AND_ECONOMIC_FIELDS,0
dup_7526d82978807f60,2,"2025/2021-2024/2023/statement (2).html|DREA,補交易紀錄/2023-03-21 帳戶風控4110最高+153%.csv",CSV|HTML,rec_37f6b771ebe8985ad158|c_9e4f63cc1a3bab964425,False,SAME_MINUTE_TIMES_AND_ECONOMIC_FIELDS,0
dup_5d0e11ba09d14a4f,2,"2025/2021-2024/2023/statement (2).html|DREA,補交易紀錄/2023-03-21 帳戶風控4110最高+153%.csv",CSV|HTML,rec_e8ae540ca2c82bf9cfcf|c_d5fe664b85094e9cb824,False,SAME_MINUTE_TIMES_AND_ECONOMIC_FIELDS,0
dup_413b5a012a1e4289,2,"2025/2021-2024/2023/statement (2).html|DREA,補交易紀錄/2023-03-21 帳戶風控4110最高+153%.csv",CSV|HTML,rec_67965669fdb9370fead2|c_9c76969d5a2b65ff0f92,False,SAME_MINUTE_TIMES_AND_ECONOMIC_FIELDS,0
dup_3188ab97d7c00237,2,"2025/2021-2024/2023/statement (2).html|DREA,補交易紀錄/2023-03-21 帳戶風控4110最高+153%.csv",CSV|HTML,rec_cb256cd5ea651ba039e7|c_f8da87b596e2f366da64,False,SAME_MINUTE_TIMES_AND_ECONOMIC_FIELDS,0
dup_95f65ffc5091ca99,2,"2025/2021-2024/2023/statement (2).html|DREA,補交易紀錄/2023-03-21 帳戶風控4110最高+153%.csv",CSV|HTML,rec_847f844a3ee146de86f7|c_5f171d433e33e4ee1346,False,SAME_MINUTE_TIMES_AND_ECONOMIC_FIELDS,0
dup_e9b81b93998bfb69,2,"2025/2021-2024/2023/statement (2).html|DREA,補交易紀錄/2023-03-21 帳戶風控4110最高+153%.csv",CSV|HTML,rec_24b07acf38e87cd5c7df|c_837812f1e7013997ba07,False,SAME_MINUTE_TIMES_AND_ECONOMIC_FIELDS,0
dup_39776c48d8e5b098,2,"2025/2021-2024/2023/statement (2).html|DREA,補交易紀錄/2023-03-21 帳戶風控4110最高+153%.csv",CSV|HTML,rec_ae80c23e9990a3f2e753|c_6da82d507bd915c7826b,False,SAME_MINUTE_TIMES_AND_ECONOMIC_FIELDS,0
dup_8a8810aef97e0154,2,"2025/2021-2024/2023/statement (2).html|DREA,補交易紀錄/2023-03-21 帳戶風控4110最高+153%.csv",CSV|HTML,rec_b4da06676a902929ea6d|c_9afe27e2efc0f89b9905,False,SAME_MINUTE_TIMES_AND_ECONOMIC_FIELDS,0
dup_816df615970352ec,2,"2025/2021-2024/2023/statement (2).html|DREA,補交易紀錄/2023-03-21 帳戶風控4110最高+153%.csv",CSV|HTML,rec_f980ea66cfb1718a929c|c_a79271a45d553ac52fc1,False,SAME_MINUTE_TIMES_AND_ECONOMIC_FIELDS,0
dup_afb89b0239221e2e,2,"2025/2021-2024/2023/statement (2).html|DREA,補交易紀錄/2023-03-21 帳戶風控4110最高+153%.csv",CSV|HTML,rec_a099b5d462cc12bbefe9|c_fb1d067d635df7402ff7,False,SAME_MINUTE_TIMES_AND_ECONOMIC_FIELDS,0
dup_71cf73b9bb6de042,2,"2025/2021-2024/2023/statement (2).html|DREA,補交易紀錄/2023-03-21 帳戶風控4110最高+153%.csv",CSV|HTML,rec_80225d5b3cf9399c7ecd|c_b0a7189d024814bf5f3b,False,SAME_MINUTE_TIMES_AND_ECONOMIC_FIELDS,0
dup_88ebe829c20b40d4,2,"2025/2021-2024/2023/statement (2).html|DREA,補交易紀錄/2023-03-21 帳戶風控4110最高+153%.csv",CSV|HTML,rec_875e8d6fcc7b24f59d8e|c_da804f6e0831adb3eb45,False,SAME_MINUTE_TIMES_AND_ECONOMIC_FIELDS,0
dup_ed996beef93992d1,2,"2025/2021-2024/2023/statement (2).html|DREA,補交易紀錄/2023-03-21 帳戶風控4110最高+153%.csv",CSV|HTML,rec_8ea9f3a5fe17ddf346b9|c_be03def2a74a12ada0df,False,SAME_MINUTE_TIMES_AND_ECONOMIC_FIELDS,0
dup_5e9fb2619f63efb8,2,"2025/2021-2024/2023/statement (1).html|DREA,補交易紀錄/2023-04-03 帳戶風控5023 最高.csv",CSV|HTML,rec_932b4ea2c02cddb68384|c_28b96c47aacabb1d37f6,False,SAME_MINUTE_TIMES_AND_ECONOMIC_FIELDS,0
dup_6d078de523b332fe,2,"2025/2021-2024/2023/statement (1).html|DREA,補交易紀錄/2023-04-03 帳戶風控5023 最高.csv",CSV|HTML,rec_efa0c5a566a2dd8ef73e|c_da49eff75dca4f36215c,False,SAME_MINUTE_TIMES_AND_ECONOMIC_FIELDS,0
dup_9687c4e5f56936a4,2,"2025/2021-2024/2023/statement (1).html|DREA,補交易紀錄/2023-04-03 帳戶風控5023 最高.csv",CSV|HTML,rec_19d323433c22a0d403e4|c_ba7af27062e1eeed0dd4,False,SAME_MINUTE_TIMES_AND_ECONOMIC_FIELDS,0
dup_f6e237d0c15a7c8a,2,"2025/2021-2024/2023/statement (1).html|DREA,補交易紀錄/2023-04-03 帳戶風控5023 最高.csv",CSV|HTML,rec_96483f951108dd3766ec|c_b7fb9410c9f1e96db114,False,SAME_MINUTE_TIMES_AND_ECONOMIC_FIELDS,0
dup_db7bec2638225584,2,"2025/2021-2024/2023/statement (1).html|DREA,補交易紀錄/2023-04-03 帳戶風控5023 最高.csv",CSV|HTML,rec_12ea419c208238d14e76|c_3809a88fbc066aeb92eb,False,SAME_MINUTE_TIMES_AND_ECONOMIC_FIELDS,0
dup_6bc9e1680e9fb2ab,2,"2025/2021-2024/2023/statement (1).html|DREA,補交易紀錄/2023-04-03 帳戶風控5023 最高.csv",CSV|HTML,rec_b11021f64d253878b383|c_94810fca6eeda6ba1290,False,SAME_MINUTE_TIMES_AND_ECONOMIC_FIELDS,0
dup_b0b47b1c48f6d535,2,"2025/2021-2024/2023/statement (1).html|DREA,補交易紀錄/2023-04-03 帳戶風控5023 最高.csv",CSV|HTML,rec_bf4d569fb8c5fadb2352|c_14e31606adf325448595,False,SAME_MINUTE_TIMES_AND_ECONOMIC_FIELDS,0
dup_dc5e0b7ee2de77fd,2,"2025/2021-2024/2023/statement (1).html|DREA,補交易紀錄/2023-04-03 帳戶風控5023 最高.csv",CSV|HTML,rec_73defc3ce8df7c17eaff|c_3578501e9dc2e7c2fbe6,False,SAME_MINUTE_TIMES_AND_ECONOMIC_FIELDS,0
dup_b0f85b482d4462c0,2,"2025/2021-2024/2023/statement (1).html|DREA,補交易紀錄/2023-04-03 帳戶風控5023 最高.csv",CSV|HTML,rec_6bebd1b426d34a8e6c17|c_7787b4b9d186ecb56ea3,False,SAME_MINUTE_TIMES_AND_ECONOMIC_FIELDS,0
dup_43aee2c161637cf1,2,"2025/2021-2024/2023/statement (1).html|DREA,補交易紀錄/2023-04-03 帳戶風控5023 最高.csv",CSV|HTML,rec_8273244ef5a740490ea9|c_d46503b81fb271a4a383,False,SAME_MINUTE_TIMES_AND_ECONOMIC_FIELDS,0
dup_f04d567d115a1914,2,"2025/2021-2024/2023/statement (1).html|DREA,補交易紀錄/2023-04-03 帳戶風控5023 最高.csv",CSV|HTML,rec_08081ba60c8c08da1bfd|c_37a1e01a0f4680bdbc83,False,SAME_MINUTE_TIMES_AND_ECONOMIC_FIELDS,0
dup_a6316c8eacf788b4,2,"2025/2021-2024/2023/statement (1).html|DREA,補交易紀錄/2023-04-03 帳戶風控5023 最高.csv",CSV|HTML,rec_26fb2d529b7270d2e2a7|c_97d304ad0b04e0f03cbc,False,SAME_MINUTE_TIMES_AND_ECONOMIC_FIELDS,0
dup_c2deba26adad19c3,3,"2025/2021-2024/2023/statement.html|DREA,補交易紀錄/2023-06-30 帳戶風控.csv",CSV|HTML,rec_b3fcf578a5657a62107d|c_e08cc6cbb8e4b756c22c|c_528029ef0b52d39b74f2,False,SAME_MINUTE_TIMES_AND_ECONOMIC_FIELDS,0
dup_22a3138861c143bd,2,"2025/2021-2024/2023/statement.html|DREA,補交易紀錄/2023-06-30 帳戶風控.csv",CSV|HTML,rec_ad317089b7bd413a775a|c_05f98624782775799655,False,SAME_MINUTE_TIMES_AND_ECONOMIC_FIELDS,0
dup_c9f6b8c54355d871,2,"2025/2021-2024/2023/statement.html|DREA,補交易紀錄/2023-06-30 帳戶風控.csv",CSV|HTML,rec_3fe1d99cec3eec18b720|c_bc619a0b61817899a6b1,False,SAME_MINUTE_TIMES_AND_ECONOMIC_FIELDS,0
dup_4f60d8fae4fd2fb9,2,"2025/2021-2024/2023/statement.html|DREA,補交易紀錄/2023-06-30 帳戶風控.csv",CSV|HTML,rec_93850db907270c101dad|c_ea306d8c79bbc2f9a884,False,SAME_MINUTE_TIMES_AND_ECONOMIC_FIELDS,0
dup_469a0cda5672167f,2,"2025/2021-2024/2023/statement.html|DREA,補交易紀錄/2023-06-30 帳戶風控.csv",CSV|HTML,rec_2148cacabfe36e4b8897|c_5ff7fe005bd14dd17c10,False,SAME_MINUTE_TIMES_AND_ECONOMIC_FIELDS,0
dup_efcf0661b2e4103c,2,"2025/2021-2024/2023/statement.html|DREA,補交易紀錄/2023-06-30 帳戶風控.csv",CSV|HTML,rec_74df483deae811bbc5e0|c_c82f9bd80bb6eddf3284,False,SAME_MINUTE_TIMES_AND_ECONOMIC_FIELDS,0
dup_28d53f82bc26d3d9,2,"2025/2021-2024/2023/statement.html|DREA,補交易紀錄/2023-06-30 帳戶風控.csv",CSV|HTML,rec_49aef2d831cac23673d3|c_e46d42f11c950b91f4e5,False,SAME_MINUTE_TIMES_AND_ECONOMIC_FIELDS,0
dup_e23d40dc22630ab9,2,"2025/2021-2024/2023/statement.html|DREA,補交易紀錄/2023-06-30 帳戶風控.csv",CSV|HTML,rec_0ca726c360e11137a72d|c_ae27093846ed0675a80d,False,SAME_MINUTE_TIMES_AND_ECONOMIC_FIELDS,0
dup_b2afa77def98d294,2,"2025/2021-2024/2023/statement.html|DREA,補交易紀錄/2023-06-30 帳戶風控.csv",CSV|HTML,rec_f29534629b7f30298642|c_2bd0e24047c2f424eea2,False,SAME_MINUTE_TIMES_AND_ECONOMIC_FIELDS,0
dup_e78f86ec2fdf53d4,2,"2025/2021-2024/2023/statement.html|DREA,補交易紀錄/2023-06-30 帳戶風控.csv",CSV|HTML,rec_d1250d02f5ca40de3d02|c_cd411bd53da8f0d3f4df,False,SAME_MINUTE_TIMES_AND_ECONOMIC_FIELDS,0
dup_53b8e502cffcb405,2,"DREA,補交易紀錄/20220307-d心急代價.csv|手動交易2024後策略較固定/2020含更久以前交易/statement.html",CSV|HTML,rec_815a2bf777789b9643dd|c_4697eab4e34eb5ed7200,False,SAME_MINUTE_TIMES_AND_ECONOMIC_FIELDS,0
dup_7d0f317d7073fe13,2,"DREA,補交易紀錄/20220307-d心急代價.csv|手動交易2024後策略較固定/2020含更久以前交易/statement.html",CSV|HTML,rec_74874ca8ca0d07315989|c_29c5cafed2e5bf937bb3,False,SAME_MINUTE_TIMES_AND_ECONOMIC_FIELDS,0
dup_c1dbf0922e4eab68,2,"DREA,補交易紀錄/20220307-d心急代價.csv|手動交易2024後策略較固定/2020含更久以前交易/statement.html",CSV|HTML,rec_cef74f4f39bffc2713bf|c_f3a3fe5c07723e3731b1,False,SAME_MINUTE_TIMES_AND_ECONOMIC_FIELDS,0
dup_2857eee4bf6d9ddc,2,"DREA,補交易紀錄/20220307-d心急代價.csv|手動交易2024後策略較固定/2020含更久以前交易/statement.html",CSV|HTML,rec_8bdec021a08b6647ee71|c_23689c9440b06cc2d67c,False,SAME_MINUTE_TIMES_AND_ECONOMIC_FIELDS,0
dup_d2b8ead3b9c1710a,2,"DREA,補交易紀錄/20220307-d心急代價.csv|手動交易2024後策略較固定/2020含更久以前交易/statement.html",CSV|HTML,rec_9a0ba68a2f29399e322e|c_14d6b0aae70a585f7b7b,False,SAME_MINUTE_TIMES_AND_ECONOMIC_FIELDS,0
dup_7e25cb34b5cde2fe,2,"DREA,補交易紀錄/20220307-d心急代價.csv|手動交易2024後策略較固定/2020含更久以前交易/statement.html",CSV|HTML,rec_a38a1eb4ada969edb75f|c_cb87b79cd257a2b6b01a,False,SAME_MINUTE_TIMES_AND_ECONOMIC_FIELDS,0
dup_1d16a1f572159062,2,"DREA,補交易紀錄/20220307-d心急代價.csv|手動交易2024後策略較固定/2020含更久以前交易/statement.html",CSV|HTML,rec_e1a61177cc2afdd7f4cf|c_f5900d21da1af1829820,False,SAME_MINUTE_TIMES_AND_ECONOMIC_FIELDS,0
dup_111faebc959f3fbe,2,"DREA,補交易紀錄/20220307-d心急代價.csv|手動交易2024後策略較固定/2020含更久以前交易/statement.html",CSV|HTML,rec_50d682212868326c5b94|c_71dad62830477effae08,False,SAME_MINUTE_TIMES_AND_ECONOMIC_FIELDS,0
dup_83430863af686a73,2,"DREA,補交易紀錄/20220307-d心急代價.csv|手動交易2024後策略較固定/2020含更久以前交易/statement.html",CSV|HTML,rec_33c87586d45f237b3d6d|c_a8485c0cea41ad78e4c7,False,SAME_MINUTE_TIMES_AND_ECONOMIC_FIELDS,0
dup_cbe045c64460f968,2,"DREA,補交易紀錄/20220307-d心急代價.csv|手動交易2024後策略較固定/2020含更久以前交易/statement.html",CSV|HTML,rec_a2c829f114ad20b15774|c_e1beec4ed558d1e7bd6e,False,SAME_MINUTE_TIMES_AND_ECONOMIC_FIELDS,0
dup_8878af029e854003,2,"DREA,補交易紀錄/20220307-d心急代價.csv|手動交易2024後策略較固定/2020含更久以前交易/statement.html",CSV|HTML,rec_ed8c4381784b7262ae5a|c_36d25b3072778117b4ee,False,SAME_MINUTE_TIMES_AND_ECONOMIC_FIELDS,0
dup_d18100bd03eb6d31,2,"DREA,補交易紀錄/20220307-d心急代價.csv|手動交易2024後策略較固定/2020含更久以前交易/statement.html",CSV|HTML,rec_d56ee9f0b5effa3ce512|c_d3a53aa65be50d7ea10a,False,SAME_MINUTE_TIMES_AND_ECONOMIC_FIELDS,0
dup_0d87d968f66dcc21,2,"DREA,補交易紀錄/20220307-d心急代價.csv|手動交易2024後策略較固定/2020含更久以前交易/statement.html",CSV|HTML,rec_d0939871f8c7f955b1d6|c_a580eeb8bf2d94457214,False,SAME_MINUTE_TIMES_AND_ECONOMIC_FIELDS,0
dup_b45567af1d665182,2,"DREA,補交易紀錄/20220307-d心急代價.csv|手動交易2024後策略較固定/2020含更久以前交易/statement.html",CSV|HTML,rec_b9cdaff285f7eef73e8e|c_aa787ebf8906066aed8a,False,SAME_MINUTE_TIMES_AND_ECONOMIC_FIELDS,0
dup_885316fcc580d2c8,2,"DREA,補交易紀錄/20220307-d心急代價.csv|手動交易2024後策略較固定/2020含更久以前交易/statement.html",CSV|HTML,rec_376487915623b33596dd|c_60a215d431dc90f59e85,False,SAME_MINUTE_TIMES_AND_ECONOMIC_FIELDS,0
dup_b05857d0dc95be4b,2,"DREA,補交易紀錄/2024-10-17 高績效 316倍 8交易日.csv|手動交易2024後策略較固定/模擬倉/statement (1).html",CSV|HTML,rec_d4717a953cb67bf2e27b|c_107a3ecff1f054f79aff,False,SAME_MINUTE_TIMES_AND_ECONOMIC_FIELDS,0
dup_4d7ac1c4343120a4,2,"DREA,補交易紀錄/2024-10-17 高績效 316倍 8交易日.csv|手動交易2024後策略較固定/模擬倉/statement (1).html",CSV|HTML,rec_95b59fec8e737b1f8726|c_a9a1170e44c9659a5b54,False,SAME_MINUTE_TIMES_AND_ECONOMIC_FIELDS,0
dup_ba3d529d766a06c0,2,"2025/2021-2024/2024/statement (3).html|DREA,補交易紀錄/2024-12 Hantec 手動.csv",CSV|HTML,rec_593d8a84b2c460dceafb|c_9e44c0405c5e24d5d832,False,SAME_MINUTE_TIMES_AND_ECONOMIC_FIELDS,0
dup_64d852917ea466f5,2,"2025/2021-2024/2024/statement (3).html|DREA,補交易紀錄/2024-12 Hantec 手動.csv",CSV|HTML,rec_626470c368861048431e|c_a3031fd03621ba1efb38,False,SAME_MINUTE_TIMES_AND_ECONOMIC_FIELDS,0
dup_f03efc54c9ffc466,2,"2025/2021-2024/2024/statement (3).html|DREA,補交易紀錄/2024-12 Hantec 手動.csv",CSV|HTML,rec_c737e3619be5fb19bd1e|c_66050df95e70729176c5,False,SAME_MINUTE_TIMES_AND_ECONOMIC_FIELDS,0
dup_81a1e89eb48eca12,2,"2025/2021-2024/2024/statement (3).html|DREA,補交易紀錄/2024-12 Hantec 手動.csv",CSV|HTML,rec_56b735bd9d4967767303|c_f55e144ac576cf2f1291,False,SAME_MINUTE_TIMES_AND_ECONOMIC_FIELDS,0
dup_3a3930812f3b2846,2,"2025/2021-2024/2024/statement (3).html|DREA,補交易紀錄/2024-12 Hantec 手動.csv",CSV|HTML,rec_90db0252ab39ecb9a3ff|c_0095acda27383220d8f2,False,SAME_MINUTE_TIMES_AND_ECONOMIC_FIELDS,0
dup_08bdf76bf48d18ad,2,"2025/2021-2024/2024/statement (3).html|DREA,補交易紀錄/2024-12 Hantec 手動.csv",CSV|HTML,rec_f43c0bb87b550e0953fa|c_de86f3247cac3a4dbac0,False,SAME_MINUTE_TIMES_AND_ECONOMIC_FIELDS,0
dup_d765e16cb0572156,2,"2025/2021-2024/2024/statement (3).html|DREA,補交易紀錄/2024-12 Hantec 手動.csv",CSV|HTML,rec_23cd3924407992b9b001|c_d4b1e2dafc97ff881083,False,SAME_MINUTE_TIMES_AND_ECONOMIC_FIELDS,0
dup_962967ad3a7fdca2,2,"2025/2021-2024/2024/statement (3).html|DREA,補交易紀錄/2024-12 Hantec 手動.csv",CSV|HTML,rec_0b049f322b7f8c4ad3b1|c_fbac4aae520719b3a5e1,False,SAME_MINUTE_TIMES_AND_ECONOMIC_FIELDS,0
dup_05add5d73e193122,2,"2025/2021-2024/2024/statement (3).html|DREA,補交易紀錄/2024-12 Hantec 手動.csv",CSV|HTML,rec_87a7de6e57bc1295154d|c_179c79ee849561ab79f3,False,SAME_MINUTE_TIMES_AND_ECONOMIC_FIELDS,0
dup_6553e2c33723b0af,2,"2025/2021-2024/2024/statement (3).html|DREA,補交易紀錄/2024-12 Hantec 手動.csv",CSV|HTML,rec_470f7635268e33481439|c_39009c9b153bc63158f2,False,SAME_MINUTE_TIMES_AND_ECONOMIC_FIELDS,0
dup_9f7e3eccd4ad6703,2,"2025/2021-2024/2024/statement (3).html|DREA,補交易紀錄/2024-12 Hantec 手動.csv",CSV|HTML,rec_b33a06683fa77a2fab68|c_d89d14efa8cdb8cba718,False,SAME_MINUTE_TIMES_AND_ECONOMIC_FIELDS,0
dup_54c4ee386f352b73,2,"2025/2021-2024/2024/statement (3).html|DREA,補交易紀錄/2024-12 Hantec 手動.csv",CSV|HTML,rec_a77a080514a605bd244e|c_9154a6888921088256fc,False,SAME_MINUTE_TIMES_AND_ECONOMIC_FIELDS,0
dup_9eebfafba5f25076,2,"2025/2021-2024/2024/statement (3).html|DREA,補交易紀錄/2024-12 Hantec 手動.csv",CSV|HTML,rec_3e1fa17fc68594291147|c_d399c32c01bcb5d19057,False,SAME_MINUTE_TIMES_AND_ECONOMIC_FIELDS,0
dup_6ce1bef0604cef43,2,"2025/2021-2024/2024/statement (3).html|DREA,補交易紀錄/2024-12 Hantec 手動.csv",CSV|HTML,rec_0b4bc89ff78e2294b989|c_088a6097b47533b39c9a,False,SAME_MINUTE_TIMES_AND_ECONOMIC_FIELDS,0
dup_76d4979d173134c6,2,"2025/2021-2024/2024/statement (3).html|DREA,補交易紀錄/2024-12 Hantec 手動.csv",CSV|HTML,rec_e2864e09a6be564c66bc|c_3f2e51723391bff53d6b,False,SAME_MINUTE_TIMES_AND_ECONOMIC_FIELDS,0
dup_736ab04c78094835,2,"2025/2021-2024/2024/statement (3).html|DREA,補交易紀錄/2024-12 Hantec 手動.csv",CSV|HTML,rec_7fdf6901fda3479f2015|c_02d46ffb92c55aeaf27d,False,SAME_MINUTE_TIMES_AND_ECONOMIC_FIELDS,0
dup_0df65bf7099fcc46,2,"2025/2021-2024/2024/statement (3).html|DREA,補交易紀錄/2024-12 Hantec 手動.csv",CSV|HTML,rec_0ab8a669f84fd71a08a2|c_e9a9d7c7b758e0732bd2,False,SAME_MINUTE_TIMES_AND_ECONOMIC_FIELDS,0
dup_3d1e8ec11e4707c6,2,"2025/2021-2024/2024/statement (3).html|DREA,補交易紀錄/2024-12 Hantec 手動.csv",CSV|HTML,rec_6e05abe6b3367a6b7619|c_e775a099243c6430ab65,False,SAME_MINUTE_TIMES_AND_ECONOMIC_FIELDS,0
dup_44867b424e4fb508,2,"2025/2021-2024/2024/statement (3).html|DREA,補交易紀錄/2024-12 Hantec 手動.csv",CSV|HTML,rec_9a3adabbed2a93d2e7f3|c_a9a3faedee5b0d98ff1b,False,SAME_MINUTE_TIMES_AND_ECONOMIC_FIELDS,0
dup_ff5b027b6efb3708,2,"2025/2021-2024/2024/statement (3).html|DREA,補交易紀錄/2024-12 Hantec 手動.csv",CSV|HTML,rec_5009f0ce9c08d3b47bb8|c_7c784ca34112a43cc7e5,False,SAME_MINUTE_TIMES_AND_ECONOMIC_FIELDS,0
dup_f6f1a9c631f8b685,2,"2025/2021-2024/2024/statement (3).html|DREA,補交易紀錄/2024-12 Hantec 手動.csv",CSV|HTML,rec_9f9f70b5cc006b003c39|c_6eee21190d583d8d5e59,False,SAME_MINUTE_TIMES_AND_ECONOMIC_FIELDS,0
dup_0db5a08611687c2e,2,"2025/2021-2024/2024/statement (3).html|DREA,補交易紀錄/2024-12 Hantec 手動.csv",CSV|HTML,rec_a3b7a891909891aec829|c_5d7ff2f1d58787168cdf,False,SAME_MINUTE_TIMES_AND_ECONOMIC_FIELDS,0
dup_34eb30717ffb7ae4,2,"2025/2021-2024/2024/statement (3).html|DREA,補交易紀錄/2024-12 Hantec 手動.csv",CSV|HTML,rec_d1623b190ccbdf3cb159|c_b9c01ecca143497866c7,False,SAME_MINUTE_TIMES_AND_ECONOMIC_FIELDS,0
dup_232ffb763c66d511,2,"2025/2021-2024/2024/statement (3).html|DREA,補交易紀錄/2024-12 Hantec 手動.csv",CSV|HTML,rec_508c86d680466a8d0b74|c_507a40d6ae6905619383,False,SAME_MINUTE_TIMES_AND_ECONOMIC_FIELDS,0
dup_49b49c6c606ce28f,2,"2025/2021-2024/2024/statement (3).html|DREA,補交易紀錄/2024-12 Hantec 手動.csv",CSV|HTML,rec_2016197bc9f857742ee3|c_fe7d66d9907a1feb4bac,False,SAME_MINUTE_TIMES_AND_ECONOMIC_FIELDS,0
dup_05e766bbdeccd696,2,"2025/2021-2024/2024/statement (3).html|DREA,補交易紀錄/2024-12 Hantec 手動.csv",CSV|HTML,rec_8b6c47eb35070aa62835|c_dd044ccb0026df2cadbe,False,SAME_MINUTE_TIMES_AND_ECONOMIC_FIELDS,0
dup_91f060e6d3c1f423,2,"2025/2021-2024/2024/statement (3).html|DREA,補交易紀錄/2024-12 Hantec 手動.csv",CSV|HTML,rec_08267736d77d9d9dc3a7|c_3ef72e0acf46e3c3cabd,False,SAME_MINUTE_TIMES_AND_ECONOMIC_FIELDS,0
dup_a6d31020ae9fadb6,2,"2025/2021-2024/2024/statement (3).html|DREA,補交易紀錄/2024-12 Hantec 手動.csv",CSV|HTML,rec_0c9770e1dbae5666cb20|c_8c9cf08d1792b04888b6,False,SAME_MINUTE_TIMES_AND_ECONOMIC_FIELDS,0
dup_51aff1420f964b11,2,"2025/statement (5).html|DREA,補交易紀錄/2025 手動.csv",CSV|HTML,rec_aa8d0e85f2f4e4c7f326|c_10c515fa8ccbef94bd34,False,SAME_MINUTE_TIMES_AND_ECONOMIC_FIELDS,0
dup_efa8ff8437615d8e,2,"2025/statement (5).html|DREA,補交易紀錄/2025 手動.csv",CSV|HTML,rec_ff8639158da285af4721|c_f9c777a38a1d1372f3b2,False,SAME_MINUTE_TIMES_AND_ECONOMIC_FIELDS,0
dup_7b537bc348dcb0e7,2,"2025/statement (5).html|DREA,補交易紀錄/2025 手動.csv",CSV|HTML,rec_23472de28c9d18766f40|c_a9e5045a11578978a375,False,SAME_MINUTE_TIMES_AND_ECONOMIC_FIELDS,0
dup_902f02816b051f5f,2,"2025/statement (5).html|DREA,補交易紀錄/2025 手動.csv",CSV|HTML,rec_eda9650b6f869b9c1424|c_afdc78005e5af01e8063,False,SAME_MINUTE_TIMES_AND_ECONOMIC_FIELDS,0
dup_4f7c38a9a6c06536,2,"2025/statement (5).html|DREA,補交易紀錄/2025 手動.csv",CSV|HTML,rec_5c340441c16b31f5bc7e|c_b8674929b7c1a0ab9494,False,SAME_MINUTE_TIMES_AND_ECONOMIC_FIELDS,0
dup_5abbd6784ce6dbc7,2,"2025/2021-2024/2024/statement.html|DREA,補交易紀錄/2024-12 ~績效.csv",CSV|HTML,rec_5616e20d457b42f2afc5|c_6278fafa7a49d2c969af,False,SAME_MINUTE_TIMES_AND_ECONOMIC_FIELDS,0
dup_cb02d5adaef29b10,2,"2025/statement (4).html|DREA,補交易紀錄/2025-01~02.csv",CSV|HTML,rec_922b678e9cef9ba14a0c|c_26887c4921369cbc4d8c,False,SAME_MINUTE_TIMES_AND_ECONOMIC_FIELDS,0
dup_7a80b0bd710f5945,2,"2025/2021-2024/2024/statement.html|DREA,補交易紀錄/2024-12 ~績效.csv",CSV|HTML,rec_194f435ed0d2ebcf818e|c_39841cd8d62e594063f7,False,SAME_MINUTE_TIMES_AND_ECONOMIC_FIELDS,0
dup_618e593a7ab35e69,2,"2025/2021-2024/2024/statement.html|DREA,補交易紀錄/2024-12 ~績效.csv",CSV|HTML,rec_f940dadea3d8c0d375cd|c_c1aa6b3d34eefed42122,False,SAME_MINUTE_TIMES_AND_ECONOMIC_FIELDS,0
dup_c437f5efe3859a8d,2,"2025/2021-2024/2024/statement.html|DREA,補交易紀錄/2024-12 ~績效.csv",CSV|HTML,rec_efa8a8ddf12603b461d6|c_9712173c0c76bab4b32b,False,SAME_MINUTE_TIMES_AND_ECONOMIC_FIELDS,0
dup_2b9cd8d30a5ecad7,2,"2025/statement (3).html|DREA,補交易紀錄/2025-02~.csv",CSV|HTML,rec_9010cd89f7b357f4840a|c_d9d2252c9f607239e23b,False,SAME_MINUTE_TIMES_AND_ECONOMIC_FIELDS,0
dup_1025b31a52b0c03b,2,"2025/statement (3).html|DREA,補交易紀錄/2025-02~.csv",CSV|HTML,rec_c31db5f5ec6d8df6dffe|c_1219a1b6d7fb724d16a7,False,SAME_MINUTE_TIMES_AND_ECONOMIC_FIELDS,0
dup_e624aacdc4cabf3b,2,"2025/statement (3).html|DREA,補交易紀錄/2025-02~.csv",CSV|HTML,rec_182d9c0c03bde2ecbd7f|c_98eb1da7067c0cd5f073,False,SAME_MINUTE_TIMES_AND_ECONOMIC_FIELDS,0
dup_fad5b627970d1a41,2,"2025/statement (3).html|DREA,補交易紀錄/2025-02~.csv",CSV|HTML,rec_4450913f2051ce06f0f3|c_db2cf7372755461191e4,False,SAME_MINUTE_TIMES_AND_ECONOMIC_FIELDS,0
dup_a41687badce63049,2,"2025/statement (3).html|DREA,補交易紀錄/2025-02~.csv",CSV|HTML,rec_f75475ce9b77eb418c6f|c_d4b31c3b758ed43c9e31,False,SAME_MINUTE_TIMES_AND_ECONOMIC_FIELDS,0
dup_e8a06a1e8567b871,2,"2025/statement (3).html|DREA,補交易紀錄/2025-02~.csv",CSV|HTML,rec_eb52353eb00be43edb09|c_cb7452b196edb24e0869,False,SAME_MINUTE_TIMES_AND_ECONOMIC_FIELDS,0
dup_b40ec337c5d47c3f,2,"2025/statement (3).html|DREA,補交易紀錄/2025-02~.csv",CSV|HTML,rec_718fa8b5f585352f4c56|c_0bbf6e95dc554974a26b,False,SAME_MINUTE_TIMES_AND_ECONOMIC_FIELDS,0
dup_7e40bd0081d9578c,2,"2025/statement (3).html|DREA,補交易紀錄/2025-02~.csv",CSV|HTML,rec_149da271e2e2445811be|c_be1973d4ab2ee66ec4d4,False,SAME_MINUTE_TIMES_AND_ECONOMIC_FIELDS,0
dup_31fc1fa9ba4398eb,2,"2025/statement (3).html|DREA,補交易紀錄/2025-02~.csv",CSV|HTML,rec_32d2229513cb552b40e6|c_3303fe992c8d268be025,False,SAME_MINUTE_TIMES_AND_ECONOMIC_FIELDS,0
dup_f267a3889f54c3e5,2,"2025/statement (3).html|DREA,補交易紀錄/2025-02~.csv",CSV|HTML,rec_72eb4f04c2ea8ff1090f|c_350516b3d0e2eb036512,False,SAME_MINUTE_TIMES_AND_ECONOMIC_FIELDS,0
dup_4514f02534244b28,2,"2025/statement (3).html|DREA,補交易紀錄/2025-02~.csv",CSV|HTML,rec_88a217421111a2a07e82|c_6ed60079497e88c022fe,False,SAME_MINUTE_TIMES_AND_ECONOMIC_FIELDS,0
dup_a175271744d3f9c5,2,"2025/statement (3).html|DREA,補交易紀錄/2025-02~.csv",CSV|HTML,rec_aea473d059f8bb48e648|c_1c8f2227bfd565fe8ba9,False,SAME_MINUTE_TIMES_AND_ECONOMIC_FIELDS,0
dup_3f3187d1b1f9f8b4,2,"2025/statement (3).html|DREA,補交易紀錄/2025-02~.csv",CSV|HTML,rec_875a1dfe77ae85660a47|c_5f51fb0742b1d9b4969c,False,SAME_MINUTE_TIMES_AND_ECONOMIC_FIELDS,0
dup_f866b911057740d9,2,"2025/statement (3).html|DREA,補交易紀錄/2025-02~.csv",CSV|HTML,rec_da4585055012c7959e85|c_86c5d42a39052acfd8b5,False,SAME_MINUTE_TIMES_AND_ECONOMIC_FIELDS,0
dup_c4b2424c5409c490,2,"2025/statement (3).html|DREA,補交易紀錄/2025-02~.csv",CSV|HTML,rec_c5aae5ba7dbdb33999b5|c_04c509c41d38bbc20b41,False,SAME_MINUTE_TIMES_AND_ECONOMIC_FIELDS,0
dup_e551552ec243db90,2,"2025/statement (3).html|DREA,補交易紀錄/2025-02~.csv",CSV|HTML,rec_55053dd4a12289b0116e|c_64d07d58cc959eb2cc4d,False,SAME_MINUTE_TIMES_AND_ECONOMIC_FIELDS,0
dup_a24533b900664ec4,2,"2025/statement (3).html|DREA,補交易紀錄/2025-02~.csv",CSV|HTML,rec_20c149f740bd927e7f2e|c_5bb1ad30d50d565c0d89,False,SAME_MINUTE_TIMES_AND_ECONOMIC_FIELDS,0
dup_d8436ebc8f56b687,2,"2025/statement (3).html|DREA,補交易紀錄/2025-02~.csv",CSV|HTML,rec_881dde10e7913f88fe22|c_de033a3a085b2ba9f5b6,False,SAME_MINUTE_TIMES_AND_ECONOMIC_FIELDS,0
dup_26cf45e00d613207,2,"2025/statement (3).html|DREA,補交易紀錄/2025-02~.csv",CSV|HTML,rec_0dce32f5d5cd64067654|c_675a26ff9357568d5ed5,False,SAME_MINUTE_TIMES_AND_ECONOMIC_FIELDS,0
dup_ab4242c9d5035097,2,"2025/statement (3).html|DREA,補交易紀錄/2025-02~.csv",CSV|HTML,rec_fc5c7667fc321b3f6eec|c_1406d7b12a32e670ef89,False,SAME_MINUTE_TIMES_AND_ECONOMIC_FIELDS,0
dup_c42c905232eb5066,2,"2025/statement (3).html|DREA,補交易紀錄/2025-02~.csv",CSV|HTML,rec_60d511110f9a43ab2420|c_cb675a2f29eaaf1c526a,False,SAME_MINUTE_TIMES_AND_ECONOMIC_FIELDS,0
dup_54a153807957e612,2,"2025/statement (3).html|DREA,補交易紀錄/2025-02~.csv",CSV|HTML,rec_68741edead4944817081|c_0334241c2a73897228b9,False,SAME_MINUTE_TIMES_AND_ECONOMIC_FIELDS,0
dup_d87111b02a378d4b,2,"2025/statement (3).html|DREA,補交易紀錄/2025-02~.csv",CSV|HTML,rec_e0068d835fe9eadc5282|c_02cfd672ee10fba1b05f,False,SAME_MINUTE_TIMES_AND_ECONOMIC_FIELDS,0
dup_44e1065c7da12f07,2,"2025/statement (2).html|DREA,補交易紀錄/英諾 202505.csv",CSV|HTML,rec_b0fe572f92eee6c8c910|c_db9836c6847942fc9239,False,SAME_MINUTE_TIMES_AND_ECONOMIC_FIELDS,0
dup_a6a303f64370cbd4,2,"2025/statement (2).html|DREA,補交易紀錄/英諾 202505.csv",CSV|HTML,rec_a766a3136b362d537c2d|c_3db078dd6b418779f442,False,SAME_MINUTE_TIMES_AND_ECONOMIC_FIELDS,0
dup_54852b574a3e0312,2,"2025/statement (2).html|DREA,補交易紀錄/英諾 202505.csv",CSV|HTML,rec_4d161a3c1a5cf8155a88|c_43bc67276bbd90ffd51d,False,SAME_MINUTE_TIMES_AND_ECONOMIC_FIELDS,0
dup_c5559295297adfa5,2,"2025/statement (2).html|DREA,補交易紀錄/英諾 202505.csv",CSV|HTML,rec_af38daa6bb7c40086906|c_1d522413a94a055c41de,False,SAME_MINUTE_TIMES_AND_ECONOMIC_FIELDS,0
dup_79b13d5feb093c4d,2,"2025/statement (2).html|DREA,補交易紀錄/英諾 202505.csv",CSV|HTML,rec_881cd11b7081cf82bd7b|c_1bd0e7e77e9226bf24c2,False,SAME_MINUTE_TIMES_AND_ECONOMIC_FIELDS,0
dup_50cc19d3c0a54c1c,2,"2025/statement (2).html|DREA,補交易紀錄/英諾 202505.csv",CSV|HTML,rec_f558c600f53f3308a716|c_f63f812472d7bf8f82f3,False,SAME_MINUTE_TIMES_AND_ECONOMIC_FIELDS,0
dup_a191cb41baf84db7,2,"2025/statement (2).html|DREA,補交易紀錄/英諾 202505.csv",CSV|HTML,rec_df3867d94a78d5cead93|c_989052692db0ccecfff1,False,SAME_MINUTE_TIMES_AND_ECONOMIC_FIELDS,0
dup_47d11bd63f4e9860,2,"2025/statement (1).html|DREA,補交易紀錄/INFINOX 8月.csv",CSV|HTML,rec_ed7cbbc51c3c67cb61db|c_f03f02c6b091b7beca05,False,SAME_MINUTE_TIMES_AND_ECONOMIC_FIELDS,0
dup_5842edf813ab8651,2,"2025/statement (1).html|DREA,補交易紀錄/INFINOX 8月.csv",CSV|HTML,rec_249375d2832379faab63|c_4a7f59ba69a5d55dd5e0,False,SAME_MINUTE_TIMES_AND_ECONOMIC_FIELDS,0
dup_b216fee11ec4b522,2,"2025/statement (1).html|DREA,補交易紀錄/INFINOX 8月.csv",CSV|HTML,rec_74e177b15dcac62444f7|c_52a340ac9dd2762d5533,False,SAME_MINUTE_TIMES_AND_ECONOMIC_FIELDS,0
dup_b92b6d07d3b80af7,2,"2025/statement (1).html|DREA,補交易紀錄/INFINOX 8月.csv",CSV|HTML,rec_f0256273fe4026d90c79|c_6efc3ece0090da63794e,False,SAME_MINUTE_TIMES_AND_ECONOMIC_FIELDS,0
dup_b213f62e06f97f9a,2,"2025/statement.html|DREA,補交易紀錄/INFINOX 8月 較積極.csv",CSV|HTML,rec_a03d1ac19874521e1014|c_6588ebcdbe5819f24168,False,SAME_MINUTE_TIMES_AND_ECONOMIC_FIELDS,0
dup_20a1db9e41901b70,2,"2025/statement (1).html|DREA,補交易紀錄/INFINOX 8月.csv",CSV|HTML,rec_ef4e4d58a79c48d029c6|c_c6687b2a6979967474f2,False,SAME_MINUTE_TIMES_AND_ECONOMIC_FIELDS,0
dup_d1ad55d856dbf3ef,2,"2025/statement.html|DREA,補交易紀錄/INFINOX 8月 較積極.csv",CSV|HTML,rec_083b601e9a9353fa1885|c_20b65af632063f7088b8,False,SAME_MINUTE_TIMES_AND_ECONOMIC_FIELDS,0
dup_85e63fb900aad3b5,2,"2025/statement.html|DREA,補交易紀錄/INFINOX 8月 較積極.csv",CSV|HTML,rec_5a140d8bfe1f2a673f7c|c_0f03ce79a083ec864315,False,SAME_MINUTE_TIMES_AND_ECONOMIC_FIELDS,0
dup_a499ddd6508ab417,2,"2025/statement (1).html|DREA,補交易紀錄/INFINOX 8月.csv",CSV|HTML,rec_0bd42ec9ceb60d4da5ed|c_f33d098b7729367129f8,False,SAME_MINUTE_TIMES_AND_ECONOMIC_FIELDS,0
dup_a757b5726419e077,2,"2025/statement.html|DREA,補交易紀錄/INFINOX 8月 較積極.csv",CSV|HTML,rec_f8edcbde1ce29dcef356|c_847b6717c6103bf506a4,False,SAME_MINUTE_TIMES_AND_ECONOMIC_FIELDS,0
dup_4808bf8bd45b6e48,2,"2025/statement.html|DREA,補交易紀錄/INFINOX 8月 較積極.csv",CSV|HTML,rec_9d40a7d6c80b3538b0bc|c_457d4ace21805c8f9dc2,False,SAME_MINUTE_TIMES_AND_ECONOMIC_FIELDS,0
dup_a6fc6de82463c947,2,"2025/statement (1).html|DREA,補交易紀錄/INFINOX 8月.csv",CSV|HTML,rec_04faff848e046b1a7afa|c_dcf677ee1e7eea16f37f,False,SAME_MINUTE_TIMES_AND_ECONOMIC_FIELDS,0
dup_b06074ada59ef644,2,"2025/statement.html|DREA,補交易紀錄/INFINOX 8月 較積極.csv",CSV|HTML,rec_087a677003581d2fa13b|c_19f2a601482ba7ac6a5e,False,SAME_MINUTE_TIMES_AND_ECONOMIC_FIELDS,0
dup_5f6164e0628158db,2,"2025/statement (1).html|DREA,補交易紀錄/INFINOX 8月.csv",CSV|HTML,rec_e71879f9351c48c926c7|c_622fa35ed363e6802c6e,False,SAME_MINUTE_TIMES_AND_ECONOMIC_FIELDS,0
dup_4f00444c2dfa8a48,2,"2025/statement.html|DREA,補交易紀錄/INFINOX 8月 較積極.csv",CSV|HTML,rec_9d2befc30d175026ffcf|c_8cdb29ff3c145fc26c21,False,SAME_MINUTE_TIMES_AND_ECONOMIC_FIELDS,0
dup_01e69c83de7cb689,2,"2025/statement.html|DREA,補交易紀錄/INFINOX 8月 較積極.csv",CSV|HTML,rec_7730227365250d1cbe83|c_77e34daaca552ac9eefd,False,SAME_MINUTE_TIMES_AND_ECONOMIC_FIELDS,0
dup_4e894ded1b924ff7,2,"2025/statement (1).html|DREA,補交易紀錄/INFINOX 8月.csv",CSV|HTML,rec_3c2323fb71fec441ea3d|c_e4dcb373fbbc6fbab541,False,SAME_MINUTE_TIMES_AND_ECONOMIC_FIELDS,0
dup_51eb20609e5c58ad,2,"2025/statement.html|DREA,補交易紀錄/INFINOX 8月 較積極.csv",CSV|HTML,rec_1470b2f532b92e6bc98e|c_6fe609da0af6bd194e8d,False,SAME_MINUTE_TIMES_AND_ECONOMIC_FIELDS,0
dup_a59ab29b97b708bd,2,"2025/statement.html|DREA,補交易紀錄/INFINOX 8月 較積極.csv",CSV|HTML,rec_55d4c96cc7204debf2fe|c_501a5adb59c5e34e8fa6,False,SAME_MINUTE_TIMES_AND_ECONOMIC_FIELDS,0
dup_50bb0beab49ee81e,2,"2025/statement.html|DREA,補交易紀錄/INFINOX 8月 較積極.csv",CSV|HTML,rec_4d2eec05795902e199bf|c_5330bb9d2c5b2d51fceb,False,SAME_MINUTE_TIMES_AND_ECONOMIC_FIELDS,0
dup_f675893aad301005,2,"2025/statement (1).html|DREA,補交易紀錄/INFINOX 8月.csv",CSV|HTML,rec_3860693754280c8ebae3|c_91d97ad9f2be966c5d00,False,SAME_MINUTE_TIMES_AND_ECONOMIC_FIELDS,0
dup_4b2437f5291caff2,2,"2025/statement.html|DREA,補交易紀錄/INFINOX 8月 較積極.csv",CSV|HTML,rec_3af50392903a144af59f|c_f005788b5e848e6dd570,False,SAME_MINUTE_TIMES_AND_ECONOMIC_FIELDS,0
